1671349991.751000,45.322231,6.538469,1871.000000,56.0,0.153405,14.8,47.2
1671349994.517000,45.322236,6.538475,1871.000000,45.9,0.213071,19.5,47.2
1671350049.956000,45.322755,6.539072,1867.670877,39.4,7.759684,50.1,82.5
1671350054.963000,45.322899,6.539252,1861.153803,39.9,6.348537,49.9,25.3
1671350059.982000,45.323081,6.539467,1854.815372,39.8,5.759413,49.6,98.4
1671350068.796000,45.323078,6.539667,1841.836177,53.9,3.216328,49.7,295.0
1671350073.824000,45.322824,6.539564,1836.576755,99.4,1.424843,49.8,142.0
1671350080.162000,45.322121,6.539099,1836.315628,199.4,8.293215,49.8,140.9
1671350083.887000,45.321687,6.538944,1836.370866,196.3,10.180775,49.9,137.6
1671350109.125000,45.321772,6.539003,1836.519005,14.7,0.365219,49.6,142.1
1671350134.267000,45.320761,6.543233,1836.529049,-1.0,-1.000000,49.8,1900.0
1671350140.607000,45.323549,6.538123,1834.934798,-1.0,-1.000000,49.1,104.1
1671350145.731000,45.323243,6.538504,1834.708866,139.3,3.228972,49.9,96.2
1671350146.343000,45.322930,6.538770,1834.708866,113.9,0.924342,49.9,88.8
1671350147.542000,45.322610,6.539034,1834.796728,103.6,0.422039,49.9,79.6
1671350148.142000,45.322317,6.539290,1834.771624,65.5,0.504535,49.9,67.2
1671350149.343000,45.322244,6.539367,1834.708866,69.1,0.460243,49.9,47.4
1671350344.568000,45.322337,6.539466,1864.300049,18.3,2.380278,8.3,5.4
1671350346.288000,45.322442,6.539508,1864.300049,17.8,3.079823,8.3,6.1
1671350348.568000,45.322538,6.539534,1864.300049,12.7,3.259490,8.3,7.2
1671350351.568000,45.322674,6.539529,1862.442529,354.3,3.389000,8.4,7.2
1671350353.847000,45.322758,6.539416,1861.296256,309.0,3.837379,8.4,7.0
1671350356.007000,45.322780,6.539259,1859.547345,292.3,4.105556,8.4,6.8
1671350358.408000,45.322817,6.539100,1856.835618,292.9,4.448980,8.5,6.7
1671350360.128000,45.322851,6.538978,1856.120830,290.1,4.797252,8.5,7.5
1671350363.570000,45.322833,6.538800,1852.312155,259.3,3.979279,8.5,10.0
1671350367.492000,45.322744,6.538708,1852.625510,219.8,0.909861,8.5,9.3
1671350483.715000,45.322669,6.538781,1872.500000,197.0,0.456982,3.6,8.0
1671350499.234000,45.322578,6.538791,1871.700073,-1.0,0.062804,3.7,8.7
1671350529.111000,45.322496,6.538848,1873.599976,51.3,0.162427,4.2,4.1
1671350601.548000,45.322560,6.538940,1870.599976,119.7,0.253623,6.9,4.2
1671350607.540000,45.322606,6.539061,1872.500000,54.0,3.326260,5.7,4.6
1671350609.871000,45.322660,6.539185,1872.500000,53.0,4.084191,5.7,4.8
1671350612.074000,45.322712,6.539305,1872.500000,52.6,4.207911,5.6,5.7
1671350615.554000,45.322778,6.539459,1881.676108,54.3,4.091756,7.5,6.9
1671350619.537000,45.322842,6.539605,1893.100256,58.2,3.901076,5.0,6.8
1671350621.858000,45.322897,6.539714,1898.206461,53.1,3.941891,5.3,6.6
1671350624.137000,45.322952,6.539825,1900.578438,54.2,4.026614,4.8,6.7
1671350627.137000,45.323017,6.539956,1902.107426,55.5,4.093901,7.6,6.7
1671350629.419000,45.323074,6.540057,1903.616929,53.1,4.232222,7.0,6.5
1671350632.337000,45.323142,6.540196,1906.063637,54.6,4.258078,6.5,6.3
1671350635.547000,45.323219,6.540342,1908.616554,56.0,4.316672,5.1,6.3
1671350638.556000,45.323290,6.540479,1911.828031,54.0,4.329484,5.4,4.5
1671350641.540000,45.323359,6.540614,1915.060460,52.0,4.336725,6.5,3.6
1671350644.531000,45.323424,6.540744,1918.589238,55.0,4.362631,6.5,3.2
1671350646.551000,45.323478,6.540847,1919.406073,53.0,4.395867,5.2,3.4
1671350649.552000,45.323550,6.540986,1920.664253,52.0,4.413806,5.9,3.9
1671350652.564000,45.323619,6.541122,1922.625995,55.0,4.413632,7.3,3.5
1671350655.550000,45.323690,6.541255,1924.888735,54.0,4.416655,9.1,3.2
1671350658.541000,45.323760,6.541397,1927.076374,53.0,4.433126,8.9,3.4
1671350661.543000,45.323829,6.541536,1929.737392,55.0,4.428168,5.8,3.6
1671350664.541000,45.323897,6.541671,1932.806871,55.0,4.409824,5.3,3.9
1671350667.527000,45.323966,6.541810,1936.355546,53.0,4.403543,4.2,3.9
1671350670.546000,45.324035,6.541950,1939.334591,54.0,4.421628,8.8,3.1
1671350673.539000,45.324105,6.542090,1943.071459,54.0,4.398350,8.9,2.6
1671350675.557000,45.324160,6.542198,1946.062191,52.0,4.371006,9.5,3.0
1671350678.548000,45.324214,6.542305,1949.917615,55.0,4.349241,6.5,3.2
1671350680.570000,45.324274,6.542417,1952.448943,53.0,4.331731,7.1,3.0
1671350683.547000,45.324331,6.542530,1957.183317,53.0,4.312723,6.5,2.7
1671350686.540000,45.324395,6.542653,1961.605464,55.0,4.278891,6.0,3.3
1671350689.546000,45.324461,6.542781,1967.153848,55.0,4.252267,8.1,3.5
1671350692.548000,45.324520,6.542896,1972.358291,52.8,4.235174,8.2,2.7
1671350695.548000,45.324593,6.543042,1977.923517,53.0,4.225862,5.1,2.8
1671350698.543000,45.324662,6.543174,1982.848586,55.0,4.204819,5.0,3.5
1671350701.528000,45.324726,6.543302,1988.518792,54.0,4.174615,5.2,3.6
1671350704.555000,45.324788,6.543430,1994.484375,54.0,4.145062,6.3,3.9
1671350707.532000,45.324849,6.543554,2001.560110,54.0,4.126429,7.4,3.5
1671350710.543000,45.324910,6.543679,2007.315037,54.0,4.097965,6.3,3.1
1671350713.540000,45.324970,6.543803,2013.278460,53.0,4.067902,6.1,3.1
1671350716.536000,45.325031,6.543924,2019.423729,54.0,4.032082,5.3,3.1
1671350719.544000,45.325091,6.544043,2026.491160,54.0,4.008523,5.3,3.7
1671350722.536000,45.325158,6.544175,2032.562791,53.0,4.074226,6.4,3.3
1671350725.537000,45.325224,6.544311,2036.548692,54.0,4.135694,6.8,3.0
1671350728.532000,45.325288,6.544440,2040.865129,54.0,4.156556,6.6,3.0
1671350731.538000,45.325354,6.544571,2046.324800,55.0,4.183784,6.2,3.3
1671350734.550000,45.325426,6.544710,2051.231882,53.0,4.209731,5.9,2.8
1671350737.545000,45.325486,6.544834,2056.406367,54.0,4.207174,5.2,2.7
1671350739.550000,45.325539,6.544938,2059.291958,54.0,4.211827,7.1,2.9
1671350742.543000,45.325598,6.545052,2064.676676,54.0,4.192165,7.3,3.1
1671350745.548000,45.325663,6.545176,2070.701368,55.0,4.171731,6.9,4.8
1671350748.540000,45.325730,6.545305,2076.043810,54.0,4.144816,6.4,4.8
1671350751.541000,45.325797,6.545437,2082.608749,53.0,4.128900,6.6,3.9
1671350754.550000,45.325866,6.545574,2088.759493,54.0,4.098513,6.5,3.6
1671350757.539000,45.325924,6.545688,2095.170193,55.0,4.083942,5.5,3.6
1671350760.543000,45.325989,6.545814,2101.805851,53.0,4.044045,7.3,2.8
1671350763.535000,45.326051,6.545927,2108.891608,55.0,4.011287,7.8,3.3
1671350766.537000,45.326118,6.546049,2115.106973,54.0,3.980765,4.0,3.9
1671350769.538000,45.326182,6.546168,2123.154558,54.0,3.958759,6.4,3.9
1671350772.544000,45.326251,6.546298,2129.951915,54.0,3.933795,5.9,3.9
1671350775.532000,45.326311,6.546418,2136.685702,54.0,3.899199,6.7,3.9
1671350778.553000,45.326366,6.546530,2144.795499,55.0,3.871432,6.9,3.9
1671350781.617000,45.326426,6.546652,2151.724441,54.0,3.851043,7.5,3.1
1671350784.565000,45.326486,6.546775,2159.130240,54.1,3.817310,8.4,3.1
1671350788.555000,45.326555,6.546914,2169.581270,54.0,3.742316,5.8,2.9
1671350791.527000,45.326619,6.547041,2177.633668,55.0,3.840739,4.5,3.2
1671350794.566000,45.326688,6.547179,2183.215451,54.0,3.909531,5.8,3.9
1671350797.551000,45.326746,6.547299,2188.450665,54.0,3.960786,6.6,3.2
1671350800.545000,45.326811,6.547432,2194.501740,54.0,3.998403,8.0,2.9
1671350803.530000,45.326872,6.547557,2200.341543,55.0,4.022041,9.0,3.2
1671350806.549000,45.326933,6.547684,2206.169809,54.0,4.007153,8.4,3.0
1671350809.553000,45.326998,6.547809,2212.629672,54.0,4.001076,7.3,3.6
1671350813.540000,45.327072,6.547956,2220.003521,54.0,4.084698,6.7,3.4
1671350816.540000,45.327144,6.548101,2223.506334,54.0,4.153991,4.3,3.3
1671350819.546000,45.327208,6.548233,2227.318516,54.0,4.201694,3.2,3.8
1671350822.562000,45.327275,6.548369,2230.616921,54.0,4.249869,6.7,3.3
1671350825.550000,45.327341,6.548503,2233.366591,54.0,4.277661,9.6,3.4
1671350828.540000,45.327407,6.548637,2237.614510,54.0,4.281089,9.3,3.3
1671350831.557000,45.327473,6.548770,2241.393457,54.0,4.272774,8.2,2.4
1671350834.549000,45.327540,6.548905,2245.741792,54.0,4.283843,8.9,3.0
1671350837.551000,45.327606,6.549037,2250.660846,54.0,4.281984,5.9,2.9
1671350840.555000,45.327672,6.549168,2255.647759,54.0,4.268417,4.4,3.4
1671350843.572000,45.327738,6.549298,2260.208118,54.0,4.272248,4.0,3.9
1671350846.539000,45.327810,6.549440,2263.376972,54.0,4.316286,3.5,3.7
1671350849.548000,45.327878,6.549583,2265.315101,54.0,4.349910,5.5,2.6
1671350852.539000,45.327947,6.549720,2268.246686,54.0,4.366466,8.1,2.6
1671350855.537000,45.328015,6.549857,2271.143975,54.0,4.378488,9.1,3.3
1671350858.540000,45.328085,6.549994,2274.210050,55.0,4.385541,7.7,3.9
1671350861.534000,45.328153,6.550130,2277.201950,53.0,4.382524,5.7,3.1
1671350864.541000,45.328220,6.550267,2280.814412,54.0,4.374333,6.2,2.9
1671350867.539000,45.328287,6.550401,2284.455913,54.0,4.360836,5.6,3.5
1671350870.547000,45.328356,6.550538,2288.392162,53.0,4.366116,3.7,2.9
1671350873.550000,45.328423,6.550672,2291.859209,54.0,4.351919,3.9,3.1
1671350876.542000,45.328493,6.550810,2296.120865,54.0,4.334065,3.4,3.9
1671350879.559000,45.328558,6.550940,2300.035004,54.0,4.315795,9.5,3.3
1671350882.554000,45.328628,6.551078,2303.253415,53.0,4.353822,9.5,3.6
1671350884.564000,45.328684,6.551188,2304.997165,54.0,4.369464,10.5,3.6
1671350887.521000,45.328745,6.551309,2308.642234,54.0,4.383156,7.1,3.1
1671350890.546000,45.328812,6.551443,2311.768542,54.0,4.380662,5.8,3.1
1671350893.540000,45.328881,6.551580,2314.946322,53.0,4.388656,5.7,3.2
1671350896.536000,45.328950,6.551714,2317.731493,54.0,4.382120,5.4,3.1
1671350899.537000,45.329020,6.551850,2321.847510,54.0,4.386109,4.0,3.5
1671350902.547000,45.329088,6.551984,2325.697949,54.0,4.364353,4.1,3.9
1671350905.544000,45.329155,6.552119,2329.632628,54.0,4.353240,3.8,2.9
1671350908.539000,45.329222,6.552252,2333.796863,54.0,4.334664,6.5,2.9
1671350910.557000,45.329276,6.552361,2336.675699,54.0,4.328884,9.2,2.7
1671350913.537000,45.329334,6.552477,2340.187492,55.0,4.309657,11.0,3.2
1671350916.543000,45.329404,6.552618,2344.820164,54.0,4.336214,9.2,3.4
1671350919.537000,45.329468,6.552746,2347.864692,53.0,4.346532,7.5,3.6
1671350922.525000,45.329538,6.552885,2350.788259,54.0,4.354241,7.0,3.6
1671350925.547000,45.329604,6.553017,2354.172973,54.0,4.362611,8.5,3.0
1671350928.540000,45.329670,6.553154,2358.247477,54.0,4.364655,6.6,3.0
1671350931.533000,45.329738,6.553289,2362.179675,54.0,4.354480,5.1,2.7
1671350934.537000,45.329806,6.553423,2366.096986,54.0,4.341017,4.9,2.3
1671350937.537000,45.329874,6.553558,2370.324870,53.0,4.334878,3.2,3.4
1671350940.531000,45.329940,6.553691,2374.567878,54.0,4.322134,6.5,3.5
1671350943.529000,45.330007,6.553823,2379.387915,55.0,4.311210,7.7,3.1
1671350946.546000,45.330074,6.553955,2384.293280,54.0,4.306081,9.1,4.9
1671350949.528000,45.330144,6.554095,2386.709725,55.0,4.345603,7.0,3.6
1671350952.522000,45.330216,6.554236,2388.980269,54.0,4.369149,7.1,2.5
1671350955.531000,45.330284,6.554368,2390.774243,55.9,4.385117,7.7,3.5
1671350958.545000,45.330354,6.554502,2391.840712,54.0,4.405418,7.8,3.2
1671350961.526000,45.330422,6.554636,2393.527623,55.2,4.406082,5.0,3.3
1671350966.556000,45.330483,6.554738,2393.372957,49.0,3.499861,4.8,3.4
1671350986.552000,45.330566,6.554733,2392.952443,359.7,0.000000,9.6,4.0
1671350986.552000,45.330566,6.554733,2392.952443,359.7,0.000000,9.6,4.0
1671350991.538000,45.330574,6.554735,2392.497345,7.8,0.811766,7.2,3.7
1671350997.539000,45.330668,6.554793,2391.574706,29.3,1.902510,7.0,4.0
1671351001.552000,45.330749,6.554855,2391.795384,31.5,2.128236,5.8,3.7
1671351005.558000,45.330834,6.554940,2392.130465,42.5,2.391275,6.6,3.5
1671351011.548000,45.330897,6.555058,2393.146298,51.0,2.148717,5.7,3.9
1671351017.554000,45.330940,6.555176,2393.608105,86.6,1.991008,6.2,3.5
1671351023.565000,45.330878,6.555286,2393.216103,128.7,1.909441,6.4,3.8
1671351037.525000,45.330796,6.555355,2394.079283,144.9,0.737365,5.6,4.0
1671351061.541000,45.330703,6.555397,2394.102871,188.1,1.376414,8.8,3.5
1671351066.519000,45.330628,6.555319,2393.673456,225.9,1.492399,9.1,3.7
1671351072.541000,45.330548,6.555205,2393.900913,220.0,1.709184,8.7,3.5
1671351076.554000,45.330478,6.555123,2394.357493,220.0,1.917358,6.8,3.6
1671351080.555000,45.330394,6.555020,2393.981457,212.0,2.332050,6.3,3.6
1671351083.553000,45.330303,6.554935,2393.590996,215.0,2.767215,4.0,3.6
1671351086.554000,45.330199,6.554826,2392.223097,218.0,3.330719,3.8,3.8
1671351088.551000,45.330117,6.554739,2391.075466,220.0,5.445210,6.7,4.0
1671351090.539000,45.330034,6.554627,2390.552951,224.0,6.021654,7.1,4.0
1671351092.559000,45.329949,6.554510,2389.092213,225.0,6.794186,6.9,4.0
1671351094.563000,45.329853,6.554375,2387.378566,223.0,7.732648,6.5,4.0
1671351096.552000,45.329739,6.554241,2385.785160,216.5,8.417428,6.2,4.0
1671351098.552000,45.329606,6.554126,2383.265143,208.5,8.680321,7.7,4.0
1671351100.545000,45.329457,6.554040,2381.720227,200.2,9.173357,7.2,4.0
1671351102.562000,45.329289,6.553971,2367.922417,195.0,9.800253,3.6,4.0
1671351103.561000,45.329200,6.553941,2367.533682,195.0,10.115227,3.6,4.0
1671351104.554000,45.329110,6.553913,2366.897366,191.1,10.087267,4.0,4.0
1671351105.544000,45.329020,6.553890,2365.419291,191.0,9.997415,4.4,4.0
1671351106.534000,45.328931,6.553867,2364.413138,191.0,10.026734,4.4,4.0
1671351107.550000,45.328841,6.553843,2363.327266,191.0,9.975667,4.2,4.0
1671351109.556000,45.328662,6.553804,2361.326220,189.0,9.945423,3.9,4.0
1671351111.552000,45.328480,6.553764,2358.578215,187.1,10.492883,4.0,4.0
1671351112.539000,45.328386,6.553748,2357.094185,185.2,10.701881,4.3,4.0
1671351113.562000,45.328286,6.553737,2356.177731,184.0,10.989057,4.0,4.0
1671351114.549000,45.328187,6.553730,2354.510744,181.2,11.323692,4.0,4.0
1671351115.530000,45.328084,6.553735,2352.719166,177.2,11.381472,3.9,4.0
1671351116.562000,45.327979,6.553756,2350.526728,170.4,11.637481,3.5,4.0
1671351117.529000,45.327876,6.553793,2348.345484,165.3,12.183687,3.5,4.0
1671351118.525000,45.327767,6.553839,2345.139732,165.0,12.608849,3.3,4.0
1671351119.535000,45.327652,6.553880,2353.658019,167.4,13.276011,8.0,4.0
1671351120.550000,45.327531,6.553916,2351.765363,167.9,14.180494,8.0,4.4
1671351121.545000,45.327410,6.553957,2348.140504,165.1,13.053497,8.0,4.7
1671351122.559000,45.327299,6.554004,2347.719858,163.3,12.915065,7.4,5.2
1671351123.539000,45.327192,6.554049,2346.266517,167.6,12.927621,7.3,5.6
1671351124.527000,45.327079,6.554074,2343.532898,171.9,13.359928,7.4,5.7
1671351125.535000,45.326961,6.554062,2341.312708,189.4,13.231955,6.6,6.0
1671351126.535000,45.326842,6.554029,2338.559499,186.8,13.644865,6.6,6.0
1671351127.520000,45.326714,6.554006,2335.870475,183.4,14.851040,7.0,6.0
1671351128.557000,45.326576,6.553988,2335.820429,184.3,13.968779,7.0,6.0
1671351129.518000,45.326452,6.553962,2333.153735,188.5,13.933303,6.1,6.0
1671351130.538000,45.326336,6.553887,2330.220549,197.8,13.369452,6.0,6.0
1671351131.535000,45.326226,6.553802,2326.872984,201.4,13.321826,5.0,6.0
1671351132.537000,45.326118,6.553728,2323.879824,202.9,12.858195,5.4,6.0
1671351133.532000,45.326015,6.553667,2321.319788,203.2,12.029241,5.4,6.0
1671351134.536000,45.325921,6.553588,2318.961432,210.8,11.891555,6.7,6.0
1671351135.553000,45.325832,6.553494,2313.536010,213.3,11.914564,6.5,6.0
1671351136.544000,45.325745,6.553404,2311.655235,210.4,12.092345,6.6,6.0
1671351137.543000,45.325650,6.553331,2309.432711,204.0,12.203608,5.7,6.0
1671351138.551000,45.325551,6.553278,2306.066543,201.9,11.849720,5.7,6.0
1671351139.555000,45.325455,6.553220,2303.619982,209.5,11.740671,5.5,6.0
1671351140.558000,45.325364,6.553130,2295.385529,218.6,12.914265,5.5,6.0
1671351141.548000,45.325269,6.553021,2291.231783,218.0,13.060022,5.3,6.0
1671351142.537000,45.325172,6.552917,2290.341207,215.7,13.020455,4.9,6.3
1671351143.553000,45.325068,6.552817,2284.481031,213.1,13.429178,5.1,6.8
1671351144.543000,45.324956,6.552741,2281.014246,204.9,13.983720,4.1,7.7
1671351145.524000,45.324846,6.552656,2278.409171,212.4,14.133981,5.8,8.7
1671351146.537000,45.324739,6.552535,2275.068481,221.1,15.522863,5.1,9.7
1671351147.538000,45.324637,6.552408,2270.172942,220.7,15.390362,5.3,11.2
1671351148.534000,45.324538,6.552298,2265.343513,215.5,14.355105,4.3,11.3
1671351149.532000,45.324437,6.552202,2262.207619,214.9,14.123932,4.4,12.0
1671351150.532000,45.324337,6.552123,2259.020693,211.4,13.241781,4.3,12.0
1671351151.528000,45.324247,6.552054,2258.714399,212.9,11.937552,3.0,12.0
1671351153.539000,45.324105,6.551918,2250.354071,228.2,10.860245,3.0,12.0
1671351154.524000,45.324035,6.551837,2247.252858,217.3,11.485547,3.0,12.0
1671351155.535000,45.323954,6.551755,2242.956603,213.9,11.834899,4.1,12.0
1671351156.524000,45.323860,6.551718,2227.734556,188.3,10.656340,3.7,12.7
1671351157.539000,45.323756,6.551713,2225.205085,186.2,10.931379,3.8,12.0
1671351158.532000,45.323654,6.551703,2222.904082,194.1,11.618239,3.6,11.3
1671351159.522000,45.323545,6.551671,2215.335347,203.7,12.768058,3.8,10.7
1671351160.527000,45.323433,6.551610,2210.687061,194.2,12.458785,3.7,10.0
1671351161.531000,45.323318,6.551576,2208.183589,186.4,13.078371,3.8,8.0
1671351162.527000,45.323201,6.551560,2207.178494,188.0,12.606123,3.2,8.7
1671351163.536000,45.323090,6.551544,2205.658169,194.8,12.719459,3.8,9.6
1671351164.530000,45.322981,6.551506,2200.312151,197.0,13.717944,3.4,10.4
1671351165.519000,45.322864,6.551460,2195.399208,189.1,13.955891,3.5,10.7
1671351166.526000,45.322741,6.551437,2191.562476,190.0,14.703495,3.7,11.3
1671351167.517000,45.322612,6.551406,2189.751813,194.6,15.115246,3.5,12.0
1671351168.542000,45.322478,6.551353,2186.909092,198.0,15.680243,3.4,12.8
1671351169.529000,45.322341,6.551295,2179.432547,192.3,15.798883,4.0,14.7
1671351170.514000,45.322196,6.551261,2186.586092,185.5,14.674764,10.9,15.3
1671351171.527000,45.322055,6.551252,2181.020925,180.3,12.246897,7.7,16.8
1671351172.539000,45.321924,6.551269,2179.026645,175.0,11.692434,8.1,16.8
1671351173.530000,45.321806,6.551281,2173.915789,186.9,12.184169,6.9,16.0
1671351174.519000,45.321698,6.551277,2173.208880,192.4,12.323495,7.0,15.3
1671351175.521000,45.321593,6.551242,2168.020631,203.6,10.712772,7.1,12.8
1671351176.530000,45.321506,6.551193,2167.149860,199.2,9.252163,7.0,12.0
1671351178.523000,45.321365,6.551170,2155.859108,176.1,7.489155,3.3,12.0
1671351180.538000,45.321258,6.551168,2152.623519,205.8,8.147808,3.1,11.2
1671351182.536000,45.321127,6.551110,2158.815145,219.9,7.515442,6.4,9.6
1671351184.542000,45.321020,6.550928,2141.449829,251.5,9.790298,2.6,9.6
1671351185.544000,45.320984,6.550809,2134.617145,274.3,10.374681,2.5,9.6
1671351186.536000,45.320983,6.550679,2131.647764,263.5,10.751416,2.6,9.3
1671351187.542000,45.320955,6.550552,2127.740680,244.5,10.891459,2.8,9.6
1671351188.535000,45.320902,6.550431,2135.899818,253.8,11.026511,7.0,8.8
1671351189.533000,45.320860,6.550310,2132.858441,273.9,10.285051,6.9,8.7
1671351191.538000,45.320871,6.550051,2127.727304,269.8,10.319028,6.9,8.0
1671351192.528000,45.320861,6.549922,2124.619118,272.0,11.668038,7.0,8.0
1671351193.533000,45.320859,6.549771,2120.425007,276.4,13.057461,6.9,8.0
1671351194.527000,45.320870,6.549598,2113.958659,271.0,14.010485,7.2,8.0
1671351195.534000,45.320872,6.549410,2111.415175,252.3,14.803002,5.0,8.7
1671351196.534000,45.320832,6.549221,2104.562410,262.0,15.763144,4.7,9.3
1671351197.526000,45.320812,6.549018,2100.045924,274.5,15.474789,4.4,10.0
1671351198.520000,45.320821,6.548814,2097.013250,273.3,16.993694,4.7,10.7
1671351199.522000,45.320821,6.548597,2089.572134,259.8,17.259542,3.9,11.3
1671351200.525000,45.320784,6.548358,2083.614515,256.1,18.478420,3.0,12.0
1671351201.539000,45.320739,6.548106,2078.786034,272.4,16.771408,3.9,12.0
1671351202.542000,45.320752,6.547866,2076.001260,299.0,15.649607,4.0,12.0
1671351203.527000,45.320816,6.547673,2073.176320,299.0,14.390570,4.3,12.0
1671351204.532000,45.320868,6.547501,2071.884866,297.7,14.404247,4.3,12.0
1671351205.518000,45.320888,6.547317,2055.910103,274.4,12.511690,3.2,12.0
1671351206.537000,45.320892,6.547141,2064.183890,287.1,12.126327,4.0,12.0
1671351207.530000,45.320934,6.546981,2062.406554,296.9,13.458797,4.3,11.3
1671351208.538000,45.320980,6.546822,2047.916387,294.3,12.467692,3.2,10.4
1671351209.522000,45.321005,6.546664,2044.043496,278.3,13.028795,3.1,10.0
1671351210.546000,45.321019,6.546491,2039.898317,286.9,11.112921,3.2,8.8
1671351211.532000,45.321064,6.546363,2035.555488,304.9,11.743821,2.9,9.3
1671351212.526000,45.321140,6.546249,2030.690382,300.5,12.063757,2.9,9.3
1671351213.530000,45.321201,6.546119,2027.665348,287.3,11.543156,2.9,10.0
1671351214.535000,45.321231,6.545978,2033.495136,280.7,11.929626,6.0,11.2
1671351215.545000,45.321238,6.545825,2025.838718,287.4,13.233344,5.9,11.3
1671351216.538000,45.321254,6.545661,2012.008261,293.3,13.727356,3.4,12.0
1671351217.533000,45.321302,6.545498,2007.848477,301.9,14.154239,3.4,12.0
1671351218.536000,45.321370,6.545342,2003.282727,291.6,14.157007,4.4,12.0
1671351219.526000,45.321416,6.545164,1994.936041,283.1,14.624365,3.9,12.0
1671351220.538000,45.321445,6.544964,1989.088345,282.0,15.178380,4.3,12.0
1671351221.518000,45.321466,6.544764,1983.890961,300.3,15.584826,4.6,12.0
1671351222.533000,45.321534,6.544578,1981.565644,303.8,15.187738,4.8,12.0
1671351223.536000,45.321612,6.544402,1979.042121,289.1,15.118290,4.4,12.0
1671351224.540000,45.321656,6.544205,1971.198549,278.0,14.117992,4.3,12.0
1671351225.531000,45.321677,6.544016,1967.119262,284.0,14.084313,4.2,12.0
1671351226.533000,45.321716,6.543831,1963.661283,301.3,14.339697,3.9,12.0
1671351227.535000,45.321792,6.543656,1960.582791,298.1,14.870215,4.0,11.2
1671351228.533000,45.321854,6.543479,1957.080644,280.1,14.834094,3.6,10.7
1671351229.553000,45.321871,6.543283,1950.038637,275.5,15.004342,3.4,9.6
1671351230.557000,45.321880,6.543087,1946.749767,276.0,14.902405,3.6,9.6
1671351231.538000,45.321899,6.542899,1944.403338,303.9,13.043922,3.0,9.6
1671351232.535000,45.321974,6.542772,1940.808190,302.2,11.908557,3.0,10.0
1671351233.555000,45.322046,6.542666,1948.864873,293.0,11.570924,5.0,10.4
1671351235.538000,45.322084,6.542423,1942.282652,283.9,10.767415,5.2,10.0
1671351236.533000,45.322109,6.542294,1939.400433,293.1,10.422033,5.1,9.3
1671351237.526000,45.322172,6.542186,1936.524251,319.6,11.723092,3.7,8.7
1671351238.545000,45.322263,6.542083,1934.177021,301.3,11.831203,3.6,8.0
1671351239.528000,45.322320,6.541957,1930.176357,291.8,11.377949,3.7,8.0
1671351240.531000,45.322346,6.541824,1928.156709,268.8,10.565220,5.3,8.0
1671351242.543000,45.322343,6.541576,1924.484959,283.3,8.657275,4.5,8.0
1671351244.540000,45.322445,6.541402,1920.361222,336.0,8.682834,5.8,8.0
1671351246.535000,45.322584,6.541274,1917.754319,307.2,9.943127,7.8,9.3
1671351248.525000,45.322637,6.541027,1909.876850,281.9,10.654642,5.4,10.7
1671351249.541000,45.322659,6.540892,1906.439611,283.4,10.287781,5.6,12.0
1671351251.539000,45.322774,6.540739,1899.688612,317.5,8.747887,3.7,12.0
1671351253.534000,45.322837,6.540571,1896.937186,281.1,8.634517,3.9,11.2
1671351255.536000,45.322887,6.540392,1881.689857,314.5,7.107548,3.1,9.6
1671351257.523000,45.322995,6.540288,1879.513074,331.9,7.561003,2.9,9.3
1671351259.532000,45.323109,6.540149,1877.331826,309.0,8.271955,2.8,10.4
1671351261.536000,45.323233,6.539995,1874.842173,329.9,8.994578,2.7,11.2
1671351262.547000,45.323312,6.539930,1872.747512,321.7,10.856989,2.7,10.4
1671351263.532000,45.323398,6.539826,1868.587359,315.2,12.138014,2.7,9.6
1671351264.537000,45.323482,6.539704,1868.092897,327.0,12.644064,2.8,8.8
1671351265.532000,45.323589,6.539611,1877.899520,324.1,12.683939,4.4,8.7
1671351266.538000,45.323689,6.539500,1874.151453,308.2,13.109805,4.7,8.0
1671351267.536000,45.323759,6.539349,1870.593081,306.8,12.898722,5.4,8.0
1671351268.535000,45.323824,6.539201,1869.916182,311.0,11.163334,4.5,8.0
1671351269.534000,45.323888,6.539078,1857.490247,294.8,11.139521,3.0,8.0
1671351270.533000,45.323929,6.538940,1869.514684,294.1,10.860151,4.5,8.0
1671351271.524000,45.323963,6.538803,1866.850614,309.3,8.907771,4.6,8.0
1671351273.530000,45.324062,6.538691,1866.799663,337.8,7.551274,3.7,9.3
1671351275.546000,45.324194,6.538624,1865.945288,324.1,6.840765,4.2,11.2
1671351277.536000,45.324287,6.538478,1864.819733,300.1,6.813371,4.3,12.0
1671351279.522000,45.324352,6.538324,1865.303225,310.8,5.500064,4.2,12.0
1671351281.534000,45.324419,6.538212,1865.491118,315.2,5.052636,3.5,10.4
1671351283.540000,45.324484,6.538118,1865.483602,303.8,3.837297,3.4,8.8
1671351286.520000,45.324556,6.537977,1865.162934,304.9,4.146014,3.5,8.0
1671351289.054000,45.324619,6.537875,1864.822238,313.4,4.210015,3.4,7.5
1671351291.529000,45.324700,6.537802,1864.246092,315.5,4.784043,3.6,6.5
1671351293.527000,45.324748,6.537678,1862.069898,288.8,6.527080,6.0,6.3
1671351295.541000,45.324774,6.537488,1857.882911,277.1,8.324933,4.4,6.0
1671351297.532000,45.324770,6.537244,1852.143892,272.1,9.418322,5.6,6.0
1671351299.535000,45.324730,6.536992,1848.773401,254.9,10.009815,5.9,6.7
1671351300.540000,45.324696,6.536868,1842.405857,248.7,9.932454,3.0,7.0
1671351301.525000,45.324641,6.536756,1837.205358,233.3,10.162572,4.0,7.3
1671351302.539000,45.324576,6.536650,1835.842583,229.5,10.468996,4.1,8.0
1671351303.528000,45.324502,6.536548,1834.095053,223.4,11.755859,4.3,8.0
1671351304.539000,45.324418,6.536444,1831.675606,219.6,11.866052,4.0,8.0
1671351305.529000,45.324328,6.536353,1829.943928,211.1,12.322462,4.0,8.0
1671351306.535000,45.324227,6.536275,1828.532360,207.2,12.817012,4.1,8.8
1671351307.531000,45.324116,6.536205,1825.265423,202.9,13.493836,4.7,9.3
1671351308.530000,45.323998,6.536148,1823.957004,199.1,13.192266,4.7,10.4
1671351309.532000,45.323883,6.536101,1821.922365,196.5,12.809008,4.5,10.7
1671351310.535000,45.323770,6.536064,1820.402323,193.2,12.204354,4.5,12.0
1671351311.525000,45.323665,6.536038,1819.755984,192.2,10.744125,3.6,12.0
1671351312.534000,45.323569,6.536010,1819.356701,196.0,10.748920,3.6,12.0
1671351313.527000,45.323472,6.535971,1818.438421,196.0,11.965496,3.6,12.0
1671351314.526000,45.323364,6.535928,1817.335619,194.6,12.522864,3.8,12.0
1671351315.531000,45.323253,6.535888,1815.801431,194.1,12.164610,4.8,12.0
1671351316.536000,45.323145,6.535852,1814.157794,189.2,12.167891,4.6,12.0
1671351317.536000,45.323036,6.535829,1812.708964,190.0,12.305266,4.8,12.0
1671351318.532000,45.322928,6.535804,1819.573760,188.8,11.901982,6.1,12.0
1671351319.529000,45.322821,6.535786,1818.140352,188.1,12.091480,6.2,12.0
1671351320.524000,45.322715,6.535768,1820.977995,186.5,12.285185,6.3,12.0
1671351321.540000,45.322608,6.535757,1817.868022,183.4,11.425809,4.9,12.0
1671351322.533000,45.322509,6.535752,1816.477728,182.0,11.528107,3.7,12.0
1671351323.531000,45.322410,6.535751,1815.086400,181.0,11.734757,3.7,12.0
1671351324.527000,45.322307,6.535753,1814.664454,179.0,11.686589,5.9,12.0
1671351325.533000,45.322204,6.535760,1812.939920,179.0,11.161699,3.8,11.2
1671351326.529000,45.322105,6.535760,1812.192887,179.0,10.806317,3.8,10.7
1671351327.534000,45.322007,6.535758,1810.423094,182.0,11.274831,3.8,9.6
1671351328.523000,45.321903,6.535752,1808.389451,180.0,11.256038,3.8,9.3
1671351329.526000,45.321798,6.535753,1807.218346,176.0,11.396576,6.3,8.0
1671351330.524000,45.321695,6.535767,1805.834904,171.3,11.058256,6.5,8.0
1671351331.531000,45.321594,6.535795,1804.714583,169.0,11.577391,5.6,8.0
1671351332.513000,45.321493,6.535837,1803.433563,160.3,11.833994,5.9,8.0
1671351333.525000,45.321396,6.535908,1801.603159,156.0,11.826207,5.9,7.6
1671351334.540000,45.321299,6.535973,1799.800500,162.0,10.819358,5.6,7.2
1671351335.515000,45.321203,6.536015,1798.950275,166.0,11.488297,5.4,7.0
1671351336.541000,45.321096,6.536053,1796.168998,164.0,11.683058,5.2,6.4
1671351337.529000,45.320992,6.536093,1795.049943,167.9,11.356393,6.3,6.0
1671351338.529000,45.320890,6.536124,1794.085938,166.7,10.849574,6.3,6.4
1671351339.532000,45.320794,6.536157,1791.919813,166.7,11.561557,5.7,9.3
1671351340.519000,45.320696,6.536184,1791.462017,170.1,11.529468,6.7,12.0
1671351342.515000,45.320541,6.536118,1789.101861,194.7,7.921022,6.6,11.7
1671351344.517000,45.320409,6.536031,1789.367714,178.1,7.422519,6.5,12.0
1671351346.540000,45.320291,6.536004,1789.151703,155.1,5.840465,5.0,8.0
1671351348.532000,45.320190,6.536039,1788.508667,151.0,6.604636,4.9,8.0
1671351350.535000,45.320088,6.536100,1787.870644,153.0,6.559189,5.0,7.2
1671351352.536000,45.319982,6.536166,1787.364233,152.0,6.517280,4.6,6.4
1671351354.546000,45.319876,6.536234,1786.914943,154.0,6.562285,4.3,6.0
1671351356.528000,45.319774,6.536302,1784.952053,153.7,6.193227,4.8,6.0
1671351358.534000,45.319674,6.536369,1783.927023,154.3,5.811826,4.9,6.0
1671351360.533000,45.319579,6.536421,1785.705940,163.6,5.755198,8.5,6.0
1671351362.538000,45.319482,6.536443,1785.284056,177.8,4.683299,9.0,6.0
1671351365.546000,45.319355,6.536436,1784.226728,177.2,5.756073,7.4,6.0
1671351367.534000,45.319240,6.536446,1783.911501,175.0,5.750221,6.0,6.0
1671351369.528000,45.319128,6.536455,1783.422733,177.1,6.187983,5.4,6.0
1671351371.520000,45.319004,6.536457,1782.303883,179.8,6.091404,4.6,6.0
1671351373.539000,45.318890,6.536449,1779.984968,184.2,5.957578,6.5,6.0
1671351375.522000,45.318786,6.536423,1776.168412,192.3,5.979348,6.8,6.0
1671351377.531000,45.318690,6.536356,1775.258182,221.0,5.982779,7.0,6.0
1671351379.526000,45.318636,6.536194,1775.955592,244.5,6.805631,5.6,6.0
1671351382.534000,45.318655,6.536052,1773.490645,279.7,1.243231,6.7,6.0
1671351387.200000,45.318705,6.535930,1770.009525,280.9,3.036297,5.9,7.3
1671351389.478000,45.318731,6.535747,1769.667496,291.1,4.777923,6.0,8.3
1671351391.878000,45.318780,6.535601,1772.973014,293.1,4.784571,5.8,10.0
1671351395.478000,45.318819,6.535441,1773.088988,277.0,3.442998,7.7,9.3
1671351399.678000,45.318772,6.535332,1773.153924,224.4,1.541558,6.3,7.1
1671351429.317000,45.318686,6.535377,1773.569004,-1.0,0.002160,7.1,4.6
1671351459.475000,45.318601,6.535429,1773.545841,-1.0,0.023076,5.1,3.9
1671351517.548000,45.318515,6.535475,1773.392186,-1.0,0.000001,4.0,5.6
1671351572.536000,45.318416,6.535488,1774.199105,-1.0,0.001097,3.5,6.0
1671351575.536000,45.318339,6.535395,1774.516360,219.9,4.498537,3.4,6.0
1671351577.523000,45.318259,6.535298,1774.880688,218.8,5.455191,4.4,6.0
1671351579.534000,45.318163,6.535193,1775.101276,216.5,5.282909,4.4,6.0
1671351581.547000,45.318082,6.535098,1776.257588,218.8,5.152817,4.1,6.0
1671351584.542000,45.317984,6.534966,1783.838565,220.0,4.510743,3.9,5.4
1671351586.535000,45.317920,6.534877,1789.985529,219.0,4.381820,5.5,5.0
1671351589.537000,45.317823,6.534753,1800.022760,219.0,5.806530,3.7,5.0
1671351591.526000,45.317746,6.534664,1804.828451,220.0,4.507321,3.6,5.3
1671351593.539000,45.317677,6.534582,1808.697048,219.0,5.528162,3.7,4.8
1671351596.534000,45.317576,6.534465,1815.768924,219.6,4.920577,3.4,4.0
1671351598.538000,45.317503,6.534378,1820.373887,219.1,4.875250,3.7,4.0
1671351600.536000,45.317434,6.534296,1826.339871,220.9,5.476054,3.3,4.4
1671351602.537000,45.317358,6.534205,1830.524326,219.1,4.833873,3.2,5.0
1671351605.541000,45.317254,6.534079,1836.511582,220.0,5.173848,4.3,5.2
1671351607.538000,45.317185,6.533997,1840.337258,220.0,5.032460,3.9,4.4
1671351609.528000,45.317117,6.533912,1845.655803,219.0,4.987546,4.3,4.7
1671351612.534000,45.317017,6.533790,1851.486778,220.0,4.925084,3.9,5.7
1671351614.553000,45.316934,6.533688,1856.420033,220.0,4.981937,4.1,6.0
1671351617.529000,45.316844,6.533579,1863.950788,220.0,5.012436,3.1,5.4
1671351619.542000,45.316764,6.533483,1868.916623,219.0,4.870672,3.7,4.6
1671351622.522000,45.316674,6.533374,1877.211053,219.0,5.195023,2.9,4.9
1671351625.544000,45.316567,6.533243,1883.764501,220.0,4.961370,3.3,4.9
1671351628.519000,45.316472,6.533129,1891.385118,220.0,4.858188,3.2,4.0
1671351631.557000,45.316372,6.533008,1898.969858,219.0,5.035810,3.9,4.0
1671351633.541000,45.316295,6.532916,1904.148826,219.0,4.998128,3.8,4.0
1671351636.524000,45.316203,6.532805,1911.968294,219.0,4.768566,2.7,4.0
1671351638.540000,45.316129,6.532718,1917.573816,219.0,4.983049,3.2,4.0
1671351641.546000,45.316037,6.532608,1925.305657,219.0,4.814850,3.0,4.0
1671351643.536000,45.315965,6.532522,1930.853211,220.0,4.628836,2.9,4.0
1671351646.551000,45.315876,6.532413,1938.685726,220.0,4.786367,2.7,4.0
1671351648.555000,45.315803,6.532328,1944.911954,219.0,4.809267,2.8,4.0
1671351651.546000,45.315712,6.532218,1954.201061,219.1,4.684409,2.8,4.0
1671351654.559000,45.315605,6.532088,1962.002012,219.1,5.304918,3.1,4.5
1671351656.538000,45.315536,6.532006,1965.279048,220.0,5.253204,3.1,4.4
1671351658.538000,45.315461,6.531917,1968.587786,219.0,5.078292,3.2,4.0
1671351661.557000,45.315356,6.531792,1973.894699,220.0,5.047893,3.4,4.0
1671351663.553000,45.315287,6.531708,1977.468353,220.0,5.343019,3.2,4.0
1671351665.554000,45.315216,6.531622,1981.633429,220.0,5.132664,3.1,4.0
1671351667.548000,45.315148,6.531539,1985.525489,219.0,5.244135,3.1,4.0
1671351669.547000,45.315076,6.531456,1990.205670,219.0,5.021325,2.8,4.0
1671351671.547000,45.315007,6.531374,1993.727657,220.0,5.102590,2.8,4.7
1671351673.532000,45.314936,6.531291,1998.520934,219.0,5.009943,2.8,5.3
1671351675.558000,45.314866,6.531209,2002.974020,219.0,5.026452,2.8,5.2
1671351677.549000,45.314785,6.531113,2007.675580,220.0,4.890898,2.8,4.6
1671351680.554000,45.314691,6.531003,2014.429569,219.0,5.097095,2.9,4.0
1671351683.557000,45.314589,6.530880,2021.898440,220.0,5.073416,3.1,4.0
1671351686.548000,45.314487,6.530758,2029.273060,220.0,4.884443,3.6,4.0
1671351689.557000,45.314385,6.530636,2036.376712,219.0,4.856109,3.3,4.0
1671351692.016000,45.314303,6.530540,2042.687107,220.0,4.873148,3.0,5.5
1671351694.537000,45.314218,6.530440,2049.016238,220.0,4.887209,2.9,5.8
1671351696.536000,45.314145,6.530353,2054.631444,219.9,5.714728,2.9,5.6
1671351698.541000,45.314068,6.530261,2057.560171,220.0,5.164430,2.7,4.0
1671351700.541000,45.313996,6.530174,2060.367543,220.0,5.495326,2.7,4.0
1671351702.524000,45.313924,6.530089,2063.411865,219.0,5.068327,2.8,4.3
1671351704.537000,45.313851,6.530000,2066.230667,220.0,5.408919,2.6,4.3
1671351706.532000,45.313778,6.529913,2069.249937,219.0,5.213829,2.7,4.3
1671351708.554000,45.313705,6.529826,2072.394246,220.0,5.144652,2.8,4.0
1671351710.546000,45.313635,6.529741,2075.811962,219.0,5.217183,3.4,4.0
1671351712.556000,45.313562,6.529655,2079.075091,220.0,5.281316,3.5,4.0
1671351714.546000,45.313489,6.529568,2082.998926,220.0,5.310640,3.3,4.0
1671351716.533000,45.313416,6.529482,2086.407422,220.0,5.237014,2.8,4.0
1671351718.529000,45.313346,6.529396,2089.948630,220.0,5.103027,3.1,4.0
1671351720.542000,45.313275,6.529310,2093.417312,220.0,5.233907,3.0,4.0
1671351722.553000,45.313204,6.529225,2096.995561,220.0,5.158899,2.9,4.0
1671351724.534000,45.313134,6.529143,2100.907446,220.0,5.019400,2.9,4.0
1671351726.539000,45.313064,6.529059,2104.828929,220.0,5.117819,2.8,4.0
1671351728.539000,45.312993,6.528975,2109.087421,219.0,5.367343,2.7,4.0
1671351730.536000,45.312914,6.528879,2112.336739,220.0,5.660600,2.7,4.0
1671351732.538000,45.312840,6.528791,2113.329842,220.0,5.427814,2.7,4.0
1671351734.535000,45.312764,6.528701,2115.236411,220.0,5.313895,2.8,4.0
1671351736.533000,45.312690,6.528613,2115.675922,219.0,5.553585,2.6,4.0
1671351738.530000,45.312615,6.528523,2117.642445,220.0,5.401864,2.7,4.0
1671351740.547000,45.312542,6.528435,2119.444572,219.0,5.335634,3.3,4.0
1671351742.529000,45.312469,6.528348,2120.936892,219.0,5.376761,3.5,4.0
1671351744.541000,45.312394,6.528260,2123.312754,219.0,5.460738,3.2,4.0
1671351746.546000,45.312319,6.528170,2125.159506,220.0,5.489932,3.0,4.0
1671351748.549000,45.312245,6.528081,2126.978428,220.0,5.406003,3.0,4.0
1671351750.541000,45.312175,6.527997,2129.207623,219.0,5.278896,2.9,4.0
1671351752.556000,45.312102,6.527910,2131.585765,220.0,5.432771,2.9,4.0
1671351754.534000,45.312030,6.527822,2133.721493,219.0,5.415534,2.9,4.0
1671351756.539000,45.311955,6.527732,2136.162088,220.0,5.275211,2.6,4.0
1671351758.541000,45.311884,6.527644,2139.000083,219.0,5.297551,2.6,4.0
1671351760.546000,45.311811,6.527558,2140.903778,220.0,5.355811,2.6,4.0
1671351762.537000,45.311738,6.527469,2143.854786,219.0,5.417541,2.8,4.7
1671351764.541000,45.311663,6.527381,2147.011434,220.0,5.405293,2.5,4.7
1671351766.525000,45.311589,6.527293,2149.027660,220.0,5.254725,2.9,4.7
1671351768.543000,45.311514,6.527205,2151.478809,220.0,5.368411,3.2,4.4
1671351770.538000,45.311438,6.527114,2153.977505,220.0,5.357261,3.1,5.2
1671351772.540000,45.311364,6.527027,2157.060240,219.0,5.266061,3.0,5.7
1671351774.538000,45.311290,6.526940,2160.102593,219.0,5.214825,2.9,5.2
1671351776.542000,45.311217,6.526854,2163.299602,219.0,5.292058,2.8,5.0
1671351778.532000,45.311143,6.526765,2166.507653,220.0,5.343911,2.9,4.3
1671351780.535000,45.311069,6.526676,2169.017128,220.0,5.336884,2.8,4.8
1671351782.537000,45.310997,6.526590,2171.568786,220.0,5.135585,2.7,4.7
1671351784.531000,45.310927,6.526506,2175.218980,220.0,5.253069,2.6,4.7
1671351786.542000,45.310855,6.526421,2178.292605,220.0,5.209581,2.6,4.4
1671351788.553000,45.310784,6.526336,2182.149359,220.0,5.222249,2.5,5.2
1671351790.547000,45.310714,6.526255,2185.486994,219.0,5.109701,2.7,6.0
1671351792.521000,45.310643,6.526173,2189.444860,220.0,5.216850,2.6,6.0
1671351794.514000,45.310570,6.526085,2193.418366,219.0,5.211430,2.6,5.7
1671351796.540000,45.310498,6.525998,2197.379128,220.0,5.334414,3.0,4.8
1671351798.532000,45.310428,6.525913,2201.132000,220.0,4.962975,3.0,4.0
1671351801.537000,45.310323,6.525787,2205.904918,219.0,5.236738,2.7,4.0
1671351803.537000,45.310250,6.525703,2209.813601,220.0,5.144399,2.5,4.8
1671351805.535000,45.310178,6.525618,2213.499302,220.0,5.124317,2.6,5.6
1671351807.536000,45.310107,6.525535,2217.118607,220.0,4.986427,2.6,5.6
1671351809.542000,45.310036,6.525450,2222.948417,220.0,5.065911,2.7,5.6
1671351811.544000,45.309962,6.525362,2226.960233,220.0,5.134180,2.6,6.0
1671351813.537000,45.309890,6.525278,2231.570944,220.0,4.974499,2.5,6.0
1671351816.563000,45.309787,6.525159,2239.054670,220.0,4.989347,2.6,6.0
1671351819.552000,45.309684,6.525038,2246.093729,219.0,5.000210,2.6,4.8
1671351821.566000,45.309608,6.524948,2251.065168,219.0,4.884828,2.5,4.3
1671351824.550000,45.309517,6.524840,2259.002855,220.0,4.905919,2.5,4.6
1671351827.544000,45.309408,6.524713,2263.333838,220.0,5.046704,2.6,4.6
1671351830.558000,45.309312,6.524597,2270.797799,219.0,4.738785,2.7,5.3
1671351833.546000,45.309213,6.524476,2278.566533,220.0,4.943881,3.0,4.9
1671351836.529000,45.309114,6.524356,2287.396483,220.0,4.770050,2.6,4.0
1671351838.572000,45.309039,6.524267,2291.298569,219.0,4.786105,4.6,4.0
1671351841.536000,45.308948,6.524157,2302.425404,220.0,4.807053,2.7,4.8
1671351844.538000,45.308850,6.524038,2308.805061,219.0,4.826253,4.8,4.6
1671351847.526000,45.308753,6.523917,2316.686100,220.0,4.560156,4.6,4.6
1671351850.529000,45.308656,6.523801,2325.723184,219.0,4.821089,4.8,4.7
1671351853.542000,45.308553,6.523674,2334.345988,220.0,4.659676,4.7,4.0
1671351856.553000,45.308468,6.523569,2343.935145,219.0,4.625353,4.6,4.0
1671351858.537000,45.308397,6.523482,2349.791946,220.0,4.757676,4.0,4.0
1671351861.531000,45.308312,6.523380,2359.353075,219.0,4.550664,4.2,4.0
1671351864.538000,45.308220,6.523269,2368.741857,220.0,4.672731,4.9,4.7
1671351866.545000,45.308147,6.523182,2374.658075,220.0,5.050508,4.6,4.8
1671351868.544000,45.308073,6.523088,2379.057336,220.0,4.913447,4.9,4.3
1671351871.528000,45.307982,6.522975,2386.886864,219.0,4.748285,4.3,4.3
1671351873.546000,45.307908,6.522891,2391.331136,220.0,4.958047,2.7,4.3
1671351876.520000,45.307816,6.522780,2400.174740,219.0,4.969893,4.8,4.0
1671351878.541000,45.307744,6.522691,2405.070903,220.0,4.594962,4.8,4.0
1671351881.542000,45.307654,6.522586,2412.781979,220.0,4.864044,3.0,4.0
1671351883.555000,45.307579,6.522498,2419.305371,220.0,4.856961,4.5,4.0
1671351886.539000,45.307485,6.522384,2427.592879,220.0,4.722435,4.3,4.0
1671351888.544000,45.307410,6.522295,2433.223379,220.0,4.717108,3.7,4.0
1671351891.539000,45.307319,6.522184,2441.859987,219.0,4.841767,4.4,4.0
1671351893.537000,45.307250,6.522096,2442.532998,220.0,4.639772,2.5,4.0
1671351896.544000,45.307164,6.521990,2451.431963,219.0,4.634010,2.5,4.0
1671351898.539000,45.307094,6.521903,2458.750517,220.0,4.771906,2.8,4.0
1671351901.530000,45.307002,6.521796,2467.793148,220.0,4.637858,2.9,4.0
1671351903.554000,45.306924,6.521701,2472.184959,220.0,4.596770,2.5,4.0
1671351906.536000,45.306841,6.521601,2485.521584,220.0,4.740256,2.7,4.0
1671351908.540000,45.306763,6.521505,2492.609447,220.0,4.606759,2.7,4.0
1671351911.564000,45.306682,6.521409,2502.673725,220.0,4.472856,4.0,4.0
1671351913.563000,45.306610,6.521322,2507.133700,220.0,4.848660,2.8,4.0
1671351916.548000,45.306517,6.521211,2511.930107,220.0,4.861701,2.5,4.0
1671351918.555000,45.306436,6.521113,2515.317284,220.0,5.089214,2.5,4.0
1671351921.553000,45.306350,6.521008,2522.746599,220.0,5.011788,2.5,4.0
1671351924.546000,45.306248,6.520887,2530.694588,220.0,5.031921,2.5,4.0
1671351927.613000,45.306146,6.520766,2539.429534,220.0,4.848797,2.5,4.0
1671351930.567000,45.306046,6.520648,2545.969230,220.0,4.897754,2.5,4.0
1671351932.555000,45.305971,6.520560,2552.008658,220.0,4.894897,2.5,4.0
1671351935.532000,45.305879,6.520452,2559.413801,220.0,4.808944,2.5,4.0
1671351937.564000,45.305804,6.520367,2562.858722,220.0,4.862122,2.5,4.0
1671351940.547000,45.305698,6.520241,2570.457455,219.0,5.374956,2.5,4.0
1671351942.546000,45.305629,6.520159,2573.286805,220.0,5.131453,2.5,4.0
1671351944.535000,45.305557,6.520076,2577.394223,219.0,5.145305,2.5,4.0
1671351946.560000,45.305487,6.519996,2581.221927,220.0,5.213621,2.5,4.0
1671351948.573000,45.305415,6.519912,2585.189085,220.0,5.275305,2.5,4.0
1671351950.601000,45.305337,6.519820,2589.271835,219.0,5.602972,2.5,4.0
1671351952.556000,45.305264,6.519735,2589.367620,219.0,5.265168,2.5,4.0
1671351954.555000,45.305185,6.519642,2592.039042,220.0,5.597214,2.5,4.0
1671351956.551000,45.305109,6.519550,2593.850371,220.0,5.491735,2.6,4.0
1671351958.543000,45.305035,6.519460,2595.766205,219.0,5.305277,2.5,4.0
1671351960.553000,45.304959,6.519372,2597.124338,220.0,5.380363,2.5,4.0
1671351962.546000,45.304883,6.519281,2596.506910,219.0,5.482663,2.5,4.0
1671351964.538000,45.304807,6.519191,2595.835443,220.0,5.559477,2.5,4.0
1671351966.536000,45.304731,6.519100,2596.042711,220.0,5.418336,2.5,4.0
1671351968.549000,45.304656,6.519010,2595.019535,219.0,5.471409,2.4,4.0
1671351970.529000,45.304580,6.518920,2595.553339,219.0,5.567001,2.5,4.0
1671351972.542000,45.304503,6.518827,2595.391473,219.0,5.557181,2.5,4.0
1671351974.539000,45.304428,6.518738,2597.295535,220.0,5.417307,2.4,4.0
1671351976.568000,45.304354,6.518649,2597.614283,220.0,5.461381,2.4,4.0
1671351978.556000,45.304279,6.518560,2598.020025,219.0,5.439366,2.5,4.0
1671351980.540000,45.304203,6.518472,2598.917404,219.0,5.539861,2.4,4.0
1671351982.535000,45.304129,6.518382,2598.047762,220.0,5.429599,2.4,4.0
1671351984.537000,45.304054,6.518294,2598.645129,219.0,5.438816,2.5,4.0
1671351986.551000,45.303978,6.518203,2600.733862,220.0,5.590818,2.5,4.0
1671351988.556000,45.303901,6.518112,2601.826976,220.0,5.578684,2.5,4.0
1671351990.539000,45.303825,6.518023,2600.528318,220.0,5.403486,2.4,4.0
1671351992.548000,45.303751,6.517934,2601.203298,220.0,5.479591,2.4,4.0
1671351994.534000,45.303676,6.517846,2601.713729,219.0,5.470449,2.4,4.0
1671351996.550000,45.303600,6.517758,2602.010969,219.0,5.480186,2.4,4.0
1671351998.552000,45.303526,6.517668,2602.946991,220.0,5.397668,2.4,4.0
1671352000.560000,45.303451,6.517580,2604.454696,219.0,5.427034,2.4,4.0
1671352002.555000,45.303377,6.517489,2605.452109,220.0,5.556059,2.5,4.0
1671352004.553000,45.303300,6.517398,2606.684709,219.0,5.480943,2.4,4.0
1671352006.542000,45.303226,6.517310,2607.579735,220.0,5.421122,2.4,4.0
1671352008.549000,45.303151,6.517220,2609.162877,219.0,5.450433,2.5,4.0
1671352010.556000,45.303075,6.517132,2610.653246,220.0,5.418890,2.4,4.0
1671352012.552000,45.303000,6.517042,2612.299721,220.0,5.359309,2.4,4.0
1671352014.561000,45.302926,6.516954,2614.307589,220.0,5.471845,2.5,4.0
1671352016.556000,45.302851,6.516864,2614.761194,219.0,5.379135,2.4,4.0
1671352018.540000,45.302774,6.516775,2614.196658,220.0,5.549460,2.4,4.0
1671352020.547000,45.302698,6.516684,2615.909564,220.0,5.499919,2.4,4.0
1671352022.547000,45.302621,6.516594,2619.104381,220.0,5.432005,2.5,4.0
1671352024.557000,45.302545,6.516504,2620.498180,219.0,5.437114,2.4,4.0
1671352026.565000,45.302468,6.516416,2617.736743,220.0,5.416302,2.4,4.0
1671352028.554000,45.302395,6.516325,2622.097045,220.0,5.423938,2.4,4.0
1671352030.543000,45.302320,6.516238,2624.617720,219.0,5.386966,2.4,4.0
1671352032.548000,45.302246,6.516148,2626.646977,220.0,5.401357,2.4,4.0
1671352034.555000,45.302170,6.516059,2628.451948,219.0,5.501521,2.4,4.0
1671352036.545000,45.302095,6.515968,2626.994006,220.0,5.480870,2.5,4.0
1671352038.532000,45.302021,6.515880,2631.967492,219.0,5.389279,2.4,4.0
1671352040.552000,45.301946,6.515790,2633.431714,220.0,5.392043,2.4,4.0
1671352042.538000,45.301872,6.515702,2635.493767,219.0,5.390434,2.4,4.0
1671352044.561000,45.301797,6.515614,2636.293754,220.0,5.438239,2.5,4.0
1671352046.562000,45.301724,6.515525,2638.389315,219.0,5.337667,2.4,4.0
1671352048.531000,45.301651,6.515439,2639.906911,220.0,5.297011,2.4,4.0
1671352050.545000,45.301575,6.515347,2642.273008,220.0,5.587836,2.4,4.0
1671352052.551000,45.301498,6.515257,2643.235160,219.0,5.515157,2.4,4.0
1671352054.561000,45.301422,6.515168,2644.547435,220.0,5.467783,2.5,4.0
1671352056.551000,45.301347,6.515079,2643.702711,219.0,5.420773,2.4,4.0
1671352058.537000,45.301272,6.514990,2646.352097,219.0,5.420100,2.4,4.0
1671352060.550000,45.301198,6.514900,2649.110647,220.9,5.489641,2.5,4.0
1671352062.537000,45.301125,6.514809,2650.775422,220.0,5.384649,2.4,4.0
1671352064.560000,45.301050,6.514721,2649.504717,220.0,5.379230,2.4,4.0
1671352066.535000,45.300977,6.514632,2651.001790,220.0,5.469048,2.5,4.0
1671352068.565000,45.300901,6.514542,2651.263599,219.0,5.457702,2.4,4.0
1671352070.553000,45.300826,6.514452,2653.004951,219.0,5.490322,2.4,4.0
1671352072.557000,45.300748,6.514360,2656.288385,219.0,5.396854,2.4,4.0
1671352074.561000,45.300670,6.514271,2658.526730,220.0,5.375039,2.4,4.0
1671352076.554000,45.300593,6.514183,2662.847781,219.0,5.411662,2.4,4.0
1671352078.553000,45.300521,6.514093,2664.911079,221.0,5.341175,2.5,4.4
1671352080.554000,45.300446,6.514004,2665.988663,219.0,5.331604,2.4,4.3
1671352082.562000,45.300372,6.513918,2668.775572,220.0,5.282640,2.4,4.3
1671352084.541000,45.300301,6.513834,2670.908754,219.0,5.078619,2.4,4.0
1671352086.530000,45.300230,6.513751,2675.429420,220.0,5.094807,2.4,4.0
1671352088.546000,45.300160,6.513670,2679.890859,219.0,5.084198,2.4,4.0
1671352090.547000,45.300090,6.513589,2684.357183,220.0,5.057488,2.4,4.0
1671352093.563000,45.299988,6.513469,2689.209785,220.0,5.144647,2.4,4.0
1671352096.565000,45.299883,6.513347,2695.284025,219.0,5.106533,2.5,4.0
1671352098.561000,45.299813,6.513262,2700.479988,220.0,5.034189,2.4,4.0
1671352100.540000,45.299743,6.513177,2705.876793,219.0,5.023636,2.4,4.0
1671352103.537000,45.299643,6.513053,2713.629594,220.0,5.000661,2.4,4.0
1671352106.556000,45.299542,6.512932,2720.237028,220.0,5.030605,2.4,4.0
1671352109.545000,45.299442,6.512813,2728.746553,220.0,4.987772,2.4,4.0
1671352111.566000,45.299367,6.512724,2733.990473,220.0,4.788993,2.4,4.0
1671352114.557000,45.299272,6.512611,2741.055779,220.0,4.909814,2.4,4.0
1671352116.563000,45.299199,6.512525,2747.098045,219.0,4.955034,2.4,4.0
1671352119.560000,45.299103,6.512412,2754.306543,220.0,4.901915,2.4,4.0
1671352121.560000,45.299031,6.512324,2759.224959,220.0,4.923030,2.4,4.0
1671352124.548000,45.298941,6.512215,2767.020431,220.0,4.837861,2.5,4.0
1671352126.576000,45.298870,6.512128,2773.274282,219.0,4.808041,2.4,4.0
1671352129.563000,45.298781,6.512020,2780.408805,220.0,4.831110,2.4,4.0
1671352132.572000,45.298660,6.511871,2790.144798,220.0,4.793992,2.4,4.0
1671352135.553000,45.298574,6.511769,2795.667387,220.0,5.284770,2.4,4.0
1671352138.538000,45.298475,6.511649,2800.722667,219.0,5.356421,2.4,4.0
1671352140.543000,45.298405,6.511564,2803.275847,220.0,4.991156,2.4,4.0
1671352142.556000,45.298336,6.511478,2806.266132,219.0,5.207508,2.4,4.0
1671352144.556000,45.298264,6.511391,2809.704681,220.0,5.081487,2.4,4.0
1671352146.552000,45.298195,6.511305,2815.777455,220.0,5.127056,2.4,4.0
1671352148.562000,45.298124,6.511221,2820.914196,220.0,5.112974,2.4,4.0
1671352150.529000,45.298055,6.511138,2825.561778,220.0,5.135790,2.4,4.0
1671352152.569000,45.297978,6.511048,2830.872669,219.0,5.576196,2.4,4.0
1671352154.562000,45.297905,6.510960,2832.628227,220.0,5.277523,2.5,4.0
1671352156.544000,45.297832,6.510872,2834.140940,220.0,5.387877,2.4,4.0
1671352158.555000,45.297760,6.510784,2838.545473,220.0,5.359167,2.4,4.0
1671352160.555000,45.297687,6.510696,2839.472374,220.0,5.311349,2.4,4.0
1671352162.558000,45.297613,6.510608,2842.081784,220.0,5.337266,2.4,4.0
1671352164.554000,45.297539,6.510520,2844.077289,220.0,5.351495,2.4,4.0
1671352166.557000,45.297465,6.510432,2846.733764,220.0,5.307693,2.4,4.0
1671352168.534000,45.297392,6.510347,2849.083696,220.0,5.324261,2.4,4.0
1671352170.563000,45.297314,6.510255,2850.716721,220.0,5.583714,2.4,4.0
1671352172.564000,45.297238,6.510166,2850.822343,219.0,5.435958,2.4,4.0
1671352174.548000,45.297161,6.510077,2852.865308,220.0,5.421238,2.4,4.0
1671352176.558000,45.297087,6.509987,2854.606690,220.0,5.447756,2.4,4.0
1671352178.550000,45.297012,6.509898,2856.829395,220.0,5.423796,2.4,4.0
1671352180.550000,45.296937,6.509808,2858.367879,220.0,5.513436,2.4,4.0
1671352182.522000,45.296860,6.509721,2859.703035,218.3,5.451661,2.5,4.0
1671352185.543000,45.296789,6.509640,2860.471988,221.3,2.523955,2.4,6.0
1671352205.540000,45.296733,6.509620,2857.463204,-1.0,0.000000,2.4,8.0
1671352205.540000,45.296733,6.509620,2857.463204,-1.0,0.000000,2.4,8.0
1671352216.532000,45.296702,6.509572,2861.026778,-1.0,0.000209,2.4,6.6
1671352226.211000,45.296657,6.509460,2862.637611,-1.0,0.036195,2.4,7.8
1671352260.410000,45.296769,6.509459,2867.688604,9.9,0.677208,2.4,54.3
1671352275.029000,45.296923,6.509218,2868.391775,312.9,3.048169,2.5,104.1
1671352280.703000,45.296859,6.509363,2872.079367,-1.0,0.001765,2.5,32.1
1671352312.035000,45.296950,6.509390,2869.144593,12.5,2.355882,2.6,7.1
1671352316.115000,45.297010,6.509486,2858.334257,63.4,1.267906,2.7,10.3
1671352320.562000,45.297075,6.509580,2862.043467,50.6,5.273914,2.8,7.4
1671352322.566000,45.297164,6.509739,2851.926104,46.9,6.775761,2.8,6.6
1671352324.535000,45.297277,6.509842,2847.085489,18.0,6.922368,2.8,6.5
1671352326.566000,45.297401,6.509901,2843.062529,34.1,8.092850,2.8,6.0
1671352328.544000,45.297517,6.509973,2833.956698,12.9,6.292608,2.8,6.0
1671352330.587000,45.297618,6.509957,2835.383803,8.6,5.264398,2.9,6.8
1671352332.555000,45.297721,6.510020,2831.182055,27.3,6.635301,2.9,7.3
1671352334.574000,45.297858,6.510071,2823.402273,5.9,7.067587,2.9,7.2
1671352336.577000,45.297992,6.510014,2818.615658,326.6,6.289432,2.9,6.4
1671352338.556000,45.298070,6.509862,2819.849052,291.9,7.789194,2.9,6.0
1671352340.568000,45.298096,6.509644,2819.735592,281.9,7.946395,3.0,6.0
1671352342.561000,45.298126,6.509434,2809.585503,282.1,8.125669,3.0,5.2
1671352344.568000,45.298157,6.509216,2808.243531,281.8,9.075334,3.0,4.4
1671352346.572000,45.298205,6.508965,2805.781902,287.9,10.543031,3.0,4.0
1671352347.553000,45.298239,6.508834,2803.189832,289.0,10.673161,3.0,4.0
1671352348.557000,45.298272,6.508700,2814.699951,287.1,10.947053,3.0,4.0
1671352349.554000,45.298308,6.508566,2811.992682,290.8,10.819843,3.1,4.3
1671352350.557000,45.298354,6.508436,2804.534770,295.7,11.317347,3.1,4.8
1671352351.547000,45.298396,6.508307,2801.719995,292.4,10.804937,3.1,4.7
1671352352.583000,45.298428,6.508175,2799.246444,287.5,10.878304,3.1,4.8
1671352353.550000,45.298456,6.508043,2798.094189,287.0,11.148886,3.1,4.7
1671352354.558000,45.298484,6.507906,2796.255821,281.9,10.071483,3.1,4.4
1671352355.578000,45.298502,6.507781,2793.158196,284.1,9.486986,3.1,4.4
1671352357.553000,45.298566,6.507563,2788.981705,297.1,9.034245,3.1,5.0
1671352359.559000,45.298630,6.507365,2786.908341,307.4,8.879695,3.2,6.0
1671352361.545000,45.298719,6.507178,2781.016494,302.8,8.880085,3.2,6.0
1671352363.571000,45.298805,6.507036,2775.646782,314.6,6.286901,3.2,6.0
1671352368.557000,45.298897,6.506994,2777.573180,326.4,4.293383,3.2,6.0
1671352370.557000,45.298984,6.506868,2769.987944,316.8,7.074779,3.3,5.6
1671352372.542000,45.299090,6.506730,2765.280091,315.4,7.809667,3.3,5.0
1671352374.560000,45.299204,6.506587,2763.555766,335.7,8.395762,3.3,4.7
1671352376.556000,45.299374,6.506518,2768.218615,337.0,10.985080,3.3,5.3
1671352377.558000,45.299466,6.506466,2766.397792,332.1,10.642037,3.3,6.0
1671352378.572000,45.299557,6.506404,2760.589698,336.0,11.080228,3.4,6.0
1671352379.560000,45.299650,6.506348,2756.490227,336.0,11.333569,3.4,6.0
1671352380.574000,45.299750,6.506284,2749.376424,330.0,12.594855,2.5,6.0
1671352381.549000,45.299849,6.506201,2742.338780,338.5,13.021170,2.5,6.3
1671352382.566000,45.299961,6.506140,2740.604192,344.9,13.018547,2.5,6.8
1671352383.577000,45.300080,6.506094,2743.362333,340.4,13.993592,2.5,7.2
1671352384.547000,45.300202,6.506033,2734.659353,341.0,15.113516,2.5,7.3
1671352385.589000,45.300334,6.505969,2732.117206,358.1,14.594822,2.5,8.0
1671352386.548000,45.300460,6.505974,2726.852082,18.3,15.600478,2.5,8.0
1671352387.567000,45.300595,6.506040,2728.170882,18.0,16.618015,2.5,8.0
1671352388.540000,45.300739,6.506108,2721.464137,10.1,17.026262,2.5,8.0
1671352389.588000,45.300903,6.506154,2715.154494,11.0,17.034485,2.5,8.0
1671352390.568000,45.301060,6.506211,2714.624014,17.0,16.774914,2.5,8.0
1671352391.544000,45.301212,6.506271,2712.405220,11.0,16.061928,2.5,8.0
1671352392.569000,45.301362,6.506304,2707.425568,7.1,15.288235,2.5,7.6
1671352393.552000,45.301498,6.506336,2707.728185,12.0,14.582281,2.5,7.2
1671352394.559000,45.301635,6.506381,2706.459541,6.7,13.208073,2.5,7.3
1671352395.565000,45.301765,6.506398,2707.706416,349.2,12.859343,2.5,7.3
1671352396.559000,45.301882,6.506358,2705.715829,342.3,12.094759,2.5,7.2
1671352397.566000,45.301978,6.506302,2705.860837,337.1,11.911219,2.5,7.0
1671352398.569000,45.302076,6.506250,2706.258754,344.9,12.524814,2.5,7.2
1671352399.555000,45.302181,6.506229,2697.440011,355.9,11.978993,2.5,7.0
1671352400.549000,45.302291,6.506224,2694.969610,344.3,12.680587,2.5,7.0
1671352401.542000,45.302401,6.506166,2691.621264,331.2,13.180982,2.5,7.0
1671352402.557000,45.302507,6.506075,2689.017174,327.0,13.490524,2.5,7.0
1671352403.567000,45.302622,6.505993,2687.720484,331.7,13.404864,2.5,7.3
1671352404.563000,45.302721,6.505949,2686.409807,333.4,12.788579,2.5,8.0
1671352405.558000,45.302822,6.505922,2690.493031,353.8,12.314561,2.5,8.0
1671352406.558000,45.302935,6.505932,2690.029760,340.6,11.745546,2.5,8.0
1671352407.557000,45.303037,6.505897,2687.008790,343.8,10.988778,2.5,8.0
1671352408.547000,45.303132,6.505866,2683.756212,343.0,9.101486,2.5,8.0
1671352410.553000,45.303282,6.505757,2675.998589,342.6,7.480261,2.5,8.0
1671352412.576000,45.303394,6.505745,2677.960427,29.9,7.322039,2.5,8.8
1671352414.558000,45.303527,6.505855,2668.337574,19.0,10.522608,2.5,8.8
1671352415.580000,45.303623,6.505907,2672.948403,25.1,11.875230,2.5,8.8
1671352416.546000,45.303718,6.505987,2670.812441,36.6,12.023954,2.5,8.7
1671352417.574000,45.303798,6.506116,2661.000138,51.5,12.287022,2.5,8.3
1671352418.557000,45.303855,6.506268,2658.850197,64.4,12.806062,2.5,7.2
1671352419.592000,45.303893,6.506434,2656.083110,73.2,12.712079,2.5,6.8
1671352420.532000,45.303918,6.506598,2652.606393,76.0,13.030207,2.5,6.7
1671352421.565000,45.303952,6.506773,2650.065651,73.0,13.640691,2.5,5.6
1671352422.544000,45.303997,6.506948,2647.161543,70.0,14.422724,2.5,5.3
1671352423.560000,45.304045,6.507132,2646.666820,71.0,14.921252,2.5,4.8
1671352424.543000,45.304084,6.507321,2644.579937,76.0,15.351957,2.5,4.7
1671352425.574000,45.304110,6.507517,2640.636586,80.0,15.277826,2.5,4.0
1671352426.554000,45.304127,6.507706,2639.236243,82.0,15.056963,2.5,4.0
1671352427.571000,45.304143,6.507896,2639.353576,82.0,14.625516,2.5,4.0
1671352428.554000,45.304160,6.508078,2628.780363,82.0,14.238364,2.5,4.0
1671352429.612000,45.304178,6.508255,2627.103782,79.1,13.351694,2.5,4.0
1671352430.560000,45.304204,6.508408,2626.957519,75.1,12.476519,2.5,4.0
1671352431.546000,45.304241,6.508552,2625.670289,68.2,11.788445,2.5,4.0
1671352432.566000,45.304282,6.508689,2624.592533,52.1,10.835148,2.5,4.3
1671352433.568000,45.304345,6.508784,2623.635535,44.1,10.485916,2.5,4.8
1671352434.562000,45.304418,6.508867,2634.093315,35.1,10.369960,2.5,5.0
1671352435.578000,45.304500,6.508936,2631.990288,31.0,10.492067,2.5,5.6
1671352436.562000,45.304583,6.509003,2627.924725,31.0,10.424704,2.5,5.6
1671352437.551000,45.304661,6.509075,2630.642335,34.8,10.310563,2.5,5.3
1671352438.550000,45.304738,6.509150,2623.305315,33.0,10.221556,2.5,5.0
1671352439.589000,45.304818,6.509213,2630.014398,26.1,10.033576,2.5,4.4
1671352441.571000,45.304986,6.509318,2627.572265,29.7,10.287223,2.5,4.0
1671352442.572000,45.305058,6.509401,2625.497875,39.9,10.642776,2.5,4.0
1671352443.542000,45.305124,6.509502,2618.721922,46.0,11.038333,2.5,4.0
1671352444.566000,45.305180,6.509622,2622.544785,57.5,10.967607,2.5,4.0
1671352445.574000,45.305229,6.509739,2620.175640,71.4,10.464237,2.5,4.8
1671352446.568000,45.305244,6.509870,2614.031435,84.0,11.014425,2.5,5.3
1671352447.565000,45.305238,6.510015,2613.541340,91.8,11.379593,2.5,5.7
1671352448.547000,45.305220,6.510163,2611.617763,98.0,11.790701,2.5,6.4
1671352449.570000,45.305195,6.510317,2607.877131,105.0,12.767606,2.5,6.8
1671352450.534000,45.305153,6.510480,2607.475120,107.0,13.412790,2.5,6.7
1671352451.546000,45.305106,6.510650,2604.495874,112.0,13.767701,2.5,6.3
1671352452.556000,45.305055,6.510811,2604.877012,114.0,12.938252,2.5,6.0
1671352453.553000,45.305002,6.510949,2603.020153,119.9,11.942244,2.5,6.0
1671352454.544000,45.304945,6.511055,2603.314334,133.2,10.565835,2.5,6.0
1671352456.557000,45.304794,6.511113,2586.117228,172.9,8.389229,2.5,6.0
1671352458.556000,45.304637,6.511106,2582.035101,175.0,8.736681,2.5,5.6
1671352460.562000,45.304479,6.511148,2579.789320,145.3,9.594076,2.5,5.6
1671352462.568000,45.304335,6.511273,2595.783465,142.1,9.058870,2.5,6.3
1671352464.535000,45.304243,6.511462,2591.406568,104.2,10.334751,2.5,7.3
1671352465.575000,45.304225,6.511618,2584.837891,108.0,11.534668,2.5,7.6
1671352466.578000,45.304192,6.511772,2585.979350,102.4,12.560713,2.5,7.6
1671352467.547000,45.304171,6.511945,2583.222047,82.3,14.368341,2.5,7.7
1671352468.545000,45.304199,6.512141,2579.694346,74.1,14.125702,2.5,7.7
1671352469.541000,45.304244,6.512322,2576.786456,76.0,14.863008,2.5,7.6
1671352470.561000,45.304284,6.512515,2573.118772,93.3,14.933033,2.5,7.7
1671352471.553000,45.304270,6.512711,2569.209237,99.7,15.601692,2.5,8.0
1671352472.568000,45.304240,6.512915,2567.496191,100.0,15.666201,2.5,8.0
1671352473.554000,45.304214,6.513106,2564.450807,91.5,14.789947,2.5,8.0
1671352474.564000,45.304220,6.513297,2555.011588,85.8,15.323697,2.5,8.8
1671352475.582000,45.304228,6.513498,2550.787704,87.4,15.463176,2.5,9.6
1671352476.537000,45.304233,6.513693,2545.672237,87.8,16.209698,2.5,10.0
1671352477.587000,45.304213,6.513900,2541.507341,94.8,14.284569,2.5,11.2
1671352478.538000,45.304176,6.514058,2528.553696,101.3,12.410105,2.5,11.3
1671352479.563000,45.304137,6.514186,2526.368856,103.5,9.469762,2.5,12.0
1671352481.545000,45.304080,6.514375,2514.519093,107.2,9.643259,2.6,11.2
1671352483.628000,45.304048,6.514609,2521.300729,94.3,9.889374,2.5,9.6
1671352485.579000,45.304130,6.514820,2500.754589,60.3,9.594258,2.5,7.6
1671352486.554000,45.304198,6.514922,2496.703706,50.5,11.576900,2.5,7.2
1671352487.575000,45.304270,6.515045,2493.226732,53.5,12.459326,2.5,6.8
1671352488.567000,45.304340,6.515171,2491.683499,50.0,12.337901,2.5,7.0
1671352489.549000,45.304433,6.515267,2487.070407,39.9,13.380670,2.5,6.8
1671352490.574000,45.304556,6.515319,2482.124121,23.1,13.600725,2.8,6.7
1671352491.546000,45.304672,6.515389,2494.377773,34.7,14.116757,2.5,7.0
1671352492.574000,45.304782,6.515499,2491.532276,35.9,13.986485,2.5,7.3
1671352493.551000,45.304883,6.515601,2488.885972,33.2,13.301577,2.5,7.7
1671352494.542000,45.304990,6.515685,2484.039727,27.7,14.221749,2.5,7.7
1671352495.564000,45.305111,6.515702,2477.460913,9.0,13.267615,2.5,7.7
1671352496.568000,45.305247,6.515722,2475.202749,19.3,15.035045,2.5,8.0
1671352497.545000,45.305384,6.515775,2472.191087,19.0,15.500489,2.5,8.0
1671352498.541000,45.305529,6.515827,2473.949504,13.5,15.476901,2.5,8.0
1671352499.562000,45.305681,6.515833,2467.217243,1.6,15.948828,2.5,8.0
1671352500.576000,45.305836,6.515810,2460.420582,3.8,15.917969,2.5,8.0
1671352501.561000,45.305983,6.515803,2462.583140,3.9,15.609271,2.5,8.0
1671352502.561000,45.306112,6.515826,2459.248651,6.3,14.841592,2.5,8.0
1671352503.548000,45.306207,6.515898,2458.095424,14.9,13.784128,2.5,8.0
1671352504.573000,45.306277,6.516030,2454.773559,35.0,12.398642,2.5,8.0
1671352505.570000,45.306363,6.516123,2439.991031,24.2,12.817201,3.0,8.0
1671352506.552000,45.306450,6.516207,2436.186121,30.4,12.583200,2.8,8.0
1671352507.562000,45.306532,6.516299,2433.709904,34.0,12.938431,3.0,8.0
1671352508.540000,45.306619,6.516403,2432.143531,23.9,11.380589,3.0,8.0
1671352509.544000,45.306714,6.516451,2427.853442,7.1,11.501157,3.1,8.0
1671352510.545000,45.306828,6.516426,2422.238580,337.1,12.287725,2.7,8.0
1671352511.532000,45.306941,6.516358,2419.810315,343.8,14.454132,3.1,8.7
1671352512.600000,45.307081,6.516286,2418.577502,352.1,13.125190,3.0,8.8
1671352513.549000,45.307208,6.516271,2415.988298,4.9,14.957872,3.0,8.8
1671352514.535000,45.307351,6.516287,2402.639133,351.0,16.000443,2.5,8.7
1671352515.589000,45.307500,6.516254,2395.452548,355.0,16.235004,2.5,8.8
1671352516.558000,45.307644,6.516237,2393.543764,6.9,15.938944,2.5,8.0
1671352517.563000,45.307782,6.516261,2385.343920,18.7,13.425310,2.5,8.0
1671352518.556000,45.307893,6.516315,2382.492126,31.7,13.033424,2.5,8.0
1671352519.540000,45.307989,6.516398,2374.405999,23.7,13.290937,2.7,8.0
1671352520.552000,45.308102,6.516455,2386.425288,17.0,13.151118,2.5,8.0
1671352521.554000,45.308206,6.516507,2381.165798,23.9,10.905128,2.5,8.0
1671352523.550000,45.308327,6.516618,2376.885419,40.5,4.673087,2.5,8.0
1671352526.544000,45.308419,6.516696,2373.401661,5.1,6.739735,2.5,8.0
1671352528.560000,45.308598,6.516775,2369.438161,4.0,9.448069,3.0,7.8
1671352529.546000,45.308705,6.516816,2367.958251,7.9,10.969268,2.8,7.6
1671352530.529000,45.308813,6.516870,2365.510373,14.8,11.116126,2.6,7.1
1671352531.551000,45.308920,6.516946,2361.614457,25.0,12.039608,2.7,6.4
1671352532.558000,45.309029,6.517009,2359.183950,17.1,12.222036,2.7,5.6
1671352533.552000,45.309141,6.517058,2356.892414,17.0,12.808355,2.5,5.3
1671352534.553000,45.309256,6.517109,2355.394553,27.8,12.274902,2.5,4.8
1671352535.545000,45.309359,6.517192,2349.247431,30.0,12.545067,3.0,4.4
1671352536.541000,45.309468,6.517260,2347.142464,18.4,12.859282,3.2,4.3
1671352537.537000,45.309587,6.517313,2344.191813,18.0,13.611158,3.2,4.0
1671352538.551000,45.309698,6.517391,2345.239318,29.7,13.150475,2.5,4.0
1671352539.543000,45.309798,6.517489,2342.475544,31.0,13.560120,2.5,4.0
1671352540.534000,45.309907,6.517569,2340.525216,25.2,13.636381,2.5,4.0
1671352541.543000,45.310009,6.517655,2338.462999,33.8,12.918935,2.5,4.0
1671352542.539000,45.310078,6.517756,2326.521730,46.8,10.611860,2.5,4.0
1671352544.555000,45.310150,6.517964,2320.702441,58.0,8.955408,2.5,4.0
1671352546.538000,45.310223,6.518144,2325.473019,64.9,7.569645,2.5,4.3
1671352558.402000,45.310246,6.518274,2331.177441,6.2,0.899782,2.5,6.9
1671352562.602000,45.310344,6.518352,2329.830132,15.7,2.585725,2.5,6.0
1671352565.457000,45.310447,6.518403,2327.368635,11.3,4.669665,2.9,7.0
1671352567.528000,45.310597,6.518469,2324.189771,27.9,7.948782,2.5,6.1
1671352569.530000,45.310740,6.518511,2323.076514,347.3,9.320250,3.1,5.1
1671352571.520000,45.310913,6.518440,2310.481701,5.1,10.557616,2.5,4.3
1671352572.525000,45.311009,6.518463,2300.836240,18.6,10.785123,2.5,4.7
1671352573.533000,45.311097,6.518514,2303.683118,6.7,10.597331,2.5,5.2
1671352574.530000,45.311191,6.518529,2303.076583,356.7,9.368280,2.5,5.3
1671352576.546000,45.311334,6.518448,2295.484859,338.4,8.025665,2.5,6.0
1671352578.536000,45.311463,6.518438,2299.729864,28.7,8.303075,2.5,6.0
1671352580.525000,45.311601,6.518539,2295.951099,8.2,9.766490,2.5,6.0
1671352582.538000,45.311768,6.518538,2288.053752,333.7,7.910078,2.5,6.0
1671352584.527000,45.311889,6.518419,2281.858956,315.5,8.854993,2.6,6.0
1671352586.531000,45.312014,6.518285,2275.370576,357.9,8.941692,2.5,6.0
1671352588.528000,45.312187,6.518304,2265.033092,13.0,10.130857,2.5,6.8
1671352589.529000,45.312279,6.518329,2262.581955,357.8,10.316276,2.5,7.2
1671352590.538000,45.312375,6.518309,2258.431192,332.3,9.198244,2.5,7.3
1671352592.536000,45.312497,6.518161,2248.566741,303.7,8.511684,2.9,7.2
1671352594.535000,45.312587,6.517963,2245.809471,337.9,8.106589,2.7,7.2
1671352596.531000,45.312725,6.517904,2237.902171,357.0,9.407556,2.7,7.3
1671352598.533000,45.312879,6.517868,2232.950121,332.8,5.860236,2.6,8.0
1671352601.529000,45.312973,6.517722,2213.769309,330.9,7.443384,2.5,11.0
1671352603.530000,45.313127,6.517632,2214.631474,345.0,9.691916,2.5,11.0
1671352604.543000,45.313208,6.517560,2211.370712,321.9,9.025488,2.5,11.4
1671352605.525000,45.313270,6.517467,2202.912150,307.7,7.274522,2.8,10.3
1671352607.530000,45.313346,6.517288,2210.503266,307.5,8.220957,2.5,8.0
1671352609.538000,45.313455,6.517162,2203.412075,339.7,8.451869,2.5,8.0
1671352610.533000,45.313540,6.517117,2201.266913,334.6,9.943579,2.5,8.0
1671352611.527000,45.313635,6.517051,2197.584931,324.2,11.290952,2.5,8.0
1671352612.525000,45.313727,6.516956,2194.124708,334.6,11.938797,2.5,8.0
1671352613.532000,45.313826,6.516882,2190.269144,349.1,11.809214,2.6,8.0
1671352614.536000,45.313930,6.516865,2186.505599,17.6,10.907560,2.5,8.0
1671352615.545000,45.314017,6.516895,2185.298406,14.0,10.642756,2.5,8.0
1671352617.541000,45.314203,6.516905,2182.577830,349.2,10.523613,2.5,7.6
1671352618.546000,45.314306,6.516875,2181.091752,354.9,10.697135,2.5,7.2
1671352619.529000,45.314413,6.516859,2178.743326,5.9,10.674551,2.6,7.0
1671352620.532000,45.314520,6.516860,2177.551735,359.1,11.296061,2.5,6.7
1671352621.540000,45.314628,6.516853,2173.033076,3.0,11.396152,2.9,6.0
1671352622.524000,45.314734,6.516864,2172.859697,9.0,10.809081,3.0,6.0
1671352623.537000,45.314835,6.516880,2170.647291,5.1,10.983008,2.7,6.0
1671352624.541000,45.314937,6.516883,2170.605462,359.0,10.942718,2.8,6.0
1671352625.532000,45.315034,6.516884,2168.917004,3.6,10.732818,3.0,5.7
1671352627.519000,45.315190,6.516947,2168.906943,8.6,8.183010,2.7,5.0
1671352629.525000,45.315299,6.516949,2160.157796,356.9,3.515000,2.5,4.7
1671352634.535000,45.315313,6.516816,2167.916326,-1.0,0.000175,2.5,6.2
1671352649.977000,45.315402,6.516730,2164.034610,20.7,3.208606,2.4,5.1
1671352661.778000,45.315495,6.516776,2155.567439,23.4,2.326174,2.4,4.3
1671352664.177000,45.315593,6.516822,2162.319708,8.2,4.349901,2.5,6.0
1671352666.528000,45.315727,6.516914,2158.509391,45.5,6.515046,2.5,6.2
1671352668.544000,45.315827,6.517037,2156.757005,24.4,7.277649,2.4,5.9
1671352670.544000,45.315940,6.517047,2153.100171,1.7,6.835511,2.5,6.0
1671352672.533000,45.316040,6.517078,2149.365876,45.7,5.507995,2.5,6.0
1671352674.684000,45.316105,6.517166,2147.759983,16.1,5.040274,2.5,7.8
1671352677.063000,45.316196,6.517224,2145.115764,359.2,3.307566,2.5,8.9
1671352679.541000,45.316312,6.517367,2142.490121,45.0,7.705592,2.5,9.2
1671352681.537000,45.316413,6.517545,2140.550424,55.1,8.074665,2.7,8.6
1671352683.534000,45.316543,6.517683,2136.818715,44.5,8.170362,2.5,6.8
1671352685.528000,45.316671,6.517809,2126.016046,24.3,9.018472,2.4,6.0
1671352687.522000,45.316792,6.517914,2119.079847,41.9,6.501157,2.4,6.0
1671352689.522000,45.316924,6.518024,2118.110578,28.9,9.429386,2.5,6.0
1671352691.534000,45.317046,6.518168,2121.361765,40.1,8.222231,2.5,6.4
1671352693.531000,45.317173,6.518303,2117.495686,37.7,8.914556,2.5,6.4
1671352695.540000,45.317302,6.518435,2111.414772,20.7,9.378241,2.5,6.4
1671352697.529000,45.317459,6.518530,2107.210253,15.2,8.750547,2.5,6.0
1671352699.555000,45.317630,6.518583,2102.333735,18.5,10.618219,2.5,6.0
1671352700.546000,45.317724,6.518637,2098.734702,37.5,11.452753,2.5,6.0
1671352701.532000,45.317805,6.518732,2096.036966,37.0,11.043619,2.5,6.0
1671352702.543000,45.317885,6.518823,2094.873339,31.2,11.096446,2.5,6.0
1671352703.536000,45.317981,6.518880,2090.842773,20.2,11.452446,2.4,6.0
1671352704.537000,45.318080,6.518918,2089.081007,19.2,10.996454,2.4,6.0
1671352705.525000,45.318176,6.518961,2086.054352,2.6,11.471287,2.5,6.0
1671352706.537000,45.318284,6.518967,2084.040770,4.0,11.504691,2.4,6.0
1671352707.544000,45.318385,6.518976,2082.202195,11.8,9.475071,2.5,6.0
1671352709.538000,45.318552,6.519041,2079.931190,15.0,8.674385,2.7,6.0
1671352711.529000,45.318702,6.519096,2076.997346,15.0,8.762786,2.7,6.0
1671352713.532000,45.318855,6.519162,2077.484342,19.0,8.724580,2.5,6.0
1671352715.536000,45.319000,6.519240,2064.212796,20.0,8.401533,2.4,5.2
1671352717.530000,45.319149,6.519323,2066.956652,21.0,8.633551,2.5,4.7
1671352719.543000,45.319287,6.519404,2062.326835,21.0,7.998545,2.5,4.0
1671352721.525000,45.319420,6.519488,2078.133431,24.0,8.373210,2.6,4.0
1671352723.533000,45.319563,6.519579,2069.959765,24.0,9.005227,2.5,4.0
1671352725.541000,45.319724,6.519679,2066.654211,24.0,9.609170,2.5,4.0
1671352726.532000,45.319806,6.519733,2064.725650,25.0,9.782193,2.5,4.0
1671352727.539000,45.319888,6.519789,2064.813948,25.0,9.842468,2.5,4.0
1671352729.539000,45.320042,6.519904,2061.599167,31.0,9.406976,2.5,4.0
1671352731.544000,45.320163,6.520017,2059.543462,29.1,7.643918,2.5,4.0
1671352733.516000,45.320293,6.520086,2058.574113,17.0,8.080168,2.5,4.0
1671352735.534000,45.320424,6.520154,2056.670565,22.0,7.433146,2.5,4.0
1671352737.536000,45.320559,6.520202,2055.517078,2.4,8.820902,2.8,4.4
1671352739.537000,45.320718,6.520229,2051.011653,16.9,7.998767,2.7,4.4
1671352741.537000,45.320844,6.520298,2048.325930,16.5,7.727633,2.6,4.3
1671352743.537000,45.321004,6.520350,2037.109396,15.0,9.437337,2.4,4.0
1671352745.533000,45.321163,6.520443,2030.268102,21.0,10.092377,2.4,4.0
1671352746.544000,45.321249,6.520497,2030.596477,20.9,10.262399,2.5,4.0
1671352747.533000,45.321331,6.520556,2028.806608,27.3,9.889438,2.4,4.0
1671352748.521000,45.321408,6.520623,2033.205815,29.9,10.061671,2.5,4.0
1671352749.524000,45.321484,6.520696,2032.114149,33.7,10.037645,2.5,4.0
1671352751.542000,45.321614,6.520855,2029.098381,41.1,8.963698,2.5,4.0
1671352753.545000,45.321757,6.520972,2022.490712,26.2,9.400691,2.5,4.0
1671352755.524000,45.321888,6.521077,2017.511176,25.7,7.157688,2.5,4.0
1671352757.524000,45.321991,6.521112,2014.025475,355.8,6.172970,2.5,4.3
1671352759.534000,45.322102,6.521104,2011.192497,15.2,5.892333,2.5,5.2
1671352761.539000,45.322172,6.521201,2006.750861,34.4,5.388144,2.4,6.0
1671352764.528000,45.322304,6.521268,1999.043477,0.4,6.395192,2.5,6.0
1671352766.531000,45.322419,6.521286,1994.340861,27.4,5.688812,2.7,6.7
1671352768.531000,45.322486,6.521415,1989.489418,63.7,6.719577,3.0,7.3
1671352770.527000,45.322576,6.521597,1985.917022,29.3,7.530084,2.6,8.0
1671352772.526000,45.322710,6.521670,1971.492069,3.3,6.634307,2.4,8.0
1671352774.532000,45.322836,6.521714,1967.108364,56.0,7.113841,2.4,7.3
1671352776.543000,45.322885,6.521909,1964.066951,84.4,9.077845,2.4,6.4
1671352778.530000,45.322872,6.522159,1972.838461,101.8,9.760412,2.6,6.0
1671352779.529000,45.322847,6.522289,1964.129255,105.0,9.940082,2.5,6.0
1671352780.534000,45.322818,6.522415,1962.108428,106.0,9.922784,2.5,6.0
1671352782.538000,45.322762,6.522655,1962.220507,106.0,9.745446,2.4,6.0
1671352784.535000,45.322709,6.522894,1960.355835,107.0,9.898245,2.5,6.0
1671352786.526000,45.322645,6.523123,1957.522857,112.0,9.425671,2.5,6.0
1671352788.549000,45.322571,6.523332,1956.193460,119.0,8.868320,2.4,6.0
1671352790.550000,45.322462,6.523477,1953.454530,143.7,7.971424,2.5,6.0
1671352792.520000,45.322338,6.523548,1953.183399,159.0,7.209931,2.5,5.3
1671352794.535000,45.322219,6.523598,1952.646388,163.0,6.636070,2.7,4.7
1671352796.555000,45.322108,6.523644,1952.764705,164.0,6.278165,2.6,4.0
1671352798.533000,45.321998,6.523688,1943.581781,161.0,6.470527,2.4,4.0
1671352800.513000,45.321892,6.523748,1935.924361,157.0,6.495107,2.5,4.0
1671352802.529000,45.321782,6.523810,1943.192929,158.0,6.715029,2.5,4.7
1671352804.535000,45.321665,6.523878,1948.867238,157.0,7.173519,2.5,5.2
1671352806.534000,45.321543,6.523958,1947.722494,154.0,7.368331,2.5,5.0
1671352808.536000,45.321423,6.524050,1945.278072,150.0,7.606139,2.5,4.3
1671352810.544000,45.321307,6.524156,1944.860972,146.0,7.774900,2.4,4.0
1671352812.530000,45.321199,6.524278,1943.384452,139.1,7.805338,2.5,4.0
1671352814.540000,45.321086,6.524428,1941.281096,136.0,9.037822,2.5,4.0
1671352816.534000,45.320967,6.524590,1938.063880,132.0,9.106172,2.5,4.0
1671352818.533000,45.320876,6.524785,1936.053755,113.2,9.643639,2.5,4.0
1671352820.533000,45.320856,6.525030,1932.766780,89.8,9.993066,2.5,4.3
1671352821.558000,45.320873,6.525163,1932.384834,81.3,10.345018,2.5,4.8
1671352822.547000,45.320899,6.525294,1932.417181,76.0,10.436352,2.5,5.2
1671352823.528000,45.320923,6.525422,1929.657994,82.0,9.564950,2.7,5.3
1671352825.553000,45.320924,6.525643,1929.484490,88.1,8.111049,2.5,6.0
1671352827.545000,45.320936,6.525887,1919.772982,85.9,10.183947,2.4,6.0
1671352828.533000,45.320934,6.526029,1918.178919,92.2,11.118790,2.4,6.0
1671352829.545000,45.320920,6.526182,1908.745952,98.9,11.690723,2.4,6.0
1671352830.558000,45.320908,6.526337,1911.331168,92.0,11.994665,2.4,6.0
1671352831.550000,45.320904,6.526494,1910.320773,93.9,12.265809,2.5,6.0
1671352832.545000,45.320896,6.526650,1923.329693,106.5,11.357108,2.6,5.7
1671352833.526000,45.320855,6.526782,1921.895247,114.0,11.666255,2.6,5.3
1671352834.529000,45.320821,6.526920,1912.161330,104.2,11.522803,2.5,5.0
1671352835.532000,45.320804,6.527064,1909.993368,97.1,11.600651,2.5,5.0
1671352836.546000,45.320777,6.527205,1907.070918,103.8,11.585936,2.5,4.7
1671352837.549000,45.320733,6.527336,1906.768490,115.7,11.351400,2.5,4.4
1671352838.533000,45.320693,6.527470,1905.327967,106.4,11.650554,2.4,4.4
1671352839.532000,45.320674,6.527618,1902.649830,99.8,12.035580,2.5,4.4
1671352840.540000,45.320658,6.527773,1899.944246,103.8,12.267904,2.5,4.0
1671352841.534000,45.320627,6.527923,1899.391154,117.6,11.823212,2.5,4.0
1671352842.528000,45.320572,6.528052,1896.951720,119.0,11.834525,2.5,4.0
1671352843.544000,45.320515,6.528180,1895.254451,120.0,11.778940,2.4,4.0
1671352844.536000,45.320456,6.528308,1894.443645,121.0,11.834479,2.5,4.0
1671352845.538000,45.320396,6.528436,1893.088809,122.0,11.680044,2.4,4.0
1671352846.540000,45.320342,6.528562,1891.505262,119.0,11.416844,2.5,4.0
1671352847.524000,45.320294,6.528689,1889.789507,117.0,11.110332,2.4,4.0
1671352848.528000,45.320247,6.528816,1888.984291,113.0,10.980167,2.5,4.0
1671352849.544000,45.320203,6.528940,1888.993970,115.0,10.712844,2.5,4.0
1671352850.528000,45.320158,6.529059,1887.959812,125.9,10.585314,2.8,4.0
1671352851.529000,45.320096,6.529169,1886.513412,125.0,11.448947,2.7,4.0
1671352852.535000,45.320027,6.529289,1885.217592,126.8,12.003464,2.7,4.0
1671352853.540000,45.319956,6.529414,1884.338591,127.0,12.398511,2.5,4.0
1671352854.542000,45.319887,6.529537,1872.941915,119.3,11.459162,2.4,4.0
1671352855.522000,45.319838,6.529662,1869.867325,112.1,10.700434,2.4,4.0
1671352856.541000,45.319800,6.529785,1864.022219,118.9,10.158823,2.4,4.4
1671352858.522000,45.319714,6.529998,1865.614897,97.6,7.790012,2.5,5.0
1671352860.520000,45.319740,6.530171,1869.775639,76.0,6.635728,2.5,5.3
1671352864.517000,45.319764,6.530316,1868.076158,73.1,2.658354,2.5,5.8
1671352867.533000,45.319799,6.530461,1866.542774,82.1,5.099720,2.5,5.0
1671352869.542000,45.319799,6.530600,1863.645621,88.0,6.062745,2.5,4.0
1671352871.535000,45.319798,6.530806,1860.196915,102.3,9.652262,2.5,4.0
1671352872.545000,45.319768,6.530927,1856.793795,111.6,9.690459,2.4,4.0
1671352873.531000,45.319730,6.531043,1852.395625,116.0,10.357566,2.5,4.3
1671352874.528000,45.319685,6.531172,1846.970902,111.2,11.415439,2.5,4.7
1671352875.536000,45.319648,6.531310,1844.600429,102.2,12.426191,2.4,5.0
1671352876.535000,45.319622,6.531441,1840.196083,116.3,11.505345,2.5,5.3
1671352877.550000,45.319566,6.531566,1837.418027,136.6,11.389050,2.5,6.0
1671352878.536000,45.319487,6.531667,1834.710224,129.2,11.731845,2.7,6.0
1671352879.534000,45.319422,6.531774,1833.017929,121.2,11.227781,2.7,6.0
1671352880.528000,45.319368,6.531897,1831.058081,129.8,10.924189,3.0,6.0
1671352881.542000,45.319302,6.532008,1822.530805,128.0,10.759259,2.6,6.0
1671352882.541000,45.319240,6.532122,1820.779993,118.2,11.212836,2.4,6.0
1671352883.538000,45.319188,6.532256,1818.631815,117.0,11.980208,2.4,6.0
1671352884.523000,45.319137,6.532387,1814.022335,138.0,11.168725,2.4,6.0
1671352885.531000,45.319062,6.532475,1813.424614,143.0,10.882044,2.4,6.0
1671352886.532000,45.318986,6.532551,1813.985922,125.5,10.575662,2.5,6.0
1671352887.542000,45.318933,6.532659,1819.017056,116.0,10.748856,2.5,6.0
1671352888.536000,45.318889,6.532784,1817.530251,137.4,11.050653,2.5,6.0
1671352889.534000,45.318811,6.532876,1816.293051,148.4,11.812857,2.5,6.0
1671352890.548000,45.318717,6.532952,1813.492200,139.1,11.088837,2.5,6.0
1671352891.545000,45.318641,6.533043,1811.695774,127.8,10.451008,2.5,6.0
1671352893.529000,45.318537,6.533237,1808.270892,143.7,8.738522,2.4,6.7
1671352895.543000,45.318417,6.533362,1801.815041,123.5,9.038664,2.5,7.3
1671352897.538000,45.318341,6.533567,1799.381876,126.1,8.450477,2.5,7.2
1671352899.536000,45.318246,6.533751,1792.982769,113.0,8.805058,2.4,6.4
1671352901.538000,45.318235,6.533938,1788.302453,66.5,7.686329,2.5,6.4
1671352903.537000,45.318272,6.534136,1782.082175,92.9,8.301641,2.4,7.2
1671352905.531000,45.318310,6.534336,1777.494045,36.2,7.143113,2.5,7.3
1671352907.531000,45.318404,6.534476,1772.853423,84.1,6.867541,2.7,6.8
1671352909.518000,45.318429,6.534644,1760.849058,60.1,5.995725,3.0,6.7
1671352911.540000,45.318525,6.534755,1747.728726,39.7,6.669927,2.4,7.2
1671352913.530000,45.318592,6.534845,1743.872430,69.1,2.400933,2.4,7.6
1671352931.550000,45.318618,6.534973,1755.869542,75.0,2.434763,2.5,6.7
1671352933.517000,45.318671,6.535096,1753.668988,35.1,5.424428,2.7,6.7
1671352935.528000,45.318774,6.535174,1751.601605,8.0,6.401950,2.8,8.0
1671352937.525000,45.318905,6.535215,1742.697295,9.7,6.692522,2.5,7.0
1671352939.528000,45.319015,6.535245,1736.591157,4.6,5.095806,2.5,7.7
1671352941.526000,45.319122,6.535194,1741.652061,332.2,4.022149,2.7,7.2
1671352959.747000,45.319196,6.535119,1747.062705,-1.0,0.000972,2.5,3.6
1671352982.122000,45.319279,6.535068,1745.627447,-1.0,0.000033,2.5,5.6
1671353036.533000,45.319371,6.535029,1745.307006,327.8,0.831310,2.5,6.0
1671353074.525000,45.319414,6.535171,1746.086639,83.3,0.908474,2.6,8.0
1671353078.071000,45.319424,6.535343,1738.798605,92.0,3.491216,2.6,8.6
1671353081.088000,45.319429,6.535483,1739.906110,89.4,3.691078,2.8,11.0
1671353084.088000,45.319425,6.535652,1754.131302,89.7,3.410600,2.7,10.5
1671353086.967000,45.319417,6.535800,1749.484859,90.6,3.316175,2.6,8.8
1671353090.446000,45.319412,6.535971,1754.648076,89.4,3.379272,2.7,7.2
1671353093.368000,45.319410,6.536108,1757.115800,89.3,3.707102,2.5,7.1
1671353096.248000,45.319407,6.536244,1760.343640,90.3,3.894696,2.5,7.1
1671353099.246000,45.319406,6.536379,1765.775541,89.9,3.777297,2.5,7.1
1671353102.247000,45.319401,6.536516,1770.150808,90.1,3.553759,3.0,6.9
1671353105.544000,45.319399,6.536657,1766.750691,90.0,3.513702,2.4,5.9
1671353109.515000,45.319399,6.536844,1773.098598,90.0,3.717527,2.4,5.5
1671353112.538000,45.319397,6.536992,1788.433291,90.0,3.918043,2.6,4.7
1671353115.532000,45.319397,6.537135,1783.696176,90.0,3.929452,2.5,4.0
1671353118.519000,45.319397,6.537278,1785.714154,90.0,3.853508,2.5,4.0
1671353121.530000,45.319397,6.537422,1787.836433,91.0,3.704036,2.4,4.0
1671353124.533000,45.319397,6.537564,1790.184686,90.0,3.605313,2.5,4.0
1671353127.516000,45.319398,6.537704,1793.312564,89.0,3.585551,2.5,4.0
1671353130.539000,45.319398,6.537842,1796.522506,90.0,3.641295,2.7,4.0
1671353133.542000,45.319397,6.537976,1792.868506,91.0,3.665412,2.4,4.0
1671353136.520000,45.319397,6.538121,1795.413399,91.0,3.636053,2.4,4.0
1671353139.105000,45.319394,6.538249,1808.715291,89.1,3.562209,2.5,5.9
1671353142.103000,45.319397,6.538384,1811.441397,90.1,3.564924,2.5,6.9
1671353145.463000,45.319399,6.538531,1816.434117,89.9,3.557086,2.5,7.1
1671353148.463000,45.319396,6.538666,1820.609916,88.9,3.514148,2.5,7.2
1671353151.533000,45.319394,6.538800,1824.827690,89.0,3.497197,2.4,5.6
1671353154.529000,45.319393,6.538933,1829.276025,90.0,3.533822,2.4,4.0
1671353157.535000,45.319393,6.539064,1834.504985,89.0,3.475304,2.7,4.0
1671353160.533000,45.319391,6.539196,1840.828744,90.0,3.332441,2.6,4.0
1671353163.535000,45.319391,6.539326,1835.294363,91.0,3.335118,2.4,4.0
1671353166.539000,45.319391,6.539456,1843.967084,90.0,3.324651,2.4,4.0
1671353170.531000,45.319390,6.539625,1866.178061,89.0,3.236414,2.6,4.0
1671353174.525000,45.319389,6.539792,1866.080541,91.0,3.197895,2.5,4.0
1671353177.529000,45.319389,6.539926,1872.236379,89.2,3.185898,2.5,4.0
1671353181.546000,45.319389,6.540123,1878.948440,90.0,3.282553,2.5,4.0
1671353185.541000,45.319389,6.540290,1883.001846,90.0,3.456416,2.8,4.0
1671353188.517000,45.319389,6.540429,1887.709824,89.0,3.401263,2.5,4.0
1671353191.530000,45.319387,6.540569,1883.068763,90.0,3.536964,2.4,4.0
1671353194.526000,45.319386,6.540705,1887.989951,91.0,3.822666,2.6,4.0
1671353197.536000,45.319385,6.540841,1906.344465,90.9,3.706368,2.6,4.0
1671353200.540000,45.319385,6.540978,1910.751781,89.0,3.494539,2.5,4.0
1671353203.521000,45.319384,6.541114,1916.776687,90.0,3.401627,2.5,4.0
1671353206.532000,45.319386,6.541253,1923.006597,90.0,3.402492,2.5,4.0
1671353209.532000,45.319388,6.541387,1925.042049,91.0,3.556013,2.5,4.0
1671353212.523000,45.319387,6.541518,1929.199724,90.0,3.944286,2.4,5.0
1671353215.549000,45.319385,6.541662,1923.353509,91.0,3.773644,2.8,5.0
1671353218.533000,45.319382,6.541801,1927.902300,89.0,3.690858,2.5,4.9
1671353221.543000,45.319382,6.541941,1936.238862,90.0,3.567010,2.6,5.1
1671353224.530000,45.319382,6.542081,1942.688474,90.0,3.665882,2.8,5.1
1671353227.535000,45.319381,6.542213,1944.932786,90.0,3.661679,2.6,5.1
1671353230.547000,45.319379,6.542351,1950.162302,90.0,3.551223,2.8,6.5
1671353233.526000,45.319377,6.542499,1955.384648,90.0,3.555202,2.8,6.2
1671353236.531000,45.319374,6.542638,1957.875016,90.0,3.575006,2.6,5.1
1671353239.527000,45.319373,6.542775,1960.672658,90.0,3.619259,2.4,5.1
1671353242.527000,45.319371,6.542911,1965.300258,89.0,3.545650,2.4,4.8
1671353245.534000,45.319370,6.543048,1961.995938,90.0,3.542556,2.8,4.8
1671353248.541000,45.319370,6.543186,1970.824470,91.0,3.540567,2.5,4.9
1671353251.537000,45.319370,6.543320,1981.889314,91.0,3.531870,2.5,4.8
1671353255.202000,45.319370,6.543462,1987.164312,89.1,3.528140,2.5,4.3
1671353257.540000,45.319369,6.543590,1990.271674,90.0,3.559551,2.6,3.7
1671353260.534000,45.319366,6.543727,1993.864201,89.0,3.582471,2.5,3.2
1671353263.540000,45.319365,6.543865,1995.443911,89.0,3.605558,2.6,3.7
1671353266.529000,45.319363,6.544004,1996.559732,90.0,3.612891,2.4,3.2
1671353269.553000,45.319363,6.544145,2000.490503,91.0,3.604609,2.4,3.0
1671353272.538000,45.319359,6.544279,2006.213732,90.0,3.589239,2.5,3.6
1671353275.554000,45.319358,6.544413,2005.498185,91.0,3.576340,2.5,3.5
1671353278.553000,45.319356,6.544551,2010.629464,91.0,3.570987,2.5,3.0
1671353281.530000,45.319356,6.544688,2020.638429,91.0,3.562622,2.5,3.0
1671353284.540000,45.319356,6.544825,2027.006592,90.0,3.549654,2.4,2.6
1671353287.529000,45.319355,6.544958,2030.317728,89.0,3.534148,2.5,2.7
1671353290.537000,45.319354,6.545094,2034.836051,90.0,3.554422,2.5,3.8
1671353293.536000,45.319355,6.545238,2036.846571,88.0,3.594122,2.4,4.6
1671353296.538000,45.319356,6.545380,2035.625668,90.0,3.640038,2.5,4.5
1671353299.537000,45.319355,6.545522,2039.066179,90.0,3.655907,2.5,4.6
1671353302.533000,45.319352,6.545663,2036.123085,90.0,3.672344,2.6,3.2
1671353305.520000,45.319349,6.545800,2041.005183,90.0,3.689327,2.7,3.6
1671353308.522000,45.319348,6.545936,2050.732484,90.0,3.683650,2.6,3.9
1671353311.519000,45.319347,6.546076,2053.664018,91.0,3.680804,2.6,3.9
1671353314.528000,45.319347,6.546213,2057.398739,89.0,3.663122,2.6,3.9
1671353317.533000,45.319346,6.546354,2060.918361,90.0,3.654835,2.7,3.4
1671353320.542000,45.319344,6.546490,2064.060951,90.0,3.639936,2.7,3.4
1671353324.533000,45.319344,6.546668,2066.046384,89.0,3.650894,2.4,4.3
1671353327.529000,45.319343,6.546813,2069.129463,90.0,3.671840,2.5,4.5
1671353330.516000,45.319343,6.546956,2065.063081,89.0,3.702861,2.5,4.6
1671353333.528000,45.319341,6.547098,2068.341588,90.0,3.721542,2.6,3.9
1671353336.546000,45.319342,6.547244,2075.224926,90.0,3.729968,2.5,3.7
1671353339.553000,45.319342,6.547393,2076.963314,90.0,3.747713,2.5,3.4
1671353342.535000,45.319347,6.547542,2078.860970,89.0,3.765210,2.4,3.5
1671353345.533000,45.319351,6.547683,2081.455823,90.0,3.764972,2.5,3.4
1671353348.534000,45.319350,6.547815,2083.780760,90.0,3.754602,2.5,3.7
1671353351.531000,45.319346,6.547956,2084.220205,90.0,3.745934,2.5,3.9
1671353354.545000,45.319345,6.548114,2086.659944,89.0,3.753128,2.5,4.4
1671353357.530000,45.319342,6.548267,2086.729744,90.0,3.743313,2.4,4.2
1671353360.531000,45.319341,6.548415,2086.610103,90.0,3.754209,2.5,4.6
1671353363.540000,45.319337,6.548558,2088.652191,90.0,3.762320,2.5,4.4
1671353366.540000,45.319337,6.548698,2095.994815,89.0,3.759316,2.5,4.2
1671353369.533000,45.319338,6.548850,2098.007502,89.0,3.770946,2.5,3.4
1671353372.538000,45.319338,6.548984,2099.721481,90.0,3.757637,2.4,3.4
1671353375.545000,45.319338,6.549130,2100.929367,90.0,3.753775,2.4,3.3
1671353378.538000,45.319337,6.549270,2100.445709,90.0,3.750197,2.4,3.9
1671353381.537000,45.319338,6.549412,2102.883399,90.0,3.739275,2.4,3.0
1671353384.549000,45.319340,6.549547,2107.151732,90.0,3.737074,2.6,4.1
1671353387.551000,45.319343,6.549683,2104.720832,90.0,3.718975,2.4,5.1
1671353390.549000,45.319344,6.549820,2109.745255,90.0,3.717456,2.5,3.9
1671353393.527000,45.319340,6.549965,2114.934953,89.0,3.742374,2.5,3.8
1671353397.520000,45.319339,6.550120,2115.503652,92.5,3.677527,2.5,3.4
1671353403.537000,45.319341,6.550256,2115.285512,95.7,2.799964,2.4,4.9
1671353406.525000,45.319375,6.550375,2111.864330,55.5,2.813870,2.4,5.1
1671353410.535000,45.319479,6.550393,2112.390092,347.3,2.780451,2.5,4.0
1671353427.547000,45.319383,6.550427,2113.221937,155.8,1.537992,2.4,4.0
1671353432.533000,45.319288,6.550498,2112.775133,164.9,1.839785,2.4,3.7
1671353437.467000,45.319176,6.550494,2110.157531,199.5,2.095154,2.4,4.8
1671353440.466000,45.319063,6.550394,2106.147299,218.4,2.822215,2.4,6.2
1671353441.521000,45.318978,6.550307,2105.259616,216.8,7.946658,2.4,6.5
1671353442.539000,45.318905,6.550232,2102.823084,214.3,8.720819,2.4,6.2
1671353443.548000,45.318824,6.550158,2101.890051,211.1,9.744303,2.4,6.1
1671353444.538000,45.318739,6.550088,2099.334730,209.0,10.629917,2.4,5.7
1671353445.538000,45.318650,6.550016,2097.528072,215.6,11.142757,2.4,5.1
1671353446.536000,45.318578,6.549916,2096.380101,230.5,10.671699,2.5,4.4
1671353447.537000,45.318524,6.549803,2094.903082,238.0,10.622734,2.5,4.3
1671353448.524000,45.318476,6.549686,2092.185191,221.3,10.714919,2.4,4.0
1671353449.537000,45.318404,6.549593,2090.296399,228.6,10.854403,2.4,4.3
1671353450.517000,45.318339,6.549480,2095.286057,243.8,11.861053,2.5,4.7
1671353451.522000,45.318294,6.549334,2088.829967,243.0,13.129924,2.6,5.0
1671353452.529000,45.318240,6.549176,2083.071680,230.9,13.559085,2.6,5.3
1671353453.523000,45.318159,6.549034,2078.684821,237.0,14.509795,2.5,6.7
1671353454.528000,45.318079,6.548866,2071.781938,234.2,15.660666,2.5,8.0
1671353455.533000,45.317980,6.548676,2066.078474,239.8,18.093576,2.5,9.6
1671353456.527000,45.317887,6.548470,2060.243973,239.1,19.272593,2.5,10.8
1671353457.529000,45.317792,6.548255,2054.090870,233.5,19.516436,3.2,11.7
1671353458.521000,45.317674,6.548056,2047.715268,226.5,19.392776,3.2,13.3
1671353459.525000,45.317525,6.547860,2043.598709,231.6,19.653316,2.5,13.3
1671353460.525000,45.317377,6.547671,2040.147397,227.3,21.025534,2.6,13.3
1671353461.526000,45.317209,6.547497,2031.642777,218.3,21.145580,2.5,13.3
1671353462.528000,45.317025,6.547357,2028.486086,213.0,19.584797,2.5,13.3
1671353463.545000,45.316842,6.547257,2026.441334,199.0,18.037050,2.5,12.0
1671353464.531000,45.316668,6.547233,2025.307258,188.1,15.594818,2.5,12.0
1671353465.536000,45.316516,6.547241,2023.148624,186.1,13.476485,2.6,12.0
1671353466.514000,45.316392,6.547254,2020.310635,190.0,11.828596,2.5,12.0
1671353467.533000,45.316286,6.547244,2023.219386,198.8,11.210232,2.5,12.0
1671353468.518000,45.316192,6.547207,2020.302196,200.0,11.505077,2.5,12.0
1671353469.534000,45.316099,6.547168,2020.664944,196.0,11.339341,2.5,11.2
1671353470.530000,45.316005,6.547138,2017.384767,193.0,10.849519,2.5,10.7
1671353471.514000,45.315912,6.547113,2013.577657,198.0,10.738789,2.5,10.0
1671353472.533000,45.315821,6.547064,2013.856418,209.6,10.615269,2.5,9.3
1671353473.531000,45.315742,6.546992,2008.479949,213.8,11.243976,2.5,8.0
1671353474.531000,45.315658,6.546906,2004.431783,206.6,11.187744,2.4,8.0
1671353475.538000,45.315566,6.546842,2002.598391,198.4,11.222493,2.5,8.8
1671353476.528000,45.315469,6.546791,2000.216355,199.0,13.637490,2.5,9.6
1671353477.540000,45.315348,6.546742,1998.197643,201.9,14.025109,2.5,10.4
1671353478.527000,45.315226,6.546691,1996.059920,197.0,13.492200,2.5,10.7
1671353479.533000,45.315097,6.546669,1998.165270,192.2,13.803054,2.6,12.0
1671353480.521000,45.314969,6.546656,1995.744577,203.7,11.732785,2.5,12.0
1671353481.537000,45.314862,6.546610,1991.688148,211.7,12.440817,2.5,12.0
1671353482.518000,45.314759,6.546536,1987.847231,205.6,13.148145,2.5,12.0
1671353483.535000,45.314646,6.546466,1983.476106,202.1,14.092765,2.5,12.0
1671353484.521000,45.314530,6.546402,1980.848212,212.8,12.518853,2.5,12.0
1671353485.522000,45.314445,6.546309,1978.795892,244.7,11.482740,2.5,12.0
1671353486.526000,45.314409,6.546172,1972.087863,250.3,11.364926,2.5,12.0
1671353487.515000,45.314379,6.546028,1969.521073,225.8,11.223804,2.5,12.0
1671353488.529000,45.314308,6.545921,1967.645318,235.6,10.215573,2.5,12.0
1671353489.531000,45.314265,6.545807,1966.499718,256.0,9.320742,2.5,12.0
1671353491.540000,45.314251,6.545557,1961.949194,244.7,8.227935,2.5,11.2
1671353493.526000,45.314154,6.545402,1957.291626,211.2,6.987031,2.5,10.0
1671353495.520000,45.314027,6.545298,1955.346445,249.5,7.302117,2.5,8.7
1671353497.538000,45.314004,6.545090,1951.307736,254.6,9.480759,2.5,8.0
1671353498.536000,45.313974,6.544964,1949.368126,248.5,9.913046,2.5,8.0
1671353499.514000,45.313929,6.544843,1946.463675,232.3,9.631290,2.5,8.0
1671353500.529000,45.313866,6.544752,1942.007386,238.6,10.316649,2.6,8.0
1671353502.509000,45.313778,6.544531,1929.262501,241.1,10.875015,2.4,8.0
1671353503.525000,45.313727,6.544412,1927.319732,240.2,10.585544,2.4,8.7
1671353504.526000,45.313672,6.544307,1924.018162,228.7,9.064878,2.4,9.6
1671353506.527000,45.313512,6.544186,1923.195024,226.4,8.249257,2.4,11.2
1671353508.532000,45.313365,6.544068,1923.125509,215.0,6.394818,2.5,10.4
1671353510.531000,45.313257,6.544006,1921.709629,195.1,4.387456,2.5,9.3
1671353516.513000,45.313160,6.543998,1921.361868,-1.0,0.000117,2.5,6.7
1671353549.244000,45.313072,6.544029,1923.387770,-1.0,0.016493,2.5,6.2
1671353572.601000,45.313024,6.544137,1923.544266,-1.0,0.026902,2.5,4.1
1671353622.177000,45.313064,6.544253,1923.522772,-1.0,0.001526,2.8,4.1
1671353638.016000,45.313109,6.544375,1926.475368,49.7,2.272651,2.5,6.5
1671353640.336000,45.313194,6.544539,1926.298482,52.2,3.749651,2.5,9.4
1671353642.615000,45.313260,6.544640,1927.917249,49.1,3.085677,2.7,10.3
1671353645.615000,45.313343,6.544776,1934.688445,50.6,3.642920,2.6,9.9
1671353648.536000,45.313418,6.544901,1941.524975,52.0,3.700838,2.9,7.9
1671353651.415000,45.313480,6.545012,1947.074205,56.1,3.551729,2.7,7.0
1671353654.414000,45.313539,6.545115,1953.610252,50.8,3.362176,2.7,7.0
1671353657.413000,45.313592,6.545222,1959.252530,49.4,3.402730,2.7,7.2
1671353660.414000,45.313643,6.545328,1965.373393,54.6,3.215740,3.0,8.8
1671353663.534000,45.313704,6.545441,1972.402862,51.0,4.404847,2.8,6.8
1671353666.547000,45.313770,6.545561,1973.173973,54.0,3.915790,2.8,4.7
1671353669.534000,45.313832,6.545684,1974.998268,54.0,4.102948,2.8,4.0
1671353672.533000,45.313898,6.545795,1977.249450,50.0,3.952471,3.0,4.0
1671353675.520000,45.313967,6.545920,1980.211327,51.0,4.042223,2.9,4.0
1671353678.522000,45.314033,6.546039,1983.405351,52.0,3.877378,3.1,4.0
1671353681.522000,45.314098,6.546156,1985.142306,53.0,3.897066,3.0,4.0
1671353684.538000,45.314162,6.546272,1987.798969,53.0,3.783496,3.0,4.0
1671353687.528000,45.314225,6.546389,1991.184844,51.1,3.991496,3.0,4.0
1671353690.536000,45.314290,6.546509,1994.040456,51.0,3.820350,3.2,4.0
1671353693.531000,45.314352,6.546627,1997.175179,53.0,3.806689,3.2,4.0
1671353696.538000,45.314414,6.546743,2000.515345,53.0,3.727385,2.5,5.3
1671353699.551000,45.314474,6.546856,2003.517783,52.0,3.926288,2.5,6.3
1671353702.547000,45.314541,6.546981,2007.414305,52.0,3.825645,2.7,6.3
1671353705.538000,45.314604,6.547100,2011.794878,52.1,3.783285,2.6,4.0
1671353708.538000,45.314668,6.547217,2014.706546,52.0,3.793694,2.6,4.0
1671353711.524000,45.314729,6.547333,2019.169649,53.0,3.875088,2.4,4.0
1671353714.546000,45.314793,6.547449,2022.626822,52.0,3.764307,2.5,4.0
1671353717.509000,45.314854,6.547565,2026.523763,51.0,3.644916,2.6,4.0
1671353720.537000,45.314915,6.547682,2031.441236,52.0,3.733291,2.8,4.0
1671353723.530000,45.314976,6.547791,2032.892220,53.0,3.767337,2.4,4.0
1671353726.515000,45.315035,6.547900,2039.780332,53.0,3.687287,2.4,4.0
1671353729.548000,45.315094,6.548008,2043.886460,51.0,3.604113,2.5,5.0
1671353732.527000,45.315155,6.548113,2050.141486,51.0,3.609414,2.6,4.9
1671353735.519000,45.315208,6.548217,2055.680991,53.0,3.514875,2.8,5.3
1671353738.540000,45.315266,6.548331,2060.422206,53.0,4.202386,2.6,5.7
1671353741.540000,45.315332,6.548450,2062.678592,54.0,3.909995,2.5,5.0
1671353744.050000,45.315386,6.548552,2063.566472,50.0,3.885007,2.5,5.1
1671353747.547000,45.315461,6.548694,2065.625544,52.0,3.828421,2.7,5.1
1671353750.525000,45.315525,6.548816,2066.989899,52.0,3.959117,2.5,4.0
1671353753.530000,45.315590,6.548936,2069.741994,52.0,3.912190,2.5,4.0
1671353756.517000,45.315655,6.549055,2069.376223,53.0,3.938604,2.5,4.0
1671353759.537000,45.315719,6.549174,2073.822362,51.0,3.876306,2.8,4.0
1671353762.539000,45.315782,6.549292,2076.671595,52.0,3.977813,2.5,4.0
1671353765.529000,45.315847,6.549412,2080.003804,53.0,3.904131,2.7,4.0
1671353768.537000,45.315911,6.549529,2082.474207,52.0,3.936665,2.5,4.0
1671353771.530000,45.315974,6.549646,2085.712875,52.0,3.793898,2.5,4.9
1671353774.529000,45.316035,6.549758,2089.166925,51.0,4.071041,2.7,4.8
1671353777.532000,45.316102,6.549882,2090.852373,52.0,3.913738,2.5,4.7
1671353780.539000,45.316168,6.550002,2094.592064,52.0,3.897427,2.5,4.0
1671353783.524000,45.316232,6.550118,2097.121812,53.0,3.848548,2.5,4.0
1671353786.555000,45.316296,6.550235,2099.254260,52.0,3.873742,2.5,4.0
1671353789.535000,45.316358,6.550353,2104.963269,53.0,3.836910,2.5,4.0
1671353792.539000,45.316420,6.550469,2109.012139,53.0,3.832870,2.8,4.0
1671353795.535000,45.316481,6.550584,2112.540778,52.0,3.736648,2.6,4.0
1671353798.538000,45.316542,6.550699,2116.693700,53.0,3.695740,2.5,4.0
1671353801.540000,45.316606,6.550813,2121.135183,51.0,4.042402,2.5,4.0
1671353804.530000,45.316669,6.550933,2122.763365,51.0,3.946738,2.6,4.0
1671353807.539000,45.316733,6.551052,2124.805746,53.0,3.917958,2.5,4.0
1671353810.543000,45.316796,6.551167,2127.857446,54.0,3.885640,2.5,4.0
1671353813.533000,45.316863,6.551286,2130.368880,51.0,3.887242,2.5,4.0
1671353816.521000,45.316925,6.551402,2131.234342,51.0,3.876962,2.5,3.8
1671353819.531000,45.316989,6.551518,2137.088691,52.0,3.871300,2.5,3.3
1671353822.544000,45.317052,6.551632,2140.856021,53.0,3.855339,2.8,3.1
1671353825.532000,45.317114,6.551749,2143.487043,52.0,3.847612,2.6,3.5
1671353828.533000,45.317175,6.551866,2148.499813,52.0,3.831472,2.5,3.5
1671353831.566000,45.317246,6.551998,2152.879553,52.0,3.817712,2.5,3.3
1671353835.536000,45.317319,6.552133,2158.082477,51.0,3.793349,2.7,3.2
1671353838.530000,45.317382,6.552251,2159.522964,52.0,3.782615,2.4,3.2
1671353841.547000,45.317447,6.552378,2166.228586,52.0,3.761614,2.5,3.2
1671353845.542000,45.317519,6.552512,2170.783374,53.0,3.739119,2.5,3.3
1671353848.534000,45.317578,6.552620,2177.552029,52.9,3.715115,2.6,3.8
1671353851.534000,45.317650,6.552752,2180.220596,52.0,3.763951,2.6,3.1
1671353854.545000,45.317708,6.552858,2181.533606,52.0,3.786600,2.6,3.0
1671353857.524000,45.317774,6.552982,2184.424784,52.0,3.821656,2.4,3.0
1671353860.531000,45.317834,6.553092,2187.140266,52.0,3.843263,2.5,3.0
1671353863.552000,45.317901,6.553214,2189.323218,52.0,3.854673,2.6,3.3
1671353866.529000,45.317962,6.553327,2190.866128,52.0,3.855636,2.5,4.5
1671353869.533000,45.318026,6.553445,2194.879920,53.0,3.862226,2.5,4.9
1671353872.555000,45.318092,6.553568,2197.010293,51.1,3.859660,2.5,3.3
1671353875.552000,45.318153,6.553679,2198.695588,52.0,3.859266,2.5,3.9
1671353878.555000,45.318214,6.553794,2204.339417,53.0,3.844671,2.5,5.0
1671353881.560000,45.318283,6.553921,2208.119897,53.0,3.847032,2.8,3.4
1671353884.537000,45.318341,6.554030,2209.533816,52.0,3.854141,2.6,3.6
1671353887.526000,45.318403,6.554148,2212.587557,52.0,3.863366,2.5,3.9
1671353890.529000,45.318465,6.554263,2216.004712,52.0,3.862892,2.5,3.9
1671353893.529000,45.318531,6.554384,2219.628789,52.0,3.871345,2.6,3.4
1671353896.548000,45.318594,6.554507,2220.929178,52.0,3.860397,2.5,3.4
1671353899.539000,45.318652,6.554616,2224.960257,51.0,3.848650,2.5,3.9
1671353902.540000,45.318717,6.554732,2228.874219,52.0,3.767876,2.5,3.4
1671353905.537000,45.318774,6.554845,2233.926318,52.0,3.690289,2.5,3.0
1671353908.539000,45.318830,6.554951,2242.819840,52.0,3.617098,2.5,3.0
1671353911.538000,45.318888,6.555056,2250.007784,52.0,3.560178,2.8,3.5
1671353914.529000,45.318943,6.555157,2254.609957,52.0,3.503483,2.6,3.1
1671353917.539000,45.318999,6.555260,2262.329346,52.0,3.469905,2.5,3.5
1671353921.541000,45.319072,6.555393,2272.103837,51.0,3.426686,2.5,3.4
1671353924.540000,45.319128,6.555493,2278.340599,52.0,3.396496,2.9,3.5
1671353928.530000,45.319204,6.555625,2285.737389,53.0,3.384845,2.5,3.8
1671353931.530000,45.319266,6.555739,2291.781403,52.0,3.495887,2.4,3.1
1671353934.521000,45.319329,6.555858,2294.701080,52.0,3.582711,2.5,3.1
1671353937.556000,45.319397,6.555988,2300.348755,51.0,3.632758,2.6,3.6
1671353941.534000,45.319470,6.556123,2306.202690,52.0,3.681581,2.8,3.5
1671353944.530000,45.319532,6.556242,2309.678129,52.0,3.700280,2.6,3.6
1671353947.552000,45.319600,6.556367,2314.109274,53.0,3.719885,2.5,3.3
1671353951.536000,45.319674,6.556503,2319.913497,52.0,3.721889,2.5,2.8
1671353954.524000,45.319737,6.556619,2323.470451,52.0,3.723032,2.9,3.6
1671353957.548000,45.319802,6.556743,2326.446649,52.0,3.694944,2.4,3.9
1671353960.531000,45.319857,6.556847,2332.267609,52.0,3.715315,2.5,3.8
1671353963.517000,45.319914,6.556960,2335.068834,52.0,3.746604,2.5,3.6
1671353966.524000,45.319970,6.557075,2339.775737,52.0,3.760096,2.9,3.8
1671353969.532000,45.320030,6.557192,2344.102267,52.0,3.763987,2.5,3.9
1671353972.540000,45.320096,6.557314,2348.251407,52.0,3.768685,2.7,3.9
1671353975.528000,45.320155,6.557421,2352.089718,52.0,3.765525,2.5,3.9
1671353978.518000,45.320219,6.557536,2356.001813,52.0,3.762778,2.5,3.6
1671353981.535000,45.320280,6.557648,2359.888536,52.0,3.755404,2.5,3.2
1671353984.529000,45.320342,6.557761,2364.085116,54.0,3.754811,2.7,2.7
1671353987.554000,45.320401,6.557871,2366.359046,52.0,3.774964,2.5,4.9
1671353990.526000,45.320466,6.557990,2370.871111,52.0,3.802841,2.4,5.1
1671353993.532000,45.320537,6.558112,2373.183683,51.0,3.819413,2.5,3.9
1671353996.530000,45.320598,6.558227,2377.642253,52.0,3.832288,2.6,3.9
1671353999.532000,45.320663,6.558346,2381.351467,53.0,3.838623,2.6,3.3
1671354002.550000,45.320731,6.558473,2383.755501,52.0,3.837458,2.6,3.6
1671354005.526000,45.320789,6.558582,2388.147657,52.0,3.832215,2.4,3.9
1671354008.545000,45.320855,6.558701,2391.344478,52.0,3.839585,2.5,3.8
1671354011.545000,45.320916,6.558809,2394.709748,52.0,3.838647,2.7,3.5
1671354014.562000,45.320980,6.558920,2398.840664,50.0,3.822669,2.6,3.9
1671354017.554000,45.321045,6.559036,2400.453276,52.0,3.816546,2.5,3.9
1671354020.554000,45.321103,6.559144,2406.044528,53.0,3.809656,2.4,3.9
1671354023.545000,45.321164,6.559260,2409.747103,52.0,3.798258,2.5,3.9
1671354026.529000,45.321226,6.559378,2415.240938,53.0,3.791773,2.6,3.9
1671354029.535000,45.321286,6.559494,2420.556237,52.0,3.792739,2.6,3.5
1671354032.534000,45.321347,6.559612,2423.972386,53.0,3.779840,2.6,3.5
1671354035.537000,45.321411,6.559725,2428.508073,52.0,3.767117,2.4,3.5
1671354038.542000,45.321473,6.559840,2433.421804,52.0,3.744148,2.5,3.1
1671354041.536000,45.321534,6.559954,2439.622658,52.0,3.728100,2.7,2.8
1671354044.531000,45.321594,6.560066,2441.674914,52.0,3.715039,2.6,3.3
1671354047.539000,45.321660,6.560188,2443.859834,52.0,3.747531,2.5,3.5
1671354050.523000,45.321720,6.560294,2450.001939,51.0,3.777995,2.4,3.6
1671354053.521000,45.321785,6.560414,2451.356248,53.0,3.788987,2.5,3.8
1671354056.526000,45.321852,6.560543,2456.895143,52.0,3.787073,2.6,3.6
1671354059.529000,45.321908,6.560644,2461.161452,52.0,3.789373,2.6,3.2
1671354062.515000,45.321971,6.560761,2464.228202,52.0,3.771263,2.6,2.8
1671354065.530000,45.322031,6.560868,2469.325838,52.0,3.765002,2.4,3.7
1671354068.532000,45.322096,6.560989,2471.035508,52.0,3.792557,2.5,3.8
1671354071.549000,45.322167,6.561120,2473.128074,53.0,3.826535,2.7,3.6
1671354074.526000,45.322225,6.561224,2475.933895,51.7,3.844785,2.6,3.3
1671354077.539000,45.322293,6.561346,2475.884038,51.0,3.856392,2.5,3.6
1671354081.545000,45.322380,6.561500,2481.873938,52.0,3.853686,2.5,2.7
1671354084.530000,45.322439,6.561604,2484.423792,51.9,3.827339,2.6,2.9
1671354087.531000,45.322503,6.561722,2491.630397,52.0,3.791732,2.5,2.7
1671354090.529000,45.322560,6.561827,2497.242659,52.0,3.761256,2.8,3.1
1671354093.528000,45.322620,6.561936,2502.489326,52.0,3.733094,2.6,2.7
1671354096.533000,45.322680,6.562048,2506.600578,53.0,3.716813,2.5,3.1
1671354099.525000,45.322740,6.562160,2512.215972,52.0,3.696002,2.5,3.1
1671354102.521000,45.322800,6.562271,2517.609733,52.0,3.678616,2.6,1.9
1671354105.543000,45.322860,6.562381,2521.927195,53.0,3.656138,2.6,2.9
1671354108.527000,45.322919,6.562490,2527.497135,53.0,3.640167,2.5,3.9
1671354111.553000,45.322987,6.562614,2532.581300,52.0,3.624325,2.5,3.9
1671354115.536000,45.323058,6.562744,2541.414971,52.0,3.601830,2.9,2.9
1671354118.519000,45.323118,6.562854,2547.666214,52.0,3.582922,2.5,1.9
1671354121.531000,45.323183,6.562973,2552.896926,52.0,3.583405,2.7,3.2
1671354124.517000,45.323238,6.563076,2555.572487,53.0,3.647002,2.5,3.4
1671354127.527000,45.323304,6.563200,2560.221905,52.0,3.701757,2.5,3.3
1671354130.522000,45.323363,6.563309,2563.936175,52.0,3.735169,2.5,3.3
1671354133.547000,45.323426,6.563428,2567.131738,51.0,3.761463,2.8,3.6
1671354136.549000,45.323494,6.563552,2567.895675,52.0,3.771653,2.4,3.9
1671354139.532000,45.323549,6.563654,2573.515303,52.0,3.775523,2.5,3.4
1671354142.528000,45.323614,6.563774,2575.597369,52.0,3.777925,2.6,3.4
1671354145.538000,45.323673,6.563883,2580.226768,52.0,3.782608,2.6,3.5
1671354148.530000,45.323735,6.564000,2586.890423,52.0,3.778175,2.5,2.5
1671354151.562000,45.323803,6.564124,2589.799545,52.0,3.771421,2.6,1.9
1671354154.521000,45.323860,6.564227,2591.037060,51.0,3.801020,2.5,2.9
1671354157.517000,45.323929,6.564353,2594.461754,52.0,3.853090,2.7,3.2
1671354160.530000,45.323990,6.564468,2597.336061,52.0,3.882758,2.9,3.9
1671354163.540000,45.324057,6.564585,2597.313910,52.0,3.877438,2.6,3.6
1671354166.525000,45.324129,6.564713,2596.588719,51.0,3.906365,2.4,3.5
1671354170.533000,45.324200,6.564865,2597.631430,50.9,3.895418,2.4,3.8
1671354175.543000,45.324265,6.564983,2598.405119,45.6,3.278519,2.5,3.8
1671354180.531000,45.324342,6.565077,2597.899985,37.6,2.878436,2.5,4.0
1671354183.527000,45.324424,6.565162,2595.923307,44.6,3.139956,2.5,3.8
1671354187.520000,45.324470,6.565301,2596.960881,73.3,3.073297,2.5,3.5
1671354194.518000,45.324563,6.565375,2593.178921,11.6,2.574996,2.4,3.6
1671354198.544000,45.324654,6.565425,2593.900003,30.0,2.621405,2.4,3.8
1671354201.551000,45.324732,6.565493,2593.575961,39.0,2.825403,2.4,3.6
1671354207.477000,45.324806,6.565584,2590.407532,38.8,1.224425,2.5,4.3
1671354238.529000,45.324905,6.565586,2586.506181,36.3,1.538175,2.5,3.7
1671354241.532000,45.325024,6.565675,2581.139236,16.1,4.120221,2.4,3.8
1671354243.529000,45.325149,6.565698,2580.218286,3.0,8.079953,2.4,3.6
1671354244.541000,45.325240,6.565701,2577.854519,1.2,8.673161,2.4,3.5
1671354246.551000,45.325408,6.565673,2574.352087,350.2,9.264719,2.4,3.3
1671354248.541000,45.325572,6.565585,2574.682614,337.1,9.322881,2.4,4.0
1671354250.540000,45.325741,6.565491,2570.840894,341.0,10.741254,2.4,4.0
1671354251.526000,45.325837,6.565446,2569.175147,340.0,11.336798,2.4,4.0
1671354252.523000,45.325936,6.565392,2567.537677,337.0,11.733328,2.4,4.0
1671354253.543000,45.326037,6.565329,2564.777726,336.2,12.245144,2.4,4.0
1671354254.528000,45.326128,6.565257,2562.881846,328.2,11.771729,2.4,4.0
1671354255.532000,45.326220,6.565184,2561.040425,333.0,12.428983,2.4,4.0
1671354256.532000,45.326321,6.565114,2560.189541,336.7,12.882838,2.4,4.0
1671354257.523000,45.326430,6.565045,2557.332650,337.0,13.283831,2.4,4.0
1671354258.530000,45.326541,6.564978,2557.576240,332.2,12.811539,2.4,4.0
1671354259.528000,45.326644,6.564900,2556.007528,331.0,12.874031,2.4,4.3
1671354260.539000,45.326748,6.564824,2554.290047,333.9,12.798086,2.4,4.8
1671354261.536000,45.326856,6.564754,2552.955883,334.0,13.257215,2.4,5.2
1671354262.558000,45.326964,6.564679,2550.680811,332.0,13.312653,2.6,5.6
1671354263.531000,45.327065,6.564602,2548.639706,322.6,12.105120,2.6,5.7
1671354264.529000,45.327141,6.564493,2547.436304,310.2,12.022590,2.6,6.0
1671354265.557000,45.327205,6.564368,2545.124722,300.0,11.579302,2.6,6.0
1671354266.527000,45.327263,6.564240,2543.768361,303.5,11.622540,2.6,5.7
1671354267.552000,45.327337,6.564131,2543.016805,316.2,11.406210,2.6,5.3
1671354268.552000,45.327418,6.564040,2544.058611,320.0,11.321476,2.5,4.8
1671354269.551000,45.327497,6.563947,2540.099161,313.2,11.513663,2.5,4.4
1671354270.569000,45.327568,6.563840,2538.303936,313.0,11.810834,2.4,4.0
1671354271.540000,45.327644,6.563732,2536.637808,315.0,12.245157,2.4,4.0
1671354272.532000,45.327722,6.563625,2535.781377,317.0,12.234773,2.5,4.0
1671354273.527000,45.327804,6.563523,2532.622620,319.0,12.060988,2.4,4.0
1671354274.534000,45.327885,6.563426,2531.108968,325.5,12.007811,2.4,4.0
1671354275.515000,45.327972,6.563351,2527.914653,332.9,11.000123,2.4,4.0
1671354276.519000,45.328066,6.563299,2528.079700,338.0,11.509235,2.4,4.0
1671354277.544000,45.328165,6.563247,2526.484280,337.0,11.652869,2.4,4.0
1671354278.523000,45.328259,6.563188,2526.907555,335.0,11.602953,2.4,4.0
1671354279.517000,45.328354,6.563121,2525.975368,333.0,11.812681,2.4,4.0
1671354280.537000,45.328448,6.563045,2525.027864,328.0,11.976425,2.4,4.0
1671354281.515000,45.328529,6.562955,2521.317450,320.1,11.568230,2.4,4.0
1671354282.517000,45.328598,6.562848,2520.679680,311.0,11.248037,2.4,4.0
1671354283.532000,45.328662,6.562737,2519.211200,313.7,11.367962,2.4,4.0
1671354284.526000,45.328737,6.562633,2518.622732,319.9,12.346655,2.4,4.0
1671354285.517000,45.328828,6.562531,2516.675507,320.0,13.228753,2.4,4.0
1671354286.532000,45.328929,6.562418,2515.841275,320.0,14.710088,2.4,4.0
1671354287.536000,45.329035,6.562282,2510.086493,315.2,15.918052,2.4,4.0
1671354288.528000,45.329142,6.562130,2504.499759,305.1,17.223696,2.4,4.0
1671354289.531000,45.329234,6.561944,2499.109434,293.7,17.940428,2.4,4.4
1671354290.529000,45.329295,6.561727,2493.620758,293.0,17.928905,2.4,4.8
1671354291.543000,45.329353,6.561509,2491.272086,297.0,16.309504,2.8,5.2
1671354292.549000,45.329416,6.561324,2490.804307,301.0,14.436382,2.8,5.6
1671354293.552000,45.329464,6.561152,2489.397742,285.4,14.033837,2.8,6.0
1671354294.522000,45.329479,6.560977,2487.673767,274.2,12.800944,2.8,6.0
1671354295.534000,45.329485,6.560821,2488.161103,284.7,11.289684,2.6,6.0
1671354296.538000,45.329520,6.560702,2487.866869,296.4,9.762239,2.6,6.0
1671354298.526000,45.329571,6.560471,2486.221754,278.1,11.020536,2.4,6.0
1671354299.538000,45.329586,6.560329,2483.392517,283.0,11.816561,2.4,6.0
1671354300.536000,45.329626,6.560184,2481.674623,294.8,12.382829,2.4,6.0
1671354301.521000,45.329682,6.560045,2480.597436,296.8,12.666280,2.4,6.0
1671354302.528000,45.329744,6.559899,2478.852361,298.7,12.939333,2.4,6.0
1671354303.536000,45.329813,6.559757,2476.722073,304.7,13.293574,2.4,6.0
1671354304.531000,45.329891,6.559626,2476.082296,310.4,13.906545,2.4,6.0
1671354305.528000,45.329983,6.559505,2474.094162,316.0,13.873471,2.4,6.0
1671354306.525000,45.330079,6.559389,2471.811793,319.7,13.232355,2.4,6.0
1671354307.524000,45.330175,6.559287,2469.451364,323.0,12.731373,2.4,6.0
1671354308.529000,45.330270,6.559190,2465.900504,324.0,12.633820,2.4,6.0
1671354309.536000,45.330363,6.559097,2464.855294,327.0,11.638336,2.4,6.4
1671354310.535000,45.330456,6.559026,2464.665859,331.9,11.290799,2.4,6.4
1671354311.530000,45.330549,6.558972,2464.253974,336.0,11.019571,2.4,6.4
1671354312.534000,45.330643,6.558927,2463.188392,338.0,10.933480,2.4,6.4
1671354313.535000,45.330735,6.558887,2460.156125,342.0,10.765193,2.4,6.0
1671354314.517000,45.330830,6.558859,2461.165208,348.0,10.922816,2.4,5.7
1671354315.539000,45.330927,6.558844,2459.849924,354.0,10.555356,2.4,4.8
1671354316.535000,45.331019,6.558844,2458.444102,357.9,10.220432,2.4,4.4
1671354317.526000,45.331108,6.558852,2458.823866,3.0,10.346160,2.4,4.3
1671354318.540000,45.331199,6.558875,2457.482880,9.0,10.105690,2.4,4.0
1671354319.543000,45.331287,6.558902,2456.260318,7.0,9.809065,2.4,4.4
1671354321.542000,45.331466,6.558925,2453.573347,0.0,9.772484,2.8,5.2
1671354323.540000,45.331635,6.558913,2450.773141,355.1,9.343991,3.6,5.0
1671354325.520000,45.331799,6.558894,2450.581038,354.0,9.264419,2.8,4.7
1671354327.547000,45.331957,6.558855,2449.218056,334.7,8.216515,2.4,4.4
1671354329.540000,45.332027,6.558638,2443.618305,277.5,10.379572,2.5,5.2
1671354330.534000,45.332026,6.558499,2439.504987,276.9,11.993674,2.5,5.6
1671354331.541000,45.332056,6.558358,2435.944540,292.7,11.147592,2.5,6.0
1671354332.545000,45.332107,6.558222,2431.713518,279.5,13.575222,2.4,6.0
1671354333.533000,45.332110,6.558035,2426.134072,266.1,14.649364,2.4,6.0
1671354334.537000,45.332067,6.557838,2421.067983,255.6,14.736071,2.4,6.0
1671354335.526000,45.331990,6.557661,2418.004741,235.7,15.228271,2.4,6.0
1671354336.546000,45.331892,6.557499,2413.682145,231.1,15.836187,2.4,6.0
1671354337.551000,45.331803,6.557329,2411.648000,235.0,15.805095,2.4,5.6
1671354338.544000,45.331732,6.557150,2410.657303,242.8,15.426282,2.4,5.6
1671354339.547000,45.331702,6.556968,2407.270361,253.2,14.008286,2.4,5.6
1671354340.528000,45.331700,6.556789,2404.023589,255.9,13.093434,2.4,5.6
1671354341.527000,45.331733,6.556636,2400.665897,266.3,11.771070,2.4,5.7
1671354342.552000,45.331835,6.556524,2398.491559,314.6,11.774414,2.4,6.0
1671354343.539000,45.331929,6.556431,2396.436419,323.5,12.812948,2.4,6.0
1671354344.520000,45.332040,6.556353,2396.712330,328.7,12.939066,2.4,6.0
1671354345.544000,45.332152,6.556275,2394.751428,328.9,13.026434,2.4,6.0
1671354346.525000,45.332262,6.556196,2393.855487,327.9,13.526052,2.4,6.0
1671354347.558000,45.332386,6.556099,2389.581677,328.3,15.098166,2.4,6.0
1671354348.533000,45.332515,6.556006,2384.796216,332.0,16.175518,2.4,6.0
1671354349.526000,45.332652,6.555920,2382.232047,336.7,15.521162,10.6,6.0
1671354350.539000,45.332788,6.555843,2379.864105,335.6,15.149411,10.4,6.0
1671354351.537000,45.332914,6.555765,2377.995286,334.1,14.760177,9.6,6.0
1671354352.536000,45.333037,6.555696,2376.659906,336.4,14.494668,10.8,5.7
1671354353.535000,45.333158,6.555633,2376.104321,337.8,14.304454,4.1,5.2
1671354354.529000,45.333280,6.555563,2374.455490,336.7,14.696312,4.2,4.8
1671354355.526000,45.333403,6.555473,2370.850326,330.2,15.467153,2.5,4.7
1671354356.538000,45.333526,6.555379,2364.618343,332.0,15.306764,2.5,4.0
1671354357.527000,45.333646,6.555307,2364.573721,337.9,14.614513,2.5,4.0
1671354358.518000,45.333763,6.555237,2359.295450,333.8,14.001505,2.5,4.0
1671354359.532000,45.333872,6.555156,2355.978441,331.5,13.643625,2.5,4.0
1671354360.539000,45.333973,6.555092,2360.330555,345.8,9.044272,2.5,4.4
1671354362.536000,45.334092,6.555082,2355.650864,354.0,5.125580,2.4,5.2
1671354373.467000,45.334165,6.555162,2355.284921,-1.0,0.091919,2.4,7.9
1671354400.370000,45.334220,6.555271,2355.525398,-1.0,0.023710,2.4,4.7
1671354412.606000,45.334244,6.555397,2350.939703,83.8,2.745052,2.8,6.5
1671354414.406000,45.334259,6.555535,2350.933436,82.0,3.378052,3.1,9.7
1671354416.086000,45.334275,6.555664,2349.064522,78.6,3.384344,2.6,12.7
1671354418.408000,45.334295,6.555794,2353.666225,77.0,3.527389,2.5,12.1
1671354421.347000,45.334330,6.555957,2359.992316,74.0,3.685461,2.4,9.6
1671354424.168000,45.334362,6.556108,2366.282013,75.9,3.590892,2.4,8.1
1671354427.169000,45.334394,6.556242,2375.012318,75.0,3.599140,2.4,6.9
1671354430.569000,45.334432,6.556403,2375.885374,71.2,4.027738,2.4,7.0
1671354433.568000,45.334466,6.556558,2382.254463,70.4,3.933706,2.4,7.1
1671354436.569000,45.334496,6.556701,2384.758804,72.1,3.959018,2.4,7.1
1671354439.533000,45.334528,6.556849,2387.773160,73.0,4.011341,2.8,6.4
1671354442.531000,45.334556,6.556992,2391.157167,73.0,3.911494,2.8,4.9
1671354445.530000,45.334588,6.557137,2394.190094,72.0,3.983579,2.5,4.0
1671354448.532000,45.334619,6.557279,2398.574207,73.0,3.712536,2.6,4.0
1671354452.536000,45.334657,6.557458,2404.176870,71.0,3.999613,2.4,4.0
1671354455.545000,45.334689,6.557608,2409.207420,73.0,3.787353,2.4,4.0
1671354458.529000,45.334717,6.557748,2413.124285,73.0,3.661541,2.4,4.0
1671354461.533000,45.334745,6.557891,2416.304938,72.0,3.802368,2.5,4.0
1671354464.516000,45.334772,6.558022,2421.812068,73.0,4.056321,2.4,5.0
1671354467.516000,45.334802,6.558176,2422.100181,72.1,4.086336,2.4,6.0
1671354470.529000,45.334833,6.558331,2424.213317,73.0,4.126417,2.5,6.0
1671354473.536000,45.334862,6.558480,2427.594366,73.0,4.136901,2.7,5.6
1671354476.546000,45.334891,6.558634,2429.992309,74.0,4.106224,2.6,4.4
1671354479.550000,45.334921,6.558790,2431.980086,74.0,4.035911,2.6,4.0
1671354482.553000,45.334961,6.558964,2434.604444,72.0,4.031409,2.4,4.0
1671354485.548000,45.334988,6.559094,2436.833275,72.4,4.110989,2.4,4.0
1671354488.542000,45.335023,6.559251,2439.605580,73.0,4.106346,2.4,4.0
1671354491.544000,45.335052,6.559384,2442.047904,73.0,3.999739,2.5,4.0
1671354494.546000,45.335084,6.559537,2445.211979,72.0,4.038247,2.4,4.3
1671354497.558000,45.335118,6.559697,2447.690882,72.1,3.944228,2.4,4.3
1671354500.543000,45.335144,6.559826,2452.116730,73.1,3.932835,2.5,4.0
1671354503.533000,45.335174,6.559972,2456.766226,75.0,4.010492,2.6,4.0
1671354506.539000,45.335202,6.560098,2457.512113,72.0,4.164340,4.1,4.0
1671354509.551000,45.335234,6.560261,2461.295899,73.0,4.093962,2.7,4.0
1671354512.540000,45.335262,6.560409,2464.006511,72.0,3.999045,2.4,4.0
1671354515.535000,45.335291,6.560558,2466.030004,72.0,4.058630,2.4,4.0
1671354518.518000,45.335322,6.560706,2469.018566,74.0,4.034713,2.4,4.0
1671354521.532000,45.335353,6.560858,2471.581158,73.8,3.934759,2.5,4.3
1671354524.548000,45.335383,6.561009,2473.603865,72.9,3.929248,2.4,4.3
1671354527.537000,45.335410,6.561148,2478.019965,73.0,4.062013,2.4,4.6
1671354530.532000,45.335438,6.561306,2481.432705,71.2,4.035823,2.5,4.4
1671354533.533000,45.335471,6.561461,2485.251909,73.0,3.956680,2.6,4.9
1671354536.531000,45.335501,6.561610,2485.387475,72.2,3.540072,7.8,5.3
1671354539.544000,45.335534,6.561760,2491.415636,69.1,3.844072,2.6,4.0
1671354542.540000,45.335565,6.561901,2497.356659,73.0,3.916893,2.4,4.0
1671354545.522000,45.335590,6.562039,2501.020810,73.0,3.845675,2.4,4.0
1671354548.548000,45.335617,6.562179,2505.253218,72.1,3.832319,2.4,4.0
1671354551.540000,45.335644,6.562316,2503.628005,74.0,3.863114,2.6,4.0
1671354554.548000,45.335670,6.562455,2507.741639,74.0,3.889973,2.5,4.0
1671354557.527000,45.335695,6.562588,2515.426202,73.0,3.792062,2.4,4.3
1671354560.549000,45.335724,6.562724,2522.434893,73.0,3.945151,2.5,4.3
1671354563.552000,45.335755,6.562874,2528.436782,72.0,3.965968,2.5,4.0
1671354566.546000,45.335787,6.563026,2525.934590,72.0,3.979039,3.2,4.0
1671354569.545000,45.335820,6.563179,2529.096559,73.0,4.006491,6.0,4.0
1671354572.544000,45.335853,6.563334,2534.209958,73.0,4.140572,2.4,4.0
1671354575.528000,45.335884,6.563484,2535.382620,73.0,4.094124,2.4,4.0
1671354578.527000,45.335911,6.563622,2533.988139,72.0,4.063396,2.5,4.0
1671354581.543000,45.335944,6.563783,2533.370661,73.0,4.023227,2.5,4.0
1671354584.536000,45.335976,6.563940,2536.375843,74.0,4.104520,2.5,4.0
1671354587.543000,45.336006,6.564086,2539.758956,74.0,4.026791,2.7,4.0
1671354590.525000,45.336035,6.564221,2543.814514,73.0,4.008554,2.7,4.0
1671354593.524000,45.336068,6.564372,2550.427400,72.0,3.957136,4.1,4.0
1671354596.520000,45.336100,6.564517,2553.115566,72.0,4.019925,2.8,4.0
1671354599.529000,45.336132,6.564661,2558.229837,73.0,3.979584,2.4,4.0
1671354602.522000,45.336165,6.564805,2562.082703,74.0,3.885713,2.5,4.0
1671354605.547000,45.336198,6.564951,2561.816924,73.0,3.898408,2.6,4.0
1671354608.526000,45.336227,6.565086,2565.314706,72.0,3.945167,2.7,4.0
1671354611.532000,45.336258,6.565234,2570.348639,74.0,3.827358,2.5,4.0
1671354614.527000,45.336291,6.565380,2574.639580,73.0,3.896071,2.6,4.0
1671354617.536000,45.336324,6.565525,2580.420297,73.6,3.807693,2.6,4.0
1671354620.531000,45.336352,6.565656,2585.813052,73.0,3.755022,2.9,4.0
1671354623.536000,45.336380,6.565799,2590.007582,73.0,3.742488,2.5,4.0
1671354626.519000,45.336407,6.565933,2598.839028,73.0,3.730429,2.5,4.0
1671354629.519000,45.336435,6.566070,2602.654689,73.0,3.702778,2.4,4.0
1671354632.521000,45.336465,6.566206,2607.302510,73.0,3.743536,2.6,4.0
1671354635.513000,45.336491,6.566339,2612.894488,73.0,3.637273,2.5,4.0
1671354638.528000,45.336519,6.566482,2616.939213,73.0,4.028551,2.5,4.0
1671354641.527000,45.336548,6.566624,2623.498788,74.0,3.992126,2.6,4.0
1671354644.534000,45.336578,6.566764,2627.205389,73.0,3.990126,2.6,4.0
1671354647.515000,45.336608,6.566905,2632.848067,73.0,3.861361,2.7,4.0
1671354650.551000,45.336638,6.567042,2637.062227,71.0,3.832204,2.7,4.0
1671354653.555000,45.336670,6.567191,2642.206947,73.0,4.007225,2.6,4.0
1671354656.559000,45.336704,6.567349,2643.721471,73.0,3.995054,2.4,4.0
1671354659.532000,45.336732,6.567483,2650.547296,73.0,3.901374,2.4,4.0
1671354662.558000,45.336765,6.567632,2652.053139,73.0,3.940513,2.7,4.0
1671354665.521000,45.336796,6.567774,2654.763362,73.0,3.973398,2.6,3.7
1671354668.516000,45.336827,6.567920,2658.678007,73.0,3.965594,2.8,3.1
1671354671.541000,45.336861,6.568074,2663.586502,73.0,3.958919,2.6,2.7
1671354675.531000,45.336898,6.568242,2670.943034,73.0,3.942125,2.4,3.6
1671354678.518000,45.336931,6.568402,2674.570521,73.0,3.934536,2.7,3.2
1671354681.532000,45.336962,6.568545,2677.685894,73.0,3.919012,2.5,3.5
1671354684.538000,45.336991,6.568684,2683.068487,72.2,3.891901,2.5,3.8
1671354687.540000,45.337023,6.568831,2688.280584,73.0,3.870305,2.5,3.5
1671354690.517000,45.337056,6.568974,2693.869815,73.0,3.839346,2.4,3.4
1671354693.533000,45.337086,6.569114,2697.725094,72.0,3.810832,2.5,3.5
1671354696.525000,45.337115,6.569250,2703.686887,72.0,3.793529,2.5,3.8
1671354699.518000,45.337142,6.569385,2707.975526,73.0,3.780970,2.4,3.9
1671354702.539000,45.337169,6.569520,2714.511907,73.0,3.765146,2.4,3.5
1671354706.525000,45.337200,6.569691,2725.454929,73.1,3.743066,2.7,3.6
1671354709.532000,45.337232,6.569840,2729.340733,74.0,3.767645,2.5,3.8
1671354712.529000,45.337261,6.569989,2733.010880,73.0,3.779603,2.4,3.8
1671354715.525000,45.337294,6.570139,2740.218941,73.0,3.778473,2.4,3.6
1671354718.537000,45.337330,6.570286,2744.929374,73.0,3.757121,2.5,3.5
1671354721.559000,45.337361,6.570412,2749.747163,73.0,3.729545,2.5,3.9
1671354724.540000,45.337398,6.570559,2754.084114,73.0,3.724170,2.5,3.8
1671354727.544000,45.337425,6.570696,2758.449003,72.0,3.712749,2.4,3.8
1671354730.544000,45.337447,6.570824,2763.180528,73.0,3.656545,2.4,3.6
1671354733.538000,45.337468,6.570953,2772.581788,73.0,3.648200,2.5,3.5
1671354736.562000,45.337494,6.571094,2772.483169,75.9,3.730398,2.7,4.0
1671354740.530000,45.337530,6.571219,2770.709924,76.3,3.263501,2.5,4.0
1671354747.540000,45.337597,6.571334,2772.358336,47.0,2.559161,2.6,4.0
1671354750.550000,45.337667,6.571464,2766.451399,39.1,3.015288,2.4,3.7
1671354753.644000,45.337759,6.571535,2767.231634,11.6,3.093575,2.5,5.2
1671354755.866000,45.337857,6.571497,2762.263433,347.7,3.567258,2.5,6.7
1671354757.548000,45.337970,6.571420,2758.082712,342.1,8.726950,2.4,6.8
1671354758.565000,45.338075,6.571364,2754.907169,341.2,10.925604,2.4,7.0
1671354759.533000,45.338194,6.571289,2749.771830,336.2,12.768697,2.4,6.9
1671354760.536000,45.338319,6.571214,2749.074277,339.0,13.098135,2.4,6.8
1671354761.549000,45.338448,6.571148,2749.982073,342.0,12.406970,2.4,6.4
1671354762.526000,45.338562,6.571096,2744.980190,334.4,11.448481,2.4,6.0
1671354763.553000,45.338652,6.571009,2745.948853,333.9,11.241418,2.4,6.0
1671354764.541000,45.338724,6.570911,2741.146009,313.3,10.847333,2.5,6.0
1671354765.531000,45.338782,6.570799,2737.879867,321.4,10.379566,2.5,6.0
1671354766.523000,45.338852,6.570719,2731.096628,350.7,10.182873,2.4,6.0
1671354767.522000,45.338949,6.570703,2726.310694,338.1,11.372960,2.5,6.0
1671354768.554000,45.339045,6.570655,2722.979685,327.6,9.923370,2.5,6.0
1671354770.520000,45.339197,6.570519,2718.141317,327.6,9.904550,2.5,6.0
1671354771.525000,45.339285,6.570473,2717.659469,342.9,10.291461,2.5,6.0
1671354772.542000,45.339381,6.570443,2713.768534,336.9,10.934505,2.4,6.0
1671354773.540000,45.339478,6.570386,2710.995112,322.0,11.730055,2.4,6.0
1671354774.513000,45.339563,6.570291,2706.680911,301.7,11.586496,2.4,6.0
1671354775.533000,45.339599,6.570144,2706.118531,288.3,12.044085,2.4,6.0
1671354776.519000,45.339609,6.569980,2705.091559,275.9,12.514760,2.4,6.0
1671354777.560000,45.339594,6.569808,2700.276901,267.5,12.326820,2.4,6.0
1671354778.534000,45.339549,6.569650,2697.707881,247.5,12.652142,2.4,6.0
1671354779.524000,45.339486,6.569498,2694.860561,238.2,13.032748,2.5,5.6
1671354780.534000,45.339404,6.569361,2691.963576,227.7,13.336905,2.4,5.3
1671354781.538000,45.339309,6.569242,2691.036185,219.1,13.500092,2.5,4.8
1671354782.531000,45.339207,6.569136,2690.322404,215.0,13.591218,2.6,4.7
1671354783.551000,45.339102,6.569034,2687.690342,214.0,13.619095,2.5,4.0
1671354784.563000,45.339002,6.568930,2685.688354,216.0,13.398370,2.5,4.0
1671354785.531000,45.338910,6.568827,2683.139950,218.0,12.828195,2.4,4.0
1671354786.532000,45.338823,6.568728,2681.306011,217.0,12.060652,2.4,4.0
1671354787.529000,45.338738,6.568646,2678.286554,211.1,11.154932,2.4,4.0
1671354788.530000,45.338656,6.568587,2676.460822,205.0,10.025702,2.4,4.0
1671354790.524000,45.338502,6.568485,2675.178518,209.9,9.677344,2.4,4.0
1671354792.525000,45.338380,6.568302,2671.626513,224.0,10.019742,2.4,4.0
1671354794.526000,45.338229,6.568161,2666.577714,212.0,10.391471,2.4,4.0
1671354795.540000,45.338151,6.568072,2665.053239,216.9,11.090696,2.4,4.0
1671354796.529000,45.338069,6.567984,2659.371201,214.0,11.374890,2.5,4.0
1671354797.531000,45.337983,6.567912,2658.813666,207.0,10.736816,2.4,4.0
1671354798.515000,45.337901,6.567846,2657.880605,207.0,10.605900,2.5,4.0
1671354799.531000,45.337813,6.567771,2654.798107,207.0,11.677698,2.5,4.0
1671354800.542000,45.337718,6.567698,2650.764998,195.2,12.198812,2.5,4.0
1671354801.538000,45.337606,6.567663,2649.318998,190.0,12.716951,2.5,4.0
1671354802.516000,45.337493,6.567622,2646.988719,194.1,12.675782,2.4,4.0
1671354803.526000,45.337382,6.567559,2647.837190,216.8,12.731414,2.4,4.0
1671354804.550000,45.337293,6.567445,2641.985189,223.8,12.911670,2.4,4.0
1671354805.550000,45.337210,6.567323,2640.155842,219.3,12.718232,2.4,4.0
1671354806.522000,45.337118,6.567220,2636.960266,216.0,13.026083,2.4,4.0
1671354807.549000,45.337036,6.567097,2633.738866,230.8,12.675375,2.4,4.0
1671354808.530000,45.336971,6.566965,2632.503859,233.0,12.831023,2.5,4.0
1671354809.550000,45.336904,6.566828,2627.811049,254.9,12.670070,2.4,4.0
1671354810.545000,45.336877,6.566657,2623.602261,277.8,14.637486,2.4,4.3
1671354811.533000,45.336908,6.566465,2615.239217,302.4,15.174757,2.5,5.2
1671354812.550000,45.336995,6.566285,2611.285612,303.0,16.171309,2.5,6.0
1671354813.559000,45.337087,6.566106,2604.884286,281.8,17.309895,2.4,6.8
1671354814.551000,45.337124,6.565896,2599.633541,274.5,15.316578,2.4,7.6
1671354815.549000,45.337110,6.565701,2595.291307,260.9,14.700086,2.4,7.6
1671354816.552000,45.337023,6.565541,2589.887437,225.4,15.435312,2.5,7.2
1671354817.551000,45.336906,6.565434,2587.794662,214.2,15.390959,2.5,6.8
1671354818.533000,45.336788,6.565326,2583.662542,232.5,15.407001,2.5,7.0
1671354819.547000,45.336695,6.565171,2578.930786,252.4,16.703218,2.6,7.0
1671354820.543000,45.336640,6.564978,2573.593717,259.5,18.658175,2.5,7.0
1671354821.524000,45.336612,6.564751,2566.181147,265.5,18.195768,2.8,8.7
1671354822.553000,45.336640,6.564522,2560.052949,286.5,17.184231,2.4,11.2
1671354823.535000,45.336729,6.564290,2555.433553,282.2,20.468954,2.4,12.0
1671354824.537000,45.336796,6.564016,2546.108041,294.3,20.127905,2.5,12.0
1671354825.548000,45.336898,6.563769,2538.350596,308.8,19.407562,2.5,13.6
1671354826.533000,45.337026,6.563578,2534.150554,310.0,19.013924,2.5,12.8
1671354827.515000,45.337139,6.563385,2529.219085,300.1,17.050226,2.5,12.0
1671354828.525000,45.337209,6.563182,2522.044798,293.7,16.661276,2.4,10.7
1671354829.550000,45.337242,6.562972,2515.223357,276.4,16.366377,2.4,9.6
1671354830.533000,45.337231,6.562758,2509.029111,263.8,16.861132,2.5,9.3
1671354831.524000,45.337186,6.562542,2501.948063,235.4,19.062181,2.5,8.7
1671354832.530000,45.337070,6.562338,2494.307482,219.1,19.970016,2.6,8.0
1671354833.513000,45.336917,6.562181,2489.671737,213.9,20.428598,2.6,8.0
1671354834.510000,45.336740,6.562049,2485.710069,209.0,21.319653,2.6,8.0
1671354835.518000,45.336555,6.561954,2481.936267,201.7,20.470583,2.8,8.0
1671354836.516000,45.336383,6.561892,2475.943923,199.1,18.634655,2.5,8.0
1671354837.537000,45.336226,6.561812,2472.720734,205.8,18.616774,2.4,8.0
1671354838.519000,45.336080,6.561710,2469.206080,218.7,18.149498,2.5,8.0
1671354839.525000,45.335958,6.561549,2461.970400,228.8,18.285612,2.5,8.0
1671354840.523000,45.335857,6.561359,2459.361979,232.0,18.011919,2.5,8.0
1671354841.509000,45.335763,6.561170,2458.367644,232.0,17.292259,2.5,8.0
1671354842.532000,45.335671,6.561002,2452.746124,228.2,16.332848,2.4,7.7
1671354843.527000,45.335579,6.560863,2450.632144,225.1,15.428561,2.5,7.2
1671354844.514000,45.335486,6.560739,2448.834744,222.1,14.555879,2.4,7.0
1671354845.525000,45.335396,6.560626,2446.703650,219.0,13.714058,2.4,6.4
1671354846.531000,45.335306,6.560527,2444.436572,217.0,12.895952,2.5,5.6
1671354847.537000,45.335220,6.560433,2441.940645,215.0,12.051216,2.4,5.6
1671354848.522000,45.335137,6.560350,2441.750148,215.0,11.737317,2.4,5.7
1671354849.529000,45.335056,6.560265,2440.337175,217.0,11.768176,2.4,5.6
1671354850.526000,45.334978,6.560160,2438.564768,225.9,12.183307,2.4,5.2
1671354851.535000,45.334915,6.560022,2436.738397,234.1,13.074786,2.4,5.2
1671354852.524000,45.334874,6.559848,2434.400487,247.7,14.726205,2.4,5.0
1671354853.534000,45.334850,6.559652,2430.769771,272.8,16.680384,2.4,4.8
1671354854.541000,45.334874,6.559431,2428.541959,277.6,16.189003,2.5,4.8
1671354855.522000,45.334908,6.559224,2422.471487,283.7,15.555847,2.7,5.0
1671354856.531000,45.334940,6.559030,2418.029701,270.7,15.802570,2.7,5.7
1671354857.536000,45.334934,6.558818,2415.795781,266.0,16.705946,2.5,6.8
1671354858.530000,45.334925,6.558609,2411.093141,271.5,15.702562,2.4,6.7
1671354859.543000,45.334958,6.558406,2409.435309,285.5,16.536680,2.4,6.8
1671354860.517000,45.335002,6.558209,2407.295451,283.2,15.219409,2.5,6.7
1671354861.540000,45.335012,6.558022,2402.490617,274.4,13.811011,2.5,6.4
1671354862.545000,45.334987,6.557861,2403.056196,257.0,12.996790,2.4,6.0
1671354863.536000,45.334941,6.557710,2399.832421,247.1,13.190818,2.4,6.0
1671354864.555000,45.334886,6.557552,2398.808953,256.0,14.239716,2.5,6.0
1671354865.545000,45.334860,6.557368,2396.351859,255.0,15.140623,2.6,6.0
1671354866.553000,45.334826,6.557179,2391.644447,251.1,15.105110,2.6,6.4
1671354867.526000,45.334776,6.556993,2385.465992,240.1,15.600209,2.4,6.7
1671354868.521000,45.334679,6.556818,2379.446219,221.1,17.833826,2.5,7.0
1671354869.533000,45.334531,6.556673,2376.506387,214.0,18.833397,2.5,7.3
1671354870.528000,45.334368,6.556540,2373.228652,214.0,19.684500,2.5,7.7
1671354871.540000,45.334207,6.556398,2368.437664,215.0,19.020390,2.6,8.0
1671354872.521000,45.334063,6.556254,2363.565599,226.8,18.624306,2.5,8.0
1671354873.540000,45.333947,6.556065,2360.622629,244.2,18.889681,2.6,8.0
1671354874.540000,45.333884,6.555841,2355.760504,252.0,17.851276,2.5,8.0
1671354875.540000,45.333852,6.555620,2350.791446,256.4,17.134989,2.4,8.0
1671354876.550000,45.333860,6.555401,2348.234539,279.7,15.002628,2.5,8.0
1671354877.541000,45.333903,6.555233,2342.610275,281.6,10.112509,2.5,8.0
1671354879.556000,45.333958,6.555055,2339.852558,291.4,6.392888,2.4,8.0
1671354881.533000,45.334052,6.555056,2337.156708,359.9,3.721465,2.4,7.7
1671354901.453000,45.334134,6.555116,2337.508479,-1.0,0.002046,2.4,4.6
1671354938.891000,45.334183,6.555225,2339.800468,-1.0,0.005556,2.5,5.4
1671354958.387000,45.334233,6.555380,2336.656878,70.6,3.676037,2.5,5.5
1671354960.011000,45.334274,6.555536,2334.942253,70.7,4.177006,2.4,8.3
1671354961.811000,45.334308,6.555671,2335.619281,70.6,4.307074,2.4,10.0
1671354964.211000,45.334335,6.555826,2337.675863,72.1,3.885858,2.6,9.7
1671354967.131000,45.334365,6.555978,2346.094424,72.8,3.671111,2.5,7.2
1671354970.610000,45.334397,6.556119,2350.005812,72.8,3.690590,2.5,6.9
1671354973.610000,45.334422,6.556251,2357.607047,73.6,3.646494,2.5,6.9
1671354976.609000,45.334449,6.556399,2362.650372,73.7,3.975454,2.4,7.1
1671354979.609000,45.334477,6.556545,2365.101775,73.6,4.007991,2.5,7.2
1671354982.609000,45.334509,6.556696,2368.689548,72.7,4.030730,2.5,7.2
1671354985.525000,45.334538,6.556838,2370.911534,72.0,3.928485,2.4,6.6
1671354988.527000,45.334568,6.556984,2375.239100,73.0,3.914924,2.4,5.0
1671354991.540000,45.334595,6.557118,2380.839998,72.6,3.725477,2.5,4.0
1671354994.534000,45.334620,6.557270,2384.655148,73.0,3.885268,2.5,5.0
1671354997.536000,45.334650,6.557412,2387.442848,73.0,3.988590,2.4,4.8
1671355000.537000,45.334680,6.557552,2391.338324,73.0,3.812928,2.4,4.0
1671355003.526000,45.334712,6.557694,2397.158509,73.0,3.895038,2.4,4.0
1671355006.530000,45.334744,6.557840,2400.887125,73.0,3.910401,2.4,4.0
1671355009.547000,45.334776,6.557985,2407.189976,73.0,4.186471,2.5,4.0
1671355012.536000,45.334808,6.558140,2408.043450,73.0,3.954072,2.4,4.0
1671355015.536000,45.334838,6.558292,2408.866814,74.0,4.032498,2.4,4.0
1671355018.532000,45.334868,6.558442,2412.127363,73.0,4.142303,2.4,4.0
1671355021.536000,45.334900,6.558590,2414.519019,73.1,4.093900,2.7,4.0
1671355024.538000,45.334934,6.558748,2416.395765,73.0,4.003154,2.5,4.0
1671355027.552000,45.334968,6.558913,2417.975714,73.0,4.012079,2.4,4.0
1671355030.521000,45.334996,6.559042,2421.421526,72.0,4.151534,2.5,4.0
1671355033.532000,45.335028,6.559198,2425.699530,73.0,4.090858,2.4,4.0
1671355036.531000,45.335058,6.559336,2426.356442,73.8,4.003310,2.4,4.0
1671355039.531000,45.335090,6.559488,2429.913714,72.0,4.025935,2.4,4.0
1671355042.553000,45.335125,6.559651,2433.341767,73.0,4.052952,2.4,4.0
1671355045.537000,45.335150,6.559781,2437.120768,74.0,3.927414,2.4,4.0
1671355048.533000,45.335182,6.559934,2441.183093,73.0,3.963396,2.4,4.0
1671355052.566000,45.335223,6.560136,2445.385697,73.1,4.207103,2.4,4.0
1671355055.546000,45.335252,6.560273,2446.776708,74.0,4.212837,2.4,4.0
1671355058.534000,45.335283,6.560419,2449.194752,73.9,4.098365,2.4,4.0
1671355061.548000,45.335314,6.560568,2452.523122,72.1,4.034600,2.4,4.0
1671355064.531000,45.335344,6.560716,2454.818116,73.0,3.993616,2.4,4.0
1671355067.524000,45.335375,6.560863,2458.266382,73.0,4.036026,2.4,4.0
1671355070.536000,45.335406,6.561011,2460.355861,73.0,4.015851,2.4,4.0
1671355073.535000,45.335436,6.561158,2464.464773,72.1,4.068677,2.4,4.0
1671355076.519000,45.335466,6.561304,2467.608908,74.0,4.030333,2.4,4.0
1671355079.524000,45.335496,6.561451,2471.199135,73.0,3.995085,2.4,4.0
1671355082.539000,45.335525,6.561615,2473.889525,74.8,3.907314,2.4,4.0
1671355086.540000,45.335558,6.561783,2478.914466,73.0,3.877182,2.4,4.0
1671355089.528000,45.335590,6.561937,2483.212748,72.0,3.845705,2.4,4.0
1671355092.531000,45.335619,6.562076,2487.645019,72.1,3.899523,2.4,4.0
1671355095.537000,45.335647,6.562216,2492.108845,73.0,3.921902,2.4,4.0
1671355098.536000,45.335677,6.562358,2496.549488,74.0,3.883226,2.4,4.0
1671355101.540000,45.335707,6.562500,2501.426414,73.0,3.783856,2.4,4.0
1671355104.538000,45.335736,6.562641,2506.061084,72.0,3.816802,2.4,4.0
1671355107.544000,45.335765,6.562784,2511.755853,72.3,4.304757,2.4,4.0
1671355110.536000,45.335798,6.562937,2513.395072,73.0,4.106199,2.4,4.0
1671355113.531000,45.335830,6.563088,2514.389383,73.0,4.145309,2.4,4.0
1671355116.545000,45.335866,6.563259,2517.278805,73.0,4.117327,2.4,4.0
1671355119.545000,45.335893,6.563390,2519.553294,73.0,4.080795,2.4,4.0
1671355122.558000,45.335925,6.563548,2522.136698,72.0,4.027811,2.4,4.0
1671355125.544000,45.335955,6.563688,2524.522431,73.0,4.071909,2.4,4.0
1671355128.557000,45.335988,6.563841,2526.149941,74.0,4.069644,2.4,4.0
1671355131.560000,45.336022,6.564004,2528.318161,73.0,3.976492,2.4,4.0
1671355135.538000,45.336055,6.564168,2533.229784,73.0,4.001953,2.4,4.0
1671355138.539000,45.336089,6.564331,2535.922907,73.0,3.990419,2.4,4.0
1671355141.537000,45.336118,6.564473,2538.994532,72.0,3.951289,2.4,4.0
1671355144.547000,45.336148,6.564618,2543.666981,73.0,3.909423,2.4,4.0
1671355147.546000,45.336180,6.564762,2547.379123,72.0,3.920031,2.4,4.0
1671355150.544000,45.336210,6.564906,2551.861789,73.0,3.953890,2.4,4.0
1671355153.535000,45.336240,6.565048,2556.133390,73.0,3.967155,2.4,4.0
1671355156.534000,45.336271,6.565192,2561.064451,72.0,3.937452,2.4,4.0
1671355159.527000,45.336301,6.565335,2564.898636,73.0,3.855424,2.4,4.0
1671355162.525000,45.336330,6.565477,2569.815843,73.0,3.816045,2.4,4.0
1671355165.527000,45.336356,6.565606,2574.198032,73.0,3.808926,2.4,4.0
1671355168.534000,45.336388,6.565752,2579.469947,73.0,3.756876,2.4,4.0
1671355171.542000,45.336416,6.565890,2584.336180,73.0,3.680406,2.4,4.0
1671355174.552000,45.336445,6.566024,2589.732051,73.0,3.744575,2.4,4.0
1671355177.545000,45.336472,6.566160,2596.184402,73.0,3.686424,2.4,4.0
1671355180.557000,45.336502,6.566295,2603.614667,73.9,3.640473,2.4,4.0
1671355183.526000,45.336529,6.566424,2609.555219,73.0,3.662425,2.4,3.6
1671355186.536000,45.336561,6.566572,2613.334628,73.0,3.732288,2.4,3.6
1671355189.542000,45.336592,6.566718,2617.498829,73.0,3.782939,2.4,3.9
1671355192.532000,45.336622,6.566860,2621.669706,73.0,3.811865,2.4,3.9
1671355195.530000,45.336652,6.567002,2625.724407,73.0,3.831505,2.4,3.4
1671355198.537000,45.336680,6.567140,2627.531465,74.0,3.851745,2.4,2.9
1671355201.546000,45.336710,6.567288,2632.752240,73.0,3.880424,2.4,3.3
1671355204.535000,45.336743,6.567433,2637.219505,71.1,3.902123,2.4,3.3
1671355207.532000,45.336776,6.567576,2639.726585,73.1,3.889436,2.4,3.6
1671355210.528000,45.336813,6.567721,2644.951978,73.0,3.899440,2.4,3.5
1671355213.538000,45.336847,6.567858,2647.585343,73.0,3.904827,2.4,3.6
1671355216.537000,45.336881,6.568012,2652.270553,73.0,3.907280,2.4,3.5
1671355219.529000,45.336914,6.568159,2657.065751,74.0,3.902865,2.4,3.1
1671355222.529000,45.336945,6.568307,2660.822262,73.0,3.903121,2.4,3.5
1671355225.535000,45.336976,6.568453,2663.465024,73.0,3.899627,2.4,3.5
1671355228.547000,45.337007,6.568599,2668.028509,73.0,3.897114,2.4,3.5
1671355231.558000,45.337033,6.568723,2674.677347,72.7,3.887804,2.4,2.1
1671355234.551000,45.337066,6.568880,2679.277830,73.0,3.863986,2.4,2.1
1671355237.549000,45.337095,6.569021,2684.942838,73.0,3.840329,2.4,3.4
1671355240.538000,45.337124,6.569159,2690.489720,73.0,3.816968,2.4,3.9
1671355243.541000,45.337152,6.569296,2696.207952,73.0,3.798165,2.4,3.9
1671355246.544000,45.337179,6.569433,2702.204061,73.0,3.779840,2.4,3.5
1671355249.524000,45.337207,6.569568,2707.995600,72.0,3.762116,2.4,3.1
1671355252.526000,45.337233,6.569704,2713.339335,73.0,3.760362,2.4,2.9
1671355255.529000,45.337263,6.569846,2717.288906,73.0,3.778852,2.4,2.8
1671355258.528000,45.337292,6.569987,2723.008602,73.0,3.789567,2.4,2.5
1671355261.532000,45.337320,6.570125,2727.951063,73.0,3.788039,2.4,2.9
1671355264.512000,45.337348,6.570264,2733.052169,73.0,3.783894,2.4,2.9
1671355267.528000,45.337377,6.570403,2737.942070,74.0,3.778698,2.4,2.5
1671355270.530000,45.337405,6.570542,2744.151634,73.0,3.775657,2.4,2.2
1671355273.542000,45.337435,6.570678,2750.212968,73.0,3.766387,2.4,2.7
1671355276.532000,45.337464,6.570812,2756.645584,72.1,3.760111,2.4,2.8
1671355279.525000,45.337493,6.570946,2760.239197,73.0,3.819673,2.4,3.3
1671355282.531000,45.337522,6.571096,2759.701745,73.6,3.906027,2.4,3.2
1671355286.549000,45.337561,6.571236,2761.323696,66.9,3.500853,2.4,3.5
1671355294.553000,45.337597,6.571354,2760.227878,57.1,2.542283,2.4,4.0
1671355298.554000,45.337672,6.571463,2758.310739,16.0,2.594419,2.4,4.0
1671355304.541000,45.337761,6.571481,2756.852884,18.0,2.230447,2.4,3.6
1671355308.544000,45.337866,6.571525,2754.480847,12.0,2.434237,2.4,3.7
1671355310.530000,45.337974,6.571532,2750.867575,350.0,3.206475,2.4,3.7
1671355312.534000,45.338104,6.571473,2743.102080,338.7,10.285365,2.4,3.7
1671355313.528000,45.338231,6.571395,2740.238908,357.5,10.581131,2.4,3.7
1671355314.535000,45.338343,6.571386,2738.038603,2.0,10.958465,2.4,3.6
1671355315.522000,45.338447,6.571389,2735.462909,346.7,10.782313,2.4,3.9
1671355316.521000,45.338538,6.571353,2733.496344,325.9,10.008068,2.4,4.5
1671355317.526000,45.338615,6.571274,2732.600106,330.7,10.594373,2.4,5.0
1671355318.521000,45.338698,6.571208,2731.881159,333.7,10.514332,2.4,5.3
1671355319.547000,45.338794,6.571162,2728.228920,346.4,11.740846,2.4,6.0
1671355320.547000,45.338906,6.571125,2724.651162,335.8,13.042423,2.4,6.0
1671355321.557000,45.339026,6.571046,2720.787823,331.0,14.148149,2.4,6.0
1671355322.548000,45.339141,6.570942,2715.314403,331.2,15.202481,2.4,6.0
1671355323.532000,45.339272,6.570844,2713.025965,334.0,16.051413,2.4,6.0
1671355324.543000,45.339410,6.570751,2708.957336,321.2,16.155691,2.4,6.0
1671355325.533000,45.339524,6.570605,2702.340556,315.1,16.389753,2.4,6.0
1671355326.536000,45.339632,6.570453,2699.489820,314.0,16.382025,2.4,6.0
1671355327.537000,45.339739,6.570298,2696.857599,316.7,15.875518,2.4,6.0
1671355328.527000,45.339859,6.570165,2696.049765,324.9,16.483847,2.4,6.0
1671355329.527000,45.339987,6.570046,2692.458601,325.0,16.674196,2.4,6.0
1671355330.530000,45.340116,6.569928,2690.599378,329.6,16.325344,2.4,6.0
1671355331.534000,45.340254,6.569834,2687.534993,337.6,16.455021,2.4,6.0
1671355332.532000,45.340393,6.569755,2682.778386,323.8,14.721784,2.4,6.0
1671355333.526000,45.340497,6.569630,2679.210957,315.6,14.788023,2.4,6.0
1671355334.524000,45.340578,6.569485,2677.744858,308.3,14.379673,2.4,5.7
1671355335.515000,45.340656,6.569337,2676.455353,309.0,14.870903,2.4,5.3
1671355336.537000,45.340742,6.569189,2672.586945,309.0,15.249993,2.4,4.8
1671355337.530000,45.340815,6.569027,2667.242275,298.3,14.841573,2.4,4.7
1671355338.536000,45.340853,6.568847,2665.564387,284.8,14.444061,2.4,4.0
1671355339.551000,45.340880,6.568667,2662.456050,285.8,14.288337,2.4,4.0
1671355340.529000,45.340916,6.568492,2658.194593,297.7,14.169865,2.4,4.0
1671355341.544000,45.340975,6.568335,2653.276428,294.1,13.735456,2.4,4.0
1671355342.536000,45.341021,6.568182,2645.113768,276.9,12.804918,2.4,4.4
1671355343.543000,45.341014,6.568009,2641.283576,267.5,14.492495,2.4,4.8
1671355344.555000,45.340999,6.567818,2640.922586,269.0,15.132970,2.4,5.2
1671355345.529000,45.340993,6.567626,2638.034400,278.4,15.139344,2.4,5.3
1671355346.522000,45.341016,6.567435,2636.539320,289.7,15.117771,2.4,5.7
1671355347.530000,45.341098,6.567258,2632.290438,305.5,16.304224,2.4,6.0
1671355348.528000,45.341190,6.567090,2626.151074,296.4,16.172487,2.4,6.0
1671355349.540000,45.341248,6.566906,2617.700981,284.4,14.176644,2.4,6.0
1671355350.543000,45.341272,6.566730,2615.423885,283.0,13.042253,2.4,6.0
1671355351.534000,45.341300,6.566570,2614.675244,290.9,13.356930,2.5,6.0
1671355352.530000,45.341352,6.566417,2614.290579,297.8,14.640595,2.5,6.0
1671355353.527000,45.341418,6.566246,2610.712343,294.0,16.705307,2.5,6.0
1671355354.532000,45.341486,6.566048,2602.787533,287.1,17.262411,2.5,6.0
1671355355.525000,45.341530,6.565823,2597.778638,283.0,17.916542,2.4,6.0
1671355356.542000,45.341578,6.565586,2594.263624,290.2,18.089191,2.6,6.0
1671355357.536000,45.341648,6.565364,2592.058513,299.8,17.689653,2.5,6.0
1671355358.535000,45.341736,6.565169,2589.457209,308.9,17.901514,2.5,6.4
1671355359.539000,45.341849,6.564995,2585.651734,309.8,17.647280,2.4,6.4
1671355360.525000,45.341952,6.564830,2582.082896,299.4,16.830837,2.4,6.4
1671355361.539000,45.342020,6.564645,2576.315765,293.2,15.499738,2.4,6.3
1671355362.536000,45.342071,6.564473,2573.928421,295.0,14.392236,2.4,6.4
1671355363.532000,45.342123,6.564319,2574.643466,305.8,13.265979,2.5,6.3
1671355364.529000,45.342210,6.564212,2574.197810,313.0,13.650274,2.4,6.0
1671355365.529000,45.342295,6.564082,2571.208644,304.1,14.224652,2.4,6.0
1671355366.554000,45.342352,6.563915,2567.988992,293.4,14.628702,2.4,6.0
1671355367.546000,45.342402,6.563745,2564.160869,301.9,14.990133,2.5,6.4
1671355368.531000,45.342479,6.563589,2562.137603,319.7,15.254434,2.5,6.7
1671355369.545000,45.342595,6.563474,2559.478906,327.9,15.159558,2.4,7.2
1671355370.539000,45.342720,6.563390,2555.627963,330.7,15.672619,2.4,7.2
1671355371.533000,45.342839,6.563277,2552.831593,326.7,15.845137,2.4,7.0
1671355372.507000,45.342953,6.563151,2545.895001,310.5,16.297968,2.5,7.0
1671355373.538000,45.343055,6.562996,2541.905118,319.7,16.107574,2.5,6.8
1671355374.521000,45.343173,6.562874,2538.473643,323.8,16.109236,2.5,7.0
1671355375.544000,45.343295,6.562747,2534.107941,319.0,16.520868,2.5,7.2
1671355376.536000,45.343408,6.562606,2527.367544,321.8,16.719694,2.6,7.6
1671355377.525000,45.343539,6.562471,2524.390539,335.2,18.509542,2.7,8.0
1671355378.531000,45.343709,6.562394,2519.285355,350.9,19.903408,2.5,8.0
1671355379.536000,45.343901,6.562364,2513.329997,352.9,20.289810,2.5,8.0
1671355380.531000,45.344096,6.562335,2506.269686,347.3,20.910801,2.7,8.0
1671355381.538000,45.344285,6.562274,2499.315838,345.6,20.690960,2.5,8.0
1671355382.526000,45.344454,6.562151,2494.505224,332.8,20.456829,2.5,8.0
1671355383.527000,45.344612,6.562005,2489.418518,335.0,20.640097,2.5,8.0
1671355384.532000,45.344774,6.561891,2487.923982,336.1,19.205641,2.7,8.0
1671355385.526000,45.344909,6.561780,2481.392610,319.7,15.841770,2.5,8.0
1671355386.521000,45.344995,6.561632,2475.647412,301.2,15.279160,2.5,8.0
1671355387.530000,45.345054,6.561452,2469.984113,308.3,15.855916,2.4,8.0
1671355388.536000,45.345140,6.561284,2468.584720,323.5,16.592466,2.5,8.0
1671355389.529000,45.345265,6.561170,2464.510462,339.7,18.425741,2.5,8.0
1671355390.534000,45.345429,6.561098,2459.941599,347.9,19.628405,2.5,8.0
1671355391.537000,45.345602,6.561054,2455.316199,352.9,19.110939,2.5,8.0
1671355392.538000,45.345782,6.561040,2449.582236,358.0,20.258160,2.6,8.0
1671355393.531000,45.345977,6.561049,2443.804579,0.9,20.824846,2.5,7.7
1671355394.527000,45.346170,6.561060,2437.806770,1.0,21.006828,2.5,7.7
1671355395.533000,45.346361,6.561055,2433.153287,355.1,20.264761,2.4,7.7
1671355396.525000,45.346538,6.561015,2426.929627,349.9,18.981972,2.6,7.7
1671355397.531000,45.346698,6.560938,2422.417398,342.0,17.958603,2.5,7.3
1671355398.524000,45.346839,6.560857,2421.297891,339.0,16.518253,2.5,7.0
1671355399.529000,45.346970,6.560783,2421.471102,338.9,15.374088,2.4,6.8
1671355400.533000,45.347093,6.560718,2421.156275,336.1,13.560720,2.4,6.4
1671355401.529000,45.347199,6.560644,2420.512069,331.0,13.359837,2.4,6.0
1671355402.507000,45.347289,6.560552,2418.987049,323.3,12.434124,2.4,6.0
1671355403.519000,45.347366,6.560442,2416.854428,313.1,12.492491,2.4,6.0
1671355404.514000,45.347430,6.560311,2415.976775,307.7,12.697806,2.5,5.7
1671355405.520000,45.347499,6.560181,2414.199585,309.9,13.021608,2.4,5.3
1671355406.537000,45.347581,6.560059,2414.441460,314.7,13.416586,2.4,4.8
1671355407.527000,45.347674,6.559937,2413.621451,316.0,14.382324,2.4,4.4
1671355408.528000,45.347774,6.559805,2409.020362,316.0,15.073329,2.4,4.0
1671355409.531000,45.347880,6.559675,2406.292792,319.9,15.536647,2.5,4.0
1671355410.529000,45.347991,6.559546,2403.458167,319.0,16.200994,2.5,4.0
1671355411.530000,45.348098,6.559395,2399.952182,312.0,16.790556,2.5,4.0
1671355412.520000,45.348196,6.559228,2394.990847,310.0,16.878250,2.4,4.0
1671355413.531000,45.348296,6.559062,2391.638498,312.2,16.908556,2.4,4.0
1671355414.532000,45.348410,6.558915,2391.202666,318.0,17.212273,2.4,4.0
1671355415.526000,45.348530,6.558774,2390.073352,318.0,17.340719,2.5,4.0
1671355416.532000,45.348641,6.558618,2385.205109,312.1,17.321438,2.4,4.0
1671355417.528000,45.348738,6.558447,2382.327192,308.1,17.218861,2.5,4.0
1671355418.539000,45.348832,6.558272,2377.600730,308.0,17.181259,2.4,4.0
1671355419.525000,45.348934,6.558110,2377.301359,313.8,17.189211,2.4,4.0
1671355420.539000,45.349047,6.557961,2376.210351,316.9,16.847292,2.4,4.0
1671355421.528000,45.349156,6.557813,2374.582381,313.0,16.627527,2.6,4.3
1671355422.528000,45.349251,6.557655,2369.591230,308.0,16.152384,2.8,4.7
1671355423.527000,45.349327,6.557487,2366.467777,304.0,15.387378,2.5,5.0
1671355424.521000,45.349395,6.557327,2365.574316,303.0,14.416560,2.4,5.0
1671355425.516000,45.349466,6.557186,2366.411464,307.0,13.548965,2.7,5.0
1671355426.523000,45.349538,6.557057,2366.719046,308.0,12.633402,2.5,5.0
1671355427.541000,45.349607,6.556941,2366.156027,310.0,11.800552,2.5,4.4
1671355428.521000,45.349670,6.556833,2365.789167,308.0,11.229390,2.4,4.3
1671355429.540000,45.349727,6.556724,2364.892894,305.1,10.667058,2.4,4.0
1671355430.521000,45.349780,6.556618,2365.409381,304.0,10.228855,2.4,4.0
1671355432.540000,45.349884,6.556427,2364.023342,311.0,9.179556,2.4,4.0
1671355434.531000,45.350000,6.556283,2365.097343,319.0,8.578443,2.4,4.0
1671355436.531000,45.350122,6.556152,2364.758157,323.0,8.489662,2.4,4.0
1671355438.542000,45.350250,6.556027,2362.089626,324.3,8.869418,2.5,4.4
1671355440.527000,45.350383,6.555901,2362.242102,326.0,9.361588,2.5,5.0
1671355442.536000,45.350532,6.555758,2361.035847,322.0,10.241528,2.4,6.0
1671355443.526000,45.350607,6.555675,2358.579304,319.3,10.860152,2.5,6.0
1671355444.540000,45.350681,6.555574,2357.113213,315.3,11.145431,2.7,5.6
1671355445.542000,45.350756,6.555470,2354.659243,315.6,11.223944,2.5,5.2
1671355446.537000,45.350844,6.555382,2353.886055,324.9,11.946512,2.5,4.8
1671355447.541000,45.350939,6.555299,2350.604011,326.7,12.674191,2.5,4.8
1671355448.543000,45.351037,6.555199,2349.834635,320.5,13.198737,2.5,4.8
1671355449.529000,45.351128,6.555080,2343.090771,314.2,13.671885,2.4,5.0
1671355450.534000,45.351217,6.554955,2342.322650,319.8,13.789666,2.5,5.3
1671355451.533000,45.351322,6.554857,2341.607790,324.7,14.057359,2.6,5.3
1671355452.532000,45.351433,6.554776,2341.334388,333.9,13.960025,2.5,5.7
1671355453.535000,45.351550,6.554728,2340.352582,340.8,13.374183,2.4,5.7
1671355454.532000,45.351665,6.554695,2338.569952,346.7,13.207950,2.6,5.6
1671355455.542000,45.351786,6.554673,2337.271335,351.0,13.199741,2.5,5.6
1671355456.540000,45.351903,6.554664,2335.497729,352.4,12.768869,2.5,5.6
1671355457.521000,45.352013,6.554641,2334.615209,347.7,11.876104,2.4,5.3
1671355458.548000,45.352116,6.554618,2329.857378,352.8,11.676666,2.4,4.8
1671355459.549000,45.352215,6.554601,2329.509506,359.7,12.238133,2.4,4.8
1671355460.540000,45.352322,6.554607,2328.912870,4.7,12.924458,2.4,5.3
1671355461.540000,45.352439,6.554632,2325.193016,4.1,14.381127,2.4,5.7
1671355462.550000,45.352572,6.554640,2319.587312,0.8,14.383445,2.5,6.8
1671355463.533000,45.352706,6.554559,2316.347525,330.4,14.749776,2.4,7.0
1671355464.547000,45.352828,6.554466,2312.389760,329.8,14.740236,2.4,7.7
1671355465.537000,45.352939,6.554352,2311.039434,326.1,14.811782,2.5,8.0
1671355466.552000,45.353035,6.554224,2307.670805,322.4,14.145644,2.5,8.0
1671355467.546000,45.353122,6.554115,2304.262105,321.7,12.852694,2.4,8.0
1671355468.533000,45.353196,6.553992,2304.055753,318.6,12.679404,2.5,7.6
1671355469.535000,45.353259,6.553869,2299.064464,313.5,12.661405,2.5,7.3
1671355470.536000,45.353290,6.553746,2295.899303,291.8,9.961077,2.5,7.0
1671355472.551000,45.353315,6.553486,2291.075607,270.2,11.396367,2.6,6.4
1671355473.548000,45.353311,6.553335,2287.281169,276.9,11.023709,2.7,6.8
1671355474.556000,45.353325,6.553189,2285.505372,296.1,12.693836,2.9,7.2
1671355475.556000,45.353376,6.553035,2281.851504,313.3,13.423722,2.6,7.6
1671355476.530000,45.353471,6.552907,2277.733664,323.6,14.844277,2.5,7.7
1671355477.534000,45.353596,6.552796,2275.975345,332.9,14.765985,2.5,8.0
1671355478.533000,45.353730,6.552712,2275.978509,332.1,15.081487,2.4,8.0
1671355479.541000,45.353860,6.552613,2273.287273,328.0,15.153154,2.5,7.7
1671355480.541000,45.353980,6.552503,2268.739800,325.0,15.430944,2.5,7.3
1671355481.529000,45.354102,6.552390,2265.580281,328.0,15.671865,2.5,7.0
1671355482.538000,45.354228,6.552278,2264.112603,326.0,16.350185,2.4,6.4
1671355483.533000,45.354357,6.552160,2259.670539,317.0,18.287279,2.6,6.7
1671355484.539000,45.354484,6.551996,2253.287409,318.0,17.292786,2.9,6.7
1671355485.516000,45.354599,6.551849,2249.231741,317.1,16.473421,2.5,7.0
1671355486.534000,45.354727,6.551721,2249.841103,325.9,16.924953,2.4,7.6
1671355487.536000,45.354858,6.551605,2247.893013,322.0,17.261850,2.4,7.3
1671355488.544000,45.354982,6.551462,2243.051955,319.2,17.634485,2.5,7.2
1671355489.539000,45.355109,6.551310,2237.544190,319.0,18.565687,2.4,6.8
1671355490.535000,45.355246,6.551168,2236.077096,325.9,18.545820,2.4,6.0
1671355491.535000,45.355389,6.551056,2231.615480,330.7,17.694981,2.5,5.2
1671355492.536000,45.355529,6.550961,2229.521782,334.0,17.417492,2.4,5.0
1671355493.516000,45.355667,6.550874,2227.786801,335.0,16.886782,2.5,4.7
1671355494.523000,45.355798,6.550770,2225.192933,328.3,16.762659,2.5,4.3
1671355495.539000,45.355921,6.550647,2218.870092,322.1,16.697948,2.5,4.4
1671355496.528000,45.356036,6.550518,2215.137010,326.0,16.336876,2.4,4.7
1671355497.552000,45.356160,6.550413,2214.818134,331.7,15.660851,2.5,5.2
1671355498.527000,45.356284,6.550330,2213.976518,334.0,15.280795,2.5,5.6
1671355499.533000,45.356404,6.550246,2211.987106,332.0,14.853057,2.5,5.6
1671355500.545000,45.356515,6.550149,2209.161031,326.1,14.430146,2.4,5.2
1671355501.553000,45.356620,6.550043,2205.482810,324.0,14.168382,2.7,4.8
1671355502.563000,45.356725,6.549943,2204.634827,325.9,14.108920,2.6,4.4
1671355503.529000,45.356833,6.549854,2204.550671,328.5,13.934878,2.8,4.0
1671355504.556000,45.356944,6.549770,2203.760782,329.9,13.528341,2.5,4.0
1671355505.553000,45.357046,6.549688,2201.644698,330.0,13.048608,2.5,4.0
1671355506.550000,45.357143,6.549605,2200.151591,328.0,12.524795,2.5,4.0
1671355507.558000,45.357233,6.549519,2199.486235,327.0,12.129709,2.4,4.0
1671355508.555000,45.357323,6.549434,2198.335010,326.0,12.231852,2.4,4.0
1671355509.546000,45.357410,6.549342,2196.954033,323.0,12.356461,2.5,4.0
1671355510.550000,45.357494,6.549236,2194.683237,316.3,12.489305,2.4,4.0
1671355511.536000,45.357568,6.549104,2191.494120,313.0,13.555233,2.4,4.0
1671355512.533000,45.357638,6.548948,2188.436535,302.3,14.687068,2.4,4.0
1671355513.533000,45.357708,6.548781,2184.376297,306.8,15.983980,2.7,4.3
1671355514.528000,45.357804,6.548623,2183.685072,311.9,16.519691,2.4,4.7
1671355515.538000,45.357908,6.548464,2181.057912,312.0,17.115385,2.4,5.0
1671355516.533000,45.358009,6.548290,2176.799911,304.6,17.489599,2.4,5.3
1671355517.540000,45.358089,6.548094,2169.517215,301.5,18.020939,2.5,6.0
1671355518.537000,45.358174,6.547887,2167.271342,303.0,18.892725,2.5,6.0
1671355519.533000,45.358269,6.547688,2163.436542,305.0,19.676508,2.4,6.0
1671355520.530000,45.358372,6.547490,2156.048582,302.4,18.952770,2.5,6.0
1671355521.541000,45.358457,6.547292,2154.620699,300.0,17.670353,2.5,6.0
1671355522.534000,45.358527,6.547099,2153.343206,297.0,16.445061,2.5,6.0
1671355523.536000,45.358602,6.546930,2153.395895,306.4,15.385455,2.5,6.0
1671355524.542000,45.358700,6.546807,2152.878944,319.8,14.735715,2.5,5.6
1671355525.538000,45.358814,6.546717,2152.327966,330.0,14.401775,2.4,5.2
1671355526.534000,45.358931,6.546643,2151.392476,332.9,13.990352,2.5,5.0
1671355527.525000,45.359045,6.546574,2148.575458,335.9,13.686722,2.5,4.7
1671355528.540000,45.359159,6.546511,2147.109654,338.0,13.658394,2.5,4.0
1671355529.538000,45.359274,6.546455,2145.790056,340.0,13.603429,2.4,4.0
1671355530.534000,45.359390,6.546404,2143.612928,341.0,13.602119,2.6,4.3
1671355531.531000,45.359502,6.546350,2141.840700,337.0,13.364364,2.5,4.7
1671355532.537000,45.359613,6.546283,2138.558172,339.0,13.556437,2.6,5.2
1671355533.519000,45.359726,6.546226,2136.965579,345.0,13.361939,2.5,5.3
1671355534.537000,45.359848,6.546193,2136.979128,349.0,13.767365,2.5,5.7
1671355535.531000,45.359974,6.546168,2135.830704,349.0,14.203531,2.4,6.0
1671355536.538000,45.360102,6.546127,2133.537277,344.1,14.467256,2.4,6.0
1671355537.555000,45.360232,6.546071,2129.087049,337.3,14.861837,2.5,6.0
1671355538.530000,45.360356,6.545996,2125.716003,334.2,16.003742,2.4,6.4
1671355539.541000,45.360485,6.545901,2122.772771,330.1,15.675248,2.4,6.8
1671355540.535000,45.360607,6.545801,2119.898759,328.0,15.566826,2.4,7.2
1671355541.536000,45.360722,6.545686,2117.607519,325.0,15.688346,2.4,7.3
1671355542.548000,45.360825,6.545560,2114.423738,321.0,15.229659,2.6,7.3
1671355543.528000,45.360922,6.545429,2111.433837,316.1,14.928027,2.4,7.3
1671355544.539000,45.361016,6.545296,2109.657929,317.0,13.532807,2.4,7.0
1671355545.543000,45.361102,6.545181,2109.625163,317.0,13.003121,2.4,6.4
1671355546.527000,45.361183,6.545068,2109.557497,312.6,12.261776,2.6,6.0
1671355547.540000,45.361250,6.544958,2108.602306,309.0,11.533895,2.5,5.3
1671355548.529000,45.361311,6.544847,2109.231704,308.0,11.179556,2.5,4.8
1671355549.544000,45.361370,6.544741,2109.075798,308.0,10.814901,2.5,4.4
1671355550.539000,45.361429,6.544642,2108.953145,312.4,10.353108,2.5,4.7
1671355552.542000,45.361561,6.544473,2107.626752,317.0,9.968740,2.5,5.2
1671355554.534000,45.361700,6.544304,2106.237466,318.0,10.346919,2.4,5.3
1671355555.535000,45.361771,6.544209,2105.519377,316.0,10.752059,2.5,5.3
1671355556.545000,45.361843,6.544108,2104.316627,317.0,11.019100,2.5,4.8
1671355557.534000,45.361916,6.544007,2102.840349,317.0,11.349523,2.5,5.0
1671355558.541000,45.361991,6.543904,2101.542327,315.0,11.514774,2.4,4.8
1671355559.518000,45.362065,6.543796,2099.281931,313.0,11.862946,2.6,5.0
1671355560.527000,45.362141,6.543685,2098.789485,313.0,11.995924,2.5,5.3
1671355561.530000,45.362217,6.543579,2096.515056,314.0,12.131529,2.5,5.7
1671355562.520000,45.362293,6.543470,2095.461172,311.5,12.056633,2.5,6.0
1671355563.522000,45.362362,6.543354,2094.733678,310.0,11.903738,2.5,6.0
1671355564.529000,45.362430,6.543239,2093.102649,309.0,11.864046,2.4,6.0
1671355565.540000,45.362495,6.543121,2092.526700,309.0,11.903369,2.4,5.6
1671355566.549000,45.362560,6.543000,2091.779994,308.0,11.923144,2.5,5.2
1671355567.532000,45.362625,6.542878,2091.420289,307.0,11.988893,2.4,4.8
1671355568.534000,45.362689,6.542753,2090.007911,307.0,11.775592,2.4,4.4
1671355569.532000,45.362750,6.542633,2087.242107,307.0,11.706829,2.4,4.4
1671355570.540000,45.362822,6.542525,2086.541019,314.3,11.372183,2.4,4.7
1671355571.535000,45.362899,6.542424,2084.972924,311.6,11.254090,2.6,5.0
1671355572.545000,45.362961,6.542313,2084.848336,307.2,11.133810,2.4,5.6
1671355573.548000,45.363022,6.542204,2081.421882,309.0,11.370935,2.4,6.0
1671355574.545000,45.363091,6.542097,2081.231762,312.8,11.362704,2.4,6.0
1671355575.550000,45.363164,6.542002,2081.611446,326.1,10.666870,2.6,6.0
1671355576.540000,45.363246,6.541930,2081.037691,325.1,10.783939,2.6,6.0
1671355577.547000,45.363328,6.541852,2079.958461,322.0,11.179546,2.5,6.0
1671355578.562000,45.363409,6.541762,2079.168036,326.8,11.294198,2.8,6.0
1671355579.543000,45.363492,6.541683,2076.631738,319.0,11.306726,2.5,6.0
1671355580.536000,45.363569,6.541587,2074.447052,322.0,11.532290,2.5,6.0
1671355581.546000,45.363658,6.541508,2073.253525,327.7,11.722855,2.5,5.6
1671355582.552000,45.363743,6.541421,2072.238440,321.1,11.987069,2.5,5.2
1671355583.548000,45.363821,6.541311,2070.106983,314.0,12.209022,2.4,5.0
1671355584.561000,45.363900,6.541198,2066.933946,314.0,12.265052,2.6,4.8
1671355585.537000,45.363983,6.541094,2067.498434,317.7,12.756315,2.6,4.8
1671355586.549000,45.364080,6.540990,2066.557692,322.0,13.429788,2.6,5.2
1671355587.547000,45.364184,6.540884,2064.780163,323.0,14.287963,2.4,5.3
1671355588.548000,45.364292,6.540773,2063.426223,323.0,14.529942,2.5,6.0
1671355589.558000,45.364396,6.540664,2058.680227,322.0,14.087815,2.5,6.3
1671355590.552000,45.364497,6.540559,2056.995444,323.0,14.070914,2.5,6.4
1671355591.549000,45.364602,6.540452,2055.503950,323.0,14.298688,2.5,6.4
1671355592.552000,45.364707,6.540336,2053.399010,324.0,14.246573,2.5,6.4
1671355593.546000,45.364808,6.540226,2052.640813,324.0,13.687986,2.5,6.3
1671355594.549000,45.364908,6.540127,2049.862462,326.0,12.450058,2.4,6.0
1671355595.553000,45.364998,6.540047,2050.360423,327.0,12.214474,2.5,6.0
1671355596.559000,45.365087,6.539970,2050.417731,329.0,11.781453,2.4,6.0
1671355597.555000,45.365173,6.539904,2049.554642,332.0,11.483915,2.4,5.6
1671355598.542000,45.365261,6.539845,2048.927205,338.0,10.804938,2.4,5.7
1671355599.541000,45.365348,6.539800,2048.100891,339.0,10.693056,2.4,5.7
1671355600.531000,45.365436,6.539760,2047.129130,341.0,10.489003,2.5,5.7
1671355601.532000,45.365525,6.539719,2046.025494,341.0,10.730439,2.4,5.7
1671355602.536000,45.365619,6.539676,2042.823908,340.0,10.822065,2.4,5.3
1671355603.551000,45.365711,6.539632,2041.429409,340.0,10.544979,2.4,5.2
1671355604.529000,45.365797,6.539586,2042.382919,337.4,10.078966,2.5,5.0
1671355606.527000,45.365960,6.539477,2041.833898,334.1,10.033010,2.6,4.3
1671355607.529000,45.366044,6.539420,2041.807533,333.0,10.617517,2.8,4.3
1671355608.518000,45.366127,6.539361,2040.447638,331.0,10.434332,2.8,4.7
1671355609.517000,45.366208,6.539296,2040.653008,329.3,10.143196,2.5,5.0
1671355610.533000,45.366287,6.539227,2038.366253,327.0,10.180497,2.5,5.6
1671355611.543000,45.366363,6.539157,2037.939002,326.0,10.007457,2.6,6.0
1671355613.518000,45.366509,6.539026,2037.856644,329.0,9.616856,2.5,5.6
1671355615.541000,45.366660,6.538916,2036.771786,334.0,9.168626,2.7,4.8
1671355617.535000,45.366810,6.538844,2035.656854,344.0,8.776273,2.5,4.0
1671355619.530000,45.366965,6.538810,2033.741361,354.9,8.782664,2.5,4.0
1671355621.548000,45.367123,6.538808,2034.209101,1.0,8.756492,2.6,4.8
1671355623.531000,45.367275,6.538760,2029.879337,344.1,8.769207,2.4,5.3
1671355625.555000,45.367435,6.538677,2030.180266,340.0,9.744983,2.4,5.2
1671355627.534000,45.367606,6.538644,2028.023554,3.6,9.673451,2.4,5.0
1671355628.528000,45.367694,6.538669,2027.566476,6.0,9.827011,2.4,5.0
1671355630.528000,45.367869,6.538712,2025.773527,6.0,10.233848,2.4,5.3
1671355631.548000,45.367961,6.538726,2023.547156,5.0,10.498479,2.4,5.3
1671355632.540000,45.368056,6.538734,2023.139547,3.0,11.019946,2.4,5.2
1671355633.547000,45.368157,6.538739,2021.554162,0.0,10.917450,2.5,5.2
1671355634.569000,45.368256,6.538734,2019.130300,358.0,11.194950,2.7,5.2
1671355635.534000,45.368355,6.538723,2018.981667,354.0,10.462583,2.7,5.2
1671355636.537000,45.368449,6.538701,2018.730108,349.3,10.509814,2.9,5.3
1671355637.531000,45.368541,6.538669,2017.780052,339.9,9.879629,2.9,6.0
1671355638.540000,45.368628,6.538617,2017.227362,336.2,10.640931,2.5,6.7
1671355639.531000,45.368717,6.538554,2013.991621,327.1,11.006645,2.5,7.0
1671355640.527000,45.368796,6.538465,2013.688041,320.3,11.368419,2.5,7.0
1671355641.532000,45.368872,6.538354,2011.029578,310.2,12.107219,2.4,7.0
1671355642.527000,45.368947,6.538224,2009.876152,311.0,13.726261,2.5,7.0
1671355643.524000,45.369030,6.538107,2009.275276,320.7,11.945293,2.6,6.7
1671355644.534000,45.369114,6.538026,2007.827877,323.0,11.328281,2.7,5.6
1671355645.530000,45.369183,6.537936,2005.535029,312.6,11.100355,2.4,5.2
1671355646.535000,45.369234,6.537811,2002.706507,298.4,11.684594,2.5,4.8
1671355647.539000,45.369263,6.537656,1998.327795,294.3,12.484713,2.5,4.4
1671355648.532000,45.369284,6.537489,1994.590002,279.1,14.491884,2.5,4.0
1671355649.525000,45.369305,6.537306,1990.897368,286.9,14.088085,2.5,4.0
1671355650.534000,45.369368,6.537142,1989.654542,307.4,15.786223,2.6,4.4
1671355651.520000,45.369456,6.536986,1987.364828,290.2,16.046402,2.4,4.7
1671355652.532000,45.369500,6.536775,1979.916950,282.3,17.328199,2.4,5.0
1671355653.530000,45.369530,6.536547,1975.692614,283.9,18.336830,2.4,5.3
1671355654.523000,45.369572,6.536317,1971.829038,296.7,17.649437,2.4,5.7
1671355655.540000,45.369672,6.536116,1968.240712,300.7,18.012497,2.4,6.0
1671355656.534000,45.369751,6.535919,1962.442320,281.7,16.888453,2.4,6.4
1671355657.541000,45.369766,6.535704,1958.967724,278.2,16.425337,2.4,6.8
1671355658.527000,45.369768,6.535502,1954.848340,273.2,16.810328,2.5,7.0
1671355659.533000,45.369777,6.535300,1950.956546,285.4,15.894810,2.4,7.6
1671355660.523000,45.369822,6.535122,1946.802811,294.0,15.604583,2.4,7.7
1671355661.533000,45.369891,6.534949,1941.577836,296.0,15.434200,2.4,8.0
1671355662.533000,45.369960,6.534771,1938.918552,283.7,16.459949,2.5,8.0
1671355663.522000,45.370000,6.534557,1931.983372,286.9,16.881737,2.7,8.0
1671355664.519000,45.370044,6.534339,1930.945840,288.9,16.120441,2.8,8.0
1671355665.526000,45.370101,6.534156,1928.351710,292.8,15.541432,2.8,8.0
1671355666.530000,45.370186,6.534018,1926.615292,299.5,14.240148,2.7,8.0
1671355667.530000,45.370252,6.533893,1925.632100,296.1,11.825784,2.6,8.0
1671355668.529000,45.370301,6.533771,1922.312601,295.0,11.791334,2.5,7.6
1671355669.515000,45.370348,6.533654,1922.083831,304.5,10.065896,2.6,7.3
1671355671.519000,45.370474,6.533545,1921.751924,321.1,7.705765,2.5,6.7
1671355673.516000,45.370572,6.533426,1920.829604,310.4,7.793029,2.8,6.0
1671355675.520000,45.370685,6.533321,1916.432543,333.0,7.975639,2.5,6.0
1671355677.525000,45.370795,6.533170,1911.041732,302.6,9.034087,2.5,6.0
1671355678.529000,45.370845,6.533063,1908.266270,308.3,9.386260,2.5,6.0
1671355680.538000,45.370957,6.532957,1904.755322,342.9,6.419872,2.4,6.0
1671355682.542000,45.371066,6.532898,1905.332843,325.3,5.914155,2.4,6.0
1671355684.527000,45.371117,6.532773,1901.963610,298.2,5.573407,2.4,5.7
1671355697.310000,45.371181,6.532642,1901.988150,344.7,4.919685,2.6,5.3
1671355698.528000,45.371276,6.532560,1897.328409,350.1,6.982470,2.6,5.7
1671355700.535000,45.371390,6.532486,1894.283320,312.2,7.056007,2.5,5.6
1671355702.532000,45.371455,6.532329,1889.611612,301.8,8.071711,2.8,6.8
1671355704.531000,45.371566,6.532212,1882.626433,345.1,6.987816,2.5,6.8
1671355706.530000,45.371665,6.532137,1876.973496,306.9,5.096468,2.5,6.7
1671355709.539000,45.371670,6.531920,1870.261210,276.4,5.279321,2.4,8.3
1671355712.406000,45.371708,6.531789,1868.590541,328.9,5.124136,2.5,9.8
1671355714.531000,45.371811,6.531671,1861.953720,327.2,6.901814,2.4,9.0
1671355716.529000,45.371901,6.531520,1856.687934,277.9,7.564914,2.5,7.1
1671355718.523000,45.371925,6.531309,1850.605691,280.2,8.300922,2.4,6.3
1671355720.517000,45.372015,6.531123,1844.630693,295.1,7.465359,2.5,7.0
1671355722.534000,45.372056,6.530914,1844.121748,274.0,8.886786,2.8,7.7
1671355724.545000,45.372097,6.530689,1840.820482,295.7,8.060698,2.7,7.2
1671355726.529000,45.372166,6.530522,1837.659739,287.3,6.799767,2.5,6.4
1671355728.531000,45.372197,6.530348,1834.795944,286.0,8.503727,2.4,6.0
1671355730.526000,45.372278,6.530153,1833.249611,307.3,9.139001,2.7,6.0
1671355732.529000,45.372356,6.529948,1825.831076,284.2,9.381896,2.4,7.0
1671355734.516000,45.372426,6.529732,1822.573476,302.6,8.805964,2.5,7.7
1671355736.523000,45.372553,6.529567,1820.016250,314.4,9.560691,2.5,7.7
1671355737.533000,45.372620,6.529473,1820.345665,312.0,9.060994,2.8,6.8
1671355739.533000,45.372737,6.529332,1818.256736,319.0,7.445086,2.4,6.0
1671355741.537000,45.372824,6.529234,1819.635167,313.2,5.367856,2.4,6.0
1671355744.540000,45.372866,6.529091,1819.558014,285.2,4.369014,2.4,5.4
1671355747.530000,45.372900,6.528887,1817.049918,277.9,5.698215,2.4,5.4
1671355749.531000,45.372910,6.528709,1816.397521,274.0,7.005415,2.5,5.5
1671355751.532000,45.372913,6.528507,1815.458119,270.0,8.718328,2.7,6.0
1671355753.537000,45.372907,6.528265,1813.562123,270.0,9.326644,2.7,6.0
1671355755.525000,45.372911,6.528027,1810.862500,273.9,9.515143,2.5,6.0
1671355757.520000,45.372934,6.527782,1809.974345,279.0,10.311940,2.4,6.4
1671355759.533000,45.372944,6.527541,1808.095829,260.1,9.336094,2.7,6.3
1671355761.534000,45.372874,6.527326,1804.055269,244.0,9.017200,2.4,6.0
1671355763.541000,45.372823,6.527091,1802.464668,262.0,9.787691,2.5,5.0
1671355764.567000,45.372819,6.526959,1801.409667,276.8,10.272941,2.5,4.8
1671355765.560000,45.372838,6.526827,1799.642831,268.3,10.826756,2.5,4.8
1671355766.522000,45.372829,6.526686,1798.912336,259.7,11.372006,2.8,5.0
1671355767.558000,45.372797,6.526537,1794.503467,251.2,12.177114,2.4,5.6
1671355768.535000,45.372758,6.526386,1792.189701,251.0,12.667434,2.4,5.3
1671355769.547000,45.372730,6.526227,1791.671157,257.2,12.537933,2.5,5.3
1671355770.537000,45.372714,6.526072,1792.065231,259.0,12.180348,2.4,5.0
1671355771.529000,45.372694,6.525920,1791.040128,258.0,12.153965,2.4,4.4
1671355772.534000,45.372671,6.525765,1788.786435,258.0,12.441806,2.4,4.3
1671355773.529000,45.372654,6.525604,1787.395901,261.3,12.580844,2.4,4.0
1671355774.532000,45.372653,6.525452,1786.463257,269.7,11.261652,2.5,4.0
1671355775.532000,45.372659,6.525312,1786.375630,283.5,9.531798,2.4,4.3
1671355777.540000,45.372733,6.525114,1786.653852,309.8,8.376513,2.4,5.2
1671355779.540000,45.372834,6.524948,1786.747180,307.0,8.519952,2.8,5.6
1671355781.519000,45.372935,6.524782,1785.811030,311.0,8.562710,2.8,5.0
1671355783.534000,45.373043,6.524626,1785.415088,312.0,8.361468,2.6,4.7
1671355785.536000,45.373144,6.524474,1783.271782,312.0,8.301748,2.6,5.2
1671355787.533000,45.373250,6.524323,1783.711934,314.0,8.535440,2.5,5.3
1671355789.528000,45.373360,6.524150,1781.974378,311.0,9.418197,2.8,5.0
1671355790.524000,45.373419,6.524050,1778.681454,310.0,10.376846,2.4,4.7
1671355791.527000,45.373481,6.523945,1777.911122,310.0,10.901980,2.5,4.3
1671355792.541000,45.373545,6.523841,1775.338209,313.2,10.222993,2.5,4.0
1671355793.533000,45.373625,6.523781,1773.687000,335.0,10.519145,2.5,4.0
1671355794.526000,45.373717,6.523733,1772.429253,339.9,11.194408,2.5,4.0
1671355795.528000,45.373815,6.523696,1772.558656,344.4,11.195675,2.8,4.4
1671355796.531000,45.373916,6.523668,1768.776228,346.0,11.438121,2.4,4.8
1671355797.520000,45.374019,6.523636,1765.589002,336.7,11.444357,2.4,5.0
1671355798.533000,45.374116,6.523579,1764.817851,349.6,11.311888,2.5,5.3
1671355799.533000,45.374216,6.523557,1764.662678,351.8,10.213831,2.4,6.0
1671355800.528000,45.374312,6.523541,1763.132178,346.2,11.193875,2.4,6.0
1671355801.529000,45.374417,6.523505,1759.002765,340.1,11.255064,2.4,6.0
1671355802.506000,45.374515,6.523440,1758.229799,332.1,11.829733,2.4,6.0
1671355803.504000,45.374610,6.523360,1757.331466,327.1,12.082626,2.5,6.0
1671355804.512000,45.374702,6.523273,1756.174231,328.0,11.925849,2.4,6.0
1671355805.528000,45.374798,6.523193,1754.694348,328.0,11.852644,2.4,6.0
1671355806.525000,45.374892,6.523115,1754.600158,328.0,12.086854,2.4,6.0
1671355807.528000,45.374988,6.523027,1752.768981,325.0,12.563101,2.5,5.6
1671355808.520000,45.375079,6.522930,1749.357726,322.0,12.606316,2.8,5.2
1671355809.527000,45.375169,6.522826,1747.068373,319.1,12.394280,2.7,4.8
1671355810.523000,45.375247,6.522713,1745.659388,314.0,12.262056,2.8,4.7
1671355811.526000,45.375313,6.522589,1745.489147,306.2,12.161689,2.6,4.0
1671355812.533000,45.375368,6.522453,1742.878122,299.3,12.126336,2.5,4.0
1671355813.525000,45.375410,6.522312,1742.022220,293.0,11.927204,2.6,4.0
1671355814.535000,45.375448,6.522170,1740.048394,292.9,11.646359,2.6,5.6
1671355815.540000,45.375469,6.522036,1740.248069,285.0,10.933105,2.5,6.0
1671355816.543000,45.375494,6.521906,1741.841761,287.8,10.773365,2.6,6.0
1671355817.539000,45.375531,6.521780,1741.920544,293.7,10.744853,2.7,6.0
1671355818.541000,45.375575,6.521661,1739.108539,297.0,10.404209,2.5,6.0
1671355819.540000,45.375625,6.521546,1738.066801,301.8,10.612092,2.5,4.4
1671355820.525000,45.375690,6.521443,1738.106314,312.6,10.922706,2.4,4.3
1671355821.547000,45.375760,6.521349,1734.696463,326.8,10.205091,2.6,4.0
1671355823.527000,45.375919,6.521305,1732.751652,19.0,9.101759,2.6,4.0
1671355825.527000,45.376094,6.521379,1728.176020,12.0,9.556735,2.4,4.8
1671355826.526000,45.376182,6.521412,1727.907894,14.8,9.498286,2.4,5.0
1671355828.530000,45.376349,6.521486,1727.564985,7.4,9.169055,2.4,5.6
1671355830.515000,45.376527,6.521481,1722.938379,347.5,10.207476,2.4,5.7
1671355831.528000,45.376566,6.521364,1718.819783,291.8,10.392665,2.5,5.6
1671355832.530000,45.376569,6.521218,1715.749772,259.8,11.047267,2.4,5.6
1671355833.541000,45.376529,6.521061,1712.394893,252.8,11.915613,2.4,6.0
1671355834.531000,45.376477,6.520908,1709.696864,246.1,12.410497,2.4,6.0
1671355835.543000,45.376416,6.520751,1708.035686,241.0,12.837317,2.5,6.0
1671355836.524000,45.376352,6.520603,1706.330397,239.0,13.070817,2.8,6.0
1671355837.525000,45.376287,6.520453,1706.578326,238.0,13.175361,2.7,5.7
1671355838.531000,45.376227,6.520300,1705.523457,241.0,13.176747,2.9,5.3
1671355839.527000,45.376179,6.520142,1704.309452,243.6,13.248502,3.0,5.0
1671355840.537000,45.376144,6.519983,1704.298810,252.9,12.483743,2.6,4.7
1671355841.557000,45.376126,6.519826,1703.872130,261.9,11.930219,2.6,4.0
1671355842.528000,45.376135,6.519676,1702.537615,273.4,11.622796,2.5,4.0
1671355843.535000,45.376176,6.519532,1700.927671,283.6,11.369397,2.5,4.0
1671355844.532000,45.376250,6.519417,1700.999859,299.8,11.671943,2.5,4.0
1671355845.523000,45.376336,6.519321,1699.897523,333.1,12.300714,2.6,4.0
1671355846.525000,45.376443,6.519290,1698.346234,349.2,12.056862,2.7,4.0
1671355847.526000,45.376555,6.519272,1697.019328,350.0,12.371983,2.6,4.0
1671355848.539000,45.376665,6.519251,1694.684647,350.0,12.049092,2.4,4.4
1671355849.531000,45.376770,6.519222,1693.461567,346.1,11.983394,2.4,4.3
1671355850.537000,45.376873,6.519179,1690.280706,342.0,11.708019,2.5,4.4
1671355851.536000,45.376971,6.519128,1689.378476,339.0,11.725099,2.5,4.4
1671355852.538000,45.377068,6.519065,1688.719111,333.0,11.886143,2.5,4.4
1671355853.542000,45.377162,6.518987,1686.295836,327.1,12.023732,2.5,4.0
1671355854.532000,45.377247,6.518894,1682.184100,321.2,11.982063,2.4,4.0
1671355855.539000,45.377326,6.518785,1683.246607,315.2,12.181461,2.5,4.0
1671355856.530000,45.377395,6.518664,1682.161423,307.0,12.285971,2.4,4.0
1671355857.528000,45.377461,6.518536,1680.364001,298.4,12.954593,2.5,4.0
1671355858.538000,45.377501,6.518377,1678.899926,287.3,13.187643,2.5,4.0
1671355859.529000,45.377531,6.518206,1675.825824,283.2,13.976791,2.4,4.0
1671355860.533000,45.377552,6.518018,1675.717913,279.7,15.013288,2.4,4.0
1671355861.534000,45.377569,6.517825,1670.028320,264.5,15.946275,2.5,4.0
1671355862.534000,45.377548,6.517619,1664.801888,256.3,16.399820,2.4,4.0
1671355863.532000,45.377509,6.517420,1659.931694,244.0,15.572486,2.4,4.3
1671355864.542000,45.377438,6.517244,1656.508657,234.8,14.593717,2.5,4.8
1671355865.546000,45.377337,6.517128,1655.451894,222.0,14.159962,2.7,5.2
1671355866.528000,45.377225,6.517047,1655.158235,210.3,13.060125,2.7,5.3
1671355867.530000,45.377113,6.516973,1654.284706,219.5,12.402308,2.6,5.3
1671355868.535000,45.377020,6.516871,1653.522745,230.7,12.008528,2.7,5.2
1671355869.529000,45.376963,6.516740,1652.947513,240.2,11.710906,2.6,5.0
1671355870.526000,45.376916,6.516605,1651.497067,241.0,11.411753,2.7,4.7
1671355871.519000,45.376866,6.516475,1650.934539,239.0,11.555245,2.5,4.3
1671355872.527000,45.376805,6.516346,1648.326733,236.0,11.878692,2.4,4.0
1671355873.519000,45.376743,6.516221,1648.003799,236.0,11.740449,2.5,4.0
1671355874.525000,45.376686,6.516092,1646.843892,239.0,11.767992,2.9,4.0
1671355875.518000,45.376634,6.515962,1645.822707,245.8,11.039455,2.7,4.0
1671355876.527000,45.376596,6.515831,1645.211368,249.9,10.407073,2.6,4.0
1671355877.521000,45.376564,6.515704,1644.737438,249.0,10.531027,2.4,4.0
1671355878.524000,45.376527,6.515581,1644.238501,243.4,10.284509,2.5,4.0
1671355879.519000,45.376484,6.515465,1642.606915,241.0,10.396264,2.5,4.0
1671355880.529000,45.376439,6.515342,1642.165998,243.0,10.899762,2.5,4.0
1671355881.544000,45.376398,6.515209,1641.444172,247.0,11.231844,2.6,4.0
1671355882.539000,45.376368,6.515066,1640.049939,253.5,11.878774,2.4,4.0
1671355883.537000,45.376345,6.514914,1640.698501,255.9,11.939913,2.6,4.0
1671355884.522000,45.376312,6.514794,1638.274034,242.8,9.150398,2.6,4.0
1671355886.543000,45.376218,6.514612,1636.776460,227.0,9.353532,2.5,4.0
1671355887.548000,45.376152,6.514524,1635.258669,221.0,9.869473,2.4,4.0
1671355888.539000,45.376083,6.514441,1633.479503,229.9,10.146990,2.4,4.0
1671355889.546000,45.376027,6.514338,1633.475912,238.8,9.728805,2.5,4.0
1671355890.544000,45.375987,6.514224,1629.138327,237.0,9.441504,2.5,4.0
1671355892.538000,45.375866,6.514000,1623.567458,231.0,12.480196,2.4,4.0
1671355893.539000,45.375788,6.513866,1620.598088,253.7,13.478160,2.4,4.0
1671355894.537000,45.375750,6.513688,1618.206093,248.3,14.124901,2.5,4.3
1671355895.527000,45.375699,6.513522,1615.293165,236.9,14.096451,2.7,4.7
1671355896.534000,45.375616,6.513377,1610.001386,237.0,14.697990,2.6,5.2
1671355897.541000,45.375543,6.513223,1608.210294,253.7,14.439792,2.5,5.6
1671355898.537000,45.375507,6.513042,1607.080406,256.8,15.746844,2.7,5.7
1671355899.536000,45.375475,6.512838,1602.886776,252.4,15.186722,2.8,6.0
1671355900.533000,45.375429,6.512655,1598.758035,236.6,14.146224,2.4,6.0
1671355901.538000,45.375354,6.512505,1594.949937,238.9,13.548014,2.4,6.0
1671355902.529000,45.375290,6.512356,1596.336115,255.7,12.735669,2.5,6.0
1671355903.528000,45.375264,6.512190,1596.455038,260.9,13.326824,2.6,6.0
1671355904.520000,45.375245,6.512017,1593.907064,253.3,12.788095,2.5,6.0
1671355905.526000,45.375198,6.511866,1588.510289,244.2,12.263537,2.6,6.0
1671355906.531000,45.375128,6.511740,1586.624552,231.7,12.105746,2.4,5.7
1671355907.542000,45.375053,6.511621,1586.585216,221.0,12.307196,2.5,5.2
1671355908.521000,45.374971,6.511520,1584.920263,233.4,12.103255,2.5,5.0
1671355909.533000,45.374907,6.511381,1583.881460,239.6,12.590239,2.8,4.4
1671355910.530000,45.374854,6.511248,1580.169352,238.0,10.968570,2.5,4.4
1671355911.537000,45.374802,6.511132,1578.412484,230.1,11.520139,2.6,4.8
1671355912.537000,45.374734,6.511017,1575.848706,237.8,12.618446,2.7,5.0
1671355913.537000,45.374668,6.510871,1572.585473,240.0,14.071514,2.6,5.6
1671355914.530000,45.374596,6.510708,1568.030037,235.6,15.380236,2.4,5.7
1671355915.532000,45.374527,6.510544,1563.903033,250.9,13.030235,2.5,6.0
1671355916.528000,45.374503,6.510389,1562.082608,255.4,10.379068,2.4,6.0
1671355918.532000,45.374582,6.510209,1561.282631,317.5,7.314013,2.5,6.0
1671355920.525000,45.374715,6.510066,1556.260112,291.1,9.311451,2.4,6.0
1671355921.521000,45.374761,6.509952,1552.101052,287.2,10.470613,2.4,6.0
1671355922.530000,45.374803,6.509813,1548.624620,307.8,11.328076,2.4,6.0
1671355923.526000,45.374876,6.509688,1544.213456,315.7,12.421132,2.5,6.0
1671355924.537000,45.374966,6.509569,1545.000822,305.3,12.810957,2.5,6.0
1671355925.527000,45.375033,6.509432,1538.677445,289.8,12.161213,2.5,6.0
1671355926.523000,45.375070,6.509279,1532.982547,291.0,12.350007,2.5,6.0
1671355927.508000,45.375108,6.509137,1532.058219,294.6,11.972409,2.7,6.0
1671355928.535000,45.375183,6.509023,1528.167037,316.8,12.080397,2.6,6.0
1671355929.535000,45.375270,6.508919,1525.686112,299.1,12.224528,2.4,6.0
1671355930.535000,45.375328,6.508780,1520.915641,299.0,12.371166,2.5,6.0
1671355931.527000,45.375389,6.508635,1520.806492,306.7,11.918416,2.5,6.0
1671355932.541000,45.375467,6.508515,1519.244993,322.0,12.071483,2.5,6.0
1671355933.533000,45.375561,6.508414,1515.592858,317.9,12.219250,2.5,6.0
1671355934.526000,45.375641,6.508299,1511.526928,304.2,11.948835,2.9,6.0
1671355935.521000,45.375701,6.508172,1509.370643,308.1,11.459039,2.5,6.0
1671355937.537000,45.375861,6.508066,1505.283122,334.7,9.383286,2.5,6.0
1671355939.536000,45.375997,6.507937,1500.269716,311.7,8.859322,2.5,6.0
1671355941.535000,45.376122,6.507788,1497.973840,347.2,8.057040,2.7,6.0
1671355943.530000,45.376251,6.507759,1491.430483,1.0,7.440371,2.4,6.8
1671355945.525000,45.376374,6.507674,1488.287745,321.9,7.018653,2.4,6.7
1671355947.540000,45.376481,6.507566,1485.580615,335.1,8.052122,2.4,6.4
1671355949.530000,45.376619,6.507485,1480.437031,304.8,6.345010,2.4,6.0
1671355951.525000,45.376663,6.507330,1475.924564,281.5,5.917165,2.4,6.0
1671355953.533000,45.376733,6.507147,1470.935898,287.6,8.191561,2.5,7.2
1671355955.532000,45.376790,6.506943,1466.257995,286.4,7.512160,2.5,8.0
1671355957.539000,45.376819,6.506757,1464.191575,289.7,7.598639,2.6,8.8
1671355959.536000,45.376890,6.506582,1462.748424,324.7,7.212179,2.7,7.2
1671355961.540000,45.376987,6.506439,1461.038845,302.2,8.053823,2.5,6.4
1671355963.532000,45.377033,6.506227,1455.308611,288.6,9.292433,2.7,6.0
1671355965.534000,45.377116,6.506017,1452.786754,299.1,9.273010,2.5,5.2
1671355967.522000,45.377143,6.505793,1450.983867,269.1,7.981310,2.5,4.7
1671355969.530000,45.377118,6.505592,1446.183694,267.5,8.370504,2.8,4.3
1671355971.540000,45.377151,6.505379,1442.953534,275.1,9.103685,2.6,4.4
1671355972.541000,45.377154,6.505243,1441.540267,268.6,10.129704,2.4,4.4
1671355974.533000,45.377124,6.505032,1437.808616,256.0,7.973140,2.4,4.0
1671355976.529000,45.377077,6.504836,1435.736383,249.3,7.269216,2.4,4.0
1671355978.538000,45.377017,6.504683,1432.457942,234.1,5.920782,2.4,4.0
1671355980.545000,45.376946,6.504596,1430.876670,225.0,4.807248,2.4,4.0
1671356000.047000,45.376916,6.504488,1430.563605,-1.0,0.000000,2.5,5.5
1671356000.047000,45.376916,6.504488,1430.563605,-1.0,0.000000,2.5,5.5
1671356001.847000,45.376907,6.504481,1430.435598,189.0,0.163184,2.5,5.5
1671356021.284000,45.376841,6.504392,1438.412893,179.6,0.104765,3.1,7.7
1671356080.537000,45.376793,6.504502,1447.103230,58.1,0.300474,2.5,4.8
1671356088.401000,45.376789,6.504708,1459.156324,95.1,3.762124,2.5,8.3
1671356090.206000,45.376758,6.504857,1458.610425,101.4,4.475520,2.6,8.3
1671356092.600000,45.376727,6.504993,1460.092279,103.4,4.191243,2.5,7.8
1671356095.482000,45.376688,6.505162,1453.600203,104.1,4.195557,2.6,7.4
1671356098.481000,45.376656,6.505323,1457.146752,104.4,4.175035,2.8,7.0
1671356100.803000,45.376633,6.505450,1471.988199,103.3,4.199717,2.6,6.9
1671356103.202000,45.376612,6.505586,1468.045850,101.9,4.266149,2.8,6.9
1671356106.123000,45.376585,6.505746,1481.163641,102.1,4.218821,2.7,7.0
1671356109.602000,45.376560,6.505911,1488.395231,102.6,4.182662,3.0,7.7
1671356112.552000,45.376538,6.506072,1490.154197,103.0,3.986375,2.8,7.1
1671356115.549000,45.376516,6.506237,1496.278343,100.0,4.212836,2.9,6.0
1671356118.541000,45.376494,6.506397,1504.479720,99.0,4.261205,2.8,5.3
1671356121.538000,45.376470,6.506556,1507.010655,102.0,4.702455,2.8,4.0
1671356124.539000,45.376448,6.506721,1497.684676,102.0,4.266654,2.9,4.0
1671356127.528000,45.376425,6.506886,1499.662900,101.0,4.040109,2.9,4.0
1671356130.537000,45.376400,6.507046,1512.052416,102.0,4.077192,2.9,4.0
1671356133.530000,45.376375,6.507206,1518.299670,102.0,4.612595,2.6,4.4
1671356136.522000,45.376352,6.507366,1516.523090,99.8,4.516252,5.7,4.4
1671356139.518000,45.376328,6.507530,1515.300049,100.0,4.137412,6.8,4.4
1671356142.031000,45.376308,6.507661,1529.025098,102.0,4.329969,2.7,4.5
1671356144.518000,45.376289,6.507797,1532.035787,100.0,4.318963,2.5,4.4
1671356147.538000,45.376266,6.507948,1536.355800,100.0,4.485952,2.5,4.5
1671356150.529000,45.376240,6.508124,1527.361254,101.0,4.072452,2.5,4.5
1671356153.535000,45.376216,6.508288,1528.678447,102.0,4.196818,2.5,4.5
1671356156.537000,45.376192,6.508450,1541.726183,101.0,4.498877,2.4,4.5
1671356159.530000,45.376170,6.508610,1547.027603,101.0,4.528074,2.6,4.5
1671356162.158000,45.376150,6.508747,1544.324998,101.0,4.155629,2.7,4.6
1671356164.545000,45.376129,6.508887,1543.595333,102.0,4.330622,6.9,4.6
1671356167.183000,45.376108,6.509023,1559.114481,102.0,4.362564,2.5,4.7
1671356169.532000,45.376089,6.509149,1561.599557,102.0,4.298809,2.4,4.6
1671356172.211000,45.376068,6.509283,1561.575762,101.0,4.184749,2.5,4.7
1671356174.529000,45.376049,6.509415,1560.368225,100.0,4.338936,2.5,4.6
1671356177.239000,45.376030,6.509556,1567.663039,102.0,4.208891,2.5,4.7
1671356179.553000,45.376012,6.509686,1569.382603,100.0,4.251068,2.5,4.7
1671356182.552000,45.375986,6.509866,1573.394013,100.0,4.230100,2.7,4.0
1671356185.539000,45.375965,6.510008,1579.641498,102.0,4.286303,2.8,4.0
1671356188.537000,45.375944,6.510159,1585.373749,103.0,4.187736,2.9,4.7
1671356191.534000,45.375919,6.510327,1587.478149,101.0,4.266596,2.5,4.6
1671356194.527000,45.375895,6.510485,1599.284496,101.0,4.510811,2.4,4.7
1671356197.335000,45.375874,6.510628,1601.993482,101.8,4.262683,2.4,5.4
1671356199.529000,45.375854,6.510754,1593.714499,101.0,4.327536,2.6,4.8
1671356202.546000,45.375828,6.510932,1599.700540,101.0,4.314338,2.5,4.0
1671356205.535000,45.375807,6.511083,1602.658941,101.0,4.299412,2.6,4.0
1671356208.534000,45.375782,6.511257,1606.599368,101.0,4.146965,2.8,4.0
1671356211.531000,45.375759,6.511416,1618.563640,101.0,4.357406,2.4,4.0
1671356214.538000,45.375737,6.511576,1616.890018,101.0,4.378368,2.7,4.0
1671356217.538000,45.375716,6.511735,1620.828774,101.0,4.172091,2.9,4.0
1671356220.534000,45.375693,6.511888,1624.546910,100.0,4.046692,2.6,4.0
1671356223.525000,45.375671,6.512046,1637.070189,101.0,4.174963,2.4,4.0
1671356226.535000,45.375646,6.512211,1639.583425,102.0,4.741590,2.4,4.0
1671356229.532000,45.375621,6.512375,1630.894422,101.0,4.624419,2.7,4.0
1671356232.541000,45.375597,6.512545,1635.836522,101.0,4.340480,2.5,4.0
1671356235.558000,45.375572,6.512707,1638.508072,101.0,4.306720,2.5,4.0
1671356238.532000,45.375548,6.512873,1638.918362,102.0,4.486073,2.5,4.0
1671356241.541000,45.375524,6.513036,1646.062768,101.0,4.554204,2.4,4.0
1671356244.541000,45.375500,6.513204,1643.091697,101.0,4.404250,2.7,4.0
1671356247.536000,45.375476,6.513378,1644.437709,101.0,4.348867,2.6,4.0
1671356250.538000,45.375453,6.513537,1650.716489,101.0,4.408393,2.4,4.0
1671356253.550000,45.375424,6.513731,1655.217612,101.0,4.364154,2.4,4.0
1671356256.527000,45.375404,6.513870,1657.790604,101.0,4.275301,2.4,4.0
1671356258.556000,45.375384,6.514008,1654.154719,101.0,4.534769,2.6,4.0
1671356261.541000,45.375364,6.514146,1655.996644,101.0,4.373085,2.5,4.0
1671356264.547000,45.375345,6.514288,1657.593082,101.0,4.301545,2.6,4.2
1671356267.528000,45.375320,6.514466,1665.840885,102.0,4.346259,2.4,4.2
1671356270.518000,45.375295,6.514636,1666.918640,101.0,4.551571,2.4,4.2
1671356273.545000,45.375271,6.514803,1668.018213,101.0,4.538475,2.4,4.0
1671356276.521000,45.375246,6.514971,1669.579144,101.0,4.439506,2.4,4.0
1671356279.536000,45.375222,6.515138,1669.773582,101.0,4.464014,2.4,4.0
1671356282.541000,45.375196,6.515304,1673.223709,101.0,4.455739,2.4,2.9
1671356285.532000,45.375172,6.515469,1674.552446,101.0,4.439209,2.4,2.8
1671356288.538000,45.375148,6.515635,1673.290330,101.0,4.431794,2.5,3.9
1671356291.540000,45.375123,6.515802,1673.737945,101.0,4.436771,2.5,3.3
1671356294.541000,45.375099,6.515967,1676.649974,101.0,4.428874,2.5,3.3
1671356296.565000,45.375080,6.516102,1681.869067,101.0,4.427425,2.4,2.3
1671356299.545000,45.375059,6.516245,1684.018685,101.0,4.415553,2.4,2.3
1671356302.553000,45.375038,6.516401,1686.350102,101.0,4.399679,2.7,4.5
1671356305.548000,45.375014,6.516562,1689.703476,103.0,4.394060,2.6,4.3
1671356308.530000,45.374989,6.516730,1689.355958,101.0,4.417806,2.9,3.4
1671356311.547000,45.374962,6.516907,1690.134005,102.0,4.430113,2.6,2.8
1671356314.535000,45.374940,6.517065,1688.851180,101.0,4.436637,2.7,3.3
1671356317.536000,45.374914,6.517233,1684.858268,101.0,4.434201,10.0,3.1
1671356320.531000,45.374890,6.517398,1687.618357,101.0,4.442340,2.8,2.7
1671356323.536000,45.374866,6.517568,1687.693752,101.0,4.458582,2.8,2.5
1671356326.537000,45.374840,6.517745,1686.601494,101.0,4.460668,3.0,3.6
1671356329.520000,45.374816,6.517904,1688.114392,102.0,4.462742,2.8,3.6
1671356332.522000,45.374792,6.518059,1687.169377,101.0,4.454347,4.2,3.3
1671356335.534000,45.374768,6.518233,1688.174275,101.0,4.431951,6.1,3.5
1671356338.539000,45.374744,6.518402,1694.014873,101.0,4.411856,2.9,3.9
1671356341.551000,45.374721,6.518562,1698.867591,102.0,4.392330,2.9,3.3
1671356344.530000,45.374698,6.518724,1702.146310,101.0,4.376335,3.0,2.9
1671356347.523000,45.374675,6.518885,1701.784351,101.0,4.358083,6.3,3.4
1671356350.556000,45.374652,6.519047,1707.721863,101.0,4.339950,3.1,3.9
1671356353.537000,45.374629,6.519207,1712.485232,101.0,4.323988,3.0,3.3
1671356356.540000,45.374605,6.519368,1715.050287,101.0,4.313704,3.2,3.1
1671356359.538000,45.374582,6.519528,1720.980639,102.0,4.302309,3.2,3.6
1671356362.536000,45.374558,6.519693,1723.580343,101.0,4.323004,3.2,3.0
1671356365.533000,45.374533,6.519864,1726.023068,101.0,4.330393,3.3,3.1
1671356368.536000,45.374508,6.520044,1728.979236,101.0,4.338939,3.3,3.9
1671356371.544000,45.374487,6.520189,1733.362699,101.0,4.351669,3.2,3.5
1671356373.543000,45.374468,6.520316,1735.714485,101.0,4.343375,3.3,2.9
1671356376.535000,45.374445,6.520459,1734.652448,101.0,4.348013,10.0,3.1
1671356379.549000,45.374424,6.520617,1741.107571,102.0,4.335702,2.6,4.1
1671356382.549000,45.374400,6.520777,1745.408964,100.0,4.317109,2.5,4.0
1671356385.528000,45.374375,6.520944,1748.255309,102.0,4.312111,2.6,2.9
1671356388.536000,45.374349,6.521122,1752.760182,102.0,4.316803,2.6,2.7
1671356391.549000,45.374328,6.521264,1756.851593,100.0,4.309997,2.6,3.1
1671356394.531000,45.374304,6.521420,1758.368627,101.0,4.288764,5.5,3.9
1671356397.538000,45.374281,6.521574,1765.488426,102.0,4.264492,2.6,3.4
1671356400.549000,45.374258,6.521731,1771.643167,102.0,4.249332,2.6,4.3
1671356403.572000,45.374231,6.521909,1774.914520,101.0,4.302071,2.5,2.5
1671356406.545000,45.374208,6.522065,1772.096507,101.0,4.335079,9.6,2.7
1671356409.541000,45.374183,6.522232,1773.861426,102.0,4.345049,8.3,3.5
1671356412.533000,45.374160,6.522394,1779.548314,101.0,4.350741,2.6,3.4
1671356415.538000,45.374136,6.522561,1781.631122,101.0,4.362083,2.7,3.1
1671356418.547000,45.374110,6.522736,1784.937596,101.0,4.379908,2.6,3.1
1671356421.560000,45.374087,6.522891,1789.418037,102.0,4.376369,2.5,2.9
1671356423.545000,45.374069,6.523025,1786.944692,101.0,4.368899,5.8,2.8
1671356426.529000,45.374048,6.523160,1793.134820,101.1,4.337645,2.6,2.9
1671356429.532000,45.374025,6.523324,1799.073475,101.0,4.296314,2.5,3.5
1671356432.542000,45.374003,6.523475,1803.888636,102.0,4.264317,2.6,3.3
1671356435.528000,45.373980,6.523630,1805.041477,101.0,4.241681,5.8,3.4
1671356438.530000,45.373956,6.523790,1812.383407,101.0,4.248456,2.6,2.6
1671356441.553000,45.373933,6.523951,1815.774367,101.0,4.248266,2.6,2.6
1671356444.536000,45.373911,6.524108,1819.543238,101.0,4.236652,2.8,2.3
1671356447.550000,45.373888,6.524266,1826.023818,101.0,4.225535,2.6,2.0
1671356450.545000,45.373865,6.524424,1828.266569,101.0,4.223729,4.0,3.9
1671356453.540000,45.373842,6.524583,1832.743105,101.0,4.220722,5.8,3.3
1671356456.531000,45.373819,6.524744,1841.684036,101.0,4.212006,2.5,1.8
1671356459.542000,45.373797,6.524896,1845.546846,101.0,4.195122,2.6,2.8
1671356462.556000,45.373774,6.525052,1849.872110,102.0,4.176993,2.6,3.4
1671356465.560000,45.373749,6.525224,1852.338134,101.0,4.208248,6.0,3.5
1671356468.551000,45.373725,6.525377,1857.207495,102.0,4.251696,2.6,3.4
1671356471.553000,45.373700,6.525547,1856.776998,101.0,4.304419,2.6,1.3
1671356474.549000,45.373675,6.525711,1855.562870,101.0,4.348964,2.7,2.0
1671356477.556000,45.373651,6.525880,1855.989535,101.0,4.379327,2.6,2.8
1671356480.546000,45.373625,6.526057,1857.760874,102.0,4.401259,2.5,3.9
1671356483.539000,45.373602,6.526214,1852.658783,101.0,4.421108,4.9,3.9
1671356486.531000,45.373578,6.526385,1855.163110,101.0,4.432968,2.6,3.0
1671356489.544000,45.373554,6.526550,1854.708210,101.0,4.443551,2.6,2.0
1671356492.527000,45.373531,6.526712,1854.736824,101.0,4.444802,2.6,1.8
1671356495.555000,45.373505,6.526883,1850.803995,102.0,4.448949,9.6,3.1
1671356498.536000,45.373483,6.527022,1851.167265,101.0,4.453086,8.4,3.2
1671356500.549000,45.373467,6.527168,1855.001768,102.0,4.456649,2.6,3.5
1671356504.533000,45.373434,6.527347,1853.647583,103.1,4.452334,2.7,3.8
1671356507.535000,45.373405,6.527522,1854.524992,102.0,4.453212,2.6,3.8
1671356510.532000,45.373378,6.527694,1855.815800,101.0,4.452203,2.5,3.8
1671356513.539000,45.373351,6.527863,1851.481711,101.0,4.456942,4.9,3.1
1671356516.527000,45.373326,6.528031,1853.204927,101.0,4.461103,2.8,2.8
1671356519.538000,45.373300,6.528198,1854.400838,101.0,4.463242,2.6,3.9
1671356522.532000,45.373276,6.528367,1854.029436,102.0,4.463129,2.6,3.9
1671356525.536000,45.373256,6.528513,1851.038909,101.0,4.460415,9.7,3.9
1671356528.533000,45.373226,6.528677,1851.844556,98.3,4.249468,8.5,3.9
1671356548.535000,45.373240,6.528784,1855.546365,155.6,0.000000,2.6,4.3
1671356548.535000,45.373240,6.528784,1855.546365,155.6,0.000000,2.6,4.3
1671356551.547000,45.373195,6.528819,1855.508939,165.1,1.101069,2.6,4.0
1671356565.542000,45.373095,6.528833,1855.976464,172.6,1.366279,2.6,3.8
1671356568.532000,45.372998,6.528832,1853.045152,184.7,2.912952,4.0,3.9
1671356572.531000,45.372879,6.528811,1852.181437,182.4,3.035037,4.8,3.9
1671356575.542000,45.372779,6.528827,1853.479809,180.7,3.103055,2.7,3.9
1671356579.540000,45.372719,6.528686,1853.490403,261.2,3.064733,2.6,3.2
1671356583.547000,45.372736,6.528560,1849.931871,270.0,1.604279,9.2,3.6
1671356726.474000,45.372647,6.528579,1853.222258,-1.0,0.043619,2.6,4.0
1671356774.484000,45.372612,6.528699,1849.389649,280.9,0.116431,7.4,4.0
1671356815.527000,45.372581,6.528846,1850.398527,110.8,0.961517,2.6,6.0
1671356818.531000,45.372538,6.528986,1844.581248,122.1,2.159698,2.7,6.0
1671356820.523000,45.372485,6.529143,1847.036017,110.2,3.182595,3.0,6.0
1671356822.537000,45.372426,6.529358,1849.427630,109.0,3.611907,4.6,5.8
1671356824.536000,45.372376,6.529545,1852.171484,112.3,3.929685,2.6,4.8
1671356826.525000,45.372330,6.529704,1856.728827,109.9,5.536841,6.0,5.1
1671356828.533000,45.372286,6.529859,1863.096791,112.9,5.173276,2.7,5.7
1671356830.544000,45.372242,6.530010,1865.862033,110.0,5.525461,2.8,6.0
1671356832.530000,45.372202,6.530149,1868.495881,112.9,5.564444,2.6,6.0
1671356834.533000,45.372166,6.530294,1864.520337,110.0,5.363434,2.5,5.2
1671356836.535000,45.372132,6.530424,1871.875209,111.0,5.330228,2.6,4.7
1671356838.541000,45.372096,6.530560,1869.660829,110.1,5.214388,2.8,4.0
1671356840.546000,45.372058,6.530698,1876.500510,111.8,5.559751,3.0,4.0
1671356842.530000,45.372020,6.530832,1880.296323,110.1,5.256350,2.6,4.7
1671356844.544000,45.371984,6.530957,1882.516230,111.9,5.279383,2.6,5.6
1671356846.555000,45.371947,6.531080,1886.433620,111.1,5.178563,2.6,5.6
1671356848.563000,45.371911,6.531205,1885.119039,111.9,5.544576,2.5,5.7
1671356850.529000,45.371873,6.531342,1888.352255,110.1,5.138006,2.6,5.7
1671356852.534000,45.371836,6.531474,1892.851531,112.0,5.314182,5.4,6.0
1671356854.522000,45.371798,6.531607,1897.479201,111.0,5.385861,3.1,5.7
1671356856.540000,45.371760,6.531740,1898.515391,112.0,5.484030,4.7,4.8
1671356858.541000,45.371724,6.531866,1904.024548,110.0,5.195799,2.7,4.7
1671356860.535000,45.371692,6.531986,1907.511305,111.0,5.175657,2.9,4.4
1671356862.541000,45.371657,6.532113,1912.081142,112.0,5.402077,2.6,4.3
1671356864.560000,45.371622,6.532240,1909.478389,111.0,5.337020,2.5,4.0
1671356866.548000,45.371588,6.532363,1915.718104,112.0,5.019837,6.9,4.0
1671356868.549000,45.371554,6.532483,1919.426998,112.0,5.322312,2.9,4.0
1671356870.550000,45.371519,6.532610,1926.557270,112.0,5.096149,2.9,4.0
1671356872.529000,45.371485,6.532732,1932.093760,111.0,5.120939,2.6,4.0
1671356875.540000,45.371436,6.532909,1939.261500,114.9,5.625222,2.6,4.0
1671356877.555000,45.371398,6.533052,1936.173404,111.0,5.376157,2.7,4.0
1671356879.548000,45.371362,6.533182,1938.931216,111.0,5.736594,3.0,4.0
1671356881.539000,45.371329,6.533307,1940.484369,111.0,5.114069,5.4,4.0
1671356883.551000,45.371293,6.533434,1941.093666,111.0,5.660397,2.5,4.0
1671356885.550000,45.371257,6.533563,1944.902844,111.0,5.435638,6.6,4.0
1671356887.558000,45.371220,6.533690,1950.643536,111.0,5.360668,2.6,4.0
1671356889.557000,45.371186,6.533816,1952.725676,111.0,5.353502,2.7,4.0
1671356891.553000,45.371150,6.533943,1957.187912,111.0,5.467546,2.6,4.4
1671356893.542000,45.371113,6.534074,1955.000488,112.0,5.308076,3.6,5.0
1671356895.546000,45.371078,6.534199,1961.962989,110.0,5.261517,2.6,5.0
1671356898.542000,45.371032,6.534360,1961.717278,112.1,3.936339,2.6,4.3
1671356901.546000,45.371001,6.534480,1971.244945,114.0,3.195442,2.6,4.0
1671356904.563000,45.370960,6.534622,1974.248684,113.0,3.678764,2.6,5.0
1671356907.541000,45.370923,6.534766,1972.756245,108.3,3.653544,2.7,4.9
1671356910.549000,45.370885,6.534901,1974.010724,110.0,3.966040,2.6,5.1
1671356913.544000,45.370846,6.535051,1975.535446,113.0,4.645887,2.6,6.0
1671356915.546000,45.370812,6.535174,1978.556463,110.0,4.822241,6.5,6.0
1671356918.547000,45.370764,6.535349,1981.124406,112.0,5.170680,6.7,5.2
1671356920.562000,45.370730,6.535477,1986.101746,111.0,5.444096,2.6,4.4
1671356922.559000,45.370692,6.535611,1988.093675,112.0,5.623940,2.6,4.0
1671356924.548000,45.370658,6.535738,1991.239428,110.0,5.259682,2.6,4.0
1671356926.541000,45.370623,6.535865,1989.749978,112.0,5.330170,6.7,4.0
1671356928.537000,45.370589,6.535992,1991.544571,111.0,5.335828,2.5,4.0
1671356930.553000,45.370553,6.536119,1999.797849,112.0,5.347212,2.6,4.0
1671356932.561000,45.370520,6.536241,2002.920821,111.0,5.364705,2.6,4.0
1671356934.552000,45.370484,6.536366,2005.663488,111.0,5.297618,2.6,4.0
1671356936.541000,45.370452,6.536488,2008.790131,111.0,5.424196,2.6,4.0
1671356938.545000,45.370418,6.536610,2006.120189,111.0,5.081208,2.5,4.0
1671356940.555000,45.370384,6.536734,2012.059307,111.0,5.492872,6.3,4.0
1671356942.549000,45.370351,6.536860,2013.200620,112.0,5.186227,2.5,4.0
1671356944.540000,45.370317,6.536983,2021.706511,111.0,5.252774,2.6,4.0
1671356946.528000,45.370284,6.537104,2022.463308,112.0,5.049830,6.5,4.0
1671356948.550000,45.370247,6.537230,2029.144252,111.0,5.188311,2.8,4.0
1671356950.556000,45.370213,6.537355,2033.943600,112.0,5.151793,2.6,4.4
1671356952.549000,45.370179,6.537477,2034.480565,111.0,4.984974,2.8,5.0
1671356955.552000,45.370128,6.537653,2045.223524,112.0,4.932279,2.6,6.0
1671356957.560000,45.370090,6.537786,2044.508949,111.0,5.864601,2.8,6.0
1671356959.549000,45.370052,6.537915,2049.789725,111.0,5.214604,3.0,5.2
1671356961.539000,45.370016,6.538045,2052.832621,110.0,5.541504,2.6,4.7
1671356963.557000,45.369979,6.538174,2054.536809,111.0,5.453798,2.6,4.0
1671356965.549000,45.369943,6.538307,2057.053387,111.0,5.525331,2.6,4.0
1671356967.554000,45.369906,6.538432,2053.721809,112.0,5.242561,2.7,4.0
1671356969.541000,45.369871,6.538562,2057.045280,111.0,5.528677,2.9,4.0
1671356971.529000,45.369836,6.538689,2059.767828,112.0,5.368725,5.2,4.0
1671356973.554000,45.369800,6.538822,2061.176552,111.0,5.347106,2.6,4.0
1671356975.544000,45.369766,6.538944,2065.784190,111.0,5.355904,6.4,4.0
1671356977.559000,45.369730,6.539075,2068.227485,111.0,5.188632,6.6,4.0
1671356979.557000,45.369693,6.539200,2074.343076,111.0,5.556540,2.8,4.0
1671356981.554000,45.369659,6.539322,2078.042716,112.0,5.079491,2.6,4.0
1671356983.548000,45.369622,6.539447,2076.926432,110.0,5.635153,2.5,4.0
1671356985.557000,45.369587,6.539572,2084.363619,111.0,5.231461,2.6,4.0
1671356987.560000,45.369553,6.539699,2082.000782,110.0,5.515741,2.8,4.4
1671356989.558000,45.369519,6.539823,2088.503864,113.0,5.242287,3.0,4.4
1671356991.537000,45.369484,6.539951,2092.072814,110.0,5.400489,2.6,4.3
1671356993.548000,45.369447,6.540083,2094.220347,112.0,5.426596,2.6,4.7
1671356995.547000,45.369411,6.540211,2097.694854,112.0,5.253903,2.6,5.3
1671356997.559000,45.369377,6.540339,2096.261964,111.0,5.243730,2.5,5.6
1671356999.546000,45.369343,6.540467,2099.963994,111.0,5.392079,2.6,4.8
1671357001.536000,45.369309,6.540596,2104.244891,112.0,5.182263,5.2,4.7
1671357003.547000,45.369274,6.540722,2109.535451,111.0,5.251956,4.4,5.2
1671357005.546000,45.369239,6.540850,2112.472044,112.0,5.145669,4.5,5.6
1671357007.544000,45.369205,6.540977,2118.985527,111.0,5.251082,2.7,5.0
1671357009.537000,45.369169,6.541104,2122.974662,112.0,5.124276,3.0,5.0
1671357011.545000,45.369136,6.541227,2128.221508,111.0,5.110215,2.6,5.3
1671357013.557000,45.369103,6.541347,2126.754847,111.0,5.062575,2.5,5.2
1671357015.552000,45.369071,6.541468,2131.080244,111.0,4.968414,2.5,4.4
1671357019.559000,45.369025,6.541633,2145.035806,110.0,3.608340,2.9,4.0
1671357023.562000,45.368980,6.541792,2149.586442,113.0,2.871281,2.6,4.0
1671357034.559000,45.368949,6.541917,2151.699215,113.0,0.877373,6.2,4.4
1671357043.543000,45.368905,6.542050,2151.967426,112.0,1.965781,2.5,4.0
1671357048.544000,45.368865,6.542176,2158.764163,111.9,2.589675,3.0,5.0
1671357052.546000,45.368827,6.542317,2162.409113,110.9,3.077281,2.6,4.9
1671357056.554000,45.368778,6.542491,2162.099495,111.0,3.632850,2.7,4.0
1671357059.539000,45.368742,6.542619,2165.065158,111.0,4.045994,2.6,4.0
1671357062.556000,45.368696,6.542781,2168.160347,111.9,4.581800,2.5,4.0
1671357065.559000,45.368651,6.542939,2175.344309,112.0,4.796117,6.2,4.0
1671357067.529000,45.368616,6.543062,2178.653360,111.0,5.175726,6.4,4.0
1671357070.535000,45.368566,6.543244,2188.435683,111.0,5.844852,2.6,4.7
1671357072.546000,45.368530,6.543380,2184.687771,111.0,5.327883,3.4,4.8
1671357074.553000,45.368494,6.543505,2190.711148,111.0,5.501182,2.6,4.0
1671357076.551000,45.368457,6.543635,2186.540275,111.0,5.413706,2.5,4.0
1671357078.562000,45.368420,6.543771,2191.692534,111.0,5.621043,3.0,4.0
1671357080.531000,45.368382,6.543907,2194.564671,111.0,5.484819,2.6,4.0
1671357082.538000,45.368346,6.544037,2195.965319,111.0,5.266657,2.6,4.0
1671357084.542000,45.368310,6.544166,2198.072667,111.0,5.499784,2.6,4.3
1671357086.549000,45.368274,6.544292,2195.818683,111.0,5.545371,2.7,5.0
1671357088.556000,45.368236,6.544422,2198.310359,111.0,5.348845,2.9,5.6
1671357090.532000,45.368201,6.544546,2201.687527,111.0,5.404584,5.0,5.0
1671357092.548000,45.368166,6.544678,2201.925356,111.0,5.378320,2.5,4.3
1671357094.554000,45.368130,6.544811,2206.300993,111.0,5.472322,6.1,4.0
1671357096.560000,45.368094,6.544941,2211.220422,111.0,5.267785,2.7,4.3
1671357098.538000,45.368058,6.545069,2214.749988,111.0,5.415513,2.8,5.0
1671357100.549000,45.368022,6.545199,2218.229539,111.0,5.394247,2.6,5.3
1671357102.549000,45.367988,6.545324,2217.312340,113.0,4.857749,6.3,5.0
1671357104.537000,45.367952,6.545451,2223.321087,111.0,5.568485,2.6,5.0
1671357106.552000,45.367916,6.545580,2219.401425,111.0,5.512699,2.5,5.6
1671357108.558000,45.367880,6.545707,2225.235392,111.0,5.424447,3.0,5.2
1671357110.549000,45.367842,6.545836,2227.715384,111.0,5.515643,2.6,4.8
1671357112.552000,45.367805,6.545968,2229.117085,111.0,5.358908,2.6,5.2
1671357114.538000,45.367768,6.546099,2230.837831,111.0,5.621301,2.6,5.3
1671357116.538000,45.367732,6.546230,2227.555822,111.0,5.442014,2.7,5.0
1671357118.536000,45.367696,6.546360,2230.519833,111.0,5.418123,2.8,4.8
1671357120.540000,45.367660,6.546489,2233.144404,111.0,5.403603,4.9,5.6
1671357122.531000,45.367620,6.546619,2233.788684,111.0,5.469161,2.6,6.0
1671357124.541000,45.367588,6.546754,2238.051643,108.9,5.060568,6.0,6.0
1671357126.545000,45.367552,6.546883,2244.155707,111.0,5.062458,2.7,6.0
1671357128.525000,45.367516,6.547012,2248.580392,112.0,5.164776,2.8,6.0
1671357130.538000,45.367481,6.547136,2254.113474,112.0,5.208961,2.6,6.0
1671357132.533000,45.367447,6.547262,2252.557597,112.0,5.053058,2.5,6.0
1671357134.539000,45.367414,6.547383,2262.029671,111.0,5.044256,2.6,5.3
1671357136.556000,45.367380,6.547506,2261.154037,111.0,5.109445,2.5,4.4
1671357139.554000,45.367334,6.547678,2274.078321,112.0,4.312260,2.6,4.8
1671357142.556000,45.367288,6.547818,2279.101616,112.0,4.985631,2.6,4.7
1671357144.557000,45.367249,6.547944,2281.628527,110.9,5.505123,2.6,4.7
1671357146.554000,45.367210,6.548076,2277.364521,110.0,5.256633,2.6,4.8
1671357148.541000,45.367169,6.548209,2276.973133,111.0,5.698753,2.5,4.3
1671357150.534000,45.367130,6.548343,2278.545586,111.0,5.326550,4.8,4.0
1671357152.530000,45.367088,6.548474,2278.687145,112.0,5.711192,5.8,4.3
1671357154.530000,45.367052,6.548603,2282.211935,111.0,5.499532,2.6,4.3
1671357156.520000,45.367015,6.548736,2278.183509,111.0,5.473800,2.5,4.3
1671357158.521000,45.366979,6.548865,2280.690532,111.0,5.598794,6.1,4.0
1671357160.533000,45.366940,6.549001,2281.058659,111.0,5.522829,6.1,4.0
1671357162.534000,45.366904,6.549133,2279.629930,111.0,5.482243,2.5,4.0
1671357164.534000,45.366869,6.549265,2280.627449,111.0,5.510079,2.5,4.0
1671357166.525000,45.366832,6.549398,2282.237900,111.0,5.539235,2.5,4.0
1671357168.519000,45.366794,6.549529,2283.648121,111.0,5.499404,2.5,4.3
1671357170.530000,45.366759,6.549658,2290.903483,111.0,5.396454,2.6,5.2
1671357172.540000,45.366724,6.549788,2292.256643,111.0,5.498410,2.6,6.0
1671357174.536000,45.366687,6.549921,2294.379293,111.0,5.518963,2.6,6.0
1671357176.542000,45.366650,6.550052,2290.941736,111.0,5.425903,2.5,6.0
1671357178.542000,45.366614,6.550182,2293.031280,111.0,5.366493,2.5,6.0
1671357180.536000,45.366576,6.550312,2294.892802,111.0,5.530761,2.5,5.6
1671357182.530000,45.366540,6.550444,2298.035129,111.0,5.403427,2.5,5.0
1671357184.526000,45.366503,6.550574,2300.286922,111.0,5.396277,2.5,4.3
1671357186.538000,45.366468,6.550702,2302.296040,111.0,5.321282,2.5,4.0
1671357188.546000,45.366431,6.550832,2304.594518,111.0,5.446595,2.5,4.0
1671357190.549000,45.366394,6.550961,2307.327084,112.0,5.343008,2.5,4.0
1671357192.531000,45.366359,6.551087,2310.378938,111.0,5.282339,2.5,4.0
1671357194.525000,45.366324,6.551214,2313.050960,112.0,5.398877,2.5,4.0
1671357196.533000,45.366288,6.551342,2316.487379,111.0,5.348551,2.5,4.0
1671357198.533000,45.366253,6.551468,2325.240096,111.0,5.254025,2.6,4.0
1671357200.525000,45.366218,6.551593,2328.906148,112.0,4.994089,2.6,4.0
1671357202.532000,45.366181,6.551729,2331.324341,111.1,5.554976,2.6,4.0
1671357204.536000,45.366146,6.551858,2332.526206,111.0,5.573066,2.6,4.0
1671357206.527000,45.366110,6.551988,2328.918762,111.0,5.332395,2.5,4.0
1671357208.542000,45.366075,6.552116,2330.577578,111.0,5.612568,2.5,4.0
1671357210.530000,45.366038,6.552247,2332.531322,111.0,5.315710,2.5,4.0
1671357212.544000,45.366002,6.552378,2335.365239,111.0,5.529445,2.5,4.4
1671357214.537000,45.365966,6.552504,2336.856710,112.0,5.280522,2.5,5.0
1671357216.539000,45.365930,6.552633,2340.311497,111.0,5.483783,2.5,5.2
1671357218.535000,45.365894,6.552760,2342.537762,112.0,5.425612,2.5,4.4
1671357220.525000,45.365859,6.552890,2344.823622,111.0,5.368617,2.5,4.0
1671357222.535000,45.365824,6.553018,2348.059103,111.0,5.371029,2.5,4.0
1671357224.520000,45.365790,6.553145,2350.475497,111.0,5.307202,2.5,4.0
1671357226.535000,45.365755,6.553274,2353.597547,111.0,5.382600,2.5,4.0
1671357228.532000,45.365720,6.553402,2357.129306,110.1,5.443935,2.5,4.0
1671357230.544000,45.365684,6.553535,2366.165171,111.0,5.507410,2.6,4.0
1671357232.530000,45.365649,6.553662,2366.916582,111.0,5.489379,2.6,4.7
1671357234.533000,45.365614,6.553792,2368.942539,111.0,5.417349,2.6,5.3
1671357236.532000,45.365578,6.553918,2364.861809,111.0,5.448368,2.5,5.3
1671357238.539000,45.365543,6.554047,2367.806671,111.0,5.378729,2.5,4.7
1671357240.536000,45.365506,6.554174,2369.222650,111.0,5.493555,2.5,4.0
1671357242.538000,45.365469,6.554303,2372.016002,111.0,5.374622,2.5,4.0
1671357244.541000,45.365433,6.554429,2374.355278,111.0,5.385822,2.4,4.0
1671357246.528000,45.365397,6.554557,2376.954412,112.0,5.334867,2.4,4.0
1671357248.532000,45.365360,6.554686,2379.288376,111.0,5.452516,2.5,4.0
1671357250.540000,45.365324,6.554814,2382.211777,112.0,5.344922,2.5,4.0
1671357252.535000,45.365289,6.554942,2385.682552,111.0,5.316474,2.5,4.0
1671357254.554000,45.365250,6.555066,2387.725609,112.0,5.296722,2.5,4.0
1671357256.541000,45.365218,6.555188,2391.959173,110.0,4.862443,2.5,4.0
1671357258.547000,45.365185,6.555308,2396.942648,112.0,5.094500,2.5,4.0
1671357261.552000,45.365137,6.555488,2407.569147,110.0,4.951907,5.3,4.0
1671357263.572000,45.365098,6.555627,2416.171628,112.0,4.926998,2.6,4.3
1671357266.540000,45.365054,6.555794,2417.861567,111.0,4.852636,2.5,5.1
1671357268.550000,45.365018,6.555923,2423.557328,111.0,4.886385,2.5,6.0
1671357271.551000,45.364974,6.556084,2431.918287,111.0,4.913556,2.5,6.0
1671357273.551000,45.364939,6.556212,2437.586008,111.0,4.721520,2.5,6.0
1671357276.555000,45.364896,6.556372,2446.299207,111.0,4.739872,2.4,6.0
1671357278.557000,45.364862,6.556497,2451.844768,111.0,4.847025,2.5,5.7
1671357281.551000,45.364817,6.556658,2460.723632,111.0,4.692550,2.5,4.9
1671357284.530000,45.364769,6.556821,2469.994747,112.0,4.680168,2.5,5.8
1671357287.547000,45.364724,6.556970,2478.793281,112.0,4.216955,2.5,5.8
1671357290.551000,45.364688,6.557096,2483.827480,111.2,3.018747,2.6,7.3
1671357294.538000,45.364658,6.557227,2485.255205,94.0,0.231664,2.5,8.3
1671357303.554000,45.364647,6.557359,2485.282011,80.8,1.110499,2.5,6.3
1671357309.548000,45.364722,6.557441,2484.533703,10.1,1.281880,2.5,4.9
1671357315.553000,45.364819,6.557441,2483.739380,348.1,2.148351,2.5,4.0
1671357320.546000,45.364910,6.557406,2483.841366,342.7,2.614810,2.5,4.0
1671357324.547000,45.365012,6.557356,2482.062090,344.0,3.149199,2.5,4.0
1671357327.540000,45.365107,6.557315,2481.529170,341.0,3.608210,2.4,4.7
1671357330.556000,45.365206,6.557262,2480.986171,340.0,4.107794,2.5,5.2
1671357333.543000,45.365308,6.557212,2479.956399,337.0,4.435797,2.5,4.3
1671357336.545000,45.365423,6.557140,2478.733704,334.0,5.041430,2.4,4.0
1671357339.552000,45.365546,6.557074,2477.801206,342.0,4.911229,2.4,4.0
1671357342.533000,45.365665,6.557011,2477.423630,334.0,4.858729,2.4,4.0
1671357344.546000,45.365754,6.556952,2477.066911,336.0,6.123441,2.5,4.0
1671357346.545000,45.365882,6.556910,2473.832410,350.9,7.355555,2.5,4.0
1671357348.551000,45.366024,6.556869,2469.596685,342.9,8.293018,2.5,4.0
1671357350.547000,45.366179,6.556814,2465.373361,345.5,8.637334,2.5,4.0
1671357352.552000,45.366326,6.556694,2460.325554,332.3,8.724704,2.5,4.0
1671357354.541000,45.366444,6.556571,2456.726801,314.6,7.436431,2.4,4.0
1671357356.543000,45.366553,6.556452,2453.643734,334.8,7.655628,2.4,4.0
1671357358.545000,45.366682,6.556392,2449.946069,341.8,7.287063,2.4,4.0
1671357360.547000,45.366799,6.556283,2446.367378,327.1,7.954826,2.4,4.0
1671357362.553000,45.366900,6.556126,2442.230315,319.9,7.640012,2.4,4.0
1671357364.550000,45.366980,6.556065,2441.430357,332.6,4.960997,2.4,4.0
1671357366.544000,45.367050,6.555970,2438.886983,311.6,6.051943,2.4,4.0
1671357368.544000,45.367103,6.555789,2436.139531,290.2,7.560846,2.5,4.0
1671357370.544000,45.367150,6.555565,2432.136548,287.8,10.108177,2.5,4.0
1671357371.540000,45.367189,6.555435,2430.212837,291.3,10.220897,2.5,4.0
1671357372.536000,45.367248,6.555317,2427.113663,307.8,10.953369,2.5,4.0
1671357373.553000,45.367315,6.555202,2425.380217,305.8,11.181160,2.5,4.0
1671357374.542000,45.367372,6.555079,2424.162858,301.8,11.438009,2.5,4.0
1671357375.541000,45.367428,6.554952,2423.232463,302.0,11.471414,2.5,4.0
1671357376.557000,45.367480,6.554826,2421.542136,300.9,11.267542,2.5,4.0
1671357378.546000,45.367542,6.554606,2417.839744,300.6,9.653462,2.5,4.0
1671357380.541000,45.367611,6.554494,2414.932742,331.1,6.323458,2.4,4.3
1671357382.547000,45.367741,6.554583,2407.605063,9.0,9.627569,2.4,6.0
1671357383.539000,45.367832,6.554621,2402.025153,1.1,10.101109,2.4,6.3
1671357384.532000,45.367931,6.554630,2397.033594,16.5,12.432114,2.4,7.7
1671357385.540000,45.368049,6.554678,2390.965336,26.7,12.933475,2.4,9.0
1671357386.544000,45.368159,6.554754,2386.548482,11.7,12.656147,2.4,10.4
1671357387.543000,45.368272,6.554783,2378.021352,0.5,12.511202,2.4,10.7
1671357388.546000,45.368384,6.554756,2375.361673,330.8,11.839474,2.4,12.0
1671357389.529000,45.368478,6.554680,2369.291443,324.5,13.262751,2.4,12.0
1671357390.540000,45.368593,6.554576,2365.295638,325.1,15.230948,2.5,12.0
1671357391.523000,45.368713,6.554465,2360.958909,332.7,15.779263,2.5,12.0
1671357392.541000,45.368852,6.554378,2355.598167,347.9,15.918985,2.4,12.0
1671357393.552000,45.369004,6.554328,2350.364724,350.0,16.852789,2.5,12.0
1671357394.550000,45.369159,6.554288,2349.023423,354.8,17.393419,2.5,12.0
1671357395.545000,45.369317,6.554266,2346.218956,349.3,17.965782,2.5,12.0
1671357396.530000,45.369494,6.554215,2339.101660,338.0,17.713011,2.5,12.0
1671357397.546000,45.369676,6.554123,2338.431901,325.7,17.433355,2.5,12.0
1671357398.550000,45.369836,6.553993,2334.935650,329.6,17.462215,2.5,12.0
1671357399.534000,45.370006,6.553898,2333.021401,341.0,17.149162,2.5,12.0
1671357400.516000,45.370178,6.553860,2329.488027,356.6,17.325340,2.5,12.0
1671357401.536000,45.370362,6.553861,2325.722779,7.9,18.239298,2.5,12.0
1671357402.544000,45.370544,6.553912,2318.484298,15.1,17.399910,2.5,12.0
1671357403.515000,45.370699,6.553987,2316.553721,12.0,15.979874,2.5,12.0
1671357404.537000,45.370847,6.554041,2312.986701,0.3,16.948883,2.5,12.0
1671357405.537000,45.371000,6.554051,2308.365384,1.9,16.851734,2.5,12.0
1671357406.532000,45.371162,6.554068,2305.833210,9.8,19.654861,2.5,12.0
1671357407.525000,45.371336,6.554116,2302.493357,27.4,19.246984,2.4,12.7
1671357408.517000,45.371492,6.554248,2297.125225,27.9,20.963251,2.4,13.6
1671357409.524000,45.371654,6.554398,2288.716280,24.7,20.650995,2.4,14.0
1671357410.528000,45.371814,6.554489,2280.676337,4.1,19.502937,2.4,14.0
1671357411.528000,45.371982,6.554509,2278.178743,2.1,19.529655,2.4,14.0
1671357412.528000,45.372154,6.554520,2275.082943,3.9,19.363417,2.4,13.6
1671357413.523000,45.372322,6.554560,2273.252024,20.7,16.701374,2.4,12.8
1671357414.544000,45.372453,6.554662,2271.008646,34.4,15.889848,2.4,12.0
1671357415.536000,45.372558,6.554786,2267.874908,33.0,15.318209,2.4,12.0
1671357416.549000,45.372661,6.554885,2263.265513,17.2,14.300172,2.5,12.0
1671357417.527000,45.372762,6.554912,2258.734788,3.8,11.870512,2.5,12.0
1671357418.541000,45.372854,6.554881,2255.255256,1.0,11.894624,2.5,12.0
1671357420.528000,45.372999,6.554935,2247.550234,31.0,9.609041,2.5,12.0
1671357422.518000,45.373143,6.555028,2242.650065,354.4,10.928993,2.5,12.7
1671357423.524000,45.373240,6.555010,2239.145164,357.4,11.747337,2.5,13.3
1671357424.524000,45.373336,6.555033,2235.932248,27.6,10.600574,2.5,14.0
1671357426.525000,45.373463,6.555198,2225.241681,34.4,11.932584,2.5,14.7
1671357427.526000,45.373546,6.555297,2219.536313,30.5,13.354444,2.5,14.4
1671357428.528000,45.373632,6.555417,2216.113853,55.8,12.130779,2.5,13.6
1671357429.531000,45.373685,6.555570,2207.133236,63.9,13.764093,2.5,12.8
1671357430.535000,45.373736,6.555751,2200.868266,56.6,14.508051,2.5,12.0
1671357431.538000,45.373830,6.555920,2192.980364,31.5,17.599586,2.5,12.0
1671357432.522000,45.373980,6.556034,2182.780925,24.1,18.253975,2.5,12.0
1671357433.524000,45.374141,6.556147,2175.975247,36.0,18.308475,2.5,12.0
1671357434.531000,45.374281,6.556290,2169.871532,37.4,18.181362,2.5,12.0
1671357435.520000,45.374414,6.556409,2164.921793,16.9,16.815912,2.5,12.0
1671357436.524000,45.374557,6.556471,2160.513778,20.0,15.530179,2.5,12.0
1671357437.530000,45.374690,6.556537,2159.101716,14.4,15.001806,2.5,12.0
1671357438.527000,45.374824,6.556574,2156.038453,352.0,14.599236,2.5,12.8
1671357439.527000,45.374946,6.556535,2150.978013,348.1,11.436898,2.5,13.3
1671357440.525000,45.375047,6.556484,2149.178784,348.7,11.898845,2.5,14.4
1671357441.536000,45.375149,6.556448,2145.546538,4.9,13.178512,2.5,15.2
1671357442.540000,45.375260,6.556443,2142.835381,2.0,12.767759,2.5,15.2
1671357443.532000,45.375374,6.556425,2138.173532,351.0,14.313661,2.5,14.4
1671357444.538000,45.375506,6.556388,2134.520825,2.9,13.109630,2.5,13.6
1671357445.529000,45.375629,6.556397,2131.148833,6.7,12.451515,2.5,12.8
1671357446.529000,45.375743,6.556414,2128.395692,2.8,11.757620,2.5,12.7
1671357447.530000,45.375850,6.556412,2127.856535,356.3,11.860454,2.5,12.0
1671357448.533000,45.375955,6.556405,2126.936936,8.9,12.978745,2.5,12.0
1671357449.529000,45.376064,6.556435,2125.182571,8.4,12.030330,2.5,12.0
1671357450.532000,45.376167,6.556438,2118.894827,346.2,11.563028,2.5,12.0
1671357451.519000,45.376267,6.556396,2112.914285,347.0,12.898694,2.5,12.0
1671357452.529000,45.376383,6.556352,2111.949877,5.1,14.074921,2.5,12.0
1671357453.526000,45.376505,6.556368,2108.713451,20.1,13.405719,2.5,12.0
1671357454.528000,45.376626,6.556431,2105.204472,43.9,16.134041,2.5,12.7
1671357455.525000,45.376736,6.556585,2099.064361,50.9,15.526682,2.5,13.3
1671357456.530000,45.376816,6.556784,2092.313854,69.7,16.484234,2.5,13.6
1671357457.530000,45.376846,6.557015,2087.790641,76.9,16.411978,2.5,13.6
1671357458.526000,45.376865,6.557241,2082.439891,64.9,17.041382,2.4,13.3
1671357459.533000,45.376919,6.557454,2072.534544,56.9,16.466137,2.5,12.8
1671357460.530000,45.377007,6.557586,2070.221027,28.9,14.408822,2.5,12.0
1671357461.510000,45.377108,6.557656,2068.457705,29.0,13.068433,2.6,12.0
1671357462.511000,45.377205,6.557727,2067.472427,48.1,13.656214,2.5,12.0
1671357463.528000,45.377283,6.557865,2063.902393,61.6,14.934592,3.1,12.0
1671357464.516000,45.377320,6.558046,2060.916774,77.3,14.660623,2.8,12.0
1671357465.534000,45.377341,6.558242,2054.459083,73.6,14.705451,2.6,12.0
1671357466.531000,45.377373,6.558424,2049.055904,69.5,13.436598,2.6,12.0
1671357467.521000,45.377437,6.558569,2045.089229,42.5,14.309727,2.5,12.0
1671357468.527000,45.377538,6.558696,2041.907907,49.9,15.336049,2.6,12.0
1671357469.528000,45.377631,6.558853,2036.021054,51.5,15.565345,2.6,12.0
1671357470.541000,45.377706,6.559027,2031.457538,57.4,15.206156,2.5,12.0
1671357471.532000,45.377726,6.559204,2026.363745,93.4,13.407331,3.2,12.0
1671357472.525000,45.377678,6.559401,2024.051813,99.0,12.658252,3.1,11.2
1671357473.531000,45.377650,6.559567,2021.634220,80.0,10.969671,3.0,10.4
1671357474.524000,45.377658,6.559701,2020.794071,64.1,10.255518,2.9,10.0
1671357476.520000,45.377730,6.559903,2018.690074,73.0,8.780648,2.7,8.7
1671357478.537000,45.377697,6.560091,2017.402624,111.0,7.993207,2.5,8.0
1671357480.536000,45.377625,6.560281,2016.337484,109.0,8.169364,2.6,7.3
1671357482.537000,45.377561,6.560470,2014.494359,106.5,8.309121,2.6,7.0
1671357484.527000,45.377498,6.560685,2011.528647,112.9,9.158680,3.0,6.7
1671357486.528000,45.377431,6.560906,2006.347061,102.3,9.415159,3.1,6.7
1671357488.530000,45.377389,6.561144,2005.297439,104.9,9.775014,2.6,6.0
1671357489.524000,45.377367,6.561268,2002.046912,97.2,10.773669,3.0,6.0
1671357490.530000,45.377358,6.561416,1999.761057,90.5,11.818747,2.8,6.0
1671357491.528000,45.377359,6.561574,1995.817465,92.6,11.966569,2.5,6.0
1671357492.531000,45.377340,6.561714,1993.077142,106.0,9.980286,3.1,6.0
1671357494.547000,45.377317,6.561932,1991.247179,61.6,8.983015,2.9,6.4
1671357496.556000,45.377390,6.562147,1986.419761,86.9,9.384240,3.2,7.2
1671357498.547000,45.377367,6.562370,1978.639065,99.0,9.504167,3.0,7.7
1671357500.544000,45.377399,6.562612,1973.623027,53.4,11.630483,3.0,8.0
1671357501.521000,45.377462,6.562733,1973.409833,65.4,11.722939,3.1,8.0
1671357502.533000,45.377490,6.562873,1969.594936,75.9,10.226905,2.8,8.0
1671357503.544000,45.377506,6.562999,1967.482478,66.3,9.231524,3.0,8.0
1671357505.553000,45.377638,6.563133,1965.684177,21.2,10.030999,2.7,8.0
1671357506.530000,45.377733,6.563171,1963.522187,28.5,10.641471,2.8,8.0
1671357507.527000,45.377833,6.563243,1961.441220,32.0,12.083874,2.6,8.0
1671357508.543000,45.377937,6.563325,1957.225927,25.1,11.992530,2.6,8.0
1671357509.537000,45.378040,6.563383,1953.343526,6.3,12.274711,2.9,8.0
1671357510.542000,45.378150,6.563399,1950.370113,14.9,13.157115,3.0,8.7
1671357511.527000,45.378265,6.563440,1948.495867,14.0,14.049961,2.8,9.3
1671357512.527000,45.378383,6.563475,1945.339007,357.6,12.132239,3.1,10.0
1671357513.530000,45.378485,6.563463,1941.645514,350.1,12.116093,3.1,10.7
1671357514.538000,45.378587,6.563436,1938.556543,357.1,11.580491,3.0,12.0
1671357515.551000,45.378694,6.563431,1937.830023,0.9,12.259997,3.0,12.0
1671357516.555000,45.378812,6.563428,1936.428554,359.8,13.203361,2.5,11.2
1671357517.547000,45.378938,6.563425,1933.014886,347.4,14.199883,2.6,10.4
1671357518.534000,45.379067,6.563383,1928.831504,344.0,14.510848,2.8,9.6
1671357519.534000,45.379198,6.563329,1925.413847,345.9,14.800696,3.0,9.3
1671357520.533000,45.379332,6.563293,1924.029728,352.9,14.746552,2.5,8.3
1671357521.529000,45.379465,6.563278,1923.279087,7.9,14.545443,3.0,7.7
1671357522.541000,45.379600,6.563316,1919.024815,9.0,14.837579,3.0,7.7
1671357523.529000,45.379739,6.563362,1915.726753,2.0,14.964297,2.7,7.7
1671357524.537000,45.379888,6.563369,1911.835601,4.5,16.652721,2.9,7.6
1671357525.533000,45.380040,6.563408,1910.240371,19.0,15.622058,3.1,8.0
1671357526.537000,45.380172,6.563493,1905.360128,18.0,16.401867,3.2,8.0
1671357527.526000,45.380311,6.563568,1901.102340,11.5,17.413738,3.1,8.0
1671357528.523000,45.380469,6.563616,1896.811022,11.0,17.427034,2.9,8.0
1671357529.537000,45.380622,6.563661,1895.739004,9.0,17.023399,3.0,8.7
1671357530.527000,45.380768,6.563697,1892.791606,13.3,15.791115,3.1,9.3
1671357531.524000,45.380893,6.563758,1889.137122,30.4,14.775439,3.0,10.0
1671357532.518000,45.380977,6.563862,1882.134924,41.2,11.140258,2.8,10.7
1671357534.536000,45.381038,6.564072,1879.576559,40.2,9.874821,2.8,10.7
1671357536.523000,45.381197,6.564220,1873.059142,2.3,12.993505,3.2,10.7
1671357537.529000,45.381310,6.564225,1868.542288,351.0,12.563169,2.8,10.4
1671357538.524000,45.381426,6.564190,1861.262491,357.6,14.386189,2.7,10.7
1671357539.521000,45.381553,6.564179,1858.753168,15.3,13.337167,2.8,12.0
1671357540.509000,45.381670,6.564224,1852.621573,23.5,13.914859,2.8,13.3
1671357541.527000,45.381776,6.564323,1848.960320,41.7,13.417808,2.8,14.4
1671357542.525000,45.381857,6.564438,1848.344630,25.2,13.122701,3.2,14.7
1671357543.529000,45.381956,6.564512,1841.939153,6.9,11.764563,3.0,16.0
1671357544.531000,45.382072,6.564526,1836.404310,357.2,13.890066,2.9,16.0
1671357545.519000,45.382215,6.564514,1831.616054,348.3,15.505606,2.5,16.0
1671357546.525000,45.382370,6.564471,1829.638861,340.3,15.499249,2.7,16.0
1671357547.527000,45.382526,6.564381,1823.060387,325.2,16.047897,3.0,15.2
1671357548.519000,45.382652,6.564246,1817.143685,330.7,15.938447,2.8,14.7
1671357549.519000,45.382785,6.564135,1814.146815,335.0,16.265480,2.6,14.0
1671357550.529000,45.382926,6.564047,1807.033244,333.5,15.870657,2.8,12.8
1671357551.521000,45.383056,6.563942,1803.522692,327.3,16.037325,3.0,12.7
1671357552.528000,45.383176,6.563825,1800.622163,336.6,15.327820,2.7,12.0
1671357553.513000,45.383302,6.563748,1798.461015,335.2,15.492497,3.0,12.0
1671357554.526000,45.383429,6.563652,1793.873862,322.1,14.931574,3.2,12.0
1671357555.523000,45.383534,6.563516,1783.931986,321.2,15.416715,2.9,12.0
1671357556.527000,45.383645,6.563390,1782.939704,333.6,15.633364,3.0,12.0
1671357557.527000,45.383777,6.563322,1779.610802,352.4,16.101351,2.8,12.0
1671357558.520000,45.383922,6.563302,1775.569365,341.6,14.179775,3.1,12.0
1671357559.518000,45.384040,6.563232,1768.849641,330.2,14.438751,2.9,12.0
1671357560.529000,45.384155,6.563136,1762.843762,338.9,13.960126,3.0,12.0
1671357561.519000,45.384270,6.563081,1759.720420,0.7,13.467196,3.0,12.0
1671357562.527000,45.384386,6.563097,1755.520696,0.0,11.947496,3.0,12.0
1671357563.524000,45.384499,6.563103,1751.524019,350.9,10.618796,2.9,12.0
1671357564.539000,45.384598,6.563079,1748.915025,346.5,10.310118,2.7,12.8
1671357565.526000,45.384689,6.563048,1747.351877,351.9,10.495146,2.8,13.3
1671357566.533000,45.384779,6.563030,1746.502912,354.0,10.444352,2.6,14.4
1671357568.522000,45.384936,6.562964,1739.700769,343.9,9.890484,2.7,14.7
1671357570.521000,45.385102,6.563007,1734.986589,21.1,9.896502,2.9,14.0
1671357572.529000,45.385255,6.563099,1727.161935,2.4,8.401140,3.0,12.7
1671357574.536000,45.385401,6.563119,1719.531519,11.7,8.271968,2.6,12.8
1671357576.530000,45.385546,6.563199,1714.491385,39.7,10.057492,3.0,14.0
1671357577.526000,45.385622,6.563284,1709.665095,27.8,8.607999,3.1,14.0
1671357579.536000,45.385772,6.563342,1702.440343,8.1,9.183469,2.8,13.6
1671357580.532000,45.385869,6.563351,1699.936546,16.1,8.767549,3.0,12.8
1671357582.542000,45.386024,6.563458,1694.617721,21.1,8.659400,2.9,12.0
1671357584.529000,45.386177,6.563518,1688.712606,19.7,8.162209,2.9,12.0
1671357586.536000,45.386276,6.563625,1683.238640,64.8,6.622375,2.8,12.0
1671357588.524000,45.386338,6.563791,1677.848407,36.6,6.480058,2.9,12.0
1671357590.529000,45.386409,6.563938,1672.769870,91.7,6.462956,3.0,13.3
1671357592.532000,45.386398,6.564138,1670.180846,113.0,7.341147,2.9,13.6
1671357594.522000,45.386352,6.564372,1668.350425,104.0,9.029328,2.8,12.0
1671357595.527000,45.386346,6.564499,1666.511453,103.2,9.301272,2.6,10.7
1671357596.527000,45.386378,6.564622,1663.779853,75.0,8.542251,2.6,8.4
1671357598.532000,45.386501,6.564772,1659.817675,26.4,9.185431,2.7,6.8
1671357600.543000,45.386689,6.564833,1653.538551,358.7,11.994374,2.9,6.8
1671357601.530000,45.386800,6.564825,1648.941092,347.1,13.124992,3.0,8.0
1671357602.537000,45.386923,6.564792,1646.066123,333.2,14.000749,2.9,9.2
1671357603.533000,45.387035,6.564705,1639.433726,331.1,14.662298,2.6,10.4
1671357604.524000,45.387148,6.564606,1638.061770,347.1,13.758726,2.6,10.7
1671357605.526000,45.387271,6.564567,1632.957808,0.0,14.114136,2.9,11.3
1671357606.529000,45.387401,6.564566,1627.581832,353.4,13.943398,3.1,12.7
1671357607.529000,45.387519,6.564526,1626.159985,342.7,13.581405,2.5,13.3
1671357608.521000,45.387634,6.564463,1624.591276,354.4,12.143064,2.8,14.0
1671357609.521000,45.387750,6.564477,1620.476835,10.9,13.112836,3.0,14.7
1671357610.524000,45.387861,6.564524,1616.704771,45.0,10.972131,2.8,15.3
1671357611.522000,45.387901,6.564648,1613.343265,69.1,9.565619,2.9,15.3
1671357612.526000,45.387896,6.564789,1610.590712,89.5,9.717155,3.1,14.7
1671357613.525000,45.387870,6.564929,1607.903793,87.1,8.599285,3.0,13.6
1671357615.514000,45.387891,6.565167,1602.786235,60.0,10.346066,3.0,12.7
1671357617.520000,45.387906,6.565381,1597.501711,126.7,7.454203,2.9,12.0
1671357619.526000,45.387824,6.565526,1593.826749,87.5,8.153280,3.0,12.0
1671357621.514000,45.387809,6.565729,1587.634503,129.8,9.107079,3.0,12.0
1671357623.523000,45.387684,6.565877,1582.652646,112.7,8.805246,2.8,12.0
1671357624.509000,45.387644,6.565992,1578.768375,109.0,10.843408,2.6,12.0
1671357625.506000,45.387600,6.566127,1574.743903,120.9,10.814857,2.7,12.0
1671357626.523000,45.387540,6.566258,1572.954791,115.2,10.935185,2.7,12.0
1671357627.529000,45.387491,6.566404,1570.400959,99.5,10.762230,2.8,11.2
1671357628.522000,45.387472,6.566549,1568.302685,108.4,10.519040,2.9,10.7
1671357629.525000,45.387434,6.566671,1567.573187,122.7,9.333467,2.9,9.6
1671357631.518000,45.387377,6.566878,1562.948075,99.0,9.276700,3.0,8.7
1671357633.514000,45.387360,6.567100,1560.360298,76.6,5.811594,2.6,8.0
1671357636.510000,45.387423,6.567204,1555.419762,24.4,3.498360,2.5,10.0
1671357638.533000,45.387598,6.567120,1547.715106,338.0,11.392097,3.0,11.0
1671357639.533000,45.387722,6.567053,1547.225396,334.4,10.482380,2.8,11.5
1671357640.523000,45.387823,6.566992,1546.683656,335.8,9.376973,2.9,12.0
1671357641.526000,45.387914,6.566948,1546.078392,343.6,9.171038,3.1,12.0
1671357642.519000,45.388006,6.566925,1543.711321,354.0,9.227971,2.9,12.0
1671357643.516000,45.388097,6.566917,1542.945354,347.3,9.682762,3.0,12.0
1671357644.543000,45.388187,6.566888,1540.585671,339.2,8.877800,3.0,12.0
1671357646.524000,45.388363,6.566814,1536.364800,348.8,10.420613,2.9,12.0
1671357647.529000,45.388476,6.566785,1534.359209,345.9,10.690398,3.1,11.2
1671357648.527000,45.388578,6.566754,1529.437077,348.0,10.958409,3.0,11.2
1671357649.527000,45.388684,6.566721,1525.525764,3.6,11.279076,3.0,11.3
1671357650.538000,45.388790,6.566733,1524.449400,19.4,12.203735,3.0,11.2
1671357651.520000,45.388893,6.566785,1519.196330,9.4,11.802107,2.7,11.3
1671357652.523000,45.389003,6.566809,1516.290562,3.1,12.648957,2.8,11.3
1671357653.513000,45.389116,6.566792,1514.441406,338.8,11.007263,2.6,12.0
1671357654.520000,45.389210,6.566734,1512.269250,342.9,10.984218,2.7,12.0
1671357655.525000,45.389298,6.566686,1511.771909,351.0,9.921957,2.7,12.0
1671357656.537000,45.389389,6.566674,1508.541944,22.6,9.225612,2.8,11.2
1671357658.527000,45.389544,6.566755,1506.693006,350.8,6.947258,3.0,9.6
1671357660.534000,45.389634,6.566721,1505.126344,347.4,5.871509,2.9,8.8
1671357662.529000,45.389746,6.566762,1501.020144,30.4,6.462078,2.6,10.0
1671357664.533000,45.389833,6.566869,1494.733745,27.7,7.102081,3.1,11.2
1671357666.530000,45.389980,6.566941,1486.282360,20.1,8.214133,2.8,10.4
1671357668.528000,45.390126,6.567051,1478.659433,44.6,9.847472,2.7,10.7
1671357669.534000,45.390198,6.567158,1475.474999,27.7,10.603110,2.9,11.2
1671357670.518000,45.390288,6.567240,1472.485149,20.7,11.995373,3.1,11.3
1671357671.536000,45.390393,6.567307,1468.426698,13.1,11.350161,2.9,12.0
1671357672.521000,45.390492,6.567355,1467.098128,11.1,11.186404,3.0,12.0
1671357673.531000,45.390603,6.567394,1466.180460,6.0,12.438947,2.7,12.0
1671357674.516000,45.390723,6.567428,1465.866580,7.0,10.740945,3.1,11.3
1671357675.513000,45.390816,6.567464,1464.891937,14.5,9.257247,2.9,10.7
1671357677.540000,45.390958,6.567540,1465.165723,16.0,7.334738,2.7,8.8
1671357679.526000,45.391068,6.567586,1464.346160,9.0,5.622663,3.0,8.0
1671357682.515000,45.391180,6.567604,1463.620786,2.0,3.524738,2.6,7.7
1671357690.315000,45.391273,6.567559,1463.876560,315.4,1.263774,2.5,18.3
1671357727.530000,45.391216,6.567457,1466.519533,-1.0,0.000000,3.0,7.4
1671357748.535000,45.391127,6.567436,1467.324113,-1.0,0.000001,2.8,6.6
1671357781.531000,45.391045,6.567500,1466.055932,219.9,0.458852,2.6,9.8
1671357785.709000,45.390962,6.567445,1465.370229,220.6,2.583313,2.7,9.7
1671357787.509000,45.390884,6.567368,1465.120211,219.0,3.506594,3.0,11.0
1671357788.709000,45.390807,6.567254,1465.029362,221.3,3.907471,3.0,12.8
1671357790.509000,45.390743,6.567161,1466.301460,221.3,4.362809,2.6,12.8
1671357792.309000,45.390669,6.567055,1469.368103,222.1,4.623412,2.8,11.9
1671357794.108000,45.390602,6.566960,1471.982684,222.5,4.563618,2.6,10.1
1671357797.015000,45.390523,6.566853,1475.316406,222.1,4.448857,2.7,10.2
1671357799.250000,45.390452,6.566754,1479.917920,223.0,4.303815,3.0,10.4
1671357802.111000,45.390367,6.566643,1486.215639,222.2,4.202293,3.0,10.5
1671357805.091000,45.390286,6.566541,1491.500000,222.3,4.077036,2.9,9.8
1671357808.091000,45.390196,6.566436,1496.700073,220.1,4.105416,3.0,7.5
1671357810.527000,45.390127,6.566348,1500.468087,220.0,4.425506,2.8,6.6
1671357813.533000,45.390036,6.566234,1503.335060,221.0,4.388191,3.1,6.1
1671357816.522000,45.389946,6.566122,1507.125800,221.0,4.205257,3.5,6.0
1671357819.529000,45.389860,6.566017,1511.162969,221.0,4.205783,3.1,6.0
1671357822.532000,45.389774,6.565910,1515.522764,221.0,4.299599,3.1,5.0
1671357825.532000,45.389686,6.565803,1520.057234,221.8,4.227986,2.9,4.7
1671357828.531000,45.389609,6.565710,1524.756347,221.0,4.273942,3.3,6.0
1671357831.542000,45.389516,6.565593,1529.579590,218.0,4.229355,3.3,6.0
1671357833.933000,45.389440,6.565503,1533.816748,220.2,4.072358,3.2,8.0
1671357837.413000,45.389348,6.565393,1541.110549,220.6,4.083890,3.2,10.3
1671357840.412000,45.389264,6.565286,1546.640622,220.7,4.095531,3.3,10.8
1671357843.412000,45.389184,6.565182,1552.887709,220.2,4.027352,3.5,10.5
1671357846.413000,45.389098,6.565076,1559.623032,220.7,4.046374,3.7,10.4
1671357849.332000,45.389021,6.564979,1566.042408,221.7,3.963737,3.3,10.2
1671357852.212000,45.388943,6.564875,1572.791950,220.2,3.902994,3.3,10.1
1671357855.213000,45.388862,6.564779,1579.469117,219.2,3.914014,3.3,10.1
1671357858.537000,45.388780,6.564677,1586.816559,220.0,3.757741,3.7,7.5
1671357861.613000,45.388704,6.564586,1595.322467,220.3,3.923803,3.8,7.0
1671357864.512000,45.388615,6.564478,1600.442247,222.0,4.200943,3.6,7.9
1671357867.530000,45.388534,6.564377,1606.925031,221.0,4.059498,3.7,6.9
1671357870.537000,45.388451,6.564275,1612.588265,220.0,4.040705,3.6,6.0
1671357873.529000,45.388372,6.564174,1619.083749,220.0,3.809717,2.9,6.0
1671357876.527000,45.388293,6.564076,1626.929737,221.0,3.884183,3.1,6.0
1671357879.529000,45.388213,6.563977,1632.950867,221.0,3.945375,2.6,6.0
1671357882.519000,45.388135,6.563882,1640.765791,221.0,3.830266,2.6,6.0
1671357885.524000,45.388057,6.563786,1647.871072,220.0,3.833005,2.7,6.0
1671357888.538000,45.387972,6.563680,1654.601217,220.3,4.304968,3.0,6.0
1671357891.531000,45.387886,6.563572,1660.189964,222.0,4.327249,3.0,6.0
1671357894.533000,45.387801,6.563462,1665.347618,222.0,4.319902,2.9,6.0
1671357897.535000,45.387717,6.563355,1669.620124,223.0,4.065197,2.8,6.0
1671357900.528000,45.387636,6.563254,1674.418853,221.0,4.172577,2.6,6.0
1671357903.531000,45.387552,6.563148,1679.767087,221.0,4.103024,2.8,6.0
1671357906.528000,45.387472,6.563051,1686.739926,221.0,3.991707,3.0,6.0
1671357909.529000,45.387385,6.562949,1692.662810,221.0,4.794486,2.5,6.0
1671357912.536000,45.387294,6.562840,1695.235838,221.0,4.583930,2.6,6.0
1671357915.526000,45.387206,6.562733,1697.326078,221.0,4.526946,2.5,6.0
1671357918.529000,45.387103,6.562605,1699.966105,220.0,4.477927,2.8,6.0
1671357921.525000,45.387028,6.562512,1703.650310,221.0,4.346597,2.7,5.4
1671357923.535000,45.386960,6.562426,1708.035311,220.0,4.418439,2.5,4.3
1671357926.536000,45.386880,6.562330,1708.413869,222.0,4.496592,2.8,4.3
1671357928.542000,45.386810,6.562242,1710.182474,219.0,4.284994,2.6,5.3
1671357931.533000,45.386734,6.562148,1714.020031,221.0,4.302885,2.9,6.0
1671357933.538000,45.386664,6.562063,1716.724162,220.0,4.398388,2.7,6.0
1671357936.534000,45.386587,6.561968,1720.318846,220.0,4.240502,2.9,5.0
1671357938.546000,45.386520,6.561884,1723.088911,220.0,4.252961,2.5,4.0
1671357941.532000,45.386443,6.561789,1727.464672,221.0,4.303240,2.5,4.0
1671357943.545000,45.386372,6.561703,1730.153737,220.0,4.207474,2.5,4.9
1671357946.524000,45.386298,6.561609,1734.382463,221.0,4.143275,2.8,5.7
1671357948.534000,45.386230,6.561524,1739.848333,221.0,4.600790,2.7,6.0
1671357951.520000,45.386151,6.561426,1744.275875,221.0,4.400364,2.5,6.0
1671357954.540000,45.386071,6.561325,1744.880787,220.0,4.288845,2.5,6.0
1671357957.528000,45.385979,6.561211,1748.653921,220.0,4.321780,2.6,6.0
1671357960.527000,45.385885,6.561095,1751.705574,219.5,4.290934,2.8,6.0
1671357963.526000,45.385813,6.561006,1756.631699,221.0,3.800321,2.8,6.0
1671357966.527000,45.385729,6.560902,1763.598697,221.0,3.871016,2.6,6.0
1671357969.533000,45.385655,6.560810,1770.850656,221.0,3.901389,2.6,6.0
1671357972.528000,45.385572,6.560708,1778.132513,220.0,3.828166,2.5,5.5
1671357975.523000,45.385493,6.560608,1784.695835,220.0,3.812916,2.8,5.7
1671357978.551000,45.385413,6.560510,1794.392134,221.0,3.742996,2.5,6.0
1671357981.527000,45.385337,6.560416,1802.447133,222.0,3.750566,2.5,5.6
1671357984.535000,45.385260,6.560320,1807.758139,222.0,3.755472,2.5,3.2
1671357987.537000,45.385184,6.560227,1815.997707,220.0,3.742517,2.5,2.9
1671357990.539000,45.385109,6.560133,1823.291597,219.1,3.728183,2.6,3.9
1671357993.527000,45.385028,6.560033,1831.901515,219.0,3.798726,2.5,3.4
1671357996.520000,45.384948,6.559935,1837.903566,221.0,3.829442,2.4,3.4
1671357999.537000,45.384867,6.559839,1844.136848,221.0,3.853586,2.4,3.9
1671358002.538000,45.384790,6.559742,1850.717445,220.0,3.865777,2.5,3.9
1671358005.542000,45.384710,6.559642,1858.400038,220.0,3.864720,2.6,3.9
1671358008.537000,45.384631,6.559545,1866.789191,221.0,3.868711,2.5,4.7
1671358011.514000,45.384552,6.559452,1874.231287,221.0,3.849412,2.5,4.7
1671358014.532000,45.384474,6.559355,1880.574621,222.0,3.840773,2.5,3.6
1671358017.549000,45.384396,6.559261,1887.881509,221.0,3.829850,2.7,4.9
1671358020.519000,45.384313,6.559160,1896.272114,220.0,3.873224,2.5,4.9
1671358023.519000,45.384233,6.559056,1901.173354,220.0,3.927294,2.5,4.7
1671358026.537000,45.384152,6.558954,1907.238494,221.0,3.958151,2.5,4.5
1671358029.520000,45.384070,6.558851,1913.571289,221.0,3.979976,2.5,4.1
1671358032.521000,45.383989,6.558750,1921.237250,221.0,3.994041,2.5,4.7
1671358035.521000,45.383909,6.558651,1926.862551,221.0,3.978853,2.5,5.0
1671358038.541000,45.383827,6.558547,1931.768021,220.0,3.981629,2.5,3.2
1671358041.533000,45.383749,6.558448,1938.936854,221.0,3.982160,2.5,2.5
1671358044.549000,45.383667,6.558346,1946.029815,221.8,3.973779,2.5,2.8
1671358047.546000,45.383587,6.558247,1953.607668,220.0,3.936532,2.5,3.3
1671358050.514000,45.383511,6.558168,1958.753455,221.0,3.847473,2.5,3.7
1671358053.541000,45.383424,6.558073,1966.470553,219.0,3.814923,2.4,4.0
1671358057.552000,45.383322,6.557966,1977.412739,220.0,3.714225,2.4,4.0
1671358060.526000,45.383251,6.557880,1983.048128,220.0,3.694618,2.6,4.0
1671358063.513000,45.383162,6.557763,1989.094302,221.0,3.817288,2.5,4.0
1671358066.524000,45.383083,6.557659,1995.206017,221.0,3.910261,2.5,4.0
1671358068.536000,45.383010,6.557570,1997.186017,221.0,3.961118,2.5,3.9
1671358071.514000,45.382942,6.557486,2002.147310,220.0,4.029500,2.5,3.8
1671358074.517000,45.382860,6.557383,2007.206812,220.0,4.054585,2.7,3.8
1671358077.537000,45.382766,6.557266,2011.765539,220.0,4.145253,2.5,3.6
1671358080.520000,45.382682,6.557160,2014.849177,221.0,4.205607,2.5,3.4
1671358083.523000,45.382594,6.557050,2018.121543,220.0,4.240466,2.5,2.8
1671358086.532000,45.382504,6.556945,2021.776823,221.0,4.271450,2.5,3.3
1671358089.521000,45.382416,6.556836,2025.437427,220.0,4.282695,2.6,3.6
1671358092.542000,45.382324,6.556723,2030.996999,220.0,4.293664,2.5,3.0
1671358095.532000,45.382240,6.556616,2035.010155,221.0,4.298570,2.5,3.0
1671358098.534000,45.382152,6.556507,2036.823998,221.0,4.288403,2.5,3.9
1671358101.512000,45.382065,6.556399,2040.668490,221.0,4.288289,2.5,3.6
1671358104.530000,45.381977,6.556288,2044.989898,220.0,4.279336,2.6,3.3
1671358107.542000,45.381892,6.556180,2051.266193,220.0,4.267300,2.5,2.2
1671358110.533000,45.381808,6.556074,2054.437610,222.0,4.247895,2.5,2.9
1671358113.558000,45.381717,6.555964,2058.309643,221.0,4.274460,2.4,3.9
1671358116.548000,45.381629,6.555856,2060.249837,221.0,4.313919,2.4,3.7
1671358119.523000,45.381538,6.555746,2062.574763,221.0,4.347988,2.6,3.5
1671358122.556000,45.381445,6.555638,2067.705717,219.0,4.379255,2.5,3.8
1671358125.532000,45.381350,6.555532,2070.548536,222.0,4.379457,2.5,4.0
1671358128.548000,45.381254,6.555410,2069.571661,221.0,4.351334,2.5,3.9
1671358131.528000,45.381173,6.555309,2067.501188,220.0,4.369060,2.5,4.0
1671358133.559000,45.381095,6.555212,2069.506100,220.0,4.397105,2.9,3.8
1671358136.519000,45.381019,6.555114,2072.188860,221.0,4.414549,2.5,3.8
1671358138.551000,45.380944,6.555019,2071.296011,220.0,4.425231,2.5,3.8
1671358141.517000,45.380867,6.554923,2072.201200,221.0,4.450164,2.5,3.9
1671358143.553000,45.380791,6.554829,2073.205515,220.0,4.455181,2.4,3.9
1671358146.525000,45.380713,6.554729,2074.013514,221.0,4.453167,2.4,4.0
1671358148.543000,45.380638,6.554635,2074.158856,221.0,4.457481,2.5,4.0
1671358152.538000,45.380543,6.554505,2078.257666,221.0,4.413782,2.5,4.0
1671358155.526000,45.380463,6.554397,2074.353034,237.1,4.318099,2.5,4.0
1671358164.550000,45.380388,6.554321,2078.691608,201.7,0.878854,2.5,6.0
1671358168.532000,45.380323,6.554221,2074.019762,249.1,2.780358,2.5,6.0
1671358171.525000,45.380333,6.554094,2073.088374,291.1,2.772649,2.5,4.8
1671358175.536000,45.380399,6.553988,2074.111124,326.0,2.799303,2.5,4.0
1671358178.520000,45.380497,6.553931,2072.801184,345.6,3.181525,2.5,4.0
1671358180.538000,45.380597,6.553901,2073.726290,351.0,3.859952,2.5,3.9
1671358182.521000,45.380770,6.553877,2070.172763,355.0,11.262742,2.5,4.3
1671358183.543000,45.380895,6.553862,2069.461260,354.2,12.128989,2.5,4.6
1671358184.549000,45.381019,6.553844,2066.622620,354.0,12.856606,2.5,4.9
1671358185.526000,45.381145,6.553826,2058.580497,354.0,13.262894,2.6,5.1
1671358186.523000,45.381272,6.553807,2055.317089,354.0,13.640191,2.8,5.3
1671358187.524000,45.381399,6.553791,2054.462526,354.7,13.832160,2.5,4.8
1671358188.544000,45.381527,6.553776,2048.957821,355.0,13.821828,2.6,4.4
1671358189.527000,45.381649,6.553760,2045.126580,354.1,13.727628,2.9,4.7
1671358190.538000,45.381772,6.553740,2043.303637,353.1,13.544350,2.5,4.8
1671358191.536000,45.381891,6.553718,2039.730001,352.1,13.252108,2.8,5.2
1671358192.530000,45.382007,6.553692,2039.713935,351.3,13.434328,2.7,5.6
1671358193.528000,45.382125,6.553664,2041.461867,350.1,13.294531,2.5,5.7
1671358194.536000,45.382241,6.553634,2043.520249,350.0,13.029144,2.5,6.0
1671358195.527000,45.382354,6.553607,2041.130698,350.0,12.943465,2.5,6.0
1671358196.546000,45.382470,6.553579,2039.395897,350.0,12.998828,2.5,6.0
1671358197.541000,45.382583,6.553552,2034.238652,350.9,12.816498,2.7,6.4
1671358198.527000,45.382696,6.553532,2029.939711,351.9,12.778295,2.7,6.3
1671358199.534000,45.382810,6.553514,2030.784165,352.9,12.800108,2.4,6.3
1671358200.546000,45.382925,6.553497,2030.654889,353.0,12.731466,2.5,6.4
1671358201.538000,45.383038,6.553480,2028.820079,352.1,12.706086,2.4,6.3
1671358202.525000,45.383149,6.553459,2022.449110,351.4,12.698633,2.7,6.3
1671358203.525000,45.383260,6.553435,2020.176033,350.0,12.365595,2.5,6.0
1671358204.535000,45.383367,6.553407,2022.105440,349.2,11.983132,2.6,6.0
1671358205.555000,45.383473,6.553377,2021.274636,349.0,11.854220,2.5,6.0
1671358206.542000,45.383575,6.553350,2020.697703,349.9,11.884541,2.5,6.0
1671358207.547000,45.383678,6.553326,2018.833299,350.9,11.581629,2.5,6.0
1671358208.546000,45.383778,6.553306,2020.593328,351.9,11.279309,2.5,6.0
1671358209.550000,45.383876,6.553288,2019.506003,351.1,10.893664,2.5,6.0
1671358210.533000,45.383967,6.553268,2018.346010,350.0,10.489093,2.5,5.7
1671358212.532000,45.384138,6.553229,2018.241858,350.9,9.276452,2.6,5.0
1671358214.537000,45.384291,6.553196,2012.088719,347.3,8.633997,2.6,4.7
1671358216.520000,45.384432,6.553130,2009.605789,338.9,7.996545,2.8,5.0
1671358218.506000,45.384554,6.553055,2006.724105,342.7,6.966051,2.7,5.7
1671358220.540000,45.384671,6.553094,2003.924187,17.3,6.631872,2.6,5.6
1671358222.543000,45.384805,6.553223,2002.547336,26.6,9.231166,2.5,4.8
1671358224.527000,45.384985,6.553271,2003.999198,356.3,11.160257,2.5,4.0
1671358225.518000,45.385088,6.553246,2002.238116,353.0,11.127481,2.5,4.3
1671358226.533000,45.385191,6.553195,1998.153124,340.3,11.699417,2.7,4.8
1671358227.531000,45.385292,6.553136,1996.551643,341.9,11.804436,2.5,5.0
1671358228.527000,45.385397,6.553088,1992.569597,345.7,12.538703,2.4,5.3
1671358229.532000,45.385510,6.553045,1994.945843,344.5,12.846375,2.5,6.4
1671358230.540000,45.385620,6.552987,1992.139781,342.9,12.662020,2.4,6.8
1671358231.520000,45.385723,6.552914,1986.488813,338.5,12.606327,2.5,7.0
1671358232.521000,45.385819,6.552818,1984.303650,330.3,12.486980,2.5,7.3
1671358233.512000,45.385914,6.552724,1984.766859,326.2,12.841189,2.6,8.3
1671358235.519000,45.386098,6.552536,1983.945902,329.5,10.992290,2.5,9.6
1671358236.534000,45.386184,6.552470,1982.637863,351.8,11.032794,2.5,11.0
1671358237.535000,45.386283,6.552442,1983.303348,9.8,11.102251,2.7,12.0
1671358238.520000,45.386380,6.552462,1981.349772,26.1,11.624248,2.5,12.0
1671358239.512000,45.386473,6.552527,1979.391486,26.9,11.729760,2.5,11.2
1671358240.523000,45.386569,6.552583,1977.618767,17.4,12.056086,2.5,10.4
1671358241.550000,45.386673,6.552632,1976.097560,20.9,12.422230,2.5,9.6
1671358242.542000,45.386773,6.552690,1974.691678,25.8,11.816948,2.5,8.8
1671358243.550000,45.386867,6.552760,1970.944037,15.6,12.135451,2.6,8.0
1671358244.554000,45.386966,6.552802,1961.368299,2.2,10.818935,2.6,8.0
1671358245.549000,45.387063,6.552807,1958.813303,1.0,11.668665,2.7,8.0
1671358246.544000,45.387169,6.552811,1956.133300,13.5,11.455644,2.7,8.0
1671358247.537000,45.387265,6.552873,1950.030970,30.4,12.011889,2.5,8.0
1671358248.550000,45.387355,6.552958,1948.253808,16.2,11.057140,2.5,8.0
1671358249.527000,45.387450,6.552998,1944.410631,4.5,10.562429,2.5,8.0
1671358250.526000,45.387548,6.552994,1943.007240,337.3,10.552909,2.5,8.0
1671358251.538000,45.387639,6.552936,1940.811530,337.7,10.867444,2.6,8.0
1671358252.550000,45.387744,6.552900,1938.457727,359.4,12.118405,2.9,8.0
1671358253.547000,45.387857,6.552891,1937.172604,354.3,12.523365,2.5,8.0
1671358254.545000,45.387972,6.552869,1934.587963,333.4,11.929995,2.5,8.0
1671358255.551000,45.388078,6.552792,1931.206982,336.0,12.659985,2.6,8.0
1671358256.530000,45.388191,6.552719,1929.520119,346.4,12.394571,2.5,8.0
1671358257.527000,45.388306,6.552672,1924.935670,342.2,12.298987,2.8,8.0
1671358258.530000,45.388411,6.552615,1922.387669,337.3,11.850148,2.8,8.0
1671358259.519000,45.388501,6.552530,1919.222976,321.6,11.750362,2.6,8.7
1671358260.523000,45.388583,6.552426,1916.113810,325.6,11.974438,2.7,9.3
1671358261.542000,45.388676,6.552347,1912.855262,334.9,11.899441,2.8,10.4
1671358262.528000,45.388772,6.552270,1907.391785,327.0,12.037039,2.5,11.2
1671358263.526000,45.388861,6.552160,1903.525054,314.4,12.698901,2.5,11.3
1671358264.526000,45.388937,6.552032,1901.128058,316.2,12.853052,2.6,12.0
1671358265.524000,45.389018,6.551921,1899.265692,325.7,11.776385,2.8,12.0
1671358266.522000,45.389107,6.551855,1892.649201,352.6,10.257329,2.5,12.0
1671358267.519000,45.389199,6.551834,1890.466239,347.0,11.013484,2.6,12.0
1671358268.526000,45.389295,6.551780,1889.043333,328.3,11.615529,2.9,12.0
1671358269.523000,45.389385,6.551690,1885.009075,333.4,11.889724,2.6,12.0
1671358270.525000,45.389488,6.551618,1884.458589,351.4,11.617791,2.6,12.0
1671358271.515000,45.389592,6.551592,1880.210243,7.0,11.500303,2.7,12.7
1671358272.518000,45.389701,6.551601,1877.104075,2.1,12.182724,2.6,12.7
1671358273.527000,45.389809,6.551586,1874.873586,351.2,10.988075,2.5,12.8
1671358274.534000,45.389909,6.551543,1870.694244,346.1,10.781256,2.5,12.8
1671358275.523000,45.390000,6.551492,1869.933710,358.6,9.727817,2.5,12.0
1671358277.531000,45.390147,6.551509,1864.786766,26.3,2.833400,2.5,9.6
1671358281.531000,45.390239,6.551627,1861.065164,24.1,2.486412,2.5,6.8
1671358294.513000,45.390327,6.551711,1856.078823,41.9,2.920722,2.5,6.0
1671358296.519000,45.390382,6.551822,1856.661480,60.0,5.100818,2.5,6.0
1671358298.509000,45.390421,6.551990,1856.010891,71.7,7.787429,2.8,6.0
1671358300.521000,45.390459,6.552215,1853.193733,86.2,8.665139,2.6,5.3
1671358302.524000,45.390465,6.552434,1849.848001,86.4,7.823389,2.6,4.7
1671358304.526000,45.390488,6.552607,1845.803828,79.0,6.073384,2.4,4.8
1671358308.527000,45.390533,6.552725,1845.272325,89.1,0.285089,2.5,6.0
1671358342.677000,45.390620,6.552763,1846.065260,328.2,1.260181,2.5,4.7
1671358382.457000,45.390683,6.552638,1844.136796,287.4,2.552923,2.5,5.5
1671358384.197000,45.390690,6.552491,1845.246661,278.1,4.936183,2.4,7.7
1671358386.597000,45.390704,6.552348,1847.097041,277.0,3.982883,2.5,9.9
1671358388.258000,45.390721,6.552204,1847.139625,277.5,4.603568,2.5,10.2
1671358391.257000,45.390741,6.552037,1848.898140,279.1,4.657282,2.5,10.0
1671358394.257000,45.390764,6.551868,1852.256235,280.0,4.565068,2.4,10.2
1671358397.091000,45.390781,6.551714,1854.721011,277.5,4.482970,2.5,10.0
1671358399.416000,45.390793,6.551585,1858.323269,275.9,4.019329,2.5,10.1
1671358402.335000,45.390811,6.551423,1862.070201,279.2,4.115371,2.4,10.3
1671358405.136000,45.390834,6.551249,1864.500799,279.9,4.218349,2.4,10.3
1671358408.015000,45.390853,6.551095,1868.051439,279.4,4.350657,2.4,10.3
1671358411.616000,45.390875,6.550918,1873.604605,279.5,4.378069,2.5,10.5
1671358414.615000,45.390895,6.550754,1879.297205,279.8,4.349957,2.4,10.4
1671358417.614000,45.390914,6.550590,1883.770358,279.2,4.307685,2.5,10.3
1671358420.614000,45.390934,6.550426,1886.819785,279.5,4.287385,2.5,10.3
1671358423.416000,45.390952,6.550266,1891.441370,279.1,4.258004,2.6,10.4
1671358426.414000,45.390972,6.550106,1895.197445,278.9,4.211082,2.5,10.5
1671358429.533000,45.390991,6.549947,1901.098002,279.0,4.164052,2.5,9.6
1671358432.524000,45.391011,6.549782,1903.488701,279.0,4.167273,2.4,7.3
1671358435.530000,45.391030,6.549618,1907.778194,280.0,4.212172,2.4,6.0
1671358438.533000,45.391050,6.549458,1911.731724,279.0,4.149911,2.5,6.0
1671358441.535000,45.391069,6.549298,1917.192511,279.0,4.234293,2.5,6.0
1671358444.530000,45.391089,6.549139,1923.228661,279.0,4.179729,2.5,6.0
1671358447.525000,45.391108,6.548982,1928.031218,279.0,4.156369,2.5,6.0
1671358450.532000,45.391127,6.548832,1932.810450,279.0,4.403192,2.5,6.0
1671358453.526000,45.391147,6.548663,1935.749501,279.0,4.305171,2.6,6.0
1671358456.529000,45.391165,6.548503,1940.043032,279.0,4.294625,2.5,6.0
1671358459.529000,45.391185,6.548343,1945.231488,279.0,4.202453,2.5,6.0
1671358462.535000,45.391204,6.548184,1947.252370,279.0,4.200220,2.4,6.0
1671358465.531000,45.391221,6.548031,1952.510923,280.0,4.556166,2.4,6.0
1671358468.528000,45.391242,6.547861,1954.627624,280.0,4.493372,2.5,6.0
1671358471.542000,45.391262,6.547694,1958.406963,279.0,4.414337,2.5,6.0
1671358474.512000,45.391282,6.547531,1963.693154,279.1,4.362360,2.5,6.0
1671358477.530000,45.391300,6.547368,1966.880938,280.0,4.312247,2.4,6.0
1671358480.533000,45.391320,6.547208,1970.070886,279.0,3.788926,2.5,6.0
1671358483.532000,45.391338,6.547059,1973.380888,280.0,3.996021,2.5,6.0
1671358486.527000,45.391355,6.546910,1977.121634,280.0,4.334845,2.4,6.0
1671358489.529000,45.391374,6.546763,1981.216355,280.0,4.157973,2.5,6.0
1671358492.532000,45.391391,6.546612,1983.731859,279.0,3.729170,2.4,5.7
1671358495.526000,45.391408,6.546465,1988.294366,278.0,3.529106,2.4,4.7
1671358498.528000,45.391425,6.546325,1992.254343,279.0,3.791537,2.5,5.2
1671358501.533000,45.391442,6.546184,1998.953133,279.0,3.727571,2.5,6.0
1671358504.532000,45.391458,6.546045,2003.459513,280.0,3.709289,2.5,6.0
1671358508.530000,45.391480,6.545862,2009.308438,279.0,4.170800,2.5,6.0
1671358511.545000,45.391500,6.545700,2012.288815,281.0,4.112354,2.5,6.0
1671358514.531000,45.391518,6.545564,2014.072928,281.0,3.758707,2.5,6.0
1671358517.520000,45.391534,6.545422,2018.645337,278.0,3.853162,2.5,6.0
1671358520.533000,45.391552,6.545276,2021.545133,279.0,3.812705,2.4,6.0
1671358523.528000,45.391570,6.545133,2024.098431,279.0,3.822342,2.4,6.0
1671358526.521000,45.391587,6.544990,2027.302039,279.0,3.767187,2.5,5.0
1671358529.530000,45.391604,6.544848,2031.328594,280.0,3.765333,2.5,4.7
1671358532.512000,45.391622,6.544705,2036.781675,279.0,3.724810,2.4,5.3
1671358536.520000,45.391644,6.544531,2043.097669,282.0,4.243369,2.4,4.4
1671358539.529000,45.391664,6.544369,2045.131482,279.9,4.076776,2.5,5.0
1671358542.522000,45.391685,6.544222,2046.795788,279.0,3.901329,2.5,6.0
1671358545.522000,45.391703,6.544090,2047.609267,277.0,3.895139,2.4,6.0
1671358548.536000,45.391724,6.543931,2049.106401,279.0,3.977117,2.5,5.8
1671358551.520000,45.391743,6.543774,2048.799255,279.0,3.974066,2.4,4.9
1671358554.523000,45.391762,6.543622,2050.543770,279.0,3.973810,2.4,4.0
1671358557.539000,45.391777,6.543494,2050.767704,280.0,3.743568,2.5,5.0
1671358560.532000,45.391796,6.543345,2055.902560,279.0,3.567940,2.5,5.6
1671358563.539000,45.391811,6.543206,2062.680719,279.0,3.599929,2.5,4.9
1671358566.550000,45.391827,6.543072,2068.440469,279.0,3.581828,2.4,4.0
1671358570.535000,45.391846,6.542914,2075.451794,279.0,3.492509,2.5,4.0
1671358573.528000,45.391863,6.542762,2079.894709,279.0,3.451914,2.5,4.0
1671358576.533000,45.391879,6.542630,2087.846117,279.0,3.373356,2.5,4.0
1671358579.537000,45.391894,6.542498,2092.184824,279.0,3.287924,2.4,4.0
1671358582.523000,45.391910,6.542367,2098.498320,279.0,3.495104,2.4,4.0
1671358585.515000,45.391925,6.542239,2104.389788,279.0,3.385995,2.4,4.0
1671358588.529000,45.391940,6.542110,2110.899284,279.0,3.387954,2.5,4.4
1671358591.530000,45.391955,6.541981,2120.208151,280.0,3.275451,2.5,5.3
1671358594.534000,45.391970,6.541853,2127.368062,280.0,3.341857,2.5,4.8
1671358598.521000,45.391990,6.541688,2135.615085,280.0,3.288605,2.5,4.0
1671358602.536000,45.392012,6.541515,2142.824415,280.0,3.345349,2.5,4.9
1671358605.544000,45.392026,6.541381,2149.823359,279.0,3.574023,2.4,5.2
1671358608.523000,45.392040,6.541249,2156.182411,279.0,3.547926,2.5,3.9
1671358611.527000,45.392055,6.541117,2161.151605,279.0,3.520970,2.4,3.5
1671358614.525000,45.392070,6.540986,2166.915807,279.0,3.497326,2.4,3.1
1671358617.517000,45.392084,6.540857,2173.455976,279.0,3.467544,2.5,3.3
1671358620.525000,45.392098,6.540728,2182.454027,279.0,3.464224,2.5,3.1
1671358623.517000,45.392114,6.540590,2188.983296,280.0,3.480674,2.5,2.8
1671358626.525000,45.392130,6.540458,2193.488459,279.0,3.487051,2.5,2.5
1671358629.528000,45.392145,6.540327,2199.410379,279.0,3.482780,2.5,2.7
1671358632.523000,45.392160,6.540196,2203.958212,279.0,3.478818,2.5,2.9
1671358635.532000,45.392175,6.540064,2211.265904,279.0,3.474966,2.5,2.9
1671358638.528000,45.392190,6.539934,2216.699755,279.0,3.464616,2.4,3.4
1671358641.524000,45.392204,6.539804,2222.783401,279.0,3.450643,2.4,2.9
1671358644.528000,45.392219,6.539676,2228.814986,279.0,3.434264,2.4,3.4
1671358647.532000,45.392235,6.539548,2235.246324,279.0,3.425135,2.5,3.1
1671358650.553000,45.392252,6.539403,2244.482056,280.0,3.409511,2.4,2.7
1671358654.554000,45.392270,6.539251,2253.919184,279.0,3.386058,2.4,3.4
1671358658.536000,45.392289,6.539098,2261.711996,279.0,3.389128,2.5,3.4
1671358661.504000,45.392307,6.538947,2265.600358,279.0,3.451232,2.5,3.4
1671358664.529000,45.392324,6.538816,2271.620940,280.0,3.520463,2.5,3.4
1671358667.526000,45.392339,6.538679,2274.581373,279.0,3.565244,2.4,3.2
1671358670.526000,45.392355,6.538540,2279.233244,279.0,3.602114,2.4,3.3
1671358673.524000,45.392371,6.538401,2282.555149,278.0,3.620617,2.4,2.6
1671358676.528000,45.392388,6.538262,2287.969167,279.0,3.635907,2.5,2.6
1671358679.533000,45.392405,6.538122,2295.268251,279.0,3.639733,2.5,3.7
1671358682.514000,45.392424,6.537982,2300.955613,279.0,3.642631,2.5,3.8
1671358685.508000,45.392444,6.537842,2305.178035,279.0,3.632548,2.5,3.9
1671358688.513000,45.392462,6.537705,2309.751387,279.0,3.627945,2.5,3.9
1671358691.510000,45.392481,6.537569,2313.533351,279.0,3.620809,2.5,3.6
1671358694.539000,45.392498,6.537427,2321.551942,279.0,3.615506,2.5,3.3
1671358698.532000,45.392520,6.537257,2326.774260,279.0,3.597635,2.4,3.5
1671358701.530000,45.392538,6.537125,2332.636529,279.0,3.586561,2.4,3.4
1671358704.555000,45.392555,6.536986,2338.020274,279.0,3.569338,2.5,3.3
1671358708.526000,45.392576,6.536836,2348.066816,279.0,3.484185,2.5,3.5
1671358711.525000,45.392599,6.536708,2353.459093,280.0,3.489512,2.4,3.4
1671358714.556000,45.392617,6.536569,2358.248150,278.0,3.514979,2.4,3.6
1671358718.546000,45.392637,6.536407,2365.210098,280.0,3.505371,2.5,3.7
1671358721.527000,45.392654,6.536273,2367.327747,279.0,3.541527,2.4,3.7
1671358726.521000,45.392664,6.536143,2366.944631,280.7,3.000045,2.4,4.0
1671358731.566000,45.392606,6.536026,2364.820563,210.0,2.804977,2.4,3.8
1671358734.532000,45.392511,6.535966,2363.483904,203.0,3.084346,2.5,3.5
1671358737.537000,45.392391,6.535880,2364.484101,207.0,3.553004,2.5,3.6
1671358740.527000,45.392270,6.535802,2363.585862,202.0,4.580925,2.4,3.9
1671358743.542000,45.392162,6.535745,2362.793451,197.0,3.926024,2.4,4.0
1671358746.532000,45.392058,6.535712,2362.092561,189.0,3.790127,2.5,4.0
1671358749.518000,45.391956,6.535692,2359.732189,187.0,3.840057,2.5,4.0
1671358752.514000,45.391855,6.535677,2359.150525,181.1,3.514759,2.4,4.0
1671358756.530000,45.391738,6.535685,2358.334010,182.0,3.080066,2.4,4.0
1671358776.529000,45.391675,6.535640,2358.239388,-1.0,0.000000,2.5,4.0
1671358776.529000,45.391675,6.535640,2358.239388,-1.0,0.000000,2.5,4.0
1671358778.544000,45.391656,6.535626,2356.611282,121.8,1.210165,2.5,4.0
1671358782.534000,45.391585,6.535714,2357.444876,141.1,3.739617,2.5,4.0
1671358784.539000,45.391489,6.535782,2355.300810,156.0,6.688576,2.4,4.0
1671358786.534000,45.391341,6.535848,2350.864767,164.5,9.587052,2.4,4.0
1671358787.521000,45.391248,6.535868,2348.818964,172.1,10.187182,2.4,4.0
1671358788.546000,45.391150,6.535880,2346.749988,173.0,10.060797,2.4,4.0
1671358789.541000,45.391059,6.535896,2344.172229,167.8,9.909976,2.4,4.0
1671358791.529000,45.390884,6.535951,2342.088030,168.3,9.603378,2.4,4.0
1671358793.517000,45.390710,6.535972,2341.098003,175.0,10.362646,2.5,4.0
1671358794.515000,45.390613,6.535979,2339.577411,176.8,10.915058,2.5,4.0
1671358795.538000,45.390511,6.535980,2337.987572,180.1,10.877109,2.5,4.0
1671358796.533000,45.390414,6.535973,2338.124282,181.0,10.580697,2.4,4.0
1671358797.523000,45.390320,6.535969,2337.627033,179.1,10.400754,2.5,4.0
1671358798.513000,45.390228,6.535973,2336.259916,176.3,10.135763,2.4,4.0
1671358799.512000,45.390138,6.535984,2335.815683,174.1,10.029701,2.4,4.0
1671358800.532000,45.390048,6.536004,2335.382906,169.2,9.984910,2.4,4.0
1671358802.550000,45.389880,6.536070,2331.179621,163.1,10.366880,2.4,4.0
1671358803.541000,45.389785,6.536105,2328.941820,165.9,11.728970,2.5,4.0
1671358804.546000,45.389676,6.536119,2326.487498,172.7,12.161619,2.5,4.0
1671358805.538000,45.389565,6.536097,2325.276974,185.9,11.929568,2.5,4.0
1671358806.555000,45.389457,6.536067,2321.913667,179.7,11.451645,2.5,4.0
1671358807.547000,45.389356,6.536064,2318.056870,179.0,10.839736,2.5,4.0
1671358808.547000,45.389261,6.536065,2317.229112,180.0,10.327599,2.4,4.0
1671358810.529000,45.389090,6.536095,2315.292162,165.3,9.402761,2.4,4.0
1671358812.528000,45.388928,6.536190,2314.696319,155.0,9.941619,2.5,4.0
1671358814.530000,45.388792,6.536321,2310.135910,142.2,8.838451,2.4,4.0
1671358816.529000,45.388702,6.536469,2308.306311,124.3,6.311858,2.4,4.0
1671358819.510000,45.388661,6.536602,2304.854270,122.7,4.424242,2.4,4.0
1671358821.531000,45.388601,6.536733,2302.903917,121.0,6.079670,2.4,4.0
1671358823.527000,45.388538,6.536893,2300.864152,116.0,7.409164,2.5,4.0
1671358825.528000,45.388481,6.537101,2298.005075,109.0,9.180019,2.5,4.0
1671358827.526000,45.388433,6.537343,2296.578755,104.0,9.567456,2.4,4.0
1671358829.532000,45.388404,6.537554,2296.350256,101.0,7.455963,2.4,4.0
1671358832.531000,45.388372,6.537701,2294.090788,110.0,2.644645,2.4,4.0
1671358852.535000,45.388370,6.537733,2294.148286,-1.0,0.000000,2.5,4.0
1671358852.535000,45.388370,6.537733,2294.148286,-1.0,0.000000,2.5,4.0
1671358904.521000,45.388346,6.537857,2293.465735,107.9,2.570945,2.4,4.6
1671358907.532000,45.388294,6.538023,2292.075758,116.9,6.434559,2.4,4.7
1671358909.523000,45.388216,6.538222,2288.264803,118.9,9.472956,2.5,4.0
1671358910.525000,45.388176,6.538343,2285.421719,113.0,10.474659,2.5,4.0
1671358911.531000,45.388140,6.538464,2281.485361,100.2,9.321420,2.5,4.0
1671358913.521000,45.388117,6.538682,2273.341870,118.8,9.695187,2.5,4.3
1671358915.519000,45.387993,6.538892,2270.575870,144.7,12.569209,2.4,5.0
1671358916.513000,45.387892,6.538987,2267.259498,144.3,14.386735,2.4,5.3
1671358917.523000,45.387779,6.539096,2263.588543,138.2,15.501356,2.5,5.7
1671358918.537000,45.387670,6.539234,2258.064640,124.9,15.643845,2.4,6.0
1671358919.524000,45.387587,6.539402,2252.518653,118.0,16.130447,2.4,6.0
1671358920.516000,45.387513,6.539592,2246.561748,122.0,16.520014,2.4,6.0
1671358921.530000,45.387425,6.539778,2245.107352,134.8,16.709158,2.4,6.0
1671358922.525000,45.387305,6.539914,2242.464014,142.7,16.570517,2.5,6.0
1671358923.520000,45.387178,6.540040,2239.147215,141.0,17.269367,2.5,6.0
1671358924.536000,45.387056,6.540181,2233.346405,137.2,16.750584,2.5,6.0
1671358925.516000,45.386948,6.540330,2226.972504,129.1,16.641256,2.4,6.0
1671358926.517000,45.386853,6.540495,2225.436651,127.0,15.954569,2.5,6.0
1671358927.518000,45.386768,6.540660,2225.389509,125.1,15.371458,2.4,6.0
1671358928.529000,45.386695,6.540820,2223.463679,116.2,14.133728,2.4,6.0
1671358929.515000,45.386652,6.540988,2219.567517,110.1,13.832802,2.4,6.0
1671358930.511000,45.386623,6.541159,2217.655859,104.6,13.222615,2.4,6.0
1671358931.520000,45.386607,6.541328,2217.034841,99.0,12.591763,2.4,5.6
1671358932.514000,45.386595,6.541488,2216.008331,99.0,12.118876,2.4,5.3
1671358933.518000,45.386580,6.541644,2215.711967,103.0,11.321152,2.4,5.0
1671358934.541000,45.386553,6.541787,2215.809824,107.0,11.191857,2.4,4.4
1671358935.519000,45.386519,6.541916,2215.614406,110.9,10.739884,2.4,4.0
1671358936.549000,45.386477,6.542040,2214.607969,116.0,10.391224,2.4,4.0
1671358938.526000,45.386422,6.542264,2211.570901,99.8,8.791057,2.4,4.0
1671358940.521000,45.386448,6.542434,2206.865691,73.1,6.301499,2.5,4.0
1671358942.522000,45.386442,6.542614,2203.731490,94.2,7.852614,2.5,4.0
1671358944.521000,45.386350,6.542816,2198.060687,110.4,10.684549,2.4,4.0
1671358945.541000,45.386316,6.542952,2195.192490,109.7,12.392578,2.4,4.4
1671358946.515000,45.386276,6.543104,2191.490640,122.4,13.333332,2.4,4.7
1671358947.521000,45.386208,6.543258,2188.334095,118.3,14.460343,2.4,5.0
1671358948.519000,45.386139,6.543432,2184.186284,113.2,16.022591,2.5,5.6
1671358949.520000,45.386074,6.543634,2178.511527,120.8,18.452913,2.4,6.4
1671358950.515000,45.385985,6.543844,2169.276861,112.7,19.570644,2.4,6.7
1671358951.500000,45.385915,6.544077,2160.811186,109.0,21.218504,2.4,7.0
1671358952.538000,45.385855,6.544344,2152.807234,116.8,20.587570,2.5,7.6
1671358953.541000,45.385772,6.544579,2151.011925,123.9,19.893166,2.5,8.0
1671358954.531000,45.385677,6.544795,2149.057734,119.4,18.492331,2.5,8.0
1671358955.541000,45.385606,6.545013,2142.357483,109.3,17.681192,2.4,8.0
1671358956.534000,45.385576,6.545235,2138.902064,100.1,17.526783,2.5,8.0
1671358957.556000,45.385562,6.545468,2135.698674,106.5,16.776047,2.4,8.0
1671358958.542000,45.385500,6.545667,2133.132897,124.2,16.730366,2.4,8.0
1671358959.522000,45.385417,6.545834,2129.137050,111.1,15.628087,2.4,8.0
1671358960.514000,45.385375,6.546016,2123.871332,92.4,16.002150,2.4,8.0
1671358961.532000,45.385378,6.546232,2121.722599,99.8,16.189663,2.4,8.0
1671358962.549000,45.385356,6.546428,2119.453797,109.4,14.912851,2.4,8.0
1671358963.538000,45.385297,6.546605,2111.151449,113.9,16.536646,2.4,8.0
1671358964.517000,45.385224,6.546798,2105.342961,111.6,16.808203,2.4,8.0
1671358965.519000,45.385171,6.547009,2099.422928,109.0,19.220545,2.4,8.0
1671358966.526000,45.385119,6.547245,2094.735407,112.8,20.184753,2.4,8.0
1671358967.515000,45.385060,6.547480,2089.834784,99.8,19.395487,2.5,8.0
1671358968.520000,45.385057,6.547732,2083.340947,90.0,18.096182,2.5,8.0
1671358969.529000,45.385099,6.547964,2080.120187,86.9,17.208164,2.5,8.0
1671358970.525000,45.385122,6.548176,2076.245372,92.3,14.055502,2.6,8.0
1671358971.511000,45.385105,6.548345,2071.391918,105.4,12.176482,2.5,8.0
1671358972.530000,45.385078,6.548496,2070.902989,97.1,11.444104,2.5,8.0
1671358973.525000,45.385068,6.548639,2070.142647,97.2,10.811922,2.4,8.0
1671358974.511000,45.385092,6.548765,2066.626703,70.1,10.049605,2.4,8.0
1671358975.526000,45.385136,6.548888,2064.736606,72.0,11.498414,2.4,8.0
1671358976.537000,45.385170,6.549021,2063.807833,91.6,11.076748,2.5,8.0
1671358977.530000,45.385149,6.549163,2061.166922,99.9,12.276393,2.5,7.6
1671358978.517000,45.385124,6.549319,2060.217440,96.0,13.301761,2.4,7.3
1671358979.529000,45.385111,6.549492,2058.555116,78.8,15.305873,2.5,7.2
1671358980.530000,45.385150,6.549697,2048.801524,73.1,16.994776,2.5,7.2
1671358981.520000,45.385207,6.549916,2045.765867,71.3,17.599815,2.5,7.3
1671358982.529000,45.385267,6.550136,2043.665479,79.8,17.804487,2.5,7.3
1671358983.522000,45.385298,6.550366,2038.955558,87.3,18.884132,2.5,8.0
1671358984.510000,45.385301,6.550600,2033.977478,95.1,15.919915,2.5,8.0
1671358985.530000,45.385277,6.550798,2032.686060,99.9,15.878515,2.5,8.0
1671358986.537000,45.385241,6.550987,2030.581365,102.0,14.599899,2.5,8.0
1671358987.526000,45.385203,6.551161,2028.955282,105.9,14.913698,2.5,8.0
1671358988.532000,45.385153,6.551341,2026.306146,107.0,14.320257,2.5,7.6
1671358989.538000,45.385111,6.551512,2025.362961,108.0,13.915090,2.4,7.2
1671358990.531000,45.385071,6.551677,2024.300224,108.0,13.850208,2.4,6.8
1671358991.532000,45.385032,6.551837,2021.253528,109.0,13.257923,2.5,6.7
1671358992.503000,45.384991,6.551986,2019.149024,111.0,12.325229,2.5,6.0
1671358993.515000,45.384950,6.552118,2018.024447,113.0,10.692635,2.5,5.3
1671358995.511000,45.384874,6.552334,2018.261285,118.0,9.025889,2.5,4.7
1671358997.513000,45.384789,6.552491,2017.338908,135.0,7.203149,2.5,4.0
1671358999.514000,45.384698,6.552588,2015.840060,139.0,6.159614,2.5,4.0
1671359001.532000,45.384627,6.552692,2014.753282,129.0,5.510364,2.5,4.0
1671359003.531000,45.384574,6.552805,2014.469677,124.0,5.131292,2.4,4.0
1671359006.517000,45.384505,6.552937,2014.235233,127.0,3.893609,2.5,4.0
1671359009.528000,45.384440,6.553057,2013.003308,120.0,5.259492,2.6,4.6
1671359011.519000,45.384387,6.553180,2012.674767,120.1,4.796082,2.5,5.3
1671359014.013000,45.384326,6.553286,2011.145191,137.2,4.980525,2.5,7.6
1671359016.334000,45.384281,6.553416,2009.597818,127.0,4.368990,2.5,9.6
1671359019.214000,45.384234,6.553575,2011.791524,121.7,4.016989,2.5,9.1
1671359023.334000,45.384206,6.553697,2009.087329,96.7,0.820124,2.5,7.8
1671359044.433000,45.384165,6.553816,2008.377957,-1.0,0.018208,2.5,4.4
1671359060.994000,45.384060,6.553884,2007.543365,191.0,3.164240,2.5,6.7
1671359062.770000,45.383969,6.553871,2007.022492,191.9,3.894615,2.5,8.6
1671359064.355000,45.383879,6.553846,2008.516968,191.1,4.051339,2.5,9.8
1671359067.233000,45.383744,6.553794,2009.280843,193.3,4.266922,2.8,9.9
1671359070.233000,45.383627,6.553760,2013.269011,193.0,4.213241,2.6,7.8
1671359072.993000,45.383527,6.553733,2017.783873,191.3,4.280300,2.9,6.9
1671359076.472000,45.383400,6.553695,2021.337798,191.3,4.435958,2.5,7.9
1671359079.472000,45.383286,6.553659,2024.116143,190.3,4.396955,2.6,9.3
1671359082.393000,45.383168,6.553617,2025.514471,193.3,4.182249,2.6,8.3
1671359085.271000,45.383052,6.553580,2027.582249,191.8,4.153183,2.5,7.0
1671359088.517000,45.382945,6.553540,2029.853166,192.0,4.180045,2.9,7.9
1671359091.522000,45.382834,6.553509,2030.312521,192.0,4.325644,2.6,7.4
1671359094.527000,45.382716,6.553470,2032.859844,192.0,4.160017,2.5,6.0
1671359097.524000,45.382599,6.553433,2036.475788,192.0,4.096939,2.6,6.0
1671359100.526000,45.382489,6.553399,2039.031189,190.0,4.466540,2.6,6.0
1671359103.524000,45.382369,6.553363,2038.520444,190.0,4.463635,2.6,5.1
1671359106.513000,45.382257,6.553331,2038.632346,193.0,4.383605,2.9,4.0
1671359109.527000,45.382140,6.553297,2038.249293,193.0,4.420771,2.5,4.0
1671359112.516000,45.382020,6.553262,2038.470510,190.0,4.358582,2.6,4.0
1671359115.526000,45.381902,6.553225,2036.868779,190.0,4.408950,2.5,4.0
1671359118.532000,45.381784,6.553189,2037.283598,192.0,4.434275,2.6,4.0
1671359121.527000,45.381678,6.553156,2038.273844,194.0,4.360162,2.5,4.0
1671359124.525000,45.381554,6.553121,2039.723219,192.0,4.434478,2.5,4.0
1671359127.520000,45.381434,6.553086,2040.979358,190.0,4.384768,2.5,4.0
1671359130.510000,45.381320,6.553052,2041.414277,190.0,4.315304,2.5,4.0
1671359133.511000,45.381205,6.553019,2043.264575,190.0,4.410446,2.6,4.0
1671359136.514000,45.381089,6.552985,2044.480082,192.0,4.335222,2.5,4.0
1671359139.518000,45.380977,6.552950,2047.153621,192.0,4.237112,2.6,5.2
1671359142.526000,45.380861,6.552916,2049.769528,192.0,4.361898,2.5,5.2
1671359145.527000,45.380746,6.552881,2052.787322,191.0,4.311387,2.6,4.0
1671359148.507000,45.380629,6.552845,2054.952441,192.0,4.277677,2.6,4.3
1671359151.520000,45.380515,6.552806,2059.121947,192.0,4.318079,2.6,4.3
1671359154.506000,45.380400,6.552771,2062.803732,192.0,4.301238,2.4,4.0
1671359157.532000,45.380288,6.552737,2064.360444,191.0,4.312084,2.5,4.0
1671359160.535000,45.380174,6.552702,2067.595521,191.0,4.315369,2.5,4.0
1671359163.528000,45.380061,6.552668,2068.393390,190.0,4.230203,2.4,4.0
1671359166.525000,45.379948,6.552633,2071.810758,191.0,4.260282,2.5,4.0
1671359169.531000,45.379836,6.552598,2075.006965,193.0,4.278148,2.5,4.4
1671359172.516000,45.379720,6.552564,2077.855317,192.0,4.232531,2.4,4.3
1671359175.521000,45.379606,6.552530,2079.912797,191.0,4.314021,2.7,4.0
1671359178.530000,45.379490,6.552494,2080.841505,191.0,4.401044,2.6,4.0
1671359181.515000,45.379376,6.552458,2085.411960,192.0,4.267131,2.5,4.7
1671359184.537000,45.379255,6.552422,2087.538316,191.0,4.306042,2.4,4.3
1671359187.519000,45.379147,6.552389,2089.955034,192.0,4.268852,2.4,4.9
1671359190.514000,45.379035,6.552355,2093.584128,192.0,4.165139,2.5,5.4
1671359193.510000,45.378943,6.552326,2096.927304,191.0,4.240695,2.4,4.0
1671359195.505000,45.378853,6.552298,2099.199664,192.0,4.272564,2.4,4.0
1671359198.502000,45.378741,6.552264,2103.152259,192.0,4.013436,2.5,4.0
1671359218.521000,45.378684,6.552245,2109.269985,-1.0,0.000000,2.5,4.0
1671359218.521000,45.378684,6.552245,2109.269985,-1.0,0.000000,2.5,4.0
1671359250.526000,45.378654,6.552229,2109.809000,193.5,0.825193,2.4,6.4
1671359257.523000,45.378562,6.552194,2114.485332,189.2,1.241017,2.5,6.3
1671359265.528000,45.378465,6.552166,2119.094099,192.0,1.139423,2.5,6.4
1671359273.525000,45.378370,6.552132,2125.153634,191.9,1.381354,2.4,6.0
1671359279.512000,45.378264,6.552097,2131.689348,191.8,2.077004,2.4,6.7
1671359283.535000,45.378169,6.552066,2137.396792,191.0,2.547493,2.4,6.0
1671359287.510000,45.378058,6.552032,2144.163256,191.1,3.153446,2.5,6.0
1671359291.546000,45.377926,6.551988,2153.100253,191.9,3.607457,2.5,6.7
1671359295.529000,45.377820,6.551955,2161.608864,191.1,3.401144,2.4,6.0
1671359298.523000,45.377717,6.551924,2170.322309,191.0,3.681760,2.4,6.0
1671359301.555000,45.377613,6.551892,2177.657485,191.9,3.560743,2.4,5.0
1671359305.510000,45.377508,6.551866,2188.647090,191.9,3.484373,2.4,4.7
1671359309.525000,45.377394,6.551838,2197.981131,192.0,3.456826,2.4,6.9
1671359312.535000,45.377300,6.551815,2208.169848,190.9,3.414556,2.4,5.5
1671359315.515000,45.377206,6.551787,2216.752925,190.0,3.542183,2.4,4.0
1671359318.523000,45.377097,6.551756,2222.970819,190.0,3.677594,2.4,2.8
1671359321.540000,45.376979,6.551724,2226.886824,191.0,3.749508,2.4,3.6
1671359324.528000,45.376886,6.551702,2232.512677,191.8,3.798195,2.4,3.9
1671359327.506000,45.376778,6.551670,2239.040909,191.0,3.844232,2.4,3.9
1671359330.506000,45.376680,6.551647,2245.437716,191.0,3.867215,2.5,3.8
1671359333.517000,45.376577,6.551619,2251.253852,193.0,3.907646,2.4,3.1
1671359336.524000,45.376468,6.551586,2256.415609,192.0,3.978808,2.4,3.3
1671359339.527000,45.376361,6.551559,2259.972077,193.0,4.009110,2.4,3.7
1671359342.525000,45.376253,6.551535,2265.914670,192.0,4.044204,2.4,3.8
1671359345.524000,45.376144,6.551512,2269.876963,191.0,4.054422,2.4,3.7
1671359348.538000,45.376035,6.551486,2274.996906,191.0,4.050457,2.4,3.4
1671359351.518000,45.375928,6.551460,2279.110508,192.0,4.052155,2.4,3.2
1671359354.509000,45.375830,6.551431,2284.605779,192.0,4.042364,2.5,3.1
1671359357.561000,45.375694,6.551391,2290.764784,192.0,4.113751,2.4,3.1
1671359360.537000,45.375591,6.551364,2292.650030,191.0,4.190247,2.4,3.0
1671359363.530000,45.375478,6.551331,2295.359154,192.0,4.218633,2.4,3.0
1671359366.535000,45.375366,6.551295,2297.876841,191.0,4.242719,2.4,3.1
1671359369.542000,45.375252,6.551262,2301.211112,192.0,4.261049,2.4,2.8
1671359372.521000,45.375139,6.551229,2303.490000,192.0,4.263594,2.4,3.3
1671359375.532000,45.375026,6.551194,2306.465765,191.0,4.260114,2.4,2.7
1671359378.555000,45.374912,6.551160,2309.489436,191.0,4.260639,2.4,2.5
1671359381.529000,45.374801,6.551126,2312.840987,191.0,4.251006,2.4,2.9
1671359384.523000,45.374700,6.551095,2320.275745,192.0,4.227282,2.4,3.9
1671359387.529000,45.374577,6.551058,2322.197120,192.0,4.260283,2.5,3.6
1671359390.530000,45.374460,6.551025,2323.121336,192.0,4.293671,2.4,3.3
1671359393.544000,45.374350,6.550994,2324.325054,191.0,4.329859,2.4,3.2
1671359396.504000,45.374230,6.550958,2324.948110,190.0,4.350369,2.4,2.9
1671359399.516000,45.374122,6.550928,2325.953970,190.0,4.284651,2.4,3.1
1671359404.534000,45.374029,6.550907,2326.084783,188.3,3.270178,2.4,3.5
1671359422.536000,45.373928,6.550895,2325.871016,210.8,1.344540,2.4,4.0
1671359428.510000,45.373865,6.550796,2324.466350,245.6,1.549286,2.4,4.0
1671359431.543000,45.373844,6.550660,2322.476480,261.9,2.148613,2.4,3.5
1671359434.522000,45.373872,6.550456,2315.882116,311.8,3.569363,2.4,3.7
1671359436.530000,45.374010,6.550378,2314.534339,355.8,7.752258,2.4,4.4
1671359438.536000,45.374166,6.550366,2314.433913,357.0,7.637725,2.4,5.7
1671359440.547000,45.374315,6.550363,2315.715916,358.0,7.634699,2.4,6.0
1671359442.541000,45.374468,6.550369,2313.542456,1.0,8.169451,2.4,5.7
1671359444.546000,45.374625,6.550396,2311.993492,9.4,8.463079,2.5,4.8
1671359446.547000,45.374788,6.550457,2310.138831,15.0,9.808376,2.4,4.0
1671359447.546000,45.374880,6.550494,2308.294307,13.2,10.702374,2.4,4.0
1671359448.536000,45.374982,6.550527,2306.733314,11.1,11.990026,2.4,4.0
1671359449.544000,45.375097,6.550557,2304.813437,9.1,13.193699,2.4,4.3
1671359450.517000,45.375221,6.550582,2300.817128,6.2,14.283881,2.4,4.7
1671359451.546000,45.375360,6.550599,2295.287810,4.2,14.809434,2.4,5.0
1671359452.555000,45.375496,6.550610,2291.668292,2.2,14.245018,2.4,5.6
1671359453.512000,45.375621,6.550612,2291.312239,0.8,13.596786,2.4,5.3
1671359454.529000,45.375742,6.550605,2290.658368,356.4,12.805040,2.4,5.3
1671359455.523000,45.375851,6.550587,2289.312915,353.3,11.993950,2.4,4.8
1671359456.526000,45.375951,6.550563,2288.677032,351.1,10.912747,2.4,4.7
1671359457.532000,45.376041,6.550540,2288.393668,349.2,9.983435,2.4,4.3
1671359459.548000,45.376195,6.550490,2288.594257,347.0,8.234770,2.4,4.0
1671359461.535000,45.376322,6.550440,2288.157620,342.4,7.040834,2.4,4.4
1671359463.517000,45.376433,6.550385,2287.871822,342.0,6.543583,2.4,5.0
1671359465.525000,45.376542,6.550332,2287.364115,342.0,6.529672,2.4,6.0
1671359467.547000,45.376653,6.550278,2286.591446,342.0,7.105515,2.4,6.0
1671359469.538000,45.376791,6.550214,2285.227840,340.1,9.353080,2.5,5.6
1671359470.545000,45.376879,6.550164,2283.895507,336.5,10.859404,2.4,5.2
1671359471.541000,45.376975,6.550097,2280.317937,334.2,11.570959,2.4,5.2
1671359472.534000,45.377076,6.550012,2276.703364,329.2,13.040636,2.4,5.3
1671359473.546000,45.377187,6.549926,2274.460420,331.0,13.511124,2.4,5.2
1671359474.533000,45.377312,6.549874,2271.794046,345.4,14.493288,2.5,5.3
1671359475.543000,45.377446,6.549841,2268.162964,346.8,14.052239,2.4,5.3
1671359476.536000,45.377564,6.549794,2266.007201,346.1,13.716638,2.4,5.3
1671359477.516000,45.377669,6.549734,2264.266598,335.1,12.024534,2.4,5.0
1671359478.537000,45.377768,6.549654,2257.675680,344.7,13.936265,2.4,4.7
1671359479.535000,45.377886,6.549613,2255.592684,357.7,14.475648,2.4,4.4
1671359480.537000,45.378016,6.549606,2251.723311,351.6,14.974006,2.4,4.7
1671359481.545000,45.378156,6.549571,2246.684479,338.6,16.888367,2.4,5.2
1671359482.522000,45.378298,6.549490,2241.633807,333.1,17.650270,2.5,5.6
1671359483.530000,45.378442,6.549391,2237.713498,333.0,16.310146,2.6,5.7
1671359484.520000,45.378559,6.549298,2236.238920,330.0,13.925080,2.4,6.0
1671359485.529000,45.378667,6.549221,2235.272920,336.7,13.558234,2.4,6.0
1671359486.552000,45.378780,6.549156,2234.276876,341.0,14.520511,2.4,6.0
1671359487.537000,45.378905,6.549094,2232.405298,329.4,14.885203,2.4,6.0
1671359488.514000,45.379025,6.548992,2227.150048,330.0,15.749187,2.4,6.0
1671359489.516000,45.379154,6.548888,2224.363114,339.1,16.377544,2.4,6.0
1671359490.512000,45.379288,6.548828,2219.080068,355.0,14.836472,2.5,6.0
1671359491.526000,45.379424,6.548825,2217.996757,4.8,14.544718,2.4,6.3
1671359492.527000,45.379554,6.548851,2213.706721,357.0,13.061498,2.4,6.7
1671359493.518000,45.379670,6.548833,2211.315933,338.2,11.903664,2.4,7.2
1671359494.524000,45.379758,6.548761,2209.412859,323.4,11.153643,2.4,7.6
1671359495.528000,45.379830,6.548655,2205.901688,319.0,12.406348,2.4,7.6
1671359496.522000,45.379911,6.548549,2202.398991,340.3,12.203841,2.4,7.3
1671359497.520000,45.380016,6.548498,2201.818196,14.1,12.402351,2.4,7.0
1671359498.518000,45.380130,6.548540,2197.284941,18.0,14.507550,2.6,6.4
1671359499.523000,45.380253,6.548599,2194.520128,10.6,14.406578,2.5,6.7
1671359500.527000,45.380380,6.548632,2188.912701,345.5,14.749640,2.5,6.7
1671359501.528000,45.380506,6.548575,2185.208822,337.1,15.366338,2.5,7.2
1671359502.526000,45.380636,6.548495,2180.164541,336.0,15.477263,2.4,7.6
1671359503.507000,45.380761,6.548416,2177.805154,336.0,14.517570,2.5,7.3
1671359504.520000,45.380883,6.548342,2176.182113,335.0,15.024343,2.5,7.3
1671359505.515000,45.381009,6.548260,2173.796992,342.3,16.323767,2.6,7.0
1671359506.526000,45.381156,6.548208,2168.825554,358.3,17.506262,2.5,6.7
1671359507.520000,45.381315,6.548212,2163.789147,4.8,16.009422,2.4,6.7
1671359508.514000,45.381457,6.548261,2158.760600,7.0,15.203689,2.4,6.8
1671359509.524000,45.381592,6.548305,2155.775998,353.5,13.426764,2.4,7.2
1671359510.519000,45.381711,6.548301,2152.518007,2.5,13.659263,2.5,7.6
1671359511.538000,45.381840,6.548324,2151.982205,11.4,14.616827,2.6,8.0
1671359512.545000,45.381972,6.548383,2145.541316,15.8,15.532140,2.4,8.0
1671359513.530000,45.382108,6.548453,2141.572778,31.8,16.105885,2.5,8.0
1671359514.530000,45.382228,6.548572,2135.976965,39.1,15.080696,2.4,8.0
1671359515.518000,45.382319,6.548695,2128.446847,40.0,12.510385,2.4,8.0
1671359516.520000,45.382396,6.548800,2125.644610,19.6,11.599280,2.4,8.0
1671359517.524000,45.382489,6.548852,2120.344023,11.4,11.537350,2.4,8.0
1671359518.524000,45.382592,6.548880,2113.268513,17.4,12.916775,2.4,8.0
1671359519.517000,45.382695,6.548928,2109.112046,33.5,11.729673,2.4,8.0
1671359520.519000,45.382770,6.549008,2102.899735,49.0,10.452169,2.4,8.0
1671359522.523000,45.382836,6.549213,2098.149806,60.7,8.737718,2.4,8.0
1671359524.522000,45.382942,6.549377,2089.902651,15.2,10.029467,2.4,8.0
1671359526.527000,45.383090,6.549487,2082.576795,39.5,9.468822,2.4,8.0
1671359527.528000,45.383152,6.549596,2080.962394,49.3,11.210347,2.4,8.8
1671359528.504000,45.383221,6.549705,2077.303244,46.4,12.159192,2.5,9.3
1671359529.517000,45.383310,6.549851,2069.600987,48.5,14.548816,2.4,10.0
1671359530.501000,45.383407,6.550032,2064.936857,55.2,17.773455,2.4,10.7
1671359531.512000,45.383503,6.550229,2058.604397,56.5,18.147207,2.5,11.3
1671359532.517000,45.383595,6.550456,2053.331792,56.1,18.166445,2.5,12.0
1671359533.525000,45.383701,6.550653,2047.174068,48.0,17.205822,2.4,12.0
1671359534.513000,45.383813,6.550829,2040.053704,46.1,17.326275,2.5,12.0
1671359535.513000,45.383934,6.550964,2037.693769,40.5,15.922912,2.4,12.0
1671359536.517000,45.384050,6.551108,2034.300429,41.7,15.939507,2.4,12.0
1671359537.521000,45.384152,6.551260,2033.594305,42.7,15.981668,2.5,12.0
1671359538.535000,45.384203,6.551460,2030.555432,51.4,16.240406,2.4,11.2
1671359539.545000,45.384180,6.551622,2027.578840,83.5,11.251102,2.5,10.4
1671359540.537000,45.384184,6.551769,2025.305230,82.1,10.333376,2.4,9.6
1671359541.553000,45.384214,6.551898,2022.751874,64.1,10.275608,2.4,8.4
1671359542.547000,45.384266,6.552013,2018.057013,60.4,10.933806,2.5,7.2
1671359543.527000,45.384312,6.552130,2013.997288,62.7,10.919738,2.4,7.3
1671359545.537000,45.384326,6.552358,2009.921372,92.6,8.669451,2.4,6.8
1671359547.523000,45.384316,6.552586,2007.030681,83.2,9.158959,2.4,6.7
1671359549.543000,45.384366,6.552792,2002.505023,68.0,7.049370,2.4,6.3
1671359551.549000,45.384391,6.552916,2000.683625,90.1,4.123373,2.4,6.0
1671359554.515000,45.384354,6.553050,2001.538547,104.1,3.581684,2.4,5.4
1671359557.503000,45.384332,6.553178,2003.007490,101.0,4.038819,2.4,5.1
1671359560.525000,45.384302,6.553333,2001.619457,113.5,4.538518,2.5,6.0
1671359563.523000,45.384237,6.553490,2000.717896,124.0,3.675639,2.4,6.0
1671359566.083000,45.384206,6.553622,1999.380074,98.8,3.452926,2.4,8.4
1671359586.482000,45.384180,6.553738,2000.130525,-1.0,0.000000,2.4,4.5
1671359586.482000,45.384180,6.553738,2000.130525,-1.0,0.000000,2.4,4.5
1671359587.083000,45.384181,6.553746,1999.958897,-1.0,0.000917,2.4,4.5
1671359611.003000,45.384086,6.553840,1997.148534,197.1,3.210832,2.5,7.1
1671359612.684000,45.383964,6.553838,1997.239941,193.1,4.302933,2.4,9.4
1671359614.483000,45.383864,6.553826,2000.771347,191.1,4.124758,2.5,11.1
1671359616.205000,45.383768,6.553798,2003.649781,191.4,4.399112,2.4,9.4
1671359619.083000,45.383646,6.553768,2007.171662,190.6,4.325864,2.5,7.5
1671359622.364000,45.383535,6.553736,2011.511204,189.9,4.206232,2.5,7.1
1671359625.242000,45.383426,6.553701,2015.190132,191.6,4.214390,2.4,7.5
1671359628.242000,45.383316,6.553664,2019.433947,192.4,4.207022,2.5,9.2
1671359631.242000,45.383198,6.553629,2018.416698,192.8,4.248089,2.4,8.7
1671359634.241000,45.383076,6.553594,2022.087552,191.7,4.312149,2.5,7.0
1671359637.242000,45.382963,6.553562,2022.427998,190.9,4.290394,2.4,6.9
1671359640.162000,45.382848,6.553525,2024.604199,192.0,4.362761,2.4,7.1
1671359643.533000,45.382733,6.553494,2027.838235,191.0,4.125942,2.4,6.5
1671359646.521000,45.382619,6.553460,2031.743690,193.0,4.170275,2.4,5.0
1671359649.521000,45.382503,6.553425,2034.455522,191.9,4.554172,2.5,4.0
1671359652.521000,45.382387,6.553389,2034.635730,191.0,4.449965,2.4,4.0
1671359655.527000,45.382275,6.553354,2035.946702,191.0,4.388900,2.4,4.0
1671359658.530000,45.382157,6.553318,2034.110531,191.0,4.368935,2.6,4.0
1671359661.529000,45.382039,6.553287,2033.841669,191.0,4.443899,2.4,4.0
1671359664.521000,45.381924,6.553254,2035.738992,191.0,4.407407,2.5,4.0
1671359667.519000,45.381805,6.553217,2034.302328,191.0,4.439688,2.5,4.0
1671359670.525000,45.381697,6.553186,2034.680784,191.0,4.440619,2.4,4.0
1671359673.199000,45.381575,6.553150,2036.602398,191.1,4.344190,2.4,5.5
1671359676.077000,45.381462,6.553112,2037.426310,192.2,4.353849,2.4,7.1
1671359679.078000,45.381351,6.553081,2038.393776,192.0,4.379457,2.5,7.2
1671359682.078000,45.381234,6.553048,2040.302088,191.5,4.336380,2.4,7.1
1671359685.077000,45.381117,6.553013,2044.088294,191.4,4.366259,2.5,7.0
1671359688.076000,45.381002,6.552979,2044.077836,191.3,4.319670,2.4,7.1
1671359691.075000,45.380890,6.552947,2048.178790,191.4,4.285422,2.5,7.1
1671359694.522000,45.380766,6.552908,2050.621169,192.0,4.341931,2.6,5.3
1671359697.511000,45.380653,6.552874,2053.945516,192.0,4.212139,2.6,4.0
1671359700.528000,45.380538,6.552841,2056.424570,190.0,4.240700,2.4,4.0
1671359703.514000,45.380428,6.552808,2060.210073,191.0,4.372335,2.4,4.0
1671359706.526000,45.380309,6.552771,2061.575709,191.0,4.350434,2.4,4.0
1671359709.528000,45.380194,6.552735,2063.843550,192.0,4.372846,2.4,4.0
1671359712.527000,45.380080,6.552700,2067.647212,192.0,4.259472,2.4,4.0
1671359715.514000,45.379970,6.552664,2071.067857,192.0,4.319293,2.5,4.0
1671359718.536000,45.379857,6.552629,2072.542049,191.0,4.291367,2.4,4.0
1671359721.526000,45.379745,6.552595,2075.309486,191.0,4.225991,2.4,4.0
1671359724.533000,45.379628,6.552560,2077.032077,191.0,4.357606,2.4,4.0
1671359727.516000,45.379512,6.552524,2080.095572,192.0,4.484097,2.4,4.0
1671359730.545000,45.379398,6.552488,2082.679290,192.0,4.259664,2.4,4.0
1671359733.508000,45.379286,6.552454,2085.085906,192.0,4.335328,2.4,4.0
1671359736.518000,45.379172,6.552418,2087.619961,191.0,4.335245,2.4,4.0
1671359739.530000,45.379060,6.552385,2090.763619,191.0,4.232773,2.4,4.0
1671359742.529000,45.378957,6.552349,2093.816837,195.6,4.196168,2.4,4.0
1671359745.473000,45.378842,6.552312,2097.036362,191.8,4.367231,2.4,4.9
1671359748.473000,45.378730,6.552277,2100.871450,192.0,4.235827,2.4,6.5
1671359750.752000,45.378638,6.552250,2103.657386,191.4,4.169030,2.4,6.9
1671359753.632000,45.378548,6.552221,2109.497705,192.7,3.964178,2.4,7.0
1671359756.031000,45.378456,6.552194,2116.313048,191.5,3.739738,2.4,7.0
1671359759.029000,45.378366,6.552168,2121.702520,191.5,3.843919,2.4,7.1
1671359762.028000,45.378254,6.552134,2129.953544,191.5,3.837820,2.4,7.2
1671359765.430000,45.378152,6.552103,2137.518397,191.9,3.678552,2.4,7.2
1671359768.429000,45.378057,6.552072,2144.259346,192.0,3.730890,2.4,7.2
1671359771.350000,45.377957,6.552043,2151.679614,191.3,3.847993,2.4,7.3
1671359774.516000,45.377861,6.552015,2159.740425,191.0,3.749635,2.4,5.7
1671359777.529000,45.377764,6.551986,2166.752789,191.0,3.549710,2.4,4.8
1671359780.540000,45.377667,6.551957,2174.139953,192.0,3.354387,2.4,5.6
1671359783.523000,45.377576,6.551930,2182.778753,192.0,3.589767,2.4,4.7
1671359786.515000,45.377483,6.551902,2192.006339,190.0,3.636238,2.4,4.0
1671359789.527000,45.377389,6.551872,2200.271993,190.0,3.382668,2.4,4.0
1671359792.528000,45.377300,6.551850,2208.879998,191.6,3.498177,2.4,4.3
1671359795.517000,45.377188,6.551816,2216.510722,192.9,3.839162,2.4,5.1
1671359798.508000,45.377075,6.551779,2222.062358,191.0,4.010263,2.4,5.1
1671359801.504000,45.376974,6.551749,2226.425387,191.0,4.142042,2.4,4.0
1671359804.508000,45.376871,6.551719,2231.936611,192.0,4.156606,2.4,4.0
1671359807.518000,45.376768,6.551691,2238.164101,193.0,4.009903,2.4,4.0
1671359810.528000,45.376664,6.551662,2243.778579,193.0,3.909329,2.4,4.0
1671359813.528000,45.376560,6.551629,2249.987768,192.0,4.372387,2.4,4.0
1671359816.520000,45.376449,6.551596,2256.213460,190.0,4.228674,2.4,4.0
1671359819.538000,45.376339,6.551564,2260.011368,191.0,4.121327,2.4,4.0
1671359822.523000,45.376230,6.551532,2265.142379,192.0,4.044235,2.4,4.0
1671359825.530000,45.376123,6.551500,2270.730616,192.0,4.068049,2.4,4.0
1671359828.521000,45.376015,6.551468,2273.455928,190.0,4.056927,2.4,4.0
1671359831.512000,45.375908,6.551436,2279.599163,190.0,3.999831,2.4,4.0
1671359834.527000,45.375816,6.551409,2285.412456,191.6,4.230003,2.4,4.0
1671359836.531000,45.375728,6.551384,2287.377317,192.0,4.249036,2.4,4.0
1671359839.510000,45.375610,6.551347,2290.757487,191.0,4.362057,2.4,4.0
1671359842.523000,45.375497,6.551313,2293.418589,192.0,4.412861,2.4,4.0
1671359845.533000,45.375384,6.551279,2295.682992,192.0,4.431977,2.4,4.0
1671359848.530000,45.375271,6.551246,2300.263397,192.0,4.238578,2.4,4.0
1671359851.521000,45.375160,6.551213,2301.917108,191.0,4.199902,2.4,4.0
1671359854.527000,45.375048,6.551180,2306.059838,191.0,4.216793,2.4,3.8
1671359857.531000,45.374932,6.551150,2309.954953,191.0,4.246243,2.4,3.8
1671359860.527000,45.374818,6.551121,2312.867728,192.0,4.250669,2.4,3.7
1671359863.529000,45.374712,6.551092,2316.433891,192.0,4.207713,2.4,3.9
1671359866.511000,45.374597,6.551054,2319.183821,191.0,4.225625,2.4,3.8
1671359869.524000,45.374481,6.551014,2320.671516,192.0,4.259341,2.4,3.6
1671359872.507000,45.374366,6.550979,2321.987378,192.0,4.279246,2.4,3.5
1671359875.533000,45.374249,6.550945,2323.117611,192.0,4.293942,2.4,3.5
1671359878.188000,45.374154,6.550912,2323.695586,191.7,4.307867,2.4,4.9
1671359881.046000,45.374052,6.550885,2324.204877,191.4,3.908842,2.4,6.6
1671359888.106000,45.373962,6.550801,2323.532841,222.4,3.015784,2.4,8.2
1671359891.026000,45.373882,6.550698,2322.282641,231.8,3.686392,2.4,6.5
1671359893.532000,45.373842,6.550541,2317.971279,298.0,4.203165,2.4,5.4
1671359895.522000,45.373932,6.550425,2314.605861,354.7,7.387450,2.4,5.4
1671359897.520000,45.374099,6.550404,2313.654834,7.9,7.802292,2.4,5.5
1671359899.521000,45.374254,6.550418,2312.775888,4.6,7.746840,2.4,6.7
1671359901.523000,45.374403,6.550411,2311.276575,0.0,7.693938,2.4,5.6
1671359903.532000,45.374552,6.550410,2310.439981,4.5,8.068379,2.4,4.8
1671359905.547000,45.374702,6.550446,2309.196377,13.7,8.613920,2.4,4.0
1671359907.517000,45.374868,6.550522,2305.982835,17.1,10.390637,2.4,4.0
1671359908.543000,45.374971,6.550568,2304.475734,16.8,11.657481,2.4,4.0
1671359909.532000,45.375082,6.550615,2301.890451,15.0,12.886896,2.4,4.0
1671359910.523000,45.375204,6.550662,2298.292818,15.0,13.884760,2.4,4.0
1671359911.514000,45.375327,6.550730,2295.398462,16.4,13.848220,2.4,4.0
1671359912.526000,45.375434,6.550849,2291.463525,38.4,14.170847,2.4,4.0
1671359913.529000,45.375529,6.550980,2289.576314,45.5,14.218708,2.4,4.0
1671359914.525000,45.375597,6.551130,2286.403914,51.8,14.972308,2.4,4.0
1671359915.524000,45.375599,6.551284,2286.927876,77.3,11.554122,2.4,4.0
1671359916.525000,45.375564,6.551426,2286.661114,95.7,10.161887,2.4,4.0
1671359917.540000,45.375508,6.551545,2284.919247,116.7,9.681671,2.4,4.0
1671359918.524000,45.375450,6.551647,2283.869782,121.9,9.532146,2.4,4.0
1671359920.526000,45.375337,6.551834,2280.862087,124.0,9.094706,2.4,4.0
1671359922.526000,45.375243,6.552020,2277.908455,123.0,8.386826,2.4,4.0
1671359936.508000,45.375196,6.552173,2275.229573,128.6,3.758654,2.4,4.0
1671359938.523000,45.375126,6.552281,2273.859978,136.1,6.158694,2.4,4.0
1671359940.516000,45.374999,6.552388,2270.986813,149.4,8.552677,2.4,4.0
1671359941.521000,45.374910,6.552428,2269.189044,160.6,10.206614,2.4,4.0
1671359942.515000,45.374815,6.552468,2264.920449,146.7,10.904428,2.4,4.0
1671359943.521000,45.374727,6.552550,2263.399817,137.1,12.121305,2.4,4.0
1671359944.522000,45.374645,6.552666,2257.522845,127.7,13.192580,2.4,4.4
1671359945.515000,45.374574,6.552824,2253.157266,119.6,15.580336,2.5,4.7
1671359946.520000,45.374504,6.553009,2249.107017,121.9,16.064449,2.5,5.0
1671359947.543000,45.374424,6.553191,2245.970318,123.3,16.152012,2.6,5.6
1671359948.543000,45.374325,6.553352,2242.639848,132.4,16.359503,2.4,6.0
1671359949.535000,45.374224,6.553506,2239.013697,127.7,16.280643,2.4,6.0
1671359950.537000,45.374137,6.553671,2235.205099,124.2,15.369636,2.4,6.0
1671359951.513000,45.374061,6.553829,2233.223337,125.0,14.280692,2.4,6.0
1671359952.537000,45.373985,6.553978,2231.792860,126.3,13.599366,2.4,5.7
1671359953.539000,45.373908,6.554104,2230.003201,132.1,12.473121,2.4,5.3
1671359954.542000,45.373834,6.554215,2227.902390,131.0,11.570798,2.4,4.8
1671359955.514000,45.373784,6.554341,2224.857795,118.6,11.884572,2.4,4.7
1671359956.525000,45.373749,6.554487,2221.221406,109.0,11.930369,2.4,4.0
1671359957.525000,45.373716,6.554638,2219.898500,119.8,12.156672,2.4,4.0
1671359958.502000,45.373663,6.554771,2218.904631,124.0,11.707406,2.4,4.3
1671359959.517000,45.373609,6.554880,2213.585957,124.1,8.766398,2.4,4.7
1671359961.516000,45.373549,6.555048,2206.111665,95.5,7.187640,2.4,5.3
1671359963.524000,45.373602,6.555210,2202.369472,49.2,8.275564,2.4,6.0
1671359965.513000,45.373671,6.555417,2196.189260,85.9,8.019580,2.4,6.0
1671359967.517000,45.373702,6.555646,2187.994803,62.6,11.937154,2.4,6.7
1671359968.523000,45.373760,6.555786,2182.546597,49.7,13.147080,2.4,7.0
1671359969.520000,45.373850,6.555917,2175.177912,49.0,14.785207,2.4,7.3
1671359970.515000,45.373939,6.556060,2170.845544,52.7,15.850027,2.4,8.8
1671359971.508000,45.374034,6.556219,2164.678340,43.6,16.631720,2.4,9.3
1671359972.517000,45.374140,6.556345,2155.508807,32.8,16.453613,2.4,9.6
1671359973.509000,45.374262,6.556430,2153.176634,12.5,14.978714,2.4,10.0
1671359974.542000,45.374393,6.556467,2149.275289,3.1,12.905936,2.4,11.2
1671359975.540000,45.374514,6.556471,2145.722841,8.0,14.047608,2.4,11.2
1671359976.520000,45.374650,6.556490,2144.811044,10.9,14.729225,2.4,11.2
1671359977.545000,45.374789,6.556523,2139.649443,1.1,15.041927,2.4,12.0
1671359978.536000,45.374926,6.556524,2133.648445,349.5,15.965977,2.4,12.0
1671359979.532000,45.375072,6.556486,2128.593956,354.9,16.684282,2.4,12.0
1671359980.533000,45.375237,6.556467,2126.328978,4.0,16.794804,2.4,12.0
1671359981.524000,45.375402,6.556482,2123.243270,358.0,15.439740,2.4,12.0
1671359982.514000,45.375545,6.556476,2119.618267,359.0,14.339084,2.4,12.0
1671359983.516000,45.375678,6.556476,2115.153754,360.0,14.150311,2.4,12.0
1671359984.513000,45.375807,6.556477,2112.366666,347.2,13.189488,2.4,12.0
1671359985.536000,45.375924,6.556443,2105.627638,352.4,12.689256,2.4,11.2
1671359986.511000,45.376034,6.556426,2101.641514,347.2,11.336564,2.4,10.7
1671359987.510000,45.376130,6.556410,2101.424401,29.4,10.180970,2.4,10.0
1671359988.522000,45.376218,6.556482,2097.025013,50.6,14.161620,2.4,9.6
1671359989.518000,45.376315,6.556633,2092.303964,52.0,16.444788,2.4,9.6
1671359990.529000,45.376416,6.556807,2085.584700,42.9,17.049793,2.4,10.0
1671359991.509000,45.376539,6.556957,2074.821079,37.2,18.602135,2.4,10.7
1671359992.511000,45.376672,6.557103,2066.970110,46.6,18.388367,2.4,14.4
1671359993.524000,45.376818,6.557262,2060.458545,65.8,16.382103,2.4,14.4
1671359994.515000,45.376915,6.557446,2057.764771,70.9,13.683864,2.4,14.0
1671359995.516000,45.376965,6.557626,2055.335292,60.2,13.919896,2.4,14.0
1671359996.525000,45.377036,6.557799,2048.809432,54.1,16.534462,2.4,15.2
1671359997.518000,45.377140,6.558010,2048.145019,54.0,17.538080,2.5,12.8
1671359998.525000,45.377248,6.558246,2040.970979,57.0,17.756596,2.4,12.8
1671359999.528000,45.377354,6.558468,2037.787855,68.1,16.980528,2.4,12.8
1671360000.508000,45.377429,6.558699,2033.840897,73.4,17.250870,2.4,12.0
1671360001.518000,45.377466,6.558926,2027.962982,73.9,16.676010,2.4,11.3
1671360002.492000,45.377512,6.559131,2026.377091,64.7,16.479002,2.4,10.0
1671360003.510000,45.377595,6.559309,2020.205688,64.0,15.197582,2.4,9.3
1671360004.502000,45.377657,6.559489,2016.926312,71.5,14.271233,2.4,8.7
1671360005.497000,45.377693,6.559660,2014.889768,86.8,13.870375,2.4,8.0
1671360006.515000,45.377690,6.559836,2013.501123,94.6,13.964577,2.4,8.0
1671360007.502000,45.377666,6.560010,2012.913086,100.6,13.641327,2.4,8.0
1671360008.508000,45.377634,6.560185,2008.725485,103.0,12.396645,2.4,8.0
1671360009.529000,45.377592,6.560336,2007.139616,110.0,11.976687,2.4,8.0
1671360010.524000,45.377545,6.560469,2004.515696,107.0,11.547111,2.4,7.6
1671360011.529000,45.377514,6.560612,2002.935900,103.0,11.854778,2.4,7.2
1671360012.510000,45.377502,6.560764,2001.345375,92.1,12.182152,2.4,6.8
1671360013.523000,45.377504,6.560930,1996.614609,86.1,13.742314,2.4,6.4
1671360014.521000,45.377516,6.561109,1994.218003,89.0,14.539907,2.4,6.7
1671360015.522000,45.377518,6.561294,1989.478559,101.6,14.684161,2.4,6.7
1671360016.522000,45.377489,6.561466,1987.228716,105.9,12.519444,2.4,7.0
1671360017.511000,45.377452,6.561600,1985.058468,114.0,8.743686,2.4,7.6
1671360019.520000,45.377394,6.561733,1980.359404,106.1,5.182021,2.4,8.0
1671360022.520000,45.377366,6.561870,1980.429051,96.0,5.562481,2.4,6.8
1671360024.533000,45.377352,6.562059,1976.483409,98.0,9.836295,2.4,6.0
1671360025.524000,45.377342,6.562197,1973.670359,83.7,11.375299,2.4,6.0
1671360026.517000,45.377364,6.562347,1968.230117,67.0,12.504182,2.4,6.0
1671360027.524000,45.377415,6.562503,1964.672861,68.1,13.095183,2.4,6.0
1671360028.514000,45.377451,6.562665,1963.641013,80.4,12.864245,2.4,6.3
1671360029.519000,45.377469,6.562832,1958.660592,81.9,12.270442,2.4,6.7
1671360030.512000,45.377483,6.562985,1957.891918,76.0,10.587858,2.4,7.0
1671360031.506000,45.377509,6.563110,1956.869691,75.0,10.498535,2.4,7.3
1671360033.515000,45.377629,6.563216,1953.251930,17.8,8.173069,2.4,8.0
1671360035.517000,45.377799,6.563259,1949.294751,18.3,10.115491,2.5,7.6
1671360036.519000,45.377898,6.563304,1946.881346,20.2,11.764393,2.4,7.2
1671360037.528000,45.378010,6.563367,1943.235075,24.1,12.942234,2.4,6.8
1671360038.523000,45.378125,6.563452,1940.899126,28.1,13.607019,2.4,6.4
1671360039.509000,45.378237,6.563561,1936.922944,34.2,14.063066,2.4,6.0
1671360040.516000,45.378344,6.563665,1934.647400,21.8,14.465232,2.4,6.0
1671360041.512000,45.378469,6.563726,1930.476268,19.0,15.004704,2.4,6.3
1671360042.533000,45.378608,6.563743,1927.494282,15.9,14.936057,2.4,6.4
1671360043.516000,45.378740,6.563688,1925.803896,349.4,14.251760,2.4,6.3
1671360044.526000,45.378870,6.563625,1923.500427,344.0,14.215075,2.4,6.8
1671360045.541000,45.378995,6.563556,1921.348622,341.1,14.129812,2.4,6.4
1671360046.528000,45.379121,6.563490,1920.884472,345.0,14.737850,2.4,5.6
1671360047.521000,45.379255,6.563443,1919.203562,347.0,15.172432,2.4,5.3
1671360048.521000,45.379394,6.563394,1915.392123,345.0,15.684544,2.4,4.8
1671360049.540000,45.379531,6.563353,1911.189021,351.0,15.029477,2.4,4.8
1671360050.518000,45.379671,6.563332,1910.016883,3.8,16.323008,2.4,5.0
1671360051.514000,45.379819,6.563364,1906.273425,6.0,16.325600,2.4,5.0
1671360052.532000,45.379973,6.563390,1899.633948,359.1,16.433418,2.4,5.6
1671360053.515000,45.380124,6.563385,1897.792793,3.8,16.603802,2.4,6.0
1671360054.533000,45.380274,6.563403,1894.218561,25.0,16.209183,2.4,6.7
1671360055.525000,45.380404,6.563502,1891.817435,34.9,16.873074,2.4,7.2
1671360056.521000,45.380506,6.563668,1888.418737,35.0,16.725420,2.4,7.6
1671360057.521000,45.380616,6.563807,1883.718833,30.6,16.752466,2.4,7.7
1671360058.521000,45.380740,6.563930,1877.689515,32.0,16.800760,2.4,8.0
1671360059.533000,45.380858,6.564040,1872.875311,23.2,15.319398,2.4,8.0
1671360060.520000,45.380976,6.564108,1871.739773,21.5,14.690886,2.4,8.0
1671360061.515000,45.381098,6.564165,1868.903521,15.1,15.606277,2.4,8.0
1671360062.533000,45.381248,6.564199,1861.972537,2.0,18.649195,2.4,8.0
1671360063.511000,45.381420,6.564191,1856.255766,0.0,18.443813,2.4,8.0
1671360064.525000,45.381584,6.564194,1850.517237,12.7,16.328573,2.5,8.0
1671360065.530000,45.381718,6.564249,1841.160388,23.8,13.891324,2.4,8.0
1671360066.514000,45.381806,6.564341,1838.199560,49.0,10.879511,2.4,8.0
1671360067.530000,45.381865,6.564473,1837.338928,53.9,13.088106,2.4,8.0
1671360068.519000,45.381924,6.564616,1836.147674,48.7,13.139226,2.4,8.0
1671360069.498000,45.381996,6.564742,1830.917524,27.3,12.643264,2.4,8.7
1671360070.507000,45.382095,6.564820,1825.070438,11.9,13.008079,2.4,9.3
1671360071.504000,45.382231,6.564772,1821.046605,338.1,16.110710,2.4,10.0
1671360072.501000,45.382376,6.564674,1818.470945,333.2,17.920294,2.4,10.7
1671360073.508000,45.382525,6.564549,1812.896660,326.2,18.408110,2.4,11.3
1671360074.505000,45.382667,6.564390,1809.541234,319.0,17.870026,2.4,12.0
1671360075.497000,45.382790,6.564219,1804.508798,312.1,18.381525,2.4,12.0
1671360076.501000,45.382908,6.564032,1802.403699,324.7,18.511520,2.4,12.0
1671360077.510000,45.383063,6.563898,1794.928456,330.0,18.002476,2.4,11.2
1671360078.528000,45.383213,6.563788,1792.810125,331.8,17.614819,2.4,10.4
1671360079.524000,45.383358,6.563678,1787.541483,320.0,18.099966,2.4,9.6
1671360080.510000,45.383490,6.563524,1776.973352,315.3,18.593634,2.4,8.8
1671360081.515000,45.383611,6.563360,1775.513761,328.3,18.522625,2.4,8.8
1671360082.512000,45.383752,6.563238,1774.449444,346.3,19.422987,2.4,9.6
1671360083.520000,45.383915,6.563182,1768.580985,348.9,19.346306,2.4,10.0
1671360084.516000,45.384085,6.563133,1762.274402,338.1,19.180231,2.4,10.7
1671360085.520000,45.384246,6.563040,1754.626709,342.1,18.489183,2.4,12.0
1671360086.519000,45.384410,6.562983,1750.033392,357.4,18.024181,2.4,12.0
1671360087.508000,45.384573,6.562987,1747.235256,2.9,18.024965,2.4,12.0
1671360088.526000,45.384737,6.563009,1743.273812,356.0,17.352211,2.4,12.0
1671360089.517000,45.384879,6.563008,1738.980318,355.0,15.836173,2.4,11.2
1671360090.515000,45.385013,6.563007,1734.892500,2.3,15.970726,2.4,10.7
1671360091.524000,45.385158,6.563025,1729.336613,357.0,16.518475,2.5,9.6
1671360092.512000,45.385302,6.563022,1723.155447,8.0,17.087305,2.5,8.8
1671360093.512000,45.385457,6.563073,1721.846389,19.7,17.568514,2.5,8.7
1671360094.509000,45.385618,6.563157,1716.027302,23.0,18.887314,2.4,8.0
1671360095.517000,45.385770,6.563252,1705.177010,11.2,16.574747,2.4,8.0
1671360096.520000,45.385897,6.563315,1697.339606,5.1,15.711514,2.4,8.0
1671360097.517000,45.386028,6.563353,1691.660677,18.6,15.483351,2.4,8.0
1671360098.513000,45.386153,6.563440,1689.569271,26.4,15.587157,2.4,8.0
1671360099.518000,45.386268,6.563542,1685.255091,32.2,14.569354,2.4,8.0
1671360100.506000,45.386363,6.563661,1676.994445,42.3,14.286388,2.4,8.7
1671360101.513000,45.386441,6.563792,1674.546279,48.4,13.615604,2.4,9.3
1671360102.498000,45.386437,6.563936,1669.462813,82.0,11.644540,2.4,10.0
1671360103.499000,45.386446,6.564083,1663.808072,84.3,11.251560,2.4,10.7
1671360104.516000,45.386418,6.564257,1661.274388,93.6,11.856997,2.4,10.7
1671360105.524000,45.386387,6.564426,1661.722420,94.5,12.218542,2.4,10.4
1671360106.519000,45.386373,6.564593,1659.361209,91.3,11.315124,2.4,9.6
1671360107.516000,45.386383,6.564739,1656.216691,86.2,10.791434,2.4,8.8
1671360108.508000,45.386467,6.564848,1653.334782,41.1,11.809991,2.5,8.8
1671360110.507000,45.386651,6.564855,1643.573822,342.7,10.252639,2.4,10.0
1671360111.522000,45.386745,6.564808,1640.378989,341.0,10.146420,2.4,11.2
1671360112.518000,45.386840,6.564737,1638.863973,333.3,12.338907,2.4,11.2
1671360113.521000,45.386946,6.564648,1636.405537,334.0,13.152175,2.4,10.4
1671360114.521000,45.387057,6.564575,1631.751904,342.7,13.143102,2.4,9.6
1671360115.514000,45.387180,6.564549,1628.559255,5.9,12.751239,2.4,8.8
1671360116.541000,45.387301,6.564580,1622.860515,357.2,12.377234,2.4,8.0
1671360117.542000,45.387414,6.564572,1620.335800,342.1,14.368024,2.4,8.0
1671360118.529000,45.387541,6.564512,1618.598999,346.0,14.856898,2.4,8.0
1671360119.520000,45.387684,6.564464,1616.820645,354.6,14.940348,2.4,8.0
1671360120.518000,45.387821,6.564468,1611.577174,18.0,14.099112,2.5,8.0
1671360121.517000,45.387930,6.564558,1606.011694,26.2,11.615021,2.5,8.0
1671360122.512000,45.388012,6.564652,1602.497186,53.9,11.093577,2.5,8.7
1671360123.541000,45.388054,6.564795,1600.938304,74.1,12.319585,2.4,9.6
1671360124.522000,45.388057,6.564968,1596.760173,92.3,12.571585,2.4,10.4
1671360125.512000,45.388024,6.565143,1592.187579,106.1,10.065057,2.4,10.7
1671360126.512000,45.387967,6.565296,1589.446926,89.6,10.205680,2.4,10.7
1671360127.531000,45.387953,6.565437,1586.785221,91.8,9.849098,2.4,10.4
1671360129.511000,45.387882,6.565651,1582.310683,141.4,9.955441,2.4,9.3
1671360130.520000,45.387799,6.565725,1580.362052,135.4,10.050731,2.4,8.0
1671360131.507000,45.387727,6.565820,1578.721017,115.5,11.239284,2.4,8.0
1671360132.507000,45.387684,6.565968,1574.191434,95.6,14.164127,2.4,8.0
1671360133.517000,45.387669,6.566156,1571.009854,103.7,13.972909,2.4,8.0
1671360134.513000,45.387625,6.566317,1568.609175,134.6,11.872214,2.4,8.0
1671360135.519000,45.387539,6.566423,1566.357618,135.0,11.335946,2.4,8.0
1671360136.520000,45.387465,6.566537,1565.199926,122.5,10.849874,2.4,8.0
1671360137.514000,45.387415,6.566653,1560.961914,93.2,11.011895,2.5,8.0
1671360138.512000,45.387415,6.566789,1557.193072,100.0,10.668554,2.4,8.0
1671360139.521000,45.387401,6.566920,1556.485711,101.6,10.618745,2.4,8.0
1671360140.521000,45.387381,6.567053,1554.940338,96.2,10.210115,2.4,8.0
1671360142.512000,45.387403,6.567272,1551.027398,79.4,8.156106,2.4,8.0
1671360144.507000,45.387538,6.567271,1545.525456,8.1,7.065573,2.4,8.0
1671360145.505000,45.387649,6.567214,1541.682576,334.7,11.263168,2.4,8.0
1671360146.503000,45.387759,6.567124,1540.189286,334.0,11.239099,2.4,8.7
1671360147.504000,45.387877,6.567020,1539.500080,334.0,10.960668,2.4,8.7
1671360148.496000,45.387980,6.566949,1539.496072,349.3,10.939205,2.4,8.7
1671360149.516000,45.388089,6.566923,1538.158111,352.0,11.321883,2.5,8.8
1671360150.520000,45.388200,6.566903,1535.216642,342.1,11.777557,2.5,8.8
1671360151.513000,45.388308,6.566869,1532.464610,347.8,12.261732,2.6,8.0
1671360152.504000,45.388422,6.566840,1530.949091,359.6,14.446813,2.4,8.0
1671360153.502000,45.388550,6.566849,1526.948119,353.0,15.087702,2.5,8.0
1671360154.517000,45.388688,6.566826,1522.373855,348.0,15.576348,2.4,8.0
1671360155.520000,45.388815,6.566785,1518.109842,358.5,14.857165,2.4,8.0
1671360156.513000,45.388953,6.566810,1515.451379,9.5,15.711315,2.4,8.0
1671360157.529000,45.389090,6.566872,1510.506400,12.0,13.960988,2.4,8.0
1671360158.513000,45.389201,6.566906,1509.052835,358.7,13.123386,2.4,8.0
1671360159.522000,45.389311,6.566874,1503.847307,344.3,11.428607,2.4,8.0
1671360160.510000,45.389405,6.566819,1501.456253,4.1,10.898851,2.4,8.0
1671360161.517000,45.389503,6.566820,1501.165132,358.1,10.567090,2.4,8.0
1671360162.519000,45.389597,6.566805,1498.645571,350.5,9.339754,2.4,8.0
1671360164.524000,45.389748,6.566753,1494.773831,350.8,8.826112,2.4,8.0
1671360166.520000,45.389909,6.566763,1488.153982,12.3,10.641021,2.5,10.4
1671360167.514000,45.389987,6.566838,1484.708624,28.1,10.266274,2.4,10.7
1671360168.516000,45.390032,6.566960,1481.988182,68.5,9.394766,2.4,11.3
1671360169.516000,45.390056,6.567089,1479.102162,67.3,10.353305,2.4,12.0
1671360170.513000,45.390108,6.567221,1475.347381,31.2,12.939947,2.4,12.7
1671360171.512000,45.390207,6.567316,1471.233841,29.0,14.189496,2.4,12.0
1671360172.509000,45.390325,6.567407,1466.483151,27.0,15.227375,2.4,12.0
1671360173.497000,45.390453,6.567490,1463.676352,22.1,15.219193,2.4,12.0
1671360174.496000,45.390586,6.567556,1461.642231,19.2,13.482343,2.4,12.0
1671360175.496000,45.390712,6.567602,1460.946436,16.4,13.240730,2.4,11.3
1671360176.521000,45.390830,6.567630,1460.141175,10.3,12.144629,2.4,10.4
1671360177.513000,45.390935,6.567650,1461.401055,7.3,11.129571,2.4,9.6
1671360178.523000,45.391032,6.567668,1460.754466,7.1,10.358861,2.5,8.4
1671360180.515000,45.391202,6.567684,1457.939529,5.7,8.172812,2.7,7.2
1671360182.515000,45.391331,6.567640,1456.331180,358.1,5.748058,2.4,7.2
1671360184.514000,45.391432,6.567607,1456.080017,355.9,4.664564,2.4,7.6
1671360189.509000,45.391499,6.567522,1455.009264,-1.0,0.000000,2.4,6.0
1671360211.874000,45.391522,6.567387,1459.676191,-1.0,0.028684,2.4,7.4
1671360223.138000,45.391540,6.567256,1462.830904,-1.0,0.089378,2.5,9.3
1671360253.573000,45.391573,6.567134,1464.664327,-1.0,0.001914,2.5,8.5
1671360357.875000,45.391500,6.567058,1490.200073,-1.0,0.029241,1.4,8.2
1671360365.689000,45.391457,6.567186,1490.200073,100.9,3.836406,1.9,10.0
1671360366.874000,45.391450,6.567324,1490.200073,96.4,4.851110,1.8,10.1
1671360368.087000,45.391443,6.567454,1490.200073,97.7,4.713295,1.6,10.9
1671360369.505000,45.391431,6.567598,1492.247322,98.0,5.331466,1.7,10.3
1671360371.507000,45.391412,6.567762,1492.997559,98.1,4.883010,1.5,9.5
1671360373.833000,45.391404,6.567891,1494.764278,95.5,5.002810,1.6,8.9
1671360376.646000,45.391382,6.568074,1498.343137,97.9,4.922820,1.6,9.9
1671360379.046000,45.391362,6.568234,1500.266878,100.2,4.885652,1.8,10.4
1671360381.523000,45.391337,6.568395,1503.223110,97.5,4.929904,1.6,8.9
1671360384.473000,45.391321,6.568574,1506.831971,93.0,4.907565,1.8,7.0
1671360387.396000,45.391299,6.568771,1510.557715,96.4,4.905587,2.0,7.5
1671360389.498000,45.391282,6.568906,1512.987949,99.0,4.913652,1.8,7.0
1671360392.253000,45.391244,6.569048,1517.020938,113.6,4.787687,1.7,8.1
1671360394.053000,45.391251,6.569183,1520.938002,87.8,4.683719,1.9,10.4
1671360396.520000,45.391236,6.569342,1524.040934,98.0,4.569303,2.1,8.7
1671360399.537000,45.391221,6.569523,1528.837687,98.0,5.162847,2.0,5.6
1671360402.509000,45.391205,6.569701,1533.105216,97.0,4.523106,1.6,5.7
1671360405.516000,45.391186,6.569880,1538.760548,99.0,4.646262,1.8,4.8
1671360408.512000,45.391170,6.570051,1544.138574,97.6,4.790692,2.1,4.7
1671360411.504000,45.391152,6.570216,1549.849627,97.3,4.399260,1.9,5.5
1671360414.519000,45.391134,6.570405,1556.479973,99.0,4.826571,2.1,4.9
1671360417.541000,45.391118,6.570583,1562.091933,98.0,4.491143,2.3,5.2
1671360420.515000,45.391101,6.570754,1568.770125,98.0,4.402829,1.8,5.3
1671360423.515000,45.391083,6.570923,1575.953856,99.0,4.510222,2.1,5.3
1671360426.509000,45.391068,6.571084,1582.966588,97.9,4.569273,2.3,6.0
1671360429.510000,45.391050,6.571260,1590.467091,97.0,4.362797,2.2,6.0
1671360432.505000,45.391033,6.571430,1597.553948,97.1,4.396897,2.0,6.0
1671360435.500000,45.391018,6.571594,1604.837153,99.0,4.349761,2.2,6.0
1671360438.521000,45.391001,6.571763,1612.256429,97.0,4.272022,2.1,6.0
1671360441.515000,45.390984,6.571927,1620.232711,98.0,4.427226,2.1,6.0
1671360444.522000,45.390967,6.572090,1627.647399,98.0,4.285484,2.5,6.0
1671360447.519000,45.390950,6.572253,1636.029094,98.0,4.152706,2.3,6.0
1671360450.514000,45.390934,6.572414,1644.537155,97.0,4.340079,2.2,6.0
1671360453.513000,45.390917,6.572579,1652.406965,99.0,4.141000,1.5,5.7
1671360456.513000,45.390901,6.572741,1661.763030,98.0,4.140518,1.6,5.0
1671360459.511000,45.390882,6.572899,1670.842915,98.0,4.021406,1.6,5.7
1671360462.529000,45.390866,6.573060,1679.969562,98.0,3.926774,1.5,5.7
1671360465.516000,45.390854,6.573214,1688.361696,99.0,4.835399,1.4,5.6
1671360468.511000,45.390838,6.573382,1694.883182,98.0,4.771871,1.2,4.6
1671360471.526000,45.390820,6.573555,1701.850251,98.0,4.298070,1.4,4.0
1671360474.532000,45.390803,6.573723,1708.901225,98.0,4.294187,1.8,4.0
1671360477.519000,45.390784,6.573878,1716.207640,98.0,4.328200,1.6,4.0
1671360480.521000,45.390764,6.574044,1724.085555,97.0,4.461476,1.3,4.0
1671360483.519000,45.390746,6.574208,1731.687777,98.0,4.306641,1.6,4.0
1671360486.531000,45.390730,6.574371,1739.320005,98.0,4.280974,1.6,4.4
1671360489.533000,45.390713,6.574533,1747.341285,98.0,4.222165,1.6,4.8
1671360492.533000,45.390701,6.574676,1755.385992,92.8,4.067766,1.5,5.7
1671360494.528000,45.390692,6.574804,1760.661375,97.0,5.291094,1.4,5.6
1671360496.516000,45.390678,6.574933,1763.954606,97.0,4.550862,1.4,5.1
1671360499.522000,45.390660,6.575088,1768.911677,97.4,4.865416,1.4,4.2
1671360501.507000,45.390644,6.575231,1771.308563,98.0,5.072492,1.4,4.2
1671360503.510000,45.390628,6.575362,1773.473758,98.0,4.869818,1.6,4.2
1671360505.532000,45.390615,6.575489,1774.951706,98.0,4.914299,1.6,4.0
1671360508.536000,45.390597,6.575676,1778.235785,98.0,4.909443,1.5,4.4
1671360511.537000,45.390578,6.575863,1781.626585,98.0,4.832963,1.4,4.4
1671360514.533000,45.390560,6.576047,1785.385520,98.0,5.000296,1.7,4.0
1671360517.528000,45.390541,6.576232,1788.388275,98.0,4.838663,1.6,4.8
1671360520.525000,45.390522,6.576418,1791.888063,98.0,4.807973,1.4,5.6
1671360523.514000,45.390505,6.576603,1796.399954,97.0,4.837429,1.4,4.7
1671360526.521000,45.390486,6.576787,1800.128112,98.0,4.775006,1.7,4.0
1671360529.521000,45.390467,6.576970,1805.010965,98.0,4.863533,1.4,4.0
1671360532.503000,45.390448,6.577153,1809.130827,98.0,4.762563,1.4,4.0
1671360535.547000,45.390429,6.577351,1814.102323,98.0,4.695669,1.8,4.3
1671360538.525000,45.390412,6.577513,1818.671539,98.0,4.741465,1.5,5.3
1671360540.536000,45.390400,6.577646,1822.359000,97.0,4.655101,1.5,6.0
1671360543.520000,45.390385,6.577809,1827.512928,98.0,4.813873,1.8,6.0
1671360545.535000,45.390371,6.577948,1831.270620,98.0,4.723885,1.6,6.0
1671360548.512000,45.390356,6.578113,1836.553781,97.0,4.690655,1.6,6.0
1671360551.515000,45.390340,6.578291,1841.654888,98.0,4.667026,1.3,6.0
1671360554.514000,45.390321,6.578464,1847.597834,98.0,4.678108,1.4,6.0
1671360557.519000,45.390303,6.578640,1853.516301,98.0,4.726233,1.4,6.0
1671360560.529000,45.390285,6.578817,1859.368194,97.0,4.636747,1.4,4.8
1671360563.524000,45.390268,6.578989,1865.520158,98.0,4.557067,1.8,4.0
1671360566.513000,45.390252,6.579162,1871.782198,98.0,4.548039,1.6,4.0
1671360569.520000,45.390234,6.579336,1878.322434,98.0,4.533175,1.3,4.0
1671360572.524000,45.390216,6.579510,1885.318310,99.0,4.485229,1.6,4.0
1671360574.510000,45.390203,6.579636,1889.693103,97.0,4.482157,1.7,4.0
1671360577.523000,45.390186,6.579796,1896.986760,98.0,4.419227,1.7,4.0
1671360580.520000,45.390168,6.579971,1903.582355,98.0,4.412114,1.3,4.0
1671360583.530000,45.390149,6.580161,1911.114078,98.0,4.422908,1.4,4.0
1671360586.518000,45.390133,6.580315,1917.509601,97.0,4.756900,1.7,4.0
1671360588.539000,45.390118,6.580458,1920.690206,98.0,4.758916,1.4,4.0
1671360591.524000,45.390101,6.580617,1926.497808,98.0,4.584442,1.4,4.0
1671360594.529000,45.390082,6.580792,1931.555783,98.0,4.651753,1.6,4.0
1671360597.520000,45.390063,6.580966,1937.219723,98.0,4.675264,1.5,4.0
1671360600.523000,45.390044,6.581141,1943.416433,98.0,4.617033,1.4,4.0
1671360603.510000,45.390025,6.581309,1948.876627,98.0,5.112182,1.7,4.0
1671360605.521000,45.390010,6.581441,1951.982624,98.0,4.687668,1.6,4.0
1671360608.528000,45.389991,6.581626,1955.250487,98.0,4.947313,1.6,4.0
1671360611.525000,45.389972,6.581810,1959.490314,98.0,4.978264,1.4,4.0
1671360614.521000,45.389952,6.581993,1963.314455,98.0,4.815238,1.4,4.0
1671360617.521000,45.389933,6.582175,1967.863665,97.0,4.924741,1.2,4.0
1671360620.520000,45.389913,6.582354,1971.968979,98.0,4.786288,1.4,4.0
1671360623.534000,45.389894,6.582537,1976.647262,98.0,4.854469,1.7,4.0
1671360626.517000,45.389874,6.582716,1981.500299,98.0,4.787543,1.6,4.0
1671360629.523000,45.389856,6.582896,1986.648924,97.0,4.742571,1.4,4.0
1671360632.518000,45.389838,6.583075,1991.363665,98.0,4.701193,1.8,4.0
1671360635.500000,45.389820,6.583252,1996.816428,98.0,4.661821,1.7,4.7
1671360638.532000,45.389804,6.583414,2002.552618,98.0,4.679898,1.4,4.6
1671360640.512000,45.389790,6.583545,2005.964632,98.0,4.735830,1.3,4.0
1671360643.498000,45.389772,6.583728,2011.355560,98.0,4.655497,1.4,4.0
1671360646.531000,45.389754,6.583910,2016.875037,98.0,4.621298,1.4,4.0
1671360649.512000,45.389735,6.584085,2023.112590,98.0,4.545972,1.4,4.0
1671360652.533000,45.389716,6.584266,2028.872525,98.0,4.562074,1.8,4.8
1671360655.526000,45.389695,6.584446,2034.991913,98.0,4.559817,1.5,4.8
1671360658.517000,45.389675,6.584620,2041.677863,98.0,4.572138,1.3,4.7
1671360661.517000,45.389656,6.584797,2048.125899,98.0,4.521094,1.5,5.3
1671360664.525000,45.389638,6.584968,2055.315229,98.0,4.463753,1.6,5.2
1671360667.531000,45.389619,6.585138,2062.699542,98.0,4.488805,1.6,4.3
1671360670.529000,45.389599,6.585323,2069.142847,98.0,4.520438,1.4,4.0
1671360673.539000,45.389582,6.585480,2076.101074,98.0,4.451386,1.4,4.0
1671360676.539000,45.389565,6.585651,2083.463618,98.0,4.340654,1.2,4.0
1671360679.536000,45.389548,6.585818,2090.913734,98.0,4.976600,1.4,4.0
1671360681.517000,45.389534,6.585948,2094.674631,98.0,4.463174,1.7,4.0
1671360684.523000,45.389516,6.586121,2100.037327,98.0,4.732897,1.5,4.0
1671360687.523000,45.389497,6.586296,2106.357491,98.0,4.720318,1.3,4.0
1671360690.524000,45.389480,6.586472,2111.969913,98.0,4.642568,1.5,4.0
1671360693.513000,45.389461,6.586645,2117.881637,97.0,4.627935,1.6,4.0
1671360696.523000,45.389444,6.586819,2124.470453,98.0,4.564623,1.6,4.0
1671360699.517000,45.389426,6.586997,2130.648524,98.0,4.864958,1.3,4.0
1671360702.518000,45.389407,6.587177,2135.283604,98.0,4.916128,1.4,4.0
1671360705.529000,45.389388,6.587358,2140.235308,98.0,4.704258,1.4,4.0
1671360708.506000,45.389370,6.587535,2145.410991,98.0,4.561760,1.4,4.0
1671360711.507000,45.389354,6.587697,2149.644402,97.8,5.075829,1.8,4.6
1671360714.524000,45.389337,6.587860,2150.646511,99.0,3.985095,1.6,5.3
1671360734.504000,45.389342,6.587930,2150.178158,-1.0,0.000000,1.6,6.0
1671360734.504000,45.389342,6.587930,2150.178158,-1.0,0.000000,1.6,6.0
1671360755.541000,45.389336,6.587997,2149.812308,-1.0,0.000000,1.5,6.0
1671360776.522000,45.389344,6.588142,2149.870132,-1.0,0.000006,1.3,6.0
1671360782.509000,45.389326,6.588276,2150.657485,104.1,2.457003,1.6,6.0
1671360784.521000,45.389286,6.588400,2151.624243,109.0,5.200504,1.6,6.0
1671360786.549000,45.389238,6.588532,2151.882754,112.0,4.548688,1.4,6.0
1671360788.533000,45.389196,6.588653,2153.239173,109.0,4.999656,1.3,5.8
1671360791.520000,45.389140,6.588837,2158.266951,112.0,4.905610,1.4,5.0
1671360793.526000,45.389107,6.588958,2161.304600,108.0,4.603415,1.7,4.0
1671360796.526000,45.389056,6.589122,2167.453685,109.0,4.640818,1.4,4.0
1671360799.504000,45.389009,6.589288,2173.469664,111.0,4.650873,1.6,4.0
1671360802.522000,45.388958,6.589455,2179.501099,112.0,4.870749,1.7,4.0
1671360805.520000,45.388905,6.589628,2183.754362,110.0,4.751426,1.3,4.0
1671360808.505000,45.388858,6.589803,2189.662516,111.0,4.763048,1.4,4.0
1671360811.521000,45.388813,6.589975,2195.313357,112.0,4.702267,1.7,4.3
1671360814.522000,45.388764,6.590144,2201.151509,111.0,4.690868,1.6,4.4
1671360817.518000,45.388716,6.590312,2207.270800,110.0,4.614004,1.3,4.0
1671360820.523000,45.388673,6.590475,2213.010414,110.0,4.650664,1.4,4.0
1671360823.512000,45.388632,6.590638,2218.220536,111.0,4.617849,1.6,4.0
1671360826.514000,45.388587,6.590798,2224.387955,110.0,4.559406,1.4,4.0
1671360829.525000,45.388537,6.590975,2231.063032,111.0,5.050624,1.6,4.0
1671360832.519000,45.388489,6.591153,2234.922423,111.0,5.105144,1.7,5.0
1671360834.527000,45.388458,6.591276,2237.094832,109.0,4.761893,1.5,6.0
1671360837.518000,45.388412,6.591448,2241.405130,111.0,4.875921,1.4,6.0
1671360840.519000,45.388367,6.591619,2245.736015,111.0,4.869624,1.7,5.3
1671360843.519000,45.388321,6.591791,2250.125859,110.0,4.895483,1.4,4.7
1671360846.511000,45.388275,6.591961,2254.230357,110.0,4.850870,1.4,4.3
1671360849.523000,45.388228,6.592132,2258.845622,112.0,4.793061,1.3,4.0
1671360852.529000,45.388178,6.592304,2263.388684,109.0,4.798389,1.3,4.0
1671360855.521000,45.388136,6.592467,2268.372386,109.0,4.991174,1.4,4.0
1671360857.525000,45.388103,6.592603,2270.576971,111.0,5.034806,1.4,4.5
1671360860.527000,45.388057,6.592781,2273.235472,110.0,5.090285,1.8,5.2
1671360863.523000,45.388010,6.592957,2276.152298,111.0,4.988124,1.6,4.3
1671360865.526000,45.387979,6.593077,2277.763166,110.0,4.972399,1.3,4.0
1671360868.514000,45.387931,6.593254,2280.671016,111.0,4.985042,1.4,4.3
1671360871.522000,45.387883,6.593431,2283.477271,110.0,4.979936,1.6,4.4
1671360873.513000,45.387852,6.593552,2285.827600,110.0,4.881214,1.6,5.0
1671360876.525000,45.387805,6.593730,2288.712564,110.0,4.929963,1.3,6.0
1671360879.540000,45.387759,6.593908,2293.064504,110.0,4.903183,1.4,5.6
1671360882.525000,45.387713,6.594087,2296.631683,110.0,4.933706,1.6,5.3
1671360885.527000,45.387666,6.594261,2301.162251,111.0,4.911717,1.4,4.8
1671360887.517000,45.387635,6.594382,2303.601753,110.0,4.822130,1.4,4.6
1671360890.528000,45.387587,6.594550,2307.521879,110.0,4.872684,1.6,4.0
1671360892.525000,45.387556,6.594670,2310.010668,110.0,4.847535,1.5,4.0
1671360895.520000,45.387511,6.594830,2314.233455,110.0,4.629622,1.3,4.0
1671360897.524000,45.387477,6.594956,2316.958802,110.0,5.108669,1.4,4.0
1671360899.523000,45.387448,6.595077,2319.390196,109.0,4.826506,1.8,4.0
1671360901.537000,45.387412,6.595212,2321.409095,111.0,5.024222,1.6,4.9
1671360904.525000,45.387368,6.595375,2324.107698,110.0,4.993949,1.6,5.0
1671360907.526000,45.387320,6.595551,2327.016014,110.0,4.964413,1.5,4.8
1671360910.505000,45.387274,6.595731,2329.349423,111.0,4.977675,1.4,5.7
1671360913.514000,45.387226,6.595908,2333.018234,111.0,4.954747,1.2,6.0
1671360916.520000,45.387178,6.596082,2335.392726,110.0,4.909634,1.4,6.0
1671360919.524000,45.387130,6.596255,2338.307916,110.0,4.926918,1.8,5.2
1671360922.528000,45.387083,6.596430,2342.212320,110.0,4.913401,1.6,4.0
1671360925.543000,45.387035,6.596607,2345.592755,111.0,4.901426,1.3,4.0
1671360928.548000,45.386985,6.596796,2351.068220,110.0,4.877531,1.6,4.0
1671360931.534000,45.386941,6.596957,2354.010831,110.0,4.843560,1.6,4.0
1671360933.556000,45.386908,6.597083,2356.696026,110.0,4.844924,1.6,4.0
1671360936.525000,45.386864,6.597244,2361.040839,110.0,4.773950,1.3,4.0
1671360938.542000,45.386829,6.597374,2363.691137,111.0,5.195784,1.4,4.0
1671360941.505000,45.386784,6.597541,2366.944188,110.0,4.972750,1.4,4.0
1671360943.550000,45.386749,6.597673,2368.677418,110.0,4.959537,1.2,4.0
1671360946.521000,45.386705,6.597838,2371.810486,111.0,4.910714,1.4,4.0
1671360949.517000,45.386656,6.598014,2373.958512,110.0,4.951916,1.8,4.0
1671360952.521000,45.386610,6.598190,2378.354726,110.0,5.001103,1.6,4.0
1671360955.536000,45.386562,6.598369,2382.496626,110.0,4.915214,1.4,4.4
1671360958.518000,45.386514,6.598543,2385.586903,110.0,4.982309,1.7,4.4
1671360960.530000,45.386479,6.598662,2388.352331,111.0,4.976263,1.6,4.3
1671360963.518000,45.386427,6.598840,2392.178748,111.0,4.773673,1.5,4.8
1671360966.513000,45.386379,6.599015,2397.334588,110.0,4.905502,1.3,5.7
1671360968.532000,45.386345,6.599140,2399.647560,111.0,4.850173,1.4,6.0
1671360971.527000,45.386298,6.599299,2403.269644,110.0,5.122568,1.7,6.0
1671360974.526000,45.386250,6.599472,2406.198284,110.0,5.029547,1.4,6.0
1671360977.514000,45.386204,6.599648,2408.343180,111.0,5.027469,1.4,5.0
1671360979.515000,45.386173,6.599770,2410.359808,109.0,4.970830,1.5,5.0
1671360982.524000,45.386126,6.599951,2413.758980,110.0,4.977427,1.6,6.0
1671360985.522000,45.386081,6.600129,2416.970758,110.0,4.935010,1.5,4.8
1671360988.519000,45.386034,6.600308,2420.623873,109.0,4.887148,1.8,4.0
1671360991.515000,45.385986,6.600486,2424.278152,111.0,4.933340,1.4,4.0
1671360994.514000,45.385938,6.600664,2427.642771,109.0,4.940839,1.4,4.8
1671360997.520000,45.385894,6.600839,2431.328902,111.0,4.858768,1.4,5.2
1671361000.521000,45.385848,6.601014,2435.166776,109.9,4.874639,1.4,5.2
1671361002.525000,45.385813,6.601145,2437.773083,110.0,4.847808,1.4,4.3
1671361005.518000,45.385772,6.601310,2442.350443,107.0,4.914510,1.4,4.7
1671361007.518000,45.385738,6.601439,2445.326175,110.0,4.873036,1.6,5.1
1671361010.527000,45.385692,6.601602,2449.593312,110.0,4.848373,1.7,5.6
1671361012.529000,45.385657,6.601728,2451.872497,110.0,4.831437,1.5,5.3
1671361015.521000,45.385617,6.601872,2456.899145,110.3,4.857265,1.4,4.3
1671361017.512000,45.385573,6.602027,2459.625308,110.0,4.968136,1.5,4.9
1671361020.516000,45.385527,6.602196,2463.076501,110.0,5.123889,1.6,5.1
1671361023.525000,45.385481,6.602370,2466.631008,110.0,4.962005,1.6,4.3
1671361026.536000,45.385434,6.602549,2469.912441,110.0,4.941189,1.5,4.4
1671361028.538000,45.385405,6.602671,2472.207771,111.0,4.905820,1.4,5.2
1671361031.513000,45.385360,6.602844,2475.564044,110.0,4.873690,1.6,5.3
1671361034.540000,45.385318,6.603006,2479.216806,111.0,4.900648,1.4,4.0
1671361036.517000,45.385286,6.603132,2481.917914,111.0,4.924030,1.4,4.6
1671361039.524000,45.385246,6.603290,2485.854509,110.0,4.945781,1.6,6.0
1671361042.515000,45.385200,6.603465,2488.842953,111.0,4.727954,1.5,6.0
1671361045.504000,45.385155,6.603643,2493.568111,109.0,4.715299,1.4,6.0
1671361048.493000,45.385114,6.603807,2497.757788,108.2,4.800616,1.6,6.0
1671361050.509000,45.385085,6.603930,2501.323573,110.0,4.851520,1.6,6.0
1671361052.528000,45.385054,6.604050,2504.406352,110.0,4.829264,1.5,6.0
1671361055.516000,45.385016,6.604220,2509.805530,110.0,4.857930,1.3,6.0
1671361058.511000,45.384973,6.604386,2513.495734,109.9,4.790653,1.4,6.0
1671361060.534000,45.384943,6.604508,2519.142131,108.6,4.569627,1.7,6.0
1671361062.528000,45.384909,6.604642,2521.470067,110.4,4.841387,1.2,6.0
1671361065.519000,45.384864,6.604806,2526.474794,112.0,4.523156,1.4,6.3
1671361068.517000,45.384819,6.604958,2531.971389,110.0,4.740925,1.7,7.3
1671361070.519000,45.384786,6.605078,2535.311619,111.0,4.656875,1.5,7.2
1671361072.510000,45.384752,6.605200,2539.251270,112.3,4.596840,1.5,6.7
1671361075.500000,45.384702,6.605366,2544.821838,112.2,4.705326,1.4,6.4
1671361077.518000,45.384665,6.605492,2548.449308,109.2,4.629317,1.7,6.5
1671361080.525000,45.384616,6.605654,2554.562830,110.0,4.565856,1.7,7.2
1671361083.520000,45.384569,6.605810,2560.149176,111.0,4.653782,1.4,8.0
1671361086.515000,45.384527,6.605968,2566.990062,108.2,4.864810,1.3,8.0
1671361089.539000,45.384490,6.606121,2573.074338,110.6,4.471693,1.4,8.0
1671361092.513000,45.384449,6.606286,2580.950070,110.0,4.084579,1.4,7.6
1671361095.512000,45.384409,6.606437,2589.094282,111.0,4.320399,1.5,6.7
1671361098.515000,45.384368,6.606593,2596.948646,110.0,4.517116,1.5,7.3
1671361101.524000,45.384324,6.606743,2605.233891,110.1,4.272217,1.5,6.8
1671361104.523000,45.384284,6.606892,2614.229645,110.0,4.360799,1.5,6.3
1671361107.528000,45.384244,6.607044,2622.709811,110.0,4.318648,1.7,7.6
1671361110.523000,45.384202,6.607196,2630.869788,111.3,4.236739,1.4,7.2
1671361113.522000,45.384162,6.607348,2639.774205,110.0,4.305071,1.4,6.3
1671361116.522000,45.384121,6.607502,2649.319140,110.1,4.279142,1.4,6.0
1671361119.517000,45.384082,6.607655,2658.160612,111.0,4.161149,1.5,6.4
1671361121.526000,45.384049,6.607781,2663.843092,110.0,4.177178,1.2,6.3
1671361124.526000,45.384014,6.607916,2672.900829,110.0,4.087184,1.4,6.0
1671361127.522000,45.383979,6.608050,2682.235755,111.9,4.139126,1.7,6.5
1671361130.515000,45.383938,6.608196,2691.778908,110.0,4.041543,1.5,6.2
1671361133.521000,45.383897,6.608353,2701.959484,110.0,3.992099,1.3,6.0
1671361136.523000,45.383860,6.608492,2711.197990,111.0,3.944067,1.6,6.7
1671361139.533000,45.383820,6.608635,2721.223235,110.0,3.921576,1.6,7.6
1671361142.504000,45.383780,6.608779,2731.480721,110.0,3.939807,1.5,6.7
1671361145.539000,45.383739,6.608923,2742.229560,112.0,3.996580,1.5,5.2
1671361148.534000,45.383697,6.609064,2752.065182,110.0,3.900999,1.4,5.6
1671361151.529000,45.383654,6.609202,2761.887335,110.0,3.876494,1.2,6.0
1671361154.529000,45.383615,6.609338,2772.342500,110.0,3.839961,1.4,6.0
1671361157.544000,45.383572,6.609478,2783.717092,110.0,3.784905,1.7,5.6
1671361160.520000,45.383528,6.609624,2793.397879,110.0,3.774008,1.5,5.7
1671361163.516000,45.383491,6.609762,2804.886200,109.8,5.193128,1.4,6.0
1671361165.526000,45.383453,6.609904,2810.236093,110.0,4.647645,1.5,5.4
1671361168.523000,45.383413,6.610058,2812.377733,113.1,4.133190,1.6,4.9
1671361186.527000,45.383386,6.610192,2812.764937,-1.0,0.013245,1.7,6.0
1671361196.517000,45.383332,6.610296,2812.846616,147.5,0.123886,1.5,5.5
1671361214.373000,45.383262,6.610385,2812.281324,153.0,0.553459,1.4,5.0
1671361219.051000,45.383200,6.610496,2812.093942,143.1,0.841433,1.6,8.3
1671361227.391000,45.383120,6.610565,2811.472126,172.0,0.841654,1.6,9.0
1671361233.553000,45.383016,6.610606,2810.605005,167.8,3.438715,1.3,4.2
1671361236.533000,45.382905,6.610588,2809.490024,197.0,4.138667,1.4,4.1
1671361239.528000,45.382788,6.610514,2808.356187,202.0,5.259995,1.4,4.0
1671361241.527000,45.382698,6.610452,2807.170389,203.0,5.686140,1.4,4.0
1671361243.512000,45.382600,6.610389,2805.874284,205.4,5.784806,1.5,4.0
1671361245.508000,45.382487,6.610324,2804.812967,199.5,7.264575,1.6,4.0
1671361247.524000,45.382349,6.610264,2801.727262,198.9,8.022565,1.7,4.4
1671361249.530000,45.382204,6.610194,2799.809521,196.2,8.289213,1.5,4.4
1671361251.531000,45.382060,6.610145,2798.571260,191.3,7.941002,1.3,4.3
1671361253.531000,45.381921,6.610109,2797.075573,190.1,7.920905,1.4,4.0
1671361255.521000,45.381787,6.610077,2795.692096,188.0,7.703853,1.6,4.0
1671361257.530000,45.381649,6.610073,2794.903247,179.2,7.420967,1.6,4.8
1671361259.517000,45.381518,6.610078,2793.472375,180.6,7.159556,1.5,5.3
1671361261.523000,45.381388,6.610087,2791.617902,176.5,7.125551,1.4,6.0
1671361263.520000,45.381264,6.610110,2789.760477,175.9,6.911755,1.3,6.0
1671361265.523000,45.381141,6.610091,2788.232933,189.7,7.329443,1.4,5.2
1671361267.525000,45.381000,6.610017,2786.764186,202.0,8.632823,1.4,4.4
1671361269.532000,45.380879,6.609897,2783.437758,221.8,7.190664,1.4,4.0
1671361271.525000,45.380783,6.609788,2781.116096,222.3,6.862686,1.4,4.0
1671361273.522000,45.380656,6.609803,2776.221578,176.0,8.059868,1.5,4.7
1671361275.548000,45.380491,6.609788,2773.213418,198.7,9.135125,1.7,5.6
1671361277.530000,45.380339,6.609688,2766.390181,210.0,9.477255,1.6,6.0
1671361279.531000,45.380180,6.609578,2757.476186,199.0,9.444860,1.5,6.0
1671361281.518000,45.380002,6.609505,2750.296164,196.0,10.112789,1.3,6.8
1671361282.524000,45.379911,6.609469,2747.516255,209.9,9.812495,1.5,7.0
1671361284.531000,45.379758,6.609362,2739.315026,202.1,10.627434,1.5,7.7
1671361285.542000,45.379664,6.609318,2733.844025,198.1,11.622118,1.6,8.0
1671361286.514000,45.379560,6.609274,2731.286920,203.8,12.321811,1.6,8.0
1671361287.527000,45.379456,6.609214,2729.468182,196.3,12.646012,1.6,8.0
1671361288.523000,45.379339,6.609172,2722.847070,189.2,13.130709,1.4,8.0
1671361289.523000,45.379226,6.609160,2717.347717,187.1,12.807764,1.5,8.0
1671361290.525000,45.379118,6.609150,2716.142706,198.4,11.301798,1.5,8.7
1671361291.523000,45.379027,6.609112,2712.122638,200.0,10.814227,1.4,9.6
1671361292.508000,45.378934,6.609071,2709.929733,190.5,11.526568,1.3,10.0
1671361293.530000,45.378830,6.609048,2705.722196,184.3,11.865767,1.5,11.2
1671361294.524000,45.378722,6.609038,2699.930596,179.2,12.011944,1.4,11.2
1671361295.528000,45.378607,6.609037,2697.321672,182.8,11.740194,1.4,11.2
1671361296.507000,45.378497,6.609024,2696.069894,190.5,11.398205,1.5,11.3
1671361297.539000,45.378391,6.608990,2695.140832,195.1,11.862221,1.5,13.6
1671361298.508000,45.378301,6.608964,2692.569214,206.3,10.444376,1.6,14.0
1671361300.519000,45.378203,6.608810,2686.409019,268.3,10.899394,1.4,16.0
1671361302.515000,45.378212,6.608526,2677.873427,291.6,13.229095,1.5,16.0
1671361303.526000,45.378252,6.608358,2672.251967,297.9,14.564639,1.5,13.6
1671361304.518000,45.378307,6.608183,2669.088102,310.0,14.571706,1.6,12.8
1671361305.526000,45.378390,6.608022,2662.893342,315.1,13.069635,1.7,11.2
1671361306.531000,45.378485,6.607912,2657.690683,325.8,11.550389,1.6,10.4
1671361307.510000,45.378581,6.607831,2652.960278,335.2,11.837448,1.6,10.0
1671361308.530000,45.378695,6.607771,2649.208569,338.0,12.844641,1.5,8.8
1671361309.515000,45.378808,6.607711,2647.662296,341.0,13.982088,1.5,9.3
1671361310.513000,45.378934,6.607652,2644.927096,339.1,15.173955,1.3,9.3
1671361311.500000,45.379066,6.607582,2640.093097,337.1,15.397895,1.3,10.0
1671361312.517000,45.379201,6.607499,2636.293629,334.0,16.144209,1.5,11.2
1671361313.521000,45.379351,6.607401,2631.802345,329.3,15.878259,1.5,10.7
1671361314.497000,45.379480,6.607275,2629.077537,324.1,16.621481,1.5,10.7
1671361315.509000,45.379607,6.607144,2627.148255,324.9,15.715615,1.5,10.0
1671361316.506000,45.379723,6.607029,2624.287154,326.0,15.387709,1.6,9.6
1671361317.523000,45.379840,6.606919,2622.975296,326.0,15.056834,1.6,8.8
1671361318.517000,45.379950,6.606814,2620.630224,326.0,14.921498,1.5,8.7
1671361319.523000,45.380057,6.606709,2617.843492,326.0,14.789326,1.5,8.8
1671361320.511000,45.380165,6.606606,2615.557418,326.0,14.410809,1.5,8.8
1671361321.512000,45.380276,6.606502,2613.495839,328.0,14.086114,1.4,8.0
1671361322.517000,45.380392,6.606408,2610.671349,330.9,14.204666,1.3,8.0
1671361323.516000,45.380510,6.606325,2609.664296,333.0,14.043453,1.5,8.0
1671361324.522000,45.380626,6.606250,2608.294461,334.0,13.755247,1.4,8.0
1671361325.507000,45.380740,6.606185,2605.656380,335.9,13.316611,1.5,7.7
1671361326.525000,45.380850,6.606118,2604.600832,334.0,13.160997,1.4,7.2
1671361327.527000,45.380956,6.606043,2602.843933,331.0,13.260373,1.5,6.8
1671361328.513000,45.381056,6.605960,2600.811856,328.0,12.560967,1.5,6.7
1671361329.513000,45.381154,6.605866,2598.503123,324.0,13.449201,1.2,6.3
1671361330.525000,45.381254,6.605763,2596.224525,324.0,13.174260,1.5,6.0
1671361331.519000,45.381350,6.605660,2595.202827,322.0,13.723211,1.5,6.0
1671361332.525000,45.381448,6.605549,2592.418983,320.0,13.777730,1.5,6.0
1671361333.507000,45.381540,6.605437,2589.834807,314.4,13.620808,1.5,6.0
1671361334.519000,45.381626,6.605309,2585.580397,308.1,13.928936,1.6,6.0
1671361335.518000,45.381696,6.605158,2582.426133,301.5,13.893313,1.7,6.0
1671361336.519000,45.381748,6.604992,2580.870269,293.6,14.026335,1.6,6.0
1671361337.514000,45.381793,6.604825,2578.172665,292.0,13.642460,1.5,6.0
1671361338.525000,45.381839,6.604664,2576.737195,298.1,12.689148,1.5,6.4
1671361339.527000,45.381905,6.604550,2576.011396,316.0,11.119215,1.5,6.8
1671361340.521000,45.381983,6.604465,2573.278513,308.1,10.701288,1.3,7.2
1671361341.519000,45.382046,6.604361,2572.159053,300.5,11.434316,1.5,7.6
1671361342.524000,45.382102,6.604233,2570.433963,299.0,12.019112,1.5,8.0
1671361343.512000,45.382158,6.604095,2567.025569,306.8,12.973748,1.5,8.0
1671361344.526000,45.382231,6.603957,2566.301043,308.0,13.437634,1.6,8.0
1671361345.506000,45.382305,6.603816,2564.222405,306.0,14.123318,1.7,8.0
1671361346.525000,45.382380,6.603669,2558.573035,306.0,13.761136,1.6,8.8
1671361347.527000,45.382451,6.603533,2556.024319,317.4,11.981658,1.7,9.6
1671361349.525000,45.382585,6.603394,2549.843120,357.4,9.264472,1.5,10.7
1671361351.516000,45.382753,6.603413,2539.840587,341.6,11.490732,1.3,12.0
1671361352.521000,45.382848,6.603377,2537.708111,341.1,11.963333,1.3,12.0
1671361353.521000,45.382947,6.603337,2533.303544,358.7,11.881168,1.3,12.0
1671361354.524000,45.383053,6.603337,2526.037740,4.9,12.127951,1.4,12.0
1671361355.516000,45.383158,6.603362,2519.282456,358.3,12.342281,1.5,12.0
1671361356.513000,45.383266,6.603360,2515.201110,352.7,12.677827,1.5,12.0
1671361357.524000,45.383374,6.603332,2509.810853,338.2,12.159379,1.6,12.0
1671361358.520000,45.383465,6.603271,2502.529822,302.8,10.524777,1.5,12.0
1671361360.517000,45.383531,6.603035,2490.158265,288.7,11.596965,1.5,12.0
1671361361.527000,45.383562,6.602896,2484.821560,298.0,11.658860,1.5,12.0
1671361362.519000,45.383616,6.602764,2480.539031,311.2,11.047310,1.5,12.0
1671361363.503000,45.383689,6.602640,2472.767202,317.2,11.887826,1.6,12.0
1671361364.537000,45.383774,6.602521,2466.022595,306.5,12.508945,1.7,12.0
1671361365.513000,45.383837,6.602388,2461.751600,282.3,11.935654,1.5,12.0
1671361366.512000,45.383857,6.602241,2455.757364,273.3,11.592039,1.6,12.0
1671361367.509000,45.383858,6.602092,2448.771243,273.0,13.017777,1.5,12.0
1671361368.521000,45.383882,6.601918,2444.397141,278.5,13.718421,1.5,12.0
1671361369.516000,45.383914,6.601741,2440.394759,298.9,14.381963,1.4,12.0
1671361370.525000,45.383980,6.601578,2431.668284,301.4,14.575925,1.4,12.0
1671361371.509000,45.384046,6.601422,2425.890350,295.2,14.106904,1.6,12.7
1671361372.527000,45.384098,6.601253,2417.920452,275.5,14.883681,1.5,13.6
1671361373.513000,45.384116,6.601066,2411.887973,286.9,15.966925,1.5,14.0
1671361374.520000,45.384164,6.600873,2409.366862,295.3,15.915436,1.6,15.2
1671361375.521000,45.384226,6.600691,2402.930701,296.0,14.917830,1.6,20.7
1671361376.497000,45.384275,6.600534,2399.488055,282.2,11.959075,1.6,24.0
1671361377.495000,45.384293,6.600391,2396.235738,263.1,11.537753,1.4,26.7
1671361378.499000,45.384294,6.600246,2393.027230,261.0,11.938151,1.5,26.7
1671361379.501000,45.384285,6.600100,2390.649569,274.4,12.864318,1.5,26.7
1671361380.496000,45.384299,6.599942,2389.843870,287.3,13.425131,1.4,26.7
1671361381.503000,45.384338,6.599782,2385.890831,288.9,14.201953,1.3,19.2
1671361382.507000,45.384378,6.599607,2381.018043,276.1,15.795968,1.5,22.4
1671361383.511000,45.384392,6.599396,2375.564065,266.3,16.229059,1.5,22.4
1671361384.510000,45.384380,6.599186,2371.318029,266.1,16.751825,1.5,22.4
1671361385.517000,45.384371,6.598974,2369.381483,278.2,15.604187,1.5,22.4
1671361386.513000,45.384391,6.598762,2367.965168,281.9,14.038038,1.5,22.4
1671361387.510000,45.384430,6.598587,2362.965223,299.1,12.345407,1.6,16.0
1671361388.513000,45.384487,6.598424,2360.067119,291.3,12.197517,1.3,16.0
1671361389.515000,45.384533,6.598259,2356.798114,279.0,13.212250,1.5,16.0
1671361390.520000,45.384557,6.598076,2352.664652,273.3,14.043778,1.5,16.0
1671361391.514000,45.384566,6.597882,2347.861149,276.6,14.907202,1.5,16.0
1671361392.528000,45.384597,6.597680,2346.332011,293.7,15.497378,1.5,16.0
1671361393.525000,45.384656,6.597490,2343.933039,291.2,16.361691,1.6,16.0
1671361394.523000,45.384705,6.597296,2334.772510,281.9,15.889647,1.7,16.0
1671361395.518000,45.384719,6.597099,2328.202380,251.2,16.099203,1.6,16.0
1671361396.520000,45.384678,6.596885,2322.808551,251.9,16.447851,1.6,16.0
1671361397.511000,45.384645,6.596683,2317.299528,270.8,15.383365,1.5,16.0
1671361398.522000,45.384648,6.596478,2313.867763,278.8,15.288068,1.5,16.0
1671361399.511000,45.384667,6.596275,2312.491697,272.0,15.321104,1.4,16.0
1671361400.521000,45.384681,6.596045,2303.645596,258.2,16.527452,1.4,16.0
1671361401.512000,45.384666,6.595782,2295.141149,269.4,17.816029,1.5,15.3
1671361402.513000,45.384683,6.595537,2291.910281,282.9,18.766306,1.5,14.4
1671361403.521000,45.384722,6.595296,2283.763673,275.1,19.791801,1.5,14.7
1671361404.524000,45.384729,6.595012,2274.376043,267.1,20.330587,1.5,14.4
1671361405.516000,45.384714,6.594726,2268.673413,272.1,19.724312,1.6,14.7
1671361406.519000,45.384710,6.594426,2267.090498,275.0,20.275719,1.6,15.2
1671361407.518000,45.384732,6.594106,2264.423047,288.1,18.687029,1.5,15.2
1671361408.504000,45.384821,6.593853,2261.787951,319.2,17.546459,1.5,14.7
1671361409.505000,45.384949,6.593681,2259.250548,319.0,16.655313,1.5,14.0
1671361410.517000,45.385070,6.593524,2255.978448,314.2,16.386908,1.4,12.8
1671361411.503000,45.385171,6.593356,2249.914970,307.0,16.121103,1.4,12.7
1671361412.525000,45.385264,6.593176,2245.321179,304.0,16.053476,1.5,12.0
1671361413.513000,45.385349,6.592999,2243.998671,303.0,15.427675,1.5,12.0
1671361414.524000,45.385430,6.592825,2243.057883,304.0,14.788169,1.5,12.0
1671361415.530000,45.385506,6.592665,2242.365425,306.0,14.460469,1.5,12.0
1671361416.530000,45.385581,6.592518,2240.784300,306.0,13.471504,1.5,12.0
1671361417.524000,45.385657,6.592399,2239.802664,307.0,12.689858,1.5,12.0
1671361418.519000,45.385727,6.592286,2238.684727,308.0,11.848419,1.3,12.0
1671361419.523000,45.385793,6.592180,2236.536927,307.0,11.928798,1.5,11.3
1671361420.525000,45.385856,6.592065,2235.594340,308.0,11.519789,1.5,10.7
1671361421.525000,45.385917,6.591954,2234.450843,309.0,11.137911,1.5,10.0
1671361422.524000,45.385977,6.591849,2233.438011,310.0,10.964077,1.5,8.8
1671361423.522000,45.386039,6.591749,2232.276537,311.0,10.602674,1.7,7.6
1671361424.520000,45.386099,6.591649,2231.529151,310.0,10.522893,1.7,7.3
1671361425.523000,45.386158,6.591547,2230.636686,309.0,10.618042,1.6,7.0
1671361426.517000,45.386217,6.591444,2229.410352,310.0,10.605117,1.6,6.7
1671361427.515000,45.386280,6.591344,2227.216441,313.0,10.635592,1.6,6.0
1671361428.521000,45.386349,6.591253,2226.220109,318.0,10.429270,1.6,5.3
1671361429.511000,45.386416,6.591163,2225.693895,313.2,10.491768,1.4,5.0
1671361430.523000,45.386471,6.591055,2223.897278,303.6,10.512400,1.6,4.4
1671361431.519000,45.386519,6.590940,2221.918573,302.8,10.567661,1.5,4.0
1671361432.527000,45.386580,6.590828,2221.006282,308.0,11.263921,1.5,4.0
1671361433.520000,45.386649,6.590711,2220.449069,309.9,12.351150,1.6,4.0
1671361434.518000,45.386725,6.590589,2218.072851,310.0,13.808336,1.7,4.8
1671361435.546000,45.386812,6.590447,2213.792987,310.0,14.697958,1.6,5.6
1671361436.532000,45.386898,6.590305,2210.153666,310.9,14.658035,1.7,6.4
1671361437.513000,45.386983,6.590168,2208.799713,313.3,15.043523,1.5,6.7
1671361438.529000,45.387078,6.590026,2205.234893,315.4,15.254916,1.5,8.8
1671361439.518000,45.387185,6.589905,2201.702781,321.8,15.716003,1.5,8.7
1671361440.532000,45.387302,6.589798,2198.872741,326.2,15.438797,1.4,8.7
1671361441.511000,45.387418,6.589723,2196.039726,336.4,13.778658,1.4,8.7
1671361442.518000,45.387534,6.589665,2195.417017,338.6,12.983042,1.3,8.8
1671361443.520000,45.387646,6.589625,2195.151031,341.5,12.012335,1.5,8.3
1671361444.510000,45.387744,6.589589,2194.878204,341.0,11.049999,1.5,7.3
1671361445.526000,45.387838,6.589548,2194.358560,338.9,10.453257,1.5,7.3
1671361446.543000,45.387925,6.589505,2193.054756,337.4,10.137736,1.6,7.2
1671361448.527000,45.388082,6.589407,2191.579691,334.9,9.533768,1.6,7.6
1671361450.528000,45.388247,6.589334,2189.961703,347.8,9.849166,1.6,7.2
1671361452.539000,45.388433,6.589301,2187.845540,355.1,11.269644,1.7,7.2
1671361453.528000,45.388537,6.589309,2185.884068,5.3,12.448166,1.7,7.2
1671361454.522000,45.388650,6.589338,2183.480730,6.5,12.578799,1.6,7.3
1671361455.512000,45.388762,6.589406,2179.661909,19.8,13.473838,1.6,7.7
1671361456.513000,45.388872,6.589478,2176.091108,19.1,13.258605,1.6,8.0
1671361457.506000,45.388979,6.589540,2172.957203,13.9,12.523115,1.6,8.0
1671361458.517000,45.389086,6.589578,2170.297326,12.4,11.914819,1.5,8.0
1671361459.503000,45.389187,6.589586,2168.206797,3.1,10.609607,1.5,8.7
1671361460.523000,45.389277,6.589538,2167.007631,345.2,10.025852,1.7,9.6
1671361461.516000,45.389352,6.589436,2165.619608,329.9,10.390543,1.6,10.4
1671361462.506000,45.389428,6.589285,2163.959977,316.7,12.449492,1.6,10.7
1671361463.523000,45.389509,6.589112,2161.964748,317.4,12.944839,1.6,11.2
1671361464.531000,45.389619,6.588988,2158.930203,332.0,14.063468,1.7,10.4
1671361465.526000,45.389731,6.588886,2157.461419,332.7,14.675266,1.7,9.6
1671361466.527000,45.389850,6.588782,2153.635662,330.8,14.826276,1.5,8.8
1671361467.510000,45.389958,6.588657,2148.259161,319.7,15.666875,1.5,8.8
1671361468.529000,45.390067,6.588528,2143.149486,325.5,15.314387,1.5,9.6
1671361469.507000,45.390183,6.588430,2138.306155,329.8,15.757823,1.5,10.0
1671361470.523000,45.390316,6.588360,2135.539033,335.7,15.967994,1.4,10.7
1671361471.524000,45.390457,6.588367,2133.227554,352.2,15.735440,1.5,10.7
1671361472.527000,45.390599,6.588359,2130.852239,356.6,14.495462,1.6,10.4
1671361473.525000,45.390722,6.588371,2129.859498,0.7,13.244704,1.6,10.0
1671361474.521000,45.390835,6.588401,2127.998102,6.3,12.682018,1.6,8.8
1671361475.500000,45.390938,6.588451,2127.482552,13.5,12.108461,1.6,8.3
1671361476.517000,45.391042,6.588498,2126.072022,15.8,11.998714,1.6,7.7
1671361477.534000,45.391144,6.588546,2124.229132,14.6,12.034473,1.4,7.6
1671361478.522000,45.391245,6.588586,2121.277111,13.0,11.726893,1.6,7.7
1671361479.542000,45.391344,6.588622,2117.983266,12.5,11.008673,1.6,7.6
1671361480.517000,45.391437,6.588648,2117.383353,10.8,11.325802,1.6,8.0
1671361481.527000,45.391537,6.588641,2113.818224,357.5,11.549447,1.6,8.0
1671361482.515000,45.391638,6.588606,2110.504131,349.1,11.600642,1.7,8.0
1671361483.519000,45.391742,6.588530,2108.350872,338.3,12.094532,1.7,8.0
1671361484.522000,45.391844,6.588397,2105.452799,317.9,14.368846,1.7,8.0
1671361485.528000,45.391940,6.588254,2101.234755,314.7,14.491107,1.7,8.0
1671361486.527000,45.392033,6.588116,2100.499833,318.4,14.441387,1.7,8.0
1671361487.531000,45.392135,6.588002,2099.161205,323.5,14.619280,1.7,8.0
1671361488.529000,45.392250,6.587912,2096.723208,330.5,15.201430,1.5,8.8
1671361489.534000,45.392376,6.587879,2094.980965,346.7,14.769449,1.5,9.6
1671361490.519000,45.392512,6.587862,2092.858704,352.7,15.214181,1.6,9.3
1671361491.520000,45.392653,6.587841,2089.275667,351.1,15.000234,1.6,9.3
1671361492.530000,45.392793,6.587815,2085.060612,351.1,15.154687,1.6,9.6
1671361493.512000,45.392928,6.587798,2082.625998,358.6,15.018785,1.7,9.3
1671361494.522000,45.393065,6.587809,2081.828253,5.9,15.089554,1.7,8.7
1671361495.517000,45.393203,6.587838,2078.983022,6.2,15.462398,1.7,8.0
1671361496.540000,45.393348,6.587864,2076.273013,359.6,15.809837,1.5,8.0
1671361497.521000,45.393488,6.587868,2070.781606,358.9,15.404661,1.5,8.0
1671361498.522000,45.393626,6.587856,2067.875985,357.5,14.295346,1.5,8.8
1671361499.517000,45.393753,6.587838,2065.250265,356.9,14.083292,1.5,10.0
1671361500.506000,45.393871,6.587806,2062.269637,355.7,13.946073,1.5,11.3
1671361501.510000,45.393944,6.587706,2060.543256,336.8,11.139742,1.6,12.7
1671361502.516000,45.393969,6.587568,2056.554748,307.6,9.956459,1.7,14.0
1671361503.516000,45.393964,6.587440,2054.126770,294.0,9.134475,1.6,15.3
1671361504.507000,45.393891,6.587309,2052.394387,257.1,8.439195,1.6,16.0
1671361505.531000,45.393744,6.587175,2050.577738,219.1,12.102789,1.7,16.0
1671361506.522000,45.393598,6.587045,2048.201089,213.8,12.936241,1.7,16.0
1671361507.526000,45.393448,6.586922,2046.309058,209.8,12.784953,1.5,16.0
1671361508.520000,45.393302,6.586810,2044.912297,207.4,12.277365,1.7,16.0
1671361509.522000,45.393159,6.586705,2043.454851,207.2,11.443643,1.7,16.0
1671361510.515000,45.393025,6.586600,2043.051609,213.0,11.131986,1.7,16.0
1671361511.513000,45.392886,6.586472,2042.377880,221.9,11.286095,1.7,15.3
1671361512.523000,45.392816,6.586325,2040.877496,270.8,10.020695,1.8,14.7
1671361513.530000,45.392802,6.586170,2038.646439,283.4,9.677211,1.8,13.6
1671361514.522000,45.392842,6.586042,2036.963069,312.3,10.718784,1.7,13.3
1671361515.522000,45.392905,6.585931,2036.353568,323.8,11.358819,1.7,11.2
1671361516.523000,45.392993,6.585850,2035.693113,333.8,11.977565,1.7,10.4
1671361517.537000,45.393091,6.585778,2033.235345,334.9,12.164432,1.7,9.6
1671361518.536000,45.393192,6.585711,2031.082220,338.6,12.930131,1.6,8.8
1671361519.548000,45.393307,6.585658,2030.118942,344.4,13.276626,1.8,8.0
1671361520.532000,45.393426,6.585622,2028.317552,347.3,13.438750,1.7,8.0
1671361521.544000,45.393549,6.585609,2025.897618,355.7,13.106371,1.7,7.6
1671361522.520000,45.393668,6.585604,2024.176066,356.7,13.409289,1.8,7.3
1671361523.531000,45.393792,6.585598,2022.816389,357.9,13.157778,1.8,7.0
1671361524.520000,45.393910,6.585592,2020.808626,353.2,12.519072,1.8,7.0
1671361525.532000,45.394022,6.585569,2017.026354,347.2,12.285507,1.9,6.8
1671361526.522000,45.394129,6.585526,2012.168976,345.4,12.686992,1.6,7.0
1671361527.530000,45.394242,6.585488,2012.057095,349.5,12.915704,1.6,7.6
1671361528.523000,45.394356,6.585465,2011.530766,353.8,12.647648,1.6,7.3
1671361529.531000,45.394467,6.585454,2011.597101,354.9,11.179276,1.6,7.2
1671361530.525000,45.394567,6.585446,2010.295403,355.0,11.171859,1.6,7.0
1671361531.520000,45.394671,6.585436,2007.939081,355.2,12.160579,1.5,6.7
1671361532.534000,45.394784,6.585420,2005.967172,353.7,11.935154,1.8,6.0
1671361533.530000,45.394892,6.585402,2004.762880,353.1,12.269529,1.8,6.0
1671361534.525000,45.395004,6.585388,2002.977083,356.0,12.311103,1.7,6.0
1671361535.517000,45.395114,6.585378,2001.814143,355.4,11.684474,1.8,6.0
1671361536.528000,45.395218,6.585360,1999.241859,347.8,11.318026,1.8,6.0
1671361537.528000,45.395318,6.585322,1996.255849,344.2,11.540285,1.9,6.0
1671361538.521000,45.395419,6.585278,1995.101132,351.9,11.202564,1.8,6.0
1671361539.515000,45.395521,6.585255,1994.583463,353.0,10.731032,1.8,6.0
1671361540.531000,45.395617,6.585234,1992.670395,347.3,9.075028,1.8,6.0
1671361542.523000,45.395763,6.585161,1989.043352,335.1,8.180850,1.8,6.0
1671361544.510000,45.395918,6.585053,1984.188906,310.3,10.103997,1.8,6.0
1671361545.528000,45.395981,6.584946,1979.688950,293.4,10.512542,1.8,6.0
1671361546.519000,45.396016,6.584819,1974.474937,267.7,10.039512,1.8,6.0
1671361547.519000,45.396010,6.584687,1969.313701,252.1,9.979675,1.8,6.3
1671361548.526000,45.395977,6.584565,1966.488226,229.2,9.954656,1.8,6.8
1671361549.511000,45.395906,6.584457,1962.177214,220.1,12.441076,1.9,7.2
1671361550.505000,45.395815,6.584346,1957.931563,225.9,12.601616,1.9,7.3
1671361551.506000,45.395735,6.584226,1956.549659,234.2,12.596242,1.8,7.7
1671361552.520000,45.395670,6.584089,1950.973813,239.9,12.926826,2.0,8.0
1671361553.507000,45.395616,6.583936,1945.920638,250.5,14.755196,1.9,8.7
1671361554.515000,45.395574,6.583762,1942.792631,272.9,16.283653,2.0,9.6
1671361555.523000,45.395574,6.583548,1937.879493,280.4,16.658794,1.7,10.4
1671361556.514000,45.395599,6.583337,1934.164964,290.8,15.648284,1.7,11.2
1671361557.519000,45.395646,6.583159,1932.388456,309.3,13.416931,1.7,11.3
1671361558.524000,45.395732,6.583036,1930.768970,338.3,14.303800,1.7,12.0
1671361559.513000,45.395851,6.582958,1927.737695,327.1,15.714776,1.6,12.0
1671361560.516000,45.395968,6.582840,1921.115672,314.3,15.303457,2.0,12.0
1671361561.512000,45.396057,6.582697,1917.008772,308.8,14.357603,2.0,12.7
1671361562.521000,45.396131,6.582552,1914.709681,320.7,11.428938,2.0,12.8
1671361563.515000,45.396208,6.582448,1911.407423,320.0,9.860920,2.0,12.7
1671361564.518000,45.396288,6.582348,1909.275359,301.3,8.259978,2.0,12.8
1671361566.512000,45.396332,6.582162,1904.737333,263.2,8.197729,1.9,12.7
1671361568.530000,45.396336,6.581928,1898.987309,263.6,10.451339,2.0,12.0
1671361569.531000,45.396333,6.581787,1894.463752,263.5,10.457002,2.0,12.0
1671361570.516000,45.396314,6.581649,1891.302166,243.0,10.863316,2.0,12.7
1671361571.522000,45.396270,6.581516,1888.169325,227.8,11.002060,2.0,12.8
1671361572.513000,45.396201,6.581422,1883.672596,213.6,10.616293,2.0,12.7
1671361573.515000,45.396115,6.581347,1881.799455,217.0,11.273382,2.1,12.7
1671361574.527000,45.396023,6.581256,1879.914401,223.9,12.172517,2.2,12.7
1671361575.519000,45.395935,6.581139,1878.257360,225.0,12.474943,2.2,12.0
1671361576.527000,45.395842,6.581013,1874.851684,223.0,13.347678,2.3,12.0
1671361577.509000,45.395743,6.580888,1858.126103,223.0,13.977282,2.9,12.0
1671361578.516000,45.395638,6.580756,1856.683665,222.0,14.173776,3.0,12.0
1671361579.525000,45.395522,6.580604,1864.815694,222.0,14.467575,2.3,11.3
1671361580.515000,45.395409,6.580466,1862.143414,219.1,14.337050,2.0,10.7
1671361581.515000,45.395293,6.580331,1859.957854,219.0,14.803559,2.0,10.0
1671361582.516000,45.395178,6.580201,1859.058816,215.1,14.113472,2.0,8.8
1671361583.513000,45.395066,6.580090,1856.938964,214.1,13.347191,2.0,8.7
1671361584.509000,45.394954,6.579990,1854.974394,211.1,12.492467,2.1,8.0
1671361585.518000,45.394846,6.579900,1853.910940,211.0,11.674962,2.4,8.0
1671361586.508000,45.394746,6.579817,1853.479178,210.0,11.285150,2.4,8.0
1671361587.521000,45.394649,6.579744,1852.827834,208.2,10.897989,2.4,8.0
1671361588.512000,45.394556,6.579683,1852.054067,208.0,11.033088,2.2,8.0
1671361589.522000,45.394462,6.579629,1850.360432,204.0,10.702673,2.4,8.0
1671361590.510000,45.394370,6.579585,1849.073324,201.1,10.840623,2.4,8.0
1671361591.518000,45.394280,6.579549,1847.674189,196.1,10.114208,2.4,8.0
1671361593.524000,45.394116,6.579493,1846.754029,196.0,9.217375,2.2,8.0
1671361595.508000,45.393966,6.579448,1843.838924,196.9,8.889752,2.4,8.0
1671361597.525000,45.393797,6.579376,1842.603949,209.4,9.949244,2.3,8.0
1671361599.520000,45.393670,6.579255,1837.962756,246.1,7.265429,2.5,8.0
1671361601.526000,45.393557,6.579058,1833.238771,226.3,12.443479,2.5,8.0
1671361602.516000,45.393474,6.578938,1812.954451,233.5,12.145874,2.7,8.0
1671361603.523000,45.393404,6.578805,1812.989176,251.9,12.558469,2.7,8.0
1671361604.518000,45.393361,6.578642,1824.360031,248.4,13.465349,2.6,8.0
1671361605.510000,45.393308,6.578474,1823.702669,245.6,13.975005,2.3,8.0
1671361606.514000,45.393248,6.578317,1819.053685,254.5,12.956831,2.4,8.0
1671361607.524000,45.393215,6.578171,1813.480762,259.0,10.709766,2.4,8.0
1671361609.513000,45.393243,6.577977,1793.425930,282.8,8.574403,2.9,8.0
1671361611.532000,45.393295,6.577736,1781.718435,271.0,10.164137,2.6,8.0
1671361613.515000,45.393282,6.577488,1791.524292,253.0,9.715426,2.8,8.0
1671361615.529000,45.393238,6.577236,1799.863960,263.8,10.657871,2.6,8.0
1671361616.515000,45.393229,6.577094,1796.973089,282.8,10.511553,2.5,8.0
1671361617.520000,45.393262,6.576942,1795.290096,301.2,13.471640,2.5,8.0
1671361618.516000,45.393329,6.576768,1792.146583,297.0,14.959318,2.6,8.0
1671361619.518000,45.393396,6.576582,1786.875840,296.0,14.786359,2.6,8.0
1671361620.509000,45.393454,6.576402,1783.053635,280.6,14.582865,2.6,8.0
1671361621.527000,45.393472,6.576199,1779.391485,275.0,16.021059,2.5,8.0
1671361622.534000,45.393482,6.575989,1776.757202,285.8,15.390186,2.5,8.0
1671361623.520000,45.393522,6.575798,1761.255695,288.9,15.248437,2.9,8.0
1671361624.510000,45.393568,6.575612,1757.385473,281.3,14.395116,2.8,8.0
1671361625.523000,45.393593,6.575422,1750.218408,278.2,14.467710,2.5,8.0
1671361626.518000,45.393611,6.575228,1748.784710,284.0,14.941607,2.5,8.0
1671361627.521000,45.393649,6.575032,1746.923559,291.8,14.786653,2.5,8.0
1671361628.524000,45.393735,6.574873,1745.021168,312.6,15.049410,2.6,8.0
1671361629.508000,45.393845,6.574749,1744.633764,330.2,15.372111,2.5,8.0
1671361630.535000,45.393976,6.574674,1742.557347,341.3,15.394863,2.6,8.0
1671361631.538000,45.394115,6.574625,1740.058090,346.7,16.386026,2.6,8.0
1671361632.511000,45.394260,6.574585,1738.657295,339.3,16.082710,2.6,8.0
1671361633.539000,45.394403,6.574519,1734.118305,333.0,16.282164,2.8,8.0
1671361634.515000,45.394535,6.574430,1730.054691,339.8,15.654115,2.7,8.0
1671361635.532000,45.394677,6.574368,1721.428185,353.3,14.545745,3.0,8.0
1671361636.521000,45.394806,6.574361,1719.246411,4.4,14.042136,3.0,8.0
1671361637.520000,45.394930,6.574384,1717.017462,2.0,13.269631,2.8,8.0
1671361638.521000,45.395045,6.574400,1713.702340,352.1,12.624453,2.5,8.0
1671361639.513000,45.395153,6.574382,1709.055969,343.3,12.143947,2.5,8.0
1671361640.518000,45.395248,6.574337,1707.432085,335.2,11.066862,2.6,8.0
1671361642.513000,45.395394,6.574226,1704.137841,339.1,8.050141,3.1,8.0
1671361644.503000,45.395516,6.574219,1703.444485,351.1,7.580383,3.1,8.0
1671361646.510000,45.395654,6.574174,1698.203375,347.9,8.737309,2.8,8.0
1671361648.513000,45.395824,6.574174,1686.732206,3.2,9.930587,2.6,8.0
1671361649.530000,45.395922,6.574184,1688.278596,350.1,9.832555,2.6,8.0
1671361651.519000,45.396087,6.574113,1679.522468,336.0,8.451289,2.8,8.0
1671361653.517000,45.396224,6.574034,1679.871164,326.3,7.006535,2.6,8.0
1671361655.518000,45.396331,6.573916,1677.086467,298.5,7.819237,2.9,8.0
1671361657.526000,45.396361,6.573672,1671.278362,268.4,9.377334,2.6,8.0
1671361658.525000,45.396356,6.573541,1669.540585,269.0,9.634722,3.0,8.0
1671361659.515000,45.396352,6.573407,1662.718527,292.7,9.536063,3.0,8.0
1671361660.537000,45.396387,6.573279,1661.394191,302.1,10.397755,3.0,8.0
1671361661.528000,45.396448,6.573151,1657.515330,297.1,12.138786,3.1,8.0
1671361662.513000,45.396500,6.573011,1655.443880,275.5,11.663108,3.2,8.0
1671361663.520000,45.396509,6.572858,1652.148526,268.9,11.558198,3.1,8.0
1671361664.516000,45.396503,6.572705,1651.415354,272.7,11.923032,3.0,8.0
1671361665.521000,45.396504,6.572543,1646.752708,270.2,12.265265,3.1,8.0
1671361666.512000,45.396512,6.572388,1640.178711,290.9,11.933149,2.7,8.7
1671361667.518000,45.396550,6.572232,1636.255433,294.6,15.052180,2.5,9.6
1671361668.534000,45.396605,6.572050,1630.381386,294.8,14.964545,2.7,10.4
1671361669.521000,45.396668,6.571895,1625.674224,311.7,13.575382,3.1,11.2
1671361670.521000,45.396744,6.571768,1619.210070,312.0,12.235399,2.9,12.0
1671361671.519000,45.396806,6.571657,1615.865916,310.4,11.563317,3.0,12.8
1671361673.516000,45.396872,6.571470,1614.418947,279.0,6.948088,2.8,12.7
1671361675.523000,45.396881,6.571300,1610.490396,271.1,7.618080,2.9,12.0
1671361677.518000,45.396872,6.571052,1605.701653,242.5,9.968739,2.7,12.0
1671361678.543000,45.396834,6.570929,1605.975350,233.4,9.590647,2.5,12.0
1671361680.533000,45.396763,6.570701,1603.584393,236.4,9.531330,2.8,12.0
1671361682.514000,45.396715,6.570481,1598.783562,225.1,7.560661,2.8,12.0
1671361684.540000,45.396638,6.570330,1591.995392,220.9,7.580142,2.8,10.4
1671361686.513000,45.396521,6.570194,1587.251243,219.6,8.353922,2.9,9.3
1671361688.515000,45.396384,6.570064,1587.539608,192.1,8.470400,3.0,9.6
1671361689.513000,45.396297,6.570028,1587.502408,197.8,8.596388,3.1,10.0
1671361690.524000,45.396208,6.569982,1585.180002,179.5,8.901356,3.2,11.2
1671361691.512000,45.396118,6.569974,1582.764880,179.1,7.849810,3.2,11.3
1671361693.502000,45.395949,6.569962,1574.309211,189.9,9.860290,2.6,12.0
1671361694.508000,45.395860,6.569938,1573.749187,194.7,9.439173,2.7,18.0
1671361695.523000,45.395767,6.569883,1570.349836,204.4,9.397962,2.8,18.0
1671361697.518000,45.395614,6.569782,1568.314290,208.7,8.919527,3.2,19.2
1671361699.515000,45.395461,6.569654,1562.681416,212.0,7.787688,3.0,12.0
1671361701.518000,45.395315,6.569559,1559.945561,207.0,8.966069,2.9,12.0
1671361702.516000,45.395232,6.569510,1558.942157,206.0,9.381138,2.6,12.0
1671361703.521000,45.395143,6.569458,1555.932632,206.8,9.879650,3.0,12.0
1671361704.514000,45.395051,6.569403,1554.273265,200.7,10.424035,2.6,12.0
1671361705.515000,45.394950,6.569361,1552.564952,188.5,10.797736,2.8,12.0
1671361706.515000,45.394845,6.569344,1550.902384,185.7,10.385431,2.6,12.0
1671361707.514000,45.394748,6.569344,1549.118035,183.4,9.700514,2.8,12.7
1671361708.530000,45.394652,6.569350,1546.196687,181.8,10.099456,3.0,13.6
1671361710.517000,45.394489,6.569365,1542.648742,175.2,8.995390,2.7,15.2
1671361711.527000,45.394396,6.569394,1542.300317,179.1,9.327376,2.8,15.2
1671361712.515000,45.394305,6.569405,1542.307025,184.0,9.386653,2.7,15.2
1671361713.507000,45.394212,6.569408,1541.851404,183.2,8.987152,2.6,15.3
1671361714.516000,45.394122,6.569412,1538.685067,182.0,9.924405,2.8,15.2
1671361715.510000,45.394018,6.569424,1537.572666,181.1,10.468233,2.8,15.3
1671361716.515000,45.393921,6.569424,1536.059484,178.4,10.260647,2.8,20.7
1671361717.524000,45.393803,6.569446,1534.081194,178.3,10.397807,2.6,22.4
1671361718.516000,45.393684,6.569468,1532.941574,182.3,10.709592,2.6,22.4
1671361719.514000,45.393571,6.569474,1532.094581,182.0,10.222590,2.5,21.3
1671361720.517000,45.393466,6.569479,1529.964356,180.8,10.345731,2.5,22.4
1671361721.519000,45.393364,6.569481,1527.176833,180.2,10.139134,2.6,16.0
1671361722.523000,45.393267,6.569477,1525.604003,182.5,10.984983,2.8,17.6
1671361723.517000,45.393164,6.569473,1523.379599,182.4,10.551935,2.6,19.2
1671361724.513000,45.393062,6.569474,1521.605710,181.4,10.831625,2.6,20.0
1671361725.511000,45.392947,6.569491,1519.959908,178.6,10.882794,2.8,20.0
1671361726.512000,45.392837,6.569500,1518.362578,177.4,10.570668,3.0,20.0
1671361727.511000,45.392721,6.569544,1517.476250,171.0,10.668924,2.9,20.0
1671361728.524000,45.392612,6.569577,1517.241517,172.3,10.277855,2.9,17.6
1671361729.518000,45.392497,6.569612,1516.032251,176.4,9.898445,2.9,16.0
1671361730.510000,45.392384,6.569639,1515.547019,175.7,8.657054,2.6,16.0
1671361731.520000,45.392281,6.569664,1514.067973,173.6,8.876451,3.0,16.0
1671361732.521000,45.392173,6.569685,1512.659422,182.1,9.740427,2.6,15.2
1671361733.512000,45.392067,6.569688,1510.881544,190.0,10.076459,2.7,14.7
1671361734.516000,45.391963,6.569674,1509.401479,189.9,10.464115,2.5,14.0
1671361735.514000,45.391860,6.569659,1508.112683,187.3,10.963703,2.8,12.8
1671361736.519000,45.391754,6.569649,1506.246359,185.3,10.546407,2.9,13.3
1671361737.520000,45.391653,6.569651,1503.208925,179.2,8.764535,3.0,13.3
1671361739.502000,45.391497,6.569668,1500.538397,187.9,6.252662,2.6,17.3
1671361741.504000,45.391405,6.569654,1496.187671,228.9,3.566605,2.7,18.7
1671361744.509000,45.391270,6.569595,1492.204883,236.7,5.660299,2.7,13.5
1671361746.511000,45.391208,6.569470,1486.026986,250.2,6.819001,2.5,12.5
1671361748.526000,45.391141,6.569285,1480.436120,264.9,8.678505,2.5,12.0
1671361750.513000,45.391115,6.569052,1471.590785,286.3,10.566208,2.5,12.0
1671361752.508000,45.391173,6.568817,1466.018183,309.2,9.238809,2.6,12.0
1671361754.528000,45.391258,6.568704,1462.707874,319.0,5.929315,2.8,10.4
1671361757.525000,45.391263,6.568571,1461.824479,231.9,5.026142,2.9,8.0
1671361759.514000,45.391196,6.568448,1460.728157,281.4,5.114127,2.6,8.0
1671361761.517000,45.391217,6.568308,1458.125298,307.6,6.558585,2.6,8.0
1671361763.510000,45.391288,6.568122,1454.886742,307.3,6.741366,2.5,8.0
1671361765.528000,45.391353,6.567964,1454.335821,290.4,5.767561,2.9,8.0
1671361767.517000,45.391382,6.567824,1453.989010,204.6,4.975944,2.9,9.2
1671361770.526000,45.391453,6.567684,1453.049046,321.3,5.021845,2.7,12.0
1671361786.113000,45.391500,6.567575,1453.525343,-1.0,0.003551,2.9,4.4
1671361795.993000,45.391519,6.567448,1452.934320,270.2,0.118022,2.7,5.7
1671361812.874000,45.391534,6.567321,1457.612135,-1.0,0.054305,3.0,8.8
1671361843.750000,45.391563,6.567194,1470.893679,274.1,0.377739,2.9,7.2
1671361941.427000,45.391548,6.567062,1490.200073,-1.0,0.002407,1.4,6.4
1671361996.330000,45.391476,6.566981,1490.200073,-1.0,0.037739,1.7,7.5
1671362004.448000,45.391464,6.567178,1490.400024,93.3,3.935314,1.7,15.0
1671362006.504000,45.391446,6.567480,1490.400024,98.0,5.086452,1.7,15.8
1671362007.500000,45.391434,6.567620,1493.400024,98.0,5.018887,1.8,15.0
1671362009.500000,45.391417,6.567802,1495.306790,97.8,5.008499,1.7,9.8
1671362012.464000,45.391393,6.568001,1497.275418,101.9,5.009927,1.9,8.3
1671362014.264000,45.391378,6.568140,1499.417409,100.7,5.004478,2.0,9.4
1671362016.047000,45.391367,6.568283,1501.870492,98.9,4.962770,2.1,9.3
1671362018.447000,45.391355,6.568423,1504.056130,98.3,4.958502,2.1,7.6
1671362020.246000,45.391343,6.568550,1505.705013,97.9,4.888814,2.0,6.9
1671362023.246000,45.391325,6.568741,1509.421683,97.6,4.951399,2.1,7.4
1671362026.498000,45.391305,6.568936,1513.733869,97.0,4.806866,2.1,8.2
1671362028.518000,45.391293,6.569065,1516.478853,97.9,4.738304,2.2,6.5
1671362031.510000,45.391274,6.569245,1520.889868,98.0,4.780037,2.1,5.2
1671362034.499000,45.391254,6.569432,1525.262044,99.0,4.680068,2.0,5.3
1671362037.501000,45.391234,6.569620,1530.901285,99.0,4.839461,2.1,4.3
1671362040.503000,45.391216,6.569799,1535.778401,98.0,4.672518,2.1,5.2
1671362043.499000,45.391197,6.569975,1541.106717,98.0,4.561802,2.2,6.0
1671362046.505000,45.391178,6.570152,1547.274302,98.7,4.702506,2.4,5.7
1671362049.508000,45.391158,6.570321,1553.230538,97.0,4.634950,2.4,4.3
1671362051.511000,45.391143,6.570447,1557.529867,99.0,4.687986,2.3,4.3
1671362054.509000,45.391123,6.570624,1564.016204,99.0,4.571350,2.3,5.6
1671362057.503000,45.391102,6.570796,1570.277869,97.0,4.490002,2.4,6.0
1671362060.498000,45.391084,6.570968,1577.604691,99.0,4.500300,2.4,5.6
1671362063.496000,45.391065,6.571130,1584.170422,98.0,4.615440,2.3,5.8
1671362066.499000,45.391047,6.571311,1591.589420,97.0,4.494658,2.4,6.0
1671362069.500000,45.391028,6.571480,1598.264023,98.0,4.421218,2.4,6.0
1671362072.507000,45.391013,6.571645,1605.258435,98.0,4.386042,2.4,6.0
1671362075.502000,45.390996,6.571810,1613.553082,97.0,4.264234,2.7,6.0
1671362078.506000,45.390979,6.571972,1621.518111,98.0,4.429307,2.7,6.0
1671362081.501000,45.390963,6.572136,1629.373494,97.0,4.198778,2.6,6.0
1671362084.513000,45.390947,6.572296,1637.534983,98.0,4.166645,2.7,6.0
1671362087.499000,45.390930,6.572454,1645.946542,98.0,4.377442,1.8,6.0
1671362090.508000,45.390913,6.572615,1654.474939,98.0,4.065972,1.7,4.8
1671362093.532000,45.390898,6.572768,1664.034035,98.0,4.149358,1.6,4.5
1671362096.510000,45.390883,6.572926,1672.476661,98.0,4.050913,1.7,4.5
1671362099.501000,45.390868,6.573084,1681.114928,97.0,3.989328,1.7,4.0
1671362102.524000,45.390850,6.573260,1689.543718,98.0,4.601964,1.7,4.0
1671362105.506000,45.390834,6.573428,1696.082179,98.0,4.678751,1.9,4.0
1671362108.517000,45.390816,6.573604,1703.464121,97.0,4.525790,1.9,4.0
1671362111.506000,45.390802,6.573753,1710.172712,98.0,4.327320,1.8,4.0
1671362114.503000,45.390786,6.573916,1717.786082,98.0,4.287961,1.8,4.0
1671362117.510000,45.390769,6.574081,1724.913170,98.0,4.411865,1.9,4.0
1671362120.505000,45.390752,6.574242,1732.904183,98.0,4.274959,1.7,4.0
1671362123.069000,45.390738,6.574376,1740.356923,97.0,4.364933,1.6,5.2
1671362125.493000,45.390723,6.574510,1746.057959,98.0,4.213480,1.7,5.0
1671362128.100000,45.390709,6.574646,1753.311870,98.0,4.254683,1.7,5.3
1671362130.517000,45.390694,6.574783,1759.068849,97.7,5.155529,1.7,6.2
1671362132.514000,45.390680,6.574912,1763.187229,98.0,4.433144,1.9,6.7
1671362134.511000,45.390666,6.575042,1766.449073,97.0,4.919656,2.0,6.0
1671362137.519000,45.390647,6.575218,1771.317967,98.0,5.027627,1.9,5.3
1671362140.504000,45.390629,6.575405,1773.635892,98.0,4.950347,1.9,4.6
1671362143.513000,45.390610,6.575592,1776.987822,98.0,4.924289,2.0,4.0
1671362146.507000,45.390591,6.575777,1780.349022,98.0,4.932739,2.1,4.0
1671362149.507000,45.390573,6.575962,1783.111533,98.0,4.836888,1.8,4.0
1671362152.515000,45.390554,6.576150,1786.433127,98.0,4.871686,1.9,4.4
1671362155.514000,45.390536,6.576339,1790.410638,98.0,4.856738,1.9,4.4
1671362158.516000,45.390518,6.576521,1794.128990,97.0,4.826565,1.7,4.0
1671362161.506000,45.390501,6.576704,1798.157673,98.0,4.804500,1.9,4.0
1671362164.514000,45.390482,6.576884,1802.874010,98.0,4.807284,1.9,5.2
1671362167.526000,45.390459,6.577097,1807.262901,98.0,4.732388,1.8,6.0
1671362170.501000,45.390443,6.577251,1811.759194,98.0,4.735348,1.9,5.1
1671362172.527000,45.390428,6.577392,1814.737871,98.0,4.718123,1.8,4.0
1671362175.504000,45.390412,6.577550,1820.293388,98.0,4.733240,1.8,4.0
1671362177.519000,45.390398,6.577696,1823.627098,97.0,4.675570,1.9,4.9
1671362180.512000,45.390383,6.577847,1828.892037,98.0,4.768651,1.6,5.8
1671362182.523000,45.390368,6.577992,1831.833435,98.0,4.760593,1.6,5.0
1671362185.508000,45.390353,6.578151,1837.910824,97.0,4.674338,1.6,4.0
1671362188.513000,45.390336,6.578326,1843.132862,98.0,4.678679,1.7,4.0
1671362191.507000,45.390318,6.578502,1848.763551,98.0,4.585706,1.9,4.0
1671362194.511000,45.390300,6.578678,1855.145269,98.0,4.757896,1.9,4.0
1671362197.508000,45.390282,6.578854,1860.149316,97.0,4.603219,1.8,4.0
1671362200.508000,45.390265,6.579027,1866.742686,98.0,4.525460,1.9,4.0
1671362203.503000,45.390247,6.579201,1872.458087,98.0,4.564148,1.8,4.0
1671362206.508000,45.390228,6.579374,1879.949050,98.0,4.498581,1.9,4.0
1671362209.518000,45.390208,6.579573,1886.705272,98.0,4.532336,1.6,4.0
1671362212.513000,45.390192,6.579723,1893.048145,98.0,4.500545,1.7,4.0
1671362214.522000,45.390179,6.579855,1897.979305,98.0,4.454323,1.7,4.0
1671362217.520000,45.390163,6.580004,1905.769037,98.0,4.367106,1.7,4.0
1671362219.525000,45.390150,6.580136,1909.867550,97.0,4.441133,1.7,4.0
1671362222.508000,45.390135,6.580290,1916.918103,98.0,4.889399,1.9,4.0
1671362224.527000,45.390120,6.580431,1920.222216,98.0,4.620048,1.9,4.0
1671362227.506000,45.390104,6.580592,1925.686494,98.0,4.546311,1.8,4.0
1671362230.516000,45.390085,6.580766,1931.635853,97.1,4.681712,1.9,4.0
1671362233.503000,45.390068,6.580942,1937.004097,98.0,4.719584,1.8,4.0
1671362236.517000,45.390049,6.581118,1942.759335,98.0,4.583531,1.9,4.0
1671362239.508000,45.390030,6.581292,1948.082884,97.0,5.012735,1.6,4.0
1671362241.508000,45.390017,6.581422,1951.795605,98.0,4.802323,1.6,4.0
1671362244.509000,45.389998,6.581603,1955.014646,97.0,5.010144,1.7,4.0
1671362247.513000,45.389978,6.581786,1959.417572,98.0,4.953227,1.7,4.0
1671362250.508000,45.389959,6.581971,1963.024452,98.0,4.753118,1.7,4.0
1671362252.506000,45.389943,6.582117,1965.925557,98.0,4.812479,1.9,4.0
1671362255.509000,45.389927,6.582278,1970.566944,98.0,4.804104,1.9,4.0
1671362257.527000,45.389911,6.582420,1973.191797,98.0,4.774615,1.8,4.0
1671362260.503000,45.389896,6.582570,1978.191916,98.0,4.726673,1.9,4.0
1671362262.523000,45.389882,6.582708,1981.173930,98.0,4.911177,1.8,4.0
1671362265.507000,45.389868,6.582864,1985.872809,98.0,4.722256,1.9,4.9
1671362267.526000,45.389856,6.583002,1989.204012,98.0,4.743755,1.8,5.7
1671362270.511000,45.389840,6.583159,1994.268246,98.0,4.668604,1.6,4.7
1671362273.517000,45.389824,6.583334,2000.323051,98.0,4.698758,1.7,4.0
1671362276.505000,45.389809,6.583500,2005.747903,97.0,4.788616,1.7,4.0
1671362278.510000,45.389797,6.583629,2009.092003,98.0,4.693670,1.7,4.0
1671362281.512000,45.389778,6.583808,2014.867796,98.0,4.676571,1.9,4.0
1671362284.533000,45.389761,6.583986,2020.185079,98.0,4.573287,1.9,4.0
1671362287.509000,45.389743,6.584160,2026.350471,98.0,4.587422,1.8,4.0
1671362290.503000,45.389725,6.584338,2032.635856,98.0,4.645025,1.9,4.0
1671362293.503000,45.389708,6.584515,2039.036902,97.0,4.561816,1.9,4.0
1671362296.504000,45.389691,6.584687,2046.176646,98.0,4.579506,1.9,4.0
1671362299.499000,45.389674,6.584859,2052.336000,98.0,4.455717,1.6,4.0
1671362302.502000,45.389656,6.585031,2058.766076,97.0,4.558596,1.7,4.0
1671362305.512000,45.389638,6.585203,2066.631224,98.0,4.571916,1.6,4.0
1671362307.515000,45.389625,6.585331,2071.154135,98.0,4.477051,1.7,4.0
1671362310.504000,45.389609,6.585488,2077.778209,98.0,4.437833,1.7,4.0
1671362313.496000,45.389592,6.585661,2084.729138,97.0,4.380989,1.9,4.0
1671362316.523000,45.389575,6.585820,2092.151011,98.0,4.986097,1.8,4.8
1671362318.512000,45.389562,6.585947,2096.357322,98.0,4.490682,1.8,4.8
1671362321.509000,45.389544,6.586130,2102.091607,98.0,4.635948,1.8,4.0
1671362324.507000,45.389526,6.586305,2107.356030,98.0,4.634571,1.9,4.0
1671362327.505000,45.389508,6.586481,2113.370501,98.0,4.601168,1.8,4.0
1671362330.517000,45.389489,6.586655,2119.303842,98.0,4.625908,1.6,4.0
1671362333.505000,45.389472,6.586811,2125.762973,98.0,4.572913,1.7,4.0
1671362335.512000,45.389459,6.586941,2129.621523,98.0,5.002671,1.7,4.0
1671362337.500000,45.389446,6.587069,2132.901515,97.0,4.640693,1.7,4.0
1671362340.511000,45.389427,6.587254,2137.570534,98.0,4.732435,2.0,4.0
1671362343.503000,45.389408,6.587433,2142.387196,98.0,4.664656,1.9,4.0
1671362346.510000,45.389392,6.587594,2147.387502,97.9,4.930039,1.8,4.0
1671362348.498000,45.389379,6.587726,2149.580233,97.3,5.020161,1.8,4.0
1671362351.498000,45.389363,6.587897,2151.118273,99.0,3.402276,1.8,4.0
1671362371.504000,45.389369,6.587956,2150.508942,-1.0,0.000000,1.9,8.0
1671362371.504000,45.389369,6.587956,2150.508942,-1.0,0.000000,1.9,8.0
1671362403.503000,45.389371,6.588037,2150.415901,-1.0,0.000000,1.9,10.7
1671362417.514000,45.389345,6.588179,2150.415782,-1.0,0.006552,1.7,7.7
1671362420.495000,45.389311,6.588315,2151.131724,118.2,5.471353,1.7,6.6
1671362422.507000,45.389258,6.588474,2151.613023,111.0,4.638899,1.7,6.0
1671362425.499000,45.389197,6.588667,2153.872463,109.0,4.693981,1.7,5.8
1671362427.523000,45.389155,6.588802,2156.978239,112.0,4.784899,1.7,5.0
1671362430.522000,45.389107,6.588974,2162.403393,110.0,4.603318,1.9,4.0
1671362433.511000,45.389057,6.589141,2168.376326,108.0,4.618835,1.9,4.0
1671362436.508000,45.389010,6.589308,2174.524097,111.0,4.623878,1.8,4.0
1671362439.518000,45.388964,6.589482,2179.810078,112.0,4.810740,1.9,4.0
1671362442.509000,45.388917,6.589654,2184.728743,109.0,4.794398,1.9,4.0
1671362445.520000,45.388869,6.589826,2190.018998,111.0,4.746857,1.9,4.0
1671362448.517000,45.388824,6.589996,2195.293345,111.0,4.693604,1.7,4.0
1671362451.505000,45.388779,6.590164,2201.770723,111.0,4.698332,1.7,4.0
1671362454.516000,45.388732,6.590333,2207.385871,110.0,4.657166,1.7,4.0
1671362457.522000,45.388685,6.590513,2214.031225,111.0,4.643480,1.7,4.0
1671362460.508000,45.388644,6.590668,2219.852846,110.0,4.614568,1.9,4.0
1671362462.513000,45.388610,6.590789,2224.552378,111.0,4.576691,1.9,4.0
1671362465.500000,45.388567,6.590954,2230.664020,111.0,5.252618,1.8,4.0
1671362468.510000,45.388520,6.591129,2234.675213,110.0,4.906118,1.8,4.0
1671362470.515000,45.388487,6.591250,2236.795026,111.0,4.863190,1.9,4.0
1671362473.504000,45.388441,6.591423,2240.523215,110.0,4.922492,1.9,4.0
1671362476.522000,45.388394,6.591598,2244.946386,110.0,4.873784,1.8,4.0
1671362479.514000,45.388344,6.591784,2249.351416,110.0,4.898687,1.7,4.0
1671362482.529000,45.388301,6.591946,2253.482335,110.0,4.836371,1.7,4.0
1671362484.528000,45.388267,6.592072,2256.938994,111.0,4.840258,1.7,4.0
1671362487.511000,45.388224,6.592233,2261.431360,110.0,4.797040,1.7,4.0
1671362489.521000,45.388190,6.592359,2264.877986,110.0,4.782070,2.0,4.0
1671362492.526000,45.388148,6.592519,2270.284152,110.0,5.137653,1.9,4.0
1671362494.515000,45.388114,6.592644,2272.052155,111.0,4.879676,2.0,4.0
1671362497.528000,45.388066,6.592821,2274.357622,111.0,4.989589,1.8,4.0
1671362500.506000,45.388019,6.592999,2276.956829,110.0,4.942570,1.9,4.0
1671362503.509000,45.387971,6.593177,2279.988579,110.0,4.956845,1.9,4.0
1671362506.519000,45.387923,6.593355,2283.185786,110.0,4.967763,1.8,4.0
1671362509.515000,45.387876,6.593532,2286.208196,111.0,4.948186,1.7,4.0
1671362512.510000,45.387829,6.593708,2289.691609,111.0,4.965643,1.7,4.0
1671362515.507000,45.387782,6.593885,2293.065856,111.0,4.920990,1.7,4.0
1671362518.504000,45.387735,6.594061,2296.894951,111.0,4.952272,1.7,4.0
1671362521.501000,45.387688,6.594238,2300.754809,110.0,4.882177,1.9,4.0
1671362523.509000,45.387654,6.594368,2303.812399,111.0,4.896550,2.0,4.0
1671362526.513000,45.387611,6.594532,2307.349776,110.0,4.858678,1.8,4.0
1671362528.512000,45.387576,6.594659,2309.969962,110.0,4.837288,1.8,4.0
1671362531.507000,45.387534,6.594820,2315.294822,110.0,4.829700,1.9,4.0
1671362534.511000,45.387486,6.594997,2319.873730,110.0,5.181027,1.9,4.0
1671362536.501000,45.387455,6.595117,2320.694378,110.0,4.898118,1.8,4.0
1671362538.508000,45.387419,6.595248,2322.316353,111.0,4.977057,1.7,4.0
1671362541.508000,45.387375,6.595416,2325.307933,110.0,5.002767,1.7,4.0
1671362544.509000,45.387328,6.595593,2327.526546,110.0,4.942679,1.7,4.0
1671362547.515000,45.387280,6.595771,2330.921212,111.0,4.977595,1.7,4.0
1671362550.508000,45.387232,6.595948,2333.406006,111.0,4.931916,2.0,4.0
1671362553.529000,45.387184,6.596124,2337.513792,110.0,4.903908,2.0,4.0
1671362556.515000,45.387137,6.596300,2340.109076,111.0,4.924569,1.8,4.0
1671362559.505000,45.387090,6.596477,2343.904409,110.0,4.952698,1.9,4.0
1671362562.509000,45.387042,6.596655,2347.698322,110.0,4.891125,1.9,4.0
1671362564.512000,45.387008,6.596785,2349.867918,110.0,4.874444,1.9,4.0
1671362567.505000,45.386964,6.596949,2354.262720,110.0,4.839703,1.7,4.0
1671362569.513000,45.386930,6.597076,2357.117313,110.0,4.849645,1.7,4.0
1671362572.514000,45.386886,6.597238,2361.815598,110.0,4.805586,1.7,4.0
1671362575.507000,45.386838,6.597417,2366.417088,111.0,5.105021,1.7,4.0
1671362578.524000,45.386785,6.597617,2367.899106,110.0,4.997130,1.7,4.0
1671362581.497000,45.386742,6.597774,2372.955242,111.0,4.986537,2.0,4.0
1671362584.501000,45.386700,6.597937,2375.772796,110.0,4.997637,2.0,4.0
1671362586.506000,45.386668,6.598061,2377.738907,110.0,4.945015,1.8,4.0
1671362589.504000,45.386620,6.598240,2381.614799,112.0,5.020925,1.9,4.0
1671362592.499000,45.386572,6.598416,2384.452799,111.0,4.981471,1.9,4.0
1671362594.504000,45.386539,6.598535,2386.698293,111.0,4.920444,1.9,4.0
1671362597.508000,45.386491,6.598707,2389.918879,110.0,4.788121,1.7,4.0
1671362600.499000,45.386444,6.598878,2394.517176,110.0,4.887903,1.7,4.0
1671362603.511000,45.386398,6.599052,2398.484928,111.0,4.850899,1.7,4.0
1671362606.506000,45.386351,6.599225,2403.018553,110.0,4.964861,1.7,4.0
1671362608.513000,45.386318,6.599345,2405.375927,111.0,5.024106,1.7,4.0
1671362610.506000,45.386285,6.599464,2406.838072,109.0,4.982475,2.0,4.0
1671362613.503000,45.386237,6.599640,2409.156126,110.0,5.001418,2.0,4.0
1671362615.506000,45.386207,6.599760,2411.591535,109.9,5.007831,1.8,4.0
1671362618.506000,45.386159,6.599927,2414.934307,110.1,4.963197,1.8,4.8
1671362621.497000,45.386110,6.600101,2417.725837,111.0,4.910938,1.9,5.7
1671362624.499000,45.386061,6.600280,2421.015524,110.0,4.912288,1.9,5.3
1671362627.512000,45.386012,6.600453,2424.185581,110.0,4.967105,1.7,4.0
1671362630.506000,45.385962,6.600629,2428.586208,111.0,4.975099,1.7,4.0
1671362633.512000,45.385910,6.600805,2431.957336,111.0,4.881231,1.7,5.2
1671362635.507000,45.385877,6.600926,2434.864957,110.0,4.913668,1.7,5.6
1671362637.502000,45.385842,6.601052,2437.621171,111.0,4.928420,1.7,5.0
1671362639.512000,45.385810,6.601172,2440.212656,110.0,4.887553,2.0,4.0
1671362642.509000,45.385767,6.601336,2443.473625,110.0,4.822230,2.0,4.0
1671362644.510000,45.385735,6.601457,2446.176147,111.0,5.079124,2.0,4.0
1671362647.512000,45.385689,6.601636,2450.930858,110.0,4.934805,1.8,5.2
1671362649.509000,45.385657,6.601757,2454.151673,112.0,4.770370,1.9,5.7
1671362652.509000,45.385616,6.601900,2459.042423,111.0,4.751765,1.9,6.0
1671362654.504000,45.385578,6.602043,2461.578637,110.0,4.836026,2.0,6.0
1671362657.510000,45.385531,6.602219,2463.793477,110.0,4.865039,1.7,6.0
1671362660.497000,45.385494,6.602380,2468.145006,111.0,4.935144,1.7,6.0
1671362663.513000,45.385450,6.602554,2472.247885,111.0,4.920825,1.7,6.0
1671362666.501000,45.385405,6.602733,2475.209684,110.0,4.936147,1.7,5.3
1671362668.515000,45.385374,6.602856,2477.231214,111.0,4.872614,1.7,4.4
1671362671.501000,45.385332,6.603021,2481.155501,110.0,4.901308,2.0,4.0
1671362673.515000,45.385295,6.603149,2483.606937,112.0,4.874551,2.0,4.3
1671362675.506000,45.385260,6.603270,2485.451356,111.0,4.942054,1.8,5.0
1671362677.505000,45.385225,6.603397,2488.582236,110.0,4.799626,1.8,6.0
1671362679.505000,45.385195,6.603518,2490.991203,110.0,4.782777,1.9,6.0
1671362681.503000,45.385164,6.603641,2494.085873,111.0,5.086145,1.9,5.7
1671362683.506000,45.385132,6.603766,2496.290680,110.2,4.793651,1.9,5.0
1671362686.504000,45.385089,6.603932,2500.985071,110.0,4.898522,1.9,4.0
1671362688.505000,45.385059,6.604055,2504.436729,110.0,4.837102,1.7,4.2
1671362690.511000,45.385029,6.604178,2507.714548,110.0,4.838596,1.7,5.2
1671362693.499000,45.384987,6.604351,2512.906736,111.0,4.769426,1.7,6.0
1671362696.515000,45.384943,6.604525,2517.588534,111.0,4.788919,1.7,5.6
1671362699.501000,45.384899,6.604696,2523.024134,110.0,4.727451,2.0,4.7
1671362702.509000,45.384855,6.604871,2528.481779,111.0,4.917631,2.0,5.7
1671362705.507000,45.384812,6.605044,2533.264531,110.0,4.772482,1.9,6.7
1671362708.505000,45.384768,6.605214,2539.138378,110.1,4.645425,1.8,6.0
1671362711.507000,45.384726,6.605384,2544.798968,110.2,4.320042,1.9,6.8
1671362714.502000,45.384685,6.605550,2550.495637,111.0,4.764194,2.0,7.8
1671362716.502000,45.384654,6.605673,2553.548226,110.0,4.683867,1.9,7.8
1671362719.507000,45.384612,6.605845,2560.449916,110.0,4.679225,1.7,6.8
1671362722.505000,45.384566,6.606022,2566.550311,111.0,4.609115,1.7,6.7
1671362725.511000,45.384522,6.606189,2573.261417,109.9,4.559763,1.7,7.7
1671362728.511000,45.384481,6.606356,2580.386452,109.7,4.393092,1.7,7.0
1671362731.497000,45.384439,6.606519,2588.496443,109.7,4.356534,2.0,6.2
1671362734.514000,45.384397,6.606673,2596.838692,110.1,4.306565,2.0,7.0
1671362737.509000,45.384359,6.606818,2605.029193,110.8,4.305354,1.8,6.3
1671362740.502000,45.384322,6.606972,2613.398969,110.1,4.240632,1.9,5.7
1671362743.503000,45.384283,6.607130,2622.066712,110.4,4.270545,1.9,6.0
1671362746.501000,45.384239,6.607290,2630.648397,112.0,4.257392,1.9,7.0
1671362749.514000,45.384201,6.607448,2640.239354,110.0,4.207145,1.7,8.0
1671362752.513000,45.384160,6.607608,2648.495463,110.3,4.185911,1.8,8.0
1671362755.506000,45.384118,6.607766,2657.277714,110.0,4.191513,1.7,8.0
1671362758.530000,45.384064,6.607954,2666.763566,111.0,4.196968,1.8,8.0
1671362761.506000,45.384024,6.608096,2676.553459,110.9,4.257570,2.0,9.1
1671362764.513000,45.383978,6.608247,2685.743700,112.5,4.238711,2.0,8.9
1671362767.503000,45.383922,6.608408,2694.686153,110.9,4.111068,1.9,8.0
1671362769.499000,45.383888,6.608530,2701.632758,110.6,4.075631,1.9,8.0
1671362772.506000,45.383848,6.608668,2711.048221,110.0,3.970170,1.9,10.4
1671362775.513000,45.383806,6.608803,2721.361175,109.9,4.081905,2.0,9.6
1671362778.507000,45.383760,6.608947,2731.097467,110.8,3.949798,1.7,8.0
1671362782.513000,45.383718,6.609104,2745.475395,110.9,3.864044,1.8,7.2
1671362785.506000,45.383685,6.609233,2754.916999,109.9,3.890057,1.7,6.7
1671362789.504000,45.383644,6.609389,2769.037584,109.3,3.831105,2.1,7.0
1671362792.529000,45.383608,6.609512,2779.624742,110.1,3.874236,2.0,6.0
1671362795.524000,45.383566,6.609640,2789.600337,110.0,3.824764,1.9,6.0
1671362798.521000,45.383530,6.609763,2800.527258,108.8,3.826871,1.9,6.0
1671362801.538000,45.383478,6.609951,2810.281864,110.9,4.805939,1.9,6.7
1671362804.518000,45.383430,6.610102,2812.517608,112.0,4.758799,2.0,6.9
1671362824.517000,45.383404,6.610184,2814.764146,-1.0,0.000000,2.0,5.6
1671362824.517000,45.383404,6.610184,2814.764146,-1.0,0.000000,2.0,5.6
1671362841.519000,45.383395,6.610232,2814.512185,-1.0,0.000012,1.8,5.7
1671362859.520000,45.383331,6.610327,2814.508408,-1.0,0.000035,1.9,6.0
1671362863.526000,45.383246,6.610424,2814.007501,140.0,2.425065,1.9,6.0
1671362868.515000,45.383177,6.610515,2813.849619,139.8,1.678301,1.8,5.5
1671362874.511000,45.383093,6.610586,2813.220210,152.9,2.298346,1.8,4.4
1671362878.512000,45.382997,6.610628,2811.821818,171.3,3.197560,1.8,4.0
1671362881.518000,45.382901,6.610617,2811.169778,187.7,3.930958,2.1,4.0
1671362884.519000,45.382790,6.610575,2809.833801,195.4,4.442865,2.1,4.0
1671362887.502000,45.382671,6.610506,2808.670095,203.3,5.173297,1.9,4.7
1671362889.514000,45.382575,6.610451,2807.077818,198.5,6.304944,1.9,5.3
1671362891.512000,45.382458,6.610382,2804.563843,201.0,7.539061,2.0,5.2
1671362893.507000,45.382325,6.610303,2802.930434,202.0,8.019978,1.9,4.4
1671362895.521000,45.382185,6.610228,2800.937265,197.8,8.421071,2.0,4.4
1671362897.513000,45.382039,6.610184,2799.269553,191.1,8.081455,1.8,5.2
1671362899.528000,45.381893,6.610169,2798.331927,185.0,8.148861,1.8,5.6
1671362901.518000,45.381758,6.610130,2796.021792,192.8,7.583765,1.8,4.8
1671362903.514000,45.381630,6.610094,2794.702361,190.2,7.056232,1.8,4.0
1671362905.513000,45.381525,6.610038,2794.309102,202.2,5.972581,1.8,4.0
1671362908.504000,45.381433,6.609963,2794.305138,202.1,2.669816,1.8,4.0
1671362912.532000,45.381394,6.610095,2793.378620,86.6,4.859581,2.1,4.2
1671362914.521000,45.381416,6.610224,2791.392880,71.0,4.952617,2.1,4.0
1671362917.518000,45.381467,6.610408,2790.323489,65.3,5.753809,1.9,4.0
1671362919.528000,45.381546,6.610567,2788.876874,53.2,9.146468,1.9,4.6
1671362920.520000,45.381604,6.610671,2785.761394,50.1,10.966094,2.0,5.2
1671362921.526000,45.381673,6.610789,2781.883531,50.9,12.175444,2.0,5.6
1671362922.523000,45.381745,6.610930,2778.706512,56.8,13.810410,2.0,6.0
1671362923.526000,45.381814,6.611089,2777.030774,57.8,13.778956,2.0,6.0
1671362924.532000,45.381866,6.611244,2775.692093,61.2,12.784026,2.0,6.0
1671362925.538000,45.381897,6.611392,2775.241275,69.5,11.385143,2.0,6.0
1671362926.527000,45.381928,6.611532,2774.365709,68.1,11.374190,2.0,6.0
1671362927.520000,45.381974,6.611662,2770.852142,58.4,11.366219,1.8,6.0
1671362928.538000,45.382029,6.611788,2769.144570,59.1,11.390409,1.8,6.0
1671362929.533000,45.382055,6.611924,2768.721902,77.6,11.648073,1.8,6.0
1671362930.530000,45.382066,6.612071,2768.279791,80.2,10.231272,1.8,6.0
1671362932.527000,45.382103,6.612293,2764.685990,63.1,7.997238,1.8,6.0
1671362934.522000,45.382180,6.612452,2760.932051,56.2,8.412930,1.8,6.0
1671362936.518000,45.382234,6.612664,2752.696455,70.0,9.237412,1.8,6.0
1671362938.532000,45.382255,6.612851,2742.315553,77.6,7.461955,1.8,6.0
1671362940.533000,45.382278,6.613036,2736.391428,77.0,7.863214,2.1,6.0
1671362942.529000,45.382302,6.613225,2728.960086,78.9,7.364110,2.1,5.6
1671362944.522000,45.382330,6.613422,2721.678121,74.4,8.007607,2.1,5.7
1671362946.511000,45.382420,6.613565,2713.152100,6.1,7.374901,1.9,5.7
1671362948.520000,45.382589,6.613509,2703.938919,338.0,10.448758,1.9,6.7
1671362949.519000,45.382682,6.613445,2699.012445,333.6,11.463355,2.0,7.0
1671362950.521000,45.382777,6.613374,2694.584787,335.9,12.671722,2.0,9.2
1671362951.516000,45.382884,6.613304,2691.101916,350.9,13.083238,2.0,11.2
1671362952.522000,45.383004,6.613274,2688.815416,354.0,13.766327,2.0,12.8
1671362953.523000,45.383140,6.613245,2687.069278,350.3,14.134204,2.0,12.8
1671362954.523000,45.383274,6.613202,2681.899077,348.1,14.462947,2.0,12.8
1671362955.539000,45.383408,6.613160,2676.839307,357.1,14.799724,2.0,11.2
1671362956.517000,45.383547,6.613150,2674.231867,357.0,15.371737,2.0,9.6
1671362957.518000,45.383689,6.613138,2670.996050,353.0,15.332714,1.9,9.3
1671362958.526000,45.383826,6.613117,2664.964847,4.7,14.552471,1.9,8.0
1671362959.513000,45.383953,6.613136,2661.787488,9.0,14.322994,1.9,9.3
1671362960.520000,45.384080,6.613166,2654.544720,359.6,13.968726,1.9,12.0
1671362961.507000,45.384201,6.613163,2649.336727,348.8,13.472661,1.9,14.7
1671362962.521000,45.384320,6.613131,2645.231187,5.9,13.599517,1.9,19.2
1671362963.532000,45.384442,6.613149,2641.004028,6.0,14.060747,1.8,22.4
1671362964.511000,45.384561,6.613165,2634.851989,357.9,13.958731,1.8,21.3
1671362965.523000,45.384679,6.613155,2631.048562,348.6,12.552418,1.8,20.0
1671362966.502000,45.384787,6.613135,2626.246102,343.6,12.306102,1.8,18.7
1671362967.500000,45.384897,6.613096,2620.741399,351.0,12.970827,1.8,16.7
1671362968.517000,45.385014,6.613069,2616.292928,354.2,13.565717,1.8,14.7
1671362969.503000,45.385131,6.613045,2610.149909,340.8,14.306407,2.2,12.7
1671362970.519000,45.385255,6.612981,2604.385680,339.5,14.955805,2.2,14.0
1671362971.501000,45.385371,6.612909,2600.075306,348.0,14.975265,2.2,14.4
1671362972.511000,45.385489,6.612869,2594.800068,354.2,14.397382,2.2,14.4
1671362973.504000,45.385613,6.612847,2587.720728,350.3,14.189106,2.2,16.0
1671362974.508000,45.385731,6.612812,2580.242857,340.5,14.893816,2.2,17.6
1671362975.500000,45.385852,6.612750,2575.420199,340.1,14.536066,2.0,20.0
1671362976.503000,45.385963,6.612691,2570.761854,340.7,14.103244,2.0,21.6
1671362977.500000,45.386071,6.612638,2564.448859,341.1,13.660832,1.9,23.3
1671362978.505000,45.386164,6.612633,2559.160434,355.5,12.256693,1.9,25.6
1671362980.497000,45.386337,6.612613,2544.680908,355.4,10.062520,2.0,26.7
1671362982.491000,45.386554,6.612618,2538.240229,346.2,12.499287,2.0,30.7
1671362983.495000,45.386720,6.612631,2533.582096,352.9,13.844259,2.0,29.3
1671362984.503000,45.386877,6.612625,2530.715996,6.3,13.369738,2.0,29.3
1671362985.505000,45.387006,6.612659,2526.107938,13.6,11.652486,2.0,30.4
1671362986.506000,45.387115,6.612699,2521.446138,8.1,12.956421,2.0,30.7
1671362987.504000,45.387243,6.612728,2516.813382,349.6,12.999386,1.9,25.6
1671362988.498000,45.387357,6.612709,2511.101526,348.9,10.855255,1.9,24.0
1671362990.501000,45.387532,6.612663,2504.625385,358.2,10.792787,1.9,22.7
1671362991.504000,45.387625,6.612666,2501.049726,13.5,9.423938,1.9,22.7
1671362993.518000,45.387741,6.612730,2494.162361,26.4,5.125627,1.9,19.2
1671362995.511000,45.387849,6.612815,2488.670343,49.2,6.506629,1.9,20.8
1671362997.504000,45.387973,6.612906,2481.061147,3.0,7.776002,1.9,24.0
1671362999.530000,45.388115,6.612920,2474.611070,347.2,6.996516,2.2,27.2
1671363001.515000,45.388262,6.612905,2469.225657,9.5,7.647805,2.2,32.0
1671363003.506000,45.388384,6.613004,2460.352313,26.3,4.896691,2.2,28.8
1671363005.499000,45.388481,6.613059,2455.174009,5.9,5.090288,2.0,26.3
1671363007.499000,45.388608,6.613093,2451.924472,343.0,8.374620,2.0,22.9
1671363009.510000,45.388799,6.613033,2446.854387,341.0,10.952510,2.0,22.9
1671363010.502000,45.388916,6.612988,2444.467509,329.2,11.132071,2.0,22.4
1671363011.515000,45.389043,6.612917,2442.728052,336.6,11.116977,2.0,21.3
1671363012.507000,45.389144,6.612862,2440.200161,340.2,11.617292,2.0,24.0
1671363013.508000,45.389258,6.612807,2436.857551,338.8,14.027335,2.0,25.3
1671363014.511000,45.389386,6.612744,2432.572921,336.4,13.305017,2.0,27.2
1671363015.499000,45.389502,6.612677,2430.961735,325.7,11.379815,2.0,26.7
1671363016.502000,45.389593,6.612597,2428.375203,325.9,11.131800,2.0,26.7
1671363017.492000,45.389682,6.612532,2423.280639,336.6,10.390111,1.9,28.0
1671363018.506000,45.389770,6.612482,2420.814563,346.3,9.848200,1.9,28.0
1671363020.504000,45.389933,6.612482,2409.915334,351.4,8.403810,1.9,28.8
1671363022.505000,45.390096,6.612465,2399.238145,358.5,10.637743,1.9,35.2
1671363023.509000,45.390187,6.612466,2395.129535,11.0,11.510018,1.9,33.6
1671363024.506000,45.390276,6.612502,2387.277109,33.5,9.206610,1.9,32.0
1671363026.507000,45.390395,6.612650,2375.332974,50.5,10.146708,1.9,34.7
1671363028.504000,45.390548,6.612802,2365.642675,29.2,11.079265,1.9,32.0
1671363029.503000,45.390640,6.612866,2362.146869,31.8,11.641496,2.3,33.3
1671363030.499000,45.390730,6.612941,2358.596592,32.5,11.854944,2.3,37.3
1671363031.521000,45.390821,6.613021,2355.643581,35.0,11.785811,2.3,38.4
1671363033.507000,45.390925,6.613233,2349.264360,60.5,11.161399,2.3,44.8
1671363034.513000,45.390979,6.613349,2343.309277,56.9,11.106181,2.2,48.0
1671363035.495000,45.391056,6.613453,2338.167993,43.6,11.677524,2.0,48.0
1671363036.498000,45.391141,6.613561,2332.251947,45.0,12.876941,2.0,48.0
1671363037.500000,45.391234,6.613699,2331.594436,51.8,14.475345,2.0,48.0
1671363038.499000,45.391347,6.613887,2327.682110,56.9,15.811048,2.0,45.3
1671363039.506000,45.391440,6.614061,2324.145167,49.1,15.255551,2.0,45.3
1671363040.499000,45.391541,6.614206,2318.080111,48.0,15.326534,2.1,44.8
1671363041.521000,45.391648,6.614340,2316.480830,47.0,14.581944,2.0,44.8
1671363042.502000,45.391744,6.614465,2316.080204,49.2,13.909131,2.0,44.8
1671363048.494000,45.392176,6.615166,2305.457740,48.2,12.165350,2.0,32.0
1671363050.517000,45.392195,6.615307,2301.354893,57.5,7.762577,2.0,32.0
1671363052.533000,45.392232,6.615522,2300.194569,65.5,6.598389,2.0,28.8
1671363054.520000,45.392334,6.615784,2294.382808,55.5,7.399724,1.9,30.7
1671363055.525000,45.392406,6.615904,2291.291843,48.2,8.366500,1.9,30.4
1671363056.507000,45.392460,6.616023,2288.152096,48.5,8.467467,1.9,29.3
1671363058.519000,45.392595,6.616164,2280.674889,51.0,5.739532,1.9,28.0
1671363059.510000,45.392672,6.616236,2278.781675,59.9,5.231753,1.9,20.6
1671363061.520000,45.392752,6.616406,2276.249883,61.9,6.622439,2.3,17.1
1671363063.514000,45.392827,6.616606,2272.266144,64.2,6.410933,2.3,15.0
1671363065.527000,45.392891,6.616782,2268.340299,66.0,5.601858,2.3,13.3
1671363067.533000,45.392965,6.616935,2265.455660,59.3,6.661412,2.0,12.8
1671363069.535000,45.393086,6.617093,2260.643399,53.5,7.358751,2.1,12.8
1671363070.531000,45.393163,6.617161,2258.347968,35.8,8.355241,2.1,12.8
1671363072.530000,45.393332,6.617234,2254.277075,21.0,8.876826,2.1,12.7
1671363074.534000,45.393461,6.617204,2248.410451,0.8,6.079616,2.1,12.0
1671363076.522000,45.393586,6.617176,2244.207191,3.2,6.987003,2.0,12.7
1671363078.525000,45.393709,6.617233,2235.597555,40.4,6.196898,2.0,14.0
1671363080.525000,45.393829,6.617334,2230.315167,12.0,7.933516,2.0,16.7
1671363081.520000,45.393930,6.617360,2226.924069,11.2,7.448312,2.0,16.7
1671363083.532000,45.394115,6.617385,2222.805991,4.3,11.682631,2.1,17.6
1671363084.528000,45.394234,6.617400,2219.188683,8.9,11.778414,2.0,17.3
1671363085.526000,45.394345,6.617470,2214.601516,41.2,11.922588,2.0,16.0
1671363086.528000,45.394444,6.617579,2212.133135,37.7,11.951768,2.0,16.8
1671363087.525000,45.394549,6.617677,2206.589716,22.1,12.474744,2.0,15.2
1671363088.531000,45.394669,6.617738,2203.759180,2.5,11.269408,2.0,14.7
1671363089.519000,45.394781,6.617748,2198.821705,9.1,10.664459,1.9,14.7
1671363090.520000,45.394882,6.617769,2196.532025,31.0,8.828004,2.4,14.7
1671363091.531000,45.394989,6.617816,2192.944116,47.0,8.001310,2.4,13.6
1671363093.540000,45.395114,6.617956,2186.933040,62.8,7.357708,2.4,12.8
1671363095.539000,45.395234,6.618125,2181.725481,43.4,8.383740,2.4,11.2
1671363096.518000,45.395316,6.618208,2179.198579,41.9,9.686731,2.1,10.7
1671363097.525000,45.395401,6.618297,2176.818237,50.9,9.482322,2.1,10.0
1671363098.517000,45.395456,6.618400,2173.694731,68.8,7.843261,2.1,9.3
1671363100.540000,45.395518,6.618594,2172.419913,76.7,7.812660,2.1,8.0
1671363102.522000,45.395547,6.618781,2171.227391,88.6,7.206905,2.1,7.3
1671363104.531000,45.395546,6.618935,2170.328412,98.0,4.639533,2.1,6.7
1671363107.531000,45.395561,6.619105,2169.556882,85.2,5.123347,2.1,6.0
1671363109.531000,45.395574,6.619241,2168.309219,86.0,5.620890,2.1,5.8
1671363111.528000,45.395596,6.619404,2166.833053,75.2,6.445409,2.1,5.8
1671363113.518000,45.395651,6.619580,2165.028570,62.1,8.111464,2.0,5.7
1671363115.524000,45.395741,6.619750,2161.992299,43.9,7.739554,2.0,6.7
1671363117.518000,45.395856,6.619847,2158.367286,35.0,7.145152,2.0,6.8
1671363120.098000,45.395965,6.619880,2158.333240,359.9,3.532197,2.5,8.0
1671363140.246000,45.396044,6.619848,2158.040958,-1.0,0.000000,2.2,5.4
1671363140.246000,45.396044,6.619848,2158.040958,-1.0,0.000000,2.2,5.4
1671363141.346000,45.396053,6.619842,2158.040958,-1.0,0.000716,2.1,5.5
1671363174.998000,45.398224,6.621625,2158.353216,-1.0,-1.000000,2.8,300.0
1671363185.059000,45.395662,6.619996,2158.475000,-1.0,-1.000000,3.0,2000.0
1671363196.489000,45.396091,6.620007,2158.183236,-1.0,0.000015,3.3,16.0
1671363227.602000,45.396016,6.620079,2158.733248,129.3,1.205686,2.4,6.8
1671363235.202000,45.396020,6.620208,2157.766183,81.6,1.172962,2.7,6.0
1671363239.323000,45.396060,6.620346,2136.599854,54.6,2.310379,10.9,8.5
1671363241.529000,45.396132,6.620479,2138.245627,49.1,5.856545,5.8,11.9
1671363243.530000,45.396216,6.620632,2132.483117,53.7,6.846834,10.8,11.4
1671363245.525000,45.396294,6.620804,2130.340154,62.6,7.450865,10.4,9.8
1671363247.535000,45.396348,6.620995,2128.525346,73.5,7.310062,13.8,7.6
1671363249.525000,45.396379,6.621190,2128.033030,80.6,7.385674,14.8,6.8
1671363251.523000,45.396393,6.621374,2127.610941,85.5,6.740620,18.3,6.3
1671363253.535000,45.396400,6.621532,2121.538450,80.5,5.789258,2.7,6.4
1671363256.526000,45.396397,6.621676,2123.883393,99.5,2.617423,2.5,6.3
1671363263.531000,45.396437,6.621860,2113.824106,70.8,3.694933,2.5,7.7
1671363266.538000,45.396462,6.622010,2113.212085,68.0,3.983489,2.5,6.8
1671363270.065000,45.396483,6.622149,2111.142418,63.8,3.321546,2.5,8.1
1671363272.518000,45.396570,6.622280,2110.879171,55.5,5.790072,2.6,9.5
1671363274.527000,45.396640,6.622429,2112.651254,56.0,6.533772,3.6,9.3
1671363276.524000,45.396719,6.622561,2107.398941,46.0,6.741857,2.6,8.2
1671363278.534000,45.396813,6.622675,2105.094462,40.0,7.055106,2.5,6.0
1671363280.523000,45.396904,6.622800,2104.588801,48.9,7.092979,2.5,6.0
1671363282.516000,45.396987,6.622941,2103.970094,49.0,7.390205,2.5,6.0
1671363284.530000,45.397076,6.623089,2101.461506,48.1,7.722396,2.5,6.0
1671363286.529000,45.397173,6.623234,2099.386427,44.2,7.911485,2.5,6.0
1671363288.536000,45.397275,6.623378,2097.852573,46.0,8.010938,2.5,6.0
1671363290.532000,45.397376,6.623528,2096.606731,46.0,8.149117,2.5,6.0
1671363292.526000,45.397484,6.623673,2094.925016,42.0,8.398482,2.5,6.0
1671363294.534000,45.397598,6.623820,2093.368333,42.9,8.335069,2.5,6.0
1671363296.521000,45.397704,6.623960,2091.140886,39.0,8.113203,2.5,6.0
1671363298.524000,45.397819,6.624068,2089.966055,31.0,7.292892,2.5,6.0
1671363301.535000,45.397904,6.624011,2089.270801,274.2,3.581912,2.5,6.0
1671363304.518000,45.397888,6.623843,2088.474561,245.5,4.041595,2.5,6.0
1671363307.539000,45.397817,6.623670,2086.896271,236.6,4.760437,2.5,6.0
1671363310.529000,45.397737,6.623504,2083.204473,241.0,6.424767,2.6,6.0
1671363312.533000,45.397682,6.623349,2081.134175,247.2,7.132657,2.7,6.3
1671363314.529000,45.397644,6.623165,2079.659002,254.9,7.909852,2.5,6.4
1671363316.535000,45.397605,6.622945,2077.718627,254.2,8.594093,2.5,6.4
1671363318.526000,45.397548,6.622726,2075.640664,247.0,9.012177,2.5,6.7
1671363320.522000,45.397506,6.622510,2072.529293,282.0,7.284597,2.5,7.3
1671363322.521000,45.397557,6.622363,2071.187051,306.6,6.609750,2.5,8.0
1671363324.519000,45.397624,6.622244,2068.477090,290.6,5.438898,2.5,8.0
1671363327.527000,45.397653,6.622086,2068.072430,276.9,4.144943,2.6,8.0
1671363330.519000,45.397659,6.621922,2068.518744,277.3,4.373463,2.6,8.0
1671363333.619000,45.397677,6.621729,2066.504657,282.0,3.056893,2.6,8.5
1671363350.461000,45.397778,6.621669,2064.298200,12.1,4.136181,2.6,6.4
1671363352.533000,45.397914,6.621682,2063.308433,2.5,7.423183,2.6,7.4
1671363354.521000,45.398077,6.621659,2061.110437,357.7,9.771827,2.5,7.7
1671363355.524000,45.398171,6.621670,2058.180745,11.1,9.414356,2.8,7.4
1671363356.525000,45.398252,6.621731,2056.613724,32.2,9.264935,2.7,6.4
1671363358.525000,45.398352,6.621897,2053.797354,44.5,6.987607,2.7,7.0
1671363360.518000,45.398419,6.622037,2052.966870,38.9,7.371675,2.6,7.7
1671363362.527000,45.398544,6.622129,2048.257883,18.0,9.883175,2.7,8.0
1671363364.534000,45.398713,6.622166,2043.283968,16.1,8.619987,2.5,8.0
1671363366.517000,45.398861,6.622231,2039.922610,27.2,7.498650,2.5,8.0
1671363368.532000,45.398979,6.622365,2039.580288,37.0,8.678184,2.5,8.0
1671363370.519000,45.399108,6.622514,2036.736747,40.9,9.277985,2.4,8.0
1671363372.524000,45.399230,6.622686,2035.089687,48.9,8.591958,2.4,8.7
1671363374.545000,45.399340,6.622870,2032.665766,51.9,10.214417,2.5,8.8
1671363375.521000,45.399403,6.622974,2031.178050,49.1,10.373828,2.5,8.8
1671363376.518000,45.399472,6.623077,2028.682381,45.2,9.985933,2.4,8.3
1671363377.539000,45.399539,6.623175,2028.358537,45.9,10.352559,2.5,7.2
1671363378.539000,45.399608,6.623281,2027.795673,45.0,11.148078,2.6,6.8
1671363379.533000,45.399678,6.623389,2024.961100,47.0,11.006899,2.5,6.7
1671363380.530000,45.399742,6.623497,2024.259434,50.0,10.713508,2.6,5.6
1671363381.523000,45.399802,6.623602,2023.744206,45.1,10.078673,2.5,5.2
1671363383.537000,45.399940,6.623772,2019.562175,33.1,11.436383,2.7,5.3
1671363384.536000,45.400030,6.623859,2016.569565,16.8,11.210520,2.7,5.2
1671363385.532000,45.400124,6.623897,2013.478854,1.9,9.435149,2.8,5.6
1671363387.526000,45.400284,6.623883,2011.014584,4.9,8.789125,2.6,6.8
1671363389.526000,45.400458,6.623926,2009.747295,20.7,11.065511,2.6,7.3
1671363390.516000,45.400559,6.623984,2007.942378,30.5,10.371776,2.7,7.7
1671363391.528000,45.400650,6.624068,2005.355967,44.5,10.768408,2.5,8.0
1671363392.528000,45.400726,6.624177,2004.205429,46.0,11.224030,2.5,8.0
1671363393.526000,45.400804,6.624294,2003.149934,47.0,12.085433,2.5,8.0
1671363394.524000,45.400878,6.624419,2002.761184,49.9,11.697452,2.5,8.0
1671363395.526000,45.400945,6.624545,2000.710269,51.8,11.561672,2.7,8.0
1671363396.521000,45.401009,6.624669,1999.898194,54.0,11.414473,2.5,8.0
1671363397.536000,45.401068,6.624796,1998.444753,58.8,10.886029,2.5,8.0
1671363398.543000,45.401115,6.624921,1996.700956,58.1,10.919273,2.4,7.6
1671363399.545000,45.401167,6.625035,1995.872899,54.1,11.310696,2.4,7.2
1671363400.520000,45.401229,6.625137,1993.044660,50.5,10.981343,2.4,7.0
1671363401.529000,45.401302,6.625223,1991.965573,34.0,10.599958,2.4,6.4
1671363402.525000,45.401383,6.625285,1990.522103,14.4,10.322998,2.5,6.7
1671363403.516000,45.401481,6.625307,1987.737413,356.0,12.062770,2.5,6.7
1671363404.530000,45.401598,6.625288,1985.165421,356.0,12.654951,2.4,7.0
1671363405.535000,45.401715,6.625268,1982.795535,359.9,13.012375,2.5,7.6
1671363406.518000,45.401838,6.625263,1981.108223,7.9,13.783951,2.6,7.7
1671363407.516000,45.401963,6.625285,1976.070229,17.1,13.995770,2.5,8.0
1671363408.526000,45.402088,6.625341,1973.144342,23.8,13.785748,2.6,8.0
1671363409.517000,45.402200,6.625412,1969.972930,24.9,12.836436,2.5,9.3
1671363410.531000,45.402307,6.625482,1969.330441,29.5,13.131465,2.5,9.3
1671363411.522000,45.402414,6.625566,1967.771426,32.0,13.826339,2.7,9.6
1671363412.535000,45.402526,6.625659,1965.897477,12.4,13.513762,2.7,9.6
1671363413.529000,45.402657,6.625699,1961.778007,4.2,14.673175,2.8,9.6
1671363414.522000,45.402806,6.625715,1959.199224,10.9,15.078592,2.7,8.0
1671363415.538000,45.402952,6.625759,1956.215216,20.5,13.928480,2.6,8.0
1671363416.551000,45.403082,6.625833,1954.662651,24.9,13.500656,2.6,8.0
1671363417.528000,45.403197,6.625909,1953.507544,22.1,13.191281,2.6,8.0
1671363418.524000,45.403316,6.625978,1950.863837,22.0,14.221270,2.7,8.0
1671363419.528000,45.403444,6.626049,1947.811597,22.8,14.782817,2.5,8.0
1671363420.527000,45.403572,6.626130,1944.299786,26.6,14.885611,2.5,8.0
1671363421.526000,45.403689,6.626235,1942.497311,36.1,14.059121,2.5,8.0
1671363422.528000,45.403791,6.626353,1941.817343,38.0,13.449835,2.5,7.6
1671363423.531000,45.403884,6.626466,1938.977210,38.0,13.090033,2.7,7.2
1671363424.521000,45.403975,6.626574,1938.504085,39.0,12.884674,2.5,7.0
1671363425.518000,45.404065,6.626686,1936.464748,40.7,13.002901,2.5,6.7
1671363426.525000,45.404151,6.626807,1935.051561,43.9,12.897775,2.4,6.3
1671363427.521000,45.404232,6.626926,1932.608495,42.1,12.411866,2.4,6.0
1671363428.520000,45.404313,6.627031,1931.705235,41.0,11.907939,2.4,6.0
1671363429.524000,45.404391,6.627125,1930.940845,40.0,11.307461,2.4,6.0
1671363430.532000,45.404467,6.627216,1929.477226,40.0,11.051157,2.5,6.0
1671363431.515000,45.404542,6.627307,1927.954236,40.0,10.849909,2.5,6.0
1671363432.526000,45.404613,6.627399,1926.967727,41.0,10.782977,2.4,6.0
1671363433.527000,45.404686,6.627491,1926.183081,40.1,10.618616,2.5,6.0
1671363434.516000,45.404757,6.627578,1924.735901,41.0,10.146955,2.6,6.0
1671363436.528000,45.404886,6.627748,1922.472850,43.0,10.252557,2.6,6.0
1671363437.523000,45.404952,6.627838,1922.355634,43.0,10.070979,2.5,6.0
1671363438.522000,45.405018,6.627927,1922.626265,42.1,10.121127,2.5,5.7
1671363439.519000,45.405085,6.628015,1921.367139,42.0,10.491933,2.7,5.2
1671363440.528000,45.405154,6.628101,1919.148975,40.0,10.042781,2.7,4.8
1671363442.524000,45.405289,6.628252,1917.571276,37.0,9.743424,2.7,4.0
1671363444.522000,45.405428,6.628396,1915.086549,34.1,9.783502,2.7,4.0
1671363446.516000,45.405571,6.628532,1913.011859,33.4,9.543094,2.7,4.0
1671363448.532000,45.405724,6.628664,1911.688759,30.0,10.433054,2.5,4.0
1671363449.533000,45.405806,6.628732,1909.792353,30.8,10.411008,2.5,4.0
1671363450.525000,45.405886,6.628802,1908.494533,31.3,10.369283,2.5,4.0
1671363451.519000,45.405966,6.628870,1907.173403,30.2,10.492323,2.7,4.0
1671363452.531000,45.406054,6.628934,1906.065142,25.2,11.313553,2.5,4.0
1671363453.519000,45.406150,6.628989,1904.054445,23.8,11.539145,2.4,4.0
1671363454.524000,45.406248,6.629028,1901.413696,15.5,11.143283,2.4,4.0
1671363455.515000,45.406344,6.629054,1900.735605,12.7,10.699389,2.4,4.0
1671363456.517000,45.406435,6.629066,1900.202455,8.0,10.120027,2.4,4.0
1671363458.518000,45.406592,6.629026,1900.061584,342.6,8.289929,2.5,4.0
1671363460.526000,45.406715,6.628943,1901.327914,334.0,7.619592,2.5,4.4
1671363462.515000,45.406825,6.628872,1900.689024,347.4,6.225779,2.5,5.0
1671363464.519000,45.406932,6.628868,1900.432910,7.9,6.613703,2.5,5.7
1671363466.518000,45.407052,6.628914,1900.277373,13.0,6.850302,2.7,6.0
1671363468.526000,45.407173,6.628966,1899.600449,16.8,6.922129,2.8,5.6
1671363470.540000,45.407294,6.629022,1898.300556,17.2,6.722532,2.7,4.8
1671363472.541000,45.407414,6.629072,1897.322217,15.9,7.226831,2.6,4.0
1671363474.538000,45.407546,6.629128,1895.772903,16.0,7.979067,2.5,4.0
1671363476.535000,45.407684,6.629192,1894.222171,18.0,8.139364,2.5,4.0
1671363478.530000,45.407826,6.629259,1892.390763,17.0,8.442168,2.7,4.0
1671363480.525000,45.407972,6.629321,1891.049220,16.0,8.231036,2.5,4.0
1671363482.533000,45.408111,6.629370,1890.424534,14.0,7.544803,2.4,4.0
1671363484.531000,45.408236,6.629412,1889.994531,15.0,6.835369,2.4,4.0
1671363486.531000,45.408344,6.629465,1889.624579,20.9,6.073844,2.5,4.0
1671363488.533000,45.408441,6.629519,1889.674806,20.1,5.766102,2.5,4.4
1671363490.526000,45.408532,6.629566,1889.024022,19.1,5.418903,2.5,4.4
1671363492.528000,45.408620,6.629611,1889.459589,19.9,5.125504,2.5,4.3
1671363495.523000,45.408744,6.629667,1888.579439,15.1,5.028673,2.7,4.3
1671363498.535000,45.408872,6.629704,1887.658097,12.9,4.884367,2.7,5.7
1671363501.561000,45.408992,6.629738,1886.762414,9.0,4.532782,2.5,5.2
1671363504.524000,45.409120,6.629762,1886.063721,7.1,4.849147,2.5,4.8
1671363507.533000,45.409252,6.629788,1885.062833,12.9,5.150428,2.5,6.0
1671363509.531000,45.409349,6.629826,1884.453832,15.8,5.590178,2.4,6.0
1671363511.522000,45.409454,6.629871,1883.302470,16.1,6.152164,2.4,5.7
1671363513.519000,45.409574,6.629908,1882.451615,9.0,7.235996,2.4,5.0
1671363515.525000,45.409713,6.629943,1880.143241,9.0,8.432367,2.5,4.0
1671363517.531000,45.409870,6.629993,1878.606096,12.0,8.589163,2.5,4.0
1671363519.531000,45.410046,6.630063,1876.599914,17.0,10.503871,2.5,4.4
1671363520.521000,45.410133,6.630112,1876.025509,20.9,10.530178,2.5,4.7
1671363521.534000,45.410222,6.630168,1874.578379,22.0,10.919015,2.7,5.2
1671363522.526000,45.410313,6.630225,1873.177268,22.0,11.361344,2.7,5.3
1671363523.524000,45.410409,6.630284,1871.598623,17.0,11.682256,2.8,6.0
1671363524.522000,45.410507,6.630336,1869.883309,17.0,11.394445,2.7,6.0
1671363525.529000,45.410604,6.630384,1867.526542,17.0,11.461813,2.7,6.0
1671363526.527000,45.410702,6.630430,1865.807831,16.2,11.309559,2.7,6.0
1671363527.517000,45.410799,6.630465,1863.568703,15.0,11.342272,2.6,6.0
1671363528.528000,45.410897,6.630492,1862.888369,9.0,11.219002,2.7,6.0
1671363529.525000,45.410996,6.630513,1862.165249,10.0,11.218953,2.5,6.0
1671363530.526000,45.411099,6.630540,1860.827858,11.0,11.831326,2.5,6.0
1671363531.520000,45.411204,6.630571,1858.586891,11.0,11.679356,2.5,5.7
1671363532.529000,45.411308,6.630599,1857.088599,8.0,11.597651,2.5,5.6
1671363533.531000,45.411411,6.630617,1855.911443,6.1,11.675586,2.7,5.6
1671363534.542000,45.411514,6.630630,1855.061736,5.0,11.278042,2.5,5.6
1671363535.527000,45.411615,6.630641,1853.916600,4.0,11.013792,2.5,5.6
1671363536.530000,45.411716,6.630650,1853.098036,3.0,11.041499,2.4,6.0
1671363537.521000,45.411815,6.630656,1852.065813,2.0,10.889200,2.4,6.0
1671363538.518000,45.411913,6.630659,1851.609824,2.0,10.752480,2.4,6.0
1671363539.518000,45.412013,6.630664,1849.703797,4.0,11.558807,2.4,6.0
1671363540.522000,45.412120,6.630677,1847.570491,8.0,12.003683,2.5,6.3
1671363541.525000,45.412227,6.630705,1845.874768,18.2,11.502318,2.5,6.7
1671363542.520000,45.412326,6.630761,1844.744820,20.9,12.296951,2.4,7.0
1671363543.530000,45.412430,6.630823,1841.323630,10.0,11.850291,2.5,7.6
1671363544.533000,45.412536,6.630853,1837.759070,9.0,11.998961,2.6,8.0
1671363545.545000,45.412644,6.630878,1835.937333,357.1,11.841108,2.5,8.0
1671363546.527000,45.412749,6.630867,1833.792324,344.4,11.602869,2.6,8.0
1671363547.513000,45.412850,6.630825,1833.026951,348.5,11.613660,2.5,8.0
1671363548.529000,45.412949,6.630812,1832.623109,358.5,11.347903,2.5,7.7
1671363549.520000,45.413051,6.630837,1831.119308,10.3,11.830379,2.7,7.3
1671363550.523000,45.413149,6.630902,1830.211470,21.1,11.849669,2.7,7.0
1671363551.520000,45.413244,6.630983,1828.394137,26.0,12.593661,2.8,6.7
1671363552.519000,45.413347,6.631061,1826.351984,28.8,12.767524,2.7,6.0
1671363553.525000,45.413444,6.631144,1823.045751,39.7,12.225556,2.7,6.0
1671363554.524000,45.413521,6.631247,1819.945362,52.7,11.741281,2.7,6.0
1671363555.522000,45.413574,6.631365,1817.626021,55.8,10.210652,2.6,6.0
1671363557.523000,45.413687,6.631542,1812.920338,37.4,9.560351,2.5,6.8
1671363559.526000,45.413794,6.631715,1808.850853,53.7,8.418588,2.5,9.2
1671363561.522000,45.413902,6.631874,1806.669734,40.0,8.049519,2.7,10.7
1671363563.526000,45.414020,6.632002,1804.736023,28.1,6.842179,2.5,12.0
1671363565.522000,45.414118,6.632030,1804.286807,19.0,5.503384,2.4,11.2
1671363567.538000,45.414221,6.632095,1803.508376,29.0,7.002347,2.4,8.8
1671363569.529000,45.414322,6.632190,1800.679610,32.0,6.842805,2.5,6.7
1671363571.524000,45.414425,6.632306,1799.415324,41.9,7.451163,2.5,6.0
1671363573.520000,45.414505,6.632464,1796.898558,60.5,7.245007,2.5,6.0
1671363575.537000,45.414561,6.632618,1795.106372,55.9,5.986396,2.5,6.0
1671363577.525000,45.414636,6.632708,1795.162864,27.0,5.184791,2.7,7.7
1671363580.532000,45.414749,6.632771,1792.622618,24.4,4.612300,2.7,14.5
1671363583.536000,45.414779,6.632895,1791.690058,73.0,1.627702,2.6,10.4
1671363642.391000,45.414807,6.633022,1797.453176,18.2,0.128113,2.4,14.5
1671363677.520000,45.414856,6.632913,1811.300049,-1.0,0.007918,1.8,10.8
1671363813.519000,45.414804,6.632720,1812.000000,238.1,3.484592,1.3,12.3
1671363815.525000,45.414739,6.632564,1814.861482,234.4,3.829510,1.4,11.1
1671363817.532000,45.414680,6.632426,1816.952424,236.7,3.633592,1.4,8.3
1671363820.528000,45.414616,6.632268,1819.728667,237.0,3.473642,1.4,6.4
1671363823.539000,45.414558,6.632131,1822.648302,236.0,3.587734,1.4,6.0
1671363826.526000,45.414501,6.632002,1825.766921,236.0,3.600972,1.5,6.7
1671363829.525000,45.414450,6.631874,1829.771140,237.0,3.502148,1.5,7.0
1671363832.529000,45.414394,6.631752,1833.182612,236.0,3.638784,1.5,6.3
1671363835.526000,45.414342,6.631636,1835.005316,236.0,3.537754,1.8,6.4
1671363838.528000,45.414287,6.631527,1837.278374,236.0,3.804661,1.8,6.0
1671363841.532000,45.414232,6.631412,1839.652015,236.0,3.508056,1.6,6.0
1671363844.529000,45.414180,6.631284,1842.727857,237.0,3.384061,1.7,6.0
1671363847.517000,45.414132,6.631157,1845.028219,236.3,3.577487,1.7,5.7
1671363850.527000,45.414079,6.631032,1848.930648,236.2,3.702502,1.8,4.4
1671363853.524000,45.414026,6.630913,1852.152993,236.1,3.668591,1.8,4.0
1671363856.536000,45.413978,6.630804,1856.028698,235.9,3.457193,1.7,4.0
1671363859.527000,45.413927,6.630686,1859.690826,237.0,3.297193,1.8,4.0
1671363862.530000,45.413873,6.630568,1863.981997,237.0,3.918302,1.8,4.0
1671363865.527000,45.413816,6.630442,1866.433136,236.0,3.694825,2.1,4.0
1671363868.519000,45.413765,6.630328,1868.907786,236.0,3.531982,2.0,4.0
1671363871.531000,45.413715,6.630217,1871.722345,236.0,3.453497,1.8,4.0
1671363874.529000,45.413663,6.630100,1874.899396,236.0,3.773390,1.9,4.0
1671363877.527000,45.413608,6.629979,1877.905367,237.0,3.576560,2.1,4.0
1671363880.534000,45.413558,6.629870,1881.961585,237.0,3.467341,2.1,4.0
1671363883.541000,45.413508,6.629759,1885.660237,236.0,3.463779,2.0,3.4
1671363886.529000,45.413451,6.629637,1889.096590,236.0,3.511238,2.1,3.6
1671363889.520000,45.413397,6.629521,1890.229047,236.0,3.594080,2.0,3.6
1671363892.519000,45.413344,6.629406,1891.322959,236.0,3.591452,2.4,3.4
1671363895.527000,45.413291,6.629291,1893.590903,236.0,3.602058,2.5,3.1
1671363898.524000,45.413238,6.629177,1895.709275,236.0,3.598211,1.3,4.5
1671363901.530000,45.413182,6.629056,1898.018793,237.0,3.647140,1.3,4.5
1671363904.519000,45.413129,6.628945,1900.075731,236.0,3.617600,1.4,4.9
1671363907.528000,45.413077,6.628826,1903.660305,235.0,3.608413,1.3,5.1
1671363910.514000,45.413022,6.628708,1906.499764,236.0,3.593982,1.4,5.0
1671363913.530000,45.412965,6.628585,1909.584601,236.0,3.628600,1.3,5.2
1671363916.535000,45.412915,6.628476,1913.083837,236.8,3.573623,1.3,5.1
1671363919.521000,45.412865,6.628362,1916.910564,237.0,3.546137,1.6,4.7
1671363922.517000,45.412816,6.628253,1920.700593,235.0,3.528870,1.5,4.4
1671363925.519000,45.412762,6.628142,1924.518380,236.0,3.537234,1.3,4.1
1671363928.521000,45.412709,6.628030,1929.092884,236.0,3.501701,1.3,2.6
1671363931.549000,45.412652,6.627915,1932.875318,236.1,3.462835,1.4,3.0
1671363935.535000,45.412589,6.627781,1939.600616,236.0,3.431586,1.3,2.4
1671363939.523000,45.412522,6.627644,1946.224603,234.0,3.413251,1.3,4.4
1671363943.527000,45.412455,6.627498,1952.339151,236.0,3.433072,1.3,3.5
1671363946.505000,45.412404,6.627388,1954.974386,237.0,3.475151,1.6,5.8
1671363949.539000,45.412346,6.627268,1958.067181,236.0,3.514681,1.4,5.5
1671363952.540000,45.412290,6.627162,1961.533356,237.0,3.539686,1.3,5.5
1671363955.526000,45.412236,6.627056,1964.723370,237.0,3.536131,1.4,5.4
1671363958.531000,45.412184,6.626947,1968.159354,237.0,3.530231,1.4,5.2
1671363961.536000,45.412130,6.626834,1972.352908,236.0,3.548363,1.4,4.8
1671363964.533000,45.412078,6.626720,1976.478733,236.0,3.546704,1.3,3.1
1671363967.541000,45.412027,6.626609,1979.754669,236.0,3.531947,1.3,3.4
1671363970.534000,45.411975,6.626501,1984.489747,236.0,3.504167,1.6,3.3
1671363973.531000,45.411924,6.626384,1988.299552,236.1,3.562867,1.5,4.1
1671363976.524000,45.411871,6.626271,1991.315350,237.0,3.559531,1.2,3.8
1671363979.535000,45.411815,6.626151,1994.348784,237.0,3.576716,1.3,3.5
1671363982.546000,45.411764,6.626045,1997.749817,237.0,3.565163,1.3,3.4
1671363985.525000,45.411710,6.625931,2001.230351,235.0,3.571893,1.4,3.4
1671363988.537000,45.411657,6.625818,2005.331917,236.0,3.558408,1.2,3.0
1671363991.538000,45.411603,6.625705,2008.817531,237.0,3.544818,1.3,3.1
1671363994.544000,45.411548,6.625587,2013.117600,236.0,3.519426,1.3,3.4
1671363997.530000,45.411487,6.625458,2017.289924,236.0,3.530897,1.6,3.1
1671364001.530000,45.411432,6.625339,2023.099588,236.7,3.488267,1.3,3.3
1671364004.530000,45.411370,6.625205,2026.732222,235.0,3.519593,1.2,3.4
1671364007.536000,45.411309,6.625076,2030.212318,236.0,3.513336,1.3,3.6
1671364011.525000,45.411244,6.624945,2035.311407,236.0,3.542321,1.3,3.5
1671364015.524000,45.411176,6.624803,2040.410003,237.0,3.509475,1.3,3.3
1671364018.524000,45.411124,6.624690,2044.601967,237.0,3.511805,1.3,3.9
1671364021.530000,45.411071,6.624578,2048.472632,237.0,3.513592,1.2,3.7
1671364024.520000,45.411018,6.624457,2053.156185,237.0,3.522465,1.6,3.4
1671364027.529000,45.410969,6.624348,2057.348019,236.0,3.472721,1.6,3.5
1671364030.535000,45.410915,6.624229,2062.075842,237.0,3.516319,1.3,3.1
1671364033.543000,45.410861,6.624110,2065.233016,236.0,3.517690,1.2,3.0
1671364036.528000,45.410812,6.623999,2069.000771,236.0,3.562403,1.3,3.1
1671364039.534000,45.410761,6.623889,2072.617253,236.0,3.524169,1.4,2.6
1671364042.518000,45.410708,6.623778,2076.246268,236.0,3.536680,1.4,3.3
1671364045.522000,45.410658,6.623668,2079.962133,236.0,3.506912,1.3,3.6
1671364048.549000,45.410602,6.623545,2084.522942,236.0,3.536975,1.3,3.1
1671364052.525000,45.410538,6.623408,2090.188624,236.0,3.497565,1.3,2.7
1671364055.515000,45.410489,6.623298,2094.797336,236.0,3.483809,1.6,3.9
1671364058.540000,45.410434,6.623174,2099.202861,237.0,3.518263,1.5,3.9
1671364061.523000,45.410386,6.623066,2101.562269,236.0,3.514554,1.3,3.7
1671364064.510000,45.410331,6.622954,2103.879836,236.0,3.534485,1.3,2.8
1671364067.518000,45.410278,6.622842,2106.347000,236.0,3.568365,1.4,2.8
1671364070.517000,45.410228,6.622729,2109.397768,237.0,3.613912,1.4,3.0
1671364073.550000,45.410177,6.622614,2112.447590,238.0,3.630092,1.3,3.0
1671364076.536000,45.410126,6.622505,2115.305434,237.0,3.595639,1.3,3.4
1671364079.530000,45.410075,6.622388,2118.852802,236.0,3.601099,1.2,3.5
1671364082.530000,45.410025,6.622281,2122.481062,236.0,3.593096,1.6,3.6
1671364085.539000,45.409968,6.622171,2126.115551,235.0,3.603380,1.6,3.7
1671364088.534000,45.409911,6.622049,2129.223941,236.9,3.506690,1.3,3.5
1671364091.523000,45.409865,6.621937,2132.755150,237.0,3.523133,1.2,3.5
1671364094.528000,45.409806,6.621828,2134.851678,236.0,3.552744,1.3,4.6
1671364097.517000,45.409748,6.621710,2137.312860,237.0,3.587852,1.4,4.6
1671364100.526000,45.409691,6.621597,2140.321363,237.0,3.587066,1.3,4.6
1671364103.550000,45.409631,6.621491,2143.327847,236.0,3.595509,1.2,4.7
1671364106.530000,45.409571,6.621377,2146.303965,237.0,3.601902,1.3,4.1
1671364109.527000,45.409515,6.621262,2149.486414,236.0,3.605168,1.6,3.8
1671364112.521000,45.409460,6.621149,2152.730816,237.0,3.592076,1.6,4.4
1671364115.524000,45.409406,6.621033,2156.439964,235.0,3.586320,1.4,4.4
1671364118.545000,45.409351,6.620915,2158.731152,236.0,3.625021,1.3,4.2
1671364121.520000,45.409298,6.620794,2160.797309,236.0,3.631048,1.4,4.2
1671364124.523000,45.409244,6.620673,2162.851092,237.0,3.637772,1.4,2.6
1671364127.518000,45.409190,6.620560,2165.834629,236.0,3.629925,1.3,3.1
1671364130.521000,45.409135,6.620443,2168.339104,236.0,3.642399,1.2,5.2
1671364133.543000,45.409077,6.620315,2171.224312,237.0,3.634023,1.3,3.9
1671364137.514000,45.409014,6.620171,2175.438043,237.0,3.617546,1.6,3.5
1671364140.537000,45.408960,6.620051,2178.562279,235.1,3.647896,1.5,3.2
1671364143.532000,45.408903,6.619933,2181.435524,235.0,3.636800,1.4,2.5
1671364147.529000,45.408836,6.619788,2185.348172,235.0,3.649184,1.3,3.3
1671364150.515000,45.408780,6.619667,2187.805995,237.0,3.653036,1.4,3.8
1671364153.537000,45.408733,6.619551,2190.272238,236.0,3.671484,1.3,5.5
1671364156.529000,45.408680,6.619431,2191.826223,236.0,3.680924,1.3,5.8
1671364159.534000,45.408631,6.619312,2195.689035,236.0,3.667611,1.3,5.9
1671364162.524000,45.408580,6.619195,2198.091072,235.0,3.647638,1.3,5.6
1671364165.519000,45.408524,6.619068,2201.107388,236.0,3.645545,1.5,3.8
1671364168.537000,45.408469,6.618952,2204.728334,236.0,3.649546,1.5,3.5
1671364171.526000,45.408416,6.618838,2207.558460,236.0,3.635716,1.3,3.6
1671364174.535000,45.408360,6.618713,2211.415402,236.0,3.608211,1.3,3.6
1671364178.522000,45.408295,6.618566,2214.515055,237.0,3.630100,1.4,3.3
1671364181.531000,45.408236,6.618443,2217.017815,236.0,3.640515,1.4,3.3
1671364184.534000,45.408173,6.618311,2219.292057,236.0,3.639774,1.3,3.9
1671364188.518000,45.408109,6.618176,2222.718184,236.0,3.639458,1.3,3.9
1671364191.533000,45.408053,6.618054,2225.554072,236.0,3.649041,1.3,3.1
1671364194.540000,45.407992,6.617923,2227.895060,236.0,3.640833,1.5,2.9
1671364198.519000,45.407931,6.617790,2231.971791,236.0,3.619452,1.5,3.5
1671364201.526000,45.407874,6.617666,2234.452841,236.0,3.652050,1.4,2.9
1671364204.542000,45.407813,6.617532,2235.614211,237.0,3.669630,1.3,3.0
1671364208.523000,45.407750,6.617395,2238.081817,236.0,3.689897,1.4,3.3
1671364211.512000,45.407694,6.617271,2239.693832,235.1,3.697728,1.3,3.6
1671364214.538000,45.407631,6.617138,2241.652185,236.0,3.726344,1.3,3.9
1671364218.514000,45.407575,6.617005,2245.311037,237.0,3.708481,1.3,3.8
1671364221.523000,45.407519,6.616876,2246.146503,236.0,3.689771,1.3,3.9
1671364224.519000,45.407471,6.616757,2249.600419,236.0,3.683716,1.6,3.9
1671364227.524000,45.407419,6.616635,2251.560553,236.0,3.679833,1.5,3.9
1671364230.530000,45.407367,6.616518,2255.059440,236.0,3.658947,1.3,3.5
1671364233.523000,45.407317,6.616401,2256.989379,236.0,3.652108,1.3,3.5
1671364236.519000,45.407261,6.616288,2261.076860,236.0,3.645904,1.4,3.9
1671364239.533000,45.407207,6.616170,2262.709012,236.0,3.642346,1.3,3.7
1671364242.522000,45.407154,6.616057,2266.753415,236.0,3.619630,1.3,3.5
1671364245.512000,45.407100,6.615947,2270.042152,236.0,3.600936,1.3,3.5
1671364248.534000,45.407036,6.615824,2273.899957,236.0,3.588704,1.3,3.3
1671364252.530000,45.406969,6.615690,2278.426169,236.0,3.573834,1.5,3.1
1671364255.534000,45.406912,6.615576,2282.661117,236.0,3.561704,1.6,3.0
1671364259.539000,45.406842,6.615435,2287.760026,236.0,3.544391,1.3,4.7
1671364262.534000,45.406786,6.615317,2290.992817,236.0,3.574019,1.3,4.5
1671364265.540000,45.406730,6.615196,2293.853688,237.0,3.587180,1.4,3.3
1671364268.537000,45.406677,6.615084,2296.919868,236.0,3.596047,1.4,3.3
1671364271.526000,45.406623,6.614969,2300.132493,236.0,3.598303,1.3,3.9
1671364274.525000,45.406568,6.614851,2303.396783,236.0,3.601848,1.3,3.9
1671364277.521000,45.406512,6.614738,2306.526027,236.0,3.590985,1.3,3.9
1671364280.528000,45.406458,6.614625,2310.051024,236.0,3.570591,1.6,3.9
1671364283.527000,45.406400,6.614508,2313.081025,236.0,3.602333,1.6,3.4
1671364286.516000,45.406341,6.614387,2313.361704,236.0,3.636484,1.3,3.3
1671364290.529000,45.406276,6.614242,2313.245186,234.4,3.585516,1.3,3.7
1671364310.522000,45.406246,6.614204,2313.949756,218.9,0.000000,1.6,6.2
1671364310.522000,45.406246,6.614204,2313.949756,218.9,0.000000,1.6,6.2
1671364327.541000,45.406238,6.614126,2313.729338,-1.0,0.031585,1.4,7.4
1671364345.515000,45.406194,6.614000,2313.696640,304.8,0.503931,1.4,8.5
1671364365.525000,45.406142,6.613890,2313.815105,233.0,0.801168,1.6,5.7
1671364372.530000,45.406048,6.613772,2312.431841,222.4,1.738048,1.4,6.1
1671364374.527000,45.405976,6.613679,2310.613506,218.6,2.637635,1.4,3.9
1671364376.512000,45.405843,6.613570,2306.758531,200.3,8.631733,1.4,4.0
1671364377.532000,45.405748,6.613515,2305.717550,196.6,9.178340,1.5,4.0
1671364378.522000,45.405650,6.613470,2304.643825,195.0,10.216361,1.5,4.0
1671364379.524000,45.405550,6.613430,2303.333155,194.0,10.709463,1.5,4.0
1671364380.523000,45.405448,6.613393,2302.183519,192.1,11.261803,1.5,4.0
1671364381.523000,45.405343,6.613362,2299.961157,191.2,11.609852,1.5,4.0
1671364382.521000,45.405234,6.613336,2297.939658,187.1,11.900359,1.5,4.0
1671364383.525000,45.405123,6.613316,2295.943167,185.0,12.009982,1.5,4.0
1671364384.519000,45.405018,6.613308,2294.000000,184.7,11.541159,1.4,4.3
1671364385.517000,45.404918,6.613314,2290.612358,182.4,10.850266,1.4,4.7
1671364386.525000,45.404828,6.613352,2288.335805,169.8,9.974532,1.5,5.2
1671364387.540000,45.404750,6.613436,2286.309208,147.4,10.504813,1.5,5.6
1671364388.527000,45.404708,6.613569,2282.420555,115.2,11.296453,1.5,6.4
1671364389.516000,45.404708,6.613724,2278.957935,95.1,11.595563,1.4,6.7
1671364390.521000,45.404708,6.613894,2275.280300,97.1,12.395421,1.5,7.2
1671364391.510000,45.404695,6.614057,2273.532735,99.6,12.291260,1.8,8.0
1671364392.510000,45.404651,6.614216,2270.813662,114.4,12.698715,1.9,9.0
1671364393.515000,45.404598,6.614371,2265.390959,115.4,12.824493,1.8,10.0
1671364394.511000,45.404548,6.614526,2259.646533,110.9,13.310051,1.8,10.7
1671364395.525000,45.404508,6.614664,2254.219122,109.3,12.054866,1.9,12.0
1671364397.531000,45.404467,6.614865,2247.169567,102.0,7.422271,1.5,12.0
1671364401.516000,45.404477,6.615008,2242.413210,131.5,6.058886,1.6,12.0
1671364403.519000,45.404368,6.615179,2239.241247,134.1,10.257839,1.7,12.0
1671364404.528000,45.404302,6.615286,2234.675817,129.8,10.748289,1.7,12.0
1671364405.545000,45.404256,6.615423,2230.486687,110.5,12.094642,1.7,12.0
1671364406.541000,45.404218,6.615576,2229.365230,117.1,12.223953,1.7,12.0
1671364407.537000,45.404167,6.615722,2224.805130,117.5,12.846664,1.7,12.0
1671364408.515000,45.404121,6.615882,2220.304932,105.2,13.970366,1.8,12.0
1671364409.520000,45.404087,6.616064,2217.490917,103.7,14.466401,1.7,12.0
1671364410.537000,45.404055,6.616248,2212.709128,106.3,13.897629,1.8,12.0
1671364411.514000,45.404008,6.616411,2207.268839,114.0,13.635443,1.8,12.0
1671364412.515000,45.403955,6.616571,2204.140824,114.0,13.913055,1.9,12.0
1671364413.521000,45.403900,6.616735,2199.401480,114.0,14.352032,1.9,12.0
1671364414.517000,45.403849,6.616912,2195.289602,111.7,14.301847,1.9,12.0
1671364415.522000,45.403797,6.617090,2191.957817,112.8,14.584835,1.9,12.0
1671364416.525000,45.403742,6.617269,2185.749901,125.6,13.199687,1.7,12.0
1671364417.526000,45.403674,6.617412,2182.099575,129.1,12.321164,1.8,12.0
1671364418.526000,45.403606,6.617535,2177.549276,126.8,11.733206,1.8,12.0
1671364419.529000,45.403546,6.617661,2176.247784,124.8,11.903905,1.8,12.0
1671364420.525000,45.403495,6.617795,2172.892368,122.2,11.984981,1.8,12.0
1671364421.531000,45.403446,6.617934,2172.213391,122.8,12.013676,1.8,12.0
1671364422.509000,45.403382,6.618058,2168.062865,130.6,12.204789,1.8,12.0
1671364423.518000,45.403309,6.618180,2160.963157,133.3,12.450655,2.1,12.0
1671364424.514000,45.403248,6.618316,2157.551608,121.6,13.044605,2.2,12.0
1671364425.521000,45.403203,6.618464,2152.154531,96.0,13.365835,2.2,12.0
1671364426.522000,45.403201,6.618638,2148.762924,109.1,13.607897,2.2,12.0
1671364427.508000,45.403167,6.618806,2140.111896,118.1,14.756747,2.2,12.0
1671364428.513000,45.403097,6.618986,2133.185510,119.0,17.127184,2.1,12.7
1671364429.519000,45.403019,6.619183,2131.126012,100.9,16.667889,1.9,13.6
1671364430.513000,45.402988,6.619414,2127.354580,99.2,15.941256,1.9,14.0
1671364431.518000,45.402985,6.619633,2122.356152,78.7,16.252630,1.9,14.7
1671364432.511000,45.403018,6.619841,2120.270906,71.5,16.386335,1.9,17.6
1671364433.527000,45.403082,6.620054,2114.583002,65.4,16.636068,2.0,16.8
1671364434.515000,45.403149,6.620242,2109.632605,65.9,16.578512,2.1,16.7
1671364435.515000,45.403218,6.620422,2107.144176,63.0,15.754940,2.0,16.8
1671364436.508000,45.403300,6.620601,2105.178595,49.6,15.341614,2.0,16.7
1671364437.507000,45.403401,6.620782,2103.532804,51.4,15.972199,2.1,16.7
1671364438.517000,45.403506,6.620982,2099.256277,53.0,16.825497,2.1,14.7
1671364439.514000,45.403605,6.621176,2094.492572,52.0,16.670616,2.1,15.3
1671364440.512000,45.403708,6.621372,2090.874121,51.0,16.252729,2.1,14.7
1671364441.521000,45.403806,6.621547,2087.809437,51.2,15.920289,2.2,13.6
1671364442.511000,45.403898,6.621708,2085.712106,50.6,15.385571,2.2,12.8
1671364443.516000,45.403986,6.621861,2083.748901,49.7,14.575911,2.2,12.7
1671364444.507000,45.404063,6.622004,2081.727070,52.8,13.422007,2.2,12.7
1671364445.513000,45.404143,6.622153,2080.180837,52.3,13.533697,2.1,12.0
1671364446.520000,45.404227,6.622302,2077.328246,50.1,13.725591,2.1,12.0
1671364447.515000,45.404319,6.622454,2075.628819,50.0,13.666167,2.1,11.2
1671364448.515000,45.404403,6.622597,2074.471248,49.8,12.843023,2.1,10.7
1671364449.518000,45.404484,6.622733,2072.787792,49.9,12.396778,2.1,9.6
1671364450.519000,45.404563,6.622868,2071.885778,49.9,12.364033,2.1,8.8
1671364451.513000,45.404637,6.622998,2069.503038,51.7,11.721974,2.1,8.7
1671364452.514000,45.404707,6.623126,2067.374370,49.9,11.647968,2.1,8.0
1671364453.500000,45.404786,6.623249,2065.174455,45.4,12.292230,2.5,8.0
1671364454.531000,45.404873,6.623375,2063.549244,45.7,12.260049,2.5,8.0
1671364455.496000,45.404954,6.623490,2063.027749,44.8,12.239301,2.5,8.0
1671364456.520000,45.405051,6.623606,2059.321059,37.2,13.358472,2.4,8.0
1671364457.526000,45.405150,6.623719,2055.850444,38.5,13.388800,2.5,8.0
1671364458.518000,45.405242,6.623842,2054.327778,47.1,13.658807,1.5,8.0
1671364459.520000,45.405326,6.623978,2051.491351,47.1,13.631176,1.2,8.0
1671364460.507000,45.405410,6.624109,2047.143840,46.4,13.647510,1.3,8.0
1671364461.526000,45.405502,6.624222,2043.601467,40.7,13.154892,1.3,8.0
1671364462.527000,45.405590,6.624329,2042.304352,40.2,12.771852,1.3,8.0
1671364463.526000,45.405676,6.624434,2042.037054,40.4,12.717657,1.4,8.0
1671364464.512000,45.405760,6.624538,2040.535328,41.1,12.625375,1.4,8.0
1671364465.518000,45.405848,6.624646,2036.562299,39.9,12.623074,1.4,8.0
1671364466.513000,45.405937,6.624755,2033.305302,40.0,12.628060,1.4,8.0
1671364467.529000,45.406025,6.624860,2031.956890,40.1,12.544996,1.4,8.8
1671364468.519000,45.406128,6.624963,2029.878509,35.3,13.444791,1.4,9.3
1671364469.516000,45.406228,6.625074,2026.357669,37.7,13.465709,1.4,10.4
1671364470.512000,45.406321,6.625198,2025.548554,44.3,13.750971,1.4,10.7
1671364471.515000,45.406415,6.625336,2022.451341,43.6,13.683197,1.4,11.2
1671364472.504000,45.406511,6.625455,2020.291107,37.8,14.040515,1.4,11.3
1671364473.508000,45.406621,6.625569,2017.353871,36.2,14.204042,1.4,10.7
1671364474.522000,45.406733,6.625675,2013.732175,34.3,13.948124,1.4,9.6
1671364475.528000,45.406844,6.625778,2010.525553,37.8,13.999073,1.3,8.8
1671364476.510000,45.406946,6.625890,2010.011042,39.9,13.825969,1.3,8.7
1671364477.512000,45.407054,6.626005,2006.657304,35.7,14.109348,1.3,8.0
1671364478.531000,45.407170,6.626103,2004.152417,29.1,14.094407,1.3,8.0
1671364479.518000,45.407285,6.626190,2001.238620,27.1,13.516370,1.3,8.0
1671364480.511000,45.407398,6.626270,1999.952915,28.0,13.769864,1.3,8.0
1671364481.512000,45.407512,6.626353,1997.989428,27.1,13.747184,1.2,8.0
1671364482.520000,45.407620,6.626432,1995.565939,37.4,11.950234,1.3,8.0
1671364483.516000,45.407701,6.626523,1992.553440,41.2,11.300173,1.6,8.0
1671364484.521000,45.407768,6.626619,1986.280211,51.3,9.899232,1.7,8.0
1671364486.507000,45.407876,6.626790,1985.310042,26.1,7.808259,1.6,8.0
1671364488.541000,45.408008,6.626856,1985.115458,22.0,8.269174,1.5,8.0
1671364490.535000,45.408151,6.626927,1983.155189,19.0,8.767483,1.3,8.0
1671364492.539000,45.408309,6.627023,1981.385058,23.9,9.375742,1.3,7.6
1671364493.524000,45.408390,6.627084,1980.133748,26.9,9.978222,1.3,7.3
1671364494.512000,45.408474,6.627147,1978.272135,25.0,10.893932,1.4,6.8
1671364495.529000,45.408568,6.627208,1977.008583,25.0,11.377240,1.4,6.7
1671364496.523000,45.408669,6.627273,1975.250582,24.0,12.164393,1.4,6.3
1671364497.507000,45.408775,6.627341,1972.174325,24.9,12.944390,1.4,6.0
1671364498.527000,45.408887,6.627414,1968.722649,24.0,13.185575,1.3,6.0
1671364499.523000,45.408997,6.627484,1966.458835,24.9,13.426457,1.4,6.0
1671364500.528000,45.409108,6.627559,1965.789901,29.7,13.557094,1.4,6.3
1671364501.534000,45.409214,6.627651,1962.641051,32.9,13.912995,1.4,6.8
1671364502.507000,45.409317,6.627746,1958.703472,32.1,13.932495,1.4,7.0
1671364503.521000,45.409423,6.627841,1955.736939,31.1,13.646255,1.5,7.3
1671364504.517000,45.409526,6.627930,1952.313558,30.3,13.262313,1.5,7.7
1671364505.527000,45.409626,6.628008,1949.626368,26.2,13.019350,1.3,8.0
1671364506.515000,45.409730,6.628081,1946.256050,23.2,13.166261,1.4,8.0
1671364507.525000,45.409840,6.628149,1943.316652,23.0,13.386765,1.4,8.0
1671364508.516000,45.409948,6.628213,1941.254882,22.1,13.084839,1.4,8.7
1671364509.520000,45.410056,6.628276,1939.696254,22.0,12.911035,1.4,12.0
1671364510.511000,45.410161,6.628335,1936.985926,21.0,12.872047,1.4,12.0
1671364511.516000,45.410281,6.628393,1934.820137,19.0,13.744919,1.4,13.6
1671364512.513000,45.410404,6.628448,1932.601438,18.0,13.109008,1.6,13.3
1671364513.512000,45.410522,6.628497,1931.609648,15.1,12.492744,1.5,14.0
1671364514.508000,45.410638,6.628536,1929.898472,11.1,13.200476,1.6,14.0
1671364515.514000,45.410761,6.628566,1927.325434,11.0,13.231219,1.4,12.0
1671364516.527000,45.410884,6.628598,1925.335650,11.0,13.368371,1.6,12.0
1671364517.504000,45.411003,6.628631,1923.104320,16.0,13.253464,1.7,12.0
1671364518.503000,45.411124,6.628677,1921.533918,15.0,13.119272,1.6,12.0
1671364519.528000,45.411246,6.628720,1919.953727,12.1,12.855967,1.6,12.0
1671364520.512000,45.411368,6.628753,1917.683508,11.0,13.348661,1.6,12.0
1671364521.517000,45.411498,6.628787,1916.149377,15.0,13.106185,1.6,12.0
1671364522.521000,45.411622,6.628839,1914.952998,22.7,12.862281,1.6,12.0
1671364523.519000,45.411734,6.628926,1913.595628,33.7,13.515208,1.6,12.0
1671364524.518000,45.411838,6.629032,1911.337185,37.6,13.764652,1.6,12.0
1671364525.513000,45.411940,6.629142,1906.120148,33.1,14.276736,1.7,12.0
1671364526.513000,45.412051,6.629247,1902.560922,35.9,14.837670,1.9,12.0
1671364527.526000,45.412162,6.629368,1900.380850,38.1,15.276983,1.7,12.0
1671364528.510000,45.412267,6.629494,1897.399562,40.7,15.208125,1.6,12.0
1671364529.518000,45.412367,6.629621,1891.718923,38.3,14.831673,2.2,12.0
1671364530.521000,45.412469,6.629746,1887.097318,45.6,15.427665,1.8,12.0
1671364531.529000,45.412566,6.629889,1881.009698,58.2,16.562658,1.4,12.0
1671364532.510000,45.412642,6.630061,1877.155135,46.7,17.039721,1.6,12.0
1671364533.502000,45.412748,6.630194,1869.215811,30.8,16.467321,1.9,12.0
1671364534.523000,45.412871,6.630296,1865.342054,28.2,16.171926,1.9,12.0
1671364535.515000,45.412995,6.630410,1863.219134,30.0,15.794569,2.2,12.0
1671364536.519000,45.413110,6.630525,1859.943172,44.6,15.322783,1.9,12.7
1671364537.508000,45.413210,6.630661,1854.520231,38.3,16.654438,2.0,14.7
1671364538.507000,45.413326,6.630809,1847.570949,37.7,16.950027,2.2,15.2
1671364539.510000,45.413458,6.630939,1844.016306,32.3,17.629494,1.9,14.7
1671364540.515000,45.413608,6.631109,1841.941165,47.9,18.278034,2.3,15.2
1671364541.503000,45.413693,6.631350,1836.454860,73.5,18.143499,1.9,14.7
1671364542.516000,45.413740,6.631593,1833.152515,68.6,16.434393,1.9,12.8
1671364543.525000,45.413826,6.631766,1828.412291,53.2,15.789277,1.8,13.6
1671364544.522000,45.413911,6.631886,1826.400806,47.8,13.937817,2.4,14.4
1671364545.524000,45.414010,6.631971,1823.612437,32.7,12.098686,2.0,14.4
1671364546.530000,45.414106,6.632055,1822.577158,23.4,11.520911,1.9,14.4
1671364547.518000,45.414197,6.632117,1821.692849,18.9,10.450105,2.1,12.8
1671364548.515000,45.414284,6.632163,1819.625672,17.1,10.666192,2.0,12.0
1671364549.516000,45.414378,6.632210,1818.978226,20.2,10.715195,2.2,10.7
1671364550.527000,45.414465,6.632284,1818.283522,38.3,10.511227,2.1,8.8
1671364551.517000,45.414536,6.632371,1815.037348,35.0,10.455277,2.1,8.7
1671364553.518000,45.414685,6.632425,1811.599836,13.6,8.090100,1.9,8.0
1671364555.522000,45.414823,6.632482,1810.148035,16.3,7.540967,1.9,8.0
1671364557.521000,45.414942,6.632507,1807.712492,359.0,6.830777,2.1,8.0
1671364559.517000,45.415057,6.632519,1805.380169,7.1,8.170938,2.0,9.3
1671364561.510000,45.415198,6.632592,1803.068094,15.9,8.971394,2.4,10.7
1671364563.509000,45.415344,6.632708,1800.508510,31.2,8.306479,1.8,13.3
1671364565.519000,45.415468,6.632844,1799.758802,33.4,7.915492,2.1,15.2
1671364567.518000,45.415575,6.632984,1798.690563,36.8,7.246021,2.1,16.0
1671364569.526000,45.415692,6.633101,1797.878817,32.2,6.501486,2.5,16.0
1671364571.525000,45.415839,6.633173,1796.678715,19.2,6.404907,2.6,14.4
1671364573.523000,45.415979,6.633285,1795.978391,28.9,8.380401,1.7,12.0
1671364575.531000,45.416134,6.633414,1792.323740,20.9,11.019259,2.2,9.6
1671364576.520000,45.416230,6.633475,1790.517344,21.3,12.023246,2.0,9.3
1671364577.538000,45.416335,6.633541,1788.148176,20.0,12.316934,1.8,8.0
1671364578.515000,45.416443,6.633603,1785.347573,18.0,13.673697,1.8,8.0
1671364579.517000,45.416564,6.633661,1783.698405,12.0,13.528500,2.1,8.0
1671364580.526000,45.416681,6.633700,1781.691141,8.1,13.554666,2.5,8.0
1671364581.524000,45.416800,6.633724,1779.514768,4.0,13.787040,2.3,8.0
1671364582.510000,45.416918,6.633726,1776.871428,356.0,13.527180,1.9,8.0
1671364583.520000,45.417037,6.633705,1774.457571,345.1,12.879243,1.8,8.0
1671364584.526000,45.417143,6.633661,1773.707075,343.0,12.268486,1.8,8.0
1671364585.525000,45.417251,6.633613,1773.331525,339.8,11.325641,2.0,8.0
1671364586.520000,45.417343,6.633550,1773.029859,334.0,10.584789,1.7,8.0
1671364587.526000,45.417428,6.633488,1772.369476,338.0,10.584805,1.8,8.0
1671364588.525000,45.417516,6.633432,1771.911350,340.0,10.492706,1.9,8.0
1671364589.519000,45.417601,6.633384,1770.787177,338.0,9.760121,1.9,8.0
1671364591.518000,45.417757,6.633265,1769.066574,326.4,10.104055,1.8,8.0
1671364593.519000,45.417898,6.633113,1767.014692,315.2,10.164987,1.7,8.7
1671364595.511000,45.418023,6.632938,1766.209266,323.8,9.669283,2.2,10.0
1671364597.529000,45.418162,6.632790,1765.172482,339.0,9.487312,2.8,12.0
1671364599.519000,45.418317,6.632708,1763.146437,342.1,9.883758,2.5,12.0
1671364601.519000,45.418472,6.632616,1761.451439,338.0,8.709373,2.6,11.3
1671364603.524000,45.418616,6.632530,1759.804453,347.0,9.017488,2.4,10.4
1671364605.517000,45.418770,6.632462,1757.974844,350.0,9.123058,2.0,12.7
1671364607.532000,45.418932,6.632411,1757.284925,358.9,9.019596,2.1,14.4
1671364609.514000,45.419094,6.632416,1755.882197,353.0,8.087312,2.0,14.0
1671364611.519000,45.419232,6.632386,1754.897352,343.7,7.281544,2.2,12.0
1671364613.517000,45.419342,6.632328,1753.599787,338.9,6.711832,1.8,11.2
1671364615.534000,45.419452,6.632245,1753.184688,332.4,7.446317,1.9,9.6
1671364617.534000,45.419580,6.632160,1751.510864,335.9,8.011356,1.8,7.6
1671364619.538000,45.419716,6.632078,1749.765225,338.6,9.103653,2.1,6.8
1671364621.532000,45.419896,6.631996,1745.748014,342.0,11.392029,1.8,5.6
1671364622.527000,45.419999,6.631954,1743.946119,344.6,12.626516,1.9,6.0
1671364623.527000,45.420115,6.631923,1740.976572,348.6,12.969298,1.6,6.3
1671364624.527000,45.420234,6.631892,1738.754857,347.1,12.033882,1.7,6.7
1671364625.528000,45.420344,6.631861,1737.984385,345.7,11.181601,1.7,7.0
1671364626.532000,45.420443,6.631825,1736.862279,342.9,10.912007,2.3,8.0
1671364627.516000,45.420537,6.631776,1736.455399,339.4,11.256057,2.5,8.0
1671364628.507000,45.420637,6.631709,1734.174992,335.4,12.573100,2.8,8.0
1671364629.519000,45.420741,6.631643,1732.042853,336.6,12.068315,2.5,8.0
1671364630.522000,45.420839,6.631601,1731.411942,340.7,11.488233,2.5,8.0
1671364631.519000,45.420938,6.631613,1730.834403,0.3,11.485336,2.7,8.0
1671364632.521000,45.421046,6.631642,1729.070182,3.0,11.967711,2.6,8.0
1671364633.508000,45.421150,6.631661,1725.148821,0.5,11.123446,2.7,8.0
1671364634.510000,45.421248,6.631668,1723.725560,5.8,10.915794,2.4,8.7
1671364635.525000,45.421348,6.631684,1721.847125,9.7,11.130841,1.9,12.0
1671364636.516000,45.421439,6.631736,1719.009338,27.2,11.472163,2.2,12.0
1671364637.516000,45.421527,6.631824,1715.014745,30.4,12.245490,2.4,12.7
1671364638.528000,45.421620,6.631914,1710.251982,30.0,12.409670,2.2,14.4
1671364639.522000,45.421714,6.632006,1708.101279,32.1,12.273582,2.0,14.4
1671364640.521000,45.421799,6.632107,1703.225897,33.9,12.250079,2.1,14.0
1671364641.514000,45.421863,6.632201,1697.711074,36.1,10.481289,2.1,12.0
1671364643.513000,45.422026,6.632307,1692.837650,23.5,10.156475,2.3,12.0
1671364644.525000,45.422130,6.632362,1689.538230,23.2,12.407579,1.9,12.0
1671364645.518000,45.422240,6.632421,1688.314653,40.1,12.839037,1.9,12.0
1671364646.500000,45.422333,6.632532,1683.368206,37.2,12.555801,1.8,12.0
1671364647.521000,45.422426,6.632636,1679.103572,25.2,12.006184,2.1,12.0
1671364648.527000,45.422519,6.632682,1673.970171,10.0,11.307193,1.8,12.0
1671364649.516000,45.422611,6.632701,1669.347642,18.9,10.868007,1.9,12.0
1671364650.512000,45.422697,6.632744,1666.343939,24.1,9.852430,1.8,12.0
1671364652.507000,45.422852,6.632898,1657.634990,24.3,10.565382,1.8,12.0
1671364653.523000,45.422941,6.632975,1652.557487,10.8,10.598926,1.7,12.0
1671364654.521000,45.423035,6.633010,1648.126952,5.2,11.397487,1.6,12.0
1671364655.519000,45.423138,6.633032,1644.484441,26.8,11.274127,1.8,12.0
1671364656.516000,45.423229,6.633099,1639.385611,46.6,11.046571,2.1,12.8
1671364657.511000,45.423298,6.633208,1633.663759,28.6,12.344869,2.3,13.6
1671364658.510000,45.423396,6.633292,1629.258039,11.1,11.918468,2.7,13.3
1671364659.509000,45.423505,6.633328,1626.147464,5.2,12.788411,2.8,13.3
1671364660.516000,45.423630,6.633340,1622.531451,18.8,13.481797,2.6,13.3
1671364661.506000,45.423742,6.633394,1619.790055,23.3,12.432738,2.6,13.3
1671364662.517000,45.423842,6.633473,1613.637535,27.0,12.917010,2.7,12.0
1671364663.505000,45.423934,6.633548,1610.257631,8.1,11.581919,2.8,12.0
1671364665.508000,45.424091,6.633529,1605.677114,4.3,9.125457,2.3,10.7
1671364667.545000,45.424244,6.633590,1599.893083,19.2,9.964857,2.3,8.8
1671364669.540000,45.424378,6.633632,1594.380805,1.6,7.224131,2.0,7.2
1671364671.518000,45.424501,6.633585,1588.546327,340.2,9.135823,2.2,6.7
1671364673.520000,45.424672,6.633526,1580.987205,358.9,10.069519,2.3,6.7
1671364674.509000,45.424764,6.633522,1574.931163,345.6,11.413219,1.9,7.0
1671364675.503000,45.424860,6.633483,1571.511087,339.6,12.377040,1.9,7.3
1671364676.501000,45.424954,6.633422,1565.979976,315.5,11.690078,1.9,7.7
1671364677.527000,45.425009,6.633314,1562.508321,296.6,10.526112,1.9,8.0
1671364678.510000,45.425039,6.633188,1555.806539,298.2,10.849735,2.0,8.0
1671364679.507000,45.425080,6.633050,1551.743775,301.1,12.428801,1.8,8.0
1671364680.523000,45.425141,6.632903,1549.030248,308.2,11.917000,1.8,8.0
1671364681.525000,45.425205,6.632791,1547.756898,313.1,11.269521,1.8,8.0
1671364683.537000,45.425321,6.632698,1540.135279,339.1,7.188856,1.8,8.0
1671364685.530000,45.425435,6.632611,1536.708064,326.5,8.031537,1.7,8.0
1671364687.516000,45.425564,6.632492,1531.163571,344.8,6.856557,2.1,8.0
1671364689.512000,45.425684,6.632450,1526.185533,346.1,7.363702,2.8,9.3
1671364691.519000,45.425838,6.632335,1522.348379,334.7,8.924481,2.6,10.7
1671364692.527000,45.425925,6.632268,1518.586868,345.5,7.536861,2.7,11.2
1671364694.524000,45.426055,6.632210,1512.797261,348.0,8.052012,2.8,9.6
1671364696.525000,45.426239,6.632110,1507.510802,340.0,10.705173,2.3,8.0
1671364697.513000,45.426346,6.632055,1502.469899,341.0,11.235546,2.1,8.0
1671364698.521000,45.426454,6.631993,1498.615621,339.1,11.678720,2.4,8.0
1671364699.515000,45.426559,6.631921,1491.263390,339.9,11.716973,2.3,8.0
1671364700.524000,45.426664,6.631853,1488.135607,340.0,11.465490,2.0,8.0
1671364701.516000,45.426769,6.631792,1481.024568,344.0,12.161762,2.1,8.0
1671364702.519000,45.426887,6.631736,1478.333460,335.9,13.809987,2.2,8.0
1671364703.513000,45.427005,6.631654,1473.866916,332.5,13.882937,2.3,8.0
1671364704.518000,45.427109,6.631557,1470.071731,319.0,12.760014,2.4,8.0
1671364705.502000,45.427179,6.631452,1468.135071,292.9,11.004932,1.9,8.7
1671364706.520000,45.427205,6.631302,1466.484542,287.2,13.278992,1.9,9.6
1671364707.531000,45.427224,6.631114,1462.513606,279.1,13.810291,2.0,10.4
1671364708.512000,45.427229,6.630927,1458.100820,294.2,12.568984,2.1,10.7
1671364709.514000,45.427263,6.630752,1456.608083,304.3,13.004976,1.8,10.7
1671364710.506000,45.427326,6.630601,1452.933676,301.6,13.506322,1.9,10.4
1671364711.517000,45.427387,6.630436,1449.636903,296.2,13.122316,1.9,10.0
1671364712.515000,45.427430,6.630281,1447.951840,292.1,11.148456,2.0,9.3
1671364713.498000,45.427452,6.630150,1445.974047,288.6,9.700878,1.7,8.7
1671364715.516000,45.427495,6.629915,1444.049121,285.1,9.230891,1.7,8.0
1671364717.513000,45.427515,6.629668,1440.408928,293.1,10.306872,1.8,8.0
1671364718.522000,45.427547,6.629534,1438.697148,292.0,11.276553,2.3,8.0
1671364719.517000,45.427579,6.629392,1435.760075,288.7,11.237083,2.6,8.0
1671364720.515000,45.427610,6.629241,1432.828781,293.0,12.854322,2.9,8.0
1671364721.520000,45.427654,6.629079,1431.176713,300.8,13.470384,2.6,8.0
1671364722.517000,45.427716,6.628917,1426.718363,285.4,14.122294,2.6,8.0
1671364723.511000,45.427747,6.628735,1423.764070,277.9,14.283235,2.8,8.0
1671364724.511000,45.427764,6.628545,1420.888826,275.9,14.488625,2.7,8.0
1671364725.511000,45.427778,6.628356,1419.663138,278.3,14.785583,2.8,8.7
1671364726.510000,45.427797,6.628162,1417.388011,280.3,15.165331,2.5,9.3
1671364727.512000,45.427825,6.627972,1415.524194,283.4,14.613005,2.0,12.0
1671364728.509000,45.427877,6.627805,1414.655344,290.2,13.658670,2.2,13.3
1671364729.511000,45.427936,6.627650,1412.146366,293.8,13.376502,2.4,14.7
1671364730.505000,45.427992,6.627498,1409.885389,294.7,13.299932,2.3,16.0
1671364731.519000,45.428050,6.627348,1407.672204,296.8,13.126581,2.2,17.6
1671364732.511000,45.428110,6.627204,1406.265840,299.2,13.137062,2.2,17.3
1671364733.505000,45.428186,6.627074,1403.290242,314.4,13.044798,2.2,18.7
1671364734.509000,45.428267,6.626952,1400.019478,312.6,13.196797,2.4,20.0
1671364735.505000,45.428344,6.626836,1397.157413,313.4,11.683180,2.4,24.0
1671364736.505000,45.428415,6.626743,1395.054704,319.1,9.381464,2.0,25.3
1671364738.497000,45.428554,6.626610,1386.750861,325.9,9.504642,2.0,28.0
1671364739.516000,45.428631,6.626534,1386.230281,331.7,10.055363,2.2,25.6
1671364740.513000,45.428710,6.626460,1385.494840,332.9,10.561157,1.8,22.4
1671364741.515000,45.428795,6.626388,1382.418721,332.9,10.487864,1.9,19.2
1671364742.508000,45.428882,6.626323,1380.038343,333.9,11.096716,1.9,20.0
1671364743.515000,45.428994,6.626252,1376.750530,325.1,11.549971,2.0,16.8
1671364744.507000,45.429092,6.626170,1372.807313,320.7,11.024463,1.8,16.0
1671364745.514000,45.429179,6.626074,1371.059561,304.3,11.644889,1.9,15.2
1671364746.522000,45.429250,6.625948,1367.174998,299.8,12.587893,1.7,15.2
1671364747.507000,45.429326,6.625812,1365.919316,303.7,11.808294,1.8,14.7
1671364748.514000,45.429401,6.625682,1363.849735,303.1,11.794971,1.9,12.7
1671364749.515000,45.429463,6.625556,1359.921992,308.0,11.397164,2.4,16.8
1671364750.520000,45.429542,6.625444,1359.096573,310.3,11.347002,2.7,17.6
1671364751.517000,45.429620,6.625330,1356.630228,307.4,11.546538,2.9,17.3
1671364752.508000,45.429691,6.625205,1353.663921,304.8,11.526187,2.6,18.4
1671364753.509000,45.429756,6.625080,1351.371158,306.0,11.128497,2.6,18.0
1671364754.511000,45.429820,6.624949,1348.450142,298.3,11.813010,2.8,18.7
1671364755.509000,45.429874,6.624804,1345.271151,294.6,11.663298,2.7,16.0
1671364756.515000,45.429916,6.624652,1343.279592,282.5,10.901984,2.8,16.0
1671364757.517000,45.429935,6.624493,1341.158208,275.2,10.694177,2.5,16.0
1671364758.507000,45.429942,6.624346,1339.541691,272.0,11.308384,2.1,17.3
1671364759.513000,45.429941,6.624183,1336.998712,272.0,10.394364,2.3,17.6
1671364760.516000,45.429940,6.624034,1334.480100,267.8,9.997217,2.5,17.6
1671364761.518000,45.429931,6.623891,1332.900621,262.7,9.443820,2.3,17.6
1671364762.527000,45.429908,6.623763,1329.781527,248.2,8.986785,2.1,17.6
1671364764.512000,45.429852,6.623527,1327.297886,279.1,9.584984,2.2,17.3
1671364765.525000,45.429872,6.623394,1324.469728,286.3,9.372149,2.4,17.6
1671364766.532000,45.429889,6.623268,1322.621600,262.8,9.840252,2.4,17.6
1671364767.517000,45.429882,6.623135,1319.201402,268.6,10.740479,2.0,18.7
1671364768.530000,45.429902,6.622976,1317.408390,282.6,11.123034,2.0,19.2
1671364769.509000,45.429936,6.622834,1315.362380,292.2,11.744490,2.1,21.3
1671364770.507000,45.429984,6.622691,1313.482942,292.9,11.382502,2.2,22.7
1671364771.504000,45.430050,6.622540,1311.900817,293.1,11.161582,1.9,22.7
1671364772.500000,45.430093,6.622407,1309.159818,296.8,11.363232,2.0,28.0
1671364773.511000,45.430161,6.622260,1308.157256,298.0,11.007216,2.0,26.7
1671364774.524000,45.430216,6.622129,1305.593227,295.1,9.903540,2.0,25.6
1671364775.513000,45.430257,6.622011,1304.330248,289.3,9.029705,1.8,22.4
1671364777.509000,45.430301,6.621749,1301.694589,280.9,10.538088,1.8,19.2
1671364778.507000,45.430324,6.621599,1300.968518,282.8,11.465559,2.0,18.7
1671364779.525000,45.430356,6.621425,1299.753073,286.9,12.692968,2.2,19.2
1671364780.514000,45.430394,6.621246,1298.465220,292.8,12.343149,2.5,19.2
1671364781.520000,45.430443,6.621063,1296.311432,294.3,12.196498,2.8,15.2
1671364782.513000,45.430507,6.620920,1294.632398,304.3,11.990593,2.9,14.4
1671364783.515000,45.430579,6.620784,1293.937357,307.9,11.793736,2.7,13.6
1671364784.520000,45.430659,6.620656,1293.211953,323.9,11.379260,2.8,13.3
1671364785.513000,45.430755,6.620561,1292.918308,326.1,11.035188,2.8,12.0
1671364786.521000,45.430841,6.620475,1292.191813,323.5,10.754880,2.9,10.4
1671364787.517000,45.430906,6.620383,1291.307480,313.9,9.485874,2.7,9.6
1671364789.518000,45.431006,6.620215,1290.995175,310.0,8.694548,2.2,8.7
1671364791.516000,45.431095,6.620074,1290.137598,310.1,7.090626,2.5,8.0
1671364793.514000,45.431165,6.619952,1290.030002,309.0,5.887754,2.2,7.7
1671364795.511000,45.431228,6.619840,1289.739967,311.0,5.933223,2.4,7.0
1671364797.521000,45.431304,6.619726,1288.975269,314.9,5.364784,2.1,6.0
1671364799.512000,45.431376,6.619634,1288.797526,321.5,5.340313,2.1,6.4
1671364801.516000,45.431463,6.619555,1287.999381,333.4,4.911107,2.1,7.2
1671364804.515000,45.431568,6.619469,1287.648056,329.2,3.398628,2.0,7.4
1671364824.495000,45.431630,6.619389,1287.836279,-1.0,0.000000,2.5,4.6
1671364824.495000,45.431630,6.619389,1287.836279,-1.0,0.000000,2.5,4.6
1671364828.496000,45.431633,6.619380,1288.016438,290.9,0.920541,2.4,4.8
1671364864.285000,45.431692,6.619515,1288.066532,73.3,0.766321,2.6,50.7
1671364914.660000,45.431782,6.619535,1288.156917,341.7,0.415462,2.2,31.2
1671364926.532000,45.431692,6.619453,1287.609219,-1.0,0.064263,2.9,21.7
1671364927.724000,45.431582,6.619387,1287.775578,-1.0,0.055530,2.9,16.6
1671364991.050000,45.431547,6.619506,1288.312105,141.9,2.867808,2.6,9.3
1671364994.591000,45.431458,6.619586,1289.932034,145.7,3.322854,2.7,11.8
1671364997.470000,45.431348,6.619665,1293.696052,146.5,3.832719,3.2,11.2
1671365000.470000,45.431245,6.619757,1297.059665,145.8,3.955666,3.3,10.3
1671365003.409000,45.431151,6.619835,1300.126744,145.5,3.900851,3.1,10.5
1671365006.289000,45.431056,6.619919,1304.105321,145.8,3.863394,2.7,9.7
1671365009.210000,45.430966,6.620005,1307.939260,144.9,3.817675,2.8,8.8
1671365012.533000,45.430874,6.620096,1312.700073,144.1,3.837182,2.9,8.1
1671365015.524000,45.430786,6.620181,1315.470008,145.0,3.727511,3.2,5.8
1671365018.516000,45.430703,6.620264,1320.081870,144.0,3.795782,3.0,4.7
1671365021.517000,45.430622,6.620346,1324.351444,142.0,3.685816,3.1,4.0
1671365024.525000,45.430538,6.620429,1328.385066,143.1,4.172028,5.7,5.5
1671365027.505000,45.430451,6.620514,1331.529039,145.0,3.848584,3.7,5.6
1671365030.513000,45.430367,6.620601,1334.660558,143.0,3.852337,2.9,5.9
1671365033.501000,45.430283,6.620683,1338.270966,142.0,3.775507,2.6,6.5
1671365036.510000,45.430199,6.620768,1341.798042,143.0,3.833335,2.5,6.5
1671365039.517000,45.430116,6.620852,1345.416964,145.0,3.818059,2.8,6.5
1671365042.520000,45.430030,6.620936,1349.186517,143.0,3.810970,2.7,6.6
1671365045.514000,45.429947,6.621022,1352.692184,144.9,3.640151,2.7,6.6
1671365048.517000,45.429858,6.621109,1357.288505,144.0,3.703660,3.0,6.6
1671365051.522000,45.429775,6.621191,1361.684454,143.1,3.887113,4.0,6.6
1671365054.535000,45.429696,6.621272,1365.444971,145.0,3.814943,3.0,5.7
1671365057.516000,45.429613,6.621358,1369.357026,144.0,3.795841,2.6,5.3
1671365060.517000,45.429532,6.621438,1373.429123,143.0,3.713882,2.6,6.0
1671365063.523000,45.429451,6.621523,1377.958650,145.0,3.646944,2.8,5.7
1671365066.523000,45.429370,6.621614,1382.686960,139.0,3.681103,2.8,4.7
1671365069.523000,45.429289,6.621700,1386.889138,143.0,3.674042,3.0,4.3
1671365073.529000,45.429193,6.621797,1393.366600,145.0,3.767767,2.9,5.2
1671365076.516000,45.429118,6.621870,1398.234661,144.1,3.142267,3.8,6.6
1671365079.328000,45.429041,6.621952,1401.722808,143.9,3.982698,3.9,6.8
1671365082.530000,45.428950,6.622048,1404.536087,145.0,3.789218,2.6,5.5
1671365085.519000,45.428865,6.622133,1408.102381,143.0,3.894089,2.6,4.7
1671365088.521000,45.428779,6.622219,1411.076905,144.0,3.839426,2.8,5.1
1671365091.515000,45.428692,6.622310,1414.241545,144.0,3.771117,3.0,4.6
1671365094.533000,45.428604,6.622405,1417.862142,144.0,3.848849,2.9,4.6
1671365097.518000,45.428526,6.622485,1421.325871,143.0,3.838130,2.8,5.1
1671365100.505000,45.428438,6.622575,1425.443888,144.0,3.795939,3.2,6.0
1671365103.522000,45.428359,6.622659,1428.861794,144.0,3.825101,3.8,5.3
1671365106.534000,45.428274,6.622745,1432.873837,143.0,3.838193,3.9,4.0
1671365109.513000,45.428187,6.622834,1436.321194,144.0,3.775007,2.6,4.6
1671365112.524000,45.428108,6.622914,1440.621206,144.0,3.748859,2.6,4.9
1671365115.523000,45.428026,6.622998,1444.719999,144.0,3.740297,2.8,4.3
1671365118.519000,45.427943,6.623081,1448.744909,143.0,3.702229,3.1,4.0
1671365121.533000,45.427861,6.623164,1452.750108,143.0,3.769804,2.9,4.0
1671365125.531000,45.427753,6.623275,1458.911476,143.0,3.758480,3.0,4.9
1671365128.514000,45.427669,6.623360,1463.311893,144.0,3.777381,3.3,4.9
1671365131.522000,45.427587,6.623444,1466.578202,145.0,3.666976,4.2,4.0
1671365134.520000,45.427505,6.623528,1472.164458,143.0,3.681613,3.5,4.0
1671365137.520000,45.427423,6.623609,1476.812757,144.0,3.718182,2.7,4.1
1671365140.540000,45.427344,6.623691,1481.283260,145.0,3.632091,2.7,4.1
1671365143.524000,45.427263,6.623775,1486.356167,144.0,3.711810,3.1,4.1
1671365146.530000,45.427184,6.623856,1490.922728,143.0,3.648939,2.8,4.1
1671365149.516000,45.427103,6.623938,1495.875276,144.0,3.603219,2.8,4.1
1671365152.516000,45.427024,6.624017,1500.723534,145.0,3.601973,3.1,4.1
1671365155.528000,45.426922,6.624121,1502.179588,145.0,3.794602,13.9,5.3
1671365158.512000,45.426846,6.624198,1501.746837,143.0,3.777036,11.1,6.7
1671365161.530000,45.426761,6.624284,1510.977758,143.0,3.860037,2.7,7.9
1671365164.538000,45.426678,6.624372,1529.744031,145.0,3.813495,2.6,6.9
1671365167.520000,45.426593,6.624455,1520.860920,145.0,3.814809,3.0,6.9
1671365170.538000,45.426509,6.624538,1523.720988,143.0,3.822750,2.8,6.6
1671365173.518000,45.426425,6.624625,1527.511736,144.0,3.825917,2.7,6.3
1671365176.519000,45.426336,6.624716,1531.293101,145.0,3.871412,2.8,6.7
1671365179.520000,45.426259,6.624792,1529.753973,145.0,3.708728,2.6,6.8
1671365182.525000,45.426174,6.624874,1533.317151,143.0,3.817577,13.3,5.6
1671365185.523000,45.426088,6.624961,1538.695167,145.0,3.805006,2.8,4.2
1671365188.525000,45.426009,6.625039,1547.666231,144.0,3.803159,2.6,3.6
1671365191.503000,45.425928,6.625120,1560.313620,144.0,3.788791,2.5,3.8
1671365194.499000,45.425844,6.625206,1562.552443,143.0,3.778468,2.5,4.1
1671365197.524000,45.425756,6.625294,1560.841354,144.0,3.765152,3.0,3.3
1671365200.533000,45.425680,6.625374,1571.752997,144.9,3.754771,2.5,3.8
1671365203.529000,45.425597,6.625459,1568.247092,144.0,3.749470,2.9,4.8
1671365206.535000,45.425509,6.625549,1566.478243,143.0,3.735199,2.5,3.6
1671365209.524000,45.425431,6.625627,1572.024671,144.0,3.746690,12.5,3.1
1671365212.520000,45.425348,6.625713,1576.387983,145.0,3.729297,13.2,3.3
1671365215.536000,45.425258,6.625807,1584.310869,145.0,3.726742,2.5,3.6
1671365219.520000,45.425163,6.625905,1606.744310,143.0,3.705737,2.5,3.9
1671365222.509000,45.425084,6.625984,1604.716421,144.0,3.694549,2.5,3.6
1671365225.521000,45.425000,6.626070,1610.087013,145.0,3.684632,2.6,3.6
1671365228.521000,45.424927,6.626148,1614.843328,145.0,3.674606,2.5,3.9
1671365231.512000,45.424847,6.626231,1614.075825,143.0,3.660774,2.7,3.9
1671365234.515000,45.424775,6.626311,1624.763828,143.0,3.619458,2.5,3.7
1671365237.521000,45.424692,6.626396,1615.782955,144.0,3.664753,13.6,3.8
1671365240.545000,45.424602,6.626490,1615.836218,145.0,3.695398,9.5,3.8
1671365243.515000,45.424521,6.626574,1631.290215,143.0,3.736684,2.5,3.8
1671365246.529000,45.424435,6.626657,1643.489692,143.0,3.750928,2.5,3.9
1671365249.519000,45.424351,6.626743,1642.541665,145.0,3.774384,2.5,3.9
1671365252.505000,45.424265,6.626831,1645.813592,144.0,3.781108,2.5,3.6
1671365255.538000,45.424174,6.626924,1648.568301,144.0,3.784754,2.5,3.6
1671365258.522000,45.424098,6.627001,1653.253519,144.0,3.794008,2.5,3.6
1671365261.541000,45.424011,6.627090,1657.343409,144.0,3.793576,2.5,2.6
1671365264.539000,45.423931,6.627172,1648.768903,143.0,3.797143,2.5,3.5
1671365267.523000,45.423847,6.627257,1648.587845,144.0,3.786657,8.2,3.6
1671365270.541000,45.423760,6.627349,1663.226745,143.0,3.782184,2.6,3.1
1671365273.537000,45.423684,6.627424,1673.433904,144.0,3.773047,2.4,3.3
1671365276.519000,45.423598,6.627511,1683.985195,142.2,3.764669,2.5,3.2
1671365279.528000,45.423518,6.627598,1682.167028,144.0,3.759904,2.5,3.2
1671365282.515000,45.423436,6.627690,1685.457979,143.0,3.731343,2.5,3.6
1671365285.560000,45.423348,6.627794,1691.234299,140.0,3.745541,2.5,3.8
1671365288.520000,45.423267,6.627878,1694.208586,144.0,3.770320,2.5,3.9
1671365291.513000,45.423176,6.627964,1696.828582,144.0,3.802434,2.5,3.8
1671365294.522000,45.423096,6.628042,1690.708181,145.0,3.802773,2.8,3.9
1671365297.528000,45.423010,6.628128,1697.547246,143.0,3.802032,2.7,3.7
1671365300.519000,45.422933,6.628214,1702.462511,143.0,3.745857,2.5,3.8
1671365303.511000,45.422852,6.628295,1718.003901,143.0,3.703297,2.6,4.0
1671365306.520000,45.422761,6.628368,1715.759754,143.0,3.697860,2.5,4.0
1671365309.515000,45.422671,6.628454,1719.081856,141.0,3.719010,2.5,5.0
1671365312.519000,45.422589,6.628552,1720.641010,145.0,3.802416,2.5,5.3
1671365315.512000,45.422508,6.628643,1721.277331,145.0,3.841475,2.5,4.3
1671365318.522000,45.422417,6.628738,1724.917361,145.0,3.875909,2.5,3.9
1671365321.522000,45.422330,6.628824,1715.040469,143.0,3.896705,8.8,4.0
1671365324.520000,45.422240,6.628909,1719.316925,145.0,3.907647,3.4,4.0
1671365327.533000,45.422157,6.628996,1731.199288,144.0,3.910198,2.4,4.6
1671365330.521000,45.422068,6.629082,1740.504042,142.0,3.912606,2.6,4.3
1671365333.514000,45.421980,6.629166,1736.755884,145.0,3.913392,2.5,4.8
1671365336.513000,45.421892,6.629256,1739.226816,145.0,3.917044,2.5,4.8
1671365339.523000,45.421803,6.629347,1741.371063,144.0,3.922067,2.5,4.6
1671365342.519000,45.421718,6.629435,1741.872390,145.0,3.912360,2.5,3.9
1671365345.520000,45.421631,6.629528,1734.836265,145.0,3.911900,2.5,3.6
1671365348.510000,45.421537,6.629619,1740.833859,143.0,3.896374,3.1,3.2
1671365351.515000,45.421453,6.629700,1746.706948,144.0,3.890575,2.5,3.6
1671365354.522000,45.421365,6.629792,1755.270123,145.0,3.881917,2.5,3.9
1671365357.532000,45.421284,6.629880,1758.915240,143.0,3.881066,2.4,4.4
1671365360.532000,45.421199,6.629969,1761.583193,143.0,3.876137,2.5,4.4
1671365363.529000,45.421109,6.630062,1764.655871,144.0,3.870341,2.5,3.6
1671365366.525000,45.421024,6.630147,1766.848056,144.0,3.907989,2.5,3.5
1671365369.512000,45.420935,6.630238,1763.347077,144.0,3.926918,2.6,3.9
1671365372.246000,45.420861,6.630312,1762.883883,143.0,3.940398,2.5,5.5
1671365375.513000,45.420763,6.630409,1760.125601,144.0,3.949259,3.4,5.0
1671365378.538000,45.420676,6.630497,1764.261492,144.0,3.952592,2.5,3.0
1671365381.515000,45.420594,6.630580,1771.933253,144.0,3.948448,2.5,3.4
1671365384.530000,45.420508,6.630665,1773.545916,143.0,3.953381,2.5,5.3
1671365387.510000,45.420420,6.630751,1774.519647,144.0,3.953553,2.5,3.0
1671365390.520000,45.420330,6.630840,1774.566402,144.0,3.971167,2.5,3.0
1671365393.519000,45.420244,6.630928,1775.042038,145.0,3.976546,2.5,4.1
1671365396.507000,45.420155,6.631011,1773.912596,144.0,3.978985,2.5,4.1
1671365399.522000,45.420067,6.631100,1763.942294,144.0,3.985720,4.5,4.7
1671365402.393000,45.419984,6.631188,1764.176608,146.0,3.982631,6.4,5.5
1671365405.511000,45.419893,6.631288,1771.187080,144.0,3.986470,2.5,5.5
1671365408.511000,45.419804,6.631382,1782.520810,142.0,3.982833,2.5,3.3
1671365411.527000,45.419719,6.631468,1778.204376,143.0,3.989828,2.5,3.1
1671365414.525000,45.419632,6.631558,1778.823766,146.0,3.992572,2.5,3.9
1671365417.521000,45.419541,6.631652,1778.132842,144.0,3.994540,2.5,2.9
1671365420.524000,45.419458,6.631736,1779.193185,142.0,3.993243,2.5,2.7
1671365423.538000,45.419371,6.631827,1780.372946,144.9,3.982789,2.5,3.3
1671365426.517000,45.419288,6.631913,1769.603032,144.0,3.982306,3.9,3.1
1671365429.523000,45.419197,6.632009,1770.757652,143.0,3.979755,4.5,4.8
1671365432.523000,45.419108,6.632100,1778.338204,145.0,3.981327,2.5,5.6
1671365435.521000,45.419019,6.632190,1790.061700,145.0,3.964953,2.5,3.6
1671365438.524000,45.418928,6.632282,1785.577465,145.0,3.954265,2.5,3.6
1671365441.515000,45.418836,6.632368,1784.833656,143.0,3.959922,2.5,3.5
1671365444.519000,45.418748,6.632449,1783.844457,144.0,3.977016,2.5,3.5
1671365447.515000,45.418661,6.632534,1784.513197,145.0,3.992254,2.5,3.5
1671365450.516000,45.418579,6.632622,1778.875702,143.9,3.993967,2.5,3.3
1671365453.521000,45.418492,6.632710,1776.447919,144.0,4.001850,2.8,3.1
1671365456.535000,45.418405,6.632799,1773.946146,145.0,3.998702,3.5,2.8
1671365459.521000,45.418322,6.632888,1777.700073,145.0,3.999559,3.9,3.9
1671365462.547000,45.418236,6.632977,1786.354337,143.0,3.995768,2.4,4.4
1671365465.523000,45.418143,6.633068,1787.251013,145.0,3.998105,2.5,4.1
1671365468.509000,45.418055,6.633168,1781.534620,145.0,3.993752,2.6,4.3
1671365471.508000,45.417961,6.633270,1781.434191,143.0,3.993176,2.6,4.9
1671365474.506000,45.417876,6.633361,1782.635944,144.0,3.995648,2.7,4.8
1671365477.529000,45.417792,6.633448,1788.895077,147.0,3.993841,2.5,4.4
1671365480.520000,45.417707,6.633538,1778.151907,142.0,3.997085,3.3,4.8
1671365483.523000,45.417619,6.633625,1782.525718,143.0,4.001130,3.9,4.8
1671365486.525000,45.417526,6.633710,1786.220687,146.0,4.002426,2.5,4.1
1671365489.525000,45.417444,6.633796,1798.678619,143.0,3.974856,2.5,4.6
1671365492.186000,45.417372,6.633874,1792.970453,143.0,3.961670,2.5,5.0
1671365495.534000,45.417272,6.633973,1787.858638,141.0,3.963016,2.6,5.0
1671365498.532000,45.417185,6.634059,1791.857526,144.0,3.972762,2.5,4.5
1671365501.515000,45.417102,6.634153,1787.378778,145.0,3.950761,2.8,4.7
1671365504.521000,45.417018,6.634243,1784.245921,140.0,3.953877,3.1,5.1
1671365507.258000,45.416938,6.634318,1784.943293,146.1,3.975244,3.9,5.2
1671365510.520000,45.416835,6.634418,1785.114410,144.0,3.992296,3.8,5.5
1671365513.524000,45.416752,6.634504,1798.527838,144.9,3.980481,2.9,4.5
1671365516.515000,45.416659,6.634593,1793.859838,145.5,3.954048,2.6,4.0
1671365519.519000,45.416565,6.634678,1794.521924,143.2,3.934192,2.7,4.6
1671365522.534000,45.416486,6.634761,1792.905947,143.9,3.848078,2.6,4.0
1671365526.520000,45.416416,6.634850,1787.877314,144.4,2.438873,3.2,4.5
1671365546.541000,45.416388,6.634838,1796.900024,-1.0,0.000000,7.7,6.8
1671365546.541000,45.416388,6.634838,1796.900024,-1.0,0.000000,7.7,6.8
1671365554.508000,45.416327,6.634891,1796.900024,200.9,0.541685,6.3,5.2
1671365565.519000,45.416275,6.634783,1791.287434,271.4,0.498987,3.0,4.8
1671365574.522000,45.416289,6.634654,1796.900024,269.1,1.455135,7.5,4.9
1671365580.523000,45.416302,6.634517,1796.900024,280.0,1.555786,6.3,4.8
1671365586.521000,45.416319,6.634365,1793.337129,277.0,1.832766,2.6,4.0
1671365590.518000,45.416354,6.634208,1796.108246,297.9,2.365144,3.1,3.8
1671365592.520000,45.416403,6.634088,1793.892057,301.9,2.922533,6.2,3.8
1671365594.508000,45.416473,6.633958,1791.095831,323.8,5.848493,6.1,3.8
1671365596.519000,45.416636,6.633854,1791.686845,340.4,8.994834,5.7,3.9
1671365597.512000,45.416728,6.633823,1791.290420,344.8,9.186663,5.7,3.9
1671365598.527000,45.416818,6.633789,1790.978249,342.5,9.247441,5.7,4.0
1671365600.503000,45.416983,6.633696,1787.962782,335.2,9.679339,5.1,4.0
1671365602.520000,45.417138,6.633598,1787.146446,336.9,9.012978,4.7,4.0
1671365604.515000,45.417285,6.633514,1785.586064,337.0,8.541188,4.5,4.0
1671365606.520000,45.417420,6.633433,1783.231007,336.9,8.375784,6.1,4.0
1671365608.521000,45.417563,6.633361,1781.374078,339.0,8.392682,6.0,4.0
1671365610.520000,45.417686,6.633290,1782.354146,334.2,7.241274,4.8,4.4
1671365612.515000,45.417802,6.633178,1780.567247,321.1,7.785454,4.9,5.0
1671365614.522000,45.417919,6.633004,1773.158345,316.0,8.757152,3.0,5.7
1671365616.525000,45.418046,6.632851,1772.311921,324.2,8.897262,2.9,6.0
1671365618.515000,45.418186,6.632752,1771.294627,338.6,8.242775,3.0,6.0
1671365620.517000,45.418334,6.632672,1773.480756,340.0,8.795028,3.5,6.0
1671365622.524000,45.418489,6.632587,1770.640640,346.0,9.110675,6.6,6.0
1671365624.516000,45.418646,6.632539,1772.170140,347.1,8.452538,5.1,6.0
1671365626.524000,45.418786,6.632475,1771.028153,345.7,8.074198,6.0,6.0
1671365628.508000,45.418928,6.632443,1769.510453,356.8,8.125550,5.4,6.0
1671365630.508000,45.419078,6.632444,1768.215504,359.0,8.107853,5.5,6.3
1671365632.521000,45.419211,6.632442,1767.066525,357.1,7.090320,5.5,7.0
1671365634.515000,45.419335,6.632441,1764.193328,359.9,6.544236,6.2,7.3
1671365636.518000,45.419454,6.632456,1763.961094,4.0,6.475215,6.2,6.8
1671365638.513000,45.419576,6.632475,1763.412652,3.1,7.707551,6.5,5.6
1671365640.541000,45.419749,6.632493,1763.776222,13.8,9.361440,6.3,5.6
1671365642.521000,45.419920,6.632576,1761.333744,16.9,9.883005,5.2,5.6
1671365643.512000,45.420007,6.632612,1752.864841,0.4,9.773965,3.3,5.7
1671365645.518000,45.420176,6.632624,1749.053220,14.7,7.810128,3.2,6.0
1671365648.506000,45.420258,6.632718,1750.907671,21.9,3.635523,3.8,6.0
1671365651.527000,45.420355,6.632752,1751.992478,12.1,3.356228,4.9,5.7
1671365662.599000,45.420449,6.632765,1751.309057,352.3,1.607498,5.5,4.7
1671365678.477000,45.420483,6.632647,1751.056232,-1.0,0.006631,6.1,3.8
1671365805.532000,45.420391,6.632570,1755.800508,-1.0,0.000000,8.5,4.1
1671365850.296000,45.420330,6.632443,1752.733491,238.6,2.442908,4.8,7.7
1671365852.456000,45.420254,6.632305,1751.280222,233.2,3.569797,5.1,11.2
1671365854.196000,45.420182,6.632175,1756.135447,231.5,4.136457,9.4,12.4
1671365856.596000,45.420108,6.632038,1756.584071,231.3,4.470144,6.5,10.8
1671365858.396000,45.420049,6.631934,1757.668008,230.0,4.325541,4.6,8.3
1671365861.238000,45.419976,6.631805,1760.067219,230.9,4.080594,4.5,7.1
1671365864.237000,45.419909,6.631686,1753.145992,231.5,3.940370,2.5,7.2
1671365867.237000,45.419842,6.631570,1761.392031,231.1,3.891782,2.6,7.1
1671365870.516000,45.419772,6.631445,1770.113686,232.0,3.886742,4.6,6.5
1671365873.511000,45.419700,6.631324,1771.309887,232.0,3.886389,4.6,5.0
1671365876.509000,45.419632,6.631203,1775.063347,230.0,3.961897,9.0,4.0
1671365879.511000,45.419567,6.631083,1775.362442,230.0,3.943223,4.9,4.0
1671365882.504000,45.419501,6.630965,1775.541025,230.0,3.869227,5.7,4.0
1671365885.512000,45.419436,6.630848,1782.506814,232.0,3.953428,9.7,4.9
1671365888.510000,45.419371,6.630733,1778.981032,233.0,3.904457,2.7,4.9
1671365891.520000,45.419304,6.630616,1787.503073,230.0,3.780323,4.7,4.9
1671365894.524000,45.419240,6.630502,1784.586874,231.0,3.865376,2.6,4.9
1671365897.528000,45.419177,6.630386,1791.134896,229.0,3.821804,4.3,5.1
1671365900.519000,45.419114,6.630270,1796.291071,232.0,3.758460,4.7,5.1
1671365903.527000,45.419051,6.630159,1802.350011,234.0,3.785175,9.7,5.0
1671365906.522000,45.418986,6.630046,1805.040690,230.0,3.775948,4.9,5.1
1671365909.526000,45.418925,6.629933,1810.885736,229.2,3.235229,9.0,5.2
1671365912.533000,45.418862,6.629815,1814.555548,229.0,4.106678,9.5,5.0
1671365915.531000,45.418796,6.629699,1814.733708,231.1,4.082097,4.5,5.3
1671365918.173000,45.418736,6.629598,1811.659454,230.6,3.946593,2.5,5.4
1671365921.517000,45.418662,6.629465,1814.708288,232.0,3.895554,2.6,5.2
1671365924.528000,45.418591,6.629338,1820.067198,229.0,3.862103,6.1,4.0
1671365927.536000,45.418529,6.629228,1825.072036,229.4,3.930518,4.8,4.0
1671365930.514000,45.418467,6.629124,1827.669206,232.0,3.802704,4.9,5.0
1671365933.294000,45.418408,6.629018,1831.509113,232.0,3.820051,4.9,5.3
1671365936.516000,45.418337,6.628902,1837.033495,232.9,3.487569,8.2,5.7
1671365949.506000,45.418276,6.628792,1843.870742,219.7,0.427098,6.0,4.0
1671365958.528000,45.418217,6.628689,1843.407188,229.0,0.965771,5.6,4.8
1671365962.517000,45.418158,6.628584,1850.779999,232.0,1.443431,9.4,5.2
1671365965.526000,45.418092,6.628474,1852.142231,231.0,2.026766,8.7,4.8
1671365968.519000,45.418020,6.628349,1852.002593,230.0,2.543248,4.5,3.5
1671365971.511000,45.417952,6.628228,1854.391287,230.0,2.906712,4.6,3.5
1671365974.530000,45.417883,6.628106,1851.255761,232.0,3.192615,2.6,3.7
1671365977.520000,45.417815,6.627986,1860.104911,231.0,3.381939,6.0,3.7
1671365980.534000,45.417746,6.627868,1856.827784,232.0,3.510828,3.1,4.6
1671365983.522000,45.417678,6.627749,1861.088040,230.0,3.621686,6.2,4.6
1671365986.521000,45.417614,6.627633,1865.232679,231.0,3.678143,5.7,4.9
1671365989.523000,45.417547,6.627517,1869.538957,231.0,3.721760,5.3,4.4
1671365992.515000,45.417482,6.627400,1876.476386,232.0,3.759423,7.5,4.2
1671365995.540000,45.417418,6.627288,1877.081170,231.0,3.764823,4.5,3.8
1671365998.521000,45.417351,6.627171,1881.172340,230.0,3.779335,4.5,4.2
1671366001.510000,45.417288,6.627054,1879.851862,230.0,3.791089,2.6,4.6
1671366004.512000,45.417225,6.626939,1888.675208,232.0,3.783078,4.7,4.9
1671366007.510000,45.417160,6.626826,1893.753028,231.0,3.776620,4.7,4.9
1671366010.542000,45.417097,6.626714,1892.036076,231.0,3.766792,3.3,4.7
1671366013.521000,45.417034,6.626602,1899.086498,231.0,3.748496,8.1,4.2
1671366016.502000,45.416971,6.626490,1904.190979,230.0,3.729642,5.2,5.0
1671366019.502000,45.416905,6.626374,1907.300400,231.0,3.750259,5.1,5.0
1671366031.506000,45.416849,6.626271,1909.382519,232.0,0.487091,2.6,2.3
1671366046.514000,45.416789,6.626163,1914.914259,232.0,0.789336,6.0,3.5
1671366051.511000,45.416721,6.626043,1921.936054,232.0,1.416739,9.3,3.9
1671366055.532000,45.416638,6.625896,1921.542170,231.0,2.097649,3.4,3.1
1671366058.518000,45.416577,6.625789,1916.522399,231.0,2.549385,2.5,2.9
1671366061.523000,45.416507,6.625666,1926.476231,230.0,2.873374,2.6,2.5
1671366064.524000,45.416444,6.625554,1933.224685,231.0,3.118183,6.3,2.5
1671366067.514000,45.416377,6.625438,1929.318225,231.0,3.282853,2.5,2.2
1671366070.526000,45.416313,6.625329,1933.777047,231.0,3.383544,2.4,3.4
1671366073.517000,45.416251,6.625221,1947.559236,230.0,3.464015,5.9,3.9
1671366076.508000,45.416188,6.625110,1952.085335,231.0,3.514719,6.1,3.9
1671366079.522000,45.416128,6.625002,1961.904430,231.0,3.535713,9.0,3.9
1671366082.512000,45.416067,6.624893,1965.637116,231.0,3.553372,4.6,3.4
1671366085.510000,45.416007,6.624788,1965.106022,230.0,3.550229,2.7,2.9
1671366088.506000,45.415948,6.624681,1965.146152,231.0,3.549066,2.5,3.3
1671366091.515000,45.415888,6.624575,1976.536586,232.0,3.546999,2.6,3.3
1671366094.521000,45.415829,6.624472,1983.079579,231.0,3.529322,2.9,3.3
1671366097.512000,45.415771,6.624368,1982.830602,230.0,3.517202,2.4,2.7
1671366100.530000,45.415713,6.624263,1989.350506,231.0,3.506296,2.4,2.2
1671366103.538000,45.415656,6.624163,2004.185432,231.0,3.475618,6.1,3.9
1671366106.525000,45.415594,6.624052,2005.664358,231.0,3.535181,2.7,4.4
1671366109.521000,45.415530,6.623939,2016.334734,231.0,3.605683,4.6,4.5
1671366112.520000,45.415466,6.623824,2020.124583,230.1,3.647169,4.6,4.5
1671366115.514000,45.415403,6.623712,2013.471670,231.0,3.672524,2.5,4.8
1671366118.523000,45.415331,6.623584,2017.271062,232.0,3.698858,2.5,3.9
1671366122.520000,45.415255,6.623448,2029.090177,231.0,3.704586,2.8,3.3
1671366125.522000,45.415191,6.623334,2034.466258,231.0,3.701671,3.1,3.9
1671366128.537000,45.415132,6.623227,2038.544179,231.0,3.702343,11.5,5.2
1671366131.522000,45.415069,6.623116,2043.531477,230.0,3.692252,3.3,4.6
1671366134.519000,45.415008,6.623005,2042.058878,231.0,3.676783,2.5,3.9
1671366137.513000,45.414948,6.622897,2053.645529,232.0,3.669531,3.0,3.3
1671366140.518000,45.414887,6.622789,2063.992903,231.0,3.646141,4.6,2.5
1671366143.534000,45.414824,6.622675,2058.251841,231.0,3.600987,2.4,2.3
1671366146.509000,45.414762,6.622565,2062.421104,230.0,3.659000,2.5,3.2
1671366149.526000,45.414697,6.622453,2065.987158,230.0,3.696623,2.5,3.6
1671366152.518000,45.414635,6.622340,2069.468601,231.0,3.726352,2.4,3.5
1671366155.511000,45.414570,6.622227,2073.126759,231.0,3.755363,2.5,3.1
1671366158.526000,45.414505,6.622107,2077.693827,231.0,3.764750,2.6,3.0
1671366161.504000,45.414445,6.622002,2087.453202,231.0,3.763194,3.3,3.0
1671366164.518000,45.414381,6.621888,2085.849222,231.0,3.765128,2.5,3.3
1671366167.514000,45.414319,6.621778,2090.151000,230.0,3.757083,2.4,2.7
1671366170.513000,45.414256,6.621666,2105.618320,230.0,3.748514,4.7,3.3
1671366173.531000,45.414191,6.621550,2099.143894,231.0,3.738386,2.4,3.1
1671366176.508000,45.414133,6.621444,2103.238262,231.0,3.727591,2.5,2.9
1671366179.516000,45.414071,6.621332,2108.426967,231.0,3.711850,2.4,2.9
1671366182.510000,45.414009,6.621224,2113.307879,230.0,3.700301,2.4,3.1
1671366185.515000,45.413944,6.621110,2117.832044,230.0,3.725297,2.4,2.9
1671366188.523000,45.413879,6.620991,2122.076953,231.0,3.746832,2.5,2.9
1671366191.516000,45.413818,6.620882,2125.555368,231.0,3.761868,2.5,3.2
1671366194.519000,45.413753,6.620766,2129.459335,231.0,3.771257,2.4,2.9
1671366197.506000,45.413691,6.620655,2144.522246,231.0,3.770264,4.6,2.0
1671366200.511000,45.413628,6.620542,2143.115485,231.0,3.763746,2.7,2.9
1671366203.517000,45.413563,6.620427,2141.713175,231.0,3.760443,2.4,3.5
1671366206.517000,45.413502,6.620319,2146.780958,231.0,3.754187,2.4,3.9
1671366209.528000,45.413439,6.620206,2150.719308,231.0,3.742948,2.4,2.9
1671366212.514000,45.413377,6.620095,2155.698565,231.0,3.734375,2.4,3.9
1671366215.513000,45.413314,6.619984,2166.744693,230.0,3.718979,11.9,3.9
1671366218.525000,45.413253,6.619875,2166.749376,231.0,3.706170,2.5,2.9
1671366221.516000,45.413189,6.619760,2171.949700,231.0,3.694654,2.4,2.7
1671366224.533000,45.413120,6.619636,2176.349717,231.0,3.672575,2.4,2.5
1671366228.508000,45.413045,6.619503,2186.945739,231.0,3.728451,3.1,3.3
1671366231.516000,45.412978,6.619384,2184.988958,231.0,3.757717,2.4,2.5
1671366234.529000,45.412917,6.619276,2188.182294,230.9,3.761186,2.5,3.3
1671366237.511000,45.412854,6.619168,2191.585001,230.1,3.813432,2.5,3.4
1671366240.543000,45.412788,6.619053,2193.874685,230.0,3.852289,2.5,4.1
1671366243.503000,45.412724,6.618939,2195.936503,231.0,3.867457,2.5,3.7
1671366246.520000,45.412658,6.618823,2199.521654,231.0,3.875583,2.4,3.3
1671366249.532000,45.412593,6.618709,2201.545306,231.0,3.883993,2.4,3.5
1671366252.535000,45.412528,6.618593,2205.022937,231.0,3.882622,2.5,3.1
1671366255.518000,45.412463,6.618478,2207.437798,231.0,3.875662,2.4,3.2
1671366258.514000,45.412398,6.618363,2210.128163,231.0,3.875811,2.4,3.5
1671366261.528000,45.412334,6.618247,2213.104184,230.0,3.871100,2.4,3.9
1671366264.522000,45.412269,6.618131,2216.137479,231.3,3.863780,2.4,3.9
1671366267.511000,45.412205,6.618017,2219.893436,231.0,3.860561,2.4,3.7
1671366270.526000,45.412139,6.617900,2229.344124,231.0,3.854303,3.0,3.7
1671366273.513000,45.412075,6.617786,2233.599707,231.0,3.843620,3.0,4.5
1671366276.530000,45.412012,6.617672,2230.105970,231.0,3.833489,2.4,4.9
1671366279.519000,45.411948,6.617557,2234.525956,231.0,3.823625,2.4,4.1
1671366282.515000,45.411883,6.617443,2237.922964,231.0,3.827786,2.4,3.2
1671366285.518000,45.411817,6.617324,2240.232222,231.0,3.838810,2.5,3.4
1671366288.502000,45.411752,6.617207,2242.904789,231.0,3.855994,2.5,3.7
1671366291.517000,45.411686,6.617092,2245.683389,231.0,3.869266,2.5,4.8
1671366294.504000,45.411618,6.616974,2247.960338,231.0,3.883205,2.5,5.0
1671366297.525000,45.411552,6.616859,2249.401019,231.0,3.877607,2.5,5.2
1671366300.527000,45.411486,6.616742,2252.597111,231.0,3.877191,2.5,4.8
1671366303.519000,45.411420,6.616627,2255.651446,231.0,3.867303,2.4,4.0
1671366306.176000,45.411362,6.616527,2257.737403,230.0,3.870433,2.4,4.6
1671366309.537000,45.411284,6.616388,2258.438383,231.0,3.892955,2.4,5.0
1671366312.520000,45.411213,6.616258,2258.139629,231.0,3.904110,2.5,5.4
1671366315.530000,45.411153,6.616152,2258.941005,228.3,3.723149,2.6,5.2
1671366325.514000,45.411058,6.616059,2258.438950,196.1,2.368470,2.8,4.0
1671366329.523000,45.410940,6.616019,2258.161892,193.0,2.829119,2.5,4.0
1671366332.513000,45.410839,6.616003,2258.740012,185.0,2.975047,2.4,4.0
1671366335.512000,45.410746,6.616000,2257.983022,181.1,3.034056,2.4,3.9
1671366339.523000,45.410656,6.615998,2256.300050,179.4,2.912375,2.4,4.0
1671366343.510000,45.410548,6.615998,2255.675954,174.1,2.823540,3.0,4.0
1671366347.546000,45.410440,6.616028,2255.661003,160.8,2.980623,2.4,3.9
1671366350.516000,45.410325,6.616100,2254.199998,151.0,3.387466,2.4,3.9
1671366353.526000,45.410205,6.616160,2252.256670,165.0,3.774214,2.8,3.4
1671366355.519000,45.410118,6.616202,2251.677477,154.0,4.847604,2.8,3.4
1671366357.516000,45.410032,6.616292,2250.642366,108.1,4.839362,2.7,3.7
1671366359.496000,45.410022,6.616418,2249.100170,81.3,4.090147,2.4,4.0
1671366363.504000,45.410004,6.616575,2247.405858,120.2,4.622742,2.4,4.0
1671366365.501000,45.409910,6.616760,2242.794440,94.8,9.593852,2.4,4.3
1671366366.518000,45.409899,6.616889,2238.027896,108.1,10.772060,2.4,4.6
1671366367.507000,45.409855,6.617031,2234.507722,113.9,12.594581,2.4,5.1
1671366368.517000,45.409808,6.617190,2227.718767,113.1,13.303467,2.6,6.4
1671366369.519000,45.409772,6.617366,2222.751301,104.8,14.226787,2.6,7.2
1671366370.515000,45.409756,6.617551,2219.502208,94.3,14.436985,2.6,7.6
1671366371.514000,45.409747,6.617735,2215.855131,94.4,14.299370,2.9,7.7
1671366372.508000,45.409735,6.617912,2211.944124,95.6,14.001047,3.1,8.0
1671366373.511000,45.409693,6.618076,2208.423417,107.3,13.390656,3.1,8.0
1671366374.513000,45.409656,6.618230,2206.027567,107.3,12.877332,3.0,8.0
1671366375.508000,45.409625,6.618372,2203.142499,106.0,11.858537,3.1,8.0
1671366376.514000,45.409628,6.618512,2199.968121,87.9,11.421204,2.7,8.0
1671366377.512000,45.409630,6.618653,2198.987757,94.1,11.773511,2.5,8.0
1671366378.513000,45.409611,6.618800,2192.442355,106.5,12.215193,2.4,8.8
1671366379.512000,45.409576,6.618945,2187.009140,106.5,12.714952,2.4,9.3
1671366380.523000,45.409550,6.619120,2181.808448,96.0,14.359347,2.4,10.4
1671366381.499000,45.409548,6.619309,2173.943525,87.9,15.370399,2.4,10.7
1671366382.516000,45.409550,6.619518,2169.291540,90.9,16.484510,2.4,12.0
1671366383.511000,45.409550,6.619725,2162.755882,90.5,15.372000,2.4,12.0
1671366384.508000,45.409556,6.619911,2161.966627,88.7,13.874625,2.8,12.0
1671366385.505000,45.409574,6.620086,2157.248631,83.4,13.186076,2.8,12.7
1671366386.524000,45.409628,6.620242,2153.268898,72.9,12.589298,2.8,12.8
1671366387.519000,45.409727,6.620365,2151.194272,48.0,12.985394,2.8,12.8
1671366388.516000,45.409815,6.620487,2146.821355,48.8,13.229648,2.7,12.8
1671366389.515000,45.409905,6.620634,2143.628209,50.8,13.607155,2.4,12.8
1671366390.525000,45.409978,6.620786,2140.618874,56.2,12.984064,2.4,12.0
1671366391.507000,45.410054,6.620930,2137.232710,53.2,12.869163,2.4,12.0
1671366392.518000,45.410147,6.621065,2132.557872,41.5,13.603565,2.4,12.0
1671366393.516000,45.410247,6.621186,2123.754362,39.1,14.246572,2.4,12.0
1671366394.512000,45.410350,6.621307,2123.443699,39.5,14.289554,2.4,12.7
1671366395.505000,45.410451,6.621440,2118.796124,40.8,14.437313,2.6,12.7
1671366396.516000,45.410546,6.621583,2116.076836,42.4,14.613310,2.6,12.8
1671366397.511000,45.410634,6.621745,2110.411454,47.3,15.414536,2.6,12.7
1671366398.510000,45.410723,6.621897,2104.340276,47.3,15.410264,2.6,12.7
1671366399.518000,45.410816,6.622033,2103.124503,45.5,14.978211,2.6,12.8
1671366400.502000,45.410903,6.622164,2101.158384,48.9,13.973321,2.9,13.3
1671366401.528000,45.410983,6.622300,2096.649043,54.4,13.976334,2.9,14.4
1671366402.513000,45.411049,6.622437,2093.870510,60.8,12.538084,3.0,15.2
1671366403.512000,45.411109,6.622590,2089.848401,76.8,13.989620,3.0,15.2
1671366404.516000,45.411145,6.622796,2085.620049,77.9,14.109454,3.0,14.7
1671366405.511000,45.411178,6.622995,2080.093391,74.1,15.508057,2.5,13.6
1671366406.511000,45.411226,6.623202,2078.209877,69.7,15.783813,2.5,13.3
1671366407.510000,45.411284,6.623403,2073.114037,69.7,16.236650,2.5,12.7
1671366408.510000,45.411350,6.623605,2067.516634,64.9,16.229315,2.5,12.0
1671366409.523000,45.411420,6.623800,2060.011053,65.2,16.125875,2.5,12.0
1671366410.510000,45.411463,6.623976,2054.520394,72.8,14.470446,2.5,12.0
1671366411.515000,45.411502,6.624178,2052.408510,74.9,14.706094,2.6,12.0
1671366412.517000,45.411538,6.624371,2047.682178,65.7,13.916112,2.8,12.0
1671366413.508000,45.411594,6.624541,2041.248174,49.2,13.701133,2.8,12.0
1671366414.518000,45.411676,6.624689,2035.289072,37.2,12.386213,2.8,12.7
1671366415.514000,45.411774,6.624808,2027.703174,31.1,13.815589,2.8,13.6
1671366416.512000,45.411887,6.624924,2021.467972,41.3,14.621993,2.8,13.3
1671366417.508000,45.411979,6.625064,2014.732946,63.9,15.060462,2.5,13.3
1671366418.507000,45.412028,6.625238,2007.242407,78.4,15.557792,2.5,13.3
1671366419.510000,45.412045,6.625422,2000.603815,86.8,13.529262,2.7,13.3
1671366420.521000,45.412043,6.625590,1989.662804,85.3,13.678641,2.5,12.8
1671366421.497000,45.412073,6.625743,1987.678174,72.5,13.443067,2.8,14.7
1671366422.516000,45.412148,6.625866,1978.573419,51.5,14.298025,2.6,16.0
1671366423.500000,45.412208,6.625966,1973.430591,51.6,14.266768,2.7,15.3
1671366424.508000,45.412275,6.626102,1967.028629,56.7,14.870757,2.6,16.0
1671366425.500000,45.412290,6.626269,1963.146712,80.1,13.585750,2.6,22.0
1671366426.502000,45.412302,6.626435,1957.177815,80.5,14.378530,2.6,21.6
1671366427.490000,45.412315,6.626599,1951.066407,75.8,15.129710,2.6,20.7
1671366428.499000,45.412367,6.626776,1944.693508,51.3,15.590104,2.8,22.0
1671366429.495000,45.412461,6.626923,1938.831000,51.0,16.210100,2.8,22.7
1671366430.495000,45.412551,6.627097,1934.374587,64.4,16.249554,2.9,22.7
1671366431.496000,45.412616,6.627284,1930.573975,74.4,15.805715,2.9,17.3
1671366432.496000,45.412653,6.627477,1926.212055,81.7,15.872305,2.6,17.6
1671366433.502000,45.412676,6.627673,1924.210640,81.1,15.851736,2.9,16.0
1671366434.503000,45.412703,6.627865,1918.737596,80.8,15.795505,2.6,16.0
1671366435.495000,45.412767,6.628041,1912.521924,67.0,15.757784,2.6,16.0
1671366436.504000,45.412821,6.628228,1910.710760,73.2,15.956308,2.6,16.0
1671366437.515000,45.412860,6.628421,1904.294520,79.6,15.712048,2.7,15.2
1671366438.527000,45.412901,6.628623,1897.595856,71.6,16.091482,2.7,14.4
1671366439.512000,45.412954,6.628820,1888.602558,68.3,16.744560,2.5,14.4
1671366440.505000,45.413011,6.629020,1889.533482,74.8,16.166666,2.7,14.4
1671366441.523000,45.413054,6.629225,1885.700370,74.9,15.909222,2.6,14.4
1671366442.533000,45.413099,6.629433,1880.311349,72.5,15.394461,2.8,15.2
1671366443.523000,45.413155,6.629630,1874.973385,70.0,15.405088,2.8,15.3
1671366444.521000,45.413191,6.629825,1871.217018,81.1,15.023059,2.8,16.0
1671366445.506000,45.413231,6.630025,1865.841045,78.9,15.439844,2.5,15.2
1671366446.509000,45.413273,6.630222,1860.231839,71.3,15.790135,2.5,15.3
1671366447.518000,45.413332,6.630443,1855.196678,75.2,17.495634,2.5,15.3
1671366448.506000,45.413393,6.630674,1853.070896,73.5,17.593418,2.6,14.7
1671366449.500000,45.413459,6.630900,1842.469773,50.7,17.366249,2.4,14.0
1671366450.510000,45.413572,6.631089,1836.815284,47.1,18.325378,2.4,14.4
1671366451.509000,45.413711,6.631308,1833.480853,64.0,16.814278,2.7,14.7
1671366452.510000,45.413800,6.631561,1828.440477,61.2,15.381497,2.6,14.7
1671366453.507000,45.413881,6.631783,1824.125749,57.3,14.846890,2.8,15.2
1671366454.504000,45.413969,6.631999,1819.887944,51.4,14.560287,2.7,15.2
1671366455.499000,45.414062,6.632144,1818.831938,30.1,11.780928,2.7,14.7
1671366456.508000,45.414163,6.632211,1817.661519,9.0,10.517529,2.8,14.0
1671366457.502000,45.414267,6.632231,1817.199443,8.0,11.533798,2.9,13.3
1671366458.509000,45.414386,6.632253,1815.802780,10.5,11.915600,2.6,11.2
1671366459.502000,45.414503,6.632285,1815.548886,14.0,12.621721,2.8,10.7
1671366460.506000,45.414621,6.632326,1812.021852,14.0,12.469006,2.6,9.6
1671366461.508000,45.414736,6.632364,1811.381094,14.9,12.048739,2.8,8.8
1671366462.503000,45.414849,6.632405,1811.728524,14.5,12.540631,2.9,8.0
1671366463.496000,45.414965,6.632450,1808.113673,17.1,12.864032,2.8,8.0
1671366464.499000,45.415083,6.632512,1807.294976,21.9,12.982391,2.7,8.0
1671366465.492000,45.415196,6.632584,1806.448728,37.5,13.067574,2.8,8.7
1671366466.497000,45.415294,6.632699,1804.915351,39.5,12.939619,2.9,9.3
1671366467.503000,45.415387,6.632811,1802.314141,39.4,12.747593,2.7,10.7
1671366468.502000,45.415472,6.632917,1797.491472,42.9,11.775913,2.7,12.8
1671366469.501000,45.415540,6.633015,1797.168830,50.0,9.836069,2.6,14.4
1671366471.523000,45.415668,6.633195,1799.237227,30.1,10.596762,2.9,15.2
1671366472.503000,45.415748,6.633262,1797.545713,20.0,10.502685,3.1,14.4
1671366473.511000,45.415838,6.633306,1796.321377,20.0,10.781053,3.0,13.6
1671366474.512000,45.415924,6.633358,1796.145068,27.0,11.387700,2.9,12.8
1671366475.509000,45.416010,6.633440,1796.035807,29.0,12.249181,2.8,11.2
1671366476.515000,45.416107,6.633522,1793.031643,19.9,12.889381,2.7,10.7
1671366477.518000,45.416222,6.633579,1789.404473,14.0,13.792253,2.8,9.6
1671366478.509000,45.416354,6.633608,1786.931856,17.9,13.995816,2.7,9.3
1671366479.510000,45.416480,6.633658,1785.915264,18.0,14.405840,2.5,8.7
1671366480.517000,45.416609,6.633710,1780.772486,11.6,14.480375,2.4,8.0
1671366481.512000,45.416740,6.633742,1780.055706,0.1,14.083792,2.7,8.0
1671366482.515000,45.416869,6.633737,1776.008148,353.0,13.706038,2.6,8.0
1671366483.516000,45.416994,6.633711,1773.535624,350.0,13.403814,2.6,8.0
1671366484.515000,45.417116,6.633675,1771.933082,345.0,13.087111,2.6,8.0
1671366485.504000,45.417227,6.633625,1770.999437,341.0,12.202012,2.7,8.0
1671366486.517000,45.417327,6.633564,1770.692372,337.5,11.076230,2.6,8.0
1671366487.507000,45.417411,6.633503,1772.055879,334.1,10.571820,2.9,8.0
1671366488.509000,45.417499,6.633442,1771.776072,338.9,11.718660,3.0,8.0
1671366489.511000,45.417593,6.633391,1771.337809,341.0,10.435489,3.1,8.0
1671366491.514000,45.417751,6.633296,1769.436458,328.1,9.729468,3.0,8.7
1671366493.505000,45.417885,6.633129,1766.771704,314.1,9.645886,2.9,10.0
1671366495.504000,45.417996,6.632946,1765.871825,320.5,9.190022,3.0,11.3
1671366497.512000,45.418130,6.632811,1762.626420,333.9,9.043116,2.7,12.0
1671366499.520000,45.418282,6.632695,1763.646860,338.0,9.017538,2.9,12.0
1671366501.514000,45.418443,6.632611,1761.612200,346.0,9.501020,3.0,12.0
1671366503.516000,45.418603,6.632539,1759.572152,347.0,8.897408,3.0,11.2
1671366505.507000,45.418756,6.632467,1759.800456,350.0,8.761049,2.8,10.0
1671366507.510000,45.418908,6.632428,1757.984598,359.7,8.364298,2.7,9.3
1671366509.502000,45.419061,6.632449,1756.830039,0.0,8.217853,2.6,10.0
1671366511.519000,45.419218,6.632472,1752.936272,358.0,7.677833,2.6,10.4
1671366513.498000,45.419347,6.632471,1752.476662,358.7,6.371694,2.6,9.3
1671366515.512000,45.419463,6.632476,1753.393511,3.0,6.784389,2.9,8.0
1671366517.516000,45.419587,6.632492,1752.938906,3.9,7.354881,2.7,8.0
1671366519.513000,45.419740,6.632506,1750.619318,2.7,8.847578,3.1,8.0
1671366521.516000,45.419877,6.632582,1747.883402,31.8,8.489005,3.0,8.0
1671366523.517000,45.420011,6.632685,1743.480162,10.9,8.846588,2.9,9.6
1671366525.504000,45.420146,6.632713,1738.099053,14.0,5.586597,2.7,10.7
1671366527.502000,45.420237,6.632726,1739.391622,7.3,4.109550,2.8,10.7
1671366530.511000,45.420327,6.632750,1740.935321,-1.0,0.014172,2.7,7.7
1671366543.058000,45.420419,6.632776,1740.597322,360.0,0.112859,2.7,6.7
1671366553.818000,45.420458,6.632661,1738.585055,-1.0,0.001220,2.7,4.1
1671366664.218000,45.420424,6.632536,1740.908171,246.9,0.924741,2.6,4.2
1671366681.233000,45.420348,6.632425,1740.143437,238.3,2.190917,2.6,6.0
1671366683.038000,45.420271,6.632292,1741.058677,232.3,3.415963,2.5,7.5
1671366685.437000,45.420177,6.632141,1741.461050,232.0,3.974076,2.6,9.9
1671366688.436000,45.420094,6.631999,1742.659067,231.5,3.941712,2.6,10.4
1671366691.437000,45.420026,6.631880,1745.146533,231.4,3.951475,2.4,10.2
1671366693.716000,45.419965,6.631768,1746.780770,232.2,3.924554,2.5,8.8
1671366696.595000,45.419907,6.631666,1748.611499,235.8,4.136041,2.7,8.0
1671366699.595000,45.419842,6.631553,1752.946868,231.8,3.930120,2.5,7.0
1671366702.595000,45.419777,6.631444,1756.492048,229.2,3.865452,2.7,7.0
1671366705.594000,45.419708,6.631320,1758.701881,230.0,4.071470,2.6,7.1
1671366708.375000,45.419644,6.631203,1760.113644,231.0,4.014100,2.7,6.9
1671366711.296000,45.419580,6.631086,1763.632063,232.0,3.914195,2.7,6.9
1671366714.512000,45.419506,6.630962,1766.420170,231.0,4.010339,2.5,6.5
1671366717.524000,45.419443,6.630848,1768.232622,231.0,3.903083,2.5,4.6
1671366720.524000,45.419378,6.630736,1771.032221,232.0,3.912787,2.5,4.0
1671366723.515000,45.419314,6.630621,1774.513809,231.0,3.861106,2.5,4.0
1671366726.534000,45.419253,6.630511,1777.200073,231.0,3.824957,2.5,4.4
1671366729.521000,45.419185,6.630393,1781.349669,231.0,3.851207,2.5,4.4
1671366732.517000,45.419123,6.630280,1784.211039,232.0,3.751389,2.5,4.5
1671366735.524000,45.419058,6.630163,1787.470089,231.0,3.737704,2.5,4.5
1671366738.522000,45.418995,6.630047,1792.966888,233.0,3.837325,2.7,4.5
1671366741.527000,45.418933,6.629938,1795.516255,230.9,3.894267,2.5,5.7
1671366744.513000,45.418870,6.629821,1799.245379,229.0,4.107035,2.4,5.6
1671366747.517000,45.418807,6.629706,1801.592920,231.0,4.001671,2.4,5.0
1671366750.519000,45.418740,6.629591,1804.264212,232.0,3.959501,2.5,5.2
1671366753.503000,45.418679,6.629486,1807.079678,232.0,3.879326,2.5,4.0
1671366756.527000,45.418609,6.629364,1809.883667,231.0,3.907077,2.5,4.0
1671366759.531000,45.418540,6.629240,1812.114131,230.0,3.850234,2.6,4.0
1671366762.515000,45.418484,6.629138,1815.465026,231.2,3.769630,2.5,4.0
1671366765.520000,45.418415,6.629018,1819.793770,231.0,3.797724,2.6,4.0
1671366768.523000,45.418349,6.628901,1823.228627,231.0,3.795407,2.5,4.0
1671366771.512000,45.418286,6.628788,1826.659000,231.0,3.784441,2.5,4.0
1671366774.520000,45.418224,6.628679,1830.094129,231.0,3.710861,2.4,4.0
1671366777.504000,45.418161,6.628567,1834.476465,230.1,3.104709,2.4,4.0
1671366780.507000,45.418095,6.628453,1837.899552,231.0,3.822947,2.5,4.0
1671366783.501000,45.418026,6.628335,1839.805299,231.0,3.862123,2.5,4.0
1671366786.504000,45.417958,6.628215,1841.631521,231.0,3.984495,2.5,4.0
1671366789.500000,45.417892,6.628098,1843.882074,231.0,3.921297,2.6,4.0
1671366792.505000,45.417827,6.627982,1846.880689,231.0,3.819471,2.5,4.0
1671366795.516000,45.417762,6.627864,1850.234978,231.0,3.976144,2.6,4.0
1671366798.519000,45.417696,6.627749,1853.172355,230.0,3.886275,2.6,4.0
1671366801.517000,45.417631,6.627634,1855.610489,230.0,3.714357,2.5,4.0
1671366804.510000,45.417566,6.627519,1857.331639,231.0,3.916101,2.4,4.0
1671366807.502000,45.417502,6.627404,1861.371764,231.0,3.846122,2.5,4.0
1671366810.515000,45.417437,6.627290,1864.942999,232.0,3.724822,2.5,5.0
1671366813.528000,45.417373,6.627174,1868.902652,230.0,3.875089,2.5,5.2
1671366816.530000,45.417309,6.627060,1873.400024,231.0,3.740243,2.6,5.1
1671366819.525000,45.417247,6.626949,1875.430055,231.0,3.678516,2.5,5.0
1671366822.523000,45.417184,6.626835,1880.996736,231.0,3.804565,2.5,5.0
1671366825.509000,45.417120,6.626722,1885.074105,231.0,3.716493,2.6,5.0
1671366828.521000,45.417056,6.626611,1889.350916,231.0,3.683928,2.5,5.1
1671366831.508000,45.416996,6.626502,1893.832676,230.1,3.639313,2.4,4.7
1671366834.529000,45.416932,6.626385,1896.675657,231.0,3.687342,2.4,4.3
1671366837.511000,45.416865,6.626267,1899.705186,231.0,3.727286,2.6,4.2
1671366840.515000,45.416799,6.626150,1903.193640,231.0,3.751262,2.6,3.2
1671366843.512000,45.416734,6.626036,1906.750632,231.0,3.773536,2.6,2.9
1671366846.519000,45.416671,6.625922,1910.142063,231.0,3.777101,2.5,3.5
1671366849.517000,45.416607,6.625810,1915.244826,231.0,3.779261,2.6,3.4
1671366852.518000,45.416543,6.625694,1918.677060,231.0,3.780490,2.6,3.4
1671366855.521000,45.416481,6.625585,1922.460774,231.0,3.775022,2.5,2.9
1671366858.510000,45.416415,6.625470,1926.100172,231.0,3.765054,2.5,2.4
1671366861.508000,45.416355,6.625366,1929.924587,231.0,3.755954,2.5,3.3
1671366864.506000,45.416296,6.625265,1936.505591,231.0,3.678388,2.5,3.9
1671366867.511000,45.416228,6.625149,1939.822257,231.0,3.637876,2.5,3.7
1671366870.508000,45.416161,6.625039,1944.425741,232.0,3.635535,2.5,3.5
1671366873.515000,45.416100,6.624932,1951.481555,232.0,3.631693,2.7,3.9
1671366876.515000,45.416040,6.624822,1957.807770,231.0,3.619279,2.9,3.8
1671366879.506000,45.415981,6.624714,1963.226720,230.0,3.603963,2.5,3.5
1671366882.521000,45.415921,6.624610,1968.609244,229.0,3.573480,2.5,3.6
1671366885.514000,45.415858,6.624505,1973.961705,231.0,3.549835,2.5,3.9
1671366888.513000,45.415798,6.624395,1979.539334,231.0,3.533826,2.5,3.9
1671366891.520000,45.415740,6.624287,1985.338527,230.0,3.520687,2.5,3.6
1671366894.517000,45.415683,6.624181,1991.706544,230.0,3.501257,2.5,3.6
1671366897.499000,45.415626,6.624076,1997.696481,229.3,3.521496,2.5,2.9
1671366900.505000,45.415559,6.623956,2001.956251,231.0,3.593400,2.5,2.9
1671366903.504000,45.415496,6.623842,2006.949053,232.0,3.639454,2.7,3.5
1671366906.502000,45.415432,6.623729,2010.488272,231.0,3.670228,2.6,3.1
1671366909.528000,45.415369,6.623615,2014.335559,231.0,3.687564,2.5,2.9
1671366912.525000,45.415307,6.623499,2018.073986,231.0,3.680028,2.6,3.7
1671366915.512000,45.415247,6.623388,2023.554893,230.0,3.667237,2.5,3.8
1671366918.515000,45.415186,6.623275,2027.165767,231.0,3.673589,2.5,3.3
1671366921.518000,45.415125,6.623162,2031.149854,232.0,3.677757,2.5,3.5
1671366924.507000,45.415063,6.623052,2035.540625,230.0,3.672048,2.5,3.5
1671366927.514000,45.415001,6.622941,2041.548074,230.0,3.666578,2.5,3.5
1671366930.515000,45.414941,6.622825,2046.815045,231.0,3.642168,2.5,3.9
1671366933.525000,45.414879,6.622708,2052.893705,230.0,3.620941,2.6,3.6
1671366936.515000,45.414821,6.622606,2058.681590,230.0,3.636042,2.6,3.1
1671366939.525000,45.414754,6.622492,2061.938816,232.0,3.663355,2.4,3.3
1671366942.524000,45.414693,6.622388,2065.185429,232.0,3.698936,2.5,3.9
1671366945.538000,45.414630,6.622279,2068.808294,231.0,3.723735,2.4,3.9
1671366948.521000,45.414563,6.622158,2072.452142,231.0,3.743386,2.4,3.0
1671366951.516000,45.414503,6.622052,2075.432010,231.0,3.750415,2.4,2.9
1671366954.516000,45.414440,6.621939,2078.913919,231.0,3.751760,2.4,2.9
1671366957.516000,45.414377,6.621828,2084.995922,231.0,3.753886,2.4,3.1
1671366960.517000,45.414314,6.621715,2089.222723,231.0,3.748094,2.4,3.1
1671366963.524000,45.414248,6.621598,2093.700226,231.0,3.741205,2.5,3.1
1671366966.515000,45.414189,6.621493,2098.794661,231.0,3.733649,2.6,3.9
1671366969.530000,45.414120,6.621371,2103.624366,231.0,3.720256,2.4,2.9
1671366973.534000,45.414040,6.621229,2108.959705,231.0,3.703564,2.4,2.9
1671366976.521000,45.413982,6.621122,2114.296756,230.0,3.703497,2.5,2.9
1671366979.515000,45.413917,6.621006,2117.532707,231.0,3.730300,2.4,2.9
1671366982.508000,45.413853,6.620895,2121.023564,231.0,3.743733,2.4,2.9
1671366985.509000,45.413789,6.620782,2124.488901,231.0,3.753042,2.4,3.5
1671366988.521000,45.413720,6.620659,2128.537549,231.0,3.754923,2.4,3.9
1671366991.517000,45.413662,6.620556,2133.008091,231.0,3.753000,2.4,3.4
1671366994.514000,45.413597,6.620441,2138.327588,231.0,3.748438,2.5,3.9
1671366997.526000,45.413537,6.620334,2143.428375,230.0,3.740599,2.6,3.3
1671367000.522000,45.413473,6.620221,2146.196782,231.0,3.733862,2.5,2.3
1671367003.526000,45.413407,6.620104,2150.806672,231.0,3.725344,2.4,3.0
1671367006.513000,45.413349,6.620002,2156.074182,231.0,3.714149,2.4,2.5
1671367009.502000,45.413284,6.619890,2160.526021,231.0,3.705367,2.4,2.5
1671367012.510000,45.413225,6.619783,2165.205381,231.0,3.696134,2.4,1.8
1671367015.510000,45.413163,6.619672,2170.127563,231.0,3.682425,2.4,2.1
1671367018.519000,45.413097,6.619552,2174.736201,231.0,3.711425,2.4,3.0
1671367021.521000,45.413037,6.619445,2177.847859,231.0,3.737553,2.4,2.8
1671367024.518000,45.412971,6.619329,2182.009724,231.0,3.755018,2.5,3.9
1671367028.516000,45.412886,6.619179,2187.064943,231.0,3.776646,2.4,3.9
1671367031.514000,45.412821,6.619063,2189.443539,231.0,3.820884,2.5,3.1
1671367034.525000,45.412753,6.618942,2191.652857,231.0,3.845328,2.5,2.5
1671367037.513000,45.412689,6.618828,2194.142271,230.0,3.859341,2.4,1.8
1671367040.513000,45.412623,6.618713,2197.031506,231.0,3.868246,2.4,1.8
1671367043.518000,45.412558,6.618596,2199.289182,231.0,3.874637,2.4,2.8
1671367046.514000,45.412493,6.618480,2201.899034,231.0,3.873661,2.4,2.0
1671367049.513000,45.412428,6.618364,2205.309927,231.0,3.873835,2.4,2.8
1671367052.504000,45.412362,6.618248,2207.774779,231.0,3.871352,2.4,3.9
1671367055.509000,45.412297,6.618134,2211.236718,230.0,3.866967,2.5,3.9
1671367058.510000,45.412232,6.618018,2215.060744,231.0,3.858452,2.5,2.8
1671367061.510000,45.412167,6.617903,2217.919468,231.0,3.852943,2.4,2.0
1671367064.522000,45.412098,6.617780,2221.674024,231.0,3.850594,2.4,2.0
1671367067.525000,45.412036,6.617677,2224.128752,229.0,3.861871,2.5,1.9
1671367070.512000,45.411972,6.617561,2228.462384,231.0,3.844311,2.5,2.6
1671367073.508000,45.411914,6.617454,2230.690014,230.0,3.835393,2.5,2.5
1671367076.523000,45.411847,6.617332,2234.909742,231.0,3.861513,2.4,2.8
1671367079.518000,45.411783,6.617216,2236.125743,231.0,3.883130,2.5,3.6
1671367082.523000,45.411719,6.617100,2239.087779,231.0,3.893631,2.5,3.7
1671367085.519000,45.411654,6.616982,2241.853199,231.0,3.898540,2.6,3.5
1671367088.518000,45.411589,6.616863,2245.641659,231.0,3.897551,2.5,3.3
1671367091.515000,45.411522,6.616746,2247.928003,231.0,3.894778,2.5,3.6
1671367094.521000,45.411454,6.616630,2249.869333,231.0,3.889788,2.5,3.9
1671367097.513000,45.411386,6.616518,2251.124944,230.4,3.881303,2.5,3.3
1671367100.510000,45.411318,6.616402,2253.691511,231.0,3.886676,2.5,2.3
1671367103.518000,45.411250,6.616286,2252.442921,230.9,3.901208,2.5,2.3
1671367107.518000,45.411186,6.616167,2255.036004,230.9,3.626900,2.4,3.8
1671367117.516000,45.411093,6.616054,2254.748216,211.0,2.665390,2.5,5.0
1671367120.515000,45.410997,6.615982,2254.766453,194.2,3.046513,2.5,4.3
1671367123.498000,45.410900,6.615948,2254.211405,189.1,3.080351,2.5,4.0
1671367126.512000,45.410804,6.615940,2251.903811,179.3,3.131706,2.5,4.0
1671367130.507000,45.410694,6.615938,2251.031990,184.0,3.065086,2.7,3.5
1671367134.503000,45.410586,6.615943,2251.461431,175.2,2.987117,2.5,3.7
1671367138.528000,45.410487,6.615969,2251.601387,167.3,2.899754,2.6,3.1
1671367141.514000,45.410390,6.616015,2249.278052,161.0,3.164335,2.4,3.0
1671367144.515000,45.410274,6.616075,2248.483142,160.0,3.562687,2.4,3.0
1671367147.536000,45.410151,6.616164,2248.691123,148.0,3.943569,2.6,2.6
1671367150.518000,45.410023,6.616263,2248.349978,154.9,6.002910,2.6,3.6
1671367152.521000,45.409894,6.616350,2246.524147,155.0,7.441249,2.5,3.9
1671367154.516000,45.409746,6.616444,2242.055464,156.5,9.127612,2.7,4.0
1671367156.510000,45.409571,6.616517,2236.672983,163.6,9.932067,2.7,4.0
1671367157.514000,45.409482,6.616553,2236.123636,162.0,10.188769,2.8,4.0
1671367158.504000,45.409395,6.616590,2233.193411,162.9,10.208652,4.3,4.0
1671367159.527000,45.409303,6.616626,2231.436933,163.8,10.698250,4.9,4.0
1671367160.504000,45.409209,6.616660,2232.282062,165.0,11.116496,2.4,4.0
1671367161.501000,45.409110,6.616695,2231.177373,165.1,11.401979,2.5,4.0
1671367162.510000,45.409011,6.616732,2230.776469,164.3,11.085271,2.5,4.0
1671367163.515000,45.408919,6.616768,2229.392666,162.8,10.330617,2.4,4.0
1671367165.518000,45.408757,6.616840,2227.268529,161.0,9.210716,2.5,4.0
1671367167.516000,45.408610,6.616907,2225.941508,161.0,8.634312,2.4,4.0
1671367169.509000,45.408471,6.616980,2224.955043,158.9,7.919421,2.4,4.0
1671367171.518000,45.408344,6.617041,2224.114891,161.0,7.329425,2.4,4.0
1671367173.519000,45.408223,6.617089,2223.314096,163.0,6.608948,2.4,4.0
1671367175.501000,45.408112,6.617137,2222.696912,160.8,6.594701,2.5,4.0
1671367177.514000,45.407999,6.617203,2221.630535,154.1,7.195083,2.4,4.0
1671367179.521000,45.407875,6.617295,2219.869804,152.5,8.365870,2.4,4.0
1671367181.510000,45.407733,6.617422,2216.288441,144.5,9.678506,2.4,4.0
1671367183.518000,45.407592,6.617572,2209.478876,145.8,9.422899,7.0,4.0
1671367185.523000,45.407440,6.617712,2207.502602,145.8,10.577951,7.0,4.0
1671367186.510000,45.407360,6.617794,2206.790363,141.6,10.962867,4.7,4.0
1671367187.519000,45.407279,6.617881,2203.841705,143.1,10.872808,4.5,4.0
1671367188.512000,45.407203,6.617954,2204.670346,147.6,9.010574,2.5,4.0
1671367190.507000,45.407071,6.618066,2202.520646,152.3,8.123723,2.4,4.0
1671367192.520000,45.406939,6.618115,2202.119974,174.9,6.793021,2.5,4.0
1671367194.510000,45.406792,6.618112,2201.226183,180.0,8.644787,2.4,4.0
1671367196.509000,45.406634,6.618096,2198.406152,185.0,9.068522,2.5,4.0
1671367198.512000,45.406470,6.618057,2195.772471,191.0,8.858617,2.5,4.0
1671367200.503000,45.406314,6.617995,2193.673772,194.0,8.195471,2.4,4.0
1671367202.493000,45.406180,6.617933,2193.616202,198.8,7.517811,2.5,4.0
1671367204.522000,45.406056,6.617865,2192.689007,200.0,7.350510,2.4,4.0
1671367206.524000,45.405939,6.617796,2191.640037,202.0,6.992708,2.5,4.0
1671367208.503000,45.405825,6.617732,2189.026368,199.0,6.888958,2.5,4.0
1671367210.525000,45.405705,6.617684,2183.442637,193.0,6.999498,2.5,4.0
1671367212.510000,45.405580,6.617652,2182.618154,181.1,6.821073,7.0,4.0
1671367214.507000,45.405467,6.617678,2181.569336,166.0,6.274599,7.0,4.0
1671367216.515000,45.405371,6.617721,2180.619526,163.0,5.377414,7.3,4.0
1671367219.509000,45.405250,6.617775,2184.251982,166.0,5.071409,2.4,4.0
1671367221.529000,45.405151,6.617801,2183.738427,170.0,5.666943,2.5,4.0
1671367223.517000,45.405044,6.617819,2180.750079,176.0,6.065965,2.4,4.0
1671367225.521000,45.404936,6.617809,2179.109208,185.0,5.842700,2.6,4.0
1671367227.524000,45.404834,6.617785,2176.120536,188.0,5.685767,2.4,4.0
1671367229.508000,45.404737,6.617760,2176.192380,190.0,5.535181,2.6,4.0
1671367231.516000,45.404643,6.617725,2178.633668,196.0,5.082915,2.5,4.0
1671367234.517000,45.404516,6.617676,2177.723276,193.0,4.755054,2.5,4.0
1671367237.509000,45.404387,6.617651,2177.162816,186.0,4.886174,2.7,4.0
1671367239.533000,45.404286,6.617634,2171.626537,187.0,5.046312,2.5,4.0
1671367242.521000,45.404147,6.617626,2171.701726,178.0,5.606989,6.9,4.0
1671367244.499000,45.404044,6.617632,2170.802406,177.0,5.655301,6.9,4.0
1671367246.506000,45.403944,6.617638,2169.820022,177.0,5.596378,7.2,4.0
1671367248.527000,45.403844,6.617626,2171.458026,186.0,5.561975,2.4,4.0
1671367250.522000,45.403752,6.617610,2170.950666,185.0,4.887753,2.4,4.0
1671367253.513000,45.403626,6.617622,2168.761980,165.0,4.659559,2.4,4.0
1671367256.510000,45.403532,6.617708,2166.482279,132.8,5.711407,2.4,4.0
1671367258.516000,45.403488,6.617886,2161.876602,97.5,8.023219,2.4,4.4
1671367260.514000,45.403466,6.618119,2160.000593,103.0,8.789212,2.5,5.4
1671367262.498000,45.403354,6.618295,2149.795579,148.8,7.883544,2.5,7.0
1671367264.501000,45.403264,6.618384,2146.247617,143.1,6.175490,2.5,7.7
1671367266.513000,45.403193,6.618493,2138.453193,117.6,5.814772,2.5,8.0
1671367268.498000,45.403148,6.618675,2131.920019,115.2,7.563011,2.5,8.0
1671367270.496000,45.403102,6.618936,2123.852344,86.6,11.982559,2.8,8.0
1671367271.515000,45.403100,6.619118,2119.834031,91.7,13.341015,3.3,8.0
1671367272.541000,45.403088,6.619308,2116.435965,89.7,13.644918,3.3,8.0
1671367273.490000,45.403088,6.619485,2112.728997,81.2,13.171828,6.0,8.0
1671367274.502000,45.403111,6.619661,2107.529789,71.3,13.161867,3.7,8.0
1671367275.508000,45.403149,6.619824,2106.456287,71.7,13.264584,4.8,8.8
1671367276.508000,45.403182,6.619992,2102.491983,76.2,13.645572,2.7,9.3
1671367277.521000,45.403216,6.620169,2098.221936,71.2,13.871576,2.6,10.0
1671367278.515000,45.403260,6.620340,2096.968930,69.7,13.824398,2.8,11.2
1671367279.508000,45.403328,6.620503,2096.116538,57.8,14.075320,2.8,11.2
1671367280.496000,45.403401,6.620661,2093.574299,55.1,14.297024,2.7,10.7
1671367281.504000,45.403485,6.620825,2090.448309,53.1,15.373780,2.8,10.0
1671367282.501000,45.403571,6.620985,2087.590462,53.1,15.687195,2.7,10.0
1671367283.492000,45.403661,6.621153,2084.104677,53.0,16.431400,2.6,10.0
1671367284.492000,45.403752,6.621324,2080.863839,53.4,16.065838,2.5,10.0
1671367285.494000,45.403839,6.621488,2077.301722,53.1,15.232080,2.4,10.7
1671367286.490000,45.403923,6.621641,2076.356142,51.2,14.500165,2.6,11.3
1671367287.496000,45.404005,6.621779,2074.246449,49.7,13.591208,2.6,12.0
1671367288.489000,45.404081,6.621908,2071.920323,50.0,12.975229,2.6,12.0
1671367289.492000,45.404156,6.622037,2070.693338,50.0,12.988768,2.8,12.0
1671367290.493000,45.404231,6.622164,2069.620463,50.0,12.895081,2.6,12.0
1671367291.497000,45.404308,6.622290,2066.030586,48.0,12.734455,2.6,12.0
1671367292.490000,45.404386,6.622410,2063.891454,46.1,12.324710,2.5,12.0
1671367293.488000,45.404466,6.622526,2063.692128,47.9,12.151778,2.7,12.0
1671367294.486000,45.404538,6.622642,2061.447253,58.0,10.631032,2.6,12.0
1671367295.498000,45.404592,6.622765,2060.524249,55.2,10.672059,2.6,12.0
1671367296.482000,45.404650,6.622881,2056.331374,56.0,10.877028,2.7,12.0
1671367297.494000,45.404723,6.623002,2055.183666,47.5,11.745515,2.8,12.0
1671367298.497000,45.404799,6.623125,2053.570401,47.5,11.775547,2.6,12.0
1671367299.500000,45.404875,6.623249,2052.845999,49.8,11.607965,3.2,12.0
1671367300.502000,45.404956,6.623385,2050.992613,50.0,12.330502,2.8,11.2
1671367301.486000,45.405038,6.623526,2049.134787,50.0,13.591504,2.9,10.4
1671367302.491000,45.405120,6.623672,2045.939534,51.3,13.295981,3.0,10.0
1671367303.489000,45.405198,6.623814,2041.900972,51.0,13.480293,3.1,9.3
1671367304.493000,45.405275,6.623953,2040.622792,50.0,13.905462,5.9,8.7
1671367305.480000,45.405359,6.624092,2039.062779,50.0,14.910766,2.7,8.0
1671367306.500000,45.405448,6.624241,2037.403852,49.9,14.542685,2.8,8.0
1671367307.481000,45.405536,6.624376,2034.658307,46.1,13.514283,2.8,8.0
1671367308.498000,45.405624,6.624503,2029.992368,43.2,13.592414,2.8,8.8
1671367309.498000,45.405715,6.624623,2030.737811,47.0,13.506501,2.9,9.6
1671367310.497000,45.405795,6.624751,2027.073727,50.0,13.513131,2.8,10.4
1671367311.481000,45.405872,6.624880,2023.105197,46.2,13.085034,2.6,10.7
1671367312.489000,45.405955,6.624998,2020.750742,43.2,12.875619,2.5,12.0
1671367313.489000,45.406043,6.625108,2019.895683,39.1,13.221848,2.5,12.0
1671367314.497000,45.406139,6.625212,2017.160479,42.2,13.091806,2.5,12.0
1671367315.497000,45.406230,6.625323,2015.692498,43.0,13.046255,2.6,12.0
1671367316.496000,45.406323,6.625432,2012.537997,43.0,12.927059,2.5,11.2
1671367317.495000,45.406430,6.625546,2010.256859,38.0,14.604579,2.5,10.4
1671367318.494000,45.406546,6.625654,2007.599285,36.0,14.290561,2.4,9.6
1671367319.487000,45.406661,6.625760,2003.498379,36.0,14.321136,2.5,9.3
1671367320.497000,45.406778,6.625864,2001.134793,31.2,14.283803,2.4,8.0
1671367321.478000,45.406895,6.625955,1998.735142,30.0,13.899717,2.6,8.0
1671367322.502000,45.407008,6.626041,1996.015304,22.1,13.267846,2.5,8.0
1671367323.487000,45.407120,6.626104,1995.391699,22.9,12.942705,2.7,8.0
1671367324.493000,45.407234,6.626179,1992.104258,29.1,13.217811,2.8,8.0
1671367325.495000,45.407345,6.626264,1989.139254,33.9,12.991908,2.5,8.0
1671367326.486000,45.407449,6.626350,1986.904674,40.6,10.856079,2.5,8.0
1671367327.499000,45.407523,6.626430,1982.323636,39.1,9.385143,2.5,8.0
1671367329.506000,45.407664,6.626559,1979.557627,53.6,7.942122,3.0,8.0
1671367331.489000,45.407674,6.626693,1976.585733,117.7,4.027344,6.5,8.0
1671367345.011000,45.407581,6.626655,1974.364688,222.2,1.283388,2.5,5.7
1671367348.010000,45.407487,6.626597,1973.470345,198.8,2.576527,2.6,5.5
1671367352.210000,45.407374,6.626555,1971.454822,190.5,3.146125,2.6,8.1
1671367355.132000,45.407265,6.626542,1969.586019,186.6,3.769682,2.6,8.0
1671367358.051000,45.407150,6.626521,1970.723140,186.7,4.227163,3.2,7.0
1671367360.493000,45.407049,6.626506,1971.171372,185.1,4.922406,6.6,6.6
1671367362.496000,45.406943,6.626496,1969.821056,184.0,5.935633,2.8,5.7
1671367364.507000,45.406842,6.626482,1967.623927,188.0,5.686780,2.8,5.2
1671367366.486000,45.406712,6.626449,1967.265702,189.0,7.401700,2.8,5.3
1671367368.492000,45.406588,6.626427,1960.392330,185.2,6.311676,2.7,6.0
1671367370.489000,45.406475,6.626421,1959.758155,184.6,6.235173,2.8,6.3
1671367372.501000,45.406369,6.626404,1961.034869,187.9,5.784846,2.8,7.2
1671367374.497000,45.406255,6.626356,1956.940589,201.5,5.566136,2.8,7.7
1671367376.499000,45.406132,6.626285,1958.710748,199.1,6.915102,2.8,8.0
1671367378.489000,45.405994,6.626220,1955.175387,198.2,5.872488,2.9,7.7
1671367380.488000,45.405873,6.626157,1957.237759,202.9,6.458607,2.9,7.0
1671367382.512000,45.405754,6.626088,1957.686512,200.1,5.175251,2.9,6.0
1671367384.513000,45.405656,6.626034,1956.662573,204.1,5.145007,3.4,6.0
1671367386.511000,45.405558,6.625967,1956.150600,205.8,5.364876,5.2,6.0
1671367388.491000,45.405450,6.625904,1955.022260,201.9,6.214354,6.6,6.0
1671367390.487000,45.405325,6.625841,1952.222621,199.0,6.788754,3.0,6.3
1671367392.501000,45.405178,6.625793,1950.621989,181.2,7.921582,3.1,7.2
1671367394.493000,45.405005,6.625839,1943.853689,145.3,9.811605,3.0,7.7
1671367395.499000,45.404920,6.625925,1941.381143,139.7,11.446301,3.0,8.0
1671367396.494000,45.404837,6.626047,1938.240128,128.9,12.672452,3.0,8.0
1671367397.483000,45.404757,6.626182,1935.042727,126.5,12.855715,3.0,8.0
1671367398.495000,45.404707,6.626334,1933.613629,105.8,12.426887,3.0,8.0
1671367399.500000,45.404680,6.626487,1930.203734,102.0,11.546995,3.1,8.0
1671367400.487000,45.404698,6.626628,1928.785816,75.2,11.021623,3.1,8.0
1671367401.500000,45.404727,6.626768,1927.343703,72.3,10.895139,3.1,8.0
1671367402.482000,45.404760,6.626902,1926.680887,70.1,10.384685,3.1,7.7
1671367403.520000,45.404796,6.627037,1925.078549,70.2,10.960568,3.1,7.2
1671367404.499000,45.404835,6.627174,1926.145008,69.1,11.339645,3.1,7.0
1671367405.499000,45.404876,6.627317,1923.135996,67.2,10.774096,3.1,6.4
1671367406.501000,45.404919,6.627442,1921.516710,62.5,9.930700,3.1,6.0
1671367407.492000,45.404964,6.627559,1921.478041,63.9,10.233177,3.1,6.0
1671367408.489000,45.405009,6.627680,1921.899765,63.0,10.017337,3.2,6.0
1671367409.501000,45.405054,6.627801,1920.294493,60.0,10.174502,3.2,6.0
1671367410.497000,45.405104,6.627921,1925.929428,58.0,10.089648,3.2,5.7
1671367411.490000,45.405152,6.628035,1923.767673,57.0,9.480189,3.2,5.3
1671367413.497000,45.405264,6.628215,1922.377446,44.1,9.344929,3.8,4.4
1671367415.499000,45.405392,6.628379,1920.731945,39.3,9.514013,3.9,4.0
1671367417.495000,45.405531,6.628525,1918.515006,36.0,9.290586,3.6,4.0
1671367419.496000,45.405671,6.628668,1914.800049,35.3,9.781947,3.3,4.0
1671367420.496000,45.405746,6.628742,1914.800049,34.0,10.232145,3.3,4.0
1671367421.499000,45.405823,6.628816,1912.507431,32.3,10.281605,3.3,4.0
1671367422.509000,45.405901,6.628888,1910.661765,32.7,10.356236,3.3,4.0
1671367423.494000,45.405980,6.628961,1907.845335,32.0,10.596060,3.3,4.0
1671367424.516000,45.406061,6.629035,1906.435098,25.8,10.565658,3.3,4.0
1671367425.498000,45.406146,6.629086,1903.698415,20.1,10.409119,3.3,4.0
1671367426.488000,45.406231,6.629132,1902.588161,22.0,9.524047,3.3,4.0
1671367428.499000,45.406365,6.629219,1902.881762,26.2,7.134227,2.4,4.0
1671367431.490000,45.406422,6.629325,1902.617008,61.1,2.896761,2.4,5.0
1671367436.485000,45.406447,6.629448,1901.861712,72.9,1.005728,2.4,4.9
1671367459.234000,45.406539,6.629486,1901.865174,14.2,0.453722,2.4,3.9
1671367477.232000,45.406627,6.629534,1904.832663,-1.0,0.046765,2.5,4.3
1671367494.258000,45.406597,6.629661,1907.225898,179.6,0.634990,2.5,4.4
1671367534.496000,45.406500,6.629638,1910.788606,250.2,0.118138,2.6,4.8
1671367558.012000,45.406406,6.629592,1911.382615,196.1,1.889389,2.6,6.1
1671367560.412000,45.406312,6.629563,1910.947956,196.1,3.135060,2.7,8.3
1671367562.612000,45.406209,6.629522,1912.547777,198.6,3.490395,3.1,10.2
1671367565.012000,45.406117,6.629488,1914.800049,196.5,3.458666,3.0,9.4
1671367568.591000,45.406017,6.629442,1914.800049,197.4,3.381528,3.0,7.4
1671367572.132000,45.405905,6.629398,1920.797357,195.7,3.365036,4.1,7.0
1671367575.130000,45.405814,6.629362,1923.395165,196.6,3.449881,3.8,7.0
1671367578.052000,45.405726,6.629325,1924.068131,197.2,3.403624,2.9,6.9
1671367581.513000,45.405632,6.629283,1926.200073,197.6,3.499412,2.9,7.0
1671367584.481000,45.405540,6.629245,1926.200073,198.0,3.439131,2.9,6.1
1671367587.485000,45.405448,6.629207,1929.352591,196.0,3.474360,2.9,4.5
1671367590.492000,45.405361,6.629167,1932.903181,196.0,3.418733,3.8,4.0
1671367593.498000,45.405273,6.629128,1935.017399,197.0,3.291456,3.3,4.0
1671367596.492000,45.405185,6.629088,1936.949384,196.0,3.414871,3.6,4.0
1671367600.492000,45.405074,6.629037,1942.228664,195.0,3.338987,5.3,4.0
1671367604.501000,45.404961,6.628989,1944.862546,194.0,3.321223,3.9,4.0
1671367608.495000,45.404848,6.628939,1948.041494,194.0,3.497133,3.1,4.0
1671367611.502000,45.404762,6.628899,1950.091525,195.0,3.521608,3.2,4.0
1671367614.487000,45.404674,6.628860,1951.031013,197.0,3.429893,3.1,4.0
1671367617.492000,45.404586,6.628822,1953.053981,198.0,3.424245,3.2,4.0
1671367620.496000,45.404498,6.628785,1955.947626,196.0,3.382819,4.0,4.0
1671367623.505000,45.404408,6.628745,1957.471777,196.0,3.426198,3.6,4.0
1671367626.501000,45.404316,6.628705,1960.116238,197.7,2.730843,4.1,4.0
1671367646.487000,45.404313,6.628702,1960.693484,-1.0,0.000000,2.6,4.0
1671367646.487000,45.404313,6.628702,1960.693484,-1.0,0.000000,2.6,4.0
1671367663.496000,45.404220,6.628651,1964.889710,195.8,1.629674,7.0,4.0
1671367669.494000,45.404124,6.628610,1964.484779,195.0,2.486135,2.6,4.0
1671367674.496000,45.404010,6.628562,1967.525274,196.0,3.240140,2.5,4.0
1671367677.480000,45.403924,6.628524,1970.280670,195.0,3.052009,2.7,4.0
1671367680.508000,45.403832,6.628483,1974.532573,196.0,3.830307,3.4,4.0
1671367684.487000,45.403719,6.628433,1975.537405,195.0,3.424233,2.9,4.0
1671367687.504000,45.403627,6.628391,1977.029915,196.0,3.532060,3.1,4.0
1671367690.507000,45.403538,6.628351,1979.780559,197.0,3.406335,8.1,4.0
1671367693.488000,45.403451,6.628314,1981.088249,197.0,3.491862,7.0,4.0
1671367696.493000,45.403361,6.628276,1979.876456,195.0,3.421694,2.6,4.0
1671367699.504000,45.403274,6.628239,1982.621249,195.0,3.436536,2.6,4.0
1671367702.486000,45.403184,6.628200,1984.119688,197.0,3.502617,2.5,4.0
1671367705.500000,45.403092,6.628162,1985.560831,196.0,3.444437,2.5,4.0
1671367709.487000,45.402980,6.628114,1989.786622,197.0,3.385233,3.0,4.0
1671367712.492000,45.402891,6.628077,1992.158035,198.0,3.433091,3.0,4.0
1671367715.501000,45.402798,6.628039,1994.149541,196.0,3.446133,3.2,4.0
1671367719.498000,45.402683,6.627988,1996.516652,198.0,3.432662,4.8,4.0
1671367722.494000,45.402593,6.627950,1997.943803,196.0,3.512331,7.3,4.0
1671367725.501000,45.402500,6.627908,1996.569755,196.0,3.436196,2.6,4.0
1671367729.496000,45.402385,6.627858,1999.471337,196.0,3.433734,2.7,4.0
1671367732.493000,45.402295,6.627820,2000.058897,197.0,3.439351,2.5,4.0
1671367735.501000,45.402203,6.627779,2001.050452,198.0,3.444817,2.6,3.9
1671367739.489000,45.402088,6.627735,2005.516082,195.0,3.429535,3.0,3.3
1671367742.488000,45.401998,6.627697,2006.997877,197.0,3.424855,2.9,3.1
1671367745.496000,45.401909,6.627659,2007.505118,196.0,3.445762,2.7,2.7
1671367748.490000,45.401814,6.627619,2008.621481,196.0,3.447320,2.8,3.1
1671367751.500000,45.401712,6.627576,2010.644405,196.0,3.447227,3.4,3.4
1671367755.498000,45.401607,6.627532,2010.774572,196.0,3.461888,2.6,3.4
1671367758.487000,45.401514,6.627494,2012.195163,196.0,3.461342,2.6,2.7
1671367761.518000,45.401412,6.627452,2014.610506,196.0,3.453266,2.6,3.4
1671367765.481000,45.401308,6.627408,2016.489397,196.0,3.458193,2.6,3.4
1671367768.478000,45.401215,6.627370,2018.519520,196.0,3.453839,2.8,3.1
1671367771.501000,45.401115,6.627328,2021.314287,196.0,3.442292,2.9,3.1
1671367775.489000,45.401011,6.627285,2023.438426,195.0,3.435536,2.6,3.9
1671367778.488000,45.400920,6.627245,2025.871563,195.0,3.429578,2.8,3.9
1671367782.494000,45.400810,6.627196,2030.434057,195.3,3.413975,3.1,3.9
1671367785.484000,45.400720,6.627158,2031.685030,198.0,3.411533,2.6,3.5
1671367788.495000,45.400627,6.627120,2034.298468,197.0,3.407138,2.6,3.4
1671367792.492000,45.400515,6.627073,2038.249600,197.8,3.381901,2.5,3.3
1671367795.482000,45.400428,6.627035,2039.834587,197.0,3.382994,2.6,2.5
1671367798.493000,45.400339,6.626999,2042.745415,196.3,3.383563,2.7,2.1
1671367801.477000,45.400251,6.626968,2046.167075,197.0,3.354785,2.7,3.3
1671367804.503000,45.400161,6.626938,2049.763269,197.0,3.342288,2.7,3.9
1671367807.495000,45.400071,6.626906,2053.260906,197.0,3.332652,2.8,3.9
1671367810.493000,45.399983,6.626874,2055.701794,196.0,3.321452,2.7,3.7
1671367813.521000,45.399881,6.626836,2059.811402,196.0,3.309503,2.7,3.8
1671367817.493000,45.399779,6.626790,2062.584483,196.0,3.304450,2.5,3.8
1671367820.511000,45.399692,6.626751,2068.591527,196.1,3.296610,2.6,3.4
1671367823.503000,45.399598,6.626713,2071.376185,197.0,3.277614,2.5,3.6
1671367827.492000,45.399494,6.626663,2076.393002,198.0,3.272377,2.6,3.9
1671367831.485000,45.399384,6.626609,2082.432833,196.0,3.254132,2.6,3.4
1671367835.493000,45.399276,6.626555,2088.905744,196.0,3.229100,2.6,3.3
1671367838.503000,45.399186,6.626517,2092.925852,196.0,3.221319,2.7,2.9
1671367842.500000,45.399088,6.626474,2099.264559,195.0,3.211681,2.7,2.9
1671367845.494000,45.399000,6.626436,2100.101041,196.0,3.253253,2.5,3.0
1671367848.502000,45.398905,6.626394,2104.194425,196.0,3.304312,2.5,2.8
1671367852.489000,45.398798,6.626350,2106.528144,196.0,3.340523,2.5,3.3
1671367855.491000,45.398708,6.626313,2107.259752,197.0,3.361818,2.5,3.6
1671367858.489000,45.398612,6.626271,2110.248784,196.0,3.378200,2.5,3.6
1671367862.498000,45.398505,6.626222,2115.098567,196.0,3.386004,2.6,3.9
1671367865.498000,45.398417,6.626183,2117.167048,196.0,3.387183,2.7,3.5
1671367868.504000,45.398323,6.626143,2120.230546,196.0,3.388209,2.7,3.5
1671367872.493000,45.398215,6.626096,2122.648434,196.0,3.381475,2.6,2.7
1671367875.497000,45.398128,6.626058,2124.774541,196.0,3.373513,2.6,2.2
1671367878.514000,45.398036,6.626019,2128.242640,196.0,3.364917,2.5,3.1
1671367882.505000,45.397930,6.625973,2133.190854,196.0,3.352743,2.5,3.3
1671367885.503000,45.397843,6.625936,2136.492238,196.0,3.344267,2.5,3.4
1671367888.505000,45.397749,6.625896,2138.913057,196.0,3.368589,2.5,2.9
1671367892.482000,45.397638,6.625848,2140.935451,196.0,3.394034,2.5,3.9
1671367895.485000,45.397547,6.625810,2143.481239,196.0,3.400600,2.5,3.9
1671367898.515000,45.397454,6.625770,2146.252011,196.0,3.403290,2.6,3.1
1671367902.502000,45.397343,6.625722,2149.376790,196.0,3.408647,2.7,3.9
1671367905.483000,45.397254,6.625684,2150.308864,196.0,3.404582,2.5,3.5
1671367908.512000,45.397162,6.625645,2152.779874,196.0,3.397381,2.5,3.4
1671367912.492000,45.397052,6.625598,2157.750798,196.0,3.397520,2.5,2.2
1671367915.512000,45.396963,6.625560,2160.178285,196.0,3.389565,2.5,2.5
1671367918.488000,45.396873,6.625521,2163.296742,196.0,3.379315,2.5,3.1
1671367922.503000,45.396763,6.625473,2167.732215,196.0,3.372999,2.5,2.9
1671367926.494000,45.396650,6.625423,2172.103017,196.0,3.353694,2.5,2.8
1671367930.493000,45.396538,6.625376,2176.776576,196.0,3.333878,2.6,3.4
1671367933.494000,45.396444,6.625337,2177.509971,196.0,3.383592,2.6,3.9
1671367936.499000,45.396356,6.625301,2178.649263,196.0,3.412147,2.5,3.6
1671367939.512000,45.396259,6.625259,2180.650543,196.0,3.424273,2.5,3.6
1671367943.500000,45.396147,6.625210,2182.920465,196.0,3.443609,2.5,3.9
1671367946.488000,45.396057,6.625171,2184.084164,196.0,3.444558,2.5,3.6
1671367949.506000,45.395962,6.625128,2186.469112,196.0,3.445801,2.5,3.3
1671367953.489000,45.395850,6.625083,2188.274164,197.0,3.454577,2.5,3.2
1671367956.493000,45.395757,6.625044,2190.099670,196.0,3.448907,2.5,3.0
1671367959.487000,45.395659,6.625000,2192.143699,196.0,3.439100,2.5,3.4
1671367963.498000,45.395557,6.624954,2195.176987,196.0,3.437423,2.6,3.5
1671367966.500000,45.395466,6.624915,2197.522389,196.0,3.431963,2.5,3.5
1671367969.500000,45.395368,6.624874,2200.277771,196.0,3.419009,2.5,2.7
1671367973.500000,45.395266,6.624830,2203.721538,196.0,3.410991,2.5,3.4
1671367976.502000,45.395175,6.624790,2205.683495,196.0,3.402588,2.5,3.2
1671367979.503000,45.395079,6.624750,2209.385564,196.0,3.387145,2.5,3.6
1671367983.491000,45.394974,6.624703,2211.382571,197.0,3.410804,2.5,3.5
1671367986.516000,45.394883,6.624667,2213.001060,195.0,3.424801,2.5,3.9
1671367989.497000,45.394787,6.624626,2214.753113,196.0,3.432718,2.5,3.9
1671367993.507000,45.394675,6.624576,2217.003778,196.0,3.442690,2.5,3.7
1671367996.494000,45.394586,6.624536,2218.607416,196.0,3.442117,2.5,3.8
1671367999.517000,45.394490,6.624497,2220.301813,196.0,3.437094,2.5,3.3
1671368003.488000,45.394379,6.624454,2223.636246,196.0,3.438353,2.5,3.0
1671368006.499000,45.394289,6.624419,2225.779472,196.0,3.436715,2.5,3.4
1671368009.510000,45.394196,6.624381,2228.142365,196.0,3.427624,2.5,3.9
1671368013.484000,45.394083,6.624335,2231.201325,196.0,3.420678,2.5,3.9
1671368016.502000,45.393995,6.624297,2233.973247,196.0,3.415981,2.5,3.9
1671368019.504000,45.393905,6.624256,2236.872479,196.0,3.398404,2.6,3.9
1671368023.507000,45.393795,6.624209,2239.164460,196.0,3.381454,2.5,2.6
1671368026.500000,45.393707,6.624171,2242.436065,196.0,3.380307,2.5,2.7
1671368029.512000,45.393615,6.624134,2244.337540,196.0,3.370870,2.5,3.3
1671368033.485000,45.393513,6.624093,2248.850335,196.0,3.358692,2.5,3.4
1671368036.501000,45.393417,6.624052,2253.389689,196.0,3.368315,2.5,3.4
1671368039.502000,45.393326,6.624011,2256.287263,196.0,3.364638,2.5,2.5
1671368043.490000,45.393216,6.623963,2260.436525,196.0,3.359643,2.5,2.9
1671368046.492000,45.393130,6.623926,2263.312447,196.0,3.359819,2.5,3.1
1671368049.488000,45.393044,6.623889,2266.626906,196.0,3.350780,2.5,3.5
1671368053.505000,45.392929,6.623842,2270.560180,196.0,3.335309,2.5,3.4
1671368056.488000,45.392841,6.623808,2269.058195,196.0,3.353696,2.5,3.1
1671368059.502000,45.392752,6.623772,2269.728739,196.0,3.372226,2.5,2.0
1671368062.506000,45.392663,6.623734,2276.305726,196.0,3.383660,2.5,2.7
1671368065.496000,45.392551,6.623683,2278.131995,196.0,3.393490,2.5,3.4
1671368069.505000,45.392440,6.623635,2282.727768,196.8,3.398826,2.5,3.9
1671368073.490000,45.392342,6.623587,2284.468606,196.0,3.350035,2.5,3.9
1671368077.493000,45.392243,6.623538,2288.130898,198.1,3.161478,2.5,4.0
1671368084.504000,45.392148,6.623511,2283.845719,190.8,2.200547,2.5,4.0
1671368089.497000,45.392056,6.623476,2281.209155,184.5,2.218454,2.5,4.0
1671368103.511000,45.391965,6.623468,2283.332368,231.1,1.010676,2.5,4.0
1671368112.507000,45.391924,6.623353,2282.433219,242.8,1.115227,2.5,4.0
1671368118.513000,45.391880,6.623194,2279.936060,248.0,1.546222,2.5,4.0
1671368122.508000,45.391848,6.623060,2280.519456,251.0,1.894649,2.5,4.0
1671368126.495000,45.391827,6.622935,2279.209757,260.0,2.066156,2.5,4.0
1671368132.328000,45.391803,6.622782,2278.425438,259.3,2.202789,2.5,4.3
1671368136.329000,45.391800,6.622622,2277.777798,270.3,2.512058,2.5,6.3
1671368140.408000,45.391782,6.622465,2278.469637,255.5,2.596339,2.5,6.9
1671368145.208000,45.391773,6.622302,2277.065823,269.7,2.629648,2.5,7.0
1671368149.407000,45.391775,6.622173,2277.426146,267.9,2.585873,2.5,6.8
1671368154.501000,45.391761,6.622026,2276.575921,264.0,2.532995,2.5,5.6
1671368157.499000,45.391750,6.621849,2275.313845,264.0,3.070754,2.5,3.7
1671368159.485000,45.391735,6.621709,2273.412889,260.1,6.993980,2.5,3.8
1671368161.501000,45.391701,6.621480,2271.065524,257.0,8.292725,2.5,3.8
1671368163.490000,45.391644,6.621262,2268.180379,244.2,9.037264,2.5,4.0
1671368165.483000,45.391567,6.621054,2264.191195,246.5,9.423417,2.5,4.0
1671368167.487000,45.391530,6.620828,2261.315784,274.0,8.634434,2.5,4.8
1671368169.507000,45.391653,6.620646,2255.044254,336.5,10.897809,2.5,6.4
1671368170.491000,45.391744,6.620596,2250.415844,327.7,10.550459,2.5,7.2
1671368172.492000,45.391908,6.620488,2240.597341,359.5,10.376898,2.5,8.0
1671368173.481000,45.391999,6.620490,2234.856558,5.6,9.499843,2.5,10.7
1671368175.480000,45.392171,6.620516,2227.230121,348.6,9.216966,2.5,11.3
1671368177.484000,45.392320,6.620528,2221.383545,9.9,7.878437,2.5,11.3
1671368179.496000,45.392478,6.620533,2217.840720,1.7,9.267756,2.7,9.3
1671368181.496000,45.392615,6.620553,2209.081406,15.9,6.424228,2.5,10.4
1671368183.502000,45.392748,6.620583,2203.987636,345.0,9.574453,2.5,12.0
1671368185.495000,45.392920,6.620563,2196.024375,9.7,6.923640,2.5,12.0
1671368187.496000,45.393068,6.620617,2190.267741,7.1,7.549483,2.5,12.0
1671368188.489000,45.393161,6.620636,2187.029268,346.2,9.852147,2.5,12.0
1671368189.491000,45.393272,6.620611,2184.492114,350.5,11.611024,2.6,12.0
1671368190.505000,45.393398,6.620593,2180.545577,3.2,12.202924,2.6,12.0
1671368191.498000,45.393538,6.620599,2176.139765,355.6,12.939308,2.5,11.3
1671368192.487000,45.393671,6.620569,2172.526009,337.9,13.718390,2.5,10.7
1671368193.496000,45.393800,6.620497,2167.187852,338.0,15.017959,2.5,9.6
1671368194.496000,45.393941,6.620425,2163.953225,343.6,15.568032,2.5,8.8
1671368195.492000,45.394090,6.620367,2163.801445,342.3,15.342607,2.5,8.7
1671368196.496000,45.394237,6.620302,2159.197385,337.8,14.526275,2.5,8.0
1671368197.478000,45.394363,6.620207,2156.415951,326.0,13.673436,2.5,8.0
1671368198.481000,45.394476,6.620094,2154.307154,322.4,13.161077,2.5,8.0
1671368199.504000,45.394584,6.619972,2153.387052,318.9,12.797074,2.5,7.6
1671368200.493000,45.394676,6.619858,2152.084395,317.1,12.074455,2.5,7.2
1671368201.497000,45.394760,6.619749,2150.369942,317.9,11.991801,2.5,6.8
1671368202.491000,45.394847,6.619674,2149.723211,335.8,10.533386,2.5,6.4
1671368203.477000,45.394941,6.619650,2147.681238,345.4,10.793476,2.5,6.7
1671368204.483000,45.395044,6.619641,2144.580914,351.6,11.054649,2.5,6.7
1671368205.495000,45.395146,6.619637,2143.189681,353.0,9.709465,2.5,7.2
1671368207.481000,45.395296,6.619681,2141.132512,2.2,8.583806,2.5,7.7
1671368209.492000,45.395472,6.619721,2136.816312,13.1,10.165646,2.5,8.0
1671368210.491000,45.395568,6.619764,2132.909213,10.0,10.860920,2.5,8.0
1671368211.498000,45.395676,6.619801,2130.303277,10.0,11.216974,2.5,7.6
1671368212.500000,45.395783,6.619840,2129.227421,12.9,10.099425,2.5,7.2
1671368213.498000,45.395872,6.619876,2125.393558,6.0,9.412394,2.5,7.3
1671368215.484000,45.396012,6.619915,2125.185397,9.1,7.349468,2.5,7.0
1671368217.485000,45.396114,6.619913,2124.558093,352.1,3.651121,2.5,7.3
1671368237.542000,45.396126,6.619876,2126.258172,331.4,0.000000,2.5,4.2
1671368237.542000,45.396126,6.619876,2126.258172,331.4,0.000000,2.5,4.2
1671368298.247000,45.396374,6.620000,2126.334087,22.3,1.250424,3.4,1800.0
1671368303.271000,45.396588,6.620092,2126.277830,19.7,1.931286,3.3,1800.0
1671368308.466000,45.396165,6.619831,2124.369649,-1.0,0.000296,3.3,32.0
1671368325.499000,45.396066,6.619925,2125.627555,151.1,1.638757,2.5,5.5
1671368328.345000,45.395993,6.620029,2125.929444,134.1,1.652816,2.5,8.0
1671368346.324000,45.395926,6.620115,2126.710357,-1.0,0.013153,2.5,3.6
1671368382.360000,45.395847,6.620218,2128.495558,104.7,0.732478,2.5,4.1
1671368475.323000,45.395801,6.620105,2128.747429,197.5,3.116180,2.5,7.1
1671368477.004000,45.395701,6.620051,2129.050901,199.7,4.369740,2.6,9.9
1671368478.203000,45.395612,6.620011,2129.659163,195.2,4.733338,2.6,11.2
1671368480.001000,45.395518,6.620000,2128.672023,192.2,3.841073,2.6,11.8
1671368482.281000,45.395413,6.619980,2132.280611,190.0,4.111636,2.6,9.7
1671368484.541000,45.395322,6.619960,2136.599854,181.1,3.758996,2.6,9.1
1671368487.361000,45.395212,6.619912,2141.390003,204.5,3.722984,2.6,7.0
1671368490.362000,45.395110,6.619875,2154.693106,191.7,3.893493,6.2,7.1
1671368493.361000,45.394984,6.619832,2156.386207,192.6,3.919660,5.6,7.2
1671368496.301000,45.394871,6.619792,2153.425219,195.8,4.141393,2.8,7.2
1671368499.181000,45.394767,6.619754,2155.766849,193.1,4.219890,2.8,7.1
1671368502.497000,45.394649,6.619712,2159.725779,193.0,4.282402,2.8,6.6
1671368505.492000,45.394542,6.619673,2164.177147,194.0,4.210372,2.8,5.1
1671368508.505000,45.394437,6.619638,2167.398104,194.0,4.119270,2.9,4.0
1671368511.497000,45.394332,6.619597,2171.022429,194.0,4.043289,2.9,4.0
1671368514.501000,45.394225,6.619555,2176.480931,193.0,4.044955,3.0,4.4
1671368517.509000,45.394113,6.619511,2187.291811,194.0,4.234809,5.6,4.4
1671368520.515000,45.393999,6.619471,2189.273606,195.0,4.415416,7.1,4.0
1671368523.499000,45.393889,6.619430,2184.472097,194.0,4.231917,2.6,4.5
1671368525.967000,45.393803,6.619394,2186.367722,195.0,4.236411,2.5,4.8
1671368528.506000,45.393699,6.619354,2188.646621,194.0,4.379858,2.5,5.5
1671368531.009000,45.393610,6.619320,2192.102864,194.0,4.121872,2.5,7.1
1671368533.505000,45.393519,6.619287,2196.639180,195.0,4.167348,2.5,7.0
1671368536.020000,45.393429,6.619254,2198.420875,194.0,4.112133,2.5,7.1
1671368538.506000,45.393341,6.619220,2200.988866,194.0,4.107963,2.5,7.0
1671368541.047000,45.393252,6.619185,2212.139872,195.0,4.251736,6.7,7.2
1671368544.501000,45.393129,6.619138,2215.913034,195.0,4.322193,6.9,7.0
1671368546.508000,45.393040,6.619105,2212.577060,193.0,3.944001,2.6,6.0
1671368549.498000,45.392943,6.619066,2216.846774,194.0,4.050629,2.6,6.0
1671368552.506000,45.392840,6.619026,2221.789470,196.0,4.031166,2.5,7.3
1671368555.508000,45.392736,6.618987,2226.540054,194.9,3.972298,2.5,7.3
1671368558.495000,45.392619,6.618944,2231.968533,193.0,4.415522,2.6,6.0
1671368561.504000,45.392498,6.618900,2236.034478,194.0,4.421917,2.6,6.0
1671368564.507000,45.392402,6.618861,2237.993141,194.9,4.282187,2.6,6.0
1671368566.512000,45.392314,6.618829,2240.638697,194.0,4.050555,2.7,6.0
1671368570.495000,45.392196,6.618785,2252.355730,194.0,3.768193,3.9,6.0
1671368573.495000,45.392091,6.618745,2253.275103,193.0,3.769468,2.6,6.3
1671368576.496000,45.391992,6.618707,2259.521633,194.0,3.774040,2.6,3.3
1671368579.504000,45.391894,6.618671,2265.928014,196.0,3.748513,2.5,3.0
1671368582.495000,45.391799,6.618635,2273.573604,194.0,3.716313,2.5,3.6
1671368585.496000,45.391704,6.618600,2281.084669,194.0,3.682110,2.5,3.6
1671368588.509000,45.391606,6.618561,2289.139744,194.0,3.726754,2.6,3.6
1671368591.500000,45.391505,6.618524,2293.508116,195.0,3.753167,2.5,3.5
1671368594.510000,45.391403,6.618487,2300.489470,194.0,3.790737,2.5,3.5
1671368597.492000,45.391304,6.618449,2313.660917,194.0,3.783863,6.1,3.3
1671368600.501000,45.391207,6.618412,2319.535009,194.0,3.769221,4.4,3.5
1671368603.500000,45.391110,6.618376,2321.641281,194.9,3.758911,2.8,4.2
1671368606.526000,45.391014,6.618340,2327.337765,194.0,3.736359,2.5,4.9
1671368609.489000,45.390917,6.618304,2334.418577,194.0,3.722896,2.5,4.8
1671368612.515000,45.390813,6.618266,2341.672285,194.0,3.725780,2.5,3.9
1671368615.501000,45.390725,6.618232,2349.869476,194.0,3.692170,2.5,3.4
1671368618.492000,45.390629,6.618197,2356.994921,195.0,3.670118,2.5,2.9
1671368621.512000,45.390528,6.618159,2364.532832,194.0,3.638626,2.5,3.2
1671368625.491000,45.390418,6.618116,2382.025655,194.0,3.596019,3.8,3.5
1671368628.503000,45.390321,6.618081,2383.861295,193.5,3.622035,2.5,3.5
1671368631.508000,45.390227,6.618051,2390.969545,194.9,3.650511,2.6,4.7
1671368634.498000,45.390128,6.618013,2396.904438,195.0,3.682971,2.5,4.3
1671368637.501000,45.390024,6.617974,2404.047775,194.0,3.695445,2.5,2.2
1671368640.504000,45.389934,6.617939,2410.987368,194.0,3.689714,2.5,2.9
1671368643.494000,45.389835,6.617902,2418.220489,195.0,3.694027,2.5,3.6
1671368646.517000,45.389731,6.617863,2425.306436,194.0,3.687023,2.5,3.9
1671368650.505000,45.389617,6.617820,2435.510028,194.0,3.660213,2.5,3.9
1671368653.497000,45.389523,6.617783,2444.338121,194.0,3.627685,2.9,3.9
1671368656.515000,45.389430,6.617741,2451.102751,195.0,3.550652,2.5,3.8
1671368660.527000,45.389314,6.617694,2461.806780,194.9,3.601193,2.5,3.4
1671368663.510000,45.389210,6.617650,2466.536513,195.0,3.687776,2.5,3.3
1671368666.519000,45.389102,6.617605,2472.412477,194.0,3.728179,2.5,3.5
1671368669.510000,45.389010,6.617569,2478.760557,194.0,3.773256,2.5,3.6
1671368672.500000,45.388906,6.617528,2485.059613,194.0,3.782192,2.5,3.6
1671368675.504000,45.388812,6.617490,2491.562576,195.0,3.783648,2.5,3.5
1671368678.503000,45.388712,6.617454,2499.489338,195.0,3.788911,2.5,3.5
1671368681.531000,45.388607,6.617416,2507.345996,193.0,3.791661,2.5,2.6
1671368684.506000,45.388517,6.617385,2513.226511,195.0,3.774040,2.5,3.0
1671368687.494000,45.388416,6.617348,2520.323812,194.0,3.762045,2.6,3.6
1671368690.520000,45.388325,6.617312,2526.678523,193.0,3.733369,2.5,3.1
1671368693.520000,45.388232,6.617276,2534.404084,195.0,3.709886,2.5,5.8
1671368696.422000,45.388145,6.617242,2541.787474,195.0,3.691819,2.5,5.9
1671368699.487000,45.388038,6.617204,2549.021027,194.9,3.785761,2.5,5.3
1671368702.501000,45.387931,6.617163,2553.246266,194.0,3.848563,2.5,3.6
1671368705.506000,45.387831,6.617125,2557.990308,193.0,3.875051,2.5,3.9
1671368708.500000,45.387727,6.617088,2566.384948,195.0,3.891076,2.9,3.3
1671368711.484000,45.387631,6.617055,2570.824437,193.0,3.889669,2.5,5.3
1671368714.499000,45.387527,6.617014,2577.405187,193.0,3.924307,2.6,6.0
1671368717.510000,45.387416,6.616969,2580.462584,193.0,3.994952,2.5,3.6
1671368720.489000,45.387312,6.616926,2584.552839,194.1,4.041759,2.5,3.8
1671368723.486000,45.387203,6.616888,2589.316365,196.0,4.063963,2.5,3.4
1671368726.514000,45.387090,6.616846,2593.403752,194.0,4.080388,2.5,3.0
1671368729.505000,45.386986,6.616811,2598.030390,194.0,4.071212,2.5,3.3
1671368732.516000,45.386859,6.616761,2601.765817,196.0,4.071547,2.5,3.9
1671368735.512000,45.386771,6.616727,2606.707151,194.0,4.086902,2.5,3.5
1671368737.506000,45.386684,6.616692,2610.520772,195.0,4.086318,2.5,3.6
1671368740.501000,45.386597,6.616660,2615.563018,194.9,4.068506,2.5,3.6
1671368742.513000,45.386509,6.616623,2618.543001,194.0,4.065640,2.6,3.0
1671368745.497000,45.386422,6.616592,2624.115300,194.0,4.051278,2.5,3.6
1671368748.502000,45.386311,6.616550,2629.454632,194.0,4.032638,2.5,3.5
1671368751.500000,45.386216,6.616513,2634.355606,194.0,4.017086,2.5,3.1
1671368754.503000,45.386106,6.616475,2639.166055,194.0,4.064238,2.5,3.5
1671368757.514000,45.385983,6.616424,2642.300455,195.0,4.086659,2.5,3.9
1671368760.506000,45.385891,6.616386,2645.570658,194.0,4.097399,2.5,3.7
1671368762.507000,45.385804,6.616356,2649.520522,195.0,4.097383,2.5,3.5
1671368765.503000,45.385712,6.616322,2654.580112,195.0,4.091835,2.5,3.3
1671368767.520000,45.385624,6.616289,2658.071438,193.0,4.089016,2.5,3.0
1671368770.498000,45.385533,6.616252,2662.891733,196.0,4.091858,2.5,3.6
1671368773.490000,45.385424,6.616211,2667.607142,194.0,4.061715,2.5,3.9
1671368776.505000,45.385336,6.616172,2673.325144,196.9,4.015335,2.5,4.0
1671368779.505000,45.385230,6.616122,2676.604046,195.0,4.032073,2.5,4.0
1671368782.505000,45.385115,6.616084,2679.877409,194.0,4.058810,2.5,4.0
1671368785.499000,45.385002,6.616045,2682.774124,195.0,4.098315,2.5,3.8
1671368788.504000,45.384892,6.616005,2685.330731,195.0,4.136741,2.5,3.2
1671368791.499000,45.384780,6.615964,2688.430869,194.0,4.168303,2.5,3.5
1671368794.496000,45.384669,6.615925,2691.306976,194.0,4.184494,2.5,3.6
1671368797.492000,45.384557,6.615882,2694.638344,195.0,4.194487,2.5,3.6
1671368800.497000,45.384461,6.615839,2698.650651,195.7,4.187102,2.6,3.9
1671368803.521000,45.384344,6.615791,2700.655628,194.0,4.190580,2.5,3.8
1671368806.519000,45.384231,6.615749,2704.080689,194.0,4.199940,2.5,3.5
1671368809.507000,45.384122,6.615711,2707.661234,195.0,4.206053,2.5,3.8
1671368812.512000,45.384015,6.615672,2710.975666,195.0,4.198905,2.5,3.8
1671368815.509000,45.383916,6.615636,2714.765454,195.0,4.179077,2.5,3.6
1671368818.513000,45.383808,6.615595,2718.795067,192.0,4.162217,2.5,3.6
1671368821.523000,45.383697,6.615554,2722.208876,194.0,4.200554,2.5,3.9
1671368824.518000,45.383588,6.615509,2724.269029,194.0,4.228443,2.5,3.6
1671368827.518000,45.383477,6.615466,2724.634236,193.0,4.248973,2.5,3.4
1671368830.500000,45.383363,6.615422,2723.404249,195.0,4.269613,2.5,3.7
1671368833.493000,45.383250,6.615379,2725.076698,194.0,4.277233,2.5,3.9
1671368836.520000,45.383135,6.615337,2728.732449,194.0,4.288661,2.5,3.7
1671368839.492000,45.383018,6.615296,2730.282253,194.0,4.302967,2.5,3.5
1671368842.511000,45.382902,6.615257,2730.334499,195.0,4.305617,2.5,3.3
1671368844.947000,45.382814,6.615224,2734.254127,194.0,4.309686,2.5,4.6
1671368847.499000,45.382716,6.615190,2736.623388,194.0,4.317380,2.5,4.5
1671368849.974000,45.382624,6.615156,2735.329782,194.0,4.323866,2.6,4.3
1671368852.502000,45.382534,6.615120,2736.361479,197.0,4.284110,2.5,4.0
1671368856.518000,45.382427,6.615084,2735.597958,190.2,3.811624,2.5,4.4
1671368876.509000,45.382372,6.615013,2733.697746,186.0,0.000000,2.6,4.1
1671368876.509000,45.382372,6.615013,2733.697746,186.0,0.000000,2.6,4.1
1671368882.516000,45.382364,6.614990,2733.556291,270.9,0.300850,2.5,4.3
1671368905.522000,45.382312,6.615099,2731.122745,101.0,0.795965,2.5,5.2
1671368973.206000,45.382256,6.615204,2728.495256,207.1,1.391306,2.4,3.9
1671368977.248000,45.382152,6.615215,2728.206051,196.9,1.532501,2.5,5.5
1671368985.527000,45.382060,6.615175,2726.803968,206.7,1.409169,2.6,4.6
1671368988.526000,45.381992,6.615058,2725.866573,226.6,1.879269,2.4,5.3
1671368990.806000,45.381919,6.614941,2725.241025,226.7,2.522384,2.4,5.9
1671368993.205000,45.381857,6.614836,2722.904455,227.7,2.965588,2.4,5.8
1671368996.205000,45.381794,6.614689,2721.741409,236.9,3.350833,2.4,5.7
1671368999.500000,45.381744,6.614556,2723.181655,242.6,3.371369,2.4,5.4
1671369002.506000,45.381696,6.614412,2719.004958,244.0,3.607501,2.4,3.5
1671369005.249000,45.381642,6.614255,2719.248721,244.1,3.902681,2.4,4.9
1671369007.529000,45.381598,6.614113,2716.028798,246.3,4.458206,2.4,6.0
1671369010.371000,45.381560,6.613962,2715.691587,249.8,4.050902,2.4,6.9
1671369014.354000,45.381533,6.613832,2715.911847,250.4,2.570974,2.4,7.0
1671369018.394000,45.381508,6.613672,2714.557390,257.8,3.526543,2.4,7.0
1671369020.762000,45.381490,6.613527,2713.636787,258.9,4.592352,2.4,6.9
1671369023.517000,45.381468,6.613343,2711.689849,260.5,5.001759,2.4,6.3
1671369026.392000,45.381459,6.613165,2711.140857,264.0,4.993143,2.4,6.3
1671369029.395000,45.381459,6.612983,2710.096181,266.3,4.645949,2.4,8.1
1671369032.395000,45.381450,6.612818,2709.161589,264.4,4.213454,2.4,8.7
1671369035.315000,45.381432,6.612682,2708.710025,259.1,3.780411,2.4,7.7
1671369038.794000,45.381409,6.612535,2703.593190,257.0,3.305100,2.4,6.3
1671369042.394000,45.381381,6.612392,2705.282777,253.7,3.570362,2.4,6.7
1671369045.315000,45.381352,6.612255,2705.273138,251.1,3.775325,2.4,7.1
1671369048.156000,45.381296,6.612114,2704.069411,241.1,4.144250,2.4,6.9
1671369051.156000,45.381224,6.611972,2701.790731,238.0,4.371968,2.4,6.9
1671369053.501000,45.381163,6.611871,2701.574125,230.1,5.399094,2.4,6.6
1671369055.503000,45.381101,6.611751,2701.193818,234.9,5.617529,2.4,5.8
1671369057.499000,45.381047,6.611631,2700.902359,236.7,5.536313,2.4,4.5
1671369059.506000,45.380995,6.611510,2698.755114,236.0,5.231699,2.4,4.0
1671369061.503000,45.380939,6.611406,2698.539357,232.3,5.232145,2.4,4.5
1671369064.473000,45.380872,6.611294,2696.832924,226.7,4.201273,2.4,5.9
1671369066.508000,45.380809,6.611201,2693.464130,224.0,4.803561,2.4,6.8
1671369068.507000,45.380735,6.611102,2681.700216,221.0,5.309911,2.4,6.2
1671369070.495000,45.380663,6.611014,2692.233023,220.0,5.628585,2.4,5.1
1671369072.499000,45.380582,6.610922,2694.336191,216.0,5.884548,2.4,4.0
1671369074.504000,45.380491,6.610832,2692.983883,214.0,5.846737,2.4,4.0
1671369076.498000,45.380410,6.610746,2692.069394,216.0,5.501265,2.4,4.0
1671369078.509000,45.380318,6.610670,2690.601225,210.0,5.077667,2.4,4.0
1671369081.513000,45.380210,6.610585,2690.185273,210.0,4.383515,2.4,4.8
1671369084.506000,45.380101,6.610511,2689.954158,204.0,4.982327,2.4,5.3
1671369086.501000,45.380010,6.610454,2689.300023,203.0,5.775232,2.4,4.9
1671369088.501000,45.379913,6.610384,2687.347050,207.0,6.040621,2.4,4.0
1671369090.505000,45.379815,6.610319,2685.648290,202.1,6.068547,2.4,4.0
1671369092.511000,45.379707,6.610253,2684.989299,204.9,6.549300,2.4,4.0
1671369094.506000,45.379601,6.610169,2670.179243,209.7,6.729021,2.4,4.0
1671369096.502000,45.379502,6.610081,2664.106034,212.0,6.688951,2.4,4.0
1671369098.500000,45.379410,6.609990,2669.920675,216.0,6.096103,2.4,4.0
1671369100.512000,45.379323,6.609891,2681.029643,218.9,6.121880,2.4,4.0
1671369102.505000,45.379246,6.609792,2680.499042,222.4,5.711113,2.4,4.0
1671369104.503000,45.379180,6.609695,2679.556085,222.4,5.599799,2.4,4.0
1671369106.503000,45.379068,6.609611,2675.612458,206.0,7.787530,2.4,4.0
1671369108.497000,45.378939,6.609528,2671.343500,196.3,8.572413,2.4,4.0
1671369110.513000,45.378781,6.609465,2667.533136,195.2,10.533400,2.4,4.4
1671369111.500000,45.378684,6.609430,2663.773148,192.6,11.824638,2.4,4.7
1671369112.503000,45.378572,6.609398,2658.733311,191.3,12.697199,2.4,5.2
1671369113.509000,45.378451,6.609365,2655.571571,191.0,13.522313,2.4,5.6
1671369114.502000,45.378324,6.609328,2655.317623,197.0,13.044864,2.4,6.0
1671369115.504000,45.378208,6.609261,2653.712180,211.0,12.626104,2.4,6.0
1671369116.504000,45.378109,6.609168,2650.921454,220.9,12.486323,2.4,6.0
1671369117.517000,45.378026,6.609052,2647.113071,227.7,12.240952,2.4,6.0
1671369118.523000,45.377944,6.608936,2643.931441,222.3,12.370724,2.4,5.6
1671369119.515000,45.377857,6.608830,2639.977489,221.2,11.870158,2.4,5.2
1671369120.513000,45.377777,6.608724,2638.054517,221.8,11.735974,2.4,4.8
1671369121.495000,45.377706,6.608613,2626.531812,224.3,11.727196,2.4,4.7
1671369122.511000,45.377648,6.608497,2625.339498,232.3,10.655490,2.4,4.3
1671369123.519000,45.377597,6.608386,2624.405219,233.0,10.116694,2.4,4.0
1671369125.494000,45.377493,6.608198,2618.213184,228.1,9.304376,2.4,4.0
1671369127.501000,45.377382,6.608040,2620.053684,225.0,8.573660,2.4,4.0
1671369129.502000,45.377275,6.607892,2629.298845,223.0,8.264771,2.4,4.0
1671369131.505000,45.377168,6.607751,2630.837163,223.0,7.993902,2.4,4.0
1671369133.521000,45.377062,6.607619,2615.430790,218.3,7.810507,2.4,4.0
1671369135.504000,45.376946,6.607514,2615.181085,209.3,7.689620,2.4,4.0
1671369137.503000,45.376821,6.607425,2613.003202,206.2,7.922044,2.4,4.0
1671369139.497000,45.376683,6.607332,2619.690534,204.9,9.124889,2.4,4.0
1671369141.512000,45.376513,6.607254,2617.979153,192.8,10.765210,2.4,4.0
1671369142.506000,45.376416,6.607215,2616.392846,195.3,10.909155,2.4,4.0
1671369143.497000,45.376321,6.607160,2615.346880,204.3,10.873008,2.4,4.0
1671369144.504000,45.376240,6.607074,2612.202294,215.6,10.981412,2.4,4.0
1671369145.499000,45.376178,6.606967,2599.792048,216.9,10.588220,2.4,4.0
1671369146.513000,45.376102,6.606893,2603.477384,200.8,10.603932,2.4,4.4
1671369147.495000,45.376016,6.606844,2598.997869,199.0,10.926037,2.4,4.7
1671369148.493000,45.375928,6.606794,2588.943733,207.4,10.527955,2.5,5.0
1671369149.513000,45.375852,6.606710,2592.010187,225.0,11.183670,2.4,5.6
1671369151.512000,45.375792,6.606474,2569.885945,244.5,10.478484,2.4,6.3
1671369152.491000,45.375741,6.606340,2565.310493,234.0,12.925904,2.4,6.7
1671369153.497000,45.375679,6.606199,2554.495772,235.3,13.147611,2.4,7.2
1671369154.504000,45.375625,6.606041,2552.034411,241.5,14.685864,2.4,7.3
1671369155.507000,45.375628,6.605886,2544.863599,269.7,11.219003,2.4,8.8
1671369156.487000,45.375644,6.605738,2543.258193,272.4,11.054056,2.4,9.3
1671369157.496000,45.375671,6.605594,2538.853500,272.9,10.221447,2.4,9.6
1671369158.490000,45.375676,6.605459,2542.709814,262.2,10.457351,2.6,9.3
1671369159.503000,45.375675,6.605320,2538.919992,270.5,10.897764,2.9,9.3
1671369160.497000,45.375686,6.605186,2523.451395,283.9,9.845464,2.4,10.0
1671369162.493000,45.375755,6.604996,2514.027153,297.3,8.158630,2.4,8.7
1671369164.497000,45.375808,6.604817,2509.128726,288.2,8.152683,2.4,8.7
1671369166.499000,45.375922,6.604655,2503.898994,317.9,9.250010,2.4,8.0
1671369167.502000,45.376000,6.604554,2502.176681,312.1,11.304846,2.4,8.0
1671369168.498000,45.376082,6.604437,2506.769379,312.5,11.904272,2.6,8.0
1671369169.501000,45.376174,6.604313,2503.715548,317.8,12.531706,2.6,8.0
1671369170.497000,45.376282,6.604219,2501.819477,330.6,12.932981,2.4,8.0
1671369171.503000,45.376402,6.604152,2504.722195,336.2,12.900670,2.4,7.6
1671369172.497000,45.376516,6.604104,2496.876204,335.5,11.904683,2.5,7.3
1671369173.497000,45.376613,6.604043,2494.844774,326.5,11.066510,2.5,7.0
1671369174.503000,45.376683,6.603955,2492.950554,317.8,10.643255,2.6,6.4
1671369176.511000,45.376772,6.603797,2488.542534,320.3,7.614894,2.4,6.0
1671369178.498000,45.376865,6.603676,2487.268175,319.0,7.842078,2.4,6.0
1671369180.498000,45.376901,6.603466,2472.977932,271.3,8.776629,2.4,5.3
1671369182.492000,45.376910,6.603234,2462.854339,292.7,7.738891,2.4,5.3
1671369184.506000,45.376991,6.603045,2460.165757,302.3,8.237624,2.4,5.6
1671369186.496000,45.377009,6.602831,2463.287581,267.2,8.248353,2.4,6.0
1671369188.515000,45.376925,6.602640,2456.545914,234.4,7.553791,2.4,6.0
1671369190.498000,45.376841,6.602456,2442.281766,256.0,9.114391,2.4,5.3
1671369192.513000,45.376874,6.602255,2444.454366,288.0,6.631057,2.4,4.7
1671369194.504000,45.376911,6.602125,2429.767391,290.0,5.861987,2.4,4.0
1671369196.508000,45.376943,6.601978,2438.816577,284.9,5.113855,2.5,4.8
1671369198.501000,45.376913,6.601846,2432.652678,239.1,5.293289,2.5,5.6
1671369200.502000,45.376858,6.601708,2428.772622,265.7,6.646640,2.5,6.0
1671369202.499000,45.376875,6.601522,2421.319012,288.0,6.598166,2.4,6.0
1671369204.507000,45.376891,6.601337,2414.735962,263.9,8.496984,2.4,6.0
1671369206.515000,45.376877,6.601100,2407.310646,281.8,9.684447,2.4,6.0
1671369208.501000,45.376922,6.600898,2387.133574,296.0,6.729825,2.4,6.0
1671369210.503000,45.376968,6.600723,2377.790864,269.2,8.662803,2.4,6.0
1671369212.509000,45.376976,6.600466,2372.095088,293.7,9.014786,2.4,6.8
1671369214.501000,45.377038,6.600303,2368.834402,310.8,5.504203,2.4,7.3
1671369216.497000,45.377131,6.600163,2375.929556,315.2,9.929774,2.5,8.0
1671369217.501000,45.377205,6.600074,2374.265144,329.7,9.159509,2.4,8.0
1671369219.492000,45.377344,6.599957,2353.423917,317.5,8.384560,2.4,7.7
1671369221.495000,45.377442,6.599826,2360.549725,345.0,7.011707,2.4,7.0
1671369223.501000,45.377581,6.599770,2340.010196,329.5,9.999914,2.4,6.0
1671369224.503000,45.377665,6.599704,2336.980243,336.9,9.271155,2.4,6.0
1671369226.507000,45.377814,6.599671,2342.980631,355.0,6.102815,2.6,6.0
1671369228.508000,45.377910,6.599673,2341.162482,334.3,5.794966,2.4,6.0
1671369230.507000,45.378022,6.599599,2338.309738,336.7,7.384540,2.5,6.0
1671369232.498000,45.378147,6.599561,2330.758471,16.5,5.910215,2.4,6.0
1671369234.499000,45.378267,6.599623,2326.146422,18.0,7.033381,2.4,6.0
1671369236.503000,45.378397,6.599656,2311.995906,340.2,6.754808,2.4,6.0
1671369238.496000,45.378508,6.599591,2302.192740,337.0,6.005091,2.4,6.0
1671369240.503000,45.378600,6.599523,2293.549679,330.1,4.818751,2.4,5.2
1671369243.499000,45.378706,6.599409,2290.600904,348.5,6.670133,2.4,4.3
1671369245.511000,45.378835,6.599383,2285.214069,322.4,7.109318,2.4,5.0
1671369247.497000,45.378917,6.599234,2279.617469,272.6,5.888597,2.4,6.0
1671369249.503000,45.378922,6.599058,2285.273728,278.6,8.377260,2.5,6.0
1671369251.494000,45.378977,6.598796,2267.923594,291.4,12.032094,2.4,6.7
1671369252.500000,45.379025,6.598622,2261.291378,286.2,14.993121,2.4,7.2
1671369253.496000,45.379070,6.598429,2257.708257,292.3,15.156917,2.4,7.3
1671369254.492000,45.379132,6.598238,2262.736009,301.8,14.942375,2.4,7.7
1671369255.502000,45.379213,6.598060,2264.124356,308.0,14.336777,2.6,8.0
1671369256.497000,45.379295,6.597904,2261.731264,297.1,12.918395,2.6,8.0
1671369257.501000,45.379341,6.597746,2259.732777,284.4,10.247615,2.4,8.0
1671369259.506000,45.379350,6.597527,2254.830439,277.8,7.446877,2.4,7.2
1671369261.497000,45.379379,6.597322,2251.685703,283.5,8.620931,2.4,6.7
1671369263.501000,45.379398,6.597137,2250.194165,286.9,6.076153,2.5,5.3
1671369267.489000,45.379424,6.597013,2238.637006,270.0,2.695400,2.4,4.2
1671369270.519000,45.379412,6.596850,2236.960511,266.9,6.526831,2.4,4.3
1671369272.499000,45.379457,6.596696,2234.374030,310.9,4.436102,2.4,4.0
1671369275.493000,45.379514,6.596596,2232.603890,286.0,6.529025,2.4,5.1
1671369277.512000,45.379566,6.596400,2229.195907,294.0,6.856964,2.4,5.3
1671369279.498000,45.379622,6.596167,2223.811600,285.0,11.006996,2.4,4.5
1671369280.496000,45.379650,6.596024,2220.256741,301.9,11.415667,2.4,4.4
1671369281.495000,45.379710,6.595895,2214.745205,303.0,12.248463,2.4,4.7
1671369282.505000,45.379771,6.595756,2212.247074,284.9,13.431256,2.4,5.0
1671369283.497000,45.379802,6.595580,2212.806965,287.9,14.420399,2.4,5.6
1671369284.487000,45.379843,6.595413,2212.029354,296.7,11.990126,2.7,5.7
1671369285.508000,45.379893,6.595282,2207.465261,293.0,11.477400,2.4,6.0
1671369286.507000,45.379929,6.595156,2206.291866,278.4,10.727655,2.5,6.0
1671369288.517000,45.379904,6.594918,2197.541122,239.7,9.531546,2.4,6.0
1671369290.499000,45.379805,6.594721,2191.405724,226.2,8.358017,2.5,6.0
1671369292.495000,45.379706,6.594503,2185.997982,245.0,10.693042,2.4,6.3
1671369293.490000,45.379662,6.594364,2172.088214,246.6,11.866487,2.4,6.7
1671369294.505000,45.379611,6.594204,2167.958539,245.4,12.785563,2.4,7.2
1671369295.500000,45.379551,6.594037,2160.791708,243.5,13.673021,2.4,7.6
1671369296.512000,45.379480,6.593871,2150.907951,238.8,13.910424,2.4,8.0
1671369297.501000,45.379397,6.593723,2147.639972,233.5,14.120317,2.4,8.0
1671369298.506000,45.379295,6.593601,2145.061454,222.9,14.723536,2.4,8.8
1671369299.507000,45.379173,6.593529,2146.047048,210.2,15.024508,2.4,9.6
1671369300.499000,45.379047,6.593576,2143.285199,179.0,13.770449,2.4,10.0
1671369301.506000,45.378917,6.593588,2140.900246,178.8,13.736311,2.4,10.7
1671369302.504000,45.378791,6.593615,2139.594587,177.1,12.859185,2.4,11.2
1671369303.495000,45.378671,6.593640,2150.154524,176.3,12.723090,2.5,10.7
1671369304.500000,45.378550,6.593668,2136.050610,175.3,12.624141,2.4,10.0
1671369305.502000,45.378429,6.593698,2133.680055,173.1,12.532918,2.4,8.8
1671369306.500000,45.378310,6.593731,2144.813611,173.1,12.021997,2.5,8.7
1671369307.499000,45.378195,6.593762,2130.729474,173.0,11.575840,2.4,8.0
1671369308.506000,45.378076,6.593794,2128.661643,173.0,11.807422,2.4,8.0
1671369309.499000,45.377956,6.593827,2126.709731,174.1,11.387691,2.4,8.0
1671369310.498000,45.377842,6.593853,2126.603826,177.7,10.867740,2.4,8.0
1671369311.506000,45.377732,6.593866,2128.148146,180.2,10.771563,2.4,8.0
1671369312.497000,45.377625,6.593875,2132.210776,180.0,10.794917,2.5,8.0
1671369313.496000,45.377518,6.593883,2133.619083,180.0,11.011740,2.7,8.0
1671369314.498000,45.377411,6.593890,2132.776189,180.0,11.061386,2.4,8.0
1671369315.495000,45.377304,6.593896,2130.872326,180.0,11.348468,2.5,8.0
1671369316.500000,45.377194,6.593902,2128.565891,180.0,11.479658,2.4,8.0
1671369317.494000,45.377083,6.593906,2120.266935,179.1,11.955780,2.4,8.0
1671369318.497000,45.376971,6.593911,2123.945673,179.0,11.753469,2.5,8.0
1671369319.506000,45.376861,6.593916,2120.883468,179.0,11.732561,2.5,8.0
1671369320.487000,45.376755,6.593920,2119.724364,179.0,11.607174,2.4,8.0
1671369321.501000,45.376649,6.593925,2118.811768,179.9,10.833570,2.4,8.0
1671369322.495000,45.376554,6.593926,2107.151817,181.7,10.321637,2.4,8.0
1671369323.495000,45.376462,6.593925,2105.006604,181.0,10.387280,2.4,8.0
1671369324.494000,45.376370,6.593924,2104.457727,182.0,10.422237,2.4,8.0
1671369325.499000,45.376275,6.593921,2098.295648,181.3,10.447870,2.4,7.6
1671369326.498000,45.376182,6.593918,2096.659951,181.1,10.471896,2.4,7.3
1671369327.504000,45.376084,6.593916,2093.072451,181.0,11.218088,2.4,6.8
1671369328.494000,45.375983,6.593914,2095.943077,180.1,11.036786,2.4,6.7
1671369329.495000,45.375884,6.593912,2093.826192,180.0,10.911997,2.4,6.0
1671369330.493000,45.375785,6.593910,2094.569688,181.5,10.853401,2.4,6.0
1671369331.499000,45.375682,6.593885,2093.161686,190.4,11.539905,2.4,6.0
1671369332.502000,45.375575,6.593847,2091.418589,196.4,12.022821,2.4,6.0
1671369333.508000,45.375468,6.593797,2090.516761,196.5,12.020755,2.4,6.0
1671369334.495000,45.375366,6.593732,2087.201102,206.0,12.208849,2.4,6.0
1671369335.498000,45.375264,6.593658,2098.797729,204.1,12.573962,2.5,6.0
1671369336.490000,45.375154,6.593590,2082.172116,202.4,12.911673,2.4,6.0
1671369337.500000,45.375038,6.593520,2078.874853,204.3,12.816098,2.4,6.0
1671369338.492000,45.374935,6.593432,2078.261137,217.9,12.577888,2.4,6.0
1671369339.498000,45.374842,6.593328,2076.303801,216.4,12.566109,2.4,6.0
1671369340.505000,45.374748,6.593241,2075.733422,213.2,12.717202,2.4,6.0
1671369341.510000,45.374649,6.593166,2077.493079,210.4,12.583301,2.5,6.4
1671369342.498000,45.374548,6.593084,2078.944419,213.1,13.239039,2.7,6.7
1671369343.494000,45.374443,6.592991,2075.625008,210.4,13.933687,2.4,7.2
1671369344.493000,45.374332,6.592900,2070.696112,208.9,14.293559,2.5,7.3
1671369345.511000,45.374214,6.592813,2066.185635,204.7,14.575306,2.4,8.0
1671369346.495000,45.374095,6.592730,2057.447922,205.6,14.481416,2.4,8.0
1671369347.496000,45.373980,6.592620,2059.670911,219.6,15.101912,2.5,8.0
1671369348.496000,45.373871,6.592496,2056.462648,218.5,14.936014,2.5,8.0
1671369349.494000,45.373762,6.592377,2050.408163,214.9,15.173585,2.5,8.0
1671369350.502000,45.373645,6.592268,2037.961761,209.0,15.383085,2.4,8.0
1671369351.495000,45.373523,6.592169,2031.015559,210.3,15.157866,2.4,8.0
1671369352.499000,45.373407,6.592069,2027.531067,211.1,14.830719,2.4,8.0
1671369353.496000,45.373301,6.591964,2026.550356,213.3,14.627718,2.4,8.0
1671369354.501000,45.373216,6.591842,2017.561389,220.4,13.323425,2.4,8.0
1671369355.492000,45.373134,6.591726,2015.305784,220.3,12.987218,2.4,8.0
1671369356.490000,45.373050,6.591625,2012.841144,215.2,12.411486,2.4,8.0
1671369357.494000,45.372956,6.591539,2015.209897,210.0,12.803239,2.4,8.0
1671369358.491000,45.372853,6.591473,2014.334634,201.5,12.848707,2.4,8.0
1671369359.482000,45.372748,6.591430,2012.901257,199.4,12.378319,2.4,8.0
1671369360.492000,45.372646,6.591388,2010.676573,205.9,12.230730,2.4,8.0
1671369361.499000,45.372548,6.591328,2008.717292,206.9,12.777040,2.4,8.0
1671369362.523000,45.372443,6.591266,2005.833961,205.1,12.397678,2.4,8.0
1671369363.497000,45.372344,6.591215,2002.596224,202.1,11.985215,2.4,8.0
1671369364.504000,45.372242,6.591171,2000.213822,199.1,11.260066,2.4,8.0
1671369365.485000,45.372142,6.591133,1997.726495,199.0,11.443694,2.4,7.7
1671369366.512000,45.372036,6.591086,1994.774589,202.0,11.755956,2.4,7.2
1671369367.493000,45.371940,6.591028,1993.846079,205.6,10.817334,2.4,7.0
1671369368.496000,45.371847,6.590968,1994.184781,206.0,10.873686,2.4,6.7
1671369369.487000,45.371755,6.590910,1996.013983,204.2,11.008418,2.4,6.3
1671369370.496000,45.371656,6.590858,1999.242798,195.1,11.360876,2.5,6.0
1671369371.492000,45.371550,6.590823,1999.013700,193.0,11.261667,2.4,6.0
1671369372.508000,45.371446,6.590795,1999.570519,196.7,10.698736,2.5,6.0
1671369373.503000,45.371360,6.590758,1990.618840,204.7,8.718861,2.5,6.4
1671369375.508000,45.371273,6.590644,1990.665755,251.6,6.862972,2.4,7.2
1671369377.510000,45.371214,6.590459,1992.055666,231.1,9.194653,2.4,8.0
1671369378.504000,45.371157,6.590353,1988.937659,227.4,10.539387,2.4,8.0
1671369379.493000,45.371088,6.590244,1985.958908,219.3,10.924385,2.4,8.0
1671369380.499000,45.371000,6.590152,1972.348024,210.1,11.789828,2.4,8.0
1671369381.500000,45.370902,6.590073,1970.742426,226.1,11.465215,2.4,8.0
1671369382.499000,45.370834,6.589967,1963.564580,245.3,10.070299,2.4,8.0
1671369383.497000,45.370800,6.589842,1958.644416,262.2,10.420237,2.4,8.0
1671369384.507000,45.370789,6.589698,1954.377334,261.0,11.384668,2.4,8.0
1671369385.500000,45.370772,6.589539,1955.074632,267.9,13.263378,2.4,8.0
1671369386.495000,45.370769,6.589364,1951.157848,276.7,13.319101,2.4,8.0
1671369387.485000,45.370784,6.589208,1945.449260,281.0,11.170941,2.4,8.0
1671369388.500000,45.370806,6.589078,1936.311686,286.5,9.925172,2.4,8.8
1671369390.498000,45.370885,6.588882,1927.063143,320.6,8.997770,2.4,10.0
1671369392.497000,45.371016,6.588759,1920.270153,326.6,8.321451,2.4,10.4
1671369394.494000,45.371150,6.588678,1914.113356,337.9,7.389942,2.4,9.3
1671369396.497000,45.371309,6.588595,1911.799076,335.4,8.936440,2.4,8.0
1671369397.488000,45.371407,6.588546,1910.674590,342.7,10.640003,2.4,8.0
1671369398.492000,45.371517,6.588508,1910.139740,348.1,11.367878,2.4,8.0
1671369399.498000,45.371642,6.588478,1912.675795,354.6,11.218404,2.5,7.6
1671369400.502000,45.371758,6.588466,1906.462442,353.2,10.312069,2.5,7.2
1671369401.496000,45.371855,6.588446,1911.552508,351.9,10.107255,2.5,7.0
1671369403.501000,45.371988,6.588315,1899.735216,334.8,8.240975,2.4,6.0
1671369405.510000,45.372143,6.588186,1901.014456,333.7,9.211181,2.5,6.0
1671369407.483000,45.372232,6.588062,1895.856561,320.7,6.537929,2.4,6.0
1671369409.489000,45.372328,6.587922,1881.289525,323.5,8.021029,2.4,6.0
1671369411.491000,45.372431,6.587784,1871.150935,315.4,6.739997,2.4,6.0
1671369413.500000,45.372489,6.587674,1865.726431,306.5,5.439573,2.4,6.0
1671369415.496000,45.372555,6.587520,1866.032472,303.7,8.225265,2.4,6.0
1671369417.503000,45.372629,6.587329,1858.180703,291.3,8.801775,2.4,6.0
1671369419.499000,45.372642,6.587071,1849.147419,270.2,10.405857,2.4,6.0
1671369420.499000,45.372634,6.586916,1842.902654,266.1,12.268165,2.4,6.0
1671369421.501000,45.372615,6.586742,1839.191856,257.8,13.050027,2.4,6.0
1671369422.499000,45.372586,6.586564,1834.241310,257.4,13.255795,2.4,6.0
1671369423.487000,45.372562,6.586393,1830.226307,260.4,13.110130,2.4,6.0
1671369424.504000,45.372539,6.586215,1826.198288,253.2,13.771093,2.4,6.0
1671369425.496000,45.372504,6.586041,1821.884813,253.8,14.367201,2.4,6.0
1671369426.503000,45.372471,6.585863,1822.240249,261.1,14.108365,2.4,6.0
1671369427.497000,45.372459,6.585691,1818.591717,263.0,14.001091,2.5,6.0
1671369428.496000,45.372444,6.585519,1816.408573,270.9,13.783351,2.5,6.0
1671369429.501000,45.372449,6.585353,1817.900573,267.0,12.517632,2.4,6.0
1671369430.494000,45.372445,6.585201,1811.700995,258.9,11.255502,2.5,6.3
1671369431.487000,45.372425,6.585057,1797.690747,264.8,11.470668,2.5,6.7
1671369432.495000,45.372414,6.584906,1798.550860,286.4,12.196669,2.4,7.0
1671369433.491000,45.372453,6.584764,1797.956620,325.5,12.109206,2.4,7.3
1671369434.498000,45.372556,6.584671,1794.124585,325.0,12.560291,2.4,7.3
1671369435.505000,45.372659,6.584569,1790.427236,307.2,12.608478,2.5,7.2
1671369436.502000,45.372726,6.584419,1789.150779,283.4,13.070319,2.6,6.8
1671369437.512000,45.372754,6.584241,1779.637793,285.9,13.529566,2.4,6.4
1671369438.493000,45.372786,6.584068,1776.968298,280.2,14.389380,2.4,6.0
1671369439.508000,45.372806,6.583877,1766.079006,281.0,15.091660,2.4,6.0
1671369440.511000,45.372824,6.583682,1761.353427,273.1,14.439447,2.4,6.0
1671369441.506000,45.372822,6.583501,1759.561592,266.3,12.428559,2.4,6.0
1671369442.494000,45.372794,6.583350,1753.617484,243.5,8.753602,2.4,6.0
1671369444.498000,45.372716,6.583213,1749.712266,233.5,4.973748,2.4,6.0
1671369447.500000,45.372624,6.583033,1744.852595,253.3,8.041910,2.4,6.0
1671369449.493000,45.372627,6.582821,1737.681912,296.1,9.479640,2.4,6.0
1671369451.503000,45.372688,6.582576,1732.144242,273.4,10.293180,2.4,6.0
1671369452.497000,45.372688,6.582433,1728.179908,261.8,9.807884,2.4,6.0
1671369453.499000,45.372667,6.582300,1724.916989,272.3,10.153903,2.4,6.0
1671369454.497000,45.372668,6.582170,1722.074285,287.2,11.537160,2.4,6.4
1671369455.496000,45.372698,6.582028,1719.760994,272.0,10.500466,2.4,6.8
1671369457.498000,45.372689,6.581812,1717.701482,266.3,6.654072,2.5,7.6
1671369459.491000,45.372669,6.581636,1709.284864,264.1,8.575061,2.5,7.7
1671369461.500000,45.372612,6.581389,1705.562562,246.7,10.029318,2.5,7.7
1671369463.493000,45.372503,6.581209,1705.734762,225.2,9.361747,2.5,7.3
1671369465.494000,45.372359,6.581156,1699.328452,199.9,6.923067,2.4,6.8
1671369467.495000,45.372239,6.581129,1695.492020,200.0,5.710486,2.4,6.3
1671369469.490000,45.372125,6.581090,1688.875477,201.7,6.238353,2.4,6.0
1671369471.496000,45.372008,6.581048,1692.863229,200.1,5.795432,2.4,6.0
1671369473.483000,45.371902,6.581020,1693.110796,191.9,5.161624,2.4,6.0
1671369476.495000,45.371787,6.581011,1693.157378,191.4,3.680275,2.4,6.0
1671369479.503000,45.371685,6.581000,1690.975385,189.9,3.471410,2.4,5.8
1671369482.692000,45.371582,6.580977,1691.379609,201.3,2.586703,2.4,5.9
1671369486.172000,45.371469,6.580939,1704.666388,199.5,2.955706,2.5,6.8
1671369490.292000,45.371378,6.580906,1702.959700,184.0,2.020880,2.6,6.8
1671369497.294000,45.371286,6.580904,1687.789351,181.9,0.972523,2.6,6.4
1671369534.408000,45.371197,6.580935,1713.300803,-1.0,0.015975,2.6,7.3
1671369567.246000,45.371145,6.580827,1713.668805,235.9,0.903419,2.7,12.8
1671369577.344000,45.371087,6.581021,1712.807233,103.3,3.095445,2.6,110.0
1671369582.374000,45.371067,6.581402,1712.114358,96.3,4.866008,2.6,98.4
1671369587.420000,45.371042,6.581619,1708.291003,97.8,4.277020,2.5,101.9
1671369592.419000,45.370911,6.582038,1707.920951,106.4,5.292011,2.5,64.1
1671369597.466000,45.370975,6.581891,1705.991246,89.0,1.544421,2.8,60.7
1671369602.535000,45.371228,6.581398,1713.562960,315.6,3.401641,2.4,42.6
1671369609.063000,45.371264,6.581272,1713.632167,270.0,0.396744,2.4,51.5
1671369611.509000,45.371241,6.581056,1712.020545,-1.0,0.012931,2.7,41.2
1671369614.497000,45.371223,6.580913,1711.415005,-1.0,0.013410,2.5,23.2
1671369626.303000,45.371256,6.580794,1712.644979,-1.0,0.046142,2.7,7.3
1671369642.771000,45.371329,6.580714,1715.883256,-1.0,0.018002,2.6,10.5
1671369657.358000,45.371309,6.580590,1722.335206,298.9,0.317013,2.7,7.9
1671369701.503000,45.371266,6.580710,1738.599976,-1.0,0.002537,1.3,9.4
1671369753.303000,45.371162,6.580743,1739.099976,174.0,1.319082,1.4,8.2
1671369755.508000,45.371054,6.580748,1739.099976,183.9,4.481757,1.3,6.8
1671369758.498000,45.370926,6.580762,1739.099976,182.7,4.493156,1.4,5.8
1671369761.508000,45.370803,6.580745,1742.393631,184.7,3.931216,1.3,7.4
1671369764.505000,45.370675,6.580720,1746.361366,185.1,4.325931,1.5,10.1
1671369767.503000,45.370547,6.580698,1752.481503,185.6,4.283341,1.5,10.3
1671369770.483000,45.370427,6.580684,1758.519078,185.3,4.170973,1.7,9.6
1671369773.506000,45.370316,6.580674,1764.727001,184.5,4.065284,1.6,9.6
1671369776.498000,45.370204,6.580664,1770.546588,183.9,4.155663,1.6,10.2
1671369779.501000,45.370086,6.580650,1773.251125,184.6,4.220940,1.6,8.4
1671369782.502000,45.369968,6.580638,1776.741979,185.0,4.333123,1.7,5.7
1671369785.500000,45.369851,6.580623,1780.668241,184.0,4.336353,1.7,4.8
1671369788.505000,45.369737,6.580608,1784.491721,184.0,4.253574,1.7,4.4
1671369790.973000,45.369646,6.580599,1788.856647,184.0,4.431450,1.3,5.1
1671369793.508000,45.369545,6.580587,1791.396631,184.0,4.343627,1.4,4.8
1671369796.521000,45.369434,6.580574,1795.764055,185.0,4.226927,1.4,4.8
1671369799.498000,45.369318,6.580560,1799.697429,184.0,4.295249,1.6,5.0
1671369802.500000,45.369205,6.580544,1804.640485,183.0,4.268616,1.4,4.7
1671369805.507000,45.369090,6.580531,1810.086161,185.0,4.161681,1.4,4.5
1671369808.500000,45.368972,6.580518,1814.436406,184.0,4.588715,1.4,4.4
1671369811.026000,45.368878,6.580507,1816.654575,184.0,4.347947,1.3,4.5
1671369813.502000,45.368778,6.580495,1819.049223,185.0,4.210625,1.3,4.5
1671369816.038000,45.368684,6.580484,1821.425450,183.0,4.394403,1.3,4.5
1671369818.496000,45.368581,6.580470,1824.233461,185.0,4.518514,1.3,4.5
1671369821.512000,45.368472,6.580458,1827.932586,185.0,4.319164,1.5,4.6
1671369824.493000,45.368346,6.580443,1831.828263,184.0,4.351038,1.6,4.5
1671369827.496000,45.368224,6.580427,1834.576873,184.0,4.388452,1.4,4.2
1671369830.486000,45.368104,6.580411,1836.389275,185.0,4.381714,1.4,4.2
1671369833.510000,45.367982,6.580396,1839.090000,185.0,4.384607,1.4,4.2
1671369836.144000,45.367880,6.580384,1841.544902,184.0,4.396643,1.4,4.2
1671369838.500000,45.367780,6.580374,1843.910077,184.0,4.406356,1.4,3.9
1671369841.154000,45.367680,6.580360,1846.633617,184.0,4.412050,1.3,4.2
1671369843.501000,45.367584,6.580346,1849.032608,184.0,4.418047,1.3,4.2
1671369846.210000,45.367486,6.580332,1850.738860,184.0,4.404586,1.3,4.0
1671369849.502000,45.367358,6.580313,1855.372542,184.0,4.352880,1.4,4.2
1671369852.497000,45.367243,6.580298,1858.279697,184.0,4.387120,1.6,4.3
1671369855.511000,45.367121,6.580285,1860.386358,184.0,4.405913,1.4,4.3
1671369858.494000,45.367001,6.580273,1862.258793,184.0,4.417803,1.4,4.5
1671369861.271000,45.366895,6.580262,1864.051345,184.0,4.424907,1.4,4.7
1671369863.503000,45.366802,6.580250,1866.401038,184.0,4.410185,1.4,4.7
1671369866.298000,45.366702,6.580236,1868.056707,184.0,4.393499,1.4,3.5
1671369868.516000,45.366607,6.580222,1872.330694,184.0,4.392231,1.3,3.5
1671369871.311000,45.366501,6.580210,1874.543959,184.0,4.401942,1.3,4.3
1671369873.510000,45.366409,6.580198,1877.098833,184.0,4.400877,1.3,4.3
1671369876.331000,45.366315,6.580187,1878.433653,185.0,4.401098,1.4,3.9
1671369878.523000,45.366214,6.580176,1881.770159,184.0,4.394559,1.4,3.9
1671369881.370000,45.366116,6.580164,1884.866626,184.0,4.372394,1.5,4.8
1671369883.500000,45.366024,6.580153,1888.014826,185.0,4.338813,1.4,4.6
1671369886.494000,45.365912,6.580139,1892.409661,184.0,4.315185,1.4,3.9
1671369889.500000,45.365792,6.580123,1894.645854,184.0,4.348645,1.4,3.9
1671369892.494000,45.365667,6.580110,1897.009382,184.0,4.379737,1.4,3.9
1671369895.498000,45.365547,6.580098,1898.912418,185.0,4.400559,1.3,3.5
1671369898.493000,45.365430,6.580086,1901.731881,184.0,4.389576,1.3,4.4
1671369901.475000,45.365326,6.580071,1904.158786,184.0,4.381743,1.3,4.9
1671369903.490000,45.365233,6.580060,1905.975389,184.0,4.387699,1.4,4.7
1671369906.498000,45.365110,6.580046,1908.743367,184.0,4.400947,1.5,3.9
1671369909.496000,45.364995,6.580033,1911.940763,184.0,4.405996,1.4,3.2
1671369912.509000,45.364876,6.580018,1915.128233,184.0,4.404868,1.4,3.2
1671369915.503000,45.364761,6.580005,1918.960507,184.0,4.379173,1.4,3.9
1671369918.497000,45.364645,6.579992,1922.220989,184.0,4.357270,1.4,3.1
1671369921.498000,45.364528,6.579979,1925.975804,184.0,4.352959,1.3,3.4
1671369924.495000,45.364409,6.579966,1929.814946,184.0,4.350395,1.3,3.9
1671369927.506000,45.364282,6.579951,1933.989517,184.0,4.345361,1.3,3.1
1671369930.502000,45.364178,6.579940,1937.988435,184.0,4.326892,1.3,2.7
1671369933.499000,45.364063,6.579927,1942.238048,184.0,4.289985,1.4,2.2
1671369936.495000,45.363955,6.579914,1947.194505,183.0,4.265257,1.6,3.1
1671369939.510000,45.363837,6.579900,1951.021397,184.0,4.279651,1.4,3.8
1671369942.514000,45.363710,6.579889,1955.321143,184.0,4.289721,1.4,3.8
1671369945.490000,45.363604,6.579876,1959.931369,184.0,4.291116,1.4,3.9
1671369948.501000,45.363490,6.579862,1964.158158,184.0,4.268636,1.4,3.3
1671369951.504000,45.363381,6.579850,1968.745365,183.0,4.245635,1.4,3.9
1671369954.493000,45.363267,6.579838,1973.954022,185.0,4.246431,1.3,4.3
1671369957.535000,45.363144,6.579827,1978.696092,184.0,4.238207,1.3,3.5
1671369960.495000,45.363039,6.579815,1983.841265,184.0,4.237634,1.4,3.1
1671369963.495000,45.362924,6.579802,1988.772119,184.0,4.223492,1.4,3.1
1671369966.516000,45.362816,6.579790,1993.967062,185.0,4.190887,1.4,2.9
1671369969.497000,45.362704,6.579776,1999.003037,184.0,4.169442,1.4,2.8
1671369972.514000,45.362585,6.579762,2005.721764,184.0,4.149492,1.4,3.4
1671369975.504000,45.362483,6.579750,2011.080552,184.0,4.134124,1.4,2.9
1671369978.504000,45.362373,6.579738,2016.817170,185.0,4.126385,1.3,2.5
1671369981.498000,45.362276,6.579727,2022.848920,184.0,4.109159,1.3,3.4
1671369984.503000,45.362153,6.579715,2029.120131,184.0,4.082799,1.3,3.1
1671369987.513000,45.362034,6.579702,2035.313712,185.0,4.075563,1.3,3.6
1671369990.509000,45.361932,6.579696,2041.378882,184.0,4.049243,1.4,3.0
1671369993.520000,45.361812,6.579684,2046.890130,184.0,4.124923,1.5,3.0
1671369996.500000,45.361697,6.579672,2050.959336,184.0,4.181341,1.4,3.1
1671369999.506000,45.361576,6.579658,2055.308461,185.0,4.187469,1.4,3.0
1671370002.524000,45.361448,6.579643,2059.363198,184.0,4.200055,1.4,3.0
1671370005.487000,45.361348,6.579630,2064.148466,184.0,4.217603,1.4,3.1
1671370007.516000,45.361257,6.579619,2067.282153,185.0,4.214051,1.4,2.5
1671370010.504000,45.361154,6.579610,2071.630572,185.0,4.254254,1.3,3.0
1671370013.504000,45.361038,6.579597,2074.118405,184.0,4.311057,1.3,4.6
1671370016.498000,45.360918,6.579584,2076.138675,184.0,4.345949,1.3,4.3
1671370019.507000,45.360800,6.579571,2077.663372,184.0,4.359146,1.4,4.3
1671370022.524000,45.360666,6.579557,2080.411548,184.0,4.380892,1.4,3.9
1671370025.526000,45.360560,6.579546,2082.779397,184.0,4.386971,1.4,3.5
1671370027.519000,45.360467,6.579535,2084.624513,184.0,4.399912,1.4,3.6
1671370030.498000,45.360361,6.579523,2087.539622,184.0,4.407472,1.4,3.5
1671370033.495000,45.360247,6.579509,2089.846042,184.0,4.394636,1.4,3.8
1671370036.510000,45.360130,6.579495,2092.757983,184.0,4.379184,1.4,4.3
1671370039.501000,45.360013,6.579481,2096.084906,184.0,4.382222,1.4,4.7
1671370042.185000,45.359911,6.579469,2098.279557,184.0,4.373816,1.3,4.9
1671370044.503000,45.359818,6.579457,2102.075375,184.0,4.376800,1.3,4.9
1671370047.509000,45.359687,6.579440,2105.292430,184.0,4.374782,1.4,3.5
1671370050.498000,45.359583,6.579426,2109.063709,184.0,4.354844,1.4,2.9
1671370053.502000,45.359464,6.579407,2113.480333,184.0,4.341787,1.5,3.1
1671370056.505000,45.359356,6.579391,2116.824615,184.0,4.332091,1.4,3.7
1671370059.500000,45.359241,6.579373,2121.190291,184.0,4.338693,1.4,3.5
1671370062.508000,45.359113,6.579354,2122.816580,184.0,4.379138,1.4,3.6
1671370065.497000,45.359000,6.579341,2124.660764,184.0,4.396509,1.4,3.4
1671370067.498000,45.358909,6.579332,2125.574929,184.0,4.403449,1.3,3.4
1671370070.491000,45.358798,6.579317,2127.103923,185.0,4.401991,1.3,3.9
1671370072.525000,45.358707,6.579308,2128.662804,184.0,4.416632,1.3,3.9
1671370075.506000,45.358594,6.579298,2130.597963,184.0,4.427885,1.3,3.9
1671370077.507000,45.358504,6.579285,2131.623958,184.0,4.446857,1.4,3.9
1671370080.504000,45.358392,6.579270,2133.404809,184.0,4.449325,1.4,3.4
1671370083.499000,45.358271,6.579254,2135.846881,184.0,4.447780,1.4,2.5
1671370086.504000,45.358160,6.579238,2137.902763,184.0,4.436102,1.4,2.3
1671370089.505000,45.358041,6.579224,2141.005858,184.0,4.436799,1.4,3.0
1671370092.497000,45.357919,6.579210,2144.100740,184.0,4.427496,1.4,3.9
1671370095.494000,45.357808,6.579196,2146.723848,184.0,4.420918,1.4,3.2
1671370098.515000,45.357689,6.579179,2149.406474,184.0,4.409410,1.3,3.1
1671370101.503000,45.357580,6.579160,2152.906209,185.0,4.389815,1.3,3.9
1671370104.504000,45.357462,6.579142,2154.440090,184.0,4.400715,1.3,3.6
1671370107.504000,45.357336,6.579127,2155.848770,184.0,4.422238,1.4,2.9
1671370110.509000,45.357221,6.579115,2157.528445,184.0,4.431591,1.4,2.5
1671370113.511000,45.357098,6.579105,2160.623138,184.0,4.433027,1.4,3.2
1671370116.507000,45.356981,6.579092,2163.183104,184.0,4.434577,1.4,2.5
1671370119.508000,45.356861,6.579081,2165.106509,184.0,4.421705,1.4,2.4
1671370122.506000,45.356735,6.579069,2167.693729,184.0,4.421721,1.4,3.6
1671370125.492000,45.356619,6.579058,2170.661909,184.0,4.420787,1.4,3.4
1671370128.511000,45.356476,6.579042,2173.300200,184.0,4.422473,1.3,2.8
1671370131.509000,45.356377,6.579031,2176.925747,184.0,4.416914,1.3,3.0
1671370133.517000,45.356278,6.579020,2178.635504,184.0,4.408975,1.3,3.5
1671370136.493000,45.356182,6.579008,2181.245375,184.0,4.387249,1.4,2.7
1671370138.536000,45.356085,6.578995,2183.910417,183.0,4.382134,1.4,3.1
1671370141.514000,45.355985,6.578985,2186.321379,184.0,4.406462,1.4,3.9
1671370143.516000,45.355886,6.578972,2187.352905,184.0,4.410359,1.4,3.9
1671370146.498000,45.355787,6.578959,2190.090130,185.0,4.420404,1.4,3.6
1671370148.509000,45.355688,6.578950,2191.844670,184.0,4.427728,1.4,3.6
1671370151.509000,45.355591,6.578936,2193.961034,184.0,4.413369,1.4,3.1
1671370153.520000,45.355496,6.578925,2195.799290,184.0,4.402915,1.4,2.6
1671370156.504000,45.355401,6.578914,2198.155052,184.0,4.375215,1.3,2.9
1671370158.521000,45.355306,6.578904,2200.077610,184.0,4.376865,1.3,3.5
1671370161.499000,45.355206,6.578892,2202.157650,185.0,4.410838,1.3,3.9
1671370163.505000,45.355107,6.578880,2201.414995,184.0,4.421936,1.3,3.9
1671370166.509000,45.355017,6.578870,2200.702594,185.0,4.411330,1.4,3.8
1671370168.525000,45.354906,6.578854,2200.673932,184.0,4.413829,1.4,3.7
1671370171.497000,45.354804,6.578842,2200.743593,184.0,4.423829,1.6,3.6
1671370173.496000,45.354702,6.578836,2200.615362,183.0,4.440436,1.4,3.6
1671370176.497000,45.354593,6.578823,2200.357412,183.0,4.455433,1.4,3.8
1671370179.499000,45.354471,6.578812,2200.756241,184.0,4.469653,1.4,3.9
1671370182.487000,45.354356,6.578810,2201.334698,183.0,4.475195,1.4,3.9
1671370185.485000,45.354248,6.578806,2201.625352,184.0,4.482632,1.3,3.7
1671370187.496000,45.354155,6.578798,2201.904184,184.0,4.482063,1.3,3.6
1671370190.511000,45.354038,6.578786,2202.011719,184.0,4.488094,1.3,3.6
1671370193.518000,45.353915,6.578770,2202.040384,184.0,4.489343,1.3,3.3
1671370196.504000,45.353793,6.578751,2202.104535,183.0,4.498411,1.4,3.4
1671370199.498000,45.353672,6.578735,2202.763892,185.0,4.499403,1.3,2.9
1671370202.500000,45.353555,6.578722,2203.356885,183.0,4.489383,1.4,3.9
1671370205.496000,45.353434,6.578702,2204.237905,185.0,4.476312,1.4,3.4
1671370208.505000,45.353299,6.578689,2205.194697,182.0,4.482547,1.4,3.4
1671370211.507000,45.353195,6.578678,2206.055031,185.0,4.489324,1.4,3.8
1671370213.524000,45.353101,6.578675,2207.427999,183.0,4.500582,1.4,3.1
1671370216.498000,45.352998,6.578663,2208.087761,185.0,4.499384,1.3,3.1
1671370218.508000,45.352905,6.578652,2208.974480,184.0,4.495341,1.2,3.4
1671370221.497000,45.352800,6.578642,2210.855469,186.0,4.496257,1.3,3.9
1671370223.524000,45.352706,6.578626,2212.230314,185.0,4.502001,1.3,3.0
1671370226.493000,45.352600,6.578620,2212.916146,185.0,4.503481,1.4,2.7
1671370228.514000,45.352508,6.578605,2214.338383,185.0,4.497958,1.4,3.3
1671370231.514000,45.352402,6.578595,2215.952731,185.0,4.491980,1.4,3.9
1671370233.508000,45.352309,6.578583,2217.693994,184.0,4.495716,1.4,3.9
1671370236.487000,45.352200,6.578572,2219.688674,184.0,4.491859,1.4,3.6
1671370239.506000,45.352081,6.578559,2222.039275,184.0,4.479527,1.4,2.9
1671370242.490000,45.351964,6.578547,2224.376479,183.0,4.470333,1.4,2.7
1671370245.493000,45.351843,6.578532,2227.306035,184.0,4.461529,1.3,3.2
1671370248.521000,45.351716,6.578516,2230.348530,186.0,4.452762,1.3,2.5
1671370251.495000,45.351605,6.578505,2232.453564,185.0,4.457947,1.3,2.5
1671370254.515000,45.351485,6.578489,2234.130985,183.0,4.447554,1.3,2.5
1671370257.503000,45.351369,6.578474,2236.440869,185.0,4.440514,1.5,2.9
1671370260.505000,45.351249,6.578461,2239.348442,184.0,4.438120,1.4,3.1
1671370263.513000,45.351126,6.578446,2242.434479,184.0,4.430882,1.4,2.7
1671370266.497000,45.351015,6.578430,2245.408417,184.0,4.425381,1.4,2.4
1671370268.499000,45.350925,6.578419,2247.043063,185.0,4.423880,1.4,3.6
1671370271.490000,45.350817,6.578406,2249.636391,184.0,4.414308,1.3,3.6
1671370274.497000,45.350697,6.578389,2252.176536,185.0,4.397850,1.3,3.3
1671370277.491000,45.350584,6.578378,2255.926836,184.0,4.394432,1.3,2.8
1671370280.498000,45.350464,6.578365,2259.394267,184.0,4.391749,1.3,2.5
1671370283.520000,45.350338,6.578349,2262.461366,184.0,4.392369,1.4,3.5
1671370286.508000,45.350230,6.578333,2266.559507,184.0,4.382402,1.4,3.9
1671370289.491000,45.350110,6.578322,2269.545758,185.0,4.360257,1.4,2.9
1671370292.488000,45.349999,6.578308,2273.863349,184.0,4.347914,1.4,3.1
1671370295.505000,45.349880,6.578295,2277.543636,183.0,4.343868,1.4,3.5
1671370298.511000,45.349760,6.578281,2281.543369,185.0,4.336128,1.3,3.1
1671370301.482000,45.349649,6.578270,2285.527051,185.0,4.325835,1.2,3.5
1671370304.498000,45.349533,6.578256,2290.354843,184.0,4.309688,1.3,3.9
1671370307.503000,45.349422,6.578241,2294.330028,184.0,4.281020,1.4,3.3
1671370310.504000,45.349301,6.578228,2298.920760,185.0,4.326406,1.4,3.2
1671370313.505000,45.349180,6.578210,2300.863744,184.0,4.350314,1.4,3.6
1671370316.498000,45.349064,6.578197,2303.513988,184.0,4.370969,1.4,3.9
1671370319.508000,45.348945,6.578184,2306.634795,184.0,4.383656,1.4,3.9
1671370322.498000,45.348828,6.578174,2309.276259,185.0,4.383987,1.4,3.5
1671370325.506000,45.348712,6.578161,2311.887387,184.0,4.374771,1.3,2.5
1671370328.503000,45.348590,6.578146,2315.110559,184.0,4.384827,1.3,3.5
1671370331.515000,45.348474,6.578132,2318.503703,184.0,4.386189,1.3,3.2
1671370334.514000,45.348346,6.578117,2321.650220,184.0,4.378063,1.5,1.6
1671370337.499000,45.348238,6.578105,2325.775138,184.0,4.373750,1.3,2.0
1671370340.506000,45.348121,6.578091,2328.824092,184.0,4.351717,1.4,2.0
1671370343.499000,45.348008,6.578079,2332.377584,185.0,4.339129,1.4,2.0
1671370346.506000,45.347889,6.578064,2336.205021,184.0,4.341224,1.4,2.5
1671370349.509000,45.347764,6.578050,2340.044998,184.0,4.338888,1.4,2.7
1671370352.501000,45.347658,6.578036,2344.220769,184.0,4.321940,1.3,2.7
1671370355.502000,45.347538,6.578024,2348.356465,184.0,4.314615,1.2,3.6
1671370358.492000,45.347425,6.578011,2353.097841,184.0,4.294913,1.3,3.4
1671370361.501000,45.347306,6.578000,2357.203698,184.0,4.284598,1.4,3.7
1671370364.509000,45.347177,6.577988,2361.648124,184.0,4.295539,1.4,3.8
1671370367.487000,45.347066,6.577971,2366.571748,184.0,4.298301,1.3,3.8
1671370369.528000,45.346968,6.577952,2369.129807,185.0,4.292146,1.4,3.9
1671370372.504000,45.346866,6.577936,2373.186924,184.0,4.281855,1.4,3.5
1671370374.513000,45.346772,6.577924,2376.857332,184.0,4.267883,1.5,3.4
1671370377.492000,45.346673,6.577911,2381.748069,184.0,4.253708,1.4,3.3
1671370379.520000,45.346579,6.577900,2384.985634,184.0,4.254069,1.4,3.5
1671370382.506000,45.346480,6.577888,2389.493161,184.0,4.245860,1.3,3.9
1671370384.509000,45.346390,6.577878,2392.664428,184.0,4.238064,1.3,3.9
1671370387.495000,45.346293,6.577867,2397.759917,184.0,4.220817,1.3,3.6
1671370390.493000,45.346175,6.577854,2403.864035,184.0,4.204851,1.3,2.7
1671370393.511000,45.346071,6.577842,2408.418841,184.0,4.189804,1.4,3.1
1671370396.496000,45.345956,6.577828,2414.505717,184.0,4.180357,1.3,2.9
1671370399.521000,45.345832,6.577816,2419.631298,184.0,4.168582,1.4,3.4
1671370402.503000,45.345734,6.577804,2425.144108,184.0,4.152399,1.4,3.3
1671370405.503000,45.345619,6.577791,2430.961649,184.0,4.137312,1.4,3.6
1671370408.496000,45.345518,6.577780,2436.720244,184.0,4.116613,1.4,3.5
1671370411.501000,45.345401,6.577767,2441.454318,184.0,4.179912,1.3,3.2
1671370414.505000,45.345271,6.577753,2445.374191,183.0,4.225122,1.2,3.6
1671370417.489000,45.345170,6.577749,2447.634162,182.0,4.278914,1.3,3.4
1671370419.516000,45.345072,6.577738,2452.016150,184.0,4.294056,1.3,3.6
1671370422.503000,45.344980,6.577730,2455.154395,184.0,4.308202,1.4,3.3
1671370424.517000,45.344879,6.577719,2458.271808,184.0,4.310474,1.3,3.1
1671370427.497000,45.344776,6.577707,2462.340387,184.0,4.302610,1.4,3.6
1671370430.508000,45.344662,6.577692,2466.345703,184.0,4.301806,1.4,3.1
1671370433.509000,45.344547,6.577675,2468.925423,185.0,4.303350,1.5,3.9
1671370436.512000,45.344429,6.577655,2475.460880,184.0,4.299421,1.4,3.9
1671370439.522000,45.344307,6.577637,2479.621159,185.0,4.270814,1.3,3.8
1671370442.505000,45.344195,6.577620,2484.521079,184.0,4.261707,1.3,3.6
1671370445.511000,45.344077,6.577607,2488.973575,184.0,4.258461,1.3,3.3
1671370448.504000,45.343963,6.577589,2493.760069,184.0,4.246479,1.3,3.0
1671370451.492000,45.343847,6.577566,2498.588983,184.0,4.237815,1.4,3.1
1671370454.494000,45.343739,6.577544,2504.388205,186.0,4.152867,1.3,3.6
1671370457.498000,45.343628,6.577532,2506.309072,181.0,4.037358,1.4,4.0
1671370460.503000,45.343532,6.577554,2506.414432,181.1,3.730261,1.4,4.0
1671370478.503000,45.343443,6.577588,2506.520212,166.6,0.728024,1.3,3.7
1671370491.516000,45.343356,6.577628,2506.390533,152.0,0.502802,1.4,4.0
1671370510.517000,45.343278,6.577708,2505.733670,125.8,1.590829,1.4,3.3
1671370514.521000,45.343193,6.577851,2504.407110,133.0,2.758743,1.3,3.8
1671370517.500000,45.343102,6.577995,2502.406292,129.1,3.535020,1.5,3.5
1671370519.510000,45.343021,6.578151,2501.345156,127.7,7.106358,1.4,3.6
1671370521.509000,45.342928,6.578319,2499.544925,128.8,7.832996,1.4,3.7
1671370523.496000,45.342826,6.578474,2497.083508,133.9,7.628272,1.4,4.0
1671370525.499000,45.342716,6.578621,2495.496921,134.1,8.670423,1.4,4.0
1671370527.508000,45.342607,6.578789,2493.183024,128.0,8.794182,1.3,4.8
1671370529.501000,45.342518,6.578974,2489.680801,124.0,8.494690,1.3,4.7
1671370531.482000,45.342447,6.579150,2487.879124,109.7,7.841930,1.2,5.0
1671370533.503000,45.342430,6.579352,2485.979012,94.1,8.147316,1.3,5.0
1671370535.508000,45.342416,6.579534,2485.246031,106.2,6.121207,1.3,5.6
1671370537.506000,45.342365,6.579649,2483.897369,142.8,4.870157,1.4,4.8
1671370540.497000,45.342251,6.579712,2483.495919,157.7,4.714375,1.4,4.0
1671370543.489000,45.342122,6.579773,2482.551079,162.0,5.658048,1.3,4.0
1671370545.499000,45.341992,6.579818,2480.530094,168.3,7.621886,1.4,4.4
1671370547.492000,45.341838,6.579825,2477.349924,182.6,9.033187,1.5,5.1
1671370549.495000,45.341655,6.579797,2473.246828,189.2,9.877408,1.4,6.0
1671370551.489000,45.341485,6.579723,2467.096723,189.7,10.577991,1.4,6.0
1671370552.495000,45.341387,6.579692,2465.182390,193.9,11.317602,1.4,6.0
1671370553.484000,45.341288,6.579648,2462.717518,194.2,10.845507,1.4,6.0
1671370554.497000,45.341189,6.579609,2458.628008,193.2,11.241735,1.4,6.0
1671370555.496000,45.341089,6.579586,2456.095224,190.5,11.522395,1.4,6.0
1671370556.499000,45.340986,6.579605,2454.698891,180.3,11.291098,1.4,6.0
1671370557.503000,45.340881,6.579689,2450.625134,159.0,12.910770,1.3,6.0
1671370558.496000,45.340772,6.579768,2448.057161,158.5,13.236807,1.3,6.0
1671370559.496000,45.340662,6.579856,2446.245910,150.4,13.268008,1.3,6.0
1671370560.503000,45.340561,6.579986,2441.743440,132.8,14.200626,1.3,6.0
1671370561.511000,45.340477,6.580136,2438.198935,125.2,14.323156,1.2,6.0
1671370562.492000,45.340407,6.580293,2435.658868,122.5,13.999420,1.3,6.0
1671370563.505000,45.340341,6.580453,2434.193784,125.2,13.737828,1.3,6.0
1671370564.491000,45.340268,6.580596,2434.073255,130.3,13.619702,1.3,6.0
1671370565.505000,45.340184,6.580725,2433.826846,136.4,13.411624,1.3,6.0
1671370566.516000,45.340093,6.580832,2432.637754,139.7,13.212734,1.3,6.0
1671370567.504000,45.339999,6.580913,2431.613464,149.6,12.036257,1.4,6.0
1671370568.494000,45.339905,6.580978,2430.221425,154.5,11.298032,1.5,6.0
1671370569.488000,45.339810,6.581026,2428.821312,159.1,11.328444,1.4,6.0
1671370570.501000,45.339713,6.581064,2427.274229,163.4,11.095157,1.4,6.0
1671370571.511000,45.339615,6.581085,2426.825495,170.6,10.878011,1.3,6.0
1671370572.500000,45.339519,6.581100,2425.107618,171.0,10.849912,1.3,6.0
1671370573.506000,45.339422,6.581116,2423.629800,173.0,10.481523,1.4,6.0
1671370574.501000,45.339328,6.581125,2422.559781,175.9,10.403510,1.4,6.0
1671370575.505000,45.339233,6.581132,2421.160936,176.0,10.580726,1.5,6.0
1671370576.499000,45.339137,6.581138,2419.799759,177.0,10.356718,1.5,6.0
1671370577.494000,45.339044,6.581140,2418.797067,179.9,10.338477,1.5,6.0
1671370578.505000,45.338951,6.581129,2417.786474,185.2,10.127351,1.4,6.0
1671370579.504000,45.338862,6.581109,2417.405158,188.3,9.931741,1.4,6.0
1671370581.523000,45.338686,6.581053,2414.438863,191.3,10.009152,1.4,5.2
1671370582.504000,45.338599,6.581019,2413.888392,193.9,10.329801,1.4,4.8
1671370583.508000,45.338509,6.580979,2412.183763,195.1,10.229226,1.4,4.4
1671370585.501000,45.338346,6.580894,2409.715599,197.0,9.259871,1.4,4.8
1671370587.511000,45.338190,6.580828,2407.523902,191.1,9.506282,1.3,5.6
1671370589.497000,45.338018,6.580791,2405.644243,185.4,10.308900,1.3,6.0
1671370590.492000,45.337926,6.580780,2403.885225,184.0,10.264271,1.3,6.0
1671370591.512000,45.337831,6.580771,2402.613870,183.0,10.771702,1.3,6.0
1671370592.495000,45.337736,6.580766,2400.755400,180.2,10.761524,1.3,6.0
1671370593.507000,45.337638,6.580774,2400.405917,174.3,10.783122,1.3,6.0
1671370594.505000,45.337541,6.580798,2398.106624,169.5,11.004724,1.3,6.0
1671370595.501000,45.337445,6.580828,2395.325369,169.0,10.949073,1.3,6.0
1671370596.506000,45.337350,6.580855,2394.285521,169.0,10.835376,1.4,6.0
1671370597.489000,45.337256,6.580880,2393.965614,169.0,10.376118,1.5,6.0
1671370598.500000,45.337161,6.580905,2392.518185,167.1,10.952341,1.4,6.0
1671370599.498000,45.337067,6.580934,2390.319526,167.0,10.448548,1.4,6.0
1671370600.491000,45.336974,6.580964,2389.890584,167.0,10.333915,1.3,6.0
1671370601.503000,45.336883,6.580991,2389.485601,169.0,10.199112,1.3,6.0
1671370603.496000,45.336704,6.581041,2386.770897,166.1,10.189197,1.4,6.0
1671370604.502000,45.336612,6.581076,2384.565744,161.0,10.456542,1.5,6.0
1671370605.505000,45.336526,6.581122,2383.205121,158.2,9.695654,1.5,6.0
1671370607.500000,45.336378,6.581256,2380.425977,138.1,9.533932,1.4,6.0
1671370609.503000,45.336279,6.581442,2379.496349,120.0,8.713473,1.4,6.0
1671370611.508000,45.336218,6.581609,2379.043948,123.9,6.993526,1.4,6.0
1671370613.500000,45.336160,6.581707,2379.075882,126.3,4.003173,1.4,6.0
1671370633.265000,45.336139,6.581726,2379.899001,-1.0,0.000000,1.5,5.3
1671370633.265000,45.336139,6.581726,2379.899001,-1.0,0.000000,1.5,5.3
1671370645.409000,45.336069,6.581742,2379.475059,178.1,2.093373,1.4,10.1
1671370647.144000,45.335947,6.581770,2379.137551,176.4,3.719950,1.3,13.5
1671370648.885000,45.335830,6.581763,2380.455038,180.6,3.695210,1.3,14.4
1671370651.204000,45.335713,6.581740,2384.406529,184.3,3.785163,1.3,12.5
1671370653.603000,45.335616,6.581723,2386.947138,184.8,3.786742,1.3,10.4
1671370655.404000,45.335526,6.581705,2388.444164,185.1,3.648286,1.3,10.6
1671370657.803000,45.335430,6.581688,2392.248985,184.7,3.599578,1.4,9.2
1671370660.724000,45.335328,6.581672,2396.994263,183.5,3.570901,1.3,7.6
1671370664.203000,45.335210,6.581659,2401.358566,188.6,3.608408,1.5,7.2
1671370667.143000,45.335109,6.581646,2405.493983,183.4,3.636012,1.4,7.1
1671370670.544000,45.334997,6.581631,2409.651500,184.7,3.604012,1.4,7.0
1671370673.423000,45.334898,6.581624,2414.179656,183.5,3.606477,1.4,7.1
1671370676.422000,45.334802,6.581617,2417.459693,183.7,3.586642,1.3,7.2
1671370679.422000,45.334707,6.581602,2422.365448,184.7,3.582751,1.3,7.2
1671370682.344000,45.334607,6.581590,2426.076652,185.7,3.889768,1.3,7.1
1671370685.504000,45.334505,6.581579,2428.526863,184.0,3.815022,1.5,6.6
1671370688.222000,45.334407,6.581571,2429.514647,183.1,3.735765,1.5,5.3
1671370691.163000,45.334306,6.581558,2432.719718,183.9,3.746997,1.4,6.1
1671370694.042000,45.334207,6.581546,2435.583085,183.9,3.742741,1.5,7.6
1671370697.496000,45.334110,6.581536,2438.518265,184.0,3.955184,1.5,5.5
1671370700.509000,45.333995,6.581525,2438.880059,184.0,3.875305,1.4,4.0
1671370703.491000,45.333892,6.581515,2439.700823,184.0,3.856900,1.4,4.0
1671370706.494000,45.333789,6.581504,2440.676500,184.0,3.830035,1.3,4.0
1671370709.487000,45.333686,6.581493,2441.712830,184.0,3.830616,1.3,4.0
1671370712.498000,45.333584,6.581483,2442.892475,185.0,3.847659,1.3,4.0
1671370715.494000,45.333482,6.581472,2444.095878,184.0,3.810603,1.5,4.0
1671370718.505000,45.333380,6.581460,2445.061316,184.0,3.873380,1.3,4.0
1671370721.506000,45.333278,6.581448,2446.195910,184.0,3.561784,1.5,4.0
1671370724.509000,45.333175,6.581439,2447.429889,183.0,3.877719,1.5,4.0
1671370727.497000,45.333071,6.581429,2447.884339,183.0,3.841845,1.4,4.0
1671370730.492000,45.332969,6.581418,2448.002386,184.0,3.847157,1.4,4.0
1671370733.495000,45.332865,6.581406,2447.876938,183.0,3.831743,1.3,4.0
1671370736.490000,45.332763,6.581393,2448.290110,183.1,3.829353,1.3,4.0
1671370739.508000,45.332659,6.581382,2448.989035,184.0,3.819456,1.4,4.0
1671370742.514000,45.332554,6.581370,2450.116025,184.0,3.842465,1.4,4.0
1671370745.486000,45.332452,6.581360,2450.029881,185.0,3.820751,1.5,4.0
1671370748.496000,45.332349,6.581349,2450.166745,184.0,3.796995,1.5,4.0
1671370751.487000,45.332248,6.581338,2451.315415,185.0,3.824690,1.5,4.0
1671370754.522000,45.332138,6.581326,2451.750233,184.0,3.847265,1.5,4.0
1671370757.493000,45.332042,6.581315,2452.798101,184.0,3.805754,1.4,4.0
1671370760.497000,45.331937,6.581302,2454.878790,185.0,3.679172,1.5,4.0
1671370763.500000,45.331836,6.581291,2455.913805,183.0,4.059788,1.4,4.0
1671370766.501000,45.331728,6.581278,2456.321462,183.0,3.848182,1.3,4.0
1671370769.492000,45.331625,6.581268,2456.572283,183.0,3.808146,1.4,4.0
1671370772.498000,45.331526,6.581253,2456.814018,184.0,3.819997,1.5,4.0
1671370775.511000,45.331422,6.581242,2457.388786,184.0,3.876510,1.5,4.0
1671370778.495000,45.331320,6.581233,2458.208031,184.0,3.811172,1.5,4.0
1671370781.509000,45.331218,6.581221,2458.831248,184.0,3.826646,1.5,4.0
1671370784.490000,45.331114,6.581211,2459.711851,184.0,3.826155,1.5,4.0
1671370787.490000,45.331011,6.581200,2461.365773,184.0,3.836526,1.5,4.0
1671370790.506000,45.330907,6.581192,2462.309015,187.0,3.875396,1.5,4.0
1671370793.520000,45.330801,6.581183,2462.678461,184.0,3.781993,1.4,4.0
1671370796.501000,45.330704,6.581174,2463.452523,184.0,3.659330,1.3,4.0
1671370799.503000,45.330599,6.581162,2466.584533,184.0,3.794898,1.4,4.0
1671370802.501000,45.330498,6.581150,2467.862304,184.0,3.715844,1.5,4.0
1671370806.503000,45.330371,6.581134,2472.125841,183.0,3.705190,1.5,4.0
1671370809.514000,45.330274,6.581124,2475.726641,184.0,3.714604,1.5,4.0
1671370812.503000,45.330173,6.581116,2477.990709,184.0,3.681782,1.5,4.0
1671370815.506000,45.330074,6.581104,2483.011599,184.0,3.706884,1.5,4.4
1671370818.497000,45.329966,6.581094,2485.231781,184.0,3.744764,1.5,4.4
1671370821.497000,45.329870,6.581086,2489.141580,183.0,3.725246,1.4,4.0
1671370824.499000,45.329764,6.581072,2489.775168,184.0,3.760024,1.4,4.0
1671370827.482000,45.329665,6.581062,2493.719609,184.0,3.733824,1.4,4.0
1671370830.494000,45.329561,6.581050,2496.082833,184.0,3.692317,1.4,4.0
1671370833.502000,45.329459,6.581038,2498.984132,184.0,3.721232,1.5,4.0
1671370836.490000,45.329360,6.581028,2501.499053,184.0,3.731018,1.5,4.0
1671370839.509000,45.329261,6.581018,2504.930465,184.0,3.671376,1.5,4.0
1671370842.508000,45.329159,6.581006,2507.995339,184.0,3.715774,1.5,4.0
1671370845.512000,45.329059,6.580994,2511.186990,184.0,3.685397,1.5,4.0
1671370848.515000,45.328961,6.580984,2515.006295,184.0,3.718270,1.5,4.0
1671370851.499000,45.328860,6.580972,2518.016698,184.0,3.635576,1.4,4.0
1671370854.507000,45.328764,6.580958,2522.389956,184.0,3.635757,1.4,4.0
1671370857.498000,45.328664,6.580950,2526.104116,184.0,3.717181,1.5,4.0
1671370860.507000,45.328561,6.580942,2528.581379,184.0,3.739538,1.6,4.0
1671370863.504000,45.328460,6.580931,2530.829876,184.0,3.741246,1.6,4.0
1671370866.501000,45.328363,6.580920,2534.711134,184.0,3.709201,1.6,4.0
1671370869.507000,45.328265,6.580909,2538.007774,184.0,3.718036,1.5,4.0
1671370872.496000,45.328166,6.580903,2540.963229,185.0,3.626612,1.5,4.0
1671370875.496000,45.328067,6.580891,2544.496498,184.0,3.696960,1.5,4.0
1671370878.491000,45.327964,6.580880,2546.317609,184.0,3.749782,1.5,4.0
1671370882.498000,45.327838,6.580869,2550.653674,184.0,3.739774,1.6,4.0
1671370885.497000,45.327729,6.580862,2553.182085,184.0,3.761278,1.6,4.0
1671370888.498000,45.327629,6.580852,2556.505098,186.0,3.529954,1.6,4.0
1671370891.506000,45.327530,6.580843,2558.987118,184.0,3.763941,1.6,4.0
1671370894.503000,45.327427,6.580829,2561.192420,184.0,3.824533,1.6,4.0
1671370897.493000,45.327328,6.580817,2563.485989,184.0,3.776351,1.6,4.0
1671370900.499000,45.327226,6.580804,2565.181437,184.0,3.755375,1.5,4.0
1671370903.504000,45.327123,6.580792,2567.254623,184.0,3.772510,1.5,4.4
1671370906.505000,45.327021,6.580779,2570.439718,184.0,3.790092,1.7,4.4
1671370909.504000,45.326920,6.580765,2571.868248,184.0,3.723187,1.7,4.0
1671370912.503000,45.326820,6.580753,2566.483929,184.0,3.751332,2.4,4.0
1671370915.507000,45.326720,6.580743,2577.056759,184.0,3.757956,1.6,4.0
1671370918.492000,45.326617,6.580734,2579.669711,184.0,3.757542,1.6,3.9
1671370921.509000,45.326521,6.580732,2582.084480,184.0,3.762380,1.6,3.9
1671370924.511000,45.326410,6.580726,2584.164569,184.0,3.769186,1.6,3.9
1671370928.491000,45.326276,6.580718,2587.074282,184.0,3.781964,1.6,3.9
1671370931.494000,45.326171,6.580701,2589.191065,184.0,3.784654,1.6,3.6
1671370934.497000,45.326072,6.580684,2591.696887,184.0,3.797875,1.6,3.5
1671370937.494000,45.325965,6.580671,2595.444435,184.0,3.755553,1.6,3.4
1671370940.490000,45.325866,6.580660,2599.573395,184.0,3.702234,1.6,2.8
1671370944.498000,45.325748,6.580645,2606.700049,184.0,3.643605,1.6,3.1
1671370947.501000,45.325647,6.580632,2610.938447,184.0,3.606401,1.6,3.0
1671370950.505000,45.325554,6.580620,2616.530915,184.0,3.564349,1.6,2.1
1671370953.515000,45.325460,6.580611,2621.617690,183.0,3.539461,1.6,2.5
1671370956.498000,45.325363,6.580598,2626.666426,183.0,3.540676,1.6,3.3
1671370960.500000,45.325241,6.580584,2632.887406,184.0,3.538532,1.5,3.1
1671370963.500000,45.325141,6.580569,2629.487398,183.0,3.534144,2.4,3.0
1671370966.502000,45.325046,6.580559,2633.904685,184.0,3.527588,2.4,2.8
1671370969.510000,45.324954,6.580550,2639.502814,184.0,3.524573,2.4,3.4
1671370972.507000,45.324859,6.580539,2631.850589,185.0,3.513412,2.4,3.9
1671370976.497000,45.324744,6.580524,2639.217266,184.0,3.478440,2.4,3.3
1671370979.485000,45.324638,6.580514,2659.362361,183.0,3.503281,2.4,3.3
1671370982.487000,45.324539,6.580506,2662.752436,184.0,3.523272,2.4,3.6
1671370985.503000,45.324441,6.580498,2672.679311,184.0,3.529222,1.7,2.7
1671370988.537000,45.324344,6.580490,2653.292830,184.0,3.532467,2.4,2.9
1671370991.496000,45.324249,6.580481,2658.553465,184.0,3.532286,2.4,3.1
1671370994.495000,45.324153,6.580474,2664.636106,184.0,3.511796,2.5,3.7
1671370997.500000,45.324056,6.580468,2667.848347,184.0,3.501398,2.4,3.5
1671371000.496000,45.323958,6.580460,2672.968632,185.0,3.490703,2.5,3.4
1671371003.502000,45.323862,6.580448,2679.784030,185.0,3.490428,2.5,3.5
1671371007.488000,45.323740,6.580432,2686.882783,184.0,3.472104,2.7,3.8
1671371010.490000,45.323649,6.580422,2691.149571,184.0,3.469481,2.4,3.6
1671371014.512000,45.323529,6.580407,2697.508023,184.0,3.475155,2.4,3.8
1671371017.483000,45.323434,6.580395,2702.026284,184.0,3.486974,2.4,3.9
1671371020.501000,45.323341,6.580383,2705.267903,184.0,3.503448,2.4,3.1
1671371023.511000,45.323245,6.580371,2709.913689,184.0,3.519572,2.5,2.8
1671371026.502000,45.323147,6.580360,2714.806386,184.0,3.550424,2.4,3.5
1671371029.525000,45.323051,6.580343,2720.967606,184.0,3.550186,2.5,3.9
1671371032.500000,45.322955,6.580331,2726.330165,184.0,3.538454,2.4,3.9
1671371035.503000,45.322861,6.580322,2731.029027,184.0,3.529114,2.7,3.6
1671371038.507000,45.322764,6.580308,2735.584503,184.0,3.506605,2.4,3.6
1671371041.497000,45.322672,6.580298,2739.369192,182.3,3.455430,2.4,3.5
1671371044.502000,45.322575,6.580288,2744.317663,184.0,3.460779,2.4,3.3
1671371047.508000,45.322476,6.580278,2748.877525,184.0,3.481782,2.4,3.5
1671371050.508000,45.322380,6.580268,2753.118504,184.0,3.500885,2.5,3.7
1671371053.498000,45.322286,6.580259,2758.504804,182.1,3.517247,2.4,3.8
1671371056.502000,45.322189,6.580246,2763.285721,184.0,3.523032,2.5,3.6
1671371059.502000,45.322093,6.580233,2767.603501,184.0,3.521162,2.5,3.4
1671371062.493000,45.321998,6.580223,2773.386541,184.0,3.509783,2.4,3.5
1671371065.515000,45.321906,6.580217,2775.094407,184.0,3.500639,2.5,3.9
1671371068.500000,45.321811,6.580206,2778.850881,183.0,3.509536,2.4,3.9
1671371071.494000,45.321712,6.580196,2785.861939,184.0,3.503111,2.5,3.7
1671371074.495000,45.321613,6.580188,2787.824668,184.0,3.491775,2.4,3.6
1671371077.502000,45.321514,6.580173,2791.920383,184.0,3.500509,2.4,3.9
1671371080.501000,45.321415,6.580161,2798.942475,183.0,3.507879,2.4,4.0
1671371083.501000,45.321318,6.580156,2804.337819,183.0,3.519799,2.4,3.8
1671371086.498000,45.321221,6.580147,2808.538469,185.0,3.536540,2.5,3.5
1671371089.493000,45.321123,6.580138,2810.501568,185.0,3.549902,2.4,3.1
1671371092.491000,45.321025,6.580129,2815.618547,184.0,3.548076,2.4,3.1
1671371095.492000,45.320931,6.580120,2821.728242,183.0,3.522977,2.4,3.6
1671371098.499000,45.320840,6.580117,2824.798328,183.0,3.503484,2.4,3.9
1671371101.493000,45.320742,6.580109,2828.952890,183.0,3.497956,2.4,3.9
1671371105.480000,45.320628,6.580099,2837.482840,183.0,3.459595,2.4,3.5
1671371108.494000,45.320537,6.580090,2845.240659,183.0,3.413136,2.4,3.9
1671371112.499000,45.320426,6.580079,2853.892655,184.0,3.355589,2.5,3.9
1671371115.498000,45.320334,6.580068,2859.652494,183.0,3.322210,2.5,3.7
1671371119.502000,45.320218,6.580055,2868.844342,184.0,3.279118,2.4,2.5
1671371123.492000,45.320106,6.580042,2875.787256,184.0,3.250952,2.4,2.2
1671371127.490000,45.319993,6.580023,2884.168693,184.0,3.223874,2.4,3.2
1671371131.505000,45.319888,6.580008,2892.779867,184.0,3.203267,2.4,3.1
1671371135.519000,45.319773,6.579997,2903.860234,186.0,3.153122,2.4,3.3
1671371139.491000,45.319675,6.579976,2912.444934,181.0,3.007919,2.4,3.9
1671371142.498000,45.319569,6.579966,2914.830992,183.0,3.091353,2.4,4.0
1671371145.501000,45.319461,6.579947,2916.643588,183.0,3.285107,2.4,4.0
1671371148.513000,45.319370,6.579934,2917.140604,184.5,3.395443,2.4,3.6
1671371151.508000,45.319278,6.579928,2916.922691,182.0,3.269521,2.4,3.6
1671371158.505000,45.319171,6.579916,2917.771149,180.0,2.598153,2.4,4.0
1671371162.498000,45.319043,6.579913,2916.923361,179.0,3.350417,2.4,4.0
1671371165.484000,45.318942,6.579892,2918.167857,193.1,3.445801,2.4,4.0
1671371168.487000,45.318850,6.579841,2915.470183,207.7,3.460176,2.4,3.8
1671371171.491000,45.318763,6.579726,2914.710577,232.0,3.750213,2.4,3.8
1671371173.501000,45.318706,6.579624,2912.450724,232.3,4.054984,2.4,3.8
1671371175.492000,45.318632,6.579502,2910.436764,224.5,6.258373,2.4,4.2
1671371177.500000,45.318532,6.579378,2909.114645,215.0,6.688722,2.4,4.2
1671371179.500000,45.318421,6.579324,2906.412692,187.2,6.736292,2.4,4.7
1671371181.496000,45.318291,6.579312,2904.099386,184.0,7.542671,2.4,4.0
1671371183.493000,45.318149,6.579301,2902.144280,182.0,8.139856,2.4,4.0
1671371185.494000,45.317996,6.579299,2900.295588,181.0,8.447549,2.4,4.0
1671371187.502000,45.317841,6.579306,2897.407291,174.6,8.449811,2.4,4.0
1671371189.499000,45.317700,6.579336,2895.492891,171.5,7.470639,2.4,4.0
1671371191.505000,45.317584,6.579375,2893.959151,166.1,6.753264,2.4,4.0
1671371193.500000,45.317466,6.579441,2893.597788,157.1,7.867490,2.4,4.0
1671371195.494000,45.317334,6.579534,2891.813012,153.1,8.863410,2.4,4.0
1671371197.486000,45.317184,6.579649,2888.383455,153.0,10.055060,2.4,4.7
1671371198.491000,45.317097,6.579709,2887.947278,154.0,10.578644,2.4,4.7
1671371199.491000,45.317006,6.579770,2885.988371,154.0,11.132070,2.4,4.7
1671371200.482000,45.316913,6.579831,2883.020424,156.0,11.514618,2.4,4.7
1671371201.486000,45.316813,6.579890,2881.963845,157.0,11.852004,2.4,4.7
1671371202.481000,45.316712,6.579947,2879.646720,158.0,12.078011,2.4,4.3
1671371203.493000,45.316609,6.580003,2876.735373,158.0,12.149261,2.4,4.0
1671371204.505000,45.316506,6.580055,2874.269243,159.5,12.325869,2.4,4.0
1671371205.502000,45.316403,6.580101,2872.563013,161.5,11.853559,2.4,4.0
1671371206.488000,45.316304,6.580142,2870.569732,162.9,11.420775,2.4,4.0
1671371207.495000,45.316206,6.580178,2869.707030,164.9,10.680398,2.4,4.0
1671371208.497000,45.316117,6.580208,2869.020623,164.9,10.016248,2.4,4.0
1671371210.509000,45.315957,6.580252,2868.665804,168.6,8.494928,2.4,4.0
1671371212.491000,45.315820,6.580281,2867.793630,169.1,7.437169,2.4,4.0
1671371214.483000,45.315700,6.580308,2866.696817,170.2,6.478572,2.4,4.0
1671371216.487000,45.315599,6.580320,2865.915946,172.9,5.243587,2.4,4.0
1671371219.495000,45.315498,6.580316,2864.090174,177.0,4.053326,2.4,4.0
1671371222.499000,45.315372,6.580315,2863.244184,179.0,4.148477,2.4,4.2
1671371225.102000,45.315276,6.580312,2861.027055,181.1,3.653011,2.4,6.2
1671371227.981000,45.315180,6.580313,2861.330029,179.0,3.791814,2.4,8.0
1671371230.742000,45.315088,6.580311,2860.107197,180.1,3.451347,2.4,7.4
1671371234.220000,45.314981,6.580322,2859.119302,178.1,3.216691,2.4,6.9
1671371237.821000,45.314889,6.580346,2858.506588,171.9,3.270519,2.4,6.9
1671371241.419000,45.314779,6.580398,2857.976439,162.4,3.355655,2.4,6.9
1671371245.593000,45.314686,6.580456,2857.382833,157.7,2.666998,2.4,7.0
1671371249.578000,45.314593,6.580505,2856.361338,162.4,3.075925,2.4,7.0
1671371252.579000,45.314520,6.580601,2856.119595,137.4,3.461394,2.4,7.0
1671371255.578000,45.314446,6.580706,2856.328647,139.0,3.775999,2.4,7.1
1671371258.577000,45.314373,6.580816,2855.889140,133.6,3.966378,2.4,7.2
1671371261.498000,45.314303,6.580917,2855.837823,133.2,3.862475,2.4,7.0
1671371263.840000,45.314236,6.581009,2855.812095,134.7,3.770019,2.4,6.8
1671371267.257000,45.314164,6.581113,2855.339405,132.4,3.404588,2.4,6.8
1671371270.840000,45.314100,6.581227,2855.157192,128.4,3.443889,2.4,6.8
1671371274.456000,45.314024,6.581330,2855.349918,138.3,3.232116,2.4,7.0
1671371279.015000,45.313949,6.581432,2853.945721,135.3,2.292958,2.4,7.1
1671371283.214000,45.313886,6.581529,2853.948639,130.0,2.653769,2.4,7.5
1671371287.295000,45.313806,6.581664,2853.046966,131.0,3.630490,2.4,8.3
1671371289.500000,45.313730,6.581756,2851.985178,136.0,5.611370,2.4,6.9
1671371291.500000,45.313648,6.581872,2850.286370,135.0,6.266142,2.4,5.6
1671371293.509000,45.313562,6.581991,2849.027184,136.0,6.741886,2.4,4.4
1671371295.504000,45.313479,6.582109,2848.499617,134.1,6.501670,2.4,4.0
1671371297.498000,45.313402,6.582228,2848.022245,133.0,6.451976,2.4,4.0
1671371299.494000,45.313325,6.582352,2846.716738,133.0,6.479264,2.4,4.0
1671371301.495000,45.313238,6.582467,2844.090296,139.0,6.516196,2.4,4.0
1671371303.509000,45.313145,6.582574,2842.067628,142.0,6.607872,2.4,4.0
1671371305.492000,45.313051,6.582682,2841.158558,140.0,6.341471,2.4,4.0
1671371307.492000,45.312976,6.582779,2840.439677,136.1,5.500381,2.4,4.0
1671371310.497000,45.312902,6.582922,2839.192430,127.0,3.696080,2.4,4.0
1671371313.506000,45.312837,6.583020,2837.322074,133.0,3.917738,2.4,4.2
1671371316.720000,45.312752,6.583121,2835.807500,137.4,3.245492,2.4,7.2
1671371319.121000,45.312683,6.583243,2836.926266,136.3,3.796671,2.4,10.3
1671371322.056000,45.312603,6.583346,2835.596784,140.9,3.587339,2.4,10.3
1671371324.999000,45.312535,6.583437,2836.172952,133.6,3.256160,2.4,8.4
1671371329.199000,45.312458,6.583519,2834.824575,146.2,2.243854,2.4,6.8
1671371332.120000,45.312368,6.583562,2834.722384,160.4,4.049687,2.4,6.9
1671371334.496000,45.312250,6.583654,2833.185049,144.1,7.043470,2.4,6.2
1671371336.505000,45.312157,6.583763,2826.297517,137.1,5.910408,2.4,5.3
1671371338.491000,45.312062,6.583872,2824.332373,145.2,7.185614,2.4,4.7
1671371340.495000,45.311913,6.583965,2819.333729,164.3,9.693307,2.4,5.6
1671371341.499000,45.311828,6.584010,2818.380741,153.5,9.559737,2.4,5.7
1671371342.500000,45.311748,6.584087,2814.151367,148.1,10.417286,2.4,6.0
1671371343.501000,45.311665,6.584172,2811.888035,170.8,10.227817,2.4,6.0
1671371344.501000,45.311569,6.584203,2808.878583,172.0,11.347125,2.4,6.0
1671371345.496000,45.311469,6.584232,2805.543301,158.7,10.608660,2.4,6.0
1671371346.497000,45.311382,6.584293,2803.374487,156.0,10.960151,2.4,6.0
1671371347.482000,45.311283,6.584337,2802.139535,163.9,11.808471,2.4,6.0
1671371348.496000,45.311175,6.584364,2801.053355,168.6,11.488317,2.4,6.0
1671371349.502000,45.311075,6.584359,2796.637884,176.2,11.034165,2.4,6.3
1671371350.479000,45.310982,6.584313,2790.411191,186.3,10.993349,2.4,6.7
1671371351.494000,45.310888,6.584260,2787.741701,188.9,11.188975,2.4,7.0
1671371352.488000,45.310796,6.584222,2783.409556,183.2,10.444499,2.4,7.6
1671371354.505000,45.310652,6.584188,2779.810817,177.6,5.942970,2.4,8.0
1671371357.498000,45.310531,6.584084,2775.552263,242.0,6.236947,2.4,7.6
1671371359.498000,45.310510,6.583892,2769.133590,261.9,7.537690,2.4,7.0
1671371361.504000,45.310446,6.583720,2764.692693,216.1,6.437216,2.4,6.3
1671371363.491000,45.310357,6.583605,2761.446960,247.0,7.347006,2.4,6.0
1671371365.502000,45.310295,6.583442,2756.420710,231.3,6.132741,2.4,6.0
1671371367.500000,45.310207,6.583326,2750.726762,223.3,6.720123,2.4,6.0
1671371369.499000,45.310119,6.583183,2747.192715,235.2,7.414124,2.4,6.0
1671371371.503000,45.310100,6.582996,2739.011376,246.9,7.388763,2.4,6.0
1671371373.503000,45.310044,6.582832,2738.119412,244.4,7.346565,2.4,6.4
1671371375.490000,45.309999,6.582669,2731.389010,228.2,6.884954,2.4,7.0
1671371377.486000,45.309916,6.582554,2728.561344,209.2,6.989888,2.4,7.7
1671371379.503000,45.309816,6.582427,2723.894850,236.0,9.477943,2.4,8.0
1671371381.496000,45.309689,6.582266,2717.147932,205.6,8.726617,2.4,8.0
1671371382.506000,45.309607,6.582214,2714.317936,208.8,8.412577,2.4,8.0
1671371384.498000,45.309507,6.582081,2711.261229,292.3,6.291855,2.4,8.0
1671371386.496000,45.309545,6.581901,2709.064773,275.2,7.228987,2.4,7.3
1671371388.496000,45.309522,6.581718,2706.400049,243.1,6.864919,2.4,6.7
1671371390.488000,45.309462,6.581525,2703.643292,278.6,7.412838,2.4,6.0
1671371393.505000,45.309536,6.581402,2697.167143,290.6,5.140672,2.4,6.0
1671371396.493000,45.309522,6.581191,2690.770200,258.2,7.643464,2.4,6.0
1671371398.495000,45.309489,6.580928,2685.716552,262.7,9.551301,2.4,6.2
1671371399.501000,45.309472,6.580797,2680.787950,260.3,9.047618,2.4,6.3
1671371401.512000,45.309435,6.580540,2672.989946,258.5,10.820172,2.4,6.4
1671371402.506000,45.309406,6.580394,2670.477542,253.2,11.998837,2.4,6.0
1671371403.507000,45.309360,6.580233,2664.767428,251.7,12.263694,2.4,6.0
1671371404.499000,45.309300,6.580076,2663.304826,247.8,12.667645,2.4,6.0
1671371405.489000,45.309220,6.579938,2659.833144,229.3,12.549535,2.4,6.0
1671371406.490000,45.309137,6.579819,2657.851807,226.3,12.532286,2.4,6.0
1671371407.490000,45.309042,6.579739,2655.288676,206.5,12.108139,2.4,6.0
1671371408.496000,45.308935,6.579696,2652.377218,189.2,12.485315,2.4,6.0
1671371409.499000,45.308814,6.579676,2649.833762,186.6,13.292858,2.4,6.0
1671371410.510000,45.308680,6.579667,2646.764170,172.2,14.053190,2.4,6.0
1671371411.494000,45.308552,6.579701,2644.814192,168.0,13.098717,2.4,6.0
1671371412.499000,45.308438,6.579755,2640.878540,160.9,13.095284,2.4,6.0
1671371413.518000,45.308326,6.579821,2641.525936,152.6,13.133327,2.4,6.0
1671371414.494000,45.308220,6.579902,2638.847173,156.0,13.363199,2.4,6.0
1671371415.493000,45.308112,6.579972,2638.669272,167.8,12.607239,2.4,6.0
1671371416.488000,45.308003,6.579996,2638.124115,183.9,12.649499,2.4,6.0
1671371417.497000,45.307894,6.579974,2637.071863,197.4,12.395616,2.4,6.0
1671371418.488000,45.307796,6.579910,2634.697695,206.5,11.546142,2.4,6.0
1671371419.488000,45.307703,6.579831,2631.620401,204.0,12.225325,2.4,6.0
1671371420.503000,45.307603,6.579761,2629.397562,193.1,12.794777,2.4,6.0
1671371421.494000,45.307494,6.579720,2625.686152,195.0,13.802024,2.4,6.0
1671371422.497000,45.307380,6.579669,2621.613880,204.8,14.741626,2.4,6.0
1671371423.504000,45.307266,6.579588,2620.030945,219.5,15.104952,2.4,6.0
1671371424.486000,45.307170,6.579462,2617.542785,224.9,14.818590,2.4,6.0
1671371425.512000,45.307080,6.579320,2614.399490,226.0,14.732989,2.4,6.0
1671371426.501000,45.306998,6.579179,2609.846377,244.8,14.071520,2.5,6.0
1671371427.501000,45.306949,6.579002,2608.211606,248.3,14.779836,2.5,6.0
1671371428.503000,45.306900,6.578810,2604.286375,231.2,15.165881,2.5,6.0
1671371429.493000,45.306816,6.578647,2601.809608,226.5,15.298564,2.5,6.0
1671371430.493000,45.306721,6.578501,2599.099724,226.0,14.996313,2.6,6.0
1671371431.499000,45.306630,6.578358,2597.677293,239.4,14.376867,2.6,6.0
1671371432.494000,45.306576,6.578196,2596.159160,250.4,13.061191,2.5,6.0
1671371433.510000,45.306541,6.578039,2594.840210,232.3,11.560493,2.6,6.0
1671371434.506000,45.306479,6.577926,2592.189987,217.0,11.382911,2.7,6.0
1671371435.489000,45.306400,6.577854,2590.526080,221.9,10.550946,2.5,6.0
1671371437.500000,45.306314,6.577660,2589.726489,259.9,8.184511,2.6,6.0
1671371439.502000,45.306293,6.577444,2589.492296,257.0,8.796295,2.4,6.0
1671371441.493000,45.306226,6.577250,2583.451558,227.1,9.255582,2.4,6.0
1671371442.495000,45.306155,6.577170,2581.579349,216.0,11.171835,2.4,6.0
1671371443.501000,45.306070,6.577083,2579.562773,227.4,11.596233,2.4,6.0
1671371444.510000,45.306004,6.576978,2577.237920,248.5,10.270915,2.5,6.0
1671371446.499000,45.305991,6.576740,2572.748945,264.1,9.396174,2.7,6.0
1671371448.486000,45.305920,6.576532,2569.644764,217.8,10.097396,2.6,6.0
1671371450.500000,45.305779,6.576376,2564.933981,219.5,9.864095,2.7,6.0
1671371451.501000,45.305719,6.576278,2563.240637,233.1,11.020241,2.6,6.0
1671371453.499000,45.305713,6.576052,2558.979516,273.2,8.245983,2.7,6.0
1671371455.500000,45.305720,6.575853,2554.004647,247.7,8.668031,2.7,6.0
1671371457.489000,45.305706,6.575665,2549.155163,276.1,6.180064,2.5,6.0
1671371459.489000,45.305743,6.575526,2545.591974,260.1,5.830368,2.8,6.0
1671371461.499000,45.305709,6.575364,2540.980289,254.1,7.023116,2.7,6.0
1671371463.492000,45.305715,6.575179,2536.868378,282.8,7.043849,2.7,6.0
1671371465.495000,45.305731,6.574992,2533.062354,269.3,6.320355,2.7,6.0
1671371467.501000,45.305719,6.574803,2525.426219,261.9,7.166741,2.6,6.0
1671371469.503000,45.305664,6.574621,2522.928229,248.4,6.807826,2.6,6.0
1671371471.503000,45.305632,6.574461,2516.536201,263.7,7.361138,2.5,6.0
1671371473.499000,45.305596,6.574288,2514.230687,217.2,5.696814,2.6,6.0
1671371475.493000,45.305503,6.574162,2510.582659,249.8,7.339450,2.6,6.0
1671371477.495000,45.305476,6.573973,2504.104603,233.3,6.312935,2.5,6.0
1671371479.505000,45.305439,6.573830,2498.246119,286.6,5.882532,2.7,6.0
1671371482.487000,45.305472,6.573710,2494.900753,278.3,2.993276,2.6,6.0
1671371484.498000,45.305419,6.573571,2492.647701,232.3,7.583862,2.6,6.0
1671371486.496000,45.305282,6.573410,2485.673151,207.0,10.231179,2.5,6.0
1671371487.494000,45.305184,6.573335,2483.780502,208.9,11.614008,2.6,6.0
1671371488.514000,45.305077,6.573251,2480.184312,219.7,12.520927,2.7,6.0
1671371489.502000,45.304987,6.573143,2479.144706,243.9,12.100836,2.7,6.0
1671371490.497000,45.304938,6.572997,2473.787641,252.5,12.883287,2.6,6.0
1671371491.498000,45.304900,6.572835,2473.344893,242.3,13.083627,2.7,6.0
1671371492.507000,45.304843,6.572682,2468.738437,232.2,13.249063,2.7,6.0
1671371493.489000,45.304765,6.572541,2466.752471,231.0,12.946838,2.7,6.0
1671371494.499000,45.304688,6.572407,2465.708234,240.3,12.580124,2.6,6.0
1671371495.490000,45.304628,6.572263,2463.575321,244.0,11.884479,2.6,6.0
1671371496.493000,45.304566,6.572146,2460.440096,230.5,10.148505,2.6,6.0
1671371497.495000,45.304496,6.572055,2460.930809,225.0,9.845720,2.5,6.0
1671371498.505000,45.304427,6.571971,2457.868530,226.9,9.522109,2.6,6.0
1671371500.485000,45.304347,6.571801,2456.611587,242.1,6.977522,2.5,6.0
1671371504.497000,45.304265,6.571698,2454.294166,182.2,2.810795,2.5,6.0
1671371507.498000,45.304176,6.571647,2452.664966,241.2,5.073631,2.5,6.0
1671371509.490000,45.304149,6.571490,2449.851604,256.0,6.389731,2.5,6.0
1671371511.487000,45.304102,6.571342,2446.732077,231.1,4.822943,2.7,6.0
1671371514.482000,45.304015,6.571207,2440.576389,248.7,7.363715,2.5,8.3
1671371516.497000,45.303984,6.571008,2436.207357,244.4,7.248810,2.5,8.7
1671371518.493000,45.303906,6.570876,2431.609544,228.9,6.705723,2.7,6.0
1671371520.484000,45.303856,6.570737,2427.048650,263.0,7.012680,2.7,6.0
1671371522.495000,45.303815,6.570564,2422.234718,233.3,5.771462,2.7,6.0
1671371524.493000,45.303744,6.570468,2417.805633,225.5,4.926690,2.6,6.5
1671371526.485000,45.303720,6.570332,2415.774872,258.3,5.678075,2.5,6.3
1671371528.491000,45.303652,6.570219,2410.147087,220.1,4.351762,2.4,6.4
1671371531.200000,45.303570,6.570151,2406.157261,193.7,3.864070,2.6,5.9
1671371533.496000,45.303426,6.570164,2401.734999,167.8,8.599539,2.5,5.9
1671371535.503000,45.303284,6.570266,2395.436940,136.1,8.729717,2.5,6.4
1671371537.494000,45.303185,6.570472,2391.196802,124.5,10.054023,2.7,6.0
1671371538.497000,45.303129,6.570589,2390.638528,127.4,10.731291,2.5,6.0
1671371539.488000,45.303068,6.570709,2389.548751,128.8,11.068642,2.6,6.0
1671371540.497000,45.302996,6.570834,2388.127307,131.0,11.619190,2.7,6.0
1671371541.487000,45.302922,6.570958,2386.655731,132.0,11.822976,2.6,6.0
1671371542.500000,45.302849,6.571076,2385.166893,134.0,11.412870,2.7,6.0
1671371543.494000,45.302773,6.571188,2382.726202,135.0,11.565195,2.5,6.0
1671371544.489000,45.302697,6.571298,2381.237776,136.9,11.448768,2.5,6.0
1671371545.509000,45.302619,6.571403,2380.617944,140.0,11.091002,2.6,6.0
1671371546.484000,45.302540,6.571498,2379.820253,144.0,10.576396,2.7,6.0
1671371547.490000,45.302458,6.571577,2378.918731,147.0,10.502002,2.7,6.0
1671371548.490000,45.302377,6.571646,2376.581828,150.0,10.099999,2.6,6.0
1671371550.497000,45.302216,6.571740,2375.803133,160.0,9.502841,2.7,6.0
1671371552.505000,45.302063,6.571822,2375.079238,152.4,9.352288,2.6,6.0
1671371554.501000,45.301929,6.571970,2368.934702,140.0,10.100964,2.6,5.2
1671371555.487000,45.301862,6.572060,2371.400892,138.0,10.284666,2.5,5.0
1671371556.494000,45.301793,6.572155,2369.489589,136.0,10.482395,2.6,4.7
1671371557.503000,45.301725,6.572248,2368.707343,138.0,10.405011,2.4,4.7
1671371558.506000,45.301658,6.572336,2366.921107,136.1,10.252380,2.5,4.8
1671371559.490000,45.301589,6.572431,2367.158862,136.0,10.091027,2.5,5.0
1671371560.492000,45.301522,6.572527,2366.639419,135.0,10.058566,2.6,5.6
1671371561.501000,45.301456,6.572626,2366.434609,132.0,10.031282,2.5,6.0
1671371562.502000,45.301398,6.572727,2364.726447,128.0,9.523612,2.5,6.0
1671371563.489000,45.301344,6.572830,2363.655077,129.0,9.128265,2.5,6.0
1671371565.480000,45.301239,6.573020,2361.509961,129.9,9.228537,2.6,6.0
1671371567.494000,45.301126,6.573202,2361.110795,136.4,9.030911,2.5,6.0
1671371569.505000,45.300992,6.573352,2359.501868,144.9,9.064615,2.7,6.0
1671371571.494000,45.300855,6.573484,2357.918312,145.6,8.716640,2.7,6.0
1671371573.506000,45.300721,6.573604,2356.546126,147.7,8.163452,2.5,5.6
1671371575.511000,45.300600,6.573708,2357.332379,148.0,7.451252,2.7,5.2
1671371577.509000,45.300498,6.573800,2356.226980,145.4,6.345326,2.6,5.2
1671371579.493000,45.300408,6.573892,2355.500904,141.8,6.343349,2.7,5.7
1671371581.488000,45.300334,6.573975,2354.880027,143.0,5.364393,2.6,6.0
1671371584.487000,45.300247,6.574082,2355.288558,137.7,4.248409,2.5,6.0
1671371587.498000,45.300164,6.574194,2353.491804,136.0,4.199616,2.5,6.0
1671371590.011000,45.300097,6.574292,2353.967023,135.0,4.846357,2.6,6.3
1671371592.503000,45.300028,6.574418,2352.487509,126.4,5.009333,2.5,7.3
1671371595.378000,45.299951,6.574570,2351.112319,129.6,5.040448,2.7,8.7
1671371597.505000,45.299904,6.574746,2350.142255,114.1,6.537947,2.7,7.2
1671371599.495000,45.299856,6.574919,2347.256734,109.8,7.559307,2.7,5.4
1671371601.492000,45.299816,6.575111,2344.842269,104.4,7.022376,2.5,4.4
1671371603.493000,45.299791,6.575282,2344.797192,100.3,7.059799,2.7,4.4
1671371605.500000,45.299790,6.575442,2341.669473,81.1,5.228243,2.6,4.4
1671371625.555000,45.299800,6.575530,2342.864023,-1.0,0.000000,2.7,5.9
1671371625.555000,45.299800,6.575530,2342.864023,-1.0,0.000000,2.7,5.9
1671371641.514000,45.299704,6.575556,2341.196789,108.0,3.863056,2.6,6.0
1671371644.484000,45.299681,6.575720,2340.893295,97.0,4.593026,2.6,5.7
1671371646.505000,45.299664,6.575856,2340.014323,100.0,5.101147,2.6,5.1
1671371648.493000,45.299635,6.575995,2338.370116,107.0,5.916555,2.6,4.6
1671371650.500000,45.299598,6.576150,2337.279048,113.0,6.283521,2.7,4.0
1671371652.495000,45.299553,6.576303,2335.696207,112.0,6.777725,2.7,4.4
1671371654.522000,45.299505,6.576463,2334.892854,110.0,7.000748,2.5,5.2
1671371656.483000,45.299454,6.576619,2333.693090,115.0,6.343152,2.7,5.2
1671371658.506000,45.299403,6.576772,2333.232150,116.0,6.435548,2.7,4.4
1671371660.496000,45.299345,6.576908,2331.924276,123.0,5.935315,2.7,4.4
1671371662.485000,45.299285,6.577021,2331.032482,144.5,4.872196,2.6,5.3
1671371664.493000,45.299209,6.577092,2328.952168,151.0,4.392867,2.6,6.4
1671371667.508000,45.299097,6.577161,2330.162396,168.5,4.297805,2.4,6.0
1671371670.515000,45.298993,6.577189,2330.000314,185.9,1.679054,2.6,6.4
1671371673.761000,45.298903,6.577178,2331.457287,181.6,2.366717,2.7,6.6
1671371678.561000,45.298785,6.577148,2329.437123,197.7,3.415376,2.8,8.2
1671371680.820000,45.298684,6.577117,2327.731991,185.7,4.785200,2.7,8.7
1671371682.500000,45.298589,6.577092,2326.278848,182.1,6.389046,2.7,8.3
1671371684.507000,45.298468,6.577092,2323.352588,173.0,5.953708,2.9,8.0
1671371686.502000,45.298380,6.577123,2321.994633,158.2,4.664334,2.8,6.8
1671371689.448000,45.298283,6.577167,2321.073675,154.2,3.176830,2.9,8.8
1671371691.230000,45.298212,6.577250,2320.933908,152.7,3.478450,2.8,9.5
1671371694.229000,45.298106,6.577323,2320.756098,164.2,3.720858,2.9,10.1
1671371697.229000,45.298001,6.577364,2320.503821,167.1,3.850637,2.8,10.6
1671371701.429000,45.297880,6.577379,2321.016501,177.6,2.872615,3.0,10.2
1671371705.389000,45.297787,6.577370,2319.031694,181.8,2.852219,3.0,10.5
1671371708.388000,45.297692,6.577397,2318.618819,171.2,3.494378,3.1,10.6
1671371711.387000,45.297593,6.577439,2317.149152,165.7,3.735239,3.0,11.5
1671371714.487000,45.297510,6.577547,2316.093887,134.6,2.659674,3.1,9.5
1671371718.500000,45.297463,6.577684,2315.095196,117.3,3.743781,3.2,6.0
1671371720.513000,45.297426,6.577814,2313.232128,111.9,5.403533,3.1,6.4
1671371722.493000,45.297394,6.577950,2311.159520,109.4,5.044183,3.1,6.3
1671371725.495000,45.297353,6.578135,2310.036268,107.7,4.735017,3.0,6.0
1671371728.492000,45.297301,6.578288,2311.561540,120.4,4.022035,3.2,6.0
1671371731.495000,45.297209,6.578390,2309.441193,148.0,3.117803,3.4,6.0
1671371734.727000,45.297128,6.578448,2309.239019,138.7,2.398799,3.4,6.5
1671371738.184000,45.297060,6.578545,2309.489004,120.0,1.706577,3.4,8.9
1671371743.583000,45.296998,6.578657,2309.245679,148.0,2.484013,3.4,13.3
1671371747.186000,45.296920,6.578729,2308.114962,160.0,1.975633,3.4,13.7
1671371763.682000,45.296864,6.578845,2311.916593,144.4,0.469751,2.6,5.5
1671371770.160000,45.296790,6.578919,2311.848071,143.3,1.204199,2.6,7.5
1671371781.119000,45.296727,6.579011,2312.970667,-1.0,0.016778,2.6,9.9
1671371800.377000,45.296624,6.579007,2313.165285,199.4,1.950626,2.6,7.9
1671371802.099000,45.296529,6.579012,2312.724602,162.2,4.096627,2.7,9.0
1671371804.489000,45.296416,6.579081,2309.467456,160.2,6.178779,2.6,9.3
1671371806.497000,45.296298,6.579166,2306.693454,154.0,6.542697,2.6,9.2
1671371808.496000,45.296174,6.579236,2304.623870,221.8,5.045537,2.7,8.0
1671371811.496000,45.296066,6.579098,2301.992115,259.0,7.567822,2.8,7.7
1671371813.505000,45.296018,6.578904,2301.620991,257.0,7.951938,2.7,6.8
1671371815.500000,45.295965,6.578717,2301.174472,245.4,7.772447,2.6,5.6
1671371817.500000,45.295907,6.578533,2300.017685,250.0,7.705933,2.6,4.8
1671371819.497000,45.295856,6.578341,2298.234591,248.0,7.636973,2.7,4.0
1671371821.507000,45.295809,6.578161,2297.229542,254.9,7.626152,2.8,4.0
1671371823.496000,45.295800,6.577961,2296.135467,278.0,8.133273,2.7,4.0
1671371825.483000,45.295810,6.577740,2294.951003,271.0,8.281244,2.8,4.0
1671371827.487000,45.295808,6.577522,2289.149400,270.0,8.448948,2.9,4.0
1671371829.508000,45.295811,6.577301,2288.436252,272.6,8.548614,2.9,4.8
1671371831.511000,45.295820,6.577085,2286.798716,272.7,8.323214,2.9,4.8
1671371833.497000,45.295815,6.576870,2285.186464,269.7,8.484009,2.9,4.7
1671371835.499000,45.295822,6.576652,2283.031947,273.0,8.392802,2.9,4.0
1671371837.502000,45.295821,6.576461,2281.510701,266.1,6.680992,2.9,5.0
1671371839.515000,45.295821,6.576304,2279.999221,275.1,6.237056,3.1,5.2
1671371841.490000,45.295806,6.576170,2280.460527,252.8,4.594358,3.0,5.0
1671371845.507000,45.295767,6.576049,2281.827867,-1.0,0.076778,2.9,4.0
1671371881.679000,45.295756,6.575921,2283.418366,247.9,0.587807,2.5,12.2
1671371896.661000,45.295776,6.575787,2280.162887,278.7,0.711477,2.5,30.6
1671371943.374000,45.295968,6.575780,2277.195965,357.0,1.314926,3.0,272.2
1671371948.395000,45.296061,6.575775,2277.568605,357.3,1.518571,3.0,322.5
1671371959.748000,45.295791,6.575567,2279.133790,225.4,0.911277,2.5,113.2
1671371964.790000,45.295700,6.575672,2280.035598,173.4,1.114783,2.5,90.2
1671371989.940000,45.295625,6.575782,2282.333393,118.3,0.467629,2.5,93.1
1671371994.979000,45.295846,6.576149,2282.503560,53.3,3.613785,2.5,74.5
1671371995.538000,45.296037,6.576448,2282.503560,50.6,6.207825,2.5,64.9
1671371997.217000,45.296100,6.576555,2280.188722,50.5,6.391531,2.5,113.6
1671371998.939000,45.296162,6.576665,2280.372685,50.7,6.527155,2.5,111.5
1671372000.138000,45.296218,6.576773,2280.372685,51.2,6.530645,2.5,109.8
1671372002.892000,45.296262,6.576892,2280.179984,52.9,6.111078,2.5,106.5
1671372006.298000,45.296136,6.576734,2282.106600,57.7,3.107292,2.5,95.2
1671372008.099000,45.296055,6.576590,2282.103960,61.3,1.792327,2.5,87.7
1671372009.839000,45.295992,6.576480,2281.769625,69.3,0.911829,2.6,80.3
1671372014.619000,45.295907,6.576350,2282.318234,149.8,0.262254,2.6,72.2
1671372018.818000,45.295827,6.576114,2282.130246,230.8,0.909123,2.6,55.4
1671372019.939000,45.295786,6.575976,2283.770421,236.6,1.368525,2.6,39.5
1671372024.659000,45.295748,6.575814,2278.945492,241.4,1.607668,2.7,16.9
1671372050.478000,45.295706,6.575697,2290.166697,-1.0,0.033310,2.2,10.8
1671372090.417000,45.295623,6.575642,2296.299805,-1.0,0.003525,2.5,12.4
1671372116.199000,45.295845,6.575693,2294.299805,3.2,14.997391,4.1,11.5
1671372117.301000,45.296266,6.575719,2294.299805,2.7,29.239803,4.1,14.3
1671372118.502000,45.296608,6.575740,2294.299805,2.6,32.628555,4.1,15.9
1671372119.100000,45.296789,6.575750,2294.299805,2.5,27.977613,4.2,19.9
1671372121.521000,45.296115,6.575694,2287.675872,-1.0,0.013828,2.7,23.1
1671372122.518000,45.295946,6.575678,2287.976567,-1.0,0.001519,2.8,21.2
1671372123.501000,45.295855,6.575670,2294.500000,-1.0,0.000311,5.4,19.3
1671372125.520000,45.295758,6.575661,2294.500000,-1.0,0.000168,5.5,15.5
1671372129.522000,45.295660,6.575652,2294.299805,-1.0,0.000010,3.2,13.0
1671372180.513000,45.295578,6.575711,2294.500000,-1.0,0.000005,7.1,12.0
1671372199.521000,45.295484,6.575721,2294.399902,-1.0,0.000001,16.3,12.1
1671372208.517000,45.295445,6.575926,2295.379303,98.4,5.507754,3.9,19.4
1671372210.509000,45.295423,6.576155,2295.587980,95.9,5.561812,4.1,19.1
1671372211.506000,45.295401,6.576343,2295.862701,97.5,5.422902,4.1,14.3
1671372212.528000,45.295379,6.576519,2296.988096,98.1,5.444393,4.1,11.6
1671372213.505000,45.295364,6.576645,2298.126853,98.3,5.404869,5.0,10.7
1671372215.507000,45.295340,6.576851,2300.156386,97.6,5.418658,5.6,7.0
1671372217.528000,45.295321,6.577020,2301.922053,98.1,5.396483,5.7,4.8
1671372219.521000,45.295308,6.577171,2303.899902,97.8,5.364888,4.9,4.3
1671372221.522000,45.295296,6.577319,2307.214656,98.0,5.344655,5.0,4.0
1671372223.515000,45.295286,6.577461,2310.448966,97.7,5.347590,4.3,4.7
1671372225.506000,45.295275,6.577599,2313.679546,97.7,5.241271,11.1,5.3
1671372227.515000,45.295264,6.577742,2315.882282,97.3,5.509816,11.0,5.3
1671372229.504000,45.295254,6.577881,2316.192088,97.8,5.433910,7.4,4.4
1671372231.523000,45.295241,6.578022,2317.456671,97.9,5.569381,3.3,4.0
1671372233.514000,45.295230,6.578156,2317.848623,98.0,5.435205,3.3,4.8
1671372235.508000,45.295220,6.578290,2317.879999,97.0,5.531768,4.3,5.3
1671372237.509000,45.295207,6.578432,2318.597769,97.0,5.551478,4.4,5.3
1671372239.522000,45.295192,6.578573,2319.731493,97.0,5.498467,4.4,4.8
1671372241.531000,45.295179,6.578710,2320.711704,98.0,5.424758,5.3,4.4
1671372243.507000,45.295167,6.578844,2322.134537,97.0,5.476753,5.9,5.0
1671372245.521000,45.295155,6.578981,2322.751968,97.0,5.522983,6.0,5.6
1671372247.515000,45.295142,6.579124,2324.204299,97.0,5.488506,5.2,5.7
1671372249.509000,45.295129,6.579265,2325.781475,97.0,5.453776,12.6,5.0
1671372251.526000,45.295116,6.579399,2326.884347,98.0,5.397375,4.6,4.4
1671372253.522000,45.295102,6.579537,2328.575073,97.0,5.502834,11.5,5.0
1671372255.510000,45.295089,6.579675,2329.747268,98.0,5.443155,7.6,5.3
1671372257.510000,45.295075,6.579816,2332.479486,98.0,5.456738,7.7,5.0
1671372259.505000,45.295062,6.579952,2334.581803,97.0,5.367051,3.6,4.3
1671372261.516000,45.295050,6.580089,2336.344001,98.0,5.442591,3.6,4.0
1671372263.516000,45.295037,6.580228,2338.037802,97.0,5.399740,4.6,4.4
1671372265.522000,45.295021,6.580369,2340.015866,98.0,5.398900,4.7,4.4
1671372267.500000,45.295005,6.580505,2343.295302,98.0,5.318551,4.1,4.7
1671372269.529000,45.294993,6.580636,2346.041518,97.0,5.437164,6.3,5.2
1671372271.494000,45.294978,6.580771,2346.534805,97.0,5.470731,6.3,5.3
1671372273.519000,45.294966,6.580912,2346.678310,97.0,5.548834,6.2,5.0
1671372275.511000,45.294952,6.581051,2346.880284,97.0,5.451262,5.5,4.3
1671372277.508000,45.294938,6.581190,2347.938070,98.0,5.490819,12.2,4.0
1671372279.505000,45.294924,6.581327,2348.669029,98.0,5.438149,19.9,4.4
1671372281.525000,45.294911,6.581467,2349.423025,97.0,5.488301,11.9,5.0
1671372283.527000,45.294899,6.581604,2350.010550,97.0,5.490177,8.1,5.2
1671372285.508000,45.294886,6.581746,2351.762733,98.0,5.424119,8.1,4.7
1671372287.522000,45.294872,6.581887,2353.744184,98.0,5.437901,3.9,4.0
1671372289.517000,45.294860,6.582030,2354.805454,97.0,5.464683,4.6,4.0
1671372291.493000,45.294847,6.582166,2355.600829,97.0,5.523565,4.6,4.3
1671372293.530000,45.294833,6.582306,2356.793580,97.0,5.489768,5.0,4.4
1671372295.518000,45.294819,6.582444,2359.761445,98.0,5.451604,5.7,4.3
1671372297.520000,45.294805,6.582577,2361.398472,97.0,5.448888,5.7,4.0
1671372299.525000,45.294790,6.582713,2362.832878,97.0,5.389249,5.6,4.3
1671372301.503000,45.294775,6.582854,2364.225536,98.0,5.473974,4.9,4.3
1671372303.519000,45.294760,6.582994,2366.974247,97.0,5.420464,5.0,4.4
1671372305.524000,45.294747,6.583130,2369.617260,98.0,5.411825,4.2,4.4
1671372307.528000,45.294732,6.583263,2370.927492,98.0,5.313410,11.2,4.3
1671372309.509000,45.294718,6.583400,2373.529090,97.0,5.462450,11.1,4.3
1671372311.501000,45.294704,6.583538,2375.910147,98.0,5.349184,7.3,4.0
1671372313.515000,45.294692,6.583669,2379.272860,97.0,5.274510,3.1,4.0
1671372315.509000,45.294680,6.583803,2381.687475,97.0,5.311516,3.1,4.0
1671372317.504000,45.294667,6.583938,2384.348353,99.0,5.327323,3.8,4.7
1671372319.496000,45.294653,6.584080,2386.451217,97.0,5.592291,4.1,5.3
1671372321.506000,45.294643,6.584212,2387.778321,98.0,5.498431,3.4,5.2
1671372323.494000,45.294630,6.584350,2388.168206,98.0,5.363473,5.7,4.7
1671372325.498000,45.294616,6.584486,2388.624923,97.0,5.445193,5.6,4.0
1671372327.496000,45.294602,6.584625,2389.583774,97.0,5.525930,5.7,4.0
1671372329.505000,45.294588,6.584767,2391.186554,98.0,5.630577,4.9,4.0
1671372331.517000,45.294573,6.584906,2392.570532,97.0,5.448757,12.4,4.0
1671372333.498000,45.294560,6.585043,2393.903960,97.0,5.401700,4.2,4.3
1671372335.501000,45.294546,6.585179,2395.132465,97.0,5.328528,11.2,4.3
1671372337.506000,45.294532,6.585318,2396.779072,98.0,5.490324,7.3,4.3
1671372339.519000,45.294518,6.585456,2398.875219,97.0,5.432750,7.4,4.0
1671372341.526000,45.294505,6.585593,2401.818308,97.0,5.430324,3.1,4.0
1671372343.502000,45.294491,6.585727,2402.767925,97.0,5.296923,3.1,4.0
1671372345.513000,45.294478,6.585863,2404.632695,97.0,5.453103,3.8,4.0
1671372347.507000,45.294463,6.586003,2406.591399,98.0,5.501368,4.1,4.0
1671372349.510000,45.294448,6.586137,2409.604580,98.0,5.301187,3.4,4.0
1671372351.504000,45.294435,6.586266,2411.570416,98.0,5.417853,5.7,4.0
1671372353.510000,45.294422,6.586399,2413.030656,97.0,5.387255,5.6,4.0
1671372355.498000,45.294406,6.586534,2414.849530,98.0,5.421265,5.6,4.0
1671372357.508000,45.294393,6.586670,2417.805030,97.0,5.359997,4.9,4.4
1671372359.520000,45.294381,6.586806,2420.027024,97.0,5.366861,12.2,5.2
1671372361.515000,45.294368,6.586943,2422.426576,98.0,5.436802,19.4,5.2
1671372363.519000,45.294355,6.587082,2424.176883,97.0,5.452378,11.3,4.7
1671372365.524000,45.294342,6.587219,2427.551516,97.0,5.293148,7.2,4.0
1671372367.497000,45.294329,6.587352,2430.312851,97.0,5.422204,7.4,4.0
1671372369.497000,45.294316,6.587482,2433.577269,97.0,5.258533,3.1,4.7
1671372371.508000,45.294303,6.587616,2436.333253,97.0,5.268733,3.0,5.0
1671372373.511000,45.294288,6.587753,2439.233550,98.0,5.288659,3.8,4.8
1671372375.501000,45.294276,6.587889,2442.222708,98.0,5.353327,4.2,4.7
1671372377.524000,45.294262,6.588022,2446.252577,97.0,5.276320,4.5,4.4
1671372379.519000,45.294250,6.588155,2449.809352,98.0,5.212700,5.7,4.8
1671372381.514000,45.294235,6.588284,2452.676380,98.0,5.123755,5.7,5.0
1671372383.522000,45.294220,6.588421,2455.995104,97.0,5.389301,6.2,5.2
1671372385.513000,45.294207,6.588569,2459.724504,98.0,5.728983,5.0,4.7
1671372387.506000,45.294195,6.588702,2461.065875,98.0,5.245099,4.3,4.0
1671372389.528000,45.294182,6.588842,2462.228837,97.0,5.439154,17.1,4.8
1671372391.518000,45.294170,6.588978,2463.850842,98.0,5.396040,11.3,5.0
1671372393.504000,45.294156,6.589119,2465.731897,98.0,5.344219,7.5,5.7
1671372395.512000,45.294141,6.589254,2468.059806,97.0,5.352576,6.0,5.7
1671372397.509000,45.294129,6.589387,2470.413628,97.0,5.389318,3.2,5.3
1671372399.511000,45.294117,6.589522,2471.559072,97.0,5.448589,4.1,4.7
1671372401.510000,45.294106,6.589660,2473.735892,97.0,5.491722,4.1,4.0
1671372403.526000,45.294091,6.589803,2475.883589,98.0,5.405242,4.2,4.0
1671372405.504000,45.294078,6.589941,2478.393985,97.0,5.281569,5.8,4.0
1671372407.516000,45.294065,6.590077,2480.469508,97.0,5.395133,5.7,4.0
1671372409.518000,45.294052,6.590212,2483.145551,98.0,5.374054,5.7,4.0
1671372411.511000,45.294039,6.590345,2485.554985,98.0,5.379603,5.0,4.0
1671372413.507000,45.294026,6.590480,2488.673142,97.0,5.411938,5.1,4.0
1671372415.513000,45.294016,6.590610,2492.073622,98.0,5.331746,4.3,4.0
1671372417.513000,45.294004,6.590742,2494.736347,98.0,5.243289,11.4,4.0
1671372419.516000,45.293990,6.590873,2497.489960,97.0,5.398331,11.3,4.8
1671372421.510000,45.293974,6.591011,2500.488036,98.0,5.483053,7.5,5.2
1671372423.509000,45.293960,6.591144,2503.365755,98.0,5.206216,3.1,4.8
1671372425.506000,45.293946,6.591274,2505.288052,97.0,5.223314,3.1,4.3
1671372427.495000,45.293933,6.591407,2508.310462,98.0,5.380930,3.9,4.0
1671372429.510000,45.293918,6.591542,2511.982232,98.0,5.214409,4.2,4.0
1671372431.505000,45.293904,6.591675,2515.836268,97.0,5.258675,3.5,4.0
1671372433.498000,45.293891,6.591810,2519.716863,98.0,5.277467,5.8,4.0
1671372435.533000,45.293877,6.591943,2522.194269,97.0,5.166286,5.7,4.0
1671372437.507000,45.293864,6.592074,2526.189159,98.0,5.287768,5.8,4.0
1671372439.502000,45.293850,6.592211,2529.841032,97.0,5.327165,4.9,4.0
1671372441.507000,45.293836,6.592344,2533.548823,98.0,5.180367,12.4,4.0
1671372443.523000,45.293822,6.592474,2536.788019,97.0,5.128922,19.7,4.0
1671372445.521000,45.293809,6.592603,2540.324124,98.0,5.175900,11.5,4.0
1671372447.519000,45.293796,6.592734,2545.342368,97.0,5.229882,7.4,4.0
1671372449.515000,45.293782,6.592867,2549.048804,98.0,5.198916,7.5,4.0
1671372451.513000,45.293769,6.592998,2553.272243,97.0,5.542252,3.0,4.0
1671372453.503000,45.293752,6.593136,2555.663614,98.0,5.173275,2.9,4.0
1671372455.510000,45.293737,6.593270,2557.857325,97.0,5.521435,3.9,4.0
1671372457.513000,45.293726,6.593408,2560.350267,97.0,5.344606,4.2,4.0
1671372459.522000,45.293714,6.593542,2563.106250,97.0,5.336169,4.5,4.0
1671372461.513000,45.293703,6.593671,2565.059682,98.0,5.143307,5.8,4.3
1671372463.509000,45.293691,6.593805,2568.162586,98.0,5.328291,5.8,4.3
1671372465.506000,45.293678,6.593938,2570.492682,98.0,5.296412,5.8,4.4
1671372467.493000,45.293665,6.594073,2573.612305,97.0,5.385537,5.0,4.0
1671372469.502000,45.293651,6.594208,2576.337117,98.0,5.207532,4.3,4.0
1671372471.507000,45.293639,6.594338,2579.122244,97.0,5.184010,17.2,4.7
1671372473.506000,45.293626,6.594473,2582.064707,98.0,5.380995,11.6,4.7
1671372475.508000,45.293611,6.594611,2585.440102,98.0,5.347046,7.6,4.7
1671372477.508000,45.293598,6.594744,2588.912757,97.0,5.235286,6.5,4.0
1671372479.510000,45.293584,6.594878,2592.616910,97.0,5.303763,3.0,4.0
1671372481.507000,45.293571,6.595010,2595.936301,97.0,5.198300,4.2,4.0
1671372483.510000,45.293558,6.595143,2600.208329,97.0,5.199815,4.2,4.0
1671372485.507000,45.293544,6.595274,2603.595303,97.0,5.329496,4.3,4.0
1671372488.511000,45.293523,6.595466,2609.010353,97.0,5.669549,5.2,4.4
1671372490.525000,45.293508,6.595605,2611.321574,97.0,5.169642,5.8,4.4
1671372492.499000,45.293493,6.595739,2612.662537,98.0,5.552626,5.8,4.3
1671372494.507000,45.293480,6.595871,2614.642834,97.0,5.333368,5.0,4.0
1671372496.512000,45.293470,6.596001,2616.988523,97.0,5.368640,12.5,4.0
1671372498.520000,45.293458,6.596132,2618.692642,98.0,5.243441,19.9,4.0
1671372500.509000,45.293444,6.596266,2620.797276,98.0,5.322858,11.7,4.0
1671372502.501000,45.293429,6.596397,2623.710347,98.0,5.217759,7.5,4.0
1671372504.530000,45.293415,6.596535,2626.390929,98.0,5.351469,7.7,4.0
1671372506.530000,45.293401,6.596677,2629.089443,98.0,5.294964,3.1,4.0
1671372508.509000,45.293387,6.596812,2631.796466,98.0,5.367538,3.1,4.0
1671372510.510000,45.293374,6.596945,2635.544513,97.0,5.339140,4.0,4.0
1671372512.516000,45.293363,6.597080,2638.456409,97.0,5.497243,4.3,4.0
1671372514.504000,45.293352,6.597223,2640.112585,97.0,5.463391,4.6,4.0
1671372516.505000,45.293341,6.597361,2641.282008,97.0,5.492833,5.2,4.0
1671372518.520000,45.293326,6.597500,2642.919472,97.0,5.445218,5.9,4.0
1671372520.525000,45.293312,6.597640,2644.560005,97.0,5.439719,6.3,4.0
1671372522.509000,45.293299,6.597776,2646.258679,97.0,5.504056,5.2,4.0
1671372524.513000,45.293287,6.597911,2648.486468,98.0,5.460556,4.3,4.0
1671372526.516000,45.293275,6.598047,2650.551743,97.0,5.262728,17.7,4.0
1671372528.502000,45.293263,6.598179,2652.981822,98.0,5.273911,11.7,4.0
1671372530.509000,45.293250,6.598313,2655.343691,97.0,5.303124,7.8,4.0
1671372532.504000,45.293239,6.598447,2657.756431,98.0,5.369306,6.2,4.8
1671372534.506000,45.293227,6.598581,2660.169194,98.0,5.392752,3.3,4.8
1671372536.519000,45.293214,6.598718,2663.007634,98.0,5.303886,4.3,4.8
1671372538.509000,45.293201,6.598854,2665.322630,98.0,5.306956,4.3,4.8
1671372540.502000,45.293188,6.598988,2667.580292,98.0,5.268577,4.3,4.7
1671372542.513000,45.293175,6.599124,2670.550948,97.0,5.422268,5.3,4.0
1671372544.510000,45.293161,6.599263,2673.989487,97.0,5.454463,5.9,4.0
1671372546.517000,45.293148,6.599395,2676.558948,97.0,5.212421,5.9,4.0
1671372548.508000,45.293135,6.599527,2680.445013,98.0,5.379297,5.1,4.0
1671372550.505000,45.293121,6.599664,2682.687362,98.0,5.418842,5.2,4.0
1671372552.523000,45.293108,6.599799,2684.899879,97.0,5.300507,4.4,4.0
1671372554.519000,45.293094,6.599935,2688.252429,98.0,5.385537,11.8,4.0
1671372556.510000,45.293080,6.600068,2690.665693,98.0,5.215088,11.8,4.0
1671372558.508000,45.293068,6.600201,2693.539261,98.0,5.316536,7.8,4.0
1671372560.534000,45.293054,6.600337,2697.778628,97.0,5.283865,3.3,4.0
1671372562.515000,45.293042,6.600470,2701.266947,97.0,5.209824,3.3,4.0
1671372564.534000,45.293028,6.600603,2704.896861,98.0,5.250486,4.3,4.0
1671372566.505000,45.293015,6.600734,2707.822417,98.0,5.099800,4.4,4.0
1671372568.531000,45.293002,6.600864,2711.863227,97.0,5.163537,3.6,4.0
1671372570.506000,45.292989,6.600996,2715.639034,98.0,5.291393,5.3,4.0
1671372572.504000,45.292975,6.601130,2719.507005,98.0,5.206509,5.9,4.0
1671372575.497000,45.292957,6.601312,2724.832873,97.0,5.298937,5.1,4.0
1671372577.508000,45.292940,6.601461,2726.128036,98.0,5.455495,5.2,4.0
1671372579.506000,45.292923,6.601605,2727.506796,97.0,5.690451,4.4,4.0
1671372581.506000,45.292907,6.601746,2728.626740,97.0,5.431114,11.9,4.0
1671372583.502000,45.292892,6.601882,2729.966979,97.0,5.406340,11.9,4.0
1671372585.508000,45.292878,6.602018,2731.371398,98.0,5.465279,7.9,4.0
1671372587.497000,45.292862,6.602158,2732.587686,98.0,5.564594,3.3,4.0
1671372589.507000,45.292848,6.602298,2734.546135,97.0,5.489480,3.3,4.0
1671372591.502000,45.292834,6.602436,2735.466860,97.0,5.405275,4.3,4.0
1671372593.515000,45.292820,6.602574,2738.038378,97.0,5.460030,4.4,4.0
1671372595.510000,45.292805,6.602711,2739.742358,98.0,5.447880,3.7,4.0
1671372597.530000,45.292790,6.602849,2741.354118,98.0,5.424223,5.3,4.0
1671372599.514000,45.292775,6.602984,2742.601685,98.0,5.372503,5.9,4.0
1671372601.506000,45.292762,6.603120,2744.746372,97.0,5.395667,6.0,4.0
1671372603.504000,45.292750,6.603255,2747.864100,97.0,5.355254,5.2,4.0
1671372605.509000,45.292736,6.603390,2750.344617,97.0,5.414787,13.3,4.0
1671372607.547000,45.292722,6.603529,2752.195723,98.0,5.475829,4.4,4.0
1671372609.520000,45.292708,6.603664,2754.269906,98.0,5.303501,12.1,4.0
1671372611.498000,45.292694,6.603796,2757.268402,97.0,5.232490,7.9,4.0
1671372613.508000,45.292682,6.603931,2759.243807,97.0,5.424721,8.0,4.0
1671372615.514000,45.292668,6.604072,2761.942382,97.0,5.551420,3.3,4.0
1671372617.515000,45.292653,6.604212,2764.002569,98.0,5.423630,3.3,4.0
1671372619.522000,45.292638,6.604345,2765.885301,98.0,5.196602,4.3,4.0
1671372621.505000,45.292625,6.604476,2768.530340,98.0,5.354080,4.4,4.0
1671372623.524000,45.292612,6.604616,2771.915623,97.0,5.522568,3.7,4.0
1671372625.509000,45.292598,6.604754,2774.082866,97.0,5.381624,5.4,4.0
1671372627.516000,45.292585,6.604889,2777.032469,98.0,5.251685,6.0,4.0
1671372629.522000,45.292570,6.605022,2779.317371,98.0,5.323751,6.0,4.0
1671372631.511000,45.292556,6.605157,2783.125049,98.0,5.414861,5.2,4.0
1671372633.517000,45.292543,6.605293,2786.019025,97.0,5.227828,13.1,4.0
1671372635.516000,45.292530,6.605421,2788.737577,97.0,5.149129,20.6,4.0
1671372637.517000,45.292516,6.605551,2791.840381,97.0,5.331371,12.2,4.0
1671372639.508000,45.292500,6.605687,2796.155371,98.0,5.383186,7.9,4.8
1671372641.515000,45.292484,6.605820,2799.454742,98.0,5.202633,8.1,5.2
1671372643.520000,45.292469,6.605949,2801.891921,97.0,5.187546,3.2,4.8
1671372645.512000,45.292455,6.606078,2805.244029,97.0,5.139777,3.2,4.0
1671372647.516000,45.292442,6.606207,2808.982618,97.0,5.266698,4.2,4.0
1671372649.511000,45.292427,6.606345,2812.395896,98.0,5.456392,4.5,4.0
1671372651.526000,45.292413,6.606480,2815.698800,98.0,5.234399,4.8,4.0
1671372653.509000,45.292400,6.606609,2818.800659,98.0,5.157459,5.4,4.0
1671372655.500000,45.292388,6.606740,2822.181971,97.0,5.180476,6.1,4.0
1671372657.506000,45.292375,6.606873,2826.284647,97.0,5.290668,6.5,4.0
1671372659.506000,45.292361,6.607005,2829.795576,97.0,5.242547,5.4,4.0
1671372661.528000,45.292346,6.607137,2833.423379,98.0,5.200926,4.5,4.0
1671372663.528000,45.292333,6.607265,2837.894520,97.0,5.032887,18.7,4.0
1671372665.507000,45.292321,6.607394,2841.959749,97.0,5.264771,12.3,4.0
1671372667.513000,45.292308,6.607529,2845.756292,97.0,5.316162,8.2,4.0
1671372669.517000,45.292295,6.607660,2849.754365,97.0,5.119284,6.6,4.0
1671372672.511000,45.292276,6.607850,2856.748998,98.0,5.074387,3.4,4.0
1671372674.515000,45.292262,6.607980,2860.748012,98.0,5.241899,4.4,4.0
1671372676.511000,45.292250,6.608110,2865.527826,97.1,5.253131,4.5,4.0
1671372678.513000,45.292238,6.608240,2869.925861,97.0,5.066756,4.0,4.0
1671372681.507000,45.292220,6.608426,2875.480315,97.0,4.955307,6.1,4.0
1671372683.537000,45.292206,6.608554,2880.424157,98.0,5.095383,6.1,4.0
1671372685.508000,45.292192,6.608684,2885.206615,98.0,5.238088,5.3,4.0
1671372687.514000,45.292179,6.608814,2888.523929,98.0,5.004810,5.5,4.0
1671372690.511000,45.292161,6.609000,2895.071723,97.0,5.007354,20.9,4.0
1671372692.513000,45.292149,6.609129,2899.799822,97.0,5.118361,12.5,4.0
1671372694.533000,45.292136,6.609260,2904.238417,98.0,5.135042,8.3,4.0
1671372696.512000,45.292123,6.609389,2909.622347,98.0,5.047358,8.3,4.0
1671372699.503000,45.292105,6.609575,2916.769404,98.0,4.841886,3.4,4.0
1671372702.536000,45.292087,6.609765,2924.246523,98.0,5.119816,4.3,4.0
1671372704.502000,45.292073,6.609894,2928.812206,97.0,5.065822,4.6,4.0
1671372707.519000,45.292054,6.610081,2936.721974,97.0,4.808601,5.6,4.0
1671372710.515000,45.292037,6.610263,2944.276913,98.0,4.838431,6.2,4.0
1671372713.511000,45.292018,6.610465,2951.418973,97.0,5.639215,5.3,4.0
1671372715.512000,45.292005,6.610601,2954.274061,97.0,5.319319,13.6,4.0
1671372717.498000,45.291993,6.610737,2957.012996,97.0,5.196551,21.1,4.0
1671372719.525000,45.291980,6.610867,2960.149854,97.0,5.275317,12.6,4.0
1671372721.508000,45.291967,6.611002,2962.859255,97.0,5.139644,8.2,4.0
1671372723.505000,45.291953,6.611137,2965.949832,98.0,5.380484,8.4,4.0
1671372725.519000,45.291941,6.611273,2969.038822,98.0,5.343734,3.3,4.0
1671372727.514000,45.291928,6.611409,2971.261771,98.0,5.435253,3.2,4.0
1671372729.507000,45.291915,6.611542,2975.275102,97.0,5.219667,4.4,4.0
1671372731.511000,45.291902,6.611675,2978.025762,97.0,5.234462,4.6,4.8
1671372733.502000,45.291889,6.611805,2981.182043,97.0,5.252624,4.9,5.3
1671372735.506000,45.291875,6.611937,2984.866817,98.0,5.231815,5.6,6.0
1671372737.510000,45.291863,6.612065,2988.381169,97.0,5.378635,6.3,6.0
1671372739.512000,45.291849,6.612202,2991.366363,98.0,5.384144,6.2,6.0
1671372741.503000,45.291835,6.612336,2995.359739,97.0,5.112853,5.4,5.7
1671372743.504000,45.291822,6.612464,2999.337778,98.0,5.090079,4.6,5.3
1671372745.496000,45.291809,6.612593,3002.579472,97.0,5.167767,19.3,4.7
1671372747.507000,45.291796,6.612724,3006.394267,98.0,5.372009,12.8,4.7
1671372749.513000,45.291781,6.612859,3009.972202,97.0,5.292780,8.6,4.8
1671372751.516000,45.291765,6.612985,3014.572180,98.0,5.022045,7.5,5.2
1671372754.510000,45.291747,6.613172,3020.449721,98.0,5.065494,3.6,4.7
1671372756.507000,45.291735,6.613301,3024.385551,98.0,5.107254,4.6,5.0
1671372758.508000,45.291723,6.613437,3028.403202,97.0,5.517971,4.7,4.4
1671372760.533000,45.291710,6.613576,3031.107022,98.0,5.400848,4.1,5.2
1671372762.518000,45.291694,6.613712,3032.990555,97.0,5.527334,5.7,5.0
1671372764.527000,45.291682,6.613840,3036.467305,102.7,4.443017,6.3,5.2
1671372768.513000,45.291661,6.613965,3037.891860,-1.0,0.026217,5.5,9.8
1671372807.504000,45.291640,6.614099,3037.682977,-1.0,0.000662,3.7,17.3
1671372814.521000,45.291627,6.614230,3037.860980,119.0,0.141810,6.6,11.8
1671372821.268000,45.291619,6.614362,3037.661146,145.7,0.209155,6.0,8.3
1671372828.507000,45.291586,6.614508,3036.660448,120.3,0.901575,9.3,7.4
1671372846.511000,45.291565,6.614650,3036.496140,-1.0,0.000512,6.0,8.2
1671372851.479000,45.291498,6.614746,3036.210680,160.0,2.053295,22.4,7.7
1671372855.497000,45.291404,6.614802,3035.533059,171.5,2.323727,9.4,7.2
1671372859.510000,45.291299,6.614765,3034.893077,188.0,3.382387,3.8,6.0
1671372863.523000,45.291189,6.614700,3034.567312,208.9,3.025367,5.2,6.0
1671372868.501000,45.291121,6.614616,3033.128906,226.6,1.355453,6.4,5.7
1671372877.514000,45.291058,6.614516,3032.843559,228.1,1.297116,5.4,4.0
1671372883.499000,45.290980,6.614437,3032.269957,218.9,3.264546,10.0,4.0
1671372886.500000,45.290875,6.614317,3031.520717,217.1,6.495915,4.1,4.0
1671372888.507000,45.290771,6.614210,3029.387500,214.3,7.139743,5.4,4.0
1671372890.521000,45.290680,6.614127,3028.313900,212.9,5.109302,5.6,4.0
1671372893.512000,45.290603,6.614039,3028.722968,219.0,3.489166,5.7,4.4
1671372896.532000,45.290520,6.613968,3028.071926,200.4,4.795140,6.8,4.4
1671372898.516000,45.290414,6.613922,3026.922641,199.0,6.734513,7.3,4.0
1671372900.504000,45.290281,6.613848,3023.398608,202.0,8.071031,7.7,4.0
1671372902.515000,45.290148,6.613759,3021.385798,206.0,7.808158,6.9,4.0
1671372904.542000,45.290023,6.613674,3020.125183,205.0,7.664600,5.8,4.0
1671372906.505000,45.289910,6.613601,3018.456165,202.1,6.394560,15.3,4.0
1671372908.523000,45.289806,6.613560,3018.179868,190.0,6.066471,14.9,4.0
1671372910.497000,45.289696,6.613549,3017.840360,181.0,6.215205,10.5,4.0
1671372912.518000,45.289582,6.613542,3017.374279,185.0,6.447322,6.1,4.0
1671372914.508000,45.289466,6.613520,3016.091327,188.0,6.434584,4.5,4.0
1671372916.510000,45.289348,6.613493,3015.248047,188.0,6.828522,5.9,4.0
1671372918.500000,45.289228,6.613453,3014.672837,198.0,6.717944,6.1,4.0
1671372920.505000,45.289118,6.613391,3011.930015,197.0,6.770107,6.1,4.0
1671372922.515000,45.288983,6.613344,3009.959436,195.0,8.321631,7.7,4.0
1671372924.533000,45.288834,6.613238,3006.489177,217.8,9.565760,7.3,4.0
1671372926.497000,45.288682,6.613085,3000.750346,209.0,11.095356,7.8,4.0
1671372927.486000,45.288592,6.613012,2998.599854,219.5,12.338914,7.9,4.3
1671372928.501000,45.288502,6.612907,2996.399902,229.5,13.456902,7.1,4.7
1671372929.495000,45.288424,6.612764,2990.232811,249.9,13.337792,7.4,5.0
1671372930.505000,45.288382,6.612589,2989.547449,252.0,14.073351,17.2,5.3
1671372931.488000,45.288344,6.612406,2989.216974,253.9,14.165623,7.2,5.7
1671372932.500000,45.288314,6.612222,2987.468042,256.0,14.054501,6.2,6.0
1671372933.501000,45.288290,6.612044,2985.547501,258.9,13.736316,24.6,6.0
1671372934.498000,45.288270,6.611867,2983.687572,260.8,13.777365,16.2,6.0
1671372935.489000,45.288255,6.611691,2981.166288,262.0,13.502865,15.1,5.7
1671372936.493000,45.288246,6.611518,2980.014641,264.2,13.219477,9.9,5.2
1671372937.502000,45.288243,6.611348,2979.504814,267.8,13.061733,9.9,4.8
1671372938.505000,45.288244,6.611182,2978.238972,269.8,12.856826,10.2,4.4
1671372939.491000,45.288250,6.611020,2976.466539,274.6,12.619569,10.1,4.7
1671372940.501000,45.288263,6.610858,2973.360668,275.8,12.373592,3.6,4.8
1671372941.518000,45.288278,6.610697,2972.622297,276.9,12.477544,3.7,5.2
1671372942.505000,45.288294,6.610540,2971.391962,278.0,12.356697,4.0,5.6
1671372943.492000,45.288315,6.610385,2969.961403,280.6,12.281751,3.9,5.3
1671372944.512000,45.288340,6.610231,2968.526405,282.0,11.932429,5.4,5.2
1671372945.501000,45.288362,6.610088,2966.915121,281.1,11.291819,5.4,5.0
1671372946.518000,45.288376,6.609952,2965.811294,278.7,10.387241,5.5,4.7
1671372948.498000,45.288362,6.609727,2965.239419,261.9,7.754303,5.6,4.0
1671372950.494000,45.288327,6.609568,2965.125049,251.8,5.940997,6.7,4.0
1671372953.506000,45.288276,6.609438,2964.704752,244.7,4.015302,7.1,4.0
1671372956.499000,45.288236,6.609306,2963.629800,247.0,3.230006,6.8,4.0
1671372959.503000,45.288198,6.609173,2963.423974,244.0,3.915844,5.5,4.0
1671372962.502000,45.288149,6.609014,2962.043200,244.0,4.641922,15.0,4.0
1671372965.504000,45.288088,6.608826,2959.945541,244.0,6.301464,10.5,4.0
1671372967.504000,45.288042,6.608651,2957.325629,249.0,7.605938,3.7,4.3
1671372969.498000,45.287980,6.608450,2952.079840,251.8,9.184094,4.1,5.0
1671372971.516000,45.287940,6.608207,2945.751985,248.1,10.863914,5.6,6.0
1671372972.506000,45.287902,6.608070,2944.050167,247.1,11.914820,5.6,6.0
1671372973.522000,45.287862,6.607930,2941.800145,267.9,11.473997,5.7,6.0
1671372974.501000,45.287863,6.607786,2936.797490,269.0,10.977880,5.7,6.0
1671372975.499000,45.287846,6.607652,2934.327185,256.6,10.162973,5.7,5.7
1671372976.516000,45.287816,6.607521,2933.250377,253.7,10.871726,7.0,5.3
1671372977.514000,45.287791,6.607382,2932.606661,256.6,10.934282,6.9,4.8
1671372978.513000,45.287770,6.607247,2931.578501,256.0,10.535806,6.9,4.7
1671372979.499000,45.287736,6.607122,2930.055005,245.1,10.158922,7.5,4.3
1671372981.496000,45.287676,6.606905,2927.304864,247.3,9.334925,6.5,4.0
1671372983.504000,45.287660,6.606695,2921.184314,237.7,8.130839,17.2,4.3
1671372985.509000,45.287561,6.606528,2917.791609,216.6,9.901293,5.4,5.2
1671372986.501000,45.287484,6.606455,2916.665748,210.5,10.704661,24.5,5.6
1671372987.502000,45.287399,6.606388,2914.033420,207.4,10.758705,15.5,6.0
1671372988.511000,45.287311,6.606337,2911.424855,201.2,10.283924,10.5,6.0
1671372989.526000,45.287223,6.606292,2909.637970,207.7,9.957763,10.8,6.0
1671372991.502000,45.287114,6.606120,2906.207299,249.8,9.270408,10.7,6.0
1671372993.517000,45.287120,6.605870,2897.778776,256.6,9.574931,4.3,6.0
1671372995.504000,45.287104,6.605612,2892.317347,261.2,10.999928,5.8,6.4
1671372996.503000,45.287091,6.605477,2888.327007,255.7,10.531623,5.8,6.8
1671372998.501000,45.287038,6.605254,2880.844531,249.4,8.902824,5.9,7.3
1671373000.509000,45.287006,6.605036,2873.054729,257.2,9.994153,7.1,8.0
1671373001.518000,45.286993,6.604903,2871.615265,259.6,11.601110,7.1,8.0
1671373002.504000,45.286982,6.604747,2869.381611,268.7,13.824706,7.0,8.0
1671373003.498000,45.286984,6.604557,2865.031921,273.9,15.774981,7.6,8.0
1671373004.491000,45.286994,6.604353,2861.037492,271.0,15.971382,7.6,8.7
1671373005.503000,45.286992,6.604136,2857.629313,269.0,16.008158,7.4,8.7
1671373006.516000,45.286986,6.603920,2853.313881,270.0,15.514138,6.6,8.7
1671373007.499000,45.286984,6.603717,2852.281214,271.9,14.835678,6.6,8.7
1671373008.507000,45.286980,6.603520,2848.667871,265.1,13.473325,17.4,8.8
1671373009.496000,45.286951,6.603349,2847.336881,256.3,12.234839,5.6,7.6
1671373010.515000,45.286929,6.603182,2846.209086,264.8,11.924171,5.5,7.2
1671373011.509000,45.286935,6.603029,2845.053253,277.9,11.268802,24.8,7.0
1671373012.511000,45.286956,6.602888,2843.426585,274.5,10.647818,15.8,6.4
1671373014.503000,45.286912,6.602660,2838.115620,238.8,8.208505,10.7,6.0
1671373016.509000,45.286844,6.602476,2836.459620,272.4,7.287966,11.1,6.0
1671373018.515000,45.286875,6.602302,2832.127005,275.8,6.932643,4.9,6.0
1671373020.518000,45.286864,6.602163,2827.537781,241.0,5.879244,5.0,6.0
1671373022.511000,45.286842,6.602026,2821.595837,260.6,6.440246,6.0,6.8
1671373024.500000,45.286782,6.601791,2815.627167,261.7,9.633202,6.1,7.6
1671373025.496000,45.286767,6.601653,2811.375234,294.6,9.374903,6.1,7.7
1671373026.525000,45.286808,6.601523,2808.958131,314.4,11.508948,5.9,8.0
1671373027.514000,45.286891,6.601406,2806.311758,316.7,13.507991,7.4,8.0
1671373028.510000,45.286984,6.601280,2804.308391,306.5,14.440688,7.2,8.8
1671373029.502000,45.287072,6.601122,2799.602311,302.0,15.410515,7.0,8.8
1671373030.515000,45.287152,6.600947,2795.954985,296.1,15.759023,7.5,8.8
1671373031.518000,45.287215,6.600765,2793.063584,294.1,14.874660,7.1,8.7
1671373032.521000,45.287271,6.600588,2792.520086,295.0,14.242350,7.0,8.8
1671373033.535000,45.287332,6.600421,2791.637676,298.0,13.587524,6.2,8.0
1671373034.506000,45.287401,6.600266,2790.438866,303.0,12.856082,6.5,8.0
1671373035.509000,45.287475,6.600116,2788.962995,300.1,12.008949,16.3,8.0
1671373036.509000,45.287522,6.599959,2786.835058,287.3,11.185634,5.3,7.7
1671373037.513000,45.287545,6.599800,2784.223468,280.1,11.442105,5.3,7.3
1671373038.516000,45.287574,6.599643,2783.739307,291.0,11.506736,24.1,7.0
1671373039.515000,45.287617,6.599500,2782.997334,312.7,10.961205,15.3,6.4
1671373040.500000,45.287689,6.599398,2782.023582,329.5,11.027693,15.2,6.3
1671373041.499000,45.287784,6.599319,2779.522562,321.1,12.180754,10.3,6.0
1671373042.510000,45.287877,6.599210,2776.700711,311.1,11.299120,10.6,6.0
1671373043.513000,45.287942,6.599099,2773.524808,309.4,10.542706,10.7,6.0
1671373045.497000,45.287992,6.598910,2769.003853,306.9,7.669016,4.1,6.0
1671373047.507000,45.288097,6.598800,2765.492945,326.8,8.942931,4.2,6.0
1671373049.507000,45.288203,6.598654,2760.297689,288.6,7.584673,5.7,6.0
1671373051.498000,45.288223,6.598435,2754.330296,280.4,9.103130,5.8,6.0
1671373053.498000,45.288275,6.598221,2748.969094,300.3,8.697202,5.9,6.0
1671373055.506000,45.288362,6.598003,2741.466893,288.7,11.615585,6.9,6.0
1671373056.488000,45.288403,6.597857,2738.549156,293.1,11.990969,6.9,6.0
1671373057.499000,45.288457,6.597696,2731.259426,291.4,14.199804,7.4,6.0
1671373058.508000,45.288506,6.597518,2727.761169,287.2,15.274397,7.2,6.4
1671373059.509000,45.288533,6.597321,2725.278681,271.5,15.368166,7.2,6.8
1671373060.499000,45.288536,6.597125,2721.811136,270.3,15.229162,6.3,8.3
1671373061.481000,45.288517,6.596927,2716.625990,268.3,15.133595,6.3,8.7
1671373062.518000,45.288438,6.596710,2712.992451,245.3,16.625561,6.7,9.6
1671373063.504000,45.288362,6.596504,2709.341056,244.9,16.720236,16.6,9.3
1671373064.509000,45.288290,6.596294,2706.406654,247.0,16.877413,5.4,9.6
1671373065.484000,45.288245,6.596089,2702.605651,256.6,16.223465,24.4,10.0
1671373066.492000,45.288276,6.595882,2699.598271,284.9,15.487531,15.6,9.6
1671373067.490000,45.288320,6.595694,2697.609052,293.0,14.869593,15.6,10.0
1671373068.530000,45.288406,6.595536,2695.119033,313.4,15.130698,15.5,11.2
1671373069.526000,45.288500,6.595394,2691.699567,308.1,14.557942,10.5,12.0
1671373070.517000,45.288577,6.595251,2689.490801,303.6,14.951303,10.9,12.0
1671373071.504000,45.288621,6.595087,2687.498425,292.2,13.799349,10.9,12.0
1671373072.510000,45.288618,6.594914,2685.533810,274.6,12.625520,4.9,12.0
1671373073.501000,45.288553,6.594729,2682.058283,247.8,13.217390,4.3,11.3
1671373074.514000,45.288483,6.594562,2680.393869,235.5,12.953818,4.4,10.7
1671373075.487000,45.288409,6.594422,2677.386591,237.9,12.546277,4.5,10.0
1671373076.508000,45.288351,6.594274,2675.924799,251.3,11.236253,5.8,8.8
1671373077.489000,45.288337,6.594137,2674.093079,284.5,10.008003,5.8,8.7
1671373078.526000,45.288375,6.594013,2670.436354,303.4,10.037627,5.9,8.0
1671373079.511000,45.288443,6.593898,2667.498862,303.0,11.263904,5.9,8.0
1671373080.511000,45.288507,6.593766,2664.970787,283.6,12.247067,5.9,8.0
1671373081.496000,45.288531,6.593602,2661.751069,269.6,12.066955,6.1,8.0
1671373082.500000,45.288523,6.593451,2658.499488,252.5,9.937552,7.1,8.0
1671373083.514000,45.288482,6.593336,2655.996155,242.0,10.329358,7.0,8.0
1671373084.510000,45.288420,6.593224,2652.003056,233.2,11.063940,7.2,7.7
1671373085.507000,45.288350,6.593110,2651.399451,223.5,12.337572,7.3,7.3
1671373086.512000,45.288260,6.592997,2648.917498,220.0,13.234129,7.3,6.8
1671373087.491000,45.288167,6.592873,2646.348164,224.0,14.099358,7.4,6.7
1671373088.505000,45.288074,6.592743,2642.741950,228.0,14.304519,6.3,6.7
1671373089.499000,45.287996,6.592596,2640.273543,234.9,14.072016,6.7,6.3
1671373090.508000,45.287922,6.592442,2636.944951,237.0,14.611981,16.8,6.4
1671373091.508000,45.287854,6.592279,2634.964922,234.0,15.553312,5.4,6.3
1671373092.512000,45.287777,6.592105,2631.795092,238.3,16.027925,5.4,6.4
1671373093.502000,45.287708,6.591928,2628.326961,240.0,15.650318,24.9,6.7
1671373094.512000,45.287642,6.591754,2622.915399,232.0,14.041743,15.8,6.8
1671373095.502000,45.287563,6.591625,2621.578298,212.7,12.442971,15.7,7.0
1671373096.494000,45.287468,6.591563,2620.073969,204.4,11.799890,10.7,7.3
1671373097.499000,45.287368,6.591523,2619.566181,200.4,11.740589,11.1,7.3
1671373098.497000,45.287274,6.591474,2618.635773,228.1,9.752389,11.1,7.7
1671373100.502000,45.287231,6.591282,2615.310809,262.3,5.857944,4.4,7.7
1671373102.518000,45.287345,6.591182,2612.140112,354.4,8.300504,4.5,8.0
1671373104.498000,45.287535,6.591178,2606.868308,357.0,10.281855,5.9,7.7
1671373105.505000,45.287642,6.591172,2606.024247,356.2,11.368525,5.8,7.2
1671373106.499000,45.287755,6.591170,2604.240487,1.2,11.499890,6.0,7.0
1671373107.503000,45.287868,6.591177,2602.300973,2.8,11.370934,6.0,6.7
1671373108.509000,45.287979,6.591182,2599.567780,359.2,11.685973,6.1,6.0
1671373109.511000,45.288092,6.591175,2598.182350,357.0,11.836276,7.1,5.2
1671373110.526000,45.288204,6.591162,2597.333681,357.0,11.959571,7.1,4.8
1671373111.505000,45.288316,6.591156,2595.975989,358.0,12.626767,7.1,4.4
1671373112.500000,45.288435,6.591154,2593.614232,359.0,12.969181,7.2,4.3
1671373113.496000,45.288556,6.591154,2591.622440,359.0,13.390735,7.2,4.3
1671373114.499000,45.288682,6.591150,2587.760813,358.0,13.554274,6.9,4.7
1671373115.504000,45.288811,6.591142,2585.813905,358.0,13.640591,6.1,5.0
1671373116.501000,45.288932,6.591130,2584.348728,357.0,13.238075,6.1,5.3
1671373117.507000,45.289052,6.591121,2582.487554,357.0,13.161638,6.6,6.0
1671373118.504000,45.289168,6.591112,2580.785253,350.0,12.655537,5.3,6.4
1671373119.507000,45.289275,6.591077,2578.558844,335.2,11.976555,5.3,6.8
1671373120.522000,45.289366,6.591002,2575.207379,315.9,10.744943,15.9,7.2
1671373122.496000,45.289437,6.590804,2570.711685,284.9,8.143599,15.8,7.3
1671373124.507000,45.289402,6.590571,2566.202016,254.1,9.503450,11.1,7.0
1671373125.500000,45.289361,6.590447,2564.708187,248.8,10.149168,4.4,6.7
1671373126.501000,45.289311,6.590323,2560.599453,238.2,10.452744,3.9,6.3
1671373127.502000,45.289249,6.590218,2559.452244,227.6,10.281669,4.5,6.0
1671373128.506000,45.289180,6.590122,2556.841845,223.1,10.392127,5.9,6.0
1671373129.510000,45.289110,6.590028,2555.615943,232.0,10.705242,5.9,6.0
1671373130.501000,45.289051,6.589918,2553.672962,231.0,11.678167,6.2,6.4
1671373131.496000,45.288981,6.589802,2551.352868,220.5,11.362098,6.3,6.7
1671373132.512000,45.288897,6.589709,2550.335704,225.9,10.576213,6.0,7.2
1671373133.499000,45.288835,6.589603,2549.421051,239.9,11.053298,7.2,7.3
1671373134.505000,45.288785,6.589464,2547.771661,238.0,11.760374,7.1,7.3
1671373135.495000,45.288732,6.589338,2536.038322,228.2,10.149695,2.5,7.3
1671373136.520000,45.288667,6.589244,2534.152587,221.3,10.107157,3.9,6.8
1671373138.512000,45.288527,6.589128,2532.481099,201.1,9.005736,4.8,6.0
1671373140.500000,45.288367,6.589083,2530.580461,193.0,9.359892,5.0,6.0
1671373142.522000,45.288196,6.589039,2529.355190,192.0,9.637963,2.6,6.4
1671373144.506000,45.288035,6.588986,2536.959655,194.0,9.376172,6.3,6.8
1671373146.497000,45.287872,6.588937,2535.387044,194.0,9.328550,8.9,7.0
1671373148.495000,45.287710,6.588874,2532.358681,199.0,9.310640,5.0,7.3
1671373150.498000,45.287545,6.588814,2518.755564,193.0,9.199041,2.6,7.2
1671373152.511000,45.287391,6.588720,2513.288611,214.7,9.378344,2.6,6.4
1671373154.512000,45.287270,6.588540,2513.439970,236.0,9.763714,2.6,6.8
1671373156.501000,45.287187,6.588322,2508.367145,243.0,9.321795,2.8,6.8
1671373158.493000,45.287116,6.588121,2506.967662,238.0,8.861407,2.6,6.4
1671373160.507000,45.287028,6.587936,2506.381525,227.2,8.470419,2.9,6.4
1671373162.507000,45.286908,6.587777,2504.047761,210.1,9.637181,2.8,7.0
1671373164.508000,45.286760,6.587657,2502.206743,197.1,9.104224,2.7,8.0
1671373166.506000,45.286597,6.587618,2499.826424,181.0,9.502079,2.9,8.0
1671373168.491000,45.286426,6.587615,2496.880377,192.0,9.701404,2.9,8.0
1671373170.501000,45.286253,6.587579,2494.532154,191.0,9.734362,2.8,7.7
1671373172.494000,45.286081,6.587520,2497.065005,195.0,9.621204,2.5,7.0
1671373174.507000,45.285907,6.587424,2490.950820,207.8,10.723504,3.0,6.3
1671373175.496000,45.285818,6.587349,2488.784831,218.0,11.198255,3.0,6.0
1671373176.490000,45.285737,6.587253,2487.679051,220.7,10.903463,3.0,6.0
1671373177.499000,45.285664,6.587162,2486.535413,225.9,9.721614,2.8,6.4
1671373179.529000,45.285560,6.586976,2482.669607,232.0,8.271363,2.7,6.8
1671373181.492000,45.285483,6.586814,2482.422163,233.0,7.530244,2.7,6.8
1671373183.494000,45.285407,6.586681,2480.543042,227.0,6.638325,2.5,6.3
1671373185.496000,45.285321,6.586580,2481.137554,209.1,6.620742,2.6,6.0
1671373187.515000,45.285211,6.586517,2479.730534,199.1,6.597144,2.7,5.2
1671373189.499000,45.285091,6.586452,2479.109235,200.0,7.288474,2.6,5.0
1671373191.494000,45.284969,6.586425,2476.324166,182.1,6.766994,2.6,4.7
1671373193.491000,45.284848,6.586423,2475.916536,182.0,7.015407,2.6,5.3
1671373195.503000,45.284725,6.586420,2472.085143,168.2,6.664996,2.6,5.7
1671373197.505000,45.284598,6.586461,2471.383851,164.1,7.155038,2.8,6.0
1671373199.501000,45.284480,6.586514,2471.263966,192.6,5.502353,2.8,6.0
1671373201.492000,45.284371,6.586482,2468.015611,165.2,6.949301,2.9,6.0
1671373203.497000,45.284239,6.586540,2464.908477,169.0,7.838399,2.8,6.0
1671373205.500000,45.284086,6.586542,2460.731024,202.9,8.727036,2.6,6.0
1671373207.514000,45.283968,6.586394,2456.208042,250.7,10.111693,2.5,6.0
1671373208.502000,45.283965,6.586266,2454.778728,290.3,9.229559,2.7,6.0
1671373210.506000,45.284049,6.586067,2451.209559,305.0,9.246879,2.5,6.0
1671373212.496000,45.284147,6.585870,2451.233875,304.0,9.711653,2.6,6.0
1671373214.504000,45.284248,6.585679,2448.637183,311.0,8.877410,2.7,5.7
1671373216.509000,45.284368,6.585525,2446.438058,318.0,8.950904,2.5,5.0
1671373218.508000,45.284498,6.585360,2443.199207,317.0,9.904614,2.6,4.0
1671373219.503000,45.284570,6.585270,2438.310564,318.0,10.782790,2.8,4.0
1671373220.505000,45.284644,6.585181,2438.084021,326.9,9.829378,2.7,4.0
1671373222.499000,45.284780,6.585066,2437.316024,316.3,8.396431,3.1,4.0
1671373224.514000,45.284887,6.584915,2433.653112,319.6,7.583005,2.9,4.0
1671373226.501000,45.284980,6.584832,2430.691221,326.0,5.972733,2.5,4.0
1671373228.504000,45.285077,6.584712,2429.102962,320.0,6.635934,2.9,4.0
1671373230.496000,45.285168,6.584649,2426.697614,338.7,3.806275,3.0,4.0
1671373233.493000,45.285302,6.584557,2423.731355,330.1,6.753407,2.7,4.0
1671373235.520000,45.285412,6.584492,2420.284271,336.5,7.549432,2.5,4.0
1671373237.492000,45.285506,6.584383,2416.151805,311.7,5.698762,2.5,4.0
1671373239.492000,45.285539,6.584254,2417.208752,293.0,6.326520,2.6,4.0
1671373241.518000,45.285596,6.584135,2414.721149,339.5,5.443222,2.7,4.8
1671373243.500000,45.285681,6.584071,2411.353120,295.6,5.615066,2.5,5.3
1671373245.501000,45.285749,6.583929,2408.908261,300.8,6.400636,2.6,5.3
1671373247.498000,45.285819,6.583845,2407.369341,311.3,4.408129,2.8,4.7
1671373250.503000,45.285911,6.583733,2405.514840,324.0,4.535419,2.5,4.0
1671373253.492000,45.286013,6.583624,2404.232181,319.0,5.374527,2.6,4.0
1671373255.504000,45.286102,6.583527,2402.576389,325.9,6.060024,2.8,4.0
1671373257.498000,45.286200,6.583441,2402.538756,327.0,6.498556,3.0,4.0
1671373259.495000,45.286309,6.583353,2401.533060,330.8,6.782996,2.7,4.0
1671373261.509000,45.286416,6.583272,2400.415742,328.4,6.618204,2.8,4.0
1671373263.518000,45.286510,6.583181,2398.797403,327.0,6.329818,2.5,4.0
1671373265.491000,45.286607,6.583109,2399.458522,337.9,6.002442,2.5,4.0
1671373267.505000,45.286702,6.583072,2398.158184,346.4,4.945824,2.7,4.0
1671373270.503000,45.286823,6.583043,2397.473433,348.7,5.184565,2.7,4.0
1671373272.531000,45.286929,6.583020,2396.857906,351.2,5.946232,2.7,4.0
1671373274.500000,45.287049,6.582995,2396.318052,350.0,6.817763,2.8,4.0
1671373276.502000,45.287180,6.582954,2395.384422,345.0,7.422201,2.6,4.0
1671373278.502000,45.287315,6.582905,2393.172165,348.0,7.816299,3.1,4.0
1671373280.504000,45.287461,6.582866,2391.849622,348.0,8.386644,3.1,4.3
1671373282.506000,45.287615,6.582814,2389.717865,346.0,9.010922,2.5,4.3
1671373284.517000,45.287781,6.582772,2386.873863,352.0,9.379379,2.6,4.4
1671373286.519000,45.287948,6.582762,2384.768467,357.0,9.186648,2.6,4.0
1671373288.497000,45.288105,6.582755,2385.795074,358.9,8.797178,2.7,4.0
1671373290.498000,45.288259,6.582776,2385.440086,4.0,8.786887,3.0,4.0
1671373292.505000,45.288417,6.582789,2382.900893,2.0,8.700025,2.6,4.0
1671373294.498000,45.288572,6.582788,2380.512234,357.0,8.663098,2.5,4.0
1671373296.498000,45.288724,6.582769,2378.610075,355.0,8.426485,2.5,4.0
1671373298.513000,45.288883,6.582737,2381.283096,354.0,9.462009,2.5,4.0
1671373300.506000,45.289041,6.582713,2376.421967,353.0,8.389206,2.6,4.0
1671373302.506000,45.289175,6.582691,2378.571493,353.0,7.260793,2.5,4.0
1671373304.520000,45.289293,6.582676,2376.365617,354.0,6.318456,2.5,4.0
1671373306.504000,45.289394,6.582658,2375.193720,352.0,5.567935,2.7,4.0
1671373309.497000,45.289511,6.582642,2375.468917,356.0,4.543047,3.0,4.0
1671373312.508000,45.289618,6.582633,2374.464856,355.9,3.504253,2.7,4.0
1671373315.513000,45.289719,6.582624,2374.406617,354.9,3.449999,2.6,5.5
1671373319.499000,45.289832,6.582606,2378.463007,352.0,2.989758,2.6,6.5
1671373323.502000,45.289939,6.582587,2379.517913,352.0,2.840806,2.5,5.0
1671373327.500000,45.290049,6.582567,2377.890448,355.0,2.609059,2.5,4.0
1671373332.507000,45.290155,6.582536,2377.963834,342.0,2.198824,2.5,4.0
1671373337.506000,45.290243,6.582489,2373.753820,346.0,2.225226,2.6,4.0
1671373341.505000,45.290344,6.582460,2376.063938,350.3,3.333412,2.6,4.0
1671373344.503000,45.290439,6.582439,2372.594948,349.9,3.498035,2.5,4.0
1671373347.501000,45.290537,6.582426,2371.447977,354.1,3.715608,2.6,4.0
1671373350.500000,45.290644,6.582416,2371.936979,354.0,4.447674,2.7,4.0
1671373353.496000,45.290769,6.582404,2371.453679,357.0,4.461429,2.7,4.0
1671373356.493000,45.290890,6.582385,2368.907097,352.0,4.477980,2.7,4.0
1671373359.003000,45.290982,6.582370,2368.170806,353.0,4.305053,2.5,5.1
1671373361.503000,45.291072,6.582350,2367.500869,346.0,4.239865,2.7,4.9
1671373363.996000,45.291162,6.582314,2366.838360,343.0,4.258320,2.6,5.3
1671373366.495000,45.291263,6.582267,2366.280777,342.0,4.886384,2.9,4.7
1671373368.510000,45.291354,6.582226,2366.023936,342.1,6.380890,2.6,4.8
1671373370.496000,45.291484,6.582161,2364.381804,340.2,8.155423,2.7,4.0
1671373372.513000,45.291642,6.582092,2361.808418,343.0,9.041686,3.1,4.0
1671373374.508000,45.291810,6.582024,2357.540910,341.6,9.841770,2.5,4.0
1671373375.502000,45.291896,6.581981,2356.546913,340.1,9.989855,2.5,4.0
1671373376.492000,45.291980,6.581927,2354.590654,333.1,9.965805,2.6,4.0
1671373377.511000,45.292060,6.581868,2353.482131,333.0,10.027779,2.9,4.0
1671373379.507000,45.292226,6.581795,2356.196982,345.9,9.819679,2.5,4.0
1671373381.495000,45.292403,6.581748,2350.187513,353.8,9.847303,2.7,4.0
1671373383.499000,45.292579,6.581727,2348.562710,353.0,9.725197,2.8,4.0
1671373385.493000,45.292728,6.581686,2346.208066,351.0,8.069800,2.6,4.0
1671373387.499000,45.292858,6.581693,2345.404241,7.0,7.180837,2.6,4.0
1671373389.501000,45.292985,6.581722,2343.728193,9.0,7.209632,2.5,4.0
1671373391.518000,45.293115,6.581759,2340.877192,13.0,7.206573,2.6,4.0
1671373393.516000,45.293237,6.581817,2338.985608,18.0,6.992229,2.6,4.0
1671373395.518000,45.293359,6.581881,2337.601304,20.0,7.933956,2.5,4.4
1671373397.526000,45.293500,6.581956,2336.937964,17.0,8.570004,2.8,4.4
1671373399.510000,45.293658,6.582011,2332.636684,10.1,9.190420,2.9,4.0
1671373401.511000,45.293830,6.582029,2330.216295,358.0,9.886880,2.7,4.0
1671373402.517000,45.293921,6.582008,2327.104653,351.2,10.048230,2.9,4.0
1671373403.507000,45.294011,6.581988,2327.183592,352.0,10.105852,3.0,4.0
1671373404.499000,45.294110,6.581974,2324.332094,354.0,11.340516,2.8,4.0
1671373405.493000,45.294207,6.581969,2322.378559,358.9,10.200535,2.7,4.0
1671373407.514000,45.294377,6.581975,2318.648640,0.0,8.086704,2.7,4.0
1671373409.507000,45.294520,6.581991,2318.386452,3.0,8.094375,2.6,4.0
1671373411.509000,45.294670,6.581978,2317.258639,347.0,8.613032,2.8,4.0
1671373413.506000,45.294812,6.581923,2313.257277,346.0,6.814416,2.6,4.0
1671373416.493000,45.294922,6.581938,2315.138407,5.8,3.687497,2.6,4.0
1671373425.474000,45.295014,6.581957,2316.929842,23.5,1.079303,2.9,6.8
1671373447.476000,45.295101,6.581996,2316.685620,-1.0,0.053681,2.7,6.7
1671373473.717000,45.295220,6.582048,2313.926586,9.5,1.823257,2.6,7.5
1671373475.361000,45.295337,6.582118,2315.046338,17.4,3.322370,2.6,8.5
1671373477.177000,45.295457,6.582183,2315.624224,18.8,3.879859,2.9,9.7
1671373479.577000,45.295551,6.582234,2317.629261,19.6,4.038326,2.8,10.3
1671373481.377000,45.295639,6.582289,2317.828522,16.7,3.671202,2.8,9.1
1671373484.377000,45.295752,6.582344,2323.858151,18.9,3.727124,2.8,7.0
1671373487.376000,45.295850,6.582392,2330.061215,18.4,3.779885,2.7,7.8
1671373490.375000,45.295954,6.582434,2332.299805,15.7,3.840400,2.8,7.8
1671373493.255000,45.296058,6.582483,2336.372981,21.0,3.742444,3.0,6.9
1671373496.254000,45.296159,6.582535,2342.155968,20.5,3.834182,3.1,8.6
1671373499.496000,45.296273,6.582584,2345.137788,20.0,3.827232,2.9,8.4
1671373502.504000,45.296370,6.582629,2350.544537,20.0,3.740706,2.9,6.7
1671373505.490000,45.296465,6.582678,2352.569046,17.8,4.207518,3.5,6.7
1671373508.499000,45.296565,6.582729,2351.339042,18.0,3.979789,2.9,6.0
1671373511.507000,45.296664,6.582777,2353.322696,17.1,3.913069,3.0,6.0
1671373514.496000,45.296763,6.582824,2363.755398,18.0,3.615383,3.4,6.0
1671373517.497000,45.296859,6.582870,2364.392544,18.9,3.892536,3.3,6.0
1671373520.505000,45.296956,6.582920,2367.190666,17.0,3.782092,3.4,6.0
1671373523.495000,45.297041,6.582967,2369.466145,20.9,3.730161,3.5,6.0
1671373526.495000,45.297145,6.583018,2372.760015,19.0,3.955094,3.2,6.0
1671373529.498000,45.297248,6.583066,2374.309155,20.0,3.893833,3.2,5.3
1671373532.515000,45.297347,6.583113,2376.067273,19.0,3.882400,3.8,5.6
1671373535.504000,45.297443,6.583163,2374.907233,17.0,4.050089,3.2,6.0
1671373538.527000,45.297548,6.583217,2374.278785,20.8,3.916109,3.3,6.0
1671373541.506000,45.297648,6.583267,2375.665545,20.0,3.897965,3.8,6.0
1671373544.512000,45.297752,6.583318,2377.447054,20.0,3.996491,3.4,6.0
1671373547.498000,45.297859,6.583373,2378.074471,17.0,3.989879,3.7,6.0
1671373550.498000,45.297965,6.583427,2378.087539,16.0,3.982487,3.7,5.3
1671373553.510000,45.298066,6.583477,2378.330106,19.1,3.967340,3.9,4.4
1671373556.516000,45.298164,6.583519,2378.117480,21.0,3.992447,4.2,6.5
1671373559.496000,45.298268,6.583563,2376.000000,18.0,3.931601,8.9,5.1
1671373562.503000,45.298367,6.583614,2376.000000,18.0,3.970696,11.2,5.2
1671373565.498000,45.298461,6.583669,2377.684576,18.0,3.993071,9.0,5.3
1671373568.510000,45.298559,6.583719,2379.385085,20.0,3.907647,5.8,5.2
1671373571.503000,45.298661,6.583770,2380.374479,18.0,4.032686,4.3,5.2
1671373574.501000,45.298760,6.583818,2381.472186,18.0,3.960763,4.9,5.3
1671373577.505000,45.298860,6.583868,2384.383627,20.0,3.593460,4.0,4.8
1671373580.498000,45.298952,6.583915,2385.631734,19.0,4.037589,3.9,5.0
1671373583.492000,45.299050,6.583966,2383.839302,19.0,3.978622,9.9,6.7
1671373586.521000,45.299144,6.584008,2386.551456,19.0,3.940439,6.5,6.8
1671373589.507000,45.299231,6.584050,2385.929227,19.0,3.865820,10.3,6.2
1671373592.503000,45.299322,6.584095,2386.801743,19.0,2.142264,10.0,7.0
1671373599.500000,45.299418,6.584145,2390.011199,18.0,1.692302,4.1,7.3
1671373607.505000,45.299514,6.584186,2394.899902,10.9,1.190394,6.0,8.9
1671373614.022000,45.299600,6.584233,2393.865920,19.0,1.550432,7.9,7.8
1671373621.496000,45.299696,6.584282,2397.396879,19.0,1.377500,9.9,7.0
1671373635.496000,45.299780,6.584328,2403.451494,19.0,0.970881,5.8,8.1
1671373642.497000,45.299880,6.584375,2407.464695,16.0,1.786880,4.5,7.0
1671373646.504000,45.299971,6.584421,2408.158932,17.0,2.661889,10.1,7.2
1671373650.495000,45.300087,6.584478,2413.044428,18.0,3.658599,8.3,7.4
1671373653.503000,45.300183,6.584525,2419.329081,19.0,3.663497,4.1,7.6
1671373656.518000,45.300276,6.584571,2423.650341,19.0,3.578679,6.6,7.6
1671373659.504000,45.300364,6.584616,2428.560487,20.0,3.606314,7.5,7.4
1671373663.494000,45.300481,6.584669,2434.789461,18.0,4.046728,9.1,7.7
1671373666.511000,45.300583,6.584722,2437.536120,19.0,3.889876,10.5,7.3
1671373669.518000,45.300682,6.584773,2440.301954,18.0,3.824212,10.9,6.0
1671373672.488000,45.300773,6.584820,2442.999443,19.0,3.837807,9.4,5.5
1671373675.502000,45.300859,6.584860,2446.562086,18.3,3.601883,9.1,6.3
1671373678.518000,45.300960,6.584911,2452.245554,19.1,3.411139,9.8,6.8
1671373681.501000,45.301058,6.584960,2459.373788,19.0,3.486222,4.9,6.3
1671373684.483000,45.301156,6.584999,2465.189253,18.0,3.404947,5.3,6.0
1671373687.494000,45.301246,6.585040,2471.067710,19.0,3.582379,8.1,6.0
1671373690.509000,45.301332,6.585088,2477.688775,19.0,3.369991,10.1,6.0
1671373693.520000,45.301421,6.585134,2483.568210,19.0,3.345217,9.5,6.4
1671373696.510000,45.301513,6.585173,2490.936009,18.0,3.406715,10.9,6.4
1671373699.499000,45.301600,6.585213,2497.406641,18.0,3.301475,11.3,6.0
1671373702.491000,45.301686,6.585254,2501.442887,19.0,3.282781,3.8,6.0
1671373706.504000,45.301796,6.585306,2511.057539,19.0,3.216368,6.6,6.0
1671373710.524000,45.301895,6.585357,2522.717813,18.8,3.667804,7.4,7.3
1671373713.514000,45.301988,6.585407,2528.657928,19.0,3.563306,3.8,7.3
1671373716.505000,45.302076,6.585453,2534.401822,18.0,3.498062,5.0,6.9
1671373719.498000,45.302167,6.585496,2538.113735,18.0,3.525400,9.0,5.1
1671373722.517000,45.302263,6.585539,2543.030704,19.0,3.542275,9.0,4.0
1671373726.524000,45.302366,6.585590,2550.423166,19.0,3.550532,9.7,3.5
1671373729.509000,45.302452,6.585632,2554.204472,17.1,3.552253,5.1,4.6
1671373732.532000,45.302543,6.585680,2559.293522,20.0,3.564305,4.5,4.3
1671373735.525000,45.302643,6.585730,2562.976528,18.0,3.630902,4.1,4.8
1671373738.516000,45.302750,6.585780,2564.994288,19.0,3.720742,6.4,3.9
1671373741.503000,45.302854,6.585831,2564.739434,20.0,3.782440,5.4,4.0
1671373744.498000,45.302951,6.585884,2565.869140,19.0,3.818331,3.6,3.9
1671373747.498000,45.303047,6.585938,2567.870510,19.0,3.846418,8.0,3.8
1671373750.507000,45.303144,6.585991,2568.121689,18.0,3.877787,7.1,3.8
1671373753.497000,45.303245,6.586045,2568.488868,20.0,3.899028,3.2,3.5
1671373756.514000,45.303346,6.586097,2570.213718,20.0,3.906444,3.3,3.5
1671373759.500000,45.303446,6.586147,2571.367537,19.0,3.911398,3.1,3.8
1671373762.514000,45.303546,6.586197,2573.281059,18.0,3.921054,3.2,4.9
1671373765.502000,45.303647,6.586248,2574.995462,19.0,3.921663,3.6,4.7
1671373768.512000,45.303748,6.586298,2576.912769,20.0,3.919338,3.3,4.5
1671373771.522000,45.303847,6.586350,2580.069035,19.0,3.919820,4.2,4.7
1671373774.496000,45.303947,6.586400,2582.449849,19.0,3.911010,5.4,4.3
1671373777.503000,45.304046,6.586449,2585.272982,19.0,3.904264,4.2,4.7
1671373780.511000,45.304145,6.586499,2586.926948,19.0,3.898442,9.0,4.7
1671373783.501000,45.304244,6.586548,2588.917937,19.4,3.851847,3.0,4.8
1671373786.509000,45.304346,6.586596,2589.463345,19.0,3.874470,2.7,4.6
1671373789.504000,45.304449,6.586646,2590.881704,19.0,3.891929,2.8,4.8
1671373792.515000,45.304550,6.586695,2591.526830,18.0,3.906201,2.7,4.8
1671373795.500000,45.304653,6.586743,2593.340238,18.0,3.922184,2.6,4.4
1671373798.514000,45.304753,6.586793,2596.818397,20.0,3.928303,5.8,4.2
1671373801.530000,45.304845,6.586843,2599.434177,22.8,3.841906,4.2,5.1
1671373804.506000,45.304944,6.586888,2600.873735,19.0,3.736670,3.7,5.5
1671373808.500000,45.305030,6.586929,2598.840891,13.9,3.038187,6.4,4.8
1671373816.506000,45.305131,6.586949,2597.313052,359.0,1.908038,3.1,5.0
1671373820.494000,45.305228,6.586904,2595.826768,325.9,2.401361,2.9,6.0
1671373823.503000,45.305287,6.586770,2593.894449,271.1,2.697745,2.8,5.1
1671373826.508000,45.305208,6.586631,2591.697092,214.0,3.540189,6.0,4.2
1671373828.502000,45.305072,6.586549,2589.091920,193.4,7.391517,5.4,4.4
1671373830.501000,45.304925,6.586505,2593.636028,194.9,6.305197,3.5,4.9
1671373832.505000,45.304848,6.586413,2592.566481,236.6,4.952236,3.3,5.2
1671373835.230000,45.304857,6.586271,2592.834493,279.0,3.606802,3.6,4.5
1671373839.292000,45.304933,6.586170,2588.100044,319.1,2.609440,6.6,6.8
1671373843.131000,45.305018,6.586126,2585.979393,357.5,1.672138,3.0,9.3
1671373884.909000,45.305075,6.586023,2598.413849,270.0,0.361912,5.8,5.5
1671373909.786000,45.305077,6.585895,2598.718114,-1.0,0.004210,5.8,4.1
1671373937.186000,45.305172,6.585903,2599.256781,-1.0,0.003357,5.0,4.7
1671374046.506000,45.305274,6.585863,2602.341031,-1.0,0.000004,3.6,5.9
1671374050.500000,45.305382,6.585805,2605.551460,338.0,2.726061,3.2,6.6
1671374053.522000,45.305482,6.585762,2606.667901,337.0,3.330659,3.9,7.0
1671374056.498000,45.305592,6.585700,2611.003833,337.0,3.969969,3.1,6.3
1671374059.501000,45.305704,6.585636,2612.026919,337.0,4.612588,4.3,6.5
1671374061.491000,45.305789,6.585586,2614.950348,337.0,5.019925,4.5,6.2
1671374063.489000,45.305880,6.585533,2618.334813,337.0,5.246019,6.0,5.0
1671374065.521000,45.305972,6.585480,2624.524488,337.0,5.231197,3.7,4.0
1671374067.507000,45.306061,6.585430,2628.175655,337.0,5.145964,3.6,4.0
1671374069.523000,45.306148,6.585380,2631.233826,337.0,5.054572,5.3,4.0
1671374071.539000,45.306234,6.585331,2636.632459,337.0,5.066767,3.4,4.0
1671374073.504000,45.306318,6.585283,2640.051834,337.0,5.044798,4.0,4.0
1671374075.520000,45.306404,6.585234,2643.756908,337.0,5.044867,4.0,4.0
1671374077.509000,45.306488,6.585185,2646.544204,337.0,4.996787,5.4,4.0
1671374079.507000,45.306573,6.585136,2650.773689,337.0,5.036158,4.7,4.0
1671374081.493000,45.306656,6.585087,2655.133031,337.0,5.000428,5.6,4.0
1671374083.990000,45.306755,6.585030,2660.657910,337.0,4.962743,5.4,4.5
1671374086.506000,45.306863,6.584966,2668.961563,337.0,4.985344,3.1,4.5
1671374088.497000,45.306947,6.584919,2670.838009,337.0,4.944568,4.8,4.4
1671374091.493000,45.307071,6.584848,2677.368759,337.0,4.854521,4.5,4.5
1671374093.493000,45.307156,6.584800,2682.182036,337.0,4.936095,5.0,4.5
1671374095.498000,45.307248,6.584744,2689.897646,338.0,4.954414,3.7,4.0
1671374098.514000,45.307366,6.584674,2696.059832,337.0,4.872712,5.4,4.0
1671374101.526000,45.307488,6.584602,2705.318735,337.0,4.871274,3.3,4.5
1671374104.052000,45.307588,6.584545,2710.191765,337.0,4.844814,4.2,4.5
1671374106.525000,45.307692,6.584485,2715.847837,337.0,4.813629,4.9,4.5
1671374109.517000,45.307836,6.584402,2723.238783,337.0,4.695236,5.3,4.9
1671374112.525000,45.307947,6.584340,2732.015137,337.0,4.744302,5.0,5.3
1671374115.532000,45.308060,6.584278,2739.967045,337.0,4.681038,4.9,4.9
1671374118.504000,45.308176,6.584211,2748.668993,337.0,4.669387,5.2,5.1
1671374121.499000,45.308286,6.584146,2756.188111,336.7,3.594938,5.0,5.0
1671374124.518000,45.308383,6.584089,2768.049131,338.9,3.749541,3.8,5.4
1671374127.509000,45.308498,6.584041,2770.268010,339.0,5.569880,3.7,6.0
1671374129.527000,45.308608,6.583976,2771.259931,338.0,5.478512,3.8,5.8
1671374131.515000,45.308709,6.583911,2772.468497,338.0,5.415153,3.4,4.8
1671374133.526000,45.308802,6.583855,2771.317660,338.0,5.367980,4.4,4.4
1671374135.516000,45.308895,6.583801,2771.589170,338.0,5.356675,5.4,4.7
1671374137.518000,45.308988,6.583747,2772.786719,338.0,5.353051,5.5,4.7
1671374139.507000,45.309079,6.583692,2773.573053,338.0,5.533338,6.0,4.3
1671374141.519000,45.309172,6.583638,2774.909387,338.0,5.559771,5.7,4.0
1671374143.509000,45.309265,6.583585,2778.978752,337.0,5.478440,3.3,4.0
1671374145.512000,45.309356,6.583533,2777.771127,338.0,5.379635,5.4,4.0
1671374147.527000,45.309446,6.583482,2779.748880,338.0,5.336431,5.5,4.0
1671374149.513000,45.309534,6.583431,2781.989446,338.0,5.386777,6.6,4.0
1671374151.510000,45.309624,6.583379,2783.343528,338.0,5.362490,5.4,4.0
1671374153.505000,45.309714,6.583329,2788.099902,338.0,5.368935,4.2,4.0
1671374155.490000,45.309804,6.583278,2787.957827,338.0,5.380265,6.0,4.0
1671374157.506000,45.309895,6.583227,2791.724539,338.0,5.372386,4.6,4.0
1671374159.507000,45.309984,6.583176,2794.155758,338.0,5.327202,4.0,4.0
1671374161.502000,45.310074,6.583125,2796.208157,338.0,5.310112,3.9,4.0
1671374163.505000,45.310164,6.583073,2797.823291,338.0,5.352623,4.2,4.0
1671374165.507000,45.310253,6.583022,2798.129044,337.0,5.319999,5.1,4.0
1671374167.513000,45.310342,6.582970,2802.798417,338.0,5.325518,4.3,4.0
1671374169.497000,45.310431,6.582920,2805.153754,338.0,5.290698,3.6,4.0
1671374171.493000,45.310521,6.582868,2807.250864,338.0,5.322288,3.0,4.0
1671374173.522000,45.310611,6.582817,2809.870252,338.0,5.285771,3.1,4.0
1671374175.495000,45.310699,6.582767,2810.919451,338.0,5.274160,6.1,4.0
1671374177.497000,45.310787,6.582716,2812.493127,337.0,5.291803,4.6,4.0
1671374179.513000,45.310876,6.582665,2816.152509,338.0,5.287823,6.3,4.0
1671374181.503000,45.310965,6.582615,2819.455150,338.0,5.252611,6.2,4.0
1671374183.510000,45.311053,6.582565,2824.675443,338.0,5.261043,4.5,4.0
1671374185.523000,45.311142,6.582515,2826.361904,338.0,5.265049,6.1,4.0
1671374187.525000,45.311229,6.582466,2830.510740,338.0,5.222123,5.1,4.0
1671374189.524000,45.311316,6.582416,2834.226579,338.0,5.234873,3.7,4.0
1671374191.517000,45.311404,6.582367,2837.104744,338.0,5.242924,3.5,4.0
1671374193.528000,45.311491,6.582317,2839.452110,338.0,5.239378,3.7,4.0
1671374195.521000,45.311578,6.582268,2843.115075,338.0,5.194451,4.5,4.0
1671374197.526000,45.311664,6.582220,2846.835847,338.0,5.167823,4.4,4.0
1671374199.533000,45.311749,6.582175,2847.596754,338.0,5.146534,5.9,4.0
1671374201.500000,45.311833,6.582130,2850.829804,338.0,5.100861,5.9,4.0
1671374204.503000,45.311947,6.582067,2858.740210,337.0,4.077442,4.0,4.0
1671374207.501000,45.312038,6.582014,2860.740271,336.9,3.113258,5.0,4.0
1671374211.496000,45.312123,6.581963,2867.719496,337.9,1.985615,3.6,4.0
1671374231.502000,45.312200,6.581893,2874.639780,-1.0,0.000001,3.4,4.0
1671374257.511000,45.312280,6.581820,2876.225701,-1.0,0.000000,3.6,5.3
1671374295.621000,45.312357,6.581735,2875.882534,-1.0,0.005510,3.1,5.1
1671374301.942000,45.312435,6.581647,2873.577964,327.8,0.938578,6.4,4.7
1671374309.382000,45.312525,6.581638,2875.259276,22.4,0.955125,4.3,4.5
1671374338.581000,45.312618,6.581689,2873.501673,357.3,2.909173,5.5,4.8
1671374340.502000,45.312770,6.581638,2872.724804,336.5,8.267848,4.0,5.4
1671374341.515000,45.312855,6.581576,2868.456884,331.5,9.784047,5.5,5.6
1671374342.512000,45.312942,6.581501,2867.536350,329.0,10.913638,4.1,5.4
1671374343.499000,45.313033,6.581424,2865.607971,329.0,11.403026,4.2,5.1
1671374344.519000,45.313129,6.581350,2865.157776,332.0,11.675383,3.7,4.0
1671374345.506000,45.313225,6.581283,2862.617135,332.0,11.839985,3.9,4.0
1671374346.498000,45.313318,6.581217,2861.554735,334.0,11.443457,4.0,4.0
1671374347.497000,45.313410,6.581158,2860.292726,335.0,10.860841,3.9,4.0
1671374348.507000,45.313494,6.581097,2859.670933,332.0,10.528849,3.8,4.0
1671374349.493000,45.313576,6.581036,2860.105257,332.0,10.423975,3.8,4.0
1671374350.514000,45.313659,6.580972,2858.510243,329.0,10.640027,4.0,4.0
1671374351.505000,45.313743,6.580905,2857.412966,326.0,10.236727,3.9,4.0
1671374352.513000,45.313816,6.580826,2852.889469,320.2,10.394921,5.6,4.0
1671374353.512000,45.313888,6.580740,2850.513504,317.0,10.455729,6.1,4.0
1671374354.493000,45.313956,6.580650,2851.765766,315.0,9.812330,3.5,4.0
1671374356.508000,45.314073,6.580498,2849.831879,321.0,8.172769,3.1,4.0
1671374358.501000,45.314178,6.580386,2849.896404,322.0,7.216324,3.1,4.0
1671374360.506000,45.314270,6.580283,2847.740733,322.0,6.323342,6.6,4.0
1671374362.508000,45.314349,6.580193,2846.833264,322.0,5.145536,4.7,4.0
1671374365.499000,45.314438,6.580111,2849.274005,327.7,5.022714,3.9,4.0
1671374367.505000,45.314519,6.580039,2848.077679,328.0,4.902579,4.0,4.0
1671374370.526000,45.314637,6.579937,2847.419062,331.0,4.929177,4.5,4.0
1671374373.248000,45.314733,6.579872,2847.437433,348.4,3.806419,4.2,5.3
1671374375.532000,45.314820,6.579783,2847.534703,334.8,4.437409,3.7,6.1
1671374377.516000,45.314901,6.579690,2845.771317,322.0,5.219862,4.0,6.2
1671374379.516000,45.314980,6.579589,2844.960803,318.0,5.550255,4.0,5.4
1671374381.521000,45.315053,6.579486,2844.389487,312.3,5.556815,4.1,4.0
1671374383.514000,45.315114,6.579373,2841.380918,305.0,6.128144,5.7,4.0
1671374385.501000,45.315177,6.579222,2840.739709,296.8,6.644603,3.5,4.0
1671374387.505000,45.315223,6.579078,2839.522332,293.0,5.447256,3.1,4.0
1671374390.508000,45.315279,6.578923,2839.155623,300.7,4.329813,3.1,4.0
1671374393.500000,45.315331,6.578804,2836.231136,300.1,4.174440,4.7,4.0
1671374396.101000,45.315384,6.578688,2836.969267,302.7,4.518278,4.0,4.9
1671374397.858000,45.315440,6.578573,2834.192090,304.0,4.830486,6.3,5.9
1671374400.497000,45.315502,6.578438,2834.550587,303.0,5.237349,5.6,6.8
1671374402.503000,45.315561,6.578314,2834.796277,309.2,6.079607,4.5,6.2
1671374404.498000,45.315636,6.578189,2832.469906,311.8,6.199745,4.4,4.6
1671374406.508000,45.315700,6.578065,2831.170660,296.1,5.738587,3.9,4.0
1671374408.502000,45.315733,6.577915,2829.938448,286.0,7.016068,4.2,4.0
1671374410.502000,45.315772,6.577737,2829.932604,289.9,6.754828,4.2,4.0
1671374412.528000,45.315820,6.577585,2829.748708,295.9,6.155081,4.3,4.0
1671374414.520000,45.315869,6.577446,2826.272685,296.0,5.894397,6.2,4.4
1671374416.531000,45.315920,6.577319,2825.784128,302.2,5.576101,5.7,5.2
1671374418.521000,45.315976,6.577211,2827.076787,303.0,5.133921,3.1,5.6
1671374420.505000,45.316032,6.577110,2826.043691,308.8,5.086560,3.1,5.0
1671374422.504000,45.316096,6.577013,2823.316431,311.9,5.429118,6.6,4.3
1671374424.527000,45.316170,6.576914,2822.148456,316.9,5.878255,4.8,4.0
1671374426.510000,45.316254,6.576813,2823.412758,318.7,6.247474,4.2,4.0
1671374428.495000,45.316350,6.576708,2820.735481,325.7,6.939505,6.3,4.0
1671374430.502000,45.316459,6.576606,2820.771801,326.0,6.737447,4.2,4.0
1671374432.505000,45.316558,6.576510,2819.076682,326.0,6.609118,5.4,4.0
1671374434.508000,45.316656,6.576411,2819.032587,323.0,6.712080,4.5,4.0
1671374436.497000,45.316755,6.576302,2817.792089,321.0,6.827864,4.6,4.0
1671374438.504000,45.316847,6.576203,2816.606293,323.0,6.349962,4.3,4.0
1671374440.522000,45.316938,6.576112,2814.651980,324.0,6.281208,4.9,4.0
1671374442.504000,45.317033,6.576016,2815.151946,324.0,6.670887,4.5,4.0
1671374444.506000,45.317131,6.575907,2814.067547,322.0,7.097946,4.4,4.4
1671374446.508000,45.317241,6.575795,2812.284713,329.0,7.850382,3.6,4.4
1671374448.494000,45.317375,6.575700,2811.065848,335.0,8.240336,3.1,4.3
1671374450.498000,45.317499,6.575626,2809.096704,336.0,6.985519,3.2,4.0
1671374452.498000,45.317612,6.575547,2806.712768,328.0,7.535042,5.2,4.0
1671374454.504000,45.317733,6.575440,2805.953248,327.0,8.130447,5.3,4.0
1671374456.510000,45.317862,6.575305,2804.342206,322.0,9.579353,6.4,4.0
1671374457.501000,45.317936,6.575224,2804.640657,323.0,10.589157,4.1,4.0
1671374458.505000,45.318018,6.575138,2802.744615,323.0,11.770190,4.1,4.0
1671374459.506000,45.318107,6.575045,2797.618102,322.0,12.211809,6.4,4.0
1671374460.495000,45.318196,6.574941,2796.890257,319.0,12.533161,4.4,4.0
1671374461.497000,45.318283,6.574832,2796.148588,318.0,12.429387,4.3,4.0
1671374462.504000,45.318369,6.574722,2794.776652,317.0,12.565375,5.0,4.0
1671374463.489000,45.318451,6.574611,2794.187709,316.0,12.626942,5.0,4.0
1671374464.514000,45.318536,6.574498,2790.225805,311.0,12.853118,5.6,4.0
1671374465.503000,45.318613,6.574376,2788.347847,307.3,12.876255,4.7,4.0
1671374466.519000,45.318683,6.574242,2786.462780,302.0,12.426471,4.7,4.0
1671374467.497000,45.318733,6.574110,2784.741968,298.0,11.685013,4.9,4.0
1671374468.504000,45.318772,6.573977,2783.600513,293.0,11.021564,4.5,4.0
1671374469.502000,45.318798,6.573850,2783.431861,287.1,10.555762,4.5,4.0
1671374470.505000,45.318817,6.573725,2782.457347,283.3,10.301456,4.4,4.0
1671374472.495000,45.318830,6.573468,2779.517392,268.6,10.297212,4.5,4.0
1671374473.496000,45.318822,6.573331,2778.044120,265.0,10.260793,4.8,4.0
1671374474.501000,45.318817,6.573196,2776.977761,268.8,10.377456,4.7,4.0
1671374475.490000,45.318826,6.573063,2774.471650,277.2,10.411892,5.2,4.0
1671374476.500000,45.318849,6.572932,2772.557269,284.0,10.341361,6.1,4.0
1671374477.501000,45.318870,6.572804,2772.015812,280.0,10.178398,3.6,4.0
1671374478.498000,45.318886,6.572674,2769.319646,281.0,10.212729,3.2,4.0
1671374479.511000,45.318907,6.572538,2768.703605,281.0,10.753057,3.1,4.0
1671374480.506000,45.318924,6.572399,2767.637480,279.0,10.784624,3.4,4.0
1671374481.520000,45.318947,6.572265,2763.980971,285.0,10.494751,3.1,4.0
1671374483.501000,45.319032,6.572062,2758.065669,291.2,8.300624,4.9,4.0
1671374485.508000,45.319072,6.571875,2753.793420,300.2,6.849317,4.8,4.8
1671374487.496000,45.319139,6.571760,2748.630731,323.0,6.012102,6.2,5.6
1671374489.506000,45.319201,6.571646,2746.984398,290.0,6.013644,4.3,6.0
1671374491.501000,45.319252,6.571535,2742.765297,334.9,6.141344,4.5,6.0
1671374493.502000,45.319347,6.571528,2738.238198,321.2,6.546928,5.3,6.0
1671374496.499000,45.319407,6.571372,2731.951017,308.5,4.371572,4.8,6.0
1671374499.511000,45.319511,6.571314,2726.404919,30.0,4.737822,4.6,6.0
1671374501.522000,45.319619,6.571361,2723.710122,1.0,5.953697,4.6,6.0
1671374503.504000,45.319749,6.571323,2718.325189,4.2,7.319911,4.7,6.0
1671374505.497000,45.319840,6.571342,2711.919474,356.7,4.569003,4.7,6.0
1671374508.495000,45.319942,6.571258,2706.671532,353.6,4.965989,3.6,6.2
1671374512.516000,45.320062,6.571267,2700.281812,356.0,3.674405,3.1,7.3
1671374514.492000,45.320165,6.571250,2695.877027,311.9,5.617074,5.0,6.8
1671374516.498000,45.320264,6.571143,2690.028758,343.9,3.622555,4.9,6.0
1671374519.500000,45.320364,6.571114,2686.303148,332.3,5.186718,4.2,6.0
1671374521.519000,45.320436,6.571018,2681.656004,305.0,4.162153,4.6,6.0
1671374524.502000,45.320499,6.570922,2676.392448,328.5,5.516387,5.6,6.0
1671374526.495000,45.320586,6.570874,2670.859226,1.9,5.484612,5.6,6.0
1671374528.493000,45.320681,6.570854,2667.974001,301.2,4.960025,5.1,6.0
1671374531.353000,45.320746,6.570736,2663.264181,325.8,3.355261,4.7,6.8
1671374533.501000,45.320824,6.570659,2656.204784,311.2,6.085557,4.8,7.8
1671374535.490000,45.320872,6.570528,2650.396316,288.1,6.245051,5.1,8.2
1671374537.501000,45.320940,6.570331,2644.283130,302.4,10.721210,5.9,6.4
1671374538.494000,45.321001,6.570204,2639.613862,304.7,13.145900,6.3,6.7
1671374539.498000,45.321074,6.570053,2636.169477,302.0,15.209195,3.6,7.0
1671374540.499000,45.321150,6.569875,2627.530363,295.2,16.596548,6.0,7.6
1671374541.497000,45.321213,6.569682,2626.299903,299.6,16.618565,3.1,9.6
1671374542.492000,45.321287,6.569500,2621.996024,303.7,16.263060,3.2,9.3
1671374543.503000,45.321368,6.569326,2619.225176,302.1,16.120106,3.1,10.4
1671374544.500000,45.321441,6.569143,2614.899564,286.1,15.318208,3.1,10.4
1671374545.497000,45.321474,6.568951,2610.947137,278.0,13.534517,5.9,10.0
1671374546.498000,45.321494,6.568790,2609.650049,283.9,11.872713,5.2,10.0
1671374547.494000,45.321534,6.568657,2608.857838,298.9,10.787396,4.7,8.8
1671374548.506000,45.321584,6.568544,2607.381941,310.7,9.935076,6.3,8.0
1671374550.499000,45.321680,6.568364,2608.735915,290.9,8.357648,4.2,8.0
1671374552.499000,45.321728,6.568132,2606.658676,287.1,8.632802,4.6,7.6
1671374554.521000,45.321756,6.567885,2602.644412,267.1,8.838580,5.7,6.8
1671374556.508000,45.321728,6.567636,2601.122664,251.0,8.823726,5.5,6.0
1671374558.508000,45.321662,6.567448,2599.161076,241.0,7.061330,5.0,6.0
1671374560.515000,45.321636,6.567281,2596.924082,306.2,5.923598,4.7,6.0
1671374562.509000,45.321697,6.567117,2592.759104,279.8,7.387064,4.7,6.0
1671374564.543000,45.321682,6.566915,2586.696779,244.6,7.810051,4.9,6.4
1671374566.529000,45.321614,6.566725,2581.608521,268.0,8.644684,5.2,7.2
1671374568.505000,45.321634,6.566529,2571.107489,293.0,7.234672,6.2,7.3
1671374570.503000,45.321704,6.566355,2566.324277,304.0,8.294947,3.4,7.0
1671374572.500000,45.321768,6.566139,2559.365369,270.3,10.227777,3.1,6.7
1671374573.494000,45.321766,6.566011,2556.348701,262.8,8.611767,3.2,6.3
1671374575.500000,45.321728,6.565796,2545.610578,261.7,10.741626,3.1,6.7
1671374576.515000,45.321722,6.565653,2539.442814,284.5,11.785752,4.4,7.2
1671374577.504000,45.321753,6.565506,2533.605114,301.0,12.904911,4.2,7.2
1671374578.504000,45.321813,6.565367,2528.181131,288.9,13.540992,3.3,7.6
1671374579.508000,45.321847,6.565208,2524.683272,267.4,14.452623,3.7,8.0
1671374580.505000,45.321835,6.565025,2519.118806,255.8,15.544379,3.1,8.0
1671374581.507000,45.321801,6.564831,2511.751230,259.2,16.286175,3.1,8.0
1671374582.516000,45.321782,6.564628,2507.505804,273.7,16.636965,4.8,8.0
1671374583.501000,45.321792,6.564416,2502.981778,273.0,17.782982,3.7,8.7
1671374584.498000,45.321802,6.564194,2496.190339,267.2,17.331429,4.0,9.3
1671374585.506000,45.321781,6.563976,2487.884260,245.6,17.875095,5.3,10.4
1671374586.509000,45.321707,6.563748,2483.012700,244.3,18.292213,3.5,11.2
1671374587.516000,45.321632,6.563503,2480.149425,258.4,18.028833,4.2,12.0
1671374588.495000,45.321595,6.563249,2473.191259,278.2,18.170912,4.0,12.0
1671374589.502000,45.321613,6.562994,2466.778904,288.2,16.620726,3.6,12.0
1671374590.501000,45.321662,6.562772,2463.598713,281.0,17.246197,4.4,12.0
1671374591.498000,45.321696,6.562537,2459.253589,270.0,15.965680,3.4,11.3
1671374592.505000,45.321674,6.562340,2455.293123,257.2,13.123855,3.2,10.7
1671374593.506000,45.321648,6.562196,2454.279167,263.1,9.885549,3.6,9.6
1671374595.505000,45.321693,6.562047,2452.135215,309.0,5.029607,3.1,8.0
1671374597.499000,45.321765,6.561954,2451.979863,289.1,7.131675,3.6,8.0
1671374599.517000,45.321804,6.561817,2446.871856,285.2,5.351944,4.8,7.6
1671374602.527000,45.321842,6.561696,2446.042644,291.0,3.062605,3.5,6.3
1671374607.506000,45.321863,6.561502,2444.155681,273.0,4.333428,3.3,5.8
1671374609.507000,45.321862,6.561369,2442.138439,275.9,6.181428,3.4,5.4
1671374611.504000,45.321889,6.561238,2439.931058,301.0,5.228043,3.3,5.7
1671374623.069000,45.321956,6.561072,2438.628730,296.3,4.208197,3.1,6.2
1671374625.490000,45.322066,6.560883,2433.815823,311.9,6.107172,3.5,7.1
1671374627.505000,45.322169,6.560740,2432.044210,308.1,8.682466,2.6,7.3
1671374629.494000,45.322258,6.560492,2424.370947,287.9,12.963851,3.6,6.2
1671374630.493000,45.322298,6.560324,2420.218442,299.9,14.336279,3.3,6.0
1671374631.510000,45.322376,6.560159,2416.765490,316.4,15.454157,3.9,6.8
1671374632.490000,45.322477,6.560014,2414.851189,308.2,15.184026,3.9,7.0
1671374633.518000,45.322555,6.559849,2412.682077,304.2,14.228506,2.6,7.6
1671374634.503000,45.322617,6.559698,2410.083216,307.7,12.945335,2.8,8.0
1671374635.516000,45.322684,6.559572,2409.250627,318.9,12.001702,2.8,8.0
1671374636.510000,45.322758,6.559474,2407.982006,312.0,10.297718,3.0,8.0
1671374638.509000,45.322844,6.559282,2403.712616,303.6,9.462095,2.6,8.0
1671374640.509000,45.322964,6.559126,2400.218038,316.8,10.141778,3.2,7.3
1671374641.495000,45.323035,6.559040,2398.724091,313.3,10.923331,3.9,7.0
1671374642.500000,45.323109,6.558929,2397.748611,309.1,11.975963,2.6,6.7
1671374643.504000,45.323183,6.558802,2395.027839,308.0,12.821279,2.9,6.3
1671374644.501000,45.323258,6.558670,2392.379095,310.3,13.033045,3.0,6.0
1671374645.501000,45.323333,6.558542,2391.103299,310.5,13.066608,2.7,6.0
1671374646.532000,45.323417,6.558418,2389.930160,314.8,13.198741,3.1,6.0
1671374647.505000,45.323504,6.558309,2386.207158,317.9,13.117071,2.6,5.6
1671374648.504000,45.323596,6.558209,2383.928504,321.7,12.564095,2.6,5.2
1671374649.504000,45.323688,6.558115,2381.200286,323.8,12.689279,2.7,4.8
1671374650.504000,45.323783,6.558023,2380.876172,329.8,12.629417,2.7,4.8
1671374651.503000,45.323882,6.557955,2379.942113,333.9,12.267249,2.5,5.0
1671374652.500000,45.323983,6.557888,2377.909677,330.3,12.192717,2.6,5.0
1671374653.494000,45.324077,6.557808,2374.611163,326.4,12.367741,2.5,5.3
1671374654.495000,45.324170,6.557717,2371.729199,321.2,12.636038,2.6,6.0
1671374655.505000,45.324259,6.557607,2368.450748,317.9,13.228660,2.7,6.8
1671374656.502000,45.324352,6.557487,2368.120204,318.7,13.821418,2.8,7.0
1671374657.493000,45.324449,6.557363,2365.989479,319.7,14.320637,3.2,7.0
1671374658.495000,45.324553,6.557245,2362.841868,322.5,14.933940,3.3,7.0
1671374659.500000,45.324667,6.557128,2359.805957,323.4,15.273230,4.5,6.8
1671374660.514000,45.324788,6.557002,2355.282351,321.5,16.084974,4.1,6.4
1671374661.510000,45.324905,6.556864,2350.119661,319.1,16.500875,4.6,6.4
1671374662.506000,45.325024,6.556722,2345.594195,320.6,16.989811,4.2,6.8
1671374663.497000,45.325148,6.556581,2341.311230,321.7,17.035599,4.0,7.2
1671374664.506000,45.325272,6.556450,2340.656815,322.5,15.241220,2.6,7.2
1671374665.515000,45.325377,6.556346,2339.918228,325.1,13.555800,2.6,7.2
1671374666.505000,45.325467,6.556266,2341.087440,328.5,11.974127,2.7,7.0
1671374667.495000,45.325552,6.556201,2341.005036,328.9,11.445008,2.9,6.3
1671374668.502000,45.325632,6.556129,2337.778200,328.4,11.388754,3.7,5.2
1671374669.499000,45.325708,6.556033,2336.589407,316.1,11.925095,2.6,5.0
1671374670.517000,45.325776,6.555910,2333.428407,311.6,12.362475,3.3,4.4
1671374671.508000,45.325836,6.555759,2328.300281,300.0,13.954919,3.3,4.0
1671374672.499000,45.325901,6.555596,2327.275560,301.9,14.398295,3.8,4.0
1671374673.502000,45.325977,6.555437,2326.084026,304.0,14.609235,2.5,4.0
1671374674.510000,45.326055,6.555276,2322.396579,303.1,15.134700,2.5,4.0
1671374675.496000,45.326124,6.555111,2319.007423,291.7,15.670753,3.0,4.3
1671374676.499000,45.326161,6.554920,2315.431674,278.9,16.328754,3.3,5.0
1671374677.497000,45.326178,6.554714,2307.668367,280.9,16.118004,3.0,5.7
1671374678.518000,45.326203,6.554509,2308.031667,281.7,15.777253,2.9,6.8
1671374679.515000,45.326214,6.554312,2300.871573,269.8,14.956395,2.6,7.6
1671374680.515000,45.326196,6.554120,2302.665019,263.3,14.864334,2.9,8.0
1671374681.511000,45.326157,6.553940,2298.881679,258.0,13.913494,2.7,8.0
1671374682.512000,45.326101,6.553780,2295.855586,251.2,12.835150,2.6,8.0
1671374683.495000,45.326009,6.553646,2294.328653,218.2,13.805502,2.8,8.0
1671374684.501000,45.325905,6.553540,2288.213797,217.1,13.883940,2.8,8.7
1671374685.503000,45.325796,6.553477,2284.816012,205.0,12.393577,2.8,9.3
1671374686.503000,45.325679,6.553470,2280.503443,185.2,13.166780,2.7,10.0
1671374687.504000,45.325553,6.553464,2277.889155,194.3,13.208965,2.7,10.7
1671374688.491000,45.325441,6.553405,2274.586510,222.6,13.526384,2.6,11.3
1671374689.502000,45.325353,6.553294,2268.755156,229.8,13.557997,2.6,12.0
1671374690.518000,45.325263,6.553154,2265.059637,227.0,14.523559,2.9,11.2
1671374691.510000,45.325156,6.553015,2257.965435,209.7,15.742990,4.0,10.4
1671374692.503000,45.325023,6.552910,2253.107913,201.9,17.221603,4.4,10.0
1671374693.536000,45.324867,6.552852,2249.889508,193.3,16.336592,4.2,8.8
1671374694.495000,45.324723,6.552799,2244.067881,203.9,15.793489,3.9,8.7
1671374695.512000,45.324591,6.552703,2237.627745,218.6,15.363305,3.5,8.0
1671374696.499000,45.324485,6.552583,2238.565309,214.2,14.066549,2.8,8.0
1671374697.506000,45.324374,6.552496,2235.474882,199.6,12.998304,2.7,8.0
1671374698.502000,45.324271,6.552462,2229.804236,192.0,10.710821,3.4,8.0
1671374699.502000,45.324180,6.552437,2228.544852,193.4,10.384254,2.9,8.0
1671374701.494000,45.324069,6.552328,2220.871191,233.6,5.996870,3.3,8.0
1671374703.497000,45.324038,6.552200,2219.603854,214.8,6.925032,2.6,8.0
1671374705.489000,45.323896,6.552148,2213.351255,178.4,9.963474,3.6,8.0
1671374706.502000,45.323802,6.552168,2211.955513,188.8,11.738672,3.1,8.0
1671374707.498000,45.323688,6.552140,2210.926755,205.7,11.352285,3.3,8.0
1671374708.513000,45.323595,6.552060,2214.098300,228.7,10.234066,9.0,8.0
1671374709.500000,45.323538,6.551942,2205.156680,222.1,9.648543,2.6,8.0
1671374711.491000,45.323426,6.551777,2205.684598,187.2,8.419624,7.0,8.0
1671374713.495000,45.323297,6.551827,2198.431736,153.3,9.974282,6.1,8.0
1671374714.498000,45.323210,6.551902,2192.382586,176.3,9.226840,3.1,8.0
1671374715.509000,45.323113,6.551928,2189.415639,208.4,8.348183,3.2,8.0
1671374717.531000,45.322996,6.551849,2179.681250,220.9,6.523142,3.8,8.0
1671374719.499000,45.322868,6.551768,2176.226156,172.6,8.171358,3.4,8.0
1671374721.493000,45.322726,6.551833,2172.097415,159.0,6.443869,4.0,8.0
1671374723.501000,45.322581,6.551872,2169.408484,206.8,8.007073,4.3,8.0
1671374725.494000,45.322453,6.551793,2165.324137,176.6,8.451501,3.5,8.0
1671374727.499000,45.322294,6.551790,2163.734136,201.5,6.690621,2.7,8.8
1671374729.495000,45.322183,6.551669,2158.057848,205.1,7.883762,2.7,8.7
1671374731.500000,45.322034,6.551608,2153.418383,165.4,7.493585,3.6,8.0
1671374733.500000,45.321949,6.551696,2150.412834,164.0,7.910186,2.6,8.0
1671374735.508000,45.321775,6.551742,2147.400324,187.0,11.108929,3.7,8.0
1671374736.507000,45.321669,6.551716,2147.828697,190.0,10.854724,3.1,8.0
1671374737.511000,45.321567,6.551682,2143.841426,191.0,9.896111,3.0,8.0
1671374738.506000,45.321476,6.551654,2151.424244,183.0,9.176451,9.5,8.0
1671374740.503000,45.321332,6.551666,2149.368920,179.0,8.497293,7.6,7.7
1671374742.523000,45.321174,6.551682,2146.365693,174.0,9.411482,6.3,7.6
1671374744.520000,45.321018,6.551720,2140.277191,167.0,8.014086,2.7,8.0
1671374746.518000,45.320876,6.551702,2128.518104,242.3,6.958952,3.8,8.0
1671374748.510000,45.320833,6.551535,2127.596282,259.3,6.770123,3.0,8.0
1671374750.503000,45.320770,6.551364,2124.066621,216.0,6.959042,2.5,8.0
1671374752.494000,45.320666,6.551273,2118.050735,226.1,7.564404,4.2,8.0
1671374754.495000,45.320592,6.551066,2112.209748,270.5,9.592978,4.1,8.0
1671374755.498000,45.320599,6.550938,2108.949657,277.9,9.341663,3.7,8.0
1671374757.485000,45.320662,6.550744,2107.842533,301.0,7.503940,2.8,7.3
1671374759.483000,45.320707,6.550575,2104.935490,265.9,8.200251,2.6,7.3
1671374761.489000,45.320676,6.550373,2099.339708,272.1,7.171399,3.3,7.3
1671374763.500000,45.320710,6.550209,2094.147593,295.9,5.716659,3.1,8.7
1671374765.494000,45.320764,6.550088,2093.552233,312.9,5.134948,2.5,8.0
1671374767.510000,45.320791,6.549948,2092.700911,265.1,8.299179,3.0,6.8
1671374769.495000,45.320777,6.549731,2095.312589,280.3,6.401742,9.4,7.0
1671374772.507000,45.320776,6.549529,2089.888266,262.5,5.098778,7.5,7.3
1671374774.501000,45.320692,6.549390,2085.403849,234.8,7.205304,7.0,7.2
1671374776.502000,45.320607,6.549176,2080.081984,251.0,10.198693,6.7,7.3
1671374777.498000,45.320575,6.549048,2068.206424,271.3,10.525529,4.1,7.7
1671374778.504000,45.320584,6.548914,2065.420333,277.9,11.234522,3.6,8.0
1671374779.497000,45.320611,6.548772,2063.477112,272.1,12.652695,3.0,8.0
1671374780.508000,45.320617,6.548588,2057.470841,257.5,14.940206,3.4,8.0
1671374781.498000,45.320584,6.548381,2057.741342,259.7,15.009346,2.6,8.0
1671374782.501000,45.320566,6.548171,2049.315640,275.2,15.229650,3.3,8.0
1671374783.514000,45.320584,6.547967,2048.272913,288.0,14.243826,4.2,8.0
1671374784.503000,45.320636,6.547801,2044.664260,309.3,12.120436,3.8,8.0
1671374785.484000,45.320715,6.547701,2040.858941,313.0,11.840804,2.9,8.0
1671374786.505000,45.320797,6.547595,2039.930232,299.2,11.548575,3.3,8.0
1671374787.491000,45.320852,6.547464,2039.780679,283.2,10.487757,2.8,8.0
1671374788.499000,45.320865,6.547331,2037.048662,279.1,10.506486,2.6,8.0
1671374789.516000,45.320872,6.547191,2033.838147,276.2,11.371722,3.3,8.0
1671374790.508000,45.320869,6.547040,2030.741413,269.4,10.366775,3.3,8.0
1671374791.499000,45.320861,6.546902,2029.452296,276.9,10.355143,3.2,8.0
1671374792.501000,45.320876,6.546770,2026.165041,303.8,10.735582,3.4,8.0
1671374794.502000,45.321013,6.546602,2019.397272,331.5,10.607533,3.1,8.0
1671374795.505000,45.321113,6.546577,2016.600076,340.9,9.361193,3.6,8.0
1671374796.501000,45.321206,6.546577,2014.551844,326.9,10.543571,2.9,8.0
1671374797.501000,45.321292,6.546491,2010.953528,296.2,12.089283,2.8,8.0
1671374798.505000,45.321328,6.546356,2009.053968,288.4,9.331859,2.9,8.0
1671374800.515000,45.321363,6.546115,2010.589100,285.9,9.909251,9.6,8.0
1671374801.498000,45.321388,6.545986,2007.979478,292.5,9.428709,5.8,8.0
1671374803.499000,45.321470,6.545769,1987.505163,292.1,9.831678,3.4,8.0
1671374805.509000,45.321510,6.545512,1982.032809,283.0,9.952077,3.9,8.0
1671374807.508000,45.321585,6.545330,1972.344532,302.5,8.170197,4.1,8.0
1671374809.504000,45.321689,6.545115,1965.479507,287.0,11.409461,3.1,8.0
1671374810.498000,45.321725,6.544977,1962.618227,292.0,10.486019,3.0,8.0
1671374811.504000,45.321762,6.544846,1961.629821,287.3,10.421618,3.5,8.0
1671374812.516000,45.321786,6.544719,1957.849038,280.8,8.271700,3.0,8.0
1671374814.498000,45.321777,6.544530,1956.169704,265.1,7.553453,2.7,8.0
1671374816.527000,45.321793,6.544315,1950.406143,301.9,9.380784,2.8,8.0
1671374817.524000,45.321831,6.544199,1946.411021,282.7,8.396078,2.9,7.6
1671374819.501000,45.321832,6.544008,1940.804762,263.1,6.531125,3.2,6.8
1671374821.502000,45.321839,6.543816,1937.364209,296.9,7.641365,3.1,6.3
1671374823.524000,45.321941,6.543640,1932.130025,284.4,9.622913,2.7,6.0
1671374824.510000,45.321965,6.543513,1929.085710,276.0,9.202205,2.7,6.0
1671374825.503000,45.321966,6.543384,1926.460173,268.3,9.134448,3.0,6.0
1671374827.519000,45.321946,6.543164,1922.909274,267.0,8.098414,2.8,5.6
1671374829.521000,45.321989,6.542970,1920.605407,299.8,8.863289,2.9,4.8
1671374831.528000,45.322036,6.542799,1917.774197,265.0,4.907594,3.2,4.4
1671374834.501000,45.322036,6.542605,1914.522733,275.3,6.646642,3.9,5.3
1671374836.498000,45.322022,6.542458,1910.017391,248.1,5.319342,3.2,6.0
1671374839.504000,45.321978,6.542323,1909.066661,254.7,4.310005,3.8,6.0
1671374841.498000,45.321944,6.542196,1907.410133,245.2,4.928985,3.3,6.0
1671374843.949000,45.321894,6.542070,1905.877560,237.0,4.458640,4.1,6.2
1671374846.500000,45.321826,6.541950,1904.316409,229.1,4.115951,2.8,6.4
1671374849.522000,45.321742,6.541840,1903.689377,229.0,5.094965,3.1,5.6
1671374851.504000,45.321671,6.541713,1901.084166,233.0,5.501753,3.1,5.4
1671374853.502000,45.321604,6.541589,1900.209178,233.0,4.469497,3.0,6.0
1671374856.500000,45.321590,6.541457,1898.919709,307.8,4.963043,2.9,8.3
1671374858.499000,45.321649,6.541301,1895.712172,287.9,5.713141,3.2,8.3
1671374860.501000,45.321679,6.541171,1891.984855,303.7,5.280281,3.5,6.7
1671374862.511000,45.321773,6.541087,1889.698323,304.3,5.066477,3.6,6.0
1671374865.248000,45.321818,6.540938,1886.005741,297.5,4.853021,3.5,9.1
1671374867.501000,45.321923,6.540843,1880.953647,321.1,5.635807,3.1,8.8
1671374869.502000,45.321979,6.540723,1878.721923,282.0,5.044879,3.3,8.2
1671374872.255000,45.322005,6.540566,1877.103069,290.8,5.007574,4.0,9.2
1671374874.498000,45.322066,6.540440,1874.631071,313.3,3.863856,2.5,9.4
1671374876.499000,45.322163,6.540352,1870.521608,329.0,6.019283,2.7,8.2
1671374878.494000,45.322264,6.540253,1868.159172,316.1,6.820494,3.1,6.7
1671374880.504000,45.322334,6.540103,1864.642499,264.6,4.266389,3.0,6.0
1671374884.397000,45.322290,6.539981,1863.301226,221.4,1.474453,2.9,8.5
1671374891.421000,45.322176,6.539980,1861.680990,172.5,3.246427,3.0,5.4
1671374900.063000,45.322114,6.539882,1859.023620,1.3,1.370468,4.6,6.1
1671374913.603000,45.322214,6.539842,1856.285646,345.3,2.139981,2.8,5.8
1671374924.904000,45.322255,6.539712,1855.961117,259.6,1.931129,6.9,6.9
1671374937.203000,45.322258,6.539581,1849.685140,270.9,1.313645,2.5,6.7
1671374963.596000,45.322215,6.539467,1859.399354,-1.0,0.017059,7.9,4.8
1671374990.691000,45.322132,6.539350,1855.365051,204.5,0.565726,2.9,146.8
1671374997.017000,45.321852,6.539087,1860.287419,215.1,5.022679,6.8,72.9
1671375002.036000,45.321736,6.538966,1851.208298,215.9,3.787555,2.9,98.4
1671375056.011000,45.321556,6.544788,1859.966263,-1.0,-1.000000,7.2,1900.0
1671375071.101000,45.307033,6.556550,1862.112941,-1.0,-1.000000,6.8,3400.0
1671375077.443000,45.321780,6.539001,1859.372323,-1.0,-1.000000,3.6,116.1
1671375082.439000,45.322569,6.539168,1876.628876,8.5,0.780932,4.9,116.1
1671375087.491000,45.322885,6.539246,1881.999047,9.6,3.523255,5.3,24.0
1671375102.565000,45.322663,6.538952,1890.895100,218.7,5.557782,3.8,111.0
1671375107.600000,45.322198,6.538419,1886.637071,218.6,8.832581,3.5,92.4
1671375112.643000,45.323542,6.541462,1887.953005,-1.0,-1.000000,6.4,74.3
1671375117.667000,45.323361,6.540842,1893.096623,247.5,1.332187,5.0,106.1
1671375122.688000,45.322873,6.539394,1887.864839,242.8,8.215459,7.0,109.2
1671375126.411000,45.322404,6.538592,1894.814845,235.6,12.629704,5.7,108.4
1671375132.725000,45.322272,6.538324,1894.893975,235.9,8.103142,5.0,120.8
1671375137.767000,45.322551,6.538666,1886.499912,249.0,2.908291,3.5,100.1
1671375142.813000,45.322475,6.538586,1895.023940,241.1,2.440661,5.8,127.6
1671375147.879000,45.322811,6.538990,1893.115639,20.6,1.749916,4.0,64.1
1671375152.870000,45.323040,6.539268,1894.107023,34.1,3.378839,7.3,67.7
1671375157.860000,45.323236,6.539772,1893.715126,51.3,5.475405,5.5,87.3
1671375162.893000,45.323339,6.539800,1893.280230,44.1,4.209014,7.6,81.8
1671375167.923000,45.323494,6.540111,1893.457165,49.4,4.957247,6.5,72.3
1671375172.950000,45.323600,6.540790,1893.682979,63.6,6.626522,5.7,77.6
1671375177.956000,45.323500,6.540152,1893.278366,263.2,4.979652,6.2,81.5
1671375182.983000,45.323391,6.539665,1893.604170,255.2,6.830194,6.0,93.1
1671375188.027000,45.323465,6.538746,1893.712473,274.7,13.593322,3.9,89.6
1671375193.033000,45.323722,6.537761,1893.726028,287.3,13.852363,4.7,84.6
1671375198.049000,45.323522,6.541274,1893.510057,-1.0,-1.000000,4.8,82.8
1671375203.084000,45.323408,6.540673,1893.610826,255.0,1.798846,7.3,77.6
1671375208.128000,45.323156,6.539957,1893.547859,245.9,5.459316,5.8,98.4
1671375213.144000,45.322850,6.539175,1893.780613,242.9,7.945549,6.9,96.6
1671375218.190000,45.322750,6.538922,1892.051302,242.3,6.699169,4.9,101.4
1671375228.224000,45.322937,6.539226,1893.091585,258.5,1.301656,4.7,108.6
1671375231.964000,45.322978,6.539528,1894.544052,79.2,0.601305,4.5,140.5
1671375237.006000,45.322996,6.539654,1894.548868,79.0,1.048731,4.9,162.8
1671375242.041000,45.322802,6.539511,1893.602796,178.6,1.174976,5.0,100.0
1671375247.075000,45.326016,6.538948,1890.683501,-1.0,-1.000000,4.4,1700.0
1671375258.456000,45.323542,6.541462,1893.084028,-1.0,-1.000000,4.5,104.1
1671375288.579000,45.323483,6.541260,1880.083249,248.1,1.195127,5.5,146.9
1671375293.624000,45.323242,6.539699,1879.901882,257.5,8.608309,2.9,87.6
1671375298.639000,45.312508,6.542171,1886.370054,-1.0,-1.000000,5.4,92.9
1671375303.686000,45.323556,6.540651,1879.909439,-1.0,-1.000000,2.7,64.3
1671375308.715000,45.323491,6.540438,1887.650724,246.4,1.555052,7.1,71.7
1671375313.748000,45.323507,6.540997,1887.731331,92.9,3.248954,7.3,60.0
1671375318.735000,45.323533,6.540150,1886.354940,272.2,3.359364,3.9,79.2
1671375323.805000,45.323539,6.540914,1887.786749,85.5,1.671336,7.5,64.1
1671375328.804000,45.323541,6.541554,1887.827053,89.5,5.292700,7.5,122.4
