1675846678.763000,45.372630,6.580562,1689.300049,188.9,0.715937,2.5,11.4
1675846678.763000,45.372630,6.580562,1689.300049,234.6,0.000000,21.0,61.0
1675846702.043000,45.372664,6.580603,1689.500000,-1.0,0.000349,2.1,6.2
1675846703.191000,45.372664,6.580603,1689.500000,-1.0,0.000050,2.1,6.3
1675846841.323000,45.372680,6.580460,1689.500000,315.8,0.247068,3.1,11.6
1675846846.946000,45.372633,6.580335,1689.650753,248.3,1.107544,3.1,5.3
1675846859.914000,45.372555,6.580266,1689.524713,207.5,1.132304,3.0,5.1
1675846913.200000,45.372460,6.580112,1687.833245,235.2,3.525943,4.4,4.0
1675846915.203000,45.372356,6.579963,1689.500000,226.8,4.331531,4.9,4.1
1675846917.203000,45.372290,6.579846,1693.560134,232.1,3.544226,5.0,3.9
1675846920.203000,45.372213,6.579702,1700.371570,233.8,3.594144,4.6,3.9
1675846923.200000,45.372145,6.579578,1706.784838,229.9,3.933502,5.2,3.9
1675846926.200000,45.372082,6.579460,1715.639465,230.5,4.946210,5.0,3.9
1675846929.200000,45.372011,6.579325,1720.235510,230.1,5.255747,4.4,3.9
1675846932.203000,45.371938,6.579197,1723.030065,231.8,5.146088,4.9,3.9
1675846935.200000,45.371871,6.579076,1733.491487,230.8,4.732307,4.5,3.9
1675846938.200000,45.371795,6.578937,1736.391695,229.0,4.294557,3.9,3.9
1675846941.203000,45.371724,6.578813,1742.832360,231.0,4.394492,5.1,3.9
1675846944.203000,45.371656,6.578699,1748.092695,232.0,5.222504,5.3,3.9
1675846947.203000,45.371581,6.578569,1751.406185,231.0,4.335022,3.9,3.9
1675846950.200000,45.371503,6.578432,1753.952141,229.0,4.485354,4.2,3.9
1675846953.203000,45.371431,6.578301,1760.776236,231.0,4.514744,5.6,3.9
1675846956.200000,45.371358,6.578173,1763.520008,233.0,4.344558,4.0,3.9
1675846959.200000,45.371287,6.578046,1768.231302,230.0,4.389907,4.4,3.9
1675846962.203000,45.371222,6.577929,1774.287458,224.0,3.827195,5.6,3.9
1675846965.200000,45.371148,6.577806,1776.754084,232.0,4.212281,3.9,3.9
1675846968.203000,45.371073,6.577674,1780.769507,231.1,4.449096,4.5,3.9
1675846971.200000,45.370999,6.577543,1781.741962,232.0,3.713963,5.6,3.9
1675846976.200000,45.370939,6.577432,1783.327984,232.0,1.201067,2.9,3.9
1675846984.203000,45.370873,6.577312,1787.858439,230.0,1.712530,5.5,3.9
1675846992.203000,45.370812,6.577202,1790.572875,228.0,1.423547,5.8,3.9
1675846997.200000,45.370749,6.577098,1793.031749,229.0,2.329337,3.0,3.9
1675847001.203000,45.370684,6.576982,1795.991571,229.0,3.076559,5.0,3.9
1675847005.200000,45.370609,6.576854,1799.772059,226.0,3.301115,5.4,3.9
1675847008.200000,45.370549,6.576750,1804.657719,230.0,3.849351,2.8,3.9
1675847010.708000,45.370484,6.576628,1811.728548,232.1,4.227928,5.6,4.3
1675847014.200000,45.370417,6.576508,1818.560631,231.9,4.141612,5.2,4.9
1675847017.203000,45.370353,6.576388,1826.954813,229.0,4.593070,5.7,3.9
1675847020.200000,45.370291,6.576274,1834.378687,231.1,4.535985,2.5,3.9
1675847023.200000,45.370228,6.576165,1842.672208,232.0,4.448977,3.6,5.9
1675847026.203000,45.370167,6.576058,1850.096681,230.0,4.566635,5.4,9.9
1675847029.203000,45.370108,6.575949,1858.883428,229.0,4.396397,5.8,9.9
1675847032.200000,45.370050,6.575846,1868.092628,231.1,4.978660,4.5,9.9
1675847035.200000,45.369980,6.575718,1874.039601,231.0,5.683907,4.2,9.9
1675847038.203000,45.369910,6.575595,1877.726286,232.9,5.297355,5.7,9.9
1675847041.200000,45.369837,6.575464,1882.074434,230.0,4.644820,5.7,9.9
1675847044.203000,45.369764,6.575333,1886.618425,231.0,4.533973,4.6,9.9
1675847047.200000,45.369692,6.575208,1891.593106,231.0,4.412119,3.9,9.9
1675847050.203000,45.369622,6.575082,1896.192513,230.0,4.480078,4.1,9.9
1675847053.203000,45.369546,6.574952,1901.380679,232.0,4.444644,5.5,9.9
1675847056.200000,45.369476,6.574831,1907.028559,231.0,4.649250,5.2,9.9
1675847059.200000,45.369404,6.574707,1911.989897,230.0,4.338201,5.1,9.9
1675847062.200000,45.369334,6.574584,1918.604470,231.0,4.337699,4.6,9.9
1675847065.200000,45.369260,6.574454,1924.066154,231.0,4.478438,4.1,9.9
1675847068.203000,45.369197,6.574329,1931.420011,234.0,4.446622,5.9,9.9
1675847071.200000,45.369131,6.574213,1937.189628,231.0,4.351130,4.3,9.9
1675847074.203000,45.369055,6.574083,1943.368093,231.0,4.448876,4.6,9.9
1675847077.200000,45.368988,6.573967,1949.498195,230.0,4.495355,5.5,9.9
1675847080.200000,45.368920,6.573852,1955.973225,231.0,4.554604,4.5,9.9
1675847083.200000,45.368853,6.573736,1962.385450,231.0,4.541515,4.7,9.9
1675847086.203000,45.368786,6.573620,1969.104801,230.0,4.581221,5.0,9.9
1675847089.203000,45.368721,6.573502,1975.319496,230.0,4.427533,4.9,9.9
1675847092.200000,45.368656,6.573385,1983.295691,230.0,4.464464,5.5,9.9
1675847095.203000,45.368595,6.573286,1989.899913,226.6,4.223105,5.3,9.9
1675847098.200000,45.368523,6.573159,1993.531818,229.9,4.780600,4.1,9.9
1675847101.167000,45.368454,6.573047,1993.899449,227.6,3.808638,4.0,12.2
1675847114.200000,45.368439,6.572917,1993.820670,258.6,2.352492,4.6,11.3
1675847117.004000,45.368433,6.572780,1993.020747,265.5,3.261992,4.5,15.4
1675847119.875000,45.368434,6.572648,1993.296132,263.8,2.750901,3.0,13.2
1675847140.088000,45.368473,6.572606,1993.243616,-1.0,0.000000,3.1,3.6
1675847140.088000,45.368473,6.572606,1993.243616,0.0,0.000000,21.0,61.0
1675847181.203000,45.368508,6.572570,1992.491014,283.3,2.944748,3.2,4.0
1675847184.204000,45.368497,6.572417,1991.428699,274.6,4.483408,2.9,3.9
1675847186.204000,45.368529,6.572291,1989.619420,288.7,5.848116,2.9,3.9
1675847188.204000,45.368627,6.572166,1988.229753,310.6,7.495369,6.1,3.9
1675847190.204000,45.368657,6.571990,1985.149743,280.8,6.851474,6.5,3.9
1675847194.068000,45.368700,6.571869,1982.162316,282.2,3.160225,6.9,5.4
1675847195.788000,45.368760,6.571766,1981.403154,298.0,4.253355,7.1,6.0
1675847198.203000,45.368852,6.571634,1978.039351,303.0,6.966733,7.0,5.6
1675847200.204000,45.368945,6.571464,1975.094063,306.0,9.420273,5.7,5.4
1675847202.203000,45.369018,6.571239,1972.084000,298.0,10.230514,2.5,3.9
1675847203.203000,45.369082,6.571140,1970.435980,322.0,11.327892,2.5,3.9
1675847204.203000,45.369162,6.571053,1967.833018,320.0,11.236393,2.5,3.9
1675847205.203000,45.369232,6.570949,1966.622410,308.0,11.689835,2.6,3.9
1675847206.204000,45.369304,6.570848,1965.053305,324.0,11.208411,2.6,3.9
1675847207.203000,45.369383,6.570764,1963.341539,319.0,11.122404,2.6,3.9
1675847208.203000,45.369451,6.570664,1961.485283,311.0,11.339786,2.6,3.9
1675847209.203000,45.369526,6.570580,1960.505314,329.9,10.589740,2.6,3.9
1675847211.204000,45.369675,6.570429,1957.435990,324.0,10.846542,2.7,3.9
1675847212.204000,45.369768,6.570378,1955.685596,351.0,11.550205,2.5,3.9
1675847213.203000,45.369872,6.570373,1954.103730,3.0,11.433805,2.5,3.9
1675847214.203000,45.369977,6.570388,1952.485325,10.0,11.831448,4.1,3.9
1675847215.204000,45.370085,6.570418,1951.153992,13.0,12.508707,4.1,3.9
1675847216.203000,45.370199,6.570462,1947.304564,18.0,13.908517,4.1,3.9
1675847217.203000,45.370314,6.570534,1944.200559,29.0,14.345175,5.9,3.9
1675847218.203000,45.370414,6.570635,1942.401344,40.0,13.664887,5.9,3.9
1675847219.203000,45.370516,6.570704,1939.872522,11.1,13.046342,6.0,3.9
1675847220.203000,45.370613,6.570675,1937.487606,328.4,11.251614,6.0,3.9
1675847222.204000,45.370614,6.570525,1934.999052,223.1,6.177925,6.0,3.9
1675847225.203000,45.370489,6.570518,1933.605603,154.1,4.777770,6.1,3.9
1675847229.203000,45.370439,6.570652,1932.798004,111.7,3.665651,5.3,3.9
1675847232.767000,45.370460,6.570809,1932.263886,54.5,4.881224,3.0,5.7
1675847234.756000,45.370501,6.570944,1930.272053,76.6,2.722756,3.0,6.6
1675847254.032000,45.370495,6.571029,1928.072235,-1.0,0.000000,6.0,4.0
1675847254.032000,45.370495,6.571029,1928.072235,0.0,0.000000,21.0,61.0
1675847262.204000,45.370448,6.571066,1927.733511,147.9,1.551989,4.6,3.9
1675847266.203000,45.370366,6.571205,1926.367310,125.2,4.863131,2.6,3.9
1675847268.204000,45.370286,6.571348,1923.179520,133.8,6.968995,2.6,3.9
1675847270.204000,45.370181,6.571535,1920.513576,124.9,9.001672,2.6,3.9
1675847271.204000,45.370123,6.571644,1917.951937,128.4,9.920301,3.0,3.9
1675847272.204000,45.370051,6.571735,1915.794668,136.6,10.240087,3.0,3.9
1675847273.204000,45.369990,6.571831,1913.182437,131.0,10.000060,4.7,3.9
1675847275.203000,45.369925,6.572009,1908.649592,89.9,7.273224,4.8,3.9
1675847277.204000,45.369934,6.572175,1907.727085,84.8,6.736349,4.8,4.1
1675847279.204000,45.369938,6.572380,1903.447665,93.4,8.211509,5.2,4.1
1675847281.204000,45.369955,6.572592,1901.731020,70.3,8.677341,5.2,4.2
1675847284.203000,45.370006,6.572698,1898.396714,72.5,2.258009,7.2,4.0
1675847297.780000,45.370047,6.572840,1896.221857,49.0,3.575178,5.1,4.5
1675847300.203000,45.370117,6.573035,1894.377533,68.8,6.363162,2.6,5.0
1675847302.203000,45.370155,6.573204,1893.162504,74.8,6.788253,2.7,4.8
1675847304.203000,45.370147,6.573381,1891.218463,93.0,7.473104,2.7,3.9
1675847306.204000,45.370178,6.573594,1888.212788,90.9,9.022593,2.8,3.9
1675847308.203000,45.370196,6.573852,1882.941677,85.4,10.413824,4.6,3.9
1675847309.204000,45.370214,6.573987,1881.621253,79.0,10.975707,4.6,3.9
1675847310.204000,45.370225,6.574119,1880.495673,91.0,10.098943,4.6,3.9
1675847312.203000,45.370243,6.574378,1877.790724,78.4,11.484943,4.4,3.9
1675847313.204000,45.370289,6.574491,1876.341617,52.3,10.783237,4.3,3.9
1675847314.204000,45.370345,6.574604,1875.332947,55.0,10.721244,4.3,3.9
1675847316.204000,45.370474,6.574725,1872.332913,358.0,7.941740,4.3,3.9
1675847318.204000,45.370600,6.574667,1868.906689,322.0,8.321229,4.3,3.9
1675847320.203000,45.370684,6.574500,1866.632564,294.0,8.782568,4.3,3.9
1675847322.204000,45.370780,6.574331,1863.764278,330.0,9.568144,5.2,3.9
1675847324.204000,45.370895,6.574151,1861.504146,298.0,10.229178,5.2,3.9
1675847326.203000,45.371014,6.573979,1856.818065,304.0,9.845739,5.2,3.9
1675847328.204000,45.371052,6.573765,1853.514659,274.0,7.550861,5.2,3.9
1675847330.204000,45.371093,6.573645,1852.018691,315.0,4.487134,5.2,3.9
1675847333.204000,45.371173,6.573537,1851.153984,319.0,2.643856,4.8,3.9
1675847336.444000,45.371313,6.573474,1847.740478,331.5,5.157595,21.0,150.0
1675847340.203000,45.371476,6.573400,1843.780178,5.0,10.282587,3.1,3.9
1675847341.204000,45.371570,6.573403,1843.174269,358.2,10.826071,3.1,3.9
1675847342.203000,45.371662,6.573362,1840.817108,333.1,11.663683,3.1,3.9
1675847343.203000,45.371753,6.573294,1837.545727,334.0,11.725918,3.1,3.9
1675847344.203000,45.371858,6.573264,1835.537115,359.0,12.963273,3.1,3.9
1675847345.204000,45.371966,6.573229,1833.992160,335.0,12.915392,5.2,3.9
1675847346.204000,45.372050,6.573126,1831.662691,310.0,12.637905,5.3,3.9
1675847347.203000,45.372130,6.573022,1827.957726,327.0,11.825515,5.6,3.9
1675847348.203000,45.372226,6.572971,1826.337550,346.0,11.843767,5.7,3.9
1675847349.203000,45.372313,6.572914,1824.858311,321.0,10.765318,5.6,3.9
1675847350.203000,45.372391,6.572840,1823.135789,332.9,10.702463,5.7,3.9
1675847352.203000,45.372552,6.572794,1821.001955,329.0,9.237516,5.7,3.9
1675847354.203000,45.372688,6.572673,1818.429917,350.9,8.972555,5.6,3.9
1675847356.204000,45.372836,6.572600,1815.128281,339.0,9.023053,5.7,3.9
1675847358.203000,45.372950,6.572650,1812.280177,42.9,5.064383,5.4,3.9
1675847363.204000,45.373036,6.572691,1808.173284,43.0,3.870354,3.7,3.9
1675847366.203000,45.373067,6.572902,1805.568418,112.0,5.948659,5.0,3.9
1675847368.204000,45.373009,6.573017,1804.091215,116.3,5.590983,4.7,3.9
1675847370.203000,45.372964,6.573142,1803.218866,111.1,5.610968,4.5,3.9
1675847372.204000,45.372923,6.573278,1802.051700,110.5,5.960422,4.4,3.9
1675847374.203000,45.372863,6.573421,1800.820840,120.8,6.435904,4.5,3.9
1675847376.204000,45.372779,6.573535,1800.513467,141.8,6.457680,4.7,3.9
1675847378.203000,45.372697,6.573646,1799.705333,127.2,6.061429,4.8,3.9
1675847380.204000,45.372638,6.573756,1798.962369,118.2,5.380840,5.1,3.9
1675847382.204000,45.372580,6.573859,1798.551795,130.8,5.107164,2.5,3.9
1675847385.204000,45.372495,6.573991,1797.756991,132.2,5.181450,2.5,3.9
1675847387.203000,45.372429,6.574108,1796.526756,127.0,5.302770,4.6,3.9
1675847389.203000,45.372370,6.574230,1795.450604,128.8,5.916213,4.6,3.9
1675847391.203000,45.372311,6.574350,1793.300049,123.1,5.637478,4.8,3.9
1675847393.203000,45.372264,6.574468,1793.300049,118.9,5.282364,4.8,3.9
1675847397.044000,45.372194,6.574614,1792.000000,124.4,4.008097,5.4,5.6
1675847399.338000,45.372128,6.574733,1792.000000,121.9,4.564113,5.5,6.8
1675847402.092000,45.372087,6.574887,1792.000000,106.2,4.662587,5.5,6.7
1675847412.878000,45.372026,6.574990,1789.677701,179.9,1.475740,2.7,4.1
1675847416.895000,45.371999,6.575144,1788.576169,115.2,2.586828,5.9,5.8
1675847419.762000,45.371976,6.575276,1788.192355,100.3,3.490365,6.4,6.8
1675847423.203000,45.371907,6.575464,1786.118557,103.0,4.979815,6.0,6.4
1675847425.204000,45.371859,6.575607,1785.734854,100.8,5.655427,6.0,5.1
1675847427.203000,45.371811,6.575754,1784.775047,108.5,6.161314,6.0,4.4
1675847429.203000,45.371756,6.575906,1783.252453,113.4,6.729975,6.0,3.9
1675847431.203000,45.371694,6.576072,1782.151758,110.9,7.169904,6.0,3.9
1675847433.204000,45.371638,6.576254,1780.962518,107.2,7.636158,5.3,3.9
1675847435.203000,45.371597,6.576443,1778.353523,103.5,7.672927,5.2,3.9
1675847437.204000,45.371576,6.576624,1777.777879,97.6,7.083109,5.1,3.9
1675847439.203000,45.371577,6.576794,1776.729708,89.8,6.835474,5.2,3.9
1675847441.204000,45.371576,6.576964,1775.566197,90.5,6.734023,4.6,3.9
1675847443.204000,45.371578,6.577131,1774.543888,82.6,6.703787,4.4,3.9
1675847445.203000,45.371596,6.577302,1773.636520,77.3,6.869908,4.8,3.9
1675847447.203000,45.371656,6.577402,1772.447854,359.9,4.101184,4.8,3.9
1675847450.203000,45.371750,6.577326,1770.467738,310.1,4.784276,2.6,3.9
1675847452.203000,45.371809,6.577172,1768.794298,298.2,6.854432,2.5,3.9
1675847454.204000,45.371879,6.576995,1766.916671,298.0,8.165054,2.5,3.9
1675847456.203000,45.371932,6.576795,1764.746477,279.1,8.624093,2.5,3.9
1675847458.204000,45.371972,6.576575,1763.099721,329.9,8.816806,2.5,3.9
1675847460.204000,45.372087,6.576539,1759.130624,66.1,5.849658,2.5,3.9
1675847463.204000,45.372136,6.576687,1755.406229,49.1,5.385615,2.5,3.9
1675847465.204000,45.372179,6.576850,1753.557720,80.3,6.561039,2.5,3.9
1675847467.204000,45.372254,6.577017,1751.020647,60.9,8.118251,2.5,3.9
1675847469.204000,45.372296,6.577226,1747.299822,57.3,9.134274,5.1,3.9
1675847471.204000,45.372331,6.577452,1745.389025,93.0,9.392025,5.6,3.9
1675847473.204000,45.372278,6.577665,1741.403368,105.1,9.378242,5.7,3.9
1675847475.204000,45.372283,6.577915,1737.979443,99.0,10.398275,5.7,3.9
1675847477.204000,45.372290,6.578157,1734.361204,69.1,9.890392,5.7,3.9
1675847479.204000,45.372312,6.578372,1732.440291,77.0,8.105006,5.7,3.9
1675847481.204000,45.372338,6.578540,1730.247982,108.0,5.578055,6.1,3.9
1675847484.204000,45.372288,6.578683,1728.570093,118.8,3.893227,6.0,3.9
1675847497.892000,45.372221,6.578770,1727.040648,-1.0,0.000706,4.6,5.9
1675847512.578000,45.372125,6.578886,1726.150777,131.9,4.655540,3.4,4.8
1675847514.204000,45.372039,6.578965,1724.715020,145.0,6.470819,3.3,4.7
1675847516.204000,45.371926,6.579050,1722.821731,137.8,6.413905,3.3,4.8
1675847518.206000,45.371837,6.579104,1720.269069,139.7,4.932657,3.2,3.9
1675847521.204000,45.371812,6.579243,1716.739651,75.5,5.638739,3.2,5.7
1675847523.204000,45.371767,6.579431,1712.640484,138.8,7.867364,3.1,5.4
1675847525.206000,45.371682,6.579618,1708.657241,119.1,8.876368,3.0,4.4
1675847527.204000,45.371585,6.579764,1706.856696,151.9,6.463254,2.7,3.9
1675847529.204000,45.371509,6.579879,1703.839104,108.5,7.172509,4.0,3.9
1675847531.204000,45.371507,6.580048,1701.482108,97.7,5.353902,4.5,3.9
1675847533.204000,45.371500,6.580182,1700.379638,87.7,6.054830,5.1,3.9
1675847535.204000,45.371548,6.580366,1698.150391,62.1,8.950948,5.3,3.9
1675847537.204000,45.371572,6.580592,1695.870413,111.0,8.914658,4.8,3.9
1675847539.204000,45.371496,6.580769,1692.099976,122.8,6.675771,2.8,3.9
1675847542.204000,45.371399,6.580830,1693.735076,157.4,3.424156,2.3,3.9
1675847554.160000,45.371308,6.580853,1693.356163,182.8,1.253370,3.2,6.4
1675850136.372000,45.371262,6.580739,1697.134822,116.3,1.232534,2.0,7.5
1675850244.210000,45.371036,6.580700,1695.500000,208.7,4.364434,1.6,5.8
1675850244.713000,45.370960,6.580689,1696.909119,188.0,17.076523,21.0,61.0
1675850245.748000,45.370804,6.580666,1699.800049,188.0,4.050952,1.6,6.5
1675850247.473000,45.370698,6.580662,1699.800049,185.2,4.142798,1.6,6.9
1675850249.767000,45.370589,6.580650,1708.021399,194.4,3.679360,1.8,6.7
1675850253.210000,45.370463,6.580648,1713.082877,183.5,4.422258,2.1,6.8
1675850256.080000,45.370353,6.580641,1719.270682,182.6,4.499566,1.8,6.7
1675850258.948000,45.370239,6.580640,1725.351748,181.4,4.906472,1.8,6.7
1675850261.818000,45.370117,6.580631,1728.959063,183.1,4.682837,1.9,6.8
1675850265.212000,45.369990,6.580613,1732.551410,184.7,4.690768,2.2,6.7
1675850267.903000,45.369875,6.580596,1736.161888,185.3,4.656597,2.2,6.6
1675850270.769000,45.369754,6.580581,1740.193837,184.0,4.521641,2.2,6.9
1675850274.211000,45.369628,6.580566,1744.438679,183.3,4.607069,2.1,7.0
1675850277.084000,45.369512,6.580548,1748.958237,185.2,4.565987,2.0,6.8
1675850280.212000,45.369404,6.580529,1752.649687,185.0,4.458551,2.1,5.7
1675850283.211000,45.369295,6.580515,1757.188937,185.0,4.524171,2.5,4.4
1675850286.212000,45.369185,6.580498,1762.187503,182.0,4.435495,2.4,3.9
1675850289.211000,45.369073,6.580485,1767.112234,184.1,4.545417,2.5,3.9
1675850292.212000,45.368954,6.580472,1771.924760,186.0,4.629889,2.2,3.9
1675850295.211000,45.368839,6.580457,1774.543910,184.0,4.584632,2.2,3.9
1675850298.212000,45.368728,6.580440,1777.622921,183.0,4.602713,2.2,3.9
1675850301.212000,45.368607,6.580425,1781.368108,186.0,4.471015,2.5,3.9
1675850304.212000,45.368496,6.580413,1784.782097,186.0,4.537731,2.5,3.9
1675850307.212000,45.368374,6.580396,1789.179792,183.0,4.380958,2.4,3.9
1675850310.211000,45.368254,6.580381,1792.110647,185.5,4.788118,2.2,5.1
1675850313.212000,45.368140,6.580369,1793.941541,186.0,4.435653,2.5,6.4
1675850315.739000,45.368038,6.580361,1795.659758,182.9,4.585797,2.7,5.5
1675850318.063000,45.367944,6.580348,1796.820133,185.6,4.470632,3.3,5.8
1675850320.933000,45.367829,6.580338,1801.233111,184.0,4.506882,2.5,6.4
1675850323.804000,45.367712,6.580321,1805.049166,180.7,4.546599,2.8,6.4
1675850327.212000,45.367584,6.580314,1807.767615,182.9,4.525523,2.4,6.8
1675850330.116000,45.367471,6.580301,1810.489317,184.6,4.398036,2.5,6.9
1675850332.871000,45.367361,6.580290,1813.861316,184.0,4.415579,1.7,6.9
1675850335.740000,45.367243,6.580275,1816.674254,184.5,4.647943,1.9,6.6
1675850339.184000,45.367118,6.580270,1818.608648,180.9,4.605222,2.0,7.0
1675850342.052000,45.367002,6.580252,1820.989473,184.7,4.594005,2.1,7.1
1675850344.345000,45.366904,6.580238,1821.870940,184.1,4.478201,2.0,7.0
1675850347.216000,45.366800,6.580225,1826.312054,185.4,4.425921,1.7,7.2
1675850350.085000,45.366684,6.580219,1828.510036,183.6,4.460643,1.6,7.1
1675850352.956000,45.366565,6.580211,1831.747380,183.9,4.495320,1.7,6.8
1675850355.824000,45.366444,6.580198,1835.075990,184.2,4.551216,1.7,6.8
1675850359.212000,45.366320,6.580182,1837.822053,184.5,4.596871,1.7,6.9
1675850362.212000,45.366208,6.580166,1841.386527,184.0,4.315781,1.9,6.4
1675850365.211000,45.366091,6.580150,1844.898102,185.0,4.328349,1.7,4.4
1675850368.212000,45.365977,6.580132,1849.052563,183.9,4.561414,2.0,3.9
1675850371.212000,45.365864,6.580118,1853.177012,183.0,4.878483,1.8,3.9
1675850374.211000,45.365744,6.580104,1854.731639,183.0,4.750258,2.0,3.9
1675850377.211000,45.365627,6.580088,1857.290878,186.0,4.587787,1.7,3.9
1675850380.211000,45.365509,6.580076,1860.165849,183.0,4.525715,1.6,3.9
1675850383.212000,45.365392,6.580056,1862.400576,183.0,4.496100,1.7,3.9
1675850386.211000,45.365270,6.580043,1865.028910,185.0,4.443643,1.8,3.9
1675850389.211000,45.365148,6.580029,1868.430967,184.0,4.448005,1.6,3.9
1675850392.212000,45.365027,6.580017,1869.896540,185.0,4.591934,1.9,3.9
1675850395.212000,45.364908,6.580009,1872.094037,183.0,4.463374,1.9,3.9
1675850398.212000,45.364790,6.580000,1879.902691,184.0,4.494309,1.7,3.9
1675850401.212000,45.364674,6.579982,1881.002526,184.0,4.591002,1.8,3.9
1675850404.211000,45.364562,6.579960,1886.501797,184.0,4.635253,1.9,4.9
1675850406.211000,45.364466,6.579952,1886.489156,184.0,4.456208,2.0,7.9
1675850409.211000,45.364362,6.579943,1891.784793,184.0,4.672679,2.0,9.9
1675850411.211000,45.364269,6.579937,1897.369162,184.0,4.516844,1.8,9.9
1675850414.212000,45.364171,6.579928,1899.526201,184.1,4.331758,2.0,9.9
1675850417.212000,45.364054,6.579919,1904.012925,185.0,4.565010,1.8,9.9
1675850420.211000,45.363925,6.579904,1909.254885,184.0,4.570357,1.7,9.9
1675850423.212000,45.363824,6.579888,1913.305470,184.0,4.547080,1.4,9.9
1675850425.212000,45.363727,6.579875,1915.079614,185.0,4.390531,1.5,9.9
1675850428.211000,45.363629,6.579863,1920.783938,184.0,4.497800,1.8,9.9
1675850430.211000,45.363539,6.579851,1923.825591,185.0,4.375329,1.8,9.9
1675850433.211000,45.363444,6.579841,1928.509963,184.0,4.328694,1.8,9.9
1675850436.211000,45.363332,6.579826,1934.107470,183.0,4.465294,1.8,9.9
1675850439.211000,45.363227,6.579811,1937.633712,185.0,4.442161,2.2,9.9
1675850442.211000,45.363112,6.579796,1945.542654,184.0,4.757592,1.9,9.9
1675850445.211000,45.362988,6.579779,1948.838621,185.0,4.648982,1.6,9.9
1675850448.211000,45.362886,6.579771,1954.813315,185.0,4.393076,1.6,9.9
1675850451.211000,45.362770,6.579761,1960.378928,184.0,4.516924,1.6,9.9
1675850454.211000,45.362664,6.579749,1965.784286,184.0,4.424160,1.8,9.9
1675850457.211000,45.362550,6.579738,1972.070950,184.0,4.479949,1.8,9.9
1675850460.211000,45.362427,6.579727,1978.534817,185.0,4.569719,1.7,9.9
1675850463.211000,45.362328,6.579713,1984.346857,183.0,4.569610,2.0,9.9
1675850466.212000,45.362213,6.579702,1990.217038,184.0,4.443810,2.1,9.9
1675850469.212000,45.362109,6.579695,1996.771695,184.0,4.614418,1.8,9.9
1675850472.212000,45.361997,6.579686,2003.827091,183.0,4.565523,1.4,9.9
1675850475.211000,45.361880,6.579673,2009.704829,184.0,5.547523,1.4,9.9
1675850478.212000,45.361777,6.579660,2013.291374,184.0,4.600923,1.6,9.9
1675850481.212000,45.361657,6.579643,2018.699326,185.0,4.370474,1.9,9.9
1675850484.212000,45.361552,6.579628,2023.012820,184.0,4.428727,1.9,9.9
1675850487.211000,45.361436,6.579614,2027.092017,187.0,4.470969,2.1,9.9
1675850490.211000,45.361329,6.579599,2034.209235,185.2,4.400198,2.8,6.2
1675850493.212000,45.361213,6.579584,2038.207887,183.0,4.983432,2.3,3.9
1675850495.915000,45.361088,6.579604,2039.848925,152.1,4.788263,2.3,5.6
1675850498.784000,45.360976,6.579579,2041.669755,174.8,4.565519,1.4,6.9
1675850502.212000,45.360855,6.579546,2044.217143,183.9,4.500938,1.5,6.8
1675850505.096000,45.360737,6.579527,2047.446428,185.3,4.522060,1.4,6.8
1675850507.967000,45.360617,6.579514,2049.969027,184.4,4.477130,1.8,6.8
1675850511.212000,45.360492,6.579502,2052.688184,184.0,4.476692,1.8,6.2
1675850514.212000,45.360373,6.579487,2055.048159,184.0,4.572425,1.9,4.8
1675850517.212000,45.360256,6.579474,2058.059940,184.0,4.417219,2.6,3.9
1675850520.212000,45.360139,6.579460,2061.287096,184.0,4.469031,2.3,3.9
1675850523.212000,45.360010,6.579437,2063.901043,187.0,4.468575,2.8,3.9
1675850526.212000,45.359901,6.579427,2068.118804,185.0,4.548983,2.0,3.9
1675850529.212000,45.359781,6.579417,2071.347865,184.0,4.449843,1.7,3.9
1675850532.212000,45.359665,6.579403,2075.674756,184.0,4.476676,1.6,3.9
1675850535.212000,45.359550,6.579389,2079.461251,184.0,4.471662,1.6,3.9
1675850538.212000,45.359426,6.579377,2083.939093,183.0,4.525887,1.6,3.9
1675850541.212000,45.359319,6.579365,2087.227966,182.0,4.349450,1.9,3.9
1675850544.212000,45.359202,6.579352,2090.753783,182.0,4.759187,1.9,3.9
1675850547.212000,45.359085,6.579337,2092.159626,183.0,4.715684,2.2,3.9
1675850550.212000,45.358962,6.579322,2093.854027,183.0,4.506993,1.8,3.9
1675850553.212000,45.358836,6.579308,2094.758772,183.0,4.453473,2.4,6.5
1675850556.212000,45.358725,6.579297,2097.240194,183.0,4.512639,1.5,9.9
1675850558.212000,45.358629,6.579286,2098.527918,183.0,4.478614,1.5,9.9
1675850561.212000,45.358522,6.579276,2100.842462,184.0,4.416210,1.6,9.9
1675850564.212000,45.358400,6.579256,2102.896105,184.0,4.559089,1.4,9.9
1675850567.212000,45.358286,6.579239,2105.411504,185.0,4.431991,1.8,9.9
1675850570.212000,45.358165,6.579222,2106.947026,185.0,4.396786,2.3,9.9
1675850573.212000,45.358034,6.579209,2109.963728,184.0,4.524833,2.4,9.9
1675850576.212000,45.357927,6.579200,2112.821795,183.0,4.486944,2.9,9.9
1675850578.212000,45.357835,6.579193,2115.150642,184.0,4.512409,2.6,9.9
1675850581.212000,45.357739,6.579178,2119.304334,182.0,4.528061,2.3,9.9
1675850584.212000,45.357623,6.579170,2122.839383,183.0,5.129238,1.8,9.4
1675850587.212000,45.357497,6.579155,2124.127447,185.0,4.608675,1.6,7.3
1675850590.212000,45.357374,6.579144,2125.476395,184.0,4.591422,1.5,3.9
1675850593.212000,45.357252,6.579132,2127.926678,185.0,4.522421,1.4,3.9
1675850596.212000,45.357145,6.579118,2130.293114,185.0,4.077701,1.4,3.9
1675850599.212000,45.357022,6.579105,2132.883391,184.0,4.587629,1.3,3.9
1675850602.212000,45.356899,6.579091,2135.788702,184.0,4.482685,1.7,3.9
1675850605.212000,45.356771,6.579073,2136.202284,186.5,4.712674,1.6,3.9
1675850608.212000,45.356646,6.579047,2139.643006,185.1,4.579604,1.6,3.9
1675850611.212000,45.356530,6.579032,2142.752102,183.0,4.523677,2.5,3.9
1675850614.212000,45.356416,6.579024,2146.262670,182.1,4.451320,2.6,3.9
1675850617.212000,45.356301,6.579014,2148.821927,183.0,4.482106,2.3,3.9
1675850620.212000,45.356192,6.579004,2152.441290,182.0,4.381819,2.3,3.9
1675850623.212000,45.356080,6.578994,2156.020775,180.0,4.450506,1.6,3.9
1675850626.212000,45.355961,6.578985,2158.239678,180.0,4.436479,1.9,3.9
1675850629.212000,45.355841,6.578969,2160.142216,182.0,4.511331,1.8,3.9
1675850632.212000,45.355710,6.578956,2161.933868,181.0,4.500520,1.8,3.9
1675850635.212000,45.355592,6.578945,2164.861135,181.0,4.481129,1.8,3.9
1675850638.212000,45.355469,6.578935,2167.710887,182.0,4.449349,1.9,3.9
1675850641.212000,45.355357,6.578917,2169.353750,184.0,4.437403,1.7,3.9
1675850644.212000,45.355244,6.578911,2173.027278,183.0,4.410098,1.7,3.9
1675850647.212000,45.355121,6.578900,2172.397630,183.0,4.567545,1.6,3.9
1675850650.212000,45.355008,6.578889,2172.212299,183.0,4.537399,2.4,3.9
1675850653.212000,45.354889,6.578876,2171.074327,183.0,4.455094,2.8,3.9
1675850656.212000,45.354774,6.578864,2171.568288,183.0,4.474230,2.2,3.9
1675850659.212000,45.354651,6.578850,2171.928911,183.0,4.543628,1.6,3.9
1675850662.212000,45.354515,6.578833,2172.049203,184.0,4.505443,1.6,4.8
1675850665.212000,45.354404,6.578817,2172.223108,183.0,4.461660,1.6,7.3
1675850668.212000,45.354286,6.578802,2172.331506,183.0,4.326696,1.6,9.9
1675850671.212000,45.354171,6.578793,2172.706518,183.0,4.362965,1.7,9.9
1675850674.212000,45.354048,6.578781,2172.480607,185.0,4.482368,1.5,9.9
1675850677.212000,45.353940,6.578760,2173.764472,183.0,3.998228,1.7,9.9
1675850680.212000,45.353816,6.578745,2173.826908,184.0,4.632836,1.8,9.9
1675850683.212000,45.353702,6.578730,2173.882762,184.0,4.561064,1.5,9.9
1675850686.212000,45.353581,6.578714,2174.645898,184.0,4.453303,1.6,9.9
1675850689.212000,45.353456,6.578692,2174.890696,188.0,4.477660,1.9,9.9
1675850692.212000,45.353329,6.578676,2176.337489,185.0,4.553197,2.8,8.2
1675850695.212000,45.353206,6.578668,2176.859494,183.0,4.458162,2.6,3.9
1675850698.212000,45.353093,6.578656,2178.280798,183.0,4.446525,3.0,3.9
1675850700.212000,45.353003,6.578645,2179.298924,183.0,4.508441,2.9,3.9
1675850703.212000,45.352880,6.578633,2181.203941,181.0,4.426073,1.9,3.9
1675850706.212000,45.352762,6.578626,2182.396478,177.0,4.477812,1.5,3.9
1675850709.212000,45.352642,6.578615,2184.115803,178.0,4.503314,1.5,3.9
1675850712.212000,45.352522,6.578601,2185.959983,181.0,4.479877,1.7,3.9
1675850715.212000,45.352410,6.578580,2187.153882,182.0,4.473748,1.7,3.9
1675850718.212000,45.352290,6.578566,2189.233619,182.9,4.512845,1.7,3.9
1675850721.212000,45.352172,6.578545,2192.373517,183.6,4.433981,1.6,3.9
1675850724.212000,45.352050,6.578530,2194.335722,184.0,4.494472,1.5,3.9
1675850727.212000,45.351930,6.578517,2197.329891,184.0,4.523803,1.6,3.9
1675850730.212000,45.351805,6.578501,2199.881705,184.0,4.517073,1.6,3.9
1675850733.212000,45.351685,6.578484,2202.253009,211.6,4.672688,1.8,3.9
1675850736.212000,45.351565,6.578462,2205.183072,184.0,4.598806,2.2,3.9
1675850739.212000,45.351441,6.578455,2206.994301,183.4,4.495145,2.6,4.0
1675850742.212000,45.351326,6.578447,2209.549143,180.7,4.308642,2.6,5.4
1675850745.212000,45.351224,6.578432,2212.253218,170.3,4.328236,2.3,7.4
1675850748.212000,45.351099,6.578433,2214.755768,162.4,4.896672,1.4,7.2
1675850750.212000,45.350997,6.578397,2217.070415,182.1,4.966402,1.4,6.9
1675850752.212000,45.350872,6.578403,2218.605319,182.6,5.291997,1.4,6.8
1675850755.212000,45.350773,6.578362,2222.321300,187.6,4.440372,1.8,6.8
1675850759.212000,45.350668,6.578380,2226.371707,132.8,3.832439,2.1,7.4
1675850762.212000,45.350582,6.578443,2229.458292,124.4,4.741568,2.1,9.6
1675850765.212000,45.350465,6.578492,2232.896982,116.6,4.312006,2.1,10.8
1675850768.212000,45.350353,6.578508,2235.947784,108.3,4.742496,2.4,11.2
1675850772.212000,45.350249,6.578465,2242.259937,97.5,4.129838,1.8,11.2
1675850775.212000,45.350161,6.578432,2246.424541,89.5,4.737774,1.4,11.0
1675850778.212000,45.350040,6.578440,2250.572051,81.3,4.835875,1.4,10.7
1675850781.212000,45.349942,6.578433,2254.316255,73.7,4.851911,1.4,10.7
1675850783.212000,45.349806,6.578361,2256.934019,188.4,4.676114,2.9,10.8
1675850785.212000,45.349713,6.578300,2259.954560,62.9,4.512917,2.5,10.9
1675850790.212000,45.349617,6.578309,2266.984790,49.4,4.538750,2.3,11.3
1675850793.212000,45.349460,6.578243,2272.023630,41.2,5.126619,2.3,11.0
1675850797.212000,45.349355,6.578229,2275.948650,30.3,4.612637,1.6,10.6
1675850799.212000,45.349237,6.578217,2277.982073,25.4,5.003611,1.6,10.8
1675850802.212000,45.349145,6.578218,2280.260486,17.4,4.470610,1.8,10.8
1675850805.212000,45.348999,6.578180,2282.973195,184.4,3.988628,1.8,11.0
1675850807.212000,45.348912,6.578146,2285.619190,4.6,4.276490,1.7,10.9
1675850812.212000,45.348783,6.578109,2290.734293,178.1,3.518847,1.7,10.8
1675850813.212000,45.348660,6.578105,2291.657943,177.9,4.500263,1.7,10.9
1675850815.212000,45.348530,6.578106,2294.316384,171.2,4.752736,1.5,10.9
1675850817.212000,45.348422,6.578125,2296.316854,164.1,4.694665,1.5,11.0
1675850819.212000,45.348307,6.578157,2298.776686,162.4,4.853308,1.5,11.2
1675850822.212000,45.348182,6.578181,2302.103671,161.6,4.758376,1.6,11.4
1675850824.212000,45.348091,6.578181,2304.266272,168.3,4.495323,1.6,11.2
1675850827.212000,45.347980,6.578130,2309.033948,175.4,4.915894,1.4,10.9
1675850829.212000,45.347878,6.578084,2312.164691,175.3,5.131836,1.4,10.9
1675850832.212000,45.347782,6.578047,2315.949580,177.8,4.733746,1.5,11.0
1675850835.212000,45.347677,6.578014,2319.927102,179.0,4.579536,1.8,11.0
1675850838.212000,45.347570,6.577971,2325.133965,183.0,4.620926,2.1,10.9
1675850841.212000,45.347475,6.577949,2328.502968,182.0,4.507632,3.6,10.7
1675850843.212000,45.347384,6.577931,2331.558077,184.0,4.923711,3.2,10.6
1675850846.212000,45.347274,6.577895,2336.539713,188.0,4.625727,3.1,10.5
1675850848.212000,45.347178,6.577873,2339.617450,186.0,4.524611,2.3,10.3
1675850851.212000,45.347064,6.577866,2344.213083,187.0,4.793858,2.2,10.2
1675850854.212000,45.346947,6.577870,2350.077179,184.0,4.529589,2.0,10.0
1675850857.212000,45.346845,6.577882,2354.467568,177.0,4.420915,2.0,9.9
1675850860.212000,45.346731,6.577901,2359.873536,176.0,4.482419,1.8,9.9
1675850863.212000,45.346610,6.577900,2364.269017,181.0,4.585383,1.8,9.9
1675850866.212000,45.346505,6.577877,2367.837580,184.0,4.390505,1.6,9.9
1675850869.212000,45.346389,6.577859,2375.130462,184.0,4.585541,1.6,9.9
1675850872.212000,45.346280,6.577849,2379.598134,182.0,4.537133,1.4,9.9
1675850875.212000,45.346170,6.577839,2384.828043,183.0,4.453084,1.5,9.9
1675850878.212000,45.346056,6.577833,2390.487200,182.0,4.785702,1.5,9.9
1675850881.212000,45.345943,6.577820,2397.608869,185.0,4.495547,1.6,9.9
1675850884.212000,45.345836,6.577804,2402.758064,185.0,4.504515,1.6,9.9
1675850887.212000,45.345727,6.577790,2408.920088,185.0,4.531209,1.5,9.9
1675850890.212000,45.345619,6.577784,2414.746550,181.0,4.696793,1.5,9.9
1675850893.212000,45.345503,6.577742,2420.085518,194.1,4.805357,1.9,9.9
1675850896.212000,45.345388,6.577728,2424.377979,189.0,4.584177,2.4,9.9
1675850898.212000,45.345295,6.577718,2426.102584,187.0,4.611319,2.5,9.9
1675850901.212000,45.345188,6.577709,2430.739879,186.0,4.536476,2.8,9.9
1675850903.212000,45.345097,6.577702,2432.797520,184.0,4.459646,2.8,9.9
1675850906.212000,45.344994,6.577701,2436.622881,182.0,4.479777,1.6,9.9
1675850909.212000,45.344873,6.577699,2441.128264,179.0,4.449666,1.9,9.9
1675850912.212000,45.344745,6.577695,2445.566492,179.0,4.453617,1.9,9.9
1675850915.212000,45.344648,6.577686,2450.330967,179.0,4.535527,1.7,9.9
1675850917.212000,45.344556,6.577684,2452.891428,177.0,4.464345,1.7,9.9
1675850920.212000,45.344461,6.577673,2458.014003,178.0,4.495816,1.7,9.9
1675850922.212000,45.344366,6.577663,2460.751993,178.0,4.504169,1.5,9.9
1675850925.212000,45.344267,6.577647,2466.115035,180.0,4.569701,1.5,9.9
1675850928.212000,45.344153,6.577620,2469.706961,184.0,4.513276,1.5,9.9
1675850931.212000,45.344045,6.577596,2475.950590,181.0,4.801458,1.9,9.9
1675850934.212000,45.343927,6.577584,2481.577886,180.0,4.537288,1.8,9.9
1675850937.212000,45.343806,6.577572,2485.856854,180.0,4.493914,1.9,9.9
1675850940.212000,45.343696,6.577561,2489.845408,181.0,4.713433,1.9,9.9
1675850943.212000,45.343591,6.577550,2490.026967,180.0,3.052056,2.3,9.9
1675850963.212000,45.343506,6.577542,2490.997449,148.5,0.000000,1.8,9.9
1675850963.212000,45.343506,6.577542,2490.997449,0.0,0.000000,21.0,61.0
1675850965.212000,45.343499,6.577558,2490.941779,126.6,0.624789,1.8,9.3
1675850984.212000,45.343415,6.577613,2491.020125,107.8,1.239654,1.4,3.9
1675851029.212000,45.343376,6.577756,2489.852504,125.9,1.285379,1.8,4.3
1675851090.212000,45.343289,6.577840,2488.970780,157.0,2.699208,1.7,3.9
1675851093.776000,45.343209,6.577905,2487.361153,146.8,2.593580,2.9,5.3
1675851097.104000,45.343126,6.577995,2487.018957,146.5,3.638344,1.8,6.3
1675851099.212000,45.343050,6.578127,2485.345196,140.3,5.582103,2.2,5.6
1675851101.212000,45.342961,6.578258,2484.497169,145.2,6.596325,2.1,4.4
1675851103.212000,45.342853,6.578383,2482.215652,144.9,7.418755,1.8,3.9
1675851105.212000,45.342744,6.578521,2480.432438,134.5,7.912028,1.5,3.9
1675851107.212000,45.342646,6.578660,2477.692551,132.5,7.540740,1.9,3.9
1675851109.212000,45.342576,6.578792,2475.927851,121.4,6.602467,1.8,3.9
1675851111.212000,45.342547,6.578934,2475.060450,106.5,6.320612,1.3,3.9
1675851113.212000,45.342549,6.579104,2473.734441,89.9,7.183457,1.3,3.9
1675851115.212000,45.342576,6.579297,2469.836311,79.8,7.472709,1.4,3.9
1675851117.212000,45.342614,6.579485,2468.317604,77.2,7.649904,1.6,3.9
1675851119.212000,45.342651,6.579662,2467.922266,92.6,7.022111,1.7,3.9
1675851121.212000,45.342675,6.579790,2467.662168,77.3,4.900251,1.7,3.9
1675851124.212000,45.342725,6.579951,2467.654259,76.0,4.909441,1.9,3.9
1675851127.212000,45.342779,6.580130,2466.295584,75.9,5.181366,2.0,3.9
1675851130.212000,45.342818,6.580283,2465.393741,87.0,3.728578,2.3,3.9
1675851142.212000,45.342869,6.580390,2465.072800,21.1,0.506975,1.4,3.9
1675851264.212000,45.342962,6.580368,2463.803691,344.7,0.257507,2.3,3.9
1675851315.212000,45.343028,6.580268,2464.358036,320.9,1.147775,2.5,3.9
1675851346.212000,45.343009,6.580113,2459.921803,229.6,3.189308,3.4,5.2
1675851349.212000,45.342925,6.579992,2459.173293,229.5,3.840219,3.2,5.0
1675851352.212000,45.342849,6.579884,2461.641082,228.6,3.861751,2.2,3.9
1675851355.212000,45.342776,6.579773,2465.190583,228.4,3.852855,2.3,3.9
1675851358.212000,45.342706,6.579659,2469.125939,230.2,4.092417,3.2,3.9
1675851361.212000,45.342637,6.579541,2476.290626,229.4,4.135423,2.5,3.9
1675851364.212000,45.342566,6.579429,2479.056767,228.0,4.104694,4.2,3.9
1675851367.212000,45.342502,6.579312,2476.516497,231.0,4.094338,3.5,3.9
1675851370.212000,45.342436,6.579199,2482.810316,227.0,4.183276,3.4,3.9
1675851373.212000,45.342366,6.579089,2485.116706,226.0,3.945235,3.9,3.9
1675851376.212000,45.342301,6.578976,2487.755994,228.0,3.979821,4.7,3.9
1675851379.212000,45.342236,6.578862,2493.987568,228.0,4.086897,2.6,5.9
1675851382.212000,45.342172,6.578748,2499.730246,229.0,4.034511,3.6,8.9
1675851385.212000,45.342107,6.578635,2504.479741,228.0,4.073631,3.6,10.0
1675851388.212000,45.342032,6.578505,2503.503276,229.0,3.992069,3.5,10.2
1675851392.212000,45.341953,6.578372,2510.210421,230.0,3.937918,3.6,10.2
1675851395.212000,45.341881,6.578252,2518.980248,229.5,4.020261,4.0,10.0
1675851398.212000,45.341809,6.578129,2524.132968,228.2,3.961717,4.5,9.9
1675851402.212000,45.341739,6.578008,2530.520709,228.4,4.081835,5.2,9.9
1675851405.212000,45.341673,6.577892,2537.344451,230.1,4.459951,3.0,9.9
1675851408.212000,45.341602,6.577766,2539.737422,230.7,4.195292,6.5,9.9
1675851412.212000,45.341528,6.577634,2549.602560,229.9,4.251698,2.3,9.9
1675851415.212000,45.341460,6.577515,2546.388952,229.1,4.080036,3.7,9.9
1675851418.212000,45.341388,6.577391,2554.619127,230.0,4.142081,4.5,9.9
1675851422.212000,45.341312,6.577265,2560.971388,230.0,4.186316,4.3,9.9
1675851425.212000,45.341246,6.577153,2564.402774,229.8,4.039251,5.5,9.9
1675851428.212000,45.341174,6.577033,2571.429985,229.2,4.175370,3.5,9.9
1675851432.212000,45.341103,6.576910,2576.454453,229.2,3.987435,6.9,9.9
1675851435.212000,45.341039,6.576798,2582.443781,229.9,3.952862,6.2,9.9
1675851438.212000,45.340972,6.576683,2586.452830,229.8,3.924658,2.6,9.9
1675851442.212000,45.340899,6.576559,2593.733102,229.7,3.981896,2.8,9.9
1675851445.212000,45.340831,6.576443,2602.650408,229.1,4.133824,4.2,9.9
1675851448.212000,45.340764,6.576324,2606.865783,231.0,4.033700,4.8,9.9
1675851452.212000,45.340692,6.576196,2616.618501,230.0,4.152904,4.8,9.9
1675851455.212000,45.340633,6.576092,2622.323071,228.4,4.100336,3.2,9.9
1675851458.212000,45.340572,6.575987,2622.387787,229.7,3.812520,2.1,9.9
1675851461.212000,45.340514,6.575881,2628.055176,229.3,3.822027,2.1,9.9
1675851464.212000,45.340452,6.575776,2636.343828,229.0,3.878556,2.6,9.9
1675851467.212000,45.340393,6.575672,2642.632785,229.6,3.851458,3.2,9.9
1675851470.212000,45.340332,6.575571,2651.435502,230.0,4.184636,8.0,9.9
1675851473.212000,45.340266,6.575453,2659.572598,230.8,4.296765,5.2,9.9
1675851477.212000,45.340184,6.575308,2669.570917,231.0,4.249671,5.1,9.9
1675851481.212000,45.340118,6.575196,2675.433231,231.6,4.165352,2.2,9.9
1675851484.212000,45.340057,6.575092,2678.923199,231.0,3.865917,2.2,9.9
1675851487.212000,45.339994,6.574983,2685.612743,231.2,3.769321,2.1,9.9
1675851491.212000,45.339928,6.574869,2698.267102,231.3,3.742659,2.1,9.9
1675851494.212000,45.339867,6.574760,2680.633649,231.8,4.866779,2.1,9.9
1675851497.212000,45.339801,6.574645,2689.619851,231.7,5.079694,2.1,9.9
1675851501.212000,45.339732,6.574524,2722.957639,231.0,6.234641,2.4,9.9
1675851504.212000,45.339670,6.574413,2710.875981,231.3,6.265401,2.2,9.9
1675851507.212000,45.339603,6.574297,2717.562327,231.9,5.526035,2.1,9.9
1675851511.212000,45.339536,6.574181,2724.516110,232.0,5.281249,2.1,9.9
1675851514.212000,45.339478,6.574079,2724.036320,231.0,3.982241,2.1,9.9
1675851517.212000,45.339415,6.573967,2729.624626,232.0,3.669132,2.2,9.9
1675851521.212000,45.339344,6.573844,2719.909823,232.0,3.662390,9.7,9.9
1675851524.212000,45.339286,6.573744,2753.487999,232.0,5.115183,2.1,9.9
1675851527.212000,45.339211,6.573614,2760.963670,229.0,5.850411,2.1,9.9
1675851531.212000,45.339134,6.573482,2756.191740,230.0,5.728370,2.2,9.9
1675851534.212000,45.339064,6.573362,2739.874312,230.0,6.401736,9.8,9.9
1675851537.212000,45.338990,6.573234,2739.787720,230.0,4.746056,9.9,9.9
1675851541.212000,45.338912,6.573098,2739.520813,231.2,3.961975,10.2,9.9
1675851548.212000,45.338850,6.572999,2761.446979,227.1,2.989351,2.2,9.9
1675851552.212000,45.338737,6.572954,2740.165038,185.0,3.132409,8.5,6.5
1675851558.212000,45.338643,6.572938,2738.940901,197.9,2.338904,11.5,3.9
1675851575.012000,45.338546,6.572921,2738.337368,185.8,2.358474,10.1,4.3
1675851579.947000,45.338438,6.572882,2739.165190,195.6,2.829809,10.1,5.8
1675851584.880000,45.338348,6.572831,2737.550666,207.5,1.682787,3.6,6.7
1675851590.046000,45.338264,6.572741,2737.389505,215.8,2.349794,6.7,6.8
1675851594.983000,45.338156,6.572662,2736.398107,206.3,3.094630,4.0,6.6
1675851597.736000,45.338062,6.572582,2736.946338,213.6,3.418180,11.7,6.8
1675851601.180000,45.337991,6.572486,2736.334163,221.4,3.451662,9.9,6.8
1675851605.768000,45.337916,6.572407,2735.634029,211.7,1.750074,9.2,6.9
1675851694.212000,45.337862,6.572286,2731.234676,271.9,1.688553,2.6,3.9
1675851700.212000,45.337856,6.572157,2732.687591,267.0,1.678156,2.7,3.9
1675851706.212000,45.337874,6.572028,2732.069209,295.3,1.667290,3.6,3.9
1675851719.212000,45.337928,6.571891,2730.931588,310.0,3.977182,3.6,3.9
1675851722.212000,45.338070,6.571804,2726.753908,335.0,6.814754,3.0,3.9
1675851723.212000,45.338164,6.571722,2722.534337,317.1,12.869188,2.9,3.9
1675851724.212000,45.338259,6.571605,2716.593565,312.1,13.573843,3.0,3.9
1675851725.212000,45.338352,6.571482,2714.483308,320.6,14.957159,2.9,3.9
1675851726.212000,45.338468,6.571390,2710.563553,341.5,14.416943,2.8,3.9
1675851727.212000,45.338597,6.571352,2708.489203,350.4,14.596009,2.8,3.9
1675851728.212000,45.338719,6.571343,2705.799805,3.6,12.127147,2.9,3.9
1675851729.212000,45.338813,6.571348,2702.433568,354.2,9.807069,3.2,3.9
1675851731.212000,45.338972,6.571313,2697.632248,340.7,10.232512,3.2,3.9
1675851733.212000,45.339086,6.571119,2693.111358,288.7,11.881344,3.3,3.9
1675851734.212000,45.339123,6.570979,2690.124953,301.8,12.342038,3.4,3.9
1675851735.212000,45.339192,6.570854,2689.165605,315.7,13.781428,3.5,3.9
1675851736.212000,45.339273,6.570728,2686.203858,303.2,13.299040,3.9,3.9
1675851737.212000,45.339350,6.570606,2683.559975,327.5,13.400430,3.4,3.9
1675851738.213000,45.339444,6.570511,2679.026258,311.6,13.118507,3.4,3.9
1675851739.213000,45.339505,6.570375,2674.632741,290.5,13.500610,3.4,3.9
1675851740.212000,45.339540,6.570214,2670.376834,289.0,13.579037,3.3,3.9
1675851741.212000,45.339578,6.570052,2668.200146,291.0,14.543275,3.3,3.9
1675851742.212000,45.339606,6.569883,2666.313969,272.2,13.324492,3.7,3.9
1675851743.212000,45.339595,6.569744,2663.343076,255.6,9.094518,3.6,3.9
1675851746.212000,45.339562,6.569620,2657.492441,229.8,2.255507,4.1,3.9
1675851766.212000,45.339549,6.569609,2655.697438,324.3,0.000000,4.0,3.9
1675851766.212000,45.339549,6.569609,2655.697438,0.0,0.000000,21.0,61.0
1675851795.212000,45.339483,6.569476,2652.685653,242.0,3.999427,3.0,3.9
1675851798.213000,45.339370,6.569323,2649.437256,225.0,7.589715,2.8,3.9
1675851800.212000,45.339252,6.569164,2645.338065,218.0,9.539707,2.7,3.9
1675851802.212000,45.339119,6.568987,2640.608132,220.0,10.766974,3.0,3.9
1675851803.212000,45.339046,6.568903,2637.719328,216.0,10.854386,3.0,3.9
1675851804.212000,45.338965,6.568830,2637.807536,208.0,10.503881,3.1,3.9
1675851805.213000,45.338887,6.568764,2636.010744,212.0,10.285833,3.3,3.9
1675851807.212000,45.338706,6.568610,2634.585869,204.0,9.113693,3.0,3.9
1675851809.212000,45.338598,6.568573,2633.929988,198.0,7.714694,2.9,3.9
1675851811.212000,45.338487,6.568479,2633.130144,230.0,7.106070,2.6,3.9
1675851815.212000,45.338408,6.568399,2631.188774,225.0,2.018305,2.3,3.9
1675851818.212000,45.338308,6.568244,2627.286667,225.1,7.432961,2.6,3.9
1675851820.212000,45.338166,6.568131,2622.628332,208.6,8.978664,2.7,4.1
1675851821.212000,45.338090,6.568057,2618.558407,215.6,9.889123,2.6,4.1
1675851822.212000,45.338053,6.567935,2616.419788,259.7,10.865539,2.6,4.1
1675851823.212000,45.338028,6.567801,2613.934802,251.2,11.083055,2.8,4.1
1675851825.212000,45.337920,6.567670,2610.035965,171.4,3.641196,3.1,3.9
1675851836.212000,45.337840,6.567601,2608.986176,196.1,4.625547,3.0,3.9
1675851838.212000,45.337727,6.567574,2608.188383,188.0,7.166650,3.0,3.8
1675851840.212000,45.337576,6.567538,2604.420852,193.0,9.531422,2.4,3.9
1675851842.212000,45.337410,6.567448,2601.193068,208.0,10.905612,2.4,3.9
1675851843.212000,45.337331,6.567367,2599.577791,222.0,11.174860,2.5,3.9
1675851844.212000,45.337270,6.567261,2597.443554,229.5,10.812284,2.3,3.9
1675851845.212000,45.337218,6.567143,2595.899549,234.8,11.217848,2.3,3.9
1675851846.212000,45.337157,6.567048,2592.274272,219.8,10.334545,2.4,3.9
1675851848.212000,45.337009,6.566920,2589.222031,231.9,11.136032,2.5,3.9
1675851849.212000,45.336971,6.566785,2584.030078,257.9,12.210913,2.5,3.9
1675851850.212000,45.336972,6.566621,2581.177613,277.9,13.782632,2.6,3.9
1675851851.212000,45.337000,6.566434,2578.272091,284.0,16.427353,2.5,3.9
1675851852.212000,45.336998,6.566205,2568.723825,274.1,20.342520,21.0,61.0
1675851853.212000,45.336996,6.565977,2559.175559,264.0,18.589603,2.9,3.9
1675851854.212000,45.336948,6.565739,2549.972814,244.0,20.528982,3.1,3.9
1675851855.212000,45.336846,6.565517,2544.211356,231.0,20.999418,2.8,3.9
1675851856.213000,45.336754,6.565292,2539.157791,247.0,21.556814,3.1,3.9
1675851857.213000,45.336713,6.565032,2530.249010,262.0,22.575474,2.9,3.9
1675851858.212000,45.336713,6.564751,2526.701244,275.0,23.149223,2.9,3.9
1675851859.212000,45.336753,6.564471,2519.951442,286.0,23.370356,2.7,3.9
1675851860.212000,45.336828,6.564202,2510.284359,296.0,24.295038,3.0,3.9
1675851861.212000,45.336936,6.563950,2500.489991,306.0,24.582184,3.1,3.9
1675851862.212000,45.337056,6.563719,2496.456864,306.0,23.850864,3.0,3.9
1675851863.212000,45.337149,6.563466,2490.316943,291.0,23.826536,3.1,3.9
1675851864.212000,45.337245,6.563216,2478.966906,306.0,23.934906,3.2,3.9
1675851865.212000,45.337338,6.562961,2471.398304,287.0,24.006416,3.1,3.9
1675851866.212000,45.337312,6.562684,2461.703231,274.5,23.972883,21.0,61.0
1675851867.212000,45.337286,6.562408,2452.008159,235.4,21.814146,2.9,3.9
1675851868.212000,45.337149,6.562218,2445.630202,216.1,21.704517,2.8,3.9
1675851869.212000,45.336984,6.562093,2442.179893,202.1,21.168699,2.8,3.9
1675851870.212000,45.336809,6.562011,2438.164105,195.0,21.617617,2.4,3.9
1675851871.212000,45.336628,6.561944,2430.331284,194.0,21.435934,2.3,3.9
1675851872.212000,45.336454,6.561869,2426.953276,198.0,20.703312,2.3,3.9
1675851873.212000,45.336290,6.561766,2425.305547,208.0,20.371370,2.3,3.9
1675851874.213000,45.336141,6.561626,2421.299047,217.0,20.370398,2.3,3.9
1675851875.212000,45.336011,6.561453,2419.395930,228.0,19.987400,2.4,3.9
1675851876.212000,45.335902,6.561262,2414.201688,233.0,19.108477,2.4,3.9
1675851877.212000,45.335802,6.561077,2409.441455,232.0,18.353436,2.6,3.9
1675851878.212000,45.335702,6.560913,2406.078327,227.0,17.294067,2.6,3.9
1675851879.212000,45.335591,6.560779,2401.668626,216.0,16.535364,2.3,3.9
1675851880.212000,45.335473,6.560673,2398.272451,211.0,15.490849,2.4,3.9
1675851881.212000,45.335370,6.560562,2397.515405,222.0,14.323987,2.4,3.9
1675851882.212000,45.335279,6.560454,2394.682400,216.0,13.201461,2.3,3.9
1675851883.212000,45.335180,6.560382,2391.346350,200.0,12.313405,2.4,3.9
1675851884.212000,45.335077,6.560337,2391.417704,195.0,11.543574,2.9,3.9
1675851885.212000,45.334976,6.560305,2391.496594,189.0,11.716916,2.3,3.9
1675851886.213000,45.334873,6.560289,2389.459436,185.0,11.542831,2.6,3.9
1675851887.212000,45.334777,6.560277,2387.589064,185.0,10.472424,2.6,3.9
1675851889.212000,45.334638,6.560239,2387.162989,197.0,5.168884,2.4,3.9
1675851892.212000,45.334581,6.560125,2388.231216,279.0,3.267434,3.1,3.9
1675851912.212000,45.334614,6.560079,2386.431613,-1.0,0.000000,2.5,3.9
1675851912.212000,45.334614,6.560079,2386.431613,0.0,0.000000,21.0,61.0
1675852002.213000,45.334673,6.560140,2386.333502,5.0,1.257757,2.7,3.9
1675852006.213000,45.334726,6.559975,2383.912765,254.0,6.596458,2.4,3.9
1675852008.212000,45.334714,6.559768,2379.875671,290.8,10.508858,2.7,3.9
1675852009.212000,45.334758,6.559639,2379.066195,297.4,11.194981,2.6,3.9
1675852010.212000,45.334805,6.559498,2376.565313,288.1,12.831389,2.7,3.9
1675852011.212000,45.334833,6.559335,2372.787398,275.4,12.951694,3.0,3.9
1675852012.212000,45.334851,6.559170,2371.243699,284.9,13.136358,2.8,3.9
1675852013.212000,45.334890,6.559006,2370.044434,290.0,13.817327,2.3,3.9
1675852014.212000,45.334917,6.558835,2366.416651,265.3,14.321740,2.6,3.9
1675852015.212000,45.334902,6.558654,2364.801195,263.0,13.965385,2.4,3.9
1675852016.212000,45.334890,6.558485,2360.782889,268.0,12.801138,2.5,3.9
1675852017.212000,45.334875,6.558335,2355.244863,248.3,12.010031,2.6,3.9
1675852018.212000,45.334849,6.558200,2354.057400,270.7,11.182277,2.4,3.9
1675852019.212000,45.334867,6.558067,2352.804981,291.5,10.826347,2.1,3.9
1675852020.212000,45.334905,6.557942,2351.730358,288.1,10.632669,2.3,3.9
1675852022.212000,45.334887,6.557759,2348.164138,236.1,7.113071,2.5,3.9
1675852024.212000,45.334801,6.557650,2345.016491,223.0,4.123418,2.4,3.9
1675852041.464000,45.334782,6.557520,2339.643232,284.7,1.733082,3.0,4.8
1675852044.354000,45.334748,6.557399,2337.111121,245.4,3.118538,2.8,5.5
1675852063.595000,45.334728,6.557272,2332.410375,311.6,2.117605,2.7,4.8
1675852066.395000,45.334805,6.557201,2331.344910,355.3,3.136405,2.6,6.7
1675852075.917000,45.334726,6.557110,2326.932274,183.6,2.435937,2.5,5.1
1675852089.212000,45.334620,6.556977,2325.414025,233.0,9.999890,2.8,4.1
1675852090.212000,45.334550,6.556847,2321.023003,230.0,12.631371,2.8,4.3
1675852091.212000,45.334466,6.556704,2318.655301,228.0,14.607830,2.6,4.3
1675852092.212000,45.334370,6.556553,2314.372802,227.0,16.041771,2.7,4.5
1675852093.212000,45.334272,6.556400,2311.835974,229.0,15.440950,2.7,4.4
1675852094.212000,45.334187,6.556241,2310.629729,236.9,16.296204,2.3,3.9
1675852095.212000,45.334114,6.556062,2308.506054,242.9,15.574183,2.6,3.9
1675852096.212000,45.334056,6.555876,2300.491116,248.0,16.842684,2.9,3.9
1675852097.213000,45.334007,6.555671,2298.044425,254.0,17.223970,2.9,3.9
1675852098.212000,45.333955,6.555478,2296.472571,235.1,15.371656,3.4,3.9
1675852099.212000,45.333882,6.555329,2295.005222,241.0,13.481732,3.2,3.9
1675852100.212000,45.333847,6.555181,2292.506937,270.7,12.320994,3.1,3.9
1675852101.212000,45.333871,6.555054,2289.369458,306.2,7.853296,3.1,3.9
1675852103.212000,45.333956,6.554997,2288.428820,284.2,2.751891,2.7,3.9
1675852117.748000,45.334029,6.554911,2287.338364,338.7,3.527000,3.0,5.3
1675852119.212000,45.334125,6.554819,2284.667233,334.0,6.999639,2.8,5.6
1675852121.212000,45.334250,6.554721,2283.064334,331.8,7.292284,2.5,5.3
1675852123.212000,45.334382,6.554656,2280.929361,343.9,7.530730,2.7,3.9
1675852125.212000,45.334528,6.554640,2280.754889,340.7,7.981317,2.6,3.9
1675852127.212000,45.334674,6.554610,2278.481672,332.9,8.270648,3.0,3.9
1675852129.212000,45.334836,6.554567,2276.607391,340.8,9.105445,3.1,3.9
1675852131.212000,45.334991,6.554541,2274.076715,338.1,7.457711,3.1,3.9
1675852133.212000,45.335110,6.554405,2269.116393,307.8,10.995579,2.6,3.9
1675852134.212000,45.335177,6.554291,2267.837377,312.0,11.604072,2.7,3.9
1675852135.212000,45.335228,6.554164,2263.890411,286.9,11.766543,2.6,3.9
1675852136.212000,45.335246,6.554015,2262.421861,271.1,12.384982,2.5,3.9
1675852137.212000,45.335234,6.553854,2257.714481,255.1,13.910602,2.1,3.9
1675852138.212000,45.335190,6.553688,2255.961225,243.1,14.657004,2.3,3.9
1675852139.212000,45.335118,6.553529,2252.580718,232.0,15.582614,2.5,3.9
1675852140.212000,45.335024,6.553381,2251.399946,224.0,16.153639,2.5,3.9
1675852141.212000,45.334916,6.553248,2248.840292,220.0,15.787863,2.2,3.9
1675852142.212000,45.334810,6.553122,2246.170705,224.0,15.387757,2.3,3.9
1675852143.212000,45.334720,6.552978,2243.126571,236.0,15.922903,2.6,3.9
1675852144.212000,45.334640,6.552810,2240.991009,230.0,16.837677,2.6,3.9
1675852145.212000,45.334538,6.552656,2233.272518,220.0,17.058563,2.7,3.9
1675852146.212000,45.334421,6.552537,2231.273400,211.1,15.550567,2.9,3.9
1675852147.212000,45.334303,6.552452,2229.889760,205.0,14.450147,2.7,3.9
1675852148.212000,45.334188,6.552385,2230.339504,204.0,13.746947,2.8,3.9
1675852149.212000,45.334080,6.552313,2228.147694,207.0,13.156612,2.8,3.9
1675852150.212000,45.333973,6.552234,2225.944947,208.0,13.658862,2.6,3.9
1675852151.212000,45.333873,6.552144,2224.051412,216.0,13.287273,2.7,3.9
1675852152.212000,45.333792,6.552029,2222.531339,231.0,13.007257,2.7,3.9
1675852153.212000,45.333712,6.551923,2220.528172,212.0,11.794974,2.3,3.9
1675852154.212000,45.333628,6.551840,2218.970522,222.0,11.167253,2.6,3.9
1675852155.212000,45.333580,6.551721,2217.860774,253.9,10.926318,2.9,3.9
1675852156.213000,45.333564,6.551574,2217.203398,259.0,12.100900,2.9,3.9
1675852157.212000,45.333524,6.551440,2214.390067,236.0,11.552460,3.3,3.9
1675852158.212000,45.333486,6.551313,2211.543240,259.0,10.958430,3.1,3.9
1675852159.212000,45.333465,6.551172,2206.162050,254.0,12.079281,3.1,3.9
1675852160.212000,45.333422,6.551045,2203.757104,235.0,11.225762,3.1,3.9
1675852161.212000,45.333377,6.550918,2201.759481,252.0,12.040369,3.1,3.9
1675852162.212000,45.333359,6.550756,2198.496830,266.0,13.916413,2.7,3.9
1675852163.212000,45.333332,6.550578,2194.370243,249.0,15.302756,2.6,3.9
1675852164.212000,45.333291,6.550388,2187.831371,257.0,16.369392,2.7,3.9
1675852165.212000,45.333293,6.550182,2183.994037,280.9,17.831715,2.5,3.9
1675852166.212000,45.333349,6.549981,2182.731783,299.0,17.343447,2.1,3.9
1675852167.212000,45.333446,6.549837,2180.395202,325.6,16.084818,2.3,3.9
1675852168.212000,45.333559,6.549756,2173.072783,336.0,13.750253,2.5,3.9
1675852170.212000,45.333661,6.549656,2168.709762,332.0,4.682785,2.4,3.9
1675852172.212000,45.333735,6.549550,2164.564039,315.0,10.021944,2.6,3.9
1675852173.213000,45.333809,6.549463,2162.325648,322.0,11.394942,2.7,3.9
1675852174.212000,45.333889,6.549370,2159.377913,319.0,12.042994,2.7,3.9
1675852175.212000,45.333958,6.549258,2156.815800,303.0,11.896089,2.8,3.9
1675852176.212000,45.334029,6.549146,2156.788772,320.0,12.432698,2.9,3.9
1675852177.212000,45.334120,6.549052,2154.323818,323.0,12.757725,2.8,3.9
1675852178.212000,45.334187,6.548924,2149.466909,290.0,13.594491,3.0,3.9
1675852179.212000,45.334224,6.548752,2142.824075,286.0,14.760050,2.5,3.9
1675852180.212000,45.334286,6.548590,2140.200016,310.0,15.839421,2.7,3.9
1675852181.212000,45.334384,6.548467,2134.196086,323.0,14.830294,2.8,3.9
1675852182.212000,45.334454,6.548344,2131.357674,293.0,12.545094,2.4,3.9
1675852183.212000,45.334511,6.548235,2130.476286,323.9,10.885341,2.7,3.9
1675852184.212000,45.334598,6.548185,2129.506370,346.0,10.717079,3.0,3.9
1675852185.212000,45.334688,6.548136,2129.140440,330.0,10.744586,2.9,3.9
1675852186.212000,45.334772,6.548067,2125.971802,332.0,11.002641,3.3,3.9
1675852187.212000,45.334868,6.548034,2125.287300,0.0,11.751359,3.2,3.9
1675852188.212000,45.334974,6.548053,2122.685375,12.0,11.596115,3.2,3.9
1675852189.212000,45.335067,6.548097,2122.492780,24.0,10.956905,3.1,3.9
1675852190.212000,45.335147,6.548162,2120.269747,33.0,10.715201,3.1,3.9
1675852191.212000,45.335226,6.548243,2118.799843,39.0,11.445354,2.9,3.9
1675852192.212000,45.335310,6.548332,2116.472629,34.0,12.149366,2.6,3.9
1675852193.212000,45.335405,6.548406,2114.417086,26.0,12.326215,3.0,3.9
1675852194.212000,45.335506,6.548467,2112.077119,22.0,12.370664,2.6,3.9
1675852195.212000,45.335610,6.548522,2109.192468,19.0,12.610776,2.2,3.9
1675852196.212000,45.335715,6.548568,2107.203687,16.0,12.339699,2.3,3.9
1675852197.212000,45.335819,6.548608,2105.032578,15.0,12.119514,2.4,3.9
1675852198.212000,45.335923,6.548644,2104.809023,12.0,11.800917,2.6,3.9
1675852199.212000,45.336026,6.548672,2103.822350,10.1,11.464665,2.6,3.9
1675852200.212000,45.336126,6.548682,2102.554051,350.1,10.956805,2.2,3.9
1675852202.212000,45.336283,6.548591,2101.180494,298.5,9.384394,2.7,3.9
1675852204.212000,45.336340,6.548408,2099.243046,284.9,8.035353,2.8,3.9
1675852207.212000,45.336355,6.548275,2097.374665,261.0,4.505721,2.8,3.9
1675852210.212000,45.336338,6.548099,2095.746027,268.8,5.407944,3.2,3.9
1675852213.212000,45.336368,6.547870,2091.712794,296.0,6.042840,2.7,3.9
1675852215.213000,45.336433,6.547680,2091.182095,295.0,11.435960,2.9,3.9
1675852216.213000,45.336479,6.547538,2088.558292,294.0,13.113322,3.4,3.9
1675852217.213000,45.336518,6.547375,2084.376142,283.0,14.037738,3.1,3.9
1675852218.213000,45.336537,6.547199,2081.214740,275.0,14.271009,3.2,3.9
1675852219.213000,45.336561,6.547030,2079.617658,288.0,14.109383,3.1,3.9
1675852220.213000,45.336622,6.546875,2078.209523,306.0,14.748158,3.4,3.9
1675852221.213000,45.336715,6.546743,2075.261611,320.0,15.597049,2.7,3.9
1675852222.213000,45.336811,6.546617,2069.612265,314.0,14.444788,2.6,3.9
1675852223.216000,45.336888,6.546477,2067.036081,303.0,14.416825,2.9,3.9
1675852224.212000,45.336965,6.546325,2065.039303,309.0,15.268641,2.6,3.9
1675852225.212000,45.337060,6.546189,2062.759270,319.0,14.999310,2.2,3.9
1675852226.212000,45.337166,6.546086,2059.807488,332.0,13.573336,2.4,3.9
1675852227.213000,45.337272,6.546012,2058.117948,335.0,12.835381,2.6,3.9
1675852228.212000,45.337370,6.545943,2056.646939,333.0,11.916310,2.8,3.9
1675852229.212000,45.337460,6.545865,2055.400596,325.0,11.764740,2.5,3.9
1675852230.212000,45.337546,6.545778,2053.708747,325.9,11.859914,2.2,3.9
1675852231.213000,45.337635,6.545692,2054.290644,312.7,11.931364,2.5,3.9
1675852232.213000,45.337699,6.545591,2052.861576,312.0,10.285580,2.7,3.9
1675852234.212000,45.337758,6.545426,2047.986421,294.3,7.414407,2.9,3.9
1675852236.213000,45.337834,6.545328,2045.611689,338.0,6.036613,2.8,3.9
1675852238.212000,45.337896,6.545198,2042.411072,276.0,6.815389,3.0,3.9
1675852240.212000,45.337931,6.544996,2038.915680,300.0,10.169469,3.3,3.9
1675852241.213000,45.337974,6.544878,2036.091187,294.0,10.945137,2.8,3.9
1675852243.212000,45.337981,6.544626,2030.246792,260.0,10.987143,3.1,3.9
1675852244.212000,45.337954,6.544490,2027.571467,249.0,11.796813,2.9,3.9
1675852246.212000,45.337880,6.544324,2021.747693,223.1,4.740139,3.1,3.9
1675852266.212000,45.337826,6.544309,2018.268100,-1.0,0.000000,2.9,3.9
1675852266.212000,45.337826,6.544309,2018.268100,0.0,0.000000,21.0,61.0
1675852317.765000,45.337812,6.544189,2015.893354,269.3,2.400122,2.3,4.2
1675852320.213000,45.337759,6.544039,2015.720752,233.8,4.729760,2.6,5.7
1675852322.213000,45.337665,6.543971,2015.712565,204.3,5.002851,3.8,5.5
1675852324.212000,45.337560,6.543926,2013.153146,209.1,5.767154,2.8,4.8
1675852326.212000,45.337439,6.543914,2013.607803,186.9,6.369163,3.4,3.9
1675852328.213000,45.337302,6.543943,2010.979862,174.6,7.258371,3.5,3.9
1675852330.213000,45.337151,6.543980,2009.050608,171.5,8.246284,3.6,3.9
1675852332.213000,45.336984,6.544007,2007.240341,175.0,9.101702,3.9,3.9
1675852334.212000,45.336806,6.543995,2004.733115,182.6,9.696908,4.5,3.9
1675852335.213000,45.336715,6.543978,2003.628623,185.7,9.910703,2.9,3.9
1675852336.212000,45.336623,6.543955,2002.276633,188.2,10.134283,3.3,3.9
1675852337.213000,45.336530,6.543926,2001.536938,190.9,10.648460,3.3,3.9
1675852338.213000,45.336440,6.543890,2000.681514,193.8,10.655795,3.5,3.9
1675852339.212000,45.336351,6.543845,1999.888567,198.7,10.667874,3.1,3.9
1675852340.216000,45.336265,6.543785,1999.254414,205.6,10.558883,2.8,3.9
1675852342.212000,45.336122,6.543634,1997.756854,216.8,9.790967,2.4,3.9
1675852344.213000,45.336001,6.543497,1991.822752,214.0,8.339618,2.4,3.9
1675852346.212000,45.335880,6.543392,1991.692564,203.0,7.471879,2.8,3.9
1675852348.213000,45.335735,6.543321,1991.227579,191.0,7.239841,2.6,3.9
1675852350.212000,45.335632,6.543319,1991.198050,174.0,6.938604,3.0,3.9
1675852352.213000,45.335506,6.543342,1991.458506,173.0,7.390831,3.2,3.9
1675852354.212000,45.335369,6.543366,1991.207816,169.0,7.940988,3.2,3.9
1675852356.212000,45.335222,6.543406,1989.729608,169.9,8.291440,3.4,3.9
1675852358.213000,45.335062,6.543428,1984.452952,178.0,9.423608,4.3,3.9
1675852360.212000,45.334893,6.543408,1980.787898,187.0,9.801139,4.9,3.9
1675852362.212000,45.334751,6.543392,1978.046424,182.0,6.589207,4.5,3.9
1675852364.212000,45.334645,6.543377,1977.532335,194.0,5.620748,4.1,3.9
1675852367.213000,45.334548,6.543325,1976.638402,240.0,1.645363,4.5,3.9
1675852372.212000,45.334458,6.543358,1974.057715,184.0,3.187189,2.8,3.9
1675852375.212000,45.334370,6.543307,1973.215342,199.0,3.091800,2.9,3.9
1675852379.046000,45.334278,6.543273,1971.489001,168.2,2.766221,2.3,6.1
1675852381.920000,45.334179,6.543220,1971.131048,187.1,5.157845,3.3,6.7
1675852384.212000,45.334035,6.543160,1968.819464,193.0,7.125188,3.1,5.9
1675852386.213000,45.333894,6.543114,1965.668738,193.0,8.616141,3.4,4.4
1675852388.212000,45.333739,6.543061,1963.981242,190.0,9.153166,3.5,3.9
1675852390.212000,45.333580,6.543036,1962.480176,182.0,8.872085,4.6,3.9
1675852392.212000,45.333419,6.543028,1961.191303,181.0,9.806040,4.1,3.9
1675852394.212000,45.333235,6.543027,1958.496030,180.0,10.846936,4.0,3.9
1675852395.212000,45.333137,6.543026,1957.288236,181.0,11.123796,3.6,3.9
1675852396.212000,45.333036,6.543021,1955.204340,182.0,11.714485,4.2,3.9
1675852397.212000,45.332930,6.543012,1953.692690,185.0,11.929478,4.3,3.9
1675852398.213000,45.332826,6.542990,1951.516339,190.0,11.918350,3.0,3.9
1675852399.212000,45.332722,6.542957,1949.173080,195.0,12.091382,2.7,3.9
1675852400.212000,45.332618,6.542917,1948.934577,195.0,11.957141,4.4,3.9
1675852401.212000,45.332517,6.542872,1946.837392,199.0,11.888099,2.5,3.9
1675852402.213000,45.332417,6.542823,1945.052463,198.0,11.896528,2.8,3.9
1675852403.213000,45.332321,6.542772,1944.000952,208.7,11.360337,2.7,3.9
1675852404.213000,45.332232,6.542710,1943.529043,217.7,10.924397,2.9,3.9
1675852405.212000,45.332150,6.542644,1943.096866,223.8,10.541152,2.8,3.9
1675852406.212000,45.332070,6.542582,1941.559566,224.0,10.169247,2.9,3.9
1675852408.212000,45.331920,6.542463,1939.605776,230.0,9.702823,3.1,3.9
1675852410.212000,45.331766,6.542363,1938.416724,228.9,9.036469,3.0,3.9
1675852412.212000,45.331618,6.542290,1936.671759,229.0,8.645117,2.6,3.9
1675852414.212000,45.331477,6.542240,1936.580961,214.2,8.004726,3.0,3.9
1675852416.213000,45.331348,6.542223,1935.640351,222.8,7.173252,2.8,3.9
1675852418.212000,45.331227,6.542207,1934.591800,230.0,6.338990,3.4,3.9
1675852420.212000,45.331115,6.542202,1933.186503,235.6,5.810081,4.3,3.9
1675852422.212000,45.331014,6.542191,1932.822105,234.1,5.426070,3.0,3.9
1675852425.212000,45.330876,6.542185,1931.655525,263.6,5.362044,3.4,3.9
1675852427.213000,45.330765,6.542197,1930.674891,185.0,5.597603,3.6,3.9
1675852429.212000,45.330658,6.542195,1930.459937,182.0,5.607655,3.6,3.9
1675852431.212000,45.330548,6.542188,1927.785895,182.0,6.366480,2.7,3.9
1675852433.213000,45.330446,6.542183,1928.054596,178.0,5.763262,3.0,3.9
1675852435.213000,45.330341,6.542172,1927.910682,195.0,6.169571,3.0,3.9
1675852437.216000,45.330224,6.542165,1926.769984,199.9,6.502846,3.1,3.9
1675852439.213000,45.330102,6.542155,1926.372762,204.0,6.787170,2.8,3.9
1675852441.212000,45.329975,6.542144,1924.709675,209.9,7.276347,2.7,3.9
1675852443.213000,45.329829,6.542132,1923.204164,216.9,8.244032,2.8,3.9
1675852445.212000,45.329660,6.542125,1921.043846,213.0,9.412560,2.7,3.9
1675852446.213000,45.329569,6.542127,1919.724687,211.1,9.992730,3.2,3.9
1675852447.213000,45.329474,6.542136,1917.932942,209.0,10.355685,3.2,3.9
1675852448.213000,45.329378,6.542153,1916.061983,204.2,10.526285,3.2,3.9
1675852449.212000,45.329282,6.542181,1914.819803,186.7,10.551200,3.3,3.9
1675852450.216000,45.329192,6.542231,1913.917500,184.1,9.564195,3.1,3.9
1675852452.212000,45.329040,6.542279,1911.250110,233.4,9.050169,3.3,3.9
1675852454.213000,45.328887,6.542223,1908.779471,242.5,9.276435,3.1,3.9
1675852456.212000,45.328741,6.542137,1907.072288,261.5,8.861466,3.3,3.9
1675852458.212000,45.328608,6.542040,1906.006813,211.5,8.444643,3.2,3.9
1675852460.213000,45.328449,6.541939,1903.528748,214.0,9.149469,3.2,3.9
1675852462.212000,45.328307,6.541840,1901.442809,235.5,7.982744,2.7,3.9
1675852464.212000,45.328187,6.541781,1900.030471,220.4,7.285224,2.8,3.9
1675852466.212000,45.328051,6.541776,1899.293877,219.1,7.411130,2.7,3.9
1675852468.212000,45.327913,6.541783,1898.301472,180.9,7.664689,2.6,3.9
1675852470.212000,45.327766,6.541820,1895.517379,188.4,7.485962,2.6,3.9
1675852472.213000,45.327647,6.541844,1894.580449,202.7,6.791174,2.6,3.9
1675852474.213000,45.327517,6.541880,1893.433540,170.4,7.682738,2.6,3.9
1675852476.212000,45.327377,6.541946,1890.575708,172.7,7.262794,2.9,3.9
1675852478.213000,45.327250,6.542003,1888.211588,172.7,7.388141,2.9,3.9
1675852480.213000,45.327129,6.542049,1886.668911,200.4,6.705723,2.6,3.9
1675852482.213000,45.327014,6.542076,1885.625807,168.5,6.780403,3.1,3.9
1675852484.212000,45.326892,6.542149,1884.127247,172.7,6.733072,3.1,3.9
1675852486.212000,45.326780,6.542191,1882.894240,186.6,7.057506,2.9,3.9
1675852488.212000,45.326662,6.542249,1881.897458,155.7,6.238128,3.1,3.9
1675852508.213000,45.326627,6.542277,1880.596665,285.0,0.000000,2.8,3.9
1675852508.213000,45.326627,6.542277,1880.596665,0.0,0.000000,21.0,61.0
1675852534.216000,45.326525,6.542214,1878.786134,183.7,5.771196,2.7,3.8
1675852536.213000,45.326400,6.542227,1876.181999,174.7,6.538375,2.4,3.9
1675852538.213000,45.326283,6.542279,1875.375363,169.9,6.301053,2.7,3.9
1675852540.216000,45.326186,6.542330,1875.076936,152.8,5.275081,2.8,3.9
1675852545.540000,45.326086,6.542320,1873.252472,176.4,2.732205,2.4,6.1
1675852548.216000,45.325953,6.542301,1869.297134,164.6,5.298268,2.4,6.1
1675852550.216000,45.325832,6.542310,1867.931682,159.5,6.207604,2.4,5.5
1675852552.216000,45.325706,6.542342,1866.869632,158.5,6.718420,2.4,3.9
1675852554.216000,45.325575,6.542380,1865.323615,166.3,7.232865,2.4,3.9
1675852556.213000,45.325428,6.542403,1863.466506,172.0,7.899798,2.3,3.9
1675852558.213000,45.325273,6.542422,1861.179308,173.9,8.537937,2.4,3.9
1675852560.216000,45.325111,6.542375,1859.562908,189.6,9.271526,2.6,3.9
1675852562.213000,45.324974,6.542263,1856.250825,171.7,8.427104,2.8,3.9
1675852564.213000,45.324879,6.542190,1852.874751,205.8,5.404326,2.6,3.9
1675852566.213000,45.324831,6.542012,1850.781669,242.0,6.519876,2.5,3.9
1675852585.213000,45.324804,6.541939,1849.374292,-1.0,0.000000,2.4,3.9
1675852585.213000,45.324804,6.541939,1849.374292,0.0,0.000000,21.0,61.0
1675852607.342000,45.324840,6.541867,1848.586472,310.5,2.502201,2.3,4.7
1675852610.213000,45.324915,6.541697,1846.736463,311.9,5.587609,2.3,5.0
1675852612.213000,45.324986,6.541508,1844.077547,312.9,8.623834,2.4,4.9
1675852614.216000,45.325098,6.541346,1839.163684,320.0,8.822159,2.4,3.9
1675852616.213000,45.325204,6.541186,1836.766785,289.6,8.174207,2.5,3.9
1675852618.213000,45.325158,6.541031,1833.557200,225.1,6.801086,2.5,3.9
1675852620.216000,45.325051,6.540924,1830.536636,212.0,8.076444,2.5,3.9
1675852622.213000,45.324918,6.540827,1824.065332,202.0,9.181062,2.6,3.9
1675852624.216000,45.324761,6.540796,1817.056131,166.1,9.261623,2.6,3.9
1675852626.213000,45.324619,6.540905,1814.798303,145.0,8.559529,2.4,3.9
1675852628.213000,45.324494,6.540997,1815.283282,160.0,7.635627,2.4,3.9
1675852630.213000,45.324360,6.541045,1814.520383,166.0,8.064817,2.4,3.9
1675852632.213000,45.324215,6.541104,1811.788518,165.9,8.593023,2.4,3.9
1675852634.213000,45.324065,6.541155,1810.045534,197.1,8.293015,2.5,3.9
1675852636.213000,45.323927,6.541117,1809.247720,192.8,8.111280,2.5,3.9
1675852638.213000,45.323783,6.541063,1807.812942,197.9,8.605705,2.6,3.9
1675852640.213000,45.323628,6.541006,1804.831735,196.8,9.047380,2.5,3.9
1675852642.216000,45.323478,6.540890,1802.990153,208.8,9.793610,2.5,3.9
1675852644.213000,45.323352,6.540732,1801.040150,230.1,8.561592,2.7,3.9
1675852646.216000,45.323359,6.540540,1797.015389,287.0,8.496272,2.7,3.9
1675852648.213000,45.323360,6.540335,1794.256479,277.0,7.527150,2.7,3.9
1675852650.213000,45.323403,6.540156,1792.645119,286.0,7.296814,2.7,3.9
1675852652.213000,45.323451,6.539994,1790.649198,304.5,6.945055,2.6,3.9
1675852654.213000,45.323535,6.539831,1787.627663,300.5,8.232938,2.6,3.9
1675852656.216000,45.323623,6.539612,1783.774463,298.6,10.365314,2.6,3.9
1675852657.213000,45.323682,6.539489,1781.283678,303.7,11.461714,2.6,3.9
1675852658.213000,45.323753,6.539369,1778.232857,307.8,12.257622,2.7,3.9
1675852659.213000,45.323829,6.539256,1776.031745,312.7,12.065741,2.7,3.9
1675852660.216000,45.323901,6.539157,1774.649944,313.9,11.024960,2.7,3.9
1675852661.216000,45.323968,6.539060,1774.521190,313.1,10.743170,2.7,3.9
1675852662.216000,45.324034,6.538960,1774.379877,314.0,10.672658,2.7,3.9
1675852663.213000,45.324103,6.538869,1773.582287,315.9,10.278434,2.7,3.9
1675852664.216000,45.324170,6.538782,1772.273038,316.0,10.087712,2.8,3.9
1675852666.213000,45.324286,6.538606,1770.343773,311.1,8.602501,2.8,3.9
1675852668.213000,45.324370,6.538499,1770.362443,312.0,5.781620,2.9,3.9
1675852670.213000,45.324425,6.538393,1770.426470,297.0,4.170837,2.8,3.9
1675852673.213000,45.324479,6.538269,1770.632367,309.7,3.853664,2.9,3.9
1675852676.216000,45.324546,6.538167,1769.899197,335.8,3.285556,2.9,3.9
1675852680.216000,45.324622,6.538051,1771.523832,299.0,2.794249,2.1,3.9
1675852685.216000,45.324692,6.537937,1775.195304,312.0,2.101498,2.2,3.9
1675852690.216000,45.324742,6.537814,1768.393827,282.9,2.345484,2.3,3.9
1675852704.740000,45.324787,6.537699,1769.131054,285.1,3.313935,2.1,4.2
1675852724.216000,45.324796,6.537710,1767.693470,-1.0,0.000000,2.1,3.9
1675852724.216000,45.324796,6.537710,1767.693470,0.0,0.000000,21.0,61.0
1675852780.216000,45.324802,6.537568,1781.309282,291.4,3.993311,2.1,3.9
1675852782.594000,45.324866,6.537433,1780.235425,300.3,4.817513,2.1,4.3
1675852786.020000,45.324901,6.537284,1771.420830,292.2,3.552019,2.2,6.0
1675852804.739000,45.324877,6.537209,1770.222655,-1.0,1.029481,2.1,3.9
1675852804.739000,45.324877,6.537209,1770.222655,0.0,0.000000,21.0,61.0
1675853131.216000,45.324898,6.537135,1807.284606,272.0,2.081253,3.1,4.4
1675853133.973000,45.324879,6.536986,1804.899440,253.2,3.600304,2.3,6.3
1675853136.216000,45.324810,6.536824,1807.770759,245.3,5.884759,2.5,6.1
1675853138.216000,45.324741,6.536665,1806.192480,248.0,6.824164,2.6,5.5
1675853140.216000,45.324646,6.536511,1800.386221,232.7,7.762768,2.7,3.9
1675853142.216000,45.324517,6.536383,1795.381039,218.6,8.602378,7.6,3.9
1675853144.216000,45.324369,6.536264,1792.228686,210.8,9.449923,6.5,3.9
1675853145.216000,45.324286,6.536215,1790.534686,205.7,9.802998,6.7,3.9
1675853146.216000,45.324198,6.536179,1789.368120,199.6,9.835569,7.3,3.9
1675853147.216000,45.324110,6.536152,1788.112238,195.2,9.843060,8.0,3.9
1675853149.216000,45.323931,6.536108,1785.136728,191.1,9.982683,7.0,3.9
1675853150.216000,45.323841,6.536085,1790.016865,191.6,10.118958,4.1,3.9
1675853152.216000,45.323677,6.536031,1786.296468,189.5,9.318732,3.5,3.9
1675853154.216000,45.323524,6.535997,1783.068989,175.8,9.000806,2.6,3.9
1675853156.216000,45.323370,6.535954,1781.325024,197.2,8.946936,2.6,3.9
1675853158.216000,45.323214,6.535870,1780.752809,187.6,9.425233,2.8,3.9
1675853160.216000,45.323044,6.535823,1777.723240,179.1,9.784026,2.9,3.9
1675853162.216000,45.322873,6.535768,1775.981776,178.2,9.661166,3.4,3.9
1675853164.216000,45.322701,6.535735,1772.000967,180.8,9.648452,2.6,3.9
1675853166.219000,45.322526,6.535708,1774.905830,174.9,9.528937,2.8,3.9
1675853168.216000,45.322359,6.535694,1773.180156,174.0,9.309522,2.9,3.9
1675853170.216000,45.322195,6.535690,1770.713648,168.2,9.307784,3.0,3.9
1675853172.216000,45.322034,6.535712,1764.084045,164.1,8.850246,3.1,3.9
1675853174.216000,45.321883,6.535751,1759.724832,139.9,8.958676,7.9,3.9
1675853176.219000,45.321746,6.535831,1755.230448,142.6,8.789530,7.0,3.9
1675853178.216000,45.321583,6.535889,1753.454679,152.8,9.329123,7.5,3.9
1675853180.219000,45.321415,6.535954,1752.791094,149.0,9.760045,7.4,3.9
1675853181.216000,45.321330,6.536001,1754.395251,141.3,9.923057,4.0,3.9
1675853182.216000,45.321248,6.536058,1751.458107,142.0,10.153684,3.3,3.9
1675853183.216000,45.321160,6.536106,1750.658090,152.6,10.292902,3.8,3.9
1675853184.216000,45.321068,6.536139,1747.684441,157.8,10.618345,2.9,3.9
1675853185.216000,45.320974,6.536150,1746.747622,191.9,10.450813,2.9,3.9
1675853187.216000,45.320804,6.536101,1745.418074,193.7,9.805238,2.9,3.9
1675853189.216000,45.320632,6.536064,1743.720384,194.9,9.779090,3.1,6.0
1675853191.216000,45.320524,6.535922,1743.635378,187.1,7.596774,3.6,6.5
1675853193.216000,45.320402,6.535869,1743.686390,182.1,6.506045,3.7,5.8
1675853195.216000,45.320293,6.535891,1741.014798,155.3,5.959064,3.0,4.4
1675853197.216000,45.320201,6.535953,1744.778127,152.1,5.620286,3.1,3.9
1675853199.216000,45.320117,6.536017,1743.835915,154.0,5.341092,3.2,3.9
1675853201.216000,45.320031,6.536076,1742.906245,153.1,5.111032,3.3,3.9
1675853204.216000,45.319930,6.536151,1738.489427,153.8,5.072801,3.7,3.9
1675853207.216000,45.319826,6.536216,1734.984564,153.1,4.258958,7.4,3.9
1675853210.216000,45.319745,6.536280,1737.407277,152.0,3.932967,3.2,3.9
1675853213.117000,45.319652,6.536338,1737.267455,160.6,4.417414,3.3,5.2
1675853215.818000,45.319548,6.536387,1737.063562,167.6,4.758344,3.2,6.1
1675853218.051000,45.319449,6.536406,1736.834188,176.2,4.896347,3.2,6.6
1675853219.772000,45.319359,6.536423,1736.808702,176.1,4.906691,3.2,7.1
1675853223.100000,45.319236,6.536428,1737.132904,180.4,4.839710,3.7,7.4
1675853225.969000,45.319116,6.536434,1736.814713,177.8,4.550757,3.7,6.7
1675853228.216000,45.319025,6.536434,1738.023429,179.6,4.644279,2.4,6.9
1675853230.963000,45.318917,6.536416,1737.539768,186.2,4.248405,2.5,7.1
1675853233.200000,45.318826,6.536372,1735.955927,195.6,4.437458,3.4,7.3
1675853235.216000,45.318742,6.536243,1730.446161,231.6,6.419492,3.5,6.8
1675853237.216000,45.318704,6.536042,1724.719699,262.8,8.104915,6.6,5.7
1675853239.216000,45.318716,6.535814,1723.583641,286.7,8.669168,5.7,3.9
1675853241.216000,45.318774,6.535626,1723.399369,291.2,7.890680,3.6,3.9
1675853243.216000,45.318811,6.535474,1725.117666,275.8,6.272748,3.8,3.9
1675853246.920000,45.318828,6.535332,1725.423076,265.0,2.482247,3.6,5.5
1675853266.200000,45.318796,6.535342,1721.804007,-1.0,0.000000,7.0,4.2
1675853266.200000,45.318796,6.535342,1721.804007,0.0,0.000000,21.0,61.0
1675853338.860000,45.318742,6.535373,1728.589187,142.7,0.492347,2.6,3.9
1675853373.216000,45.318656,6.535410,1731.514353,162.8,0.587392,4.3,4.3
1675853429.184000,45.318568,6.535441,1740.469217,158.5,0.198091,9.8,3.9
1675853483.216000,45.318488,6.535510,1735.583570,129.2,0.228991,4.2,3.8
1675853537.220000,45.318356,6.535325,1730.077739,217.7,5.479391,5.9,3.6
1675853538.216000,45.318276,6.535228,1729.899603,219.5,6.398984,5.8,3.6
1675853539.216000,45.318208,6.535139,1729.925051,219.9,6.919758,9.1,3.7
1675853541.219000,45.318099,6.535001,1735.720066,218.1,6.495541,4.9,3.9
1675853543.216000,45.318017,6.534894,1744.521328,221.0,5.609005,4.6,3.9
1675853545.216000,45.317932,6.534801,1757.300049,214.2,6.901482,5.2,3.9
1675853545.217000,45.317932,6.534801,1757.300049,214.2,6.898324,5.2,3.9
1675854841.648000,45.298890,6.507010,2721.019699,-1.0,0.000000,3.6,5.5
1675854860.220000,45.298976,6.507098,2718.992591,24.9,5.195043,2.1,4.2
1675854861.220000,45.299064,6.507151,2707.700643,21.6,7.517496,2.2,4.2
1675854862.220000,45.299149,6.507232,2702.495218,32.6,10.546474,2.4,4.2
1675854863.220000,45.299236,6.507304,2696.796668,28.8,11.156473,2.3,4.2
1675854865.220000,45.299393,6.507302,2691.693568,3.7,11.901108,2.2,3.9
1675854866.220000,45.299493,6.507337,2688.527649,23.3,13.533607,2.2,3.9
1675854867.220000,45.299604,6.507426,2692.213166,32.5,14.438603,2.1,3.9
1675854868.220000,45.299730,6.507531,2693.057287,24.5,16.986347,2.1,3.9
1675854869.220000,45.299882,6.507618,2682.320595,18.1,18.815094,2.1,3.9
1675854870.220000,45.300045,6.507700,2674.885930,19.9,20.465839,2.1,3.9
1675854871.220000,45.300217,6.507796,2665.790470,21.8,21.701124,2.1,3.9
1675854872.220000,45.300395,6.507928,2655.167390,25.3,24.763554,21.0,61.0
1675854873.220000,45.300574,6.508060,2644.544310,35.4,24.763556,21.0,61.0
1675854874.220000,45.300752,6.508192,2633.921230,52.3,24.763556,21.0,61.0
1675854875.220000,45.300931,6.508324,2623.298151,59.8,24.763556,21.0,61.0
1675854876.220000,45.301109,6.508455,2612.675071,57.8,24.763556,21.0,61.0
1675854877.220000,45.301288,6.508587,2602.051991,46.5,24.763557,21.0,61.0
1675854878.220000,45.301466,6.508719,2591.428911,10.0,24.527836,3.5,3.9
1675854879.220000,45.301679,6.508793,2582.989623,20.6,23.924772,3.4,3.9
1675854880.220000,45.301870,6.508928,2577.870741,33.6,23.200089,3.4,3.9
1675854881.220000,45.302021,6.509123,2572.782976,52.8,22.970755,3.4,3.9
1675854882.221000,45.302125,6.509367,2567.418732,62.6,23.102512,2.2,3.9
1675854883.220000,45.302201,6.509632,2559.906292,70.7,22.861151,2.3,3.9
1675854884.220000,45.302256,6.509902,2554.975670,74.0,22.828772,2.2,3.9
1675854885.220000,45.302306,6.510174,2546.666457,76.0,22.996346,2.2,3.9
1675854886.220000,45.302348,6.510446,2540.365723,78.7,22.704626,2.1,3.9
1675854887.220000,45.302381,6.510704,2537.624713,79.0,19.998398,2.2,3.9
1675854888.220000,45.302416,6.510937,2535.032760,72.0,18.439878,2.2,3.9
1675854889.220000,45.302471,6.511148,2528.839897,67.1,18.198425,2.7,3.9
1675854890.220000,45.302533,6.511353,2532.304688,67.0,17.681795,2.1,3.9
1675854891.220000,45.302594,6.511556,2525.706058,67.0,18.103279,2.8,3.9
1675854892.220000,45.302653,6.511759,2524.969543,68.0,17.031168,2.1,3.9
1675854893.220000,45.302706,6.511950,2529.525248,69.0,16.105997,2.0,3.9
1675854894.220000,45.302753,6.512132,2527.180908,71.0,15.408013,2.0,3.9
1675854895.220000,45.302796,6.512306,2523.867719,69.0,14.493193,2.0,3.9
1675854896.220000,45.302839,6.512470,2524.610596,69.0,14.118275,2.0,3.9
1675854897.220000,45.302884,6.512630,2519.304617,66.0,13.452267,2.1,3.9
1675854898.220000,45.302939,6.512772,2523.669678,54.0,12.664315,2.0,3.9
1675854900.220000,45.303028,6.512858,2523.832968,218.4,3.389885,2.0,3.9
1675854920.221000,45.303033,6.512852,2522.663559,24.0,0.000000,2.0,3.9
1675854920.221000,45.303033,6.512852,2522.663559,0.0,0.000000,21.0,61.0
1675854941.775000,45.303043,6.513024,2515.947575,102.6,3.599916,2.0,5.5
1675854943.220000,45.303051,6.513180,2515.185452,77.1,8.323242,2.0,5.9
1675854945.220000,45.303124,6.513422,2510.590332,62.9,11.559052,2.0,5.7
1675854946.220000,45.303183,6.513536,2505.891262,32.6,11.143566,2.0,5.4
1675854947.220000,45.303260,6.513625,2505.041932,55.6,12.029074,2.0,3.9
1675854948.220000,45.303320,6.513744,2500.179249,45.3,11.231656,2.0,3.9
1675854950.220000,45.303443,6.513890,2492.483456,42.0,10.191815,2.0,3.9
1675854952.220000,45.303507,6.514080,2486.833871,77.9,9.396610,2.0,3.9
1675854954.220000,45.303591,6.514313,2477.290283,48.2,12.256784,2.0,3.9
1675854955.220000,45.303645,6.514421,2473.591500,73.3,9.048735,2.0,3.9
1675854957.220000,45.303638,6.514570,2467.653434,78.7,4.835240,2.0,3.9
1675854960.220000,45.303777,6.514627,2464.050868,15.0,7.680061,2.0,3.9
1675854961.220000,45.303864,6.514681,2459.616057,22.9,9.338295,2.0,3.9
1675854962.221000,45.303949,6.514802,2455.866017,47.3,12.221774,2.0,3.9
1675854963.220000,45.304008,6.514961,2454.682806,70.5,12.987354,2.0,3.9
1675854964.220000,45.304054,6.515123,2449.318265,64.1,12.799233,2.0,3.9
1675854965.220000,45.304128,6.515256,2446.565712,34.4,14.478724,2.0,3.9
1675854966.220000,45.304247,6.515339,2443.169293,17.1,13.905490,2.0,3.9
1675854967.220000,45.304366,6.515398,2441.667996,29.8,13.702926,2.0,3.9
1675854968.220000,45.304457,6.515502,2438.471838,53.7,13.045541,2.0,3.9
1675854969.220000,45.304514,6.515646,2434.318452,64.9,13.331172,2.0,3.9
1675854970.220000,45.304552,6.515796,2430.092213,73.0,11.980517,2.0,3.9
1675854971.220000,45.304589,6.515931,2423.326251,58.6,12.106592,2.0,3.9
1675854973.221000,45.304703,6.516036,2423.463458,13.3,6.346414,2.0,3.9
1675854976.220000,45.304812,6.516059,2425.566764,11.0,5.846700,2.0,3.9
1675854978.221000,45.304953,6.516062,2423.981161,353.1,9.012918,2.0,3.9
1675854980.223000,45.305109,6.516125,2422.485732,38.3,7.271015,2.0,3.9
1675854982.220000,45.305210,6.516166,2424.021072,349.3,7.450603,2.0,3.9
1675854984.220000,45.305339,6.516025,2421.418060,311.0,9.855552,2.0,3.9
1675854985.220000,45.305414,6.515927,2420.431152,322.2,12.280510,2.0,3.9
1675854986.221000,45.305519,6.515830,2416.654037,331.6,14.560773,2.0,3.9
1675854987.221000,45.305636,6.515751,2409.310059,335.4,14.185087,2.0,3.9
1675854988.220000,45.305774,6.515742,2407.471924,359.1,15.329163,2.0,3.9
1675854989.221000,45.305914,6.515802,2396.477456,22.9,16.868687,2.0,3.9
1675854990.221000,45.306036,6.515914,2393.714332,43.8,17.034487,2.0,3.9
1675854991.221000,45.306134,6.516073,2390.622586,50.9,16.457951,2.0,3.9
1675854992.223000,45.306217,6.516241,2382.138092,57.0,16.852695,2.0,3.9
1675854993.220000,45.306283,6.516413,2380.095823,65.9,14.698313,2.0,3.9
1675854994.221000,45.306336,6.516576,2379.977235,59.1,13.837966,2.0,3.9
1675854995.220000,45.306397,6.516721,2377.457474,59.0,12.906060,2.0,3.9
1675854996.220000,45.306462,6.516847,2380.706865,44.2,12.143950,2.0,3.9
1675854997.223000,45.306551,6.516923,2377.304118,9.9,11.653644,2.0,3.9
1675854998.221000,45.306645,6.516904,2376.316558,329.7,10.082375,2.0,3.9
1675854999.220000,45.306711,6.516812,2376.882051,305.4,10.519754,2.0,3.9
1675855000.220000,45.306762,6.516690,2373.548590,303.0,11.522854,2.0,3.9
1675855001.221000,45.306831,6.516589,2371.666904,340.8,10.924529,2.0,3.9
1675855003.220000,45.306964,6.516604,2363.765864,33.9,4.991086,2.0,3.9
1675855014.220000,45.307064,6.516553,2362.145900,329.0,7.904234,2.0,3.9
1675855016.220000,45.307213,6.516367,2357.928672,301.8,12.934050,2.0,3.9
1675855017.220000,45.307280,6.516228,2353.861374,310.9,12.239332,2.0,3.9
1675855018.223000,45.307356,6.516110,2350.808715,314.6,12.692804,2.0,3.9
1675855019.220000,45.307458,6.516028,2347.499199,347.7,13.844627,2.0,3.9
1675855020.221000,45.307590,6.516031,2339.898590,13.3,15.749722,2.0,3.9
1675855021.220000,45.307727,6.516099,2333.739525,23.7,17.207216,2.0,3.9
1675855022.221000,45.307864,6.516203,2327.012317,30.9,18.260273,2.0,3.9
1675855023.220000,45.307996,6.516332,2324.420160,36.0,18.728542,2.0,3.9
1675855024.221000,45.308125,6.516478,2321.960837,39.0,18.888119,2.0,3.9
1675855025.221000,45.308252,6.516634,2311.408763,41.0,19.275185,2.0,3.9
1675855026.221000,45.308370,6.516797,2308.784090,47.0,18.001482,2.0,3.9
1675855027.220000,45.308469,6.516964,2306.288390,50.0,17.155054,2.0,3.9
1675855028.220000,45.308561,6.517124,2303.967686,46.0,16.351234,2.0,3.9
1675855029.220000,45.308663,6.517264,2302.529459,40.0,15.668146,2.0,3.9
1675855030.221000,45.308768,6.517391,2300.969425,39.0,15.186290,2.0,3.9
1675855031.221000,45.308871,6.517519,2299.636996,41.0,15.171357,2.0,3.9
1675855032.220000,45.308972,6.517648,2298.034955,41.0,14.804543,2.0,3.9
1675855033.221000,45.309069,6.517769,2296.128631,40.0,13.972050,2.0,3.9
1675855034.220000,45.309160,6.517884,2294.381383,42.0,13.401754,2.0,3.9
1675855035.220000,45.309245,6.518002,2291.449314,46.0,13.189911,2.0,3.9
1675855036.221000,45.309322,6.518122,2288.531673,49.0,12.399819,2.0,3.9
1675855037.220000,45.309389,6.518240,2287.311508,52.0,12.201078,2.0,3.9
1675855038.223000,45.309453,6.518361,2283.674701,55.0,11.711101,2.0,3.9
1675855039.221000,45.309511,6.518478,2282.531662,56.0,11.174181,2.0,3.9
1675855040.220000,45.309564,6.518596,2287.016974,59.0,11.093971,2.0,3.9
1675855041.221000,45.309611,6.518715,2283.407465,60.9,11.084323,2.0,3.9
1675855042.221000,45.309654,6.518831,2283.044538,65.0,10.445302,2.0,3.9
1675855044.221000,45.309731,6.519046,2282.570432,59.2,9.601410,2.0,3.9
1675855046.220000,45.309814,6.519235,2285.212691,51.1,8.686360,2.0,3.9
1675855048.220000,45.309892,6.519405,2285.562472,46.3,7.883431,2.0,3.9
1675855050.220000,45.309980,6.519541,2284.801672,38.2,7.065379,2.0,3.9
1675855052.220000,45.310078,6.519637,2282.269933,24.2,6.690336,2.0,3.9
1675855054.221000,45.310189,6.519705,2279.274250,13.1,6.800537,2.0,3.9
1675855056.220000,45.310308,6.519734,2280.315280,8.0,7.087481,2.0,3.9
1675855058.220000,45.310439,6.519768,2275.598796,46.1,7.576430,2.0,3.9
1675855060.220000,45.310522,6.519827,2275.837377,28.2,4.000755,2.0,3.9
1675855065.221000,45.310641,6.519847,2278.729461,21.1,5.525369,2.0,3.9
1675855067.220000,45.310735,6.519980,2275.888994,54.0,8.136518,2.0,3.9
1675855069.220000,45.310775,6.520170,2268.607608,100.0,7.440632,2.0,3.9
1675855083.033000,45.310759,6.520297,2274.946657,-1.0,0.000405,2.0,4.0
1675855124.572000,45.310840,6.520377,2266.970317,16.5,3.355934,2.0,5.3
1675855126.221000,45.310956,6.520462,2268.411208,25.1,6.940040,2.0,5.7
1675855128.221000,45.311052,6.520624,2264.445097,83.0,6.980449,2.0,5.4
1675855130.221000,45.311101,6.520829,2261.810453,58.9,8.957609,2.0,3.9
1675855132.220000,45.311135,6.521064,2257.003064,105.8,9.564075,2.0,3.9
1675855134.223000,45.311035,6.521292,2250.399975,131.9,12.003753,2.0,3.9
1675855135.221000,45.310955,6.521386,2245.021965,152.8,11.308115,2.0,3.9
1675855136.221000,45.310866,6.521438,2243.844656,156.0,10.521766,2.0,3.9
1675855138.221000,45.310772,6.521614,2228.808424,111.2,10.069489,2.0,3.9
1675855140.221000,45.310682,6.521814,2218.441208,107.6,10.803258,2.0,3.9
1675855142.220000,45.310610,6.522040,2216.357790,107.2,10.989663,2.0,3.9
1675855143.220000,45.310582,6.522166,2209.918320,109.0,11.676327,2.0,3.9
1675855145.220000,45.310579,6.522339,2203.273121,89.0,8.025991,2.0,3.9
1675855147.221000,45.310535,6.522539,2198.084340,115.0,8.077864,2.0,3.9
1675855149.220000,45.310501,6.522706,2187.806838,99.0,9.554886,2.0,3.9
1675855151.221000,45.310544,6.522900,2176.841232,55.0,9.813103,2.0,3.9
1675855153.221000,45.310621,6.523055,2162.512877,62.0,9.678723,2.0,3.9
1675855155.221000,45.310629,6.523269,2162.518606,102.0,7.761455,2.0,3.9
1675855158.220000,45.310629,6.523405,2152.655735,72.0,6.008458,2.0,3.9
1675855171.552000,45.310678,6.523542,2146.090136,23.3,6.221234,2.0,5.1
1675855173.220000,45.310823,6.523599,2137.253359,23.0,8.984809,2.0,4.8
1675855175.220000,45.310952,6.523789,2133.862888,49.0,11.770322,2.0,4.9
1675855176.220000,45.311029,6.523912,2131.814060,49.0,14.296871,2.0,4.6
1675855177.220000,45.311129,6.524025,2130.140253,29.0,15.274870,2.0,3.9
1675855178.221000,45.311254,6.524101,2124.315230,20.0,16.056868,2.0,3.9
1675855179.220000,45.311388,6.524180,2119.288391,22.0,17.317060,2.0,3.9
1675855180.220000,45.311522,6.524304,2110.940113,40.0,19.721392,2.0,3.9
1675855181.220000,45.311653,6.524512,2100.323422,42.3,24.304594,21.0,61.0
1675855182.221000,45.311784,6.524721,2089.696115,32.1,24.304594,21.0,61.0
1675855183.221000,45.311914,6.524929,2079.079424,22.8,24.304596,21.0,61.0
1675855184.220000,45.312045,6.525137,2068.473350,28.6,24.304594,21.0,61.0
1675855185.220000,45.312175,6.525344,2057.856659,71.0,23.050703,2.0,3.9
1675855186.220000,45.312237,6.525620,2048.966370,74.0,22.840151,2.0,3.9
1675855187.220000,45.312321,6.525878,2049.449438,59.0,22.639868,2.0,3.9
1675855188.220000,45.312449,6.526074,2044.439676,38.0,20.800428,2.0,3.9
1675855189.220000,45.312575,6.526237,2043.099731,49.0,18.639624,2.0,3.9
1675855190.220000,45.312667,6.526423,2039.111660,56.0,17.668589,2.0,3.9
1675855191.220000,45.312768,6.526596,2042.782707,44.0,18.513512,2.0,3.9
1675855192.221000,45.312900,6.526747,2038.818921,35.0,19.864447,2.0,3.9
1675855193.220000,45.313039,6.526906,2028.290672,42.0,20.742929,2.0,3.9
1675855194.220000,45.313150,6.527102,2024.181245,56.0,20.298800,2.0,3.9
1675855195.223000,45.313229,6.527312,2019.558029,66.0,18.703829,2.0,3.9
1675855196.220000,45.313305,6.527502,2018.605546,55.0,17.613468,2.0,3.9
1675855197.221000,45.313407,6.527624,2014.506921,26.2,14.418579,2.0,3.9
1675855198.220000,45.313524,6.527677,2011.067049,8.0,13.639013,2.0,3.9
1675855199.220000,45.313639,6.527703,2009.582745,5.0,13.502378,2.0,3.9
1675855200.221000,45.313765,6.527732,2002.342977,7.0,15.684913,2.0,3.9
1675855201.221000,45.313898,6.527792,1999.149148,23.0,16.459284,2.0,3.9
1675855202.221000,45.314013,6.527916,1994.721926,45.9,16.834465,2.0,3.9
1675855203.220000,45.314102,6.528078,1995.265736,56.0,15.990667,2.0,3.9
1675855204.221000,45.314201,6.528191,1982.612644,45.1,18.941341,21.0,61.0
1675855205.221000,45.314300,6.528303,1969.972193,32.0,11.179538,2.0,3.9
1675855206.220000,45.314386,6.528363,1965.799673,22.0,11.269916,2.0,3.9
1675855207.220000,45.314492,6.528418,1963.803296,17.0,13.203120,2.0,3.9
1675855208.220000,45.314605,6.528479,1961.731030,21.0,13.628490,2.0,3.9
1675855209.221000,45.314733,6.528569,1961.302302,28.0,18.024778,2.0,3.9
1675855210.221000,45.314873,6.528700,1954.095542,37.0,18.975948,2.0,3.9
1675855211.221000,45.315021,6.528832,1942.962971,26.0,20.879986,2.0,3.9
1675855212.221000,45.315198,6.528932,1933.155830,18.0,23.016214,2.0,3.9
1675855213.221000,45.315391,6.529011,1925.549039,13.0,24.591564,2.0,3.9
1675855214.221000,45.315599,6.529062,1915.901225,6.0,25.847853,2.0,3.9
1675855215.220000,45.315810,6.529082,1910.460460,0.0,24.412754,2.0,3.9
1675855216.220000,45.316007,6.529074,1901.248138,357.0,23.242567,2.0,3.9
1675855217.220000,45.316195,6.529046,1895.592970,352.0,22.239651,2.0,3.9
1675855218.220000,45.316380,6.529001,1889.760668,350.0,21.898333,2.0,3.9
1675855219.221000,45.316561,6.528958,1885.177777,353.0,20.689167,2.0,3.9
1675855220.220000,45.316735,6.528958,1885.575587,6.0,19.675358,2.0,3.9
1675855221.223000,45.316905,6.528979,1877.463566,4.0,19.306982,2.0,3.9
1675855222.220000,45.317073,6.528993,1873.721374,4.0,19.381472,2.0,3.9
1675855223.221000,45.317240,6.529028,1873.071611,14.0,19.133265,2.0,3.9
1675855224.220000,45.317400,6.529099,1869.028746,19.0,18.927114,2.0,3.9
1675855225.221000,45.317558,6.529154,1868.485770,8.0,18.348202,2.0,3.9
1675855226.221000,45.317719,6.529175,1864.667107,1.0,18.092272,2.0,3.9
1675855227.220000,45.317877,6.529214,1862.633960,17.0,18.079016,2.0,3.9
1675855228.221000,45.318020,6.529310,1860.343375,30.0,17.694212,2.0,3.9
1675855229.220000,45.318159,6.529378,1855.585384,6.0,16.557096,2.0,3.9
1675855230.220000,45.318270,6.529367,1850.295011,344.0,10.312016,2.0,3.9
1675855250.224000,45.318283,6.529352,1838.835256,-1.0,0.000000,2.9,3.9
1675855250.224000,45.318283,6.529352,1838.835256,0.0,0.000000,21.0,61.0
1675855335.221000,45.318359,6.529451,1831.701911,25.1,4.411662,2.9,4.3
1675855337.221000,45.318520,6.529511,1824.819539,7.0,8.307202,2.8,4.2
1675855338.223000,45.318626,6.529535,1822.556928,9.6,10.216543,3.3,4.1
1675855339.221000,45.318744,6.529610,1817.674848,29.8,14.658460,3.7,3.9
1675855340.223000,45.318865,6.529678,1812.900024,10.2,14.068218,3.8,3.9
1675855341.223000,45.318989,6.529696,1807.482789,5.1,14.093282,3.5,3.9
1675855342.221000,45.319110,6.529734,1797.923403,28.6,15.851288,9.4,3.9
1675855343.221000,45.319219,6.529830,1793.648818,33.9,14.283390,9.0,3.9
1675855344.221000,45.319321,6.529898,1785.609756,7.3,15.055471,7.2,3.9
1675855345.221000,45.319434,6.529938,1784.325201,33.6,14.400806,3.4,3.9
1675855346.221000,45.319521,6.530049,1789.319418,51.5,13.262768,2.1,3.9
1675855347.221000,45.319583,6.530184,1785.932138,58.8,13.417844,2.1,3.9
1675855348.221000,45.319653,6.530304,1782.320486,29.7,12.434901,2.1,3.9
1675855349.221000,45.319745,6.530394,1771.815479,48.5,14.360483,2.4,3.9
1675855350.221000,45.319814,6.530537,1769.507255,64.5,14.614573,2.9,3.9
1675855351.221000,45.319863,6.530707,1763.499031,65.9,15.907883,2.6,3.9
1675855352.221000,45.319898,6.530894,1759.384157,87.0,16.805954,2.4,3.9
1675855353.221000,45.319879,6.531094,1756.189230,103.8,15.793359,3.8,3.9
1675855354.223000,45.319811,6.531247,1751.373857,128.8,14.456292,4.6,3.9
1675855355.221000,45.319734,6.531395,1746.087930,137.8,15.432202,21.0,61.0
1675855356.223000,45.319656,6.531544,1740.780816,142.7,15.432201,21.0,61.0
1675855357.221000,45.319579,6.531692,1735.494889,104.0,15.328834,3.6,3.9
1675855358.221000,45.319535,6.531884,1733.696272,111.0,15.260095,3.5,3.9
1675855359.223000,45.319461,6.532046,1727.192066,131.0,15.039656,9.1,3.9
1675855360.223000,45.319361,6.532182,1723.670983,136.0,15.691788,7.6,3.9
1675855361.223000,45.319270,6.532320,1724.049829,129.0,14.934443,7.0,3.9
1675855362.223000,45.319199,6.532480,1722.824025,117.0,15.356390,3.7,3.9
1675855363.223000,45.319115,6.532618,1721.148063,125.6,14.397818,21.0,61.0
1675855364.221000,45.319031,6.532756,1719.475452,132.9,14.397819,21.0,61.0
1675855365.221000,45.318947,6.532895,1717.799489,131.5,14.397818,21.0,61.0
1675855366.221000,45.318864,6.533032,1716.123527,142.0,14.327302,2.1,3.9
1675855367.223000,45.318752,6.533117,1712.643881,158.0,13.908429,2.2,3.9
1675855368.224000,45.318660,6.533214,1710.439739,127.1,12.747252,3.4,3.9
1675855369.224000,45.318610,6.533368,1713.371673,107.1,13.775549,2.1,3.9
1675855370.224000,45.318557,6.533518,1716.183870,123.9,13.698943,2.0,3.9
1675855371.221000,45.318482,6.533654,1714.678476,127.0,13.655803,2.0,3.9
1675855372.221000,45.318444,6.533796,1712.588879,92.2,12.083054,2.0,3.9
1675855373.223000,45.318456,6.533930,1704.010539,75.1,10.131746,2.1,3.9
1675855375.223000,45.318499,6.534122,1695.697768,69.0,7.668954,2.0,5.9
1675855378.221000,45.318552,6.534265,1676.143263,72.0,6.428910,2.7,8.2
1675855383.223000,45.318594,6.534395,1670.727280,66.0,5.438511,2.2,3.9
1675855388.790000,45.318632,6.534514,1683.367166,53.5,3.642579,2.1,4.6
1675855403.221000,45.318689,6.534705,1678.488506,46.7,7.579583,2.1,5.1
1675855405.221000,45.318777,6.534793,1671.436724,18.4,5.749833,2.1,5.3
1675855408.221000,45.318891,6.534909,1668.401986,56.9,7.141269,2.1,5.3
1675855410.221000,45.318981,6.534972,1663.898420,11.3,5.612858,2.1,5.5
1675855412.792000,45.319054,6.535066,1664.877658,76.0,3.675817,2.2,5.4
1675855415.660000,45.319103,6.535188,1662.785933,48.1,3.407227,2.2,6.4
1675855431.267000,45.319187,6.535140,1665.939803,39.5,0.999634,2.1,4.8
1675855629.223000,45.319276,6.535088,1692.187912,326.1,0.632864,2.0,4.9
1675855677.946000,45.319363,6.535121,1715.160623,-1.0,0.012723,2.3,3.8
1675855705.142000,45.319381,6.535274,1716.079479,87.7,3.643099,2.2,4.7
1675855706.749000,45.319386,6.535437,1715.855517,92.6,4.350154,2.1,5.6
1675855709.044000,45.319389,6.535602,1714.538062,92.3,4.532771,2.3,6.5
1675855711.842000,45.319392,6.535767,1718.220133,90.3,4.462886,2.3,6.8
1675855714.092000,45.319394,6.535905,1723.119231,89.5,4.330351,2.3,7.0
1675855716.963000,45.319401,6.536070,1723.764575,88.6,4.367015,2.6,6.9
1675855720.224000,45.319406,6.536240,1726.638174,89.2,4.479447,2.8,6.8
1675855723.045000,45.319406,6.536394,1735.077507,90.0,4.523724,2.4,10.3
1675855725.913000,45.319409,6.536551,1741.776811,90.9,4.582751,2.3,15.3
1675855728.782000,45.319416,6.536705,1747.702909,92.5,4.497141,2.4,16.6
1675855732.224000,45.319419,6.536886,1748.540576,92.0,4.543439,2.9,12.9
1675855735.224000,45.319419,6.537057,1754.067378,91.0,4.495847,2.4,9.9
1675855738.224000,45.319419,6.537230,1757.599976,91.0,4.440691,2.5,9.9
1675855741.223000,45.319420,6.537397,1757.300049,92.0,4.546170,3.2,9.9
1675855744.223000,45.319420,6.537562,1760.973699,92.0,4.752234,2.5,9.9
1675855747.224000,45.319420,6.537726,1765.868497,93.0,4.582500,2.6,9.9
1675855750.224000,45.319422,6.537856,1764.671020,93.0,3.670834,6.9,9.9
1675855753.224000,45.319422,6.537989,1770.577967,93.0,3.787125,2.8,9.9
1675855756.223000,45.319423,6.538128,1779.916568,92.0,3.371539,2.6,9.9
1675855759.224000,45.319422,6.538258,1779.561305,92.9,3.785524,2.8,9.9
1675855762.223000,45.319419,6.538399,1781.945564,94.0,3.971490,3.1,9.9
1675855765.223000,45.319418,6.538532,1783.318778,94.2,3.983287,9.5,9.9
1675855768.224000,45.319418,6.538671,1792.634679,94.0,3.574742,2.8,9.9
1675855771.223000,45.319418,6.538809,1796.863015,92.0,3.910800,2.8,9.9
1675855774.224000,45.319418,6.538939,1802.167359,91.1,3.825705,2.9,9.9
1675855777.224000,45.319418,6.539073,1806.990237,91.9,3.737385,2.9,9.9
1675855780.224000,45.319420,6.539212,1822.558926,92.0,4.580415,2.9,9.9
1675855783.223000,45.319421,6.539362,1819.229449,91.9,4.463735,3.0,9.9
1675855786.223000,45.319419,6.539517,1826.222920,90.0,4.460434,3.0,9.9
1675855789.224000,45.319416,6.539683,1833.302790,90.1,4.866649,3.0,9.9
1675855792.224000,45.319416,6.539811,1840.820034,91.1,4.385393,2.1,9.9
1675855795.224000,45.319415,6.539963,1843.274667,91.1,4.411798,8.5,9.9
1675855798.223000,45.319415,6.540149,1848.471274,90.0,4.450798,4.7,9.9
1675855801.224000,45.319416,6.540298,1853.935835,90.0,4.547808,3.4,9.9
1675855803.224000,45.319414,6.540426,1859.384841,90.0,4.801633,2.2,9.9
1675855806.223000,45.319414,6.540572,1865.653474,90.0,4.741494,2.2,9.9
1675855808.223000,45.319414,6.540709,1868.536878,89.0,4.682931,2.2,9.9
1675855811.224000,45.319415,6.540845,1870.674881,88.0,4.610013,2.3,9.9
1675855813.224000,45.319417,6.540973,1876.268102,89.0,4.497230,2.2,9.9
1675855816.223000,45.319416,6.541105,1880.630849,90.0,4.450139,2.2,9.9
1675855819.223000,45.319414,6.541264,1888.361435,89.0,4.271394,2.2,9.9
1675855822.223000,45.319413,6.541411,1893.589559,90.0,4.321273,2.3,9.9
1675855825.223000,45.319408,6.541580,1897.939402,90.0,4.632635,8.0,9.9
1675855828.223000,45.319404,6.541772,1900.800049,91.0,5.042631,10.8,9.9
1675855831.224000,45.319401,6.541928,1903.908763,91.0,5.018757,10.0,9.9
1675855834.224000,45.319398,6.542100,1906.343650,92.0,4.826833,17.0,9.9
1675855837.224000,45.319394,6.542272,1910.571397,91.0,4.532639,11.0,9.9
1675855840.224000,45.319392,6.542442,1913.784198,92.0,4.460930,17.1,9.9
1675855843.223000,45.319385,6.542597,1918.743754,92.0,4.234847,14.4,9.9
1675855846.224000,45.319377,6.542748,1923.096656,93.0,4.325314,13.2,9.9
1675855849.223000,45.319370,6.542911,1928.669613,92.0,4.542274,11.7,9.9
1675855852.223000,45.319370,6.543068,1932.712051,90.0,4.327291,14.3,9.9
1675855855.224000,45.319374,6.543259,1978.637075,90.0,6.463602,5.9,9.9
1675855858.223000,45.319379,6.543398,1947.372419,89.1,8.262550,4.5,9.9
1675855860.224000,45.319383,6.543533,1951.927337,90.0,8.472155,3.5,9.9
1675855863.224000,45.319382,6.543671,1953.184432,90.0,8.244844,15.0,9.9
1675855865.223000,45.319386,6.543813,1953.983720,89.0,5.518248,9.6,9.9
1675855868.224000,45.319386,6.543951,1958.681805,91.0,4.473922,16.1,9.9
1675855871.223000,45.319383,6.544104,1962.868855,91.0,4.406623,16.5,9.9
1675855874.223000,45.319383,6.544260,1964.922954,90.0,4.274974,6.3,9.9
1675855877.224000,45.319383,6.544416,1973.464109,90.0,4.419035,7.9,9.9
1675855880.224000,45.319379,6.544564,1979.598787,91.0,4.178296,11.6,9.9
1675855883.224000,45.319376,6.544716,1987.931148,90.1,4.683033,3.0,9.9
1675855886.223000,45.319378,6.544881,1989.544050,91.0,4.637928,8.7,9.9
1675855889.223000,45.319379,6.545044,1994.788030,90.0,4.559562,16.6,9.9
1675855891.224000,45.319380,6.545194,1998.502274,90.0,4.913299,13.5,9.9
1675855894.223000,45.319383,6.545332,2000.692201,91.0,4.712759,13.0,9.9
1675855896.223000,45.319384,6.545470,2002.716139,91.0,4.566026,14.8,9.9
1675855899.224000,45.319387,6.545606,2003.963439,91.0,4.257384,9.1,9.9
1675855901.224000,45.319387,6.545745,2006.145853,92.0,4.547928,7.7,9.9
1675855904.223000,45.319387,6.545882,2007.210012,91.0,4.279035,10.3,9.9
1675855906.224000,45.319385,6.546016,1981.568371,91.0,5.625056,2.9,9.9
1675855909.224000,45.319382,6.546162,2012.886006,92.0,7.529303,9.7,9.9
1675855912.224000,45.319379,6.546332,2017.508312,92.0,7.605253,8.5,9.9
1675855915.223000,45.319379,6.546479,2012.967794,92.0,7.885242,3.2,9.9
1675855918.223000,45.319375,6.546628,2027.244425,93.0,6.072368,8.6,9.9
1675855921.223000,45.319366,6.546822,2030.844688,93.0,4.977988,6.4,9.9
1675855924.223000,45.319359,6.546976,2031.526855,93.0,4.672646,7.1,9.9
1675855926.223000,45.319359,6.547121,2034.665846,92.0,4.993359,7.4,9.9
1675855929.224000,45.319367,6.547271,2037.018493,91.0,4.486260,6.3,9.9
1675855931.223000,45.319370,6.547403,2039.775331,92.0,4.567548,16.9,9.9
1675855934.224000,45.319369,6.547555,2043.697744,92.0,4.245447,8.2,9.9
1675855937.223000,45.319367,6.547718,2045.988636,91.0,4.501612,11.1,10.0
1675855940.224000,45.319366,6.547890,2048.520035,92.0,4.386008,13.6,10.0
1675855943.223000,45.319364,6.548058,2052.266290,92.0,4.560390,15.5,9.9
1675855946.224000,45.319362,6.548227,2051.939764,92.0,4.484179,6.4,9.9
1675855949.224000,45.319360,6.548389,2050.061583,91.0,4.590110,2.6,9.9
1675855951.224000,45.319362,6.548524,2054.366098,91.0,4.657310,9.2,9.9
1675855954.224000,45.319362,6.548675,2052.450086,91.0,4.419971,2.8,9.9
1675855957.224000,45.319359,6.548842,2043.184507,91.0,4.841468,2.3,9.9
1675855960.224000,45.319353,6.549008,2035.210730,92.0,4.877881,13.7,9.9
1675855963.224000,45.319350,6.549179,2055.919359,92.0,5.685221,2.7,9.9
1675855966.224000,45.319350,6.549347,2060.852067,91.0,5.550183,2.7,9.9
1675855969.224000,45.319355,6.549515,2069.696590,90.0,5.691090,9.3,9.9
1675855972.224000,45.319363,6.549678,2063.091317,90.0,5.343207,2.6,9.9
1675855975.224000,45.319368,6.549838,2075.786032,90.0,5.403082,9.5,9.9
1675855978.224000,45.319371,6.550018,2076.109235,90.0,4.910093,6.7,9.9
1675855981.224000,45.319373,6.550168,2076.914356,89.9,4.337931,8.8,9.9
1675855987.224000,45.319384,6.550312,2077.379080,75.0,3.308797,9.6,9.9
1675855991.224000,45.319416,6.550472,2076.703230,83.6,3.246928,6.1,9.9
1675856011.224000,45.319405,6.550592,2072.768151,93.1,0.000000,2.9,3.9
1675856011.224000,45.319405,6.550592,2072.768151,0.0,0.000000,21.0,61.0
1675856013.224000,45.319406,6.550606,2073.153160,93.2,0.473580,3.6,3.9
1675856102.667000,45.319492,6.550505,2080.289508,322.2,2.610280,9.4,13.2
1675856105.994000,45.319556,6.550393,2077.300094,304.0,3.045064,5.2,10.5
1675856109.897000,45.319625,6.550253,2075.812602,303.0,3.429040,4.6,6.8
1675856112.766000,45.319654,6.550106,2074.525676,287.5,3.953545,5.4,6.7
1675856115.224000,45.319700,6.549966,2073.875159,290.0,5.190726,4.5,6.2
1675856117.226000,45.319730,6.549813,2072.157781,286.5,5.748205,2.8,5.0
1675856119.224000,45.319764,6.549639,2071.195222,314.2,6.399417,4.6,4.4
1675856121.224000,45.319850,6.549484,2068.472363,338.8,7.091033,2.8,3.9
1675856123.224000,45.319958,6.549378,2063.929270,341.0,7.640838,6.4,3.9
1675856125.224000,45.320095,6.549257,2060.934845,337.7,9.159204,7.4,3.9
1675856126.224000,45.320171,6.549158,2055.743123,315.1,12.153452,3.3,3.9
1675856127.224000,45.320244,6.549028,2051.801518,304.1,13.344486,3.3,3.9
1675856128.226000,45.320310,6.548875,2052.142106,301.0,14.484179,4.6,3.9
1675856129.224000,45.320376,6.548704,2047.550552,296.1,16.402903,5.9,3.9
1675856130.224000,45.320442,6.548513,2043.107382,297.0,16.860540,6.4,3.9
1675856131.224000,45.320519,6.548324,2040.899903,303.0,17.215546,7.0,3.9
1675856132.224000,45.320611,6.548152,2040.627426,309.0,17.005859,5.8,3.9
1675856133.224000,45.320700,6.547983,2034.499476,304.0,16.643019,5.7,3.9
1675856134.224000,45.320769,6.547801,2033.599385,292.0,16.116196,12.8,3.9
1675856135.224000,45.320811,6.547607,2030.832013,282.0,16.137407,9.3,3.9
1675856136.224000,45.320850,6.547420,2028.374385,290.0,15.253963,12.7,3.9
1675856137.224000,45.320915,6.547269,2025.214108,310.9,13.552829,9.6,3.9
1675856138.224000,45.321006,6.547145,2021.971346,317.0,14.788072,9.5,3.9
1675856139.224000,45.321100,6.547015,2017.924548,315.1,14.826466,10.7,3.9
1675856140.224000,45.321173,6.546865,2012.599887,295.0,15.180627,7.1,3.9
1675856141.226000,45.321212,6.546687,2004.945694,281.0,15.613597,4.2,3.9
1675856142.226000,45.321237,6.546497,1999.205219,280.0,17.018148,2.6,3.9
1675856143.226000,45.321284,6.546292,1988.556828,292.0,19.410030,3.3,3.9
1675856144.224000,45.321335,6.546068,1979.687936,282.0,20.824184,3.4,3.9
1675856145.224000,45.321375,6.545827,1972.867009,285.0,21.586409,3.5,3.9
1675856146.226000,45.321443,6.545586,1965.662109,297.0,22.501099,2.6,3.9
1675856147.226000,45.321536,6.545354,1958.204863,301.0,22.451313,2.8,3.9
1675856148.224000,45.321632,6.545117,1953.628373,299.0,22.723083,3.5,3.9
1675856149.224000,45.321709,6.544860,1945.752936,288.0,23.153622,13.0,3.9
1675856150.224000,45.321773,6.544598,1941.399700,291.0,22.196075,10.2,3.9
1675856151.224000,45.321834,6.544337,1935.278720,284.0,22.444420,9.5,3.9
1675856152.224000,45.321876,6.544067,1931.144071,281.0,22.232372,13.2,3.9
1675856153.224000,45.321931,6.543803,1926.992412,291.0,22.141712,14.1,3.9
1675856154.224000,45.322008,6.543546,1917.666082,294.0,22.679585,12.9,3.9
1675856155.224000,45.322062,6.543281,1910.851272,279.0,22.830992,8.1,3.9
1675856156.224000,45.322088,6.543012,1908.306641,277.0,21.599258,8.1,3.9
1675856157.224000,45.322118,6.542756,1906.633835,280.0,20.792746,8.1,3.9
1675856158.224000,45.322173,6.542513,1904.055371,293.0,20.060879,9.6,3.9
1675856159.224000,45.322260,6.542289,1901.494339,303.0,20.136257,13.8,3.9
1675856160.224000,45.322334,6.542062,1895.168913,286.0,19.488592,13.7,3.9
1675856161.224000,45.322368,6.541820,1884.489305,278.0,19.838074,4.2,3.9
1675856162.224000,45.322397,6.541579,1880.395264,281.0,19.651499,4.9,3.9
1675856163.224000,45.322452,6.541355,1875.656637,295.0,19.869322,2.7,3.9
1675856164.224000,45.322542,6.541155,1871.769199,307.0,19.584154,6.2,3.9
1675856165.224000,45.322650,6.540969,1865.565735,311.0,19.987617,5.1,3.9
1675856166.224000,45.322744,6.540767,1858.111895,296.1,19.337545,2.6,3.9
1675856167.224000,45.322778,6.540572,1850.454441,273.2,15.079936,2.5,3.9
1675856168.224000,45.322790,6.540394,1846.501669,278.0,15.915773,5.3,3.9
1675856169.224000,45.322836,6.540224,1843.651288,299.0,15.490650,2.5,3.9
1675856170.224000,45.322909,6.540079,1842.153756,308.0,14.279027,2.4,3.9
1675856171.224000,45.322965,6.539936,1838.811302,286.0,12.688309,2.5,3.9
1675856173.224000,45.322972,6.539748,1830.890072,252.1,5.893122,5.3,3.9
1675856175.226000,45.322978,6.539550,1827.009839,276.0,8.865583,4.5,3.9
1675856177.224000,45.323012,6.539320,1822.822570,281.0,9.502501,4.8,3.9
1675856179.224000,45.323024,6.539092,1818.673905,276.0,8.491976,3.4,3.9
1675856181.224000,45.323063,6.538904,1814.660342,290.0,7.856572,5.6,3.9
1675856183.224000,45.323118,6.538714,1811.315125,284.0,8.635826,5.5,3.9
1675856185.224000,45.323153,6.538531,1810.234887,290.0,6.785175,6.0,3.9
1675856187.224000,45.323211,6.538411,1812.044847,319.1,5.709405,2.9,3.9
1675856190.226000,45.323321,6.538340,1813.426831,306.0,4.115054,6.9,3.9
1675856209.973000,45.323388,6.538306,1818.402025,95.9,0.000000,2.7,5.8
1675856209.973000,45.323388,6.538306,1818.402025,0.0,0.000000,21.0,61.0
1675856214.026000,45.323412,6.538317,1815.515781,27.3,0.711016,3.8,6.8
1675856222.380000,45.323482,6.538414,1821.000000,34.5,1.921647,1.2,7.9
1675856226.305000,45.323571,6.538455,1821.000000,11.7,2.471239,1.1,6.7
1675856230.321000,45.323659,6.538386,1821.000000,312.0,2.879651,1.3,6.8
1675856233.764000,45.323652,6.538254,1821.000000,259.8,1.706379,1.3,6.9
1675856572.989000,45.323737,6.538318,1820.800049,27.2,2.193920,0.9,6.6
1675856576.888000,45.323820,6.538379,1820.800049,20.2,2.200206,1.0,6.7
1675856580.905000,45.323905,6.538433,1820.800049,23.9,2.364268,1.0,6.8
1675856584.808000,45.323997,6.538509,1820.800049,29.8,2.538201,1.1,7.0
1675858537.564000,45.324419,6.538139,1822.400024,308.6,1.978198,1.1,7.6
1675858540.354000,45.324495,6.538061,1822.400024,314.3,2.937149,1.1,7.2
1675858543.136000,45.324577,6.537952,1822.400024,309.2,3.545755,1.1,8.8
1675858545.888000,45.324630,6.537842,1822.400024,303.9,3.284957,1.1,9.5
1675858549.907000,45.324694,6.537744,1822.400024,310.3,3.036915,1.3,7.1
1675858552.231000,45.324741,6.537626,1821.000000,299.4,5.218608,1.3,6.3
1675858554.231000,45.324786,6.537430,1817.627826,286.6,7.591878,1.2,5.2
1675858556.231000,45.324790,6.537193,1814.426939,270.4,8.846747,1.3,3.9
1675858557.230000,45.324781,6.537066,1812.900299,267.1,9.506190,1.4,3.9
1675858558.231000,45.324764,6.536932,1811.262810,263.5,10.048619,1.3,3.9
1675858559.230000,45.324734,6.536799,1810.196497,255.7,10.401871,1.4,3.9
1675858560.231000,45.324684,6.536678,1809.258879,244.5,10.493745,1.4,3.9
1675858561.230000,45.324613,6.536574,1807.640647,233.1,10.706810,1.3,3.9
1675858562.230000,45.324529,6.536486,1806.087075,223.0,11.035348,1.4,3.9
1675858563.230000,45.324436,6.536409,1803.923973,216.5,11.441751,1.4,3.9
1675858564.230000,45.324337,6.536339,1801.567977,212.6,11.899649,1.4,3.9
1675858565.230000,45.324235,6.536275,1799.568209,208.7,12.180968,1.4,3.9
1675858566.231000,45.324133,6.536212,1798.517875,209.2,12.274057,1.4,3.9
1675858567.232000,45.324029,6.536162,1796.311632,202.9,12.263847,1.4,3.9
1675858568.230000,45.323921,6.536121,1793.747278,198.3,12.328545,1.5,3.9
1675858569.230000,45.323816,6.536077,1792.452875,206.0,11.988048,1.5,3.9
1675858570.230000,45.323722,6.536022,1791.162640,210.7,11.477478,1.5,3.9
1675858571.230000,45.323630,6.535966,1790.636997,207.8,11.052713,1.4,3.9
1675858572.231000,45.323538,6.535928,1789.524665,200.4,10.720903,1.4,3.9
1675858573.231000,45.323444,6.535913,1788.947818,191.9,10.431612,1.4,3.9
1675858574.230000,45.323348,6.535907,1787.986912,186.0,10.532742,1.4,3.9
1675858575.231000,45.323248,6.535900,1786.552011,186.0,10.923297,1.4,3.9
1675858576.231000,45.323148,6.535889,1784.567071,184.7,11.146529,1.4,3.9
1675858577.232000,45.323046,6.535874,1782.796516,184.9,11.343832,1.5,3.9
1675858578.232000,45.322945,6.535854,1781.260632,187.0,11.398054,1.5,3.9
1675858579.230000,45.322846,6.535829,1779.775646,187.0,11.310403,1.5,3.9
1675858580.230000,45.322750,6.535807,1778.252807,185.6,11.139718,1.5,3.9
1675858581.230000,45.322653,6.535790,1777.549282,182.4,11.038181,1.6,3.9
1675858582.230000,45.322557,6.535774,1775.539746,185.7,10.995446,1.6,3.9
1675858583.230000,45.322461,6.535761,1774.515287,180.9,10.907634,1.5,3.9
1675858584.230000,45.322364,6.535758,1772.277195,177.4,10.792691,1.6,3.9
1675858585.230000,45.322268,6.535761,1770.998551,174.3,10.812951,1.5,3.9
1675858586.230000,45.322172,6.535775,1770.371787,171.9,10.714201,1.6,4.9
1675858587.230000,45.322078,6.535793,1769.086601,169.9,10.589876,1.6,6.3
1675858588.230000,45.321987,6.535814,1768.123035,168.6,10.216574,1.7,7.5
1675858589.230000,45.321897,6.535833,1767.121865,172.7,10.154140,1.7,7.9
1675858590.231000,45.321804,6.535851,1766.495387,169.2,10.435356,1.7,9.9
1675858591.231000,45.321707,6.535876,1764.170210,167.5,10.916496,1.7,9.9
1675858592.231000,45.321608,6.535905,1762.573465,167.8,11.159306,1.7,9.9
1675858593.230000,45.321508,6.535937,1761.889995,166.4,11.337437,1.7,9.9
1675858594.231000,45.321407,6.535972,1759.405756,165.4,11.587456,1.7,9.9
1675858595.230000,45.321305,6.536013,1758.219894,162.3,11.725331,1.7,9.9
1675858596.231000,45.321200,6.536054,1756.804605,167.1,11.819220,1.7,9.9
1675858597.232000,45.321094,6.536073,1754.596759,186.6,11.710792,1.7,9.9
1675858598.230000,45.320991,6.536052,1753.588683,202.5,11.644105,1.8,9.9
1675858599.231000,45.320892,6.536012,1753.132997,206.3,11.547320,1.8,9.9
1675858600.230000,45.320794,6.535977,1752.342477,202.7,11.128001,1.8,10.0
1675858601.230000,45.320696,6.535949,1749.474305,196.9,10.958003,1.8,10.1
1675858603.230000,45.320531,6.535909,1747.652053,191.6,9.376028,1.8,10.6
1675858605.230000,45.320388,6.535885,1747.218751,179.1,7.977197,1.7,10.9
1675858607.230000,45.320265,6.535930,1746.092221,150.2,7.204675,1.8,10.6
1675858609.230000,45.320163,6.536020,1745.402215,144.0,6.639241,1.8,10.2
1675858611.231000,45.320064,6.536103,1744.866851,146.9,6.392080,1.9,9.9
1675858613.232000,45.319965,6.536173,1743.949537,146.0,6.091246,1.9,9.9
1675858615.232000,45.319864,6.536236,1743.210281,153.0,5.925603,1.9,9.9
1675858617.231000,45.319772,6.536289,1742.943409,157.9,5.309491,1.0,9.9
1675858619.231000,45.319687,6.536334,1742.811903,150.1,5.120334,1.0,9.9
1675858621.231000,45.319603,6.536393,1742.187224,161.8,5.356270,1.1,9.9
1675858623.231000,45.319509,6.536423,1741.308146,175.0,5.200637,1.1,9.9
1675858625.231000,45.319418,6.536433,1741.119787,178.0,5.065505,1.1,9.9
1675858628.232000,45.319297,6.536435,1740.431791,181.0,4.583636,1.0,9.9
1675858631.232000,45.319173,6.536427,1739.291870,185.0,4.487530,1.1,9.9
1675858634.232000,45.319042,6.536418,1738.548901,179.0,4.485158,1.0,10.1
1675858637.232000,45.318926,6.536402,1737.963088,192.0,3.970037,1.0,9.9
1675858640.231000,45.318828,6.536365,1737.630615,206.8,4.082862,1.0,9.9
1675858642.993000,45.318733,6.536290,1736.815434,212.2,5.114932,1.0,10.8
1675858645.231000,45.318660,6.536113,1733.319997,259.6,6.791358,1.0,10.7
1675858647.231000,45.318656,6.535916,1731.343229,284.7,7.366216,1.0,10.7
1675858649.232000,45.318702,6.535735,1730.103415,307.6,6.662015,1.0,9.9
1675858651.231000,45.318768,6.535623,1729.696487,317.1,4.742588,1.0,9.9
1675858655.232000,45.318805,6.535482,1729.966353,301.7,2.372010,1.1,9.9
1675858674.932000,45.318832,6.535447,1729.802947,-1.0,0.000000,1.1,6.1
1675858674.932000,45.318832,6.535447,1729.802947,0.0,0.000000,21.0,61.0
1675858731.052000,45.318861,6.535374,1729.586752,265.5,1.824705,1.2,8.5
1675858734.231000,45.319001,6.535303,1727.858481,316.5,5.282715,1.2,7.7
1675858736.232000,45.319091,6.535210,1727.012497,317.5,5.228821,1.0,5.2
1675858740.080000,45.319178,6.535118,1726.657229,311.6,2.464830,1.1,5.7
1675858759.937000,45.319218,6.535121,1726.421787,-1.0,0.000000,1.1,5.1
1675858759.937000,45.319218,6.535121,1726.421787,0.0,0.000000,21.0,61.0
1675858971.231000,45.319266,6.535141,1726.175972,14.0,0.270870,1.3,3.9
1675859089.035000,45.319356,6.535162,1725.775081,346.3,0.244580,1.3,7.0
1675859110.611000,45.319401,6.535274,1726.212401,84.1,2.740356,1.2,11.1
1675859112.905000,45.319400,6.535412,1725.131333,92.5,3.058640,1.1,15.3
1675859115.776000,45.319408,6.535587,1727.703750,88.2,3.413475,1.4,17.4
1675859119.219000,45.319401,6.535754,1731.086646,91.3,3.434251,1.5,17.1
1675859121.479000,45.319392,6.535911,1732.419697,92.4,3.497972,1.3,16.7
1675859124.956000,45.319389,6.536062,1737.309744,92.6,3.530126,1.5,16.7
1675859128.231000,45.319388,6.536199,1741.009203,91.9,3.596197,1.7,16.5
1675859132.187000,45.319388,6.536364,1746.096041,91.9,3.522369,1.6,16.8
1675859135.231000,45.319386,6.536499,1750.405771,92.0,3.534256,1.6,15.7
1675859138.231000,45.319386,6.536636,1754.633611,92.0,3.528188,1.4,12.3
1675859142.231000,45.319385,6.536806,1760.461006,92.1,3.817910,1.4,12.0
1675859145.232000,45.319385,6.536950,1761.461932,92.1,3.950984,1.5,12.3
1675859148.232000,45.319386,6.537087,1763.223555,92.1,3.792063,1.7,9.9
1675859153.231000,45.319387,6.537218,1765.952517,91.4,1.273929,1.7,9.9
1675859161.232000,45.319389,6.537352,1767.910515,93.2,1.419697,2.1,9.9
1675859168.232000,45.319389,6.537484,1770.605698,92.9,1.415246,2.0,9.9
1675859175.232000,45.319386,6.537613,1773.244495,96.8,1.423948,1.1,9.9
1675859182.232000,45.319385,6.537744,1776.115220,96.0,1.488023,1.2,9.9
1675859190.232000,45.319385,6.537879,1779.523559,92.8,1.345185,1.7,9.9
1675859197.232000,45.319388,6.538006,1782.667464,93.9,1.395627,1.1,9.9
1675859205.232000,45.319387,6.538136,1787.108860,94.0,1.384956,1.3,9.9
1675859213.232000,45.319386,6.538275,1790.827313,94.0,1.469120,1.1,9.9
1675859221.233000,45.319388,6.538407,1794.798358,94.0,1.419234,1.4,9.9
1675859229.232000,45.319385,6.538545,1799.425327,93.0,1.448398,1.4,9.9
1675859237.232000,45.319383,6.538683,1803.870220,94.0,1.419774,1.5,9.9
1675859245.232000,45.319378,6.538811,1808.548402,94.0,1.394872,1.7,9.9
1675859253.232000,45.319376,6.538943,1813.508556,94.0,1.416937,1.6,9.9
1675859261.232000,45.319375,6.539078,1818.338930,94.0,1.418077,1.5,9.9
1675859269.232000,45.319375,6.539208,1823.524205,94.0,1.392312,1.2,9.9
1675859277.232000,45.319378,6.539336,1829.783343,94.0,1.415383,1.6,9.9
1675859285.232000,45.319375,6.539467,1835.243547,95.0,1.439353,1.3,9.9
1675859294.232000,45.319376,6.539608,1842.242926,94.0,1.426982,1.5,9.9
1675859303.232000,45.319379,6.539748,1849.814217,94.0,1.443347,1.7,9.9
1675859312.232000,45.319373,6.539892,1857.005467,94.0,1.403967,1.8,9.9
1675859320.232000,45.319376,6.540024,1862.664716,94.0,1.510306,1.5,9.9
1675859327.232000,45.319375,6.540158,1865.140327,93.0,2.004005,1.6,9.9
1675859332.232000,45.319374,6.540324,1867.865181,93.0,3.176844,2.0,9.9
1675859336.232000,45.319375,6.540480,1871.647726,92.0,3.631915,2.1,9.9
1675859339.232000,45.319374,6.540628,1875.404886,92.0,3.296932,2.0,9.9
1675859343.232000,45.319371,6.540794,1880.356133,91.0,3.566166,2.0,9.9
1675859346.232000,45.319369,6.540925,1884.400973,91.0,3.386806,2.1,9.9
1675859350.232000,45.319369,6.541094,1890.057974,91.0,3.732962,1.9,9.9
1675859354.232000,45.319370,6.541256,1895.843203,90.0,3.633784,2.3,9.9
1675859357.232000,45.319370,6.541387,1900.294639,91.0,3.472492,1.9,9.9
1675859361.232000,45.319370,6.541555,1906.334153,91.0,4.023719,2.0,9.9
1675859364.233000,45.319368,6.541698,1908.374911,91.0,3.885226,1.6,10.1
1675859367.232000,45.319368,6.541834,1911.180185,91.0,3.998645,1.6,10.3
1675859370.232000,45.319368,6.541980,1913.709545,91.0,3.655565,1.7,10.3
1675859373.233000,45.319368,6.542113,1917.377576,91.0,3.860404,1.7,9.9
1675859376.232000,45.319367,6.542250,1920.316518,91.0,3.509547,1.7,9.9
1675859379.232000,45.319365,6.542388,1923.578007,91.0,3.463217,1.5,9.9
1675859382.232000,45.319364,6.542518,1927.243804,91.0,3.519234,1.8,9.9
1675859385.232000,45.319364,6.542649,1930.826139,91.0,3.527318,1.8,9.9
1675859388.232000,45.319366,6.542777,1934.107593,91.0,3.480747,1.5,9.9
1675859391.232000,45.319369,6.542926,1938.801486,91.0,3.890378,1.6,9.9
1675859395.232000,45.319369,6.543077,1944.539249,91.0,3.675852,2.0,9.9
1675859398.232000,45.319369,6.543208,1948.499131,91.0,3.738382,1.8,9.9
1675859401.232000,45.319369,6.543345,1953.435672,91.0,3.600728,1.9,9.9
1675859405.232000,45.319368,6.543498,1959.037529,91.0,4.067830,2.0,9.9
1675859408.232000,45.319367,6.543642,1962.619277,91.0,3.885913,2.1,9.9
1675859411.232000,45.319364,6.543786,1966.061437,91.0,3.719918,1.9,9.9
1675859415.232000,45.319361,6.543946,1969.568254,91.0,3.645372,1.8,9.9
1675859418.232000,45.319360,6.544077,1973.103050,91.0,3.584392,1.4,9.9
1675859421.232000,45.319359,6.544208,1976.861610,91.0,3.635045,1.6,9.9
1675859424.232000,45.319357,6.544339,1981.692450,91.0,3.696179,2.0,9.9
1675859427.232000,45.319356,6.544469,1984.825281,91.0,3.554504,1.5,9.9
1675859430.232000,45.319355,6.544600,1988.598512,91.0,3.408915,1.8,9.9
1675859433.232000,45.319357,6.544730,1993.566524,91.0,3.561449,1.8,9.9
1675859436.232000,45.319358,6.544865,1998.660958,91.0,3.674158,1.9,9.9
1675859440.232000,45.319360,6.545045,2004.637205,91.0,3.530390,1.7,9.9
1675859444.232000,45.319360,6.545208,2008.907856,91.0,3.634461,2.1,9.9
1675859447.232000,45.319359,6.545361,2010.854329,91.0,3.620114,1.6,9.9
1675859450.232000,45.319357,6.545493,2013.794736,91.9,3.613712,1.5,9.9
1675859453.232000,45.319356,6.545624,2016.301159,92.9,3.631820,2.0,9.9
1675859456.232000,45.319351,6.545758,2019.105480,94.0,3.688997,1.5,9.9
1675859459.232000,45.319350,6.545890,2022.553731,93.0,3.620953,1.9,9.9
1675859462.232000,45.319351,6.546023,2025.399358,92.1,3.707864,1.8,9.9
1675859465.232000,45.319354,6.546155,2028.916586,90.0,3.596360,2.0,9.9
1675859468.232000,45.319354,6.546288,2031.856220,90.0,3.596540,2.0,9.9
1675859471.232000,45.319353,6.546421,2035.078527,89.0,3.437106,2.1,9.9
1675859474.232000,45.319353,6.546554,2038.996884,90.0,3.493317,1.8,9.9
1675859477.232000,45.319352,6.546705,2042.382634,90.0,3.933139,1.6,9.9
1675859481.232000,45.319352,6.546873,2044.439529,90.0,3.630358,2.1,9.9
1675859484.232000,45.319354,6.547016,2045.708774,90.0,3.804564,1.8,9.9
1675859487.232000,45.319354,6.547171,2047.312006,91.0,3.706342,1.9,9.9
1675859491.232000,45.319352,6.547336,2049.464444,91.0,3.645167,1.5,9.9
1675859494.232000,45.319352,6.547479,2052.123685,91.0,3.618712,1.8,9.9
1675859497.232000,45.319350,6.547620,2054.359011,91.0,3.603846,2.0,9.9
1675859500.232000,45.319349,6.547749,2055.192729,91.0,3.631620,1.8,9.9
1675859503.233000,45.319348,6.547888,2058.240580,91.0,3.634048,1.6,9.9
1675859507.232000,45.319346,6.548077,2061.941420,91.0,3.655828,1.9,9.9
1675859511.232000,45.319342,6.548232,2065.685490,92.0,3.650203,1.9,9.9
1675859514.232000,45.319340,6.548381,2067.599751,92.0,3.752916,1.9,9.9
1675859517.232000,45.319339,6.548534,2068.768421,92.0,3.670947,2.0,9.9
1675859521.232000,45.319339,6.548702,2071.376530,92.0,3.649978,1.9,9.9
1675859524.232000,45.319340,6.548838,2072.912882,92.0,3.620948,2.0,9.9
1675859527.232000,45.319340,6.548970,2074.397758,91.0,3.605434,2.0,9.9
1675859530.232000,45.319339,6.549105,2076.339799,92.0,3.616075,2.2,9.9
1675859533.232000,45.319338,6.549238,2078.277146,92.0,3.605876,2.0,9.9
1675859536.232000,45.319340,6.549373,2081.599418,93.0,3.622310,2.3,9.9
1675859539.232000,45.319341,6.549505,2083.403239,93.0,3.636848,2.2,9.9
1675859542.232000,45.319340,6.549646,2086.542981,92.0,3.619853,1.9,9.9
1675859545.232000,45.319341,6.549782,2088.044881,92.0,3.584199,1.9,9.9
1675859548.232000,45.319340,6.549923,2090.820602,92.0,3.617039,2.1,9.9
1675859551.232000,45.319340,6.550063,2090.845126,91.0,3.655756,2.4,9.9
1675859554.232000,45.319343,6.550191,2091.251725,90.0,3.007700,2.5,9.9
1675859561.232000,45.319363,6.550332,2091.187735,63.7,3.044099,2.3,9.9
1675859566.232000,45.319464,6.550375,2090.411024,345.0,2.231290,2.6,9.9
1675859571.058000,45.319566,6.550300,2089.396622,330.0,2.751404,2.3,10.8
1675859573.927000,45.319644,6.550227,2088.642516,330.3,3.177092,2.0,7.9
1675859577.944000,45.319741,6.550202,2088.986603,344.9,2.508333,2.5,6.8
1675859581.960000,45.319825,6.550081,2088.150779,308.5,3.285902,2.7,6.9
1675859585.232000,45.319852,6.549941,2087.534725,290.9,3.411424,2.9,6.9
1675859593.209000,45.319878,6.549813,2089.006867,304.6,0.902817,2.6,6.7
1675859612.259000,45.319966,6.549845,2088.065532,29.2,0.394276,2.2,4.2
1675859665.232000,45.319974,6.549974,2088.408269,93.9,0.332078,2.2,3.9
1675859692.977000,45.320013,6.550101,2087.906092,68.6,1.392648,2.3,4.7
1675859696.232000,45.320020,6.550244,2087.261388,86.6,3.252856,2.4,6.4
1675859698.479000,45.320008,6.550398,2086.602693,90.8,4.181950,2.2,6.9
1675859700.780000,45.319995,6.550526,2090.425470,91.2,4.038610,2.1,6.7
1675859704.223000,45.319985,6.550687,2095.107444,85.1,3.723428,2.1,6.8
1675859707.092000,45.319976,6.550853,2097.910770,87.4,4.212963,2.6,6.9
1675859709.963000,45.319965,6.551006,2100.238258,89.4,4.334288,2.3,6.9
1675859713.232000,45.319957,6.551169,2104.529333,90.1,4.440228,2.1,6.8
1675859716.045000,45.319953,6.551318,2108.230134,92.1,4.299144,2.0,6.7
1675859718.914000,45.319944,6.551470,2111.942152,91.9,3.967048,2.0,6.9
1675859722.233000,45.319934,6.551619,2116.348456,92.0,4.217024,2.2,7.5
1675859725.232000,45.319926,6.551782,2118.047055,92.0,4.055460,2.3,9.9
1675859728.234000,45.319919,6.551943,2119.286189,92.0,4.127351,2.1,9.9
1675859731.232000,45.319911,6.552134,2120.718990,93.0,4.232090,2.2,9.9
1675859734.233000,45.319909,6.552269,2122.930766,92.9,4.207425,2.6,9.9
1675859736.232000,45.319905,6.552398,2123.665019,93.0,4.014150,2.8,9.9
1675859739.232000,45.319901,6.552530,2126.674894,93.0,4.177672,2.2,9.9
1675859742.233000,45.319898,6.552698,2129.505074,93.0,4.155466,2.1,9.9
1675859745.234000,45.319894,6.552837,2132.986935,93.0,4.117604,2.1,9.9
1675859748.232000,45.319888,6.552976,2136.542450,93.0,4.007659,2.1,9.9
1675859751.232000,45.319878,6.553151,2141.843329,93.1,3.927585,2.4,9.9
1675859755.233000,45.319871,6.553321,2149.210094,93.1,3.962736,2.3,9.9
1675859758.232000,45.319866,6.553455,2154.998085,94.0,3.991663,2.2,9.9
1675859761.232000,45.319862,6.553604,2160.527717,94.0,4.185076,3.2,9.9
1675859764.232000,45.319858,6.553754,2164.866537,93.0,4.251204,2.5,9.9
1675859767.233000,45.319855,6.553896,2171.706354,93.0,4.246696,2.3,9.9
1675859770.232000,45.319854,6.554040,2176.828445,94.0,4.083626,2.2,9.9
1675859773.232000,45.319852,6.554180,2182.507701,93.0,3.763539,2.2,9.9
1675859776.232000,45.319848,6.554319,2189.046831,94.0,4.160501,2.2,9.9
1675859779.233000,45.319843,6.554458,2194.682166,94.0,4.512563,2.5,9.9
1675859782.233000,45.319835,6.554598,2200.787014,94.0,4.337101,2.3,9.9
1675859785.232000,45.319828,6.554735,2207.903080,94.0,4.108452,2.2,9.9
1675859788.232000,45.319824,6.554878,2216.003935,94.0,4.214057,3.2,9.9
1675859790.233000,45.319820,6.555015,2219.157614,93.0,4.740702,3.3,9.9
1675859794.234000,45.319812,6.555190,2225.659210,93.0,4.206701,2.4,9.9
1675859797.232000,45.319804,6.555338,2230.773900,93.0,4.197488,2.5,9.9
1675859800.232000,45.319797,6.555493,2236.568824,94.0,4.310126,2.3,9.9
1675859804.233000,45.319794,6.555656,2244.450893,94.0,4.083033,2.2,9.9
1675859807.234000,45.319791,6.555799,2249.541404,93.0,4.008720,2.7,9.9
1675859810.232000,45.319785,6.555952,2255.106009,93.0,4.146656,2.3,9.9
1675859814.233000,45.319781,6.556119,2263.507883,93.0,3.902712,2.5,9.9
1675859817.233000,45.319776,6.556260,2270.229374,93.0,4.157976,3.2,9.9
1675859820.232000,45.319769,6.556408,2277.895672,93.0,4.277234,2.3,9.9
1675859824.233000,45.319761,6.556573,2287.444397,93.0,4.224411,2.5,9.9
1675859827.232000,45.319756,6.556717,2294.867507,93.2,4.737679,2.5,9.9
1675859830.233000,45.319751,6.556876,2300.282591,93.1,4.487502,2.4,9.9
1675859834.232000,45.319745,6.557048,2307.986567,93.1,4.389936,2.9,9.9
1675859837.234000,45.319740,6.557201,2312.998554,93.1,4.149306,2.9,9.9
1675859840.232000,45.319737,6.557337,2318.985569,92.9,3.973397,2.6,9.9
1675859843.232000,45.319734,6.557474,2325.282987,92.9,4.300911,3.7,9.9
1675859846.233000,45.319728,6.557622,2332.970403,92.2,4.217232,2.7,9.9
1675859850.232000,45.319721,6.557793,2342.594936,92.0,4.432388,2.7,9.9
1675859853.232000,45.319717,6.557923,2350.037791,92.0,4.456798,2.5,9.9
1675859856.233000,45.319716,6.558062,2357.118412,93.0,4.264231,2.5,9.9
1675859859.233000,45.319714,6.558201,2362.710723,93.0,4.209305,2.7,9.9
1675859862.232000,45.319708,6.558347,2369.143441,92.0,4.224799,2.6,9.9
1675859865.233000,45.319703,6.558498,2375.347856,92.0,4.234042,2.5,9.9
1675859869.232000,45.319699,6.558674,2383.865982,92.0,4.652076,2.8,9.9
1675859872.232000,45.319695,6.558824,2387.595122,93.0,4.568726,3.4,9.9
1675859875.232000,45.319689,6.558981,2392.021181,93.0,4.368398,2.7,9.9
1675859878.232000,45.319686,6.559122,2397.471317,93.0,4.155443,3.2,9.9
1675859881.233000,45.319679,6.559287,2401.671193,94.8,4.360618,2.9,9.9
1675859884.232000,45.319671,6.559438,2403.475911,94.0,4.283217,2.8,9.9
1675859887.234000,45.319664,6.559605,2404.826170,93.0,4.302008,3.0,9.9
1675859890.232000,45.319660,6.559776,2404.613224,92.9,4.155913,3.3,9.9
1675859893.233000,45.319655,6.559922,2407.126832,93.0,4.173562,2.7,9.9
1675859896.232000,45.319651,6.560088,2407.883714,93.0,4.111609,3.0,9.9
1675859899.233000,45.319650,6.560226,2388.857632,93.0,4.525175,4.7,9.9
1675859902.234000,45.319645,6.560382,2391.036770,92.9,4.586792,4.8,9.9
1675859905.232000,45.319637,6.560555,2419.015591,92.1,5.803722,2.8,9.9
1675859908.233000,45.319633,6.560698,2419.960482,93.0,5.810657,2.8,9.9
1675859911.232000,45.319629,6.560842,2424.216024,92.9,4.860024,3.0,9.9
1675859914.232000,45.319626,6.560987,2428.422523,92.9,4.886860,3.2,9.9
1675859917.233000,45.319622,6.561133,2434.533110,92.9,3.868666,3.6,9.9
1675859920.232000,45.319618,6.561274,2439.342498,93.0,3.989322,3.1,9.9
1675859923.232000,45.319616,6.561405,2446.603101,93.0,4.068206,3.1,9.9
1675859926.233000,45.319611,6.561547,2452.773325,92.9,4.150214,3.1,9.9
1675859929.232000,45.319606,6.561686,2439.510175,92.1,4.438006,2.7,9.9
1675859932.233000,45.319602,6.561824,2445.085153,93.0,4.420487,5.1,9.9
1675859935.232000,45.319597,6.561958,2476.917395,93.0,5.843624,3.0,9.9
1675859938.233000,45.319595,6.562103,2483.509725,92.9,6.053858,2.2,9.9
1675859941.233000,45.319593,6.562245,2490.913820,92.0,5.721401,2.3,9.9
1675859944.233000,45.319589,6.562385,2496.004092,92.1,5.632793,2.2,9.9
1675859947.232000,45.319586,6.562522,2484.858181,93.0,4.469307,2.2,9.9
1675859950.233000,45.319580,6.562656,2507.707426,93.0,5.242026,2.5,9.9
1675859953.232000,45.319573,6.562793,2513.989293,93.0,5.213447,2.3,9.9
1675859956.232000,45.319568,6.562940,2521.869459,93.0,5.357047,2.5,9.9
1675859959.232000,45.319564,6.563092,2508.313602,93.0,5.543277,1.6,9.9
1675859963.234000,45.319557,6.563241,2514.708778,93.0,4.454279,5.8,9.9
1675859966.232000,45.319553,6.563380,2548.090542,93.0,6.023203,2.2,9.9
1675859969.233000,45.319548,6.563530,2528.635779,93.0,6.801171,2.3,9.9
1675859973.232000,45.319544,6.563681,2565.985380,93.0,7.904519,2.4,9.9
1675859976.232000,45.319539,6.563816,2555.334750,93.0,8.293469,2.3,9.9
1675859979.233000,45.319532,6.563978,2562.251590,93.0,6.739601,2.3,9.9
1675859983.232000,45.319524,6.564149,2567.164867,93.0,5.709588,1.5,9.9
1675859986.232000,45.319516,6.564314,2587.497615,93.0,5.344992,2.5,9.9
1675859989.232000,45.319509,6.564486,2569.734478,93.0,5.746157,1.6,9.9
1675859992.232000,45.319507,6.564616,2569.683953,93.0,5.324015,4.3,9.9
1675859995.232000,45.319503,6.564782,2572.150863,93.0,5.339235,5.9,9.9
1675859998.234000,45.319498,6.564925,2600.413340,93.0,5.717261,2.2,9.9
1675860001.233000,45.319492,6.565092,2602.952825,93.0,4.911900,2.2,9.9
1675860004.234000,45.319487,6.565261,2606.381178,93.0,5.062165,2.5,9.9
1675860007.232000,45.319483,6.565401,2591.401354,93.0,5.729124,2.3,9.9
1675860010.233000,45.319476,6.565566,2594.690475,93.0,4.481254,2.3,9.9
1675860013.233000,45.319470,6.565701,2596.352502,93.0,4.367264,1.5,9.9
1675860016.233000,45.319464,6.565855,2600.379094,93.0,4.427579,1.5,9.9
1675860019.232000,45.319460,6.566017,2602.118198,93.0,4.083910,1.6,9.9
1675860022.232000,45.319457,6.566154,2606.035302,93.0,4.093854,2.0,9.9
1675860025.232000,45.319451,6.566314,2605.802865,93.0,4.002935,2.6,9.9
1675860028.232000,45.319446,6.566454,2636.439247,93.0,5.009325,2.2,9.9
1675860031.232000,45.319441,6.566602,2613.490823,93.0,6.182222,2.3,9.9
1675860034.232000,45.319434,6.566753,2618.547899,93.0,6.264375,2.4,9.9
1675860037.233000,45.319427,6.566899,2631.238001,93.0,7.119164,2.3,9.9
1675860040.232000,45.319419,6.567051,2636.088788,93.0,5.435468,2.3,9.9
1675860043.232000,45.319414,6.567202,2639.216015,93.0,4.456841,1.5,9.9
1675860046.232000,45.319410,6.567349,2641.953061,93.0,4.201149,1.6,9.9
1675860049.233000,45.319404,6.567509,2647.125303,93.0,4.035690,1.6,9.9
1675860052.232000,45.319401,6.567646,2648.744891,93.0,3.934549,2.7,9.9
1675860055.233000,45.319396,6.567796,2655.204705,93.0,3.968674,4.4,9.9
1675860058.232000,45.319391,6.567953,2658.751004,95.0,3.981295,2.3,9.9
1675860061.232000,45.319390,6.568092,2664.449073,92.0,3.981488,2.4,9.9
1675860064.232000,45.319386,6.568251,2676.735721,92.0,4.548674,2.4,9.9
1675860067.232000,45.319382,6.568388,2681.370311,93.0,4.494229,2.4,9.9
1675860070.232000,45.319375,6.568539,2683.639277,93.0,4.546728,1.6,9.9
1675860073.232000,45.319369,6.568699,2687.344863,93.0,4.321826,1.6,9.9
1675860076.232000,45.319366,6.568827,2688.728967,92.0,3.918854,2.1,9.9
1675860079.233000,45.319365,6.568980,2692.425805,93.0,3.939356,2.3,9.9
1675860082.232000,45.319360,6.569117,2699.084856,93.0,4.022970,5.8,9.9
1675860085.233000,45.319352,6.569268,2703.341758,93.0,4.007772,2.3,9.9
1675860088.232000,45.319346,6.569429,2708.783191,93.0,3.979697,2.3,9.9
1675860091.233000,45.319345,6.569559,2722.494343,92.0,4.873633,2.4,9.9
1675860094.232000,45.319342,6.569727,2725.045827,93.0,4.711694,2.4,9.9
1675860097.232000,45.319339,6.569875,2725.901770,93.0,4.463306,1.6,9.9
1675860100.232000,45.319334,6.570028,2729.057327,93.0,4.353913,1.6,9.9
1675860103.233000,45.319329,6.570186,2727.279364,93.0,4.069243,2.1,9.9
1675860106.233000,45.319323,6.570341,2729.910327,93.0,4.086797,2.1,9.9
1675860109.232000,45.319317,6.570495,2732.465033,93.0,4.088909,2.5,9.9
1675860112.233000,45.319312,6.570651,2736.013161,93.0,4.095642,2.8,9.9
1675860115.232000,45.319305,6.570805,2738.890369,93.0,4.107600,2.3,9.9
1675860118.234000,45.319297,6.570956,2742.787112,93.0,4.095945,2.3,9.9
1675860121.232000,45.319288,6.571137,2746.906101,93.0,4.099771,2.4,9.9
1675860124.232000,45.319283,6.571267,2758.908152,93.0,4.439780,2.5,9.9
1675860127.233000,45.319279,6.571420,2762.007734,93.0,4.383143,1.6,9.9
1675860130.233000,45.319275,6.571562,2759.391528,93.0,4.304226,2.1,9.9
1675860133.233000,45.319272,6.571714,2763.803603,93.0,4.350211,2.1,9.9
1675860136.232000,45.319269,6.571869,2768.404369,93.0,4.088981,2.2,9.9
1675860139.233000,45.319267,6.572022,2773.295792,93.0,4.061789,2.5,9.9
1675860142.233000,45.319266,6.572170,2778.156070,93.0,4.141178,2.6,9.9
1675860145.236000,45.319263,6.572314,2783.082777,93.0,4.072054,2.2,9.9
1675860148.234000,45.319258,6.572468,2785.121982,93.0,4.306267,2.3,9.9
1675860151.234000,45.319254,6.572617,2790.603234,93.0,4.209692,2.4,9.9
1675860154.234000,45.319252,6.572762,2793.913647,93.0,4.329010,2.2,9.9
1675860157.234000,45.319246,6.572915,2794.382146,93.0,4.203461,2.1,9.9
1675860160.233000,45.319239,6.573072,2791.877735,93.0,4.223678,6.3,9.9
1675860163.233000,45.319234,6.573226,2801.048006,93.0,4.322250,2.1,9.9
1675860166.233000,45.319230,6.573380,2802.895246,93.0,4.198453,2.2,9.9
1675860169.234000,45.319227,6.573541,2804.859832,93.0,4.264253,2.5,9.9
1675860172.236000,45.319225,6.573698,2806.062588,93.0,4.287560,2.3,9.9
1675860175.234000,45.319221,6.573851,2804.967823,93.0,4.246626,2.4,9.9
1675860178.233000,45.319214,6.574013,2806.731705,93.0,4.217041,2.4,9.9
1675860181.233000,45.319205,6.574175,2804.758318,93.0,4.248330,2.5,9.9
1675860184.234000,45.319199,6.574320,2804.952147,92.0,4.151504,2.3,9.9
1675860187.234000,45.319194,6.574471,2801.244788,92.1,4.104534,7.3,9.9
1675860190.234000,45.319190,6.574633,2808.242151,93.0,4.186500,2.1,9.9
1675860193.233000,45.319184,6.574791,2810.713132,93.0,4.115080,2.1,9.9
1675860196.234000,45.319179,6.574950,2816.618100,93.0,4.318953,2.5,9.9
1675860199.233000,45.319175,6.575104,2820.507612,93.0,4.343489,2.5,9.9
1675860202.234000,45.319171,6.575264,2822.203004,93.0,4.208968,2.4,9.9
1675860205.236000,45.319167,6.575419,2826.720378,93.0,4.196831,2.3,9.9
1675860208.233000,45.319161,6.575572,2828.218776,93.0,4.060540,2.1,9.9
1675860211.233000,45.319155,6.575724,2832.886106,93.0,4.083233,2.1,9.9
1675860214.234000,45.319151,6.575876,2835.284381,93.0,4.054062,8.0,9.9
1675860217.236000,45.319147,6.576023,2838.773318,93.0,4.019610,6.6,9.9
1675860220.233000,45.319143,6.576170,2849.290324,93.0,4.253942,2.1,9.9
1675860223.234000,45.319139,6.576320,2855.737753,93.0,4.327757,2.4,9.9
1675860226.233000,45.319135,6.576470,2860.519757,93.0,4.407444,2.5,9.9
1675860229.233000,45.319129,6.576618,2863.589957,93.0,4.332150,2.4,9.9
1675860231.233000,45.319123,6.576750,2867.049460,93.0,4.128748,2.4,9.9
1675860234.233000,45.319118,6.576885,2871.357642,92.9,4.115021,2.3,9.9
1675860236.233000,45.319113,6.577014,2872.115557,93.0,4.127707,2.2,9.9
1675860239.234000,45.319107,6.577143,2876.762934,93.0,4.092586,2.1,9.9
1675860242.233000,45.319099,6.577307,2878.774784,93.0,4.010159,3.8,9.9
1675860245.234000,45.319092,6.577440,2883.252299,93.0,4.022616,3.8,9.9
1675860248.233000,45.319087,6.577594,2894.031714,91.1,4.266392,2.2,9.9
1675860251.234000,45.319086,6.577755,2891.967175,90.0,4.191995,8.9,9.9
1675860255.233000,45.319085,6.577928,2906.600102,91.0,4.519499,2.5,9.9
1675860258.234000,45.319082,6.578081,2909.699494,91.0,4.300719,2.4,9.9
1675860261.233000,45.319080,6.578227,2914.293271,91.0,4.373899,2.5,9.9
1675860264.233000,45.319075,6.578366,2913.979728,90.2,4.138109,2.3,9.9
1675860267.233000,45.319071,6.578504,2914.361185,90.9,2.685812,2.1,9.9
1675860274.234000,45.319053,6.578639,2908.989094,105.0,2.794347,2.3,6.9
1675860278.234000,45.318994,6.578751,2907.770157,142.2,2.239646,2.7,3.9
1675860292.233000,45.318938,6.578851,2913.788288,114.7,0.926015,2.4,3.9
1675860299.233000,45.318871,6.578943,2910.636195,130.0,1.243032,4.1,3.9
1675860308.233000,45.318782,6.579028,2900.440729,134.0,2.171198,3.7,3.9
1675860324.234000,45.318783,6.579158,2910.459823,116.1,0.709365,3.9,3.9
1675860486.236000,45.318681,6.579146,2847.099854,153.1,2.196534,3.6,3.9
1675860493.233000,45.318590,6.579177,2847.099854,179.0,2.019149,3.7,3.9
1675860497.234000,45.318486,6.579204,2845.456864,147.6,3.666997,4.0,3.9
1675860500.234000,45.318347,6.579250,2843.683769,153.1,5.811070,3.8,3.9
1675860502.233000,45.318194,6.579249,2840.910201,167.2,7.653569,3.9,3.9
1675887232.471000,45.370744,6.582416,1696.500000,-1.0,0.006823,1.1,15.6
1675887232.471000,45.370744,6.582416,1696.500000,-1.0,0.006823,1.1,15.6
