1742805686.922000,45.379363,6.596096,2285.889945,56.8,3.721785,2.7,14.7
1742805686.922000,45.379363,6.596096,2285.889945,56.8,3.721785,2.7,14.7
1742805689.894000,45.379473,6.596151,2289.029331,56.8,3.894934,2.7,6.5
1742805692.895000,45.379532,6.596279,2293.258551,56.0,3.870116,2.7,3.8
1742805695.894000,45.379590,6.596400,2296.805746,57.0,3.899858,2.9,3.8
1742805698.895000,45.379647,6.596523,2301.472107,56.0,3.790301,2.9,3.8
1742805701.895000,45.379702,6.596648,2302.616966,57.1,4.069300,5.7,3.8
1742805704.895000,45.379763,6.596775,2304.126558,56.9,4.022751,5.2,3.8
1742805708.895000,45.379820,6.596903,2304.000919,57.9,1.834312,4.7,3.8
1742805755.895000,45.379861,6.597016,2267.900146,99.3,0.192313,2.0,3.9
1742805804.895000,45.379849,6.597144,2268.000244,96.8,0.206865,7.5,9.9
1742805829.894000,45.379872,6.597282,2268.000244,105.9,2.130156,8.9,9.9
1742805833.893000,45.379892,6.597437,2268.000244,78.9,3.840202,8.8,9.9
1742805836.894000,45.379926,6.597598,2268.000244,81.2,3.725770,8.1,9.9
1742805839.895000,45.379951,6.597750,2268.000244,81.1,3.562841,8.1,9.9
1742805842.894000,45.379974,6.597889,2273.794316,82.0,3.544993,8.1,9.9
1742805845.894000,45.379993,6.598026,2280.234400,81.0,3.330114,8.2,9.9
1742805848.895000,45.380009,6.598156,2287.254189,81.0,3.300162,8.2,9.9
1742805851.895000,45.380024,6.598284,2293.311231,81.0,3.329218,8.2,9.9
1742805854.895000,45.380041,6.598431,2299.835863,82.0,3.399272,8.3,9.9
1742805857.895000,45.380056,6.598568,2304.357295,81.0,3.780669,8.3,9.9
1742805860.895000,45.380069,6.598702,2309.217999,80.0,3.748802,8.3,9.9
1742805863.895000,45.380082,6.598837,2314.728198,81.0,3.608797,8.3,9.9
1742805866.895000,45.380096,6.598970,2319.862009,82.0,3.480003,8.3,9.9
1742805869.894000,45.380109,6.599099,2326.083005,81.0,3.400005,8.1,9.9
1742805872.895000,45.380121,6.599229,2332.534171,80.0,3.647587,8.1,9.9
1742805875.895000,45.380134,6.599370,2336.988161,80.0,3.420005,8.1,9.9
1742805878.894000,45.380149,6.599510,2341.246795,82.0,3.500014,8.1,9.9
1742805881.894000,45.380163,6.599648,2346.509483,82.0,3.610010,8.2,9.9
1742805884.895000,45.380178,6.599787,2351.549222,80.0,3.639998,8.2,9.9
1742805887.894000,45.380193,6.599926,2356.253161,81.0,3.609998,8.2,9.9
1742805890.895000,45.380208,6.600062,2361.581650,82.0,3.470002,8.2,8.9
1742805893.894000,45.380223,6.600194,2366.955581,81.0,3.520003,8.2,5.0
1742805896.895000,45.380238,6.600327,2372.008010,80.0,3.520080,8.2,3.8
1742805899.894000,45.380252,6.600459,2378.172036,81.0,3.510077,7.7,3.8
1742805902.895000,45.380267,6.600591,2383.542554,82.0,3.469918,7.7,3.8
1742805905.895000,45.380281,6.600724,2389.980248,81.0,3.439764,7.6,3.8
1742805908.895000,45.380295,6.600863,2395.401118,81.0,3.743126,7.6,3.8
1742805911.894000,45.380307,6.600995,2400.228318,80.0,3.909030,7.7,3.8
1742805914.895000,45.380319,6.601129,2405.598060,81.0,3.777982,7.7,3.8
1742805917.895000,45.380333,6.601265,2410.388638,82.0,3.479797,7.7,3.8
1742805920.895000,45.380347,6.601399,2416.148915,81.0,3.460739,7.7,3.8
1742805923.895000,45.380360,6.601531,2421.472302,80.0,3.472577,7.7,3.8
1742805926.895000,45.380373,6.601662,2426.698818,81.0,3.520187,7.7,3.8
1742805929.895000,45.380390,6.601807,2431.971667,82.0,3.576215,7.8,3.8
1742805932.894000,45.380405,6.601948,2436.548542,81.0,3.620423,7.8,3.8
1742805935.894000,45.380419,6.602086,2441.227493,81.0,3.649943,7.9,3.8
1742805938.894000,45.380433,6.602222,2445.917679,82.0,3.649960,8.6,3.8
1742805941.895000,45.380448,6.602356,2450.579785,82.0,3.649985,7.8,3.8
1742805944.895000,45.380463,6.602496,2455.881259,80.0,3.550284,8.0,3.8
1742805947.895000,45.380475,6.602632,2460.885701,82.0,3.490671,7.9,3.8
1742805950.895000,45.380488,6.602768,2465.577914,83.0,3.490843,8.0,3.8
1742805953.895000,45.380505,6.602906,2471.318652,82.0,3.197656,7.9,3.8
1742805956.894000,45.380519,6.603038,2477.644115,82.0,3.400040,9.6,3.8
1742805959.895000,45.380534,6.603172,2483.112006,81.0,3.410608,8.1,3.8
1742805962.894000,45.380547,6.603306,2488.706120,81.0,3.489835,8.1,3.8
1742805965.895000,45.380563,6.603456,2493.743005,82.0,3.453724,7.8,3.8
1742805968.894000,45.380578,6.603598,2498.066728,82.0,3.820430,9.2,3.8
1742805988.895000,45.380599,6.603696,2503.382828,27.8,0.000000,8.2,3.8
1742805988.895000,45.380599,6.603696,2503.382828,27.8,0.000000,8.2,3.8
1742806147.894000,45.380591,6.603728,2501.703782,84.0,0.729582,6.0,3.8
1742806154.893000,45.380608,6.603869,2501.300266,80.0,2.259076,2.9,3.8
1742806159.894000,45.380625,6.604011,2507.045873,82.0,2.737883,3.0,3.8
1742806163.894000,45.380640,6.604161,2497.510011,81.0,3.369127,1.7,3.8
1742806166.892000,45.380654,6.604298,2515.179309,81.0,3.719582,2.9,3.8
1742806169.894000,45.380668,6.604437,2524.537029,81.0,3.501661,8.4,3.8
1742806172.894000,45.380681,6.604574,2532.711401,82.0,3.501467,7.2,3.8
1742806175.894000,45.380695,6.604714,2535.885265,82.0,4.074685,6.7,3.8
1742806178.894000,45.380711,6.604856,2541.571706,79.0,3.639754,6.1,3.8
1742806181.894000,45.380728,6.605004,2543.780629,81.0,3.387430,6.1,3.8
1742806184.894000,45.380744,6.605147,2547.420632,82.0,3.692231,6.1,3.8
1742806187.893000,45.380760,6.605286,2551.438343,82.0,3.856453,6.1,3.8
1742806190.893000,45.380777,6.605425,2556.600638,81.0,3.699977,7.4,3.8
1742806193.894000,45.380793,6.605562,2541.352306,81.0,3.798162,1.7,3.8
1742806196.894000,45.380810,6.605696,2546.393424,83.0,3.299488,1.9,3.8
1742806199.894000,45.380820,6.605825,2552.904532,81.1,3.116010,1.6,3.8
1742806203.893000,45.380834,6.605993,2561.960315,82.0,3.170236,2.0,3.8
1742806207.894000,45.380851,6.606151,2573.214380,82.0,3.248948,1.7,3.8
1742806211.894000,45.380866,6.606300,2583.837022,82.0,3.179394,1.6,3.8
1742806215.894000,45.380878,6.606456,2595.279432,82.0,3.081234,1.6,3.8
1742806219.893000,45.380895,6.606607,2605.190616,81.9,3.183379,1.9,3.8
1742806223.894000,45.380911,6.606766,2614.987359,82.0,3.203602,1.9,3.8
1742806227.894000,45.380928,6.606933,2624.600173,82.0,3.112474,1.8,3.8
1742806231.893000,45.380945,6.607095,2634.610195,82.0,3.189368,1.9,3.8
1742806235.894000,45.380965,6.607251,2644.088542,81.0,3.170391,1.9,3.8
1742806239.893000,45.380984,6.607413,2655.002456,81.0,3.305982,1.7,4.8
1742806243.894000,45.380998,6.607574,2665.563208,80.0,3.001190,1.6,8.9
1742806247.894000,45.381013,6.607732,2691.001463,82.0,2.822936,3.2,9.9
1742806251.893000,45.381027,6.607884,2686.259575,82.0,3.020113,1.9,9.9
1742806255.894000,45.381042,6.608032,2697.154937,82.0,2.991803,1.6,9.9
1742806259.893000,45.381061,6.608187,2708.195621,83.0,2.922281,1.6,9.9
1742806263.894000,45.381075,6.608341,2732.547721,83.0,3.706174,2.7,9.9
1742806266.894000,45.381093,6.608466,2739.791735,79.5,3.118912,2.8,9.9
1742806269.893000,45.381107,6.608603,2731.688906,81.0,3.286104,1.9,9.9
1742806272.893000,45.381119,6.608741,2738.389839,82.0,3.122771,1.8,9.9
1742806275.893000,45.381132,6.608876,2744.639732,82.0,3.619348,1.6,9.9
1742806278.894000,45.381149,6.609016,2749.157453,82.0,3.825227,1.9,9.9
1742806281.893000,45.381164,6.609154,2754.550488,81.9,4.049404,1.8,9.9
1742806284.893000,45.381172,6.609288,2758.169148,84.5,3.416895,1.8,9.9
1742806287.894000,45.381181,6.609433,2759.070221,81.0,3.928713,1.8,9.9
1742806291.894000,45.381196,6.609586,2759.217836,84.0,2.479253,2.0,9.9
1742806311.894000,45.381195,6.609658,2759.693226,95.6,0.000000,1.9,10.3
1742806311.894000,45.381195,6.609658,2759.693226,95.6,0.000000,1.9,10.3
1742806316.894000,45.381168,6.609721,2758.943037,81.0,1.142791,1.9,10.4
1742806327.729000,45.381188,6.609849,2759.134739,87.9,0.691325,1.8,5.3
1742806333.893000,45.381234,6.609966,2759.317404,63.2,0.966821,1.9,4.6
1742806360.893000,45.381286,6.610079,2758.234156,30.3,0.137969,2.2,4.0
1742806368.893000,45.381330,6.610276,2756.834554,55.0,3.114688,2.2,5.5
1742806369.893000,45.381379,6.610399,2756.285847,53.0,4.661303,2.2,6.8
1742806371.893000,45.381478,6.610601,2754.300049,49.8,6.791321,2.2,8.9
1742806373.892000,45.381589,6.610815,2749.211536,51.9,9.099316,2.3,9.9
1742806374.892000,45.381644,6.610948,2746.910504,56.4,10.381666,2.2,9.9
1742806375.892000,45.381690,6.611100,2742.645850,62.9,11.426176,2.2,9.9
1742806376.893000,45.381719,6.611253,2739.490702,69.8,11.480799,2.2,9.9
1742806377.893000,45.381738,6.611400,2739.169731,74.2,11.155818,2.4,9.9
1742806378.893000,45.381752,6.611537,2737.460972,78.3,10.871715,2.2,9.9
1742806379.893000,45.381758,6.611669,2737.399372,85.3,10.391809,2.1,9.9
1742806381.893000,45.381762,6.611901,2736.922198,88.2,9.257785,2.1,9.9
1742806383.892000,45.381756,6.612092,2737.178978,99.4,7.908643,2.1,9.9
1742806385.892000,45.381744,6.612241,2737.753212,104.6,6.207102,2.2,9.9
1742806388.893000,45.381745,6.612395,2738.437100,88.5,4.082305,2.3,9.9
1742806391.893000,45.381736,6.612523,2738.120016,100.2,3.456401,2.3,9.9
1742806394.893000,45.381709,6.612647,2737.448492,112.5,3.604072,2.4,9.9
1742806397.893000,45.381668,6.612800,2736.340330,120.4,4.698400,2.3,9.9
1742806399.892000,45.381645,6.612948,2734.713852,108.1,5.621446,2.3,9.9
1742806401.893000,45.381621,6.613132,2733.280237,104.2,7.143835,2.3,9.9
1742806403.893000,45.381601,6.613361,2729.943141,95.8,8.576747,2.2,9.9
1742806405.892000,45.381590,6.613612,2728.156038,91.8,9.404648,2.2,9.9
1742806406.893000,45.381592,6.613741,2725.405371,88.7,9.645283,2.2,9.9
1742806407.893000,45.381601,6.613870,2724.206784,83.5,9.786108,2.2,9.9
1742806409.892000,45.381638,6.614102,2724.016025,74.7,9.012815,2.4,9.9
1742806411.893000,45.381695,6.614263,2724.475132,52.8,6.404138,2.3,9.9
1742806414.893000,45.381788,6.614317,2726.043752,16.0,4.184107,2.3,9.9
1742806416.893000,45.381899,6.614377,2723.537807,27.6,6.866319,2.3,9.9
1742806418.892000,45.382047,6.614494,2719.135265,28.8,9.060317,2.5,9.9
1742806419.893000,45.382127,6.614562,2717.360536,29.8,9.599488,2.6,9.9
1742806420.893000,45.382211,6.614627,2715.935268,25.4,9.977467,2.6,9.9
1742806421.892000,45.382297,6.614679,2714.413769,20.9,10.024202,2.5,9.9
1742806422.893000,45.382385,6.614722,2713.144340,18.1,10.046029,2.5,9.9
1742806423.893000,45.382475,6.614762,2712.525405,16.6,10.107440,1.9,9.9
1742806424.892000,45.382563,6.614800,2709.603263,14.6,10.078504,2.0,9.9
1742806425.892000,45.382652,6.614834,2708.958116,13.3,10.039343,2.0,9.9
1742806427.893000,45.382824,6.614907,2706.435640,20.4,10.177084,1.9,9.9
1742806428.891000,45.382908,6.614957,2704.385113,24.3,10.228096,1.9,9.9
1742806429.893000,45.382990,6.615013,2703.178413,28.0,10.110578,1.8,9.9
1742806431.891000,45.383146,6.615125,2701.065202,23.9,9.440603,1.8,9.9
1742806433.892000,45.383302,6.615190,2700.973876,1.1,8.725178,1.8,9.9
1742806435.893000,45.383460,6.615178,2700.735433,355.3,8.814565,1.8,9.9
1742806437.892000,45.383619,6.615150,2697.775728,360.0,8.824936,1.8,9.9
1742806439.893000,45.383769,6.615175,2696.634491,21.0,8.442575,1.8,9.9
1742806441.892000,45.383897,6.615265,2695.462253,28.4,7.917355,1.8,9.9
1742806443.893000,45.384014,6.615360,2694.548741,34.9,7.284675,1.8,9.9
1742806445.891000,45.384112,6.615444,2693.878987,44.4,6.080513,1.8,9.9
1742806448.892000,45.384212,6.615527,2693.095005,79.2,3.662331,2.0,9.9
1742806461.893000,45.384292,6.615634,2690.593166,44.0,4.819699,1.9,9.9
1742806463.892000,45.384369,6.615753,2689.048633,57.0,7.699617,1.9,9.9
1742806465.893000,45.384459,6.615925,2684.956560,47.1,9.216710,1.8,9.9
1742806466.892000,45.384529,6.616013,2681.910842,41.1,10.275150,1.8,9.9
1742806467.893000,45.384598,6.616117,2679.362947,52.8,10.803329,1.8,9.9
1742806468.892000,45.384650,6.616245,2674.938365,60.8,10.973894,1.9,9.9
1742806469.893000,45.384705,6.616361,2671.952170,50.3,10.584964,1.9,9.9
1742806470.893000,45.384786,6.616438,2669.925447,30.4,11.111851,1.9,9.9
1742806471.892000,45.384879,6.616519,2667.363619,37.8,11.821772,1.9,9.9
1742806472.893000,45.384970,6.616616,2663.825261,36.0,12.456070,1.9,9.9
1742806473.891000,45.385083,6.616686,2658.821427,14.0,14.504965,1.9,9.9
1742806474.893000,45.385197,6.616776,2654.876754,44.9,14.834530,1.9,9.9
1742806475.893000,45.385273,6.616925,2648.354895,48.8,13.288918,1.9,9.9
1742806476.892000,45.385366,6.617052,2642.291069,36.1,15.132022,1.8,9.9
1742806477.892000,45.385481,6.617133,2639.428255,14.0,12.961580,1.8,9.9
1742806478.893000,45.385595,6.617156,2637.803112,10.0,12.800022,1.9,9.9
1742806479.893000,45.385700,6.617220,2635.456817,36.0,12.309835,2.0,9.9
1742806480.893000,45.385770,6.617326,2633.612187,55.0,9.570322,1.9,9.9
1742806482.893000,45.385873,6.617464,2625.547601,8.0,5.690173,1.8,9.9
1742806484.892000,45.385963,6.617538,2622.894868,57.0,4.290240,1.8,9.9
1742806504.893000,45.385977,6.617594,2620.262973,-1.0,0.000000,1.9,9.9
1742806504.893000,45.385977,6.617594,2620.262973,-1.0,0.000000,1.9,9.9
1742806526.893000,45.386086,6.617578,2618.978280,21.2,6.083625,2.0,9.9
1742806528.893000,45.386225,6.617647,2616.486884,7.1,9.493900,2.1,9.9
1742806529.893000,45.386318,6.617648,2613.611424,349.1,10.426907,2.1,9.9
1742806530.893000,45.386411,6.617605,2612.328174,333.6,11.370530,2.1,9.9
1742806531.893000,45.386502,6.617530,2608.402649,327.4,11.967241,2.1,9.9
1742806532.892000,45.386597,6.617445,2606.187351,327.6,12.231370,2.1,9.9
1742806533.892000,45.386692,6.617346,2600.998408,314.5,12.504648,2.1,9.9
1742806534.893000,45.386772,6.617223,2597.453297,284.0,11.422862,2.1,9.9
1742806535.892000,45.386827,6.617084,2589.867975,266.3,11.911887,2.2,9.9
1742806536.893000,45.386858,6.616931,2587.336521,252.5,12.319447,2.3,9.9
1742806537.893000,45.386858,6.616769,2582.682187,242.7,12.698688,2.3,9.9
1742806538.892000,45.386831,6.616600,2577.972054,235.4,13.348261,2.2,9.9
1742806539.893000,45.386785,6.616423,2573.814562,231.7,14.225623,2.3,9.9
1742806540.892000,45.386738,6.616234,2570.331608,233.0,14.882876,2.3,9.9
1742806541.892000,45.386706,6.616029,2567.080271,244.5,15.032539,2.3,9.9
1742806542.892000,45.386677,6.615826,2561.494131,248.4,15.172565,2.3,9.9
1742806543.891000,45.386647,6.615626,2559.217500,250.8,15.204375,2.1,9.9
1742806544.892000,45.386603,6.615435,2556.549334,246.1,15.408202,2.2,9.9
1742806545.893000,45.386544,6.615252,2552.737891,236.6,15.909774,2.2,9.9
1742806546.893000,45.386468,6.615088,2550.130438,234.0,14.670857,2.2,9.9
1742806547.893000,45.386400,6.614929,2548.629431,242.0,14.000086,2.2,9.9
1742806548.893000,45.386339,6.614766,2546.650775,239.0,14.499702,2.2,9.9
1742806549.893000,45.386268,6.614616,2545.058021,232.0,13.950499,2.1,9.9
1742806550.893000,45.386208,6.614461,2542.597872,250.0,13.969545,2.1,9.9
1742806551.893000,45.386182,6.614290,2541.309710,261.0,13.400046,2.1,9.9
1742806552.893000,45.386147,6.614131,2538.546085,242.0,12.750173,2.1,9.9
1742806553.892000,45.386102,6.613987,2537.461231,254.0,11.990067,2.1,9.9
1742806554.893000,45.386098,6.613833,2536.052592,276.0,12.589774,2.2,9.9
1742806555.892000,45.386132,6.613694,2533.333682,300.0,10.680367,2.2,9.9
1742806556.893000,45.386184,6.613577,2532.119594,302.0,10.889719,2.2,9.9
1742806557.893000,45.386230,6.613436,2525.595610,292.0,13.205790,2.2,9.9
1742806558.893000,45.386290,6.613301,2520.599473,312.8,11.833735,2.2,9.9
1742806559.893000,45.386385,6.613254,2518.189340,355.4,10.585442,2.2,10.0
1742806560.893000,45.386514,6.613274,2513.903942,3.0,14.517151,2.2,10.0
1742806561.892000,45.386646,6.613247,2507.495941,335.1,14.129081,2.3,10.0
1742806562.893000,45.386759,6.613158,2503.835639,327.0,14.677923,2.3,10.0
1742806563.892000,45.386877,6.613105,2499.759916,356.7,14.064593,2.3,10.1
1742806564.893000,45.387018,6.613142,2492.635957,12.8,16.839861,2.4,10.1
1742806565.893000,45.387157,6.613147,2489.097034,343.3,13.982630,2.3,10.1
1742806566.893000,45.387275,6.613079,2482.109867,336.0,14.467984,2.4,10.2
1742806567.891000,45.387405,6.613049,2480.496759,356.7,15.038980,2.4,10.2
1742806568.892000,45.387528,6.613090,2477.405094,20.9,14.168428,2.3,10.2
1742806569.892000,45.387654,6.613133,2472.179011,0.0,14.498398,2.3,10.2
1742806570.893000,45.387779,6.613102,2465.836117,342.0,14.339907,2.4,10.1
1742806571.893000,45.387903,6.613039,2461.895158,339.0,14.539612,2.4,10.1
1742806572.893000,45.388023,6.613018,2458.483740,7.0,13.289709,2.4,10.0
1742806573.893000,45.388129,6.613074,2454.574388,33.0,10.990763,2.5,10.0
1742806574.893000,45.388222,6.613152,2452.039207,26.0,12.128715,2.5,10.0
1742806575.893000,45.388329,6.613184,2444.953659,1.0,11.919081,2.5,10.0
1742806576.892000,45.388431,6.613164,2440.518860,347.0,10.731310,2.4,10.0
1742806578.893000,45.388604,6.613098,2430.877132,353.0,10.828409,2.4,9.9
1742806579.892000,45.388705,6.613123,2427.491914,21.0,11.999313,2.4,9.9
1742806580.892000,45.388818,6.613168,2421.791432,7.0,13.388506,2.4,9.9
1742806581.893000,45.388943,6.613156,2417.867749,346.0,14.398474,2.4,9.9
1742806582.893000,45.389064,6.613094,2410.046061,336.0,13.970261,2.3,9.9
1742806583.893000,45.389177,6.613014,2405.985286,332.0,14.219927,2.3,9.9
1742806584.892000,45.389288,6.612929,2405.000081,329.0,13.550122,2.3,9.9
1742806585.892000,45.389390,6.612841,2402.346756,326.0,13.380140,2.3,9.9
1742806586.893000,45.389488,6.612739,2400.936892,320.0,13.759751,1.7,9.9
1742806587.893000,45.389571,6.612617,2399.215902,308.0,12.920584,1.8,9.9
1742806588.892000,45.389642,6.612489,2396.219913,309.0,12.900043,1.9,9.9
1742806589.892000,45.389717,6.612373,2394.156780,313.9,12.003754,1.8,9.9
1742806590.892000,45.389816,6.612292,2389.620323,324.5,12.900022,1.9,10.0
1742806591.893000,45.389933,6.612273,2385.086258,340.2,11.662014,1.9,10.1
1742806592.892000,45.390046,6.612257,2378.501673,337.1,11.867321,1.9,10.1
1742806594.892000,45.390191,6.612122,2372.215426,330.9,10.603885,1.9,10.1
1742806595.893000,45.390297,6.612115,2369.931559,2.0,11.835412,1.9,10.1
1742806596.892000,45.390410,6.612119,2365.285030,348.0,12.428119,1.8,10.1
1742806597.893000,45.390506,6.612063,2359.940846,324.1,11.093446,1.9,10.0
1742806598.892000,45.390596,6.611998,2355.123171,340.9,11.470375,1.9,10.0
1742806599.893000,45.390696,6.612002,2353.311120,16.8,11.137597,1.8,10.0
1742806600.892000,45.390783,6.612075,2349.915309,37.9,10.758912,1.9,9.9
1742806601.893000,45.390873,6.612136,2344.355201,10.0,12.305476,1.8,10.0
1742806602.892000,45.390979,6.612190,2341.039008,30.0,13.298347,1.8,9.9
1742806603.892000,45.391077,6.612290,2336.390277,39.0,13.748380,1.9,9.9
1742806604.892000,45.391190,6.612393,2330.976798,26.0,16.269892,1.9,9.9
1742806605.893000,45.391325,6.612497,2322.601404,31.0,17.178692,1.9,9.9
1742806606.893000,45.391439,6.612649,2317.129061,55.0,17.727701,1.9,9.9
1742806607.893000,45.391532,6.612845,2311.451587,53.0,18.519548,1.9,9.9
1742806608.892000,45.391651,6.613023,2305.058319,39.0,19.859272,1.9,9.9
1742806609.893000,45.391791,6.613182,2298.809244,41.0,20.009954,2.0,9.9
1742806610.893000,45.391905,6.613371,2294.827087,57.0,19.209957,1.8,9.9
1742806611.893000,45.391988,6.613585,2284.034813,60.0,19.000147,1.8,9.9
1742806612.892000,45.392091,6.613784,2281.745392,45.0,19.469175,1.9,9.9
1742806613.893000,45.392200,6.613970,2277.278265,56.0,18.220493,1.9,9.9
1742806614.893000,45.392280,6.614170,2271.877746,61.0,17.510265,1.9,9.9
1742806615.892000,45.392362,6.614363,2266.886626,56.0,18.119745,1.9,9.9
1742806616.893000,45.392437,6.614557,2263.859534,67.0,16.550488,1.9,9.9
1742806617.892000,45.392506,6.614730,2260.356467,52.0,15.270918,2.0,9.9
1742806618.893000,45.392591,6.614874,2258.434681,49.0,13.772117,2.0,9.9
1742806619.893000,45.392646,6.615005,2257.664852,73.0,10.740532,2.0,9.9
1742806621.891000,45.392729,6.615206,2256.380363,36.0,8.709948,1.9,9.9
1742806623.892000,45.392822,6.615382,2254.605253,77.0,6.930224,2.0,9.9
1742806625.891000,45.392826,6.615538,2251.534553,66.0,5.859845,1.7,9.9
1742806639.892000,45.392928,6.615630,2244.004927,41.9,4.378578,5.6,9.9
1742806641.892000,45.393022,6.615784,2238.990690,49.7,8.718311,4.1,9.9
1742806642.893000,45.393087,6.615875,2236.002987,30.4,9.292400,10.3,9.9
1742806643.892000,45.393176,6.615930,2232.403088,24.5,10.105252,2.7,9.9
1742806644.893000,45.393271,6.616007,2225.529512,28.7,11.275679,10.0,9.9
1742806645.892000,45.393355,6.616121,2221.703739,40.2,11.996238,2.6,9.9
1742806646.893000,45.393462,6.616222,2215.245615,25.7,14.461646,6.6,9.9
1742806647.893000,45.393586,6.616294,2205.659023,9.8,15.613687,5.9,9.9
1742806648.892000,45.393724,6.616359,2196.864552,25.4,16.932775,6.0,9.9
1742806649.893000,45.393852,6.616491,2192.597670,40.3,17.814655,5.9,9.9
1742806650.893000,45.393965,6.616661,2187.849603,47.7,17.726105,2.8,9.9
1742806651.893000,45.394071,6.616835,2183.378184,46.1,17.938282,2.8,9.9
1742806652.893000,45.394187,6.617004,2171.737543,43.8,18.702332,5.8,9.9
1742806653.893000,45.394332,6.617150,2164.010021,30.8,19.561914,3.8,9.9
1742806654.892000,45.394505,6.617227,2157.292921,9.6,19.956806,3.7,9.9
1742806655.893000,45.394686,6.617243,2150.294413,359.8,19.806318,6.5,9.9
1742806656.892000,45.394852,6.617278,2147.472689,21.8,17.698341,6.5,9.9
1742806657.892000,45.394974,6.617407,2142.438558,45.3,15.864084,5.0,9.9
1742806658.892000,45.395071,6.617562,2144.773529,43.2,15.760071,2.1,9.9
1742806659.891000,45.395176,6.617670,2140.104377,20.5,13.067643,2.1,9.9
1742806660.893000,45.395288,6.617712,2134.937416,10.4,12.435580,2.2,9.9
1742806661.892000,45.395401,6.617736,2132.900146,9.0,12.881651,2.1,9.9
1742806662.893000,45.395510,6.617787,2129.027706,30.9,12.781827,2.0,9.9
1742806663.893000,45.395590,6.617909,2125.823506,59.4,13.501142,2.0,9.9
1742806664.893000,45.395655,6.618069,2122.473255,52.2,14.604587,2.0,9.9
1742806665.893000,45.395751,6.618200,2115.630747,30.7,15.187026,2.0,9.9
1742806666.893000,45.395877,6.618276,2113.001416,16.6,14.923880,2.0,9.9
1742806667.892000,45.396012,6.618317,2109.411230,9.4,15.751615,2.1,9.9
1742806668.893000,45.396145,6.618368,2104.833239,24.5,15.265369,2.1,9.9
1742806669.892000,45.396250,6.618477,2101.779125,47.7,13.871380,2.0,9.9
1742806670.892000,45.396321,6.618621,2098.671102,52.9,13.449244,2.0,9.9
1742806671.893000,45.396400,6.618746,2097.679906,34.6,13.467611,2.0,9.9
1742806672.892000,45.396507,6.618813,2090.478883,10.4,13.044170,11.1,9.9
1742806673.892000,45.396626,6.618832,2087.464247,8.0,13.415360,10.2,9.9
1742806674.893000,45.396735,6.618878,2082.093454,34.4,11.955283,2.6,9.9
1742806675.893000,45.396801,6.618978,2080.320420,60.6,9.240332,2.5,9.9
1742806677.891000,45.396840,6.619163,2075.103300,74.0,7.174364,2.0,9.9
1742806679.891000,45.396877,6.619338,2069.560682,80.9,5.142490,1.7,9.9
1742806681.892000,45.396921,6.619468,2076.188578,54.1,7.377978,10.5,9.9
1742806683.892000,45.396972,6.619639,2074.142959,82.8,6.833317,5.3,9.9
1742806685.892000,45.397022,6.619801,2069.779319,29.2,5.013573,8.2,9.9
1742806705.892000,45.397067,6.619871,2072.218045,-1.0,0.000000,2.4,9.9
1742806705.892000,45.397067,6.619871,2072.218045,-1.0,0.000000,2.4,9.9
1742806718.892000,45.397104,6.620015,2068.230963,70.6,8.596883,5.5,10.0
1742806720.892000,45.397138,6.620186,2066.089178,73.5,8.004240,5.3,9.9
1742806722.892000,45.397168,6.620360,2057.081221,73.1,8.050967,2.1,9.9
1742806724.892000,45.397210,6.620558,2061.522939,74.9,8.949907,7.2,9.9
1742806726.892000,45.397248,6.620798,2061.862352,76.0,10.275415,2.3,9.9
1742806727.891000,45.397273,6.620928,2059.357503,73.4,10.134521,2.3,9.9
1742806728.891000,45.397311,6.621058,2060.360386,61.0,11.949287,1.9,9.9
1742806729.892000,45.397354,6.621213,2058.701662,76.0,13.719275,1.9,9.9
1742806730.892000,45.397361,6.621392,2053.654803,95.0,14.188948,1.9,9.9
1742806731.891000,45.397330,6.621558,2051.043381,110.0,13.170661,1.9,9.9
1742806732.892000,45.397306,6.621708,2048.022793,91.1,12.380198,1.9,9.9
1742806733.892000,45.397313,6.621860,2046.765870,85.1,11.673779,2.0,9.9
1742806734.892000,45.397355,6.621993,2045.098931,65.8,12.280678,1.9,9.9
1742806735.890000,45.397426,6.622099,2041.915723,54.7,11.172916,1.9,10.0
1742806736.892000,45.397509,6.622032,2038.684493,346.5,7.849648,1.8,10.3
1742806737.891000,45.397641,6.621878,2036.091678,335.2,12.141173,1.9,10.4
1742806738.892000,45.397811,6.621749,2033.043758,343.8,14.624233,1.9,10.6
1742806739.892000,45.397966,6.621744,2031.338927,27.5,14.857296,2.0,10.7
1742806740.891000,45.398095,6.621816,2029.088526,17.5,13.548268,1.9,10.7
1742806741.892000,45.398137,6.621960,2027.615275,79.7,13.992441,1.9,10.5
1742806742.891000,45.398158,6.622145,2026.266174,66.1,12.932820,1.9,10.2
1742806743.891000,45.398216,6.622281,2026.148936,49.0,12.190078,1.9,10.2
1742806744.892000,45.398294,6.622385,2025.166732,38.0,12.139629,2.0,10.0
1742806745.891000,45.398387,6.622473,2024.444126,31.0,12.783560,2.0,10.0
1742806746.892000,45.398478,6.622570,2022.155468,37.0,12.809815,2.1,9.9
1742806747.892000,45.398573,6.622670,2021.197547,26.0,13.179500,1.9,9.9
1742806748.892000,45.398681,6.622732,2018.310164,14.1,13.097218,1.9,9.9
1742806749.892000,45.398799,6.622732,2016.690010,352.3,13.775725,1.9,9.9
1742806750.890000,45.398926,6.622732,2013.305417,6.8,14.984465,2.0,9.9
1742806751.891000,45.399046,6.622843,2010.829237,44.6,16.438131,1.9,9.9
1742806752.891000,45.399141,6.623019,2005.660592,55.0,16.000326,1.9,9.9
1742806753.892000,45.399209,6.623179,2003.388270,63.9,13.565123,2.0,9.9
1742806754.892000,45.399260,6.623323,2001.893082,61.0,12.561852,2.0,9.9
1742806755.892000,45.399327,6.623449,2001.253829,46.0,12.878942,2.0,9.9
1742806756.892000,45.399427,6.623551,2000.859698,27.0,14.137494,2.0,9.9
1742806757.892000,45.399547,6.623622,1998.074753,19.0,14.459588,2.0,9.9
1742806758.892000,45.399663,6.623708,1994.797991,33.0,14.449756,1.9,9.9
1742806759.892000,45.399740,6.623842,1993.127952,65.0,13.188490,2.0,9.9
1742806760.891000,45.399784,6.624003,1990.820000,68.0,13.309746,2.0,9.9
1742806761.891000,45.399858,6.624131,1989.082903,32.1,13.595173,1.9,9.9
1742806762.892000,45.399965,6.624224,1987.047633,33.6,13.640038,2.0,9.9
1742806763.892000,45.400083,6.624268,1982.679438,28.6,13.267146,1.9,10.0
1742806764.890000,45.400201,6.624206,1981.296384,353.3,12.195194,1.9,10.0
1742806765.892000,45.400330,6.624151,1979.182569,354.3,13.298500,2.0,10.0
1742806766.892000,45.400443,6.624142,1978.640494,356.9,13.105401,2.0,10.0
1742806768.892000,45.400466,6.624355,1975.856756,84.7,8.053344,2.6,10.1
1742806769.891000,45.400462,6.624532,1975.084481,73.7,11.050591,2.6,10.1
1742806770.892000,45.400485,6.624696,1973.302319,65.6,11.504229,2.4,10.1
1742806771.891000,45.400571,6.624789,1970.592939,29.8,12.011488,2.4,10.1
1742806772.891000,45.400672,6.624868,1967.665156,28.9,11.966619,1.8,10.0
1742806773.891000,45.400785,6.624865,1963.890091,358.1,11.882909,2.3,9.9
1742806774.892000,45.400890,6.624895,1964.043073,24.0,11.795063,2.1,9.9
1742806775.892000,45.400966,6.624979,1962.973923,60.8,10.855147,2.4,9.9
1742806776.891000,45.400984,6.625104,1963.082285,92.8,9.583770,2.4,9.9
1742806778.892000,45.400956,6.625316,1960.057692,92.0,7.981628,8.4,9.9
1742806780.891000,45.401013,6.625516,1963.196507,62.5,8.894998,1.9,9.9
1742806782.892000,45.401121,6.625678,1961.378731,45.2,8.734726,2.0,9.9
1742806784.891000,45.401256,6.625807,1960.053206,27.7,8.904686,2.0,9.9
1742806786.891000,45.401424,6.625870,1957.549142,9.6,9.299108,1.9,9.9
1742806787.892000,45.401514,6.625870,1956.292187,3.0,9.613720,1.9,9.9
1742806788.891000,45.401608,6.625864,1955.156862,0.3,9.965354,1.9,9.9
1742806790.892000,45.401756,6.625784,1950.884971,330.1,7.574162,1.8,9.9
1742806792.891000,45.401866,6.625656,1949.654778,328.9,7.709446,1.9,9.9
1742806794.891000,45.402018,6.625631,1945.668456,352.3,8.280692,1.7,9.9
1742806796.892000,45.402198,6.625610,1941.294338,354.9,10.563799,1.8,9.9
1742806797.892000,45.402291,6.625629,1940.444308,12.6,9.845144,1.9,9.9
1742806798.892000,45.402382,6.625666,1937.618635,10.1,10.084225,1.9,9.9
1742806799.892000,45.402480,6.625680,1935.385331,1.2,11.288139,1.9,9.9
1742806800.891000,45.402592,6.625697,1934.049955,9.8,12.470038,1.9,9.9
1742806801.891000,45.402709,6.625750,1927.038117,17.8,13.572371,2.8,9.9
1742806802.892000,45.402834,6.625805,1923.116978,14.1,14.361092,2.8,9.9
1742806803.892000,45.402963,6.625848,1919.958751,12.0,14.525819,2.6,9.9
1742806804.892000,45.403086,6.625909,1918.585329,22.8,14.300455,2.6,9.9
1742806805.892000,45.403204,6.625993,1915.072233,24.0,14.847345,2.6,9.9
1742806806.892000,45.403333,6.626072,1911.701617,21.1,15.474683,5.7,9.9
1742806807.892000,45.403462,6.626159,1909.522012,27.8,15.595803,5.7,9.9
1742806808.892000,45.403580,6.626270,1908.479331,33.9,15.510488,1.9,9.9
1742806809.892000,45.403689,6.626396,1904.467527,37.9,15.382675,2.0,9.9
1742806810.891000,45.403791,6.626526,1902.062381,36.0,15.081778,2.0,9.9
1742806811.891000,45.403900,6.626634,1901.390687,30.0,14.884324,2.0,9.9
1742806812.892000,45.404013,6.626731,1900.870245,41.9,14.859889,1.9,9.9
1742806813.892000,45.404112,6.626856,1898.018260,40.0,14.532855,2.0,9.9
1742806814.892000,45.404208,6.626975,1895.777329,34.1,14.108937,2.0,9.9
1742806815.892000,45.404310,6.627079,1894.702928,34.0,13.991373,2.0,9.9
1742806816.892000,45.404410,6.627182,1893.070972,36.0,13.675118,2.0,9.9
1742806817.891000,45.404504,6.627293,1889.693234,35.0,13.679127,6.1,9.9
1742806818.892000,45.404596,6.627406,1887.183798,39.0,13.335477,6.0,9.9
1742806819.891000,45.404677,6.627526,1885.657155,40.0,12.965077,5.9,9.9
1742806820.891000,45.404752,6.627645,1884.852207,39.0,12.535107,5.9,9.9
1742806821.892000,45.404830,6.627758,1884.272586,39.0,12.589192,5.9,9.9
1742806822.892000,45.404910,6.627873,1883.507717,42.9,12.560482,5.9,9.9
1742806823.892000,45.404981,6.627996,1881.678571,41.0,12.618543,10.9,9.9
1742806824.892000,45.405058,6.628115,1881.074919,31.1,12.639101,11.2,9.9
1742806825.891000,45.405148,6.628208,1879.988845,24.1,12.297892,11.2,9.9
1742806826.892000,45.405241,6.628289,1878.809311,31.9,12.332795,10.3,9.9
1742806827.891000,45.405328,6.628384,1878.131252,47.8,11.975290,6.5,9.9
1742806828.892000,45.405398,6.628492,1877.402039,31.2,11.261655,5.0,9.9
1742806829.892000,45.405476,6.628571,1876.959700,26.0,10.842081,5.0,9.9
1742806830.892000,45.405557,6.628649,1868.188551,27.0,11.174984,1.4,9.9
1742806831.891000,45.405645,6.628731,1866.621020,24.0,11.806398,1.4,9.9
1742806832.892000,45.405740,6.628811,1865.608566,23.0,12.240603,1.4,9.9
1742806833.892000,45.405840,6.628886,1863.277704,18.1,12.526776,1.4,9.9
1742806834.892000,45.405945,6.628953,1861.898712,13.1,12.711884,1.4,9.9
1742806835.892000,45.406057,6.629005,1859.035814,3.1,13.217261,1.4,9.9
1742806836.892000,45.406172,6.629035,1855.114133,356.1,12.857092,1.4,9.9
1742806837.892000,45.406279,6.629050,1865.338248,351.1,12.175240,2.1,9.9
1742806838.892000,45.406379,6.629050,1861.882301,345.1,11.251319,10.6,9.9
1742806839.891000,45.406472,6.629036,1861.762106,346.0,10.611784,11.7,9.9
1742806841.892000,45.406643,6.629044,1864.757711,350.1,9.025228,2.4,9.9
1742806843.891000,45.406752,6.629009,1865.369452,332.0,4.332447,2.1,9.9
1742806859.891000,45.406862,6.628977,1861.761172,355.9,3.253415,10.6,9.9
1742806862.892000,45.406965,6.628979,1861.011924,359.0,3.938365,10.2,9.9
1742806865.892000,45.407075,6.628985,1859.686455,356.0,3.989796,6.2,9.9
1742806868.891000,45.407180,6.628999,1864.766554,358.9,3.846686,2.1,9.9
1742806871.892000,45.407282,6.629034,1864.889023,357.9,3.960449,1.9,9.9
1742806873.891000,45.407369,6.629071,1863.980283,3.8,4.842817,2.0,9.9
1742806875.891000,45.407475,6.629126,1861.985830,8.2,5.942731,2.0,9.9
1742806877.892000,45.407596,6.629184,1859.996282,10.4,6.730000,2.0,9.9
1742806879.892000,45.407720,6.629240,1858.378826,10.8,7.058019,2.1,9.9
1742806881.892000,45.407848,6.629298,1857.374148,12.4,7.368837,2.1,9.9
1742806883.892000,45.407970,6.629357,1856.278533,13.7,7.098960,2.2,9.9
1742806885.891000,45.408084,6.629414,1853.794283,14.4,6.675468,2.5,9.9
1742806887.891000,45.408188,6.629458,1853.780901,13.4,5.965027,2.5,9.9
1742806889.892000,45.408275,6.629497,1853.179374,16.0,5.237635,2.5,9.9
1742806892.891000,45.408392,6.629554,1854.221494,18.7,4.492113,1.9,9.9
1742806895.892000,45.408490,6.629596,1855.089812,22.1,3.879489,1.9,9.9
1742806898.891000,45.408596,6.629646,1855.274464,17.0,4.177812,1.9,9.9
1742806901.892000,45.408698,6.629691,1854.853506,13.5,3.829890,1.9,9.9
1742806904.892000,45.408809,6.629729,1854.065534,9.2,4.414193,2.0,9.9
1742806907.891000,45.408927,6.629772,1853.118926,8.0,4.254004,2.0,9.9
1742806910.891000,45.409037,6.629799,1852.673587,4.1,4.164203,2.0,9.9
1742806913.892000,45.409150,6.629826,1851.677995,2.2,4.194586,2.0,9.9
1742806916.892000,45.409263,6.629844,1850.927443,4.6,4.206235,2.1,9.9
1742806919.892000,45.409387,6.629880,1849.711204,7.3,4.739178,2.1,9.9
1742806921.892000,45.409484,6.629905,1848.591940,4.1,5.463233,2.0,9.9
1742806923.892000,45.409605,6.629908,1847.041577,2.0,6.610083,2.4,9.9
1742806925.891000,45.409742,6.629937,1843.990230,14.6,7.532580,2.2,9.9
1742806927.892000,45.409888,6.629998,1842.050189,12.6,8.161676,2.2,9.9
1742806929.892000,45.410057,6.630032,1839.226906,8.5,9.312551,2.3,9.9
1742806930.891000,45.410146,6.630058,1836.775676,11.5,9.822771,2.3,9.9
1742806931.892000,45.410239,6.630099,1834.349799,15.8,10.389903,2.3,9.9
1742806932.890000,45.410331,6.630152,1831.684532,18.6,10.697310,2.2,9.9
1742806933.892000,45.410421,6.630210,1831.559719,20.1,10.746649,2.0,9.9
1742806934.891000,45.410511,6.630265,1830.853922,19.4,10.701507,2.0,9.9
1742806935.892000,45.410604,6.630317,1829.802637,19.0,11.013973,2.5,9.9
1742806936.892000,45.410699,6.630360,1829.003289,14.0,10.957525,2.5,9.9
1742806937.891000,45.410798,6.630387,1828.124676,21.9,11.032295,2.5,9.9
1742806938.892000,45.410895,6.630423,1826.738409,21.0,11.166974,2.6,9.9
1742806939.892000,45.410990,6.630476,1824.369331,27.9,11.654878,2.4,9.9
1742806940.891000,45.411082,6.630548,1822.518857,25.0,11.451175,2.4,9.9
1742806941.892000,45.411175,6.630610,1820.935189,22.0,11.339451,2.4,9.9
1742806942.891000,45.411271,6.630649,1819.488503,3.1,10.971348,2.5,9.9
1742806943.892000,45.411369,6.630649,1819.488503,0.0,10.597665,2.5,9.9
1742806944.891000,45.411464,6.630647,1819.235785,10.9,10.620995,2.4,9.9
1742806945.891000,45.411556,6.630671,1817.827650,17.9,10.427122,2.4,9.9
1742806946.891000,45.411645,6.630706,1816.005874,8.1,10.138922,2.5,9.9
1742806948.891000,45.411818,6.630722,1814.196819,6.0,9.907856,2.4,9.9
1742806950.891000,45.411989,6.630756,1812.455895,6.1,9.564126,2.5,9.9
1742806951.891000,45.412082,6.630763,1811.405646,5.0,10.301817,2.5,9.9
1742806952.892000,45.412176,6.630769,1809.349973,11.9,10.175048,2.6,9.9
1742806954.892000,45.412356,6.630764,1806.076870,340.2,10.218305,2.4,9.9
1742806955.892000,45.412446,6.630726,1803.646034,346.9,10.303293,2.4,9.9
1742806956.891000,45.412540,6.630704,1802.596862,353.0,10.463144,2.4,9.9
1742806957.891000,45.412631,6.630694,1802.146316,2.9,10.271970,2.4,9.9
1742806959.892000,45.412806,6.630723,1799.610298,10.0,9.921259,2.7,9.9
1742806961.892000,45.412978,6.630811,1796.749304,42.6,10.707726,2.6,9.9
1742806962.892000,45.413057,6.630913,1792.769062,34.1,11.912902,2.5,9.9
1742806963.892000,45.413150,6.630998,1790.360634,28.1,12.111573,2.5,9.9
1742806964.892000,45.413252,6.631062,1788.968640,49.6,11.903820,2.4,9.9
1742806965.892000,45.413329,6.631156,1787.160153,50.0,11.466703,2.4,9.9
1742806966.892000,45.413395,6.631258,1785.012837,48.0,10.998776,2.4,9.9
1742806967.892000,45.413470,6.631331,1782.516538,25.0,10.519731,2.5,9.9
1742806968.892000,45.413556,6.631380,1779.549042,22.0,10.220124,2.5,9.9
1742806970.892000,45.413656,6.631564,1777.168985,67.0,8.830076,2.4,9.9
1742806972.892000,45.413776,6.631720,1774.031594,28.0,9.549704,2.4,9.9
1742806974.892000,45.413894,6.631898,1770.472229,53.0,9.729913,2.4,9.9
1742806976.892000,45.414022,6.632008,1767.813843,358.0,7.150200,2.4,9.9
1742806978.891000,45.414140,6.632008,1767.811890,2.0,6.420002,2.4,9.9
1742806980.891000,45.414232,6.632060,1765.744693,59.0,4.929813,1.8,9.9
1742806982.892000,45.414303,6.632180,1764.411781,42.2,6.725838,1.8,9.9
1742806984.891000,45.414429,6.632283,1762.203194,28.0,8.472582,1.8,9.9
1742806986.892000,45.414581,6.632331,1758.239103,17.0,8.256310,1.8,9.9
1742806988.892000,45.414701,6.632377,1757.486120,21.1,6.571414,1.7,9.9
1742806990.891000,45.414818,6.632450,1756.218159,19.0,7.838414,1.8,9.9
1742806992.892000,45.414976,6.632504,1753.119284,15.8,9.001187,1.7,9.9
1742806994.891000,45.415135,6.632573,1748.037390,20.2,8.716523,1.8,9.9
1742806995.892000,45.415220,6.632631,1747.684614,32.6,10.169537,1.8,10.0
1742806996.892000,45.415300,6.632702,1745.963652,26.3,10.095445,1.8,10.2
1742806998.892000,45.415438,6.632863,1743.787337,35.7,9.261580,1.9,10.7
1742806999.891000,45.415493,6.632964,1743.451168,28.2,8.384402,1.9,10.7
1742807001.891000,45.415606,6.633121,1742.038715,22.1,8.173613,2.0,10.7
1742807003.892000,45.415728,6.633234,1741.193649,22.0,7.221625,2.0,10.2
1742807005.892000,45.415850,6.633309,1740.573672,24.9,7.682685,2.0,10.1
1742807007.891000,45.415997,6.633422,1736.616354,28.0,10.148114,2.0,10.0
1742807008.892000,45.416088,6.633484,1734.362000,24.1,11.079456,2.0,9.9
1742807009.892000,45.416185,6.633543,1731.885757,21.1,11.637164,2.0,9.9
1742807010.892000,45.416288,6.633604,1728.784380,18.0,12.147721,2.0,9.9
1742807011.892000,45.416397,6.633655,1726.848960,16.0,12.755964,2.0,9.9
1742807012.892000,45.416509,6.633702,1724.335686,12.1,12.993068,2.0,9.9
1742807013.891000,45.416622,6.633739,1722.782849,8.0,12.968674,2.0,9.9
1742807014.892000,45.416735,6.633754,1721.857965,357.1,12.858418,2.0,9.9
1742807015.891000,45.416850,6.633743,1720.200248,354.0,12.664508,2.2,9.9
1742807016.892000,45.416965,6.633723,1719.753278,348.1,12.867160,2.2,9.9
1742807017.892000,45.417077,6.633694,1719.230033,341.1,12.478965,2.1,9.9
1742807018.892000,45.417170,6.633642,1716.692018,335.1,10.997523,2.1,9.9
1742807019.892000,45.417254,6.633590,1716.679179,334.0,10.223785,2.1,9.9
1742807021.891000,45.417410,6.633485,1715.709431,336.0,9.600616,2.1,9.9
1742807023.892000,45.417566,6.633396,1714.052902,333.1,9.030245,2.1,9.9
1742807025.892000,45.417708,6.633288,1713.709763,325.1,8.504143,2.2,9.9
1742807027.891000,45.417828,6.633152,1711.567931,310.1,8.734446,2.2,9.9
1742807029.892000,45.417925,6.632982,1710.254093,307.0,8.560466,2.1,9.9
1742807031.891000,45.418042,6.632839,1708.164498,327.9,8.635399,2.0,9.9
1742807033.892000,45.418180,6.632750,1706.325904,334.0,8.166644,1.9,9.9
1742807035.892000,45.418323,6.632672,1704.382681,338.0,8.687866,2.0,9.9
1742807037.892000,45.418465,6.632611,1703.255184,341.0,8.222726,2.0,9.9
1742807039.892000,45.418604,6.632565,1701.497613,345.0,7.992944,1.9,9.9
1742807041.891000,45.418742,6.632536,1699.863128,349.0,7.345895,2.0,9.9
1742807043.891000,45.418872,6.632516,1699.472493,359.0,7.336413,2.0,9.9
1742807045.891000,45.419006,6.632506,1699.341153,355.0,7.012116,1.9,9.9
1742807047.892000,45.419128,6.632493,1696.100001,354.0,6.639212,1.9,9.9
1742807049.892000,45.419243,6.632473,1697.657352,352.0,6.255816,1.9,9.9
1742807051.891000,45.419332,6.632433,1697.434036,336.0,4.801522,1.8,9.9
1742807054.892000,45.419440,6.632394,1696.834262,351.0,3.969100,1.8,9.9
1742807057.892000,45.419538,6.632361,1715.146178,344.1,2.768305,3.0,9.9
1742807061.892000,45.419634,6.632317,1695.444492,330.7,3.675920,1.9,9.9
1742807063.892000,45.419710,6.632236,1692.995070,322.0,5.354639,2.2,9.9
1742807065.892000,45.419824,6.632120,1689.767833,321.9,7.545369,2.3,9.9
1742807067.892000,45.419974,6.631968,1686.767838,326.4,9.802276,2.1,9.9
1742807068.891000,45.420065,6.631900,1683.287719,337.3,10.276276,2.1,9.9
1742807069.892000,45.420164,6.631859,1682.002584,342.8,10.546783,2.0,9.9
1742807070.891000,45.420259,6.631826,1680.563909,343.7,10.363567,1.9,9.9
1742807071.892000,45.420345,6.631786,1679.891721,343.4,9.976193,2.0,9.9
1742807073.892000,45.420515,6.631730,1678.683285,347.6,10.106644,2.0,9.9
1742807074.891000,45.420612,6.631691,1675.101929,342.4,10.908988,2.0,9.9
1742807075.891000,45.420703,6.631632,1673.819219,337.0,10.908067,1.9,9.9
1742807076.892000,45.420793,6.631585,1673.234195,344.7,10.366428,1.9,9.9
1742807077.892000,45.420886,6.631572,1672.389392,10.5,10.724110,1.9,9.9
1742807078.891000,45.420979,6.631588,1671.682570,357.3,9.454008,2.0,9.9
1742807080.891000,45.421072,6.631555,1667.080975,344.6,4.996972,1.9,9.9
1742807092.892000,45.421108,6.631691,1665.114054,37.2,5.533570,2.1,10.0
1742807094.892000,45.421229,6.631756,1662.441261,44.0,8.258723,2.3,9.9
1742807096.892000,45.421351,6.631897,1656.305169,6.0,9.025898,2.0,9.9
1742807098.891000,45.421517,6.631925,1652.107804,30.0,9.678100,2.1,9.9
1742807099.892000,45.421590,6.632010,1649.264909,44.0,10.957792,2.0,9.9
1742807100.891000,45.421668,6.632076,1645.258437,13.0,9.819560,2.0,9.9
1742807102.890000,45.421812,6.632171,1639.498717,61.8,7.834481,2.1,9.9
1742807104.892000,45.421926,6.632293,1635.287269,21.0,9.557629,2.1,9.9
1742807106.892000,45.422072,6.632431,1628.923820,27.0,10.806015,2.0,9.9
1742807107.892000,45.422156,6.632516,1625.276090,45.0,11.617735,1.9,9.9
1742807108.892000,45.422245,6.632594,1619.842579,15.0,11.578176,1.9,9.9
1742807109.892000,45.422342,6.632646,1617.632765,30.0,11.269970,1.9,9.9
1742807110.892000,45.422414,6.632747,1612.548748,56.0,11.309107,1.8,9.9
1742807111.892000,45.422486,6.632840,1610.452818,25.0,10.969056,1.7,9.9
1742807112.892000,45.422578,6.632870,1604.816569,8.0,10.080229,1.7,9.9
1742807113.892000,45.422669,6.632874,1602.998642,4.1,10.127745,1.8,9.9
1742807114.891000,45.422764,6.632893,1599.157948,13.0,11.397341,1.9,9.9
1742807115.892000,45.422851,6.632967,1594.607278,45.9,12.003994,1.9,9.9
1742807116.891000,45.422938,6.633072,1591.621420,32.0,13.428579,2.0,9.9
1742807117.892000,45.423050,6.633128,1583.919272,9.1,13.016303,1.8,9.9
1742807118.892000,45.423163,6.633128,1579.309106,355.1,12.183108,1.8,9.9
1742807119.892000,45.423280,6.633119,1571.880327,359.0,14.175883,2.2,9.9
1742807120.892000,45.423405,6.633162,1569.329855,25.0,14.707905,2.1,9.9
1742807121.892000,45.423513,6.633280,1565.045859,46.0,15.108446,2.4,9.9
1742807122.892000,45.423611,6.633415,1562.082226,39.0,15.019892,2.2,9.9
1742807123.891000,45.423729,6.633492,1553.936719,9.0,14.277409,2.1,9.9
1742807124.890000,45.423839,6.633480,1548.136429,345.0,10.481623,2.1,9.9
1742807125.891000,45.423932,6.633448,1545.470978,351.0,11.219641,2.2,9.9
1742807126.891000,45.424034,6.633469,1544.440500,21.0,12.219440,2.1,9.9
1742807127.891000,45.424119,6.633554,1542.504174,44.0,10.850082,2.0,9.9
1742807128.891000,45.424189,6.633650,1540.483686,39.0,10.989115,2.1,9.9
1742807129.891000,45.424278,6.633689,1532.822343,1.2,11.124235,2.5,9.9
1742807131.891000,45.424419,6.633624,1526.642424,320.0,6.062239,2.1,9.9
1742807133.891000,45.424498,6.633499,1519.799726,305.0,7.179983,2.6,9.9
1742807135.891000,45.424558,6.633400,1517.969323,309.0,4.140051,2.0,9.9
1742807139.891000,45.424647,6.633261,1511.903932,305.2,5.760652,1.8,9.9
1742807141.891000,45.424775,6.633167,1507.779192,357.9,10.723146,2.0,9.9
1742807142.891000,45.424872,6.633124,1503.128174,325.1,12.258896,1.9,9.9
1742807143.891000,45.424952,6.633010,1494.650830,308.0,12.965009,1.9,9.9
1742807144.890000,45.425015,6.632864,1487.604478,296.0,13.476637,2.2,9.9
1742807145.890000,45.425084,6.632718,1482.546126,310.0,13.928702,2.2,9.9
1742807146.890000,45.425170,6.632635,1480.562281,341.9,9.814179,2.3,9.9
1742807147.889000,45.425264,6.632611,1478.864798,348.0,10.556449,2.6,9.9
1742807148.890000,45.425358,6.632562,1477.347321,328.1,11.464434,2.6,9.9
1742807149.891000,45.425425,6.632465,1474.411887,302.1,10.149911,2.3,9.9
1742807151.891000,45.425571,6.632342,1468.431655,4.0,10.598758,2.7,9.9
1742807152.890000,45.425674,6.632341,1465.368596,349.1,11.135059,2.6,9.9
1742807153.891000,45.425757,6.632275,1464.871156,316.4,10.476823,2.4,9.9
1742807155.891000,45.425849,6.632062,1455.026598,313.9,11.190520,2.7,9.9
1742807156.890000,45.425939,6.631996,1449.193302,348.0,11.686381,2.5,9.9
1742807157.890000,45.426042,6.631999,1444.761294,13.0,10.840112,2.4,9.9
1742807158.890000,45.426136,6.632036,1440.683974,13.0,10.560231,2.2,9.9
1742807159.891000,45.426233,6.632034,1435.343842,345.0,11.665215,2.1,9.9
1742807160.891000,45.426322,6.631957,1432.298606,316.0,11.857324,12.2,9.9
1742807161.890000,45.426397,6.631844,1430.148178,315.0,12.179727,11.9,9.9
1742807162.891000,45.426478,6.631754,1430.280713,327.8,11.129020,2.1,9.9
1742807163.891000,45.426580,6.631760,1427.331751,13.6,11.795367,2.1,9.9
1742807164.890000,45.426688,6.631804,1422.299145,8.0,11.120576,1.9,9.9
1742807165.891000,45.426787,6.631781,1416.557375,335.2,11.695353,2.0,9.9
1742807166.891000,45.426865,6.631676,1411.620024,306.2,12.021053,2.0,9.9
1742807167.891000,45.426906,6.631536,1407.041661,283.0,11.089807,2.0,9.9
1742807168.891000,45.426914,6.631406,1405.307803,269.0,9.211019,2.2,9.9
1742807170.891000,45.426971,6.631172,1400.132547,308.0,10.818151,2.4,9.9
1742807171.891000,45.427020,6.631048,1398.139501,287.0,11.518792,2.3,9.9
1742807172.891000,45.427033,6.630897,1394.678244,272.0,11.999327,2.5,9.9
1742807173.891000,45.427060,6.630746,1392.702706,295.0,12.849645,2.5,9.9
1742807174.890000,45.427129,6.630618,1389.101219,314.0,12.479560,2.8,9.9
1742807175.891000,45.427212,6.630505,1385.424211,315.0,13.159164,2.9,9.9
1742807176.890000,45.427286,6.630380,1379.583870,303.0,12.460057,4.0,9.9
1742807177.891000,45.427336,6.630242,1379.951660,294.0,11.740165,2.6,9.9
1742807178.891000,45.427366,6.630105,1376.613202,280.0,10.690229,3.0,9.9
1742807179.891000,45.427383,6.629966,1373.247361,281.0,10.859957,11.3,9.9
1742807180.891000,45.427412,6.629827,1375.521583,291.0,11.509914,2.6,9.9
1742807181.890000,45.427456,6.629688,1371.275771,294.0,12.179926,12.0,9.9
1742807182.890000,45.427503,6.629537,1370.320730,290.0,13.399840,2.9,9.9
1742807183.890000,45.427543,6.629368,1366.850426,286.0,14.259885,2.7,9.9
1742807184.890000,45.427576,6.629185,1359.803800,283.0,15.479812,3.1,9.9
1742807185.891000,45.427605,6.628991,1354.843399,280.0,15.989902,2.6,9.9
1742807186.890000,45.427629,6.628787,1351.913812,278.0,16.679693,2.4,9.9
1742807187.891000,45.427652,6.628576,1350.980195,279.0,16.280190,12.7,9.9
1742807188.891000,45.427687,6.628380,1347.514055,289.0,15.890274,12.5,9.9
1742807189.891000,45.427737,6.628196,1344.759165,290.0,15.160359,6.0,9.9
1742807190.890000,45.427811,6.628031,1347.090794,305.7,14.825982,2.4,9.9
1742807191.890000,45.427877,6.627868,1346.039036,291.1,14.378963,2.3,9.9
1742807192.891000,45.427932,6.627699,1343.872317,298.0,14.360116,2.5,9.9
1742807193.891000,45.428011,6.627547,1341.850040,309.9,14.716888,2.3,9.9
1742807194.891000,45.428080,6.627390,1339.647666,291.1,14.447495,2.3,9.9
1742807195.890000,45.428131,6.627220,1337.094739,295.0,14.023855,2.3,10.0
1742807196.890000,45.428199,6.627055,1333.835183,300.8,15.620831,2.5,10.1
1742807197.890000,45.428279,6.626894,1329.928312,303.8,15.239624,2.8,10.2
1742807198.891000,45.428378,6.626764,1328.400254,309.8,15.508962,2.6,10.3
1742807199.891000,45.428484,6.626646,1326.098255,315.9,14.327843,2.8,10.3
1742807200.890000,45.428588,6.626556,1323.152362,330.8,13.472332,3.2,10.4
1742807201.890000,45.428681,6.626470,1318.652055,314.1,13.008883,3.1,10.3
1742807202.891000,45.428767,6.626367,1316.937224,333.9,13.516740,3.2,10.2
1742807203.891000,45.428872,6.626297,1313.849924,335.0,13.101586,4.4,10.2
1742807204.891000,45.428990,6.626247,1309.599976,339.9,15.002939,9.8,10.2
1742807205.891000,45.429106,6.626161,1309.599976,322.1,15.285613,3.6,10.2
1742807206.891000,45.429199,6.626028,1305.031989,311.0,15.179035,3.3,10.3
1742807207.891000,45.429273,6.625877,1299.353264,300.0,14.949565,11.6,10.2
1742807208.890000,45.429338,6.625710,1295.745173,297.0,15.508986,12.6,10.2
1742807209.889000,45.429414,6.625555,1292.789722,311.0,14.960279,12.3,10.1
1742807210.891000,45.429506,6.625416,1286.918525,312.0,15.129203,12.3,10.1
1742807211.890000,45.429571,6.625269,1285.104679,292.1,12.665143,12.9,10.0
1742807212.891000,45.429619,6.625132,1283.253351,303.0,12.240432,12.8,10.0
1742807213.891000,45.429689,6.625009,1274.099108,313.0,12.798058,1.9,9.9
1742807214.890000,45.429760,6.624879,1271.141446,300.0,12.449875,1.9,9.9
1742807215.890000,45.429814,6.624742,1274.392199,297.0,11.591935,2.6,9.9
1742807216.890000,45.429874,6.624618,1271.678357,310.0,12.019006,2.8,9.9
1742807217.890000,45.429933,6.624491,1272.315989,291.0,11.828851,12.4,9.9
1742807218.891000,45.429952,6.624348,1270.317396,270.0,10.930259,12.6,9.9
1742807219.890000,45.429948,6.624208,1273.563810,267.0,11.139584,2.6,9.9
1742807220.891000,45.429953,6.624061,1271.408780,273.9,11.568119,3.0,9.9
1742807221.891000,45.429962,6.623904,1269.752949,275.0,12.185097,2.5,9.9
1742807222.890000,45.429956,6.623742,1267.142006,260.2,12.555567,2.5,9.9
1742807223.890000,45.429922,6.623600,1264.552552,254.2,11.141873,2.6,9.9
1742807224.891000,45.429908,6.623463,1261.273750,268.7,10.554959,3.0,9.9
1742807225.891000,45.429919,6.623327,1260.803528,277.8,10.635336,2.2,9.9
1742807226.891000,45.429925,6.623195,1259.155325,270.2,10.471528,2.3,9.9
1742807227.891000,45.429924,6.623050,1255.950233,272.0,11.387894,2.2,9.9
1742807228.891000,45.429936,6.622902,1253.821390,278.9,11.828170,2.5,9.9
1742807229.890000,45.429961,6.622745,1252.278350,283.9,12.757705,2.5,9.9
1742807230.891000,45.429998,6.622578,1246.896633,286.0,13.385972,3.0,9.9
1742807231.891000,45.430039,6.622409,1244.505807,288.0,13.810246,3.1,9.9
1742807232.891000,45.430088,6.622252,1241.589500,292.9,13.303566,2.9,9.9
1742807233.891000,45.430140,6.622133,1240.688096,293.0,10.814260,2.6,9.9
1742807235.890000,45.430218,6.621961,1237.044870,334.5,7.727890,2.9,9.9
1742807237.891000,45.430264,6.621848,1235.772528,320.3,4.466867,2.9,9.9
1742807241.891000,45.430296,6.621697,1234.045480,282.0,3.747976,3.3,10.1
1742807243.891000,45.430314,6.621519,1234.764999,283.0,7.918927,2.3,10.1
1742807245.891000,45.430353,6.621301,1231.475565,285.0,9.179825,2.7,9.9
1742807247.890000,45.430411,6.621057,1227.055664,294.0,10.359557,2.0,9.9
1742807248.891000,45.430456,6.620939,1226.217237,301.0,10.469189,2.1,9.9
1742807249.891000,45.430510,6.620835,1224.783535,309.0,9.614268,2.0,9.9
1742807250.891000,45.430575,6.620747,1223.746871,312.9,9.511865,2.2,9.9
1742807252.891000,45.430705,6.620623,1222.407788,329.0,8.245254,2.4,9.9
1742807254.891000,45.430814,6.620519,1221.796496,333.0,7.396559,2.7,9.9
1742807256.890000,45.430908,6.620400,1221.557750,318.2,6.921673,2.9,9.9
1742807258.891000,45.430967,6.620257,1221.354463,303.4,6.323769,3.0,9.9
1742807260.891000,45.431006,6.620128,1221.086800,309.8,5.259319,2.7,9.9
1742807264.891000,45.431052,6.620018,1221.545189,325.0,1.751407,2.6,10.5
1742807282.891000,45.431044,6.619889,1224.280115,231.9,0.491587,3.5,10.0
1742807328.890000,45.430938,6.619819,1270.002127,228.8,2.998926,5.7,10.4
1742807331.891000,45.430831,6.619746,1269.604773,223.9,2.390599,8.1,10.2
1742807334.891000,45.430715,6.619670,1266.594948,214.1,3.871509,1.5,7.5
1742807337.889000,45.430601,6.619604,1276.654873,205.4,3.691462,5.1,4.8
1742807340.891000,45.430490,6.619540,1282.918691,205.5,3.019344,2.4,3.8
1742807343.891000,45.430404,6.619486,1240.060369,206.6,3.169645,2.9,3.8
1742807346.891000,45.430316,6.619440,1296.634558,202.8,3.129838,1.6,3.8
1742807350.889000,45.430211,6.619374,1258.413967,199.1,3.088081,2.9,3.8
1742807354.891000,45.430110,6.619298,1320.648815,198.6,3.088983,8.8,3.8
1742807358.891000,45.430007,6.619226,1330.127207,202.9,3.259766,5.1,3.8
1742807362.890000,45.429910,6.619150,1336.220606,203.9,3.117709,5.7,3.8
1742807366.890000,45.429806,6.619084,1344.280664,204.6,3.105644,5.6,3.8
1742807370.890000,45.429699,6.619014,1354.759822,205.7,3.226208,3.7,3.8
1742807374.891000,45.429595,6.618944,1365.481739,207.0,2.711909,7.8,3.8
1742807377.891000,45.429511,6.618894,1373.202663,206.0,4.091366,9.8,3.8
1742807380.890000,45.429420,6.618828,1327.370715,205.0,3.814918,2.7,3.8
1742807383.890000,45.429329,6.618758,1331.629931,206.0,3.777763,2.6,3.8
1742807386.891000,45.429233,6.618682,1385.822909,206.0,3.639710,5.7,3.8
1742807389.891000,45.429141,6.618611,1393.122500,207.0,3.679183,1.4,3.8
1742807392.891000,45.429050,6.618543,1395.601569,207.0,3.689919,9.1,3.8
1742807395.890000,45.428961,6.618476,1396.919032,207.0,3.660632,5.4,3.8
1742807398.889000,45.428870,6.618412,1407.746130,207.0,3.660661,1.4,3.8
1742807401.891000,45.428784,6.618349,1412.663980,208.0,3.639097,1.9,6.2
1742807404.891000,45.428700,6.618288,1418.291523,208.0,3.540689,1.9,8.9
1742807407.891000,45.428616,6.618222,1415.921420,208.0,3.440526,2.0,9.9
1742807410.890000,45.428530,6.618160,1427.381760,207.0,3.609048,9.0,9.9
1742807413.889000,45.428445,6.618101,1435.335844,208.0,3.519493,2.0,9.9
1742807416.891000,45.428358,6.618038,1441.788404,208.0,3.519837,2.0,9.9
1742807419.891000,45.428273,6.617978,1448.119025,207.0,3.430025,1.4,9.9
1742807423.890000,45.428158,6.617906,1450.059834,207.0,3.936427,5.4,9.9
1742807426.890000,45.428064,6.617846,1457.123759,207.0,3.798465,9.3,9.9
1742807429.890000,45.427972,6.617780,1465.184202,207.0,3.689677,1.4,9.9
1742807432.891000,45.427884,6.617719,1470.274527,208.0,3.689462,1.4,9.9
1742807435.891000,45.427797,6.617657,1475.406332,207.0,3.600694,1.4,9.9
1742807438.890000,45.427711,6.617598,1477.097821,207.0,3.471779,7.0,9.9
1742807441.891000,45.427622,6.617538,1483.138543,208.0,3.599664,8.5,9.9
1742807444.891000,45.427535,6.617482,1491.316764,208.0,3.539714,1.4,9.9
1742807447.891000,45.427444,6.617426,1496.931965,207.0,3.928576,1.4,9.9
1742807450.891000,45.427349,6.617366,1500.843818,206.0,3.738171,1.4,9.9
1742807453.891000,45.427255,6.617307,1502.905462,206.0,3.670192,7.1,9.9
1742807456.890000,45.427162,6.617244,1511.287249,206.0,3.679662,1.4,9.9
1742807459.891000,45.427072,6.617181,1515.383904,207.0,3.550261,1.4,9.9
1742807462.891000,45.426981,6.617119,1521.155807,206.0,3.809053,1.4,9.9
1742807465.891000,45.426892,6.617061,1525.921778,205.0,3.550275,1.4,9.9
1742807468.891000,45.426808,6.617006,1531.495930,206.0,3.550691,1.4,9.9
1742807471.890000,45.426724,6.616953,1537.470506,206.0,3.540457,1.4,9.9
1742807474.890000,45.426635,6.616893,1542.719488,205.0,3.659161,1.4,9.9
1742807477.891000,45.426544,6.616829,1548.984078,205.0,3.530303,1.4,9.9
1742807480.890000,45.426458,6.616766,1553.560143,202.0,3.430874,1.4,9.9
1742807483.891000,45.426379,6.616698,1558.385485,206.0,3.560239,7.0,9.9
1742807486.891000,45.426294,6.616635,1566.186830,207.0,3.491058,1.4,9.9
1742807489.890000,45.426214,6.616576,1572.596546,207.0,3.311474,1.4,9.9
1742807493.890000,45.426107,6.616498,1581.737979,207.0,3.469742,1.4,9.9
1742807496.891000,45.426024,6.616440,1587.374837,207.0,3.459452,1.4,9.9
1742807499.891000,45.425940,6.616387,1595.243459,205.0,3.665155,1.4,9.9
1742807502.891000,45.425853,6.616334,1601.894608,206.0,3.389557,1.4,9.9
1742807505.891000,45.425764,6.616277,1609.105408,206.0,3.331526,1.4,10.0
1742807509.891000,45.425660,6.616207,1617.432937,206.0,3.310126,1.4,10.0
1742807513.891000,45.425563,6.616133,1627.708927,206.0,3.230625,1.5,9.9
1742807517.891000,45.425462,6.616059,1636.870598,207.0,3.298527,1.4,9.9
1742807520.891000,45.425376,6.615990,1644.046261,205.0,4.015584,1.4,9.9
1742807523.890000,45.425285,6.615925,1648.751068,205.0,3.876793,1.4,9.9
1742807526.891000,45.425199,6.615860,1654.677825,205.0,3.687897,1.4,9.9
1742807529.891000,45.425111,6.615800,1659.830246,206.0,3.698712,1.4,9.9
1742807532.890000,45.425019,6.615747,1665.167152,205.0,3.578924,1.4,9.9
1742807535.891000,45.424926,6.615686,1670.572742,205.0,3.669473,1.4,9.9
1742807538.891000,45.424835,6.615627,1676.085247,205.0,3.363000,1.4,9.9
1742807541.890000,45.424753,6.615567,1681.185699,205.0,3.609252,1.5,9.9
1742807544.890000,45.424668,6.615505,1686.926292,205.0,3.490003,1.5,9.9
1742807547.891000,45.424583,6.615449,1692.840610,205.0,3.459525,1.4,9.9
1742807550.891000,45.424498,6.615388,1698.289733,205.0,3.341369,1.4,9.9
1742807553.890000,45.424414,6.615326,1704.890461,206.0,3.449810,1.4,9.9
1742807556.891000,45.424328,6.615265,1710.124707,206.0,3.399923,1.4,9.9
1742807559.891000,45.424243,6.615204,1717.505357,205.0,3.380037,1.4,9.9
1742807562.891000,45.424162,6.615143,1723.532705,205.0,3.409922,1.4,9.9
1742807565.891000,45.424080,6.615085,1729.943231,205.0,3.420264,1.4,9.9
1742807569.891000,45.423982,6.615007,1739.043713,206.0,3.476135,1.4,9.9
1742807572.891000,45.423891,6.614939,1744.417217,205.0,3.560348,1.5,9.9
1742807575.890000,45.423801,6.614874,1748.613662,207.0,3.570642,1.4,9.9
1742807578.891000,45.423714,6.614812,1754.202709,208.0,3.528670,1.4,9.9
1742807581.889000,45.423623,6.614750,1759.427947,207.0,3.609417,1.4,9.9
1742807584.890000,45.423527,6.614692,1763.933906,206.2,3.614532,1.4,9.9
1742807587.891000,45.423435,6.614638,1769.743502,206.0,3.563927,1.4,9.9
1742807590.891000,45.423345,6.614580,1774.583763,206.0,3.592431,1.4,9.9
1742807593.891000,45.423260,6.614520,1780.084301,205.7,3.533428,1.4,9.9
1742807596.891000,45.423175,6.614464,1786.708892,204.1,3.474755,1.4,9.9
1742807599.891000,45.423089,6.614410,1792.468239,203.2,3.380617,1.4,9.9
1742807602.890000,45.422990,6.614346,1796.410628,203.7,3.791608,1.4,9.9
1742807605.890000,45.422894,6.614276,1799.695723,204.0,3.870327,1.4,9.9
1742807608.891000,45.422801,6.614209,1802.189367,204.0,3.842531,1.4,9.9
1742807611.891000,45.422707,6.614141,1805.397374,204.0,3.843030,1.4,9.9
1742807614.891000,45.422614,6.614073,1808.712346,205.0,3.879002,1.4,9.9
1742807617.891000,45.422520,6.614007,1812.054403,205.0,3.820371,1.4,9.9
1742807620.890000,45.422427,6.613946,1826.252271,205.0,3.799914,1.4,9.9
1742807623.891000,45.422335,6.613882,1826.596352,204.0,3.760365,1.4,9.9
1742807626.890000,45.422243,6.613819,1831.706218,205.0,3.671163,1.4,9.9
1742807629.889000,45.422152,6.613757,1827.355683,205.0,3.869718,1.4,9.9
1742807632.889000,45.422060,6.613696,1831.102655,205.0,3.750798,1.4,9.9
1742807635.890000,45.421967,6.613634,1835.089969,205.0,3.769832,1.4,9.9
1742807638.890000,45.421877,6.613569,1839.476532,205.0,3.779720,1.4,9.9
1742807641.889000,45.421796,6.613513,1843.427584,205.0,3.644091,1.4,9.9
1742807644.889000,45.421696,6.613452,1846.226075,205.0,3.740993,1.4,9.9
1742807647.890000,45.421601,6.613384,1848.468246,205.0,3.800831,1.4,9.9
1742807650.890000,45.421507,6.613316,1859.037316,205.0,3.900000,1.4,9.9
1742807653.890000,45.421414,6.613245,1860.830219,205.0,3.840179,1.4,9.9
1742807656.890000,45.421322,6.613173,1863.840046,206.0,3.899995,1.4,9.9
1742807659.890000,45.421228,6.613105,1860.392467,205.0,3.780465,1.4,9.9
1742807662.890000,45.421131,6.613039,1862.505292,206.0,3.889654,1.4,9.9
1742807665.889000,45.421036,6.612975,1872.432129,206.0,3.849734,1.4,9.9
1742807668.890000,45.420941,6.612910,1869.725648,206.0,3.819456,1.4,9.9
1742807671.889000,45.420844,6.612843,1873.584053,207.0,3.810769,1.4,9.9
1742807674.890000,45.420753,6.612782,1877.244609,207.0,3.818785,1.4,9.9
1742807677.889000,45.420660,6.612716,1880.920381,207.0,3.780258,1.4,9.9
1742807680.890000,45.420567,6.612652,1892.051277,206.0,3.621290,1.4,9.9
1742807683.890000,45.420472,6.612586,1895.264727,206.0,3.979893,1.4,9.9
1742807686.889000,45.420377,6.612518,1894.263916,206.0,3.880347,1.4,9.9
1742807689.890000,45.420284,6.612448,1893.462859,206.0,3.830945,1.4,9.9
1742807692.890000,45.420190,6.612380,1901.410407,206.0,3.890087,1.4,9.9
1742807695.889000,45.420095,6.612315,1904.002686,206.0,3.900344,1.4,9.9
1742807698.890000,45.420001,6.612252,1907.310583,207.0,3.830504,1.4,9.9
1742807701.890000,45.419908,6.612189,1906.451558,206.0,3.859730,1.4,9.9
1742807704.890000,45.419817,6.612126,1909.217783,206.0,3.849814,1.4,9.9
1742807707.889000,45.419727,6.612062,1916.767756,207.0,3.819890,1.4,9.9
1742807710.890000,45.419633,6.611999,1919.988770,207.0,3.780517,1.4,9.9
1742807713.888000,45.419539,6.611931,1924.622886,206.0,3.738821,1.4,9.9
1742807716.890000,45.419438,6.611859,1922.591713,206.0,3.851595,1.4,9.9
1742807719.890000,45.419340,6.611790,1925.188587,206.0,3.890453,1.4,9.9
1742807722.890000,45.419246,6.611720,1930.433105,206.0,3.919473,1.4,9.9
1742807725.890000,45.419151,6.611651,1929.634442,207.0,3.860679,1.4,9.9
1742807728.890000,45.419057,6.611583,1935.322739,206.0,3.889826,1.4,9.9
1742807731.890000,45.418965,6.611508,1934.324075,217.0,3.890153,1.4,9.9
1742807734.890000,45.418869,6.611448,1937.528078,208.0,3.859675,1.4,9.9
1742807737.890000,45.418774,6.611383,1947.116347,208.0,3.929893,1.4,9.9
1742807740.890000,45.418682,6.611317,1946.817160,207.0,3.879828,1.4,9.9
1742807743.889000,45.418588,6.611250,1952.234234,207.0,3.870353,1.4,9.9
1742807746.890000,45.418495,6.611186,1949.603391,207.0,3.820415,1.4,9.9
1742807749.890000,45.418404,6.611127,1953.162002,206.0,3.826819,1.4,9.9
1742807752.889000,45.418304,6.611065,1955.499802,205.0,3.861178,1.4,9.9
1742807755.890000,45.418206,6.611000,1956.964202,206.0,3.939667,1.4,9.9
1742807758.889000,45.418107,6.610933,1958.281195,205.0,3.959810,1.4,9.9
1742807761.890000,45.418006,6.610866,1958.496447,207.0,3.953420,1.4,10.1
1742807770.890000,45.417925,6.610803,1961.697073,195.2,0.779040,1.4,10.6
1742807774.890000,45.417830,6.610701,1958.993255,220.0,3.669992,1.5,10.1
1742807777.890000,45.417756,6.610608,1958.268070,228.7,3.407743,1.4,9.9
1742807781.890000,45.417678,6.610507,1957.864486,195.1,2.672819,1.4,9.9
1742807786.890000,45.417586,6.610489,1957.435303,174.0,0.772601,1.4,9.9
1742807809.889000,45.417538,6.610366,1955.217711,245.2,2.990936,1.4,9.9
1742807812.888000,45.417558,6.610184,1953.444026,284.3,4.899583,1.4,9.9
1742807814.890000,45.417572,6.610010,1950.879260,277.1,6.168522,1.4,9.9
1742807816.890000,45.417586,6.609805,1948.677095,277.6,7.563713,1.5,9.9
1742807818.889000,45.417593,6.609562,1945.468937,275.3,9.159970,1.5,9.9
1742807819.890000,45.417596,6.609422,1943.724778,274.0,10.041529,1.5,9.9
1742807820.890000,45.417586,6.609279,1939.794182,267.6,10.478425,1.5,9.9
1742807821.890000,45.417557,6.609146,1938.546801,257.7,10.243166,1.5,9.9
1742807822.889000,45.417522,6.609028,1937.809589,257.8,9.890879,1.5,9.9
1742807824.890000,45.417434,6.608822,1937.568012,254.5,9.175936,1.5,9.9
1742807826.890000,45.417391,6.608636,1937.300256,283.8,7.522088,1.6,9.9
1742807828.890000,45.417416,6.608469,1934.300049,277.6,7.016649,1.6,9.9
1742807830.890000,45.417399,6.608307,1934.300049,285.5,6.594783,1.6,9.9
1742807832.889000,45.417413,6.608172,1934.300049,308.3,5.513620,1.6,9.9
1742807837.890000,45.417336,6.608075,1931.573316,203.0,1.918632,2.0,12.5
1742807842.890000,45.417223,6.608062,1930.996972,174.0,2.927591,2.0,9.9
1742807845.888000,45.417135,6.608086,1930.420667,168.0,3.608407,1.8,9.9
1742807848.889000,45.417040,6.608123,1929.804501,154.0,3.770667,1.9,9.9
1742807851.890000,45.416944,6.608178,1929.322457,159.0,3.845699,2.0,9.9
1742807854.890000,45.416818,6.608198,1928.773078,174.8,4.970527,2.1,9.9
1742807856.889000,45.416705,6.608141,1926.925067,219.4,5.527861,2.2,9.9
1742807858.890000,45.416662,6.607977,1924.702880,270.6,5.921733,2.2,9.9
1742807860.890000,45.416707,6.607788,1921.958464,287.0,7.654572,2.1,9.9
1742807862.890000,45.416743,6.607576,1919.455985,286.8,8.248057,2.4,9.9
1742807864.889000,45.416855,6.607422,1919.591048,322.8,8.990504,3.0,9.9
1742807866.889000,45.416995,6.607259,1915.611485,320.9,10.069016,2.9,9.9
1742807867.890000,45.417083,6.607197,1914.097689,336.7,10.618454,2.7,9.9
1742807868.890000,45.417182,6.607144,1908.866084,329.1,11.422715,2.1,9.9
1742807869.890000,45.417273,6.607064,1906.381110,332.9,11.624237,2.0,9.9
1742807870.890000,45.417370,6.606999,1904.657902,333.0,11.747309,2.2,9.9
1742807871.889000,45.417470,6.606933,1901.372895,320.3,11.931250,2.1,9.9
1742807872.890000,45.417556,6.606835,1898.689353,341.6,11.964921,2.1,9.9
1742807873.890000,45.417662,6.606774,1897.061515,352.8,12.490415,2.0,9.9
1742807874.889000,45.417771,6.606746,1893.085752,345.1,12.166529,2.1,9.9
1742807875.889000,45.417881,6.606707,1889.911933,345.0,12.923648,2.0,9.9
1742807876.890000,45.417997,6.606662,1886.645568,351.9,13.219302,2.0,9.9
1742807877.889000,45.418121,6.606630,1884.633511,352.0,14.152576,2.0,9.9
1742807878.890000,45.418253,6.606622,1878.518889,349.1,14.189964,2.0,9.9
1742807879.889000,45.418378,6.606590,1873.567158,348.0,14.170979,2.0,9.9
1742807880.889000,45.418504,6.606537,1871.477600,337.0,15.646386,2.0,9.9
1742807881.889000,45.418628,6.606497,1868.498130,358.9,13.822673,2.2,9.9
1742807882.890000,45.418765,6.606526,1862.115911,11.0,16.419704,2.2,9.9
1742807883.890000,45.418908,6.606539,1858.541576,353.0,15.321043,2.1,9.9
1742807884.890000,45.419043,6.606493,1855.220961,341.0,15.669510,2.2,9.9
1742807885.890000,45.419181,6.606459,1852.525851,358.0,15.529332,2.3,9.9
1742807886.889000,45.419319,6.606484,1848.345141,12.0,15.619766,2.3,9.9
1742807887.889000,45.419459,6.606534,1842.442079,12.0,16.268915,2.3,9.9
1742807888.889000,45.419607,6.606528,1835.337741,348.1,18.127693,2.3,9.9
1742807889.889000,45.419763,6.606450,1830.807803,338.3,18.339191,2.4,9.9
1742807890.890000,45.419913,6.606374,1826.557497,343.2,17.713991,2.3,9.9
1742807891.888000,45.420060,6.606304,1816.662909,337.3,17.164110,2.3,9.9
1742807892.890000,45.420188,6.606187,1812.526047,316.0,17.034533,2.6,9.9
1742807893.890000,45.420273,6.605996,1811.156532,293.6,17.336706,3.4,9.9
1742807894.890000,45.420335,6.605786,1804.878728,297.6,16.891195,3.0,9.9
1742807895.889000,45.420425,6.605628,1800.113897,323.0,15.070101,3.0,9.9
1742807896.890000,45.420548,6.605535,1797.602224,336.0,15.279560,3.3,9.9
1742807897.888000,45.420681,6.605464,1791.617754,340.0,15.849803,3.1,9.9
1742807898.890000,45.420804,6.605358,1781.449699,319.0,16.309322,2.2,9.9
1742807899.890000,45.420920,6.605219,1776.869015,323.0,16.795818,2.3,9.9
1742807900.890000,45.421059,6.605127,1771.935635,343.8,16.680618,2.3,9.9
1742807901.889000,45.421203,6.605052,1766.860677,333.0,17.377831,2.4,9.9
1742807902.889000,45.421337,6.604926,1757.021033,321.0,18.465626,2.3,9.9
1742807903.889000,45.421482,6.604808,1749.173428,338.9,19.088993,2.3,9.9
1742807904.890000,45.421653,6.604747,1742.552076,346.9,18.966137,2.3,9.9
1742807905.890000,45.421832,6.604671,1731.169665,339.0,21.931189,2.3,9.9
1742807906.890000,45.422011,6.604544,1723.332193,328.2,21.348156,2.2,9.9
1742807907.889000,45.422172,6.604412,1717.658510,332.0,19.370340,2.2,9.9
1742807908.890000,45.422317,6.604330,1715.972702,341.9,15.786775,2.1,9.9
1742807909.890000,45.422417,6.604356,1716.194735,28.3,9.880394,2.2,9.9
1742807910.889000,45.422494,6.604432,1716.534814,23.0,10.339559,2.3,9.9
1742807911.890000,45.422579,6.604481,1717.148649,19.0,9.330285,2.4,9.9
1742807913.889000,45.422729,6.604558,1716.442934,20.0,8.010077,2.5,9.9
1742807915.889000,45.422852,6.604637,1716.194735,27.0,6.930060,2.5,9.9
1742807917.890000,45.422966,6.604703,1716.194735,17.0,6.593245,2.6,9.9
1742807919.890000,45.423076,6.604751,1716.077338,14.1,6.503755,2.6,9.9
1742807921.890000,45.423198,6.604799,1714.953848,16.0,7.420688,2.5,9.9
1742807923.890000,45.423339,6.604863,1715.128637,27.9,8.301608,3.4,9.9
1742807925.890000,45.423482,6.604981,1712.730720,38.8,9.267257,3.4,9.9
1742807926.889000,45.423547,6.605071,1711.420124,44.9,9.788662,3.4,9.9
1742807927.890000,45.423613,6.605167,1709.435980,46.0,10.378884,3.1,9.9
1742807928.890000,45.423680,6.605268,1706.465754,46.0,10.802294,1.9,9.9
1742807929.889000,45.423747,6.605372,1706.270239,46.6,10.887883,1.9,9.9
1742807930.889000,45.423803,6.605483,1702.916018,70.5,10.016261,1.9,9.9
1742807931.890000,45.423871,6.605589,1702.094263,47.6,11.027695,1.9,9.9
1742807932.890000,45.423947,6.605681,1701.454750,38.5,10.230324,1.8,9.9
1742807934.890000,45.424068,6.605754,1700.450352,11.7,3.372708,1.8,9.9
1742807943.890000,45.424166,6.605803,1698.598542,33.5,3.801060,2.0,9.9
1742807945.889000,45.424246,6.605894,1697.842140,34.0,5.311579,2.1,9.9
1742807947.890000,45.424352,6.606000,1695.769379,32.3,6.741557,2.1,9.9
1742807949.890000,45.424485,6.606117,1692.341762,29.8,8.189915,2.1,9.9
1742807951.890000,45.424638,6.606247,1691.949273,34.0,9.222171,3.4,9.9
1742807953.889000,45.424775,6.606412,1689.813010,45.4,9.751564,2.8,9.9
1742807954.890000,45.424833,6.606523,1688.672888,50.9,10.255164,2.7,9.9
1742807955.890000,45.424880,6.606657,1685.651760,59.0,10.864670,2.8,9.9
1742807956.890000,45.424916,6.606803,1684.084800,64.9,11.334100,2.8,9.9
1742807957.890000,45.424950,6.606957,1679.932063,69.4,11.748237,1.9,9.9
1742807958.888000,45.424982,6.607113,1679.710964,70.7,11.998993,1.9,9.9
1742807959.890000,45.425010,6.607269,1681.023032,72.9,12.158182,2.1,9.9
1742807960.889000,45.425034,6.607426,1676.992168,75.1,12.260886,2.0,9.9
1742807961.890000,45.425057,6.607586,1675.431155,76.1,12.555744,1.9,9.9
1742807962.890000,45.425087,6.607752,1673.676147,63.3,13.328109,1.8,9.9
1742807963.890000,45.425146,6.607905,1672.583575,43.4,13.096702,2.0,9.9
1742807964.890000,45.425232,6.608014,1667.982457,20.5,12.374619,1.8,9.9
1742807965.890000,45.425330,6.608065,1664.864616,6.2,11.635598,1.8,9.9
1742807966.890000,45.425437,6.608063,1663.727858,348.3,12.069305,1.6,9.9
1742807967.889000,45.425550,6.608028,1659.177389,337.3,12.595600,1.8,9.9
1742807968.890000,45.425653,6.607935,1654.531490,330.1,13.186148,1.7,9.9
1742807969.890000,45.425757,6.607820,1650.782765,323.2,14.620831,1.8,9.9
1742807970.889000,45.425856,6.607676,1645.804725,314.2,15.378482,1.9,9.9
1742807971.890000,45.425958,6.607531,1639.223247,320.8,15.532607,2.0,9.9
1742807972.890000,45.426067,6.607426,1637.384573,331.7,14.357800,1.8,9.9
1742807973.889000,45.426170,6.607344,1632.698616,294.8,13.229145,2.0,9.9
1742807974.889000,45.426227,6.607232,1629.179823,312.6,10.597520,2.0,9.9
1742807976.889000,45.426343,6.607103,1627.459487,30.2,7.053975,2.1,9.9
1742807978.890000,45.426454,6.607100,1625.571555,339.1,6.646002,2.2,9.9
1742807980.890000,45.426605,6.607107,1623.386743,1.0,9.438966,2.1,9.9
1742807981.890000,45.426706,6.607140,1623.443072,358.0,11.461492,3.3,9.9
1742807982.890000,45.426812,6.607163,1619.850829,15.7,11.552353,3.1,9.9
1742807983.890000,45.426918,6.607199,1616.031698,355.4,12.231379,2.8,10.0
1742807984.889000,45.427049,6.607208,1611.476194,1.9,13.989614,2.7,10.0
1742807985.889000,45.427183,6.607265,1604.828127,12.7,15.127459,3.0,10.0
1742807986.890000,45.427318,6.607318,1598.562878,346.8,15.559247,2.8,10.1
1742807987.889000,45.427483,6.607292,1590.703740,358.7,18.048506,1.7,10.1
1742807988.890000,45.427656,6.607308,1586.810855,0.9,17.671858,2.3,10.1
1742807989.890000,45.427824,6.607310,1580.428970,354.1,18.701138,1.8,10.2
1742807990.890000,45.428004,6.607314,1577.554585,6.8,20.105623,3.7,10.2
1742807991.890000,45.428182,6.607330,1570.917148,359.2,19.542837,1.8,10.3
1742807992.890000,45.428332,6.607287,1566.180489,348.4,17.832924,1.9,10.5
1742807993.890000,45.428464,6.607229,1560.435771,348.0,18.254551,1.6,10.5
1742807994.890000,45.428604,6.607163,1554.885638,344.2,18.320213,3.6,10.6
1742807995.890000,45.428739,6.607085,1550.771561,345.0,16.909784,4.4,10.6
1742807996.889000,45.428874,6.607008,1544.005120,342.1,17.590433,1.7,10.6
1742807997.889000,45.429036,6.606932,1537.302256,345.8,19.550903,4.6,10.6
1742807998.890000,45.429232,6.606916,1532.429247,356.8,21.949541,4.4,10.7
1742807999.889000,45.429380,6.606974,1527.571477,12.7,15.305725,4.8,10.7
1742808001.889000,45.429492,6.607211,1518.520964,40.1,13.985935,1.8,10.6
1742808002.888000,45.429508,6.607376,1513.375838,88.3,14.053576,2.0,10.4
1742808003.889000,45.429487,6.607558,1509.688750,91.0,12.774628,2.0,10.3
1742808004.890000,45.429483,6.607742,1505.059388,86.0,14.893999,2.0,10.1
1742808005.890000,45.429495,6.607942,1497.680230,85.0,15.856131,2.1,10.0
1742808006.890000,45.429492,6.608151,1492.853414,95.9,15.610230,2.0,10.0
1742808007.890000,45.429456,6.608356,1488.663343,107.8,16.198015,2.1,10.0
1742808008.890000,45.429415,6.608561,1482.274950,100.1,16.038582,3.9,10.1
1742808009.889000,45.429400,6.608768,1477.648897,98.1,15.667766,4.1,10.3
1742808010.890000,45.429393,6.608979,1473.364444,95.0,16.042843,3.1,10.5
1742808011.890000,45.429373,6.609213,1471.108411,98.0,17.027283,3.8,10.6
1742808012.890000,45.429350,6.609439,1468.620526,98.0,16.443195,3.6,10.7
1742808013.889000,45.429330,6.609645,1466.044147,101.0,15.402787,3.4,10.7
1742808014.889000,45.429301,6.609833,1464.521913,102.0,14.621645,2.9,10.5
1742808015.889000,45.429275,6.610020,1463.102481,99.0,13.791525,2.7,10.5
1742808016.890000,45.429258,6.610203,1463.177454,96.0,13.480139,4.3,10.3
1742808017.889000,45.429244,6.610373,1462.504899,95.0,12.560589,4.0,10.2
1742808018.889000,45.429232,6.610538,1462.251620,94.0,12.190308,3.6,10.0
1742808019.890000,45.429224,6.610696,1461.046637,93.0,11.945453,3.6,10.0
1742808020.890000,45.429226,6.610852,1460.285714,86.1,11.557920,3.7,10.0
1742808021.890000,45.429242,6.610994,1459.841822,83.0,10.766761,3.7,10.0
1742808022.890000,45.429263,6.611122,1459.461715,79.1,10.240955,3.6,9.9
1742808024.889000,45.429312,6.611355,1460.819357,77.0,9.629880,1.9,9.9
1742808026.889000,45.429347,6.611575,1457.091070,79.0,8.652735,4.5,9.9
1742808028.890000,45.429382,6.611774,1456.571843,77.9,8.272471,4.4,9.9
1742808030.889000,45.429416,6.611986,1454.708703,77.6,8.859256,4.1,9.9
1742808032.890000,45.429446,6.612239,1449.192036,80.7,9.836040,1.6,9.9
1742808033.890000,45.429459,6.612377,1446.835832,80.8,10.276677,2.1,9.9
1742808034.890000,45.429477,6.612520,1445.506461,78.6,10.824294,2.1,9.9
1742808035.889000,45.429503,6.612670,1445.709890,77.0,11.482812,2.2,9.9
1742808036.890000,45.429535,6.612822,1442.439518,76.3,11.913860,2.0,9.9
1742808037.890000,45.429567,6.612974,1441.591524,80.2,12.098571,4.4,9.9
1742808038.889000,45.429590,6.613124,1438.972587,77.2,11.878037,3.9,9.9
1742808039.890000,45.429619,6.613266,1438.466804,74.7,11.690165,4.1,9.9
1742808040.890000,45.429651,6.613403,1437.822113,78.5,11.537531,4.1,9.9
1742808041.890000,45.429670,6.613542,1436.835409,90.9,11.217891,3.7,9.9
1742808042.890000,45.429675,6.613684,1435.242597,86.1,11.226163,3.2,9.9
1742808043.889000,45.429691,6.613830,1434.206945,78.5,11.431754,3.2,9.9
1742808044.890000,45.429715,6.613982,1430.648378,84.0,11.853444,2.8,9.9
1742808045.890000,45.429722,6.614143,1427.767969,94.2,12.145343,3.0,9.9
1742808046.889000,45.429706,6.614305,1424.263307,96.3,12.434634,4.4,9.9
1742808047.889000,45.429687,6.614483,1426.130518,97.0,14.240437,1.4,9.9
1742808048.889000,45.429693,6.614670,1417.787924,75.2,15.511832,3.6,9.9
1742808049.889000,45.429716,6.614861,1412.970854,89.0,14.861791,2.6,9.9
1742808050.890000,45.429691,6.615042,1406.768123,111.4,14.738976,3.7,9.9
1742808051.890000,45.429653,6.615226,1403.140018,93.1,15.696348,3.5,9.9
1742808052.889000,45.429653,6.615428,1398.820644,89.6,15.770672,3.9,9.9
1742808053.889000,45.429648,6.615627,1398.635627,92.7,15.728375,1.5,9.9
1742808054.889000,45.429663,6.615802,1391.597605,79.4,13.591167,1.4,9.9
1742808055.890000,45.429705,6.615950,1384.041135,62.4,12.369708,4.4,9.9
1742808056.890000,45.429733,6.616082,1380.334275,87.2,10.102664,4.7,9.9
1742808058.890000,45.429716,6.616316,1377.819282,77.7,9.502516,2.0,9.9
1742808060.890000,45.429813,6.616451,1370.654405,40.7,7.264701,4.7,9.9
1742808079.890000,45.429931,6.616528,1362.514953,71.0,7.368047,4.0,9.9
1742808081.890000,45.429956,6.616742,1361.818328,89.0,9.918958,1.4,9.9
1742808082.890000,45.429952,6.616879,1355.993172,93.0,10.729502,2.3,9.9
1742808083.890000,45.429941,6.617021,1352.279163,98.0,11.969132,4.7,9.9
1742808084.889000,45.429922,6.617165,1349.912816,102.0,11.080617,4.5,9.9
1742808085.890000,45.429901,6.617290,1348.072637,104.0,9.321136,4.9,9.9
1742808087.889000,45.429873,6.617499,1347.033853,89.1,7.046096,4.9,9.9
1742808099.889000,45.429962,6.617466,1343.625481,339.0,2.065208,2.8,10.3
1742808102.889000,45.430066,6.617480,1340.941907,13.4,5.409413,1.8,10.2
1742808103.889000,45.430140,6.617563,1338.183330,39.7,10.524816,1.7,10.2
1742808104.889000,45.430232,6.617645,1332.721075,19.4,12.171317,2.0,10.1
1742808105.889000,45.430346,6.617695,1332.141727,15.2,12.815625,1.9,10.0
1742808106.888000,45.430461,6.617766,1324.599976,28.6,13.892263,1.6,10.0
1742808107.889000,45.430566,6.617877,1320.194349,40.3,14.035231,1.8,10.0
1742808108.888000,45.430675,6.617969,1316.000439,19.8,13.679802,1.6,10.0
1742808109.888000,45.430805,6.618006,1311.040237,8.5,14.517684,1.9,9.9
1742808110.888000,45.430941,6.618050,1308.444838,19.1,15.467621,1.7,9.9
1742808111.888000,45.431058,6.618142,1301.793596,36.0,14.540564,1.7,9.9
1742808112.889000,45.431146,6.618276,1298.409819,50.6,13.441406,2.1,9.9
1742808113.888000,45.431232,6.618383,1294.166135,28.3,12.470557,2.1,9.9
1742808114.889000,45.431326,6.618457,1289.041749,33.3,11.195791,2.0,9.9
1742808115.888000,45.431386,6.618557,1286.729548,66.5,10.082470,2.2,9.9
1742808117.889000,45.431381,6.618782,1284.194066,109.2,7.871769,2.3,9.9
1742808119.888000,45.431328,6.618988,1281.473108,109.0,9.608805,2.5,9.9
1742808120.889000,45.431297,6.619110,1280.156316,110.0,10.415999,2.3,9.9
1742808121.888000,45.431260,6.619240,1278.802735,112.9,11.292481,2.4,9.9
1742808122.888000,45.431222,6.619377,1275.896773,108.1,11.412597,2.3,9.9
1742808123.889000,45.431196,6.619514,1276.331180,99.2,10.619345,3.5,9.9
1742808124.889000,45.431186,6.619647,1275.499716,93.2,10.154203,3.2,9.9
1742808126.888000,45.431152,6.619830,1274.893951,136.0,4.480168,2.9,9.9
1742808146.889000,45.431088,6.619900,1274.539019,-1.0,0.000000,1.9,10.1
1742808146.889000,45.431088,6.619900,1274.539019,-1.0,0.000000,1.9,10.1
1742808152.888000,45.431074,6.619898,1276.562447,208.7,0.352619,2.8,10.0
1742808182.888000,45.430965,6.619826,1281.124035,222.2,3.048986,1.4,10.5
1742808184.889000,45.430890,6.619745,1278.965810,223.6,3.739605,1.5,10.4
1742808186.889000,45.430804,6.619669,1280.638807,221.2,4.310655,1.5,10.2
1742808188.889000,45.430688,6.619597,1282.633352,214.8,4.762914,1.6,10.3
1742808191.889000,45.430583,6.619554,1286.499546,197.4,3.566439,1.5,10.2
1742808195.888000,45.430482,6.619517,1297.041401,184.3,3.220973,1.6,10.0
1742808199.887000,45.430382,6.619480,1304.073326,178.4,2.962267,1.7,10.1
1742808203.888000,45.430286,6.619420,1316.491107,176.0,2.915834,1.7,10.1
1742808207.889000,45.430184,6.619353,1330.960983,172.7,2.866931,1.6,9.9
1742808210.888000,45.430099,6.619309,1336.681690,178.2,3.449329,1.6,9.9
1742808213.889000,45.430008,6.619248,1343.409081,180.9,3.242662,1.7,10.0
1742808216.888000,45.429923,6.619193,1350.767016,198.5,3.096993,1.7,10.0
1742808219.888000,45.429827,6.619110,1361.159249,208.9,3.670017,1.8,10.0
1742808222.889000,45.429735,6.619033,1363.174029,202.1,3.397035,1.7,10.1
1742808225.888000,45.429647,6.618980,1368.353645,205.0,3.135159,1.8,10.1
1742808229.889000,45.429539,6.618908,1379.020180,208.4,3.252737,1.8,9.9
1742808232.888000,45.429455,6.618827,1381.608713,222.1,3.744060,2.0,9.9
1742808235.889000,45.429363,6.618762,1384.006158,206.9,3.150253,4.6,9.9
1742808238.888000,45.429273,6.618714,1390.637980,205.2,3.913438,1.9,9.9
1742808241.889000,45.429187,6.618652,1400.605735,210.5,3.330864,2.0,9.9
1742808244.888000,45.429097,6.618586,1403.982775,205.0,3.625724,1.9,9.9
1742808247.888000,45.429009,6.618520,1412.684202,204.9,3.569463,2.0,9.9
1742808250.889000,45.428919,6.618450,1413.876412,209.2,3.645705,1.9,9.9
1742808253.888000,45.428826,6.618399,1423.791620,188.1,3.500059,2.0,9.9
1742808256.889000,45.428736,6.618356,1428.190626,179.0,3.441185,1.9,9.9
1742808259.889000,45.428649,6.618311,1432.102696,174.0,3.401428,1.9,9.9
1742808262.889000,45.428564,6.618256,1435.334176,175.0,3.487876,2.1,9.9
1742808265.889000,45.428476,6.618194,1441.172738,178.0,3.369798,2.2,9.9
1742808268.889000,45.428390,6.618127,1447.708725,182.0,3.369981,1.5,9.9
1742808271.889000,45.428303,6.618057,1461.768711,187.0,3.430877,1.6,9.9
1742808274.889000,45.428219,6.617988,1466.377708,192.0,3.400182,1.6,9.9
1742808277.888000,45.428127,6.617919,1472.386230,195.0,3.908955,1.5,9.9
1742808280.888000,45.428037,6.617850,1472.224581,199.0,3.758429,1.4,10.0
1742808283.889000,45.427948,6.617780,1483.381404,201.0,3.729405,1.4,10.1
1742808286.889000,45.427863,6.617714,1482.892991,202.0,3.629788,1.4,10.1
1742808289.889000,45.427783,6.617652,1487.983398,204.0,3.590532,1.5,9.9
1742808292.888000,45.427700,6.617592,1489.344179,204.0,3.590547,1.6,9.9
1742808295.889000,45.427616,6.617536,1494.698649,206.0,3.559229,1.7,9.9
1742808298.888000,45.427530,6.617476,1502.447086,206.0,3.452073,1.6,9.9
1742808301.889000,45.427445,6.617414,1516.747718,206.0,3.778053,1.4,9.9
1742808304.888000,45.427355,6.617352,1519.492267,206.0,3.737654,1.5,9.9
1742808307.889000,45.427262,6.617286,1528.497602,208.0,3.629391,1.4,9.9
1742808310.889000,45.427170,6.617222,1528.128803,208.0,3.669806,1.4,9.9
1742808313.889000,45.427081,6.617158,1535.021202,208.5,3.535328,1.4,9.9
1742808316.889000,45.426994,6.617097,1538.763179,208.7,3.580663,1.4,9.9
1742808319.889000,45.426906,6.617032,1547.865398,209.7,3.572703,1.4,9.9
1742808322.888000,45.426819,6.616972,1542.002109,209.1,3.582771,1.5,9.9
1742808325.889000,45.426731,6.616913,1547.606543,209.0,3.584246,1.5,9.9
1742808328.889000,45.426645,6.616854,1560.594721,208.7,3.477598,1.6,9.9
1742808331.889000,45.426562,6.616794,1569.718990,209.9,3.491568,1.4,9.9
1742808334.889000,45.426477,6.616731,1574.209843,209.0,3.480242,1.4,9.9
1742808337.889000,45.426391,6.616671,1585.851562,208.9,3.454882,1.6,9.9
1742808340.889000,45.426306,6.616614,1584.522308,209.0,3.437274,1.4,9.9
1742808343.889000,45.426222,6.616559,1597.479492,208.9,3.380972,1.5,9.9
1742808346.889000,45.426136,6.616503,1597.460926,209.0,3.281273,1.4,9.9
1742808349.889000,45.426052,6.616447,1608.441078,209.0,3.400761,1.4,9.9
1742808352.888000,45.425970,6.616389,1602.617700,209.0,3.459821,1.5,9.9
1742808355.888000,45.425889,6.616329,1609.473995,209.0,3.400185,1.5,9.9
1742808359.888000,45.425784,6.616254,1635.883878,210.0,3.350370,1.8,9.9
1742808363.888000,45.425677,6.616182,1638.125704,209.0,3.242696,1.4,9.9
1742808367.889000,45.425570,6.616112,1650.232777,209.0,3.181121,1.5,9.9
1742808370.888000,45.425486,6.616058,1653.038787,208.0,3.240188,1.4,9.9
1742808373.889000,45.425401,6.616000,1662.458008,208.0,3.597023,1.5,9.9
1742808376.889000,45.425308,6.615934,1667.049072,206.9,3.533266,1.5,9.9
1742808379.889000,45.425220,6.615874,1674.097399,207.2,3.608152,1.4,9.9
1742808382.888000,45.425132,6.615817,1670.008025,207.1,3.592161,1.8,9.9
1742808385.889000,45.425044,6.615756,1677.715389,206.3,3.627380,1.4,9.9
1742808388.889000,45.424956,6.615695,1688.270508,206.3,3.589799,1.4,9.9
1742808391.889000,45.424868,6.615634,1695.456876,206.9,3.581592,1.4,9.9
1742808394.889000,45.424781,6.615573,1699.282471,207.0,3.549960,1.5,9.9
1742808397.889000,45.424696,6.615510,1708.539428,207.0,3.548531,1.5,9.9
1742808400.889000,45.424610,6.615450,1709.220021,206.9,3.511264,1.4,9.9
1742808403.889000,45.424525,6.615390,1717.785821,207.0,3.493412,1.5,9.9
1742808406.889000,45.424441,6.615333,1722.357960,208.0,3.484046,1.4,9.9
1742808409.889000,45.424356,6.615280,1730.162571,207.1,3.506029,1.4,9.9
1742808412.888000,45.424271,6.615221,1731.134806,207.1,3.518580,1.4,9.9
1742808415.889000,45.424185,6.615160,1738.104278,206.9,3.467611,1.4,9.9
1742808418.889000,45.424099,6.615103,1746.162147,207.1,3.522585,1.4,9.9
1742808421.889000,45.424015,6.615045,1755.179457,206.9,3.410202,1.4,9.9
1742808424.889000,45.423927,6.614983,1759.525012,206.5,3.809002,1.4,9.9
1742808427.889000,45.423837,6.614925,1769.551505,206.1,3.700865,1.4,9.9
1742808430.888000,45.423747,6.614864,1769.307193,206.1,3.700731,1.4,9.9
1742808433.888000,45.423659,6.614801,1776.423327,206.0,3.616529,1.5,9.9
1742808436.888000,45.423570,6.614738,1779.918449,206.0,3.632621,1.4,9.9
1742808439.889000,45.423483,6.614673,1786.644726,206.0,3.601104,1.4,9.9
1742808442.889000,45.423396,6.614615,1785.108583,206.0,3.593374,1.4,9.9
1742808445.889000,45.423309,6.614558,1793.404546,206.0,3.573222,1.4,9.9
1742808448.888000,45.423222,6.614499,1801.001936,205.9,3.523415,1.4,9.9
1742808451.889000,45.423138,6.614441,1810.045607,206.2,3.541646,1.4,9.9
1742808454.889000,45.423049,6.614381,1813.363422,205.4,3.832651,1.4,9.9
1742808457.889000,45.422954,6.614313,1821.773824,205.8,3.878972,1.4,9.9
1742808460.888000,45.422859,6.614248,1818.989688,205.8,3.847613,1.4,9.9
1742808463.888000,45.422766,6.614182,1823.442701,206.0,3.875209,1.5,9.9
1742808466.888000,45.422673,6.614116,1827.807407,205.9,3.840001,1.4,9.9
1742808469.888000,45.422582,6.614052,1831.284997,206.1,3.859958,1.4,9.9
1742808472.889000,45.422489,6.613986,1827.863173,206.0,3.840987,1.4,9.9
1742808475.889000,45.422395,6.613920,1833.831549,206.0,3.835233,1.4,9.9
1742808478.889000,45.422302,6.613855,1838.929081,206.0,3.811361,1.4,9.9
1742808481.889000,45.422209,6.613791,1849.376116,206.0,3.755776,1.7,9.9
1742808484.889000,45.422116,6.613728,1848.243346,206.0,3.780540,1.4,9.9
1742808487.888000,45.422025,6.613666,1857.466243,206.0,3.751321,1.5,9.9
1742808490.889000,45.421932,6.613604,1853.791244,206.0,3.759874,1.4,9.9
1742808493.889000,45.421841,6.613543,1860.904843,204.8,3.520425,1.5,9.9
1742808496.888000,45.421747,6.613481,1868.874936,205.6,4.002124,1.5,9.9
1742808499.888000,45.421652,6.613414,1863.209454,206.1,3.938916,1.4,9.9
1742808502.888000,45.421558,6.613346,1864.791790,206.0,3.892013,1.4,9.9
1742808505.889000,45.421465,6.613278,1874.600722,206.0,3.892641,1.4,9.9
1742808508.889000,45.421371,6.613213,1882.458187,206.0,3.846665,1.6,9.9
1742808511.889000,45.421276,6.613146,1879.532048,206.0,3.873098,1.4,9.9
1742808514.889000,45.421184,6.613081,1887.654509,206.0,3.845571,2.0,9.9
1742808517.889000,45.421090,6.613015,1891.418151,206.0,3.853621,1.6,9.9
1742808520.888000,45.420996,6.612950,1886.788867,206.0,3.841155,1.3,9.9
1742808523.888000,45.420903,6.612885,1890.087607,206.0,3.865500,1.4,9.9
1742808526.889000,45.420810,6.612820,1897.268574,206.0,3.861862,1.4,9.9
1742808529.889000,45.420719,6.612753,1893.909309,206.0,3.813824,1.4,9.9
1742808532.889000,45.420625,6.612688,1892.524995,206.0,3.816356,1.4,9.9
1742808535.889000,45.420540,6.612629,1904.444128,204.2,2.817739,1.4,9.9
1742808543.889000,45.420452,6.612564,1909.995378,206.0,1.260802,1.4,9.9
1742808550.889000,45.420368,6.612507,1911.085455,207.0,1.827634,1.3,9.9
1742808555.889000,45.420267,6.612436,1912.005050,208.0,2.777608,1.6,9.9
1742808559.887000,45.420162,6.612360,1911.475878,209.0,3.419027,1.3,9.9
1742808562.888000,45.420072,6.612293,1909.295313,209.0,3.978863,1.3,9.9
1742808565.888000,45.419981,6.612226,1920.373614,208.0,3.859395,1.3,9.9
1742808568.887000,45.419889,6.612164,1933.513354,203.0,3.858696,1.6,9.9
1742808571.888000,45.419797,6.612097,1929.166841,220.9,3.829962,1.4,9.9
1742808574.888000,45.419705,6.612026,1935.659792,210.0,3.829537,1.4,9.9
1742808577.887000,45.419608,6.611965,1935.907957,209.0,3.800601,1.4,9.9
1742808580.888000,45.419516,6.611901,1938.038673,208.0,3.997755,1.4,9.9
1742808583.887000,45.419418,6.611837,1940.204778,207.0,3.979149,1.5,8.7
1742808586.888000,45.419322,6.611772,1941.061490,207.5,3.928320,1.4,5.8
1742808589.888000,45.419225,6.611706,1938.244977,205.3,3.929056,1.3,3.8
1742808592.888000,45.419128,6.611641,1937.912159,205.0,3.892799,1.4,3.8
1742808595.888000,45.419035,6.611571,1944.187486,209.1,3.886740,1.7,3.8
1742808598.888000,45.418941,6.611506,1956.356860,207.3,3.903563,1.4,3.8
1742808601.887000,45.418846,6.611441,1954.064358,206.1,3.876293,1.4,3.9
1742808604.888000,45.418751,6.611377,1957.197182,205.1,3.884403,1.5,4.3
1742808607.888000,45.418655,6.611312,1957.398223,205.7,3.865865,1.5,4.5
1742808610.888000,45.418558,6.611246,1959.320746,205.0,3.895586,1.4,4.7
1742808613.888000,45.418462,6.611183,1963.995940,205.0,3.853602,1.4,5.3
1742808616.888000,45.418368,6.611123,1968.890959,204.8,3.914949,1.4,5.0
1742808619.887000,45.418270,6.611071,1963.672524,196.4,3.875245,1.4,4.2
1742808622.888000,45.418175,6.611008,1964.726666,196.3,3.961823,1.4,3.8
1742808625.887000,45.418080,6.610942,1965.626533,196.0,3.989375,1.4,3.8
1742808628.888000,45.417992,6.610878,1967.345858,196.4,3.298339,1.5,3.8
1742808637.888000,45.417915,6.610812,1972.654770,205.3,1.447619,1.4,3.9
1742808640.888000,45.417860,6.610708,1963.744065,238.9,3.559010,1.6,3.9
1742808643.887000,45.417799,6.610583,1963.179769,221.1,4.085010,1.5,3.8
1742808646.888000,45.417719,6.610496,1961.075040,205.3,3.203460,2.0,3.8
1742808649.887000,45.417625,6.610433,1959.851658,211.0,5.079810,2.6,3.8
1742808651.888000,45.417568,6.610320,1958.652259,247.5,5.845633,2.2,3.8
1742808653.888000,45.417625,6.610183,1959.563101,317.0,6.899921,1.5,3.8
1742808655.888000,45.417741,6.610079,1953.311912,327.0,9.039861,1.4,3.8
1742808657.888000,45.417858,6.609904,1950.878965,321.0,9.779927,1.4,3.8
1742808659.888000,45.418010,6.609830,1949.090127,341.0,9.020006,1.3,3.8
1742808661.888000,45.418123,6.609682,1944.901508,310.0,8.580016,1.4,3.8
1742808663.887000,45.418266,6.609605,1939.651823,355.0,8.759877,2.3,3.8
1742808665.888000,45.418395,6.609509,1937.450687,303.0,7.989633,2.0,3.8
1742808667.888000,45.418500,6.609395,1937.269471,334.5,6.513408,1.6,3.8
1742808675.888000,45.418593,6.609428,1932.047098,320.0,4.779214,2.0,6.9
1742808677.886000,45.418632,6.609302,1930.149165,300.0,4.580268,2.7,8.9
1742808679.888000,45.418728,6.609284,1926.568002,22.0,5.250289,2.1,9.9
1742808682.887000,45.418844,6.609297,1920.080403,322.2,6.606578,2.3,9.9
1742808684.887000,45.418921,6.609208,1916.058858,337.0,4.530016,1.7,9.9
1742808687.887000,45.419034,6.609122,1906.558376,321.0,4.370039,2.0,9.9
1742808690.888000,45.419139,6.609022,1898.281171,3.0,6.424920,2.3,9.9
1742808692.888000,45.419231,6.609078,1891.959120,29.0,4.840467,2.5,9.9
1742808694.888000,45.419341,6.609122,1889.804910,6.2,7.485071,1.8,9.9
1742808696.888000,45.419476,6.609028,1882.296929,314.0,7.860106,1.8,9.9
1742808698.887000,45.419610,6.608922,1874.947986,357.9,9.442880,2.3,9.9
1742808700.888000,45.419730,6.608971,1868.486845,48.6,7.189678,2.5,9.9
1742808702.888000,45.419859,6.609026,1864.729846,340.0,9.339408,2.1,9.9
1742808704.888000,45.420021,6.608936,1861.085907,353.0,10.238679,2.3,9.9
1742808706.887000,45.420140,6.608979,1855.886933,46.3,4.409703,2.6,9.9
1742808709.888000,45.420194,6.609127,1857.057707,33.0,5.056204,1.8,9.9
1742808711.888000,45.420296,6.609133,1850.198016,344.4,5.322301,3.0,9.9
1742808713.888000,45.420369,6.609047,1845.940249,317.0,5.569729,2.9,9.9
1742808715.888000,45.420456,6.608944,1844.857930,308.0,6.250076,2.2,9.9
1742808717.888000,45.420495,6.608824,1841.618576,297.0,5.449932,2.6,9.9
1742808719.888000,45.420559,6.608688,1840.412313,293.1,5.694655,2.4,9.9
1742808722.888000,45.420550,6.608527,1838.651238,276.0,3.541695,2.1,9.9
1742808726.888000,45.420651,6.608548,1836.967243,40.0,4.789832,2.1,9.9
1742808728.887000,45.420719,6.608654,1835.748697,46.0,6.329897,1.8,9.9
1742808730.888000,45.420808,6.608773,1833.344822,42.0,7.425502,1.6,9.9
1742808732.888000,45.420928,6.608904,1830.488724,46.9,8.583973,1.7,9.9
1742808734.888000,45.421056,6.609049,1828.627194,62.0,9.003953,2.2,9.9
1742808736.888000,45.421190,6.609195,1831.251509,68.0,9.239187,1.4,9.9
1742808738.888000,45.421345,6.609292,1825.326064,34.3,8.495117,2.1,9.9
1742808740.888000,45.421492,6.609213,1823.783602,12.1,7.582403,1.9,9.9
1742808742.887000,45.421589,6.609042,1821.799477,13.0,8.112051,2.4,9.9
1742808744.888000,45.421656,6.608836,1819.820692,14.0,8.871413,2.0,9.9
1742808746.888000,45.421702,6.608594,1816.313489,18.9,10.181324,1.8,9.9
1742808747.888000,45.421716,6.608467,1815.295942,19.0,10.234811,2.0,9.9
1742808748.887000,45.421722,6.608338,1814.225615,312.2,6.023089,1.9,9.9
1742808749.888000,45.421706,6.608184,1812.627146,280.8,7.442135,1.8,9.9
1742808751.887000,45.421661,6.607929,1810.645922,274.3,6.182504,2.1,9.9
1742808752.888000,45.421612,6.607788,1809.311820,256.7,8.054294,2.3,9.9
1742808753.888000,45.421554,6.607658,1808.665155,247.3,9.076089,2.3,9.9
1742808754.888000,45.421492,6.607540,1808.261802,240.2,9.613493,1.6,9.9
1742808755.887000,45.421421,6.607433,1809.108484,232.8,9.994934,1.4,9.9
1742808756.888000,45.421347,6.607334,1805.299154,226.7,10.468614,2.1,9.9
1742808757.888000,45.421273,6.607236,1803.491005,225.3,10.858500,2.2,9.9
1742808758.886000,45.421210,6.607121,1802.237251,230.5,10.980969,1.8,9.9
1742808759.887000,45.421161,6.606995,1800.429745,236.1,11.099037,2.0,9.9
1742808760.888000,45.421124,6.606862,1799.104627,241.6,11.052548,1.6,9.9
1742808761.887000,45.421107,6.606730,1797.772865,251.0,10.390711,1.6,9.9
1742808763.887000,45.421151,6.606525,1797.752680,275.7,8.102064,1.8,9.9
1742808765.888000,45.421256,6.606494,1794.044735,297.6,4.650390,1.8,10.0
1742808767.888000,45.421400,6.606639,1795.881893,20.8,6.252447,1.4,10.1
1742808768.887000,45.421481,6.606712,1789.089506,25.8,7.541093,2.1,10.1
1742808769.887000,45.421569,6.606773,1787.881086,17.1,8.755349,2.3,10.1
1742808770.888000,45.421652,6.606834,1785.986858,23.0,9.207644,2.1,10.1
1742808771.887000,45.421742,6.606908,1783.312071,31.3,9.996524,2.3,10.2
1742808772.888000,45.421827,6.606990,1782.482887,42.1,10.185066,2.3,10.2
1742808773.888000,45.421903,6.607076,1782.258447,51.0,10.117154,1.7,10.2
1742808774.886000,45.421978,6.607166,1780.824117,59.1,9.996937,2.0,10.2
1742808775.888000,45.422049,6.607249,1779.916138,66.1,9.831738,1.9,10.2
1742808777.887000,45.422188,6.607406,1778.153147,83.3,9.723428,1.8,10.1
1742808779.887000,45.422328,6.607558,1775.495852,88.7,10.062530,1.9,10.1
1742808780.887000,45.422416,6.607624,1774.574950,76.9,10.063285,2.0,10.1
1742808781.887000,45.422516,6.607643,1773.628464,62.6,9.509693,2.0,10.2
1742808783.887000,45.422640,6.607520,1771.563764,33.7,6.916040,2.3,10.2
1742808785.887000,45.422692,6.607356,1770.447835,65.3,6.790242,1.5,10.0
1742808787.888000,45.422772,6.607225,1766.280365,113.6,8.556757,2.0,9.9
1742808789.888000,45.422901,6.607145,1761.145110,137.4,10.222100,1.9,9.9
1742808791.888000,45.423060,6.606974,1758.294583,129.8,2.395519,1.6,10.0
1742808792.886000,45.423146,6.606832,1756.571925,305.3,1.893784,1.7,10.0
1742808793.886000,45.423142,6.606644,1754.372059,262.4,6.183988,1.8,10.1
1742808794.888000,45.423092,6.606500,1753.586596,239.7,7.875147,2.2,10.1
1742808795.888000,45.423023,6.606380,1752.279937,231.2,8.699489,2.0,10.1
1742808796.888000,45.422928,6.606321,1755.027341,213.5,9.395386,1.4,10.1
1742808797.887000,45.422830,6.606274,1750.391214,205.9,9.944670,1.6,10.1
1742808798.887000,45.422732,6.606231,1748.283629,203.3,10.388466,2.1,10.0
1742808799.888000,45.422636,6.606188,1746.477115,205.2,10.565744,2.3,10.0
1742808800.888000,45.422544,6.606140,1745.602505,204.5,10.593925,2.0,10.0
1742808802.887000,45.422457,6.605995,1743.475749,253.7,5.797105,2.3,9.9
1742808804.888000,45.422539,6.605868,1741.104195,317.1,5.670918,1.9,9.9
1742808806.888000,45.422684,6.605784,1738.405885,329.0,7.795193,1.8,9.9
1742808808.888000,45.422850,6.605696,1734.844823,332.2,9.122683,1.8,9.9
1742808809.887000,45.422935,6.605648,1733.902060,330.4,9.488955,1.8,9.9
1742808811.888000,45.423048,6.605490,1731.402799,286.9,7.610379,2.0,9.9
1742808813.888000,45.423017,6.605323,1728.655154,235.5,6.387463,2.2,9.9
1742808815.888000,45.422911,6.605176,1726.107744,233.9,8.240657,1.5,9.9
1742808817.887000,45.422847,6.604994,1723.358465,296.4,6.874614,1.9,9.9
1742808819.888000,45.422908,6.604851,1721.007126,325.7,6.794581,1.7,9.9
1742808821.888000,45.423028,6.604804,1718.859221,358.8,7.343217,1.6,9.9
1742808823.888000,45.423173,6.604849,1718.302248,19.1,8.348883,1.7,9.9
1742808825.887000,45.423335,6.604904,1721.871830,11.0,9.094743,1.4,9.9
1742808827.887000,45.423495,6.605025,1713.490334,27.9,10.023532,1.7,9.9
1742808828.886000,45.423568,6.605114,1711.376380,36.9,10.481951,2.1,9.9
1742808829.888000,45.423638,6.605221,1709.281961,39.0,11.198368,2.0,9.9
1742808830.888000,45.423708,6.605335,1707.867702,45.9,11.464110,2.3,9.9
1742808831.888000,45.423780,6.605450,1706.406101,42.1,11.862764,2.2,9.9
1742808832.888000,45.423858,6.605554,1705.053088,42.0,11.673012,1.7,9.9
1742808833.888000,45.423933,6.605646,1704.005895,36.1,11.243149,2.0,9.9
1742808834.887000,45.424013,6.605727,1703.708537,34.0,11.209369,1.6,9.9
1742808835.887000,45.424095,6.605807,1701.775731,34.0,11.101607,1.7,9.9
1742808836.887000,45.424179,6.605887,1700.967104,31.0,11.166966,1.9,9.9
1742808837.888000,45.424268,6.605964,1698.737728,37.9,11.437091,1.8,9.9
1742808838.887000,45.424352,6.606044,1698.307452,27.1,11.596046,1.7,9.9
1742808839.888000,45.424448,6.606113,1697.160579,26.0,12.031595,1.9,9.9
1742808840.888000,45.424549,6.606183,1695.036533,30.9,12.475341,2.0,9.9
1742808841.888000,45.424647,6.606269,1692.600061,33.0,12.530294,2.1,9.9
1742808842.886000,45.424734,6.606371,1689.956347,42.9,12.311485,2.1,9.9
1742808843.887000,45.424800,6.606501,1688.052200,51.9,12.500891,1.6,9.9
1742808844.888000,45.424854,6.606653,1688.164161,58.9,13.231555,1.4,9.9
1742808845.888000,45.424900,6.606819,1683.082809,62.0,13.512895,2.0,9.9
1742808846.887000,45.424944,6.606987,1681.417689,57.1,13.591142,2.0,9.9
1742808847.888000,45.424985,6.607153,1680.155564,60.9,13.665483,1.7,9.9
1742808848.888000,45.425019,6.607323,1677.853473,55.1,13.376652,1.9,9.9
1742808849.888000,45.425061,6.607483,1674.847987,53.9,13.382260,1.5,9.9
1742808850.888000,45.425104,6.607647,1674.809264,52.9,13.768282,1.5,9.9
1742808851.887000,45.425160,6.607808,1672.225818,46.0,13.900225,1.6,9.9
1742808852.888000,45.425235,6.607944,1669.314130,35.6,13.435208,1.8,9.9
1742808853.887000,45.425320,6.608044,1665.250031,21.1,12.219120,2.0,9.9
1742808854.887000,45.425436,6.608100,1661.143487,7.3,12.565219,1.7,9.9
1742808855.887000,45.425560,6.608099,1663.326142,352.9,12.680526,1.4,10.0
1742808856.888000,45.425684,6.608020,1659.393750,342.8,13.360323,1.4,10.0
1742808857.888000,45.425810,6.607904,1648.966492,339.3,14.125829,2.0,10.2
1742808858.888000,45.425927,6.607755,1645.637492,333.3,14.939809,2.2,10.5
1742808859.887000,45.426051,6.607576,1640.670375,326.5,16.338409,1.9,10.6
1742808860.888000,45.426192,6.607415,1632.277232,327.2,17.184647,2.2,10.8
1742808861.888000,45.426291,6.607280,1629.651995,322.5,14.326953,2.2,10.9
1742808862.888000,45.426403,6.607161,1628.379367,324.1,14.544966,1.7,10.9
1742808863.887000,45.426538,6.607103,1627.311618,334.7,14.145339,1.9,10.8
1742808864.888000,45.426678,6.607106,1626.135041,353.5,14.354448,1.8,10.8
1742808865.887000,45.426830,6.607158,1622.232156,8.9,15.823339,1.8,10.8
1742808866.887000,45.426988,6.607224,1617.298188,12.0,16.928925,1.7,10.8
1742808867.886000,45.427162,6.607273,1610.521515,8.6,18.294056,1.7,10.9
1742808868.887000,45.427356,6.607277,1607.296404,0.8,19.780331,1.7,11.1
1742808869.888000,45.427562,6.607280,1600.927214,0.9,20.802860,1.9,11.5
1742808870.887000,45.427766,6.607321,1593.249160,5.0,21.413166,1.9,11.8
1742808871.887000,45.427970,6.607318,1587.649373,357.8,21.640137,2.1,11.9
1742808872.887000,45.428179,6.607320,1578.388722,1.3,21.971243,2.0,12.0
1742808873.888000,45.428388,6.607309,1572.851716,358.1,22.100271,1.5,12.2
1742808874.887000,45.428595,6.607276,1566.622256,355.3,22.253639,2.0,12.3
1742808875.887000,45.428765,6.607208,1563.914216,351.2,21.885668,1.9,12.3
1742808876.888000,45.428934,6.607111,1560.590652,347.0,22.025700,1.9,12.5
1742808877.887000,45.429039,6.607035,1547.810819,346.9,21.111763,1.7,12.4
1742808878.887000,45.429132,6.606966,1541.126782,346.8,20.274815,1.8,12.3
1742808879.888000,45.429271,6.606965,1533.924843,358.9,20.583755,1.5,12.1
1742808880.888000,45.429405,6.607003,1530.370414,8.9,18.022594,1.5,11.7
1742808881.888000,45.429519,6.607082,1528.214933,17.9,16.590239,1.6,11.7
1742808882.887000,45.429585,6.607211,1522.447673,38.3,14.531850,1.7,11.4
1742808883.887000,45.429603,6.607396,1516.052751,67.1,16.181494,2.0,11.2
1742808884.887000,45.429611,6.607610,1511.016404,78.1,16.524824,1.7,11.2
1742808885.888000,45.429604,6.607834,1505.503449,83.0,16.977625,1.4,11.3
1742808886.887000,45.429587,6.608060,1496.331068,84.8,17.184727,1.6,11.4
1742808887.888000,45.429564,6.608284,1488.901427,87.7,17.268360,2.0,11.8
1742808888.888000,45.429519,6.608532,1480.646395,93.9,18.108175,2.1,12.4
1742808889.888000,45.429472,6.608770,1472.858244,96.6,18.162178,2.0,13.0
1742808890.888000,45.429431,6.609030,1468.504640,97.3,18.607344,2.1,13.6
1742808891.888000,45.429390,6.609315,1467.756070,97.2,19.036360,2.1,13.6
1742808892.888000,45.429360,6.609578,1465.611728,97.0,18.277473,1.9,13.4
1742808893.886000,45.429322,6.609821,1462.529050,101.5,17.267050,1.8,13.2
1742808894.888000,45.429290,6.610053,1461.260871,97.5,16.201330,1.8,12.8
1742808895.887000,45.429266,6.610261,1459.891349,97.0,15.006812,1.7,12.4
1742808896.888000,45.429245,6.610450,1459.625147,97.0,13.577971,1.7,11.9
1742808897.888000,45.429228,6.610623,1459.955115,95.9,13.478359,1.7,11.4
1742808898.888000,45.429224,6.610792,1458.750453,88.3,13.192480,1.7,11.2
1742808899.887000,45.429233,6.610948,1458.750453,82.4,12.537385,1.8,11.1
1742808900.887000,45.429254,6.611090,1457.748967,77.7,11.848376,1.8,10.8
1742808901.887000,45.429278,6.611224,1457.584333,75.7,11.265491,2.0,10.7
1742808902.887000,45.429304,6.611351,1457.254456,73.7,10.838651,2.0,10.5
1742808904.888000,45.429346,6.611587,1455.974679,77.5,9.811711,1.9,10.2
1742808906.888000,45.429373,6.611805,1455.277317,80.2,8.920370,1.8,10.0
1742808908.887000,45.429405,6.612026,1453.384939,76.9,9.357831,1.6,10.0
1742808910.887000,45.429448,6.612266,1450.008383,73.4,9.778057,1.5,9.9
1742808911.888000,45.429467,6.612392,1448.908854,76.6,10.096896,1.7,9.9
1742808912.888000,45.429490,6.612528,1447.501421,76.1,10.683398,1.7,9.9
1742808913.887000,45.429516,6.612671,1444.292988,79.0,11.141800,1.7,9.9
1742808914.888000,45.429542,6.612819,1447.766918,77.1,11.624141,1.4,9.9
1742808915.887000,45.429569,6.612968,1445.253418,76.4,11.816013,1.4,9.9
1742808916.887000,45.429594,6.613116,1440.101007,77.4,11.726890,1.7,9.9
1742808917.887000,45.429617,6.613257,1438.709163,75.4,11.583543,1.9,9.9
1742808918.888000,45.429642,6.613398,1437.770462,74.5,11.618311,1.9,9.9
1742808919.887000,45.429668,6.613544,1436.100703,74.8,11.758436,2.1,9.9
1742808920.888000,45.429690,6.613699,1434.482719,80.5,11.966207,2.1,9.9
1742808921.888000,45.429711,6.613862,1432.717957,79.5,12.636638,1.7,9.9
1742808922.888000,45.429729,6.614037,1429.794076,85.1,13.172889,1.9,9.9
1742808923.888000,45.429735,6.614218,1426.711874,94.5,13.505151,1.8,9.9
1742808924.888000,45.429713,6.614403,1423.832367,100.0,14.100681,1.6,9.9
1742808925.888000,45.429679,6.614595,1416.651368,102.3,14.684229,1.8,9.9
1742808926.887000,45.429661,6.614794,1410.610736,97.4,15.067657,1.7,9.9
1742808927.888000,45.429670,6.615019,1405.935086,88.3,16.676689,1.6,9.9
1742808928.887000,45.429635,6.615227,1399.549713,111.8,16.732019,1.8,9.9
1742808929.888000,45.429600,6.615433,1396.415032,98.7,16.437546,1.8,9.9
1742808930.888000,45.429611,6.615640,1391.960835,76.4,16.155741,2.0,9.9
1742808931.888000,45.429670,6.615834,1386.641553,61.4,16.184341,1.9,9.9
1742808932.888000,45.429737,6.616024,1381.074661,69.0,16.452692,1.8,9.9
1742808933.888000,45.429757,6.616220,1377.654253,91.3,15.052697,1.5,9.9
1742808934.888000,45.429734,6.616410,1373.376419,100.6,14.572577,1.9,9.9
1742808935.888000,45.429728,6.616597,1368.658482,79.0,15.276153,1.9,9.9
1742808936.887000,45.429779,6.616786,1366.049411,60.1,16.385691,1.7,9.9
1742808937.888000,45.429860,6.616971,1358.715792,60.9,17.119593,1.7,9.9
1742808938.888000,45.429920,6.617174,1350.763453,73.8,17.007847,1.5,9.9
1742808939.888000,45.429968,6.617384,1344.856460,70.3,17.038054,1.5,9.9
1742808940.888000,45.430065,6.617535,1340.553742,62.1,16.654087,1.5,9.9
1742808941.888000,45.430222,6.617598,1336.203145,25.1,15.948154,1.7,9.9
1742808942.888000,45.430393,6.617655,1329.969928,20.5,18.223326,1.9,9.9
1742808943.888000,45.430543,6.617750,1322.190787,37.3,17.315371,1.6,9.9
1742808944.887000,45.430667,6.617897,1321.580444,44.1,17.716667,1.4,9.9
1742808945.888000,45.430791,6.618039,1314.802039,32.5,17.238508,1.4,9.9
1742808946.888000,45.430934,6.618112,1306.995279,13.0,16.192211,2.0,9.9
1742808947.888000,45.431083,6.618140,1303.852064,8.6,16.371029,1.7,9.9
1742808948.887000,45.431226,6.618199,1296.768104,26.7,16.615486,1.8,9.9
1742808949.887000,45.431336,6.618336,1291.614317,51.4,16.006578,2.0,9.9
1742808950.888000,45.431403,6.618516,1288.444082,67.7,14.832859,2.0,9.9
1742808951.887000,45.431427,6.618681,1287.089668,78.5,12.629572,1.8,9.9
1742808952.888000,45.431432,6.618842,1284.828539,87.2,11.910714,1.8,9.9
1742808953.888000,45.431411,6.618991,1282.319363,109.2,11.503376,1.8,9.9
1742808954.887000,45.431363,6.619125,1281.089607,127.0,11.427569,1.6,9.9
1742808955.887000,45.431299,6.619241,1279.475667,128.0,10.778230,1.7,9.9
1742808956.888000,45.431243,6.619353,1277.998407,123.0,10.332412,1.6,9.9
1742808957.888000,45.431198,6.619468,1277.402605,115.1,9.902473,1.6,9.9
1742808959.888000,45.431137,6.619671,1275.391848,116.9,6.866994,1.8,9.9
1742808961.888000,45.431109,6.619799,1275.639683,91.2,3.581625,1.8,9.9
1742808966.888000,45.431111,6.619933,1276.347475,78.6,0.838448,1.7,9.9
1742809001.887000,45.431023,6.619886,1291.830121,200.6,0.601298,1.4,9.9
1742809048.886000,45.430922,6.619845,1283.836774,190.1,3.208054,1.6,10.1
1742809050.886000,45.430824,6.619813,1288.932363,194.0,3.703696,1.6,10.2
1742809052.887000,45.430748,6.619731,1287.794747,226.9,3.790525,1.6,10.1
1742809055.886000,45.430680,6.619617,1293.767271,235.0,2.282251,1.8,10.1
1742809059.886000,45.430560,6.619533,1303.313514,211.0,3.466286,1.5,10.1
1742809062.886000,45.430463,6.619479,1314.699951,209.0,3.183130,1.5,10.0
1742809065.887000,45.430374,6.619422,1323.870231,222.9,3.150070,1.5,10.1
1742809068.887000,45.430293,6.619361,1332.373453,234.9,3.171924,1.6,10.0
1742809071.887000,45.430200,6.619326,1339.135878,213.9,2.990814,1.7,9.9
1742809075.887000,45.430090,6.619267,1337.366437,207.0,3.416146,1.6,9.9
1742809078.885000,45.430001,6.619210,1347.822577,205.0,3.558460,1.6,9.9
1742809081.887000,45.429919,6.619152,1356.093790,203.0,3.576854,1.8,9.9
1742809084.887000,45.429833,6.619088,1366.109929,203.0,3.389722,1.6,9.9
1742809087.887000,45.429752,6.619033,1367.309085,202.0,3.397055,2.2,9.9
1742809090.885000,45.429670,6.618978,1377.721739,201.0,3.309984,1.7,9.9
1742809094.886000,45.429563,6.618904,1390.894838,200.0,3.347819,1.7,9.9
1742809097.887000,45.429468,6.618841,1417.593176,200.0,3.851475,2.7,9.9
1742809100.887000,45.429379,6.618779,1421.748051,200.0,3.878918,3.0,9.9
1742809103.886000,45.429289,6.618713,1401.674926,200.0,3.819456,1.8,9.9
1742809106.887000,45.429199,6.618647,1401.539616,201.0,3.729715,1.9,9.9
1742809109.886000,45.429110,6.618580,1414.123607,200.0,3.858026,1.8,9.9
1742809112.886000,45.429023,6.618516,1425.273807,201.0,3.373515,2.0,9.9
1742809115.885000,45.428936,6.618455,1444.589031,201.0,3.650239,3.0,9.9
1742809118.887000,45.428848,6.618392,1429.765820,201.0,3.590162,1.9,9.9
1742809121.887000,45.428761,6.618331,1434.473122,202.0,3.580329,1.9,9.9
1742809124.887000,45.428676,6.618272,1442.702612,202.0,3.608343,2.0,9.9
1742809127.886000,45.428590,6.618212,1446.832182,202.0,3.519276,2.0,9.9
1742809130.887000,45.428504,6.618156,1449.791434,202.0,3.539064,2.0,9.9
1742809133.887000,45.428419,6.618097,1453.718205,203.0,3.519911,1.4,9.9
1742809136.887000,45.428336,6.618034,1460.739531,203.0,3.549433,1.4,9.9
1742809139.887000,45.428253,6.617972,1471.422868,204.0,3.360478,1.5,9.9
1742809142.886000,45.428167,6.617914,1481.334202,203.0,3.846459,1.5,9.9
1742809145.887000,45.428073,6.617854,1488.689468,204.0,3.560514,1.5,9.9
1742809148.887000,45.427982,6.617790,1488.437062,204.0,3.709375,1.6,9.9
1742809151.887000,45.427890,6.617728,1511.057479,203.0,3.600409,2.4,9.9
1742809154.887000,45.427800,6.617664,1515.706225,204.0,3.640168,2.4,9.9
1742809157.887000,45.427712,6.617600,1521.229086,204.0,3.620317,2.7,9.9
1742809160.887000,45.427623,6.617536,1510.695405,204.0,3.649906,1.6,9.9
1742809163.887000,45.427535,6.617474,1512.038034,204.0,3.580245,1.4,9.9
1742809166.886000,45.427444,6.617414,1524.027588,204.0,3.927359,1.4,9.9
1742809169.887000,45.427354,6.617353,1542.102228,205.0,3.808743,2.4,9.9
1742809172.887000,45.427271,6.617291,1546.672193,205.0,3.677825,2.5,9.9
1742809175.886000,45.427183,6.617229,1551.557096,205.0,3.618254,2.3,9.9
1742809178.887000,45.427098,6.617172,1556.680408,205.0,3.371142,2.6,9.9
1742809181.886000,45.427006,6.617106,1561.729943,206.0,3.622444,2.4,9.9
1742809184.887000,45.426917,6.617048,1566.776832,206.0,3.588632,2.4,9.9
1742809187.887000,45.426828,6.616987,1572.509099,205.0,3.628873,2.6,9.9
1742809190.887000,45.426737,6.616922,1577.687462,206.0,3.590021,2.4,9.9
1742809193.887000,45.426654,6.616862,1567.826993,206.0,3.490076,1.4,9.9
1742809196.887000,45.426573,6.616806,1581.941125,207.0,3.510245,1.5,9.9
1742809199.886000,45.426492,6.616747,1594.970257,206.0,3.110959,2.5,9.9
1742809203.887000,45.426383,6.616670,1602.881446,206.0,3.339998,2.5,9.9
1742809206.887000,45.426300,6.616609,1609.356355,207.0,3.279049,2.5,9.9
1742809209.887000,45.426212,6.616550,1614.985638,206.0,3.389940,2.5,9.9
1742809212.886000,45.426122,6.616495,1622.357702,207.0,3.420235,2.4,9.9
1742809215.887000,45.426034,6.616439,1628.778367,206.0,3.428751,2.4,9.9
1742809219.886000,45.425928,6.616363,1638.387379,206.9,3.315306,2.5,9.9
1742809223.887000,45.425824,6.616278,1632.575713,207.1,3.354512,1.4,9.9
1742809226.887000,45.425744,6.616220,1649.157301,206.7,3.425696,1.7,9.9
1742809229.887000,45.425660,6.616161,1660.402965,206.4,3.415096,2.5,9.9
1742809232.887000,45.425577,6.616107,1667.382565,206.5,3.232533,2.4,9.9
1742809236.887000,45.425471,6.616037,1677.541276,205.9,3.198912,2.5,9.9
1742809240.887000,45.425356,6.615970,1686.576694,205.3,3.679082,2.4,9.9
1742809243.887000,45.425262,6.615906,1691.385898,206.0,3.661171,2.4,9.9
1742809246.887000,45.425174,6.615842,1696.527907,206.0,3.601313,2.7,9.9
1742809249.887000,45.425084,6.615779,1701.880946,206.0,3.631532,2.4,9.9
1742809252.887000,45.424995,6.615718,1691.609715,206.0,3.550160,1.4,9.9
1742809255.886000,45.424908,6.615658,1700.549602,205.0,3.322309,1.3,9.9
1742809258.886000,45.424820,6.615602,1717.843343,206.0,3.471513,2.4,9.9
1742809261.886000,45.424735,6.615543,1722.787469,206.0,3.569692,2.5,9.9
1742809264.887000,45.424649,6.615478,1728.959201,206.0,3.530383,2.2,9.9
1742809267.887000,45.424566,6.615414,1734.952081,206.0,3.539843,2.5,9.9
1742809270.886000,45.424481,6.615355,1740.670041,206.0,3.520000,2.4,9.9
1742809273.886000,45.424395,6.615296,1746.553919,206.0,3.480002,2.4,9.9
1742809276.887000,45.424310,6.615235,1753.130399,206.0,3.618645,2.6,9.9
1742809279.886000,45.424225,6.615172,1759.649923,206.0,3.420315,2.4,9.9
1742809282.886000,45.424143,6.615110,1751.045397,206.0,3.450080,1.4,9.9
1742809285.886000,45.424058,6.615053,1760.074506,206.0,3.459537,1.4,9.9
1742809288.886000,45.423973,6.614996,1778.290041,206.0,3.687604,2.5,9.9
1742809291.887000,45.423881,6.614934,1784.514081,206.0,3.570717,2.4,9.9
1742809294.887000,45.423792,6.614874,1788.931400,206.0,3.620005,2.2,9.9
1742809297.886000,45.423705,6.614811,1793.561720,206.0,3.580086,2.5,9.9
1742809300.887000,45.423618,6.614749,1798.886789,206.0,3.609778,2.4,9.9
1742809303.887000,45.423529,6.614688,1804.416109,206.0,3.600005,2.4,9.9
1742809306.886000,45.423440,6.614629,1809.365619,206.0,3.589730,2.6,9.9
1742809309.887000,45.423350,6.614572,1814.704340,206.9,3.631652,2.4,9.9
1742809312.887000,45.423266,6.614506,1806.957291,208.0,3.550141,1.4,9.9
1742809315.887000,45.423181,6.614446,1821.813218,208.0,3.510219,1.7,9.9
1742809318.887000,45.423097,6.614387,1833.322111,207.0,3.539627,2.5,9.9
1742809321.887000,45.423002,6.614323,1837.330604,206.0,3.821884,2.4,9.9
1742809324.887000,45.422907,6.614255,1840.084359,206.0,3.850791,2.3,9.9
1742809327.887000,45.422816,6.614187,1843.215674,207.0,3.840438,2.6,9.9
1742809330.887000,45.422726,6.614120,1846.508333,206.0,3.889257,2.4,9.9
1742809333.887000,45.422634,6.614054,1849.505868,205.0,3.829594,2.4,9.9
1742809336.886000,45.422539,6.613989,1852.801951,206.0,3.830230,2.6,9.9
1742809339.887000,45.422446,6.613926,1856.383057,206.0,3.780226,2.4,9.9
1742809342.887000,45.422352,6.613863,1846.536905,206.0,3.790451,1.3,9.9
1742809345.887000,45.422260,6.613799,1859.449929,206.0,3.770672,1.7,9.9
1742809348.887000,45.422167,6.613735,1868.605030,206.0,3.830144,2.5,9.9
1742809351.886000,45.422074,6.613670,1872.060344,206.0,3.770955,2.4,9.9
1742809354.887000,45.421984,6.613606,1876.016923,206.0,3.770071,2.5,9.9
1742809357.887000,45.421894,6.613541,1880.685035,206.0,3.760221,2.6,9.9
1742809360.887000,45.421805,6.613480,1884.615818,206.0,3.818649,2.4,9.9
1742809363.887000,45.421708,6.613416,1887.215357,206.0,3.821200,2.4,9.9
1742809366.887000,45.421614,6.613350,1890.114005,206.0,3.850664,2.5,9.9
1742809369.886000,45.421519,6.613284,1892.381740,206.0,3.889859,2.0,9.9
1742809372.887000,45.421424,6.613218,1879.983013,206.0,3.850538,1.4,9.9
1742809375.887000,45.421327,6.613153,1884.439325,206.0,3.929788,1.4,9.9
1742809378.887000,45.421232,6.613088,1901.082824,206.0,3.919628,2.5,9.9
1742809381.886000,45.421139,6.613021,1903.980082,206.0,3.869849,2.4,9.9
1742809384.887000,45.421046,6.612956,1907.395855,206.0,3.869485,2.5,9.9
1742809387.886000,45.420952,6.612891,1911.292792,206.0,3.899099,2.6,9.9
1742809390.887000,45.420857,6.612827,1914.505431,206.0,3.830153,2.4,9.9
1742809393.886000,45.420764,6.612763,1918.006480,206.0,3.789929,2.4,9.9
1742809396.886000,45.420673,6.612696,1921.540153,206.0,3.829997,2.5,9.9
1742809399.886000,45.420581,6.612630,1909.360836,206.0,3.770073,1.4,9.9
1742809402.886000,45.420488,6.612564,1914.675133,206.0,3.989604,1.3,9.9
1742809405.887000,45.420394,6.612498,1931.457445,206.0,3.869998,2.4,9.9
1742809408.886000,45.420302,6.612430,1934.124634,206.0,3.860363,2.5,9.9
1742809411.886000,45.420206,6.612365,1936.859101,206.0,3.840592,2.5,9.9
1742809414.887000,45.420112,6.612300,1940.807939,207.0,3.860451,2.6,9.9
1742809417.887000,45.420018,6.612233,1943.985211,207.0,3.850290,2.6,9.9
1742809420.887000,45.419925,6.612170,1947.664898,206.0,3.849627,2.4,9.9
1742809423.887000,45.419832,6.612106,1950.056506,206.0,3.869853,2.4,9.9
1742809426.887000,45.419739,6.612041,1938.298862,206.0,3.800222,1.5,9.9
1742809429.887000,45.419648,6.611975,1957.243860,206.0,3.820218,2.0,9.9
1742809432.887000,45.419554,6.611912,1946.447196,188.0,3.795751,1.3,9.9
1742809435.887000,45.419456,6.611874,1963.464851,189.0,3.492416,2.4,9.9
1742809438.886000,45.419370,6.611833,1964.923578,190.0,3.536030,2.5,9.9
1742809441.887000,45.419284,6.611780,1967.715248,193.0,3.645817,2.3,9.9
1742809444.887000,45.419187,6.611709,1970.835744,196.0,3.899909,2.6,9.9
1742809447.886000,45.419091,6.611639,1973.459662,198.0,3.851353,2.4,9.9
1742809450.886000,45.418994,6.611571,1975.777962,201.0,3.940351,2.4,9.9
1742809453.887000,45.418902,6.611503,1963.288209,207.0,3.769276,1.5,9.9
1742809456.886000,45.418809,6.611429,1980.974789,206.0,3.819384,2.1,9.9
1742809459.886000,45.418719,6.611344,1969.839806,226.0,3.870016,1.4,9.9
1742809462.887000,45.418623,6.611272,1988.089456,211.0,3.919243,2.3,9.9
1742809465.887000,45.418523,6.611211,1990.949215,209.0,3.849503,2.4,9.9
1742809468.887000,45.418430,6.611148,1994.173968,208.0,3.381959,2.5,9.9
1742809471.886000,45.418331,6.611092,1995.718547,204.0,3.495162,2.6,9.9
1742809474.886000,45.418241,6.611029,1998.323485,204.0,3.372306,2.4,9.9
1742809477.886000,45.418158,6.610960,1999.454631,206.0,3.452792,2.4,9.9
1742809480.887000,45.418069,6.610883,1999.697145,208.0,3.860739,2.7,9.9
1742809486.886000,45.417986,6.610814,2000.321812,210.4,0.808992,2.1,10.1
1742809493.887000,45.417874,6.610748,2000.388755,215.0,3.701816,2.5,10.4
1742809496.886000,45.417793,6.610679,1984.276578,210.1,2.844720,1.4,9.9
1742809500.887000,45.417699,6.610627,1980.563460,184.1,3.298070,1.6,9.9
1742809503.886000,45.417590,6.610638,1998.605629,182.6,3.816973,2.5,9.9
1742809506.887000,45.417479,6.610587,1997.409532,194.1,4.224138,2.5,9.9
1742809509.887000,45.417349,6.610519,1980.110787,204.3,4.967672,1.6,9.9
1742809511.885000,45.417259,6.610446,1994.147990,221.1,5.209071,2.6,9.9
1742809513.885000,45.417187,6.610348,1974.890703,230.9,5.122613,1.5,10.1
1742809517.886000,45.417066,6.610134,1970.088017,238.3,5.062368,1.5,12.6
1742809519.886000,45.417032,6.609915,1975.613213,250.1,6.059798,1.6,14.0
1742809520.886000,45.417006,6.609778,1972.658314,243.5,6.601328,1.7,13.3
1742809522.885000,45.416944,6.609568,1971.120611,234.9,6.434765,1.6,11.8
1742809524.886000,45.416880,6.609430,1970.402580,219.5,5.670480,1.6,10.3
1742809526.886000,45.416810,6.609345,1960.404924,213.6,5.063683,1.7,9.9
1742809528.886000,45.416744,6.609249,1961.205451,227.3,5.439587,1.9,9.9
1742809530.886000,45.416680,6.609079,1957.957577,242.8,7.213969,1.8,9.9
1742809532.886000,45.416616,6.608848,1961.173230,248.0,8.914639,2.0,9.9
1742809533.886000,45.416587,6.608715,1934.300049,249.7,9.694948,19.0,9.9
1742809534.886000,45.416554,6.608581,1934.300049,246.2,10.407490,19.0,9.9
1742809535.886000,45.416516,6.608440,1934.300049,244.6,11.081110,19.0,9.9
1742809536.886000,45.416475,6.608295,1934.300049,246.6,11.501991,19.0,9.9
1742809537.885000,45.416436,6.608147,1934.300049,248.0,11.873005,19.0,9.9
1742809538.886000,45.416400,6.607996,1934.300049,250.5,12.076507,19.0,9.9
1742809539.886000,45.416368,6.607846,1934.300049,252.9,12.038231,19.0,9.9
1742809540.885000,45.416339,6.607702,1934.300049,260.2,11.608308,19.0,9.9
1742809541.886000,45.416323,6.607571,1934.300049,273.8,10.811623,19.0,9.9
1742809543.886000,45.416330,6.607371,1934.300049,302.8,7.991543,19.1,9.9
1742809550.886000,45.416329,6.607242,1948.231731,296.1,2.151162,1.8,9.9
1742809554.886000,45.416369,6.607067,1940.038937,299.9,4.942424,1.8,9.9
1742809556.885000,45.416438,6.606955,1934.300049,307.3,5.659772,2.0,9.9
1742809558.886000,45.416545,6.606831,1932.178922,317.7,7.399065,2.1,9.9
1742809560.885000,45.416664,6.606700,1934.300049,321.3,8.651677,2.1,9.9
1742809562.886000,45.416762,6.606491,1928.945547,307.1,9.275325,2.1,9.9
1742809564.886000,45.416844,6.606255,1925.061870,310.0,11.709456,2.2,9.9
1742809565.886000,45.416896,6.606129,1921.871622,290.0,10.740111,2.1,9.9
1742809566.886000,45.416925,6.605992,1918.606203,287.0,11.399216,2.1,9.9
1742809567.886000,45.416985,6.605871,1915.190904,320.0,12.616371,2.1,9.9
1742809568.886000,45.417068,6.605757,1917.346702,307.0,12.678564,2.0,9.9
1742809569.886000,45.417117,6.605618,1911.600271,287.2,11.999579,2.0,9.9
1742809570.886000,45.417155,6.605455,1906.852812,291.0,14.367543,2.0,9.9
1742809571.885000,45.417229,6.605310,1903.468902,316.9,14.275045,2.1,9.9
1742809572.885000,45.417317,6.605175,1889.060062,304.2,14.639714,2.0,9.9
1742809573.885000,45.417346,6.605004,1883.450233,274.4,13.242009,2.0,9.9
1742809574.886000,45.417352,6.604832,1881.125758,278.0,12.592252,2.0,9.9
1742809575.886000,45.417374,6.604671,1887.681174,281.0,13.168231,1.9,9.9
1742809576.886000,45.417410,6.604508,1885.182450,293.0,13.109647,1.9,9.9
1742809577.885000,45.417475,6.604375,1878.498976,319.0,11.889837,2.0,9.9
1742809578.885000,45.417568,6.604276,1877.331971,325.0,13.098511,1.9,9.9
1742809579.885000,45.417662,6.604186,1874.607110,327.0,11.878414,1.3,9.9
1742809580.886000,45.417780,6.604131,1866.363896,346.7,14.643561,1.5,9.9
1742809581.886000,45.417898,6.604055,1858.371506,320.2,13.944573,1.4,9.9
1742809582.886000,45.417997,6.603934,1855.862339,322.0,14.848363,1.4,10.0
1742809583.885000,45.418120,6.603858,1851.927410,335.8,14.551443,1.4,10.0
1742809584.885000,45.418247,6.603793,1840.835447,339.0,14.086355,1.5,10.1
1742809585.885000,45.418371,6.603716,1835.853678,333.2,14.474887,1.8,10.2
1742809586.885000,45.418500,6.603599,1831.226965,327.2,16.519485,1.7,10.4
1742809587.885000,45.418649,6.603503,1826.958825,338.8,16.675632,1.8,10.6
1742809588.886000,45.418800,6.603445,1820.930176,348.7,16.950918,1.8,10.9
1742809589.885000,45.418927,6.603461,1820.180857,0.7,14.921393,1.6,10.9
1742809590.886000,45.419061,6.603507,1816.282131,12.8,15.054281,1.8,10.9
1742809591.886000,45.419196,6.603550,1815.047225,6.2,14.657152,2.2,10.8
1742809592.885000,45.419326,6.603553,1814.358873,1.1,14.227558,2.1,10.7
1742809593.885000,45.419439,6.603576,1814.486349,17.9,13.333980,1.8,10.6
1742809594.885000,45.419554,6.603642,1813.114141,21.0,14.769803,1.7,10.5
1742809595.886000,45.419671,6.603702,1810.720833,15.0,14.370760,1.6,10.5
1742809596.886000,45.419793,6.603729,1807.127579,4.0,14.478779,1.7,10.4
1742809597.886000,45.419924,6.603716,1807.684818,353.0,15.480859,1.5,10.2
1742809598.885000,45.420062,6.603678,1808.632302,344.1,15.844927,1.4,10.2
1742809599.886000,45.420184,6.603656,1803.282408,4.8,13.609326,1.4,10.2
1742809600.886000,45.420300,6.603661,1795.131006,355.1,12.785526,1.7,10.2
1742809601.886000,45.420416,6.603618,1790.708612,342.2,14.155006,1.8,10.2
1742809602.886000,45.420533,6.603559,1788.694477,345.9,13.225089,2.0,10.4
1742809604.885000,45.420669,6.603602,1784.076858,9.0,8.219206,1.7,10.4
1742809606.886000,45.420848,6.603563,1780.656250,346.0,11.506720,1.9,10.5
1742809607.885000,45.420948,6.603550,1778.424805,2.9,11.715597,1.8,10.4
1742809609.886000,45.421046,6.603491,1774.846055,305.1,3.085523,1.6,10.3
1742809616.886000,45.421092,6.603337,1766.379682,318.0,5.507605,2.1,9.9
1742809618.885000,45.421173,6.603226,1765.658547,310.0,7.059144,1.7,9.9
1742809620.886000,45.421262,6.603071,1763.273438,308.1,8.320558,1.5,9.9
1742809622.885000,45.421364,6.602876,1760.513836,303.1,9.530838,1.6,9.9
1742809623.886000,45.421411,6.602761,1758.830654,299.1,10.482327,1.6,9.9
1742809624.885000,45.421460,6.602625,1758.944043,308.9,11.753911,1.9,9.9
1742809625.886000,45.421530,6.602495,1755.480971,300.1,12.714292,1.7,9.9
1742809626.885000,45.421595,6.602347,1748.966728,295.1,13.646320,1.6,9.9
1742809627.886000,45.421652,6.602172,1750.212956,283.1,15.196636,1.9,9.9
1742809628.885000,45.421697,6.601970,1747.385344,270.1,15.912181,1.7,9.9
1742809629.886000,45.421720,6.601756,1742.588971,266.9,16.367411,1.8,9.9
1742809630.885000,45.421739,6.601529,1727.142402,264.7,17.242464,1.5,9.9
1742809631.886000,45.421763,6.601300,1721.888867,262.2,17.466322,1.5,9.9
1742809632.885000,45.421797,6.601069,1717.714380,262.8,17.691204,1.4,9.9
1742809633.886000,45.421824,6.600840,1716.406925,259.3,17.479811,1.4,9.9
1742809634.885000,45.421840,6.600618,1718.598043,260.4,17.222452,1.4,9.9
1742809635.885000,45.421854,6.600400,1716.670869,262.5,17.045980,1.4,9.9
1742809636.886000,45.421904,6.600204,1712.916504,267.9,16.510408,1.3,9.9
1742809637.886000,45.421965,6.600023,1711.902832,266.0,15.949847,1.4,9.9
1742809638.885000,45.422013,6.599854,1710.647944,267.4,15.063869,1.6,9.9
1742809639.885000,45.422073,6.599688,1707.970598,277.4,14.449116,1.6,10.1
1742809640.886000,45.422153,6.599515,1703.816789,287.3,14.921347,1.4,10.2
1742809641.886000,45.422240,6.599373,1702.485186,296.5,14.361590,1.4,10.2
1742809642.885000,45.422337,6.599222,1700.541158,304.8,15.431250,1.4,10.3
1742809643.885000,45.422443,6.599069,1693.252191,307.7,15.655817,1.6,10.4
1742809644.886000,45.422562,6.598913,1687.919125,309.6,16.566723,1.9,10.5
1742809645.885000,45.422680,6.598767,1684.711821,312.1,16.867785,2.1,10.5
1742809646.886000,45.422803,6.598647,1679.111189,318.9,16.608946,2.1,10.7
1742809647.886000,45.422920,6.598508,1674.758169,314.8,16.798567,2.0,10.9
1742809648.886000,45.422991,6.598310,1671.088691,298.3,16.972719,1.6,11.0
1742809649.886000,45.423042,6.598103,1662.967840,290.1,17.041533,1.8,11.0
1742809650.885000,45.423110,6.597910,1660.053193,300.5,17.197996,1.8,11.1
1742809651.886000,45.423212,6.597775,1657.265910,315.6,17.694864,1.5,11.0
1742809652.886000,45.423339,6.597654,1649.035045,323.3,17.420305,1.8,10.9
1742809653.886000,45.423472,6.597530,1645.110448,323.2,17.563410,1.9,10.9
1742809654.885000,45.423610,6.597393,1642.241664,322.3,17.996677,1.9,10.8
1742809655.885000,45.423749,6.597250,1640.897947,322.2,18.040085,1.9,11.0
1742809656.885000,45.423881,6.597104,1641.107202,321.5,17.755175,1.7,11.2
1742809657.886000,45.424006,6.596963,1632.009872,321.4,17.512568,1.5,11.7
1742809658.885000,45.424152,6.596868,1630.601496,324.7,17.219082,2.0,12.2
1742809659.886000,45.424297,6.596804,1626.595751,331.0,16.479017,1.6,13.0
1742809660.886000,45.424476,6.596772,1621.289475,336.1,17.024105,1.5,13.4
1742809661.885000,45.424617,6.596722,1621.360508,335.6,16.267649,1.4,13.4
1742809662.886000,45.424767,6.596662,1620.872449,335.9,16.618950,1.5,13.3
1742809663.886000,45.424934,6.596613,1617.525829,337.2,17.317709,1.4,13.0
1742809664.886000,45.425092,6.596569,1617.012774,341.9,17.089668,1.4,12.9
1742809665.885000,45.425223,6.596498,1611.436100,334.2,16.834478,1.5,12.4
1742809666.886000,45.425312,6.596395,1611.126420,319.7,14.912548,1.6,12.3
1742809667.886000,45.425387,6.596266,1608.084561,313.7,15.142682,1.8,12.2
1742809668.886000,45.425463,6.596148,1603.643122,320.7,15.091208,1.6,11.9
1742809669.886000,45.425547,6.596062,1595.827037,324.9,14.430167,1.4,11.8
1742809670.886000,45.425655,6.595989,1590.427532,328.9,15.398481,1.4,11.6
1742809671.886000,45.425777,6.595901,1581.392097,329.3,15.859431,1.4,11.7
1742809672.885000,45.425866,6.595745,1573.213522,318.6,16.093525,1.5,11.7
1742809673.885000,45.425961,6.595600,1568.204239,317.7,15.796851,1.8,11.7
1742809674.886000,45.426060,6.595534,1564.543229,327.1,14.180099,1.9,11.7
1742809675.886000,45.426169,6.595478,1562.248038,335.4,14.161712,2.1,11.7
1742809676.886000,45.426265,6.595389,1558.926732,323.6,13.973458,2.1,11.7
1742809677.886000,45.426344,6.595263,1556.855250,308.6,13.970407,1.8,11.6
1742809678.886000,45.426421,6.595126,1556.146346,309.7,13.961124,1.8,11.3
1742809679.886000,45.426518,6.595014,1552.482144,326.6,13.885739,1.9,11.3
1742809680.886000,45.426624,6.594930,1553.024370,327.5,13.599653,1.8,11.3
1742809681.886000,45.426731,6.594894,1548.060727,333.7,12.876120,1.7,11.4
1742809682.885000,45.426851,6.594864,1544.300392,338.8,13.499444,1.7,11.5
1742809683.886000,45.426975,6.594840,1539.984732,342.2,13.752875,2.0,11.5
1742809684.886000,45.427094,6.594821,1537.216995,345.9,13.494711,1.9,11.5
1742809685.886000,45.427224,6.594831,1534.795524,351.2,13.873502,1.8,11.7
1742809686.886000,45.427355,6.594833,1529.650172,352.9,14.027008,1.7,11.9
1742809687.886000,45.427512,6.594798,1524.965278,348.9,15.371527,1.7,12.1
1742809688.886000,45.427698,6.594770,1518.313770,350.1,17.393156,1.9,12.4
1742809689.886000,45.427836,6.594769,1510.484628,0.7,16.069878,1.6,12.6
1742809690.886000,45.427960,6.594817,1502.212711,10.7,18.114042,1.5,12.9
1742809691.886000,45.428115,6.594895,1493.424747,11.9,18.357388,1.4,13.1
1742809692.886000,45.428254,6.595007,1489.227505,16.5,17.557665,1.4,13.3
1742809693.885000,45.428380,6.595000,1486.013190,354.6,15.817574,1.5,13.4
1742809694.886000,45.428502,6.594938,1485.130040,345.2,16.911968,1.6,13.4
1742809695.886000,45.428607,6.594920,1482.390334,13.6,12.707482,1.5,13.2
1742809697.886000,45.428775,6.594957,1474.976522,5.2,11.267599,1.6,12.9
1742809699.885000,45.428911,6.594862,1466.009085,338.2,9.693655,1.6,12.1
1742809701.886000,45.429059,6.594772,1462.504495,350.8,10.985260,1.5,11.5
1742809702.885000,45.429161,6.594727,1456.636352,341.1,13.137027,1.6,11.4
1742809703.885000,45.429256,6.594656,1454.028859,329.4,12.081588,1.9,11.3
1742809704.886000,45.429358,6.594554,1448.990104,330.9,14.474405,2.1,11.3
1742809705.886000,45.429499,6.594477,1444.827571,342.7,14.996600,2.1,11.4
1742809706.885000,45.429640,6.594425,1440.328733,344.0,15.589334,2.0,11.4
1742809707.886000,45.429746,6.594350,1437.858390,327.2,14.952200,1.6,11.5
1742809708.886000,45.429814,6.594232,1433.489285,311.1,14.001719,1.8,11.5
1742809709.885000,45.429872,6.594097,1433.642097,306.0,12.824206,1.8,11.4
1742809710.885000,45.429927,6.593988,1432.491033,317.0,11.522385,1.8,11.2
1742809711.885000,45.430008,6.593909,1433.536559,329.0,11.369232,1.8,11.1
1742809712.885000,45.430075,6.593818,1432.596368,304.1,11.316276,1.9,10.9
1742809714.886000,45.430152,6.593703,1429.446953,5.9,4.163685,1.7,10.6
1742809732.886000,45.430295,6.593676,1420.048647,345.9,6.766371,2.1,10.1
1742809734.886000,45.430462,6.593670,1413.699951,7.9,9.891928,1.9,9.9
1742809735.884000,45.430564,6.593701,1411.775783,10.9,11.181379,2.2,9.9
1742809736.886000,45.430671,6.593737,1408.610950,13.0,11.904031,2.1,9.9
1742809737.886000,45.430782,6.593776,1406.941673,14.0,12.340419,1.9,9.9
1742809738.885000,45.430891,6.593825,1405.178774,17.9,12.574618,2.0,9.9
1742809739.884000,45.430998,6.593892,1401.804179,24.9,12.695986,1.6,9.9
1742809740.886000,45.431091,6.593983,1400.264428,35.8,12.274327,1.7,9.9
1742809741.885000,45.431161,6.594099,1398.572210,49.0,11.764486,1.7,9.9
1742809742.886000,45.431211,6.594227,1397.204217,59.6,11.247528,1.7,9.9
1742809743.886000,45.431246,6.594358,1395.729677,67.4,10.892978,1.7,9.9
1742809744.886000,45.431273,6.594494,1399.336995,73.8,10.807678,5.5,9.9
1742809745.885000,45.431297,6.594630,1398.947467,74.5,10.829247,5.6,9.9
1742809746.886000,45.431328,6.594766,1398.508272,69.5,10.979000,5.7,9.9
1742809747.886000,45.431364,6.594892,1398.169077,71.1,10.617936,5.6,9.9
1742809749.886000,45.431404,6.595123,1392.576199,86.1,9.103143,2.5,9.9
1742809751.886000,45.431417,6.595329,1394.895854,86.2,8.385171,1.7,9.9
1742809753.885000,45.431450,6.595544,1395.226828,80.4,8.778524,1.7,9.9
1742809755.886000,45.431491,6.595774,1390.724847,80.8,9.361547,1.8,9.9
1742809756.886000,45.431514,6.595900,1386.305611,79.4,9.843858,1.9,9.9
1742809757.886000,45.431538,6.596034,1382.823513,78.9,10.220466,1.8,9.9
1742809758.886000,45.431559,6.596160,1382.154379,84.2,9.879039,1.8,9.9
1742809760.886000,45.431593,6.596384,1380.623535,85.6,8.722360,2.4,9.9
1742809762.886000,45.431602,6.596562,1382.104839,92.5,7.171495,2.3,9.9
1742809764.886000,45.431594,6.596698,1382.120488,98.8,5.170345,2.3,9.9
1742809767.885000,45.431573,6.596851,1388.373670,110.6,3.779925,1.8,10.1
1742809771.885000,45.431570,6.597006,1385.246443,96.0,2.674904,1.8,10.3
1742809775.886000,45.431560,6.597150,1388.828374,101.9,3.156243,5.5,10.3
1742809778.885000,45.431536,6.597290,1381.949227,105.8,3.174174,1.8,10.0
1742809781.886000,45.431505,6.597416,1392.498211,112.0,3.819934,1.5,9.9
1742809785.886000,45.431454,6.597544,1385.567988,133.9,1.633952,1.5,9.9
1742809805.886000,45.431479,6.597597,1388.924674,86.3,0.000000,1.5,9.9
1742809805.886000,45.431479,6.597597,1388.924674,86.3,0.000000,1.5,9.9
1742809835.885000,45.431428,6.597673,1404.599976,158.6,0.895154,3.1,9.9
1742809851.886000,45.431524,6.597661,1404.599976,319.2,0.910913,2.6,9.9
1742809862.886000,45.431596,6.597583,1404.599976,357.3,1.135373,2.5,9.9
1742809871.886000,45.431695,6.597616,1404.599976,354.9,1.506284,1.6,10.5
1742809900.886000,45.431631,6.597713,1404.599976,189.5,0.844937,3.1,9.9
1742809948.884000,45.431536,6.597705,1404.599976,192.8,0.474059,2.2,9.9
1742809951.885000,45.431437,6.597792,1404.599976,148.8,3.555641,2.4,9.9
1742809953.885000,45.431349,6.597873,1404.599976,148.9,3.950640,2.5,9.9
1742809955.884000,45.431258,6.597949,1404.599976,152.5,3.918956,2.3,10.0
1742809958.885000,45.431161,6.598048,1409.373882,148.9,3.823129,2.0,8.8
1742809961.885000,45.431079,6.598115,1415.830962,151.0,3.688030,2.1,5.9
1742809964.884000,45.430999,6.598186,1422.486580,142.0,3.439343,2.0,3.8
1742809967.885000,45.430906,6.598264,1428.475494,146.1,4.067765,2.0,3.8
1742809970.885000,45.430814,6.598333,1432.716680,147.1,3.880814,2.1,3.8
1742809973.885000,45.430717,6.598404,1436.936036,147.8,4.140646,2.1,3.8
1742809976.884000,45.430622,6.598480,1438.761213,149.0,4.009946,2.5,3.8
1742809979.885000,45.430524,6.598557,1441.362012,149.9,4.072144,2.5,3.8
1742809982.884000,45.430428,6.598632,1443.845220,149.4,4.002681,2.7,3.8
1742809985.885000,45.430330,6.598708,1447.665980,151.1,4.093153,2.5,3.8
1742809988.885000,45.430238,6.598780,1450.938604,151.0,3.966328,2.2,3.8
1742809991.884000,45.430144,6.598854,1454.586210,150.9,3.978989,2.3,3.8
1742809994.885000,45.430054,6.598928,1458.305693,150.2,3.990931,2.3,3.8
1742809997.884000,45.429961,6.599004,1462.424061,151.0,3.920196,1.8,3.8
1742810000.884000,45.429868,6.599079,1465.808098,151.3,3.955148,1.8,3.8
1742810003.884000,45.429775,6.599154,1469.640504,151.3,3.945761,2.0,3.8
1742810006.884000,45.429680,6.599227,1474.600103,152.0,4.078509,2.2,3.8
1742810009.884000,45.429583,6.599299,1476.501784,157.5,3.985122,2.5,3.8
1742810012.885000,45.429489,6.599376,1478.982681,153.3,4.063234,2.4,3.8
1742810015.885000,45.429394,6.599455,1481.182757,154.1,4.023240,1.9,3.8
1742810018.885000,45.429298,6.599531,1484.049258,153.9,4.055950,2.1,3.8
1742810021.884000,45.429203,6.599610,1486.475887,154.1,3.973955,2.0,3.8
1742810024.884000,45.429108,6.599685,1489.758008,153.1,4.027804,2.0,3.8
1742810027.884000,45.429014,6.599762,1492.773664,151.4,3.961626,2.0,3.8
1742810030.884000,45.428920,6.599838,1496.616872,152.9,4.034612,2.1,3.8
1742810033.885000,45.428830,6.599911,1499.791270,151.9,4.014448,2.2,3.8
1742810036.885000,45.428738,6.599984,1503.547962,151.6,3.822821,2.4,3.8
1742810039.885000,45.428645,6.600060,1507.294075,150.9,4.026254,2.7,3.8
1742810042.884000,45.428556,6.600134,1511.363550,150.2,3.872078,2.6,3.8
1742810045.884000,45.428464,6.600205,1515.707727,152.5,3.834722,2.1,3.8
1742810048.885000,45.428375,6.600277,1521.179913,153.0,3.774028,2.3,3.8
1742810051.885000,45.428282,6.600358,1524.024563,151.3,3.862366,2.2,3.8
1742810054.884000,45.428186,6.600439,1527.028267,151.2,4.385381,2.2,3.8
1742810057.885000,45.428090,6.600512,1528.414838,150.0,4.054022,2.3,3.8
1742810060.885000,45.427995,6.600592,1530.490342,150.2,4.055153,2.3,3.8
1742810063.885000,45.427902,6.600674,1533.142923,148.5,3.962652,2.4,3.8
1742810066.884000,45.427806,6.600746,1536.365611,150.6,3.974777,2.6,3.8
1742810069.885000,45.427711,6.600818,1538.800267,150.7,4.205049,2.9,3.8
1742810072.884000,45.427616,6.600892,1539.302034,151.0,4.125541,2.8,3.8
1742810075.885000,45.427520,6.600968,1540.867404,151.7,4.106184,2.3,3.8
1742810078.884000,45.427426,6.601044,1542.183897,149.9,4.017034,2.5,3.8
1742810081.884000,45.427333,6.601119,1544.206122,151.2,3.947121,2.4,3.8
1742810084.884000,45.427244,6.601195,1548.021302,150.0,3.918461,2.4,3.8
1742810087.884000,45.427153,6.601267,1552.666303,150.0,3.920606,2.5,3.8
1742810090.885000,45.427062,6.601338,1557.034136,150.0,3.888304,1.9,3.8
1742810093.885000,45.426972,6.601407,1561.458977,149.7,3.778472,1.9,3.8
1742810096.885000,45.426894,6.601493,1567.543233,132.2,3.621783,2.2,3.8
1742810099.885000,45.426797,6.601569,1571.714380,142.9,3.973086,2.4,3.8
1742810102.885000,45.426697,6.601638,1575.393082,148.8,3.932222,2.4,3.8
1742810105.885000,45.426603,6.601710,1579.718276,149.7,3.942495,1.8,3.8
1742810108.884000,45.426512,6.601784,1583.397171,151.3,3.916251,2.0,3.8
1742810111.884000,45.426420,6.601852,1587.699295,153.9,3.847095,1.9,3.8
1742810114.885000,45.426328,6.601923,1593.252527,154.1,3.888160,1.9,3.8
1742810117.885000,45.426238,6.601991,1597.651777,155.7,3.823549,1.8,3.8
1742810120.885000,45.426147,6.602064,1602.684648,155.2,3.809516,1.9,3.8
1742810123.883000,45.426055,6.602136,1606.813297,156.2,3.843267,1.9,3.8
1742810126.885000,45.425966,6.602207,1612.503985,155.3,3.799479,2.2,3.8
1742810129.885000,45.425876,6.602280,1617.378734,156.0,3.753630,2.2,3.8
1742810132.885000,45.425788,6.602353,1623.008695,152.6,3.775685,2.4,3.8
1742810135.885000,45.425702,6.602428,1628.813824,153.6,3.713157,2.0,3.8
1742810138.884000,45.425610,6.602506,1634.072218,156.1,4.059814,2.0,3.8
1742810141.885000,45.425517,6.602578,1637.832504,156.4,4.024729,1.9,3.8
1742810144.885000,45.425423,6.602653,1641.379526,156.3,3.964166,1.9,3.8
1742810147.884000,45.425330,6.602727,1645.197057,156.1,3.858797,1.9,3.8
1742810150.885000,45.425238,6.602800,1649.069913,155.5,3.910834,1.9,3.8
1742810153.885000,45.425147,6.602872,1653.622346,155.0,3.908845,1.9,3.8
1742810156.885000,45.425054,6.602946,1658.631343,155.8,3.965966,2.2,3.8
1742810159.885000,45.424962,6.603021,1663.015300,155.2,3.855720,2.2,3.8
1742810162.885000,45.424869,6.603096,1667.912738,155.0,3.869817,2.4,3.8
1742810165.885000,45.424780,6.603170,1672.971078,154.9,3.864550,2.0,3.8
1742810168.885000,45.424690,6.603247,1677.931717,154.1,3.756141,2.0,3.8
1742810171.884000,45.424601,6.603317,1682.749215,153.9,3.821824,1.9,3.8
1742810174.885000,45.424512,6.603387,1688.260310,155.0,3.718298,1.9,3.8
1742810177.885000,45.424422,6.603458,1693.746870,154.5,3.930214,1.7,3.8
1742810180.884000,45.424327,6.603535,1697.693649,154.1,3.929837,1.9,3.8
1742810183.884000,45.424233,6.603608,1700.908306,154.1,3.959832,2.1,3.8
1742810186.884000,45.424140,6.603682,1704.838646,154.0,3.982765,2.2,3.8
1742810189.885000,45.424049,6.603755,1708.401404,153.7,3.965985,2.1,3.8
1742810192.885000,45.423957,6.603829,1712.115597,154.7,3.906666,2.4,3.8
1742810195.885000,45.423866,6.603905,1716.119594,154.6,3.914670,2.1,3.8
1742810198.885000,45.423772,6.603979,1720.557520,154.2,3.933831,2.0,3.8
1742810201.884000,45.423680,6.604054,1725.181267,153.2,3.983095,2.0,5.0
1742810204.883000,45.423590,6.604128,1728.774161,153.7,3.867774,1.9,4.8
1742810207.885000,45.423500,6.604201,1734.052196,154.0,3.813244,1.8,3.8
1742810210.885000,45.423410,6.604275,1738.930453,153.0,3.852839,1.9,3.8
1742810213.885000,45.423323,6.604347,1743.780400,153.0,3.757742,2.1,3.8
1742810216.885000,45.423234,6.604421,1748.826769,151.6,4.025307,2.2,3.8
1742810219.885000,45.423140,6.604496,1752.055130,151.3,3.957440,2.1,3.8
1742810222.884000,45.423044,6.604575,1755.044103,151.3,3.985862,2.4,3.8
1742810225.885000,45.422948,6.604652,1758.217439,151.0,4.050565,2.4,3.8
1742810228.885000,45.422854,6.604728,1761.930733,150.1,3.984016,2.0,3.8
1742810231.884000,45.422759,6.604800,1765.476865,154.9,3.977562,1.9,3.8
1742810234.884000,45.422666,6.604872,1769.270697,154.5,3.895367,1.9,3.8
1742810237.883000,45.422574,6.604950,1773.538473,152.0,3.929881,1.8,3.8
1742810240.885000,45.422479,6.605031,1776.683080,150.0,4.025229,1.9,3.8
1742810243.884000,45.422384,6.605112,1778.898190,149.8,4.048082,1.9,3.8
1742810246.885000,45.422289,6.605189,1782.293507,148.7,4.064241,2.2,3.8
1742810249.884000,45.422196,6.605264,1784.413814,150.0,3.953320,2.2,3.8
1742810252.884000,45.422101,6.605339,1787.761810,151.6,3.929695,2.4,3.8
1742810255.885000,45.422006,6.605412,1791.603550,152.0,3.981289,2.3,3.8
1742810258.885000,45.421914,6.605489,1795.240896,150.1,3.976799,1.8,3.8
1742810261.885000,45.421822,6.605564,1799.074649,149.3,3.932035,2.0,3.8
1742810264.884000,45.421726,6.605627,1802.108462,167.4,3.836455,1.9,3.8
1742810267.885000,45.421630,6.605686,1806.746940,158.3,3.954213,1.8,3.8
1742810270.885000,45.421543,6.605776,1810.180591,150.0,3.938715,1.9,3.8
1742810273.885000,45.421452,6.605858,1814.168893,149.0,3.945884,2.0,3.8
1742810276.885000,45.421358,6.605922,1818.932767,155.3,3.911753,2.2,3.8
1742810279.885000,45.421270,6.606003,1822.986707,148.4,3.869060,2.3,3.8
1742810282.885000,45.421184,6.606082,1827.614980,144.1,3.839621,2.4,3.8
1742810285.883000,45.421098,6.606158,1832.059111,144.0,3.852932,2.3,3.8
1742810288.884000,45.421003,6.606234,1836.316858,144.9,4.076270,1.8,3.8
1742810291.885000,45.420909,6.606305,1839.405253,147.3,4.073528,1.8,3.8
1742810294.884000,45.420816,6.606381,1842.477370,152.0,4.040067,1.9,3.8
1742810297.885000,45.420726,6.606457,1845.673747,148.5,3.936112,1.9,3.8
1742810300.884000,45.420629,6.606529,1850.417431,151.0,3.804746,1.8,3.8
1742810303.884000,45.420535,6.606606,1853.498050,150.0,4.019095,1.8,3.8
1742810306.884000,45.420441,6.606683,1857.221549,149.5,3.899336,2.2,3.8
1742810309.885000,45.420352,6.606769,1860.674835,139.5,3.914181,2.3,3.8
1742810312.885000,45.420258,6.606847,1865.349709,144.3,3.913891,2.4,3.8
1742810315.884000,45.420160,6.606913,1869.402623,150.5,3.947830,2.3,3.8
1742810318.884000,45.420063,6.606972,1873.320921,150.0,3.800238,1.8,3.8
1742810321.883000,45.419971,6.607050,1877.881320,150.0,3.880155,1.8,3.8
1742810324.883000,45.419882,6.607123,1882.531983,148.2,3.891413,1.9,3.8
1742810327.883000,45.419794,6.607202,1887.124702,144.2,3.790578,1.8,3.8
1742810330.883000,45.419711,6.607288,1891.068647,138.9,3.759959,1.8,3.8
1742810333.883000,45.419620,6.607358,1897.133491,144.0,3.889033,2.0,3.8
1742810336.884000,45.419523,6.607431,1900.656079,146.0,3.921180,2.1,3.8
1742810339.884000,45.419426,6.607498,1905.166064,150.0,3.970289,2.4,3.8
1742810342.883000,45.419333,6.607571,1908.492430,151.0,3.979622,2.3,3.8
1742810345.884000,45.419238,6.607646,1912.161942,151.0,3.939815,1.8,3.8
1742810348.884000,45.419146,6.607720,1916.663638,150.0,3.919637,1.8,3.8
1742810351.883000,45.419052,6.607789,1920.748724,153.0,3.939902,1.9,3.8
1742810354.884000,45.418961,6.607862,1924.933916,154.0,3.889584,1.9,3.8
1742810357.884000,45.418870,6.607935,1928.910269,153.0,3.870389,1.8,3.8
1742810360.883000,45.418782,6.608010,1933.433877,153.7,3.878418,1.9,3.8
1742810363.884000,45.418692,6.608074,1937.845717,163.1,3.788018,2.1,3.8
1742810366.883000,45.418606,6.608150,1944.752207,155.6,3.809667,2.5,3.8
1742810369.883000,45.418512,6.608219,1947.934366,156.9,3.960178,2.3,3.8
1742810372.884000,45.418418,6.608290,1952.066889,156.9,3.921660,1.7,3.8
1742810375.884000,45.418325,6.608362,1956.691935,156.2,3.888458,1.8,3.8
1742810378.883000,45.418233,6.608432,1960.095413,164.2,3.801651,1.9,3.8
1742810381.884000,45.418139,6.608487,1965.184233,166.8,3.940430,1.9,3.8
1742810384.884000,45.418043,6.608561,1968.125658,163.4,4.045886,1.8,3.8
1742810387.884000,45.417948,6.608643,1969.208501,161.9,4.063758,1.9,3.8
1742810390.884000,45.417853,6.608728,1970.932762,156.6,4.122226,2.1,3.8
1742810393.883000,45.417756,6.608805,1972.447514,161.0,4.055974,2.5,3.8
1742810396.883000,45.417662,6.608891,1974.839026,158.6,4.085423,2.4,3.8
1742810399.884000,45.417565,6.608970,1976.029836,151.1,4.199312,1.7,3.8
1742810402.884000,45.417476,6.609066,1975.909327,148.8,4.261845,1.7,3.8
1742810405.884000,45.417380,6.609147,1976.471202,150.0,4.188498,1.9,3.8
1742810408.884000,45.417298,6.609216,1977.531016,144.6,3.059220,1.9,3.8
1742810418.882000,45.417204,6.609235,1977.101449,218.5,1.015849,2.3,6.2
1742810430.884000,45.417113,6.609295,1977.398122,152.7,1.032891,1.7,4.1
1742810435.884000,45.417039,6.609396,1977.574803,155.5,0.953202,2.1,3.8
1742810454.883000,45.416939,6.609371,1969.749819,191.0,1.113645,2.3,3.8
1742810468.883000,45.416856,6.609310,1976.675592,228.0,1.533017,1.7,3.8
1742810472.884000,45.416804,6.609169,1976.296473,255.2,3.871440,1.8,3.8
1742810474.884000,45.416795,6.609016,1966.356680,271.6,5.264345,2.3,3.8
1742810476.883000,45.416825,6.608870,1964.037070,281.7,5.830434,2.4,3.8
1742810478.884000,45.416796,6.608677,1961.517175,258.0,7.201026,2.4,3.8
1742810480.884000,45.416699,6.608477,1956.760186,241.7,8.457276,2.4,3.8
1742810482.884000,45.416677,6.608227,1953.251868,261.8,9.464408,2.4,3.8
1742810483.884000,45.416703,6.608088,1950.600490,273.7,10.091667,2.4,3.8
1742810484.884000,45.416732,6.607939,1948.981041,279.1,10.910313,2.5,3.8
1742810485.884000,45.416767,6.607781,1946.425704,286.2,12.622756,2.5,3.8
1742810486.883000,45.416830,6.607638,1951.826420,307.1,13.271620,1.8,3.8
1742810487.884000,45.416909,6.607508,1948.696666,311.1,13.264263,1.8,3.8
1742810488.884000,45.416989,6.607376,1945.261321,315.6,13.432263,1.8,3.8
1742810489.884000,45.417067,6.607243,1944.044952,324.3,13.223835,1.8,3.8
1742810490.884000,45.417152,6.607139,1942.002368,342.1,11.710831,2.2,3.8
1742810491.884000,45.417250,6.607078,1937.981419,338.8,11.555043,2.2,4.0
1742810492.883000,45.417356,6.607002,1934.300049,329.5,12.796942,2.2,3.9
1742810493.884000,45.417426,6.606886,1932.588537,298.4,11.957411,2.2,4.0
1742810494.884000,45.417502,6.606777,1931.360244,314.6,11.830837,2.2,4.0
1742810495.883000,45.417608,6.606722,1928.985607,344.6,11.916217,2.2,3.9
1742810496.884000,45.417729,6.606727,1925.248618,7.7,13.063170,1.9,3.8
1742810497.884000,45.417847,6.606772,1921.502207,21.7,13.612108,1.9,3.8
1742810498.883000,45.417967,6.606794,1918.223891,355.6,13.355552,1.9,3.8
1742810499.883000,45.418085,6.606737,1915.190508,334.9,14.033126,2.1,3.8
1742810500.884000,45.418204,6.606666,1910.051116,339.5,14.229028,2.1,5.0
1742810501.884000,45.418342,6.606632,1905.308899,350.7,15.607965,2.0,6.2
1742810502.884000,45.418486,6.606591,1902.861489,342.4,16.157942,2.0,6.9
1742810503.884000,45.418632,6.606544,1889.006808,349.8,17.183405,2.5,8.7
1742810504.884000,45.418789,6.606502,1885.698562,342.1,18.140591,2.5,9.9
1742810505.883000,45.418946,6.606466,1877.160359,2.3,17.667271,2.5,9.9
1742810506.884000,45.419103,6.606498,1872.901235,7.3,17.517498,2.6,9.9
1742810507.884000,45.419262,6.606511,1878.719064,359.7,17.719633,2.5,9.9
1742810508.884000,45.419421,6.606442,1863.117260,344.3,18.212851,2.6,9.9
1742810509.883000,45.419585,6.606334,1859.699312,336.8,20.012337,2.6,9.9
1742810510.884000,45.419759,6.606266,1848.885194,355.8,20.227959,2.6,9.9
1742810511.883000,45.419941,6.606253,1842.260091,356.4,20.252245,2.6,9.9
1742810512.884000,45.420114,6.606201,1837.780822,344.4,20.097620,2.6,9.9
1742810513.882000,45.420264,6.606075,1829.976390,321.6,19.849506,2.6,9.9
1742810514.884000,45.420385,6.605896,1825.648448,303.5,18.894026,2.7,9.9
1742810515.884000,45.420472,6.605690,1818.144630,300.1,18.963251,2.7,9.9
1742810516.884000,45.420576,6.605504,1817.242660,319.6,19.020468,2.0,9.9
1742810517.883000,45.420725,6.605371,1813.095911,329.2,19.356466,2.0,9.9
1742810518.884000,45.420893,6.605262,1806.820132,335.3,20.189028,2.0,9.9
1742810519.884000,45.421058,6.605135,1798.696497,324.7,21.181883,2.0,9.9
1742810520.884000,45.421210,6.604962,1791.798591,317.2,21.833303,2.4,9.9
1742810521.883000,45.421365,6.604784,1782.390128,326.9,22.238365,2.4,9.9
1742810522.884000,45.421544,6.604651,1770.411229,330.9,21.859255,2.4,9.9
1742810523.884000,45.421726,6.604577,1761.785038,337.2,21.085451,2.4,9.9
1742810524.883000,45.421932,6.604526,1756.866691,342.2,21.991747,2.4,9.9
1742810525.884000,45.422134,6.604457,1746.542910,342.4,22.175789,2.4,10.0
1742810526.884000,45.422292,6.604350,1744.693750,334.8,19.960745,2.1,10.1
1742810527.882000,45.422436,6.604250,1745.135648,335.1,18.413015,2.3,10.1
1742810528.883000,45.422548,6.604209,1746.088921,347.2,13.904016,2.3,10.1
1742810530.884000,45.422674,6.604090,1748.858157,315.2,7.090714,2.3,10.1
1742810539.883000,45.422689,6.603953,1740.671405,249.3,0.748721,1.9,9.9
1742810549.883000,45.422638,6.603822,1749.746444,243.6,0.896230,2.2,9.9
1742810597.884000,45.422518,6.603806,1747.880396,171.2,3.408913,2.2,9.9
1742810599.884000,45.422391,6.603853,1739.770024,170.3,3.667644,1.5,9.9
1742810601.882000,45.422290,6.603902,1745.417624,166.5,3.858248,2.3,9.9
1742810604.884000,45.422172,6.603979,1750.110825,165.1,4.230761,2.4,9.9
1742810607.884000,45.422066,6.604063,1759.943509,161.9,4.009351,1.7,9.9
1742810610.884000,45.421967,6.604142,1762.779140,155.0,4.058299,2.1,9.9
1742810613.883000,45.421869,6.604221,1765.789619,152.6,4.100953,2.0,9.9
1742810616.884000,45.421772,6.604294,1768.531464,152.8,4.050316,1.7,9.9
1742810619.884000,45.421676,6.604361,1771.330713,150.8,4.002086,1.9,9.9
1742810622.884000,45.421578,6.604428,1775.461161,149.3,4.043242,1.7,9.9
1742810625.882000,45.421477,6.604495,1771.256221,150.1,4.162697,2.3,9.9
1742810628.884000,45.421378,6.604564,1774.691701,150.3,4.028785,2.3,9.9
1742810631.884000,45.421282,6.604634,1777.918435,149.8,4.082314,2.3,9.9
1742810634.884000,45.421184,6.604706,1781.619333,149.9,4.019577,2.3,9.9
1742810637.884000,45.421087,6.604774,1792.220932,150.1,3.926334,1.7,9.9
1742810640.884000,45.420993,6.604844,1796.000611,150.0,3.932108,2.1,9.9
1742810643.883000,45.420896,6.604914,1799.942231,149.3,3.992185,2.0,9.9
1742810646.884000,45.420801,6.604983,1805.786781,148.0,3.999701,1.7,9.9
1742810649.884000,45.420708,6.605049,1809.504377,149.0,3.799848,1.9,9.9
1742810652.882000,45.420615,6.605114,1813.681058,150.0,3.890155,1.7,9.9
1742810655.883000,45.420522,6.605181,1811.807479,150.0,3.869837,2.3,9.9
1742810658.883000,45.420428,6.605247,1817.143243,148.0,3.730826,2.3,9.9
1742810661.884000,45.420337,6.605314,1822.416638,148.0,4.157202,2.3,9.9
1742810664.883000,45.420239,6.605384,1826.809311,149.0,4.118664,2.3,9.9
1742810667.884000,45.420142,6.605454,1838.535613,151.0,4.049310,1.7,9.9
1742810670.883000,45.420047,6.605520,1841.703053,151.0,3.860006,2.1,9.9
1742810673.884000,45.419950,6.605585,1845.863731,150.0,3.930522,2.0,9.9
1742810676.883000,45.419854,6.605653,1849.585691,152.0,3.930231,1.7,9.9
1742810679.884000,45.419759,6.605716,1855.939814,151.0,3.890390,1.9,9.9
1742810682.882000,45.419663,6.605780,1859.650478,151.0,3.909615,1.7,9.9
1742810685.884000,45.419560,6.605824,1856.627294,168.0,3.800681,2.3,9.9
1742810688.883000,45.419457,6.605882,1863.315884,165.0,4.413929,2.3,9.9
1742810691.883000,45.419356,6.605957,1865.661550,162.0,4.090080,2.3,9.9
1742810694.883000,45.419258,6.606032,1876.040197,160.0,4.149412,1.7,9.9
1742810697.883000,45.419161,6.606108,1879.223272,157.0,4.159878,1.7,9.9
1742810700.884000,45.419066,6.606187,1883.017120,156.0,4.109715,2.1,9.9
1742810703.884000,45.418972,6.606261,1884.981176,154.0,4.108982,2.0,9.9
1742810706.883000,45.418875,6.606331,1889.332117,153.0,4.020008,1.7,9.9
1742810709.884000,45.418780,6.606401,1892.989958,152.0,3.950796,1.9,9.9
1742810712.884000,45.418688,6.606471,1898.953996,152.0,3.860399,2.2,9.9
1742810715.884000,45.418594,6.606542,1894.391349,145.0,4.010351,2.3,9.9
1742810718.883000,45.418504,6.606621,1899.139942,147.9,3.967917,2.3,9.9
1742810721.883000,45.418404,6.606679,1903.798201,149.0,3.870306,2.3,9.9
1742810724.883000,45.418311,6.606740,1916.173721,150.0,3.869697,1.7,9.9
1742810727.883000,45.418212,6.606807,1920.783700,150.0,4.248921,1.7,9.9
1742810730.883000,45.418112,6.606874,1923.744183,150.0,4.089546,2.1,9.9
1742810733.882000,45.418014,6.606942,1927.611288,150.0,3.970153,2.0,9.9
1742810736.883000,45.417918,6.607011,1931.148359,150.0,4.030142,1.8,9.9
1742810739.883000,45.417823,6.607080,1935.379240,151.0,4.059918,1.8,9.9
1742810742.882000,45.417728,6.607146,1940.756881,151.0,3.929776,2.2,9.9
1742810745.882000,45.417634,6.607211,1936.984533,151.0,3.890302,2.3,9.9
1742810748.883000,45.417542,6.607277,1940.567171,151.0,3.850919,2.3,9.9
1742810751.882000,45.417439,6.607354,1944.124524,138.1,4.033109,2.3,9.9
1742810754.883000,45.417335,6.607417,1952.053050,159.0,4.111429,1.7,9.9
1742810757.883000,45.417231,6.607480,1953.377680,157.0,4.220586,1.7,9.9
1742810760.883000,45.417129,6.607554,1954.620872,156.0,4.180584,1.9,9.9
1742810763.883000,45.417031,6.607628,1955.734069,156.0,4.139732,2.0,10.0
1742810766.883000,45.416935,6.607701,1956.723594,155.0,4.139665,1.7,10.8
1742810769.882000,45.416833,6.607773,1958.664092,155.0,4.120412,1.7,10.6
1742810772.883000,45.416730,6.607843,1952.916478,154.0,4.100997,2.3,10.5
1742810775.883000,45.416631,6.607910,1956.130349,154.0,4.060163,2.4,10.5
1742810778.883000,45.416531,6.607979,1956.180470,153.0,4.199691,1.5,9.9
1742810781.883000,45.416432,6.608052,1961.061054,154.0,4.159564,2.4,9.9
1742810784.883000,45.416333,6.608122,1971.979962,153.0,4.040166,1.8,9.9
1742810787.883000,45.416234,6.608194,1974.674864,153.0,4.169604,1.8,9.9
1742810790.883000,45.416132,6.608269,1969.508110,153.0,4.100623,2.5,9.9
1742810793.883000,45.416033,6.608341,1979.251968,153.0,4.030934,2.2,9.9
1742810796.883000,45.415937,6.608411,1982.769295,153.0,4.019042,2.0,9.9
1742810799.883000,45.415840,6.608482,1985.976816,152.8,4.081055,1.9,9.9
1742810802.882000,45.415742,6.608550,1989.719747,152.8,4.073225,2.4,9.9
1742810805.883000,45.415644,6.608616,1985.460446,152.1,3.981839,2.5,9.9
1742810808.883000,45.415546,6.608676,1989.923426,172.9,3.781168,2.6,9.9
1742810811.883000,45.415447,6.608742,1992.787937,153.0,4.069015,2.6,9.9
1742810814.882000,45.415351,6.608815,2005.723798,152.9,3.952823,2.0,9.9
1742810817.883000,45.415256,6.608885,2010.005266,154.8,3.885415,2.0,9.9
1742810820.883000,45.415159,6.608951,2014.386357,156.7,3.914470,2.4,9.9
1742810823.882000,45.415063,6.609020,2018.443357,156.8,3.973191,2.1,9.9
1742810826.882000,45.414970,6.609086,2024.484737,157.1,3.893664,2.2,9.9
1742810829.883000,45.414877,6.609148,2029.288438,155.7,3.806412,2.1,9.9
1742810832.882000,45.414784,6.609213,2035.856140,161.0,3.815325,2.6,9.9
1742810835.882000,45.414689,6.609271,2032.344941,161.0,3.832768,2.8,9.9
1742810838.881000,45.414597,6.609305,2038.820352,189.2,3.511689,2.8,9.9
1742810841.883000,45.414508,6.609333,2050.878044,187.7,3.430867,2.2,9.9
1742810844.882000,45.414413,6.609403,2056.373261,176.7,3.581092,2.2,9.9
1742810847.883000,45.414320,6.609487,2062.494026,169.5,3.631997,2.5,9.9
1742810850.883000,45.414229,6.609552,2068.274079,180.2,3.567782,2.5,9.9
1742810853.882000,45.414140,6.609625,2073.932187,169.0,3.679248,2.3,9.9
1742810856.882000,45.414050,6.609703,2080.878976,162.0,3.600774,2.4,9.9
1742810859.883000,45.413965,6.609785,2088.666959,152.0,3.630560,2.7,9.9
1742810862.882000,45.413878,6.609851,2094.920707,150.0,3.610397,2.2,9.9
1742810865.883000,45.413784,6.609916,2092.459583,147.0,4.436131,2.4,9.9
1742810868.883000,45.413687,6.609986,2095.672196,146.0,4.147131,2.3,9.9
1742810871.882000,45.413590,6.610057,2107.595452,144.0,4.028449,1.7,9.9
1742810874.883000,45.413492,6.610127,2111.818831,144.0,4.009658,1.7,9.9
1742810877.883000,45.413395,6.610197,2116.110134,143.0,3.870956,1.9,9.9
1742810880.883000,45.413302,6.610268,2119.486847,143.0,3.900444,2.1,9.9
1742810883.883000,45.413210,6.610340,2123.965535,142.0,3.930325,1.7,9.9
1742810886.881000,45.413114,6.610408,2128.219874,141.0,4.029738,1.8,9.9
1742810889.883000,45.413018,6.610473,2132.895206,141.0,3.939160,1.8,9.9
1742810892.883000,45.412924,6.610538,2137.784917,142.0,3.879134,2.1,9.9
1742810895.883000,45.412830,6.610605,2135.596863,142.0,3.849483,2.3,9.9
1742810898.882000,45.412735,6.610673,2140.713764,142.0,3.770150,2.4,9.9
1742810901.883000,45.412639,6.610729,2154.343608,148.0,3.810020,1.7,9.9
1742810904.883000,45.412544,6.610793,2157.740430,147.0,3.950074,1.7,9.9
1742810907.883000,45.412447,6.610860,2162.918565,148.0,3.900583,1.9,9.9
1742810910.882000,45.412355,6.610927,2167.754278,148.0,3.879714,2.1,9.9
1742810913.882000,45.412262,6.610994,2172.506965,148.0,3.810220,1.7,9.9
1742810916.883000,45.412169,6.611061,2177.799904,148.0,3.859724,1.8,9.9
1742810919.883000,45.412075,6.611125,2181.404696,148.0,3.800283,1.8,9.9
1742810922.882000,45.411983,6.611192,2189.494974,149.0,3.810004,2.1,9.9
1742810925.883000,45.411891,6.611254,2186.101967,149.0,3.770082,2.3,9.9
1742810928.883000,45.411799,6.611318,2191.579041,149.0,3.730594,2.3,9.9
1742810931.883000,45.411711,6.611381,2207.380184,149.0,3.709781,1.7,9.9
1742810934.882000,45.411612,6.611454,2210.894945,149.0,3.923439,1.7,9.9
1742810937.883000,45.411513,6.611521,2213.594578,149.0,4.051764,1.9,9.9
1742810940.881000,45.411415,6.611590,2216.322427,150.0,3.991282,2.0,9.9
1742810943.883000,45.411317,6.611662,2219.199290,149.0,4.040231,1.7,9.9
1742810946.883000,45.411220,6.611733,2223.069902,151.0,4.030066,1.8,9.9
1742810949.883000,45.411122,6.611803,2225.396799,151.0,4.040144,1.8,9.9
1742810952.882000,45.411025,6.611866,2230.816988,151.0,3.990082,2.1,9.9
1742810955.883000,45.410928,6.611928,2227.224468,151.0,3.979704,2.3,9.9
1742810958.882000,45.410830,6.611995,2230.625574,152.0,3.990307,2.3,9.9
1742810961.883000,45.410732,6.612063,2242.727046,153.0,3.910889,1.7,9.9
1742810964.883000,45.410634,6.612134,2245.494637,153.0,4.061663,1.7,9.9
1742810967.883000,45.410536,6.612206,2248.357774,153.0,4.040792,1.9,9.9
1742810970.883000,45.410437,6.612278,2251.084222,153.0,4.040168,2.0,9.9
1742810973.883000,45.410340,6.612345,2254.499482,154.0,4.039596,1.7,9.9
1742810976.883000,45.410242,6.612412,2258.662128,154.0,4.030078,1.8,9.9
1742810979.882000,45.410144,6.612480,2261.444232,154.0,4.019989,1.8,9.9
1742810982.882000,45.410046,6.612549,2266.217963,154.0,3.960491,2.1,9.9
1742810985.883000,45.409948,6.612618,2262.129063,153.0,3.999915,2.3,9.9
1742810988.883000,45.409851,6.612688,2266.377271,153.9,4.007091,2.3,9.9
1742810991.883000,45.409754,6.612756,2277.900283,154.0,4.013239,1.7,9.9
1742810994.883000,45.409659,6.612823,2282.736182,154.9,3.914661,1.7,9.9
1742810997.883000,45.409567,6.612889,2287.154960,154.9,3.889642,1.9,9.9
1742811000.883000,45.409472,6.612955,2291.439136,154.1,3.925239,2.0,9.9
1742811003.882000,45.409377,6.613025,2296.250312,152.3,3.900231,1.7,9.9
1742811006.882000,45.409291,6.613113,2301.949771,137.6,3.833119,1.8,9.9
1742811009.883000,45.409199,6.613188,2306.322443,143.3,3.826355,1.8,9.9
1742811012.882000,45.409101,6.613251,2312.052879,146.4,3.871786,2.1,9.9
1742811015.883000,45.409004,6.613307,2309.043989,153.2,3.802304,2.3,9.9
1742811018.882000,45.408906,6.613356,2314.195622,154.8,3.847800,2.3,9.9
1742811021.882000,45.408823,6.613442,2327.625772,145.2,3.798397,1.7,9.9
1742811024.883000,45.408736,6.613517,2333.398391,147.6,3.761743,1.8,9.9
1742811027.883000,45.408645,6.613590,2338.780293,145.6,4.182109,1.9,9.9
1742811030.883000,45.408545,6.613657,2341.286192,148.9,4.153661,2.0,9.9
1742811033.882000,45.408442,6.613727,2341.983494,148.7,4.145292,1.7,9.9
1742811037.883000,45.408358,6.613773,2343.776707,157.9,1.527479,1.8,9.9
1742811043.882000,45.408258,6.613866,2344.177746,138.0,3.681552,2.2,9.9
1742811046.882000,45.408181,6.613947,2336.636214,148.0,3.052685,2.3,9.9
1742811052.883000,45.408101,6.614026,2343.597641,137.0,1.283958,1.8,9.9
1742811059.882000,45.408027,6.614119,2335.754417,142.0,1.390316,2.5,9.9
1742811065.883000,45.407954,6.614200,2342.809147,149.9,1.918193,1.7,9.9
1742811071.882000,45.407850,6.614263,2335.376434,157.4,2.543158,2.3,9.9
1742811075.883000,45.407748,6.614333,2334.242584,167.5,3.257725,2.3,9.9
1742811078.883000,45.407651,6.614376,2333.850317,182.7,3.823541,2.3,9.9
1742811081.883000,45.407549,6.614434,2340.196319,166.7,4.104753,1.8,9.9
1742811084.883000,45.407450,6.614558,2339.286931,132.8,4.315310,1.8,9.9
1742811104.882000,45.407417,6.614689,2330.828269,143.9,1.653770,2.3,9.9
1742811108.881000,45.407312,6.614746,2329.498986,159.4,3.772619,2.3,9.9
1742811111.882000,45.407177,6.614814,2335.230359,162.1,5.494431,1.8,9.9
1742811113.882000,45.407056,6.614890,2332.293800,155.4,7.188785,1.8,9.9
1742811115.882000,45.406928,6.615019,2329.467753,141.6,8.397536,1.9,9.9
1742811117.882000,45.406802,6.615167,2327.022954,128.3,8.214142,2.1,9.9
1742811119.882000,45.406749,6.615381,2322.147649,83.9,8.478304,2.0,9.9
1742811120.882000,45.406755,6.615516,2318.071102,90.3,9.537590,2.0,9.9
1742811121.881000,45.406756,6.615670,2315.122675,88.3,10.762000,1.7,9.9
1742811122.882000,45.406799,6.615830,2309.110739,58.9,13.771743,1.7,9.9
1742811123.881000,45.406859,6.615993,2304.622407,61.7,13.690119,1.8,9.9
1742811124.882000,45.406883,6.616174,2299.860286,86.9,14.442182,1.8,9.9
1742811125.881000,45.406908,6.616366,2293.483424,68.4,15.991981,1.8,9.9
1742811126.881000,45.406961,6.616563,2287.233025,71.2,16.077374,1.9,9.9
1742811127.882000,45.406994,6.616769,2280.213800,78.6,16.305746,2.2,9.9
1742811128.882000,45.406995,6.617023,2270.963852,88.3,19.330631,2.2,9.9
1742811129.881000,45.407024,6.617289,2263.124787,72.5,20.766909,2.1,9.9
1742811130.882000,45.407082,6.617544,2255.070954,68.1,19.842918,2.1,9.9
1742811131.882000,45.407119,6.617781,2251.455647,88.8,17.556211,2.1,9.9
1742811132.882000,45.407098,6.618001,2240.809253,102.2,16.207232,2.3,9.9
1742811133.882000,45.407080,6.618201,2239.508005,82.0,15.093512,2.3,9.9
1742811134.882000,45.407117,6.618369,2237.252074,58.1,12.194356,2.3,9.9
1742811135.882000,45.407180,6.618491,2236.906100,52.1,11.331434,2.3,9.9
1742811136.881000,45.407242,6.618601,2237.252074,53.0,10.955269,2.3,9.9
1742811137.882000,45.407288,6.618718,2236.961509,71.8,10.567351,2.3,9.9
1742811138.881000,45.407306,6.618850,2243.114158,83.8,10.624531,1.8,9.9
1742811140.882000,45.407374,6.619052,2240.485788,47.4,7.672870,1.8,9.9
1742811142.882000,45.407444,6.619238,2238.480769,74.9,9.710886,1.8,9.9
1742811143.882000,45.407466,6.619367,2237.499027,71.0,11.079379,1.8,9.9
1742811144.882000,45.407507,6.619501,2235.240826,56.2,11.852327,2.0,9.9
1742811145.881000,45.407564,6.619634,2232.241638,62.9,12.642413,2.0,9.9
1742811146.882000,45.407608,6.619789,2228.317412,65.4,12.808333,2.0,9.9
1742811147.882000,45.407659,6.619958,2218.216486,62.7,13.939553,2.5,9.9
1742811148.882000,45.407723,6.620133,2217.963951,59.3,14.874356,2.0,9.9
1742811149.881000,45.407777,6.620314,2215.350254,63.2,14.634454,1.8,9.9
1742811150.882000,45.407805,6.620496,2213.874820,65.1,14.293338,1.8,9.9
1742811151.882000,45.407822,6.620669,2210.055761,58.0,13.803340,1.8,9.9
1742811152.882000,45.407852,6.620820,2208.222569,59.0,11.864211,1.8,9.9
1742811153.882000,45.407875,6.620963,2207.450780,71.4,11.027959,1.8,9.9
1742811154.882000,45.407868,6.621115,2206.458389,101.2,11.979104,1.8,9.9
1742811155.882000,45.407832,6.621274,2196.219577,102.0,12.696099,2.3,9.9
1742811156.882000,45.407832,6.621438,2188.028725,70.6,13.513988,2.3,9.9
1742811157.882000,45.407886,6.621600,2181.591090,60.4,13.841133,2.4,9.9
1742811158.881000,45.407924,6.621761,2178.250256,82.1,12.805661,2.3,9.9
1742811159.882000,45.407899,6.621940,2172.763775,103.8,14.100640,1.5,9.9
1742811160.882000,45.407872,6.622132,2169.513302,90.9,14.867679,2.3,9.9
1742811161.882000,45.407889,6.622318,2162.883837,65.3,14.299314,2.3,9.9
1742811162.882000,45.407943,6.622489,2145.255545,66.0,14.565638,1.5,9.9
1742811163.881000,45.407961,6.622663,2142.945483,96.0,13.559752,1.5,9.9
1742811164.881000,45.407932,6.622828,2147.859805,104.0,12.482486,2.3,9.9
1742811165.882000,45.407938,6.622955,2143.122299,61.2,9.601795,2.3,9.9
1742811166.881000,45.407984,6.623069,2139.454296,68.0,10.796083,2.4,9.9
1742811167.882000,45.407986,6.623197,2135.911405,112.0,10.298512,2.4,9.9
1742811168.880000,45.407944,6.623321,2131.891350,112.0,10.989789,2.3,9.9
1742811169.882000,45.407940,6.623451,2128.461000,73.0,10.449282,2.4,9.9
1742811170.881000,45.407985,6.623574,2123.842868,58.0,10.559707,2.4,9.9
1742811172.882000,45.407980,6.623795,2115.706636,129.8,8.526754,2.4,9.9
1742811174.882000,45.407977,6.623996,2117.103579,69.0,9.267908,1.8,9.9
1742811176.881000,45.407939,6.624211,2110.302312,96.1,9.077694,1.8,9.9
1742811177.882000,45.407959,6.624347,2105.207715,66.0,12.152722,1.9,9.9
1742811178.881000,45.407973,6.624485,2100.524811,103.0,10.040413,1.9,9.9
1742811179.881000,45.407936,6.624607,2096.388430,118.0,9.910126,1.9,9.9
1742811181.882000,45.407946,6.624866,2071.528969,63.0,11.709384,1.5,9.9
1742811182.882000,45.407965,6.625001,2066.541692,97.0,11.149586,1.5,9.9
1742811184.882000,45.407914,6.625231,2057.370777,102.0,9.119358,1.6,9.9
1742811186.882000,45.407952,6.625478,2049.170611,90.9,8.967995,1.5,9.9
1742811188.881000,45.407923,6.625632,2038.059305,114.9,5.985684,1.5,9.9
1742811190.882000,45.407937,6.625837,2042.827811,59.0,8.768991,1.5,9.9
1742811192.881000,45.407938,6.626044,2028.570188,116.0,7.331322,1.6,9.9
1742811194.881000,45.407893,6.626163,2018.644998,109.0,5.059719,1.5,9.9
1742811196.882000,45.407924,6.626362,2015.777200,62.0,9.538846,1.6,9.9
1742811198.882000,45.407905,6.626592,2009.229330,129.9,9.158889,1.6,9.9
1742811200.882000,45.407782,6.626723,2012.072354,166.0,7.400575,2.3,9.9
1742811203.881000,45.407682,6.626676,2010.562390,181.0,2.230478,2.4,9.9
1742811218.882000,45.407591,6.626656,1996.504245,211.0,1.309409,1.7,10.1
1742811222.881000,45.407508,6.626597,1995.567110,201.1,3.437656,1.7,9.9
1742811225.882000,45.407386,6.626553,1996.419066,189.0,5.076952,1.6,9.9
1742811227.881000,45.407291,6.626533,1995.760257,179.0,5.129933,1.7,9.9
1742811229.881000,45.407199,6.626520,1994.538092,177.0,5.267018,1.7,9.9
1742811231.882000,45.407095,6.626508,1989.654925,176.5,5.784584,1.8,9.9
1742811233.881000,45.406981,6.626486,1988.327070,178.4,6.320837,2.0,9.9
1742811235.882000,45.406856,6.626461,1989.326814,177.3,6.876701,5.6,9.9
1742811237.881000,45.406725,6.626448,1985.289358,176.0,7.156049,5.7,9.9
1742811239.882000,45.406591,6.626427,1983.726817,178.0,7.456426,5.5,9.9
1742811241.882000,45.406450,6.626408,1982.119106,182.2,7.640888,4.7,9.9
1742811243.882000,45.406311,6.626384,1979.710984,183.9,7.667563,3.6,9.9
1742811245.881000,45.406182,6.626342,1979.150266,188.5,7.211276,2.4,9.9
1742811247.882000,45.406065,6.626286,1978.361251,189.3,6.821678,1.9,9.9
1742811249.881000,45.405961,6.626232,1976.413196,194.4,6.530555,4.4,9.9
1742811251.882000,45.405862,6.626170,1976.585101,193.7,5.983402,2.5,9.9
1742811253.882000,45.405763,6.626114,1975.971822,196.6,5.970583,2.4,9.9
1742811255.882000,45.405652,6.626042,1974.191037,194.6,6.471890,2.2,9.9
1742811257.882000,45.405530,6.625982,1970.986377,189.1,6.766593,8.5,9.9
1742811259.882000,45.405400,6.625915,1969.845614,193.4,7.349698,5.8,9.9
1742811261.882000,45.405260,6.625839,1969.179823,191.7,7.795378,2.3,9.9
1742811263.881000,45.405116,6.625776,1966.466929,190.3,8.052223,2.6,9.9
1742811265.882000,45.404956,6.625804,1964.290198,159.0,8.725520,3.1,9.9
1742811267.882000,45.404810,6.625950,1961.085902,135.9,9.107327,3.6,9.9
1742811268.882000,45.404741,6.626077,1957.012927,124.6,10.256815,7.2,9.9
1742811269.882000,45.404692,6.626227,1954.529487,110.8,10.835985,7.9,9.9
1742811270.882000,45.404666,6.626387,1951.701122,94.1,11.083784,3.6,9.9
1742811271.881000,45.404664,6.626548,1950.647926,81.9,11.323252,6.6,9.9
1742811272.882000,45.404678,6.626703,1945.256264,77.2,11.302650,1.5,9.9
1742811273.882000,45.404701,6.626847,1946.309337,73.8,11.123256,2.2,9.9
1742811274.882000,45.404726,6.626981,1945.782209,72.1,10.773323,3.9,9.9
1742811275.882000,45.404754,6.627111,1945.127234,68.2,10.647911,3.5,9.9
1742811276.881000,45.404789,6.627238,1944.551432,64.3,10.714386,4.2,9.9
1742811277.881000,45.404828,6.627366,1942.757263,61.0,10.753851,3.4,9.9
1742811278.881000,45.404871,6.627488,1941.270349,59.2,10.632670,2.3,9.9
1742811279.881000,45.404914,6.627605,1939.001267,58.0,10.404794,1.5,9.9
1742811281.881000,45.405004,6.627819,1933.106542,54.3,9.940041,1.4,9.9
1742811283.882000,45.405105,6.628021,1933.149813,47.6,9.801339,1.5,9.9
1742811285.882000,45.405209,6.628194,1933.941422,45.0,8.959943,1.5,9.9
1742811287.882000,45.405327,6.628342,1933.600054,37.0,8.803031,1.4,9.9
1742811289.881000,45.405455,6.628477,1931.400977,38.4,8.958128,1.5,9.9
1742811291.882000,45.405573,6.628626,1930.031139,43.0,8.849463,1.5,9.9
1742811293.882000,45.405700,6.628766,1927.235588,34.2,9.008593,1.5,9.9
1742811295.882000,45.405832,6.628898,1923.601155,26.4,8.631462,1.4,9.9
1742811297.881000,45.405971,6.629001,1920.367092,21.8,8.573408,1.4,9.9
1742811299.881000,45.406108,6.629099,1917.920360,31.9,8.326944,1.4,9.9
1742811301.881000,45.406229,6.629193,1916.998736,27.0,7.087354,1.4,9.9
1742811303.882000,45.406323,6.629270,1915.581111,44.8,5.655971,1.4,9.9
1742811306.881000,45.406410,6.629379,1913.743374,21.0,3.897161,1.4,9.9
1742811310.882000,45.406497,6.629436,1914.906595,30.9,1.208141,1.4,9.9
1742811330.882000,45.406584,6.629521,1914.116708,51.0,1.071205,1.5,9.9
1742811335.881000,45.406644,6.629636,1916.500000,95.0,1.310616,2.1,9.9
1742811345.882000,45.406556,6.629681,1914.400024,191.0,0.848870,2.8,9.9
1742811405.882000,45.406480,6.629610,1916.500000,200.6,0.486740,5.0,10.2
1742811409.882000,45.406390,6.629583,1916.500000,200.4,3.275905,3.6,10.0
1742811412.882000,45.406284,6.629533,1916.500000,205.5,3.650211,3.5,9.9
1742811415.881000,45.406173,6.629494,1914.262413,185.8,3.846296,5.2,9.9
1742811418.881000,45.406065,6.629467,1916.500000,182.3,3.768212,4.4,9.9
1742811421.882000,45.405962,6.629425,1923.900024,185.4,3.780518,3.4,9.9
1742811424.882000,45.405858,6.629376,1926.724700,188.6,3.936119,3.6,9.9
1742811427.882000,45.405753,6.629327,1928.398076,189.8,3.893008,3.6,9.9
1742811430.881000,45.405648,6.629278,1930.497364,192.0,3.949608,5.1,9.9
1742811433.882000,45.405545,6.629230,1932.291803,193.0,3.926222,5.1,9.9
1742811436.882000,45.405443,6.629186,1934.924190,193.0,3.890835,4.0,9.9
1742811439.880000,45.405343,6.629142,1938.062075,193.0,3.885458,4.5,9.9
1742811442.882000,45.405242,6.629097,1940.675786,194.0,3.896180,3.9,9.9
1742811445.882000,45.405144,6.629054,1941.076443,194.0,3.828577,5.5,9.9
1742811448.882000,45.405044,6.629011,1944.954329,194.0,3.847816,3.1,9.9
1742811451.882000,45.404943,6.628968,1950.530967,194.1,3.822636,4.2,9.9
1742811454.881000,45.404844,6.628927,1953.914206,195.1,4.033605,3.8,9.9
1742811457.880000,45.404741,6.628883,1955.326550,195.0,3.997921,3.5,9.9
1742811460.882000,45.404638,6.628837,1957.308376,195.0,3.966743,5.2,9.9
1742811463.882000,45.404536,6.628792,1959.055278,195.0,3.899279,5.4,9.9
1742811466.882000,45.404436,6.628748,1959.311157,195.0,3.900058,2.4,9.9
1742811469.882000,45.404334,6.628705,1962.065500,195.0,3.850708,3.5,9.9
1742811472.881000,45.404235,6.628662,1963.323087,195.0,3.790796,2.3,9.9
1742811475.881000,45.404136,6.628620,1966.244246,195.0,3.860590,6.0,9.9
1742811478.881000,45.404035,6.628576,1969.936296,195.0,3.820998,4.6,9.9
1742811481.881000,45.403936,6.628535,1974.394855,195.0,3.790405,4.8,9.9
1742811484.881000,45.403838,6.628493,1977.502706,196.0,3.958104,4.1,9.9
1742811487.881000,45.403731,6.628450,1978.439684,196.0,3.871797,5.7,9.9
1742811490.881000,45.403630,6.628406,1981.441487,196.0,3.870492,5.5,9.9
1742811493.881000,45.403528,6.628362,1981.859081,196.0,3.999804,3.3,9.9
1742811496.881000,45.403424,6.628318,1982.592176,196.0,3.950200,2.0,9.9
1742811499.881000,45.403323,6.628276,1983.976716,196.0,3.870692,2.4,9.9
1742811502.880000,45.403221,6.628233,1985.828526,196.0,3.939709,1.8,9.9
1742811505.881000,45.403119,6.628189,1988.790271,197.0,3.831418,5.3,9.9
1742811508.881000,45.403018,6.628144,1991.203141,196.0,3.830305,3.9,9.9
1742811511.881000,45.402916,6.628101,1995.426251,196.0,3.929114,3.7,9.9
1742811514.880000,45.402814,6.628058,1997.330292,196.0,4.028461,3.0,9.9
1742811517.881000,45.402713,6.628014,1997.519626,196.0,3.968410,5.0,9.9
1742811520.881000,45.402610,6.627970,2000.618991,197.0,4.048800,4.4,9.9
1742811523.881000,45.402506,6.627928,2001.915362,196.0,3.990242,3.4,9.9
1742811526.881000,45.402405,6.627886,2003.057927,196.0,3.980218,2.1,9.9
1742811529.881000,45.402305,6.627842,2002.865061,196.1,3.964222,1.6,9.9
1742811532.881000,45.402202,6.627798,2005.385301,196.8,3.968140,4.7,9.9
1742811535.881000,45.402101,6.627754,2007.407970,196.9,3.914093,4.8,9.9
1742811538.880000,45.402003,6.627711,2011.026569,197.0,3.908380,2.0,9.9
1742811541.880000,45.401896,6.627671,2013.951880,190.2,3.967257,4.1,9.9
1742811544.881000,45.401794,6.627636,2013.689385,191.0,3.924984,2.8,9.9
1742811547.880000,45.401692,6.627595,2015.069650,190.0,3.922406,2.6,9.9
1742811550.881000,45.401588,6.627551,2016.503895,191.0,4.001916,1.9,9.9
1742811553.881000,45.401486,6.627503,2017.070135,193.0,3.912188,1.5,9.9
1742811556.881000,45.401386,6.627455,2019.931995,194.0,3.998835,1.7,9.9
1742811559.881000,45.401286,6.627407,2020.826561,195.0,3.979687,1.5,9.9
1742811562.880000,45.401187,6.627362,2023.329037,197.0,3.909575,3.0,9.9
1742811565.881000,45.401087,6.627320,2025.700847,197.0,3.939045,2.1,9.9
1742811568.880000,45.400986,6.627283,2029.452931,196.0,3.949208,3.8,9.9
1742811571.881000,45.400888,6.627239,2033.240162,194.0,3.820292,2.9,9.9
1742811574.881000,45.400791,6.627194,2034.852435,197.1,4.045853,4.6,9.9
1742811577.880000,45.400686,6.627154,2038.209215,195.0,3.940331,2.2,9.9
1742811580.881000,45.400584,6.627113,2041.356933,194.0,3.880100,1.9,9.9
1742811583.881000,45.400483,6.627072,2042.692535,194.0,3.819783,1.6,9.9
1742811586.881000,45.400382,6.627024,2046.187215,194.0,3.861648,1.7,9.9
1742811589.880000,45.400285,6.626977,2049.336945,194.0,3.869152,1.6,9.9
1742811592.880000,45.400188,6.626935,2053.093248,195.0,3.789610,2.2,9.9
1742811595.881000,45.400086,6.626893,2056.133847,194.0,3.810606,2.2,9.9
1742811598.881000,45.399990,6.626853,2062.716544,194.0,3.759164,2.2,9.9
1742811601.881000,45.399891,6.626814,2065.815419,194.0,3.828558,4.7,9.9
1742811604.881000,45.399792,6.626772,2069.417983,194.0,3.760484,5.6,9.9
1742811607.881000,45.399699,6.626733,2075.245839,194.0,3.709072,2.5,9.9
1742811610.881000,45.399604,6.626691,2079.354832,195.0,3.699622,2.0,9.9
1742811613.880000,45.399510,6.626652,2083.274224,195.0,3.650805,1.8,9.9
1742811616.881000,45.399418,6.626612,2088.261712,195.0,3.629825,1.8,9.9
1742811619.881000,45.399326,6.626572,2093.490962,195.0,3.600323,1.7,9.9
1742811622.881000,45.399234,6.626533,2099.637910,195.0,3.649796,2.5,9.9
1742811625.880000,45.399141,6.626493,2105.606016,194.0,3.460697,2.6,9.9
1742811628.881000,45.399035,6.626448,2110.455802,195.0,4.041496,2.3,9.9
1742811631.880000,45.398931,6.626402,2111.931398,195.0,4.049382,6.4,9.9
1742811634.881000,45.398831,6.626360,2114.188636,195.0,3.840097,6.1,9.9
1742811637.881000,45.398729,6.626317,2117.262231,195.0,3.881783,2.4,9.9
1742811640.881000,45.398628,6.626275,2119.761901,195.0,3.949991,2.0,9.9
1742811643.881000,45.398528,6.626232,2121.430414,196.0,3.741453,2.0,9.9
1742811646.881000,45.398429,6.626189,2124.832234,196.0,3.899847,2.0,9.9
1742811649.880000,45.398332,6.626147,2127.006267,195.0,3.879339,1.9,9.9
1742811652.881000,45.398235,6.626106,2131.144736,196.0,3.700019,3.0,9.9
1742811655.880000,45.398136,6.626062,2135.863817,195.0,3.819899,4.1,9.9
1742811658.880000,45.398038,6.626021,2139.192341,196.0,3.849595,2.2,9.9
1742811661.881000,45.397940,6.625984,2143.133097,196.0,3.779810,5.8,9.9
1742811664.881000,45.397843,6.625941,2146.488438,196.0,3.937613,4.0,9.9
1742811667.881000,45.397740,6.625893,2149.733329,196.0,3.958930,1.9,9.9
1742811670.881000,45.397639,6.625847,2150.569386,196.0,3.810720,1.5,9.9
1742811673.881000,45.397538,6.625800,2153.348379,196.0,3.890295,1.4,9.9
1742811676.881000,45.397436,6.625750,2153.297963,201.0,3.900663,1.4,9.9
1742811679.881000,45.397334,6.625703,2157.318345,199.0,3.849825,1.6,9.9
1742811682.881000,45.397231,6.625660,2161.360475,198.0,3.791659,1.6,9.9
1742811685.881000,45.397129,6.625619,2165.797672,196.0,4.009972,2.2,9.9
1742811688.881000,45.397029,6.625578,2168.972894,195.0,3.800472,2.3,9.9
1742811691.881000,45.396934,6.625542,2173.122576,198.0,3.820520,5.0,9.9
1742811694.881000,45.396838,6.625500,2175.979856,199.0,3.839537,2.1,9.9
1742811697.880000,45.396740,6.625462,2180.222473,198.0,3.740991,1.8,9.9
1742811700.880000,45.396643,6.625423,2177.623742,198.0,3.819403,1.6,9.9
1742811703.880000,45.396549,6.625384,2187.430338,197.0,3.769341,1.5,9.9
1742811706.881000,45.396446,6.625341,2187.756543,198.0,3.852976,1.4,9.9
1742811709.880000,45.396348,6.625296,2188.237508,198.0,3.831457,1.8,9.9
1742811712.881000,45.396246,6.625250,2191.200268,197.0,3.949850,1.5,9.9
1742811715.881000,45.396141,6.625209,2195.365930,197.0,3.920504,2.3,9.9
1742811718.881000,45.396039,6.625167,2197.801218,198.0,3.959045,3.0,9.9
1742811721.880000,45.395936,6.625121,2199.922929,198.0,3.969910,5.3,9.9
1742811724.881000,45.395833,6.625078,2200.972334,198.0,3.950096,2.3,9.9
1742811727.881000,45.395734,6.625036,2203.879078,198.0,3.919953,1.6,9.9
1742811730.881000,45.395633,6.624993,2200.127674,198.0,3.969423,1.6,9.9
1742811733.881000,45.395530,6.624951,2202.936534,197.0,3.879918,1.8,9.9
1742811736.881000,45.395428,6.624909,2204.276351,197.0,3.770990,1.8,9.9
1742811739.881000,45.395327,6.624865,2208.055831,197.0,3.870095,2.0,9.9
1742811742.881000,45.395228,6.624820,2216.651029,197.0,3.810487,1.5,9.9
1742811745.880000,45.395129,6.624777,2221.793160,197.0,3.810100,2.3,9.9
1742811748.880000,45.395027,6.624732,2225.184557,197.0,4.148142,5.5,9.9
1742811751.881000,45.394923,6.624687,2227.143326,197.0,3.989805,4.5,9.9
1742811754.881000,45.394823,6.624645,2228.865282,197.0,3.929216,1.8,9.9
1742811757.880000,45.394722,6.624598,2230.378557,202.0,3.910361,1.6,9.9
1742811760.880000,45.394618,6.624555,2232.476533,200.0,3.910641,1.5,9.9
1742811763.880000,45.394514,6.624516,2234.130968,196.0,3.919971,1.5,9.9
1742811766.881000,45.394410,6.624478,2237.001962,196.0,3.979986,1.4,9.9
1742811769.880000,45.394305,6.624435,2238.714010,197.8,3.908170,1.7,9.9
1742811772.881000,45.394204,6.624386,2242.548226,199.8,3.861861,2.4,9.9
1742811775.881000,45.394106,6.624336,2246.857586,203.5,3.875188,1.9,9.9
1742811778.881000,45.394006,6.624285,2249.203702,204.9,3.848866,5.5,9.9
1742811781.881000,45.393907,6.624242,2252.368979,204.2,3.827398,5.2,9.9
1742811784.881000,45.393808,6.624201,2255.794861,203.2,3.825427,1.8,9.9
1742811787.880000,45.393707,6.624160,2257.660908,202.0,3.815150,1.5,9.9
1742811790.881000,45.393605,6.624121,2261.293491,198.2,3.796241,1.4,9.9
1742811793.880000,45.393505,6.624082,2265.580150,198.3,3.776546,1.5,9.9
1742811796.880000,45.393406,6.624041,2268.926172,200.5,3.811187,1.9,9.9
1742811799.881000,45.393310,6.623999,2273.488594,199.6,3.807131,2.2,9.9
1742811802.881000,45.393212,6.623963,2277.536087,198.0,3.786484,3.8,9.9
1742811805.881000,45.393112,6.623926,2281.527077,189.9,3.747514,6.2,9.9
1742811808.881000,45.393012,6.623900,2286.254670,186.9,3.755465,5.4,9.9
1742811811.880000,45.392913,6.623860,2290.351836,188.9,3.716365,1.9,9.9
1742811814.881000,45.392813,6.623813,2293.996562,191.1,3.999325,1.9,9.9
1742811817.881000,45.392715,6.623767,2294.059667,192.8,3.891104,1.5,9.9
1742811820.881000,45.392615,6.623720,2296.563424,193.0,3.882174,1.5,9.9
1742811823.881000,45.392513,6.623671,2299.681298,194.0,3.892775,1.4,9.9
1742811826.881000,45.392414,6.623623,2303.695157,191.0,3.799367,4.0,9.9
1742811829.881000,45.392326,6.623571,2306.119144,218.9,3.729210,3.8,9.9
1742811832.880000,45.392241,6.623522,2308.569336,208.9,2.479150,3.8,9.9
1742811838.880000,45.392148,6.623527,2307.522461,184.0,2.639639,4.3,9.9
1742811841.880000,45.392050,6.623527,2306.898090,187.9,4.421685,2.0,9.9
1742811844.879000,45.391948,6.623500,2305.781346,182.0,2.970109,1.6,9.9
1742811864.881000,45.391876,6.623521,2306.776417,110.8,0.000000,5.7,9.9
1742811864.881000,45.391876,6.623521,2306.776417,110.8,0.000000,5.7,9.9
1742811874.878000,45.391857,6.623492,2305.410607,211.1,0.462882,1.5,3.8
1742811984.879000,45.391766,6.623496,2291.035554,168.0,3.158759,1.9,9.9
1742811987.880000,45.391654,6.623531,2288.696700,168.0,4.146834,1.6,9.9
1742811990.879000,45.391517,6.623547,2285.072818,169.0,5.488647,1.6,9.9
1742811992.880000,45.391402,6.623590,2283.461528,165.0,6.791014,1.6,9.9
1742811994.880000,45.391278,6.623641,2279.800049,110.4,6.756640,1.6,9.9
1742811996.879000,45.391231,6.623773,2277.969222,69.1,5.553748,1.6,8.9
1742811998.880000,45.391202,6.623947,2273.982409,77.4,8.083808,1.8,6.2
1742812000.880000,45.391231,6.624174,2271.539123,76.7,8.963515,2.0,4.8
1742812002.879000,45.391271,6.624426,2259.762925,80.8,10.381618,2.1,3.8
1742812004.879000,45.391340,6.624613,2254.812893,50.0,6.900296,1.7,3.8
1742812006.880000,45.391369,6.624830,2250.442877,70.0,9.499637,1.7,3.8
1742812007.879000,45.391415,6.624948,2248.556388,59.0,10.849843,1.7,3.8
1742812008.879000,45.391427,6.625084,2245.535716,91.0,11.339634,2.0,3.8
1742812009.879000,45.391415,6.625239,2242.458193,97.0,12.759714,1.7,3.8
1742812010.880000,45.391394,6.625400,2237.352693,104.0,13.189906,1.9,3.8
1742812011.879000,45.391358,6.625563,2231.072702,109.0,13.958815,1.7,3.8
1742812012.880000,45.391351,6.625750,2227.408072,88.0,15.515382,1.8,3.8
1742812013.878000,45.391358,6.625948,2219.858871,83.0,16.289608,1.8,3.8
1742812014.879000,45.391342,6.626160,2213.103878,101.0,17.738855,1.8,3.8
1742812015.880000,45.391298,6.626361,2208.465990,109.0,16.302896,1.9,3.8
1742812016.880000,45.391271,6.626574,2205.139952,95.0,17.087898,1.8,3.8
1742812017.878000,45.391246,6.626786,2202.248336,101.0,16.400164,1.8,3.8
1742812018.880000,45.391199,6.626988,2197.500482,111.0,16.919821,1.9,3.8
1742812019.879000,45.391160,6.627192,2192.311657,103.0,16.520023,1.8,3.8
1742812020.880000,45.391142,6.627405,2189.157489,93.0,16.459938,1.8,3.8
1742812021.879000,45.391122,6.627608,2186.204294,97.0,15.540179,1.8,3.8
1742812022.880000,45.391097,6.627800,2182.791405,102.0,15.160051,1.8,3.8
1742812023.880000,45.391067,6.627984,2179.299393,104.0,14.240358,2.0,3.8
1742812024.880000,45.391028,6.628134,2178.194380,114.0,11.801138,1.9,3.8
1742812025.879000,45.391012,6.628276,2177.513949,92.0,11.069969,1.8,3.8
1742812026.879000,45.391022,6.628406,2176.557890,80.0,9.610190,1.8,3.8
1742812028.879000,45.390978,6.628611,2174.818294,120.9,7.744298,2.1,3.8
1742812030.880000,45.390970,6.628790,2174.759602,71.0,5.800558,2.1,3.8
1742812032.880000,45.390968,6.628946,2170.917883,113.0,6.438885,2.4,3.8
1742812034.879000,45.390916,6.629097,2167.974042,97.0,7.739039,1.9,3.8
1742812036.880000,45.390908,6.629324,2162.466998,91.0,10.029839,2.1,3.8
1742812037.880000,45.390908,6.629458,2159.036391,90.0,11.019874,2.3,3.8
1742812038.879000,45.390912,6.629606,2158.110584,86.0,11.839910,2.2,3.8
1742812039.880000,45.390922,6.629758,2156.874683,82.0,12.369932,1.9,3.8
1742812040.879000,45.390942,6.629908,2152.277953,78.0,12.030062,2.1,3.8
1742812041.880000,45.390973,6.630058,2150.801033,69.0,12.279961,1.9,3.8
1742812042.879000,45.391017,6.630199,2149.306451,61.0,12.060013,2.0,3.8
1742812043.880000,45.391071,6.630330,2150.153325,57.0,11.480108,2.4,3.8
1742812044.880000,45.391128,6.630460,2143.653940,55.0,12.519790,2.3,3.8
1742812045.880000,45.391196,6.630593,2144.671504,53.0,13.439933,2.1,3.8
1742812046.880000,45.391269,6.630723,2140.469983,51.0,13.270011,2.2,3.8
1742812047.880000,45.391347,6.630843,2138.982476,46.0,12.470066,2.1,3.8
1742812048.879000,45.391419,6.630952,2136.307114,46.0,12.174766,2.0,3.8
1742812049.879000,45.391488,6.631047,2135.403178,45.4,11.264623,2.0,3.8
1742812050.880000,45.391555,6.631137,2134.500278,43.9,10.635754,2.0,3.8
1742812051.880000,45.391632,6.631210,2133.942561,41.0,10.298843,2.1,3.8
1742812052.879000,45.391712,6.631271,2133.795998,35.3,10.025884,2.1,3.8
1742812053.879000,45.391797,6.631318,2131.017085,26.2,9.887723,2.2,3.8
1742812054.880000,45.391886,6.631355,2132.382718,22.6,9.846125,1.5,3.8
1742812056.880000,45.392034,6.631426,2129.784432,33.1,8.382739,1.4,3.8
1742812058.879000,45.392123,6.631481,2130.452760,30.7,5.354249,1.6,3.8
1742812063.879000,45.392227,6.631492,2131.771707,354.4,1.944146,1.4,4.2
1742812075.880000,45.392292,6.631647,2125.618384,64.0,5.882996,1.7,3.8
1742812077.880000,45.392350,6.631820,2123.756987,62.0,9.109601,1.6,3.8
1742812079.880000,45.392427,6.632035,2114.793208,61.1,9.692922,1.9,3.8
1742812081.880000,45.392508,6.632224,2114.024273,57.9,8.628743,1.8,3.8
1742812083.879000,45.392593,6.632385,2116.178560,54.7,8.186268,1.7,3.8
1742812085.880000,45.392679,6.632565,2115.310118,57.5,8.510473,1.6,3.8
1742812087.879000,45.392773,6.632734,2116.209096,54.3,8.383720,1.7,3.8
1742812089.880000,45.392865,6.632902,2113.702048,82.5,7.705183,1.6,3.8
1742812091.879000,45.392954,6.633078,2111.536212,60.0,8.145138,1.7,3.8
1742812093.880000,45.393038,6.633239,2111.018008,53.1,6.743828,1.7,3.8
1742812095.879000,45.393110,6.633366,2110.297733,50.0,5.821117,1.7,3.8
1742812097.879000,45.393170,6.633472,2109.866841,54.2,5.166330,1.8,3.8
1742812100.880000,45.393240,6.633623,2109.956213,61.7,4.718602,1.8,3.8
1742812103.880000,45.393278,6.633798,2108.569888,82.1,4.591248,1.8,3.8
1742812106.879000,45.393262,6.633972,2107.746793,114.8,4.469587,1.9,3.8
1742812112.880000,45.393246,6.634160,2104.630675,97.0,6.742349,1.9,3.8
1742812114.880000,45.393173,6.634370,2100.295562,116.4,11.150605,1.9,3.8
1742812115.880000,45.393139,6.634528,2098.233611,102.8,13.406065,1.8,3.8
1742812116.880000,45.393116,6.634716,2090.036936,99.0,15.152843,1.9,3.8
1742812117.880000,45.393078,6.634912,2086.808937,106.5,16.573971,1.8,3.8
1742812118.880000,45.393019,6.635111,2081.274372,113.1,17.127949,1.8,3.8
1742812119.880000,45.392969,6.635319,2074.487976,109.5,17.215195,1.8,3.8
1742812120.880000,45.392914,6.635507,2071.384649,114.0,14.886129,1.9,3.8
1742812121.879000,45.392858,6.635665,2070.055754,120.9,12.820677,2.1,3.8
1742812122.879000,45.392799,6.635793,2069.952754,125.0,10.927999,1.9,3.8
1742812123.879000,45.392751,6.635909,2071.558668,115.1,9.635571,1.9,3.8
1742812125.880000,45.392702,6.636131,2069.907300,102.0,8.905666,2.2,3.8
1742812127.880000,45.392729,6.636315,2072.101343,86.2,7.508865,2.0,3.8
1742812129.880000,45.392750,6.636465,2071.217369,62.5,6.080535,2.0,3.8
1742812131.879000,45.392838,6.636623,2067.831400,50.4,7.496848,1.9,3.8
1742812133.879000,45.392970,6.636790,2061.804905,42.0,9.321856,2.0,3.8
1742812134.879000,45.393041,6.636882,2058.020250,42.5,9.975592,2.6,3.8
1742812136.880000,45.393097,6.637065,2054.047130,63.1,7.626442,2.3,3.8
1742812139.880000,45.393037,6.637190,2051.684439,142.8,3.300720,2.3,3.8
1742812141.880000,45.392951,6.637254,2051.653579,159.2,5.046013,2.0,3.8
1742812143.880000,45.392830,6.637318,2048.486199,144.7,6.959435,2.1,3.8
1742812145.879000,45.392694,6.637418,2043.596202,111.6,7.374042,2.2,3.8
1742812147.880000,45.392563,6.637569,2040.808421,136.8,8.534842,2.1,3.8
1742812149.880000,45.392447,6.637732,2033.325509,104.2,9.362296,2.4,3.8
1742812151.880000,45.392337,6.637892,2030.478302,160.9,8.557544,2.0,3.8
1742812153.879000,45.392165,6.637988,2024.400187,161.0,11.037532,2.1,3.8
1742812154.880000,45.392069,6.637999,2022.290497,183.0,11.047945,1.6,3.8
1742812155.880000,45.391971,6.638009,2018.037222,172.0,11.139940,1.5,3.8
1742812157.879000,45.391815,6.638044,2017.495772,174.0,7.804501,1.5,3.8
1742812159.880000,45.391728,6.638100,2016.896566,47.9,4.513839,1.6,3.8
1742812164.880000,45.391792,6.638197,2015.567650,29.0,4.219862,1.6,3.8
1742812167.879000,45.391806,6.638330,2009.303374,134.7,4.914273,1.6,3.8
1742812170.879000,45.391786,6.638483,2003.195638,39.2,7.973445,1.6,3.8
1742812172.879000,45.391800,6.638611,1998.942527,122.9,7.223766,1.6,3.8
1742812174.880000,45.391826,6.638794,1991.965795,74.1,7.797073,1.5,3.8
1742812176.880000,45.391768,6.638961,1990.510828,95.1,6.927561,1.5,3.8
1742812178.880000,45.391844,6.639102,1981.608407,25.0,7.629003,1.5,3.8
1742812180.880000,45.391925,6.639167,1977.436234,36.7,5.487116,1.5,3.8
1742812182.879000,45.391848,6.639296,1975.346520,136.0,6.670133,1.6,3.8
1742812184.879000,45.391894,6.639438,1970.610570,30.5,10.297130,1.5,3.8
1742812186.880000,45.392036,6.639508,1964.720786,7.0,8.737555,1.5,3.8
1742812188.880000,45.392192,6.639545,1962.497072,8.0,8.980021,1.5,3.8
1742812190.880000,45.392355,6.639602,1960.044291,15.9,9.072909,1.5,3.8
1742812192.880000,45.392506,6.639678,1957.722016,17.0,8.719818,1.5,3.8
1742812194.880000,45.392650,6.639729,1956.219730,356.5,7.944353,1.5,3.8
1742812196.879000,45.392778,6.639790,1952.434572,10.0,7.480539,1.7,3.8
1742812198.879000,45.392916,6.639846,1950.101519,13.0,8.297200,1.7,5.0
1742812200.880000,45.393073,6.639911,1946.468241,15.1,9.276998,1.7,7.5
1742812202.880000,45.393246,6.639933,1946.184324,26.5,9.497111,1.6,9.9
1742812204.880000,45.393415,6.639968,1943.137563,353.3,9.160377,1.5,9.9
1742812206.880000,45.393573,6.639970,1945.089579,16.0,9.057144,1.6,9.9
1742812208.880000,45.393738,6.640028,1937.513959,14.0,9.551005,1.5,9.9
1742812209.879000,45.393829,6.640052,1936.232729,8.1,9.575333,1.5,9.9
1742812211.880000,45.394007,6.640088,1933.558112,15.9,10.147377,1.6,9.9
1742812212.880000,45.394096,6.640118,1931.649420,7.1,10.232928,1.5,9.9
1742812214.880000,45.394277,6.640157,1929.463685,9.0,10.814392,1.5,9.9
1742812215.880000,45.394366,6.640186,1926.179037,9.0,10.418230,1.5,9.9
1742812216.880000,45.394459,6.640208,1925.556104,6.0,10.399229,1.5,9.9
1742812217.880000,45.394552,6.640210,1926.844961,358.0,10.398777,1.8,9.9
1742812218.880000,45.394647,6.640203,1922.964830,1.2,10.258788,1.5,9.9
1742812219.880000,45.394738,6.640211,1923.278379,1.0,10.147555,1.9,9.9
1742812220.880000,45.394831,6.640227,1920.523234,3.4,10.225880,1.5,9.9
1742812221.880000,45.394922,6.640230,1919.698467,355.3,10.135229,1.5,9.9
1742812222.880000,45.395016,6.640222,1918.509305,9.5,10.056885,1.5,9.9
1742812224.878000,45.395185,6.640255,1917.188619,1.8,9.467177,1.5,9.9
1742812226.880000,45.395325,6.640272,1913.478976,24.4,7.604899,1.7,9.9
1742812229.879000,45.395372,6.640406,1908.458285,90.1,3.244771,2.9,10.0
1742812231.879000,45.395392,6.640549,1911.569857,75.1,6.583769,1.5,10.0
1742812233.880000,45.395355,6.640761,1904.768894,119.0,10.108900,1.5,10.0
1742812234.879000,45.395319,6.640886,1901.487891,107.0,11.381027,1.5,9.9
1742812235.880000,45.395281,6.641037,1897.832150,115.0,13.500000,1.5,9.9
1742812236.879000,45.395219,6.641176,1896.191047,131.0,12.340522,1.6,9.9
1742812237.880000,45.395142,6.641282,1890.661741,139.0,11.850129,1.5,9.9
1742812238.880000,45.395057,6.641372,1888.204249,146.0,12.049791,1.5,9.9
1742812239.880000,45.394962,6.641438,1886.194113,158.0,11.889633,1.5,9.9
1742812240.880000,45.394859,6.641477,1885.852847,169.0,11.969398,1.5,9.9
1742812241.880000,45.394757,6.641483,1884.571186,184.0,11.370273,1.7,9.9
1742812242.880000,45.394661,6.641466,1882.937989,185.0,10.430463,1.5,9.9
1742812243.880000,45.394570,6.641457,1882.126937,183.0,10.160153,1.6,9.9
1742812245.879000,45.394392,6.641449,1881.293145,180.0,9.740152,1.5,9.9
1742812247.880000,45.394223,6.641439,1880.215310,183.0,9.028955,1.5,9.9
1742812249.880000,45.394069,6.641423,1877.734202,189.0,8.385624,1.5,9.9
1742812251.879000,45.393914,6.641427,1875.097495,181.0,8.530288,1.5,9.9
1742812253.880000,45.393758,6.641444,1872.811334,181.0,8.717793,1.6,9.9
1742812255.879000,45.393598,6.641456,1869.719298,178.0,8.920484,1.6,9.9
1742812257.879000,45.393434,6.641489,1866.877721,169.0,9.152512,1.6,9.9
1742812259.880000,45.393280,6.641555,1863.368648,161.0,8.961137,2.8,9.9
1742812261.879000,45.393138,6.641643,1865.543366,155.0,8.364999,1.6,9.9
1742812263.879000,45.393016,6.641743,1865.167032,150.5,7.703976,1.5,9.9
1742812265.880000,45.392911,6.641839,1866.517902,149.3,7.071155,1.5,9.9
1742812267.878000,45.392815,6.641918,1864.750062,157.1,6.153561,1.5,9.9
1742812269.879000,45.392720,6.641999,1862.573754,151.8,6.099792,1.5,9.9
1742812271.880000,45.392632,6.642082,1862.705042,147.2,5.900673,1.5,9.9
1742812273.879000,45.392548,6.642176,1862.248002,140.0,5.854434,1.5,9.9
1742812275.879000,45.392480,6.642282,1860.998600,131.6,5.403558,1.5,9.9
1742812278.879000,45.392420,6.642435,1864.429880,119.6,4.458470,1.5,10.1
1742812280.879000,45.392378,6.642549,1861.189089,116.6,4.892194,1.9,10.2
1742812283.878000,45.392318,6.642693,1859.435477,116.1,4.576272,1.5,10.2
1742812287.879000,45.392263,6.642819,1856.964993,122.7,2.314502,1.7,9.9
1742812291.878000,45.392212,6.642925,1860.240535,122.7,2.546934,1.6,9.9
1742812296.879000,45.392150,6.643054,1860.714501,125.0,2.661768,1.6,9.9
1742812301.879000,45.392132,6.643194,1859.012313,68.0,1.770051,1.7,9.9
1742812318.878000,45.392196,6.643287,1857.441342,53.2,0.203232,1.8,9.9
1742812384.879000,45.392241,6.643410,1868.207347,38.6,0.600230,2.2,10.4
1742812393.878000,45.392247,6.643564,1875.503052,128.3,2.320822,5.9,10.0
1742812395.879000,45.392174,6.643704,1875.263815,126.8,3.366201,6.6,9.9
1742812397.878000,45.392111,6.643811,1875.330125,130.4,3.854575,6.6,9.9
1742812400.878000,45.392037,6.643930,1862.148934,131.6,3.796794,1.8,9.9
1742812403.879000,45.391976,6.644033,1863.346154,127.3,3.449593,1.9,9.9
1742812406.879000,45.391913,6.644136,1869.447278,129.8,3.344713,1.8,9.9
1742812409.879000,45.391844,6.644223,1875.529330,155.5,3.113728,1.8,9.9
1742812412.879000,45.391784,6.644332,1898.365343,131.9,3.201378,2.5,6.2
1742812415.879000,45.391724,6.644434,1892.589072,129.0,3.430574,1.4,3.8
1742812419.879000,45.391649,6.644565,1909.378108,129.0,3.299799,2.9,3.8
1742812422.879000,45.391590,6.644663,1914.361858,133.9,3.203365,5.0,3.8
1742812426.879000,45.391516,6.644792,1921.707914,130.9,3.102783,5.7,3.8
1742812429.879000,45.391459,6.644892,1923.555065,132.0,3.271915,1.5,3.8
1742812433.879000,45.391388,6.645012,1919.140214,126.6,2.998193,1.6,3.8
1742812437.879000,45.391308,6.645135,1934.428683,130.3,3.187717,1.4,3.8
1742812441.879000,45.391228,6.645257,1949.295000,131.1,3.152444,1.6,3.8
1742812445.878000,45.391147,6.645375,1957.888499,129.3,3.074993,1.5,3.8
1742812449.879000,45.391072,6.645492,1966.935836,128.7,3.075392,1.7,3.8
1742812453.879000,45.391005,6.645611,1979.164179,117.5,2.914127,5.0,3.8
1742812456.878000,45.390949,6.645717,1982.943891,123.2,3.483441,2.2,3.8
1742812459.878000,45.390887,6.645822,1983.603980,129.8,3.755601,1.5,3.8
1742812462.879000,45.390819,6.645925,1987.975426,125.1,3.646872,1.5,3.8
1742812465.878000,45.390756,6.646028,1985.740019,128.5,3.633273,1.4,3.8
1742812468.879000,45.390688,6.646125,1993.501033,130.0,3.501645,1.4,3.8
1742812471.878000,45.390624,6.646227,1998.889421,129.4,3.410635,1.4,3.8
1742812474.879000,45.390561,6.646328,2003.505017,131.0,3.509352,1.5,3.8
1742812477.878000,45.390501,6.646435,2008.311183,128.7,3.436074,1.5,3.8
1742812480.879000,45.390438,6.646537,2011.246715,130.0,3.602221,1.5,5.0
1742812483.878000,45.390372,6.646632,2017.745909,139.8,3.300511,2.4,7.9
1742812486.879000,45.390303,6.646728,2023.898535,133.5,3.475909,2.2,9.9
1742812489.879000,45.390244,6.646839,2023.274184,132.0,3.432868,1.4,9.9
1742812492.878000,45.390184,6.646941,2026.683796,131.8,3.356973,1.4,9.9
1742812495.878000,45.390123,6.647038,2031.790364,132.0,3.430612,1.4,9.9
1742812498.879000,45.390063,6.647136,2036.506749,132.0,3.426703,1.4,9.9
1742812501.878000,45.390003,6.647233,2043.639851,132.0,3.425395,1.5,9.9
1742812505.879000,45.389925,6.647359,2050.477001,132.0,3.296953,1.5,9.9
1742812509.879000,45.389847,6.647488,2058.454846,132.0,3.257694,1.7,9.9
1742812513.879000,45.389770,6.647617,2067.711936,132.0,3.210429,2.4,9.9
1742812517.878000,45.389696,6.647744,2072.118652,132.0,3.229486,1.5,9.9
1742812520.879000,45.389634,6.647846,2075.467434,132.0,3.400582,1.4,9.9
1742812523.878000,45.389569,6.647952,2078.044201,132.0,3.490980,1.4,9.9
1742812526.878000,45.389509,6.648048,2081.793608,131.0,2.872752,1.4,9.9
1742812531.879000,45.389444,6.648154,2089.184448,131.0,2.647803,1.5,9.9
1742812535.879000,45.389376,6.648265,2093.122737,131.0,3.038809,1.5,9.9
1742812538.879000,45.389313,6.648366,2094.247831,131.0,3.530340,1.5,10.0
1742812541.879000,45.389253,6.648463,2102.896977,131.1,3.565339,1.8,10.1
1742812544.879000,45.389190,6.648564,2110.279758,130.9,3.333059,6.0,10.3
1742812547.879000,45.389128,6.648662,2110.056328,131.0,3.440789,1.5,10.5
1742812550.879000,45.389068,6.648759,2112.838853,131.8,3.391282,1.5,10.8
1742812553.879000,45.389008,6.648857,2118.478536,131.0,3.452154,1.4,11.1
1742812557.878000,45.388929,6.648986,2121.478939,131.0,3.423966,1.5,11.4
1742812560.878000,45.388870,6.649084,2131.611805,131.0,3.356352,1.4,11.3
1742812563.879000,45.388811,6.649181,2137.534624,131.0,3.321519,1.5,11.2
1742812567.879000,45.388732,6.649309,2145.106547,131.3,3.431207,1.6,11.6
1742812570.878000,45.388670,6.649412,2149.431397,130.9,3.342665,1.5,11.7
1742812573.879000,45.388608,6.649513,2155.713648,131.0,3.410702,2.2,11.3
1742812576.878000,45.388548,6.649611,2156.996981,131.0,3.410001,1.5,11.2
1742812579.878000,45.388483,6.649718,2160.596153,131.0,3.800133,1.5,11.3
1742812582.879000,45.388419,6.649824,2151.660078,131.0,3.848819,3.1,6.7
1742812585.879000,45.388353,6.649932,2153.161769,131.0,3.759392,3.0,3.8
1742812588.879000,45.388286,6.650038,2161.733866,137.0,3.719471,1.5,3.9
1742812591.878000,45.388209,6.650123,2168.116887,157.0,3.271927,1.5,4.1
1742812594.878000,45.388136,6.650222,2167.518261,157.0,3.281616,1.4,3.9
1742812597.879000,45.388068,6.650335,2174.000527,132.1,3.714906,1.5,3.8
1742812600.879000,45.388015,6.650470,2175.497630,127.0,3.630078,1.5,3.8
1742812603.879000,45.387954,6.650581,2177.058475,125.1,3.588063,1.5,3.8
1742812606.879000,45.387886,6.650689,2181.242448,130.1,3.671003,1.6,3.8
1742812609.878000,45.387818,6.650796,2172.443115,131.0,3.699476,2.2,3.8
1742812612.879000,45.387752,6.650901,2174.652832,131.0,3.584195,2.1,3.8
1742812615.879000,45.387688,6.651008,2177.268789,131.0,3.669185,2.5,3.8
1742812618.878000,45.387624,6.651114,2180.717420,131.0,3.671687,2.4,3.8
1742812621.879000,45.387560,6.651224,2189.935665,131.0,3.667873,1.5,3.8
1742812624.878000,45.387497,6.651330,2190.353894,130.3,3.714482,1.7,3.8
1742812627.879000,45.387434,6.651434,2193.477686,130.0,3.601611,1.8,3.8
1742812630.879000,45.387371,6.651536,2196.516218,130.8,3.605910,1.6,3.8
1742812633.879000,45.387307,6.651636,2200.253764,130.0,3.560219,1.5,3.8
1742812636.879000,45.387245,6.651739,2203.547526,131.0,3.589952,1.5,3.8
1742812639.879000,45.387183,6.651844,2201.827466,131.0,3.758643,1.7,3.8
1742812642.878000,45.387118,6.651953,2203.329346,131.0,3.660143,1.6,3.8
1742812645.879000,45.387052,6.652060,2204.647217,131.0,3.679950,1.7,3.8
1742812648.878000,45.386988,6.652165,2207.799475,131.0,3.689954,2.9,3.8
1742812651.879000,45.386923,6.652271,2215.806396,131.0,3.690046,1.4,3.8
1742812654.879000,45.386858,6.652377,2213.333287,131.0,3.660244,2.3,3.8
1742812657.879000,45.386795,6.652480,2214.505728,131.0,3.680044,3.0,3.8
1742812660.879000,45.386724,6.652577,2216.140968,138.0,3.808562,2.1,3.8
1742812663.878000,45.386656,6.652685,2222.073059,134.0,3.839144,1.7,3.8
1742812666.877000,45.386590,6.652794,2218.496882,133.3,3.728012,2.6,3.8
1742812669.878000,45.386527,6.652906,2219.750903,131.1,3.726879,1.8,3.8
1742812672.877000,45.386460,6.653015,2220.705191,131.4,3.748885,1.8,3.8
1742812675.878000,45.386394,6.653123,2221.677173,131.0,3.692827,1.6,3.8
1742812678.878000,45.386326,6.653228,2224.934320,130.2,3.715814,3.4,3.8
1742812681.878000,45.386256,6.653330,2225.473526,142.6,3.637456,1.7,3.8
1742812684.878000,45.386189,6.653438,2229.355929,120.7,3.510076,3.2,3.8
1742812687.878000,45.386143,6.653562,2229.552608,117.2,3.551361,1.6,3.8
1742812690.877000,45.386077,6.653670,2233.051808,121.8,3.639474,2.4,3.8
1742812693.878000,45.386009,6.653773,2235.214292,125.8,3.659607,2.1,3.8
1742812696.877000,45.385943,6.653877,2235.130354,127.0,3.672334,1.6,3.8
1742812699.878000,45.385878,6.653982,2238.515105,128.7,3.617591,1.5,3.8
1742812702.877000,45.385809,6.654088,2242.031730,130.0,3.610556,1.6,3.8
1742812705.878000,45.385742,6.654198,2243.649847,130.0,3.770070,1.6,3.8
1742812711.878000,45.385684,6.654307,2244.009851,110.1,0.860566,1.5,3.8
1742812716.878000,45.385650,6.654433,2243.659082,43.0,1.879928,1.6,3.8
1742812722.877000,45.385744,6.654489,2242.925483,28.0,2.715865,1.6,3.8
1742812725.878000,45.385832,6.654553,2238.995320,11.1,3.747708,1.6,3.8
1742812728.878000,45.385930,6.654573,2240.826360,10.0,3.591312,1.5,3.8
1742812731.876000,45.386029,6.654593,2240.352980,11.0,3.898908,1.5,3.8
1742812734.878000,45.386137,6.654617,2238.699398,10.0,3.951530,1.5,3.8
1742812737.878000,45.386239,6.654628,2237.983715,13.9,3.709090,1.5,3.8
1742812740.878000,45.386359,6.654667,2235.534517,360.0,5.423086,1.5,6.2
1742812742.877000,45.386477,6.654712,2233.210596,5.0,7.043438,1.5,7.9
1742812744.877000,45.386621,6.654779,2229.576410,15.0,8.797881,1.4,9.9
1742812746.877000,45.386789,6.654895,2226.018830,15.0,10.472516,1.5,9.9
1742812747.877000,45.386887,6.654938,2224.066895,11.0,11.057128,1.5,9.9
1742812748.877000,45.386989,6.654976,2221.740608,7.0,11.361726,1.5,9.9
1742812749.878000,45.387092,6.655007,2220.627904,6.0,11.839620,1.5,9.9
1742812750.878000,45.387201,6.655044,2219.588717,8.0,12.076065,1.5,9.9
1742812751.877000,45.387309,6.655084,2216.341583,11.0,12.189088,1.6,9.9
1742812752.878000,45.387417,6.655124,2212.905722,12.0,12.151318,1.7,9.9
1742812753.878000,45.387523,6.655168,2209.825675,11.0,12.326006,1.6,9.9
1742812754.878000,45.387631,6.655216,2208.524783,13.0,12.389857,1.5,9.9
1742812755.878000,45.387738,6.655262,2207.573495,12.0,12.428499,1.5,9.9
1742812756.878000,45.387848,6.655306,2207.031607,22.9,12.690367,1.5,9.9
1742812757.878000,45.387959,6.655354,2205.310523,18.0,13.088156,1.5,9.9
1742812758.878000,45.388078,6.655397,2203.102416,19.0,13.483706,1.5,9.9
1742812759.877000,45.388201,6.655440,2200.695669,15.0,13.966731,1.5,9.9
1742812760.877000,45.388331,6.655466,2198.978035,9.0,14.552470,1.5,9.9
1742812761.878000,45.388465,6.655479,2196.843782,10.0,14.678169,1.5,9.9
1742812762.877000,45.388598,6.655493,2193.343865,6.0,14.921752,1.5,9.9
1742812763.877000,45.388735,6.655498,2191.651044,5.0,15.183721,1.4,9.9
1742812764.878000,45.388875,6.655501,2189.475080,0.0,15.403560,1.5,9.9
1742812765.878000,45.389017,6.655495,2185.708252,2.0,15.829874,1.5,9.9
1742812766.878000,45.389162,6.655506,2182.763411,6.0,16.212049,1.5,9.9
1742812767.877000,45.389310,6.655542,2175.311499,8.0,16.514290,1.4,9.9
1742812768.877000,45.389459,6.655571,2172.286632,4.0,16.840263,1.4,9.9
1742812769.877000,45.389607,6.655566,2171.398619,357.0,16.045578,1.4,9.9
1742812770.877000,45.389745,6.655534,2170.162268,359.0,15.373748,1.5,9.9
1742812771.878000,45.389879,6.655515,2167.805374,358.0,14.840981,1.4,9.9
1742812772.878000,45.390009,6.655516,2166.787299,5.0,14.330564,1.5,9.9
1742812773.878000,45.390135,6.655540,2164.143750,2.0,13.829324,1.5,9.9
1742812774.878000,45.390252,6.655564,2164.417671,5.0,12.949962,1.6,9.9
1742812775.878000,45.390362,6.655590,2164.146884,8.0,12.608080,1.9,9.9
1742812776.878000,45.390470,6.655622,2162.111859,12.0,12.317789,1.6,9.9
1742812777.877000,45.390570,6.655669,2160.412646,15.0,11.713502,1.5,9.9
1742812778.878000,45.390664,6.655718,2160.565117,14.0,11.326094,1.6,9.9
1742812779.878000,45.390760,6.655762,2158.324002,16.0,11.360652,1.6,9.9
1742812780.878000,45.390857,6.655813,2157.217881,17.0,11.478699,1.6,9.9
1742812781.878000,45.390955,6.655872,2154.737195,12.0,11.652503,1.5,9.9
1742812782.878000,45.391057,6.655922,2154.282019,12.0,12.072002,1.5,9.9
1742812783.878000,45.391163,6.655970,2151.829906,13.0,12.316077,1.5,9.9
1742812784.877000,45.391267,6.656023,2150.379088,15.0,12.213350,1.5,9.9
1742812785.878000,45.391367,6.656087,2151.412907,13.0,12.110258,1.6,9.9
1742812786.878000,45.391471,6.656145,2148.824292,20.0,12.369819,1.5,9.9
1742812787.878000,45.391574,6.656216,2147.986813,26.9,12.630428,1.5,9.9
1742812788.878000,45.391678,6.656296,2145.204377,17.1,13.195679,1.5,9.9
1742812789.878000,45.391789,6.656362,2143.884218,21.0,13.507007,1.5,9.9
1742812790.877000,45.391903,6.656438,2140.689473,24.9,13.716932,1.5,9.9
1742812791.878000,45.392015,6.656511,2138.574762,19.0,13.759941,1.6,9.9
1742812792.877000,45.392136,6.656562,2135.719111,12.0,14.289878,1.5,9.9
1742812793.878000,45.392256,6.656620,2134.283642,25.0,13.830099,1.5,9.9
1742812794.878000,45.392365,6.656704,2131.200732,27.0,13.680058,1.5,9.9
1742812795.877000,45.392478,6.656768,2127.512283,15.0,14.009739,1.5,9.9
1742812796.878000,45.392604,6.656802,2126.883238,8.0,14.349854,1.4,9.9
1742812797.877000,45.392733,6.656820,2123.751771,2.0,15.179508,1.4,9.9
1742812798.877000,45.392871,6.656827,2119.512724,1.0,15.739421,1.4,9.9
1742812799.877000,45.393012,6.656837,2116.759120,3.0,15.799970,1.4,9.9
1742812800.878000,45.393152,6.656860,2112.358343,8.0,16.009983,1.5,9.9
1742812801.878000,45.393295,6.656887,2109.658183,6.0,15.880011,1.4,9.9
1742812802.878000,45.393437,6.656901,2107.211990,2.0,15.740011,1.6,9.9
1742812803.878000,45.393579,6.656899,2105.185257,356.0,16.019926,1.5,9.9
1742812804.878000,45.393719,6.656858,2102.323639,340.0,16.029974,1.7,9.9
1742812805.878000,45.393852,6.656784,2100.753494,339.0,15.371844,1.9,9.9
1742812806.878000,45.393983,6.656733,2095.430472,348.0,15.218929,1.6,9.9
1742812807.878000,45.394118,6.656723,2093.015925,3.0,15.188996,1.5,9.9
1742812808.877000,45.394250,6.656745,2090.964736,8.0,14.142912,1.6,9.9
1742812809.878000,45.394375,6.656747,2086.272610,352.0,13.869985,1.6,9.9
1742812810.878000,45.394497,6.656688,2083.273654,334.0,14.939702,1.6,9.9
1742812811.878000,45.394613,6.656576,2081.825238,318.0,15.978844,1.5,9.9
1742812812.878000,45.394722,6.656459,2079.487216,331.0,14.401280,1.7,9.9
1742812813.878000,45.394839,6.656417,2073.984395,359.0,12.879830,1.5,9.9
1742812814.878000,45.394940,6.656432,2072.106905,8.0,9.402886,1.5,9.9
1742812816.878000,45.395082,6.656334,2072.898779,313.0,9.229771,1.5,9.9
1742812818.878000,45.395215,6.656253,2070.839821,337.0,8.268892,1.5,9.9
1742812820.878000,45.395336,6.656087,2065.355015,328.0,10.567295,1.5,9.9
1742812821.878000,45.395427,6.656055,2062.938348,1.0,10.707557,1.5,9.9
1742812822.877000,45.395530,6.656051,2059.239970,353.0,12.279490,1.5,9.9
1742812823.878000,45.395648,6.656023,2055.649998,351.0,13.897864,1.5,9.9
1742812824.877000,45.395771,6.656020,2047.749027,7.0,13.848999,1.5,9.9
1742812825.878000,45.395891,6.656045,2044.744122,7.0,13.360758,1.5,9.9
1742812826.877000,45.396012,6.656055,2044.508302,359.0,13.669816,1.4,9.9
1742812827.878000,45.396130,6.656072,2042.681848,14.0,12.530194,1.4,9.9
1742812828.878000,45.396229,6.656121,2042.578309,22.0,10.171532,1.5,9.9
1742812829.877000,45.396319,6.656151,2040.881893,3.0,11.267926,1.5,9.9
1742812830.878000,45.396420,6.656166,2038.817783,11.0,11.090257,1.4,9.9
1742812831.877000,45.396528,6.656183,2036.882700,1.0,12.815055,1.5,9.9
1742812832.878000,45.396645,6.656201,2033.895457,11.0,13.148790,1.5,9.9
1742812833.877000,45.396766,6.656232,2029.799721,7.0,13.937805,1.6,9.9
1742812834.878000,45.396895,6.656226,2025.283069,351.0,15.206583,1.9,9.9
1742812835.878000,45.397032,6.656199,2022.974738,355.0,15.120027,1.6,9.9
1742812836.878000,45.397163,6.656181,2019.260166,353.0,14.440584,1.5,9.9
1742812837.877000,45.397285,6.656192,2017.227908,15.0,13.270556,1.5,9.9
1742812838.878000,45.397403,6.656236,2013.459158,11.0,13.686240,1.5,9.9
1742812839.878000,45.397512,6.656239,2011.607992,350.2,11.595569,1.5,9.9
1742812840.878000,45.397616,6.656202,2009.133035,344.0,12.078519,1.5,9.9
1742812841.878000,45.397726,6.656174,2007.466979,354.0,12.832964,1.5,9.9
1742812842.877000,45.397833,6.656189,2005.394085,11.8,11.602918,1.5,9.9
1742812843.877000,45.397932,6.656223,2003.152477,8.0,11.787260,1.5,9.9
1742812844.877000,45.398030,6.656203,2002.092869,333.1,11.951889,1.6,9.9
1742812845.878000,45.398104,6.656117,1999.126228,314.1,9.905364,1.5,9.9
1742812847.877000,45.398259,6.655986,1994.975146,351.9,11.607023,1.5,9.9
1742812848.878000,45.398360,6.655953,1992.612447,339.0,11.819197,1.5,9.9
1742812849.878000,45.398454,6.655875,1989.417495,325.0,13.069288,1.5,9.9
1742812850.878000,45.398558,6.655808,1987.300959,348.0,12.728195,1.6,9.9
1742812851.877000,45.398666,6.655811,1981.921447,8.0,11.621351,1.5,9.9
1742812852.877000,45.398770,6.655802,1979.160493,342.0,12.539035,1.5,9.9
1742812853.878000,45.398876,6.655737,1975.580092,335.0,13.319791,1.5,9.9
1742812854.878000,45.398992,6.655696,1970.574965,356.0,14.127646,1.5,9.9
1742812855.877000,45.399122,6.655692,1969.391107,357.0,14.968932,1.4,9.9
1742812856.878000,45.399256,6.655655,1963.332114,342.0,15.869151,1.4,9.9
1742812857.877000,45.399394,6.655574,1959.875947,335.0,16.889080,1.4,9.9
1742812858.878000,45.399535,6.655516,1954.792546,355.0,16.089371,1.5,9.9
1742812859.878000,45.399675,6.655538,1948.386058,14.0,15.140903,1.4,9.9
1742812860.877000,45.399810,6.655582,1946.114908,7.0,15.079364,1.5,9.9
1742812861.878000,45.399933,6.655553,1943.211999,333.2,13.974168,1.5,9.9
1742812862.878000,45.400041,6.655464,1940.478332,332.0,13.470667,1.5,9.9
1742812863.878000,45.400143,6.655428,1938.887150,3.0,10.590833,1.9,9.9
1742812864.878000,45.400245,6.655447,1936.913077,5.0,11.779390,1.7,9.9
1742812865.877000,45.400357,6.655449,1934.232443,356.0,12.649852,1.5,9.9
1742812866.878000,45.400472,6.655438,1929.329272,357.0,12.580032,1.5,9.9
1742812867.878000,45.400586,6.655432,1925.450051,358.0,13.269614,1.5,9.9
1742812868.878000,45.400706,6.655426,1920.702049,357.0,13.909917,1.5,9.9
1742812869.878000,45.400829,6.655418,1918.068518,357.0,13.180065,1.5,9.9
1742812870.878000,45.400944,6.655410,1916.678699,356.0,12.350110,1.5,9.9
1742812871.878000,45.401049,6.655399,1915.780987,353.0,11.580138,1.5,9.9
1742812872.878000,45.401146,6.655381,1917.892569,351.0,10.680259,1.6,8.7
1742812873.877000,45.401238,6.655362,1918.631335,351.0,9.430281,1.7,7.9
1742812875.877000,45.401396,6.655341,1919.836032,358.0,8.560006,1.5,5.8
1742812877.878000,45.401534,6.655303,1919.639599,336.0,6.880349,1.5,3.8
1742812880.878000,45.401624,6.655270,1918.050000,359.0,2.879964,1.5,3.8
1742812899.877000,45.401724,6.655290,1914.573362,12.0,2.099224,1.5,3.8
1742812903.877000,45.401818,6.655279,1916.673527,349.7,2.923570,1.6,3.8
1742812906.878000,45.401916,6.655255,1916.045079,358.8,3.755340,1.7,3.8
1742812909.878000,45.402038,6.655248,1914.969171,9.5,4.380150,1.6,3.8
1742812911.878000,45.402130,6.655207,1913.727349,350.8,4.785264,1.4,3.8
1742812913.878000,45.402230,6.655163,1912.582752,348.1,5.361981,1.5,3.8
1742812915.878000,45.402335,6.655131,1911.582754,351.9,5.616992,1.4,3.8
1742812917.878000,45.402450,6.655095,1910.608769,350.0,6.422836,1.5,3.8
1742812919.877000,45.402574,6.655063,1909.393273,350.0,7.165003,1.5,3.8
1742812921.878000,45.402703,6.655032,1908.173300,354.0,7.280702,1.6,3.8
1742812923.878000,45.402834,6.654997,1906.987491,350.0,7.674154,2.0,3.8
1742812925.878000,45.402977,6.654977,1906.314584,21.0,7.752546,1.9,3.8
1742812927.877000,45.403124,6.654944,1904.738218,7.0,8.137876,1.6,3.8
1742812929.878000,45.403276,6.654912,1899.353658,355.0,8.719441,1.5,3.8
1742812931.878000,45.403434,6.654870,1898.890251,346.0,8.996604,1.6,3.8
1742812933.877000,45.403599,6.654839,1898.225117,351.0,9.344766,1.7,3.8
1742812935.877000,45.403765,6.654812,1896.223397,346.0,9.152559,1.8,6.2
1742812937.878000,45.403930,6.654780,1894.092416,349.0,9.023772,1.5,8.7
1742812939.876000,45.404093,6.654752,1893.271544,352.0,8.959187,2.0,9.9
1742812941.878000,45.404250,6.654737,1890.184337,355.0,8.806676,1.5,9.9
1742812943.878000,45.404409,6.654727,1888.575149,357.0,8.830821,1.4,9.9
1742812945.878000,45.404568,6.654714,1886.559747,358.0,8.821819,1.5,9.9
1742812947.877000,45.404733,6.654702,1884.070064,358.0,9.089281,1.4,9.9
1742812949.877000,45.404900,6.654684,1883.325969,1.0,9.307448,1.9,9.9
1742812951.878000,45.405072,6.654674,1880.651313,355.6,9.631201,2.4,9.9
1742812953.878000,45.405249,6.654634,1879.282834,355.0,9.978476,2.2,9.9
1742812954.878000,45.405343,6.654614,1876.843751,350.8,10.363267,1.8,9.9
1742812955.878000,45.405436,6.654573,1873.848969,339.9,10.654013,1.6,9.9
1742812956.878000,45.405524,6.654502,1872.447612,330.5,10.958937,1.6,9.9
1742812957.878000,45.405612,6.654422,1870.794004,334.9,11.024513,1.9,9.9
1742812958.877000,45.405708,6.654370,1866.602111,343.3,10.916020,1.6,9.9
1742812959.877000,45.405807,6.654337,1865.814422,344.4,11.100385,2.3,9.9
1742812960.878000,45.405907,6.654306,1864.439891,352.0,11.090542,2.4,9.9
1742812961.878000,45.406011,6.654288,1863.806912,351.2,11.296293,1.7,9.9
1742812962.878000,45.406116,6.654271,1862.047784,348.0,11.453799,1.8,9.9
1742812963.877000,45.406221,6.654250,1860.114416,351.0,11.589851,1.6,9.9
1742812964.878000,45.406329,6.654239,1856.696819,358.0,11.790553,1.6,9.9
1742812965.878000,45.406440,6.654240,1854.543472,359.6,12.051516,1.6,9.9
1742812966.877000,45.406552,6.654249,1852.519560,3.7,12.292509,1.5,9.9
1742812967.878000,45.406668,6.654270,1850.383357,6.2,12.491364,1.6,9.9
1742812968.878000,45.406782,6.654305,1847.761308,9.1,12.693900,2.1,9.9
1742812969.877000,45.406895,6.654349,1845.042940,12.0,12.774870,1.5,9.9
1742812970.878000,45.407008,6.654385,1843.631652,7.5,12.671391,1.4,9.9
1742812971.878000,45.407121,6.654410,1840.866547,4.8,12.671959,1.5,9.9
1742812972.878000,45.407234,6.654424,1838.709561,2.6,12.699230,1.4,9.9
1742812973.878000,45.407348,6.654429,1836.641645,358.9,12.757551,1.4,9.9
1742812974.878000,45.407465,6.654425,1835.046081,354.3,12.839344,1.5,9.9
1742812975.877000,45.407581,6.654411,1832.707011,351.8,12.908654,1.4,9.9
1742812976.878000,45.407697,6.654390,1830.534611,351.2,12.879908,1.6,9.9
1742812977.878000,45.407810,6.654362,1828.149376,347.5,12.787794,1.5,9.9
1742812978.878000,45.407917,6.654326,1828.253290,343.7,12.359710,2.4,9.9
1742812979.877000,45.408016,6.654287,1828.072857,344.2,11.859152,2.2,9.9
1742812980.878000,45.408108,6.654246,1826.909380,340.9,11.297997,1.9,9.9
1742812981.878000,45.408196,6.654206,1826.946551,340.6,10.756580,2.1,9.9
1742812983.878000,45.408364,6.654126,1825.540985,342.7,10.043219,2.4,9.9
1742812984.877000,45.408450,6.654088,1822.478961,342.1,10.141836,1.5,9.9
1742812985.877000,45.408541,6.654054,1821.320716,345.0,10.530090,1.6,9.9
1742812986.878000,45.408637,6.654021,1820.688919,345.0,11.099962,2.0,9.9
1742812987.878000,45.408740,6.653990,1817.343112,4.9,11.794829,1.6,9.9
1742812988.878000,45.408852,6.654011,1815.777143,20.9,12.198541,2.0,9.9
1742812989.877000,45.408962,6.654071,1813.443841,10.1,13.009668,2.3,9.9
1742812990.877000,45.409083,6.654108,1809.786031,9.0,14.539526,2.2,9.9
1742812991.878000,45.409216,6.654150,1805.471933,12.0,15.069468,1.9,9.9
1742812992.877000,45.409344,6.654227,1801.752286,31.0,15.739072,1.7,9.9
1742812993.878000,45.409470,6.654314,1795.157820,17.0,15.389610,1.5,9.9
1742812994.878000,45.409606,6.654339,1792.431504,358.0,15.359308,1.8,9.9
1742812995.878000,45.409741,6.654318,1786.501464,352.0,14.870209,1.5,9.9
1742812996.878000,45.409870,6.654342,1782.586358,22.0,15.287008,1.5,9.9
1742812997.878000,45.410006,6.654419,1776.774515,17.0,16.603376,1.5,9.9
1742812998.878000,45.410153,6.654438,1772.353643,354.0,16.018744,2.0,9.9
1742812999.876000,45.410295,6.654402,1768.505175,349.0,15.590357,1.4,9.9
1742813000.877000,45.410431,6.654413,1764.805800,17.9,16.318529,1.5,9.9
1742813001.878000,45.410555,6.654527,1759.326860,39.9,16.522148,1.5,9.9
1742813002.878000,45.410669,6.654624,1756.212876,14.0,13.890711,1.4,9.9
1742813003.877000,45.410792,6.654635,1752.917592,358.0,13.659763,1.5,9.9
1742813004.877000,45.410911,6.654623,1751.784583,354.0,13.133161,1.5,9.9
1742813005.877000,45.411011,6.654651,1750.648056,26.7,11.185718,1.6,9.9
1742813006.877000,45.411089,6.654747,1748.318633,43.0,11.958395,1.4,9.9
1742813007.877000,45.411180,6.654826,1747.529516,16.2,11.867891,1.5,9.9
1742813008.877000,45.411287,6.654863,1744.381730,19.0,12.369750,1.9,9.9
1742813009.878000,45.411383,6.654924,1740.541254,31.9,11.404906,1.6,9.9
1742813010.878000,45.411474,6.654960,1738.827409,359.0,10.439571,2.3,9.9
1742813011.878000,45.411563,6.654988,1736.033522,31.0,10.179597,2.3,9.9
1742813012.877000,45.411646,6.655055,1734.449553,23.0,10.829428,2.3,9.9
1742813013.877000,45.411739,6.655069,1731.624484,349.0,10.359509,2.5,9.9
1742813014.877000,45.411837,6.655061,1726.957823,6.9,10.805453,1.6,9.9
1742813016.878000,45.411962,6.655212,1724.056130,32.0,9.958972,1.8,9.9
1742813018.878000,45.412122,6.655235,1716.867961,347.2,10.220915,2.3,9.9
1742813019.877000,45.412218,6.655238,1715.574016,24.9,11.380045,2.3,9.9
1742813020.878000,45.412308,6.655309,1713.548470,30.0,11.589472,1.8,9.9
1742813021.878000,45.412414,6.655350,1709.362250,1.0,13.129370,1.7,9.9
1742813022.877000,45.412532,6.655323,1704.450078,344.0,12.949986,1.5,9.9
1742813023.877000,45.412647,6.655297,1700.736197,358.0,13.069873,1.7,9.9
1742813024.877000,45.412768,6.655315,1697.604305,9.0,13.609848,1.6,9.9
1742813025.878000,45.412882,6.655306,1694.515127,341.1,12.849642,1.5,9.9
1742813026.878000,45.412986,6.655236,1691.281832,335.0,12.660791,1.6,9.9
1742813027.878000,45.413090,6.655210,1690.181847,7.0,11.949509,2.0,9.9
1742813028.878000,45.413191,6.655236,1686.984823,6.0,10.610622,1.5,9.9
1742813030.877000,45.413336,6.655138,1682.204755,315.2,8.209506,1.5,9.9
1742813032.877000,45.413479,6.655062,1681.228950,354.0,9.849766,1.5,9.9
1742813034.877000,45.413631,6.654939,1678.070402,315.0,10.039862,1.4,9.9
1742813036.878000,45.413797,6.654877,1675.904994,9.0,10.158216,1.5,9.9
1742813037.878000,45.413892,6.654901,1674.656764,8.0,10.459785,1.8,9.9
1742813038.878000,45.413987,6.654885,1671.202311,340.0,11.049714,1.7,9.9
1742813039.878000,45.414074,6.654812,1668.359721,323.0,11.129964,2.4,9.9
1742813040.878000,45.414154,6.654720,1666.177742,320.0,11.209963,2.3,9.9
1742813041.878000,45.414235,6.654632,1666.054675,326.0,11.549554,2.2,9.9
1742813042.878000,45.414330,6.654571,1664.401506,343.0,11.879485,1.8,9.9
1742813043.877000,45.414438,6.654552,1659.158504,360.0,12.659739,1.6,9.9
1742813044.877000,45.414553,6.654556,1658.216883,359.0,12.729981,1.5,9.9
1742813045.877000,45.414665,6.654528,1654.928672,341.0,12.889922,1.9,9.9
1742813046.877000,45.414761,6.654457,1651.934271,325.0,11.230205,1.6,9.9
1742813047.877000,45.414837,6.654367,1650.212179,318.0,11.110015,2.1,9.9
1742813048.877000,45.414910,6.654278,1648.549007,322.0,10.520186,2.4,9.9
1742813049.878000,45.414997,6.654231,1648.302268,356.0,10.627617,1.7,9.9
1742813050.878000,45.415095,6.654232,1647.461977,358.0,10.420214,1.8,9.9
1742813052.878000,45.415218,6.654136,1642.880088,316.0,6.520265,1.6,9.9
1742813054.878000,45.415331,6.654032,1640.451590,334.0,8.569899,1.5,9.9
1742813056.878000,45.415480,6.653927,1637.875011,334.0,10.739781,2.1,9.9
1742813057.878000,45.415564,6.653864,1634.432007,331.1,10.113880,1.5,9.9
1742813059.878000,45.415714,6.653754,1630.405466,330.0,8.796048,1.5,9.9
1742813061.878000,45.415830,6.653645,1628.219458,323.0,7.397899,1.4,9.9
1742813063.878000,45.415931,6.653575,1627.319351,343.7,5.783745,1.4,9.9
1742813065.878000,45.416033,6.653570,1625.775696,356.8,5.881048,1.4,9.9
1742813067.877000,45.416129,6.653547,1624.407516,273.5,4.083493,2.2,9.9
1742813070.878000,45.416219,6.653540,1623.168092,16.3,4.480571,1.9,9.9
1742813072.877000,45.416314,6.653569,1619.345366,336.5,5.308684,2.4,9.9
1742813074.878000,45.416424,6.653494,1616.556135,326.2,7.423645,2.3,9.9
1742813076.878000,45.416516,6.653339,1613.201418,303.1,7.296614,2.4,9.9
1742813078.877000,45.416586,6.653193,1611.178944,326.9,6.985058,1.9,9.9
1742813080.876000,45.416693,6.653071,1608.921249,300.4,7.361989,1.7,9.9
1742813083.878000,45.416765,6.652946,1606.825135,359.0,3.670856,1.6,9.9
1742813086.877000,45.416858,6.652814,1605.771162,284.1,4.466222,2.6,9.9
1742813089.877000,45.416854,6.652661,1603.207248,300.7,3.384079,1.5,9.9
1742813093.876000,45.416897,6.652543,1610.544486,333.2,1.744148,1.4,9.9
1742813158.877000,45.416978,6.652464,1623.299718,309.0,0.643036,2.3,9.9
1742813164.877000,45.417049,6.652369,1623.220617,278.7,0.868402,4.1,9.9
1742813219.877000,45.416948,6.652394,1628.880288,158.6,1.272207,1.4,9.9
1742813223.877000,45.416812,6.652426,1626.509151,172.1,4.003220,1.4,9.9
1742813225.876000,45.416686,6.652457,1625.583818,172.6,4.235917,1.0,10.1
1742813227.877000,45.416584,6.652480,1628.700225,174.5,4.075189,1.0,10.1
1742813230.877000,45.416459,6.652508,1634.017014,170.2,4.166234,1.1,10.0
1742813233.877000,45.416347,6.652548,1639.286257,165.5,4.091618,1.2,9.9
1742813236.877000,45.416228,6.652588,1644.000000,162.4,4.520153,1.3,9.9
1742813239.877000,45.416111,6.652627,1662.136179,158.6,4.522451,1.0,9.9
1742813242.877000,45.415996,6.652664,1667.805001,156.5,4.439241,1.1,9.9
1742813245.877000,45.415880,6.652694,1670.566351,156.0,4.349394,1.1,9.9
1742813248.877000,45.415761,6.652718,1670.316669,155.0,4.113894,1.0,9.9
1742813251.877000,45.415635,6.652706,1661.177711,177.0,4.401148,1.6,9.9
1742813254.877000,45.415513,6.652714,1662.042695,174.0,4.437974,1.5,9.9
1742813257.877000,45.415395,6.652740,1664.299460,170.0,4.390148,1.2,9.9
1742813260.877000,45.415281,6.652768,1667.780721,169.0,4.261196,1.3,9.9
1742813263.876000,45.415169,6.652805,1671.484716,164.0,4.378572,1.4,9.9
1742813266.877000,45.415056,6.652831,1675.558290,170.0,4.359998,1.5,9.9
1742813269.876000,45.414941,6.652856,1695.596669,169.0,4.288255,1.2,9.9
1742813272.876000,45.414826,6.652883,1702.367971,165.0,4.580180,1.3,9.9
1742813275.877000,45.414714,6.652939,1704.867096,155.0,4.369495,1.3,9.9
1742813278.877000,45.414594,6.652967,1704.174043,163.0,4.420127,1.2,9.9
1742813281.876000,45.414471,6.652978,1693.629256,168.0,4.486765,1.8,9.9
1742813284.877000,45.414347,6.653003,1695.854568,167.9,4.478709,1.8,9.9
1742813287.877000,45.414228,6.653022,1697.556746,172.0,4.468640,1.5,9.9
1742813290.876000,45.414115,6.653052,1700.660433,167.0,4.350358,1.5,9.9
1742813293.876000,45.414002,6.653070,1703.457284,183.0,4.386761,1.2,9.9
1742813296.876000,45.413888,6.653080,1726.466213,219.5,4.279291,1.5,9.9
1742813299.876000,45.413778,6.653095,1729.664404,171.0,4.319998,1.0,9.9
1742813301.877000,45.413694,6.653143,1733.765236,170.0,4.280012,1.1,9.9
1742813304.877000,45.413573,6.653182,1733.067333,169.0,4.389703,0.8,9.9
1742813307.876000,45.413461,6.653217,1737.733063,164.0,4.366903,0.8,9.9
1742813310.877000,45.413359,6.653272,1730.653918,134.1,4.119931,1.4,9.9
1742813313.877000,45.413250,6.653321,1730.498389,143.0,4.180789,1.0,9.9
1742813316.876000,45.413123,6.653320,1732.631624,176.0,4.370828,1.1,9.9
1742813319.876000,45.413000,6.653313,1738.216398,187.0,4.360877,1.4,9.9
1742813322.876000,45.412883,6.653343,1755.361349,170.0,4.174444,0.9,9.9
1742813325.877000,45.412771,6.653376,1760.231369,171.0,4.368740,1.0,9.9
1742813328.876000,45.412654,6.653402,1764.608607,169.0,4.322813,1.0,9.9
1742813331.876000,45.412538,6.653433,1764.366112,176.7,4.312855,0.8,9.9
1742813334.876000,45.412422,6.653440,1755.963323,182.0,4.364244,1.4,9.9
1742813337.877000,45.412305,6.653482,1757.140112,170.0,4.379297,1.3,9.9
1742813340.877000,45.412189,6.653516,1759.743814,169.5,4.309409,1.0,9.9
1742813343.877000,45.412074,6.653536,1762.686774,166.5,4.340064,1.0,9.9
1742813346.876000,45.411959,6.653569,1768.467553,169.9,4.782135,1.1,9.9
1742813349.877000,45.411844,6.653599,1788.737420,171.3,4.485204,1.4,9.9
1742813352.877000,45.411730,6.653629,1787.477282,166.0,4.390625,0.8,9.9
1742813355.877000,45.411613,6.653664,1792.919208,161.0,4.479311,1.0,9.9
1742813358.877000,45.411499,6.653703,1795.405603,156.0,4.389734,1.0,9.9
1742813361.877000,45.411388,6.653743,1794.423276,153.0,4.360076,0.8,9.9
1742813364.877000,45.411271,6.653777,1790.437480,152.0,4.410306,1.3,9.9
1742813367.877000,45.411153,6.653804,1785.744951,151.0,4.350796,1.3,9.9
1742813370.877000,45.411040,6.653827,1787.377208,151.0,4.320609,1.0,9.9
1742813373.877000,45.410916,6.653829,1790.263447,169.0,4.349988,1.0,9.9
1742813376.877000,45.410791,6.653847,1794.480832,169.0,4.390119,1.1,9.9
1742813379.877000,45.410672,6.653873,1815.782295,169.0,4.325318,1.5,9.9
1742813382.877000,45.410555,6.653902,1818.011731,167.3,4.356763,0.8,9.9
1742813385.877000,45.410441,6.653946,1823.567216,159.9,4.435087,1.0,9.9
1742813388.877000,45.410332,6.653995,1825.468096,147.9,4.377002,1.0,9.9
1742813391.877000,45.410223,6.654048,1817.669146,143.3,4.383709,1.3,9.9
1742813394.877000,45.410108,6.654082,1814.094392,143.8,4.363746,1.3,9.9
1742813397.877000,45.409985,6.654099,1817.351399,147.0,4.389720,1.3,9.9
1742813400.876000,45.409870,6.654132,1821.463861,139.0,4.290761,1.3,9.9
1742813403.877000,45.409751,6.654157,1820.561275,152.9,4.388878,1.3,9.9
1742813406.877000,45.409626,6.654168,1821.220722,158.0,4.370804,1.0,9.9
1742813409.877000,45.409506,6.654185,1840.077708,161.0,4.429013,0.8,9.9
1742813412.877000,45.409388,6.654205,1843.438829,163.0,4.438929,0.8,9.9
1742813415.877000,45.409272,6.654226,1849.901061,165.0,4.361053,1.0,9.9
1742813418.877000,45.409156,6.654250,1853.251178,167.0,4.330651,1.0,9.9
1742813421.877000,45.409039,6.654276,1853.529434,168.0,4.428444,0.8,9.9
1742813424.876000,45.408921,6.654301,1845.810258,169.0,4.369524,1.3,9.9
1742813427.877000,45.408805,6.654327,1849.228124,169.0,4.270490,1.3,9.9
1742813430.876000,45.408693,6.654355,1849.013533,157.1,4.320489,1.0,9.9
1742813433.877000,45.408582,6.654381,1855.956568,176.0,4.270545,1.3,9.9
1742813436.877000,45.408470,6.654395,1864.220384,175.0,4.466864,1.3,9.9
1742813439.877000,45.408352,6.654420,1874.929878,176.0,4.409914,0.8,9.9
1742813442.876000,45.408234,6.654431,1875.952810,198.9,4.441126,0.8,9.9
1742813445.877000,45.408114,6.654457,1880.686349,160.2,4.507782,1.0,9.9
1742813448.877000,45.407994,6.654516,1882.039638,167.0,4.490639,0.9,9.9
1742813451.877000,45.407875,6.654543,1880.524081,171.0,4.459759,0.8,9.9
1742813454.877000,45.407756,6.654573,1871.348705,171.0,4.509112,1.3,9.9
1742813457.877000,45.407638,6.654601,1873.172957,171.0,4.498932,1.3,9.9
1742813460.876000,45.407518,6.654633,1874.954659,172.0,4.469102,1.3,9.9
1742813463.877000,45.407400,6.654661,1876.610251,172.0,4.478851,1.3,9.9
1742813466.876000,45.407282,6.654690,1880.347900,171.0,4.459289,1.3,9.9
1742813469.877000,45.407165,6.654718,1897.244427,171.0,4.380004,1.4,9.9
1742813472.876000,45.407047,6.654746,1896.835636,171.0,4.380704,0.8,9.9
1742813475.875000,45.406930,6.654775,1902.425525,171.0,4.461970,1.0,9.9
1742813478.877000,45.406812,6.654802,1900.379049,172.0,4.460725,0.8,9.9
1742813481.877000,45.406692,6.654828,1902.044593,172.0,4.420874,0.8,9.9
1742813484.877000,45.406572,6.654855,1892.399037,171.0,4.420238,1.3,9.9
1742813487.877000,45.406453,6.654887,1894.157948,171.0,4.449533,1.3,9.9
1742813490.877000,45.406335,6.654918,1894.992786,172.0,4.449763,1.3,9.9
1742813493.876000,45.406219,6.654948,1896.805176,171.0,4.489165,1.3,9.9
1742813496.877000,45.406101,6.654976,1902.245639,171.0,4.449759,1.3,9.9
1742813499.877000,45.405981,6.655002,1917.504509,171.0,4.409777,1.4,9.9
1742813502.876000,45.405865,6.655026,1916.942128,171.0,4.379648,0.8,9.9
1742813505.876000,45.405750,6.655054,1923.124984,171.0,4.479383,1.0,9.9
1742813508.877000,45.405634,6.655083,1922.777667,171.0,4.359772,0.8,9.9
1742813511.876000,45.405512,6.655116,1915.610835,168.0,4.330091,1.3,9.9
1742813514.877000,45.405392,6.655148,1912.681635,170.0,4.420006,1.3,9.9
1742813517.876000,45.405273,6.655178,1912.533976,174.0,4.451835,1.3,9.9
1742813520.876000,45.405153,6.655181,1912.117012,190.6,4.475344,1.3,9.9
1742813523.877000,45.405039,6.655167,1911.635495,204.0,4.386605,1.3,9.9
1742813526.877000,45.404936,6.655149,1915.106566,237.0,4.073375,1.3,9.9
1742813529.877000,45.404832,6.655144,1929.402279,228.5,4.255983,1.4,9.9
1742813532.877000,45.404736,6.655177,1929.684177,161.4,3.101403,1.0,9.9
1742813534.877000,45.404632,6.655286,1930.512911,155.7,4.375301,1.0,9.9
1742813536.877000,45.404537,6.655357,1930.953413,155.2,4.469753,0.9,9.9
1742813539.877000,45.404422,6.655441,1928.884117,138.8,4.399097,0.8,9.9
1742813542.876000,45.404309,6.655489,1919.553886,137.4,4.409148,1.3,9.9
1742813545.876000,45.404195,6.655522,1919.805942,135.2,4.369103,1.3,9.9
1742813548.876000,45.404065,6.655518,1921.930383,170.7,4.473044,1.3,9.9
1742813550.875000,45.403970,6.655504,1922.134307,171.0,4.502539,1.3,9.9
1742813553.875000,45.403842,6.655515,1923.347808,170.0,4.545866,1.3,9.9
1742813556.876000,45.403718,6.655543,1928.166922,170.8,4.514236,1.3,9.9
1742813559.876000,45.403596,6.655570,1943.405039,170.8,4.435747,1.4,9.9
1742813562.876000,45.403474,6.655596,1944.503818,169.9,4.468737,1.0,9.9
1742813565.876000,45.403353,6.655625,1944.275701,170.0,4.470299,1.0,9.9
1742813568.875000,45.403234,6.655651,1940.923106,169.0,4.506823,0.8,9.9
1742813571.875000,45.403116,6.655681,1940.776044,168.0,4.505089,0.8,9.9
1742813574.876000,45.402997,6.655713,1929.893229,167.0,4.513341,1.3,9.9
1742813577.876000,45.402879,6.655744,1931.068928,167.0,4.502356,1.3,9.9
1742813580.876000,45.402759,6.655775,1930.227829,167.0,4.501245,1.3,9.9
1742813583.876000,45.402638,6.655798,1929.619035,170.0,4.469779,1.3,9.9
1742813586.876000,45.402515,6.655824,1931.611002,170.0,4.510120,1.3,8.9
1742813589.876000,45.402396,6.655850,1947.501839,169.0,4.510292,1.5,5.0
1742813592.876000,45.402278,6.655878,1948.761381,168.8,4.508498,1.0,3.8
1742813595.876000,45.402159,6.655907,1950.060906,167.0,4.441603,0.9,3.8
1742813598.876000,45.402042,6.655936,1948.154467,168.0,4.449861,0.8,3.8
1742813601.875000,45.401922,6.655963,1938.881787,170.0,4.558693,1.3,3.8
1742813604.875000,45.401803,6.655988,1938.962646,169.0,4.510021,1.3,3.8
1742813607.876000,45.401686,6.656016,1941.953305,170.0,4.478671,1.3,3.8
1742813610.875000,45.401569,6.656046,1940.875024,171.0,4.461761,1.3,3.8
1742813613.876000,45.401452,6.656073,1942.344529,170.0,4.440137,1.3,3.8
1742813616.876000,45.401334,6.656103,1960.487604,167.0,4.470084,1.5,3.8
1742813619.875000,45.401217,6.656140,1959.254943,169.9,4.430119,0.8,3.8
1742813622.876000,45.401101,6.656165,1964.083677,170.0,4.440457,1.0,3.8
1742813625.876000,45.400982,6.656192,1966.311410,170.0,4.450072,1.0,3.8
1742813628.876000,45.400864,6.656218,1965.306736,170.9,4.398093,0.8,3.8
1742813631.875000,45.400745,6.656251,1956.841592,172.5,4.401752,1.3,3.8
1742813634.875000,45.400627,6.656278,1958.295627,169.0,4.380006,1.3,3.8
1742813637.876000,45.400508,6.656310,1960.604055,167.9,4.528769,1.3,3.8
1742813640.876000,45.400391,6.656341,1963.811410,170.0,4.419743,1.3,3.8
1742813643.875000,45.400272,6.656363,1967.071017,171.0,4.257299,1.3,3.8
1742813646.876000,45.400158,6.656385,1982.951072,170.0,4.399387,0.7,3.8
1742813649.876000,45.400046,6.656421,1985.116868,157.0,4.226281,0.8,3.8
1742813652.875000,45.399927,6.656459,1991.565724,161.4,4.360569,0.9,3.8
1742813655.876000,45.399807,6.656456,1993.112767,178.9,4.317794,0.8,3.8
1742813658.875000,45.399693,6.656484,1987.855307,175.9,4.291304,1.3,3.8
1742813661.875000,45.399579,6.656516,1985.653125,172.0,4.292614,1.3,3.8
1742813664.876000,45.399464,6.656550,1991.551920,169.2,4.290219,1.3,3.8
1742813667.876000,45.399348,6.656585,1994.575855,166.0,4.360904,1.3,3.8
1742813670.876000,45.399237,6.656624,1998.787282,166.0,4.388589,1.3,3.8
1742813673.876000,45.399126,6.656662,2004.301670,173.0,4.278765,1.3,3.8
1742813676.875000,45.399013,6.656676,2021.022189,169.0,4.303312,0.7,3.8
1742813679.876000,45.398895,6.656699,2027.943862,170.0,4.281322,1.0,6.2
1742813682.876000,45.398778,6.656726,2033.122567,171.8,4.365361,0.9,9.9
1742813685.875000,45.398656,6.656752,2033.434735,171.0,4.533758,0.8,9.9
1742813688.876000,45.398543,6.656784,2030.412174,172.0,4.179057,1.3,9.9
1742813691.876000,45.398437,6.656816,2031.523911,176.0,4.211863,1.3,9.9
1742813694.876000,45.398326,6.656818,2038.633998,189.1,4.379141,1.3,9.9
1742813697.876000,45.398207,6.656838,2040.430650,182.9,4.333515,1.3,9.9
1742813700.876000,45.398094,6.656841,2044.880828,178.2,4.121651,1.3,9.9
1742813703.875000,45.397980,6.656907,2049.115106,164.6,4.349016,1.3,9.9
1742813706.876000,45.397866,6.656958,2065.318219,160.4,4.343205,0.7,9.9
1742813709.876000,45.397756,6.657000,2073.196416,156.4,4.264328,1.0,9.9
1742813712.876000,45.397657,6.657054,2076.852390,126.4,4.026417,0.9,9.9
1742813715.876000,45.397560,6.657110,2078.175447,134.7,4.152777,0.8,9.9
1742813718.876000,45.397441,6.657134,2072.465341,143.1,4.202855,1.3,9.9
1742813721.875000,45.397320,6.657153,2075.204546,145.7,4.208629,1.3,9.9
1742813724.875000,45.397204,6.657171,2079.878929,148.5,4.210114,1.3,9.9
1742813727.875000,45.397089,6.657189,2084.194233,150.7,4.188256,1.3,9.9
1742813730.876000,45.396976,6.657204,2088.743462,152.0,4.170067,1.3,9.9
1742813733.875000,45.396864,6.657230,2106.472022,136.2,4.465127,3.3,9.9
1742813736.876000,45.396762,6.657288,2110.525525,136.0,4.348929,2.1,9.9
1742813739.874000,45.396642,6.657320,2116.188738,141.0,4.329680,1.1,9.9
1742813742.876000,45.396519,6.657342,2116.316509,146.0,4.310340,0.8,9.9
1742813745.875000,45.396397,6.657360,2109.780488,151.0,4.429979,1.4,9.9
1742813748.875000,45.396278,6.657377,2109.205034,156.0,4.399220,2.6,9.9
1742813751.876000,45.396155,6.657378,2113.418238,170.0,4.409977,2.3,9.9
1742813754.876000,45.396035,6.657391,2117.453231,171.0,4.638597,1.4,9.9
1742813757.876000,45.395939,6.657402,2117.159212,199.7,2.243257,1.4,9.9
1742813777.876000,45.395894,6.657443,2116.373401,132.3,0.000000,1.4,10.3
1742813777.876000,45.395894,6.657443,2116.373401,132.3,0.000000,1.4,10.3
1742813801.876000,45.395855,6.657492,2116.027656,102.5,1.122060,1.4,10.3
1742813804.875000,45.395763,6.657498,2114.492214,160.9,0.911721,1.3,10.6
1742813808.876000,45.395664,6.657430,2112.606180,192.7,1.325778,1.4,10.9
1742813815.876000,45.395568,6.657467,2115.515423,161.1,0.961689,1.4,10.3
1742813822.875000,45.395474,6.657481,2119.540143,177.8,1.075176,1.5,9.9
1742813844.876000,45.395374,6.657436,2116.166559,201.1,1.641272,2.8,9.9
1742813848.876000,45.395292,6.657385,2116.933780,205.0,2.897396,1.6,9.9
1742813851.876000,45.395202,6.657296,2115.553717,228.2,4.177548,1.7,9.9
1742813853.875000,45.395143,6.657196,2109.842482,243.0,5.477046,1.5,9.9
1742813855.875000,45.395062,6.657069,2108.914811,230.2,6.675499,1.5,9.9
1742813857.876000,45.394974,6.656919,2102.300049,236.9,7.611220,2.2,9.9
1742813859.876000,45.394896,6.656729,2098.831301,240.0,9.129659,1.5,9.9
1742813861.874000,45.394800,6.656505,2097.505760,239.0,10.457166,1.5,9.9
1742813862.875000,45.394749,6.656392,2100.235836,239.0,10.176210,1.3,9.9
1742813864.876000,45.394673,6.656202,2098.350908,240.0,8.161268,1.4,8.9
1742813866.876000,45.394622,6.656030,2097.609464,253.8,7.085042,1.5,6.2
1742813868.875000,45.394595,6.655862,2097.779079,269.0,6.513367,1.5,4.8
1742813870.876000,45.394582,6.655710,2098.432940,279.9,5.707247,1.4,3.8
1742813873.876000,45.394564,6.655549,2100.464363,306.8,3.435984,3.2,3.8
1742813882.875000,45.394454,6.655557,2099.725588,173.0,2.909786,2.6,3.8
1742813886.876000,45.394358,6.655572,2090.194889,185.0,2.680254,2.2,3.8
1742813890.875000,45.394237,6.655546,2092.478108,181.0,4.123044,1.7,3.8
1742813893.876000,45.394105,6.655516,2094.824949,204.9,5.367279,1.6,3.8
1742813895.876000,45.393998,6.655496,2094.114998,194.0,5.957006,1.6,3.8
1742813897.875000,45.393885,6.655440,2092.544647,215.9,6.910829,1.6,3.8
1742813899.876000,45.393774,6.655302,2090.170336,232.8,8.264175,1.6,3.8
1742813901.875000,45.393694,6.655092,2087.332419,246.9,9.395248,1.6,3.8
1742813903.875000,45.393698,6.654849,2087.359399,278.7,9.269641,3.3,3.8
1742813905.876000,45.393777,6.654632,2085.704516,297.9,9.523443,2.7,3.8
1742813907.876000,45.393869,6.654414,2088.554523,299.0,9.944749,1.8,3.8
1742813908.875000,45.393915,6.654299,2086.197028,299.0,10.184685,1.9,3.8
1742813909.875000,45.393964,6.654189,2084.362850,301.9,10.189668,1.9,3.8
1742813910.876000,45.394018,6.654084,2082.056006,305.9,10.228697,2.5,3.8
1742813911.875000,45.394078,6.653983,2080.781703,308.9,10.268891,2.0,3.8
1742813912.876000,45.394142,6.653885,2078.229719,311.9,10.338305,2.8,3.8
1742813913.875000,45.394207,6.653791,2074.031096,313.0,10.506349,1.8,3.8
1742813914.876000,45.394271,6.653688,2074.713569,311.0,10.637158,1.8,3.8
1742813915.876000,45.394336,6.653576,2074.023509,309.0,11.187978,1.8,3.8
1742813916.875000,45.394392,6.653454,2064.545968,303.1,11.315660,2.4,3.8
1742813917.876000,45.394438,6.653321,2063.067660,296.1,11.434942,2.5,3.8
1742813918.876000,45.394474,6.653182,2064.531208,290.1,11.447412,2.0,3.8
1742813919.876000,45.394497,6.653033,2063.006265,284.1,11.575105,1.9,3.8
1742813920.876000,45.394508,6.652888,2061.809409,276.1,11.606030,1.9,3.8
1742813921.875000,45.394512,6.652748,2062.402688,270.1,11.138592,1.9,3.8
1742813922.876000,45.394518,6.652611,2062.391742,272.0,10.895103,1.8,3.8
1742813923.876000,45.394526,6.652466,2061.521764,276.9,11.428217,1.8,3.8
1742813924.875000,45.394540,6.652315,2059.576917,278.0,11.782623,1.8,3.8
1742813925.876000,45.394561,6.652164,2057.945153,283.9,11.868567,1.8,3.8
1742813926.876000,45.394592,6.652020,2056.314362,287.9,11.792330,1.8,3.8
1742813927.875000,45.394629,6.651880,2055.295025,293.9,11.653692,1.8,4.8
1742813928.875000,45.394677,6.651752,2052.684501,294.0,11.395174,1.9,5.8
1742813929.875000,45.394731,6.651635,2052.414195,304.8,10.976798,1.8,7.5
1742813930.875000,45.394796,6.651537,2051.925306,310.9,10.537125,1.8,7.9
1742813931.876000,45.394861,6.651443,2051.653344,313.0,10.313703,1.8,9.9
1742813932.876000,45.394926,6.651350,2053.945598,309.1,10.151480,3.6,9.9
1742813934.874000,45.395040,6.651160,2052.801908,304.1,9.435724,2.3,9.9
1742813936.875000,45.395127,6.650966,2053.383876,279.2,8.703029,1.6,9.9
1742813938.875000,45.395164,6.650761,2053.217918,268.0,8.171661,1.5,9.9
1742813940.874000,45.395185,6.650558,2049.656917,278.9,8.213407,2.1,9.9
1742813942.875000,45.395228,6.650362,2047.782311,281.0,7.698999,2.4,9.9
1742813944.875000,45.395275,6.650182,2044.833204,294.9,7.618073,1.4,9.9
1742813946.875000,45.395339,6.650009,2040.575672,301.9,7.487380,1.4,9.9
1742813948.875000,45.395415,6.649866,2040.320312,309.9,7.013700,1.4,9.9
1742813950.874000,45.395493,6.649743,2039.387544,321.9,6.350542,1.4,9.9
1742813952.875000,45.395585,6.649670,2042.868309,336.9,5.859498,1.3,9.9
1742813954.874000,45.395679,6.649624,2042.733133,357.0,5.248643,1.3,9.9
1742813957.874000,45.395804,6.649583,2042.067886,301.6,4.187191,1.3,9.9
1742813960.875000,45.395917,6.649547,2042.339544,348.9,4.363236,1.3,9.9
1742813963.874000,45.396038,6.649506,2044.205758,335.0,4.796470,2.4,9.9
1742813966.874000,45.396169,6.649477,2045.483086,349.0,4.591113,1.5,9.9
1742813969.874000,45.396280,6.649455,2043.663130,351.0,3.980100,2.1,9.9
1742813972.874000,45.396383,6.649437,2040.273136,352.0,3.540043,1.5,9.9
1742813975.875000,45.396482,6.649421,2036.464738,354.0,3.939911,1.5,9.9
1742813978.874000,45.396600,6.649407,2035.290038,1.0,4.514411,1.5,9.9
1742813980.875000,45.396693,6.649405,2038.133775,6.9,5.093299,1.4,9.9
1742813982.874000,45.396805,6.649405,2037.129835,358.1,6.257397,1.4,9.9
1742813984.875000,45.396939,6.649397,2035.177255,1.0,7.527637,1.4,9.9
1742813986.874000,45.397094,6.649402,2030.094002,1.0,8.504459,1.5,9.9
1742813988.874000,45.397242,6.649404,2030.744712,359.0,7.593362,1.4,9.9
1742813990.874000,45.397363,6.649396,2030.731478,354.1,6.569585,1.4,9.9
1742813992.875000,45.397465,6.649377,2033.416377,354.0,5.324797,3.2,9.9
1742813995.875000,45.397585,6.649351,2035.816109,347.0,4.384021,1.7,9.9
1742813998.875000,45.397696,6.649322,2046.503065,359.0,4.656313,1.0,9.9
1742814001.875000,45.397830,6.649317,2032.361737,349.1,5.053179,2.7,9.9
1742814003.875000,45.397937,6.649278,2029.349071,342.1,6.636410,1.7,9.9
1742814005.875000,45.398036,6.649156,2023.200022,286.7,7.093768,1.7,9.9
1742814007.875000,45.397986,6.648979,2019.770934,225.8,7.438274,1.7,9.9
1742814009.875000,45.397842,6.648925,2018.582627,195.1,7.722619,1.7,9.9
1742814011.875000,45.397693,6.648868,2019.687304,198.0,8.294713,1.7,9.9
1742814013.875000,45.397548,6.648783,2017.551780,203.0,8.331137,1.7,9.9
1742814015.875000,45.397407,6.648692,2014.363409,204.0,8.519521,1.6,9.9
1742814017.875000,45.397260,6.648599,2011.556345,203.0,9.014268,1.7,9.9
1742814019.875000,45.397105,6.648508,2010.495420,200.0,9.333714,1.6,9.9
1742814021.875000,45.396935,6.648443,2010.549872,191.1,9.932605,3.4,9.9
1742814022.874000,45.396841,6.648428,2009.504757,185.1,10.300813,3.5,9.9
1742814023.875000,45.396744,6.648428,2008.898750,179.1,10.650875,2.0,9.9
1742814024.874000,45.396642,6.648439,2005.827973,176.1,11.139009,2.8,9.9
1742814025.874000,45.396538,6.648444,2016.147504,179.9,11.481941,1.2,9.9
1742814026.875000,45.396432,6.648430,2005.946737,185.9,11.664813,1.8,9.9
1742814027.874000,45.396326,6.648407,2012.218636,188.0,11.875358,1.2,9.9
1742814028.875000,45.396219,6.648386,2010.760929,183.1,11.869138,1.2,9.9
1742814029.875000,45.396113,6.648379,1999.802251,181.0,11.742562,1.9,9.9
1742814030.874000,45.396009,6.648372,1998.289742,183.0,11.632298,1.9,9.9
1742814031.875000,45.395910,6.648362,1994.251385,183.0,11.101476,2.3,9.9
1742814032.875000,45.395814,6.648352,1991.106498,179.1,10.864584,1.9,9.9
1742814033.874000,45.395721,6.648345,1990.022731,185.9,10.575523,1.9,9.9
1742814034.875000,45.395632,6.648325,1989.895133,190.9,10.149558,1.9,9.9
1742814036.875000,45.395464,6.648264,1985.126352,197.0,9.454362,1.9,9.9
1742814038.875000,45.395303,6.648178,1984.398154,198.0,9.704553,1.9,9.9
1742814040.875000,45.395144,6.648052,1980.082742,219.9,10.362247,1.9,9.9
1742814041.874000,45.395072,6.647958,1982.101422,229.8,10.591826,1.9,9.9
1742814042.875000,45.395015,6.647841,1980.414545,241.8,11.012614,1.9,9.9
1742814043.875000,45.394973,6.647703,1979.763685,245.9,11.497982,1.9,9.9
1742814044.875000,45.394940,6.647556,1974.918072,249.9,12.085513,1.8,9.9
1742814045.875000,45.394908,6.647400,1972.521459,250.0,12.501088,1.8,9.9
1742814046.874000,45.394875,6.647243,1969.480314,255.9,12.369397,1.8,9.9
1742814047.874000,45.394844,6.647083,1966.695075,240.3,12.757862,1.8,9.9
1742814048.875000,45.394786,6.646938,1964.610677,225.3,12.741496,1.8,9.9
1742814049.874000,45.394704,6.646823,1961.988495,218.1,12.491367,1.9,9.9
1742814050.875000,45.394614,6.646719,1960.676900,218.0,12.784086,1.9,9.9
1742814051.874000,45.394527,6.646607,1960.888170,204.3,13.125385,3.0,9.9
1742814052.875000,45.394432,6.646535,1956.116329,196.1,11.625528,2.0,9.9
1742814053.875000,45.394340,6.646480,1955.654619,207.8,11.326180,1.6,9.9
1742814054.875000,45.394263,6.646387,1954.192121,221.7,11.255939,1.6,9.9
1742814055.874000,45.394186,6.646304,1963.187862,203.0,10.629930,0.8,9.9
1742814056.875000,45.394096,6.646272,1953.120270,186.0,10.929654,1.4,9.9
1742814057.875000,45.394010,6.646226,1959.779622,216.0,10.699610,0.8,9.9
1742814058.875000,45.393935,6.646130,1958.719818,222.0,11.679557,0.8,9.9
1742814059.875000,45.393850,6.646066,1946.402124,192.0,10.699826,1.4,9.9
1742814060.874000,45.393755,6.646050,1943.099976,187.0,10.560015,1.4,9.9
1742814061.874000,45.393670,6.645998,1938.672779,219.0,10.979550,2.2,9.9
1742814062.874000,45.393590,6.645919,1935.744629,203.0,10.589792,1.4,9.9
1742814063.875000,45.393504,6.645880,1932.244035,195.0,9.650420,1.4,9.9
1742814065.874000,45.393381,6.645730,1926.930852,223.0,9.040071,1.5,9.9
1742814067.875000,45.393255,6.645631,1923.642586,228.0,8.399593,1.5,9.9
1742814069.875000,45.393211,6.645435,1920.708631,249.0,7.770618,1.4,9.9
1742814071.874000,45.393126,6.645367,1921.763955,187.0,3.580277,1.4,9.9
1742814074.875000,45.393085,6.645253,1920.907475,241.0,3.929799,1.4,9.9
1742814078.875000,45.393023,6.645129,1916.335027,245.0,6.169584,1.3,9.9
1742814080.875000,45.392958,6.644948,1914.896484,234.0,9.329828,1.3,9.9
1742814082.875000,45.392845,6.644756,1910.598730,234.8,10.152571,2.3,9.9
1742814083.875000,45.392811,6.644628,1910.809179,253.9,10.942192,1.5,9.9
1742814084.874000,45.392789,6.644479,1907.679814,281.9,11.874526,1.4,9.9
1742814085.874000,45.392771,6.644326,1912.086980,304.5,12.175444,0.8,9.9
1742814086.874000,45.392750,6.644145,1906.351780,253.1,14.490425,0.9,10.0
1742814087.875000,45.392678,6.643916,1898.782772,254.0,17.475660,0.8,10.0
1742814088.874000,45.392628,6.643700,1897.077541,254.0,15.622366,0.8,10.0
1742814089.874000,45.392586,6.643524,1888.212161,252.0,14.141336,1.3,10.0
1742814090.875000,45.392543,6.643360,1885.944468,250.0,13.100557,1.4,10.0
1742814091.873000,45.392503,6.643216,1892.684001,248.0,11.910322,0.9,10.0
1742814092.875000,45.392463,6.643078,1880.137185,258.0,11.515905,1.4,9.9
1742814093.874000,45.392432,6.642948,1879.238761,276.0,10.223044,1.4,9.9
1742814095.875000,45.392394,6.642753,1878.548152,314.8,7.402744,1.4,9.9
1742814097.875000,45.392348,6.642625,1878.597769,326.1,5.612490,1.4,9.9
1742814100.874000,45.392278,6.642535,1878.919946,43.0,2.634704,1.3,9.9
1742814104.875000,45.392221,6.642424,1880.108546,252.0,0.740031,1.4,9.9
1742814126.875000,45.392167,6.642317,1880.169506,204.0,0.536696,1.4,9.9
1742814147.874000,45.392119,6.642208,1894.494325,221.9,0.200114,1.0,9.9
1742814194.874000,45.392059,6.642086,1880.013883,212.6,2.075802,1.5,10.7
1742814197.875000,45.391966,6.641964,1877.761107,222.1,3.479489,1.9,10.7
1742814199.875000,45.391902,6.641866,1880.710688,226.9,3.947456,1.5,10.3
1742814201.875000,45.391844,6.641767,1883.788263,228.7,4.132117,1.5,10.0
1742814204.875000,45.391750,6.641636,1893.679605,224.8,3.958432,1.5,9.9
1742814207.875000,45.391663,6.641519,1906.045169,222.5,3.988422,1.1,9.9
1742814210.874000,45.391582,6.641418,1905.948672,218.6,3.817432,1.5,9.9
1742814213.875000,45.391502,6.641321,1908.608290,211.4,3.819454,1.4,9.9
1742814216.875000,45.391431,6.641232,1912.582899,208.6,3.370303,1.4,9.9
1742814219.875000,45.391352,6.641111,1917.780002,220.6,4.066330,1.4,9.9
1742814222.875000,45.391262,6.640997,1925.005914,201.4,4.091790,1.5,9.9
1742814225.874000,45.391174,6.640891,1930.137928,204.4,4.073410,1.5,9.9
1742814228.874000,45.391093,6.640772,1933.990052,206.9,3.986798,1.6,9.9
1742814231.875000,45.391014,6.640651,1941.491647,209.6,4.042860,1.4,9.9
1742814234.875000,45.390939,6.640534,1950.807962,211.7,4.051270,1.4,9.9
1742814237.874000,45.390865,6.640417,1966.248698,213.6,3.956982,1.2,9.9
1742814240.875000,45.390793,6.640300,1965.784069,214.9,3.811182,1.5,9.9
1742814243.874000,45.390725,6.640184,1970.003723,216.3,3.891833,1.4,9.9
1742814246.875000,45.390653,6.640068,1973.256019,218.5,3.952811,1.4,9.9
1742814249.875000,45.390584,6.639958,1978.877954,218.8,3.795433,1.4,9.9
1742814252.875000,45.390510,6.639852,1987.309433,219.1,4.352636,1.6,9.9
1742814255.875000,45.390429,6.639731,1991.147332,220.8,4.217143,2.1,9.9
1742814258.875000,45.390349,6.639611,1993.863303,221.6,4.139554,1.6,9.9
1742814261.875000,45.390267,6.639490,2000.699624,222.0,4.320639,1.6,9.9
1742814264.875000,45.390188,6.639372,2008.156746,222.9,4.174283,1.4,9.9
1742814267.874000,45.390112,6.639258,2022.065287,224.5,4.109248,1.2,9.9
1742814270.874000,45.390033,6.639138,2026.660774,224.0,4.209678,1.2,9.9
1742814273.875000,45.389955,6.639021,2021.998172,225.3,4.109525,1.4,9.9
1742814276.874000,45.389884,6.638909,2022.494156,223.7,4.113206,1.4,9.9
1742814279.875000,45.389801,6.638786,2023.877690,224.0,4.299642,1.4,9.9
1742814282.875000,45.389718,6.638665,2030.344819,225.0,4.300351,1.6,9.9
1742814285.874000,45.389640,6.638545,2032.941410,225.0,4.506157,1.6,9.9
1742814288.874000,45.389561,6.638426,2034.839772,225.0,4.168288,1.6,9.9
1742814291.875000,45.389479,6.638304,2041.197647,226.0,3.932140,1.6,9.9
1742814294.874000,45.389391,6.638180,2049.674111,226.0,4.263276,1.4,9.9
1742814297.875000,45.389312,6.638065,2061.898437,226.0,4.506425,1.3,9.9
1742814300.875000,45.389232,6.637951,2067.221634,227.0,4.366127,1.2,9.9
1742814303.875000,45.389153,6.637832,2063.774296,226.0,4.060451,1.5,9.9
1742814306.875000,45.389074,6.637718,2063.398609,225.9,4.122331,1.4,9.9
1742814309.874000,45.388994,6.637604,2067.699185,225.6,4.417830,1.4,9.9
1742814312.874000,45.388910,6.637482,2074.718929,226.7,4.281922,1.4,9.9
1742814315.874000,45.388825,6.637371,2077.031678,219.5,4.194927,1.6,9.9
1742814318.875000,45.388748,6.637247,2079.333017,226.5,4.400663,2.0,9.9
1742814321.875000,45.388670,6.637127,2085.675084,223.9,4.283061,1.4,9.9
1742814324.875000,45.388594,6.637011,2094.996849,224.7,4.202641,1.4,9.9
1742814327.875000,45.388517,6.636892,2107.238322,225.0,4.138924,1.3,9.9
1742814330.875000,45.388441,6.636776,2112.726360,226.0,4.073248,1.3,9.9
1742814333.874000,45.388364,6.636661,2108.740604,226.0,4.226047,1.5,9.9
1742814336.875000,45.388286,6.636547,2109.921270,226.9,4.139845,1.4,9.9
1742814339.875000,45.388211,6.636438,2114.220940,226.9,4.079939,1.4,9.9
1742814342.875000,45.388131,6.636321,2121.660701,226.8,4.491510,1.6,9.9
1742814345.874000,45.388050,6.636199,2125.364075,226.9,4.307975,1.6,9.9
1742814348.874000,45.387970,6.636079,2126.312326,226.9,4.316235,1.6,9.9
1742814351.874000,45.387889,6.635956,2132.935041,227.0,4.410799,1.4,9.9
1742814354.875000,45.387811,6.635835,2139.302933,227.0,4.239015,1.4,9.9
1742814357.874000,45.387731,6.635716,2153.367191,226.0,4.216000,1.3,9.9
1742814360.875000,45.387650,6.635598,2157.855095,227.0,4.263407,1.4,9.9
1742814363.875000,45.387571,6.635485,2152.296969,227.0,4.292779,1.4,9.9
1742814366.873000,45.387493,6.635373,2151.243414,227.0,4.200260,1.4,9.9
1742814369.875000,45.387415,6.635258,2154.128059,227.0,4.085908,1.4,9.9
1742814372.874000,45.387336,6.635143,2162.932521,227.0,4.169955,2.0,9.9
1742814375.874000,45.387257,6.635028,2167.729139,227.1,4.222309,1.7,9.9
1742814378.874000,45.387179,6.634914,2171.155943,227.1,4.077083,1.6,9.9
1742814381.873000,45.387104,6.634800,2180.342134,227.0,4.159705,1.4,9.9
1742814384.875000,45.387020,6.634675,2187.715704,227.0,4.279364,1.4,9.9
1742814387.875000,45.386940,6.634555,2199.951615,226.8,4.258254,1.4,9.9
1742814390.875000,45.386860,6.634437,2194.922183,226.7,4.383974,1.7,9.9
1742814393.875000,45.386781,6.634319,2198.617140,227.0,4.285503,1.7,9.9
1742814396.875000,45.386701,6.634203,2193.097787,226.0,4.259921,1.4,9.9
1742814399.874000,45.386617,6.634087,2198.016990,226.0,4.270425,1.4,9.9
1742814402.875000,45.386537,6.633968,2205.932628,228.0,4.230505,1.7,9.9
1742814405.874000,45.386458,6.633848,2209.957374,227.0,4.259663,1.7,9.9
1742814408.874000,45.386378,6.633728,2213.271666,227.0,4.210592,1.6,9.9
1742814411.875000,45.386300,6.633613,2218.952317,227.0,4.209412,1.5,9.9
1742814414.875000,45.386220,6.633497,2229.147562,226.0,4.577769,1.5,9.9
1742814417.875000,45.386138,6.633376,2232.888640,227.0,4.339661,1.4,9.9
1742814420.875000,45.386058,6.633255,2235.776641,228.0,4.449172,1.5,9.9
1742814423.875000,45.385976,6.633132,2239.735593,227.0,4.350344,1.5,9.9
1742814426.875000,45.385895,6.633014,2234.568705,227.3,4.248164,1.4,9.9
1742814429.875000,45.385814,6.632898,2236.956299,227.0,4.313288,1.4,9.9
1742814432.874000,45.385734,6.632782,2247.533234,227.7,4.247786,1.7,9.9
1742814435.874000,45.385653,6.632668,2251.177505,224.9,4.275010,2.2,9.9
1742814438.874000,45.385573,6.632552,2252.003218,225.0,4.281021,1.4,9.9
1742814441.873000,45.385496,6.632432,2261.293917,225.1,4.188411,1.4,9.9
1742814444.873000,45.385418,6.632314,2267.706272,225.9,4.158490,1.7,9.9
1742814447.873000,45.385338,6.632198,2274.585295,225.9,4.265377,1.5,9.9
1742814450.874000,45.385260,6.632084,2277.932451,228.2,4.143330,1.7,9.9
1742814453.873000,45.385186,6.631967,2277.137206,227.8,4.099205,1.4,9.9
1742814456.874000,45.385106,6.631851,2275.693007,225.3,4.425556,1.6,9.9
1742814459.874000,45.385026,6.631734,2280.770672,225.3,4.365710,1.4,9.9
1742814462.874000,45.384948,6.631613,2290.034308,226.0,4.420359,1.7,9.9
1742814465.874000,45.384866,6.631490,2290.904707,227.4,4.343989,1.4,9.9
1742814468.873000,45.384788,6.631366,2292.384937,225.9,4.224273,1.4,9.9
1742814471.874000,45.384701,6.631251,2298.399621,220.7,4.381628,1.5,9.9
1742814474.874000,45.384614,6.631136,2305.319450,220.0,4.290145,2.6,9.9
1742814477.874000,45.384534,6.631020,2308.998681,220.2,4.314670,2.0,9.9
1742814480.874000,45.384451,6.630898,2306.910330,221.0,4.288607,1.4,9.9
1742814483.873000,45.384371,6.630780,2303.484980,221.7,4.215508,2.5,9.9
1742814489.874000,45.384296,6.630676,2316.643097,223.0,1.647893,1.4,10.1
1742814495.873000,45.384194,6.630561,2314.842325,205.0,2.900176,1.4,10.4
1742814498.874000,45.384088,6.630492,2317.764559,180.0,2.939927,1.4,10.0
1742814501.873000,45.383990,6.630477,2322.386573,190.9,3.474152,2.5,9.9
1742814504.873000,45.383881,6.630454,2308.014062,179.1,3.749384,2.4,9.9
1742814507.874000,45.383776,6.630449,2309.526380,184.0,4.303423,2.4,9.9
1742814509.874000,45.383684,6.630422,2307.034488,179.0,5.348308,1.7,9.9
1742814511.873000,45.383579,6.630431,2304.649379,183.0,5.533541,2.3,9.9
1742814513.874000,45.383484,6.630436,2303.682943,174.0,5.300472,3.1,9.9
1742814515.874000,45.383384,6.630462,2307.410900,159.1,5.816785,1.4,9.9
1742814517.874000,45.383270,6.630449,2300.765801,190.9,6.860035,4.2,9.9
1742814519.874000,45.383142,6.630432,2302.332300,176.7,7.546924,1.4,9.9
1742814521.874000,45.382993,6.630457,2292.230704,173.5,8.765984,2.8,9.9
1742814523.873000,45.382834,6.630439,2290.321917,184.0,8.285659,1.4,9.9
1742814525.874000,45.382703,6.630537,2286.732977,139.0,7.870460,1.4,9.9
1742814527.874000,45.382588,6.630607,2289.404476,147.0,6.330109,1.4,9.9
1742814529.874000,45.382489,6.630676,2286.215365,156.9,6.530088,1.4,9.9
1742814531.874000,45.382370,6.630772,2276.600761,157.7,8.052895,2.1,9.9
1742814533.873000,45.382232,6.630813,2271.585131,169.0,7.047060,2.6,9.9
1742814535.874000,45.382119,6.630906,2266.534826,157.0,8.529436,2.6,9.9
1742814537.872000,45.381962,6.630988,2261.653493,138.0,9.429318,2.5,9.9
1742814539.874000,45.381818,6.631061,2255.606557,173.0,8.141177,2.9,9.9
1742814541.872000,45.381694,6.631166,2250.134780,173.0,8.298292,2.9,9.9
1742814543.873000,45.381537,6.631243,2246.553167,138.0,11.078528,1.9,9.9
1742814545.874000,45.381375,6.631302,2239.768994,173.0,9.240005,3.1,9.9
1742814547.873000,45.381240,6.631412,2233.475345,167.0,8.139511,2.6,9.9
1742814549.874000,45.381097,6.631469,2229.391836,140.0,8.969156,2.6,9.9
1742814551.874000,45.380953,6.631549,2225.794002,173.0,8.290221,2.8,9.9
1742814553.873000,45.380820,6.631637,2220.811134,168.0,8.518522,2.9,9.9
1742814555.874000,45.380674,6.631710,2215.984360,153.0,8.340426,2.9,9.9
1742814557.874000,45.380551,6.631727,2213.613949,174.0,7.149870,2.7,9.9
1742814559.874000,45.380414,6.631766,2207.828854,174.0,7.864846,2.2,9.9
1742814561.874000,45.380263,6.631852,2203.881817,141.1,9.507735,2.3,9.9
1742814562.874000,45.380188,6.631931,2200.545459,177.9,10.290741,2.3,9.9
1742814563.873000,45.380097,6.631957,2197.816414,152.3,9.986968,2.2,9.9
1742814564.874000,45.380010,6.632023,2195.741362,146.1,11.053956,2.5,9.9
1742814565.873000,45.379909,6.632091,2191.966078,144.0,12.316570,2.5,9.9
1742814566.874000,45.379797,6.632167,2186.616940,138.1,13.397144,3.0,9.9
1742814567.874000,45.379684,6.632264,2181.147064,134.1,14.659909,2.9,9.9
1742814568.874000,45.379573,6.632387,2178.358160,139.9,15.440939,3.0,9.9
1742814569.874000,45.379468,6.632522,2173.238415,133.2,15.339787,3.1,9.9
1742814570.874000,45.379380,6.632665,2170.452029,131.0,14.527285,2.9,9.9
1742814571.874000,45.379296,6.632799,2168.300724,132.0,14.069802,2.9,9.9
1742814572.874000,45.379205,6.632918,2166.880956,138.8,13.578433,3.0,9.9
1742814573.874000,45.379104,6.632995,2165.915728,152.7,12.758676,2.9,9.9
1742814574.874000,45.379000,6.633027,2164.924932,163.8,11.539367,2.2,9.9
1742814575.874000,45.378906,6.633024,2164.647770,184.6,9.950421,2.5,9.9
1742814577.873000,45.378774,6.632932,2166.011977,181.2,7.415424,2.5,9.9
1742814579.873000,45.378672,6.632866,2167.338727,186.0,6.150451,2.3,9.9
1742814581.874000,45.378590,6.632795,2167.735212,261.5,4.820444,2.7,9.9
1742814599.874000,45.378676,6.632754,2167.710798,31.1,0.404908,2.8,3.8
1742814656.874000,45.378765,6.632781,2168.000283,27.5,0.250090,2.9,3.8
1742814758.874000,45.378833,6.632624,2166.690476,288.0,2.414695,2.2,10.4
1742814760.873000,45.378870,6.632506,2166.510385,287.5,3.022225,2.0,10.1
1742814763.873000,45.378918,6.632348,2167.916654,286.7,3.458857,2.1,9.9
1742814766.874000,45.378956,6.632191,2172.865916,287.9,3.598224,2.3,9.9
1742814769.874000,45.378986,6.632054,2177.667984,287.9,3.521404,2.8,9.9
1742814772.874000,45.379014,6.631909,2181.937378,285.3,3.558939,2.6,9.9
1742814775.873000,45.379040,6.631774,2185.570055,284.2,3.776333,2.2,9.9
1742814778.874000,45.379068,6.631643,2189.355662,283.5,3.561321,2.1,9.9
1742814781.874000,45.379094,6.631506,2193.323695,285.7,3.700048,2.1,9.9
1742814784.874000,45.379120,6.631374,2198.110360,284.9,3.584257,2.2,9.9
1742814787.874000,45.379147,6.631238,2202.580587,284.2,3.642530,2.2,9.9
1742814790.874000,45.379173,6.631107,2206.969913,285.1,3.569287,2.0,9.9
1742814793.873000,45.379200,6.630974,2212.206726,284.6,3.389269,2.1,9.9
1742814796.873000,45.379225,6.630842,2217.138691,285.8,3.540529,2.3,9.9
1742814799.874000,45.379249,6.630710,2222.659291,284.9,3.507360,2.8,9.9
1742814802.874000,45.379274,6.630583,2227.742582,283.4,3.496124,2.6,9.9
1742814805.873000,45.379297,6.630458,2233.590319,285.2,3.371778,2.2,9.9
1742814808.874000,45.379323,6.630334,2239.273469,286.8,3.309577,2.1,9.9
1742814812.873000,45.379355,6.630172,2247.926176,286.9,3.335437,2.1,9.9
1742814816.873000,45.379385,6.630011,2257.673302,286.9,3.223802,2.2,9.9
1742814820.874000,45.379414,6.629852,2267.180628,286.9,3.134849,2.1,9.9
1742814824.874000,45.379441,6.629691,2275.800529,284.7,3.141491,2.2,9.9
1742814828.873000,45.379468,6.629532,2285.018467,284.9,3.168234,2.8,9.9
1742814832.874000,45.379496,6.629377,2295.946535,287.0,3.099439,2.4,9.9
1742814836.873000,45.379532,6.629218,2305.439825,285.0,3.756579,2.0,9.9
1742814840.873000,45.379561,6.629048,2313.064552,286.0,3.531653,2.1,9.9
1742814843.874000,45.379581,6.628921,2318.564189,283.0,3.726544,2.2,9.9
1742814846.873000,45.379603,6.628791,2325.132932,283.0,3.347584,2.1,9.9
1742814849.874000,45.379626,6.628662,2330.822550,286.0,3.231001,2.0,9.9
1742814852.874000,45.379649,6.628539,2337.499596,285.0,3.211518,2.0,9.9
1742814856.874000,45.379682,6.628378,2346.918183,285.0,3.220143,2.7,9.9
1742814859.874000,45.379712,6.628246,2352.899511,285.0,3.810102,2.6,9.9
1742814862.874000,45.379737,6.628116,2357.109098,284.0,3.786727,2.3,9.9
1742814865.874000,45.379762,6.627985,2361.634905,283.0,3.627834,2.0,9.9
1742814868.874000,45.379788,6.627856,2366.303960,285.0,3.469286,2.1,9.9
1742814871.873000,45.379812,6.627728,2372.204426,284.0,3.459121,2.0,9.9
1742814874.874000,45.379840,6.627590,2376.483288,286.0,3.542424,2.1,9.9
1742814877.873000,45.379867,6.627456,2380.073515,284.0,3.522593,1.9,9.9
1742814880.873000,45.379892,6.627322,2383.720503,285.0,3.700873,2.0,9.9
1742814883.872000,45.379915,6.627189,2387.398680,285.0,3.590121,1.9,9.9
1742814886.871000,45.379946,6.627057,2392.947757,288.0,3.600203,2.6,9.9
1742814889.873000,45.379974,6.626922,2397.273194,288.0,3.689666,2.6,9.9
1742814892.873000,45.380005,6.626793,2401.083080,297.0,3.500022,2.2,9.9
1742814895.873000,45.380033,6.626662,2405.603935,293.0,3.549373,2.0,9.9
1742814898.872000,45.380056,6.626525,2410.736661,289.0,3.390504,2.0,9.9
1742814901.872000,45.380080,6.626390,2415.730759,289.0,3.541122,2.2,9.9
1742814904.873000,45.380106,6.626260,2421.479672,287.0,3.688813,2.1,9.9
1742814907.873000,45.380127,6.626128,2426.183089,285.0,3.528738,1.9,9.9
1742814911.873000,45.380154,6.625962,2434.128898,284.0,3.470524,2.0,9.9
1742814914.872000,45.380176,6.625837,2439.185578,280.0,3.457863,2.5,9.9
1742814917.873000,45.380200,6.625699,2444.988815,280.0,3.472273,2.6,9.9
1742814920.873000,45.380226,6.625564,2449.000209,280.0,3.561408,2.2,9.9
1742814923.873000,45.380251,6.625430,2453.132329,279.0,3.491725,2.2,9.9
1742814926.873000,45.380277,6.625297,2457.737990,281.0,3.679491,2.0,9.9
1742814929.872000,45.380301,6.625168,2462.944434,281.0,3.548591,2.0,9.9
1742814932.873000,45.380326,6.625034,2467.641215,282.0,3.470989,2.1,9.9
1742814935.872000,45.380354,6.624900,2473.096394,282.0,3.540007,1.9,9.9
1742814938.873000,45.380380,6.624765,2477.527749,282.0,3.441089,2.0,9.9
1742814941.873000,45.380402,6.624633,2483.322838,280.0,3.509478,1.9,9.9
1742814944.873000,45.380425,6.624504,2488.660792,282.0,3.390016,2.5,9.9
1742814947.873000,45.380452,6.624367,2494.312254,282.0,3.482908,2.3,9.9
1742814950.873000,45.380479,6.624234,2499.206216,283.0,3.640461,2.2,9.9
1742814953.872000,45.380507,6.624101,2504.012523,283.0,3.599964,1.9,9.9
1742814956.872000,45.380531,6.623969,2508.515817,283.0,3.598959,1.9,9.9
1742814959.872000,45.380554,6.623838,2514.309100,283.0,3.489514,2.1,9.9
1742814962.873000,45.380578,6.623709,2518.817755,283.0,3.450691,2.0,9.9
1742814965.873000,45.380602,6.623580,2524.538248,284.0,3.638333,1.9,9.9
1742814968.873000,45.380629,6.623440,2528.864847,285.0,3.571106,1.9,9.9
1742814971.872000,45.380655,6.623306,2532.159844,285.0,3.650290,1.9,9.9
1742814974.873000,45.380681,6.623171,2536.206456,286.0,3.590735,2.4,9.9
1742814977.873000,45.380708,6.623039,2540.861479,287.0,3.620411,2.2,9.9
1742814980.872000,45.380734,6.622904,2545.009144,286.0,3.649997,2.0,9.9
1742814983.872000,45.380763,6.622768,2549.669205,287.0,3.699844,1.8,9.9
1742814986.873000,45.380790,6.622637,2554.080995,288.0,3.628766,1.9,9.9
1742814989.873000,45.380815,6.622503,2559.370613,287.0,3.510373,2.0,9.9
1742814992.873000,45.380839,6.622370,2564.061576,288.0,3.559861,2.0,9.9
1742814995.873000,45.380866,6.622237,2568.569724,292.0,3.540472,1.8,9.9
1742814998.872000,45.380892,6.622105,2573.844460,285.0,3.619365,1.8,9.9
1742815001.873000,45.380914,6.621976,2579.036503,285.0,3.489567,1.9,9.9
1742815004.873000,45.380937,6.621845,2585.243412,285.0,3.470381,2.0,9.9
1742815007.873000,45.380963,6.621719,2590.087128,285.0,3.440095,2.0,9.9
1742815010.873000,45.380989,6.621582,2595.403325,285.0,3.800436,1.8,9.9
1742815013.873000,45.381014,6.621446,2598.351427,284.0,3.868145,1.8,9.9
1742815016.873000,45.381039,6.621310,2602.295409,285.0,3.629495,1.8,9.9
1742815019.873000,45.381063,6.621175,2606.489107,285.0,3.669814,1.6,9.9
1742815022.873000,45.381090,6.621044,2611.461226,285.0,3.549889,1.9,9.9
1742815025.873000,45.381116,6.620917,2615.588297,283.0,3.559607,1.8,9.9
1742815028.873000,45.381138,6.620782,2619.757314,285.0,3.679111,1.8,9.9
1742815031.873000,45.381163,6.620646,2624.992844,284.0,3.441121,1.9,9.9
1742815034.873000,45.381189,6.620511,2629.515918,285.0,3.610315,1.9,9.9
1742815037.873000,45.381214,6.620381,2634.529780,285.0,3.489783,1.9,9.9
1742815040.873000,45.381239,6.620252,2638.783657,285.0,3.530273,1.5,9.9
1742815043.872000,45.381264,6.620126,2644.513058,284.0,3.668048,1.8,9.9
1742815046.873000,45.381291,6.619983,2648.506748,286.0,3.472889,1.8,9.9
1742815049.873000,45.381315,6.619841,2650.873914,286.0,3.691373,1.6,9.9
1742815052.872000,45.381341,6.619704,2656.192457,286.0,3.689766,1.7,9.9
1742815055.873000,45.381367,6.619565,2659.929236,281.0,3.670172,1.7,9.9
1742815058.873000,45.381393,6.619428,2664.287185,287.0,3.670325,1.7,9.9
1742815061.872000,45.381424,6.619294,2668.227869,291.2,3.655318,1.8,9.9
1742815064.872000,45.381451,6.619158,2672.014148,285.3,3.714756,1.9,9.9
1742815067.872000,45.381476,6.619019,2675.812619,288.4,3.670387,1.7,9.9
1742815070.873000,45.381501,6.618879,2678.267958,285.9,3.721309,1.7,9.9
1742815073.872000,45.381526,6.618740,2682.590033,285.9,3.669905,1.7,9.9
1742815076.872000,45.381550,6.618601,2686.162398,285.0,3.700615,1.7,9.9
1742815079.873000,45.381573,6.618466,2689.114293,285.7,3.680399,1.5,9.9
1742815082.873000,45.381597,6.618328,2693.705796,283.8,3.664452,1.6,9.9
1742815085.872000,45.381622,6.618193,2697.195434,283.0,3.674827,1.6,9.9
1742815088.873000,45.381657,6.618067,2702.653970,267.0,3.460423,1.6,9.9
1742815091.872000,45.381682,6.617935,2706.792314,298.9,3.622676,1.7,9.9
1742815094.873000,45.381716,6.617803,2710.401160,288.4,3.626401,1.6,9.9
1742815097.873000,45.381735,6.617655,2714.573459,285.8,3.666680,1.6,9.9
1742815100.872000,45.381758,6.617515,2718.234929,285.9,3.702310,1.6,9.9
1742815103.873000,45.381785,6.617375,2721.175221,286.0,3.695543,1.7,9.9
1742815106.873000,45.381810,6.617236,2724.435537,283.2,3.705280,1.5,9.9
1742815109.872000,45.381835,6.617099,2729.264665,284.9,3.665358,1.6,9.9
1742815112.873000,45.381864,6.616965,2733.400732,285.9,3.671758,1.5,9.9
1742815115.873000,45.381888,6.616832,2737.173836,283.0,3.614124,1.6,9.9
1742815118.873000,45.381912,6.616697,2741.903851,283.9,3.642680,1.6,9.9
1742815121.872000,45.381937,6.616560,2745.778828,283.9,3.637077,1.5,9.9
1742815124.872000,45.381965,6.616425,2750.229345,285.0,3.629556,1.5,9.9
1742815127.873000,45.381994,6.616294,2754.100973,292.0,3.531846,1.6,9.9
1742815130.873000,45.382016,6.616161,2759.000919,282.0,3.569582,1.5,9.9
1742815133.872000,45.382037,6.616023,2760.194816,280.0,3.907393,1.4,9.9
1742815136.872000,45.382061,6.615884,2762.543282,279.0,3.757789,1.3,9.9
1742815139.873000,45.382086,6.615753,2765.953320,281.0,3.161940,1.4,9.9
1742815145.873000,45.382113,6.615631,2763.390907,281.0,1.839538,1.4,9.9
1742815149.873000,45.382126,6.615494,2762.439565,270.0,2.899973,1.4,9.9
1742815153.873000,45.382098,6.615357,2761.478468,247.0,2.622155,1.6,9.9
1742815157.873000,45.382046,6.615243,2760.552615,229.5,2.978784,1.5,9.9
1742815160.873000,45.381970,6.615102,2758.940010,229.8,4.878330,1.4,9.9
1742815162.872000,45.381911,6.614979,2757.422161,231.2,5.476119,1.4,9.9
1742815164.873000,45.381851,6.614855,2756.793013,236.2,5.508899,1.4,9.9
1742815166.872000,45.381802,6.614743,2756.260599,244.8,5.234402,1.3,9.9
1742815168.873000,45.381760,6.614619,2755.351042,247.8,5.351055,1.3,9.9
1742815170.872000,45.381713,6.614478,2754.873192,245.8,6.033091,1.4,9.9
1742815172.873000,45.381667,6.614324,2753.228368,256.5,6.286673,1.4,9.9
1742815174.873000,45.381635,6.614180,2752.134809,261.4,5.781026,1.4,9.9
1742815176.873000,45.381616,6.614041,2751.331743,260.7,5.758788,1.4,9.9
1742815178.872000,45.381596,6.613913,2750.603279,255.1,5.008248,1.4,9.9
1742815181.872000,45.381569,6.613785,2750.628006,237.0,3.372872,1.4,9.9
1742815184.872000,45.381520,6.613626,2749.603764,244.6,5.332928,1.4,9.9
1742815186.872000,45.381488,6.613445,2748.313110,253.1,6.850719,1.5,9.9
1742815188.873000,45.381471,6.613244,2745.662812,259.7,7.460301,1.4,9.9
1742815190.872000,45.381462,6.613041,2744.784715,261.9,7.715331,1.4,9.9
1742815192.873000,45.381449,6.612848,2744.360994,259.1,7.548275,1.4,9.9
1742815194.873000,45.381433,6.612671,2742.722354,260.0,6.803770,1.4,9.9
1742815196.873000,45.381419,6.612498,2741.534048,255.0,6.714168,1.3,9.9
1742815198.873000,45.381386,6.612340,2741.318100,248.0,6.602440,1.3,9.9
1742815200.873000,45.381328,6.612182,2739.582484,236.0,7.474174,1.4,9.9
1742815202.873000,45.381248,6.612017,2738.547642,236.0,7.729662,1.4,9.9
1742815204.873000,45.381157,6.611861,2738.793354,226.0,8.144168,1.3,9.9
1742815206.873000,45.381069,6.611685,2736.164163,231.0,8.327831,1.3,9.9
1742815208.872000,45.380977,6.611495,2734.430415,229.0,8.641098,1.4,9.9
1742815210.873000,45.380882,6.611319,2732.131284,231.0,8.471773,1.5,9.9
1742815212.873000,45.380777,6.611169,2730.908910,222.0,8.219719,1.4,9.9
1742815214.873000,45.380664,6.611032,2729.610135,219.0,8.278860,1.4,9.9
1742815216.873000,45.380546,6.610907,2728.597322,217.0,8.061428,1.4,9.9
1742815218.872000,45.380434,6.610788,2727.406676,213.0,7.658653,1.4,9.9
1742815220.872000,45.380313,6.610679,2726.581513,208.0,7.986339,1.6,9.9
1742815222.872000,45.380180,6.610578,2723.625714,205.0,8.382092,1.3,9.9
1742815224.873000,45.380032,6.610491,2722.924933,202.0,8.986455,1.3,9.9
1742815226.872000,45.379883,6.610395,2720.840571,206.0,8.839590,1.3,9.9
1742815228.872000,45.379736,6.610296,2718.966810,209.1,9.168443,1.4,9.9
1742815230.873000,45.379594,6.610195,2715.950995,215.7,8.652060,1.4,9.9
1742815232.873000,45.379463,6.610091,2714.898183,211.7,8.404450,1.3,9.9
1742815234.872000,45.379346,6.609975,2713.772326,226.1,7.562085,1.3,9.9
1742815236.873000,45.379261,6.609872,2713.085873,217.3,6.325758,1.4,9.9
1742815238.873000,45.379191,6.609781,2711.781900,208.3,4.693447,1.4,9.9
1742815240.872000,45.379095,6.609752,2710.777582,208.3,5.923635,1.4,9.9
1742815242.873000,45.378998,6.609710,2707.633724,264.2,4.480621,1.4,9.9
1742815245.873000,45.378905,6.609645,2703.681998,216.2,4.184097,1.4,9.9
1742815247.873000,45.378771,6.609601,2700.606467,207.0,8.719594,1.4,9.9
1742815249.873000,45.378635,6.609455,2696.496656,208.4,10.547136,1.4,9.9
1742815250.873000,45.378539,6.609409,2690.125378,190.3,11.867546,1.4,9.9
1742815251.872000,45.378431,6.609369,2686.897181,206.6,12.455865,1.3,9.9
1742815252.873000,45.378351,6.609276,2683.878944,238.2,10.316273,1.3,9.9
1742815253.872000,45.378308,6.609156,2682.532756,237.1,10.109650,1.3,9.9
1742815255.873000,45.378196,6.608962,2678.507499,244.3,10.170670,1.3,9.9
1742815257.873000,45.378202,6.608731,2672.252001,289.8,9.273693,1.5,9.9
1742815259.873000,45.378238,6.608481,2665.821987,284.0,10.758631,1.5,9.9
1742815260.873000,45.378286,6.608367,2662.390901,310.2,10.525777,1.3,9.9
1742815261.872000,45.378362,6.608279,2659.000377,320.0,10.619820,1.3,9.9
1742815262.872000,45.378439,6.608177,2652.723100,308.0,12.387947,1.3,9.9
1742815263.873000,45.378510,6.608062,2650.191022,315.0,11.510915,1.3,9.9
1742815264.873000,45.378587,6.607989,2648.057565,335.0,9.521404,1.3,9.9
1742815266.872000,45.378718,6.607825,2643.402706,299.0,11.367611,1.4,9.9
1742815267.873000,45.378786,6.607720,2639.150431,327.0,11.337903,1.4,9.9
1742815268.872000,45.378877,6.607684,2634.874556,357.0,10.029700,1.3,9.9
1742815269.872000,45.378970,6.607669,2633.267685,345.0,10.969466,1.4,9.9
1742815270.873000,45.379067,6.607603,2630.636007,328.0,12.678892,1.4,9.9
1742815271.873000,45.379164,6.607505,2626.916611,324.0,13.429847,1.4,9.9
1742815272.873000,45.379267,6.607413,2625.099598,331.0,13.489956,1.4,9.9
1742815273.873000,45.379375,6.607330,2622.862760,330.0,13.490002,1.4,9.9
1742815274.873000,45.379478,6.607236,2619.255590,325.0,13.919655,1.4,9.9
1742815275.873000,45.379579,6.607130,2614.491314,322.0,13.870010,1.4,9.9
1742815276.873000,45.379679,6.607023,2611.638382,323.0,13.660044,1.3,9.9
1742815277.873000,45.379783,6.606936,2609.495045,335.0,13.080191,1.6,9.9
1742815278.873000,45.379893,6.606878,2607.429292,343.0,13.059903,1.4,9.9
1742815279.873000,45.379997,6.606802,2603.831627,321.0,13.299412,1.4,9.9
1742815280.873000,45.380086,6.606686,2602.726088,317.0,13.339991,1.3,9.9
1742815281.872000,45.380182,6.606583,2600.672929,329.0,13.179970,1.3,9.9
1742815282.872000,45.380290,6.606514,2598.714739,338.0,13.059975,1.3,9.9
1742815283.873000,45.380396,6.606448,2595.167675,332.0,12.970022,1.3,9.9
1742815284.873000,45.380497,6.606391,2593.440967,345.0,11.241016,1.3,9.9
1742815285.873000,45.380588,6.606350,2592.928241,337.0,10.161826,1.4,9.9
1742815286.873000,45.380675,6.606303,2591.322774,341.0,10.669535,1.5,9.9
1742815287.873000,45.380763,6.606254,2589.343643,336.0,10.390153,1.3,9.9
1742815288.873000,45.380848,6.606188,2588.007104,328.0,10.869655,1.4,9.9
1742815289.873000,45.380936,6.606118,2583.296281,333.0,11.129944,1.3,9.9
1742815290.872000,45.381026,6.606054,2584.112958,331.0,10.970025,1.3,9.9
1742815291.873000,45.381110,6.605982,2581.726556,327.1,11.047865,1.3,9.9
1742815292.873000,45.381197,6.605904,2580.192749,321.1,11.356855,1.3,9.9
1742815293.872000,45.381283,6.605818,2578.132454,320.0,11.517602,1.3,9.9
1742815294.872000,45.381372,6.605733,2576.400200,323.9,11.656189,1.3,9.9
1742815295.872000,45.381456,6.605642,2573.746094,319.1,11.483016,1.3,9.9
1742815296.872000,45.381527,6.605540,2571.179342,312.2,11.204030,1.3,9.9
1742815297.871000,45.381584,6.605426,2568.591417,305.2,11.012133,1.3,9.9
1742815298.872000,45.381621,6.605303,2568.340705,291.3,10.288357,1.3,9.9
1742815299.872000,45.381644,6.605177,2566.872047,287.1,10.308744,1.3,9.9
1742815300.872000,45.381673,6.605050,2565.078448,292.9,10.651537,1.3,9.9
1742815301.871000,45.381716,6.604928,2562.596451,295.9,10.874970,1.3,9.9
1742815302.871000,45.381753,6.604793,2560.485006,284.2,11.363487,1.3,9.9
1742815303.872000,45.381777,6.604644,2558.030931,283.0,11.800154,1.3,9.9
1742815304.871000,45.381809,6.604509,2557.270036,292.8,10.653656,1.3,9.9
1742815306.872000,45.381895,6.604396,2554.976505,321.0,2.487042,1.3,9.9
1742815315.871000,45.381956,6.604251,2552.598337,306.0,4.089846,1.3,9.9
1742815317.872000,45.382021,6.604139,2551.712676,305.0,6.408510,1.3,9.9
1742815319.871000,45.382105,6.603959,2548.674969,301.0,9.049429,1.3,9.9
1742815320.872000,45.382151,6.603844,2545.707673,296.1,10.154528,1.3,9.9
1742815321.872000,45.382202,6.603724,2542.858162,304.8,10.548733,1.3,9.9
1742815322.872000,45.382276,6.603643,2544.565883,326.5,10.072344,1.3,9.9
1742815324.872000,45.382439,6.603612,2540.656713,343.0,8.621592,1.4,9.9
1742815326.872000,45.382587,6.603494,2534.247980,318.2,10.287875,1.4,9.9
1742815327.872000,45.382664,6.603416,2531.118310,330.7,10.242160,1.4,9.9
1742815328.872000,45.382751,6.603381,2526.776716,349.5,9.519013,1.3,9.9
1742815330.872000,45.382934,6.603420,2520.614365,359.1,11.088719,1.4,9.9
1742815331.872000,45.383031,6.603388,2513.298240,324.2,12.032615,1.3,9.9
1742815332.871000,45.383127,6.603308,2506.256000,333.8,12.459502,1.3,9.9
1742815333.871000,45.383242,6.603280,2501.380901,359.9,13.560741,1.3,9.9
1742815334.871000,45.383377,6.603309,2496.399397,8.0,15.613949,1.6,9.9
1742815335.872000,45.383514,6.603280,2486.055679,333.1,15.982089,1.3,9.9
1742815336.872000,45.383636,6.603172,2481.805547,327.1,15.978976,1.4,9.9
1742815337.872000,45.383722,6.603006,2474.423870,297.6,17.289637,1.3,9.9
1742815338.872000,45.383770,6.602769,2466.904982,288.1,19.101925,1.3,9.9
1742815339.871000,45.383810,6.602515,2458.636947,276.0,19.906534,1.3,9.9
1742815340.872000,45.383818,6.602253,2445.687804,267.0,20.896626,1.3,9.9
1742815341.872000,45.383820,6.601989,2437.034757,272.0,20.641895,1.3,10.0
1742815342.871000,45.383870,6.601720,2431.642899,291.9,22.754429,1.4,10.0
1742815343.871000,45.383964,6.601452,2418.447645,297.0,22.800325,1.5,10.1
1742815344.872000,45.384050,6.601177,2402.982183,291.1,23.809786,1.3,10.1
1742815345.871000,45.384099,6.600875,2391.886677,277.2,24.430901,1.5,10.2
1742815346.871000,45.384121,6.600561,2380.917276,278.9,24.230177,1.4,10.4
1742815347.871000,45.384103,6.600305,2379.431842,270.3,19.489727,1.3,9.5
1742815348.872000,45.384130,6.600098,2375.499634,287.9,15.065330,1.3,8.3
1742815349.872000,45.384162,6.599941,2369.172643,283.0,10.930232,1.3,7.1
1742815350.871000,45.384175,6.599798,2374.113790,276.0,9.310230,1.3,6.6
1742815352.871000,45.384190,6.599628,2360.208094,283.0,4.090137,1.3,4.1
1742815372.871000,45.384206,6.599542,2356.849530,-1.0,0.000000,1.6,3.8
1742815372.871000,45.384206,6.599542,2356.849530,-1.0,0.000000,1.6,3.8
1742815411.872000,45.384192,6.599467,2351.793623,269.5,3.697546,1.4,3.8
1742815413.871000,45.384222,6.599292,2343.448067,280.2,6.113111,1.3,3.8
1742815415.872000,45.384280,6.599048,2343.140929,285.0,8.746356,1.5,3.8
1742815416.870000,45.384308,6.598907,2340.071329,283.9,9.689350,1.5,3.8
1742815417.872000,45.384314,6.598753,2339.202232,276.8,10.497369,1.4,3.8
1742815418.872000,45.384320,6.598593,2338.402129,275.8,11.126538,1.3,3.8
1742815419.871000,45.384355,6.598459,2335.852055,284.9,10.856558,1.3,3.8
1742815421.871000,45.384477,6.598287,2330.644226,311.7,9.059844,1.3,3.8
1742815423.871000,45.384523,6.598067,2325.871461,275.0,10.439059,1.4,3.8
1742815424.872000,45.384565,6.597938,2324.792921,305.0,12.118864,1.3,3.8
1742815425.872000,45.384624,6.597803,2320.319513,297.0,12.669601,1.3,3.8
1742815426.872000,45.384640,6.597647,2314.734050,267.0,12.799017,1.3,3.8
1742815427.872000,45.384625,6.597493,2310.973946,261.1,12.067828,1.3,3.8
1742815428.871000,45.384619,6.597339,2309.010954,269.0,12.399534,1.4,3.8
1742815429.870000,45.384620,6.597179,2305.748850,271.0,12.596610,1.3,3.8
1742815430.871000,45.384680,6.597063,2301.282834,307.4,11.489326,1.3,3.8
1742815431.872000,45.384702,6.596912,2297.143478,270.0,13.436677,1.4,3.8
1742815432.872000,45.384662,6.596762,2290.608006,239.0,12.679371,1.3,3.8
1742815433.871000,45.384610,6.596625,2287.573975,237.0,12.380240,1.3,3.8
1742815434.872000,45.384598,6.596478,2284.263916,272.0,11.759415,1.4,3.8
1742815435.872000,45.384629,6.596352,2282.170410,298.0,10.240177,1.3,3.8
1742815436.870000,45.384658,6.596222,2278.786377,283.0,11.568641,1.3,3.8
1742815437.871000,45.384646,6.596079,2274.594482,255.0,11.469202,1.4,3.8
1742815438.872000,45.384600,6.595958,2270.804199,231.0,11.169190,1.3,3.8
1742815439.871000,45.384548,6.595842,2267.409213,240.0,11.399237,1.3,3.8
1742815440.871000,45.384546,6.595708,2266.083996,281.0,10.926840,1.3,3.8
1742815441.872000,45.384578,6.595571,2262.543826,296.0,11.189184,1.3,3.8
1742815442.871000,45.384579,6.595427,2257.729032,262.0,11.818604,1.3,3.8
1742815443.871000,45.384544,6.595282,2253.179620,244.0,12.319428,1.3,3.8
1742815444.872000,45.384529,6.595133,2250.615571,268.9,12.245568,1.3,3.8
1742815445.872000,45.384564,6.594973,2244.792854,293.9,13.730187,1.3,3.8
1742815446.872000,45.384587,6.594802,2240.927442,277.0,13.569479,1.3,3.8
1742815447.872000,45.384577,6.594629,2236.150956,259.0,13.779183,1.3,3.8
1742815448.872000,45.384587,6.594474,2233.846904,282.0,12.250385,1.3,3.8
1742815449.871000,45.384640,6.594356,2232.521484,313.0,10.749722,1.3,3.8
1742815450.872000,45.384706,6.594251,2229.453455,313.0,10.440304,1.3,3.8
1742815452.872000,45.384735,6.594019,2225.347194,265.0,9.090091,1.3,3.8
1742815454.872000,45.384791,6.593825,2222.933416,314.0,6.100680,1.3,3.8
1742815459.872000,45.384840,6.593710,2222.623186,275.0,0.605500,1.3,3.8
1742815486.871000,45.384858,6.593551,2220.523552,275.4,3.039788,1.3,3.8
1742815488.872000,45.384853,6.593373,2218.166016,269.8,5.987976,1.3,3.8
1742815490.871000,45.384912,6.593150,2214.065268,291.4,8.372620,1.3,3.8
1742815491.872000,45.384953,6.593028,2212.250977,292.4,9.389244,1.3,3.8
1742815492.872000,45.384980,6.592896,2209.600133,287.8,10.001865,1.3,3.8
1742815493.871000,45.385020,6.592769,2209.147942,292.0,10.384903,1.3,3.8
1742815494.872000,45.385077,6.592660,2207.244629,299.8,10.370622,1.3,3.8
1742815495.872000,45.385123,6.592541,2203.627103,297.4,10.407737,1.3,3.8
1742815496.872000,45.385163,6.592419,2201.976562,296.2,10.416746,1.3,3.8
1742815497.872000,45.385224,6.592318,2199.291504,304.8,10.373364,1.3,3.8
1742815499.872000,45.385292,6.592095,2192.756592,277.9,9.241387,1.3,3.8
1742815501.872000,45.385397,6.591872,2185.060303,298.7,11.872541,1.3,3.8
1742815502.872000,45.385414,6.591726,2181.600916,268.0,11.983699,1.3,3.8
1742815503.872000,45.385429,6.591566,2176.888660,283.9,13.177812,1.3,3.8
1742815504.871000,45.385498,6.591426,2173.043495,312.9,13.565583,1.3,3.8
1742815505.871000,45.385576,6.591284,2168.232232,303.0,14.265776,1.3,3.8
1742815506.872000,45.385624,6.591112,2163.418228,289.4,14.324974,1.3,3.8
1742815507.872000,45.385694,6.590961,2159.972647,310.3,14.355806,1.3,3.8
1742815508.872000,45.385773,6.590826,2156.874533,309.1,13.516434,1.3,3.8
1742815509.871000,45.385840,6.590680,2150.305850,302.3,13.700744,1.3,3.8
1742815510.872000,45.385917,6.590533,2148.638824,306.4,14.271468,1.3,3.8
1742815511.872000,45.385979,6.590367,2145.233385,294.8,14.160002,1.3,3.8
1742815512.872000,45.386054,6.590227,2140.251125,312.5,13.666218,1.3,3.8
1742815513.871000,45.386116,6.590072,2137.096027,294.5,14.030985,1.3,3.8
1742815514.872000,45.386187,6.589928,2137.125705,310.4,13.576815,1.3,3.8
1742815515.872000,45.386266,6.589789,2135.060255,306.7,14.035059,1.3,3.8
1742815516.871000,45.386323,6.589624,2133.373562,294.3,14.207850,1.3,3.8
1742815517.872000,45.386396,6.589473,2131.688100,308.1,14.377174,1.3,3.8
1742815518.871000,45.386486,6.589337,2125.531420,314.6,15.059325,1.5,3.8
1742815519.872000,45.386567,6.589180,2123.633508,303.4,15.735674,1.3,3.8
1742815520.871000,45.386639,6.589003,2120.806183,299.3,15.989861,1.3,3.8
1742815521.870000,45.386729,6.588831,2116.840016,308.3,16.896137,1.3,3.8
1742815522.872000,45.386827,6.588677,2109.414079,310.1,16.120352,1.3,3.8
1742815523.872000,45.386892,6.588500,2107.555528,291.4,15.459851,1.3,3.8
1742815524.872000,45.386962,6.588343,2104.272766,306.4,13.986648,1.3,3.8
1742815525.871000,45.387039,6.588197,2102.025648,301.8,14.019631,1.3,3.8
1742815526.872000,45.387092,6.588028,2099.580384,288.4,14.887986,1.3,3.8
1742815527.872000,45.387147,6.587854,2094.300903,296.3,14.645563,1.3,3.8
1742815528.872000,45.387231,6.587733,2092.984888,322.0,13.179992,1.3,3.8
1742815529.872000,45.387312,6.587616,2090.628483,313.0,12.890092,1.3,3.8
1742815530.872000,45.387370,6.587480,2089.905168,295.0,12.239918,1.3,3.8
1742815531.872000,45.387434,6.587356,2088.987078,310.0,11.800039,1.3,3.8
1742815533.872000,45.387567,6.587270,2085.077118,342.0,6.717413,1.3,3.8
1742815535.872000,45.387632,6.587126,2083.822961,303.0,6.709872,1.3,3.8
1742815538.872000,45.387742,6.587059,2080.676985,309.0,5.328318,1.3,3.8
1742815540.871000,45.387764,6.586931,2080.024757,298.0,6.139693,1.3,3.8
1742815543.872000,45.387863,6.586813,2074.726367,299.7,5.605398,1.3,3.8
1742815545.872000,45.387912,6.586657,2070.592252,308.9,6.717336,1.5,3.8
1742815547.870000,45.387950,6.586489,2062.282118,249.0,8.039378,1.4,3.8
1742815549.871000,45.387889,6.586295,2055.288698,262.0,9.785091,1.4,3.8
1742815550.872000,45.387879,6.586163,2052.081921,261.0,10.677669,1.4,3.8
1742815552.872000,45.387785,6.586056,2044.898448,203.0,5.331382,1.4,3.8
1742815554.870000,45.387779,6.585920,2040.544706,291.0,4.530750,1.4,3.8
1742815556.870000,45.387723,6.585790,2037.284020,213.0,6.798973,1.4,3.8
1742815558.872000,45.387704,6.585637,2034.345828,291.0,6.269759,1.4,3.8
1742815560.871000,45.387656,6.585494,2030.144085,206.0,6.069293,1.5,3.8
1742815562.872000,45.387593,6.585348,2026.703019,265.0,8.137477,1.5,3.8
1742815564.872000,45.387603,6.585178,2021.608316,257.0,7.468889,1.5,3.8
1742815566.872000,45.387543,6.585030,2014.269002,258.8,7.682707,1.5,3.8
1742815568.872000,45.387592,6.584856,2006.709843,295.0,7.690013,1.5,3.8
1742815570.872000,45.387548,6.584692,2002.077356,236.0,6.720465,1.5,3.8
1742815572.871000,45.387576,6.584495,1995.261003,312.0,8.258952,1.5,3.8
1742815574.872000,45.387669,6.584308,1989.943147,290.0,10.859108,1.6,3.8
1742815575.871000,45.387680,6.584160,1986.787528,271.0,12.044442,1.7,3.8
1742815576.871000,45.387728,6.584022,1980.408747,305.9,11.973598,1.6,3.8
1742815577.871000,45.387806,6.583938,1977.698303,332.0,10.550057,1.6,3.8
1742815579.872000,45.387932,6.583805,1974.403529,302.0,9.029662,1.6,3.8
1742815581.871000,45.388029,6.583607,1972.400901,321.0,9.729772,1.6,3.8
1742815583.872000,45.388143,6.583556,1968.301191,347.0,5.643039,1.6,3.8
1742815586.872000,45.388204,6.583424,1964.973217,303.0,5.219689,1.6,3.8
1742815588.872000,45.388293,6.583350,1963.975426,317.4,6.350956,1.6,3.8
1742815590.870000,45.388386,6.583188,1956.668345,328.0,9.139228,1.7,3.8
1742815592.871000,45.388498,6.583054,1950.549038,291.0,8.589666,1.7,3.8
1742815594.871000,45.388559,6.582873,1946.393518,315.9,7.229319,1.7,3.8
1742815596.872000,45.388646,6.582780,1941.541234,306.0,7.508632,1.7,3.8
1742815598.872000,45.388635,6.582573,1937.849645,249.0,8.679949,1.7,3.8
1742815600.872000,45.388690,6.582348,1931.889432,314.0,9.899549,1.7,3.8
1742815602.871000,45.388803,6.582216,1927.091987,310.0,8.319854,1.8,3.8
1742815604.872000,45.388803,6.582074,1924.375348,246.0,4.390223,1.9,3.8
1742815606.872000,45.388798,6.581940,1921.087973,277.5,6.035520,1.8,3.8
1742815608.872000,45.388879,6.581829,1916.607953,324.0,6.869858,1.8,3.8
1742815610.871000,45.388882,6.581660,1911.357507,243.0,6.830037,1.8,3.8
1742815612.871000,45.388883,6.581485,1906.012480,295.0,8.129696,1.8,3.8
1742815614.871000,45.388962,6.581344,1899.821439,295.0,7.838561,1.8,3.8
1742815616.871000,45.388930,6.581198,1893.181168,235.0,4.820416,1.9,3.8
1742815618.872000,45.388866,6.581068,1888.650327,231.0,7.329818,1.9,3.8
1742815620.870000,45.388787,6.580952,1882.979740,224.0,5.550165,1.9,3.8
1742815622.872000,45.388753,6.580798,1878.761816,268.0,6.130912,1.9,3.8
1742815624.872000,45.388711,6.580649,1871.122921,271.9,6.916820,1.9,3.8
1742815626.872000,45.388688,6.580481,1868.742096,228.0,7.518611,1.9,3.8
1742815628.872000,45.388695,6.580317,1861.929899,309.0,7.658079,1.3,3.8
1742815630.872000,45.388719,6.580123,1854.961900,254.1,7.699304,1.3,3.8
1742815632.871000,45.388731,6.579947,1847.929558,296.3,6.983408,1.3,3.8
1742815634.872000,45.388837,6.579835,1841.165060,317.0,8.575663,1.3,3.8
1742815636.872000,45.388931,6.579612,1834.774558,303.9,10.523107,1.3,3.8
1742815637.871000,45.389016,6.579542,1831.440320,344.0,10.537508,1.3,3.8
1742815638.872000,45.389103,6.579503,1828.497712,346.0,9.640791,1.3,3.8
1742815640.872000,45.389201,6.579315,1823.774935,296.0,9.509735,1.3,3.8
1742815642.872000,45.389331,6.579226,1818.791332,352.9,7.380873,1.3,3.8
1742815644.870000,45.389436,6.579078,1815.203097,290.0,8.668762,1.3,3.8
1742815646.872000,45.389508,6.578874,1808.199138,312.0,9.498441,1.4,3.8
1742815648.872000,45.389637,6.578774,1800.576521,325.0,8.329334,1.4,3.8
1742815650.872000,45.389680,6.578559,1793.530363,269.0,8.760038,1.3,3.8
1742815652.872000,45.389785,6.578383,1786.306569,327.9,9.359262,1.3,3.8
1742815654.871000,45.389845,6.578165,1775.564559,266.1,9.268242,1.3,3.8
1742815655.872000,45.389853,6.578037,1774.328372,274.9,10.391052,1.3,3.8
1742815656.871000,45.389892,6.577903,1771.858353,294.9,11.988395,1.3,3.8
1742815657.872000,45.389898,6.577742,1765.311143,264.0,13.086196,1.3,3.8
1742815658.872000,45.389847,6.577596,1764.402142,234.0,13.007265,1.3,3.8
1742815659.872000,45.389776,6.577469,1756.905202,226.0,12.850044,1.3,3.8
1742815660.871000,45.389722,6.577319,1750.221764,243.8,13.600577,1.3,3.8
1742815661.871000,45.389640,6.577167,1748.055583,232.3,15.103179,1.5,3.8
1742815662.872000,45.389556,6.577027,1739.470814,230.3,13.904771,1.5,3.8
1742815664.871000,45.389443,6.576951,1735.184350,229.0,9.938084,1.3,3.8
1742815665.872000,45.389377,6.576851,1733.882382,231.0,10.899815,1.3,3.8
1742815666.872000,45.389303,6.576767,1732.293826,214.0,10.549879,1.3,3.8
1742815668.872000,45.389157,6.576717,1728.015705,189.0,7.890845,1.3,3.8
1742815670.871000,45.389016,6.576618,1724.285996,201.1,9.035516,1.3,3.8
1742815672.871000,45.388865,6.576574,1719.663083,210.9,8.937046,1.3,5.8
1742815674.871000,45.388737,6.576474,1714.415103,193.1,9.260956,1.4,8.7
1742815676.872000,45.388633,6.576350,1709.848323,256.9,5.870879,1.4,9.9
1742815678.872000,45.388549,6.576242,1704.190331,194.2,6.227396,1.4,9.9
1742815680.871000,45.388475,6.576123,1700.568505,253.2,6.034861,1.3,9.9
1742815682.872000,45.388451,6.575951,1694.604021,226.0,7.618980,1.3,9.9
1742815684.871000,45.388378,6.575828,1688.979813,259.9,7.393144,1.3,9.9
1742815686.871000,45.388434,6.575642,1685.197095,291.0,8.978568,1.3,9.9
1742815688.871000,45.388399,6.575391,1677.421694,246.0,11.478110,1.3,9.9
1742815689.872000,45.388385,6.575255,1673.864460,278.0,10.888567,1.3,9.9
1742815691.872000,45.388489,6.575061,1666.886066,309.0,8.961590,1.5,9.9
1742815692.872000,45.388515,6.574938,1662.003021,272.1,11.538389,1.3,9.9
1742815693.872000,45.388516,6.574781,1658.300399,271.0,11.969584,1.3,9.9
1742815694.872000,45.388545,6.574644,1656.176318,304.0,10.909436,1.3,9.9
1742815695.872000,45.388609,6.574539,1653.017382,313.0,10.090400,1.3,9.9
1742815697.872000,45.388619,6.574337,1650.017836,241.0,7.479792,1.3,9.9
1742815699.872000,45.388618,6.574208,1647.125441,270.2,4.038990,1.3,9.9
1742815719.871000,45.388658,6.574267,1647.063208,-1.0,0.000000,1.4,10.1
1742815719.871000,45.388658,6.574267,1647.063208,-1.0,0.000000,1.4,10.1
1742815739.298000,45.388666,6.574274,1685.581055,-1.0,0.012979,6.2,6.0
1742815753.549000,45.388740,6.574177,1686.511633,300.9,2.253687,1.6,3.1
1742815755.871000,45.388744,6.574045,1683.468060,273.2,3.194508,1.5,3.0
1742815758.408000,45.388769,6.573892,1682.429293,296.5,3.721608,1.5,3.0
1742815760.870000,45.388856,6.573810,1681.196752,327.6,3.372830,1.5,3.1
1742815763.870000,45.388954,6.573668,1679.216852,329.0,6.377886,1.5,3.2
1742815766.871000,45.389063,6.573616,1674.469313,336.2,4.220238,1.4,3.7
1742815768.871000,45.389140,6.573508,1671.526218,337.9,4.662702,1.4,3.8
1742815771.871000,45.389241,6.573342,1666.739476,296.0,8.779477,1.4,3.8
1742815773.871000,45.389351,6.573235,1659.643266,346.7,6.208329,1.4,3.8
1742815775.871000,45.389483,6.573154,1654.699436,325.3,9.591341,1.4,3.8
1742815777.870000,45.389599,6.572996,1647.855906,339.9,8.907336,1.4,3.8
1742815779.871000,45.389718,6.572897,1644.085156,293.1,7.376513,1.3,3.8
1742815781.870000,45.389754,6.572757,1640.644536,302.0,6.608211,1.3,3.8
1742815783.871000,45.389861,6.572662,1637.535625,322.2,7.434469,1.3,3.8
1742815785.871000,45.389902,6.572487,1631.340578,298.0,7.398887,1.3,3.8
1742815787.871000,45.390017,6.572372,1627.437184,311.0,8.996717,1.3,3.8
1742815789.871000,45.390055,6.572178,1619.265336,288.0,7.979771,1.3,3.8
1742815791.871000,45.390177,6.572059,1614.372606,334.0,8.000413,1.3,3.8
1742815793.870000,45.390230,6.571869,1607.371619,275.0,8.419699,1.3,3.8
1742815795.871000,45.390330,6.571732,1600.427793,329.9,6.726185,1.3,3.8
1742815797.869000,45.390441,6.571582,1592.179595,307.2,7.127382,1.3,3.8
1742815799.870000,45.390469,6.571369,1587.435169,298.8,8.881441,1.3,3.8
1742815801.871000,45.390553,6.571204,1578.007575,296.0,9.772526,1.3,3.8
1742815803.871000,45.390536,6.570986,1572.015890,244.0,6.615579,1.3,3.8
1742815805.870000,45.390503,6.570839,1565.016276,273.0,6.858471,1.3,3.8
1742815807.871000,45.390495,6.570700,1560.689569,227.1,6.411665,1.3,3.8
1742815810.871000,45.390450,6.570571,1555.970245,289.8,2.877290,1.3,3.8
1742815830.870000,45.390428,6.570436,1551.657255,227.4,0.000000,1.4,10.6
1742815830.870000,45.390428,6.570436,1551.657255,227.4,0.000000,1.4,10.6
1742815830.870000,45.390428,6.570436,1551.657255,227.4,6.713288,1.4,10.6
1742815832.871000,45.390379,6.570286,1547.268555,275.5,5.866222,1.6,10.3
1742815834.871000,45.390414,6.570154,1541.860797,286.3,4.424544,1.4,9.9
1742815836.871000,45.390436,6.569991,1536.461744,277.9,7.003667,1.5,9.9
1742815838.871000,45.390472,6.569806,1530.611577,280.6,7.225696,1.6,10.0
1742815840.870000,45.390459,6.569588,1523.448496,278.2,9.291249,1.5,10.0
1742815842.871000,45.390538,6.569411,1517.158577,319.6,8.471103,1.5,10.0
1742815844.871000,45.390637,6.569191,1508.965490,279.4,12.039259,1.4,9.9
1742815845.871000,45.390660,6.569040,1506.891706,283.5,11.887134,1.4,9.9
1742815846.871000,45.390711,6.568911,1502.952256,298.6,11.276612,1.4,9.9
1742815847.871000,45.390762,6.568798,1499.941646,295.8,10.312824,1.4,9.9
1742815848.870000,45.390815,6.568688,1496.974894,300.5,10.644296,1.4,9.9
1742815849.870000,45.390883,6.568597,1495.565916,323.5,10.344852,1.4,9.9
1742815850.870000,45.390966,6.568547,1494.110928,343.6,9.370152,1.4,9.9
1742815852.871000,45.391131,6.568478,1492.810288,329.5,9.493171,1.4,9.9
1742815854.869000,45.391214,6.568281,1490.011142,288.2,9.800323,1.4,9.9
1742815855.871000,45.391241,6.568154,1488.869637,286.1,10.544845,1.4,9.9
1742815856.871000,45.391265,6.568024,1487.260297,282.1,10.159882,1.4,9.9
1742815858.870000,45.391292,6.567795,1485.276065,276.0,8.001911,1.4,9.9
1742815860.871000,45.391302,6.567600,1485.456184,267.0,7.280046,1.4,9.9
1742815863.871000,45.391278,6.567439,1486.452471,234.0,2.740063,1.4,9.9
1742815877.870000,45.391188,6.567394,1486.947364,184.0,0.838904,1.5,9.9
1742815930.871000,45.391090,6.567423,1490.199951,176.0,0.531262,1.7,9.9
1742815937.871000,45.390998,6.567420,1489.699951,283.6,0.805424,2.0,9.9
1742815946.871000,45.390938,6.567279,1489.699951,250.3,2.096249,2.1,10.0
1742815948.870000,45.390832,6.567187,1489.699951,227.7,3.667205,2.2,10.0
1742815950.871000,45.390744,6.567095,1489.699951,221.9,4.151597,2.2,10.0
1742815952.871000,45.390672,6.567003,1492.599976,228.3,4.177126,2.2,9.9
1742815955.870000,45.390570,6.566885,1497.076686,212.1,4.081095,2.2,9.9
1742815958.871000,45.390470,6.566815,1503.309649,212.8,4.158008,2.2,9.9
1742815961.870000,45.390391,6.566685,1508.631687,217.0,4.120905,2.3,9.9
1742815964.871000,45.390309,6.566574,1514.261979,220.0,4.050883,2.3,9.9
1742815967.871000,45.390238,6.566483,1518.992647,221.0,2.688573,2.3,9.9
1742815970.871000,45.390157,6.566377,1523.893072,230.9,4.120677,2.3,9.9
1742815973.870000,45.390070,6.566261,1528.488799,226.0,4.389725,2.4,9.9
1742815976.870000,45.389978,6.566150,1531.469241,226.0,4.270257,2.4,9.9
1742815979.871000,45.389885,6.566039,1536.592266,225.0,4.170852,2.4,9.9
1742815982.870000,45.389799,6.565933,1540.710695,225.0,4.199997,2.5,9.9
1742815985.871000,45.389715,6.565823,1544.887949,225.0,4.040086,2.4,9.9
1742815988.870000,45.389632,6.565714,1548.927918,226.0,3.951111,2.5,9.9
1742815991.871000,45.389550,6.565614,1555.032522,225.0,4.038917,2.5,9.9
1742815994.871000,45.389469,6.565516,1559.964889,225.0,3.739694,2.5,9.9
1742815997.871000,45.389384,6.565414,1566.179142,224.0,3.960236,2.6,9.9
1742816000.871000,45.389301,6.565317,1571.925801,225.0,3.759271,2.6,9.9
1742816003.871000,45.389216,6.565220,1578.544827,223.0,3.919631,2.6,9.9
1742816006.871000,45.389135,6.565121,1584.721198,224.0,3.611114,2.3,9.9
1742816009.870000,45.389056,6.565022,1590.966993,224.0,3.639535,2.7,9.9
1742816012.871000,45.388978,6.564918,1598.217521,224.0,3.520816,2.7,9.9
1742816015.871000,45.388898,6.564812,1605.256286,223.0,3.610974,2.7,9.9
1742816018.871000,45.388820,6.564713,1612.262513,222.0,3.739618,2.8,9.9
1742816021.869000,45.388733,6.564602,1618.740894,224.0,4.347709,2.8,9.9
1742816024.870000,45.388650,6.564490,1626.407842,224.0,4.148435,2.8,9.9
1742816027.869000,45.388569,6.564384,1632.592890,224.0,4.029639,2.7,9.9
1742816030.869000,45.388490,6.564284,1638.653895,223.0,3.969273,2.3,9.9
1742816033.868000,45.388410,6.564183,1645.252646,223.0,3.889682,2.2,9.9
1742816036.870000,45.388330,6.564084,1652.805758,224.0,3.929637,2.1,9.9
1742816039.870000,45.388248,6.563984,1659.951627,223.0,3.870078,2.4,9.9
1742816042.870000,45.388167,6.563884,1666.497659,222.0,3.849599,2.0,9.9
1742816045.870000,45.388091,6.563791,1673.685453,223.0,3.680288,2.3,9.9
1742816048.870000,45.388006,6.563685,1679.539503,223.0,4.103023,2.4,9.9
1742816051.869000,45.387920,6.563580,1684.446400,222.0,4.240500,2.4,9.9
1742816054.870000,45.387838,6.563482,1690.459693,222.0,4.129693,2.5,9.9
1742816057.870000,45.387757,6.563385,1696.704312,222.0,3.970074,2.5,9.9
1742816060.870000,45.387681,6.563291,1701.679924,222.0,3.244618,2.4,9.9
1742816067.870000,45.387612,6.563208,1709.364373,222.0,1.520248,2.6,9.9
1742816075.869000,45.387537,6.563112,1714.366385,223.0,1.150629,2.0,9.9
1742816083.870000,45.387460,6.563018,1719.567811,223.0,2.265418,2.7,9.9
1742816088.870000,45.387376,6.562910,1721.454761,223.0,2.807872,2.2,9.9
1742816092.870000,45.387289,6.562804,1723.372517,222.0,3.239108,2.4,9.9
1742816095.870000,45.387214,6.562712,1724.603899,222.0,3.849060,2.8,9.9
1742816098.870000,45.387131,6.562614,1727.239536,222.0,4.099048,2.9,9.9
1742816101.868000,45.387037,6.562499,1730.434620,222.0,4.510381,2.4,9.9
1742816104.870000,45.386950,6.562391,1733.394833,222.0,4.408332,2.3,9.9
1742816107.870000,45.386862,6.562286,1736.458808,222.0,4.281139,2.8,9.9
1742816110.869000,45.386775,6.562185,1740.003419,221.0,4.429318,2.9,9.9
1742816113.869000,45.386686,6.562076,1743.932984,222.0,4.320252,2.3,9.9
1742816116.870000,45.386600,6.561970,1748.026957,221.0,4.329071,3.1,9.9
1742816119.869000,45.386512,6.561860,1752.470032,222.0,4.329306,2.1,9.9
1742816122.870000,45.386424,6.561752,1756.117838,221.0,4.329563,2.3,9.9
1742816125.870000,45.386339,6.561646,1760.553527,221.0,3.932787,2.2,9.9
1742816128.869000,45.386252,6.561537,1765.919756,221.0,4.340860,2.4,9.9
1742816131.870000,45.386159,6.561426,1768.560634,221.0,4.311006,2.4,9.9
1742816134.870000,45.386070,6.561317,1771.990588,221.0,4.330145,2.0,9.9
1742816137.870000,45.385980,6.561208,1776.629895,221.0,4.240577,2.1,9.9
1742816140.870000,45.385897,6.561104,1780.134659,221.0,3.871763,2.4,9.9
1742816143.870000,45.385817,6.561004,1786.116679,221.0,4.057966,2.4,9.9
1742816146.870000,45.385737,6.560903,1793.215554,221.0,3.969600,2.3,9.9
1742816149.870000,45.385657,6.560802,1800.021292,221.0,3.959142,2.2,9.9
1742816152.870000,45.385581,6.560704,1807.603743,221.0,3.809690,2.0,9.9
1742816155.870000,45.385503,6.560604,1815.500886,221.0,3.770235,2.1,9.9
1742816158.869000,45.385424,6.560506,1821.842607,221.0,3.809342,2.4,9.9
1742816161.870000,45.385344,6.560408,1830.771325,220.0,3.750007,2.3,9.9
1742816164.869000,45.385267,6.560315,1839.389197,220.0,3.680000,2.5,9.9
1742816167.869000,45.385192,6.560231,1846.774067,220.0,3.411985,2.6,9.9
1742816170.870000,45.385121,6.560147,1855.064360,221.0,4.033862,2.1,9.9
1742816173.868000,45.385038,6.560045,1861.734014,220.8,3.959969,2.2,9.9
1742816176.870000,45.384958,6.559947,1868.159181,220.3,3.928311,1.9,9.9
1742816179.869000,45.384880,6.559851,1875.316331,221.0,3.864678,2.4,9.9
1742816182.870000,45.384801,6.559749,1881.415186,220.9,3.833004,2.2,9.9
1742816185.870000,45.384722,6.559647,1889.274203,220.8,3.810185,2.2,9.9
1742816188.869000,45.384645,6.559549,1895.678089,221.0,3.808619,2.2,9.9
1742816191.870000,45.384568,6.559455,1904.414809,220.9,3.774362,2.1,9.9
1742816194.870000,45.384492,6.559361,1912.281877,220.7,3.665680,2.1,9.9
1742816197.870000,45.384416,6.559270,1920.222535,220.8,3.659156,2.0,9.9
1742816200.870000,45.384332,6.559165,1926.409663,220.2,3.964862,2.6,9.9
1742816203.870000,45.384249,6.559058,1932.694431,221.0,3.941476,2.5,9.9
1742816206.870000,45.384166,6.558951,1939.627015,221.0,3.980897,2.3,9.9
1742816209.870000,45.384084,6.558848,1945.039612,221.0,4.030076,2.4,9.9
1742816212.869000,45.384002,6.558744,1950.466822,221.0,4.009493,1.7,9.9
1742816215.869000,45.383922,6.558644,1957.238050,221.0,3.979775,1.8,9.9
1742816218.870000,45.383839,6.558542,1964.979578,221.0,3.861816,2.1,9.9
1742816221.869000,45.383758,6.558442,1971.654865,220.0,3.960006,2.1,9.9
1742816224.870000,45.383675,6.558345,1979.745137,221.0,3.850078,2.5,9.9
1742816227.870000,45.383593,6.558246,1987.062679,221.0,3.820665,2.4,9.9
1742816230.869000,45.383514,6.558147,1994.037411,221.0,3.830369,2.4,9.9
1742816233.870000,45.383439,6.558048,2001.297938,220.0,3.741241,2.4,9.9
1742816236.869000,45.383366,6.557956,2009.442018,220.0,3.729811,2.4,9.9
1742816239.869000,45.383280,6.557845,2015.372932,221.0,4.032956,1.7,9.9
1742816242.869000,45.383195,6.557737,2019.222635,221.0,4.161583,1.7,9.9
1742816245.869000,45.383111,6.557631,2024.588396,220.0,4.101233,1.8,9.9
1742816248.869000,45.383026,6.557527,2029.588431,221.0,4.090652,2.2,9.9
1742816251.870000,45.382943,6.557425,2035.503335,220.0,4.109573,2.5,9.9
1742816254.870000,45.382856,6.557320,2040.018755,220.0,4.457886,2.5,9.9
1742816257.869000,45.382764,6.557207,2043.074363,220.0,4.399128,2.4,9.9
1742816260.870000,45.382676,6.557100,2046.603954,226.9,4.279623,2.4,9.9
1742816263.869000,45.382586,6.556992,2050.090855,224.0,4.320364,2.4,9.9
1742816266.870000,45.382499,6.556886,2054.218814,224.0,4.310357,1.9,9.9
1742816269.870000,45.382412,6.556780,2058.091484,223.0,4.290420,1.9,9.9
1742816272.870000,45.382325,6.556676,2061.695289,220.0,4.230209,1.9,9.9
1742816275.869000,45.382237,6.556571,2065.991663,226.0,4.229959,1.8,9.9
1742816278.870000,45.382161,6.556445,2070.806126,224.1,4.239153,1.8,9.9
1742816281.870000,45.382062,6.556346,2074.091440,220.0,4.110136,2.5,9.9
1742816284.870000,45.381975,6.556241,2079.507936,221.0,4.230525,2.6,9.9
1742816287.870000,45.381890,6.556131,2083.802010,225.0,4.190237,2.6,9.9
1742816290.870000,45.381811,6.556021,2088.979674,228.0,4.187631,2.6,9.9
1742816293.870000,45.381721,6.555907,2091.070825,226.0,4.271753,2.5,9.9
1742816296.870000,45.381628,6.555798,2093.763411,225.0,4.459800,2.2,9.9
1742816299.870000,45.381555,6.555670,2096.960356,240.1,4.329636,1.9,9.9
1742816302.870000,45.381449,6.555573,2097.996650,222.0,4.380210,1.6,9.9
1742816305.870000,45.381351,6.555473,2101.235781,222.0,4.478149,1.7,9.9
1742816308.870000,45.381256,6.555357,2101.495017,222.0,4.460215,1.7,9.9
1742816311.870000,45.381168,6.555243,2102.311330,223.0,4.489257,1.7,9.9
1742816314.870000,45.381078,6.555130,2103.400976,223.0,4.500081,2.2,9.9
1742816317.868000,45.380986,6.555017,2103.958817,223.0,4.460829,2.5,9.9
1742816320.868000,45.380895,6.554902,2104.912349,223.0,4.480807,2.5,9.9
1742816323.870000,45.380806,6.554790,2105.280092,223.0,4.480053,2.5,9.9
1742816326.870000,45.380716,6.554677,2106.791796,223.0,4.458628,2.4,9.9
1742816329.870000,45.380625,6.554562,2108.563214,223.2,4.397689,2.1,9.9
1742816332.869000,45.380530,6.554454,2108.424402,221.5,4.349967,2.2,9.9
1742816335.870000,45.380451,6.554361,2109.092343,220.2,3.174428,2.2,10.0
1742816342.868000,45.380382,6.554276,2110.590357,217.6,1.601532,1.9,11.0
1742816345.870000,45.380308,6.554180,2109.800557,215.1,3.758123,1.8,10.3
1742816348.869000,45.380242,6.554076,2110.018127,247.7,2.127165,1.8,9.9
1742816358.870000,45.380236,6.553938,2109.715232,265.4,0.412191,2.5,9.9
1742816396.870000,45.380349,6.553922,2109.459907,352.0,3.132162,2.4,9.9
1742816399.870000,45.380479,6.553911,2107.468543,11.7,5.224305,2.1,9.9
1742816401.869000,45.380596,6.553915,2105.876587,3.0,6.909835,2.4,9.9
1742816403.870000,45.380748,6.553887,2101.927818,343.3,8.624551,2.4,9.9
1742816405.869000,45.380930,6.553868,2098.307766,358.0,10.862779,2.4,9.9
1742816406.870000,45.381037,6.553843,2094.770268,349.2,11.572749,2.4,9.9
1742816407.870000,45.381146,6.553809,2093.314504,352.9,12.185592,2.4,9.9
1742816408.869000,45.381264,6.553790,2089.405545,352.0,12.953634,2.5,9.9
1742816409.870000,45.381380,6.553759,2087.149038,351.0,12.911118,2.5,9.9
1742816410.870000,45.381495,6.553738,2084.838275,345.1,12.743875,2.7,9.9
1742816411.869000,45.381609,6.553711,2082.020830,348.0,12.993326,2.0,9.9
1742816412.869000,45.381725,6.553690,2080.703101,1.8,12.865414,2.0,9.9
1742816413.870000,45.381840,6.553697,2079.684603,354.1,12.546004,2.0,9.9
1742816414.869000,45.381951,6.553682,2076.571996,349.1,12.580332,2.0,9.9
1742816415.869000,45.382062,6.553643,2075.662671,346.0,12.797070,2.0,9.9
1742816416.870000,45.382172,6.553604,2073.830396,355.9,12.353529,2.0,9.9
1742816417.870000,45.382279,6.553596,2073.071094,358.0,11.889505,2.0,9.9
1742816418.869000,45.382388,6.553588,2070.086215,345.1,12.195154,2.0,9.9
1742816419.870000,45.382496,6.553550,2068.269034,347.0,12.247901,2.0,9.9
1742816420.869000,45.382605,6.553523,2067.932764,352.9,12.246686,2.2,9.9
1742816421.869000,45.382714,6.553510,2064.231599,351.0,12.024809,2.2,9.9
1742816422.869000,45.382821,6.553488,2062.321069,346.0,12.179512,2.2,9.9
1742816423.870000,45.382928,6.553458,2060.925002,349.0,12.266652,2.2,9.9
1742816424.870000,45.383039,6.553446,2059.611186,356.0,12.295981,2.2,9.9
1742816425.870000,45.383150,6.553443,2057.281079,349.0,12.194262,2.2,9.9
1742816426.870000,45.383256,6.553419,2055.723838,353.0,11.884137,2.2,9.9
1742816427.869000,45.383361,6.553403,2054.952264,3.0,11.603909,2.2,9.9
1742816428.869000,45.383464,6.553401,2053.801314,351.1,11.277020,2.2,9.9
1742816429.870000,45.383557,6.553363,2051.825027,346.0,10.379675,2.2,9.9
1742816431.869000,45.383726,6.553326,2050.270452,348.1,9.242802,1.8,9.9
1742816433.869000,45.383863,6.553269,2048.186632,344.0,7.769638,1.9,9.9
1742816435.870000,45.383972,6.553201,2047.388651,330.1,6.185791,1.9,9.9
1742816437.870000,45.384037,6.553110,2047.524065,285.1,4.582579,1.9,9.9
1742816442.870000,45.383949,6.553077,2047.374042,151.3,1.437294,2.2,9.9
1742816462.870000,45.383846,6.553086,2047.910286,173.0,2.223330,1.6,9.9
1742816468.870000,45.383738,6.553092,2049.412628,171.0,2.100100,2.0,9.9
1742816473.869000,45.383636,6.553137,2049.561291,175.0,2.090078,2.0,9.9
1742816478.870000,45.383541,6.553173,2050.413674,159.0,2.090909,2.0,9.9
1742816483.869000,45.383452,6.553207,2051.374523,151.0,2.021075,2.0,9.9
1742816489.869000,45.383348,6.553227,2053.300259,159.3,2.016523,2.2,9.9
1742816494.869000,45.383253,6.553236,2054.329502,163.4,2.044986,1.9,9.9
1742816499.869000,45.383158,6.553246,2055.479862,164.7,1.999036,2.3,9.9
1742816505.869000,45.383055,6.553278,2056.781744,159.0,2.005049,2.3,9.9
1742816510.869000,45.382961,6.553286,2058.312113,167.7,2.122541,2.4,9.9
1742816515.869000,45.382867,6.553299,2059.369113,171.1,2.014780,2.4,9.9
1742816520.868000,45.382770,6.553310,2060.886049,172.0,2.019845,1.9,9.9
1742816525.869000,45.382676,6.553326,2062.010858,169.2,2.039157,1.9,9.9
1742816530.869000,45.382583,6.553344,2063.135814,169.8,2.082899,1.9,9.9
1742816535.869000,45.382491,6.553358,2064.689435,172.1,2.053129,1.6,9.9
1742816540.869000,45.382399,6.553378,2066.275476,170.2,2.021598,1.9,9.9
1742816545.869000,45.382308,6.553394,2067.699588,170.9,2.085749,1.9,9.9
1742816551.869000,45.382202,6.553412,2069.598108,173.0,2.015691,1.9,9.9
1742816556.869000,45.382108,6.553431,2071.277312,174.1,2.045695,1.9,9.9
1742816561.868000,45.382016,6.553453,2072.884262,173.1,2.034481,1.9,9.9
1742816566.869000,45.381924,6.553473,2074.363111,172.0,2.049381,2.4,9.9
1742816571.868000,45.381834,6.553499,2076.113942,168.6,2.043452,2.3,9.9
1742816576.869000,45.381741,6.553513,2077.295059,168.1,2.114696,2.3,9.9
1742816581.869000,45.381647,6.553531,2078.584398,169.3,2.005132,2.3,9.9
1742816587.869000,45.381542,6.553559,2073.253400,172.0,2.026287,1.4,9.9
1742816593.868000,45.381437,6.553585,2080.010170,172.0,2.055722,1.7,9.9
1742816598.869000,45.381348,6.553602,2083.707410,169.1,2.091447,2.0,9.9
1742816603.869000,45.381251,6.553614,2085.473475,171.0,2.047137,2.0,9.9
1742816608.868000,45.381154,6.553628,2087.090584,173.0,2.070169,2.0,9.9
1742816613.869000,45.381060,6.553644,2088.925712,172.0,2.010511,2.0,9.9
1742816618.868000,45.380968,6.553662,2091.264490,167.0,2.009704,2.4,9.9
1742816623.868000,45.380874,6.553680,2093.603241,172.0,2.010807,2.4,9.9
1742816628.869000,45.380782,6.553695,2095.991641,171.0,2.020307,2.1,9.9
1742816634.869000,45.380685,6.553717,2098.794806,169.0,1.870346,2.0,9.9
1742816640.869000,45.380579,6.553737,2101.231291,173.1,1.978049,2.3,9.9
1742816646.868000,45.380472,6.553755,2103.287489,176.8,2.052200,2.1,9.9
1742816651.869000,45.380380,6.553770,2104.839435,172.9,2.072376,2.1,9.9
1742816656.869000,45.380286,6.553789,2106.465224,171.9,2.121051,2.2,9.9
1742816661.867000,45.380196,6.553810,2108.277155,174.0,2.077099,2.2,9.9
1742816666.868000,45.380104,6.553837,2109.489313,169.3,2.125844,1.7,9.9
1742816671.869000,45.380010,6.553864,2110.538613,169.0,2.120304,1.8,9.9
1742816676.869000,45.379916,6.553882,2112.473866,164.0,1.560080,1.8,9.9
1742816681.868000,45.379830,6.553968,2112.024619,105.1,3.449402,1.8,9.9
1742816685.867000,45.379764,6.554080,2105.069032,118.0,2.033441,1.4,9.9
1742816705.869000,45.379724,6.554100,2105.939785,-1.0,0.000000,1.4,9.9
1742816705.869000,45.379724,6.554100,2105.939785,-1.0,0.000000,1.4,9.9
1742816786.869000,45.379675,6.554125,2083.581633,164.0,0.158239,1.4,3.8
1742817228.284000,45.379689,6.554139,2074.476055,-1.0,0.089739,2.1,3.8
1742817908.458000,45.379783,6.554145,2076.253961,2.6,0.730136,1.4,4.5
1742817912.866000,45.379900,6.554164,2075.910137,13.6,1.313011,1.4,6.1
1742817915.866000,45.380037,6.554141,2075.126641,11.0,4.059769,1.4,6.5
1742817917.866000,45.380152,6.554147,2074.793617,19.0,4.609977,1.4,7.1
1742817919.865000,45.380234,6.554202,2073.866750,30.0,4.970000,1.5,8.9
1742817922.866000,45.380314,6.554292,2073.568485,33.0,1.135044,1.4,9.9
1742817958.866000,45.380374,6.554161,2073.623025,307.0,2.329993,1.4,9.9
1742817962.866000,45.380459,6.554088,2072.949050,346.0,2.380069,1.4,9.9
1742817982.866000,45.380479,6.554092,2072.824077,-1.0,0.000000,1.4,9.9
1742817982.866000,45.380479,6.554092,2072.824077,-1.0,0.000000,1.4,9.9
1742818016.866000,45.380563,6.554147,2072.376442,32.8,2.426182,1.4,9.9
1742818020.866000,45.380653,6.554254,2071.462295,41.0,4.352625,1.4,9.9
1742818023.866000,45.380722,6.554429,2069.963065,69.9,5.821220,1.4,9.9
1742818025.866000,45.380746,6.554604,2068.591783,77.3,6.892069,1.4,9.9
1742818027.865000,45.380777,6.554821,2065.447508,76.7,8.400679,1.4,9.9
1742818029.866000,45.380859,6.555036,2062.807896,51.0,9.110959,1.4,9.9
1742818031.866000,45.380966,6.555205,2060.794682,45.9,8.590429,1.4,9.9
1742818033.866000,45.381080,6.555331,2060.576850,38.0,7.903697,1.4,9.9
1742818035.866000,45.381189,6.555454,2059.054173,33.6,7.751932,1.4,9.9
1742818037.865000,45.381300,6.555559,2058.085706,26.9,7.274504,1.4,9.9
1742818039.866000,45.381411,6.555632,2057.695214,22.4,6.765441,1.4,9.9
1742818041.865000,45.381518,6.555690,2056.935596,18.2,6.512722,1.4,9.9
1742818043.866000,45.381636,6.555745,2055.752725,14.0,6.984414,1.4,9.9
1742818045.865000,45.381775,6.555779,2053.834620,6.9,7.979353,1.4,9.9
1742818047.866000,45.381938,6.555800,2052.458255,10.9,8.667112,1.4,9.9
1742818049.866000,45.382089,6.555803,2051.372286,1.0,7.998316,1.4,9.9
1742818051.866000,45.382214,6.555778,2050.765562,357.6,6.853230,1.4,9.9
1742818053.866000,45.382304,6.555736,2050.097658,339.2,5.472942,1.4,9.9
1742818056.866000,45.382388,6.555682,2049.744125,339.1,3.225264,1.4,9.9
1742818070.865000,45.382475,6.555646,2049.580541,353.0,4.472143,1.4,9.9
1742818072.866000,45.382565,6.555624,2048.139077,344.0,5.698447,1.4,9.9
1742818074.866000,45.382662,6.555571,2045.559133,339.4,5.869946,1.4,9.9
1742818076.865000,45.382772,6.555517,2043.646093,341.3,6.221260,1.4,9.9
1742818078.865000,45.382883,6.555484,2042.438539,348.8,6.107061,1.4,9.9
1742818080.865000,45.383009,6.555502,2040.561971,359.7,6.957397,1.5,9.9
1742818082.865000,45.383158,6.555523,2037.643913,346.6,8.178104,1.4,9.9
1742818084.866000,45.383287,6.555408,2035.555596,309.6,7.529552,1.4,9.9
1742818086.866000,45.383346,6.555193,2031.460915,279.9,8.266984,1.4,9.9
1742818087.866000,45.383343,6.555063,2029.061947,260.8,8.965030,1.4,9.9
1742818088.866000,45.383312,6.554931,2027.286197,252.6,9.833441,1.4,9.9
1742818089.866000,45.383269,6.554793,2025.180439,252.0,10.635931,1.4,9.9
1742818090.866000,45.383236,6.554646,2021.320804,262.5,11.020111,1.4,9.9
1742818091.865000,45.383232,6.554510,2019.019866,274.5,10.515489,1.4,9.9
1742818093.866000,45.383269,6.554288,2017.278910,287.7,9.137948,1.4,9.9
1742818095.866000,45.383360,6.554144,2017.427587,306.0,6.827409,1.4,9.9
1742818097.866000,45.383432,6.554027,2017.079659,316.9,5.881957,1.4,9.9
1742818099.866000,45.383492,6.553920,2016.565602,295.0,5.531676,1.4,9.9
1742818102.866000,45.383547,6.553758,2015.238765,305.9,4.616634,1.4,9.9
1742818105.865000,45.383618,6.553627,2014.676354,310.0,3.963528,1.4,9.9
1742818108.866000,45.383683,6.553515,2014.147198,303.9,4.066556,1.4,9.9
1742818111.865000,45.383778,6.553420,2013.404299,307.1,4.278882,1.4,9.9
1742818114.866000,45.383879,6.553318,2012.592607,322.8,4.806064,1.4,9.9
1742818117.864000,45.384004,6.553288,2012.403801,339.0,3.730117,1.4,9.9
1742818120.865000,45.384103,6.553250,2011.845337,341.0,1.970104,1.4,9.9
1742818134.866000,45.384204,6.553229,2010.983886,356.0,1.659484,1.4,9.9
1742818138.865000,45.384314,6.553223,2009.630910,355.0,3.685930,1.4,9.9
1742818141.866000,45.384429,6.553250,2009.093339,23.9,4.519535,1.4,9.9
1742818143.866000,45.384538,6.553238,2007.639631,20.8,5.625936,1.4,9.9
1742818145.866000,45.384666,6.553260,2005.152967,20.5,6.791935,1.4,9.9
1742818147.866000,45.384825,6.553260,2002.195290,3.2,8.285590,1.4,9.9
1742818148.866000,45.384914,6.553234,2000.155320,354.7,8.999632,1.4,9.9
1742818149.866000,45.385008,6.553202,1998.508132,351.0,9.624576,1.4,9.9
1742818150.865000,45.385106,6.553178,1996.555289,352.0,10.101851,1.4,9.9
1742818151.866000,45.385207,6.553147,1994.369035,349.3,10.662987,1.4,9.9
1742818152.866000,45.385312,6.553113,1992.993561,348.1,11.133839,1.4,9.9
1742818153.866000,45.385420,6.553090,1991.806213,351.7,11.503920,1.3,9.9
1742818154.866000,45.385529,6.553058,1988.851888,348.2,11.829329,1.4,9.9
1742818155.866000,45.385633,6.552991,1987.220034,330.2,12.452831,1.3,9.9
1742818156.865000,45.385729,6.552898,1984.667280,321.0,12.685044,1.4,9.9
1742818157.866000,45.385816,6.552798,1982.820344,321.6,12.424743,1.4,9.9
1742818158.866000,45.385905,6.552703,1981.122513,322.2,12.360849,1.4,10.1
1742818162.865000,45.386256,6.552445,1975.871466,347.9,10.310810,1.4,10.4
1742818164.866000,45.386364,6.552500,1973.879078,15.7,8.995198,1.4,10.3
1742818166.866000,45.386502,6.552520,1970.644917,31.9,7.849862,1.4,10.1
1742818168.865000,45.386602,6.552637,1968.219787,11.0,8.456501,1.4,10.0
1742818170.866000,45.386752,6.552659,1963.761386,19.6,8.793095,1.4,9.9
1742818172.866000,45.386903,6.552742,1960.390495,6.3,8.744511,1.4,9.9
1742818174.865000,45.387044,6.552815,1955.148604,35.5,8.446693,1.4,9.9
1742818176.866000,45.387178,6.552877,1949.256377,340.0,7.809299,1.4,9.9
1742818178.866000,45.387317,6.552858,1946.495994,37.0,8.079150,1.4,9.9
1742818180.866000,45.387443,6.552913,1941.590635,336.0,8.468705,1.4,9.9
1742818182.866000,45.387597,6.552869,1938.788472,13.0,9.659456,1.4,9.9
1742818184.865000,45.387764,6.552821,1932.727306,323.0,10.199077,1.4,9.9
1742818186.866000,45.387938,6.552791,1927.556551,5.0,10.090760,1.3,9.9
1742818188.865000,45.388078,6.552694,1923.399417,327.0,8.939900,1.4,9.9
1742818190.866000,45.388238,6.552598,1919.312174,321.0,9.510109,1.4,9.9
1742818192.866000,45.388367,6.552469,1915.967986,354.0,8.737945,1.4,9.9
1742818194.866000,45.388502,6.552402,1910.847798,302.0,8.248252,1.4,9.9
1742818196.866000,45.388627,6.552252,1905.989179,323.0,9.779629,1.4,9.9
1742818198.864000,45.388763,6.552121,1900.128208,334.0,9.358365,1.4,9.9
1742818200.866000,45.388830,6.551943,1894.763445,298.0,8.100054,1.4,9.9
1742818202.866000,45.388950,6.551836,1892.402098,350.6,10.725174,1.4,9.9
1742818203.866000,45.389038,6.551788,1887.071278,313.1,9.727643,1.4,9.9
1742818205.866000,45.389166,6.551639,1883.346947,350.0,8.967943,1.4,9.9
1742818207.866000,45.389333,6.551587,1879.136417,318.0,9.988642,1.4,9.9
1742818208.866000,45.389404,6.551501,1876.672981,329.0,10.199540,1.4,9.9
1742818210.866000,45.389562,6.551509,1872.466811,14.0,8.510467,1.4,9.9
1742818212.866000,45.389716,6.551438,1867.992238,319.0,9.199678,1.4,9.9
1742818214.866000,45.389864,6.551401,1864.732703,23.0,9.089003,1.4,9.9
1742818216.865000,45.390037,6.551411,1860.577708,352.0,10.289893,1.4,9.9
1742818218.865000,45.390168,6.551506,1856.804864,63.9,8.233662,1.4,9.9
1742818220.866000,45.390282,6.551617,1852.511911,3.0,7.799747,1.4,9.9
1742818222.866000,45.390362,6.551756,1849.525367,87.0,7.719518,1.3,9.9
1742818224.866000,45.390441,6.551917,1845.416914,46.0,8.250204,1.3,9.9
1742818226.865000,45.390465,6.552124,1841.889615,79.0,9.009906,1.4,9.9
1742818228.866000,45.390550,6.552300,1838.094821,71.0,8.559258,1.3,9.9
1742818230.866000,45.390541,6.552490,1835.662675,72.0,7.239834,1.4,9.9
1742818232.865000,45.390565,6.552639,1834.897091,104.0,4.330258,1.4,9.9
1742818238.865000,45.390579,6.552774,1835.443462,49.2,1.294540,1.4,9.9
1742818248.865000,45.390667,6.552742,1835.555734,330.6,0.253477,1.4,9.9
1742818281.866000,45.390694,6.552590,1834.605100,278.0,3.085972,1.4,9.9
1742818283.866000,45.390709,6.552444,1837.303890,269.5,3.498496,1.4,9.9
1742818285.866000,45.390709,6.552307,1836.132255,253.1,3.277724,1.4,9.9
1742818288.866000,45.390708,6.552138,1838.243459,251.0,3.237593,1.4,9.9
1742818291.865000,45.390739,6.551991,1840.392283,266.7,3.234298,1.4,9.9
1742818294.866000,45.390754,6.551855,1843.042276,256.0,3.270329,1.4,9.9
1742818297.866000,45.390767,6.551725,1846.362247,253.0,3.329499,1.4,9.9
1742818300.866000,45.390804,6.551598,1848.905193,279.0,3.300117,1.4,9.9
1742818303.866000,45.390827,6.551474,1852.080603,278.0,3.250125,1.4,9.9
1742818307.866000,45.390847,6.551308,1857.070763,275.0,3.260117,1.4,9.9
1742818311.866000,45.390868,6.551140,1862.348582,275.0,3.361405,1.3,9.9
1742818315.866000,45.390889,6.550975,1865.416195,275.0,3.290378,1.4,9.9
1742818318.866000,45.390905,6.550847,1868.509355,278.0,3.320197,1.4,9.9
1742818321.866000,45.390916,6.550720,1869.441642,270.0,3.231176,1.4,9.9
1742818325.865000,45.390930,6.550552,1875.468938,271.0,3.299760,1.4,9.9
1742818329.865000,45.390954,6.550388,1879.854115,272.0,3.239758,1.4,9.9
1742818333.866000,45.390974,6.550223,1884.255704,273.0,3.259750,1.4,9.9
1742818337.865000,45.390996,6.550059,1889.175478,274.0,3.200244,1.4,9.9
1742818341.866000,45.391018,6.549890,1894.692356,276.0,3.331730,1.4,9.9
1742818344.866000,45.391034,6.549763,1897.603762,276.0,3.321072,1.4,9.9
1742818347.865000,45.391051,6.549636,1901.073220,277.0,3.300286,1.4,9.9
1742818350.865000,45.391069,6.549509,1904.092138,277.0,3.250468,1.4,9.9
1742818353.866000,45.391087,6.549384,1908.113253,278.0,3.260239,1.4,9.9
1742818357.865000,45.391111,6.549218,1912.618175,278.0,3.230294,1.3,9.9
1742818361.866000,45.391135,6.549052,1918.372547,279.0,3.200287,1.4,9.9
1742818365.866000,45.391158,6.548893,1923.566780,279.0,3.474688,1.4,9.9
1742818369.866000,45.391178,6.548726,1927.533982,281.0,3.369809,1.4,9.9
1742818373.865000,45.391194,6.548563,1931.345386,281.0,3.230817,1.4,9.9
1742818377.865000,45.391211,6.548398,1936.043357,280.0,3.220305,1.4,9.9
1742818381.866000,45.391228,6.548239,1941.062096,276.0,3.200075,1.4,9.9
1742818385.865000,45.391249,6.548084,1945.911738,281.0,3.533201,1.4,9.9
1742818388.865000,45.391268,6.547953,1948.386546,283.0,3.448253,1.4,9.9
1742818391.866000,45.391289,6.547824,1950.654862,286.1,3.370816,1.4,9.9
1742818394.865000,45.391306,6.547695,1952.332852,283.3,3.344915,1.4,9.9
1742818397.866000,45.391316,6.547565,1955.170893,278.8,3.314492,1.4,9.9
1742818401.865000,45.391336,6.547398,1959.105892,282.3,3.359349,1.4,9.9
1742818405.865000,45.391362,6.547235,1962.240682,286.8,3.293592,1.4,9.9
1742818409.866000,45.391382,6.547072,1966.492748,282.8,3.260967,1.4,9.9
1742818412.866000,45.391390,6.546944,1971.080583,280.6,3.307155,1.4,9.9
1742818415.866000,45.391403,6.546816,1973.710188,281.0,3.261106,1.4,9.9
1742818418.865000,45.391416,6.546686,1977.404911,281.0,3.250148,1.4,9.9
1742818422.865000,45.391436,6.546520,1981.879666,281.0,3.230004,1.4,9.9
1742818426.866000,45.391457,6.546357,1987.406252,282.0,3.249789,1.4,9.9
1742818430.866000,45.391478,6.546191,1992.989396,287.0,3.210727,1.4,9.9
1742818434.866000,45.391505,6.546032,1998.172167,286.0,3.170220,1.4,9.9
1742818438.865000,45.391526,6.545872,2003.238328,285.0,3.469732,1.4,9.9
1742818442.866000,45.391547,6.545709,2006.576148,284.0,3.291910,1.4,9.9
1742818446.866000,45.391566,6.545545,2010.294885,283.0,3.339566,1.4,9.9
1742818449.866000,45.391580,6.545419,2013.960816,282.0,3.250816,1.4,9.9
1742818453.866000,45.391599,6.545252,2017.223154,282.0,3.280351,1.4,9.9
1742818457.866000,45.391616,6.545084,2021.449952,282.0,3.329847,1.4,9.9
1742818461.864000,45.391637,6.544919,2026.208485,282.0,3.210824,1.4,9.9
1742818465.865000,45.391655,6.544753,2030.951082,280.0,3.220702,1.4,9.9
1742818469.865000,45.391670,6.544588,2036.687914,278.0,3.456993,1.4,9.9
1742818472.865000,45.391682,6.544457,2038.437088,278.0,3.418341,1.3,9.9
1742818475.865000,45.391698,6.544328,2040.553502,278.0,3.359650,1.4,9.9
1742818478.865000,45.391716,6.544201,2042.535005,277.0,3.193013,1.3,9.9
1742818481.864000,45.391734,6.544069,2043.879320,277.0,3.381046,1.4,9.9
1742818484.865000,45.391751,6.543936,2044.478240,278.0,3.456912,1.4,9.9
1742818487.865000,45.391768,6.543807,2044.967410,277.8,3.410112,1.4,9.9
1742818490.865000,45.391784,6.543678,2046.187257,278.0,3.421551,1.4,9.9
1742818493.865000,45.391801,6.543552,2047.708287,278.8,3.393025,1.4,9.9
1742818497.865000,45.391823,6.543393,2050.728107,279.0,3.132196,1.3,9.9
1742818501.864000,45.391855,6.543244,2059.223762,294.9,3.087791,1.3,9.9
1742818505.864000,45.391881,6.543092,2065.442070,294.0,3.056141,1.3,9.9
1742818509.865000,45.391902,6.542940,2072.113607,293.4,3.054170,1.4,9.9
1742818513.865000,45.391909,6.542784,2078.639852,278.6,2.986840,1.4,9.9
1742818517.865000,45.391916,6.542628,2085.571348,277.2,2.991006,1.4,9.9
1742818521.864000,45.391931,6.542477,2092.231568,278.0,2.954516,1.4,9.9
1742818525.865000,45.391947,6.542326,2100.767609,277.2,2.944381,1.3,9.9
1742818529.865000,45.391966,6.542176,2108.653954,277.2,2.898544,1.3,9.9
1742818533.865000,45.391982,6.542022,2116.696646,277.0,2.888250,1.3,9.9
1742818537.865000,45.392001,6.541876,2124.219145,277.4,2.885742,1.3,9.9
1742818541.865000,45.392013,6.541731,2132.883255,277.0,2.839922,1.4,9.9
1742818545.865000,45.392025,6.541580,2141.214161,277.0,3.071278,1.4,9.9
1742818549.865000,45.392040,6.541429,2146.982000,277.9,2.988743,1.4,9.9
1742818553.865000,45.392055,6.541282,2154.637358,277.2,3.025841,1.4,9.9
1742818557.864000,45.392071,6.541132,2162.685918,277.0,3.023014,1.4,9.9
1742818561.865000,45.392086,6.540983,2170.341180,277.0,2.943778,1.4,9.9
1742818565.865000,45.392100,6.540836,2177.659214,277.0,2.893114,1.4,9.9
1742818569.864000,45.392118,6.540681,2185.533447,277.2,3.062225,1.4,9.9
1742818573.865000,45.392138,6.540532,2191.623476,278.0,3.044529,1.4,9.9
1742818577.865000,45.392159,6.540385,2199.124997,278.0,3.010363,1.4,9.9
1742818581.865000,45.392174,6.540229,2206.244667,278.0,3.000974,1.4,9.9
1742818585.865000,45.392189,6.540075,2213.514085,277.0,2.950689,1.3,9.9
1742818589.864000,45.392202,6.539923,2221.288585,277.0,2.939808,1.4,9.9
1742818593.864000,45.392223,6.539775,2228.892697,278.0,2.920123,1.3,9.9
1742818597.864000,45.392246,6.539630,2235.481983,278.0,2.948899,1.3,9.9
1742818601.865000,45.392269,6.539480,2245.063288,278.0,2.880481,1.3,9.9
1742818605.865000,45.392286,6.539332,2253.454923,279.0,2.810495,1.3,9.9
1742818609.865000,45.392304,6.539184,2260.912212,279.0,2.890341,1.4,9.9
1742818612.865000,45.392320,6.539056,2266.048476,277.9,3.166614,1.3,9.9
1742818616.864000,45.392336,6.538893,2271.425427,278.0,3.171806,1.4,9.9
1742818620.865000,45.392352,6.538730,2276.338002,278.7,3.215376,1.4,9.9
1742818624.865000,45.392370,6.538570,2281.597198,278.8,3.224689,1.3,9.9
1742818628.865000,45.392390,6.538409,2287.053274,279.0,3.191494,1.3,9.9
1742818632.865000,45.392408,6.538250,2292.481689,279.0,3.185432,1.3,9.9
1742818636.865000,45.392429,6.538093,2298.440653,279.0,3.166612,1.3,9.9
1742818640.865000,45.392450,6.537936,2305.101143,279.0,3.115175,1.4,9.9
1742818644.864000,45.392472,6.537776,2311.264826,278.2,3.141319,1.3,9.9
1742818648.865000,45.392489,6.537618,2316.916751,279.0,3.087966,1.4,9.9
1742818652.864000,45.392508,6.537460,2323.475756,279.0,3.101260,1.3,9.9
1742818656.865000,45.392529,6.537305,2330.184907,277.8,3.091484,1.3,9.9
1742818660.864000,45.392549,6.537149,2337.169465,274.7,3.076467,1.3,9.9
1742818664.865000,45.392566,6.536994,2344.733083,277.9,3.049338,1.3,9.9
1742818668.865000,45.392589,6.536845,2352.192765,295.6,2.770137,1.4,9.9
1742818672.865000,45.392610,6.536684,2358.435197,285.0,3.152315,1.3,7.5
1742818676.864000,45.392624,6.536518,2365.693922,274.9,3.119473,1.4,3.8
1742818680.865000,45.392646,6.536360,2370.306016,279.4,3.301020,1.3,3.8
1742818684.864000,45.392666,6.536210,2372.185953,278.5,2.819976,1.3,3.8
1742818690.865000,45.392673,6.536063,2373.470789,277.0,3.050071,1.3,3.8
1742818694.865000,45.392648,6.535923,2371.712881,228.3,2.505082,1.3,3.8
1742818699.864000,45.392551,6.535885,2371.049499,162.8,2.296668,1.3,3.8
1742818712.864000,45.392464,6.535844,2370.338631,203.8,0.959596,1.3,3.8
1742818719.864000,45.392362,6.535796,2369.367024,187.0,2.209750,1.3,3.8
1742818724.865000,45.392263,6.535762,2368.923089,187.4,2.011063,1.3,3.8
1742818730.865000,45.392168,6.535767,2368.144517,167.1,1.903829,1.3,3.8
1742818735.865000,45.392078,6.535741,2367.963466,186.0,2.099005,1.6,6.9
1742818739.865000,45.391980,6.535713,2366.991995,200.0,3.248252,1.6,9.9
1742818743.864000,45.391872,6.535686,2366.369257,200.0,2.770721,1.6,9.9
1742818747.865000,45.391780,6.535679,2365.603148,215.0,2.700321,1.6,9.9
1742818751.865000,45.391682,6.535655,2364.284199,209.1,3.166065,1.6,9.9
1742818754.865000,45.391591,6.535679,2362.991194,201.0,3.159043,1.7,9.9
1742818757.865000,45.391477,6.535796,2361.311686,186.0,5.913958,1.7,9.9
1742818759.864000,45.391333,6.535901,2356.621225,203.8,8.801669,1.7,9.9
1742818761.865000,45.391179,6.535921,2353.369317,173.0,8.319858,1.7,9.9
1742818763.865000,45.391037,6.536022,2350.700195,159.0,8.169998,1.7,9.9
1742818765.864000,45.390903,6.536014,2350.700195,192.0,7.540001,1.8,9.9
1742818767.865000,45.390762,6.536040,2348.281156,169.0,8.079996,1.8,9.9
1742818769.864000,45.390611,6.535995,2346.005321,197.0,8.859986,1.8,9.9
1742818771.865000,45.390459,6.536012,2342.629903,162.0,8.480008,1.8,9.9
1742818773.865000,45.390311,6.536015,2341.340941,197.0,8.010015,1.8,9.9
1742818775.864000,45.390174,6.535997,2339.682954,163.4,7.700724,1.8,9.9
1742818777.865000,45.390046,6.536053,2338.406857,172.8,7.239468,1.8,9.9
1742818779.865000,45.389899,6.536040,2336.259916,171.0,9.063190,1.8,9.9
1742818780.865000,45.389805,6.536056,2334.394337,160.0,10.556939,1.8,9.9
1742818781.864000,45.389702,6.536091,2330.309033,161.0,11.540714,1.8,9.9
1742818782.865000,45.389598,6.536115,2327.926146,177.9,11.439304,1.8,9.9
1742818783.865000,45.389493,6.536087,2325.711314,173.0,11.489767,1.9,9.9
1742818784.865000,45.389393,6.536056,2322.680426,170.0,11.343995,1.9,9.9
1742818785.865000,45.389302,6.536046,2321.459670,155.2,9.849621,1.9,9.9
1742818787.865000,45.389171,6.536069,2320.948376,163.0,7.437076,1.9,9.9
1742818789.864000,45.389037,6.536107,2320.184230,138.2,8.083179,1.9,9.9
1742818791.864000,45.388926,6.536222,2317.012040,134.8,7.603364,1.9,9.9
1742818793.865000,45.388814,6.536334,2315.391326,108.2,7.267550,1.9,9.9
1742818795.865000,45.388725,6.536428,2313.211306,169.9,4.955957,1.3,9.9
1742818815.865000,45.388676,6.536470,2311.420952,125.7,0.000000,1.3,9.9
1742818815.865000,45.388676,6.536470,2311.420952,125.7,0.000000,1.3,9.9
1742818829.865000,45.388642,6.536509,2311.090680,120.1,3.378450,1.3,9.9
1742818832.864000,45.388598,6.536686,2309.599376,112.9,5.128458,1.3,9.9
1742818834.864000,45.388552,6.536857,2307.710683,114.4,6.732723,1.3,9.9
1742818836.865000,45.388492,6.537075,2304.332610,113.0,8.588243,1.3,9.9
1742818837.864000,45.388452,6.537195,2302.522206,115.2,9.406014,1.3,9.9
1742818838.864000,45.388412,6.537321,2299.936665,114.0,9.956842,1.3,9.9
1742818839.865000,45.388378,6.537446,2299.013287,112.5,9.963887,1.3,9.9
1742818841.865000,45.388291,6.537615,2298.474538,128.1,7.946951,1.3,9.9
1742818843.865000,45.388212,6.537708,2297.448337,138.6,6.035209,1.3,9.9
1742818845.865000,45.388113,6.537808,2294.186753,141.8,8.427918,1.3,9.9
1742818847.865000,45.387981,6.537802,2290.182434,194.4,7.896461,1.4,9.9
1742818849.865000,45.387854,6.537860,2285.771215,125.5,7.226259,1.4,9.9
1742818851.865000,45.387810,6.538029,2282.041989,108.5,8.283630,1.4,9.9
1742818853.864000,45.387750,6.538258,2275.616121,132.1,8.876541,1.3,9.9
1742818855.865000,45.387725,6.538464,2270.245632,66.6,8.556626,1.4,9.9
1742818857.865000,45.387710,6.538692,2265.027383,107.4,10.350574,1.3,9.9
1742818858.864000,45.387693,6.538831,2260.688443,86.3,11.418352,1.3,9.9
1742818859.864000,45.387682,6.538974,2258.571531,110.6,11.376867,1.3,9.9
1742818860.865000,45.387624,6.539096,2255.630562,134.7,11.731410,1.3,9.9
1742818861.865000,45.387564,6.539209,2252.416608,103.4,10.693843,1.3,9.9
1742818862.865000,45.387546,6.539340,2248.982717,102.0,9.909760,1.3,9.9
1742818864.864000,45.387432,6.539517,2245.899509,143.9,9.498406,1.3,9.9
1742818866.864000,45.387343,6.539703,2242.494858,125.8,9.518421,1.3,9.9
1742818868.865000,45.387246,6.539781,2238.387160,170.7,3.130967,1.3,9.9
1742818875.864000,45.387154,6.539836,2233.570869,129.1,4.282718,1.3,9.9
1742818895.865000,45.387134,6.539944,2232.464280,164.8,0.000000,1.3,9.9
1742818895.865000,45.387134,6.539944,2232.464280,164.8,0.000000,1.3,9.9
1742818897.865000,45.387103,6.539942,2231.809148,189.9,2.731380,1.3,9.9
1742818900.865000,45.387014,6.539850,2230.713577,222.8,4.533809,1.3,9.9
1742818903.865000,45.387004,6.539687,2228.634609,285.7,3.884529,1.3,9.9
1742818906.865000,45.386983,6.539512,2225.997824,283.9,4.657960,1.3,9.9
1742818908.865000,45.386978,6.539359,2222.187157,269.8,5.828205,1.4,9.9
1742818910.864000,45.386913,6.539258,2219.296568,221.6,4.480194,1.3,9.9
1742818912.865000,45.386825,6.539224,2216.730168,226.9,5.134752,1.4,9.9
1742818914.864000,45.386732,6.539216,2212.692591,253.2,4.097103,1.4,9.9
1742818916.865000,45.386634,6.539204,2208.333456,200.4,4.613436,1.3,9.9
1742818918.865000,45.386519,6.539216,2203.656643,193.1,5.502584,1.3,9.9
1742818920.864000,45.386425,6.539106,2199.579262,216.9,8.615910,1.3,9.9
1742818922.864000,45.386265,6.539040,2193.672748,190.8,8.880708,1.3,9.9
1742818924.865000,45.386165,6.538914,2189.310201,217.4,7.934839,1.3,9.9
1742818926.864000,45.385995,6.538795,2177.946207,205.0,12.573895,1.3,9.9
1742818927.865000,45.385884,6.538723,2174.927317,205.0,13.839323,1.3,9.9
1742818928.864000,45.385766,6.538649,2171.854625,204.0,15.478966,1.3,9.9
1742818929.865000,45.385639,6.538573,2163.086348,202.0,15.808360,1.3,9.9
1742818930.865000,45.385514,6.538510,2158.928202,199.0,14.485609,1.3,9.9
1742818931.864000,45.385401,6.538461,2158.416349,196.0,11.950480,1.3,9.9
1742818932.865000,45.385306,6.538420,2158.263044,197.0,10.220177,1.3,9.9
1742818933.865000,45.385218,6.538383,2159.717245,196.0,10.120584,1.3,9.9
1742818935.865000,45.385075,6.538348,2162.161858,188.0,7.452738,1.3,9.9
1742818937.865000,45.384958,6.538333,2162.433496,188.0,6.230169,1.4,9.9
1742818939.865000,45.384856,6.538317,2162.345239,191.9,5.682994,1.3,9.9
1742818942.865000,45.384739,6.538299,2161.838936,194.0,3.961337,1.4,6.9
1742818945.864000,45.384638,6.538283,2161.272914,184.0,3.265348,1.3,3.8
1742818948.865000,45.384546,6.538285,2161.916977,182.0,3.250301,1.3,3.8
1742818953.864000,45.384443,6.538264,2161.561887,192.0,1.760029,1.3,3.8
1742818959.864000,45.384347,6.538217,2161.309797,202.0,2.279979,1.3,3.8
1742818963.864000,45.384250,6.538147,2158.712672,199.0,3.365908,1.3,3.8
1742818966.863000,45.384141,6.538101,2158.376557,189.1,4.290084,1.4,3.8
1742818968.864000,45.384061,6.538043,2156.430679,201.5,4.678859,1.3,3.8
1742818971.864000,45.383956,6.537940,2155.400512,206.4,4.288599,1.3,3.8
1742818974.863000,45.383874,6.537868,2155.051009,207.6,3.512534,1.3,3.8
1742818977.863000,45.383786,6.537780,2153.630247,214.7,4.340478,1.3,3.8
1742818979.864000,45.383707,6.537676,2152.004293,219.1,5.889481,1.3,3.8
1742818981.863000,45.383579,6.537541,2149.418293,216.4,8.446894,1.3,3.8
1742818982.863000,45.383495,6.537458,2146.347707,214.1,9.969185,1.3,3.8
1742818983.864000,45.383394,6.537372,2141.436887,210.2,11.370458,1.3,3.8
1742818984.864000,45.383284,6.537296,2138.452739,207.2,12.414942,1.3,3.8
1742818985.864000,45.383176,6.537240,2134.577269,202.2,12.179361,1.3,3.8
1742818986.864000,45.383080,6.537195,2133.223206,199.2,11.365975,1.3,3.8
1742818988.863000,45.382927,6.537113,2132.004150,201.4,9.278895,1.3,3.8
1742818990.864000,45.382810,6.537028,2130.882959,207.7,7.895814,1.3,3.8
1742818992.863000,45.382703,6.536923,2129.906209,216.2,7.419212,1.3,3.8
1742818994.863000,45.382611,6.536778,2127.495107,231.6,7.425481,1.3,3.8
1742818996.863000,45.382568,6.536589,2126.765282,254.9,7.544832,1.3,3.8
1742818998.864000,45.382549,6.536356,2123.408869,268.2,8.759805,1.3,3.8
1742819000.864000,45.382570,6.536108,2118.255886,283.0,9.882948,1.3,3.8
1742819001.864000,45.382601,6.535980,2116.714824,284.0,10.420879,1.3,3.8
1742819002.863000,45.382642,6.535851,2112.650423,293.3,10.844083,1.3,3.8
1742819003.864000,45.382691,6.535728,2111.779568,297.0,11.047351,1.3,5.0
1742819004.863000,45.382750,6.535615,2108.934118,323.6,10.606674,1.3,6.2
1742819005.864000,45.382827,6.535542,2107.905733,305.3,9.775135,1.3,6.9
1742819007.863000,45.382941,6.535367,2103.736492,313.0,9.939653,1.3,9.9
1742819008.863000,45.383006,6.535269,2100.635445,287.3,10.595789,1.3,9.9
1742819009.864000,45.383040,6.535142,2098.133784,293.9,10.407585,1.3,9.9
1742819010.864000,45.383086,6.535017,2096.326245,297.9,11.311678,1.3,9.9
1742819011.863000,45.383149,6.534887,2091.850746,307.0,13.099355,1.3,9.9
1742819012.863000,45.383190,6.534743,2085.666210,274.0,11.969429,1.3,9.9
1742819013.864000,45.383193,6.534591,2081.242568,274.0,11.590136,1.3,9.9
1742819014.864000,45.383226,6.534461,2078.806419,304.0,10.959856,1.3,9.9
1742819015.864000,45.383279,6.534348,2076.399983,297.0,10.440124,1.3,9.9
1742819016.863000,45.383306,6.534217,2073.176793,276.0,11.409503,1.3,9.9
1742819017.863000,45.383328,6.534064,2070.123452,289.0,12.869637,1.3,9.9
1742819018.864000,45.383380,6.533913,2066.714723,300.0,13.249475,1.3,9.9
1742819019.864000,45.383412,6.533755,2058.235164,269.0,13.186953,1.3,9.9
1742819020.863000,45.383379,6.533597,2053.743847,241.0,12.549544,1.3,9.9
1742819021.864000,45.383312,6.533469,2050.867382,226.0,12.279881,1.3,9.9
1742819022.863000,45.383221,6.533368,2046.624515,211.0,13.748585,1.3,9.9
1742819023.863000,45.383120,6.533270,2044.587024,218.0,13.620015,1.3,9.9
1742819024.863000,45.383034,6.533165,2039.679809,219.0,12.180406,1.3,9.9
1742819025.863000,45.382947,6.533120,2036.300434,174.0,10.708302,1.3,9.9
1742819026.864000,45.382850,6.533110,2034.413003,195.0,11.149076,1.3,9.9
1742819027.863000,45.382770,6.533031,2032.359366,227.0,10.729642,1.3,9.9
1742819028.863000,45.382701,6.532933,2028.134778,215.0,10.709958,1.3,9.9
1742819030.864000,45.382524,6.532915,2021.522548,180.0,9.800035,1.3,9.9
1742819032.864000,45.382389,6.532787,2017.058453,216.0,8.630193,1.3,9.9
1742819034.864000,45.382252,6.532790,2011.166756,174.0,7.221951,1.3,9.9
1742819036.864000,45.382145,6.532698,2008.909614,218.0,7.509430,1.3,9.9
1742819038.863000,45.382036,6.532694,2004.591614,175.1,6.266499,1.3,9.9
1742819040.864000,45.381898,6.532629,2001.927245,198.0,8.939501,1.3,9.9
1742819042.864000,45.381781,6.532566,1995.289996,247.0,5.569213,1.3,9.9
1742819046.864000,45.381693,6.532439,1990.822426,214.0,6.419615,1.3,9.9
1742819048.864000,45.381645,6.532274,1986.898592,260.0,8.289292,1.3,9.9
1742819050.863000,45.381562,6.532104,1981.155794,232.0,8.859674,1.3,9.9
1742819052.864000,45.381532,6.531917,1977.662891,248.0,7.239909,1.3,9.9
1742819054.864000,45.381446,6.531840,1973.326269,215.0,5.809903,1.3,9.9
1742819056.864000,45.381399,6.531698,1972.185983,244.0,6.565133,1.3,9.9
1742819058.863000,45.381290,6.531554,1966.482094,213.3,8.321019,1.3,9.9
1742819059.863000,45.381194,6.531490,1961.326201,211.1,12.788695,1.3,9.9
1742819060.864000,45.381086,6.531402,1959.724795,210.0,13.518384,1.3,9.9
1742819061.863000,45.380984,6.531298,1954.539733,219.9,14.321493,1.3,9.9
1742819062.864000,45.380892,6.531177,1950.097614,221.0,14.043692,1.3,9.9
1742819063.864000,45.380796,6.531027,1943.224757,226.8,16.568411,1.3,9.9
1742819064.864000,45.380697,6.530836,1936.673754,231.0,17.671589,1.3,9.9
1742819065.864000,45.380605,6.530653,1930.998975,232.6,17.402643,1.3,10.0
1742819066.863000,45.380512,6.530470,1925.242763,233.1,17.501087,1.3,10.1
1742819067.863000,45.380422,6.530281,1919.187081,233.8,17.681774,1.3,10.2
1742819068.863000,45.380325,6.530138,1917.827904,230.8,16.852129,1.3,10.3
1742819069.864000,45.380220,6.529988,1915.736907,224.1,16.068430,1.3,10.3
1742819070.864000,45.380120,6.529867,1914.377972,221.0,14.431285,1.3,10.3
1742819071.863000,45.380027,6.529766,1913.305963,218.0,13.088675,1.3,10.2
1742819072.864000,45.379936,6.529679,1912.880620,216.0,12.528356,1.3,10.0
1742819073.862000,45.379850,6.529605,1912.927532,204.2,11.409710,1.3,10.0
1742819074.863000,45.379768,6.529541,1912.098784,200.1,10.328372,1.3,9.9
1742819076.863000,45.379636,6.529431,1910.939505,201.0,7.990158,1.3,9.9
1742819078.864000,45.379541,6.529338,1910.139021,209.0,6.152338,1.3,9.9
1742819080.863000,45.379460,6.529267,1909.902740,206.0,4.822765,1.3,9.9
1742819083.863000,45.379365,6.529191,1908.625809,209.1,3.754296,1.3,9.9
1742819086.864000,45.379268,6.529110,1908.368413,211.0,3.711184,1.3,9.9
1742819089.864000,45.379184,6.529035,1908.026734,210.0,3.541403,1.3,9.9
1742819092.864000,45.379099,6.528951,1905.799304,217.0,3.929122,1.3,9.9
1742819095.864000,45.379019,6.528850,1904.716932,220.0,3.896277,1.3,9.9
1742819098.864000,45.378928,6.528734,1905.391316,221.0,4.509611,1.3,9.9
1742819101.864000,45.378860,6.528620,1905.556668,227.1,3.294544,1.3,9.9
1742819104.864000,45.378785,6.528492,1904.602632,231.3,4.687259,1.3,9.9
1742819107.863000,45.378719,6.528365,1902.643561,233.2,4.038630,1.3,9.9
1742819110.864000,45.378657,6.528220,1901.374938,236.7,4.256096,1.3,9.9
1742819113.864000,45.378587,6.528077,1900.691363,237.0,4.307150,1.3,6.9
1742819116.864000,45.378539,6.527953,1900.431983,242.1,3.817296,1.3,3.8
1742819119.863000,45.378487,6.527815,1900.453220,241.1,4.122155,1.3,3.8
1742819122.863000,45.378434,6.527692,1898.899336,237.9,3.519560,1.3,3.8
1742819125.864000,45.378383,6.527588,1897.697339,232.5,3.409306,1.3,3.8
1742819128.864000,45.378320,6.527474,1898.933516,229.1,4.031948,1.3,3.8
1742819131.864000,45.378226,6.527354,1896.417122,219.2,4.456753,1.3,3.8
1742819134.864000,45.378129,6.527266,1896.354812,210.2,4.047792,1.3,3.8
1742819137.863000,45.378018,6.527219,1894.726336,199.7,4.396201,1.3,3.8
1742819140.864000,45.377921,6.527188,1894.257259,194.0,3.295221,1.3,3.8
1742819143.863000,45.377826,6.527179,1892.933376,193.6,3.821738,1.3,3.9
1742819146.863000,45.377720,6.527126,1891.391643,194.7,4.126842,1.3,3.9
1742819149.863000,45.377608,6.527105,1889.844844,187.4,3.723012,1.3,3.8
1742819152.863000,45.377518,6.527100,1889.666249,179.9,3.508956,1.3,3.8
1742819155.863000,45.377424,6.527089,1889.975081,179.1,3.267232,1.3,3.8
1742819158.863000,45.377315,6.527076,1887.457307,183.0,4.378900,1.3,3.8
1742819161.863000,45.377186,6.527050,1887.068265,188.0,4.988097,1.3,3.8
1742819163.864000,45.377096,6.527028,1885.845751,187.0,4.859787,1.3,3.8
1742819166.864000,45.376980,6.527006,1884.498282,185.1,3.775411,1.3,3.8
1742819169.863000,45.376884,6.526995,1885.363492,180.7,3.373770,1.3,3.8
1742819172.864000,45.376790,6.526997,1883.703966,182.0,3.717526,1.3,3.8
1742819175.863000,45.376686,6.527003,1881.554034,182.0,3.889798,1.3,3.8
1742819178.864000,45.376582,6.527003,1880.234453,182.0,3.840017,1.3,3.8
1742819181.863000,45.376483,6.527008,1880.389731,177.0,3.097974,1.3,3.8
1742819185.863000,45.376361,6.527013,1880.315516,176.0,3.796933,1.3,3.8
1742819188.864000,45.376260,6.527013,1878.759969,181.0,4.009933,1.3,5.0
1742819191.864000,45.376147,6.527012,1878.206171,168.2,4.298267,1.3,7.9
1742819194.864000,45.376052,6.526991,1876.061205,193.0,3.231057,1.3,9.9
1742819198.863000,45.375944,6.526942,1877.211576,198.0,3.310337,1.3,9.9
1742819201.864000,45.375857,6.526877,1875.779046,210.9,3.463131,1.3,9.9
1742819219.864000,45.375769,6.526843,1875.518843,188.0,2.036048,1.3,7.9
1742819226.864000,45.375669,6.526824,1874.404579,167.0,1.389781,1.3,3.8
1742819232.864000,45.375580,6.526860,1874.978678,143.9,1.900164,1.3,3.8
1742819238.864000,45.375474,6.526888,1873.264773,168.0,2.488472,1.3,3.8
1742819242.863000,45.375366,6.526934,1873.027890,161.0,4.271384,1.3,3.8
1742819245.864000,45.375257,6.526985,1871.997147,161.0,4.342380,1.3,3.8
1742819248.863000,45.375141,6.527040,1870.740609,160.0,4.600706,1.3,3.8
1742819251.863000,45.375021,6.527090,1869.189156,174.0,4.618859,1.3,3.8
1742819254.864000,45.374904,6.527112,1868.794280,195.9,4.182893,1.3,3.8
1742819257.864000,45.374818,6.527161,1868.736717,162.0,3.299035,1.3,3.8
1742819261.864000,45.374723,6.527224,1868.512348,161.0,2.361050,1.3,3.8
1742819267.864000,45.374621,6.527268,1867.715710,159.0,2.459015,1.3,3.8
1742819271.863000,45.374538,6.527328,1868.120766,149.1,2.557956,1.3,3.8
1742819275.864000,45.374454,6.527416,1868.048952,145.0,3.242273,1.3,4.1
1742819278.864000,45.374380,6.527518,1867.015974,132.0,3.431318,1.3,4.0
1742819281.864000,45.374313,6.527620,1865.737683,133.3,3.524491,1.3,3.8
1742819284.864000,45.374250,6.527757,1865.939465,118.1,4.435285,1.3,3.8
1742819287.863000,45.374180,6.527927,1864.881034,119.7,4.974381,1.3,3.8
1742819289.864000,45.374145,6.528051,1864.073209,110.7,5.219218,1.3,3.8
1742819291.864000,45.374097,6.528185,1862.196891,107.2,5.561124,1.3,3.8
1742819293.863000,45.374051,6.528313,1861.596036,113.1,5.537560,1.3,3.8
1742819295.864000,45.373998,6.528424,1860.821608,126.5,5.411549,1.3,3.8
1742819297.864000,45.373946,6.528535,1859.257224,128.2,5.519916,1.3,3.8
1742819299.863000,45.373886,6.528652,1859.010856,126.8,5.576512,1.3,3.8
1742819301.864000,45.373826,6.528770,1857.743348,127.7,5.610733,1.3,3.8
1742819303.863000,45.373772,6.528889,1857.162011,122.9,5.423729,1.3,3.8
1742819305.864000,45.373718,6.529017,1855.401646,125.1,5.943645,1.3,3.8
1742819307.864000,45.373636,6.529146,1854.120900,138.9,6.729501,1.3,3.8
1742819309.864000,45.373512,6.529223,1852.328235,169.5,7.132157,1.3,3.8
1742819311.864000,45.373378,6.529233,1850.090118,190.1,7.249194,1.3,3.8
1742819313.864000,45.373249,6.529234,1848.270174,184.7,6.869246,1.3,3.8
1742819315.864000,45.373137,6.529242,1846.765343,178.4,6.228748,1.3,3.8
1742819317.864000,45.373032,6.529238,1846.057251,195.9,5.894471,1.3,3.8
1742819319.864000,45.372939,6.529201,1844.399114,196.0,5.273641,1.3,3.8
1742819321.864000,45.372846,6.529168,1843.186806,202.9,5.540221,1.3,3.8
1742819323.864000,45.372760,6.529125,1842.268226,264.9,4.817761,1.3,3.8
1742819343.864000,45.372712,6.529047,1840.183808,149.0,0.000000,1.3,9.9
1742819343.864000,45.372712,6.529047,1840.183808,149.0,0.000000,1.3,9.9
1742819399.864000,45.372675,6.529053,1844.102643,296.0,0.987811,1.4,15.4
1742819425.864000,45.372750,6.528981,1843.108886,276.4,1.805166,1.4,10.2
1742819429.863000,45.372753,6.528811,1845.124555,270.0,2.903688,1.3,10.0
1742819432.862000,45.372754,6.528672,1845.713028,266.4,3.225549,1.4,9.9
1742819436.864000,45.372753,6.528531,1844.966793,268.4,1.269432,1.6,9.9
1742819448.864000,45.372658,6.528570,1843.700920,127.0,0.980120,1.7,9.9
1742819458.864000,45.372608,6.528677,1844.690102,188.0,0.430002,1.5,9.9
1742819477.864000,45.372582,6.528799,1844.815920,32.5,0.189716,1.7,9.9
1742819489.862000,45.372500,6.528942,1846.915003,125.0,4.084037,2.5,9.9
1742819492.862000,45.372410,6.529321,1850.403576,112.0,4.941480,1.9,10.0
1742819493.862000,45.372372,6.529450,1852.397744,112.0,4.951014,2.1,10.2
1742819494.862000,45.372340,6.529577,1855.900024,112.0,5.168718,2.0,10.2
1742819496.863000,45.372308,6.529744,1855.900024,109.0,5.294571,2.3,10.2
1742819498.862000,45.372273,6.529868,1861.186112,111.0,4.835766,2.4,9.9
1742819500.863000,45.372240,6.530007,1861.948136,111.0,5.548804,2.4,9.9
1742819502.861000,45.372205,6.530130,1865.659105,111.0,5.346219,2.2,9.9
1742819504.862000,45.372171,6.530262,1867.520926,111.0,5.234732,2.1,9.9
1742819506.863000,45.372137,6.530390,1867.784108,111.0,5.377640,2.1,9.9
1742819508.862000,45.372101,6.530517,1870.934756,112.0,5.172336,2.1,9.9
1742819510.863000,45.372065,6.530638,1873.118040,112.0,5.347687,2.1,9.9
1742819512.863000,45.372031,6.530763,1877.307765,112.0,5.151506,2.3,9.9
1742819514.862000,45.371996,6.530887,1882.118454,112.0,5.259900,1.9,9.9
1742819516.861000,45.371960,6.531008,1882.164157,111.0,5.109206,1.9,9.9
1742819518.863000,45.371924,6.531132,1885.698988,113.0,5.289969,2.7,9.9
1742819520.861000,45.371886,6.531256,1891.492153,112.0,5.340670,2.1,9.9
1742819522.863000,45.371850,6.531381,1892.808104,112.0,5.180952,2.0,9.9
1742819524.863000,45.371812,6.531506,1895.412625,110.0,5.368555,2.3,9.9
1742819526.863000,45.371778,6.531628,1898.484722,110.0,5.220148,2.5,9.9
1742819528.863000,45.371742,6.531751,1902.724580,110.0,5.251266,2.5,9.9
1742819530.863000,45.371708,6.531875,1904.331287,110.0,5.049504,2.4,9.9
1742819532.862000,45.371677,6.532003,1909.720498,110.0,5.240658,3.6,9.9
1742819534.863000,45.371642,6.532127,1914.225861,110.0,5.257520,2.1,9.9
1742819536.863000,45.371608,6.532251,1914.068249,109.8,5.087399,2.4,9.9
1742819538.862000,45.371572,6.532369,1918.628476,110.1,5.086905,2.3,9.9
1742819540.863000,45.371539,6.532492,1922.943764,109.9,5.075094,2.3,9.9
1742819542.863000,45.371505,6.532613,1926.743947,110.9,5.122798,2.5,9.9
1742819544.862000,45.371471,6.532733,1930.711795,109.8,4.933323,2.3,9.9
1742819547.863000,45.371420,6.532917,1937.505595,110.8,5.419180,3.0,9.9
1742819549.863000,45.371383,6.533042,1939.134071,109.8,5.230592,2.6,9.9
1742819551.863000,45.371347,6.533169,1940.884100,110.2,5.443035,2.2,9.9
1742819553.863000,45.371312,6.533292,1943.448641,109.8,5.216922,1.8,9.9
1742819555.863000,45.371276,6.533422,1945.639095,110.1,5.391051,1.9,9.9
1742819557.862000,45.371241,6.533551,1948.048066,110.0,5.315811,2.0,9.9
1742819559.863000,45.371204,6.533674,1950.460221,110.8,5.187147,1.8,9.9
1742819562.861000,45.371162,6.533828,1954.817124,108.8,3.885001,2.2,9.9
1742819566.863000,45.371123,6.533969,1956.238567,109.6,2.963272,1.4,9.9
1742819570.863000,45.371085,6.534096,1960.765889,110.6,2.928520,1.7,9.9
1742819574.863000,45.371048,6.534242,1965.341819,109.8,2.868997,2.0,9.9
1742819578.863000,45.371014,6.534379,1969.414818,111.0,2.900511,1.9,9.9
1742819582.862000,45.370981,6.534512,1973.746489,110.8,2.749341,1.8,9.9
1742819586.863000,45.370950,6.534649,1977.751537,110.2,3.071857,2.1,9.9
1742819590.862000,45.370907,6.534809,1978.337574,111.3,3.613616,2.2,9.9
1742819593.863000,45.370866,6.534955,1976.446884,111.2,4.119423,1.3,9.9
1742819596.863000,45.370822,6.535112,1978.812500,109.0,4.527345,1.4,9.9
1742819599.863000,45.370769,6.535289,1982.200710,111.0,5.027880,1.3,9.9
1742819601.862000,45.370728,6.535411,1987.156567,112.0,5.259531,1.7,9.9
1742819603.863000,45.370690,6.535538,1990.226104,112.0,5.428080,1.9,9.9
1742819605.862000,45.370653,6.535668,1992.178643,112.0,5.292062,2.3,9.9
1742819607.862000,45.370621,6.535793,1994.519730,111.0,5.239227,1.9,9.9
1742819609.862000,45.370585,6.535916,1996.447740,111.0,5.189992,1.5,9.9
1742819611.863000,45.370547,6.536039,2001.624160,111.0,5.250517,1.9,9.9
1742819613.862000,45.370515,6.536163,2004.083079,111.0,5.268870,1.9,9.9
1742819615.863000,45.370482,6.536290,2007.273091,111.0,5.221794,1.8,9.9
1742819617.863000,45.370450,6.536416,2008.403295,111.0,5.268658,1.6,9.9
1742819619.863000,45.370415,6.536544,2011.428424,111.0,5.052524,1.5,9.9
1742819621.862000,45.370380,6.536667,2014.158001,111.0,5.288606,1.3,9.9
1742819623.862000,45.370344,6.536788,2016.996448,111.0,5.080712,1.3,9.9
1742819625.863000,45.370307,6.536911,2020.483514,111.0,5.190384,1.3,9.9
1742819628.862000,45.370252,6.537086,2026.659871,111.0,5.138302,1.3,9.9
1742819630.862000,45.370215,6.537209,2030.013940,110.9,5.061916,1.4,9.9
1742819632.863000,45.370184,6.537328,2035.987020,111.1,5.110722,1.4,9.9
1742819634.862000,45.370149,6.537448,2040.142728,110.8,4.948885,1.5,9.9
1742819637.862000,45.370104,6.537626,2046.763433,111.0,5.021314,1.6,9.9
1742819639.863000,45.370072,6.537758,2051.701499,111.5,5.586540,1.9,9.9
1742819641.863000,45.370038,6.537884,2053.160455,110.7,5.202131,1.6,9.9
1742819643.862000,45.370001,6.538013,2055.561889,111.1,5.454897,1.8,9.9
1742819645.862000,45.369967,6.538139,2055.107650,111.1,5.332388,1.4,9.9
1742819647.863000,45.369934,6.538272,2057.409558,110.9,5.331936,1.4,9.9
1742819649.863000,45.369899,6.538397,2059.410956,111.0,5.293204,1.4,9.9
1742819651.863000,45.369861,6.538521,2061.500024,111.0,5.335896,1.3,9.9
1742819653.863000,45.369824,6.538645,2063.549265,111.0,5.336276,1.3,9.9
1742819655.863000,45.369787,6.538773,2066.241937,110.9,5.280100,1.3,9.9
1742819657.863000,45.369751,6.538896,2067.549712,111.1,5.219053,1.4,9.9
1742819659.863000,45.369715,6.539021,2071.592370,110.9,5.237576,1.4,9.9
1742819661.863000,45.369680,6.539145,2075.804775,111.2,5.324829,1.4,9.9
1742819663.863000,45.369645,6.539269,2077.895451,110.7,5.107498,1.4,9.9
1742819665.863000,45.369614,6.539391,2080.932648,111.0,5.493237,1.3,9.9
1742819667.863000,45.369576,6.539519,2084.254616,112.0,5.183653,1.3,9.9
1742819669.863000,45.369545,6.539648,2086.769227,111.0,5.399439,1.5,9.9
1742819671.862000,45.369513,6.539773,2088.713229,111.0,5.159639,1.4,9.9
1742819673.863000,45.369475,6.539902,2091.849463,111.0,5.310125,1.5,9.9
1742819675.862000,45.369435,6.540026,2095.998962,112.0,5.318875,1.4,9.9
1742819677.861000,45.369401,6.540149,2098.837213,111.0,5.122163,1.4,9.9
1742819679.863000,45.369366,6.540272,2102.093403,112.0,5.210218,1.4,9.9
1742819681.863000,45.369333,6.540394,2104.291467,111.0,5.199442,1.3,9.9
1742819683.863000,45.369296,6.540516,2107.127905,111.0,5.211190,1.3,9.9
1742819685.863000,45.369264,6.540636,2110.342522,111.0,5.049889,1.4,9.9
1742819687.863000,45.369228,6.540758,2113.793558,111.0,5.071394,1.4,9.9
1742819689.863000,45.369194,6.540879,2118.735283,111.0,5.158609,1.3,9.9
1742819691.862000,45.369158,6.540999,2124.164149,111.0,5.041448,1.3,9.9
1742819694.862000,45.369109,6.541174,2129.299530,111.0,5.029309,1.4,9.9
1742819697.863000,45.369064,6.541355,2134.232857,111.0,5.030136,1.4,9.9
1742819699.863000,45.369034,6.541477,2139.799362,111.0,5.016843,1.3,9.9
1742819702.863000,45.368984,6.541659,2146.024688,111.5,5.366212,1.3,9.9
1742819704.863000,45.368948,6.541785,2149.723472,110.6,5.092674,1.3,9.9
1742819706.863000,45.368910,6.541911,2152.236689,111.3,5.433635,1.3,9.9
1742819708.863000,45.368875,6.542031,2153.899006,110.8,5.088262,1.4,9.9
1742819710.863000,45.368842,6.542157,2157.938157,111.1,5.281794,1.4,9.9
1742819712.862000,45.368809,6.542278,2161.248263,111.0,5.149129,1.3,9.9
1742819714.862000,45.368775,6.542404,2163.776480,111.0,5.246605,1.3,9.9
1742819716.861000,45.368740,6.542524,2166.711241,111.1,5.126188,1.3,9.9
1742819718.862000,45.368706,6.542651,2172.024162,110.9,5.147400,1.4,9.9
1742819720.862000,45.368673,6.542775,2172.996243,111.2,5.199993,1.3,9.9
1742819722.862000,45.368638,6.542896,2178.473679,110.7,5.078521,1.4,9.9
1742819725.862000,45.368591,6.543075,2183.000321,111.0,5.076063,1.3,9.9
1742819727.863000,45.368558,6.543194,2189.012354,111.4,5.251030,1.3,9.9
1742819729.863000,45.368521,6.543331,2191.611412,110.9,5.433719,1.3,9.9
1742819731.863000,45.368489,6.543462,2192.000267,111.0,5.457246,1.3,9.9
1742819733.863000,45.368450,6.543597,2193.933443,111.0,5.302343,1.3,9.9
1742819735.863000,45.368414,6.543725,2195.672606,111.0,5.488451,1.3,9.9
1742819737.862000,45.368377,6.543854,2196.113502,111.0,5.351093,1.4,9.9
1742819739.863000,45.368342,6.543977,2197.277603,111.0,5.269871,1.4,9.9
1742819741.862000,45.368308,6.544104,2197.710385,111.0,5.419688,1.3,9.9
1742819743.863000,45.368274,6.544232,2201.230119,111.0,5.398916,1.4,9.9
1742819745.863000,45.368238,6.544363,2201.213642,114.9,5.256418,1.4,9.9
1742819747.862000,45.368207,6.544484,2208.334059,113.0,5.347568,1.3,9.9
1742819749.862000,45.368167,6.544612,2207.765651,115.0,5.195084,1.3,9.9
1742819751.862000,45.368131,6.544737,2210.614498,114.0,5.496588,1.3,9.9
1742819753.863000,45.368095,6.544860,2212.577467,113.0,5.043479,1.3,9.9
1742819755.862000,45.368060,6.544986,2216.241944,113.0,5.438335,1.4,9.9
1742819757.862000,45.368025,6.545109,2219.523706,112.0,5.170035,1.3,9.9
1742819759.863000,45.367986,6.545235,2223.156092,112.0,5.281985,1.3,9.9
1742819761.863000,45.367951,6.545362,2225.411919,112.0,5.414090,1.3,9.9
1742819763.862000,45.367912,6.545490,2226.687423,111.0,5.244652,1.4,9.9
1742819765.863000,45.367877,6.545616,2225.376541,111.0,5.625661,1.3,9.9
1742819767.863000,45.367844,6.545746,2224.814069,111.0,5.213105,1.3,9.9
1742819769.863000,45.367809,6.545873,2228.784307,111.0,5.478297,1.3,9.9
1742819771.863000,45.367773,6.546001,2228.621808,111.0,5.329482,1.3,9.9
1742819773.863000,45.367738,6.546131,2229.984497,111.0,5.342942,1.3,9.9
1742819775.862000,45.367702,6.546258,2234.883860,111.0,5.349256,1.3,9.9
1742819777.863000,45.367667,6.546384,2235.001534,110.0,5.310683,1.3,9.9
1742819779.863000,45.367633,6.546512,2236.775867,110.0,5.369305,1.3,9.9
1742819781.863000,45.367598,6.546640,2238.212009,110.0,5.270579,1.3,9.9
1742819783.863000,45.367567,6.546762,2239.225688,110.0,5.001912,1.3,9.9
1742819786.863000,45.367518,6.546942,2250.638242,110.0,5.159182,1.3,9.9
1742819788.863000,45.367484,6.547061,2253.548973,110.0,4.949751,1.3,9.9
1742819791.863000,45.367432,6.547236,2261.036826,110.0,4.871204,1.3,9.9
1742819793.863000,45.367400,6.547357,2262.766691,111.0,5.028860,1.4,9.9
1742819796.863000,45.367352,6.547532,2270.554915,111.0,4.949703,1.3,9.9
1742819799.862000,45.367304,6.547704,2277.648668,111.4,4.940509,1.3,9.9
1742819801.863000,45.367268,6.547834,2281.564758,110.9,5.217362,1.3,9.9
1742819803.862000,45.367232,6.547965,2282.023046,111.4,5.488648,1.3,9.9
1742819805.863000,45.367195,6.548096,2282.877911,110.6,5.282337,1.3,9.9
1742819807.862000,45.367161,6.548225,2281.719500,111.3,5.555160,1.3,9.9
1742819809.863000,45.367127,6.548354,2282.003795,110.9,5.354939,1.3,9.9
1742819811.863000,45.367093,6.548484,2281.573614,111.0,5.527563,1.3,9.9
1742819813.862000,45.367058,6.548611,2282.255088,111.0,5.419053,1.3,9.9
1742819815.863000,45.367023,6.548739,2282.837503,110.9,5.393965,1.3,9.9
1742819817.862000,45.366986,6.548865,2283.376798,111.2,5.502346,1.3,9.9
1742819819.863000,45.366947,6.548996,2284.488273,110.9,5.405309,1.3,9.9
1742819821.863000,45.366910,6.549127,2285.230400,111.0,5.421543,1.3,9.9
1742819823.862000,45.366872,6.549257,2284.367748,110.2,5.333623,1.3,9.9
1742819825.863000,45.366837,6.549388,2287.435186,110.9,5.386145,1.3,9.9
1742819827.863000,45.366802,6.549516,2287.899484,111.0,5.421711,1.3,9.9
1742819829.863000,45.366766,6.549642,2289.790876,110.9,5.325214,1.3,9.9
1742819831.863000,45.366728,6.549767,2291.466574,111.0,5.389512,1.3,9.9
1742819833.862000,45.366690,6.549893,2294.922014,111.0,5.340933,1.3,9.9
1742819835.862000,45.366652,6.550020,2296.946315,111.0,5.350121,1.3,9.9
1742819837.863000,45.366618,6.550146,2297.502679,111.0,5.280532,1.3,9.9
1742819839.863000,45.366583,6.550276,2300.363805,111.0,5.379296,1.3,9.9
1742819841.863000,45.366551,6.550405,2301.112444,112.0,5.271883,1.3,9.9
1742819843.862000,45.366517,6.550530,2304.527709,111.0,5.348736,1.3,9.9
1742819845.862000,45.366482,6.550655,2306.662538,111.0,5.181258,1.3,9.9
1742819847.863000,45.366446,6.550785,2308.566572,111.0,5.408614,1.3,9.9
1742819849.862000,45.366410,6.550912,2312.749515,111.0,5.200469,1.3,9.9
1742819851.862000,45.366377,6.551036,2315.173160,111.0,5.240934,1.3,9.9
1742819853.863000,45.366345,6.551161,2317.574631,111.0,5.267819,1.3,9.9
1742819855.862000,45.366312,6.551291,2321.006315,111.0,5.211794,1.3,9.9
1742819857.863000,45.366278,6.551417,2325.095211,111.0,5.248922,1.3,9.9
1742819860.863000,45.366227,6.551596,2329.022968,111.0,5.275392,1.3,9.9
1742819862.863000,45.366188,6.551724,2333.492423,110.0,5.312828,1.3,9.9
1742819864.863000,45.366153,6.551844,2336.565637,109.0,5.447180,1.3,9.9
1742819866.863000,45.366118,6.551969,2335.990794,109.0,5.164937,1.3,9.9
1742819868.863000,45.366084,6.552098,2338.151030,109.0,5.507055,1.3,9.9
1742819870.863000,45.366046,6.552220,2339.175414,110.0,5.171818,1.3,9.9
1742819872.863000,45.366010,6.552345,2341.436781,109.0,5.401095,1.3,9.9
1742819874.863000,45.365973,6.552466,2344.355935,110.0,5.258092,1.3,9.9
1742819876.863000,45.365934,6.552595,2346.367906,112.0,5.116640,1.3,9.9
1742819878.863000,45.365897,6.552723,2351.588701,112.0,5.347784,1.3,9.9
1742819880.863000,45.365865,6.552854,2353.042055,112.0,5.181976,1.3,9.9
1742819882.863000,45.365832,6.552984,2356.655861,112.0,5.299878,1.3,9.9
1742819884.862000,45.365797,6.553110,2357.944360,112.0,5.170719,1.3,9.9
1742819886.863000,45.365760,6.553231,2361.473411,111.0,5.260122,1.3,9.9
1742819888.863000,45.365723,6.553348,2363.998414,112.0,4.990836,1.3,9.9
1742819890.862000,45.365687,6.553481,2367.114579,112.0,5.439152,1.3,9.9
1742819892.863000,45.365652,6.553614,2370.305881,112.0,5.338843,1.3,9.9
1742819894.863000,45.365615,6.553741,2371.228656,111.0,5.331768,1.3,9.9
1742819896.862000,45.365578,6.553867,2373.760676,112.0,5.408323,1.3,9.9
1742819898.862000,45.365540,6.553991,2373.649349,112.0,5.241618,1.3,9.9
1742819900.863000,45.365503,6.554119,2378.404240,111.0,5.437800,1.3,9.9
1742819902.862000,45.365468,6.554240,2379.562632,112.0,5.240287,1.3,9.9
1742819904.863000,45.365431,6.554366,2382.158456,111.0,5.319860,1.3,9.9
1742819906.863000,45.365396,6.554488,2384.556272,112.0,5.259724,1.3,9.9
1742819908.863000,45.365358,6.554614,2389.036117,109.0,5.281115,1.3,9.9
1742819910.863000,45.365324,6.554738,2390.170880,111.0,5.250728,1.3,9.9
1742819912.863000,45.365289,6.554863,2393.251351,111.0,5.230804,1.3,9.9
1742819914.863000,45.365254,6.554985,2396.496357,110.0,5.110764,1.3,9.9
1742819917.863000,45.365204,6.555154,2402.001389,112.0,4.751537,1.3,9.9
1742819920.863000,45.365153,6.555329,2411.439670,112.0,4.713954,1.3,9.9
1742819923.863000,45.365106,6.555504,2417.291737,112.0,4.851292,1.3,9.9
1742819926.863000,45.365058,6.555676,2426.423698,112.0,4.849273,1.3,9.9
1742819929.862000,45.365010,6.555844,2433.964078,112.0,4.818805,1.3,9.9
1742819932.863000,45.364961,6.556014,2441.770475,112.0,4.724420,1.3,9.9
1742819935.861000,45.364915,6.556186,2450.560233,111.9,4.706166,1.3,9.9
1742819938.862000,45.364871,6.556358,2458.666948,112.0,4.714666,1.3,9.9
1742819941.862000,45.364826,6.556526,2467.875475,110.1,4.678786,1.3,9.9
1742819944.861000,45.364780,6.556688,2476.107685,110.1,4.657594,1.3,9.9
1742819947.862000,45.364738,6.556857,2486.102075,105.6,4.784910,1.3,9.9
1742819949.862000,45.364709,6.556990,2492.071888,107.1,5.233942,1.3,9.9
1742819951.861000,45.364671,6.557120,2494.174087,111.2,4.847167,1.3,9.9
1742819953.862000,45.364640,6.557248,2492.579491,111.8,4.805555,1.3,10.0
1742819964.862000,45.364611,6.557396,2492.652681,124.6,2.069044,1.3,10.3
1742819975.861000,45.364532,6.557464,2491.919701,142.0,0.500763,1.4,9.9
1742819991.861000,45.364488,6.557590,2492.310844,99.3,1.016609,1.3,3.8
1742820049.862000,45.364456,6.557713,2493.891781,151.0,0.538931,1.4,9.9
1742820062.861000,45.364414,6.557836,2488.559241,106.6,2.886102,1.4,9.9
1742820066.862000,45.364457,6.557974,2488.983425,26.8,3.639881,1.4,9.9
1742820068.862000,45.364529,6.558056,2484.311769,47.2,4.711351,1.4,9.9
1742820070.862000,45.364624,6.558113,2477.846228,20.5,5.111689,1.4,9.9
1742820072.862000,45.364728,6.558150,2473.905795,46.6,6.235473,1.4,9.9
1742820074.861000,45.364828,6.558239,2469.647672,18.5,8.351923,1.4,9.9
1742820076.862000,45.364973,6.558195,2456.700195,354.8,7.589942,1.4,9.9
1742820078.862000,45.365054,6.558284,2456.700195,58.5,4.578626,1.4,9.9
1742820081.862000,45.365176,6.558271,2450.933818,334.7,5.110499,1.5,9.9
1742820083.861000,45.365259,6.558353,2450.634465,61.5,5.230713,1.5,9.9
1742820085.862000,45.365305,6.558463,2441.929781,55.1,4.890228,1.5,9.9
1742820087.862000,45.365358,6.558573,2437.086054,57.0,4.040613,1.5,9.9
1742820092.862000,45.365394,6.558714,2435.692305,63.8,3.858025,1.6,7.1
1742820094.862000,45.365435,6.558843,2434.647884,78.0,5.669952,1.6,3.8
1742820097.861000,45.365429,6.559002,2429.975579,76.0,6.349259,1.6,3.8
1742820099.862000,45.365407,6.559155,2423.692831,120.0,5.510764,1.6,3.8
1742820101.862000,45.365388,6.559305,2417.091872,79.1,8.939178,1.6,3.8
1742820103.861000,45.365352,6.559451,2411.426659,116.6,5.617078,1.6,3.8
1742820106.862000,45.365278,6.559599,2403.205054,96.0,6.761816,1.6,3.8
1742820108.862000,45.365249,6.559725,2400.650290,120.0,3.252595,1.7,3.8
1742820110.861000,45.365220,6.559871,2395.917537,105.0,6.822024,1.7,3.8
1742820112.862000,45.365174,6.559992,2391.458832,124.0,3.453646,1.7,3.8
1742820114.862000,45.365152,6.560156,2386.506849,89.0,9.188596,1.7,3.8
1742820116.860000,45.365124,6.560301,2376.460760,105.1,5.293718,1.7,3.8
1742820118.862000,45.365087,6.560447,2375.443100,107.0,7.305424,1.7,3.8
1742820120.862000,45.365133,6.560629,2371.448623,68.0,8.019525,1.7,3.8
1742820122.862000,45.365154,6.560785,2364.209101,53.0,7.176781,1.8,3.8
1742820124.862000,45.365240,6.560966,2358.364675,75.9,8.008199,1.8,3.8
1742820126.862000,45.365328,6.561100,2350.186002,17.0,8.398382,1.8,3.8
1742820128.862000,45.365445,6.561238,2342.458255,31.0,8.829304,1.8,3.8
1742820130.862000,45.365578,6.561365,2335.006957,53.0,9.219300,1.8,3.8
1742820132.862000,45.365690,6.561485,2328.834814,4.1,7.996113,1.8,3.8
1742820134.862000,45.365816,6.561584,2324.609773,49.8,7.211494,1.9,3.8
1742820136.862000,45.365951,6.561648,2322.730068,348.2,8.047195,1.8,3.8
1742820138.862000,45.366048,6.561739,2315.517946,66.5,6.280127,1.9,3.8
1742820140.861000,45.366122,6.561859,2311.725857,34.0,7.519030,1.9,3.8
1742820142.862000,45.366164,6.562010,2306.585540,83.8,5.300270,1.9,3.8
1742820145.862000,45.366146,6.562155,2298.608331,116.0,4.889833,1.9,3.8
1742820156.862000,45.366123,6.562347,2291.325151,97.0,7.827792,1.4,9.9
1742820158.862000,45.366061,6.562586,2285.683265,123.0,11.389710,1.3,9.9
1742820159.861000,45.366009,6.562719,2280.748683,114.0,13.369526,1.3,9.9
1742820160.861000,45.365962,6.562887,2275.975079,111.0,15.098486,1.3,9.9
1742820161.862000,45.365909,6.563069,2271.266070,115.0,16.191505,1.3,9.9
1742820162.862000,45.365845,6.563255,2264.998899,116.0,16.613630,1.4,9.9
1742820163.862000,45.365783,6.563456,2258.143176,111.0,17.142290,1.4,9.9
1742820164.862000,45.365730,6.563659,2256.178183,111.0,16.764141,1.4,9.9
1742820165.861000,45.365675,6.563858,2256.102703,113.0,15.847951,1.3,9.9
1742820166.861000,45.365618,6.564034,2254.032183,117.0,13.833725,1.4,9.9
1742820167.861000,45.365560,6.564186,2253.893804,118.0,13.560235,1.4,9.9
1742820168.861000,45.365502,6.564332,2253.014226,120.0,12.730291,1.4,9.9
1742820169.860000,45.365448,6.564472,2253.034033,116.0,12.320055,1.4,9.9
1742820170.861000,45.365398,6.564612,2252.561936,118.0,12.280810,1.3,9.9
1742820171.862000,45.365349,6.564748,2251.267510,106.1,12.037915,1.3,9.9
1742820172.862000,45.365308,6.564890,2251.004716,100.0,11.995794,1.3,9.9
1742820173.862000,45.365268,6.565034,2248.507288,98.0,12.096768,1.3,9.9
1742820174.862000,45.365231,6.565180,2247.702522,98.0,12.227021,1.3,9.9
1742820175.861000,45.365201,6.565330,2245.698603,85.2,12.127205,1.4,9.9
1742820176.861000,45.365188,6.565483,2244.086509,81.1,11.983119,1.3,9.9
1742820177.861000,45.365181,6.565638,2243.217659,82.0,11.793813,1.4,9.9
1742820178.861000,45.365178,6.565788,2241.894532,75.1,11.409088,1.3,9.9
1742820179.861000,45.365182,6.565931,2240.527383,76.0,11.125496,1.3,9.9
1742820180.861000,45.365181,6.566075,2238.124866,83.9,11.185444,1.3,9.9
1742820181.862000,45.365173,6.566210,2237.967878,90.9,10.209615,1.3,9.9
1742820183.862000,45.365157,6.566446,2236.797412,94.9,8.607294,1.3,9.9
1742820185.861000,45.365138,6.566643,2236.168011,94.0,7.512756,1.4,9.9
1742820187.861000,45.365122,6.566817,2234.164059,98.0,6.617771,1.3,9.9
1742820189.861000,45.365105,6.566952,2233.305480,95.0,4.943490,1.3,9.9
1742820192.862000,45.365089,6.567100,2234.554898,95.0,3.518920,1.4,9.9
1742820200.862000,45.365076,6.567246,2235.836717,109.0,2.768570,1.3,9.9
1742820204.862000,45.365036,6.567370,2233.187235,104.2,3.061754,1.4,9.9
1742820207.862000,45.365008,6.567510,2231.733918,103.2,4.953319,1.3,9.9
1742820209.862000,45.364969,6.567663,2230.297239,112.0,6.909798,1.3,9.9
1742820211.861000,45.364901,6.567856,2226.561036,114.9,8.704551,1.3,9.9
1742820213.862000,45.364824,6.568076,2223.492731,114.8,9.901258,1.3,9.9
1742820214.862000,45.364780,6.568200,2223.031949,112.1,10.712225,1.3,9.9
1742820215.862000,45.364742,6.568331,2219.731093,109.1,11.150257,1.4,9.9
1742820216.862000,45.364711,6.568472,2218.177746,102.1,11.401926,1.4,9.9
1742820217.861000,45.364688,6.568617,2215.110997,102.0,11.556806,1.3,9.9
1742820218.862000,45.364665,6.568765,2213.497035,98.1,11.666306,1.3,9.9
1742820219.862000,45.364648,6.568917,2211.233021,97.0,11.718622,1.3,9.9
1742820220.861000,45.364636,6.569060,2210.328138,96.0,10.945866,1.3,9.9
1742820221.862000,45.364631,6.569191,2209.961924,87.1,10.105750,1.4,9.9
1742820223.862000,45.364636,6.569427,2206.875903,84.0,8.901787,1.3,9.9
1742820225.862000,45.364661,6.569631,2204.673677,75.0,7.725809,1.3,9.9
1742820227.861000,45.364693,6.569806,2208.946798,75.0,6.934700,1.4,9.9
1742820229.860000,45.364715,6.569970,2209.191653,73.0,6.494234,1.3,9.9
1742820231.862000,45.364740,6.570126,2209.179961,70.0,5.979174,1.3,9.9
1742820233.862000,45.364768,6.570275,2207.606121,61.1,6.171232,1.3,9.9
1742820235.862000,45.364793,6.570424,2206.871790,73.0,5.695336,1.3,9.9
1742820237.862000,45.364814,6.570566,2206.167991,75.0,5.983980,1.3,9.9
1742820239.860000,45.364835,6.570721,2204.737078,83.0,6.060004,1.3,9.9
1742820241.862000,45.364831,6.570892,2203.960537,97.0,6.879991,1.3,9.9
1742820243.862000,45.364803,6.571074,2203.096645,108.0,7.649967,1.3,9.9
1742820245.862000,45.364741,6.571259,2200.435053,122.0,8.949841,1.4,9.9
1742820247.862000,45.364650,6.571424,2196.880375,135.9,8.427596,1.3,9.9
1742820249.861000,45.364537,6.571567,2194.781140,153.9,8.554197,1.3,9.9
1742820251.862000,45.364421,6.571706,2193.429652,161.9,8.108822,1.4,9.9
1742820253.861000,45.364307,6.571822,2194.255690,168.0,7.633349,1.3,9.9
1742820255.862000,45.364193,6.571933,2192.085605,180.0,7.546185,1.3,9.9
1742820257.861000,45.364080,6.572045,2190.720254,181.0,7.383087,1.4,9.9
1742820259.862000,45.363971,6.572167,2189.686584,174.0,7.385679,1.3,9.9
1742820261.862000,45.363868,6.572276,2188.629977,176.1,6.758955,1.3,9.9
1742820263.861000,45.363772,6.572366,2187.439189,182.8,6.043856,1.4,9.9
1742820265.861000,45.363682,6.572462,2187.089442,175.6,5.984338,1.3,9.9
1742820267.861000,45.363600,6.572558,2186.117340,169.2,5.382314,1.3,9.9
1742820269.862000,45.363529,6.572651,2185.776898,165.2,5.005750,1.3,9.9
1742820271.861000,45.363458,6.572739,2184.708426,164.7,4.960815,1.3,9.9
1742820274.862000,45.363358,6.572838,2183.969933,170.5,4.347234,1.4,9.9
1742820277.861000,45.363265,6.572922,2181.564975,160.4,3.962405,1.3,9.9
1742820280.862000,45.363208,6.573047,2180.567273,126.5,3.917671,1.4,9.9
1742820282.862000,45.363203,6.573208,2176.658292,84.6,5.330088,1.3,9.9
1742820284.862000,45.363281,6.573388,2174.433373,63.3,8.576509,1.4,9.9
1742820286.861000,45.363302,6.573599,2167.912819,72.7,8.758487,1.4,9.9
1742820288.861000,45.363426,6.573744,2162.707466,40.8,9.733577,1.3,9.9
1742820290.862000,45.363495,6.573953,2156.670835,63.7,8.664068,1.3,9.9
1742820292.861000,45.363616,6.574016,2150.139747,343.8,7.222878,1.3,9.9
1742820294.862000,45.363751,6.573989,2146.360894,29.4,8.535625,1.3,9.9
1742820296.862000,45.363889,6.574077,2140.235669,341.1,8.741590,1.3,9.9
1742820298.861000,45.363991,6.573942,2131.994360,304.0,6.323982,1.3,9.9
1742820300.862000,45.364097,6.573944,2128.406503,39.0,7.348216,1.3,9.9
1742820302.861000,45.364216,6.573931,2123.334028,311.0,7.478533,1.3,9.9
1742820304.862000,45.364324,6.573822,2116.617639,3.9,8.363342,1.4,9.9
1742820306.862000,45.364431,6.573934,2109.168283,34.0,7.419888,1.3,9.9
1742820308.861000,45.364558,6.573941,2103.367919,15.0,6.530897,1.3,9.9
1742820312.862000,45.364610,6.574069,2099.611562,51.0,2.078345,1.3,9.9
1742820315.861000,45.364758,6.574142,2094.700574,353.1,9.627959,1.4,9.9
1742820316.862000,45.364848,6.574115,2090.672682,347.0,9.242422,1.4,9.9
1742820318.862000,45.365007,6.574105,2087.007128,9.8,9.060459,1.4,9.9
1742820320.862000,45.365138,6.574199,2080.752650,25.0,7.390356,1.4,9.9
1742820322.862000,45.365233,6.574212,2076.533026,49.9,2.900003,1.4,9.9
1742820341.862000,45.365305,6.574295,2072.710939,2.0,6.457482,1.3,9.9
1742820343.861000,45.365415,6.574344,2066.751485,53.8,6.670491,1.3,9.9
1742820345.860000,45.365499,6.574445,2061.796896,12.0,8.118520,1.3,9.9
1742820347.861000,45.365612,6.574557,2055.928571,74.0,7.609340,1.3,9.9
1742820349.862000,45.365670,6.574712,2050.733004,19.0,7.687876,1.3,9.9
1742820351.861000,45.365804,6.574788,2043.318300,62.0,8.207814,1.3,9.9
1742820353.861000,45.365914,6.574888,2036.385255,10.2,7.103297,1.3,9.9
1742820356.862000,45.365966,6.575044,2026.880762,61.0,4.459836,1.3,9.9
1742820358.862000,45.366063,6.575106,2024.285409,24.0,6.483609,1.4,9.9
1742820360.862000,45.366133,6.575246,2018.090471,59.0,7.018405,1.4,9.9
1742820362.862000,45.366253,6.575326,2010.115015,35.9,7.388605,1.4,9.9
1742820365.861000,45.366304,6.575488,2002.605842,62.0,4.189767,1.4,9.9
1742820367.861000,45.366406,6.575572,1998.861435,23.0,8.505696,1.3,9.9
1742820369.861000,45.366491,6.575722,1992.939391,71.0,6.940540,1.3,9.9
1742820371.861000,45.366592,6.575828,1986.940470,32.0,7.519771,1.3,9.9
1742820373.861000,45.366659,6.575992,1981.218707,39.0,7.959181,1.3,9.9
1742820375.861000,45.366759,6.576017,1976.265605,14.9,5.090669,1.3,9.9
1742820377.861000,45.366789,6.576144,1976.120689,99.0,5.220336,1.3,9.9
1742820380.861000,45.366893,6.576219,1968.511543,357.0,5.599917,1.3,9.9
1742820382.861000,45.367010,6.576222,1964.541513,8.9,7.298132,1.3,9.9
1742820384.861000,45.367147,6.576274,1955.487772,354.0,6.281920,1.3,9.9
1742820386.861000,45.367264,6.576327,1952.250382,26.9,7.328840,1.3,9.9
1742820388.860000,45.367391,6.576441,1946.854522,19.2,9.223477,1.3,10.0
1742820390.860000,45.367558,6.576507,1935.781009,31.9,10.306553,1.3,10.0
1742820392.860000,45.367670,6.576666,1928.046162,11.1,8.505249,1.3,10.0
1742820394.861000,45.367795,6.576638,1928.552619,356.0,7.689483,1.3,9.9
1742820396.860000,45.367906,6.576747,1922.927736,36.1,7.407619,1.3,9.9
1742820398.860000,45.368045,6.576768,1918.122506,343.0,7.720698,1.3,9.9
1742820400.861000,45.368155,6.576824,1912.684748,66.0,5.569497,1.3,9.9
1742820403.861000,45.368236,6.576909,1908.237699,39.0,3.479905,1.3,9.9
1742820423.861000,45.368251,6.576989,1910.257180,-1.0,0.000000,1.4,9.9
1742820423.861000,45.368251,6.576989,1910.257180,-1.0,0.000000,1.4,9.9
1742820444.861000,45.368311,6.577030,1900.679501,17.5,3.487813,1.4,9.9
1742820447.861000,45.368448,6.577086,1902.518743,17.2,5.310655,1.4,9.9
1742820449.861000,45.368550,6.577140,1895.384686,25.0,6.015926,1.4,9.9
1742820451.861000,45.368671,6.577194,1890.355306,10.1,6.353043,1.4,9.9
1742820453.861000,45.368788,6.577267,1885.456384,28.6,7.538538,1.4,9.9
1742820455.861000,45.368911,6.577260,1876.837934,343.4,6.957135,1.4,9.9
1742820457.861000,45.369034,6.577308,1872.319575,32.6,7.073483,1.5,9.9
1742820459.861000,45.369152,6.577362,1866.546797,338.2,8.096560,1.5,9.9
1742820461.861000,45.369298,6.577291,1858.948874,12.0,8.577977,1.5,9.9
1742820463.860000,45.369440,6.577331,1854.642785,332.1,8.714497,1.5,9.9
1742820465.861000,45.369576,6.577242,1845.692168,7.9,7.170959,1.5,9.9
1742820467.861000,45.369702,6.577240,1843.012400,323.0,7.907845,1.5,9.9
1742820469.861000,45.369859,6.577192,1835.550821,17.8,9.631215,1.5,9.9
1742820471.861000,45.369980,6.577131,1828.464107,320.0,6.465035,1.6,9.9
1742820473.861000,45.370126,6.577085,1823.915101,19.9,8.757889,1.6,9.9
1742820475.860000,45.370248,6.577202,1825.237617,28.0,8.768035,1.6,9.9
1742820477.861000,45.370425,6.577199,1815.752750,357.0,10.061672,1.6,9.9
1742820479.860000,45.370540,6.577321,1810.148920,60.0,8.308166,1.6,9.9
1742820481.860000,45.370656,6.577483,1805.263671,53.0,9.329576,1.6,9.9
1742820483.860000,45.370790,6.577593,1800.752474,16.0,9.529560,1.6,9.9
1742820485.860000,45.370868,6.577749,1792.821914,89.9,7.139225,1.6,9.9
1742820487.860000,45.370947,6.577885,1788.387326,13.0,7.909529,1.7,9.9
1742820489.861000,45.371061,6.577990,1786.832703,67.9,8.155125,1.7,9.9
1742820491.861000,45.371155,6.578137,1781.163816,10.1,7.247628,1.7,9.9
1742820493.861000,45.371274,6.578139,1778.094599,9.0,7.879740,1.7,9.9
1742820495.860000,45.371410,6.578205,1769.981760,355.0,5.613475,1.7,9.9
1742820497.860000,45.371506,6.578214,1767.099976,31.9,8.098219,1.7,9.9
1742820499.860000,45.371645,6.578263,1764.668954,347.1,6.784468,1.7,9.9
1742820501.861000,45.371742,6.578220,1760.746897,353.9,6.902476,1.8,9.9
1742820503.861000,45.371853,6.578292,1758.960494,38.0,7.324315,1.8,9.9
1742820505.861000,45.371974,6.578306,1759.180150,327.0,5.300924,1.8,9.9
1742820509.860000,45.372092,6.578304,1757.522237,24.0,5.778673,1.4,9.9
1742820511.861000,45.372186,6.578406,1753.596286,52.0,7.159870,1.4,9.9
1742820514.860000,45.372175,6.578537,1748.008059,125.0,1.440456,1.4,9.9
1742820518.860000,45.372156,6.578680,1746.377979,107.0,3.556843,1.4,9.9
1742820522.860000,45.372115,6.578812,1741.500000,109.0,4.976249,1.9,9.9
1742820524.860000,45.372052,6.578951,1737.176189,164.7,5.871142,2.0,9.9
1742820526.861000,45.371986,6.579064,1734.136280,122.1,6.330872,2.0,9.9
1742820528.861000,45.371909,6.579211,1731.263378,138.6,6.456501,1.9,9.9
1742820530.861000,45.371822,6.579319,1728.368082,126.0,7.489736,2.1,9.9
1742820532.861000,45.371728,6.579423,1725.315933,145.0,5.420450,2.1,9.9
1742820534.861000,45.371673,6.579561,1724.840271,108.0,5.990195,1.7,9.9
1742820536.860000,45.371641,6.579698,1720.274041,104.0,5.764939,2.1,9.9
1742820538.860000,45.371608,6.579857,1718.729134,122.9,6.650092,2.2,9.9
1742820544.861000,45.371602,6.579995,1715.198470,56.0,1.479963,1.6,9.9
1742820563.860000,45.371563,6.580114,1716.973108,117.6,1.857507,1.4,9.9
1742820567.861000,45.371542,6.580302,1721.383732,91.4,4.597828,1.5,9.9
1742820569.861000,45.371533,6.580496,1714.811199,88.1,6.928538,1.5,9.9
1742820571.861000,45.371514,6.580720,1708.729785,101.1,7.971013,1.5,9.9
1742820573.861000,45.371439,6.580872,1708.920786,129.8,6.320538,1.5,9.9
1742820576.861000,45.371323,6.580910,1706.763161,150.2,3.548763,1.7,9.9
1742820580.860000,45.371229,6.580903,1712.707066,201.4,2.038643,1.4,9.9
1742820600.861000,45.371194,6.580880,1721.987163,166.3,0.000000,1.4,9.9
1742820600.861000,45.371194,6.580880,1721.987163,166.3,0.000000,1.4,9.9
1742820639.623000,45.371214,6.580774,1732.466230,278.6,1.004265,2.2,8.4
1742820648.349000,45.371225,6.580642,1733.564757,286.1,1.064037,3.5,10.3
1742820674.328000,45.371180,6.580756,1742.400024,142.0,0.822502,1.9,8.1
1742820721.860000,45.371088,6.580733,1740.599976,223.6,0.172867,1.5,4.8
1742820728.861000,45.370880,6.580700,1750.520298,182.3,1.793504,1.5,5.2
1742820729.860000,45.370716,6.580679,1751.623193,157.8,0.768061,1.6,5.8
1742820731.861000,45.370582,6.580667,1755.999910,116.7,0.222374,1.4,7.2
1742820735.861000,45.370475,6.580633,1767.276626,276.6,0.143578,1.2,7.0
1742820744.860000,45.370280,6.580592,1776.725074,184.4,3.797720,1.7,4.6
1742820745.861000,45.370114,6.580604,1778.077695,174.1,3.186093,1.7,5.9
1742820746.861000,45.370021,6.580614,1779.562038,161.1,0.658283,1.7,7.1
1742820749.860000,45.369917,6.580608,1782.032877,147.6,0.200069,1.7,6.8
1742820759.861000,45.369684,6.580582,1796.843268,184.4,1.706751,1.8,7.6
1742820760.861000,45.369531,6.580556,1800.330493,125.4,0.115911,1.7,7.8
1742820762.861000,45.369397,6.580541,1802.306055,137.5,0.156100,1.6,8.0
1742820764.861000,45.369275,6.580523,1807.702658,184.1,2.962407,3.3,9.0
1742820766.861000,45.369169,6.580508,1811.254252,184.6,3.980000,1.4,9.4
1742820769.861000,45.369042,6.580492,1813.209292,185.0,4.206899,1.9,9.9
1742820772.861000,45.368917,6.580476,1817.074999,184.8,4.425183,1.9,9.9
1742820775.861000,45.368799,6.580462,1819.397449,184.0,4.377692,1.9,9.9
1742820778.861000,45.368681,6.580450,1823.107323,184.0,4.356233,1.9,9.9
1742820781.861000,45.368562,6.580439,1828.069968,184.0,4.400341,1.8,9.9
1742820784.861000,45.368447,6.580427,1833.037626,183.0,4.291251,1.9,9.9
1742820787.861000,45.368329,6.580411,1835.657340,183.0,4.301023,2.0,9.9
1742820790.860000,45.368210,6.580392,1836.462581,185.0,4.304518,1.9,9.9
1742820793.859000,45.368094,6.580378,1839.875242,185.0,4.291366,1.9,9.9
1742820796.860000,45.367974,6.580368,1844.983656,185.0,4.389984,1.6,9.9
1742820799.860000,45.367857,6.580361,1847.803166,184.0,4.428994,1.0,9.9
1742820802.859000,45.367737,6.580348,1848.331932,184.0,4.331625,1.3,9.9
1742820805.860000,45.367618,6.580333,1850.901102,183.0,4.349946,1.3,9.9
1742820808.860000,45.367497,6.580316,1855.087914,184.0,4.340730,1.4,9.9
1742820811.859000,45.367382,6.580301,1858.057180,184.0,4.288752,1.4,9.9
1742820814.860000,45.367267,6.580289,1863.064129,183.0,4.455291,1.4,9.9
1742820817.859000,45.367145,6.580280,1863.230543,183.0,4.439333,1.4,9.9
1742820820.859000,45.367025,6.580267,1865.042985,183.0,4.478569,1.4,9.9
1742820823.859000,45.366905,6.580253,1872.167105,183.0,4.380392,0.8,9.9
1742820826.859000,45.366789,6.580241,1873.059686,183.0,4.262436,2.9,9.9
1742820829.860000,45.366672,6.580229,1873.446799,183.0,4.359447,1.4,9.9
1742820832.860000,45.366553,6.580214,1876.329480,183.0,4.331196,1.4,9.9
1742820835.859000,45.366432,6.580200,1879.585008,183.0,4.409896,1.4,9.9
1742820838.859000,45.366314,6.580187,1882.789179,184.0,4.350662,1.4,9.9
1742820841.860000,45.366196,6.580174,1885.914655,184.0,4.320338,1.4,9.9
1742820844.860000,45.366083,6.580158,1891.691581,184.0,4.299555,1.4,9.9
1742820847.859000,45.365968,6.580142,1892.834616,184.0,4.308897,1.4,9.9
1742820850.859000,45.365851,6.580129,1895.843262,184.0,4.576553,1.4,9.9
1742820853.859000,45.365728,6.580114,1903.698766,184.0,4.419582,0.8,9.9
1742820856.859000,45.365606,6.580098,1904.825603,184.0,4.440123,2.9,9.9
1742820859.859000,45.365488,6.580083,1903.877142,184.0,4.419987,1.5,9.9
1742820862.859000,45.365374,6.580069,1906.863798,184.0,4.359217,1.4,9.9
1742820865.860000,45.365257,6.580055,1907.272548,184.0,4.350275,1.4,9.9
1742820868.859000,45.365137,6.580045,1912.826541,184.0,4.410882,1.4,9.9
1742820871.860000,45.365019,6.580035,1915.908858,184.0,4.390323,1.4,9.9
1742820874.859000,45.364901,6.580022,1920.988990,183.0,4.291030,1.4,9.9
1742820877.860000,45.364785,6.580009,1921.731129,184.0,4.261374,1.5,9.9
1742820880.859000,45.364671,6.579991,1922.715538,187.0,4.449183,1.5,9.9
1742820883.859000,45.364556,6.579978,1930.109893,185.0,4.349972,1.3,9.9
1742820886.859000,45.364436,6.579966,1935.612722,184.0,4.331074,2.9,9.9
1742820889.859000,45.364320,6.579958,1936.208133,183.0,4.379328,1.4,9.9
1742820892.859000,45.364205,6.579946,1941.683208,184.0,4.309672,1.4,9.9
1742820895.860000,45.364092,6.579932,1945.740533,183.0,4.179896,1.4,9.9
1742820898.859000,45.363978,6.579917,1950.429928,184.0,4.308841,1.4,9.9
1742820901.860000,45.363863,6.579902,1954.384667,184.0,4.301287,1.4,9.9
1742820904.859000,45.363748,6.579888,1961.930082,184.0,4.349433,1.4,9.9
1742820907.860000,45.363635,6.579875,1963.493635,184.0,4.239666,1.5,9.9
1742820910.860000,45.363519,6.579860,1965.127496,185.0,4.201666,2.3,9.9
1742820913.860000,45.363404,6.579847,1973.297236,184.0,4.328848,1.4,9.9
1742820916.860000,45.363293,6.579837,1982.223984,184.0,4.198823,1.0,9.9
1742820919.860000,45.363176,6.579825,1985.645604,185.0,4.192016,2.8,9.9
1742820922.860000,45.363062,6.579812,1988.845237,184.0,4.497637,1.4,9.9
1742820925.860000,45.362949,6.579796,1993.504272,185.0,4.049923,1.4,9.9
1742820928.859000,45.362833,6.579779,1998.475772,185.0,4.163965,1.4,9.9
1742820931.858000,45.362727,6.579764,2004.421398,184.0,4.368062,1.4,9.9
1742820934.859000,45.362620,6.579754,2012.777626,185.0,3.998492,1.4,9.9
1742820937.860000,45.362512,6.579729,2014.515066,184.0,3.900241,1.5,9.9
1742820940.860000,45.362402,6.579717,2019.462719,185.0,4.199453,2.3,9.9
1742820943.860000,45.362293,6.579698,2028.501307,189.0,4.167497,1.5,9.9
1742820946.860000,45.362183,6.579691,2038.651452,186.0,3.850035,1.0,9.9
1742820949.859000,45.362074,6.579681,2044.094822,184.0,4.011407,2.9,9.9
1742820952.860000,45.361968,6.579664,2047.374578,186.0,3.990287,1.4,9.9
1742820955.860000,45.361859,6.579642,2053.923689,186.0,4.643260,1.4,9.9
1742820958.860000,45.361742,6.579624,2057.451232,186.0,4.414494,1.4,9.9
1742820961.860000,45.361624,6.579606,2062.296757,184.0,4.120326,1.4,9.9
1742820964.860000,45.361508,6.579586,2068.978844,184.0,4.160574,1.4,9.9
1742820967.859000,45.361392,6.579567,2071.289851,184.0,4.280008,1.5,9.9
1742820970.860000,45.361277,6.579554,2071.994546,178.0,4.179790,2.7,9.9
1742820973.860000,45.361159,6.579546,2081.774922,181.0,4.536333,1.3,9.9
1742820976.860000,45.361038,6.579528,2087.063273,183.0,4.360462,1.0,9.9
1742820979.860000,45.360922,6.579512,2087.574218,183.0,4.340715,2.8,9.9
1742820982.860000,45.360805,6.579493,2087.302087,183.0,4.409776,1.5,9.9
1742820985.860000,45.360686,6.579478,2090.488826,185.0,4.370857,1.5,9.9
1742820988.860000,45.360568,6.579464,2093.186373,183.0,4.390159,1.5,9.9
1742820991.860000,45.360448,6.579450,2095.489438,185.0,4.410111,1.5,9.9
1742820994.860000,45.360328,6.579444,2100.864524,184.0,4.420767,1.4,9.9
1742820997.860000,45.360211,6.579440,2101.311401,185.9,4.358662,1.5,9.9
1742821000.860000,45.360091,6.579423,2101.416157,184.0,4.429971,1.9,9.9
1742821003.859000,45.359968,6.579410,2111.720327,185.0,4.320851,1.1,9.9
1742821006.860000,45.359850,6.579403,2111.178123,185.0,4.390680,1.5,9.9
1742821009.860000,45.359734,6.579395,2114.250998,185.0,4.359985,1.5,9.9
1742821012.860000,45.359617,6.579385,2118.582096,185.0,4.330602,1.5,9.9
1742821015.859000,45.359502,6.579378,2118.830757,185.0,4.309117,1.9,9.9
1742821018.859000,45.359384,6.579371,2125.938350,185.0,4.319677,1.6,9.9
1742821021.859000,45.359269,6.579361,2130.124323,183.0,4.191732,1.6,9.9
1742821024.859000,45.359144,6.579353,2135.619650,185.0,4.512423,1.6,9.9
1742821027.860000,45.359021,6.579340,2130.939438,185.0,4.510073,2.7,9.9
1742821030.860000,45.358901,6.579326,2132.513984,184.0,4.430264,2.0,9.9
1742821033.860000,45.358782,6.579307,2140.788785,182.0,4.429716,3.1,9.9
1742821036.860000,45.358663,6.579284,2142.570071,184.0,4.370037,3.2,9.9
1742821039.860000,45.358543,6.579261,2141.627865,188.0,4.489343,1.7,9.9
1742821042.858000,45.358423,6.579243,2143.971381,187.0,4.439931,1.7,9.9
1742821045.860000,45.358301,6.579236,2143.083823,185.0,4.389750,1.9,9.9
1742821048.860000,45.358179,6.579233,2148.344931,185.0,4.449822,1.8,9.9
1742821051.860000,45.358062,6.579223,2150.758599,184.0,4.419388,1.8,9.9
1742821054.860000,45.357945,6.579215,2156.507110,184.0,4.331628,1.8,9.9
1742821057.860000,45.357828,6.579206,2156.522263,184.0,4.429767,1.9,9.9
1742821060.860000,45.357711,6.579194,2160.229613,183.0,4.360281,1.8,9.9
1742821063.860000,45.357593,6.579184,2166.166931,183.0,4.320237,3.3,9.9
1742821066.860000,45.357473,6.579178,2169.281168,183.0,4.389689,1.5,9.9
1742821069.859000,45.357353,6.579168,2166.427145,183.0,4.470330,1.9,9.9
1742821072.860000,45.357232,6.579157,2169.242520,183.0,4.440015,2.0,9.9
1742821075.859000,45.357112,6.579143,2171.800379,183.0,4.430168,2.0,9.9
1742821078.860000,45.356993,6.579132,2174.014449,184.0,4.430372,2.0,9.9
1742821081.859000,45.356875,6.579116,2176.174000,184.0,4.321070,2.0,9.9
1742821084.859000,45.356760,6.579097,2181.958959,185.0,4.310867,2.0,9.9
1742821087.860000,45.356639,6.579086,2181.610545,184.0,4.440220,2.1,9.9
1742821090.860000,45.356518,6.579075,2184.254122,184.0,4.291685,1.4,9.9
1742821093.859000,45.356399,6.579062,2190.689154,184.0,4.370442,0.8,9.9
1742821096.860000,45.356280,6.579048,2194.546872,184.0,4.379895,1.0,9.9
1742821099.860000,45.356162,6.579029,2193.554782,184.0,4.289796,1.5,9.9
1742821102.860000,45.356044,6.579013,2197.016167,184.0,4.418573,1.5,9.9
1742821105.860000,45.355922,6.578997,2196.555732,184.0,4.449794,1.5,9.9
1742821108.860000,45.355803,6.578981,2201.099443,185.0,4.499065,1.5,9.9
1742821111.860000,45.355686,6.578962,2203.610860,184.0,4.439296,1.5,9.9
1742821114.860000,45.355567,6.578950,2208.246024,184.0,4.390927,1.4,9.9
1742821117.860000,45.355449,6.578943,2208.042498,184.0,4.360002,1.5,9.9
1742821120.859000,45.355327,6.578935,2207.708065,184.0,4.419683,2.5,9.9
1742821123.860000,45.355205,6.578924,2214.730772,184.0,4.449346,1.3,9.9
1742821126.860000,45.355081,6.578912,2217.896925,184.0,4.401230,1.0,9.9
1742821129.859000,45.354959,6.578903,2213.512727,183.0,4.489846,1.5,9.9
1742821132.860000,45.354839,6.578891,2213.153784,184.0,4.430228,1.5,9.9
1742821135.859000,45.354720,6.578876,2213.250265,183.0,4.470057,1.5,9.9
1742821138.859000,45.354599,6.578861,2213.388580,184.0,4.490003,1.5,9.9
1742821141.858000,45.354480,6.578846,2213.719868,184.0,4.509656,1.5,9.9
1742821144.858000,45.354358,6.578835,2216.533240,184.0,4.430554,1.4,9.9
1742821147.858000,45.354238,6.578822,2214.341996,184.0,4.450002,1.5,9.9
1742821150.858000,45.354118,6.578809,2211.203516,184.0,4.489238,2.2,9.9
1742821153.859000,45.353994,6.578795,2215.394757,184.0,4.529460,1.3,9.9
1742821156.858000,45.353871,6.578783,2218.975259,184.0,4.490328,1.0,9.9
1742821159.859000,45.353749,6.578771,2218.255066,184.0,4.529787,2.9,9.9
1742821162.859000,45.353629,6.578757,2216.221475,184.0,4.410765,1.5,9.9
1742821165.859000,45.353509,6.578743,2216.871458,184.0,4.460330,1.5,9.9
1742821168.859000,45.353391,6.578728,2217.977150,184.0,4.469461,1.5,9.9
1742821171.859000,45.353269,6.578715,2218.765667,184.0,4.520761,1.5,9.9
1742821174.859000,45.353150,6.578706,2222.255593,184.0,4.470326,1.4,9.9
1742821177.859000,45.353030,6.578697,2220.798051,184.0,4.450644,1.5,9.9
1742821180.859000,45.352910,6.578682,2218.766675,184.0,4.440549,2.2,9.9
1742821183.857000,45.352791,6.578666,2224.299404,184.0,4.449789,1.3,9.9
1742821186.859000,45.352672,6.578647,2228.890389,184.0,4.469881,1.0,9.9
1742821189.859000,45.352550,6.578635,2229.499243,184.0,4.459794,2.9,9.9
1742821192.858000,45.352429,6.578622,2228.422084,184.0,4.468928,1.5,9.9
1742821195.859000,45.352309,6.578607,2230.110621,184.0,4.440225,1.5,9.9
1742821198.859000,45.352190,6.578593,2232.437128,184.0,4.449557,1.5,9.9
1742821201.859000,45.352070,6.578579,2234.555940,184.0,4.410112,1.5,9.9
1742821204.859000,45.351952,6.578563,2236.578529,184.0,4.429336,1.5,9.9
1742821207.859000,45.351834,6.578544,2239.461033,184.0,4.419992,1.5,9.9
1742821210.858000,45.351716,6.578525,2238.291618,184.0,4.409889,2.2,9.9
1742821213.859000,45.351597,6.578510,2245.367223,184.0,4.410326,1.3,9.9
1742821216.859000,45.351476,6.578494,2250.669627,184.0,4.391154,1.0,9.9
1742821219.859000,45.351359,6.578479,2251.643577,184.0,4.389446,2.9,9.9
1742821222.858000,45.351240,6.578461,2252.041680,184.0,4.341237,1.5,9.9
1742821225.859000,45.351122,6.578445,2254.915135,184.0,4.420156,1.5,9.9
1742821228.859000,45.351005,6.578433,2257.692569,184.0,4.409882,1.5,9.9
1742821231.859000,45.350886,6.578422,2260.651359,184.0,4.330612,1.5,9.9
1742821234.859000,45.350768,6.578413,2263.833771,184.0,4.371084,1.5,9.9
1742821237.859000,45.350652,6.578400,2269.288714,184.0,4.359198,1.4,9.9
1742821240.859000,45.350536,6.578389,2266.356304,185.0,4.379618,2.6,9.9
1742821243.858000,45.350418,6.578373,2273.485239,184.0,4.389517,1.4,9.9
1742821246.859000,45.350300,6.578353,2280.921808,185.0,4.360002,1.0,9.9
1742821249.859000,45.350184,6.578327,2282.961517,186.0,4.379682,2.9,9.9
1742821252.859000,45.350069,6.578311,2284.011454,186.0,4.329612,1.5,9.9
1742821255.858000,45.349956,6.578298,2288.289391,186.0,4.329122,1.5,9.9
1742821258.858000,45.349842,6.578284,2289.226620,186.0,4.270518,1.5,9.9
1742821261.859000,45.349728,6.578268,2295.708527,187.0,4.309886,1.5,9.9
1742821264.859000,45.349613,6.578260,2300.341243,185.0,4.220160,1.5,9.9
1742821267.858000,45.349496,6.578247,2307.064335,187.0,4.299810,1.4,9.9
1742821270.859000,45.349382,6.578233,2310.089744,187.0,4.209698,1.5,9.9
1742821273.858000,45.349266,6.578221,2313.318493,186.0,4.586631,1.4,9.9
1742821276.858000,45.349143,6.578205,2318.868005,186.0,4.430313,2.9,9.9
1742821279.858000,45.349022,6.578196,2323.386818,185.0,4.360668,1.0,9.9
1742821282.859000,45.348903,6.578191,2322.018466,184.0,4.380223,1.5,9.9
1742821285.859000,45.348784,6.578187,2325.209318,183.0,4.331170,1.5,9.9
1742821288.859000,45.348668,6.578179,2325.884073,184.0,4.319890,1.5,9.9
1742821291.859000,45.348548,6.578166,2332.295753,183.0,4.468995,1.5,9.9
1742821294.858000,45.348432,6.578150,2337.814110,184.0,4.368684,1.4,9.9
1742821297.858000,45.348314,6.578138,2341.346629,183.0,4.379119,1.4,9.9
1742821300.858000,45.348196,6.578124,2342.262744,183.0,4.281483,1.5,9.9
1742821303.859000,45.348082,6.578104,2346.625953,185.0,4.280112,1.4,9.9
1742821306.859000,45.347969,6.578078,2352.805128,185.0,4.289990,2.9,9.9
1742821309.859000,45.347852,6.578049,2357.898621,188.0,4.422816,1.0,9.9
1742821312.859000,45.347741,6.578023,2358.352293,188.0,4.309007,1.5,9.9
1742821315.859000,45.347628,6.578014,2361.542928,187.0,4.300571,1.5,9.9
1742821318.859000,45.347511,6.578010,2366.380209,186.0,4.250239,1.5,9.9
1742821321.858000,45.347394,6.578005,2370.460884,185.0,4.179592,1.4,9.9
1742821324.858000,45.347278,6.577991,2377.638675,185.0,4.239398,1.4,9.9
1742821327.859000,45.347163,6.577975,2382.173243,183.0,4.278540,1.4,9.9
1742821330.857000,45.347046,6.577965,2384.700008,184.0,4.211279,1.5,9.9
1742821333.859000,45.346931,6.577955,2389.705288,183.0,4.179794,1.4,9.9
1742821336.859000,45.346817,6.577950,2398.277121,183.0,4.101585,1.0,9.9
1742821339.859000,45.346706,6.577931,2402.384223,187.0,4.219992,1.0,9.9
1742821342.859000,45.346594,6.577908,2404.612383,185.0,4.298910,1.5,9.9
1742821345.859000,45.346481,6.577889,2409.700369,185.0,4.377111,1.5,9.9
1742821348.858000,45.346371,6.577871,2413.857596,188.0,4.159686,1.5,9.9
1742821351.859000,45.346260,6.577840,2422.249286,187.0,4.149354,1.5,9.9
1742821354.859000,45.346146,6.577828,2427.655060,182.3,4.139110,1.4,9.9
1742821357.859000,45.346036,6.577810,2430.804868,192.8,4.044484,1.5,9.9
1742821360.859000,45.345928,6.577779,2436.631268,193.7,3.939191,1.4,10.1
1742821363.859000,45.345816,6.577745,2443.238456,190.1,4.143627,1.3,10.3
1742821366.858000,45.345703,6.577742,2452.226595,187.0,4.095016,1.0,10.1
1742821369.858000,45.345592,6.577742,2457.699668,183.0,4.099776,0.9,9.9
1742821372.859000,45.345481,6.577729,2459.749379,182.0,4.158951,1.5,9.9
1742821375.859000,45.345365,6.577718,2464.244171,183.0,4.062335,1.5,9.9
1742821378.859000,45.345251,6.577718,2467.986529,183.0,4.340827,1.5,9.9
1742821381.859000,45.345132,6.577706,2474.161519,184.0,4.200106,1.4,9.9
1742821384.858000,45.345012,6.577680,2478.875974,184.0,4.319982,1.4,9.9
1742821387.857000,45.344895,6.577662,2480.421097,184.0,4.300540,1.4,9.9
1742821390.858000,45.344780,6.577647,2485.689063,184.0,4.290545,1.3,9.9
1742821393.858000,45.344666,6.577634,2492.751207,184.0,4.338811,1.0,9.9
1742821396.859000,45.344549,6.577620,2497.475253,183.0,4.279633,1.0,9.9
1742821399.859000,45.344432,6.577591,2497.828648,203.9,4.182915,1.5,9.9
1742821402.859000,45.344317,6.577571,2502.700654,185.0,4.475142,1.5,9.9
1742821405.858000,45.344200,6.577576,2508.117931,183.0,4.062742,1.5,9.9
1742821408.859000,45.344084,6.577571,2515.238743,181.0,4.181270,1.4,9.9
1742821411.859000,45.343968,6.577562,2519.474627,174.0,4.249985,1.4,9.9
1742821414.858000,45.343854,6.577554,2521.942872,183.9,4.238328,1.5,9.9
1742821417.858000,45.343744,6.577535,2528.307563,185.0,4.399261,1.3,11.1
1742821420.857000,45.343639,6.577520,2534.428808,190.0,4.574452,1.0,10.9
1742821423.858000,45.343536,6.577500,2534.472212,198.8,2.199216,1.1,10.0
1742821434.859000,45.343447,6.577525,2531.415269,183.5,0.262126,1.5,9.9
1742821450.858000,45.343375,6.577610,2534.457511,132.3,1.380066,1.2,9.9
1742821460.859000,45.343341,6.577729,2530.498152,130.2,0.581705,1.5,9.9
1742821503.857000,45.343287,6.577832,2533.998983,140.6,1.568881,0.8,9.9
1742821508.857000,45.343206,6.577949,2528.820991,132.9,3.341773,1.5,9.9
1742821511.858000,45.343111,6.578072,2526.151493,130.4,4.718701,1.5,10.1
1742821513.858000,45.343049,6.578193,2524.839436,126.8,5.596162,1.5,10.1
1742821515.858000,45.342971,6.578319,2521.048755,132.3,6.295887,2.0,10.0
1742821517.857000,45.342879,6.578444,2519.372773,135.2,6.679677,1.8,9.9
1742821519.858000,45.342783,6.578570,2517.797116,133.2,7.214386,1.9,9.9
1742821521.858000,45.342689,6.578724,2517.595155,132.0,8.032000,1.5,9.9
1742821523.857000,45.342604,6.578916,2517.317876,121.2,8.335174,1.6,9.9
1742821525.856000,45.342540,6.579133,2514.355410,113.9,8.706910,1.7,8.9
1742821527.857000,45.342505,6.579362,2507.978321,102.4,8.931329,2.1,6.9
1742821529.858000,45.342471,6.579586,2505.989929,110.9,8.515061,2.3,3.8
1742821531.857000,45.342381,6.579706,2505.360751,160.0,6.060534,2.0,3.8
1742821533.857000,45.342285,6.579753,2508.504063,160.0,5.899962,1.6,3.8
1742821535.858000,45.342189,6.579832,2509.973929,182.0,6.098853,3.1,3.8
1742821537.858000,45.342082,6.579864,2506.274096,142.2,6.070200,1.7,3.8
1742821539.858000,45.341979,6.579922,2504.958311,205.8,6.315372,1.8,3.8
1742821541.857000,45.341879,6.579894,2501.666570,166.1,6.064380,1.7,3.8
1742821543.858000,45.341779,6.579898,2498.797657,189.4,5.804821,1.7,3.8
1742821546.858000,45.341640,6.579875,2492.899811,180.8,6.275198,2.1,3.8
1742821548.857000,45.341562,6.579803,2489.172992,220.0,3.931382,2.1,3.8
1742821550.858000,45.341452,6.579792,2486.575771,172.0,7.509180,2.0,3.8
1742821553.858000,45.341339,6.579775,2484.812508,154.0,5.406852,1.8,3.8
1742821555.858000,45.341244,6.579792,2481.561897,166.0,5.759131,1.9,3.8
1742821557.857000,45.341148,6.579810,2477.955567,177.8,5.504419,1.9,3.8
1742821559.858000,45.341043,6.579773,2471.691205,160.0,6.259835,2.5,3.8
1742821562.857000,45.340977,6.579932,2471.240732,90.0,5.239971,1.7,3.8
1742821564.857000,45.340975,6.580060,2468.015024,84.0,5.159840,1.9,3.8
1742821567.857000,45.340928,6.580200,2466.663385,147.0,6.147654,1.9,3.8
1742821569.857000,45.340834,6.580239,2465.833198,154.0,5.530208,3.3,3.8
1742821572.858000,45.340776,6.580416,2459.900146,126.0,6.599154,1.9,3.8
1742821574.858000,45.340693,6.580531,2456.300049,120.0,7.648271,2.0,3.8
1742821576.858000,45.340644,6.580720,2449.362102,125.9,8.018624,2.0,3.8
1742821578.857000,45.340541,6.580851,2443.693384,124.0,8.868236,2.3,3.8
1742821580.858000,45.340514,6.581038,2438.370521,105.0,7.659657,2.2,3.8
1742821582.858000,45.340443,6.581241,2436.891635,96.0,8.279728,2.0,3.8
1742821584.858000,45.340387,6.581388,2431.546707,150.9,6.866121,2.0,3.8
1742821586.858000,45.340320,6.581556,2427.126377,91.0,8.098449,2.0,3.8
1742821588.858000,45.340252,6.581715,2423.160462,131.5,8.664228,2.0,3.8
1742821590.857000,45.340168,6.581884,2414.607567,102.0,9.008875,2.5,3.8
1742821592.857000,45.340086,6.582050,2409.514665,154.8,7.664304,1.7,3.8
1742821594.858000,45.339997,6.582205,2410.356591,99.1,7.317128,0.8,3.8
1742821596.857000,45.339941,6.582370,2406.994039,140.9,7.910421,1.0,3.8
1742821598.857000,45.339827,6.582461,2398.897941,137.0,8.167199,1.5,3.8
1742821600.858000,45.339764,6.582618,2390.575714,135.7,7.273241,1.5,3.8
1742821602.858000,45.339672,6.582632,2387.355817,202.0,4.221073,1.5,3.8
1742821605.856000,45.339581,6.582737,2380.355043,103.0,4.551400,1.5,3.8
1742821607.858000,45.339491,6.582780,2377.217102,197.6,6.502319,1.7,3.8
1742821609.858000,45.339373,6.582829,2373.104101,156.0,8.117537,1.9,3.8
1742821611.858000,45.339268,6.582825,2368.803277,172.0,5.390302,1.4,3.8
1742821613.858000,45.339168,6.582892,2367.946987,180.0,6.596246,1.5,3.8
1742821615.858000,45.339079,6.582952,2363.657402,119.0,6.637309,1.5,3.8
1742821617.857000,45.338987,6.583042,2358.667254,160.3,6.025272,1.5,3.8
1742821619.857000,45.338898,6.583095,2352.568550,121.0,6.695908,2.0,3.8
1742821621.858000,45.338837,6.583235,2348.691532,127.6,7.064560,1.6,3.8
1742821623.857000,45.338755,6.583293,2348.357737,160.0,4.699950,1.4,3.8
1742821625.858000,45.338688,6.583412,2345.705720,107.7,5.744956,1.5,3.8
1742821627.858000,45.338687,6.583564,2342.296304,112.0,6.359411,1.5,3.8
1742821629.858000,45.338662,6.583697,2339.281224,63.0,4.979644,1.4,3.8
1742821631.858000,45.338704,6.583811,2336.449258,70.6,6.834905,1.5,3.8
1742821633.858000,45.338671,6.583986,2331.180054,110.0,7.535157,1.5,3.8
1742821635.856000,45.338707,6.584127,2323.003936,46.5,4.996221,1.8,3.8
1742821637.858000,45.338762,6.584284,2317.740880,91.0,8.671180,1.8,3.8
1742821639.857000,45.338807,6.584464,2310.999499,69.3,7.349480,1.8,3.8
1742821641.858000,45.338883,6.584624,2305.827701,89.7,7.597320,1.6,3.8
1742821643.857000,45.338888,6.584790,2303.641334,60.2,6.970315,1.5,3.8
1742821645.858000,45.338963,6.584933,2298.322683,71.4,6.833283,1.5,3.8
1742821647.858000,45.338940,6.585095,2292.631424,109.0,7.122773,1.5,3.8
1742821649.858000,45.338998,6.585256,2288.406457,35.7,7.363158,1.5,3.8
1742821651.858000,45.339128,6.585324,2280.518643,3.2,7.734688,1.9,3.8
1742821653.858000,45.339238,6.585339,2282.104507,18.6,6.136026,1.3,3.8
1742821655.858000,45.339305,6.585453,2279.782559,46.6,5.675509,1.5,3.8
1742821657.857000,45.339417,6.585542,2281.428216,28.0,8.201755,1.0,4.8
1742821659.857000,45.339533,6.585682,2273.559978,32.2,8.828362,1.5,6.9
1742821661.858000,45.339666,6.585799,2269.858132,49.4,8.081605,1.4,8.9
1742821663.857000,45.339800,6.585893,2268.593981,8.0,9.592357,1.5,9.9
1742821665.858000,45.339934,6.586008,2264.159486,35.0,8.749961,1.4,9.9
1742821667.858000,45.340077,6.586068,2259.436319,29.0,8.679938,1.5,9.9
1742821669.858000,45.340214,6.586143,2255.713884,27.9,7.912321,1.7,9.9
1742821671.858000,45.340348,6.586185,2252.880388,4.3,7.306910,1.6,9.9
1742821673.858000,45.340472,6.586189,2254.365315,11.0,6.919591,1.5,9.9
1742821675.858000,45.340604,6.586245,2250.394909,350.0,8.459681,1.5,9.9
1742821677.857000,45.340759,6.586251,2247.647605,10.9,8.483888,1.5,9.9
1742821679.856000,45.340802,6.586459,2240.584697,56.0,7.890000,1.8,9.9
1742821681.857000,45.340922,6.586545,2237.201825,12.0,7.060069,1.6,9.9
1742821683.858000,45.341012,6.586681,2238.454754,84.0,7.808622,1.4,9.9
1742821685.857000,45.341063,6.586865,2237.507439,51.3,8.191960,2.8,9.9
1742821687.858000,45.341107,6.587068,2231.071303,108.0,8.199932,1.5,9.9
1742821689.858000,45.341099,6.587294,2220.968261,67.1,10.505567,1.7,9.9
1742821690.857000,45.341125,6.587420,2221.184516,86.8,10.352848,1.4,9.9
1742821691.858000,45.341107,6.587547,2218.142660,105.7,9.960269,1.4,9.9
1742821692.857000,45.341100,6.587692,2216.226874,79.1,12.336277,1.5,9.9
1742821693.857000,45.341114,6.587854,2212.523179,89.0,12.639626,1.4,9.9
1742821694.858000,45.341116,6.588019,2207.626134,87.0,12.899907,1.5,9.9
1742821695.858000,45.341136,6.588178,2205.537092,73.0,12.830007,1.5,9.9
1742821696.857000,45.341166,6.588332,2202.763389,77.0,12.420162,1.5,9.9
1742821697.858000,45.341193,6.588476,2200.215276,73.0,11.510426,1.7,9.9
1742821698.858000,45.341223,6.588605,2198.738121,70.0,10.230351,1.8,9.9
1742821700.857000,45.341282,6.588828,2198.829178,69.2,9.311965,1.4,9.9
1742821702.858000,45.341337,6.589008,2202.029263,76.2,7.814892,1.5,9.9
1742821704.858000,45.341376,6.589164,2201.490898,87.1,6.750534,1.5,9.9
1742821706.857000,45.341391,6.589315,2197.123783,98.6,6.188171,1.7,9.9
1742821708.857000,45.341370,6.589463,2196.641427,108.1,6.045062,1.9,9.9
1742821710.858000,45.341317,6.589614,2194.709579,128.5,6.393957,1.6,9.9
1742821712.858000,45.341227,6.589711,2197.035023,152.0,6.028732,1.4,9.9
1742821714.858000,45.341131,6.589748,2199.538624,180.8,5.363826,2.8,9.9
1742821718.858000,45.341049,6.589673,2196.593940,242.0,1.612059,1.5,9.9
1742821743.857000,45.341075,6.589541,2196.952192,256.3,1.642505,1.6,10.2
1742821748.858000,45.341043,6.589400,2194.911668,244.4,2.578375,1.6,9.9
1742821753.857000,45.341013,6.589276,2193.020783,249.1,2.064468,1.7,10.1
1742821764.858000,45.341044,6.589146,2192.227374,287.8,0.891140,1.8,9.9
1742821786.858000,45.341121,6.589059,2194.538991,351.7,2.930730,1.8,10.6
1742821788.858000,45.341113,6.588920,2193.560168,277.8,3.445655,1.9,10.5
1742821790.858000,45.341103,6.588781,2194.262970,273.7,3.614041,1.9,10.2
1742821793.858000,45.341099,6.588597,2195.564981,271.0,3.598223,2.0,9.9
1742821796.858000,45.341105,6.588441,2207.033407,271.0,3.521080,1.4,9.9
1742821799.858000,45.341117,6.588294,2211.879497,273.0,3.879139,1.5,9.9
1742821802.857000,45.341133,6.588148,2210.105398,275.0,3.690948,1.9,9.9
1742821805.857000,45.341154,6.588005,2213.255663,274.0,3.700950,2.0,9.9
1742821808.857000,45.341172,6.587866,2216.544773,274.0,3.650787,2.0,9.9
1742821811.856000,45.341189,6.587725,2220.111984,275.0,3.572048,2.1,9.9
1742821814.856000,45.341203,6.587584,2223.334817,277.0,3.650508,2.0,9.9
1742821817.857000,45.341214,6.587450,2228.205802,277.0,3.521289,2.1,9.9
1742821820.857000,45.341227,6.587308,2231.015863,276.0,3.773728,2.1,9.9
1742821823.856000,45.341242,6.587169,2232.678417,276.0,3.830614,1.4,9.9
1742821826.856000,45.341259,6.587028,2237.811212,277.0,3.681862,1.0,9.9
1742821829.856000,45.341275,6.586884,2239.446043,277.0,3.722213,1.0,9.9
1742821832.857000,45.341291,6.586744,2238.025074,277.0,3.770218,1.5,9.9
1742821835.856000,45.341307,6.586604,2241.268166,277.0,3.690700,1.5,9.9
1742821838.857000,45.341321,6.586460,2242.737841,277.0,3.750397,1.6,9.9
1742821841.857000,45.341336,6.586318,2245.719257,277.0,3.729579,1.6,9.9
1742821844.857000,45.341353,6.586176,2251.168494,279.0,3.680432,1.5,9.9
1742821847.857000,45.341369,6.586033,2251.977294,278.0,3.968666,1.5,9.9
1742821850.857000,45.341384,6.585888,2250.422690,277.0,3.838823,1.5,9.9
1742821853.857000,45.341400,6.585743,2256.252065,277.0,3.750709,1.4,9.9
1742821856.856000,45.341417,6.585598,2261.876680,277.0,3.790618,1.0,9.9
1742821859.856000,45.341433,6.585455,2264.376960,278.0,3.740109,1.0,9.9
1742821862.857000,45.341449,6.585315,2261.097777,278.0,3.720931,1.4,9.9
1742821865.857000,45.341466,6.585175,2262.370641,278.0,3.759872,1.8,9.9
1742821868.856000,45.341483,6.585042,2268.343413,278.0,3.451762,1.6,9.9
1742821871.857000,45.341496,6.584909,2274.145001,278.0,3.421054,1.6,9.9
1742821874.857000,45.341509,6.584777,2281.732982,278.0,3.420589,1.5,9.9
1742821877.857000,45.341522,6.584649,2281.815655,279.0,3.330553,1.4,9.9
1742821880.857000,45.341537,6.584519,2290.632638,278.0,3.322007,1.4,9.9
1742821883.857000,45.341551,6.584393,2300.954128,278.0,3.399628,1.1,9.9
1742821887.857000,45.341570,6.584230,2309.358082,278.1,3.302833,1.0,9.9
1742821891.857000,45.341589,6.584064,2313.799053,278.0,3.279558,1.6,9.9
1742821895.857000,45.341608,6.583900,2321.295580,278.0,3.221188,1.6,9.9
1742821899.856000,45.341626,6.583738,2335.371026,278.0,3.178169,1.2,9.9
1742821903.856000,45.341644,6.583578,2343.637620,277.1,3.141883,1.6,9.9
1742821907.857000,45.341662,6.583423,2348.797774,277.2,3.062048,1.4,9.9
1742821911.857000,45.341681,6.583252,2359.808885,277.1,3.436443,1.5,9.9
1742821914.857000,45.341694,6.583123,2370.244954,278.0,3.409525,1.1,9.9
1742821917.856000,45.341706,6.582995,2375.681233,278.0,3.391496,1.0,9.9
1742821920.857000,45.341718,6.582868,2377.096456,277.0,3.378039,1.6,9.9
1742821923.857000,45.341732,6.582741,2388.710453,277.1,3.303259,1.2,9.9
1742821927.857000,45.341750,6.582576,2395.944147,277.0,3.262146,1.2,9.9
1742821931.856000,45.341767,6.582417,2402.898032,277.1,3.176844,1.6,9.9
1742821935.856000,45.341784,6.582256,2408.829270,277.1,3.156168,1.6,9.9
1742821939.857000,45.341804,6.582096,2418.659446,276.4,3.190980,1.6,9.9
1742821942.856000,45.341818,6.581961,2424.010197,276.8,3.374293,1.6,9.9
1742821945.856000,45.341832,6.581831,2428.188875,276.0,3.351945,1.5,9.9
1742821948.856000,45.341844,6.581703,2433.774582,276.0,3.330657,1.5,9.9
1742821951.856000,45.341857,6.581573,2437.327211,276.0,3.281871,1.6,9.9
1742821955.857000,45.341871,6.581404,2446.086366,276.0,3.341667,1.7,9.9
1742821959.855000,45.341887,6.581235,2437.420789,277.0,3.340833,6.3,9.9
1742821963.857000,45.341905,6.581071,2442.554739,276.0,3.377274,2.4,9.9
1742821967.857000,45.341922,6.580904,2469.913930,273.0,3.348728,1.6,9.9
1742821971.857000,45.341935,6.580740,2455.045592,275.0,3.161134,5.7,9.9
1742821975.857000,45.341950,6.580581,2464.700222,274.8,3.159601,4.1,9.9
1742821979.857000,45.341969,6.580422,2474.051209,275.9,3.184259,2.9,9.9
1742821983.856000,45.341989,6.580259,2483.013266,276.1,3.547046,2.9,9.9
1742821986.857000,45.342003,6.580120,2486.730370,277.0,3.730007,3.3,10.4
1742821989.857000,45.342022,6.579974,2487.553196,279.0,3.838109,4.4,10.4
1742821992.857000,45.342039,6.579830,2487.757846,277.0,3.773150,5.9,9.9
1742821995.857000,45.342053,6.579688,2485.217125,273.4,3.671652,1.7,9.9
1742821998.857000,45.342056,6.579543,2487.503304,270.6,3.753188,2.2,9.9
1742822004.857000,45.342098,6.579399,2489.462666,286.3,2.232315,2.8,10.2
1742822009.857000,45.342184,6.579299,2487.758053,334.5,2.461168,2.8,9.9
1742822013.856000,45.342278,6.579315,2484.937641,10.4,3.159886,1.8,9.9
1742822016.857000,45.342364,6.579353,2486.272723,32.8,3.496561,3.1,9.9
1742822020.856000,45.342458,6.579426,2482.479997,63.8,2.992532,2.4,9.9
1742822025.857000,45.342546,6.579490,2481.593131,90.3,2.857020,1.8,9.9
1742822029.857000,45.342681,6.579554,2478.672934,102.3,4.431875,1.6,9.9
1742822031.857000,45.342800,6.579556,2477.554555,82.8,4.685730,1.8,9.9
1742822033.857000,45.342906,6.579533,2476.036733,106.1,4.863816,1.8,9.9
1742822035.857000,45.343010,6.579528,2474.143386,57.5,3.266090,1.7,9.9
1742822037.857000,45.343169,6.579518,2471.188478,0.3,6.631276,1.8,9.9
1742822039.857000,45.343312,6.579470,2469.888255,345.1,6.933395,2.8,9.9
1742822041.857000,45.343440,6.579411,2468.046018,345.0,7.276768,2.6,9.9
1742822043.857000,45.343569,6.579365,2465.847286,345.0,7.281103,2.7,9.9
1742822048.856000,45.343649,6.579306,2456.300049,350.0,1.219923,1.8,9.9
1742822051.857000,45.343749,6.579308,2455.190263,348.0,5.469577,1.7,9.9
1742822053.857000,45.343862,6.579268,2453.743751,3.0,7.719553,1.8,9.9
1742822055.857000,45.344015,6.579254,2446.888276,341.5,8.311963,1.8,9.9
1742822057.857000,45.344172,6.579228,2448.820134,6.8,9.274459,1.8,9.9
1742822059.857000,45.344321,6.579180,2439.552265,321.0,7.442462,1.8,9.9
1742822061.857000,45.344452,6.579194,2435.954726,31.7,8.725389,1.8,9.9
1742822063.857000,45.344592,6.579183,2432.265742,333.0,8.360022,1.9,9.9
1742822065.857000,45.344743,6.579206,2424.768777,36.0,10.227859,1.8,9.9
1742822067.857000,45.344907,6.579265,2417.698189,349.0,10.046969,1.8,9.9
1742822069.856000,45.345064,6.579212,2412.452366,11.0,9.058610,1.9,9.9
1742822071.857000,45.345222,6.579250,2407.579787,338.0,8.519716,1.9,9.9
1742822073.857000,45.345357,6.579151,2405.664304,334.0,9.449883,1.9,9.9
1742822075.856000,45.345512,6.579051,2401.551719,347.9,9.646817,1.9,9.9
1742822077.856000,45.345641,6.579121,2395.975300,3.1,7.927257,1.9,9.9
1742822079.856000,45.345760,6.579094,2392.993851,358.8,6.712160,1.9,9.9
1742822081.857000,45.345829,6.579236,2388.600374,64.0,11.727509,1.9,10.2
1742822082.857000,45.345876,6.579346,2388.502586,37.6,8.193712,1.9,10.2
1742822084.856000,45.345986,6.579365,2378.268435,19.0,6.519240,1.9,10.1
1742822086.857000,45.346118,6.579440,2377.190523,10.1,6.501180,2.0,10.0
1742822088.857000,45.346228,6.579427,2372.663421,355.0,6.549290,1.4,9.9
1742822090.857000,45.346342,6.579405,2369.350654,351.0,5.622491,1.4,9.9
1742822092.856000,45.346435,6.579381,2366.487562,354.0,6.068847,1.4,9.9
1742822094.857000,45.346555,6.579390,2362.180400,348.3,6.128500,1.4,9.9
1742822114.856000,45.346586,6.579334,2349.590229,-1.0,0.000000,1.5,10.0
1742822114.856000,45.346586,6.579334,2349.590229,-1.0,0.000000,1.5,10.0
1742822117.856000,45.346631,6.579285,2355.479384,317.0,5.742791,1.4,10.0
1742822119.857000,45.346692,6.579128,2353.711201,285.1,8.513173,1.4,9.9
1742822121.857000,45.346720,6.578884,2350.415688,280.9,9.509547,1.4,9.9
1742822123.856000,45.346796,6.578732,2345.921922,352.3,7.251258,1.4,10.0
1742822125.857000,45.346987,6.578723,2337.608507,356.6,10.852406,1.8,10.8
1742822126.857000,45.347127,6.578799,2333.600342,8.9,13.651203,2.0,10.9
1742822127.856000,45.347264,6.578848,2331.360352,351.1,12.801284,1.9,10.7
1742822128.857000,45.347377,6.578878,2328.852783,6.9,12.756429,1.9,10.8
1742822129.856000,45.347476,6.578967,2324.305247,32.8,11.540932,1.4,10.7
1742822130.857000,45.347557,6.579068,2325.558066,31.0,10.356075,1.4,10.1
1742822131.857000,45.347637,6.579142,2325.218506,23.1,10.278816,1.6,10.1
1742822132.856000,45.347728,6.579176,2323.173554,2.0,11.095037,1.4,10.0
1742822133.857000,45.347830,6.579189,2322.377062,6.9,11.434478,1.5,10.0
1742822135.856000,45.347954,6.579106,2316.400377,331.6,7.616501,1.4,10.5
1742822136.857000,45.347934,6.578975,2314.759206,293.9,6.650987,1.5,11.0
1742822137.857000,45.347911,6.578819,2311.850026,284.8,7.399624,1.4,11.3
1742822138.856000,45.347906,6.578650,2310.549210,282.8,8.296301,1.4,11.3
1742822139.857000,45.347921,6.578521,2307.857773,285.6,8.518631,1.4,11.6
1742822141.857000,45.348075,6.578648,2304.216487,9.0,7.116623,1.4,11.0
1742822143.856000,45.348246,6.578686,2293.670512,353.6,8.565422,1.8,10.5
1742822144.857000,45.348318,6.578591,2292.042297,330.9,9.266285,1.5,10.5
1742822145.857000,45.348357,6.578447,2288.106715,311.4,9.097678,1.6,10.4
1742822146.856000,45.348384,6.578310,2291.897649,299.5,8.309097,1.4,10.4
1742822148.857000,45.348473,6.578110,2292.870111,321.8,7.835067,1.4,10.4
1742822150.857000,45.348622,6.578069,2290.652648,18.0,10.175194,1.5,10.1
1742822151.857000,45.348702,6.578142,2287.062988,31.3,10.761045,1.7,10.0
1742822152.856000,45.348797,6.578212,2285.428780,23.2,11.492787,1.5,10.0
1742822153.856000,45.348899,6.578233,2283.278874,10.8,11.210517,1.7,10.0
1742822154.856000,45.348972,6.578156,2280.272721,333.8,9.337621,1.5,10.0
1742822155.857000,45.349057,6.578113,2277.850051,356.4,9.928337,1.4,10.0
1742822156.857000,45.349148,6.578132,2273.837332,27.0,11.739795,1.4,10.0
1742822157.857000,45.349225,6.578222,2273.223558,53.6,11.876681,1.4,10.0
1742822158.857000,45.349282,6.578350,2266.240743,55.0,11.889062,1.4,9.9
1742822159.857000,45.349336,6.578478,2265.501317,62.5,11.522808,1.4,9.9
1742822160.857000,45.349367,6.578616,2265.052760,80.2,11.380456,1.4,9.9
1742822161.856000,45.349383,6.578758,2263.173069,77.3,11.208064,1.5,9.9
1742822163.857000,45.349484,6.578915,2258.467669,64.2,9.927196,1.4,10.0
1742822165.856000,45.349587,6.578659,2253.827793,295.7,6.295165,1.4,10.1
1742822166.857000,45.349611,6.578469,2249.945297,283.2,8.846975,1.4,10.2
1742822167.857000,45.349635,6.578316,2250.598905,288.0,8.526671,1.4,10.2
1742822168.857000,45.349675,6.578194,2249.735569,312.5,8.730343,1.4,10.1
1742822169.857000,45.349746,6.578111,2248.325873,341.9,9.520846,1.4,10.0
1742822171.857000,45.349899,6.578163,2244.875701,24.6,9.284379,1.4,10.0
1742822172.856000,45.349910,6.578293,2237.827463,93.3,11.526324,1.8,10.0
1742822173.857000,45.349908,6.578453,2237.854631,73.6,9.928122,1.5,10.1
1742822174.856000,45.349961,6.578576,2238.331693,56.9,10.531894,1.4,10.3
1742822176.857000,45.350147,6.578476,2232.470292,313.7,14.921391,1.4,10.5
1742822177.857000,45.350243,6.578331,2232.071067,319.0,9.639951,1.4,10.5
1742822179.857000,45.350367,6.578172,2230.534532,311.0,8.310081,1.4,10.2
1742822181.857000,45.350461,6.578010,2230.857741,315.0,7.930022,1.4,9.9
1742822183.856000,45.350593,6.577990,2229.021380,20.0,8.696355,1.5,9.9
1742822185.855000,45.350706,6.578175,2222.677343,61.0,10.099819,1.4,9.9
1742822186.855000,45.350758,6.578283,2221.616438,49.1,10.824928,1.4,9.9
1742822187.856000,45.350841,6.578371,2217.682985,31.1,12.601682,1.4,9.9
1742822188.856000,45.350946,6.578448,2215.238396,27.1,13.050876,1.4,9.9
1742822189.855000,45.351076,6.578439,2212.250555,347.5,15.546885,1.4,9.9
1742822190.855000,45.351213,6.578380,2209.363447,347.0,14.384926,1.5,9.9
1742822191.856000,45.351338,6.578340,2206.051600,347.0,14.100535,1.4,9.9
1742822192.855000,45.351459,6.578339,2203.837131,11.0,13.729175,1.4,9.9
1742822193.855000,45.351570,6.578416,2200.104288,35.0,14.048881,1.4,9.9
1742822194.855000,45.351662,6.578538,2198.185345,47.0,13.660109,1.4,9.9
1742822195.856000,45.351737,6.578662,2196.110945,49.0,11.843410,1.4,9.9
1742822197.856000,45.351740,6.578844,2193.497982,68.0,6.099966,1.4,9.9
1742822199.856000,45.351773,6.578965,2194.070485,61.0,5.129800,1.4,9.9
1742822201.856000,45.351848,6.579086,2187.076863,50.0,6.597584,1.8,9.9
1742822203.856000,45.351912,6.579181,2186.259679,55.5,3.387987,1.5,9.9
1742822217.855000,45.352017,6.579227,2185.848742,15.0,6.378062,1.4,10.4
1742822219.856000,45.352144,6.579325,2184.136452,44.0,10.009111,1.4,10.1
1742822220.855000,45.352202,6.579439,2179.560411,62.0,10.999651,1.4,9.9
1742822221.856000,45.352239,6.579570,2177.594290,66.9,10.634985,1.4,9.9
1742822222.856000,45.352265,6.579703,2173.839643,72.9,10.558502,1.4,9.9
1742822223.856000,45.352302,6.579825,2168.695972,56.1,10.877480,1.4,9.9
1742822224.856000,45.352370,6.579915,2167.654627,35.4,9.854632,1.4,9.9
1742822225.856000,45.352478,6.579966,2165.157845,18.4,12.540383,1.4,9.9
1742822226.856000,45.352627,6.579958,2164.187749,2.3,16.006186,1.4,9.9
1742822227.854000,45.352777,6.579947,2160.184905,359.1,14.699661,1.4,9.9
1742822228.855000,45.352899,6.579934,2155.504096,355.1,12.306904,1.4,9.9
1742822229.856000,45.353014,6.579892,2155.226579,338.1,14.203760,1.4,9.9
1742822230.856000,45.353122,6.579819,2152.314231,334.0,11.901046,1.4,9.9
1742822231.856000,45.353218,6.579788,2148.961872,1.0,10.829492,1.8,9.9
1742822232.856000,45.353317,6.579806,2149.938115,4.9,10.790349,1.5,9.9
1742822233.856000,45.353408,6.579848,2152.337888,33.7,10.543862,1.4,9.9
1742822234.856000,45.353484,6.579933,2153.166491,34.0,10.304568,1.4,9.9
1742822236.856000,45.353527,6.580128,2150.439434,79.1,6.747504,1.4,9.9
1742822239.856000,45.353449,6.580062,2149.271238,322.7,2.849947,1.4,9.9
1742822246.856000,45.353710,6.580142,2140.536971,25.0,9.870217,1.4,10.6
1742822247.856000,45.353774,6.580240,2142.696069,50.3,7.872515,1.4,10.6
1742822249.856000,45.353880,6.580406,2138.058036,26.5,9.404267,1.4,10.3
1742822251.856000,45.354052,6.580444,2132.249848,5.4,9.729208,1.4,10.0
1742822252.855000,45.354146,6.580460,2130.754402,22.6,9.711471,1.4,10.0
1742822253.855000,45.354226,6.580531,2129.575111,34.8,10.150225,1.4,9.9
1742822254.856000,45.354303,6.580602,2126.666049,26.1,9.841272,1.4,9.9
1742822255.856000,45.354397,6.580631,2124.651578,7.5,10.766163,1.4,9.9
1742822256.856000,45.354499,6.580588,2122.691680,337.3,11.237823,1.4,9.9
1742822257.856000,45.354579,6.580520,2122.143503,330.0,8.469845,1.4,9.9
1742822259.856000,45.354686,6.580518,2119.754555,57.2,5.921351,1.4,9.9
1742822261.856000,45.354734,6.580636,2116.674291,42.2,5.893164,1.4,9.9
1742822263.856000,45.354810,6.580735,2114.633585,40.4,5.589492,1.4,10.2
1742822265.856000,45.354921,6.580788,2118.274377,5.4,6.061687,1.4,10.2
1742822267.856000,45.355023,6.580720,2116.228730,325.0,5.940212,1.4,10.1
1742822269.856000,45.355122,6.580687,2115.914279,350.0,5.795476,1.4,9.9
1742822278.856000,45.355216,6.580692,2111.265010,355.0,2.729334,1.5,10.0
1742822281.856000,45.355343,6.580665,2110.367946,346.4,5.620810,1.5,9.9
1742822283.856000,45.355465,6.580594,2106.282602,336.0,7.558303,1.5,9.9
1742822285.855000,45.355603,6.580485,2106.102458,332.4,8.491470,1.5,9.9
1742822287.856000,45.355756,6.580399,2103.218006,337.8,8.917632,1.5,9.9
1742822289.855000,45.355923,6.580334,2100.273540,344.8,9.513363,1.6,9.9
1742822290.855000,45.356011,6.580309,2093.450580,347.1,9.854108,1.6,9.9
1742822291.856000,45.356104,6.580288,2090.879573,349.4,10.306319,1.5,9.9
1742822292.856000,45.356200,6.580279,2094.944817,359.1,10.634334,1.8,9.9
1742822293.856000,45.356299,6.580286,2092.674089,3.3,10.844349,1.7,9.9
1742822294.856000,45.356391,6.580305,2091.658823,9.6,9.965087,1.6,9.9
1742822296.856000,45.356565,6.580365,2091.363879,15.3,10.397192,1.5,9.9
1742822297.856000,45.356655,6.580388,2092.490968,2.3,10.099488,1.5,9.9
1742822298.856000,45.356745,6.580391,2091.214386,358.0,10.080032,1.5,9.9
1742822300.856000,45.356923,6.580384,2090.885819,358.0,10.369212,1.6,9.9
1742822301.856000,45.357015,6.580382,2088.844633,360.0,10.175840,1.6,9.9
1742822302.854000,45.357107,6.580387,2084.948419,1.0,10.279041,1.6,9.9
1742822303.855000,45.357199,6.580393,2082.820335,3.0,10.260196,1.6,9.9
1742822304.856000,45.357292,6.580396,2079.823572,359.0,10.319991,1.6,9.9
1742822305.856000,45.357386,6.580394,2079.292143,358.0,10.479982,1.6,9.9
1742822306.856000,45.357481,6.580390,2077.100098,357.0,10.420010,1.6,9.9
1742822307.855000,45.357575,6.580382,2077.100098,355.0,10.619950,1.7,9.9
1742822308.856000,45.357668,6.580369,2077.100098,354.0,10.430050,1.6,9.9
1742822309.856000,45.357760,6.580355,2075.110977,353.0,10.280023,1.6,9.9
1742822310.856000,45.357850,6.580342,2077.100098,354.0,10.160012,1.7,9.9
1742822312.856000,45.358029,6.580322,2069.006972,353.0,9.925473,2.1,9.9
1742822314.856000,45.358199,6.580307,2068.398610,354.0,9.521341,1.7,9.9
1742822316.856000,45.358364,6.580291,2069.862691,353.0,9.317609,1.7,9.9
1742822318.856000,45.358533,6.580268,2066.250872,348.0,9.467662,1.7,9.9
1742822320.855000,45.358702,6.580245,2051.346616,346.0,9.645554,5.6,9.9
1742822322.855000,45.358879,6.580222,2060.354958,346.0,9.867234,1.9,9.9
1742822324.855000,45.359054,6.580198,2060.456723,352.9,9.729905,1.7,9.9
1742822326.856000,45.359218,6.580175,2056.875014,349.0,8.816441,1.7,9.9
1742822328.856000,45.359375,6.580143,2059.585696,343.0,8.801963,1.8,9.9
1742822330.855000,45.359528,6.580094,2058.633759,356.8,8.773258,1.8,9.9
1742822332.856000,45.359675,6.580038,2054.907245,334.2,8.216263,1.8,9.9
1742822334.855000,45.359799,6.579956,2051.912649,335.0,7.385185,1.8,9.9
1742822336.856000,45.359925,6.579882,2052.296560,335.0,7.835468,1.8,9.9
1742822338.856000,45.360061,6.579787,2051.460722,329.0,8.709654,1.9,9.9
1742822340.855000,45.360201,6.579665,2049.228232,325.9,9.212199,1.8,9.9
1742822342.854000,45.360355,6.579560,2042.809256,334.9,9.593420,2.3,9.9
1742822344.856000,45.360527,6.579490,2042.224310,337.0,9.937897,1.9,9.9
1742822345.856000,45.360613,6.579450,2041.210495,329.1,10.087219,1.9,9.9
1742822346.854000,45.360693,6.579390,2038.270982,334.9,10.214650,2.2,9.9
1742822347.855000,45.360776,6.579333,2036.715196,334.0,10.376963,2.2,9.9
1742822348.856000,45.360864,6.579286,2032.884546,341.9,10.463983,1.9,9.9
1742822349.856000,45.360957,6.579265,2031.941559,345.0,10.214358,2.1,9.9
1742822350.855000,45.361048,6.579241,2032.985398,338.1,10.259727,2.3,9.9
1742822351.856000,45.361134,6.579199,2032.075865,345.9,10.304801,2.1,9.9
1742822353.856000,45.361299,6.579148,2032.564197,339.2,9.149203,1.9,9.9
1742822355.856000,45.361455,6.579072,2030.928072,345.9,9.216837,1.9,9.9
1742822357.856000,45.361617,6.579026,2028.953221,348.0,9.758399,2.0,9.9
1742822358.856000,45.361707,6.579002,2027.035528,330.3,10.118641,1.9,9.9
1742822359.856000,45.361787,6.578943,2025.691372,333.0,9.922843,2.1,9.9
1742822361.856000,45.361952,6.578874,2021.531897,352.0,8.841807,2.0,9.9
1742822363.856000,45.362060,6.578743,2018.596453,321.0,8.289639,2.0,9.9
1742822365.856000,45.362192,6.578647,2016.260269,300.0,7.369503,1.5,9.9
1742822367.856000,45.362272,6.578518,2012.944708,353.0,7.795212,1.4,9.9
1742822369.856000,45.362384,6.578422,2008.873535,293.0,7.328816,1.4,9.9
1742822371.855000,45.362431,6.578252,2007.358796,304.0,7.459842,1.4,9.9
1742822373.856000,45.362526,6.578100,2004.303550,316.0,8.338963,1.5,9.9
1742822375.856000,45.362676,6.577981,1997.672382,344.0,10.369656,1.4,9.9
1742822377.856000,45.362822,6.577831,1990.884306,324.0,9.880153,1.6,9.9
1742822379.856000,45.362984,6.577831,1990.705354,15.0,9.350538,1.4,9.9
1742822381.855000,45.363148,6.577776,1988.500181,338.0,10.679893,1.4,9.9
1742822383.856000,45.363313,6.577801,1983.952701,22.0,8.670210,1.4,9.9
1742822385.856000,45.363479,6.577770,1980.247918,351.0,10.109278,1.4,9.9
1742822386.856000,45.363569,6.577796,1978.285283,28.0,10.837843,1.4,9.9
1742822387.855000,45.363659,6.577852,1974.879720,14.0,10.929250,1.4,9.9
1742822388.856000,45.363757,6.577853,1973.195310,349.0,11.178017,1.5,9.9
1742822389.855000,45.363847,6.577863,1967.887771,24.9,10.278581,1.4,9.9
1742822391.856000,45.364008,6.577936,1964.915189,347.0,9.898026,1.4,9.9
1742822393.856000,45.364167,6.578000,1960.784596,44.0,9.859798,1.4,9.9
1742822395.856000,45.364319,6.578066,1958.255500,344.0,8.539973,1.4,9.9
1742822397.856000,45.364470,6.578097,1949.583914,39.9,9.016202,1.8,9.9
1742822399.856000,45.364597,6.578133,1947.020032,336.0,6.860006,1.9,9.9
1742822401.856000,45.364737,6.578139,1946.775524,12.0,8.619864,1.5,9.9
1742822403.856000,45.364861,6.578108,1942.579098,357.0,7.399704,1.5,9.9
1742822405.855000,45.364998,6.578077,1934.858498,326.0,6.340196,1.5,9.9
1742822407.856000,45.365116,6.578020,1933.987320,356.0,8.319731,1.8,9.9
1742822409.856000,45.365278,6.578024,1931.668255,358.0,9.639901,1.5,9.9
1742822411.855000,45.365443,6.577982,1929.891742,9.0,9.748996,1.4,9.9
1742822413.855000,45.365606,6.577950,1926.408103,346.0,9.399904,1.4,9.9
1742822415.856000,45.365769,6.577991,1922.850629,8.0,9.659635,1.4,9.9
1742822417.856000,45.365936,6.577970,1919.325285,10.0,9.917572,1.5,9.9
1742822418.856000,45.366024,6.578000,1918.000108,12.0,9.730212,1.4,9.9
1742822420.855000,45.366204,6.577955,1914.205922,347.0,10.579943,1.4,9.9
1742822422.855000,45.366377,6.577998,1910.668065,15.0,9.700108,1.4,9.9
1742822424.855000,45.366556,6.577992,1908.259636,357.0,10.589917,1.5,9.9
1742822425.856000,45.366652,6.577998,1906.732635,6.0,10.989919,1.4,9.9
1742822426.856000,45.366746,6.577984,1901.679362,340.0,10.330018,1.8,9.9
1742822427.855000,45.366834,6.577946,1899.916410,351.0,10.079987,1.8,9.9
1742822429.855000,45.366999,6.577947,1900.439601,339.0,8.430228,1.4,9.9
1742822431.855000,45.367121,6.577899,1897.766881,20.0,5.140324,1.5,9.9
1742822434.856000,45.367236,6.577941,1890.743483,352.0,4.209996,1.5,10.0
1742822444.856000,45.367332,6.577917,1894.669131,6.0,4.859858,1.4,10.0
1742822446.856000,45.367452,6.577915,1891.354394,350.0,7.759498,1.5,9.9
1742822448.855000,45.367593,6.577982,1885.606552,22.0,7.573502,1.4,9.9
1742822450.855000,45.367712,6.577959,1882.481495,5.9,7.262295,1.4,9.9
1742822452.856000,45.367856,6.577969,1878.810777,351.0,8.819689,1.5,9.9
1742822454.856000,45.367978,6.578007,1873.357007,41.6,5.432724,1.4,9.9
1742822456.856000,45.368089,6.578007,1866.817885,355.0,7.419332,1.8,9.9
1742822458.856000,45.368213,6.578068,1865.691753,7.0,7.359898,1.4,9.9
1742822460.855000,45.368331,6.578142,1861.314582,52.0,7.339527,1.5,9.9
1742822462.855000,45.368435,6.578228,1854.059297,22.0,5.350319,1.4,9.9
1742822464.856000,45.368544,6.578279,1838.047310,354.0,6.799928,5.4,9.9
1742822466.855000,45.368630,6.578363,1845.088923,52.0,6.259883,1.8,9.9
1742822468.855000,45.368739,6.578416,1842.522819,14.0,6.710701,1.5,9.9
1742822470.856000,45.368850,6.578510,1843.280015,12.0,5.700521,1.4,9.9
1742822472.856000,45.368962,6.578573,1834.391176,27.0,8.136610,1.4,9.9
1742822474.856000,45.369084,6.578600,1832.290144,5.0,8.429311,1.4,9.9
1742822476.855000,45.369193,6.578551,1828.980906,325.0,6.599902,1.5,9.9
1742822478.856000,45.369336,6.578510,1824.159514,355.0,10.178059,1.4,9.9
1742822480.856000,45.369462,6.578428,1818.434127,340.0,8.339197,1.4,9.9
1742822482.855000,45.369637,6.578379,1811.981528,332.0,9.242034,1.8,9.9
1742822484.855000,45.369786,6.578276,1808.117892,351.0,10.178236,1.4,9.9
1742822486.855000,45.369928,6.578204,1800.168534,350.0,8.298948,1.9,9.9
1742822488.855000,45.370097,6.578160,1799.912277,334.0,8.450641,1.4,9.9
1742822490.856000,45.370226,6.578077,1794.463323,356.0,8.689643,1.5,9.9
1742822492.856000,45.370366,6.578076,1786.852929,341.0,8.119197,1.4,9.9
1742822494.856000,45.370500,6.578098,1779.386129,32.0,6.350185,1.7,9.9
1742822496.856000,45.370621,6.578125,1777.619800,345.0,6.750611,1.8,9.9
1742822498.855000,45.370741,6.578082,1778.284890,358.0,8.279819,1.4,9.9
1742822500.855000,45.370871,6.578159,1774.596819,38.0,7.999973,1.4,9.9
1742822502.856000,45.371005,6.578266,1771.315771,19.0,9.189696,1.4,9.9
1742822504.855000,45.371144,6.578287,1765.829421,14.0,8.369818,1.4,9.9
1742822506.855000,45.371290,6.578311,1761.067230,356.0,7.347826,1.4,9.9
1742822508.855000,45.371432,6.578351,1758.180210,359.1,6.566796,1.4,9.9
1742822510.856000,45.371545,6.578383,1755.007377,11.0,7.317734,1.4,9.9
1742822512.856000,45.371659,6.578406,1752.195701,25.0,7.704486,1.5,9.9
1742822514.856000,45.371780,6.578411,1744.387052,337.0,3.641732,1.8,9.9
1742822524.856000,45.371874,6.578362,1740.067523,338.0,1.629662,1.8,10.1
1742822544.856000,45.371882,6.578438,1736.599976,82.6,0.000000,6.5,9.9
1742822544.856000,45.371882,6.578438,1736.599976,82.6,0.000000,6.5,9.9
1742822553.856000,45.371954,6.578477,1739.572093,1.0,4.449796,1.4,9.9
1742822556.856000,45.372041,6.578575,1735.727795,50.0,5.429564,1.5,9.9
1742822558.856000,45.372096,6.578716,1732.078826,77.0,6.949490,1.4,9.9
1742822560.856000,45.372058,6.578847,1730.794278,136.0,4.710234,2.0,9.9
1742822562.855000,45.372029,6.578968,1725.757312,122.8,5.818702,2.1,9.9
1742822564.856000,45.371977,6.579082,1721.491525,127.0,4.845263,2.5,9.9
1742822566.855000,45.371925,6.579193,1719.623115,128.8,5.796668,2.5,9.9
1742822568.856000,45.371864,6.579301,1717.314686,124.4,6.213929,3.1,9.9
1742822570.855000,45.371773,6.579393,1713.884915,134.0,4.563721,3.5,9.9
1742822572.856000,45.371732,6.579516,1709.873748,108.0,6.005796,3.8,9.9
1742822574.855000,45.371672,6.579650,1709.753352,93.0,5.040562,2.6,9.9
1742822576.855000,45.371646,6.579774,1705.876611,77.0,5.689705,5.4,9.9
1742822578.856000,45.371651,6.579918,1705.607737,104.5,5.757676,2.0,9.9
1742822581.856000,45.371560,6.580047,1703.804579,108.0,5.269454,1.7,9.9
1742822583.856000,45.371597,6.580172,1704.625939,43.0,5.929674,1.4,9.9
1742822585.856000,45.371691,6.580265,1706.227078,26.0,7.429022,1.5,9.9
1742822587.856000,45.371823,6.580364,1703.028997,32.9,8.604982,1.5,9.9
1742822589.856000,45.371967,6.580476,1699.237906,20.0,8.760053,1.6,9.9
1742822591.856000,45.372108,6.580504,1693.196748,0.0,7.450081,2.1,9.9
1742822593.856000,45.372232,6.580504,1695.290698,360.0,6.483508,2.2,9.9
1742822595.855000,45.372334,6.580495,1695.794742,336.2,5.214847,2.3,9.9
1742822598.856000,45.372448,6.580463,1697.252925,329.9,4.083078,1.8,9.9
1742822602.855000,45.372549,6.580445,1694.033483,316.0,2.533225,1.8,9.9
1742822608.855000,45.372642,6.580467,1694.777626,316.0,1.110029,1.5,9.9
1742822620.856000,45.372594,6.580357,1695.213359,224.0,0.709846,2.0,9.9
1742822632.856000,45.372532,6.580248,1696.228319,233.0,0.670680,1.5,9.9
1742822658.855000,45.372480,6.580124,1703.292863,204.2,2.123550,1.5,10.0
1742822661.856000,45.372397,6.580029,1705.852775,219.7,4.013891,2.3,10.0
1742822663.855000,45.372325,6.579888,1704.500925,223.2,3.719528,1.5,10.1
1742822665.855000,45.372270,6.579758,1708.483209,227.0,3.736914,1.6,10.2
1742822668.855000,45.372204,6.579638,1707.561471,229.8,3.634219,1.8,10.2
1742822671.855000,45.372145,6.579527,1718.123411,235.3,3.537692,1.6,9.9
1742822674.855000,45.372079,6.579403,1730.151981,237.3,4.293979,1.7,9.9
1742822677.855000,45.372011,6.579278,1738.099976,239.2,4.327088,1.6,9.9
1742822680.854000,45.371945,6.579153,1739.400024,241.5,4.214429,1.7,9.9
1742822683.855000,45.371873,6.579029,1743.983521,234.6,4.224176,1.8,9.9
1742822686.855000,45.371794,6.578911,1748.842710,232.0,4.026649,1.7,9.9
1742822689.855000,45.371723,6.578790,1755.148879,234.0,3.937401,1.5,10.1
1742822692.855000,45.371650,6.578659,1764.671162,234.9,4.418529,2.4,10.1
1742822695.855000,45.371578,6.578527,1763.368118,239.8,4.287248,1.7,9.9
1742822698.855000,45.371514,6.578392,1762.858463,244.4,4.272590,1.5,9.9
1742822701.855000,45.371442,6.578266,1772.136882,240.0,4.277246,1.8,9.9
1742822704.855000,45.371365,6.578141,1779.214568,239.1,4.178766,1.7,9.9
1742822707.855000,45.371291,6.578013,1782.901899,239.7,4.146338,1.6,9.9
1742822710.855000,45.371220,6.577886,1786.160750,237.9,4.228662,1.6,9.9
1742822713.855000,45.371144,6.577752,1789.411479,238.1,4.265124,2.1,9.9
1742822716.855000,45.371070,6.577620,1793.725322,238.2,4.304163,1.8,10.2
1742822719.855000,45.370994,6.577492,1797.386473,238.0,4.380788,2.3,10.2
1742822722.854000,45.370919,6.577365,1801.847252,237.9,4.351776,2.9,9.9
1742822725.854000,45.370844,6.577234,1797.363276,238.0,4.230404,1.6,9.9
1742822728.855000,45.370770,6.577102,1802.304838,238.0,4.379609,1.7,9.9
1742822731.854000,45.370698,6.576973,1809.940310,237.0,4.189865,2.1,9.9
1742822734.854000,45.370622,6.576846,1814.800049,237.0,4.230060,3.5,9.9
1742822737.853000,45.370553,6.576723,1817.885274,236.0,3.910574,1.4,9.9
1742822740.855000,45.370489,6.576608,1825.223757,235.0,3.780467,1.8,9.9
1742822743.855000,45.370424,6.576490,1832.972536,237.0,3.693151,1.7,9.9
1742822746.854000,45.370360,6.576376,1841.015505,236.0,3.780875,1.8,9.9
1742822749.854000,45.370296,6.576265,1850.131196,235.0,3.660592,2.6,9.9
1742822752.853000,45.370232,6.576153,1859.738658,235.0,3.679900,2.8,9.9
1742822755.855000,45.370169,6.576045,1861.475013,234.0,3.461836,1.9,9.9
1742822758.855000,45.370108,6.575941,1871.393379,234.6,3.625967,1.8,9.9
1742822761.855000,45.370044,6.575822,1884.721242,233.8,4.068264,4.5,10.1
1742822764.853000,45.369970,6.575694,1890.190922,233.8,4.460248,4.3,10.1
1742822767.854000,45.369897,6.575571,1890.057292,233.3,4.382776,1.4,9.9
1742822770.853000,45.369823,6.575446,1896.755152,232.3,4.218120,2.0,9.9
1742822773.855000,45.369749,6.575321,1898.776966,232.0,4.218091,1.5,9.9
1742822776.855000,45.369679,6.575199,1906.881560,231.7,4.222927,2.1,9.9
1742822779.854000,45.369609,6.575079,1914.580344,231.1,4.073454,1.6,9.9
1742822782.855000,45.369540,6.574958,1917.176023,231.4,4.073154,2.8,9.9
1742822785.855000,45.369470,6.574840,1917.712758,231.0,4.178359,2.0,9.9
1742822788.855000,45.369400,6.574718,1923.610870,232.0,4.168401,1.8,9.9
1742822791.854000,45.369329,6.574596,1933.635735,230.0,3.980761,3.8,9.9
1742822794.854000,45.369259,6.574476,1940.258116,230.0,4.020186,4.2,9.9
1742822797.855000,45.369191,6.574353,1946.421739,230.0,4.158093,1.7,9.9
1742822800.854000,45.369121,6.574227,1952.807741,230.0,4.069121,2.8,9.9
1742822803.855000,45.369053,6.574099,1956.661045,235.0,4.089428,2.2,9.9
1742822806.854000,45.368984,6.573975,1964.843072,232.0,4.099271,3.1,9.9
1742822809.854000,45.368915,6.573854,1972.555744,232.0,3.999163,1.7,9.9
1742822812.854000,45.368846,6.573734,1975.700535,232.0,4.019434,1.5,9.9
1742822815.855000,45.368778,6.573617,1980.510691,231.0,4.048283,2.3,9.9
1742822818.854000,45.368712,6.573502,1991.485693,230.0,3.859635,3.7,9.9
1742822821.854000,45.368646,6.573388,2012.525128,230.0,3.830283,1.5,9.9
1742822824.854000,45.368576,6.573273,2008.327366,229.0,4.365655,1.4,10.0
1742822827.855000,45.368498,6.573149,2009.835884,227.0,4.158143,1.4,9.9
1742822835.854000,45.368456,6.573033,2011.550693,272.0,0.529468,1.6,9.9
1742822854.855000,45.368398,6.572928,2018.547916,221.9,0.798709,1.4,9.9
1742822859.855000,45.368316,6.572789,2009.437126,226.9,4.076282,1.7,9.9
1742822862.855000,45.368233,6.572655,2019.671875,225.3,4.216384,1.4,9.9
1742822865.855000,45.368159,6.572536,2026.381348,224.7,4.021003,1.4,9.9
1742822868.855000,45.368087,6.572415,2033.805176,226.1,3.886572,1.4,9.9
1742822871.855000,45.368018,6.572295,2028.262904,227.4,4.034967,1.8,9.9
1742822874.854000,45.367947,6.572172,2033.719089,227.7,4.004502,1.5,9.9
1742822877.855000,45.367878,6.572049,2048.181235,227.8,4.031891,1.5,9.9
1742822880.854000,45.367810,6.571926,2059.004956,229.0,4.063578,1.4,9.9
1742822883.855000,45.367742,6.571802,2061.293451,229.2,4.076608,1.4,9.9
1742822886.855000,45.367675,6.571679,2065.781735,229.0,4.059077,1.4,9.9
1742822889.855000,45.367608,6.571558,2066.975476,229.0,3.969715,1.4,9.9
1742822892.855000,45.367542,6.571440,2081.184082,229.0,3.939740,1.4,10.1
1742822895.855000,45.367475,6.571323,2088.409632,230.0,3.683032,1.4,9.9
1742822898.855000,45.367414,6.571212,2095.770020,230.0,3.689291,1.4,9.9
1742822901.854000,45.367353,6.571101,2094.251458,229.0,3.589545,2.1,9.9
1742822904.855000,45.367293,6.570994,2112.420410,229.0,3.589578,1.4,9.9
1742822907.854000,45.367233,6.570891,2122.940048,231.0,3.469580,1.4,9.9
1742822910.855000,45.367171,6.570788,2131.154557,230.0,3.449778,1.4,9.9
1742822913.855000,45.367111,6.570686,2140.219692,229.0,3.449634,1.4,9.9
1742822916.855000,45.367052,6.570584,2148.506415,230.0,3.389575,1.4,9.9
1742822919.855000,45.366996,6.570484,2152.109257,230.2,3.349813,1.4,9.9
1742822922.855000,45.366931,6.570368,2168.163120,229.8,3.991402,1.4,9.9
1742822925.854000,45.366865,6.570251,2176.779054,230.0,4.059152,1.4,9.9
1742822928.854000,45.366790,6.570118,2168.967773,229.1,4.471044,1.4,9.9
1742822931.855000,45.366713,6.569984,2171.559316,229.0,4.531467,1.7,9.9
1742822934.855000,45.366636,6.569852,2181.018462,229.9,4.454968,1.6,9.9
1742822937.854000,45.366562,6.569717,2186.493891,230.0,4.458971,1.6,9.9
1742822940.855000,45.366488,6.569584,2184.321156,230.7,4.439174,1.4,9.9
1742822943.853000,45.366412,6.569453,2185.229330,230.1,4.432764,1.4,9.9
1742822946.855000,45.366336,6.569322,2186.951330,230.0,4.469227,1.4,9.9
1742822949.855000,45.366261,6.569188,2188.909567,230.0,4.419654,1.4,9.9
1742822952.854000,45.366188,6.569057,2195.105926,230.0,4.419739,1.4,9.9
1742822955.854000,45.366114,6.568929,2197.707599,231.0,4.250961,1.4,9.9
1742822958.855000,45.366043,6.568806,2189.163574,231.0,4.249462,1.4,9.9
1742822961.855000,45.365973,6.568683,2196.626920,231.0,4.169998,1.7,9.9
1742822964.855000,45.365903,6.568557,2209.889421,231.0,4.160096,1.5,9.9
1742822967.854000,45.365834,6.568432,2219.910866,231.0,4.159991,1.5,9.9
1742822970.853000,45.365770,6.568310,2221.759859,230.0,4.137191,1.4,9.9
1742822973.855000,45.365704,6.568184,2228.812886,240.0,4.030045,1.3,9.9
1742822976.855000,45.365640,6.568058,2226.982562,241.0,4.435175,1.4,9.9
1742822979.854000,45.365557,6.567932,2235.017304,230.0,4.192349,1.4,9.9
1742822982.854000,45.365486,6.567830,2241.941472,229.0,3.206322,1.5,10.0
1742822989.855000,45.365438,6.567695,2228.640882,231.6,2.856069,1.7,11.3
1742822993.855000,45.365365,6.567600,2237.599944,224.8,2.885325,1.6,10.1
1742822997.854000,45.365302,6.567495,2241.324349,234.0,2.179660,1.5,9.9
1742823017.854000,45.365253,6.567414,2227.589060,221.2,0.000000,1.7,9.9
1742823017.854000,45.365253,6.567414,2227.589060,221.2,0.000000,1.7,9.9
1742823047.855000,45.365206,6.567501,2227.095456,130.6,1.255175,1.7,9.9
1742823053.855000,45.365112,6.567598,2239.489315,143.3,3.758134,1.5,9.9
1742823055.855000,45.365037,6.567673,2237.159602,144.9,4.814203,1.5,9.9
1742823057.854000,45.364930,6.567767,2231.239164,149.3,6.460104,1.4,10.0
1742823059.854000,45.364816,6.567846,2228.771597,152.1,6.810029,1.4,10.0
1742823061.855000,45.364700,6.567944,2225.543612,153.7,7.215532,1.4,10.0
1742823063.854000,45.364601,6.567986,2215.245632,145.4,5.973092,1.5,9.9
1742823065.855000,45.364494,6.568028,2220.140519,160.2,6.208692,1.5,9.9
1742823067.855000,45.364387,6.568054,2219.897431,155.9,6.350613,1.5,9.9
1742823069.854000,45.364276,6.568166,2217.550295,152.0,7.479268,1.5,9.9
1742823073.854000,45.364177,6.568146,2206.500244,187.9,1.764245,7.5,10.1
1742823087.855000,45.364089,6.568119,2211.680089,70.9,0.466612,1.5,9.9
1742823122.855000,45.364005,6.568071,2210.169542,155.0,0.205008,1.8,9.9
1742823176.854000,45.363918,6.568113,2210.071517,154.1,3.694298,1.4,10.6
1742823178.854000,45.363804,6.568102,2206.500244,181.0,3.649815,8.1,10.5
1742823180.854000,45.363704,6.568086,2206.500244,186.0,3.559799,8.1,10.3
1742823183.854000,45.363579,6.568062,2216.370210,184.0,3.591685,1.4,9.9
1742823186.853000,45.363475,6.568046,2223.004534,182.0,3.540452,1.4,9.9
1742823189.853000,45.363383,6.568030,2224.854481,182.0,3.215261,1.5,9.9
1742823192.854000,45.363280,6.568019,2221.320959,184.0,3.647025,5.5,9.9
1742823195.854000,45.363172,6.568003,2224.638978,183.0,3.372602,8.3,9.9
1742823198.854000,45.363068,6.567992,2234.811922,183.0,3.809027,1.5,9.9
1742823201.854000,45.362969,6.567986,2237.375108,183.0,3.698980,1.5,9.9
1742823204.854000,45.362873,6.567980,2241.081834,182.0,3.471280,1.5,10.0
1742823207.853000,45.362782,6.567977,2244.365017,183.0,3.399387,1.4,10.0
1742823210.853000,45.362684,6.567967,2243.529792,184.0,3.580238,8.3,9.9
1742823213.854000,45.362587,6.567951,2253.491009,186.0,3.776324,1.5,9.9
1742823216.853000,45.362487,6.567943,2258.462184,185.0,3.628453,1.4,9.9
1742823219.854000,45.362389,6.567935,2255.766937,183.0,3.420969,8.0,9.9
1742823222.853000,45.362292,6.567927,2259.716014,184.0,3.421999,5.5,9.9
1742823225.853000,45.362200,6.567919,2270.563874,184.0,3.469784,1.9,9.9
1742823228.853000,45.362108,6.567914,2277.203982,184.0,3.479911,1.5,9.9
1742823231.854000,45.362010,6.567907,2279.577020,183.0,3.621822,1.4,9.9
1742823234.854000,45.361911,6.567894,2282.466724,183.0,3.699746,1.4,9.9
1742823237.852000,45.361813,6.567884,2285.074243,184.0,3.539909,1.4,9.9
1742823240.854000,45.361717,6.567883,2287.892276,183.0,3.651001,1.5,9.9
1742823243.854000,45.361623,6.567879,2299.657481,182.0,3.570431,1.8,9.9
1742823246.854000,45.361526,6.567874,2300.069107,181.0,3.630199,1.6,9.9
1742823249.853000,45.361432,6.567870,2295.555004,182.0,3.608880,5.8,9.9
1742823252.854000,45.361336,6.567864,2299.516157,182.0,3.490982,7.6,9.9
1742823255.852000,45.361242,6.567853,2309.861724,181.0,3.639837,1.7,9.9
1742823258.854000,45.361146,6.567843,2314.068564,182.0,3.519858,1.5,9.9
1742823261.854000,45.361053,6.567838,2317.870575,183.0,3.589352,1.6,9.9
1742823264.853000,45.360956,6.567828,2322.356668,182.0,3.550126,1.4,9.9
1742823267.854000,45.360859,6.567813,2321.474852,182.0,3.569240,8.3,9.9
1742823270.853000,45.360767,6.567803,2331.061966,182.0,3.448968,1.5,9.9
1742823273.853000,45.360676,6.567798,2339.396942,183.0,3.341178,1.4,9.9
1742823276.854000,45.360586,6.567793,2346.512546,182.0,3.420006,1.6,9.9
1742823279.854000,45.360494,6.567780,2342.445438,183.0,3.666648,5.8,9.9
1742823282.854000,45.360396,6.567772,2346.667113,181.0,3.633103,7.8,9.9
1742823285.853000,45.360298,6.567764,2356.173648,183.9,3.568391,1.6,9.9
1742823288.853000,45.360200,6.567750,2360.382743,183.0,3.544988,1.5,9.9
1742823291.854000,45.360103,6.567736,2363.783513,183.0,3.565900,1.5,9.9
1742823294.854000,45.360005,6.567723,2367.419402,183.0,3.561151,1.4,9.9
1742823297.854000,45.359907,6.567712,2367.759518,184.0,3.657104,8.3,9.9
1742823300.854000,45.359812,6.567698,2376.049137,183.9,3.471274,1.5,9.9
1742823303.854000,45.359721,6.567689,2384.239273,184.0,3.537602,1.4,9.9
1742823306.853000,45.359628,6.567680,2389.371607,183.9,3.436031,1.5,9.9
1742823309.853000,45.359537,6.567676,2386.939411,184.0,3.494299,7.5,9.9
1742823312.853000,45.359442,6.567665,2391.066003,184.0,3.462152,8.5,9.9
1742823315.854000,45.359345,6.567651,2402.428869,184.0,3.493220,1.5,9.9
1742823318.854000,45.359251,6.567637,2407.972899,184.0,3.509378,1.4,9.9
1742823321.853000,45.359161,6.567629,2412.655829,184.0,3.399377,1.5,9.9
1742823325.852000,45.359042,6.567616,2420.047601,184.0,3.666543,1.4,9.9
1742823328.854000,45.358943,6.567614,2418.235649,183.0,3.668996,8.3,9.9
1742823331.854000,45.358847,6.567613,2427.284971,184.0,3.551636,1.5,9.9
1742823334.854000,45.358749,6.567604,2432.819016,184.0,3.640574,1.4,9.9
1742823337.854000,45.358649,6.567592,2427.812928,183.0,3.620439,8.1,9.9
1742823340.854000,45.358550,6.567582,2430.952628,184.0,3.670220,5.6,9.9
1742823343.853000,45.358453,6.567573,2439.556921,184.0,3.590646,2.0,9.9
1742823346.854000,45.358359,6.567568,2447.852319,184.0,3.600355,1.6,9.9
1742823349.853000,45.358264,6.567561,2448.220361,183.0,3.549102,1.5,9.9
1742823352.854000,45.358167,6.567554,2451.903763,183.0,3.522213,1.4,9.9
1742823355.854000,45.358067,6.567547,2449.904210,183.0,3.849641,7.9,9.9
1742823358.854000,45.357963,6.567537,2456.877916,183.0,3.669585,1.5,9.9
1742823361.854000,45.357859,6.567528,2462.860574,183.0,3.720000,1.4,9.9
1742823364.854000,45.357761,6.567518,2470.049232,183.0,3.649559,1.6,9.9
1742823367.854000,45.357664,6.567512,2461.952113,185.0,3.679189,7.5,9.9
1742823370.854000,45.357567,6.567504,2465.073988,184.0,3.668441,8.3,9.9
1742823373.854000,45.357470,6.567499,2474.954291,183.0,3.611141,1.5,9.9
1742823376.854000,45.357375,6.567495,2482.296901,184.0,4.023132,1.6,9.9
1742823379.854000,45.357277,6.567485,2482.106156,183.0,3.707148,1.5,9.9
1742823382.854000,45.357180,6.567475,2484.645142,185.0,3.491186,1.4,9.9
1742823385.854000,45.357083,6.567460,2484.058626,184.0,3.481304,8.3,9.9
1742823388.854000,45.356987,6.567454,2496.677787,183.0,3.600534,1.5,9.9
1742823391.853000,45.356892,6.567448,2501.897533,183.0,3.598668,1.4,9.9
1742823394.853000,45.356798,6.567444,2503.219318,183.0,3.440941,1.5,9.9
1742823397.854000,45.356706,6.567439,2501.537897,183.0,3.499912,7.5,9.9
1742823400.854000,45.356611,6.567429,2507.382019,183.0,3.470254,8.3,9.9
1742823403.854000,45.356517,6.567423,2520.352572,183.0,3.490001,1.8,9.9
1742823406.854000,45.356424,6.567417,2526.761175,183.0,3.528842,1.6,9.9
1742823409.854000,45.356326,6.567404,2527.867956,183.0,3.519895,1.5,9.9
1742823412.854000,45.356236,6.567396,2532.666082,182.0,3.449159,1.7,9.9
1742823415.853000,45.356145,6.567386,2532.105367,183.0,3.439186,8.3,9.9
1742823418.854000,45.356055,6.567377,2545.220957,183.0,3.370111,1.5,9.9
1742823422.853000,45.355935,6.567371,2552.988050,182.0,3.468607,1.5,9.9
1742823425.853000,45.355844,6.567363,2550.849857,182.0,3.368976,6.7,9.9
1742823428.853000,45.355753,6.567356,2556.510873,182.0,3.369257,7.5,9.9
1742823431.853000,45.355661,6.567346,2569.835770,183.0,3.280497,1.5,9.9
1742823434.853000,45.355570,6.567335,2578.409708,183.0,3.311043,1.6,9.9
1742823438.854000,45.355450,6.567323,2581.704233,182.0,3.786179,1.5,9.9
1742823441.853000,45.355356,6.567312,2585.857347,182.0,3.627046,1.4,9.9
1742823444.854000,45.355262,6.567298,2585.409242,183.0,3.478517,8.3,9.9
1742823447.853000,45.355168,6.567291,2598.201036,183.0,3.411100,1.5,9.9
1742823450.854000,45.355073,6.567281,2604.472197,183.0,3.460472,1.4,9.9
1742823453.853000,45.354978,6.567269,2606.895218,182.0,3.479355,1.5,9.9
1742823456.854000,45.354884,6.567257,2605.212211,183.0,3.390018,7.5,9.9
1742823459.854000,45.354790,6.567246,2610.445342,183.0,3.459157,8.3,9.9
1742823462.853000,45.354698,6.567241,2626.011538,182.0,3.373968,1.9,9.9
1742823465.854000,45.354602,6.567235,2631.297500,182.1,3.748699,1.6,9.9
1742823468.854000,45.354502,6.567228,2630.179184,182.1,3.592291,1.5,9.9
1742823471.853000,45.354405,6.567226,2634.775592,182.9,3.548831,1.7,9.9
1742823474.854000,45.354310,6.567222,2631.643294,182.0,3.529697,8.4,9.9
1742823477.854000,45.354214,6.567215,2642.902635,181.1,3.567563,1.6,9.9
1742823480.854000,45.354120,6.567196,2651.197319,189.2,3.597240,1.5,9.9
1742823483.854000,45.354014,6.567194,2639.889587,178.7,3.666470,8.0,9.9
1742823489.854000,45.353924,6.567217,2648.078273,175.0,0.967484,1.6,9.9
1742823494.853000,45.353838,6.567146,2651.473810,227.4,2.798661,1.6,9.9
1742823499.854000,45.353811,6.567006,2646.537953,292.3,1.558625,1.4,9.9
1742823504.854000,45.353871,6.566907,2646.251077,328.2,2.358913,1.5,9.9
1742823509.853000,45.353956,6.566855,2650.817926,347.7,1.789235,1.6,9.9
1742823514.854000,45.354054,6.566829,2637.590738,21.7,2.749016,6.8,9.9
1742823517.854000,45.354136,6.566925,2635.627684,50.4,4.449676,7.5,9.9
1742823519.853000,45.354209,6.567028,2640.742717,70.8,5.360530,1.5,9.9
1742823521.854000,45.354268,6.567142,2639.968891,40.7,5.064277,2.0,9.9
1742823523.853000,45.354380,6.567226,2637.139521,29.8,6.761805,1.6,9.9
1742823525.854000,45.354467,6.567356,2627.913065,31.6,6.536133,1.5,9.9
1742823527.854000,45.354559,6.567458,2623.282738,27.1,6.757802,1.5,9.9
1742823529.854000,45.354605,6.567627,2618.801148,82.0,7.584703,1.4,9.9
1742823531.854000,45.354697,6.567778,2607.777767,41.9,8.835437,8.4,9.9
1742823533.853000,45.354754,6.567974,2603.226819,70.2,8.303072,8.4,9.9
1742823535.853000,45.354854,6.568121,2603.303560,58.5,8.271846,1.5,9.9
1742823537.854000,45.354882,6.568312,2605.353732,58.5,7.554343,1.7,9.9
1742823539.853000,45.354992,6.568411,2599.827381,42.9,7.626865,1.5,9.9
1742823541.853000,45.355029,6.568577,2597.077958,100.8,6.411355,1.6,9.9
1742823543.854000,45.355063,6.568741,2580.581512,34.6,7.050634,6.8,9.9
1742823545.853000,45.355166,6.568834,2575.453254,61.5,7.932315,7.2,9.9
1742823547.853000,45.355225,6.569013,2569.418243,33.6,7.519428,8.4,9.9
1742823549.853000,45.355344,6.569033,2571.119450,352.1,6.766134,1.5,9.9
1742823551.852000,45.355450,6.569132,2570.179686,58.2,8.114282,1.7,9.9
1742823553.853000,45.355548,6.569213,2563.141261,357.0,5.277398,1.6,9.9
1742823555.852000,45.355639,6.569278,2555.338777,44.1,6.741675,1.6,9.9
1742823557.853000,45.355745,6.569303,2548.129514,344.0,7.204930,1.5,9.9
1742823559.853000,45.355849,6.569241,2543.215996,341.7,5.930458,1.4,9.9
1742823561.853000,45.355950,6.569295,2534.074445,46.5,5.164730,8.1,9.9
1742823563.852000,45.356044,6.569346,2533.129811,344.7,6.654782,1.5,9.9
1742823565.851000,45.356153,6.569265,2530.299441,332.1,6.478648,1.6,9.9
1742823567.853000,45.356270,6.569293,2524.991377,356.0,6.319870,1.4,9.9
1742823569.852000,45.356348,6.569189,2521.444402,308.1,5.520845,1.5,9.9
1742823571.853000,45.356445,6.569092,2513.249974,352.0,8.934255,1.5,9.9
1742823573.853000,45.356573,6.569110,2499.405040,1.0,7.299502,6.9,9.9
1742823575.853000,45.356695,6.569003,2490.119195,319.0,8.699868,7.2,9.9
1742823577.852000,45.356816,6.568981,2487.564923,12.9,6.511030,1.8,9.9
1742823579.852000,45.356928,6.568919,2483.248615,309.1,6.779227,1.6,9.9
1742823581.852000,45.357020,6.568808,2480.504143,339.0,8.455673,1.7,9.9
1742823583.852000,45.357150,6.568824,2473.796574,18.0,6.440371,1.6,9.9
1742823585.852000,45.357246,6.568879,2462.854065,25.0,6.329740,1.5,9.9
1742823587.853000,45.357376,6.568856,2456.970006,314.0,8.149494,1.5,9.9
1742823589.853000,45.357502,6.568786,2450.750832,21.9,7.915237,1.8,9.9
1742823591.853000,45.357641,6.568855,2437.841559,352.0,9.368240,8.4,9.9
1742823593.853000,45.357766,6.568926,2438.653312,58.9,7.427538,1.5,9.9
1742823595.853000,45.357880,6.569025,2436.147469,4.0,6.600111,1.6,9.9
1742823597.853000,45.357995,6.569002,2433.247036,2.0,7.029811,1.4,9.9
1742823599.853000,45.358120,6.569099,2432.968657,31.0,8.409748,1.8,9.9
1742823601.851000,45.358274,6.569119,2415.862092,2.0,9.697102,3.4,9.9
1742823602.852000,45.358366,6.569148,2410.170718,20.0,11.064377,6.9,9.9
1742823603.852000,45.358461,6.569164,2405.794335,349.0,9.839891,7.6,9.9
1742823605.853000,45.358626,6.569103,2400.103805,352.0,10.049815,7.2,9.9
1742823606.852000,45.358718,6.569094,2398.575544,356.0,10.669886,7.2,9.9
1742823607.853000,45.358807,6.569071,2396.298166,339.0,9.660204,7.9,9.9
1742823609.853000,45.358967,6.568956,2397.873105,341.0,11.379409,1.8,9.9
1742823610.853000,45.359064,6.568907,2395.136209,334.0,11.270027,1.6,9.9
1742823611.852000,45.359147,6.568830,2392.874432,318.0,10.850012,1.5,9.9
1742823612.853000,45.359232,6.568746,2393.601414,331.0,12.219476,1.9,9.9
1742823613.853000,45.359320,6.568667,2390.567551,322.0,11.230270,1.5,9.9
1742823614.853000,45.359386,6.568573,2386.718540,308.0,10.180188,1.7,9.9
1742823615.853000,45.359454,6.568479,2381.660541,324.0,11.269441,1.5,9.9
1742823616.853000,45.359544,6.568395,2377.849534,325.0,12.429586,1.5,9.9
1742823617.853000,45.359617,6.568297,2374.604164,305.0,10.180377,1.5,9.9
1742823619.852000,45.359740,6.568118,2369.746187,328.0,11.439054,1.8,9.9
1742823620.853000,45.359824,6.568037,2366.517751,320.0,11.010081,1.4,9.9
1742823622.853000,45.359928,6.567878,2355.742215,338.0,7.418511,8.4,9.9
1742823642.852000,45.359990,6.567905,2358.482710,-1.0,0.000000,1.5,10.1
1742823642.852000,45.359990,6.567905,2358.482710,-1.0,0.000000,1.5,10.1
1742823646.853000,45.360004,6.567971,2356.839897,47.2,3.419220,1.5,10.1
1742823648.853000,45.360095,6.568042,2352.076962,46.0,7.696022,1.4,10.0
1742823650.853000,45.360219,6.568091,2344.471325,2.0,6.217729,1.4,9.9
1742823652.852000,45.360307,6.568229,2336.583460,70.0,8.638177,2.3,9.9
1742823654.853000,45.360432,6.568350,2331.429453,4.0,8.179968,1.5,9.9
1742823656.853000,45.360550,6.568386,2326.294728,31.0,8.508642,1.6,9.9
1742823658.853000,45.360602,6.568594,2320.600723,97.0,7.800735,1.6,9.9
1742823660.851000,45.360667,6.568779,2316.167293,31.0,9.658871,1.5,9.9
1742823662.852000,45.360733,6.568986,2303.889767,102.9,9.682274,3.2,9.9
1742823664.852000,45.360766,6.569192,2300.302363,28.0,8.587828,2.3,9.9
1742823666.853000,45.360887,6.569327,2296.414374,70.0,8.379866,1.8,9.9
1742823668.852000,45.360902,6.569500,2293.715370,51.0,6.998312,1.7,9.9
1742823670.853000,45.360991,6.569634,2289.982534,76.0,7.049281,1.5,9.9
1742823672.853000,45.361043,6.569769,2285.841627,22.0,7.359183,1.4,9.9
1742823674.852000,45.361184,6.569845,2278.863879,50.0,9.029654,1.6,9.9
1742823676.852000,45.361231,6.570022,2273.892115,73.0,6.370065,1.5,9.9
1742823678.853000,45.361340,6.570105,2268.659866,3.0,8.279706,1.5,9.9
1742823680.853000,45.361423,6.570211,2261.467098,80.0,5.889892,2.5,9.9
1742823682.853000,45.361486,6.570326,2260.034741,16.0,5.679910,2.3,9.9
1742823684.853000,45.361572,6.570405,2261.012021,45.7,5.574361,1.6,9.9
1742823686.853000,45.361620,6.570523,2261.440484,41.0,5.439939,1.5,9.9
1742823702.853000,45.361711,6.570523,2257.451922,6.0,3.089881,1.5,9.9
1742823705.853000,45.361840,6.570566,2255.233486,20.0,6.229876,1.5,9.9
1742823707.853000,45.361956,6.570642,2252.477692,25.0,7.774384,1.4,9.9
1742823709.852000,45.362092,6.570760,2249.449321,37.0,9.004083,1.4,9.9
1742823711.853000,45.362236,6.570913,2243.358759,52.9,10.001994,2.1,9.9
1742823712.853000,45.362311,6.570997,2245.174510,47.1,10.434590,1.5,9.9
1742823713.852000,45.362394,6.571070,2243.525018,43.0,10.607036,1.6,9.9
1742823714.852000,45.362485,6.571124,2242.529247,26.2,10.816882,1.4,9.9
1742823715.852000,45.362586,6.571147,2242.681945,24.0,10.867852,1.6,9.9
1742823716.853000,45.362689,6.571159,2241.291585,14.1,11.293399,1.5,9.9
1742823717.853000,45.362794,6.571151,2238.875311,3.1,11.196378,1.6,9.9
1742823718.852000,45.362894,6.571120,2237.868321,356.1,10.886059,1.4,9.9
1742823719.851000,45.362985,6.571082,2238.358786,352.0,10.194333,1.4,9.9
1742823720.852000,45.363072,6.571039,2235.584589,346.1,10.113475,1.5,9.9
1742823721.852000,45.363158,6.570993,2228.508239,344.0,9.836061,6.9,9.9
1742823723.853000,45.363320,6.570902,2226.455566,343.0,9.553635,7.1,9.9
1742823725.853000,45.363469,6.570833,2225.013368,345.0,8.694362,8.3,9.9
1742823727.853000,45.363606,6.570743,2230.178722,338.9,8.482186,1.7,9.9
1742823729.852000,45.363726,6.570630,2229.252214,324.6,8.019886,1.5,9.9
1742823731.852000,45.363829,6.570498,2227.117915,322.0,7.633509,1.4,9.9
1742823733.852000,45.363922,6.570362,2224.209722,315.8,7.548702,1.6,9.9
1742823735.853000,45.364014,6.570220,2223.497016,317.7,7.579040,1.5,9.9
1742823737.852000,45.364108,6.570085,2220.937129,318.1,7.496216,1.5,9.9
1742823739.853000,45.364219,6.569971,2214.246506,328.4,7.502533,8.2,9.9
1742823741.852000,45.364344,6.569874,2212.667760,335.3,7.679836,8.2,9.9
1742823743.853000,45.364476,6.569786,2215.333381,330.4,8.051299,1.6,9.9
1742823745.852000,45.364606,6.569697,2216.760250,335.8,7.816529,1.6,9.9
1742823747.853000,45.364732,6.569615,2217.152378,336.6,7.593396,1.5,9.9
1742823749.852000,45.364860,6.569522,2215.042036,331.3,8.047097,1.5,9.9
1742823751.852000,45.365006,6.569400,2202.920495,328.6,9.459189,6.1,9.9
1742823752.853000,45.365090,6.569330,2200.036063,328.0,10.179597,7.5,9.9
1742823753.853000,45.365179,6.569254,2197.777529,327.1,10.931129,5.8,9.9
1742823754.853000,45.365273,6.569177,2194.391703,329.4,11.356400,5.7,9.9
1742823755.852000,45.365372,6.569102,2192.862966,329.6,11.828926,8.1,9.9
1742823756.852000,45.365474,6.569034,2189.549199,332.3,12.046739,8.1,9.9
1742823757.852000,45.365580,6.568976,2194.290979,336.6,12.096432,1.7,9.9
1742823758.852000,45.365686,6.568925,2192.753509,337.5,12.201455,1.5,9.9
1742823759.853000,45.365792,6.568882,2191.756582,340.6,12.091216,1.5,9.9
1742823760.852000,45.365896,6.568852,2189.582266,351.9,11.629667,1.5,9.9
1742823761.853000,45.365997,6.568834,2189.188730,356.0,11.256175,1.4,9.9
1742823762.853000,45.366093,6.568816,2185.672507,350.0,10.830278,1.9,9.9
1742823763.853000,45.366182,6.568791,2181.957849,352.0,10.064393,8.2,9.9
1742823765.853000,45.366338,6.568749,2181.488328,347.0,8.604041,8.3,9.9
1742823767.852000,45.366470,6.568718,2183.655922,350.0,7.202074,2.2,9.9
1742823769.853000,45.366580,6.568703,2178.944856,354.0,5.951784,1.7,9.9
1742823771.853000,45.366681,6.568691,2185.098880,355.0,5.719786,1.7,9.9
1742823773.853000,45.366774,6.568660,2185.677120,345.0,5.115609,1.6,9.9
1742823776.853000,45.366902,6.568611,2187.519365,335.0,4.980240,1.4,10.0
1742823779.852000,45.367021,6.568538,2179.722967,316.2,4.690321,7.9,10.0
1742823782.853000,45.367108,6.568451,2178.600621,320.0,3.890848,6.8,9.9
1742823785.852000,45.367186,6.568367,2178.301094,315.2,3.649482,7.8,9.9
1742823788.853000,45.367249,6.568257,2184.256758,306.0,3.907783,1.6,9.9
1742823791.853000,45.367314,6.568124,2176.950715,303.0,4.476350,8.2,9.9
1742823793.852000,45.367363,6.568013,2175.875588,298.0,5.489992,8.2,9.9
1742823795.851000,45.367413,6.567883,2173.904087,298.1,5.764870,8.0,9.9
1742823797.853000,45.367464,6.567742,2174.555180,299.4,6.302922,2.3,9.9
1742823799.853000,45.367511,6.567570,2162.300781,289.1,7.039695,1.3,9.9
1742823801.853000,45.367562,6.567381,2168.392473,296.8,7.751956,8.1,9.9
1742823803.853000,45.367627,6.567184,2169.690138,303.7,8.517915,1.8,9.9
1742823805.853000,45.367734,6.566983,2167.875038,308.4,9.827993,1.5,9.9
1742823806.853000,45.367802,6.566869,2165.587716,307.8,10.928142,1.5,9.9
1742823807.852000,45.367868,6.566733,2162.510373,302.3,11.857265,1.5,9.9
1742823808.853000,45.367939,6.566592,2160.135642,308.2,12.601438,1.6,9.9
1742823809.853000,45.368024,6.566458,2150.097820,313.0,13.171605,7.3,9.9
1742823810.853000,45.368119,6.566343,2145.906413,316.4,13.326400,6.7,9.9
1742823811.853000,45.368206,6.566230,2145.054424,318.9,12.889124,7.0,9.9
1742823812.853000,45.368286,6.566125,2144.299109,316.9,12.182455,6.6,9.9
1742823814.853000,45.368410,6.566007,2139.860119,302.4,5.967061,1.5,9.9
1742823816.853000,45.368476,6.565902,2142.507875,348.4,6.521201,7.0,9.9
1742823818.853000,45.368565,6.565817,2140.736418,308.3,5.798103,7.7,9.9
1742823820.852000,45.368663,6.565784,2137.702590,355.2,6.016374,7.6,9.9
1742823822.853000,45.368728,6.565684,2133.733107,285.4,5.849462,7.9,9.9
1742823824.853000,45.368792,6.565569,2129.275259,333.3,5.210040,8.0,9.9
1742823826.853000,45.368900,6.565607,2120.760238,18.7,4.925179,1.5,9.9
1742823828.853000,45.369002,6.565572,2111.781982,308.1,6.257068,1.3,9.9
1742823830.853000,45.369111,6.565565,2107.687652,21.6,6.251822,1.3,9.9
1742823832.853000,45.369195,6.565681,2108.694682,30.0,6.399413,7.6,9.9
1742823834.853000,45.369324,6.565663,2103.511724,337.0,7.300333,7.4,9.9
1742823836.853000,45.369447,6.565713,2098.317877,59.0,8.798417,7.4,9.9
1742823838.852000,45.369580,6.565822,2091.258547,353.0,9.508409,5.6,9.9
1742823840.853000,45.369731,6.565806,2081.468850,24.9,7.569087,1.4,9.9
1742823842.853000,45.369790,6.565954,2077.150889,71.0,5.220228,1.3,9.9
1742823844.853000,45.369879,6.565997,2073.866233,334.0,6.589772,1.3,9.9
1742823846.853000,45.369997,6.565999,2075.506449,43.0,7.229504,6.1,9.9
1742823848.853000,45.370082,6.566143,2069.919032,36.0,9.129193,7.4,9.9
1742823850.852000,45.370216,6.566143,2063.989680,325.0,4.881233,6.3,9.9
1742823853.853000,45.370349,6.566136,2056.602470,31.2,5.744816,1.4,10.0
1742823855.852000,45.370416,6.566257,2051.468750,18.0,6.948751,1.3,10.0
1742823857.853000,45.370516,6.566196,2045.692670,317.0,6.919787,1.3,9.9
1742823859.853000,45.370624,6.566163,2041.383765,16.4,6.172649,1.3,9.9
1742823861.852000,45.370735,6.566236,2039.335938,339.0,7.337308,1.3,9.9
1742823863.853000,45.370823,6.566131,2037.746075,302.0,5.390274,3.9,9.9
1742823865.852000,45.370923,6.566088,2034.734449,9.2,6.004984,4.7,9.9
1742823867.852000,45.370984,6.566210,2029.799703,60.0,4.590725,3.2,9.9
1742823869.852000,45.371081,6.566222,2024.978166,328.0,6.799103,1.4,9.9
1742823871.852000,45.371181,6.566180,2020.640995,25.9,6.573515,1.4,9.9
1742823873.853000,45.371258,6.566292,2016.526184,14.0,6.718186,1.4,9.9
1742823875.852000,45.371335,6.566390,2012.292218,81.0,4.930018,2.6,9.9
1742823877.852000,45.371382,6.566506,2009.155933,45.2,6.504273,3.0,10.1
1742823879.853000,45.371422,6.566643,2003.347696,91.0,5.609838,1.6,10.1
1742823881.852000,45.371388,6.566772,2000.465652,129.0,4.930988,3.1,10.1
1742823883.853000,45.371316,6.566880,1994.581031,132.0,6.996313,1.4,9.9
1742823885.852000,45.371202,6.567024,1987.676911,138.0,8.827709,1.4,9.9
1742823887.852000,45.371065,6.567188,1986.720641,139.0,10.888849,1.5,9.9
1742823888.853000,45.370991,6.567282,1983.906903,137.0,11.309709,1.4,9.9
1742823889.853000,45.370917,6.567382,1982.574560,134.0,11.529938,1.4,9.9
1742823890.852000,45.370849,6.567489,1983.675791,130.0,11.060086,4.8,9.9
1742823891.852000,45.370790,6.567597,1982.812808,126.0,10.410116,3.9,9.9
1742823892.853000,45.370736,6.567704,1981.761678,126.0,10.361143,5.0,9.9
1742823894.853000,45.370648,6.567906,1979.340217,114.0,8.574396,2.7,9.9
1742823896.853000,45.370580,6.568071,1978.855269,94.2,7.407125,3.6,9.9
1742823898.853000,45.370544,6.568225,1978.747360,86.0,6.320988,3.7,9.9
1742823900.853000,45.370507,6.568370,1978.231543,108.4,6.308599,5.0,9.9
1742823902.853000,45.370478,6.568541,1977.395303,89.2,6.921893,6.4,9.9
1742823904.853000,45.370489,6.568721,1974.755807,79.1,6.517123,4.5,9.9
1742823906.852000,45.370504,6.568873,1974.311245,78.0,5.790920,3.1,9.9
1742823908.853000,45.370516,6.569010,1973.072382,74.0,5.372875,5.2,9.9
1742823910.853000,45.370523,6.569154,1965.233752,82.9,6.231287,1.6,9.9
1742823912.853000,45.370498,6.569318,1964.187540,93.0,6.538040,1.6,9.9
1742823914.853000,45.370460,6.569506,1963.966211,91.1,7.922001,1.6,9.9
1742823916.853000,45.370424,6.569723,1962.858138,90.0,8.486101,1.6,9.9
1742823918.853000,45.370383,6.569938,1959.974740,96.0,7.889195,1.7,9.9
1742823920.853000,45.370351,6.570098,1959.942189,101.9,5.901393,1.7,9.9
1742823923.853000,45.370314,6.570240,1961.137847,112.9,3.765483,1.9,10.0
1742823926.853000,45.370275,6.570371,1960.830375,116.0,4.743125,1.9,10.0
1742823929.852000,45.370294,6.570524,1959.536011,37.4,3.684230,5.0,9.9
1742823932.852000,45.370398,6.570594,1957.519586,356.0,4.998282,5.7,9.9
1742823934.853000,45.370483,6.570643,1956.699862,354.0,5.173848,4.9,9.9
1742823936.852000,45.370578,6.570628,1955.754784,293.5,5.249647,2.5,9.9
1742823939.853000,45.370516,6.570529,1945.802191,183.1,4.132949,1.8,9.9
1742823943.853000,45.370440,6.570616,1947.195507,125.3,2.272965,1.8,9.9
1742823949.853000,45.370467,6.570897,1941.147708,60.2,5.251227,1.9,20.3
1742823951.853000,45.370469,6.571031,1942.458463,106.8,3.618179,1.9,15.1
1742823954.853000,45.370372,6.571166,1943.187324,142.0,6.059746,1.9,10.2
1742823956.853000,45.370298,6.571283,1944.061317,102.0,7.108111,2.1,9.9
1742823958.853000,45.370246,6.571454,1941.164408,137.9,5.971298,2.5,9.9
1742823960.853000,45.370199,6.571616,1934.685388,83.0,8.288987,1.9,9.9
1742823962.853000,45.370147,6.571731,1930.658510,168.9,5.004334,1.9,9.9
1742823964.853000,45.370047,6.571811,1927.054655,135.0,7.119442,1.9,9.9
1742823966.853000,45.369975,6.571953,1922.733734,110.0,5.980051,1.9,9.9
1742823968.852000,45.369937,6.572069,1918.467147,138.0,3.960065,2.0,9.9
1742823971.852000,45.369898,6.572228,1917.160107,65.4,5.336400,1.4,10.1
1742823973.853000,45.369909,6.572363,1915.348265,127.7,4.497088,1.4,10.1
1742823976.852000,45.369912,6.572503,1911.722263,58.7,4.143740,1.4,10.0
1742823986.853000,45.369997,6.572581,1913.128862,48.0,3.109918,1.4,9.9
1742823989.853000,45.370048,6.572749,1911.661773,66.0,6.159869,1.3,9.9
1742823991.853000,45.370086,6.572918,1907.871782,78.0,7.529918,1.4,9.9
1742823993.852000,45.370075,6.573096,1905.089195,125.0,5.551287,1.3,9.9
1742823995.853000,45.370039,6.573225,1899.252420,110.1,5.571773,1.3,9.9
1742823997.853000,45.370008,6.573364,1900.824121,106.7,5.084756,1.4,9.9
1742824000.853000,45.369998,6.573539,1897.361636,91.9,4.925895,1.3,9.9
1742824002.853000,45.370002,6.573673,1896.751150,80.0,5.310089,1.4,9.9
1742824004.853000,45.370036,6.573857,1893.866527,78.1,7.118237,1.3,9.9
1742824006.853000,45.370056,6.574046,1893.284827,68.5,6.764172,1.3,9.9
1742824008.853000,45.370084,6.574198,1888.933998,77.3,6.180242,1.3,9.9
1742824011.852000,45.370060,6.574346,1888.640945,93.3,2.968795,1.3,9.9
1742824015.851000,45.370128,6.574490,1888.950132,40.3,5.500870,1.3,9.9
1742824017.852000,45.370205,6.574599,1882.690254,45.0,6.376496,1.3,9.9
1742824019.852000,45.370279,6.574692,1880.027941,33.1,5.572516,1.3,9.9
1742824021.852000,45.370371,6.574747,1878.713629,18.4,5.322427,1.4,9.9
1742824024.851000,45.370473,6.574643,1878.843770,292.9,3.914556,1.3,9.9
1742824027.851000,45.370584,6.574544,1874.720790,311.3,4.615613,1.3,9.9
1742824029.852000,45.370675,6.574448,1870.803775,286.1,6.459284,1.3,9.9
1742824031.852000,45.370784,6.574333,1869.164634,270.1,7.164259,1.3,9.9
1742824033.852000,45.370859,6.574186,1868.273423,260.9,7.657487,1.4,9.9
1742824035.852000,45.370974,6.574041,1864.000791,248.1,8.226460,1.3,9.9
1742824037.851000,45.371124,6.573906,1860.466240,297.0,9.109068,1.3,9.9
1742824039.852000,45.371204,6.573721,1857.191038,313.0,8.429286,1.3,9.9
1742824041.851000,45.371345,6.573686,1853.167726,352.0,8.179889,1.3,9.9
1742824043.852000,45.371434,6.573557,1850.503183,297.0,6.750157,1.3,9.9
1742824045.852000,45.371548,6.573506,1848.147503,8.0,7.579833,1.3,9.9
1742824047.851000,45.371672,6.573442,1844.603516,317.5,7.360977,1.3,9.9
1742824049.852000,45.371750,6.573271,1840.839197,321.0,8.379694,1.3,9.9
1742824051.851000,45.371905,6.573207,1837.902339,345.0,9.369992,1.3,9.9
1742824053.852000,45.372048,6.573078,1835.182119,326.0,9.200111,1.3,9.9
1742824055.852000,45.372198,6.572973,1832.240260,327.0,9.518803,1.3,9.9
1742824057.851000,45.372353,6.572858,1827.449024,314.0,9.608894,1.3,9.9
1742824059.852000,45.372517,6.572755,1829.597800,307.1,10.241581,1.4,9.9
1742824061.851000,45.372683,6.572673,1825.708450,340.9,9.039485,1.3,9.9
1742824063.852000,45.372802,6.572697,1822.834430,351.0,6.130028,1.3,9.9
1742824065.852000,45.372890,6.572741,1821.212978,30.8,4.765867,1.3,9.9
1742824067.852000,45.372925,6.572885,1817.330572,78.7,6.880542,1.3,9.9
1742824069.852000,45.372890,6.573084,1811.745086,110.7,7.129637,1.3,9.9
1742824071.851000,45.372838,6.573199,1811.253852,151.1,4.327762,1.3,9.9
1742824075.852000,45.372787,6.573361,1809.956736,83.0,4.073231,1.4,10.1
1742824078.852000,45.372774,6.573534,1808.209331,92.0,4.510710,1.4,9.9
1742824081.852000,45.372734,6.573708,1807.983038,105.0,4.004684,1.4,9.9
1742824085.852000,45.372694,6.573848,1804.305278,95.0,2.626460,1.4,9.9
1742824092.851000,45.372637,6.573964,1808.674982,126.0,1.559997,1.5,9.9
1742824097.852000,45.372564,6.574086,1807.875511,121.1,2.921963,1.5,9.9
1742824100.852000,45.372502,6.574208,1804.132870,121.2,4.232192,1.5,9.9
1742824103.852000,45.372444,6.574361,1802.356134,104.0,4.331819,1.5,9.9
1742824106.852000,45.372394,6.574508,1800.738223,103.2,4.096829,1.6,9.9
1742824109.852000,45.372352,6.574637,1801.107536,111.7,3.794092,1.6,9.9
1742824112.852000,45.372312,6.574781,1799.201550,93.9,4.302769,1.6,9.9
1742824114.852000,45.372312,6.574920,1795.275784,97.2,5.132162,1.6,9.9
1742824117.851000,45.372274,6.575058,1796.573593,95.2,4.008930,1.4,9.9
1742824120.851000,45.372279,6.575231,1792.505132,102.0,4.589590,1.4,9.9
1742824122.852000,45.372248,6.575371,1789.870077,104.7,5.591525,1.4,9.9
1742824124.852000,45.372209,6.575491,1787.544443,111.4,4.967937,1.4,9.9
1742824126.852000,45.372226,6.575625,1785.116233,75.7,5.464195,1.3,9.9
1742824128.851000,45.372220,6.575774,1779.286227,121.9,5.514626,1.3,9.9
1742824131.852000,45.372240,6.575944,1775.245797,86.9,4.884085,1.4,9.9
1742824133.852000,45.372265,6.576098,1772.345440,87.1,7.018560,1.4,9.9
1742824135.851000,45.372258,6.576297,1767.938293,90.0,8.112227,1.4,9.9
1742824137.850000,45.372227,6.576510,1767.298501,96.0,7.450625,1.3,9.9
1742824139.851000,45.372276,6.576667,1762.685221,61.0,7.329908,1.4,9.9
1742824141.852000,45.372286,6.576832,1761.393289,107.0,6.050484,1.4,9.9
1742824143.851000,45.372295,6.577000,1761.992354,60.0,7.259870,1.3,9.9
1742824145.852000,45.372348,6.577155,1758.780334,93.8,6.742438,1.4,9.9
1742824147.851000,45.372305,6.577313,1757.752670,96.4,6.078954,1.5,9.9
1742824149.852000,45.372359,6.577468,1753.763165,57.0,7.059884,1.4,9.9
1742824151.851000,45.372358,6.577612,1751.231830,121.0,5.630119,1.3,9.9
1742824154.112000,45.372311,6.577730,1749.826773,116.0,5.179915,1.3,10.2
1742824156.851000,45.372337,6.577919,1748.256558,78.0,5.659589,1.3,10.2
1742824158.851000,45.372358,6.578068,1743.454422,47.0,6.149792,1.3,10.2
1742824160.851000,45.372450,6.578076,1742.340643,321.7,4.499353,1.3,9.9
1742824163.852000,45.372537,6.577947,1740.723718,351.0,4.853452,1.4,9.9
1742824165.852000,45.372628,6.577923,1742.862066,26.0,5.301223,1.4,9.9
1742824168.851000,45.372744,6.577876,1736.959781,343.9,4.099455,1.4,9.9
1742824171.851000,45.372849,6.577896,1739.812378,32.2,5.329346,1.4,9.9
1742824173.852000,45.372934,6.577965,1742.171198,91.8,5.570241,1.7,9.9
1742824176.850000,45.372958,6.578110,1737.353247,110.8,3.536968,1.4,9.9
1742824179.852000,45.372961,6.578245,1728.272765,72.9,5.412158,1.4,9.9
1742824181.851000,45.372926,6.578382,1726.158051,75.1,5.030770,1.4,9.9
1742824183.852000,45.372901,6.578515,1724.348562,64.0,5.529580,1.5,9.9
1742824186.852000,45.372922,6.578673,1719.994606,74.0,4.304684,1.5,9.9
1742824188.852000,45.372932,6.578805,1723.088954,115.9,5.365573,1.4,9.9
1742824190.851000,45.372902,6.578933,1721.042769,78.0,5.320283,1.4,9.9
1742824192.851000,45.372934,6.579056,1718.496815,115.7,4.555723,1.6,9.9
1742824195.852000,45.372922,6.579214,1718.577628,48.5,3.456434,1.3,9.9
1742824199.851000,45.372968,6.579346,1717.995807,55.5,3.139372,1.5,9.9
1742824207.852000,45.373033,6.579459,1712.560926,79.4,2.360524,1.4,10.0
1742824210.850000,45.372993,6.579617,1710.370504,126.2,4.526625,1.5,9.9
1742824212.851000,45.372911,6.579719,1709.188699,133.1,5.448240,1.6,9.9
1742824214.852000,45.372872,6.579864,1708.730937,126.4,5.420897,1.4,9.9
1742824216.852000,45.372824,6.579990,1706.221139,133.7,5.349542,1.5,9.9
1742824218.852000,45.372798,6.580114,1705.864672,90.4,4.025534,1.4,9.9
1742824225.852000,45.372797,6.580249,1714.897430,102.0,1.622087,4.7,9.9
1742824233.850000,45.372788,6.580378,1704.660821,83.1,0.525034,1.4,9.9
1742824300.851000,45.372890,6.580375,1735.098995,354.0,1.175439,1.1,3.8
1742824307.852000,45.372981,6.580359,1728.904888,347.3,0.990131,4.4,3.8
1742824316.852000,45.373066,6.580296,1729.172849,334.4,0.878479,4.5,3.8
1742824326.852000,45.373158,6.580233,1738.099976,329.2,1.215269,0.9,3.8
1742824335.850000,45.373224,6.580128,1738.099976,283.2,1.334118,0.6,3.8
1742824342.852000,45.373254,6.579996,1738.099976,287.4,1.767538,0.6,9.7
1742824347.852000,45.373291,6.579877,1738.300049,293.5,2.098743,0.8,8.2
1742824352.851000,45.373320,6.579747,1738.300049,277.3,1.863766,0.9,8.5
1742824362.851000,45.373290,6.579621,1739.800049,246.0,1.436838,0.6,5.2
1742824384.852000,45.373316,6.579754,1739.900024,83.9,1.053989,0.6,5.1
1742824386.851000,45.373405,6.579773,1739.800049,6.2,3.278674,0.6,4.7
1742824396.852000,45.373400,6.579631,1739.800049,293.2,1.195765,0.8,3.8
1742824427.852000,45.373503,6.579615,1741.000000,349.8,1.637159,0.8,17.6
1742824434.852000,45.373565,6.579516,1739.800049,334.5,0.852006,1.0,12.7
1742824449.851000,45.373588,6.579642,1739.800049,79.2,0.780593,0.8,16.5
1742824468.772000,45.373471,6.579488,1739.800049,226.9,0.955586,1.1,40.0
1742824528.910000,45.373354,6.579536,1739.562325,158.0,0.589935,0.7,26.0
1742824621.850000,45.373463,6.579692,1739.800049,59.5,2.618544,1.2,100.7
1742824625.850000,45.373449,6.579855,1741.000000,90.4,2.015115,0.9,118.8
1742824629.161000,45.373466,6.579985,1740.106278,88.7,2.148830,1.0,119.1
1742824634.308000,45.373472,6.580120,1739.714474,88.2,2.124220,1.0,151.6
1742824644.248000,45.373488,6.580256,1739.800049,94.6,1.650621,1.0,122.9
1742824654.227000,45.373460,6.579682,1741.000000,260.0,1.227127,0.8,20.8
1742824664.272000,45.373380,6.579614,1741.000000,206.7,0.456566,1.1,8.3
1742824676.436000,45.373293,6.579583,1740.400024,198.4,1.231810,1.1,11.8
1742824714.377000,45.373370,6.579711,1744.000000,24.4,0.422067,1.0,27.1
1742824724.399000,45.373444,6.579853,1747.000000,48.9,0.935632,2.2,14.4
1742824730.851000,45.373650,6.580332,1747.000000,93.7,4.221429,2.3,119.8
1742824731.851000,45.373699,6.580451,1747.000000,137.0,2.024359,3.2,119.8
1742824734.850000,45.373729,6.580580,1747.000000,105.0,1.204009,1.6,119.8
1742824737.201000,45.373665,6.580470,1747.929497,91.2,1.241509,1.3,100.8
1742824741.084000,45.373704,6.580589,1747.171365,86.4,1.232175,1.3,63.5
1742824741.481000,45.373520,6.580261,1747.171365,89.9,1.268405,1.3,60.2
1742824742.701000,45.373457,6.580153,1747.385334,89.8,1.229911,1.2,48.5
1742824759.021000,45.373371,6.580189,1747.000000,128.7,0.137043,1.0,9.9
1742825131.850000,45.373445,6.580116,1738.599976,302.3,5.164037,1.6,15.3
1742825394.849000,45.373548,6.580028,1738.699951,347.9,2.084308,1.3,12.4
1742825404.848000,45.373447,6.580013,1740.400024,293.9,0.636794,1.4,14.4
1742825436.086000,45.373356,6.580106,1738.699951,143.0,0.728848,1.2,13.6
1742825458.849000,45.373480,6.580012,1740.400024,344.3,0.618339,1.4,32.0
1742825513.851000,45.373392,6.579949,1736.954593,190.1,1.023569,1.4,7.2
1742825522.932000,45.373316,6.579878,1733.757315,270.6,1.275114,1.3,8.1
1742825529.303000,45.373403,6.579766,1733.915950,300.7,1.186602,1.2,9.0
1742825538.892000,45.373418,6.579634,1732.600742,181.7,1.107455,1.3,8.1
1742825631.849000,45.373328,6.579646,1731.513963,120.6,0.951907,1.3,7.9
1742825635.524000,45.373307,6.579776,1734.894642,89.3,1.144281,1.3,8.6
1742825646.125000,45.373281,6.579903,1731.587716,147.5,1.212724,1.3,7.9
1742825658.849000,45.373226,6.580020,1733.626488,160.4,0.892586,1.3,8.4
1742825681.849000,45.373182,6.580132,1734.214908,148.0,1.069104,1.2,6.2
1742825688.827000,45.373132,6.580244,1731.150371,127.4,1.205688,1.2,8.0
1742825696.847000,45.373058,6.580326,1732.964320,161.9,0.869010,1.3,5.5
1742825709.052000,45.372968,6.580307,1732.686864,154.4,0.985659,1.2,5.4
1742825723.211000,45.372883,6.580352,1733.509063,202.3,1.004930,1.2,5.1
1742825751.448000,45.372932,6.580245,1733.601961,356.1,0.890627,1.2,4.3
1742825777.858000,45.372940,6.580117,1732.807340,244.7,0.131152,1.2,3.7
1742825796.277000,45.372935,6.580109,1738.384033,-1.0,0.043515,7.0,6.9
