1671609385.930000,45.323730,6.538174,1864.300049,-1.0,-1.000000,56.5,68.4
1671609388.007000,45.323751,6.538158,1864.300049,-1.0,0.049725,41.0,73.1
1671609399.022000,45.322826,6.538636,1864.300049,186.4,0.833700,17.5,31.5
1671609399.522000,45.322480,6.538840,1864.300049,191.8,0.830101,17.5,31.5
1671609400.046000,45.322165,6.539025,1864.300049,201.2,0.817553,17.5,30.8
1671609400.646000,45.322081,6.539074,1864.300049,197.4,0.833326,19.4,30.4
1671609401.784000,45.321948,6.539145,1864.300049,190.1,0.890813,19.0,28.9
1671609402.927000,45.321849,6.539197,1864.300049,197.9,0.613020,41.7,27.4
1671609409.526000,45.321761,6.539248,1864.599976,200.0,0.324831,38.2,20.5
1671609428.311000,45.321972,6.539361,1864.300049,14.3,1.780961,28.9,89.5
1671609430.592000,45.322134,6.539428,1864.300049,17.2,5.187798,28.9,64.6
1671609433.402000,45.322013,6.539391,1864.300049,-1.0,0.031457,28.7,44.1
1671609467.638000,45.322096,6.539466,1864.300049,0.8,0.912090,23.4,76.9
1671609549.064000,45.322459,6.539396,1854.081377,4.2,3.239822,33.0,24.5
1671609554.078000,45.322619,6.539403,1848.065645,2.8,3.408327,21.2,116.1
1671609562.836000,45.322305,6.539175,1835.461447,203.3,5.710669,21.3,117.9
1671609567.864000,45.321900,6.538994,1830.349749,199.0,7.566961,21.4,122.1
1671609584.265000,45.321774,6.539000,1830.458369,186.3,1.722415,21.5,120.4
1671609624.577000,45.322302,6.538757,1829.232017,343.3,8.984695,21.7,125.0
1671609630.137000,45.323693,6.538143,1864.300049,341.9,19.262320,6.9,42.5
1671609635.188000,45.323815,6.538152,1835.106812,347.4,7.276142,42.2,45.9
1671609636.632000,45.323396,6.538436,1864.300049,147.0,8.549275,6.8,47.9
1671609637.202000,45.323121,6.538617,1834.844165,144.3,0.272602,42.0,49.9
1671609638.402000,45.322880,6.538774,1864.300049,106.9,0.168426,6.8,47.3
1671609639.602000,45.322651,6.538923,1834.836589,266.7,0.403448,36.2,43.9
1671609640.203000,45.322527,6.539009,1864.400024,270.7,0.211932,10.0,40.3
1671609641.402000,45.322435,6.539073,1864.400024,-1.0,0.042933,10.2,29.8
1671609647.400000,45.322345,6.539125,1828.397987,-1.0,0.023887,25.3,11.3
1671609664.342000,45.322328,6.539254,1864.400024,82.4,0.767101,12.5,5.6
1671609668.541000,45.322392,6.539357,1864.400024,35.9,1.761775,14.0,7.4
1671609671.301000,45.322482,6.539441,1864.400024,28.3,2.110290,14.7,7.8
1671609675.500000,45.322563,6.539514,1864.400024,22.5,2.233316,14.3,6.9
1671609678.379000,45.322661,6.539548,1862.281828,4.3,2.568943,13.0,6.9
1671609681.379000,45.322772,6.539511,1861.823864,328.0,2.894395,14.8,6.8
1671609684.259000,45.322826,6.539362,1859.430159,292.8,3.363694,14.7,6.8
1671609686.539000,45.322852,6.539213,1856.652673,290.3,3.636677,13.0,7.0
1671609688.785000,45.322871,6.539086,1856.170553,286.9,3.762704,15.0,7.0
1671609690.962000,45.322870,6.538941,1853.844707,273.3,3.897390,14.9,6.8
1671609693.202000,45.322840,6.538792,1851.751591,250.4,3.974898,13.2,6.9
1671609697.336000,45.322782,6.538688,1853.640407,234.1,0.770118,14.9,7.1
1671609750.642000,45.322710,6.538766,1872.500000,-1.0,0.042630,8.1,9.6
1671609845.706000,45.322616,6.538775,1871.700073,198.6,0.286885,5.6,5.6
1671609859.486000,45.322537,6.538839,1872.500000,-1.0,0.030877,6.3,3.8
1671609918.706000,45.322545,6.538985,1872.500000,45.1,1.386374,8.4,4.4
1671609921.366000,45.322594,6.539108,1872.500000,54.3,3.506639,8.2,5.1
1671609923.645000,45.322642,6.539236,1872.500000,56.4,4.320936,6.1,8.2
1671609925.325000,45.322697,6.539382,1874.612054,56.0,4.772652,6.2,8.6
1671609928.326000,45.322752,6.539519,1885.055229,59.5,4.399559,8.2,7.0
1671609948.723000,45.322733,6.539503,1886.189501,38.0,0.000000,8.2,3.5
1671609948.723000,45.322733,6.539503,1886.189501,38.0,0.000000,8.2,3.5
1671610010.706000,45.322812,6.539620,1898.165685,54.0,1.879917,6.7,6.0
1671610013.712000,45.322874,6.539745,1900.428825,53.0,2.721078,6.7,5.8
1671610016.704000,45.322932,6.539846,1901.409511,52.0,2.904270,7.2,5.3
1671610019.715000,45.322996,6.539957,1902.851317,55.0,3.054241,6.6,5.6
1671610022.698000,45.323068,6.540090,1904.932274,54.0,3.301759,6.0,5.5
1671610025.700000,45.323138,6.540218,1907.379573,53.0,3.561887,5.0,5.4
1671610028.695000,45.323222,6.540371,1910.193901,53.0,3.942186,6.4,5.4
1671610030.745000,45.323278,6.540478,1912.379382,54.0,4.651698,7.1,6.1
1671610033.714000,45.323356,6.540633,1915.796207,53.0,4.935350,7.1,6.2
1671610035.735000,45.323410,6.540743,1918.281117,54.1,5.010135,5.6,6.1
1671610037.729000,45.323466,6.540852,1920.381181,53.0,5.019926,4.9,6.7
1671610040.730000,45.323536,6.540996,1921.750221,53.0,4.906786,6.8,6.3
1671610043.717000,45.323612,6.541148,1923.967900,55.0,4.959906,7.6,7.0
1671610046.100000,45.323668,6.541262,1925.939493,53.0,4.790982,7.5,6.2
1671610048.717000,45.323736,6.541400,1927.985606,55.0,5.126479,6.0,5.8
1671610050.698000,45.323792,6.541505,1929.768454,54.0,4.894966,6.3,5.3
1671610053.721000,45.323868,6.541654,1932.966273,54.0,4.771497,6.7,4.8
1671610056.689000,45.323941,6.541803,1936.406279,54.0,5.023471,6.8,4.7
1671610059.713000,45.324016,6.541956,1940.003180,53.1,4.766246,8.9,4.3
1671610062.722000,45.324088,6.542108,1943.566598,54.0,4.779809,7.7,5.6
1671610065.714000,45.324160,6.542252,1948.077628,54.0,4.824810,6.5,6.0
1671610068.722000,45.324231,6.542399,1952.707990,54.0,4.766074,7.2,6.0
1671610071.730000,45.324310,6.542549,1957.978272,54.0,4.705867,6.0,5.6
1671610074.723000,45.324383,6.542690,1963.626919,54.0,4.682673,7.2,4.4
1671610077.708000,45.324456,6.542835,1969.174195,54.9,4.645420,7.5,5.0
1671610080.708000,45.324529,6.542978,1974.840307,54.0,4.875936,8.6,6.0
1671610082.703000,45.324581,6.543084,1978.306259,55.0,4.512041,8.7,5.8
1671610085.703000,45.324649,6.543221,1984.829440,54.0,4.597466,8.4,4.7
1671610088.700000,45.324720,6.543368,1990.694117,54.0,4.504174,7.8,4.0
1671610091.699000,45.324785,6.543503,1997.452199,54.0,4.616730,6.0,4.7
1671610094.702000,45.324851,6.543638,2004.366847,53.0,4.486581,7.2,5.3
1671610097.704000,45.324919,6.543772,2011.128707,53.0,4.428968,7.7,5.7
1671610100.692000,45.324984,6.543904,2018.256919,54.0,4.370959,7.7,6.0
1671610103.699000,45.325053,6.544044,2025.908848,55.0,4.365786,6.4,5.0
1671610106.704000,45.325112,6.544181,2031.990618,54.0,4.866379,7.7,4.6
1671610109.710000,45.325190,6.544340,2038.195121,53.0,4.958400,7.7,4.7
1671610112.709000,45.325268,6.544493,2042.975845,54.0,4.714208,6.8,5.3
1671610115.715000,45.325342,6.544640,2048.443403,54.0,4.532242,7.4,6.0
1671610118.714000,45.325422,6.544789,2054.044226,54.0,4.549551,7.2,6.0
1671610121.686000,45.325489,6.544922,2059.636630,54.0,4.635859,6.9,6.0
1671610124.719000,45.325559,6.545059,2065.418009,53.0,4.617884,5.2,6.0
1671610127.700000,45.325633,6.545206,2072.380532,54.0,4.493134,6.5,6.0
1671610130.712000,45.325707,6.545342,2078.775541,54.0,4.505945,7.4,6.0
1671610133.707000,45.325778,6.545484,2085.389590,54.0,4.573719,8.0,6.0
1671610136.707000,45.325852,6.545623,2092.091656,54.0,4.461066,8.2,6.0
1671610139.702000,45.325927,6.545762,2099.001874,54.0,4.428113,7.6,6.0
1671610142.724000,45.325998,6.545901,2107.128005,54.0,4.214393,8.1,6.0
1671610145.722000,45.326070,6.546038,2114.380794,55.0,4.446126,6.0,6.0
1671610148.721000,45.326137,6.546174,2122.272565,54.0,4.352570,5.3,6.0
1671610151.718000,45.326206,6.546308,2129.687949,54.0,4.341158,5.8,4.8
1671610154.713000,45.326273,6.546441,2137.573115,54.0,4.178631,5.6,4.0
1671610156.728000,45.326328,6.546546,2143.645144,54.0,4.304673,6.0,4.0
1671610159.703000,45.326387,6.546662,2152.578134,54.0,4.136335,7.8,4.0
1671610162.710000,45.326455,6.546796,2160.875922,54.0,4.095968,7.9,4.0
1671610165.706000,45.326515,6.546913,2169.684360,54.0,4.038072,7.4,4.0
1671610168.719000,45.326587,6.547049,2178.101391,53.0,5.186138,8.3,4.0
1671610171.733000,45.326664,6.547202,2183.754671,54.0,4.623970,5.8,4.0
1671610174.701000,45.326732,6.547333,2190.619903,54.0,4.288480,6.2,4.0
1671610176.729000,45.326790,6.547448,2194.669918,54.0,4.708752,5.8,4.0
1671610179.721000,45.326854,6.547575,2200.865069,54.0,4.698738,6.5,4.0
1671610181.734000,45.326909,6.547685,2205.581751,53.9,4.299160,6.4,4.0
1671610184.708000,45.326969,6.547804,2212.443255,53.0,4.511242,6.6,4.0
1671610186.733000,45.327020,6.547912,2216.845421,55.0,4.274546,6.8,4.0
1671610189.722000,45.327088,6.548044,2222.689182,53.7,4.814373,8.4,4.2
1671610191.723000,45.327146,6.548158,2224.992508,54.1,5.061211,8.4,4.8
1671610194.722000,45.327214,6.548293,2229.327602,54.9,4.690097,4.5,4.9
1671610197.703000,45.327289,6.548443,2233.167171,54.0,4.568300,4.2,4.0
1671610200.711000,45.327364,6.548594,2236.861015,53.0,4.888974,5.1,4.0
1671610203.719000,45.327437,6.548741,2241.436386,54.1,4.862745,5.2,4.0
1671610206.727000,45.327511,6.548888,2245.827757,56.0,4.765712,5.5,4.0
1671610209.698000,45.327584,6.549035,2250.695602,53.0,4.623342,5.7,4.0
1671610212.701000,45.327659,6.549184,2255.621676,53.0,4.628103,7.9,4.0
1671610215.719000,45.327724,6.549312,2260.712832,54.1,5.045429,7.5,4.0
1671610217.712000,45.327783,6.549429,2263.350340,54.0,4.843493,7.8,4.0
1671610220.720000,45.327859,6.549585,2265.714462,53.3,4.933476,6.3,4.0
1671610223.705000,45.327935,6.549737,2269.096606,54.0,4.994206,7.4,4.0
1671610226.714000,45.328010,6.549887,2272.138492,54.0,4.948390,7.3,4.0
1671610228.718000,45.328063,6.549990,2274.590233,54.0,4.836876,7.5,4.0
1671610231.719000,45.328141,6.550142,2278.043995,54.0,4.913105,6.6,4.0
1671610234.708000,45.328218,6.550292,2281.858100,53.0,4.834844,6.6,4.0
1671610237.695000,45.328291,6.550441,2286.150695,54.0,4.802655,5.4,4.0
1671610240.716000,45.328367,6.550593,2289.998808,53.0,4.698354,6.0,4.0
1671610243.723000,45.328442,6.550742,2294.886869,54.0,4.809235,6.5,4.0
1671610246.701000,45.328515,6.550886,2299.472658,55.0,4.733540,7.3,4.0
1671610248.721000,45.328570,6.550997,2302.248149,54.0,4.814869,7.2,4.0
1671610251.726000,45.328644,6.551147,2305.659058,54.0,4.716421,5.3,4.0
1671610253.710000,45.328700,6.551256,2307.908092,54.0,4.977293,6.1,4.0
1671610256.726000,45.328771,6.551400,2311.068902,53.0,4.841826,6.2,4.0
1671610258.720000,45.328826,6.551507,2313.185197,55.0,4.808145,8.1,4.0
1671610261.768000,45.328900,6.551650,2317.434067,53.0,4.877063,7.8,4.4
1671610263.705000,45.328955,6.551757,2319.460233,54.0,4.841701,7.7,4.3
1671610266.703000,45.329028,6.551900,2323.484756,54.0,4.802478,7.5,4.0
1671610268.700000,45.329083,6.552013,2326.994810,54.0,4.774042,8.0,4.0
1671610271.717000,45.329155,6.552159,2329.109721,54.0,4.770435,5.1,4.0
1671610273.719000,45.329210,6.552271,2333.590414,54.0,4.792013,6.7,4.0
1671610276.720000,45.329279,6.552410,2338.511725,55.0,4.787998,7.6,4.0
1671610278.712000,45.329331,6.552517,2341.875969,56.6,4.563857,7.5,4.0
1671610281.716000,45.329396,6.552656,2346.655390,53.0,4.914738,5.5,4.0
1671610284.719000,45.329468,6.552809,2349.298261,54.0,4.860101,5.5,4.0
1671610287.722000,45.329541,6.552958,2353.430359,55.0,4.941048,5.2,4.0
1671610290.725000,45.329613,6.553105,2357.436257,55.0,4.721652,4.5,4.0
1671610293.710000,45.329683,6.553252,2362.148628,53.0,4.821437,5.7,4.3
1671610296.719000,45.329756,6.553402,2366.045793,53.0,4.810283,6.8,4.4
1671610299.720000,45.329832,6.553549,2370.271082,55.0,4.809561,5.6,4.0
1671610302.705000,45.329905,6.553694,2374.552713,55.0,4.801059,6.0,4.0
1671610305.703000,45.329982,6.553841,2379.544798,53.0,4.699109,6.9,4.0
1671610308.712000,45.330055,6.553987,2384.796497,54.0,4.956047,6.4,4.0
1671610311.704000,45.330131,6.554141,2387.604095,53.9,4.705002,7.1,4.0
1671610314.711000,45.330209,6.554296,2389.950122,55.0,4.913618,7.4,4.0
1671610317.715000,45.330284,6.554443,2392.261930,53.0,5.146556,4.4,4.0
1671610319.715000,45.330338,6.554554,2392.995145,55.0,4.919384,5.5,4.0
1671610322.719000,45.330408,6.554688,2394.197242,51.2,4.691724,6.0,4.5
1671610334.703000,45.330509,6.554685,2393.230499,355.7,0.175442,6.1,8.8
1671610355.718000,45.330589,6.554765,2393.934071,-1.0,0.000097,7.2,5.5
1671610363.715000,45.330557,6.554905,2394.161495,-1.0,0.002272,5.8,7.1
1671610377.387000,45.330469,6.554948,2393.805971,-1.0,0.000001,6.4,4.7
1671610381.709000,45.330372,6.554954,2393.167936,194.3,2.238017,5.9,6.6
1671610386.725000,45.330291,6.554870,2393.362644,224.0,2.494085,6.7,4.4
1671610390.705000,45.330214,6.554768,2392.659815,216.0,2.960260,6.8,4.0
1671610393.704000,45.330135,6.554694,2392.182353,214.8,3.862044,7.4,4.0
1671610396.705000,45.330042,6.554579,2391.074639,223.8,5.133744,5.8,4.0
1671610398.720000,45.329966,6.554468,2390.254755,225.3,6.026727,5.6,4.0
1671610400.730000,45.329874,6.554346,2387.516453,222.0,6.931553,5.5,4.0
1671610402.693000,45.329772,6.554222,2386.374844,220.0,7.461350,5.1,4.0
1671610404.718000,45.329656,6.554106,2385.388156,212.0,7.703109,5.4,4.0
1671610406.722000,45.329526,6.554015,2384.534981,203.0,8.057461,5.0,4.0
1671610408.726000,45.329385,6.553934,2382.826334,201.0,8.351660,5.4,4.0
1671610410.704000,45.329236,6.553879,2381.079843,193.0,8.788865,5.0,4.0
1671610412.712000,45.329078,6.553820,2378.547290,195.0,8.909669,5.7,4.0
1671610414.693000,45.328920,6.553762,2377.398522,193.0,9.055445,5.1,4.0
1671610416.711000,45.328761,6.553718,2376.121404,191.0,9.161551,5.4,4.0
1671610418.704000,45.328597,6.553674,2374.685832,191.0,9.096270,5.4,4.0
1671610420.709000,45.328441,6.553651,2372.477859,178.2,8.005261,5.7,4.0
1671610422.715000,45.328294,6.553655,2369.714022,180.0,8.561284,5.7,4.0
1671610424.712000,45.328136,6.553669,2366.990830,179.0,9.215263,5.7,4.0
1671610426.708000,45.327971,6.553670,2364.368174,173.3,9.037548,7.6,4.0
1671610428.721000,45.327798,6.553701,2360.422568,178.9,10.318746,7.4,4.0
1671610429.729000,45.327703,6.553715,2358.565561,176.1,10.778892,7.4,4.0
1671610430.722000,45.327607,6.553746,2356.166751,165.5,10.927606,7.5,4.0
1671610431.706000,45.327514,6.553776,2353.189220,171.7,10.587815,7.5,4.0
1671610432.712000,45.327423,6.553793,2352.473701,177.9,10.502280,7.5,4.4
1671610433.710000,45.327332,6.553802,2350.260780,178.0,10.576586,7.5,4.7
1671610434.716000,45.327238,6.553806,2346.719711,182.9,10.237391,7.5,5.0
1671610436.711000,45.327092,6.553720,2343.497480,224.9,8.897387,7.2,6.0
1671610438.719000,45.327032,6.553509,2336.275929,263.6,8.318706,7.4,6.0
1671610440.719000,45.327006,6.553254,2330.858287,252.2,9.971971,5.7,6.0
1671610441.718000,45.326977,6.553125,2330.485450,252.0,10.258422,6.0,6.0
1671610442.711000,45.326954,6.552996,2330.064696,265.9,9.749265,6.0,6.0
1671610443.708000,45.326953,6.552865,2325.879330,259.1,9.669416,9.1,6.0
1671610445.697000,45.326904,6.552630,2312.076111,233.8,9.207284,2.5,6.3
1671610447.766000,45.326794,6.552468,2308.293177,222.0,8.050869,2.5,7.2
1671610449.692000,45.326681,6.552353,2306.452916,180.2,6.012045,2.5,7.7
1671610451.716000,45.326551,6.552385,2305.686439,160.1,6.487682,2.5,8.0
1671610453.714000,45.326460,6.552457,2310.740882,151.9,1.721412,2.5,7.6
1671610463.402000,45.326409,6.552570,2318.105358,-1.0,0.042635,7.5,7.0
1671610492.437000,45.326390,6.552699,2314.992518,71.9,2.256568,4.6,5.0
1671610494.601000,45.326432,6.552814,2316.298598,52.4,3.089591,5.5,9.7
1671610496.300000,45.326471,6.552958,2317.218428,65.4,3.613618,5.5,13.2
1671610498.082000,45.326522,6.553113,2320.377751,62.4,3.489797,5.2,14.8
1671610500.500000,45.326564,6.553266,2323.939730,67.6,3.607491,4.9,11.8
1671610503.419000,45.326603,6.553410,2333.441198,63.9,3.260719,4.2,10.2
1671610506.419000,45.326640,6.553558,2334.853139,68.5,3.803277,5.4,9.9
1671610509.418000,45.326682,6.553715,2336.451028,69.9,3.923015,5.6,8.1
1671610512.799000,45.326723,6.553875,2339.503405,68.8,3.925581,5.1,7.5
1671610515.799000,45.326763,6.554013,2342.068141,66.9,3.952426,6.0,7.0
1671610518.710000,45.326797,6.554150,2344.690750,69.0,3.897044,6.2,6.0
1671610521.720000,45.326837,6.554291,2347.822692,70.0,3.867727,6.2,4.0
1671610524.706000,45.326874,6.554431,2351.022525,69.0,3.908711,6.1,4.0
1671610527.704000,45.326910,6.554568,2354.186187,69.0,3.849857,6.2,4.3
1671610530.713000,45.326947,6.554706,2357.581956,70.0,3.812611,6.6,4.4
1671610533.718000,45.326986,6.554848,2360.184237,70.0,3.911669,6.2,4.4
1671610536.712000,45.327025,6.554990,2361.937170,69.0,3.881258,4.5,4.0
1671610539.715000,45.327062,6.555130,2364.375203,69.0,3.889437,4.5,4.0
1671610542.719000,45.327102,6.555273,2364.750331,69.0,3.916351,4.9,5.0
1671610545.725000,45.327141,6.555423,2367.705840,69.0,3.878983,6.6,5.0
1671610548.697000,45.327175,6.555554,2370.281372,69.0,3.913030,5.2,4.6
1671610551.705000,45.327210,6.555700,2372.961441,70.0,3.823822,8.4,5.4
1671610554.698000,45.327246,6.555838,2376.199714,70.0,3.884962,6.8,6.0
1671610557.705000,45.327284,6.555982,2380.257486,69.0,3.869981,4.8,5.4
1671610560.725000,45.327321,6.556134,2383.804639,68.0,3.881351,4.8,4.0
1671610563.710000,45.327354,6.556259,2374.991617,68.0,3.867408,2.5,4.0
1671610566.705000,45.327394,6.556409,2390.766222,70.0,3.974286,5.9,5.2
1671610569.694000,45.327427,6.556544,2392.630308,69.0,3.827828,6.2,5.4
1671610572.709000,45.327464,6.556681,2395.087138,69.0,3.973705,6.1,4.0
1671610575.704000,45.327499,6.556825,2397.306412,69.0,3.881200,5.9,4.0
1671610578.705000,45.327532,6.556950,2400.073940,68.3,3.966106,5.9,4.0
1671610581.706000,45.327566,6.557077,2403.394442,69.2,3.727658,5.5,4.5
1671610584.690000,45.327605,6.557222,2408.012803,69.0,3.623243,4.3,5.1
1671610587.703000,45.327641,6.557357,2413.451566,69.0,3.642892,3.8,4.4
1671610590.691000,45.327674,6.557486,2419.122575,70.0,3.582289,4.6,4.0
1671610593.702000,45.327709,6.557618,2415.076488,69.0,3.577448,2.5,4.0
1671610596.694000,45.327742,6.557746,2417.275965,69.0,3.529300,2.5,4.0
1671610599.700000,45.327776,6.557874,2424.433300,69.0,3.524219,2.5,4.0
1671610602.699000,45.327812,6.558001,2430.347957,69.0,3.562989,2.5,4.3
1671610605.703000,45.327846,6.558127,2435.977550,69.0,3.504395,2.5,5.6
1671610608.713000,45.327881,6.558253,2442.316090,69.0,3.480704,2.5,4.8
1671610611.704000,45.327914,6.558377,2448.080378,69.0,3.469835,2.5,4.0
1671610614.711000,45.327946,6.558498,2454.346565,69.0,3.348306,2.5,4.8
1671610617.715000,45.327980,6.558631,2460.850032,69.0,4.039470,2.5,4.4
1671610620.730000,45.328016,6.558774,2466.307336,67.0,3.764774,2.5,4.0
1671610623.713000,45.328049,6.558904,2468.946584,69.0,4.060319,2.5,4.0
1671610626.720000,45.328083,6.559048,2476.767688,70.0,4.015532,3.8,4.0
1671610629.721000,45.328119,6.559193,2479.708406,70.0,3.983667,4.2,4.0
1671610632.715000,45.328156,6.559341,2480.721328,69.0,3.965089,4.3,4.0
1671610635.737000,45.328196,6.559492,2481.811014,69.0,4.007619,3.9,4.0
1671610638.718000,45.328230,6.559624,2482.628570,69.0,3.923961,4.3,4.0
1671610641.720000,45.328268,6.559771,2484.276420,70.0,3.978297,4.3,4.0
1671610644.712000,45.328303,6.559912,2485.502207,69.0,3.956817,5.3,4.0
1671610647.707000,45.328340,6.560056,2487.048253,70.0,3.943362,5.2,4.0
1671610650.711000,45.328380,6.560207,2488.743804,70.0,3.948206,5.5,4.0
1671610653.699000,45.328417,6.560342,2490.712828,69.0,3.945013,6.4,4.0
1671610656.701000,45.328456,6.560486,2492.922714,69.0,3.928848,5.9,4.0
1671610659.701000,45.328492,6.560624,2494.721962,69.0,3.887998,6.1,4.0
1671610662.707000,45.328530,6.560769,2497.047886,70.0,3.916422,6.9,4.0
1671610665.719000,45.328568,6.560917,2499.237084,70.0,3.937832,7.0,4.0
1671610668.717000,45.328602,6.561049,2501.897743,69.0,3.893955,7.2,4.0
1671610671.704000,45.328640,6.561189,2491.380131,69.0,4.041267,2.5,4.0
1671610674.725000,45.328675,6.561330,2492.628176,69.0,3.997456,2.5,4.0
1671610677.722000,45.328712,6.561473,2493.772639,69.0,3.986931,2.5,4.0
1671610680.737000,45.328749,6.561621,2493.693949,70.0,4.022776,2.5,4.0
1671610683.722000,45.328786,6.561758,2496.856103,70.0,3.974530,2.5,4.0
1671610686.701000,45.328823,6.561902,2498.822555,70.0,3.964313,2.5,4.0
1671610689.711000,45.328856,6.562030,2510.378829,69.0,3.815584,5.7,4.0
1671610692.698000,45.328894,6.562176,2514.106139,69.0,3.806934,4.8,4.0
1671610695.719000,45.328932,6.562316,2518.471419,69.0,3.825377,4.3,4.0
1671610698.710000,45.328963,6.562436,2522.166372,69.0,3.790034,5.7,4.0
1671610701.714000,45.329004,6.562589,2515.143489,69.0,3.790586,2.5,4.0
1671610704.717000,45.329039,6.562726,2518.995707,69.0,3.749927,2.5,4.0
1671610707.708000,45.329074,6.562861,2523.266211,69.0,3.738307,2.4,4.0
1671610710.712000,45.329110,6.562996,2525.928972,69.0,3.737158,2.4,4.0
1671610713.706000,45.329145,6.563131,2530.322225,69.0,3.722435,2.5,4.0
1671610716.719000,45.329181,6.563266,2536.103005,70.0,3.682140,2.4,4.0
1671610719.699000,45.329216,6.563399,2540.764707,69.0,3.731435,2.4,4.0
1671610722.696000,45.329253,6.563535,2545.798837,69.0,4.022065,2.5,4.0
1671610725.692000,45.329289,6.563675,2549.374838,69.0,3.919300,2.4,4.0
1671610728.711000,45.329326,6.563813,2552.259074,68.0,3.905461,2.4,4.0
1671610731.693000,45.329363,6.563957,2556.288770,70.0,3.822536,2.4,4.0
1671610734.716000,45.329398,6.564098,2558.971237,70.0,3.814733,2.4,4.0
1671610737.701000,45.329432,6.564225,2563.021809,69.0,3.837277,2.5,4.0
1671610740.716000,45.329470,6.564371,2566.663417,70.0,3.877552,2.5,4.0
1671610743.699000,45.329505,6.564509,2568.075653,69.0,3.929897,2.5,4.0
1671610746.691000,45.329541,6.564652,2569.735831,69.0,3.928084,2.5,4.0
1671610749.725000,45.329580,6.564803,2569.741900,69.0,3.966788,2.5,4.0
1671610752.719000,45.329615,6.564936,2571.705865,69.0,3.969015,2.5,4.0
1671610755.718000,45.329655,6.565079,2574.368009,69.0,3.941436,2.4,4.0
1671610758.713000,45.329696,6.565218,2588.288272,69.0,3.950717,4.8,3.9
1671610761.700000,45.329735,6.565361,2590.520492,69.0,3.946156,7.9,3.6
1671610764.713000,45.329771,6.565493,2582.297041,69.0,3.939553,2.5,3.0
1671610767.703000,45.329812,6.565643,2584.834335,69.0,3.932320,2.5,3.4
1671610770.713000,45.329852,6.565784,2584.580765,69.0,3.923183,2.5,3.6
1671610774.700000,45.329900,6.565961,2591.915678,69.0,3.893966,2.5,3.7
1671610777.703000,45.329938,6.566103,2595.131430,70.0,3.855918,2.5,3.8
1671610780.702000,45.329972,6.566233,2602.619610,69.0,3.805816,2.5,4.0
1671610784.716000,45.330016,6.566401,2620.374139,70.0,3.745978,4.0,4.0
1671610787.714000,45.330050,6.566545,2613.589243,69.0,3.718328,2.4,3.9
1671610790.722000,45.330081,6.566674,2619.019728,70.0,3.690941,2.5,3.7
1671610793.721000,45.330113,6.566801,2624.806321,69.0,3.666964,2.5,3.6
1671610796.697000,45.330145,6.566930,2629.308285,69.0,3.649096,2.4,3.8
1671610799.745000,45.330177,6.567061,2632.802714,70.0,3.630270,2.4,3.5
1671610802.713000,45.330209,6.567188,2638.082131,70.0,3.607165,2.4,3.6
1671610805.720000,45.330244,6.567322,2645.674744,69.0,3.642226,2.4,3.9
1671610808.715000,45.330279,6.567462,2649.695325,69.0,3.694149,2.5,3.9
1671610811.719000,45.330315,6.567600,2653.802044,69.0,3.728959,2.4,3.9
1671610814.719000,45.330351,6.567736,2657.664345,70.0,3.755181,2.5,3.9
1671610817.725000,45.330388,6.567875,2671.966625,70.0,3.772020,3.5,3.6
1671610820.731000,45.330426,6.568019,2665.675593,69.0,3.778674,2.5,2.5
1671610823.702000,45.330460,6.568146,2668.973215,69.0,3.779900,2.5,2.9
1671610826.704000,45.330495,6.568284,2670.456361,69.0,3.779565,2.4,3.5
1671610829.720000,45.330530,6.568418,2677.631240,69.0,3.776224,2.4,2.5
1671610832.721000,45.330568,6.568558,2682.009211,70.0,3.805724,2.4,2.3
1671610835.734000,45.330606,6.568705,2685.116156,70.0,3.822995,2.4,3.2
1671610838.779000,45.330640,6.568836,2700.243524,69.0,3.830656,4.7,3.5
1671610841.713000,45.330676,6.568975,2704.540818,69.0,3.834256,4.5,2.9
1671610844.703000,45.330711,6.569109,2708.251735,69.0,3.830086,4.5,2.3
1671610847.715000,45.330746,6.569247,2711.880712,70.0,3.826804,5.7,2.9
1671610850.726000,45.330784,6.569390,2716.168978,70.0,3.817801,5.2,2.9
1671610853.704000,45.330818,6.569519,2706.732781,69.0,3.806748,2.5,3.2
1671610856.717000,45.330854,6.569657,2711.174068,69.0,3.803089,2.5,3.5
1671610859.715000,45.330889,6.569790,2715.544492,69.0,3.795722,2.4,2.5
1671610862.717000,45.330926,6.569929,2719.378164,69.0,3.786712,2.4,2.9
1671610865.720000,45.330962,6.570068,2723.398370,69.0,3.776960,2.4,2.0
1671610868.705000,45.330997,6.570195,2729.620759,68.0,3.764964,2.4,2.7
1671610871.777000,45.331034,6.570332,2730.128141,70.0,3.752886,2.4,3.9
1671610874.713000,45.331069,6.570462,2735.666594,70.0,3.744064,2.4,3.6
1671610877.710000,45.331104,6.570592,2741.837375,69.0,3.731120,2.4,3.6
1671610880.730000,45.331141,6.570729,2746.266294,69.0,3.720266,2.4,3.9
1671610884.721000,45.331182,6.570895,2751.114432,71.0,3.613706,2.4,3.7
1671610888.717000,45.331223,6.571024,2754.145264,52.8,3.182074,2.4,4.0
1671610893.724000,45.331271,6.571165,2753.177548,61.1,2.655638,2.6,4.0
1671610896.757000,45.331341,6.571267,2752.319459,27.0,3.007109,2.4,4.0
1671610899.714000,45.331468,6.571306,2751.313761,349.9,3.527636,2.4,4.0
1671610901.706000,45.331578,6.571262,2748.263485,342.7,7.102094,2.4,4.0
1671610902.721000,45.331664,6.571221,2747.142585,341.4,8.572920,2.4,4.0
1671610903.719000,45.331756,6.571177,2745.948788,343.0,9.306801,2.4,4.0
1671610904.710000,45.331850,6.571138,2755.988547,343.0,10.004195,8.7,4.0
1671610905.710000,45.331945,6.571097,2742.238481,343.0,10.319872,2.4,4.0
1671610906.722000,45.332041,6.571058,2741.244469,344.2,10.325457,2.4,4.0
1671610907.712000,45.332132,6.571029,2749.912635,347.5,9.842649,9.1,4.0
1671610909.709000,45.332301,6.571002,2751.438274,353.0,9.020914,9.6,4.0
1671610911.719000,45.332458,6.570988,2749.789975,356.9,8.585302,9.7,4.0
1671610913.701000,45.332610,6.570988,2747.448800,359.9,8.664904,5.0,4.0
1671610915.719000,45.332764,6.571002,2733.664415,3.9,8.530684,2.4,4.0
1671610917.715000,45.332909,6.571036,2732.393093,9.9,8.489773,2.4,4.0
1671610919.709000,45.333054,6.571089,2730.848965,13.9,8.362226,2.4,4.0
1671610921.729000,45.333201,6.571142,2729.389252,10.9,8.526961,2.4,4.0
1671610923.721000,45.333355,6.571175,2727.321361,8.0,9.209404,2.4,4.0
1671610925.720000,45.333532,6.571194,2722.916566,1.1,10.271545,2.4,4.4
1671610926.720000,45.333629,6.571195,2720.536513,2.0,10.717429,2.4,4.7
1671610927.706000,45.333728,6.571199,2718.204719,2.0,11.116268,2.4,5.0
1671610928.721000,45.333831,6.571203,2716.310674,1.0,11.180803,2.4,5.6
1671610929.717000,45.333932,6.571208,2714.332200,1.9,11.025297,2.4,5.6
1671610930.720000,45.334031,6.571214,2712.788617,2.0,10.787373,2.4,5.2
1671610931.721000,45.334126,6.571210,2710.488287,356.2,10.760514,2.4,4.8
1671610932.714000,45.334221,6.571180,2708.508990,346.6,10.583807,2.4,4.4
1671610933.693000,45.334309,6.571130,2708.328687,342.4,10.295094,2.5,4.3
1671610934.718000,45.334398,6.571072,2707.799759,336.8,10.180271,2.5,4.0
1671610935.718000,45.334481,6.571017,2707.202153,337.8,9.740727,2.5,4.3
1671610936.733000,45.334568,6.570984,2706.179008,344.9,10.377868,2.4,4.8
1671610938.717000,45.334740,6.571025,2704.038986,18.3,8.967031,2.4,5.6
1671610940.724000,45.334869,6.571146,2703.665583,38.5,6.786440,2.4,6.0
1671610942.716000,45.334942,6.571282,2701.024980,49.3,6.709848,2.4,6.0
1671610944.708000,45.334999,6.571422,2700.273790,46.6,6.360536,2.4,6.0
1671610947.695000,45.335079,6.571537,2694.607177,42.3,4.043059,2.4,6.0
1671610950.694000,45.335127,6.571686,2689.642950,67.3,5.620337,2.4,7.0
1671610952.709000,45.335222,6.571826,2683.971349,41.0,7.324085,2.4,7.7
1671610954.689000,45.335319,6.571991,2678.873380,77.6,8.186212,2.4,8.0
1671610956.709000,45.335348,6.572221,2672.038581,89.3,10.361549,2.4,8.0
1671610957.719000,45.335346,6.572358,2669.142675,100.0,10.155787,2.4,8.0
1671610958.715000,45.335296,6.572480,2664.846989,127.3,10.610479,2.4,8.0
1671610959.708000,45.335215,6.572572,2662.612316,139.5,11.058669,2.5,8.0
1671610960.713000,45.335120,6.572634,2661.732291,154.9,10.391174,2.4,7.7
1671610961.721000,45.335028,6.572688,2660.683409,156.0,10.492156,2.4,7.2
1671610962.712000,45.334939,6.572747,2659.623668,156.9,10.298543,2.5,7.0
1671610963.694000,45.334855,6.572804,2659.512715,154.2,10.017993,2.4,6.7
1671610965.700000,45.334703,6.572931,2657.348897,149.1,9.390531,2.5,6.0
1671610967.706000,45.334566,6.573061,2655.307672,148.1,8.732377,2.5,6.0
1671610969.695000,45.334441,6.573189,2653.542823,149.4,8.215432,2.5,6.0
1671610971.698000,45.334310,6.573284,2653.995322,148.3,8.208517,2.4,6.0
1671610973.709000,45.334180,6.573412,2650.467354,145.0,8.899498,2.4,6.0
1671610975.694000,45.334057,6.573558,2646.262025,141.6,8.573581,2.4,6.0
1671610977.698000,45.333929,6.573678,2642.756493,149.4,8.065951,2.5,6.0
1671610979.709000,45.333836,6.573822,2640.559002,105.4,7.187249,2.5,6.3
1671610981.709000,45.333830,6.574042,2639.617990,101.6,8.860588,2.4,7.2
1671610983.700000,45.333827,6.574282,2632.729030,84.8,7.914374,2.4,7.6
1671610985.694000,45.333849,6.574485,2624.349866,90.1,8.425392,2.4,7.0
1671610987.707000,45.333784,6.574665,2615.379413,130.8,7.797119,2.4,6.0
1671610989.699000,45.333718,6.574841,2610.332853,98.6,8.020041,2.4,5.3
1671610991.700000,45.333729,6.575046,2607.004313,113.7,6.644630,2.4,5.3
1671610993.712000,45.333631,6.575187,2601.952428,125.1,8.142668,2.4,6.0
1671610995.687000,45.333572,6.575341,2596.019913,108.3,6.034610,2.4,6.0
1671610997.706000,45.333551,6.575503,2601.649200,112.8,6.805956,5.6,5.6
1671610999.686000,45.333474,6.575625,2597.813535,150.9,6.399567,5.4,5.0
1671611001.690000,45.333383,6.575724,2579.925019,104.6,7.062152,2.5,5.0
1671611003.690000,45.333344,6.575900,2572.764691,126.8,6.409145,2.4,5.3
1671611005.696000,45.333221,6.576010,2568.537583,146.0,9.585005,2.4,6.7
1671611006.695000,45.333142,6.576086,2567.619013,135.1,9.628385,2.4,7.2
1671611007.683000,45.333075,6.576180,2563.308564,149.4,10.009192,2.4,7.3
1671611008.703000,45.332991,6.576247,2562.458218,163.4,10.410903,2.4,8.0
1671611009.692000,45.332899,6.576283,2559.946590,149.2,9.997818,2.4,8.0
1671611010.685000,45.332816,6.576347,2556.150585,156.5,10.473892,2.5,8.0
1671611011.689000,45.332721,6.576397,2553.051956,160.9,10.861964,2.4,8.0
1671611012.694000,45.332624,6.576441,2547.697767,157.0,10.450067,2.5,8.0
1671611013.693000,45.332533,6.576489,2545.138163,167.0,10.508275,2.5,8.0
1671611014.707000,45.332436,6.576517,2544.344352,165.1,10.251542,2.5,8.0
1671611015.696000,45.332341,6.576551,2541.163425,163.0,10.129831,2.5,8.0
1671611016.696000,45.332251,6.576590,2541.349608,156.1,9.762684,2.4,8.0
1671611018.700000,45.332155,6.576706,2539.695325,113.1,5.622884,2.4,8.0
1671611020.692000,45.332171,6.576839,2536.077872,88.6,5.829505,2.4,8.0
1671611022.698000,45.332193,6.577028,2533.148235,60.5,6.874045,2.4,8.0
1671611024.700000,45.332272,6.577157,2535.611401,36.3,6.147041,5.4,7.7
1671611026.704000,45.332371,6.577221,2531.581618,34.0,5.471937,5.3,7.0
1671611028.701000,45.332467,6.577326,2509.519069,67.9,7.296947,2.5,6.7
1671611030.705000,45.332496,6.577502,2501.526565,64.1,6.477027,2.7,7.0
1671611032.691000,45.332594,6.577624,2495.049430,30.1,6.767999,2.5,7.7
1671611034.694000,45.332712,6.577738,2492.360764,47.9,7.846103,2.5,8.0
1671611036.695000,45.332764,6.577929,2483.637009,64.1,7.309341,2.8,8.0
1671611038.702000,45.332840,6.578092,2477.569684,40.0,7.776702,2.8,8.0
1671611040.702000,45.332934,6.578271,2470.749989,64.0,9.381684,2.8,8.0
1671611042.692000,45.333037,6.578482,2464.137230,55.3,10.234620,2.7,8.0
1671611043.697000,45.333088,6.578594,2460.699607,67.3,10.454260,2.7,8.0
1671611044.691000,45.333126,6.578721,2455.428285,67.0,10.837478,2.6,8.0
1671611045.702000,45.333166,6.578853,2454.670949,51.1,10.809952,2.5,8.0
1671611046.702000,45.333230,6.578963,2452.022688,50.1,11.695550,2.6,8.8
1671611047.708000,45.333299,6.579081,2450.069119,61.3,11.246899,3.0,9.6
1671611048.703000,45.333351,6.579216,2446.839199,60.2,11.308856,2.8,9.6
1671611049.690000,45.333404,6.579343,2444.306384,56.2,11.298013,2.9,9.3
1671611050.701000,45.333460,6.579473,2442.296181,59.0,11.421792,2.5,9.3
1671611051.701000,45.333512,6.579612,2441.467602,64.0,11.775655,2.4,9.3
1671611052.714000,45.333558,6.579758,2452.265592,62.1,11.473744,4.9,8.0
1671611053.707000,45.333607,6.579896,2446.682500,56.5,11.688878,5.1,8.0
1671611054.707000,45.333664,6.580044,2444.563073,64.9,13.470328,4.8,8.0
1671611055.704000,45.333715,6.580193,2443.486013,62.5,11.985787,5.0,8.0
1671611056.700000,45.333762,6.580314,2440.447232,58.1,10.660148,4.8,7.7
1671611057.700000,45.333812,6.580427,2426.633027,61.8,10.303156,2.6,7.3
1671611058.700000,45.333856,6.580541,2424.496294,62.0,10.128172,2.4,7.0
1671611059.696000,45.333908,6.580650,2422.814772,54.5,10.492405,2.4,6.7
1671611060.689000,45.333966,6.580762,2421.351636,56.0,11.042047,2.4,6.3
1671611061.703000,45.334018,6.580884,2418.797578,60.8,10.706207,2.4,6.0
1671611062.705000,45.334062,6.581001,2416.895177,49.6,9.333671,2.5,6.0
1671611064.700000,45.334202,6.581169,2415.533764,41.3,9.902354,2.7,6.4
1671611066.707000,45.334323,6.581330,2411.300429,30.9,8.685181,2.7,7.2
1671611068.690000,45.334474,6.581383,2405.023770,13.9,9.832636,2.6,7.7
1671611069.697000,45.334566,6.581413,2403.639696,19.7,9.758671,2.7,8.0
1671611070.703000,45.334656,6.581452,2401.334663,19.0,10.015448,2.6,8.0
1671611071.700000,45.334746,6.581491,2396.824435,26.9,10.161300,2.6,8.0
1671611072.705000,45.334834,6.581549,2395.099732,29.7,10.904183,2.6,8.0
1671611073.705000,45.334928,6.581616,2392.659283,22.0,11.112929,2.6,8.0
1671611074.703000,45.335026,6.581666,2390.192690,21.0,11.009855,2.5,8.0
1671611075.703000,45.335121,6.581714,2388.514946,31.4,10.801558,2.6,8.0
1671611076.698000,45.335206,6.581788,2385.524735,34.9,10.744862,2.6,8.0
1671611077.698000,45.335289,6.581864,2383.678973,21.2,10.447516,2.6,8.0
1671611078.697000,45.335383,6.581908,2382.089067,13.2,11.372793,2.9,8.0
1671611079.696000,45.335485,6.581940,2376.943515,24.9,11.398191,2.6,8.0
1671611080.698000,45.335582,6.582002,2373.911130,29.0,11.946863,2.6,8.0
1671611081.695000,45.335683,6.582076,2371.846961,27.0,12.774499,2.6,8.0
1671611082.702000,45.335789,6.582144,2369.766500,21.5,11.684752,2.5,8.0
1671611083.703000,45.335895,6.582188,2366.981308,12.8,10.683296,2.6,8.0
1671611084.691000,45.335991,6.582203,2363.605337,9.2,9.431474,2.5,8.0
1671611086.715000,45.336157,6.582201,2363.419573,356.3,8.093100,2.4,8.0
1671611088.713000,45.336277,6.582140,2364.445416,339.1,5.497130,2.5,7.2
1671611091.709000,45.336376,6.582068,2365.057690,342.6,5.180564,2.5,6.0
1671611093.707000,45.336493,6.582044,2364.436483,356.0,6.326864,2.5,6.0
1671611095.700000,45.336633,6.581997,2358.342755,341.1,7.684530,2.7,6.0
1671611097.712000,45.336773,6.581919,2355.322916,339.9,8.349148,2.6,6.0
1671611099.698000,45.336926,6.581876,2350.305304,350.7,9.073986,2.6,6.0
1671611101.700000,45.337074,6.581847,2350.597436,356.5,7.908772,2.8,6.0
1671611103.708000,45.337206,6.581909,2343.945298,18.0,8.113498,2.5,6.8
1671611105.702000,45.337334,6.581991,2337.916038,31.4,7.566975,2.5,7.6
1671611107.705000,45.337424,6.582132,2334.172442,71.8,7.350576,2.5,8.0
1671611109.710000,45.337464,6.582324,2330.651524,68.8,7.522032,2.5,8.0
1671611111.692000,45.337508,6.582525,2320.750355,82.1,8.073861,2.5,8.0
1671611113.701000,45.337523,6.582732,2309.147253,90.9,8.044514,2.5,8.0
1671611115.698000,45.337515,6.582942,2308.206529,84.6,7.949960,2.5,8.7
1671611117.706000,45.337537,6.583158,2301.113810,82.7,8.790756,2.5,8.8
1671611119.691000,45.337558,6.583417,2294.121012,84.5,10.358654,2.5,8.7
1671611120.681000,45.337574,6.583566,2287.032649,83.5,11.069392,2.4,8.0
1671611121.701000,45.337576,6.583721,2284.618163,96.7,10.564744,2.4,8.0
1671611122.707000,45.337566,6.583866,2279.817633,98.5,10.317201,2.5,8.0
1671611123.694000,45.337547,6.584002,2275.616578,98.8,10.233180,2.5,8.0
1671611124.705000,45.337533,6.584140,2274.973557,96.1,10.664749,2.6,8.0
1671611125.695000,45.337524,6.584283,2272.819390,95.0,11.374727,2.6,8.0
1671611126.706000,45.337535,6.584430,2269.690014,86.4,10.390461,2.7,8.0
1671611127.692000,45.337558,6.584558,2264.771329,79.4,9.800168,2.7,8.7
1671611128.694000,45.337615,6.584673,2261.174762,61.2,9.570896,2.7,9.3
1671611129.702000,45.337688,6.584751,2259.872992,38.9,8.805949,2.7,10.0
1671611130.703000,45.337770,6.584829,2261.479819,34.1,8.735279,2.5,10.4
1671611131.700000,45.337849,6.584893,2261.297195,31.1,8.064896,2.5,10.0
1671611133.708000,45.337990,6.584997,2259.441142,31.0,7.258609,2.5,8.8
1671611135.713000,45.338119,6.585088,2256.414357,30.0,7.167624,2.6,8.0
1671611137.706000,45.338252,6.585155,2254.768802,21.0,6.910321,2.6,7.6
1671611139.701000,45.338379,6.585206,2254.154418,22.0,6.643154,2.5,6.8
1671611141.706000,45.338499,6.585262,2255.707516,20.0,6.278807,2.6,6.0
1671611143.703000,45.338614,6.585303,2254.634460,15.1,6.271446,2.6,6.0
1671611145.697000,45.338733,6.585320,2252.651501,1.1,6.041113,2.4,5.7
1671611147.706000,45.338838,6.585294,2249.215628,353.0,4.901396,2.4,4.8
1671611149.700000,45.338933,6.585258,2248.020438,352.0,5.225826,2.4,4.3
1671611152.700000,45.339016,6.585343,2249.252142,91.0,5.055295,2.5,4.0
1671611154.701000,45.339047,6.585497,2242.917559,60.1,6.483038,2.7,4.4
1671611156.711000,45.339096,6.585666,2240.913000,80.2,6.464839,2.5,5.0
1671611158.713000,45.339068,6.585847,2234.642833,98.6,6.372435,2.5,5.6
1671611160.689000,45.339069,6.586033,2227.121733,63.0,7.610017,2.9,5.6
1671611162.694000,45.339128,6.586225,2218.801648,88.5,7.787714,2.6,5.7
1671611164.704000,45.339127,6.586446,2211.161395,90.2,8.273305,2.8,6.4
1671611166.701000,45.339172,6.586658,2207.395693,72.2,8.550595,2.8,7.0
1671611168.700000,45.339229,6.586890,2200.451726,76.4,9.669395,2.5,7.7
1671611169.703000,45.339255,6.587015,2199.036310,75.6,9.504306,2.5,8.0
1671611170.705000,45.339289,6.587138,2196.124534,73.1,9.545348,2.5,8.0
1671611171.695000,45.339341,6.587264,2193.852370,67.4,10.523493,2.5,8.0
1671611172.694000,45.339409,6.587400,2189.410204,62.2,11.514194,2.4,8.0
1671611173.687000,45.339478,6.587531,2185.635871,56.6,11.548635,2.4,8.0
1671611174.698000,45.339560,6.587643,2181.216509,41.7,11.479383,2.5,8.0
1671611175.693000,45.339645,6.587734,2181.071672,36.6,11.373626,2.4,8.0
1671611176.704000,45.339737,6.587805,2179.937535,31.5,11.446268,2.4,8.0
1671611177.699000,45.339835,6.587871,2179.711959,31.1,11.658542,2.5,8.0
1671611178.703000,45.339933,6.587938,2177.071803,30.9,11.603040,2.4,8.0
1671611179.701000,45.340031,6.588008,2177.714492,31.9,11.749082,2.5,8.0
1671611180.695000,45.340134,6.588087,2175.568175,32.2,12.695185,2.4,8.0
1671611181.693000,45.340242,6.588180,2173.391131,37.3,13.127961,2.5,8.0
1671611182.698000,45.340346,6.588286,2172.229728,40.4,12.983468,2.5,8.0
1671611183.697000,45.340438,6.588400,2170.564939,44.9,12.455388,2.6,8.0
1671611184.706000,45.340518,6.588517,2169.813781,46.8,11.953296,2.6,8.0
1671611185.702000,45.340580,6.588625,2170.266734,50.2,10.764921,2.6,8.0
1671611186.704000,45.340637,6.588726,2167.990278,50.9,10.235991,2.8,8.0
1671611188.694000,45.340736,6.588896,2165.093525,50.4,8.249994,2.6,8.0
1671611190.709000,45.340829,6.589047,2163.530539,51.8,7.127709,2.5,8.0
1671611192.684000,45.340902,6.589174,2165.116765,54.0,6.088891,2.7,7.7
1671611195.699000,45.340958,6.589320,2165.323157,63.4,3.980863,2.6,6.6
1671611199.714000,45.341029,6.589405,2162.064189,16.9,1.626953,2.5,6.0
1671611206.411000,45.341035,6.589277,2166.560978,266.8,1.348652,2.4,12.3
1671611230.411000,45.341042,6.589145,2169.078503,264.0,1.344244,2.5,5.3
1671611243.212000,45.341089,6.589032,2165.118541,275.1,1.844169,2.8,7.3
1671611246.070000,45.341121,6.588871,2165.600844,279.8,2.667569,2.7,10.9
1671611248.413000,45.341129,6.588705,2165.422108,277.2,3.344904,2.5,11.5
1671611250.812000,45.341134,6.588573,2168.433143,276.8,3.491212,2.6,9.5
1671611253.212000,45.341143,6.588429,2174.299805,277.0,3.347171,2.6,7.8
1671611256.690000,45.341157,6.588284,2179.902252,277.8,3.401885,2.6,6.8
1671611259.612000,45.341168,6.588147,2183.173831,275.9,3.501059,2.8,6.8
1671611262.612000,45.341181,6.588018,2185.307395,277.0,3.473758,2.7,7.1
1671611265.611000,45.341194,6.587887,2185.391618,279.0,3.395282,2.9,7.3
1671611268.703000,45.341208,6.587757,2189.048279,278.0,3.423642,3.1,6.5
1671611271.700000,45.341220,6.587625,2190.721194,279.0,3.388000,2.9,4.6
1671611274.697000,45.341233,6.587498,2193.219233,278.0,3.352752,2.9,4.0
1671611278.690000,45.341252,6.587325,2198.815630,278.0,3.760585,2.9,4.0
1671611281.704000,45.341265,6.587194,2203.711971,278.0,3.565100,3.1,4.0
1671611284.703000,45.341280,6.587060,2205.280709,279.0,3.451467,3.0,4.0
1671611287.697000,45.341293,6.586928,2208.075423,278.0,3.474368,3.0,4.0
1671611290.697000,45.341309,6.586796,2206.253972,279.0,3.487212,3.0,4.0
1671611293.706000,45.341324,6.586665,2207.913542,280.0,3.555586,3.1,4.0
1671611296.686000,45.341337,6.586535,2210.452462,278.0,3.484071,3.3,4.0
1671611299.692000,45.341350,6.586402,2212.280898,279.4,3.420236,3.4,4.0
1671611302.688000,45.341363,6.586273,2213.701111,277.0,3.506071,3.3,4.0
1671611305.710000,45.341377,6.586140,2217.312549,276.4,3.498259,3.2,4.0
1671611309.698000,45.341394,6.585970,2221.716081,277.0,3.542780,3.3,4.0
1671611312.694000,45.341407,6.585839,2225.540924,277.0,3.507904,3.3,4.0
1671611315.710000,45.341421,6.585709,2226.040315,279.0,3.504983,3.3,4.0
1671611318.712000,45.341433,6.585581,2228.657238,277.0,3.437238,3.3,4.0
1671611322.701000,45.341450,6.585417,2229.644890,278.0,3.515708,3.7,4.0
1671611325.707000,45.341462,6.585266,2230.120312,277.9,3.422343,3.5,4.0
1671611328.708000,45.341473,6.585129,2232.106501,278.0,3.428211,3.6,4.0
1671611332.694000,45.341488,6.584966,2238.086752,278.0,3.181869,2.7,4.0
1671611335.708000,45.341502,6.584839,2243.076711,278.0,3.193483,2.6,4.0
1671611339.693000,45.341520,6.584678,2250.054325,278.0,3.090415,2.6,4.0
1671611343.698000,45.341537,6.584520,2259.563714,278.0,3.128886,2.6,5.0
1671611347.705000,45.341554,6.584367,2264.739392,278.0,3.096608,2.5,4.0
1671611351.695000,45.341570,6.584217,2271.235804,278.0,3.039997,2.9,4.0
1671611355.699000,45.341585,6.584066,2278.839434,278.0,3.030011,2.9,4.0
1671611359.704000,45.341602,6.583913,2286.755288,278.0,2.950535,2.8,4.0
1671611363.725000,45.341619,6.583762,2295.532960,278.0,2.915339,2.5,5.0
1671611367.711000,45.341638,6.583591,2304.668601,280.0,2.964618,2.5,4.0
1671611371.698000,45.341654,6.583459,2313.282357,278.0,2.944157,2.5,4.3
1671611375.696000,45.341671,6.583312,2321.850123,278.0,2.878775,2.5,5.3
1671611379.698000,45.341690,6.583156,2328.345252,277.0,3.211350,2.7,4.0
1671611383.704000,45.341707,6.583004,2335.569206,277.0,2.763824,2.5,4.0
1671611388.713000,45.341722,6.582863,2342.689442,278.0,1.910161,2.5,4.0
1671611398.738000,45.341736,6.582732,2351.947921,278.0,0.848691,2.5,4.0
1671611412.711000,45.341747,6.582594,2358.571838,275.0,0.842201,2.5,4.0
1671611425.698000,45.341764,6.582456,2366.877279,281.0,0.892826,2.4,4.0
1671611434.706000,45.341780,6.582307,2372.029301,278.0,1.906468,2.5,4.0
1671611439.697000,45.341798,6.582158,2377.667987,279.0,2.705720,2.6,4.0
1671611443.695000,45.341816,6.581997,2384.756624,278.0,3.489854,2.5,4.0
1671611447.712000,45.341834,6.581821,2390.826402,277.0,3.153332,2.4,4.0
1671611451.701000,45.341851,6.581673,2398.174456,278.0,3.177769,2.4,4.0
1671611455.715000,45.341869,6.581514,2405.268444,278.0,3.105256,2.4,4.0
1671611459.711000,45.341887,6.581356,2411.994040,279.0,3.125146,2.5,4.0
1671611463.717000,45.341904,6.581200,2418.291776,279.0,3.052760,2.6,4.0
1671611467.718000,45.341922,6.581044,2425.429295,278.0,3.065751,2.7,4.0
1671611471.711000,45.341940,6.580889,2432.537506,278.0,2.992970,2.5,4.0
1671611475.706000,45.341957,6.580731,2439.329914,278.0,3.019533,2.4,4.0
1671611479.704000,45.341974,6.580579,2447.819425,278.0,3.054374,2.5,4.0
1671611483.717000,45.341991,6.580421,2455.477073,277.0,2.994787,2.4,4.0
1671611487.707000,45.342006,6.580279,2462.471617,280.0,3.145446,2.4,4.0
1671611491.696000,45.342023,6.580108,2469.240856,278.0,3.571723,2.6,4.0
1671611494.693000,45.342038,6.579965,2470.404290,278.0,3.507124,2.7,4.0
1671611497.701000,45.342053,6.579834,2471.028611,278.0,3.512697,2.7,2.5
1671611500.703000,45.342067,6.579700,2471.719630,278.0,3.511995,2.5,2.5
1671611503.704000,45.342087,6.579565,2472.392628,283.0,3.538797,2.6,3.4
1671611507.709000,45.342102,6.579439,2472.973225,278.9,3.079763,2.5,3.9
1671611516.713000,45.342172,6.579314,2472.635064,346.7,2.251070,2.4,4.7
1671611519.718000,45.342284,6.579285,2471.706362,356.4,2.928861,2.5,5.5
1671611522.713000,45.342412,6.579346,2470.405456,32.0,3.404476,2.7,4.6
1671611525.716000,45.342524,6.579471,2469.263561,35.0,3.819649,2.6,4.0
1671611527.716000,45.342607,6.579538,2467.896798,21.0,4.044177,2.6,4.0
1671611530.713000,45.342740,6.579561,2466.857272,359.0,4.248806,2.6,3.9
1671611533.702000,45.342873,6.579523,2465.515327,348.0,4.483733,2.5,3.5
1671611535.755000,45.342962,6.579472,2463.716000,336.8,6.880528,2.4,3.5
1671611537.698000,45.343107,6.579387,2462.283785,339.9,7.547966,2.5,3.6
1671611539.696000,45.343252,6.579318,2460.802536,342.0,9.472186,2.5,4.0
1671611540.722000,45.343339,6.579274,2460.019366,339.1,9.836053,2.4,4.0
1671611542.686000,45.343497,6.579171,2456.170578,335.0,9.171558,2.4,4.0
1671611544.720000,45.343634,6.579085,2454.924452,335.0,8.065042,2.4,4.0
1671611546.688000,45.343756,6.579016,2453.789293,337.0,7.795366,2.4,4.0
1671611548.692000,45.343894,6.578922,2452.233167,331.0,9.146150,2.6,4.0
1671611550.699000,45.344039,6.578784,2447.898208,329.0,9.792356,2.5,4.0
1671611551.709000,45.344124,6.578725,2447.639820,334.0,10.983147,2.7,4.0
1671611552.699000,45.344220,6.578665,2443.972012,337.0,12.079726,2.7,4.0
1671611553.690000,45.344323,6.578608,2441.396233,347.9,12.540814,2.7,4.3
1671611554.696000,45.344438,6.578586,2437.811581,357.8,13.522841,2.5,4.7
1671611555.724000,45.344563,6.578582,2434.883573,348.9,12.863904,2.5,5.2
1671611556.695000,45.344675,6.578546,2429.994747,341.2,12.133310,2.6,5.3
1671611557.704000,45.344780,6.578502,2429.027737,341.7,12.037938,2.7,6.0
1671611558.696000,45.344878,6.578500,2426.904535,12.1,11.093058,2.6,6.0
1671611559.692000,45.344978,6.578535,2423.704539,9.1,12.105660,2.7,6.0
1671611560.717000,45.345091,6.578566,2420.795256,7.0,12.835865,2.6,6.0
1671611561.708000,45.345208,6.578586,2415.835008,5.5,13.456710,2.6,6.4
1671611562.693000,45.345328,6.578578,2410.325717,354.1,12.820251,2.5,6.7
1671611563.695000,45.345442,6.578551,2406.681931,350.0,12.216037,2.4,7.0
1671611564.698000,45.345537,6.578491,2402.325453,333.9,10.726540,2.4,7.6
1671611565.701000,45.345618,6.578431,2400.049436,342.6,10.031609,2.5,7.7
1671611567.696000,45.345794,6.578376,2395.234105,340.3,10.762151,2.5,8.0
1671611568.693000,45.345889,6.578330,2390.152709,339.1,10.565016,2.5,8.0
1671611569.692000,45.345977,6.578282,2385.909905,339.6,10.259872,2.4,8.0
1671611570.700000,45.346062,6.578235,2385.115522,339.6,10.186525,2.4,8.0
1671611572.696000,45.346220,6.578179,2374.365956,343.5,9.843625,2.4,8.7
1671611574.699000,45.346394,6.578136,2369.184253,345.7,10.828694,2.4,10.4
1671611575.697000,45.346489,6.578121,2365.535772,350.1,11.066619,2.5,10.7
1671611576.700000,45.346582,6.578119,2360.968622,359.0,9.861899,2.5,12.0
1671611578.698000,45.346750,6.578147,2352.691592,0.4,10.348804,2.5,12.0
1671611580.692000,45.346914,6.578110,2340.338141,346.9,9.637028,2.5,12.0
1671611582.709000,45.347083,6.578108,2336.658316,18.6,9.955027,2.5,12.0
1671611584.695000,45.347268,6.578158,2330.678317,0.1,11.580421,2.6,12.0
1671611585.698000,45.347380,6.578153,2325.787738,359.1,12.855079,2.6,12.0
1671611586.697000,45.347498,6.578146,2324.975983,355.8,13.099466,2.5,12.0
1671611587.687000,45.347617,6.578121,2320.643680,347.9,13.212783,2.5,12.0
1671611588.692000,45.347744,6.578075,2316.022648,340.5,12.963045,2.6,12.0
1671611589.697000,45.347868,6.578012,2311.447239,340.6,12.919223,2.5,12.0
1671611590.703000,45.348001,6.577951,2310.732742,357.9,13.413058,2.5,12.0
1671611591.686000,45.348137,6.577938,2304.872168,351.1,13.688053,2.5,12.0
1671611592.697000,45.348281,6.577903,2301.641790,346.2,13.664203,2.4,11.2
1671611593.693000,45.348414,6.577850,2298.258110,342.2,13.539927,2.4,10.4
1671611594.694000,45.348538,6.577792,2297.080605,345.9,12.858141,2.5,10.0
1671611595.697000,45.348664,6.577744,2294.995266,348.0,13.294158,2.5,9.3
1671611596.693000,45.348784,6.577700,2293.332180,341.0,13.314329,2.5,8.0
1671611597.693000,45.348897,6.577637,2288.359637,341.0,10.629601,2.5,8.0
1671611598.696000,45.348996,6.577584,2286.783635,358.7,10.003864,2.4,8.0
1671611599.699000,45.349087,6.577576,2285.076917,1.0,9.779778,2.4,8.0
1671611601.693000,45.349278,6.577562,2281.847955,349.2,9.771216,2.4,8.0
1671611602.687000,45.349373,6.577538,2279.446134,358.4,9.430303,2.4,8.0
1671611603.684000,45.349464,6.577532,2279.188006,2.0,9.757077,2.4,8.0
1671611604.686000,45.349556,6.577535,2275.301570,351.2,10.417629,2.4,8.0
1671611605.702000,45.349657,6.577509,2273.493454,340.2,11.523153,2.4,8.0
1671611606.696000,45.349760,6.577453,2270.229043,344.0,11.894835,2.5,8.0
1671611607.699000,45.349865,6.577410,2267.889010,0.6,11.630632,2.5,8.0
1671611608.701000,45.349967,6.577416,2261.501656,14.2,11.444199,2.5,8.8
1671611609.705000,45.350069,6.577456,2257.921839,12.1,13.257714,2.5,9.6
1671611610.691000,45.350186,6.577496,2253.630359,2.6,14.170390,2.7,10.0
1671611611.691000,45.350319,6.577509,2248.937837,10.0,15.287710,2.5,10.7
1671611612.694000,45.350458,6.577547,2246.519160,15.8,16.174702,2.7,11.3
1671611613.705000,45.350597,6.577614,2239.631011,18.9,15.635292,2.5,12.0
1671611614.695000,45.350727,6.577683,2235.614131,14.4,15.032934,2.5,12.0
1671611615.694000,45.350864,6.577735,2231.051806,12.0,15.078363,2.6,12.0
1671611616.694000,45.350997,6.577777,2228.643179,19.9,12.846292,2.5,12.0
1671611617.695000,45.351106,6.577834,2226.192587,28.6,12.440011,2.5,12.0
1671611618.698000,45.351209,6.577913,2222.820227,29.0,12.575469,2.5,12.0
1671611619.701000,45.351314,6.577995,2220.078613,22.5,12.702979,2.5,12.0
1671611620.696000,45.351425,6.578059,2215.806102,13.1,12.814525,2.5,12.0
1671611621.696000,45.351542,6.578099,2210.982329,13.0,13.128261,2.4,12.0
1671611622.688000,45.351656,6.578139,2210.889283,21.8,12.561018,2.4,12.0
1671611623.701000,45.351761,6.578202,2207.008409,36.8,12.707438,2.4,12.0
1671611624.701000,45.351851,6.578300,2203.625171,37.9,12.724813,2.5,12.0
1671611625.716000,45.351945,6.578401,2198.659950,34.3,13.061262,2.4,12.0
1671611626.713000,45.352047,6.578481,2195.719296,27.0,13.313526,2.5,12.0
1671611627.715000,45.352163,6.578533,2192.847387,18.5,13.645782,2.5,12.0
1671611628.703000,45.352285,6.578585,2189.903855,19.4,13.676105,2.4,12.0
1671611629.691000,45.352402,6.578650,2187.159812,22.3,13.716390,2.4,12.0
1671611630.693000,45.352524,6.578717,2182.635874,18.8,14.046432,2.4,12.0
1671611631.699000,45.352654,6.578768,2176.652291,14.5,14.246498,2.4,12.0
1671611632.691000,45.352781,6.578818,2174.794735,15.1,14.172437,2.4,12.0
1671611633.691000,45.352897,6.578905,2169.329414,29.0,13.621709,2.4,12.0
1671611634.706000,45.353004,6.578997,2167.747983,30.5,12.929355,2.4,12.0
1671611635.702000,45.353109,6.579072,2165.052729,16.0,12.217805,2.5,12.0
1671611636.694000,45.353221,6.579119,2164.040053,12.5,12.597240,2.5,12.0
1671611637.693000,45.353337,6.579162,2162.707215,19.4,12.229027,2.5,12.0
1671611638.705000,45.353448,6.579220,2162.409754,22.2,11.870664,2.5,12.0
1671611639.703000,45.353554,6.579285,2161.499120,19.7,11.489365,2.6,11.3
1671611640.707000,45.353652,6.579330,2159.701292,12.9,10.298597,2.5,10.4
1671611641.691000,45.353742,6.579354,2158.497585,8.2,9.490092,2.7,10.0
1671611643.696000,45.353906,6.579396,2156.390292,11.3,8.900569,2.5,8.7
1671611645.709000,45.354074,6.579477,2155.246207,20.1,10.606684,2.5,8.0
1671611646.700000,45.354162,6.579525,2150.867420,21.0,10.521080,2.5,8.8
1671611647.689000,45.354249,6.579580,2150.200427,24.6,10.458613,2.6,8.7
1671611648.699000,45.354336,6.579658,2148.298145,29.9,11.177670,2.5,8.8
1671611649.695000,45.354422,6.579728,2145.472558,22.0,10.877349,2.5,8.7
1671611650.691000,45.354512,6.579776,2141.574750,13.4,10.480897,2.4,8.7
1671611651.693000,45.354600,6.579814,2140.714718,18.0,9.974338,2.4,8.7
1671611653.696000,45.354750,6.579932,2141.273458,28.0,9.271120,2.5,8.0
1671611655.699000,45.354896,6.580006,2136.983079,11.2,9.531158,2.5,8.0
1671611657.703000,45.355054,6.580066,2135.236527,22.6,9.664330,2.4,8.0
1671611659.698000,45.355205,6.580169,2130.332838,14.8,10.635885,2.4,8.0
1671611660.691000,45.355303,6.580204,2125.548560,358.2,11.645771,2.4,8.0
1671611661.718000,45.355414,6.580200,2123.682720,360.0,11.681439,2.4,8.0
1671611662.715000,45.355520,6.580198,2122.206825,10.0,11.097798,2.4,8.0
1671611663.691000,45.355617,6.580230,2120.518011,28.0,11.313572,2.4,8.0
1671611664.700000,45.355714,6.580303,2117.616455,23.1,11.912712,2.5,8.0
1671611665.712000,45.355820,6.580373,2113.359590,9.3,12.469793,2.6,8.0
1671611666.714000,45.355932,6.580400,2111.390652,2.8,11.090774,2.6,8.0
1671611667.720000,45.356033,6.580403,2109.007495,352.0,10.233081,2.5,8.0
1671611668.724000,45.356131,6.580386,2107.594349,355.0,10.951699,2.6,8.0
1671611669.699000,45.356224,6.580392,2106.737667,10.4,10.371734,2.5,8.0
1671611670.702000,45.356313,6.580423,2105.970051,11.0,10.820215,2.7,8.0
1671611671.714000,45.356404,6.580447,2104.386231,357.3,10.120411,2.6,8.0
1671611673.695000,45.356567,6.580411,2100.238605,353.9,9.619220,2.6,8.0
1671611675.704000,45.356724,6.580411,2098.578438,4.0,9.277567,2.5,7.2
1671611677.690000,45.356889,6.580411,2096.614119,4.0,9.551465,2.6,6.7
1671611679.705000,45.357061,6.580400,2094.848922,358.0,9.473637,2.4,6.0
1671611681.697000,45.357236,6.580383,2093.199162,1.0,9.784519,2.5,6.0
1671611683.709000,45.357416,6.580370,2091.396801,356.0,9.909831,2.5,5.6
1671611684.713000,45.357509,6.580369,2089.353978,1.9,10.525258,2.5,5.2
1671611685.703000,45.357601,6.580366,2089.455397,355.1,10.034174,2.5,4.8
1671611687.696000,45.357772,6.580318,2085.569986,339.0,9.147329,2.4,4.7
1671611689.698000,45.357923,6.580253,2084.306271,353.9,8.787982,2.4,5.0
1671611691.690000,45.358075,6.580235,2083.595092,357.0,8.655579,2.5,6.0
1671611693.703000,45.358228,6.580214,2081.885635,357.0,8.400271,2.5,6.0
1671611695.708000,45.358385,6.580198,2080.507564,354.0,8.767916,2.6,6.0
1671611697.701000,45.358546,6.580158,2079.341914,349.0,9.070266,2.6,6.0
1671611699.701000,45.358715,6.580146,2078.107571,2.5,9.556527,2.6,5.7
1671611701.700000,45.358892,6.580149,2076.318792,356.3,10.039222,2.8,5.0
1671611702.705000,45.358982,6.580133,2074.320415,353.0,10.059752,2.6,4.4
1671611704.707000,45.359158,6.580099,2071.343637,353.0,10.390455,2.5,4.0
1671611705.701000,45.359255,6.580083,2070.717712,353.0,10.591576,2.6,4.0
1671611706.706000,45.359351,6.580066,2068.622005,353.0,10.668409,2.6,4.0
1671611707.707000,45.359445,6.580051,2068.006315,352.0,10.441556,2.6,4.0
1671611708.695000,45.359534,6.580025,2067.489765,346.0,9.997306,2.5,4.0
1671611710.717000,45.359701,6.579954,2065.593660,344.0,9.380415,2.5,4.0
1671611712.709000,45.359856,6.579876,2064.332488,337.1,8.764661,2.5,4.8
1671611714.695000,45.360013,6.579799,2063.849799,342.9,9.408187,2.5,5.3
1671611716.703000,45.360178,6.579722,2062.782578,338.0,10.001512,2.5,5.3
1671611718.706000,45.360346,6.579630,2059.790464,340.0,10.381692,2.4,4.7
1671611719.693000,45.360436,6.579590,2058.707667,342.0,10.995019,2.4,4.3
1671611720.699000,45.360531,6.579547,2056.124044,344.0,10.867729,2.5,4.0
1671611721.695000,45.360626,6.579512,2056.021510,346.0,10.910119,2.5,4.3
1671611722.700000,45.360725,6.579478,2054.431252,345.0,11.091980,2.5,4.7
1671611723.708000,45.360828,6.579429,2053.236555,343.0,12.517546,2.5,5.2
1671611724.699000,45.360926,6.579380,2051.666784,341.0,11.328319,2.6,5.6
1671611725.696000,45.361019,6.579335,2050.835792,346.0,10.889889,2.7,5.7
1671611726.702000,45.361114,6.579304,2050.102305,346.0,11.008553,2.6,6.0
1671611727.687000,45.361210,6.579274,2048.748232,345.0,11.081814,2.5,6.0
1671611728.704000,45.361307,6.579230,2047.418578,337.9,10.815156,2.5,6.0
1671611729.699000,45.361396,6.579186,2046.464812,341.3,10.239035,2.8,6.0
1671611730.705000,45.361483,6.579155,2045.230050,343.6,10.673107,2.7,6.0
1671611731.710000,45.361575,6.579121,2044.653759,342.6,10.501719,2.5,6.0
1671611732.702000,45.361662,6.579080,2042.374673,339.0,10.404619,2.6,6.0
1671611733.702000,45.361747,6.579041,2041.734222,343.2,10.260385,2.5,6.0
1671611734.704000,45.361833,6.579000,2039.547178,337.8,10.164060,2.6,6.0
1671611735.711000,45.361917,6.578946,2037.650889,332.2,10.897523,2.7,6.0
1671611736.706000,45.362005,6.578887,2035.686020,337.1,10.895930,2.6,6.0
1671611737.703000,45.362096,6.578840,2033.171959,340.8,10.879234,2.5,6.0
1671611738.703000,45.362190,6.578792,2031.755253,341.4,11.519837,2.5,6.0
1671611739.701000,45.362290,6.578730,2031.050771,340.8,12.310549,2.5,6.0
1671611740.704000,45.362396,6.578661,2029.484497,338.1,12.486124,2.5,6.0
1671611741.704000,45.362500,6.578565,2026.024054,326.0,13.111968,2.5,6.0
1671611742.708000,45.362598,6.578449,2022.735603,318.3,13.595025,2.4,6.0
1671611743.700000,45.362689,6.578323,2018.967047,318.3,13.605139,2.5,6.0
1671611744.693000,45.362784,6.578206,2017.554285,323.4,13.689397,2.4,6.0
1671611745.698000,45.362889,6.578119,2016.031219,335.6,13.455733,2.5,6.3
1671611746.692000,45.363000,6.578053,2012.107381,341.0,13.445150,2.4,6.7
1671611747.687000,45.363113,6.577996,2009.256283,339.1,13.218100,2.5,7.0
1671611748.706000,45.363223,6.577936,2004.617336,340.3,12.718965,2.5,7.6
1671611749.698000,45.363327,6.577898,2003.334945,358.7,12.108522,2.5,8.0
1671611750.701000,45.363432,6.577902,1999.179660,1.4,12.272463,2.5,8.0
1671611751.695000,45.363541,6.577918,1996.741888,2.0,12.898534,2.5,8.0
1671611752.698000,45.363661,6.577931,1993.172645,358.6,13.350253,2.5,8.0
1671611753.696000,45.363784,6.577937,1989.217433,0.9,13.347093,2.5,8.0
1671611754.694000,45.363903,6.577958,1987.843668,11.8,13.319906,2.5,8.0
1671611755.703000,45.364019,6.577999,1984.595547,10.6,13.259459,2.5,8.0
1671611756.698000,45.364132,6.578033,1980.635825,9.5,13.427706,2.5,8.0
1671611757.696000,45.364250,6.578063,1975.975756,9.6,13.576162,2.5,8.7
1671611758.707000,45.364368,6.578102,1974.183717,13.2,13.393563,2.6,9.6
1671611759.700000,45.364484,6.578138,1971.592902,9.3,13.437974,2.7,10.4
1671611760.699000,45.364605,6.578168,1967.011062,357.1,14.390704,2.5,10.7
1671611761.704000,45.364740,6.578164,1963.404692,358.0,14.108931,2.6,12.0
1671611762.693000,45.364874,6.578158,1961.828065,351.3,14.937076,2.5,12.0
1671611763.691000,45.365009,6.578127,1956.707541,349.0,14.831006,2.6,12.0
1671611764.686000,45.365145,6.578094,1954.447950,352.0,14.427931,2.6,12.0
1671611765.690000,45.365278,6.578071,1950.468580,351.1,14.612246,2.6,12.0
1671611766.692000,45.365408,6.578044,1946.249731,355.0,14.085924,2.5,12.7
1671611767.696000,45.365538,6.578027,1946.512119,353.1,14.888443,2.5,12.8
1671611768.702000,45.365671,6.578004,1942.111231,355.9,14.637017,2.5,12.8
1671611769.683000,45.365800,6.577993,1941.102780,1.6,14.462629,2.5,12.7
1671611770.678000,45.365931,6.578001,1938.437642,0.0,14.727774,2.5,12.7
1671611771.683000,45.366064,6.578004,1934.740247,3.9,14.312008,2.5,12.7
1671611772.684000,45.366195,6.578021,1933.086320,4.0,14.559118,2.5,12.0
1671611773.697000,45.366335,6.578037,1929.316580,9.0,13.670630,2.4,12.0
1671611774.697000,45.366471,6.578060,1927.964811,8.0,13.703811,2.4,12.0
1671611775.707000,45.366608,6.578082,1925.416326,2.1,12.908501,2.4,12.0
1671611776.694000,45.366740,6.578084,1922.857089,2.0,13.093465,2.5,12.0
1671611777.703000,45.366884,6.578088,1921.536742,2.0,12.598875,2.5,12.0
1671611778.693000,45.367014,6.578091,1917.670827,8.0,11.271425,2.5,12.0
1671611779.697000,45.367140,6.578113,1916.018734,7.0,11.127857,2.5,11.2
1671611780.698000,45.367253,6.578130,1913.740964,352.9,11.016405,2.5,10.7
1671611781.690000,45.367363,6.578106,1911.328164,344.0,10.563826,2.5,10.0
1671611782.703000,45.367460,6.578062,1908.625663,347.8,9.856204,2.4,8.8
1671611784.703000,45.367615,6.578022,1905.017151,11.2,8.080823,2.5,8.0
1671611786.714000,45.367764,6.578068,1899.600096,1.1,10.499086,2.5,8.0
1671611787.691000,45.367860,6.578074,1895.437694,350.9,9.933944,2.4,8.0
1671611788.700000,45.367953,6.578057,1892.677448,7.0,9.773414,2.5,8.0
1671611789.692000,45.368044,6.578087,1890.428929,19.8,10.294419,2.5,8.0
1671611790.707000,45.368137,6.578141,1885.660984,20.0,10.205394,2.5,8.0
1671611791.709000,45.368234,6.578194,1881.732809,9.3,11.020182,2.5,8.0
1671611792.694000,45.368340,6.578222,1878.963344,15.5,11.507594,2.5,8.0
1671611793.683000,45.368447,6.578268,1873.906649,30.1,11.448078,2.6,8.0
1671611794.704000,45.368543,6.578346,1869.900338,31.9,11.374183,2.7,8.0
1671611795.706000,45.368630,6.578421,1865.297368,18.3,10.848345,2.6,8.0
1671611796.702000,45.368720,6.578465,1863.495673,17.0,10.930490,2.5,8.0
1671611797.695000,45.368812,6.578512,1861.521563,30.9,11.188943,2.5,8.0
1671611798.698000,45.368893,6.578592,1857.214506,28.2,10.490411,2.5,8.0
1671611799.689000,45.368971,6.578665,1855.192698,12.9,10.328379,2.5,8.0
1671611800.694000,45.369058,6.578695,1853.872543,353.7,8.275990,2.5,8.0
1671611802.701000,45.369221,6.578672,1848.886338,348.4,9.920774,2.4,8.0
1671611803.689000,45.369315,6.578643,1846.186628,337.0,11.554388,2.4,8.0
1671611804.696000,45.369419,6.578585,1843.635296,337.0,12.129145,2.4,8.0
1671611805.685000,45.369518,6.578525,1841.421607,341.0,11.298295,2.5,8.0
1671611806.694000,45.369620,6.578480,1838.005102,338.2,11.902622,2.5,8.0
1671611807.692000,45.369725,6.578426,1834.479957,332.0,12.109562,2.5,8.0
1671611808.699000,45.369820,6.578352,1828.348355,326.3,12.007699,2.5,8.0
1671611809.691000,45.369907,6.578269,1825.985494,335.2,11.117821,2.4,8.0
1671611810.690000,45.369990,6.578212,1823.914285,333.3,9.987049,2.5,8.0
1671611812.697000,45.370162,6.578218,1813.948208,346.3,11.228098,2.5,9.6
1671611813.696000,45.370258,6.578194,1812.093600,340.5,10.631145,2.5,10.0
1671611814.695000,45.370347,6.578151,1808.635068,342.9,10.476047,2.5,11.2
1671611815.703000,45.370435,6.578115,1807.282013,1.6,10.058013,2.5,11.2
1671611817.684000,45.370604,6.578175,1800.675812,10.2,10.551725,2.5,11.3
1671611818.697000,45.370701,6.578204,1799.075632,358.1,11.073987,2.5,11.3
1671611819.700000,45.370805,6.578195,1793.960985,351.0,10.805541,2.5,11.2
1671611820.691000,45.370902,6.578172,1792.809927,358.9,10.732469,2.5,11.3
1671611821.691000,45.370998,6.578166,1789.402207,4.8,10.646022,2.5,12.0
1671611822.681000,45.371089,6.578181,1785.057790,21.2,9.597188,2.6,12.0
1671611824.694000,45.371246,6.578225,1779.620813,358.7,9.080463,2.6,12.0
1671611826.686000,45.371412,6.578208,1775.685243,2.0,9.654052,2.5,12.0
1671611827.705000,45.371505,6.578215,1773.875889,21.7,9.345544,2.5,12.0
1671611828.689000,45.371592,6.578260,1772.835682,21.2,9.529905,2.5,11.2
1671611829.695000,45.371682,6.578295,1770.264336,10.8,9.754221,2.6,10.4
1671611830.700000,45.371771,6.578319,1767.747980,12.2,9.435252,2.6,10.0
1671611832.704000,45.371923,6.578379,1757.396055,18.5,8.521604,2.4,9.3
1671611834.709000,45.372009,6.578534,1757.883715,63.4,7.205855,2.5,10.4
1671611836.708000,45.372057,6.578721,1754.726970,70.6,7.490970,2.5,10.7
1671611838.688000,45.372029,6.578904,1749.417810,110.2,6.351833,2.5,10.0
1671611840.698000,45.371933,6.579075,1745.542059,115.1,9.025743,2.4,8.7
1671611841.696000,45.371892,6.579190,1744.028616,116.2,9.154727,2.5,8.0
1671611842.700000,45.371829,6.579305,1743.021004,130.2,10.399055,2.5,8.0
1671611843.701000,45.371764,6.579420,1740.713334,126.1,10.572446,2.5,8.0
1671611844.702000,45.371706,6.579544,1737.502315,115.4,11.461871,2.5,8.0
1671611845.707000,45.371657,6.579678,1734.447065,115.1,11.110939,2.4,8.0
1671611846.693000,45.371612,6.579804,1733.260780,114.1,11.203837,2.5,8.0
1671611847.701000,45.371578,6.579928,1728.595556,109.0,9.809293,2.7,8.0
1671611849.693000,45.371568,6.580107,1724.416870,98.3,6.481890,2.6,8.0
1671611853.695000,45.371716,6.580095,1720.183074,351.1,5.147968,2.6,8.0
1671611855.702000,45.371855,6.580060,1720.563650,355.8,4.897743,2.5,7.6
1671611859.449000,45.371936,6.580130,1723.006975,21.9,1.548260,2.6,8.5
1671611894.391000,45.372021,6.580083,1727.966570,-1.0,0.020571,2.7,5.8
1671611942.699000,45.372094,6.580008,1727.582059,-1.0,0.000000,2.7,11.7
1671611959.691000,45.372149,6.580126,1728.246177,57.0,1.635049,4.3,9.2
1671611962.693000,45.372199,6.580241,1728.489388,56.0,3.152042,4.1,8.1
1671611965.708000,45.372260,6.580372,1727.927298,59.9,3.044457,2.8,8.9
1671611968.697000,45.372315,6.580481,1728.101024,57.0,4.006088,2.8,7.7
1671611971.703000,45.372375,6.580598,1729.623665,56.0,3.945152,2.7,5.3
1671611974.704000,45.372435,6.580719,1731.674303,57.0,3.705898,2.7,4.4
1671611977.696000,45.372494,6.580842,1733.796317,58.0,3.921075,2.7,4.7
1671611980.704000,45.372556,6.580969,1736.570880,57.0,3.768671,2.8,5.3
1671611983.703000,45.372617,6.581105,1738.599976,56.0,3.914283,4.6,4.4
1671611986.695000,45.372679,6.581233,1743.000396,57.0,3.856180,4.6,5.2
1671611989.698000,45.372739,6.581351,1746.998863,58.0,3.781725,3.3,5.7
1671611992.688000,45.372800,6.581475,1750.631357,56.0,3.724277,3.3,5.7
1671611995.693000,45.372858,6.581596,1752.178880,56.0,3.785460,4.1,6.0
1671611998.718000,45.372915,6.581715,1753.486269,57.0,3.889992,2.6,7.0
1671612001.699000,45.372972,6.581836,1755.905000,58.0,3.814256,2.7,7.0
1671612004.702000,45.373026,6.581950,1758.287118,56.0,3.740047,2.7,6.4
1671612007.699000,45.373081,6.582070,1761.144479,57.0,3.909185,2.7,5.5
1671612010.696000,45.373133,6.582188,1764.696576,57.0,3.720572,4.5,5.0
1671612013.718000,45.373185,6.582304,1767.690518,56.0,3.783908,4.4,5.2
1671612016.692000,45.373238,6.582430,1772.372419,58.0,3.568160,3.0,5.0
1671612019.702000,45.373292,6.582553,1774.876412,57.0,3.809065,3.4,5.2
1671612022.701000,45.373348,6.582677,1778.556178,57.0,3.815283,3.2,5.2
1671612025.696000,45.373403,6.582802,1780.685509,57.0,3.729319,2.8,5.1
1671612028.704000,45.373455,6.582920,1783.067638,57.0,3.757859,2.7,5.3
1671612031.703000,45.373510,6.583045,1785.887177,57.0,3.834076,2.6,5.3
1671612034.705000,45.373566,6.583169,1788.653895,57.0,3.807195,2.7,5.2
1671612037.690000,45.373622,6.583297,1792.173261,56.0,3.789899,2.9,5.2
1671612040.695000,45.373676,6.583416,1795.994599,57.0,3.702309,4.5,5.3
1671612043.721000,45.373738,6.583553,1799.488565,57.0,4.000303,4.5,4.0
1671612047.687000,45.373805,6.583696,1804.654702,56.0,3.850875,2.7,4.0
1671612050.697000,45.373864,6.583822,1804.852678,57.0,3.850143,3.7,4.0
1671612053.707000,45.373924,6.583955,1807.374605,57.0,3.703327,2.7,4.0
1671612056.695000,45.373973,6.584064,1810.123942,57.0,3.771063,2.7,4.3
1671612059.699000,45.374029,6.584189,1813.696766,56.0,4.023241,2.7,4.3
1671612062.702000,45.374084,6.584311,1815.082030,57.0,3.876102,2.7,4.0
1671612065.706000,45.374136,6.584424,1816.428681,57.0,3.941928,2.7,5.5
1671612068.562000,45.374193,6.584547,1819.150015,56.0,3.833235,4.5,5.4
1671612071.708000,45.374253,6.584683,1821.503331,57.0,3.892245,4.4,5.9
1671612074.711000,45.374310,6.584813,1826.916933,56.0,3.849217,2.6,4.0
1671612077.691000,45.374365,6.584934,1827.186258,57.0,3.785718,2.9,4.0
1671612080.701000,45.374422,6.585056,1829.169322,57.0,3.816836,3.8,4.6
1671612083.697000,45.374480,6.585179,1833.094886,57.0,3.616830,3.4,4.5
1671612086.699000,45.374536,6.585300,1836.929583,56.0,3.599727,2.7,4.0
1671612089.704000,45.374588,6.585416,1841.845929,56.0,3.539428,2.7,4.0
1671612092.700000,45.374636,6.585526,1846.934944,57.0,3.876354,2.7,4.0
1671612095.686000,45.374691,6.585650,1851.149447,56.0,3.683461,2.7,4.0
1671612098.700000,45.374746,6.585773,1855.380291,56.0,3.690699,4.4,4.0
1671612101.727000,45.374800,6.585890,1865.927774,57.0,3.732959,2.3,4.0
1671612104.698000,45.374851,6.586008,1866.834048,57.0,3.599839,2.6,4.0
1671612107.703000,45.374904,6.586126,1869.567679,56.0,3.648603,2.9,4.0
1671612110.720000,45.374961,6.586248,1872.460467,57.0,3.591260,3.9,4.0
1671612113.707000,45.375010,6.586359,1876.537079,56.0,3.567021,2.5,4.9
1671612116.698000,45.375063,6.586476,1881.568077,57.0,3.687487,2.7,4.9
1671612119.697000,45.375112,6.586584,1886.089271,57.0,3.487659,2.6,4.9
1671612122.720000,45.375175,6.586720,1891.383460,56.0,3.596711,2.7,5.3
1671612126.718000,45.375235,6.586855,1903.968900,56.0,3.442235,2.6,4.4
1671612129.700000,45.375286,6.586968,1912.034890,56.0,3.446246,2.0,5.0
1671612132.723000,45.375348,6.587095,1917.866028,57.0,3.477919,1.6,4.0
1671612136.697000,45.375413,6.587235,1918.528836,57.0,3.840057,2.9,4.0
1671612139.703000,45.375469,6.587357,1921.078786,56.0,3.805692,3.8,4.0
1671612142.710000,45.375525,6.587480,1925.591741,56.0,3.560462,3.7,4.0
1671612146.709000,45.375591,6.587626,1930.802112,56.0,3.606928,2.7,4.0
1671612149.708000,45.375643,6.587742,1935.235188,57.0,3.559627,2.7,4.0
1671612152.712000,45.375699,6.587865,1940.519535,57.0,3.578819,2.7,4.0
1671612156.694000,45.375762,6.588004,1955.552138,56.1,3.496760,1.9,3.7
1671612159.704000,45.375817,6.588118,1960.910668,56.0,3.515119,1.9,4.6
1671612162.724000,45.375876,6.588246,1966.128306,57.0,3.522536,1.6,3.3
1671612166.709000,45.375943,6.588386,1967.962179,58.0,3.513347,2.5,3.9
1671612169.714000,45.375997,6.588501,1974.466852,57.0,3.508653,2.4,5.7
1671612172.725000,45.376055,6.588628,1975.922378,56.0,3.524375,3.0,3.3
1671612175.714000,45.376105,6.588739,1979.680230,57.0,3.573955,2.7,3.3
1671612178.710000,45.376159,6.588858,1983.860102,57.0,3.604941,2.7,3.9
1671612181.707000,45.376210,6.588969,1988.679336,57.0,3.623854,3.4,3.6
1671612184.713000,45.376262,6.589083,2001.070068,56.0,3.620338,2.1,5.3
1671612187.721000,45.376315,6.589205,2005.987911,57.0,3.614072,2.0,3.9
1671612191.716000,45.376380,6.589347,2011.585438,57.0,3.619154,1.8,3.9
1671612194.705000,45.376432,6.589463,2014.792812,59.0,3.603353,2.4,3.4
1671612197.725000,45.376490,6.589582,2019.767043,56.0,3.604912,2.4,3.3
1671612201.717000,45.376556,6.589723,2027.380867,57.0,3.579092,2.3,3.0
1671612204.695000,45.376614,6.589847,2024.854767,57.0,3.555528,2.7,3.3
1671612207.693000,45.376668,6.589963,2029.714481,57.0,3.573031,2.6,3.8
1671612210.705000,45.376725,6.590081,2034.294748,56.0,3.626352,3.4,3.6
1671612213.729000,45.376785,6.590207,2040.648578,58.0,3.669144,2.4,3.3
1671612216.701000,45.376837,6.590321,2049.685871,58.0,3.677542,2.1,3.0
1671612219.711000,45.376895,6.590451,2053.461290,56.0,3.677604,1.9,3.6
1671612222.706000,45.376944,6.590559,2057.151717,56.0,3.688039,1.8,3.9
1671612225.713000,45.377001,6.590683,2057.050159,58.0,3.696837,2.4,3.5
1671612228.730000,45.377062,6.590818,2060.552780,56.0,3.691748,2.4,2.7
1671612232.698000,45.377124,6.590954,2063.835226,57.0,3.670306,3.2,3.5
1671612235.705000,45.377179,6.591076,2068.096950,57.0,3.659125,3.1,3.9
1671612238.721000,45.377242,6.591208,2073.097529,56.0,3.653218,2.7,3.9
1671612242.716000,45.377304,6.591343,2079.187499,56.0,3.635335,2.7,2.7
1671612245.705000,45.377359,6.591462,2091.515732,56.0,3.615259,2.2,3.1
1671612248.728000,45.377418,6.591591,2097.842315,57.0,3.597600,2.1,3.4
1671612252.695000,45.377481,6.591728,2102.090066,57.0,3.617428,2.4,3.4
1671612255.713000,45.377538,6.591852,2102.999713,56.0,3.642309,2.4,2.5
1671612258.719000,45.377600,6.591987,2106.645922,57.0,3.644044,2.4,2.8
1671612262.713000,45.377665,6.592131,2109.007563,56.0,3.658997,2.6,3.1
1671612265.713000,45.377722,6.592253,2113.037590,57.0,3.656817,2.6,3.6
1671612268.724000,45.377780,6.592384,2117.295614,56.0,3.657114,2.6,3.9
1671612272.691000,45.377843,6.592524,2123.326504,56.0,3.661084,2.6,3.9
1671612275.714000,45.377897,6.592643,2133.630565,56.0,3.651932,2.4,3.5
1671612278.709000,45.377955,6.592769,2141.422171,56.0,3.641442,1.9,3.6
1671612282.715000,45.378019,6.592910,2145.668725,56.0,3.627065,2.4,3.9
1671612285.718000,45.378074,6.593029,2147.495373,57.0,3.621199,2.4,3.4
1671612288.715000,45.378130,6.593154,2151.931573,57.0,3.603577,2.4,2.7
1671612292.720000,45.378193,6.593294,2156.017468,57.0,3.581447,2.5,2.7
1671612295.714000,45.378245,6.593410,2161.840945,57.0,3.559355,2.5,3.1
1671612298.728000,45.378303,6.593541,2166.105364,57.0,3.591865,2.4,3.4
1671612301.721000,45.378354,6.593652,2170.641219,56.0,3.616777,2.5,3.9
1671612304.714000,45.378412,6.593775,2182.932612,57.0,3.632030,2.1,3.6
1671612307.713000,45.378462,6.593884,2188.092363,57.0,3.636304,2.1,3.3
1671612310.707000,45.378515,6.594002,2190.707836,57.0,3.634727,2.4,3.6
1671612313.720000,45.378566,6.594111,2192.522201,57.0,3.632312,2.4,3.9
1671612316.719000,45.378618,6.594226,2196.839949,56.0,3.623780,2.4,4.3
1671612319.712000,45.378673,6.594347,2201.783716,56.0,3.617118,2.4,3.6
1671612322.720000,45.378722,6.594456,2203.500280,57.0,3.608275,2.6,2.4
1671612325.699000,45.378774,6.594567,2207.798937,56.0,3.594873,2.4,4.2
1671612328.721000,45.378825,6.594679,2214.202237,56.0,3.581228,2.5,4.6
1671612331.713000,45.378877,6.594796,2219.508327,57.0,3.587436,2.5,4.2
1671612334.717000,45.378932,6.594916,2231.315576,56.0,3.626870,2.2,4.6
1671612337.715000,45.378986,6.595037,2235.542682,57.0,3.651060,1.7,4.6
1671612340.703000,45.379040,6.595157,2235.004057,58.0,3.672575,2.5,4.3
1671612343.718000,45.379095,6.595280,2239.218199,56.0,3.672370,2.4,3.5
1671612346.708000,45.379144,6.595391,2242.894199,57.0,3.660687,2.4,3.9
1671612349.724000,45.379199,6.595509,2246.392127,58.0,3.684768,2.4,3.4
1671612369.709000,45.379219,6.595583,2252.143612,242.0,0.000000,2.5,3.8
1671612369.709000,45.379219,6.595583,2252.143612,242.0,0.000000,2.5,3.8
1671612409.707000,45.379231,6.595638,2251.822791,56.4,1.420047,2.4,4.0
1671612413.734000,45.379284,6.595758,2251.606038,58.0,2.050592,2.4,4.0
1671612417.717000,45.379341,6.595880,2254.647164,56.0,2.329579,2.5,3.9
1671612420.704000,45.379394,6.595986,2257.192042,56.0,2.582301,2.4,3.9
1671612423.742000,45.379449,6.596111,2268.111923,56.0,2.869926,2.3,3.3
1671612426.713000,45.379502,6.596226,2269.871903,57.0,3.113871,2.4,3.4
1671612429.715000,45.379560,6.596354,2271.354258,57.0,3.288973,2.5,3.9
1671612432.714000,45.379612,6.596472,2273.978468,56.0,3.407341,2.4,3.9
1671612435.714000,45.379667,6.596596,2277.463785,54.0,3.492987,2.4,3.9
1671612438.699000,45.379730,6.596728,2280.855822,53.9,3.612167,2.4,3.9
1671612441.717000,45.379785,6.596852,2278.493483,57.0,3.660947,2.5,3.9
1671612444.721000,45.379821,6.596976,2277.672842,52.9,3.494981,2.4,3.7
1671612464.722000,45.379850,6.597015,2280.983692,41.1,0.000000,2.4,4.0
1671612464.722000,45.379850,6.597015,2280.983692,41.1,0.000000,2.4,4.0
1671612482.650000,45.379892,6.597055,2278.059120,41.0,0.111252,2.5,4.7
1671612547.654000,45.379861,6.597177,2278.148199,-1.0,0.068445,2.5,5.8
1671612570.711000,45.379848,6.597321,2281.598065,79.9,2.059604,2.4,4.0
1671612573.723000,45.379851,6.597466,2278.450133,81.1,3.177989,2.4,4.0
1671612576.711000,45.379882,6.597624,2283.017458,79.9,3.497653,2.6,4.2
1671612578.809000,45.379919,6.597743,2280.375486,82.9,3.609450,2.5,4.1
1671612581.714000,45.379947,6.597883,2284.258691,82.0,3.588644,2.6,4.1
1671612584.721000,45.379966,6.598029,2289.540507,81.0,3.544439,2.6,3.6
1671612587.700000,45.379984,6.598160,2297.444180,80.0,3.496527,2.9,3.6
1671612590.695000,45.380000,6.598290,2309.995713,82.0,3.446919,2.2,3.9
1671612593.689000,45.380015,6.598429,2315.156239,82.0,3.488761,2.4,3.5
1671612596.715000,45.380030,6.598566,2321.072018,83.0,3.524940,2.0,2.6
1671612599.709000,45.380045,6.598705,2321.488261,81.0,3.544703,2.6,3.5
1671612602.706000,45.380063,6.598842,2322.415563,81.0,3.558549,2.7,3.9
1671612605.716000,45.380079,6.598976,2328.133179,81.0,3.565007,2.8,3.5
1671612608.731000,45.380094,6.599108,2334.701817,81.0,3.564382,2.8,3.3
1671612611.707000,45.380109,6.599244,2344.499520,80.0,3.553252,2.8,3.3
1671612614.714000,45.380122,6.599383,2344.728464,82.0,3.586817,2.5,4.5
1671612617.720000,45.380137,6.599516,2349.018386,81.0,3.605495,2.5,4.0
1671612620.725000,45.380152,6.599655,2361.720178,81.0,3.612478,2.0,4.6
1671612623.714000,45.380169,6.599796,2365.812370,81.0,3.614656,1.8,3.6
1671612626.719000,45.380181,6.599931,2363.009801,82.0,3.609933,2.5,3.1
1671612629.722000,45.380193,6.600068,2368.063529,81.0,3.599829,2.5,2.6
1671612632.724000,45.380209,6.600215,2376.897878,81.0,3.598603,2.6,3.1
1671612635.724000,45.380223,6.600343,2378.026203,81.0,3.589775,2.7,3.3
1671612638.715000,45.380237,6.600481,2391.299783,81.0,3.579907,2.3,3.6
1671612641.720000,45.380253,6.600613,2388.482253,81.0,3.563991,2.7,3.4
1671612644.717000,45.380268,6.600745,2394.558720,81.0,3.541600,2.8,3.6
1671612647.724000,45.380285,6.600899,2399.447281,81.0,3.553550,2.5,3.6
1671612651.722000,45.380307,6.601064,2415.079203,81.0,3.574261,1.9,3.5
1671612654.717000,45.380325,6.601201,2420.311244,81.0,3.585045,1.7,3.6
1671612657.727000,45.380341,6.601348,2415.899217,81.0,3.585815,2.5,3.1
1671612661.711000,45.380359,6.601511,2422.062089,81.0,3.582999,2.6,3.5
1671612664.711000,45.380374,6.601643,2426.437667,81.0,3.564957,2.5,3.6
1671612667.734000,45.380392,6.601789,2434.243824,81.0,3.588843,2.5,3.8
1671612670.713000,45.380404,6.601917,2446.574116,81.0,3.617209,2.1,3.2
1671612673.713000,45.380419,6.602063,2441.995673,81.0,3.627397,2.5,3.4
1671612676.716000,45.380435,6.602195,2446.791620,81.0,3.632185,2.5,3.4
1671612679.720000,45.380450,6.602336,2460.938735,81.0,3.630626,2.1,2.3
1671612682.718000,45.380465,6.602484,2465.427063,81.0,3.626481,2.1,2.5
1671612686.708000,45.380482,6.602654,2472.382743,81.0,3.615169,1.7,2.7
1671612689.699000,45.380496,6.602793,2468.470239,81.0,3.610386,2.4,2.5
1671612692.716000,45.380511,6.602938,2479.790591,82.0,3.600203,2.6,3.3
1671612695.710000,45.380524,6.603068,2477.393518,81.0,3.586807,2.5,3.4
1671612698.723000,45.380537,6.603205,2493.313329,81.0,3.569479,2.1,3.6
1671612701.717000,45.380550,6.603333,2491.431079,80.1,3.548784,2.5,3.6
1671612704.724000,45.380565,6.603474,2504.103152,81.0,3.596942,2.1,3.9
1671612707.703000,45.380580,6.603620,2507.799940,81.0,3.628025,2.0,3.9
1671612710.716000,45.380594,6.603751,2511.766696,81.0,3.647279,2.1,3.1
1671612713.729000,45.380609,6.603894,2515.506510,81.0,3.652261,2.1,3.5
1671612716.715000,45.380622,6.604029,2521.178968,81.0,3.655751,1.7,2.9
1671612719.713000,45.380634,6.604172,2519.951296,82.0,3.665309,2.4,2.5
1671612722.714000,45.380647,6.604309,2526.522808,81.0,3.664665,2.6,3.0
1671612725.708000,45.380662,6.604454,2525.498329,81.0,3.657443,2.5,3.5
1671612728.729000,45.380678,6.604610,2538.777789,81.0,3.644703,2.0,2.9
1671612732.722000,45.380694,6.604772,2546.309911,81.0,3.656900,2.0,2.7
1671612735.730000,45.380706,6.604912,2549.323001,81.0,3.681841,2.0,3.6
1671612738.711000,45.380724,6.605077,2545.062015,81.0,3.702574,2.5,3.6
1671612742.710000,45.380744,6.605244,2558.097946,81.0,3.715372,1.7,3.6
1671612745.727000,45.380758,6.605385,2561.997242,81.0,3.719930,1.8,3.1
1671612748.699000,45.380772,6.605523,2561.547171,81.0,3.714519,2.4,3.3
1671612751.693000,45.380781,6.605657,2562.245417,81.0,3.685090,2.5,3.7
1671612755.702000,45.380796,6.605827,2569.354295,81.0,3.578901,2.5,3.2
1671612758.719000,45.380808,6.605963,2585.430528,82.9,3.485451,2.1,3.8
1671612762.697000,45.380822,6.606126,2587.325626,81.0,3.380487,2.5,3.5
1671612766.692000,45.380842,6.606292,2596.268677,81.0,3.292731,2.5,3.5
1671612769.705000,45.380855,6.606424,2613.734784,81.0,3.257942,2.1,3.5
1671612773.700000,45.380873,6.606577,2623.471547,81.0,3.209885,1.7,3.6
1671612777.708000,45.380894,6.606728,2624.185789,81.0,3.172814,2.4,3.7
1671612781.703000,45.380922,6.606902,2637.702804,81.0,3.211721,2.4,3.5
1671612784.714000,45.380938,6.607029,2641.717948,81.0,3.209123,2.5,3.5
1671612787.736000,45.380953,6.607166,2648.523908,81.0,3.207041,2.5,3.9
1671612791.723000,45.380967,6.607321,2667.612661,81.0,3.200200,2.1,3.9
1671612795.713000,45.380980,6.607485,2677.077164,81.0,3.193766,2.1,3.9
1671612799.711000,45.380995,6.607643,2679.368380,81.0,3.179538,2.6,3.4
1671612803.700000,45.381011,6.607800,2696.763824,82.0,3.161990,2.1,3.1
1671612807.731000,45.381025,6.607945,2699.742062,82.0,3.141374,2.4,4.0
1671612811.713000,45.381040,6.608091,2712.964504,82.0,3.118881,2.4,3.7
1671612815.714000,45.381058,6.608236,2719.762053,83.0,3.096617,2.5,3.5
1671612819.721000,45.381077,6.608389,2739.375812,81.0,3.102387,2.0,3.5
1671612822.733000,45.381092,6.608520,2743.114163,81.0,3.160809,2.4,2.7
1671612826.713000,45.381109,6.608681,2754.014014,80.0,3.278063,2.0,3.4
1671612829.713000,45.381123,6.608809,2759.782965,83.0,3.323259,2.1,3.8
1671612832.737000,45.381139,6.608941,2765.515249,80.0,3.401217,1.7,4.0
1671612835.708000,45.381154,6.609073,2771.127865,81.0,3.449981,1.7,3.9
1671612838.719000,45.381167,6.609216,2772.358619,83.0,3.514351,2.4,3.8
1671612841.711000,45.381175,6.609383,2773.838615,85.1,3.624790,2.4,3.7
1671612845.698000,45.381197,6.609544,2771.261595,77.1,3.549995,2.5,4.4
1671612865.714000,45.381228,6.609657,2779.825388,27.6,0.000000,1.7,6.9
1671612865.714000,45.381228,6.609657,2779.825388,27.6,0.000000,1.7,6.9
1671612866.692000,45.381230,6.609664,2778.134145,25.9,0.238549,2.4,6.8
1671612876.691000,45.381240,6.609791,2779.010667,49.3,0.565749,2.2,6.5
1671612885.726000,45.381258,6.609920,2780.395378,77.8,1.017057,2.1,7.0
1671612915.703000,45.381219,6.610057,2771.524923,117.6,1.325727,2.5,3.3
1671612918.708000,45.381129,6.610142,2777.925645,174.4,2.844077,2.1,3.7
1671612920.707000,45.381028,6.610123,2774.159959,190.7,3.981767,2.1,3.9
1671612922.715000,45.380878,6.610101,2772.584533,181.0,7.406266,1.7,4.6
1671612924.714000,45.380748,6.610064,2769.106637,210.0,6.037809,1.7,5.5
1671612926.721000,45.380644,6.609985,2766.621714,193.2,6.871367,1.7,6.0
1671612928.725000,45.380532,6.609940,2757.916640,203.7,6.068854,2.4,6.0
1671612930.719000,45.380451,6.609873,2753.000003,201.6,5.026221,2.5,6.0
1671612932.698000,45.380354,6.609888,2752.629765,172.0,6.443330,2.4,6.0
1671612934.693000,45.380240,6.609894,2740.937689,193.0,6.964797,2.5,6.0
1671612936.693000,45.380121,6.609915,2742.944421,172.0,6.500741,2.1,5.7
1671612938.700000,45.380015,6.609878,2736.759204,197.0,5.498465,2.3,5.0
1671612940.707000,45.379913,6.609852,2733.350485,180.9,6.176637,2.1,4.4
1671612942.695000,45.379799,6.609835,2720.142272,185.3,6.216506,2.5,5.0
1671612944.717000,45.379666,6.609882,2715.816471,181.1,7.579510,2.5,6.0
1671612946.690000,45.379520,6.609890,2718.040089,172.1,8.041412,2.1,6.0
1671612948.695000,45.379375,6.609896,2714.746155,180.9,7.234872,2.1,5.7
1671612950.722000,45.379264,6.609944,2710.598300,162.0,6.623461,2.2,4.8
1671612952.714000,45.379161,6.610014,2708.345885,130.2,5.403743,1.7,4.4
1671612955.719000,45.379112,6.610136,2705.687494,122.5,4.259583,1.7,4.9
1671612957.693000,45.379066,6.610276,2692.656467,94.3,5.472272,2.4,4.7
1671612959.720000,45.379105,6.610408,2689.586539,57.0,5.194559,2.4,4.0
1671612962.710000,45.379088,6.610597,2680.034116,133.6,5.606938,2.5,4.0
1671612964.718000,45.379010,6.610708,2676.474576,103.3,6.239856,2.5,4.3
1671612966.722000,45.379022,6.610842,2670.152579,79.0,4.475244,2.6,5.2
1671612968.727000,45.378996,6.610989,2666.698500,128.9,5.663896,2.5,6.0
1671612970.704000,45.378922,6.611122,2665.339053,129.0,6.023586,2.5,6.0
1671612972.691000,45.378874,6.611265,2663.792013,95.7,5.595656,2.5,5.7
1671612974.702000,45.378890,6.611430,2660.920505,92.3,6.441817,2.6,4.8
1671612976.698000,45.378863,6.611599,2667.072390,97.2,7.761235,2.1,4.7
1671612978.700000,45.378824,6.611812,2653.576529,120.9,7.992528,2.5,5.2
1671612980.701000,45.378729,6.611966,2646.904533,116.8,7.213778,2.4,5.7
1671612982.705000,45.378720,6.612143,2651.140221,76.9,7.384229,1.7,6.0
1671612984.704000,45.378725,6.612313,2647.058790,101.7,5.277041,2.1,6.0
1671612986.720000,45.378692,6.612465,2642.729548,97.1,6.587425,1.7,6.0
1671612988.706000,45.378688,6.612662,2626.363475,85.4,7.699630,2.4,6.0
1671612990.688000,45.378670,6.612841,2620.018813,108.9,6.457613,2.4,6.0
1671612992.697000,45.378650,6.613013,2615.340697,91.4,7.281370,2.6,6.0
1671612994.701000,45.378624,6.613167,2611.559744,105.0,5.683724,2.6,6.0
1671612996.696000,45.378602,6.613332,2606.444139,109.4,7.135302,2.6,6.0
1671612998.701000,45.378551,6.613510,2602.147627,123.4,6.378307,2.6,6.0
1671613000.705000,45.378488,6.613653,2596.644684,124.9,7.004648,2.6,6.0
1671613002.692000,45.378429,6.613810,2591.001094,115.2,6.874956,2.6,6.0
1671613004.700000,45.378356,6.613960,2585.145595,139.0,6.891496,2.6,6.0
1671613006.689000,45.378291,6.614111,2580.544600,123.6,7.442321,2.6,6.0
1671613008.698000,45.378183,6.614225,2574.843403,146.9,7.293522,2.5,6.0
1671613010.688000,45.378071,6.614335,2573.361497,138.1,8.727811,2.4,6.0
1671613012.694000,45.377962,6.614442,2575.595387,143.0,6.783273,2.0,6.0
1671613014.695000,45.377912,6.614568,2561.422996,99.5,6.409267,2.4,6.0
1671613016.699000,45.377887,6.614740,2556.305924,125.2,7.131724,2.4,6.0
1671613018.695000,45.377778,6.614857,2546.163115,132.4,7.804636,2.4,6.0
1671613020.693000,45.377740,6.615033,2538.940098,93.2,5.867843,2.4,5.7
1671613022.693000,45.377743,6.615193,2535.152090,100.1,6.374717,2.5,4.8
1671613024.696000,45.377665,6.615321,2531.895461,146.0,6.613125,2.6,4.0
1671613026.695000,45.377599,6.615450,2525.373859,106.1,7.078918,2.5,4.0
1671613028.696000,45.377628,6.615624,2522.816051,73.2,6.524067,2.6,4.3
1671613030.701000,45.377603,6.615768,2517.306047,127.5,5.554942,2.6,5.2
1671613032.702000,45.377565,6.615914,2512.840670,93.8,7.444449,2.5,6.0
1671613034.705000,45.377541,6.616093,2508.564792,122.9,7.049771,2.7,6.0
1671613036.694000,45.377472,6.616244,2503.102679,106.6,7.406937,2.6,6.0
1671613038.691000,45.377462,6.616440,2499.257406,102.0,7.471153,2.5,6.0
1671613040.691000,45.377377,6.616581,2494.083631,119.1,7.096218,2.4,6.0
1671613042.697000,45.377348,6.616764,2489.988249,103.9,7.660024,2.4,6.0
1671613044.691000,45.377273,6.616917,2487.509422,108.8,7.153354,2.4,6.0
1671613046.693000,45.377243,6.617095,2485.049420,105.5,6.830310,2.4,6.0
1671613048.682000,45.377168,6.617264,2477.177115,111.6,7.232694,2.4,6.0
1671613050.708000,45.377156,6.617476,2471.070110,104.9,7.461580,2.4,6.0
1671613052.701000,45.377095,6.617632,2465.427962,123.0,6.851269,2.6,6.0
1671613054.691000,45.377079,6.617819,2461.953522,88.1,7.696136,2.5,6.0
1671613056.690000,45.377034,6.618003,2457.836877,128.9,6.936121,2.5,5.6
1671613058.698000,45.376978,6.618162,2453.062583,91.3,7.365406,2.6,5.6
1671613060.702000,45.376949,6.618356,2448.945523,117.8,7.694739,2.5,5.6
1671613062.699000,45.376921,6.618534,2442.722877,90.1,7.595709,2.5,6.0
1671613064.691000,45.376894,6.618717,2437.336121,122.8,6.609965,2.8,6.0
1671613066.702000,45.376850,6.618898,2433.755497,94.3,7.790349,2.6,6.0
1671613068.710000,45.376842,6.619114,2428.738557,105.9,7.846504,2.5,6.0
1671613070.691000,45.376741,6.619243,2422.726298,137.0,7.308118,2.4,5.3
1671613072.696000,45.376694,6.619405,2418.583935,94.5,6.834800,2.4,4.7
1671613074.701000,45.376660,6.619581,2414.106394,110.0,7.351502,2.4,4.8
1671613076.699000,45.376618,6.619740,2408.383133,97.4,6.372872,2.4,5.6
1671613078.697000,45.376622,6.619930,2404.615185,82.2,7.684515,2.4,6.0
1671613080.692000,45.376665,6.620126,2399.461262,73.2,7.373345,2.4,6.0
1671613082.693000,45.376626,6.620303,2394.836719,113.0,7.340338,2.5,6.0
1671613084.692000,45.376605,6.620491,2390.971835,96.0,7.534867,2.5,6.0
1671613086.698000,45.376562,6.620700,2388.269421,113.5,8.478211,2.6,5.3
1671613088.697000,45.376516,6.620944,2384.284901,101.0,9.934649,2.5,4.7
1671613089.694000,45.376488,6.621069,2383.052388,111.8,10.185895,2.5,4.0
1671613090.683000,45.376457,6.621195,2382.010050,111.0,10.360921,2.5,4.0
1671613091.699000,45.376426,6.621319,2379.100188,111.0,9.902736,2.5,4.0
1671613093.708000,45.376328,6.621511,2374.588030,124.5,9.243101,2.5,4.0
1671613095.699000,45.376262,6.621712,2370.860510,115.0,8.342872,2.6,4.0
1671613097.694000,45.376166,6.621879,2369.243977,132.0,8.864902,2.6,4.0
1671613099.700000,45.376068,6.622062,2367.173405,131.6,8.814816,2.5,4.0
1671613101.694000,45.375960,6.622224,2364.790925,125.5,8.630849,2.4,4.0
1671613103.698000,45.375890,6.622408,2362.409250,116.0,8.077812,2.4,4.0
1671613105.697000,45.375812,6.622597,2360.422114,125.9,8.542002,2.4,4.0
1671613107.679000,45.375709,6.622762,2358.826622,133.0,8.830913,2.4,4.0
1671613109.678000,45.375595,6.622933,2356.865055,133.0,9.019083,2.4,4.0
1671613111.696000,45.375492,6.623091,2354.754230,133.0,7.895827,2.5,4.8
1671613113.698000,45.375400,6.623217,2351.607692,137.9,6.791869,2.5,5.6
1671613115.687000,45.375315,6.623316,2349.503197,141.0,6.000769,2.5,5.3
1671613117.689000,45.375232,6.623410,2348.311538,139.0,5.877570,2.5,4.7
1671613119.692000,45.375152,6.623510,2346.721230,135.1,6.140527,2.5,4.0
1671613121.698000,45.375080,6.623639,2344.113156,128.0,6.747410,2.5,4.0
1671613123.696000,45.374996,6.623802,2342.039667,127.0,8.153942,2.5,4.0
1671613125.700000,45.374922,6.623991,2338.064653,102.9,7.569769,2.5,4.0
1671613127.689000,45.374894,6.624192,2336.226043,106.1,7.899125,2.5,4.0
1671613129.693000,45.374810,6.624366,2331.577178,126.0,7.537979,2.4,4.7
1671613131.692000,45.374750,6.624518,2326.693347,103.2,6.996282,2.4,5.3
1671613133.688000,45.374741,6.624688,2321.818883,98.6,7.286387,2.4,6.0
1671613135.691000,45.374701,6.624868,2317.600716,116.7,8.590446,2.4,6.0
1671613137.692000,45.374644,6.625063,2312.815280,103.9,7.885580,2.4,6.0
1671613139.697000,45.374638,6.625257,2309.183740,108.9,7.117577,2.4,6.0
1671613141.699000,45.374565,6.625418,2304.581904,121.7,8.246254,2.5,6.0
1671613143.689000,45.374516,6.625600,2298.128224,108.1,8.068902,2.5,6.0
1671613145.698000,45.374486,6.625801,2294.134323,107.5,9.167674,2.5,6.7
1671613147.712000,45.374462,6.626034,2287.402968,99.4,9.079656,2.5,7.6
1671613149.690000,45.374463,6.626260,2284.367971,98.8,8.802323,2.5,8.0
1671613151.701000,45.374460,6.626483,2279.928478,88.2,8.059762,2.5,7.6
1671613153.699000,45.374469,6.626705,2275.923401,96.1,8.796884,2.5,7.0
1671613155.705000,45.374471,6.626936,2268.858277,86.2,8.238638,2.6,6.0
1671613157.697000,45.374480,6.627170,2266.581992,89.1,8.630699,2.6,6.0
1671613159.698000,45.374508,6.627377,2263.464091,88.8,8.451619,2.5,5.6
1671613161.719000,45.374524,6.627606,2259.202837,67.0,8.775653,2.4,5.6
1671613163.708000,45.374595,6.627842,2256.124807,70.9,10.182265,2.4,6.0
1671613164.713000,45.374627,6.627967,2251.928364,67.2,10.139549,2.4,6.8
1671613165.684000,45.374664,6.628088,2249.404660,71.8,10.403662,2.4,7.0
1671613166.684000,45.374693,6.628218,2248.729484,75.0,10.771386,2.4,7.3
1671613167.681000,45.374725,6.628358,2245.410429,74.1,11.425030,2.4,7.3
1671613168.699000,45.374764,6.628505,2243.539859,72.3,11.949649,2.4,7.7
1671613169.684000,45.374804,6.628651,2241.552632,68.0,11.209505,2.4,7.3
1671613170.704000,45.374847,6.628784,2239.085899,65.1,10.631447,2.4,6.8
1671613171.700000,45.374889,6.628904,2237.931398,65.0,9.693720,2.4,6.4
1671613173.711000,45.374958,6.629104,2236.589647,63.0,8.043421,2.5,6.0
1671613175.696000,45.375028,6.629262,2235.151755,56.1,7.121095,2.4,6.0
1671613177.695000,45.375109,6.629399,2233.092684,53.0,7.017313,2.5,6.0
1671613179.692000,45.375196,6.629546,2232.550057,50.0,7.731262,2.5,6.0
1671613181.703000,45.375301,6.629695,2231.171159,42.0,8.248240,2.5,5.6
1671613183.699000,45.375427,6.629824,2228.524482,32.1,8.456242,2.5,5.6
1671613185.713000,45.375568,6.629918,2224.113770,23.1,8.505687,2.6,5.6
1671613187.697000,45.375709,6.629987,2222.851272,17.1,7.905538,2.5,6.0
1671613189.715000,45.375846,6.630042,2222.637200,16.0,7.716423,2.5,6.0
1671613191.696000,45.375971,6.630109,2220.218879,25.0,7.605494,2.4,6.3
1671613193.726000,45.376100,6.630197,2219.182486,27.0,7.952836,2.4,6.4
1671613195.702000,45.376238,6.630292,2217.477845,26.0,8.371365,2.4,6.0
1671613197.708000,45.376385,6.630386,2215.607949,24.0,9.101410,2.4,6.0
1671613199.691000,45.376539,6.630485,2213.694593,22.0,9.860116,2.4,6.0
1671613200.698000,45.376624,6.630533,2211.001259,17.0,10.190958,2.4,6.0
1671613201.701000,45.376711,6.630573,2208.580775,23.6,9.753516,2.4,6.0
1671613203.701000,45.376868,6.630700,2204.526142,26.3,10.239873,2.4,6.0
1671613204.692000,45.376954,6.630753,2202.774224,27.0,10.472050,2.4,6.0
1671613205.709000,45.377034,6.630822,2201.775063,35.0,10.243307,2.4,6.0
1671613206.701000,45.377103,6.630908,2199.443039,39.0,10.235941,2.4,6.0
1671613207.692000,45.377173,6.630997,2197.370455,38.0,10.632532,2.5,6.0
1671613208.690000,45.377251,6.631082,2196.211515,37.0,10.777480,2.4,6.0
1671613209.728000,45.377330,6.631172,2195.043678,44.8,11.299351,2.5,6.0
1671613210.700000,45.377400,6.631270,2192.182124,44.0,11.270904,2.5,6.0
1671613211.711000,45.377477,6.631369,2190.133935,43.0,11.378315,2.5,6.4
1671613212.721000,45.377555,6.631468,2187.951658,47.0,11.408131,2.5,6.8
1671613213.714000,45.377618,6.631583,2185.692805,56.8,11.121984,2.5,7.2
1671613214.705000,45.377671,6.631708,2183.095717,49.3,11.400906,2.5,7.3
1671613215.694000,45.377739,6.631821,2180.058248,47.0,11.568385,2.5,7.3
1671613216.703000,45.377798,6.631936,2178.125457,56.0,10.733160,2.5,7.3
1671613217.684000,45.377848,6.632055,2176.432933,56.1,11.661563,2.5,7.0
1671613218.697000,45.377905,6.632182,2174.480192,53.1,11.302742,2.5,6.7
1671613219.701000,45.377964,6.632297,2172.996635,58.9,11.051332,2.5,6.3
1671613220.708000,45.378013,6.632414,2170.360200,57.1,10.738570,2.4,6.0
1671613221.702000,45.378065,6.632519,2169.945962,53.0,10.016147,2.4,6.0
1671613222.709000,45.378124,6.632616,2167.821400,41.2,9.593328,2.4,6.0
1671613223.702000,45.378195,6.632695,2167.169049,41.0,9.759163,2.4,6.0
1671613224.702000,45.378266,6.632783,2165.424682,46.0,9.490710,2.4,6.0
1671613226.686000,45.378370,6.632952,2162.815552,51.4,8.219228,2.4,6.0
1671613228.695000,45.378441,6.633095,2161.877855,53.0,5.893375,2.4,6.0
1671613231.694000,45.378539,6.633188,2161.971791,22.1,4.007768,2.4,6.0
1671613245.780000,45.378624,6.633237,2160.505014,-1.0,0.001163,2.6,4.0
1671613256.019000,45.378643,6.633363,2161.498425,-1.0,0.006411,2.4,4.6
1671613270.056000,45.378602,6.633488,2160.207974,137.2,2.226513,2.5,5.6
1671613271.857000,45.378534,6.633596,2159.718174,138.1,2.852830,2.6,9.2
1671613274.257000,45.378460,6.633714,2159.787247,132.0,3.914567,2.6,11.8
1671613276.658000,45.378390,6.633809,2161.908226,134.7,3.686650,2.4,11.2
1671613279.457000,45.378324,6.633924,2163.546146,130.6,3.694498,2.4,10.3
1671613282.456000,45.378253,6.634036,2163.024765,128.6,3.707694,2.4,8.2
1671613285.456000,45.378183,6.634152,2164.844148,129.9,3.750157,2.4,7.0
1671613288.455000,45.378114,6.634266,2165.520234,130.0,3.714289,2.5,7.0
1671613291.377000,45.378046,6.634374,2166.366203,130.8,3.683381,2.5,7.1
1671613294.376000,45.377981,6.634488,2167.746550,130.3,3.664592,2.5,7.0
1671613297.777000,45.377914,6.634603,2168.164996,130.1,3.704989,2.6,6.9
1671613300.695000,45.377852,6.634702,2170.321959,131.0,3.622170,2.5,6.6
1671613303.700000,45.377787,6.634809,2173.350239,131.0,3.623396,2.4,4.6
1671613306.699000,45.377722,6.634914,2175.402238,130.0,3.594558,2.4,4.0
1671613309.696000,45.377658,6.635018,2177.878990,130.0,3.583835,2.4,4.0
1671613312.703000,45.377597,6.635117,2180.743119,130.0,3.625734,2.4,4.0
1671613315.701000,45.377528,6.635230,2179.777712,130.0,3.645158,2.6,4.0
1671613318.701000,45.377462,6.635336,2181.707455,131.0,3.614356,2.5,4.0
1671613321.700000,45.377396,6.635442,2183.690134,131.0,3.636689,2.5,4.0
1671613324.706000,45.377332,6.635547,2184.157435,131.0,3.666145,2.5,4.0
1671613327.693000,45.377267,6.635650,2185.786961,131.0,3.632960,2.5,4.0
1671613330.702000,45.377207,6.635748,2188.149507,131.0,3.656824,2.4,4.0
1671613333.259000,45.377142,6.635854,2188.660180,130.7,3.634521,2.4,5.3
1671613336.697000,45.377073,6.635967,2190.394946,130.0,3.654119,2.4,5.4
1671613339.258000,45.377013,6.636065,2192.032801,130.6,3.620654,2.4,6.3
1671613342.056000,45.376955,6.636164,2192.319754,130.1,3.675334,2.5,8.0
1671613345.539000,45.376885,6.636284,2192.392973,128.9,3.782355,2.5,9.4
1671613348.418000,45.376827,6.636392,2196.452914,129.7,3.492201,2.6,8.1
1671613351.418000,45.376767,6.636490,2200.760207,130.7,3.387823,2.6,8.9
1671613354.418000,45.376710,6.636589,2203.991641,129.4,3.300647,2.7,7.6
1671613358.539000,45.376630,6.636719,2214.210178,130.0,3.314669,2.4,6.8
1671613362.618000,45.376553,6.636852,2220.956658,131.1,3.257131,2.4,6.9
1671613366.057000,45.376483,6.636962,2226.258479,130.6,3.213013,2.4,8.3
1671613369.659000,45.376419,6.637069,2233.622931,131.5,3.203473,2.4,9.9
1671613372.659000,45.376360,6.637167,2238.182780,130.5,3.214183,2.5,10.5
1671613375.656000,45.376302,6.637265,2243.645332,130.2,3.619457,2.5,10.4
1671613378.656000,45.376242,6.637365,2249.447805,130.5,3.525447,2.5,10.4
1671613381.657000,45.376178,6.637470,2252.796099,130.6,3.416360,2.5,10.4
1671613384.597000,45.376116,6.637570,2257.856786,130.0,3.386297,2.4,10.4
1671613388.702000,45.376038,6.637698,2263.547370,130.0,3.395246,2.4,8.4
1671613392.697000,45.375960,6.637826,2270.685001,130.0,3.332032,2.4,6.0
1671613396.692000,45.375883,6.637954,2276.683919,131.0,3.255864,2.4,6.0
1671613399.678000,45.375822,6.638054,2280.516669,130.0,3.288080,2.5,6.0
1671613403.710000,45.375741,6.638181,2287.623996,130.0,3.274269,2.5,6.0
1671613407.697000,45.375668,6.638300,2296.410444,130.0,3.305435,2.5,6.0
1671613410.691000,45.375608,6.638399,2300.341141,130.0,3.208010,2.5,6.0
1671613413.711000,45.375545,6.638502,2306.742099,130.0,3.174880,2.4,6.0
1671613417.693000,45.375478,6.638611,2314.588762,130.0,3.193993,2.4,6.0
1671613421.690000,45.375402,6.638736,2322.286863,131.0,3.156007,2.4,6.0
1671613424.699000,45.375343,6.638835,2327.600450,131.0,3.571445,2.4,6.0
1671613427.693000,45.375282,6.638932,2331.285815,131.0,3.504934,2.4,6.0
1671613430.694000,45.375216,6.639038,2335.380220,130.0,3.404211,2.5,6.0
1671613433.702000,45.375158,6.639137,2340.681495,131.0,3.398286,2.4,6.3
1671613436.693000,45.375099,6.639235,2344.928986,130.0,3.368773,2.4,6.3
1671613439.688000,45.375042,6.639334,2349.553447,130.0,3.341562,2.5,6.0
1671613443.695000,45.374964,6.639461,2357.749299,131.0,3.336520,2.4,6.0
1671613447.706000,45.374888,6.639590,2364.359906,131.0,3.299189,2.4,6.0
1671613451.705000,45.374813,6.639709,2371.259925,130.0,3.255618,2.4,6.0
1671613454.712000,45.374750,6.639813,2376.370043,131.0,3.270764,2.4,6.0
1671613458.696000,45.374677,6.639934,2382.313642,131.0,3.254140,2.5,6.0
1671613462.680000,45.374601,6.640061,2390.548444,131.0,3.554425,2.5,6.0
1671613465.699000,45.374538,6.640165,2394.732572,131.0,3.417410,2.5,6.0
1671613469.688000,45.374464,6.640284,2401.229508,131.1,3.529509,2.4,5.8
1671613472.700000,45.374398,6.640394,2406.295677,131.0,3.477421,2.4,5.7
1671613475.702000,45.374335,6.640499,2409.520968,130.0,3.464247,2.4,6.0
1671613478.704000,45.374273,6.640601,2413.665460,130.0,3.423308,2.4,5.6
1671613481.697000,45.374211,6.640703,2417.666301,130.0,3.458092,2.4,5.0
1671613484.689000,45.374150,6.640804,2420.990752,130.0,3.456210,2.5,5.3
1671613487.693000,45.374091,6.640905,2425.213881,130.0,3.410025,2.6,6.0
1671613490.701000,45.374031,6.641005,2429.286188,131.0,3.403134,2.5,6.0
1671613493.687000,45.373971,6.641105,2433.833655,130.9,3.351835,2.5,6.0
1671613496.702000,45.373911,6.641206,2437.879046,130.0,3.400724,2.5,6.0
1671613499.708000,45.373852,6.641304,2443.751915,130.0,3.367908,2.4,6.0
1671613502.692000,45.373792,6.641402,2449.548625,131.0,3.378515,2.4,6.0
1671613505.714000,45.373728,6.641507,2452.762942,130.0,3.337296,2.4,6.0
1671613509.693000,45.373655,6.641627,2460.215221,130.0,3.303487,2.4,6.0
1671613512.694000,45.373595,6.641723,2465.050899,130.0,3.299787,2.4,6.0
1671613515.713000,45.373534,6.641824,2469.530668,130.0,3.251909,2.5,6.0
1671613519.694000,45.373457,6.641942,2477.098223,131.0,3.599590,2.5,6.0
1671613522.684000,45.373396,6.642043,2479.014864,130.0,3.436319,3.0,6.0
1671613525.700000,45.373330,6.642148,2484.318857,130.0,3.447810,2.6,6.0
1671613529.688000,45.373257,6.642272,2492.262321,130.0,3.357598,2.4,6.3
1671613532.675000,45.373197,6.642370,2496.291862,131.0,3.357506,2.4,5.1
1671613535.690000,45.373139,6.642471,2500.954565,130.0,3.364505,2.4,3.5
1671613538.681000,45.373076,6.642573,2505.436445,130.0,3.373492,2.4,3.4
1671613542.679000,45.373007,6.642694,2511.397661,130.0,3.293442,2.5,3.5
1671613546.693000,45.372933,6.642813,2521.092529,132.0,3.216501,2.5,3.5
1671613550.687000,45.372861,6.642929,2527.874770,131.0,3.164983,3.1,3.6
1671613554.687000,45.372793,6.643040,2537.217508,130.0,3.118353,2.6,3.6
1671613558.686000,45.372726,6.643147,2547.082614,130.0,3.086580,2.4,3.6
1671613562.698000,45.372656,6.643262,2555.830446,131.0,3.015490,2.4,3.0
1671613566.697000,45.372583,6.643382,2564.695278,131.0,3.034170,2.4,3.3
1671613570.705000,45.372509,6.643503,2571.093030,131.0,3.086687,2.5,3.7
1671613574.697000,45.372433,6.643625,2577.343034,131.0,3.182016,3.5,3.5
1671613577.711000,45.372369,6.643727,2581.947547,131.0,3.266743,2.7,3.1
1671613580.693000,45.372311,6.643825,2584.723110,131.0,3.328551,2.9,3.0
1671613583.694000,45.372250,6.643925,2588.603650,131.0,3.368633,3.7,3.3
1671613586.698000,45.372187,6.644029,2594.807216,131.0,3.441906,2.4,3.2
1671613589.686000,45.372120,6.644139,2595.500213,131.0,3.490536,2.4,3.2
1671613592.690000,45.372055,6.644246,2597.173552,130.0,3.535851,2.4,3.4
1671613595.680000,45.371990,6.644347,2598.709487,130.0,3.561487,2.4,3.5
1671613598.695000,45.371927,6.644450,2599.875374,129.0,3.579880,2.5,3.5
1671613601.690000,45.371863,6.644554,2601.913648,130.0,3.596896,2.6,3.5
1671613604.687000,45.371799,6.644658,2603.075635,130.0,3.601718,3.2,3.5
1671613607.695000,45.371736,6.644762,2605.170907,131.0,3.609793,2.9,2.9
1671613610.703000,45.371672,6.644865,2607.682963,131.0,3.614422,2.9,3.4
1671613614.726000,45.371599,6.644988,2611.993831,131.1,3.587617,2.4,3.1
1671613617.690000,45.371536,6.645084,2613.580796,135.1,3.482410,2.4,3.6
1671613622.703000,45.371458,6.645175,2612.823669,146.0,2.887417,2.4,5.1
1671613626.691000,45.371367,6.645265,2612.417491,140.9,2.865799,2.4,4.4
1671613630.682000,45.371272,6.645293,2609.784636,176.6,2.683828,2.7,3.7
1671613637.685000,45.371256,6.645428,2604.388175,113.3,2.825792,2.8,3.7
1671613639.677000,45.371196,6.645574,2598.154448,123.9,3.962331,2.8,4.0
1671613641.702000,45.371138,6.645789,2592.561363,100.0,5.892336,3.5,4.0
1671613643.699000,45.371123,6.645990,2586.725037,98.9,7.875986,3.0,4.2
1671613645.685000,45.371102,6.646217,2585.038655,93.3,7.780378,2.4,5.0
1671613647.702000,45.371084,6.646426,2580.997266,107.1,8.213134,2.4,5.2
1671613649.712000,45.371051,6.646632,2577.471211,103.9,6.395828,2.4,4.4
1671613651.706000,45.371007,6.646809,2576.281752,107.5,7.973468,2.4,4.0
1671613653.702000,45.370995,6.647022,2570.256282,88.9,8.211347,2.4,4.4
1671613655.699000,45.370964,6.647238,2567.932845,106.1,8.665799,2.4,5.2
1671613657.705000,45.370942,6.647423,2563.302335,90.8,6.071529,2.5,6.0
1671613659.700000,45.370958,6.647578,2561.423083,75.5,6.078092,3.1,6.0
1671613661.697000,45.370990,6.647717,2560.101310,75.8,6.105968,2.8,6.0
1671613663.703000,45.370961,6.647887,2557.959986,109.8,7.570614,2.8,6.0
1671613665.698000,45.370902,6.648086,2551.480819,104.5,8.106757,2.7,6.0
1671613667.694000,45.370947,6.648271,2545.522724,66.7,7.363276,2.7,6.0
1671613669.702000,45.371005,6.648467,2538.325577,80.2,9.240416,2.8,6.7
1671613671.685000,45.371021,6.648703,2529.800797,86.7,9.578635,3.3,7.3
1671613672.696000,45.371050,6.648829,2526.897076,59.3,9.805679,2.8,7.6
1671613674.693000,45.371138,6.649035,2523.449777,61.0,9.444378,2.4,7.0
1671613676.705000,45.371176,6.649253,2516.569951,77.7,9.142416,2.5,6.4
1671613678.701000,45.371221,6.649461,2515.944379,62.2,7.380117,2.5,7.2
1671613680.694000,45.371282,6.649621,2511.227497,77.4,6.345663,2.4,7.3
1671613682.700000,45.371304,6.649805,2510.878994,86.5,7.288284,2.4,6.8
1671613684.694000,45.371345,6.649969,2505.830491,79.6,7.118297,2.8,6.0
1671613686.684000,45.371385,6.650127,2498.816258,60.7,6.298564,3.0,6.0
1671613688.694000,45.371460,6.650243,2493.398691,58.4,5.929072,2.9,6.0
1671613690.693000,45.371505,6.650382,2487.772559,69.5,6.741537,2.8,6.0
1671613692.696000,45.371500,6.650527,2483.391235,74.2,4.307798,2.6,6.0
1671613696.692000,45.371608,6.650638,2479.592206,57.8,6.174289,2.7,6.0
1671613698.703000,45.371691,6.650785,2476.325943,40.7,5.730552,2.9,6.0
1671613700.703000,45.371810,6.650901,2471.114651,35.8,7.795144,2.4,6.0
1671613702.695000,45.371959,6.651060,2465.312385,37.9,10.127440,2.7,6.0
1671613703.694000,45.372038,6.651148,2464.078977,42.5,9.290487,2.5,6.0
1671613705.698000,45.372156,6.651309,2463.484285,49.2,7.127892,2.4,6.7
1671613707.701000,45.372235,6.651426,2460.784773,53.6,4.707950,2.4,6.8
1671613711.703000,45.372330,6.651502,2461.209296,25.1,2.171815,2.4,6.0
1671613716.603000,45.372416,6.651558,2462.177338,28.7,2.288830,2.9,8.4
1671613721.803000,45.372514,6.651600,2462.209238,26.3,1.873626,2.5,6.9
1671613726.601000,45.372622,6.651656,2461.839828,20.6,2.863130,2.6,6.8
1671613729.602000,45.372722,6.651710,2459.681312,21.7,3.837347,2.4,6.8
1671613731.705000,45.372830,6.651788,2458.264809,27.0,6.570723,2.4,5.8
1671613733.703000,45.372949,6.651864,2455.657021,23.0,7.795864,2.5,5.5
1671613735.689000,45.373110,6.651943,2454.164698,16.4,10.492228,2.7,5.0
1671613736.690000,45.373209,6.651981,2451.036592,10.6,11.173737,2.5,5.0
1671613737.688000,45.373316,6.652011,2448.225041,10.1,11.890192,2.4,5.3
1671613738.698000,45.373426,6.652039,2446.033015,9.1,11.734998,2.5,5.3
1671613739.675000,45.373529,6.652062,2444.156373,8.2,11.125486,2.5,5.3
1671613740.691000,45.373625,6.652082,2442.733068,8.1,10.246689,2.4,5.6
1671613742.691000,45.373798,6.652109,2440.420305,4.4,9.180475,2.5,5.2
1671613744.699000,45.373952,6.652112,2439.183387,1.0,7.960398,2.6,4.4
1671613746.702000,45.374090,6.652098,2437.980742,356.0,7.490106,2.7,4.0
1671613748.702000,45.374224,6.652084,2436.664784,359.9,7.453060,2.6,4.0
1671613750.720000,45.374363,6.652086,2432.834319,1.0,7.772158,2.4,4.0
1671613752.694000,45.374510,6.652094,2432.547443,3.0,8.741083,2.5,4.0
1671613754.681000,45.374680,6.652123,2429.803320,13.4,9.602628,2.5,4.0
1671613755.720000,45.374772,6.652162,2428.573291,15.3,10.596946,2.6,4.0
1671613756.709000,45.374865,6.652210,2424.510693,18.1,11.118188,2.4,4.0
1671613757.703000,45.374959,6.652269,2422.603572,24.3,10.727374,2.4,4.0
1671613758.697000,45.375045,6.652332,2420.323853,27.8,10.032632,2.4,4.0
1671613760.699000,45.375187,6.652464,2420.318013,32.9,8.860688,2.4,4.0
1671613762.702000,45.375319,6.652597,2417.171639,34.0,9.454885,2.4,4.0
1671613764.701000,45.375467,6.652748,2413.903399,36.0,9.995669,2.4,4.0
1671613765.701000,45.375540,6.652828,2412.275484,36.0,10.108499,2.4,4.0
1671613767.683000,45.375681,6.652968,2410.019549,32.2,8.919520,2.5,4.0
1671613769.690000,45.375816,6.653067,2408.713416,22.7,8.543314,2.4,4.0
1671613771.703000,45.375950,6.653122,2408.148228,16.0,7.448744,2.4,4.0
1671613773.696000,45.376071,6.653173,2406.707243,17.0,6.877333,2.5,4.0
1671613775.708000,45.376183,6.653224,2406.061091,15.0,6.683217,2.5,4.0
1671613777.693000,45.376294,6.653269,2404.254820,16.0,6.526816,2.5,4.0
1671613779.701000,45.376403,6.653322,2402.589593,20.0,6.176556,2.4,4.0
1671613781.680000,45.376496,6.653375,2402.487234,22.0,5.632857,2.5,4.0
1671613783.696000,45.376591,6.653440,2400.931907,22.0,6.370263,2.5,4.0
1671613785.698000,45.376720,6.653486,2399.059640,27.5,7.589588,2.6,4.0
1671613787.691000,45.376834,6.653610,2391.733472,21.7,8.145893,2.4,4.3
1671613789.690000,45.376971,6.653676,2389.332953,27.9,8.173465,2.4,5.2
1671613791.685000,45.377110,6.653757,2381.782566,1.9,8.017633,2.5,5.7
1671613793.693000,45.377251,6.653757,2377.537525,12.8,8.316742,2.5,6.4
1671613795.676000,45.377393,6.653811,2368.770072,10.2,8.259143,2.5,7.0
1671613797.689000,45.377530,6.653813,2362.185606,347.8,7.580791,2.6,7.7
1671613799.688000,45.377684,6.653754,2356.856200,4.0,8.386349,2.4,8.0
1671613801.697000,45.377833,6.653689,2353.784450,1.7,8.927785,2.5,7.6
1671613802.682000,45.377918,6.653624,2352.960406,340.0,10.084706,2.5,7.3
1671613803.686000,45.378013,6.653582,2352.254146,348.7,11.012887,2.5,7.0
1671613804.690000,45.378114,6.653545,2347.223751,348.0,11.808837,2.5,6.4
1671613805.705000,45.378224,6.653505,2345.103913,346.3,11.606987,2.5,6.0
1671613806.685000,45.378318,6.653469,2342.150925,347.9,9.995790,2.5,6.0
1671613808.685000,45.378458,6.653442,2340.349255,354.8,6.767763,2.4,6.0
1671613810.688000,45.378566,6.653414,2340.669035,351.0,7.005329,2.5,5.7
1671613812.690000,45.378707,6.653400,2339.070081,1.8,8.561039,2.5,5.7
1671613814.685000,45.378878,6.653418,2335.863843,4.9,9.217546,2.5,5.3
1671613816.710000,45.379045,6.653439,2332.348107,4.1,8.442893,2.4,4.8
1671613818.700000,45.379186,6.653453,2332.578112,4.0,7.310413,2.4,4.0
1671613820.688000,45.379312,6.653458,2330.142236,1.0,6.976631,2.4,4.0
1671613822.694000,45.379435,6.653463,2329.100442,4.7,6.747189,2.5,4.0
1671613824.713000,45.379558,6.653485,2325.995121,7.0,7.031632,2.5,4.0
1671613826.693000,45.379689,6.653514,2325.651554,8.0,7.969249,2.6,4.0
1671613828.698000,45.379845,6.653537,2322.005601,3.2,9.324019,2.4,4.0
1671613830.719000,45.380029,6.653589,2318.368685,15.5,10.515033,2.4,4.0
1671613831.681000,45.380121,6.653630,2316.491382,9.5,10.809006,2.5,4.0
1671613832.700000,45.380222,6.653661,2312.848059,9.8,11.255162,2.5,4.0
1671613833.700000,45.380326,6.653695,2311.061594,10.6,11.617545,2.5,4.4
1671613834.685000,45.380433,6.653758,2307.606879,22.1,12.519757,2.4,4.7
1671613835.684000,45.380539,6.653829,2304.826567,23.4,11.775549,2.4,5.0
1671613836.688000,45.380631,6.653897,2302.819154,26.9,10.446564,2.4,5.6
1671613837.680000,45.380709,6.653962,2302.284688,28.0,9.550871,2.4,5.3
1671613839.691000,45.380844,6.654081,2300.776901,31.0,8.044939,2.5,4.8
1671613841.703000,45.380955,6.654179,2299.348844,26.1,7.172966,2.5,4.8
1671613843.693000,45.381080,6.654258,2298.143722,23.9,8.338766,2.5,5.6
1671613845.699000,45.381234,6.654352,2293.471131,22.0,9.917176,2.4,5.2
1671613846.699000,45.381320,6.654400,2292.107146,21.0,10.555069,2.4,5.0
1671613847.714000,45.381415,6.654451,2290.397894,21.0,11.173563,2.4,4.4
1671613848.704000,45.381512,6.654504,2287.177847,20.0,11.805444,2.5,4.0
1671613849.703000,45.381615,6.654559,2286.210120,20.0,12.210265,2.5,4.0
1671613850.704000,45.381719,6.654616,2282.916505,21.0,12.052024,2.4,4.0
1671613851.705000,45.381819,6.654673,2281.029001,21.0,11.693975,2.4,4.0
1671613852.704000,45.381916,6.654728,2277.437119,20.9,11.329740,2.5,4.0
1671613853.711000,45.382009,6.654781,2276.133411,21.0,11.261979,2.5,4.0
1671613854.694000,45.382099,6.654837,2274.356734,24.9,10.899805,2.4,4.0
1671613855.702000,45.382186,6.654900,2273.060935,25.0,10.881041,2.6,4.0
1671613856.718000,45.382274,6.654960,2271.681813,24.0,10.831501,2.5,4.0
1671613857.714000,45.382363,6.655015,2270.448692,21.1,10.862630,2.4,4.0
1671613858.719000,45.382454,6.655062,2269.626388,20.2,10.745738,2.4,4.0
1671613859.701000,45.382545,6.655106,2268.301944,18.1,10.698796,2.4,4.0
1671613860.700000,45.382638,6.655143,2266.686404,16.4,10.902872,2.5,4.0
1671613861.699000,45.382735,6.655165,2263.556605,14.5,11.154985,2.5,4.0
1671613862.703000,45.382833,6.655157,2262.023253,353.5,10.343349,2.4,4.0
1671613863.692000,45.382921,6.655124,2260.783749,343.2,9.928333,2.4,4.0
1671613865.705000,45.383077,6.655029,2257.856657,336.4,8.785754,2.4,4.0
1671613867.704000,45.383211,6.654938,2256.750467,337.0,8.286929,2.4,4.0
1671613869.699000,45.383344,6.654858,2254.718324,338.7,8.075921,2.4,4.0
1671613871.710000,45.383471,6.654788,2253.279836,339.0,7.269438,2.4,4.0
1671613873.705000,45.383584,6.654726,2253.563879,340.9,6.680595,2.4,4.0
1671613875.703000,45.383694,6.654679,2252.619206,344.0,6.479057,2.4,4.0
1671613877.691000,45.383806,6.654641,2250.485672,347.9,6.748640,2.4,4.0
1671613879.685000,45.383929,6.654614,2250.560066,352.9,6.667898,2.5,4.0
1671613881.693000,45.384046,6.654599,2249.466994,354.0,6.072018,2.6,4.0
1671613883.687000,45.384146,6.654582,2248.671553,354.0,5.524365,2.5,4.0
1671613886.698000,45.384262,6.654566,2246.171290,352.1,4.846307,2.4,4.0
1671613888.699000,45.384353,6.654544,2243.826454,351.0,5.073264,2.4,4.0
1671613890.702000,45.384453,6.654521,2244.126575,350.3,5.372607,2.5,4.0
1671613892.701000,45.384552,6.654497,2242.884845,352.8,5.349935,2.4,4.0
1671613894.700000,45.384645,6.654482,2242.190888,353.0,4.843184,2.4,4.0
1671613897.699000,45.384760,6.654466,2240.977619,357.8,4.017076,2.4,4.0
1671613900.568000,45.384864,6.654469,2242.892139,359.9,3.931700,2.5,4.4
1671613903.568000,45.384959,6.654497,2241.038825,6.9,3.693380,2.4,6.6
1671613906.568000,45.385064,6.654524,2239.144116,10.3,4.134070,2.4,7.1
1671613909.447000,45.385163,6.654556,2240.520618,9.8,3.799884,2.5,7.1
1671613912.448000,45.385256,6.654590,2239.179053,16.1,3.884553,2.5,7.2
1671613915.447000,45.385364,6.654635,2237.210739,16.5,3.974974,2.5,7.3
1671613919.407000,45.385478,6.654683,2237.960466,9.9,3.273037,2.5,6.8
1671613922.407000,45.385577,6.654714,2237.489131,8.3,3.279263,2.4,6.9
1671613925.285000,45.385683,6.654729,2236.138791,10.5,3.885652,2.4,7.1
1671613928.206000,45.385801,6.654749,2236.733009,9.8,4.124063,2.5,7.1
1671613931.207000,45.385910,6.654765,2237.050068,5.4,4.177432,2.6,7.0
1671613934.205000,45.386022,6.654803,2234.543780,11.5,4.430764,2.4,7.1
1671613937.695000,45.386165,6.654839,2235.300557,7.0,5.545405,2.5,6.4
1671613939.705000,45.386282,6.654855,2231.876360,6.0,6.480470,2.5,5.2
1671613941.702000,45.386408,6.654878,2230.224685,7.0,7.285073,2.6,4.5
1671613943.694000,45.386550,6.654892,2227.695174,1.1,8.292857,2.4,4.0
1671613945.685000,45.386709,6.654903,2226.435014,3.0,9.153959,2.4,4.0
1671613947.699000,45.386880,6.654924,2223.951249,5.0,9.612540,2.4,4.0
1671613949.693000,45.387055,6.654965,2221.065111,10.0,10.013418,2.4,4.0
1671613950.706000,45.387145,6.654991,2219.609232,10.0,10.102544,2.4,4.0
1671613952.685000,45.387320,6.655035,2216.046832,9.0,9.841812,2.4,4.0
1671613954.699000,45.387495,6.655077,2215.047201,10.0,9.971846,2.5,4.0
1671613956.710000,45.387666,6.655142,2212.126862,18.0,9.728087,2.5,4.0
1671613958.688000,45.387826,6.655240,2209.921010,22.0,9.846872,2.6,4.0
1671613959.696000,45.387913,6.655281,2208.983370,13.6,10.233624,2.6,4.0
1671613960.700000,45.388006,6.655302,2205.652141,9.1,10.278530,2.5,4.0
1671613961.744000,45.388100,6.655323,2203.964157,10.0,10.409492,2.4,4.0
1671613962.715000,45.388191,6.655355,2203.044803,15.0,10.773333,2.5,4.0
1671613963.697000,45.388286,6.655394,2200.919348,14.0,11.228413,2.5,4.0
1671613964.678000,45.388386,6.655429,2199.690363,13.0,11.493944,2.4,4.0
1671613965.712000,45.388488,6.655464,2197.765746,12.0,11.448533,2.4,4.0
1671613966.707000,45.388591,6.655491,2195.752195,9.0,12.048065,2.5,4.0
1671613967.697000,45.388699,6.655511,2192.112560,7.0,12.214134,2.6,4.0
1671613968.701000,45.388810,6.655525,2188.881147,6.1,12.225801,2.5,4.0
1671613969.705000,45.388922,6.655534,2187.463617,4.6,12.435444,2.4,4.0
1671613970.687000,45.389035,6.655533,2184.064802,359.5,12.740858,2.6,4.0
1671613971.711000,45.389156,6.655525,2180.870445,357.2,13.167168,2.5,4.0
1671613972.695000,45.389276,6.655514,2179.439152,356.1,13.271811,2.4,4.0
1671613973.702000,45.389399,6.655501,2177.046098,356.0,13.383385,2.4,4.0
1671613974.707000,45.389521,6.655491,2174.179028,356.6,12.894208,2.4,4.0
1671613975.688000,45.389633,6.655488,2173.262195,358.7,12.153638,2.4,4.0
1671613976.687000,45.389738,6.655493,2171.174157,359.6,11.514806,2.4,4.0
1671613977.704000,45.389839,6.655505,2169.609715,4.8,11.042960,2.4,4.0
1671613978.685000,45.389931,6.655522,2168.325276,5.9,10.460446,2.4,4.0
1671613979.704000,45.390021,6.655539,2167.650188,5.0,9.899486,2.4,4.0
1671613981.696000,45.390182,6.655557,2165.653206,3.3,8.650917,2.4,4.0
1671613983.691000,45.390325,6.655564,2164.390794,1.1,7.623095,2.5,4.0
1671613985.703000,45.390452,6.655568,2163.293871,1.0,6.959130,2.5,4.0
1671613987.709000,45.390572,6.655576,2162.258588,3.9,6.686357,2.6,4.4
1671613989.702000,45.390688,6.655608,2163.520225,15.6,6.537632,2.5,5.2
1671613991.703000,45.390793,6.655684,2160.388108,27.0,6.521132,2.4,5.2
1671613993.702000,45.390893,6.655768,2159.534417,28.0,6.610466,2.4,4.4
1671613995.696000,45.390998,6.655845,2158.209784,26.0,6.568390,2.5,4.0
1671613997.701000,45.391098,6.655917,2155.226672,26.0,6.136380,2.6,4.0
1671613999.709000,45.391193,6.655987,2154.741318,26.0,6.125066,2.4,4.0
1671614001.710000,45.391290,6.656056,2153.204353,27.0,6.069106,2.4,4.0
1671614003.697000,45.391387,6.656127,2152.594847,25.0,6.723123,2.4,4.0
1671614005.721000,45.391512,6.656194,2149.900827,16.1,8.229300,2.4,4.0
1671614007.698000,45.391671,6.656262,2146.205160,19.7,9.495124,2.4,4.0
1671614008.706000,45.391754,6.656311,2144.442129,28.8,9.485497,2.4,4.0
1671614010.708000,45.391897,6.656453,2141.120286,36.0,9.122069,2.4,4.0
1671614012.704000,45.392034,6.656587,2140.041746,30.2,9.279510,2.5,4.0
1671614014.714000,45.392192,6.656662,2136.847306,11.3,9.575459,2.5,4.4
1671614016.701000,45.392371,6.656692,2134.833681,12.1,9.719237,2.4,4.7
1671614018.696000,45.392535,6.656791,2132.306483,26.9,9.789948,2.5,4.8
1671614019.713000,45.392614,6.656852,2130.221432,24.4,9.869593,2.4,4.7
1671614021.705000,45.392786,6.656930,2126.917895,11.2,10.392620,2.4,4.4
1671614022.702000,45.392879,6.656954,2125.876766,11.9,10.395177,2.4,4.4
1671614023.704000,45.392969,6.656985,2123.749847,13.9,10.274768,2.4,4.4
1671614024.682000,45.393056,6.657018,2121.836643,12.2,10.116994,2.5,4.3
1671614025.706000,45.393152,6.657039,2120.083703,10.3,11.227345,2.5,4.0
1671614026.694000,45.393253,6.657041,2117.296174,5.4,11.475521,2.4,4.0
1671614027.700000,45.393358,6.657026,2113.396921,358.2,10.952477,2.5,4.3
1671614028.684000,45.393457,6.656959,2111.638253,337.3,12.068771,2.4,4.7
1671614029.705000,45.393560,6.656892,2110.946474,340.6,11.933185,2.4,5.2
1671614030.697000,45.393667,6.656854,2107.711692,349.7,12.695985,2.4,5.3
1671614031.706000,45.393781,6.656827,2104.093258,349.1,12.607565,2.4,6.0
1671614032.683000,45.393881,6.656797,2103.125099,347.3,10.978765,2.4,6.0
1671614033.699000,45.393971,6.656767,2102.952329,358.6,10.303932,2.4,6.0
1671614035.690000,45.394152,6.656753,2098.053604,352.0,10.618576,2.4,6.0
1671614036.700000,45.394249,6.656726,2096.129381,342.1,11.214073,2.4,6.0
1671614037.688000,45.394348,6.656677,2093.773311,342.0,11.501957,2.4,6.0
1671614038.723000,45.394451,6.656625,2091.511908,335.0,12.133481,2.4,6.0
1671614039.708000,45.394553,6.656555,2088.808265,326.2,12.849861,2.4,6.0
1671614040.685000,45.394650,6.656458,2086.073316,328.0,12.881304,2.5,6.0
1671614041.691000,45.394752,6.656369,2082.571735,341.7,12.610799,2.6,6.0
1671614042.682000,45.394859,6.656336,2080.893498,349.0,11.806954,2.4,6.0
1671614043.693000,45.394963,6.656318,2078.566730,353.0,11.523734,2.4,6.0
1671614045.697000,45.395123,6.656247,2075.635716,338.1,9.673481,2.4,6.0
1671614047.692000,45.395279,6.656159,2072.643796,340.8,9.848513,2.5,6.0
1671614048.688000,45.395365,6.656111,2069.023181,332.3,11.794959,2.4,6.0
1671614049.671000,45.395459,6.656043,2065.139465,333.0,11.968126,2.5,6.0
1671614050.685000,45.395566,6.655990,2062.636393,344.0,13.030848,2.5,6.0
1671614051.672000,45.395681,6.655982,2059.125475,4.1,13.349425,2.5,6.3
1671614052.692000,45.395809,6.656003,2055.819752,6.0,14.300248,2.5,6.8
1671614053.684000,45.395942,6.656026,2053.181173,7.0,14.425027,2.5,7.0
1671614054.706000,45.396082,6.656044,2049.891016,7.0,14.626385,2.5,7.6
1671614055.691000,45.396215,6.656063,2047.804521,10.0,13.939478,2.4,8.0
1671614056.710000,45.396344,6.656088,2046.383661,10.0,13.689825,2.4,8.0
1671614057.695000,45.396471,6.656109,2044.423603,5.0,13.915627,2.4,8.0
1671614058.695000,45.396604,6.656119,2042.118839,359.1,14.817961,2.4,7.6
1671614059.693000,45.396747,6.656116,2036.914652,360.0,15.785864,2.4,7.7
1671614060.701000,45.396899,6.656120,2032.658089,2.0,15.680832,2.4,7.6
1671614061.694000,45.397041,6.656151,2029.298190,11.4,14.964018,2.4,7.7
1671614062.697000,45.397178,6.656195,2027.077787,6.0,15.035923,2.4,7.6
1671614063.694000,45.397317,6.656221,2024.947972,7.0,14.922703,2.7,7.7
1671614064.698000,45.397452,6.656250,2024.086664,10.9,14.223792,2.6,8.0
1671614065.692000,45.397581,6.656290,2022.679781,10.0,13.819927,2.6,8.0
1671614066.706000,45.397706,6.656320,2019.476589,6.2,13.040585,2.5,8.0
1671614067.680000,45.397823,6.656337,2017.641365,350.5,13.791666,2.6,8.0
1671614068.695000,45.397944,6.656307,2014.474130,343.1,13.891817,2.5,8.0
1671614069.672000,45.398059,6.656256,2011.737239,338.5,14.310504,2.7,8.0
1671614070.702000,45.398178,6.656185,2007.847006,338.0,14.665168,2.5,8.0
1671614071.702000,45.398300,6.656113,2004.942895,352.8,14.444842,2.4,8.0
1671614072.680000,45.398423,6.656094,2000.168266,359.8,13.872001,2.4,8.0
1671614073.693000,45.398543,6.656090,1995.492289,352.4,13.802644,2.6,8.0
1671614074.698000,45.398656,6.656063,1992.242610,348.8,13.634744,2.4,8.0
1671614075.697000,45.398764,6.656026,1988.983473,341.8,12.269515,2.4,8.0
1671614076.695000,45.398843,6.655961,1985.886769,332.2,11.912887,2.5,8.0
1671614077.707000,45.398926,6.655886,1984.450697,343.3,11.081903,2.4,8.0
1671614078.696000,45.399023,6.655854,1980.157891,356.4,11.687728,2.5,8.0
1671614079.687000,45.399126,6.655837,1975.485615,347.2,11.829631,2.6,8.0
1671614080.710000,45.399232,6.655794,1972.637248,342.6,12.401102,2.6,8.0
1671614081.694000,45.399344,6.655733,1969.500996,347.9,12.754855,2.7,8.0
1671614082.698000,45.399464,6.655686,1964.551964,355.8,12.766339,2.5,8.0
1671614083.700000,45.399590,6.655666,1960.155122,6.9,13.228829,2.5,8.0
1671614084.714000,45.399719,6.655672,1956.928650,4.0,14.126244,2.4,8.0
1671614085.701000,45.399852,6.655673,1956.203740,349.5,14.420961,2.4,8.0
1671614086.710000,45.399984,6.655623,1952.243756,350.0,13.807817,2.4,8.0
1671614087.701000,45.400111,6.655581,1949.879446,359.9,13.704070,2.4,8.0
1671614088.709000,45.400235,6.655571,1945.954200,356.0,13.980671,2.4,7.6
1671614089.702000,45.400360,6.655549,1943.974459,352.0,14.511988,2.4,7.3
1671614090.695000,45.400490,6.655517,1939.618356,353.0,14.173602,2.4,7.0
1671614091.717000,45.400620,6.655497,1939.838680,356.6,14.666178,2.5,6.4
1671614092.690000,45.400751,6.655486,1936.783761,359.9,14.610748,2.5,6.3
1671614093.685000,45.400882,6.655486,1934.377318,360.0,13.676715,2.6,6.0
1671614094.692000,45.401005,6.655477,1932.225440,356.1,12.936153,2.6,6.0
1671614095.717000,45.401118,6.655456,1931.390034,353.1,11.993469,2.5,6.0
1671614096.698000,45.401220,6.655430,1929.785881,351.0,11.019272,2.7,5.7
1671614097.704000,45.401312,6.655407,1929.210927,351.0,10.016303,2.6,5.2
1671614099.705000,45.401478,6.655368,1926.208833,351.0,8.751046,2.5,4.4
1671614101.696000,45.401628,6.655329,1925.450053,350.0,8.222943,2.4,4.0
1671614103.694000,45.401771,6.655292,1925.354880,350.0,7.851402,2.5,4.0
1671614105.700000,45.401906,6.655253,1924.985869,347.0,7.819686,2.5,4.0
1671614107.686000,45.402042,6.655208,1923.742030,347.0,7.650473,2.5,4.0
1671614109.693000,45.402176,6.655168,1922.482599,348.0,7.673688,2.7,4.0
1671614111.704000,45.402310,6.655130,1919.267528,348.0,7.567410,2.6,4.0
1671614113.688000,45.402440,6.655092,1917.229961,347.0,7.535276,2.4,4.0
1671614115.695000,45.402576,6.655047,1917.111114,347.0,7.863894,2.4,4.0
1671614117.701000,45.402712,6.655007,1914.744979,349.0,7.729473,2.4,4.0
1671614119.702000,45.402850,6.654971,1914.540406,349.0,7.975606,2.5,4.0
1671614121.703000,45.402992,6.654934,1914.362196,349.0,7.993992,2.5,4.0
1671614123.693000,45.403135,6.654899,1912.069216,349.0,8.143739,2.6,4.0
1671614125.696000,45.403283,6.654859,1910.759766,349.0,8.586122,2.6,4.0
1671614127.685000,45.403438,6.654818,1908.791272,350.0,8.903194,2.5,4.0
1671614129.698000,45.403597,6.654782,1906.572134,351.0,8.802816,2.4,4.0
1671614131.707000,45.403753,6.654753,1905.606684,352.0,8.799742,2.5,4.0
1671614133.704000,45.403907,6.654725,1902.766113,352.0,8.675941,2.4,4.0
1671614135.706000,45.404059,6.654701,1901.501548,354.0,8.606882,2.4,4.0
1671614137.696000,45.404209,6.654688,1900.823053,356.9,8.433736,2.6,4.0
1671614139.705000,45.404358,6.654678,1899.070432,356.0,8.508125,2.7,4.0
1671614141.696000,45.404512,6.654661,1896.714576,355.0,8.740020,2.5,4.0
1671614143.711000,45.404674,6.654646,1895.835231,355.0,8.932716,2.4,4.0
1671614145.686000,45.404837,6.654628,1893.679136,355.0,9.084309,2.4,4.0
1671614147.702000,45.405004,6.654606,1892.599226,354.0,9.349610,2.4,4.0
1671614149.705000,45.405178,6.654575,1890.590325,352.0,9.901482,2.6,4.0
1671614150.698000,45.405268,6.654557,1889.038929,351.0,10.211246,2.5,4.0
1671614151.702000,45.405363,6.654532,1886.814987,348.1,10.672534,2.6,4.0
1671614152.683000,45.405457,6.654492,1884.797312,341.1,10.897915,2.6,4.0
1671614153.688000,45.405552,6.654442,1884.382036,335.0,11.445902,2.6,4.0
1671614154.690000,45.405646,6.654383,1883.410077,337.0,11.266579,2.5,4.0
1671614155.713000,45.405743,6.654327,1881.749285,337.0,11.199091,2.6,4.0
1671614156.697000,45.405831,6.654261,1879.277616,329.3,11.343282,2.5,4.0
1671614157.704000,45.405921,6.654181,1876.455437,330.9,11.129624,2.4,4.0
1671614158.688000,45.406016,6.654130,1875.975653,343.7,11.360167,2.4,4.0
1671614159.693000,45.406118,6.654094,1873.372384,0.4,11.267284,2.4,4.0
1671614160.697000,45.406218,6.654104,1873.535798,14.0,11.041266,2.4,4.3
1671614161.697000,45.406309,6.654147,1870.933711,16.0,10.717207,2.7,4.7
1671614162.696000,45.406400,6.654192,1869.457181,14.0,10.942326,2.6,5.0
1671614163.697000,45.406497,6.654231,1866.595856,6.1,11.467085,2.5,5.6
1671614164.703000,45.406604,6.654243,1863.197367,1.0,11.913731,2.4,6.0
1671614165.688000,45.406714,6.654246,1863.079289,1.0,12.174880,2.5,6.0
1671614166.696000,45.406826,6.654251,1862.200977,8.9,11.982688,2.5,6.0
1671614167.685000,45.406935,6.654285,1859.848229,12.0,12.197581,2.6,6.0
1671614168.699000,45.407046,6.654325,1857.956354,12.0,12.274902,2.6,6.0
1671614169.693000,45.407157,6.654357,1855.190140,9.1,12.692755,2.5,6.0
1671614170.700000,45.407272,6.654388,1853.681748,9.0,12.826670,2.4,6.0
1671614171.686000,45.407388,6.654411,1852.681534,9.0,13.037028,2.4,5.7
1671614172.691000,45.407505,6.654415,1849.157416,358.9,13.165551,2.4,5.2
1671614173.699000,45.407623,6.654387,1846.152658,351.2,13.114067,2.4,4.8
1671614174.696000,45.407738,6.654343,1844.314538,344.2,13.024737,2.4,4.4
1671614175.700000,45.407849,6.654292,1842.326297,344.0,12.638415,2.4,4.3
1671614176.693000,45.407956,6.654248,1841.441640,347.0,11.961293,2.4,4.0
1671614177.702000,45.408059,6.654213,1841.241141,346.0,11.567155,2.4,4.0
1671614178.683000,45.408155,6.654172,1840.197860,341.1,11.140368,2.6,4.0
1671614179.701000,45.408248,6.654126,1838.277265,340.0,10.833336,2.5,4.0
1671614180.691000,45.408339,6.654096,1837.406853,349.9,10.636872,2.5,4.0
1671614181.695000,45.408435,6.654078,1836.864996,350.0,10.971314,2.5,4.0
1671614182.682000,45.408533,6.654056,1837.727279,344.0,10.957487,2.4,4.0
1671614183.686000,45.408628,6.654015,1835.429120,335.3,10.760909,2.4,4.4
1671614184.687000,45.408716,6.653957,1832.941039,339.0,10.880543,2.5,4.7
1671614185.696000,45.408804,6.653906,1832.420067,358.3,10.517568,2.4,5.2
1671614186.696000,45.408895,6.653907,1829.589618,15.2,10.855803,2.4,5.6
1671614187.697000,45.408989,6.653950,1825.422823,15.0,11.608001,2.4,6.0
1671614188.697000,45.409088,6.653989,1822.356124,5.2,11.400906,2.4,6.0
1671614189.694000,45.409199,6.653997,1818.332352,357.1,12.657893,2.4,6.0
1671614190.698000,45.409321,6.653991,1815.224617,6.8,13.142022,2.7,6.0
1671614191.686000,45.409453,6.654007,1813.638248,6.0,14.361313,2.6,6.0
1671614192.687000,45.409592,6.654009,1811.473621,357.4,14.726525,2.4,6.0
1671614193.695000,45.409733,6.653992,1806.395928,1.9,14.540713,2.4,6.0
1671614194.691000,45.409870,6.653996,1804.679884,12.9,14.640711,2.4,6.0
1671614195.688000,45.410000,6.654046,1799.528735,15.9,14.819890,2.5,6.3
1671614196.698000,45.410131,6.654106,1795.429989,3.1,14.576458,2.5,6.8
1671614197.684000,45.410260,6.654122,1791.046073,2.0,14.471358,2.4,7.0
1671614198.695000,45.410396,6.654132,1787.020704,6.9,14.701849,2.4,7.3
1671614199.694000,45.410530,6.654158,1784.810013,24.6,15.246240,2.4,8.0
1671614200.693000,45.410656,6.654244,1779.743095,24.0,15.776044,2.4,8.0
1671614201.712000,45.410787,6.654328,1775.284701,18.4,15.016532,2.4,8.0
1671614202.697000,45.410911,6.654383,1770.917623,15.0,14.679661,2.4,8.0
1671614203.701000,45.411037,6.654429,1768.896486,23.6,13.955812,2.4,8.0
1671614204.700000,45.411147,6.654506,1766.167322,25.9,13.293818,2.4,8.0
1671614205.702000,45.411252,6.654586,1764.670405,26.0,13.150114,2.4,8.0
1671614206.695000,45.411360,6.654666,1760.355339,28.8,12.779271,2.6,8.0
1671614207.704000,45.411465,6.654749,1757.103340,25.6,13.001117,2.5,7.6
1671614208.700000,45.411568,6.654828,1755.866966,31.5,13.106480,2.4,7.3
1671614209.696000,45.411668,6.654918,1754.745706,29.2,13.151348,2.4,7.0
1671614210.706000,45.411772,6.655000,1750.477935,22.9,13.435881,2.4,6.4
1671614211.720000,45.411884,6.655066,1748.604352,25.9,13.509720,2.4,6.0
1671614212.704000,45.411996,6.655140,1745.747222,22.4,14.197990,2.4,6.0
1671614213.707000,45.412120,6.655208,1738.940392,12.5,15.218495,2.4,6.0
1671614214.707000,45.412259,6.655253,1733.905958,14.0,15.639637,2.4,6.0
1671614215.703000,45.412404,6.655316,1727.888989,20.6,16.980673,2.4,6.0
1671614216.719000,45.412557,6.655394,1722.252011,19.4,17.476149,2.4,6.0
1671614217.688000,45.412709,6.655452,1716.499316,11.2,17.096189,2.4,6.0
1671614218.686000,45.412866,6.655478,1712.041252,9.2,16.737181,2.6,6.3
1671614219.688000,45.413027,6.655468,1709.627171,4.5,16.383900,2.7,6.7
1671614220.700000,45.413184,6.655396,1705.383785,343.8,16.501766,2.4,7.0
1671614221.685000,45.413334,6.655312,1705.555770,339.1,16.607365,2.4,7.3
1671614222.685000,45.413480,6.655211,1700.635500,334.6,16.561060,2.4,7.7
1671614223.688000,45.413619,6.655102,1698.958562,333.2,16.688091,2.4,8.0
1671614224.680000,45.413755,6.654990,1696.307622,330.8,16.560843,2.4,8.0
1671614225.712000,45.413889,6.654865,1693.388507,328.1,16.507162,2.4,8.0
1671614226.693000,45.414013,6.654740,1690.092450,325.6,16.298246,2.4,8.0
1671614227.689000,45.414130,6.654611,1689.653336,325.0,16.048670,2.4,8.0
1671614228.687000,45.414247,6.654486,1687.811197,325.9,15.757657,2.4,7.7
1671614229.698000,45.414367,6.654369,1684.965815,327.7,15.584162,2.4,7.2
1671614230.691000,45.414485,6.654264,1682.147846,328.9,15.280847,2.4,7.0
1671614231.695000,45.414603,6.654163,1677.858418,328.3,15.238949,2.4,6.4
1671614232.678000,45.414716,6.654057,1677.025608,326.5,15.049972,2.4,6.3
1671614233.691000,45.414828,6.653951,1673.297477,328.6,15.147491,2.4,6.0
1671614234.698000,45.414942,6.653858,1668.509168,335.4,14.481293,2.6,6.4
1671614235.678000,45.415060,6.653808,1669.038470,344.2,14.761006,2.4,6.7
1671614236.700000,45.415189,6.653794,1666.229149,350.7,14.397475,2.4,6.8
1671614237.688000,45.415315,6.653778,1665.251634,348.5,14.664459,2.4,6.8
1671614238.683000,45.415444,6.653739,1663.721703,343.1,14.387598,2.4,7.0
1671614239.702000,45.415568,6.653678,1659.466141,338.1,13.383090,2.4,7.2
1671614240.698000,45.415681,6.653614,1656.415202,341.4,13.460222,2.4,7.2
1671614241.686000,45.415800,6.653564,1655.471276,347.3,14.181119,2.4,7.3
1671614242.686000,45.415926,6.653525,1653.256579,344.9,13.833567,2.4,7.7
1671614243.700000,45.416041,6.653468,1648.509110,335.5,12.477215,2.4,8.0
1671614244.707000,45.416134,6.653383,1643.323154,326.3,11.376138,2.4,8.0
1671614245.698000,45.416209,6.653294,1640.854000,327.5,11.405796,2.4,8.0
1671614246.685000,45.416283,6.653199,1638.817252,326.0,11.259326,2.4,7.7
1671614247.693000,45.416366,6.653118,1637.426313,333.6,11.214231,2.5,7.6
1671614248.697000,45.416456,6.653067,1633.911840,343.8,10.348512,2.4,7.7
1671614249.700000,45.416547,6.653031,1631.338770,337.3,9.790343,2.4,7.7
1671614251.699000,45.416697,6.652925,1626.066442,332.8,8.757526,2.4,8.0
1671614253.712000,45.416840,6.652827,1623.704398,333.4,8.868117,2.4,8.0
1671614255.695000,45.416930,6.652759,1619.818114,335.1,0.532067,2.4,8.0
1671614260.681000,45.416851,6.652666,1621.729962,-1.0,0.000000,2.4,7.3
1671614264.706000,45.416878,6.652535,1620.742148,-1.0,0.000000,2.4,5.2
1671614290.890000,45.416963,6.652491,1622.096150,-1.0,0.010879,2.4,7.6
1671614344.706000,45.417010,6.652381,1624.664418,-1.0,0.000009,2.5,15.5
1671614352.089000,45.416843,6.652444,1625.954760,170.7,4.115711,2.5,16.4
1671614353.807000,45.416718,6.652487,1629.428054,169.0,4.380480,2.5,12.5
1671614356.206000,45.416589,6.652511,1634.000827,170.0,4.234039,2.6,11.1
1671614358.607000,45.416497,6.652522,1635.900024,171.0,4.268905,2.5,10.2
1671614361.606000,45.416366,6.652533,1641.583016,172.3,4.183787,2.6,10.4
1671614364.605000,45.416241,6.652550,1655.998615,172.1,4.383995,2.6,10.4
1671614367.606000,45.416117,6.652581,1657.915164,170.0,4.391809,2.6,10.4
1671614370.526000,45.415987,6.652606,1649.769799,171.2,4.495079,2.9,10.4
1671614373.405000,45.415866,6.652622,1651.595060,172.0,4.399134,2.7,9.4
1671614376.703000,45.415737,6.652650,1655.094496,171.0,4.377120,2.8,5.3
1671614379.690000,45.415617,6.652678,1660.899410,169.0,4.387033,2.8,4.0
1671614382.685000,45.415500,6.652704,1663.455011,170.0,4.302083,2.8,4.3
1671614385.692000,45.415382,6.652732,1667.586410,170.0,4.391410,2.9,4.8
1671614388.698000,45.415267,6.652761,1670.349479,169.0,4.317949,2.9,4.4
1671614391.703000,45.415152,6.652786,1681.600922,171.0,4.332429,4.5,4.3
1671614394.158000,45.415058,6.652808,1685.655439,171.0,4.312685,2.4,7.5
1671614396.716000,45.414960,6.652831,1688.945015,170.0,4.311625,2.4,7.5
1671614399.184000,45.414866,6.652852,1681.614121,171.0,4.307048,2.6,7.6
1671614401.696000,45.414765,6.652874,1683.333365,171.0,4.404407,2.5,7.1
1671614404.200000,45.414665,6.652899,1688.784837,170.0,4.374436,2.4,7.9
1671614406.697000,45.414565,6.652926,1691.569645,170.0,4.409722,2.4,7.9
1671614409.259000,45.414463,6.652953,1693.535506,170.0,4.443085,2.5,8.2
1671614411.695000,45.414367,6.652976,1695.187589,170.0,4.274745,2.5,7.9
1671614414.237000,45.414270,6.653001,1697.843474,169.0,4.357375,2.4,11.3
1671614416.698000,45.414177,6.653019,1708.153057,169.0,4.447642,4.1,8.4
1671614419.256000,45.414080,6.653040,1711.290775,170.0,4.406998,2.4,8.5
1671614421.690000,45.413989,6.653066,1714.471596,170.0,4.273702,2.4,8.4
1671614424.279000,45.413896,6.653092,1706.550191,170.0,4.353916,2.7,5.9
1671614426.686000,45.413790,6.653118,1709.512454,169.0,4.415248,2.6,5.1
1671614429.299000,45.413698,6.653139,1716.851201,170.0,4.331420,2.5,4.6
1671614431.693000,45.413596,6.653163,1719.674244,170.0,4.308512,2.4,4.6
1671614434.316000,45.413504,6.653184,1724.711476,169.0,4.282708,2.5,4.6
1671614436.687000,45.413404,6.653207,1726.896692,171.0,4.338806,2.5,4.5
1671614439.341000,45.413316,6.653230,1730.116535,171.0,4.210460,2.5,4.7
1671614441.704000,45.413211,6.653259,1739.318625,170.0,4.378562,4.1,5.0
1671614444.398000,45.413115,6.653282,1742.567179,170.0,4.469262,2.4,5.0
1671614446.703000,45.413015,6.653305,1744.235332,170.0,4.479522,2.4,4.6
1671614449.412000,45.412924,6.653329,1739.398938,170.0,4.400910,2.5,4.7
1671614451.690000,45.412828,6.653353,1741.681692,170.0,4.309645,2.5,4.6
1671614454.471000,45.412724,6.653374,1744.918281,170.0,4.378447,2.4,5.7
1671614457.695000,45.412598,6.653399,1749.267049,169.0,4.312614,2.6,5.5
1671614459.705000,45.412509,6.653418,1750.951303,171.0,4.431115,2.6,4.7
1671614462.692000,45.412401,6.653443,1754.686136,170.0,4.361735,2.6,4.6
1671614465.713000,45.412289,6.653467,1759.654798,170.0,4.376505,2.5,5.7
1671614468.722000,45.412180,6.653494,1769.326531,169.0,4.297645,2.5,5.7
1671614471.702000,45.412070,6.653520,1773.177483,170.0,4.256650,2.4,5.5
1671614474.552000,45.411965,6.653546,1768.753347,170.9,4.232132,2.6,5.8
1671614477.716000,45.411842,6.653576,1771.388597,171.0,4.499544,2.5,6.5
1671614480.688000,45.411724,6.653606,1773.345073,171.0,4.467659,2.4,8.5
1671614483.700000,45.411606,6.653636,1775.257253,170.0,4.342946,2.5,8.9
1671614486.694000,45.411488,6.653668,1777.231896,170.0,4.396614,2.5,6.0
1671614489.639000,45.411379,6.653694,1787.502472,170.0,4.322459,4.1,8.0
1671614492.710000,45.411254,6.653724,1785.300916,170.0,4.377787,2.5,8.7
1671614495.716000,45.411139,6.653748,1793.886670,170.0,4.354292,2.4,8.8
1671614498.708000,45.411024,6.653774,1796.719013,170.0,4.326136,2.9,9.5
1671614501.696000,45.410907,6.653802,1791.955794,170.0,4.395578,2.6,9.8
1671614504.711000,45.410796,6.653831,1794.794246,169.0,4.376666,2.4,9.9
1671614507.697000,45.410675,6.653859,1798.465979,169.0,4.332332,2.5,8.2
1671614510.724000,45.410561,6.653887,1802.576118,169.0,4.270992,2.5,8.4
1671614513.689000,45.410441,6.653915,1804.649144,171.0,4.611114,2.5,8.3
1671614516.697000,45.410320,6.653941,1808.227219,170.0,4.447317,2.5,9.5
1671614519.694000,45.410202,6.653966,1816.672191,171.0,4.388711,2.5,10.1
1671614522.700000,45.410087,6.653987,1818.420150,170.0,4.417447,2.4,8.2
1671614525.722000,45.409942,6.654023,1820.307727,170.0,4.470590,4.7,8.0
1671614528.694000,45.409847,6.654043,1822.555243,169.0,4.452250,4.7,8.0
1671614530.723000,45.409745,6.654068,1817.320785,171.0,4.374708,2.5,8.0
1671614533.690000,45.409651,6.654089,1827.270202,170.0,4.488495,3.9,7.7
1671614535.707000,45.409552,6.654112,1822.402693,170.0,4.366836,2.4,6.9
1671614538.699000,45.409455,6.654137,1824.717033,170.0,4.399763,2.5,6.0
1671614541.704000,45.409342,6.654168,1835.581253,170.9,4.362903,2.8,6.8
1671614544.694000,45.409222,6.654198,1838.462775,170.0,4.411548,4.1,6.8
1671614547.685000,45.409106,6.654221,1842.906985,170.0,4.246384,2.4,6.0
1671614550.700000,45.408984,6.654249,1846.504594,170.0,4.365317,2.4,6.0
1671614553.699000,45.408880,6.654275,1848.983900,170.0,4.334230,4.7,6.0
1671614556.690000,45.408767,6.654304,1852.969167,169.0,4.288532,4.7,5.7
1671614559.708000,45.408655,6.654333,1856.790250,170.0,4.300031,3.8,4.4
1671614562.711000,45.408540,6.654359,1860.928127,170.0,4.295302,3.4,3.8
1671614565.720000,45.408428,6.654384,1864.958921,170.0,4.282043,3.6,4.5
1671614568.690000,45.408305,6.654412,1865.966391,170.0,4.338802,4.0,4.7
1671614570.715000,45.408215,6.654434,1867.753347,170.0,4.366895,2.5,3.9
1671614573.697000,45.408104,6.654459,1868.564240,170.0,4.407128,2.7,3.6
1671614576.707000,45.407983,6.654489,1870.126433,170.0,4.423850,2.5,3.4
1671614579.687000,45.407869,6.654517,1871.957653,170.0,4.427940,2.4,3.0
1671614582.694000,45.407750,6.654549,1873.689840,170.0,4.429015,3.1,3.1
1671614585.719000,45.407624,6.654583,1875.170628,170.0,4.426420,3.6,3.9
1671614588.692000,45.407510,6.654608,1876.955697,170.0,4.429804,3.3,3.8
1671614590.719000,45.407420,6.654633,1878.484198,170.0,4.435742,3.1,3.8
1671614593.700000,45.407302,6.654662,1880.865780,170.0,4.447370,3.1,3.9
1671614595.709000,45.407213,6.654684,1882.336974,170.0,4.446635,3.6,3.6
1671614598.705000,45.407104,6.654709,1884.752509,170.0,4.433346,3.3,3.3
1671614601.704000,45.407003,6.654734,1887.638792,169.0,4.409001,2.8,3.5
1671614604.704000,45.406876,6.654768,1889.186572,169.0,4.403445,3.3,3.5
1671614607.704000,45.406756,6.654797,1891.521005,170.0,4.422708,2.4,3.6
1671614610.700000,45.406637,6.654827,1892.983829,170.0,4.428051,2.4,3.6
1671614613.713000,45.406518,6.654856,1894.120812,170.0,4.422849,3.4,3.5
1671614616.702000,45.406404,6.654886,1895.632230,170.0,4.420517,3.5,3.4
1671614619.712000,45.406286,6.654914,1897.861940,169.0,4.422918,3.0,3.7
1671614622.715000,45.406165,6.654943,1900.021425,170.0,4.431619,3.1,3.7
1671614625.686000,45.406046,6.654973,1902.300356,170.0,4.435283,3.5,3.8
1671614628.707000,45.405925,6.655003,1904.425552,170.0,4.434431,3.1,3.5
1671614631.704000,45.405808,6.655027,1907.181511,170.0,4.425340,3.3,3.5
1671614634.703000,45.405696,6.655044,1909.439587,170.0,4.409572,3.2,3.5
1671614637.759000,45.405577,6.655070,1913.363358,170.0,4.384961,2.4,3.0
1671614640.696000,45.405466,6.655094,1914.477856,170.0,4.402168,2.4,3.2
1671614643.697000,45.405341,6.655122,1913.640910,169.0,4.444476,3.4,3.8
1671614646.709000,45.405220,6.655151,1913.509192,170.0,4.450726,3.6,3.3
1671614649.699000,45.405096,6.655180,1913.734634,170.0,4.464290,3.1,3.5
1671614652.716000,45.404968,6.655205,1914.200738,170.0,4.458111,3.3,3.8
1671614655.688000,45.404856,6.655227,1914.745402,170.0,4.459775,3.7,3.5
1671614658.710000,45.404732,6.655257,1915.333172,170.0,4.469365,3.2,3.1
1671614661.719000,45.404612,6.655286,1916.311190,170.0,4.483219,3.3,2.8
1671614664.709000,45.404489,6.655322,1917.251309,170.0,4.485253,3.4,2.8
1671614667.719000,45.404357,6.655356,1918.856219,170.0,4.488722,2.4,2.8
1671614670.716000,45.404251,6.655384,1920.219853,170.0,4.505826,2.4,3.0
1671614672.714000,45.404161,6.655405,1920.777053,170.0,4.489284,3.5,3.8
1671614675.718000,45.404056,6.655427,1922.409526,169.0,4.473273,3.4,3.8
1671614678.698000,45.403936,6.655452,1923.451260,170.0,4.455825,2.9,3.8
1671614681.722000,45.403828,6.655475,1925.047428,170.0,4.459968,3.4,3.6
1671614684.686000,45.403715,6.655491,1926.701383,170.0,4.431272,3.7,3.7
1671614687.710000,45.403590,6.655511,1928.518063,170.0,4.441863,3.4,3.8
1671614690.692000,45.403487,6.655536,1929.972195,170.9,4.455195,3.3,3.8
1671614692.702000,45.403396,6.655558,1930.116860,170.0,4.462914,3.2,3.8
1671614695.704000,45.403284,6.655584,1929.929049,170.0,4.477641,3.5,3.6
1671614697.711000,45.403195,6.655606,1930.631780,170.0,4.491810,2.4,3.6
1671614700.712000,45.403081,6.655630,1930.738375,170.0,4.512290,2.4,3.9
1671614702.712000,45.402990,6.655650,1930.345447,170.0,4.517268,3.4,3.9
1671614705.684000,45.402882,6.655670,1930.872711,167.0,4.519684,3.4,3.6
1671614708.709000,45.402762,6.655694,1931.120952,168.0,4.509948,2.9,3.6
1671614711.699000,45.402640,6.655724,1931.657576,170.0,4.500811,3.4,3.8
1671614713.698000,45.402550,6.655749,1932.439463,170.0,4.493943,3.4,3.6
1671614716.703000,45.402432,6.655776,1933.109709,170.0,4.496220,3.6,3.7
1671614719.684000,45.402309,6.655805,1933.932357,170.0,4.499870,3.5,3.5
1671614722.710000,45.402183,6.655836,1935.128386,170.0,4.496413,3.2,3.0
1671614725.694000,45.402071,6.655865,1936.520157,170.0,4.488967,3.4,3.1
1671614728.701000,45.401958,6.655901,1938.434544,170.0,4.463962,2.4,3.4
1671614731.719000,45.401845,6.655931,1939.882643,170.0,4.419549,2.4,3.9
1671614733.736000,45.401737,6.655955,1939.533060,169.0,4.421976,3.3,3.8
1671614736.721000,45.401642,6.655984,1941.192393,170.0,4.433844,3.5,3.2
1671614739.705000,45.401529,6.656012,1942.267449,170.0,4.442909,3.1,3.1
1671614742.700000,45.401414,6.656039,1943.782417,170.0,4.441515,3.2,3.3
1671614745.699000,45.401295,6.656068,1945.648540,170.0,4.445335,3.6,3.6
1671614748.717000,45.401175,6.656095,1947.367567,170.0,4.452162,3.2,3.9
1671614751.712000,45.401056,6.656118,1948.985197,170.0,4.457282,3.2,3.6
1671614754.688000,45.400933,6.656143,1951.989823,170.0,4.449341,3.3,3.0
1671614757.704000,45.400814,6.656175,1953.939551,170.0,4.433910,2.4,2.8
1671614760.700000,45.400695,6.656207,1957.360685,170.0,4.412753,2.4,3.4
1671614763.700000,45.400579,6.656242,1958.565055,169.0,4.417988,3.3,3.6
1671614766.706000,45.400457,6.656268,1961.455907,170.0,4.428406,3.5,3.6
1671614769.715000,45.400337,6.656296,1964.426745,170.0,4.425163,3.1,3.9
1671614772.713000,45.400221,6.656325,1967.235478,170.0,4.412226,3.2,3.5
1671614775.706000,45.400101,6.656351,1969.907444,170.0,4.397978,3.6,3.4
1671614778.711000,45.399990,6.656376,1973.179714,170.0,4.388919,3.2,3.5
1671614781.714000,45.399866,6.656408,1976.422627,170.0,4.383552,3.3,3.4
1671614784.708000,45.399748,6.656445,1979.549350,169.0,4.377128,3.3,3.6
1671614787.709000,45.399632,6.656478,1983.724865,170.0,4.361146,2.4,3.9
1671614790.714000,45.399517,6.656504,1987.610323,170.0,4.340963,2.4,3.6
1671614793.713000,45.399403,6.656526,1990.608082,170.0,4.334108,3.3,3.3
1671614796.713000,45.399298,6.656553,1994.878083,170.0,4.313766,3.5,3.1
1671614799.730000,45.399178,6.656581,1999.306332,170.0,4.310507,3.1,3.3
1671614802.708000,45.399064,6.656607,2003.181353,170.0,4.298003,3.2,3.6
1671614805.707000,45.398948,6.656650,2007.414169,170.0,4.276824,3.6,3.5
1671614808.718000,45.398832,6.656695,2012.474307,170.0,4.264287,3.2,3.4
1671614811.715000,45.398718,6.656732,2016.665625,170.0,4.252477,3.3,3.3
1671614814.716000,45.398605,6.656764,2021.382382,170.0,4.241987,3.3,3.0
1671614817.704000,45.398491,6.656793,2026.622479,170.0,4.238250,2.4,3.0
1671614820.721000,45.398376,6.656820,2031.791325,170.0,4.225581,2.4,3.5
1671614823.700000,45.398263,6.656852,2035.951941,170.0,4.200946,3.3,3.6
1671614826.712000,45.398144,6.656882,2039.275592,170.0,4.230357,3.5,3.3
1671614829.711000,45.398030,6.656908,2042.760015,170.0,4.253085,3.3,4.6
1671614832.728000,45.397903,6.656937,2046.866021,170.0,4.270264,3.4,3.8
1671614835.723000,45.397804,6.656956,2050.770634,170.0,4.285680,3.5,3.0
1671614837.744000,45.397715,6.656975,2052.969542,170.0,4.287714,3.2,2.6
1671614840.718000,45.397614,6.656998,2057.178416,170.0,4.291770,3.2,3.1
1671614842.713000,45.397524,6.657019,2060.600636,170.0,4.289173,3.3,2.3
1671614845.714000,45.397423,6.657041,2065.361643,170.0,4.282148,2.4,2.5
1671614848.733000,45.397304,6.657067,2069.782756,170.0,4.269369,2.4,2.9
1671614851.696000,45.397201,6.657088,2074.711991,170.0,4.264172,3.3,3.3
1671614854.715000,45.397087,6.657114,2078.595221,170.0,4.255970,3.5,3.3
1671614857.710000,45.396963,6.657145,2083.382852,170.0,4.247162,3.1,3.0
1671614860.694000,45.396864,6.657168,2088.555920,171.0,4.193499,3.4,3.3
1671614862.725000,45.396773,6.657182,2091.623511,170.0,4.202754,3.4,3.6
1671614865.705000,45.396671,6.657199,2094.327328,171.0,4.246521,3.5,3.8
1671614868.695000,45.396556,6.657223,2097.257224,170.0,4.288675,3.2,4.9
1671614871.724000,45.396437,6.657248,2100.340923,170.0,4.313523,3.3,4.9
1671614874.724000,45.396318,6.657278,2103.789538,170.0,4.319865,2.4,3.6
1671614877.728000,45.396193,6.657312,2107.531031,170.0,4.326571,2.4,2.3
1671614880.734000,45.396087,6.657342,2110.360998,169.0,4.321209,3.5,3.0
1671614882.732000,45.395997,6.657369,2112.453072,169.8,4.250092,3.3,3.9
1671614886.718000,45.395888,6.657415,2113.810403,169.0,3.953839,2.9,3.5
1671614906.727000,45.395844,6.657474,2113.768804,193.7,0.000000,2.4,4.1
1671614906.727000,45.395844,6.657474,2113.768804,193.7,0.000000,2.4,4.1
1671614937.498000,45.395799,6.657451,2112.956701,178.9,0.270951,3.5,7.2
1671614945.716000,45.395708,6.657462,2113.042287,-1.0,0.043432,3.3,7.5
1671614952.718000,45.395622,6.657407,2112.832213,261.7,0.767612,3.3,7.0
1671614960.706000,45.395543,6.657340,2113.898483,226.3,0.366759,2.5,5.7
1671614970.715000,45.395445,6.657322,2112.959294,191.9,2.222394,3.2,5.6
1671614972.685000,45.395356,6.657280,2111.278868,206.3,4.062663,3.4,4.2
1671614974.689000,45.395257,6.657187,2108.206794,224.7,6.832426,2.6,4.0
1671614976.693000,45.395160,6.657024,2107.426558,232.9,7.869162,3.2,3.3
1671614978.708000,45.395063,6.656841,2104.899902,232.2,8.965592,3.4,4.4
1671614980.705000,45.394954,6.656634,2103.329248,233.0,10.190928,3.3,4.3
1671614981.724000,45.394894,6.656516,2102.142857,234.7,10.864741,3.4,4.4
1671614982.709000,45.394841,6.656397,2100.770167,236.8,10.483928,3.4,4.3
1671614983.693000,45.394796,6.656278,2098.399902,237.8,10.221793,3.5,4.0
1671614985.714000,45.394736,6.656074,2098.399902,245.7,7.361290,3.6,4.0
1671614987.704000,45.394698,6.655919,2098.399902,249.2,5.933636,2.6,4.0
1671614989.702000,45.394668,6.655795,2098.399902,252.9,4.737291,2.6,4.0
1671614992.699000,45.394635,6.655641,2098.399902,252.1,4.006660,2.6,4.0
1671614996.704000,45.394581,6.655522,2098.399902,201.7,2.814468,3.7,4.4
1671615000.701000,45.394464,6.655530,2098.399902,183.9,3.260900,3.5,4.9
1671615003.705000,45.394362,6.655525,2096.217926,187.0,4.043666,3.7,4.9
1671615006.708000,45.394235,6.655518,2095.534622,187.0,4.565698,3.5,4.0
1671615009.703000,45.394116,6.655515,2095.252517,187.0,4.798415,3.8,4.2
1671615011.712000,45.394010,6.655490,2094.326034,191.0,5.245420,3.7,4.2
1671615013.703000,45.393911,6.655458,2093.624770,197.0,5.711513,3.8,4.6
1671615015.694000,45.393809,6.655396,2092.501833,208.5,6.486810,3.9,5.0
1671615017.683000,45.393712,6.655257,2091.507895,230.4,7.629301,2.9,5.0
1671615019.690000,45.393665,6.655060,2089.045690,262.0,8.404401,3.0,4.7
1671615021.700000,45.393671,6.654844,2087.067651,280.6,8.302911,3.0,4.0
1671615023.717000,45.393724,6.654634,2084.740413,294.0,8.253382,3.7,4.0
1671615025.715000,45.393803,6.654443,2083.944989,300.0,8.249679,3.7,4.0
1671615027.709000,45.393888,6.654259,2081.709586,301.0,8.347756,4.0,4.3
1671615029.687000,45.393975,6.654082,2080.045693,306.0,8.501560,4.2,5.0
1671615031.709000,45.394080,6.653914,2078.428620,314.0,8.582036,4.0,5.6
1671615033.691000,45.394199,6.653758,2076.682736,315.0,8.800288,4.0,5.0
1671615035.715000,45.394312,6.653578,2074.410527,309.0,9.678083,3.8,4.0
1671615037.716000,45.394417,6.653372,2072.822925,307.0,9.980516,4.1,4.0
1671615039.718000,45.394504,6.653144,2069.674418,294.0,10.251259,4.1,4.4
1671615040.694000,45.394536,6.653022,2068.472101,290.0,10.516277,4.0,4.7
1671615041.722000,45.394564,6.652892,2067.796196,285.0,10.373732,4.1,4.8
1671615042.708000,45.394578,6.652764,2066.000922,276.1,10.073284,4.0,4.7
1671615044.688000,45.394571,6.652516,2065.297109,267.0,9.465680,3.4,4.7
1671615046.705000,45.394561,6.652270,2062.898784,277.7,10.105964,4.3,4.7
1671615047.691000,45.394576,6.652138,2060.949893,279.0,10.265783,4.3,5.0
1671615048.712000,45.394592,6.652001,2059.740573,279.0,10.420190,3.3,5.3
1671615050.713000,45.394642,6.651755,2058.377437,300.9,10.112982,3.3,6.0
1671615051.709000,45.394695,6.651637,2056.610068,303.0,9.537319,3.3,6.0
1671615052.715000,45.394747,6.651532,2055.783190,306.9,8.829430,3.3,6.0
1671615054.703000,45.394854,6.651368,2054.340931,312.0,8.093699,4.2,5.3
1671615056.710000,45.394959,6.651215,2052.800870,311.0,7.810581,4.3,4.4
1671615058.728000,45.395053,6.651072,2052.365687,306.0,7.106931,4.7,4.0
1671615060.713000,45.395118,6.650941,2051.340905,301.1,5.327046,3.2,4.0
1671615062.715000,45.395157,6.650818,2051.165829,290.3,6.273304,3.3,4.7
1671615064.720000,45.395182,6.650643,2049.667533,283.9,7.242475,3.3,5.6
1671615066.723000,45.395213,6.650464,2048.357386,289.7,6.789329,3.2,5.2
1671615068.722000,45.395249,6.650315,2047.842649,290.0,5.899976,3.3,4.4
1671615070.707000,45.395293,6.650166,2047.204418,290.1,6.876238,3.2,4.7
1671615072.710000,45.395341,6.650003,2045.930674,295.9,5.933157,3.3,4.7
1671615074.715000,45.395389,6.649879,2046.220383,304.9,5.164964,2.6,5.2
1671615076.721000,45.395447,6.649765,2044.919536,311.8,5.411604,3.5,4.8
1671615078.706000,45.395515,6.649666,2044.992251,318.0,5.267707,2.5,4.7
1671615081.706000,45.395621,6.649609,2044.644966,345.9,4.514189,2.5,4.0
1671615083.696000,45.395712,6.649585,2044.583228,350.7,4.529430,2.5,4.2
1671615086.765000,45.395822,6.649566,2043.342607,347.6,3.521398,3.2,4.6
1671615089.745000,45.395937,6.649536,2043.175413,349.1,4.277742,3.8,5.5
1671615091.484000,45.396027,6.649507,2042.434656,345.5,4.508574,3.1,8.2
1671615094.365000,45.396149,6.649458,2042.082305,342.8,4.298904,3.2,10.6
1671615097.340000,45.396248,6.649414,2042.578687,346.2,3.058386,3.3,9.8
1671615101.444000,45.396372,6.649370,2043.134258,347.6,3.372503,3.3,8.2
1671615104.365000,45.396478,6.649342,2042.375501,357.9,4.222528,3.2,9.7
1671615107.286000,45.396589,6.649346,2041.745398,1.3,4.373748,3.4,8.1
1671615109.724000,45.396704,6.649339,2041.661478,360.0,5.769094,2.5,5.8
1671615111.714000,45.396823,6.649342,2040.301254,2.0,7.028837,2.5,5.7
1671615113.704000,45.396961,6.649348,2038.912972,1.0,8.366400,2.5,5.3
1671615115.700000,45.397123,6.649363,2036.667714,3.0,8.894388,3.3,6.0
1671615117.708000,45.397273,6.649371,2034.560406,1.0,7.729708,3.3,6.0
1671615119.695000,45.397399,6.649377,2033.882068,0.0,6.640564,3.6,6.0
1671615121.722000,45.397505,6.649376,2033.673952,2.0,5.194968,3.1,6.0
1671615124.712000,45.397602,6.649356,2032.921182,354.3,3.759799,3.3,7.3
1671615127.706000,45.397707,6.649332,2033.059913,357.2,4.216402,3.1,8.0
1671615129.710000,45.397824,6.649290,2032.571796,349.3,4.925400,3.3,8.0
1671615131.679000,45.397922,6.649233,2031.518587,328.6,6.259544,3.2,7.5
1671615133.692000,45.398023,6.649132,2028.868163,322.9,6.509261,3.2,7.0
1671615135.710000,45.398060,6.648976,2024.239620,307.8,6.619442,3.2,7.2
1671615137.688000,45.397935,6.648840,2022.528505,212.2,6.220881,2.7,7.7
1671615139.682000,45.397807,6.648753,2022.386793,200.0,6.953660,2.5,8.0
1671615141.681000,45.397654,6.648669,2021.247716,202.2,7.965859,2.5,8.0
1671615143.704000,45.397499,6.648579,2019.482963,206.6,8.190011,2.5,8.0
1671615145.689000,45.397338,6.648485,2017.090000,201.2,8.933746,3.2,7.7
1671615147.674000,45.397169,6.648419,2015.064476,198.0,9.162138,3.2,7.0
1671615148.686000,45.397081,6.648390,2014.151867,196.5,9.472232,3.2,6.7
1671615149.691000,45.396992,6.648361,2012.708812,194.1,9.468306,3.2,6.0
1671615150.684000,45.396900,6.648342,2011.678576,183.4,9.805324,3.0,6.0
1671615151.692000,45.396802,6.648340,2010.968760,182.1,10.252151,2.9,6.0
1671615152.693000,45.396702,6.648341,2009.134276,182.0,10.662842,3.0,6.0
1671615153.676000,45.396600,6.648338,2007.620359,182.7,11.108920,3.1,6.3
1671615154.701000,45.396491,6.648330,2006.326955,184.4,11.160188,3.2,6.8
1671615155.691000,45.396383,6.648320,2003.630653,184.8,11.316758,3.2,7.2
1671615156.682000,45.396275,6.648310,2002.862634,185.0,11.240822,3.1,7.3
1671615157.685000,45.396168,6.648298,2001.534124,185.0,11.237168,3.1,7.7
1671615158.700000,45.396062,6.648287,1999.496970,185.0,11.047086,3.2,8.0
1671615159.690000,45.395960,6.648278,1996.910287,185.0,10.996167,3.2,8.0
1671615160.696000,45.395859,6.648268,1996.818713,185.0,10.775083,3.0,8.0
1671615161.695000,45.395764,6.648258,1995.723390,186.7,10.039774,3.1,8.0
1671615163.693000,45.395586,6.648240,1994.554373,187.1,9.345533,2.6,8.0
1671615165.684000,45.395422,6.648204,1993.641479,194.2,8.969148,2.6,8.0
1671615167.703000,45.395270,6.648132,1991.642149,202.6,9.052954,2.6,8.0
1671615169.695000,45.395126,6.648001,1989.599724,213.8,9.700774,2.6,7.6
1671615170.698000,45.395059,6.647911,1988.199300,219.0,9.964252,2.6,7.2
1671615171.693000,45.395002,6.647799,1986.242162,228.7,10.680615,2.5,7.0
1671615172.682000,45.394956,6.647668,1984.814197,243.8,11.341654,2.5,6.7
1671615173.678000,45.394918,6.647522,1982.806768,249.3,11.623672,2.5,6.3
1671615174.683000,45.394886,6.647371,1980.266717,250.9,11.996107,2.8,6.0
1671615175.686000,45.394858,6.647220,1978.271720,253.4,11.637549,2.9,6.0
1671615176.683000,45.394835,6.647079,1973.739671,254.0,11.329372,2.7,6.0
1671615177.698000,45.394810,6.646942,1971.237368,252.8,10.993917,2.8,6.0
1671615178.687000,45.394772,6.646821,1969.857720,238.7,10.250465,2.8,6.0
1671615179.683000,45.394712,6.646721,1968.511440,224.3,10.526190,2.8,6.0
1671615180.691000,45.394630,6.646631,1966.184005,218.5,11.361976,3.2,6.0
1671615181.698000,45.394540,6.646540,1964.410181,221.8,11.878750,3.0,6.0
1671615182.675000,45.394455,6.646442,1962.956084,222.0,11.817397,3.0,6.0
1671615183.693000,45.394370,6.646346,1959.945071,208.6,10.674912,3.0,6.0
1671615184.686000,45.394281,6.646289,1957.008966,208.1,10.669303,3.0,6.0
1671615185.683000,45.394191,6.646234,1955.363350,212.5,10.953511,3.2,6.0
1671615186.696000,45.394101,6.646168,1953.449271,209.7,11.165477,3.1,6.0
1671615187.686000,45.394007,6.646114,1950.932612,206.6,11.145808,3.1,6.0
1671615188.696000,45.393912,6.646059,1950.021812,206.9,11.135557,3.2,6.0
1671615189.681000,45.393821,6.646004,1947.208619,205.8,11.057179,3.2,6.0
1671615190.698000,45.393728,6.645947,1944.772241,210.6,10.957129,3.0,6.0
1671615191.671000,45.393644,6.645881,1943.722661,211.6,10.804483,3.0,6.0
1671615192.700000,45.393556,6.645815,1940.573711,201.3,10.708162,2.8,6.0
1671615193.692000,45.393462,6.645771,1939.039818,207.8,11.065764,2.6,6.0
1671615194.670000,45.393369,6.645707,1937.467378,211.8,11.862549,2.6,6.0
1671615195.695000,45.393279,6.645632,1934.211656,225.7,10.377491,2.6,6.0
1671615197.679000,45.393204,6.645417,1928.604698,265.0,9.325219,2.7,6.0
1671615199.694000,45.393270,6.645240,1923.174725,316.8,8.169231,2.6,6.0
1671615201.691000,45.393443,6.645227,1919.498722,355.8,8.851336,2.5,5.7
1671615203.693000,45.393611,6.645189,1917.149452,327.4,7.243343,2.5,5.3
1671615205.680000,45.393694,6.645085,1912.575820,323.9,5.583799,2.9,6.0
1671615208.673000,45.393630,6.644902,1907.491581,216.0,9.506029,2.8,7.7
1671615209.685000,45.393543,6.644816,1906.031187,218.0,9.932720,2.8,8.0
1671615210.692000,45.393453,6.644720,1904.802481,221.0,10.525889,3.2,8.0
1671615211.702000,45.393362,6.644606,1903.060109,223.9,10.847613,2.9,8.0
1671615212.691000,45.393276,6.644485,1902.002697,228.0,11.244731,2.9,8.0
1671615213.699000,45.393194,6.644356,1900.416826,230.0,11.729495,2.9,8.0
1671615214.689000,45.393112,6.644221,1899.061358,232.0,12.168550,3.0,8.0
1671615215.701000,45.393027,6.644074,1897.331934,233.0,12.303718,3.0,7.6
1671615216.695000,45.392948,6.643929,1895.229075,235.0,12.375812,3.1,7.3
1671615217.679000,45.392878,6.643789,1893.417008,236.0,12.240222,3.1,7.0
1671615218.695000,45.392809,6.643650,1891.774605,236.0,12.045080,3.0,6.7
1671615219.711000,45.392746,6.643515,1890.476745,238.0,11.675366,2.9,5.6
1671615220.704000,45.392688,6.643387,1889.003195,238.0,11.148913,3.0,5.2
1671615221.698000,45.392635,6.643267,1888.154571,238.0,10.449263,2.9,4.8
1671615222.695000,45.392586,6.643158,1887.076318,238.0,9.545828,2.8,4.4
1671615224.704000,45.392498,6.642963,1886.535556,237.0,8.318633,2.6,4.7
1671615226.689000,45.392424,6.642813,1885.879135,234.0,6.647714,2.6,5.3
1671615228.698000,45.392359,6.642695,1885.343937,231.0,5.315250,2.7,6.0
1671615231.687000,45.392289,6.642574,1885.554848,230.0,4.096986,2.5,6.0
1671615235.690000,45.392218,6.642454,1884.848995,237.1,2.050481,2.9,6.0
1671615253.093000,45.392163,6.642349,1885.054017,-1.0,0.002901,2.8,3.9
1671615262.696000,45.392129,6.642225,1885.012105,-1.0,0.000002,2.5,5.5
1671615298.691000,45.392087,6.642084,1883.172975,215.9,1.711711,2.8,11.2
1671615301.673000,45.392004,6.641978,1884.283458,218.9,2.998758,2.6,10.8
1671615303.670000,45.391925,6.641864,1885.447927,229.0,3.657543,2.9,9.5
1671615305.693000,45.391849,6.641748,1888.387057,223.0,3.625184,2.9,8.0
1671615307.691000,45.391782,6.641649,1891.087211,228.0,3.690501,2.8,7.2
1671615310.690000,45.391705,6.641540,1896.530236,228.0,3.626433,2.9,6.3
1671615313.703000,45.391629,6.641426,1902.148980,224.0,3.649049,2.7,6.0
1671615316.692000,45.391552,6.641315,1907.755304,224.0,3.534412,2.6,4.8
1671615319.700000,45.391479,6.641208,1913.850933,226.1,3.512132,2.6,4.8
1671615322.710000,45.391412,6.641106,1919.635714,227.0,3.938003,2.4,5.7
1671615325.698000,45.391334,6.640997,1924.087564,227.0,3.773155,2.5,4.7
1671615328.702000,45.391262,6.640895,1927.882849,225.0,3.757078,2.7,4.0
1671615331.690000,45.391194,6.640795,1932.626198,223.0,3.747651,2.7,4.0
1671615334.690000,45.391124,6.640693,1937.112109,226.0,3.659146,2.8,4.0
1671615337.701000,45.391052,6.640592,1941.942150,225.0,3.590436,2.7,4.0
1671615340.707000,45.390983,6.640491,1947.564495,226.0,3.618809,2.7,4.8
1671615343.701000,45.390916,6.640391,1952.550549,225.0,3.531859,2.6,4.4
1671615346.688000,45.390849,6.640292,1958.296059,225.0,3.468843,2.5,4.0
1671615349.700000,45.390782,6.640196,1964.121501,225.0,3.492309,2.5,4.0
1671615352.698000,45.390718,6.640102,1970.552897,227.0,3.526212,2.5,4.0
1671615355.694000,45.390653,6.640005,1976.925317,225.0,3.474912,2.4,4.0
1671615358.701000,45.390585,6.639903,1981.773141,226.0,3.460629,2.6,4.0
1671615361.689000,45.390521,6.639810,1988.212806,225.0,4.128625,2.7,4.0
1671615364.688000,45.390446,6.639699,1991.202732,225.0,3.903136,2.6,4.0
1671615367.686000,45.390377,6.639596,1994.677552,227.0,3.873803,2.6,4.0
1671615370.697000,45.390303,6.639490,1998.967580,227.0,3.828552,2.6,4.0
1671615373.726000,45.390226,6.639376,2002.291942,225.0,3.761151,2.6,4.0
1671615376.695000,45.390161,6.639280,2006.297818,226.0,3.779640,2.5,4.0
1671615379.703000,45.390086,6.639170,2010.672831,226.0,3.790343,2.5,4.0
1671615382.686000,45.390018,6.639071,2015.057310,226.0,3.792110,2.5,4.0
1671615385.715000,45.389947,6.638966,2020.109650,226.0,3.709916,2.4,4.0
1671615388.719000,45.389870,6.638849,2024.313856,225.0,3.837851,2.7,4.9
1671615392.699000,45.389786,6.638729,2027.804706,226.0,3.836285,2.6,5.3
1671615395.696000,45.389714,6.638625,2030.043829,225.0,3.829541,2.6,4.3
1671615398.704000,45.389636,6.638510,2033.667696,225.0,3.848684,2.6,4.0
1671615401.695000,45.389571,6.638415,2036.882365,226.0,3.823273,2.6,4.0
1671615404.692000,45.389498,6.638308,2040.178699,225.0,3.789248,2.5,4.0
1671615407.686000,45.389433,6.638211,2043.869040,226.0,3.806988,2.5,4.0
1671615410.681000,45.389362,6.638107,2047.428790,227.0,3.731613,2.5,4.0
1671615413.695000,45.389287,6.637999,2052.491935,225.0,3.761614,2.5,4.0
1671615416.698000,45.389222,6.637902,2055.714182,226.0,3.608216,2.6,4.0
1671615419.701000,45.389147,6.637786,2059.909823,227.0,3.736130,2.6,4.0
1671615422.698000,45.389082,6.637687,2064.542581,226.0,3.738555,2.6,4.0
1671615425.697000,45.389015,6.637583,2068.589506,225.0,3.996470,2.6,4.0
1671615428.723000,45.388938,6.637464,2071.474303,225.0,3.827499,2.6,4.0
1671615431.694000,45.388875,6.637372,2075.696064,226.0,3.849807,2.6,4.0
1671615434.696000,45.388802,6.637265,2079.414957,226.0,3.805731,2.5,4.0
1671615437.694000,45.388736,6.637166,2083.238490,226.0,3.728216,2.5,4.0
1671615440.692000,45.388665,6.637063,2087.083164,225.0,3.795027,2.5,4.6
1671615443.701000,45.388594,6.636957,2091.482028,224.0,3.731164,2.5,4.9
1671615446.699000,45.388528,6.636857,2095.816039,226.0,3.636675,2.5,4.0
1671615449.692000,45.388458,6.636755,2099.174370,228.0,3.695112,2.6,4.0
1671615452.696000,45.388392,6.636656,2104.879887,226.0,3.681127,2.6,4.0
1671615455.695000,45.388323,6.636551,2108.550684,225.0,3.678699,2.6,4.0
1671615458.716000,45.388255,6.636452,2113.682015,227.0,3.766120,2.6,4.0
1671615461.688000,45.388188,6.636352,2118.829732,226.0,3.990396,2.6,4.0
1671615464.699000,45.388113,6.636242,2121.762823,226.0,3.869558,2.6,4.0
1671615467.736000,45.388042,6.636138,2124.861702,226.0,3.947072,2.5,4.8
1671615470.674000,45.387970,6.636033,2127.856563,226.0,3.860087,2.5,4.9
1671615473.688000,45.387896,6.635926,2131.476631,224.0,3.807283,2.5,4.0
1671615476.705000,45.387824,6.635817,2134.671388,225.0,3.866486,2.4,4.0
1671615479.681000,45.387752,6.635711,2137.588084,226.0,3.769606,2.5,4.0
1671615482.693000,45.387681,6.635609,2141.483936,226.0,3.751108,2.7,4.0
1671615485.702000,45.387608,6.635502,2145.147348,226.0,3.846897,2.6,4.0
1671615488.694000,45.387539,6.635400,2148.819184,225.0,3.765608,2.6,4.0
1671615491.698000,45.387466,6.635293,2153.750174,225.0,3.659142,2.6,4.0
1671615494.714000,45.387392,6.635182,2158.139730,227.0,3.671840,2.5,4.0
1671615497.668000,45.387329,6.635089,2162.810886,225.0,3.678444,2.5,4.0
1671615500.688000,45.387252,6.634976,2167.228528,226.9,3.762693,2.5,4.0
1671615503.676000,45.387188,6.634881,2172.032180,227.0,3.731034,2.5,4.0
1671615506.696000,45.387116,6.634775,2176.924907,225.0,3.614714,2.4,4.0
1671615509.705000,45.387032,6.634654,2180.131514,225.0,3.744718,2.5,4.0
1671615513.676000,45.386948,6.634534,2183.830387,226.0,3.886915,2.6,4.0
1671615516.689000,45.386874,6.634426,2186.791415,225.0,3.844452,2.6,4.0
1671615519.704000,45.386795,6.634308,2189.820059,225.0,3.766209,2.6,4.0
1671615523.690000,45.386711,6.634181,2194.791692,225.0,3.791499,2.5,4.0
1671615526.698000,45.386638,6.634073,2198.588830,225.0,3.870436,2.5,4.0
1671615529.696000,45.386561,6.633958,2202.558668,226.0,3.758664,2.5,4.0
1671615533.693000,45.386477,6.633832,2207.743834,225.0,3.763194,2.5,3.4
1671615536.683000,45.386404,6.633724,2211.555245,226.0,3.770720,2.5,3.2
1671615539.688000,45.386328,6.633610,2215.447205,226.0,3.767436,2.5,3.5
1671615543.718000,45.386243,6.633483,2220.938164,226.0,3.774808,2.6,3.4
1671615546.704000,45.386168,6.633373,2223.749360,226.0,3.807542,2.6,3.5
1671615549.711000,45.386089,6.633256,2226.511549,226.0,3.824685,2.5,3.2
1671615552.680000,45.386026,6.633163,2229.624363,226.0,3.834675,2.5,3.1
1671615555.714000,45.385953,6.633056,2232.764803,226.0,3.841213,2.5,2.5
1671615558.703000,45.385883,6.632952,2236.871196,225.0,3.840187,2.5,2.0
1671615561.702000,45.385811,6.632846,2239.527789,225.0,3.835976,2.6,2.7
1671615564.712000,45.385736,6.632735,2243.822960,226.0,3.832250,2.5,3.1
1671615567.709000,45.385668,6.632636,2247.108214,226.0,3.824683,2.5,3.5
1671615570.690000,45.385597,6.632530,2250.573631,226.0,3.814052,2.5,3.9
1671615573.702000,45.385527,6.632427,2254.043287,225.0,3.803090,2.5,3.3
1671615576.693000,45.385457,6.632323,2259.034392,226.0,3.786982,2.5,3.4
1671615579.699000,45.385380,6.632211,2262.901089,226.0,3.769649,2.5,3.1
1671615582.698000,45.385316,6.632116,2267.942106,226.0,3.762769,2.5,3.9
1671615585.699000,45.385244,6.632010,2272.523703,226.0,3.751311,2.5,3.1
1671615589.713000,45.385151,6.631870,2278.646943,226.0,3.735152,2.5,3.4
1671615592.700000,45.385081,6.631768,2282.204804,226.0,3.780632,2.5,3.6
1671615595.687000,45.385005,6.631656,2284.416935,226.0,3.818299,2.5,3.0
1671615598.687000,45.384936,6.631550,2286.579906,225.0,3.843385,2.5,2.9
1671615601.681000,45.384864,6.631442,2288.962836,226.0,3.855119,2.5,3.5
1671615604.686000,45.384791,6.631335,2291.688143,226.0,3.861203,2.5,3.5
1671615607.701000,45.384719,6.631228,2294.772056,225.0,3.863353,2.5,3.4
1671615610.701000,45.384647,6.631121,2296.948798,226.0,3.860038,2.5,3.4
1671615613.693000,45.384576,6.631015,2299.838866,226.0,3.856305,2.5,3.1
1671615616.681000,45.384504,6.630910,2304.529294,226.0,3.851640,2.5,3.5
1671615619.688000,45.384433,6.630803,2307.702823,225.0,3.847720,2.5,3.3
1671615622.679000,45.384359,6.630694,2311.480238,226.0,3.837578,2.5,2.5
1671615625.707000,45.384275,6.630574,2314.584663,220.8,3.842583,2.5,3.4
1671615632.702000,45.384207,6.630484,2314.673446,218.1,1.449663,2.5,3.9
1671615636.703000,45.384194,6.630354,2313.458408,296.8,2.540298,2.5,4.0
1671615640.467000,45.384267,6.630274,2312.305420,334.5,2.471103,2.5,4.8
1671615645.786000,45.384375,6.630293,2311.781941,21.2,2.322752,2.5,7.3
1671615648.786000,45.384453,6.630362,2311.028423,24.9,2.720503,2.5,7.1
1671615651.187000,45.384542,6.630464,2308.881305,36.9,3.163924,2.5,7.0
1671615653.586000,45.384624,6.630557,2308.232426,37.9,3.692862,2.4,7.2
1671615655.700000,45.384746,6.630694,2306.279835,38.0,6.781574,2.4,6.7
1671615657.694000,45.384870,6.630806,2303.595793,24.7,7.560082,2.5,6.3
1671615659.688000,45.385009,6.630911,2300.331524,29.9,8.993278,2.5,5.2
1671615661.695000,45.385150,6.631063,2296.047582,32.2,9.808310,2.5,4.8
1671615662.694000,45.385226,6.631133,2294.724563,29.1,9.926426,2.5,5.0
1671615663.687000,45.385305,6.631199,2292.305192,34.7,10.220438,2.5,5.0
1671615664.690000,45.385380,6.631280,2290.521562,41.4,10.450073,2.5,5.6
1671615665.683000,45.385450,6.631369,2285.604182,38.1,10.407261,2.5,6.4
1671615666.688000,45.385522,6.631454,2282.887178,36.4,10.404563,2.6,6.7
1671615667.697000,45.385597,6.631531,2279.314902,36.2,10.403510,2.5,7.2
1671615668.690000,45.385675,6.631606,2277.507960,34.3,10.686413,2.5,7.6
1671615669.677000,45.385756,6.631686,2273.436861,35.8,11.370335,2.5,7.7
1671615670.691000,45.385841,6.631772,2269.573391,35.6,11.283855,2.5,8.0
1671615671.673000,45.385924,6.631845,2266.005739,31.3,11.042736,2.5,8.0
1671615672.686000,45.386022,6.631920,2263.027839,27.8,12.522290,2.5,8.7
1671615673.690000,45.386120,6.632000,2260.543217,30.3,12.515090,2.5,9.6
1671615674.691000,45.386222,6.632084,2257.827013,29.1,13.115285,2.5,10.4
1671615675.672000,45.386328,6.632158,2254.591579,25.8,13.075513,2.5,10.7
1671615676.692000,45.386440,6.632226,2253.497621,22.4,12.678255,2.5,11.2
1671615677.683000,45.386554,6.632286,2250.780438,17.5,13.786825,2.5,10.7
1671615678.700000,45.386678,6.632339,2248.277914,17.1,12.599051,2.4,9.6
1671615679.704000,45.386792,6.632390,2246.457686,18.0,12.784490,2.4,8.8
1671615680.687000,45.386905,6.632444,2244.518449,18.0,12.560619,2.4,8.0
1671615681.695000,45.387020,6.632494,2242.912716,16.9,12.152059,2.4,8.0
1671615682.704000,45.387131,6.632533,2241.534339,15.2,11.646248,2.4,8.0
1671615683.714000,45.387239,6.632565,2240.110273,11.0,11.406547,2.4,8.0
1671615684.692000,45.387346,6.632579,2238.165709,7.6,10.949075,2.5,7.7
1671615685.718000,45.387451,6.632587,2236.539821,6.1,10.453713,2.4,7.2
1671615686.709000,45.387547,6.632590,2235.340056,1.1,9.795045,2.5,6.8
1671615687.717000,45.387638,6.632583,2233.625696,352.5,9.091177,2.5,6.4
1671615689.715000,45.387797,6.632514,2232.457369,344.0,9.021630,2.5,6.0
1671615691.674000,45.387959,6.632453,2230.213893,347.0,9.541365,2.5,6.0
1671615693.680000,45.388127,6.632392,2226.827428,342.4,8.904184,2.5,6.0
1671615695.697000,45.388265,6.632318,2223.062761,354.7,8.040263,2.7,6.0
1671615697.727000,45.388402,6.632290,2218.054110,343.4,7.255882,2.5,6.0
1671615699.705000,45.388487,6.632189,2215.462445,335.2,7.679226,2.7,6.0
1671615701.721000,45.388610,6.632144,2211.956062,351.7,6.986673,2.6,6.0
1671615703.711000,45.388737,6.632094,2207.186919,342.0,7.369301,2.5,6.0
1671615705.717000,45.388891,6.632019,2201.764427,348.7,9.053015,2.6,6.8
1671615707.691000,45.389063,6.631930,2193.576649,333.4,10.787643,2.6,7.3
1671615708.684000,45.389153,6.631854,2189.795633,328.2,11.086504,2.6,7.7
1671615709.688000,45.389245,6.631765,2188.136937,331.4,11.650252,2.7,8.0
1671615710.695000,45.389345,6.631686,2185.716415,335.2,11.816301,2.8,8.0
1671615711.706000,45.389448,6.631608,2182.840646,334.1,11.550406,2.5,8.0
1671615712.686000,45.389548,6.631533,2181.219795,330.1,10.222613,2.6,8.0
1671615713.675000,45.389634,6.631463,2178.571590,334.9,9.301112,2.6,8.0
1671615714.673000,45.389717,6.631408,2176.993166,336.0,9.884903,2.6,8.0
1671615715.677000,45.389801,6.631350,2176.107299,325.2,10.689296,2.5,8.0
1671615716.684000,45.389885,6.631263,2173.592654,323.6,12.203899,2.6,8.0
1671615717.693000,45.389979,6.631166,2172.452004,333.7,12.646458,2.5,8.0
1671615718.706000,45.390088,6.631091,2168.490352,339.4,13.684454,2.7,8.0
1671615719.686000,45.390204,6.631033,2166.436420,346.6,13.347452,2.8,8.0
1671615720.683000,45.390322,6.630992,2161.648420,349.8,13.006734,2.6,8.0
1671615721.675000,45.390435,6.630957,2160.691233,346.2,12.543429,2.7,8.0
1671615722.691000,45.390548,6.630908,2157.453758,344.4,12.695086,2.5,8.0
1671615723.674000,45.390657,6.630857,2154.383188,344.0,12.386084,2.5,8.0
1671615724.697000,45.390766,6.630809,2153.664263,347.3,12.167900,2.5,8.0
1671615725.712000,45.390871,6.630788,2153.201054,356.0,11.340631,2.6,8.0
1671615726.684000,45.390969,6.630800,2152.623011,6.1,10.752779,2.7,7.6
1671615727.699000,45.391064,6.630828,2151.696702,10.5,10.411798,2.5,7.2
1671615728.697000,45.391152,6.630864,2149.812247,14.1,10.074265,2.5,6.8
1671615729.711000,45.391238,6.630903,2149.579304,15.0,9.664529,2.5,6.4
1671615731.686000,45.391391,6.630968,2148.867936,15.1,8.233125,2.5,5.2
1671615733.687000,45.391520,6.631024,2148.297988,18.0,7.148916,2.5,4.7
1671615735.683000,45.391630,6.631082,2147.810243,20.0,6.502284,2.6,4.0
1671615737.692000,45.391737,6.631144,2147.115199,22.0,6.778034,2.5,4.0
1671615739.688000,45.391857,6.631206,2145.849024,17.2,7.312851,2.4,4.8
1671615741.685000,45.391984,6.631256,2143.208510,15.2,7.167049,2.4,5.3
1671615743.694000,45.392111,6.631298,2139.958308,13.0,7.245158,2.5,5.2
1671615745.685000,45.392235,6.631335,2138.728008,11.0,6.832232,2.5,4.4
1671615747.679000,45.392352,6.631355,2138.565783,4.1,6.467499,2.4,4.0
1671615749.701000,45.392474,6.631363,2135.547603,3.0,7.269643,2.7,4.8
1671615751.704000,45.392611,6.631372,2133.717914,2.0,7.934256,2.8,5.6
1671615753.686000,45.392758,6.631372,2133.200006,359.0,8.286266,2.6,6.0
1671615755.686000,45.392910,6.631362,2132.578266,358.0,8.365390,2.6,6.0
1671615757.684000,45.393060,6.631351,2132.002679,355.0,8.226722,2.5,6.0
1671615759.689000,45.393208,6.631334,2131.775038,358.0,8.478481,2.6,6.0
1671615761.684000,45.393362,6.631329,2129.524965,357.0,8.382796,2.5,6.0
1671615763.677000,45.393519,6.631321,2127.208256,360.0,8.932542,2.5,6.0
1671615765.685000,45.393685,6.631338,2125.729818,4.0,9.497400,2.5,5.7
1671615767.710000,45.393862,6.631350,2123.257815,2.0,9.970904,2.5,5.6
1671615768.677000,45.393955,6.631353,2121.002209,2.0,10.803085,2.4,5.7
1671615769.698000,45.394058,6.631361,2118.679610,3.0,11.316445,2.4,5.7
1671615770.688000,45.394160,6.631375,2116.567366,7.0,11.144804,2.4,6.0
1671615771.681000,45.394257,6.631398,2115.475092,8.0,10.742645,2.4,6.0
1671615772.682000,45.394352,6.631421,2113.636513,9.0,10.496802,2.4,6.0
1671615773.682000,45.394444,6.631443,2112.563389,9.0,10.340798,2.4,5.6
1671615774.684000,45.394534,6.631465,2112.168085,9.0,10.066107,2.5,5.7
1671615776.685000,45.394704,6.631505,2109.777800,9.0,9.570148,2.5,5.6
1671615778.691000,45.394867,6.631542,2109.763186,9.0,8.802900,2.5,6.0
1671615780.695000,45.395015,6.631572,2108.200393,7.0,8.088761,2.4,6.0
1671615782.710000,45.395153,6.631601,2106.232293,8.0,7.851733,2.5,6.0
1671615784.690000,45.395281,6.631623,2106.407975,5.0,6.989724,2.5,6.0
1671615786.689000,45.395397,6.631631,2105.785450,1.2,6.229775,2.5,6.0
1671615788.695000,45.395498,6.631622,2105.066186,352.0,5.532463,2.5,6.0
1671615790.685000,45.395587,6.631581,2104.863686,338.5,4.973133,2.5,6.0
1671615793.700000,45.395700,6.631518,2104.379774,345.9,4.292828,2.4,6.0
1671615796.681000,45.395828,6.631480,2102.724787,349.0,5.359358,2.4,5.1
1671615798.704000,45.395933,6.631460,2100.996225,352.0,6.332518,2.4,4.4
1671615800.688000,45.396063,6.631437,2100.206295,351.1,7.977177,2.4,5.2
1671615802.690000,45.396222,6.631390,2096.922147,347.0,9.076291,2.4,6.0
1671615804.689000,45.396378,6.631343,2094.498248,350.0,8.769887,2.5,6.0
1671615806.697000,45.396533,6.631320,2092.641146,353.8,8.108317,2.4,5.6
1671615808.689000,45.396659,6.631308,2092.017205,353.0,6.502165,2.4,4.8
1671615810.685000,45.396775,6.631310,2090.831410,2.5,6.723080,2.4,4.7
1671615812.690000,45.396898,6.631400,2087.080224,26.3,7.271471,2.5,5.2
1671615814.689000,45.396992,6.631469,2083.944779,19.1,5.709660,2.5,6.0
1671615816.671000,45.397073,6.631599,2081.411627,51.3,7.594594,2.5,6.0
1671615818.695000,45.397156,6.631762,2077.016120,45.1,6.943220,2.5,6.0
1671615820.695000,45.397234,6.631851,2071.717673,29.0,5.213743,2.5,6.0
1671615823.678000,45.397351,6.631899,2068.598391,12.1,4.075045,2.5,5.3
1671615826.683000,45.397462,6.631923,2065.953196,5.3,5.983362,2.4,4.4
1671615828.680000,45.397590,6.631938,2062.603066,5.7,7.359157,2.4,4.8
1671615830.688000,45.397750,6.631965,2059.161156,6.0,9.371005,2.4,5.4
1671615831.703000,45.397843,6.631973,2057.615999,2.1,10.106791,2.4,6.0
1671615832.700000,45.397941,6.631971,2055.584309,359.1,10.639575,2.4,6.0
1671615833.693000,45.398042,6.631972,2053.490192,1.0,10.928041,2.4,6.0
1671615834.703000,45.398148,6.631985,2051.337360,5.8,11.782982,2.4,6.0
1671615835.697000,45.398258,6.632006,2050.367701,5.1,12.222665,2.4,6.0
1671615836.693000,45.398374,6.632021,2048.431789,3.2,12.700815,2.4,6.0
1671615837.699000,45.398494,6.632031,2045.392707,2.1,13.338856,2.4,6.0
1671615838.689000,45.398617,6.632038,2043.253843,2.0,13.497275,2.4,6.0
1671615839.677000,45.398742,6.632046,2040.549378,2.0,13.834313,2.4,6.0
1671615840.680000,45.398871,6.632056,2037.973505,2.2,14.259045,2.5,6.0
1671615841.701000,45.399004,6.632068,2034.866202,3.0,14.175663,2.5,6.0
1671615842.680000,45.399131,6.632083,2031.668572,4.9,14.195325,2.5,6.0
1671615843.684000,45.399259,6.632105,2029.858766,7.8,13.868119,2.5,6.0
1671615844.676000,45.399380,6.632135,2027.779215,8.8,13.585837,2.5,6.0
1671615845.689000,45.399501,6.632169,2026.158509,10.9,13.596914,2.6,6.0
1671615846.679000,45.399618,6.632207,2023.321526,11.0,13.464594,2.5,6.0
1671615847.695000,45.399737,6.632242,2021.103878,10.2,13.245169,2.5,6.0
1671615848.682000,45.399852,6.632273,2019.439546,8.1,12.833254,2.5,6.0
1671615849.685000,45.399963,6.632297,2016.846304,8.0,12.409691,2.5,6.0
1671615850.687000,45.400073,6.632321,2016.274226,8.9,12.481471,2.5,6.0
1671615851.690000,45.400182,6.632347,2014.575447,9.0,12.138325,2.5,6.0
1671615852.692000,45.400289,6.632373,2012.400213,9.0,11.972177,2.5,6.0
1671615853.684000,45.400393,6.632399,2012.103387,10.0,11.860440,2.6,6.0
1671615854.686000,45.400496,6.632426,2008.855509,10.0,11.376982,2.5,6.0
1671615855.695000,45.400594,6.632452,2007.381858,10.0,10.886280,2.4,6.0
1671615856.688000,45.400684,6.632477,2007.116268,11.0,10.236927,2.4,6.0
1671615857.691000,45.400773,6.632504,2005.237398,12.0,10.565477,2.4,6.0
1671615858.674000,45.400864,6.632534,2004.095974,13.0,10.506472,2.4,5.7
1671615859.683000,45.400954,6.632564,2002.650356,13.0,10.095929,2.4,5.3
1671615861.681000,45.401108,6.632605,1999.318297,11.2,7.581193,2.4,4.7
1671615863.676000,45.401222,6.632644,1999.700275,14.0,6.297554,2.5,4.8
1671615865.688000,45.401323,6.632681,1998.354483,12.2,6.092467,2.4,5.6
1671615867.672000,45.401423,6.632708,1997.947836,6.1,5.365529,2.4,5.3
1671615870.691000,45.401544,6.632727,1998.350604,9.9,4.239087,2.5,4.0
1671615873.680000,45.401639,6.632744,1998.043267,6.0,3.135139,2.5,4.3
1671615877.697000,45.401741,6.632749,1997.418997,2.0,2.743267,2.5,5.4
1671615882.702000,45.401837,6.632746,1996.948762,4.0,2.434132,2.5,4.0
1671615885.693000,45.401927,6.632751,1995.220681,3.0,3.981431,2.4,4.0
1671615888.686000,45.402060,6.632770,1993.778953,6.0,5.631375,2.4,4.0
1671615890.689000,45.402182,6.632767,1992.155835,354.4,7.378161,2.5,4.6
1671615892.678000,45.402333,6.632742,1989.877053,355.2,8.705463,2.4,5.3
1671615894.698000,45.402502,6.632734,1987.086726,5.7,9.427838,2.4,6.0
1671615896.699000,45.402679,6.632778,1985.213953,12.9,10.245904,2.4,6.0
1671615897.696000,45.402772,6.632817,1984.492306,14.0,10.552824,2.4,5.6
1671615898.691000,45.402866,6.632854,1983.209765,14.0,11.053650,2.5,5.2
1671615899.696000,45.402965,6.632892,1981.706357,13.0,11.405486,2.5,5.0
1671615900.690000,45.403065,6.632934,1979.379893,15.1,11.251678,2.5,4.4
1671615901.697000,45.403161,6.632991,1977.015347,22.4,11.333282,2.5,4.3
1671615902.702000,45.403253,6.633053,1976.869956,23.0,11.048143,2.5,4.0
1671615903.719000,45.403345,6.633115,1975.155849,30.0,11.077729,2.6,4.0
1671615904.697000,45.403425,6.633197,1973.964227,35.4,10.852379,2.6,4.0
1671615905.705000,45.403500,6.633284,1971.845835,36.7,10.381429,2.5,4.4
1671615906.702000,45.403572,6.633366,1970.136874,35.3,10.289153,2.5,4.8
1671615907.693000,45.403645,6.633447,1969.038267,37.3,10.458597,2.6,5.0
1671615908.692000,45.403716,6.633530,1966.569923,37.9,9.832188,2.5,5.3
1671615910.712000,45.403844,6.633661,1962.389252,33.9,8.199128,2.5,6.0
1671615912.704000,45.403968,6.633702,1959.599287,10.9,7.387942,2.5,6.4
1671615914.685000,45.404095,6.633675,1957.844945,354.8,5.233206,2.4,7.0
1671615933.685000,45.404163,6.633628,1958.246213,36.9,0.000000,2.5,7.1
1671615933.685000,45.404163,6.633628,1958.246213,36.9,0.000000,2.5,7.1
1671615934.697000,45.404189,6.633656,1958.209104,41.1,4.259947,2.5,7.7
1671615936.687000,45.404275,6.633756,1955.457684,34.3,7.150192,2.5,8.0
1671615938.681000,45.404413,6.633855,1953.599976,20.9,7.879120,2.5,7.2
1671615940.678000,45.404535,6.633891,1950.928814,8.9,5.228622,2.5,6.7
1671615942.698000,45.404625,6.633932,1949.698474,21.0,5.407073,2.5,6.0
1671615944.683000,45.404714,6.633985,1948.521983,23.9,5.561011,2.5,6.0
1671615946.698000,45.404804,6.634050,1948.105766,27.0,5.847680,2.6,6.0
1671615948.684000,45.404897,6.634116,1946.885249,28.0,5.923187,2.6,6.4
1671615950.677000,45.404993,6.634187,1944.240934,26.1,6.114664,2.7,6.3
1671615952.681000,45.405096,6.634245,1943.452101,19.3,5.989867,2.7,6.0
1671615954.692000,45.405201,6.634295,1944.355295,21.8,6.239470,2.7,5.6
1671615956.707000,45.405306,6.634362,1944.183187,25.0,6.474607,2.8,5.2
1671615958.680000,45.405416,6.634440,1941.739618,25.0,7.322618,2.7,5.3
1671615960.681000,45.405539,6.634518,1940.115174,23.0,7.181750,2.7,6.0
1671615962.680000,45.405658,6.634586,1941.117469,21.0,7.305661,2.8,6.3
1671615964.688000,45.405792,6.634662,1939.788406,22.0,7.961272,2.8,6.0
1671615966.723000,45.405932,6.634742,1937.719606,21.0,8.488786,2.8,6.0
1671615968.702000,45.406073,6.634824,1935.906883,23.0,8.452688,2.8,6.0
1671615970.707000,45.406216,6.634916,1934.568324,22.0,8.231656,2.8,6.0
1671615972.696000,45.406348,6.634988,1932.204416,20.0,7.877098,2.8,5.6
1671615974.680000,45.406474,6.635048,1931.909191,18.0,6.899417,2.9,5.7
1671615976.674000,45.406602,6.635105,1930.825462,17.0,7.891630,2.9,6.3
1671615978.674000,45.406742,6.635170,1927.116898,18.0,8.188396,3.0,7.0
1671615980.681000,45.406872,6.635238,1925.796413,20.0,7.090401,3.0,7.3
1671615982.684000,45.406996,6.635300,1924.973753,20.0,7.782684,3.0,7.0
1671615984.702000,45.407128,6.635360,1921.494125,19.0,8.261638,2.5,7.2
1671615986.694000,45.407268,6.635416,1920.238517,17.0,8.203114,2.6,8.0
1671615988.698000,45.407404,6.635460,1918.641428,16.0,7.590029,2.5,8.0
1671615990.709000,45.407534,6.635512,1923.174435,17.9,7.153887,3.1,8.0
1671615992.689000,45.407661,6.635572,1921.777625,16.9,7.908459,3.1,8.0
1671615994.675000,45.407812,6.635642,1919.418587,17.0,9.113343,3.1,7.7
1671615996.677000,45.407982,6.635715,1916.722533,14.5,9.469357,3.1,7.0
1671615998.676000,45.408150,6.635773,1914.315889,13.6,8.634673,3.1,6.3
1671616000.698000,45.408308,6.635819,1911.785127,9.1,9.514890,3.1,6.0
1671616002.698000,45.408494,6.635852,1909.430407,7.9,11.391193,3.1,6.0
1671616003.675000,45.408599,6.635868,1908.513007,6.1,11.061946,3.2,6.0
1671616004.697000,45.408702,6.635883,1906.583097,4.7,10.952225,3.2,6.0
1671616005.690000,45.408802,6.635884,1904.893292,357.3,11.308633,3.2,6.0
1671616006.691000,45.408903,6.635875,1903.039761,356.1,11.245891,3.2,6.0
1671616007.687000,45.409004,6.635861,1900.648202,353.1,11.117637,3.2,6.0
1671616008.721000,45.409105,6.635844,1898.346602,353.9,10.797792,3.3,6.0
1671616009.709000,45.409198,6.635842,1897.536732,1.4,10.337292,3.3,6.0
1671616010.709000,45.409289,6.635866,1895.942528,10.6,10.058909,3.3,6.0
1671616011.712000,45.409376,6.635910,1895.611072,17.4,10.302042,3.3,6.0
1671616012.709000,45.409462,6.635958,1893.984344,17.4,10.067601,3.3,6.0
1671616013.717000,45.409548,6.635999,1893.108124,17.0,10.163469,3.3,6.0
1671616015.713000,45.409722,6.636084,1889.457304,17.2,10.512747,2.9,6.0
1671616016.682000,45.409811,6.636115,1887.419927,10.5,10.571312,2.9,6.3
1671616017.689000,45.409907,6.636139,1886.164774,11.9,10.617947,2.8,6.3
1671616018.687000,45.410001,6.636163,1885.722415,11.1,10.539771,2.8,6.3
1671616019.682000,45.410095,6.636175,1882.831225,3.8,10.472996,2.8,6.3
1671616020.677000,45.410192,6.636176,1885.828273,2.7,11.114914,3.4,6.3
1671616021.695000,45.410294,6.636190,1884.335798,9.0,11.030170,2.5,6.0
1671616022.691000,45.410391,6.636213,1883.028461,7.4,10.662841,2.5,6.0
1671616023.690000,45.410484,6.636230,1881.332528,3.7,10.146864,2.5,6.0
1671616024.686000,45.410575,6.636234,1879.147064,2.2,10.118948,2.5,6.0
1671616025.683000,45.410668,6.636239,1878.062113,2.9,10.385135,2.5,6.0
1671616026.694000,45.410765,6.636243,1875.599885,2.4,10.392344,2.5,6.0
1671616027.681000,45.410860,6.636245,1874.258442,2.2,10.688777,2.5,6.3
1671616028.687000,45.410960,6.636247,1872.941106,1.4,11.079990,2.4,7.3
1671616029.696000,45.411067,6.636245,1870.951636,359.9,11.726784,2.4,8.8
1671616030.695000,45.411171,6.636245,1869.491741,4.6,11.593998,2.4,10.0
1671616031.666000,45.411268,6.636251,1866.689996,4.8,11.209637,2.4,10.3
1671616032.683000,45.411366,6.636252,1864.935150,359.7,10.874595,2.4,12.0
1671616033.676000,45.411459,6.636245,1862.860865,358.8,10.766180,2.4,12.0
1671616034.689000,45.411560,6.636228,1862.031758,351.3,11.382029,2.4,12.0
1671616035.680000,45.411661,6.636202,1860.350799,351.2,11.383419,2.4,12.0
1671616036.680000,45.411762,6.636173,1857.851118,351.0,11.432164,2.4,11.2
1671616037.695000,45.411863,6.636144,1855.593006,350.4,11.164838,2.5,10.4
1671616038.681000,45.411958,6.636113,1854.260985,347.9,10.570831,2.5,9.6
1671616039.687000,45.412054,6.636069,1853.050010,344.3,11.240306,2.5,9.3
1671616040.682000,45.412152,6.636022,1852.078334,345.7,11.269152,2.5,8.0
1671616041.705000,45.412253,6.635979,1849.549402,347.1,10.778630,2.4,8.0
1671616042.676000,45.412350,6.635940,1849.302178,343.4,10.856676,2.6,8.0
1671616043.706000,45.412453,6.635889,1844.963152,341.1,11.543469,2.0,8.0
1671616044.703000,45.412556,6.635837,1845.225882,342.9,11.256967,2.5,8.0
1671616045.670000,45.412656,6.635791,1843.582439,340.4,11.397650,2.4,8.0
1671616046.683000,45.412760,6.635735,1842.200234,338.5,11.369029,2.6,8.0
1671616047.695000,45.412860,6.635673,1839.618612,337.2,11.180034,2.7,8.0
1671616048.675000,45.412933,6.635561,1836.648358,308.8,10.953302,2.0,8.0
1671616049.692000,45.412998,6.635437,1840.115752,309.3,10.853357,2.5,8.0
1671616050.680000,45.413062,6.635331,1838.928881,317.1,9.913459,2.5,8.0
1671616051.697000,45.413135,6.635250,1838.050324,329.6,10.042748,2.5,8.0
1671616052.672000,45.413213,6.635173,1835.959736,326.1,10.318325,2.5,7.7
1671616053.692000,45.413296,6.635076,1835.456292,322.6,12.087083,2.5,7.2
1671616054.688000,45.413371,6.634965,1832.514657,312.3,10.930273,2.5,7.0
1671616055.674000,45.413428,6.634852,1830.431124,311.2,10.865105,2.5,6.7
1671616056.673000,45.413480,6.634739,1828.037871,308.9,10.526472,2.5,6.3
1671616058.700000,45.413588,6.634590,1824.373983,326.0,9.041816,2.4,6.0
1671616060.678000,45.413712,6.634431,1821.414251,312.0,9.650990,2.4,6.0
1671616062.711000,45.413796,6.634226,1819.097205,301.9,9.634428,2.4,6.0
1671616064.712000,45.413889,6.634028,1817.703382,303.0,9.088182,2.4,6.0
1671616066.690000,45.413980,6.633874,1813.816277,318.7,7.512615,2.5,6.7
1671616068.689000,45.414095,6.633740,1811.203150,303.3,7.931216,2.5,7.3
1671616070.685000,45.414147,6.633530,1808.558600,288.0,8.309343,2.4,8.0
1671616072.693000,45.414190,6.633319,1805.859138,292.0,7.163183,2.0,8.0
1671616074.682000,45.414234,6.633144,1806.788313,299.9,6.035481,2.4,7.2
1671616076.682000,45.414306,6.633028,1806.475241,326.4,6.358105,2.7,6.7
1671616078.689000,45.414423,6.632991,1808.213328,348.0,6.890145,2.5,6.0
1671616080.677000,45.414538,6.632937,1806.817292,327.3,6.186620,2.5,6.0
1671616082.704000,45.414616,6.632816,1805.306284,310.0,6.261507,2.5,6.0
1671616084.684000,45.414684,6.632693,1804.278290,313.9,5.946224,2.5,6.3
1671616086.679000,45.414760,6.632598,1803.424956,325.7,5.677706,2.4,7.2
1671616088.681000,45.414852,6.632530,1802.161722,333.0,5.700509,2.4,7.7
1671616090.678000,45.414953,6.632503,1801.863753,2.0,6.333992,2.4,8.7
1671616092.682000,45.415059,6.632509,1799.193845,358.8,6.371068,2.4,8.7
1671616094.697000,45.415191,6.632516,1796.609085,359.8,8.964300,2.4,10.4
1671616095.682000,45.415280,6.632536,1794.193564,11.2,10.298032,2.4,12.8
1671616096.668000,45.415389,6.632568,1793.083820,10.4,10.365178,2.4,13.3
1671616097.679000,45.415486,6.632613,1792.248980,25.4,8.405217,2.4,14.7
1671616098.670000,45.415563,6.632683,1791.934062,38.6,8.157506,2.4,16.8
1671616099.676000,45.415626,6.632780,1789.949136,47.8,7.981852,2.0,16.0
1671616101.681000,45.415682,6.632983,1790.494412,69.8,6.771231,2.7,13.6
1671616103.707000,45.415683,6.633192,1788.212501,67.5,6.870587,2.0,11.2
1671616105.682000,45.415712,6.633361,1789.235040,26.6,4.746091,2.6,9.6
1671616107.681000,45.415782,6.633462,1787.013062,359.0,4.568086,1.9,8.5
1671616109.695000,45.415879,6.633479,1790.806141,356.0,6.621924,2.5,7.8
1671616111.672000,45.416024,6.633507,1789.265444,10.4,8.417713,2.5,7.2
1671616112.690000,45.416106,6.633570,1787.476529,26.9,9.909140,2.5,6.7
1671616113.681000,45.416186,6.633637,1785.618227,31.4,10.652228,2.5,6.7
1671616114.679000,45.416272,6.633716,1783.188244,24.1,11.407095,2.4,6.7
1671616115.693000,45.416375,6.633787,1780.928168,22.0,12.173671,2.5,7.2
1671616116.669000,45.416481,6.633855,1778.653685,25.0,12.651656,2.4,7.3
1671616117.689000,45.416585,6.633931,1776.584845,34.9,11.319744,2.4,7.7
1671616118.682000,45.416666,6.634022,1774.610597,42.2,11.183704,2.4,8.0
1671616119.671000,45.416742,6.634129,1773.505651,43.0,11.090051,2.4,8.0
1671616120.698000,45.416819,6.634231,1773.114943,39.2,10.509912,2.4,8.0
1671616121.695000,45.416898,6.634309,1771.930889,30.2,9.987476,2.4,7.6
1671616123.683000,45.417042,6.634450,1770.735460,38.9,9.519520,2.4,6.8
1671616125.684000,45.417139,6.634625,1767.907437,72.8,8.313705,2.4,6.3
1671616127.672000,45.417148,6.634868,1764.548604,86.0,9.945808,2.4,6.0
1671616128.695000,45.417148,6.635016,1761.495969,78.3,10.815389,2.0,6.0
1671616129.675000,45.417163,6.635163,1759.908331,78.0,10.707384,2.2,6.0
1671616130.689000,45.417180,6.635303,1759.631426,83.9,10.311625,2.6,6.0
1671616131.687000,45.417185,6.635436,1757.327361,86.0,10.380442,2.0,6.0
1671616132.683000,45.417188,6.635565,1756.015430,85.0,9.184735,2.0,6.0
1671616134.680000,45.417221,6.635784,1754.858044,72.1,8.631835,1.9,6.0
1671616136.686000,45.417274,6.635953,1752.063508,53.1,6.492027,1.9,6.0
1671616138.673000,45.417376,6.636054,1752.278913,46.7,8.939845,2.5,6.7
1671616140.714000,45.417469,6.636231,1747.827087,73.8,8.325492,2.5,7.6
1671616142.694000,45.417544,6.636422,1743.708596,44.1,8.872718,2.5,8.0
1671616144.694000,45.417631,6.636594,1739.252835,67.2,7.801034,2.4,8.0
1671616146.702000,45.417693,6.636761,1736.629945,43.8,7.242431,2.4,7.2
1671616148.691000,45.417796,6.636896,1731.308802,56.6,7.975286,2.4,6.7
1671616150.718000,45.417881,6.637064,1726.028609,37.6,7.955121,2.4,6.0
1671616152.691000,45.417995,6.637198,1722.814060,62.3,7.670762,2.4,6.0
1671616154.692000,45.418067,6.637355,1716.098945,30.2,7.079686,2.4,6.7
1671616156.685000,45.418167,6.637467,1711.827228,76.5,5.000585,2.4,7.3
1671616159.681000,45.418194,6.637622,1707.733359,58.7,3.380307,2.5,6.9
1671616162.679000,45.418254,6.637730,1703.437683,77.5,4.218112,2.0,6.0
1671616165.232000,45.418258,6.637863,1701.424550,94.0,4.039552,1.9,6.2
1671616168.163000,45.418271,6.638020,1705.074971,40.6,3.361145,2.5,7.4
1671616171.002000,45.418359,6.637974,1702.833806,340.4,4.793493,2.5,8.7
1671616172.694000,45.418463,6.637914,1700.823538,359.5,7.674651,2.5,9.0
1671616174.695000,45.418617,6.637896,1697.957141,350.1,8.368098,2.4,9.1
1671616176.698000,45.418756,6.637860,1692.447474,17.7,7.167276,2.4,8.0
1671616178.671000,45.418842,6.637997,1683.988455,53.8,6.694678,2.4,8.3
1671616180.682000,45.418932,6.638113,1680.175409,22.2,6.791901,2.4,8.0
1671616182.681000,45.419022,6.638236,1676.308519,55.0,6.707232,2.4,8.0
1671616184.701000,45.419113,6.638377,1669.964924,28.2,7.230794,2.4,8.0
1671616186.714000,45.419231,6.638486,1662.274906,54.7,6.688422,2.4,8.0
1671616188.716000,45.419335,6.638612,1656.970466,29.1,7.362416,2.5,8.0
1671616190.700000,45.419445,6.638724,1650.896785,49.8,7.197366,2.3,8.0
1671616192.683000,45.419528,6.638870,1645.178211,27.7,7.063872,2.4,8.0
1671616194.680000,45.419648,6.638942,1636.719580,31.7,7.700305,1.9,8.0
1671616196.678000,45.419749,6.639075,1632.574419,48.5,7.762612,2.5,9.3
1671616198.680000,45.419822,6.639248,1625.956686,52.5,7.526656,2.5,10.7
1671616200.684000,45.419932,6.639364,1620.067380,25.1,8.395514,2.5,11.3
1671616202.686000,45.420062,6.639492,1612.399681,43.8,8.895128,2.5,11.2
1671616204.675000,45.420112,6.639658,1606.700889,62.4,6.977626,2.4,11.3
1671616206.680000,45.420178,6.639792,1602.797269,33.7,6.382092,2.4,12.0
1671616208.707000,45.420285,6.639868,1596.398280,24.3,6.607720,2.9,12.8
1671616210.689000,45.420357,6.639981,1590.290021,60.0,6.220222,2.4,12.7
1671616213.700000,45.420468,6.640091,1583.223231,20.4,5.304026,2.4,12.4
1671616215.675000,45.420588,6.640183,1578.316252,50.4,5.441895,2.4,12.0
1671616217.684000,45.420728,6.640291,1575.345364,2.0,5.972558,2.6,11.5
1671616219.671000,45.420883,6.640330,1573.388239,24.0,6.207179,2.6,10.0
1671616221.672000,45.421019,6.640456,1566.385992,30.8,7.101535,2.4,8.7
1671616223.688000,45.421172,6.640597,1563.243653,38.9,8.690357,2.4,8.0
1671616224.678000,45.421243,6.640676,1561.465138,39.7,8.536946,2.5,8.0
1671616226.680000,45.421389,6.640799,1557.811624,20.1,8.385748,2.5,8.0
1671616227.697000,45.421479,6.640831,1555.983533,26.3,8.652413,2.5,8.0
1671616228.681000,45.421564,6.640875,1552.770056,14.0,8.973322,2.5,8.0
1671616230.682000,45.421734,6.640907,1548.802850,17.7,8.310027,2.5,8.0
1671616232.684000,45.421880,6.640963,1542.759297,8.9,7.456900,2.4,8.0
1671616234.692000,45.422030,6.640942,1538.038497,353.7,6.512687,2.4,8.0
1671616236.680000,45.422186,6.640939,1534.843593,0.4,8.525795,2.4,8.0
1671616238.685000,45.422358,6.640894,1531.300049,341.3,7.659392,2.4,8.0
1671616240.683000,45.422501,6.640850,1527.687450,0.3,8.516759,2.4,8.0
1671616242.687000,45.422659,6.640808,1521.889458,337.7,8.725750,2.4,8.0
1671616244.687000,45.422819,6.640730,1518.566456,349.0,9.946115,2.4,8.0
1671616245.689000,45.422913,6.640699,1514.835989,335.5,9.659216,2.4,8.0
1671616246.685000,45.422998,6.640642,1514.145824,340.9,8.883128,2.5,8.0
1671616247.691000,45.423085,6.640597,1513.551708,357.0,9.365398,2.6,8.0
1671616248.708000,45.423178,6.640584,1513.293171,352.0,9.036698,2.6,8.0
1671616250.689000,45.423320,6.640513,1512.249643,322.9,6.365695,2.5,8.0
1671616252.702000,45.423401,6.640410,1509.756724,332.9,4.514988,2.5,8.0
1671616255.694000,45.423482,6.640336,1510.702948,337.1,2.183105,2.5,8.0
1671616266.774000,45.423548,6.640226,1508.682860,-1.0,0.040135,2.4,9.7
1671616303.974000,45.423575,6.640097,1509.385946,199.2,1.945500,2.6,5.6
1671616307.459000,45.423474,6.640012,1510.191895,199.7,2.100640,2.8,11.0
1671616309.775000,45.423391,6.639956,1513.412271,205.8,3.148930,2.6,13.2
1671616311.574000,45.423312,6.639893,1513.978171,208.6,3.393965,2.6,12.5
1671616314.575000,45.423198,6.639800,1519.008091,208.2,3.201889,2.6,10.2
1671616316.853000,45.423112,6.639747,1521.814850,211.5,2.884678,2.8,10.3
1671616320.453000,45.423010,6.639666,1525.818853,209.8,3.483447,2.6,10.5
1671616323.453000,45.422924,6.639596,1528.093846,210.1,3.440434,2.7,10.5
1671616326.452000,45.422838,6.639531,1531.768358,209.2,3.441804,2.8,10.4
1671616329.686000,45.422747,6.639463,1536.374171,209.0,3.399214,2.9,9.4
1671616332.679000,45.422662,6.639398,1540.805013,209.0,3.371507,3.1,7.4
1671616335.680000,45.422584,6.639332,1545.415116,210.0,3.315328,2.8,6.0
1671616338.693000,45.422505,6.639268,1548.894221,209.0,3.407165,2.8,6.0
1671616341.700000,45.422424,6.639205,1551.947366,207.1,3.425069,2.8,6.0
1671616345.689000,45.422316,6.639126,1559.183614,210.2,3.359910,3.1,6.0
1671616349.680000,45.422211,6.639045,1563.621249,209.0,3.220583,2.4,6.4
1671616353.179000,45.422124,6.638972,1570.097114,210.0,3.497209,2.4,6.7
1671616356.700000,45.422027,6.638891,1574.688471,210.0,3.445726,2.6,6.4
1671616359.702000,45.421944,6.638822,1578.228763,210.0,3.469995,2.7,6.5
1671616362.696000,45.421861,6.638751,1582.486389,209.0,3.360516,2.6,6.5
1671616365.697000,45.421783,6.638686,1585.822150,209.0,3.465522,2.5,6.0
1671616369.689000,45.421680,6.638602,1590.867120,208.0,3.350793,2.5,6.0
1671616373.684000,45.421576,6.638518,1595.017917,209.0,3.418058,2.6,6.0
1671616376.684000,45.421497,6.638454,1598.809272,209.0,3.332863,2.4,6.0
1671616379.692000,45.421419,6.638390,1602.323848,210.0,3.328376,2.4,6.0
1671616383.131000,45.421332,6.638319,1607.657826,210.0,3.299569,2.4,6.5
1671616386.694000,45.421243,6.638243,1613.058364,209.8,3.409218,2.6,6.4
1671616389.696000,45.421159,6.638175,1618.515222,209.0,3.268522,2.8,6.4
1671616392.687000,45.421074,6.638110,1621.627185,210.0,3.418754,2.5,6.4
1671616395.696000,45.420993,6.638047,1625.324992,209.0,3.409738,2.5,6.0
1671616398.694000,45.420912,6.637985,1628.506046,209.0,3.400250,2.5,6.0
1671616401.693000,45.420830,6.637922,1631.809821,209.0,3.408649,2.5,5.3
1671616404.684000,45.420752,6.637860,1635.588752,209.0,3.353909,2.5,4.3
1671616407.683000,45.420672,6.637797,1637.601147,209.0,3.353931,2.4,4.0
1671616411.687000,45.420568,6.637712,1643.830497,210.0,3.367665,2.4,5.6
1671616414.682000,45.420489,6.637649,1647.277801,209.0,3.376260,2.6,4.8
1671616418.711000,45.420384,6.637568,1655.268449,206.0,3.528136,2.7,4.4
1671616422.175000,45.420296,6.637503,1659.818625,208.0,3.367183,2.5,5.0
1671616425.682000,45.420199,6.637420,1664.155624,210.0,3.416056,2.5,5.8
1671616428.692000,45.420119,6.637353,1666.032645,209.0,3.450452,2.6,4.7
1671616431.674000,45.420041,6.637288,1669.948838,208.0,3.364886,2.4,4.0
1671616434.696000,45.419962,6.637224,1672.244546,209.0,3.371393,2.4,4.0
1671616438.701000,45.419857,6.637139,1678.415238,209.0,3.374735,2.4,4.0
1671616441.677000,45.419779,6.637076,1681.428719,210.0,3.384466,2.4,4.0
1671616444.693000,45.419700,6.637012,1685.287309,210.0,3.288974,2.6,4.0
1671616448.681000,45.419597,6.636928,1694.700672,210.0,3.271670,2.5,4.0
1671616452.683000,45.419499,6.636845,1699.560887,210.0,3.578736,2.5,5.6
1671616455.681000,45.419414,6.636775,1703.865458,210.0,3.549448,2.6,5.2
1671616458.679000,45.419335,6.636706,1705.129700,209.0,3.438390,2.5,4.0
1671616461.684000,45.419257,6.636641,1708.296974,209.0,3.426297,2.6,4.0
1671616464.699000,45.419179,6.636576,1711.777861,210.0,3.413714,2.5,4.0
1671616467.685000,45.419100,6.636511,1714.775996,209.0,3.410012,2.5,4.0
1671616470.695000,45.419020,6.636447,1718.195296,209.0,3.448378,2.4,4.0
1671616473.696000,45.418941,6.636383,1720.805576,209.0,3.398270,2.5,4.0
1671616476.684000,45.418863,6.636318,1727.406297,208.0,3.381119,2.5,4.0
1671616479.688000,45.418784,6.636254,1730.212200,209.2,3.301209,2.4,4.0
1671616483.695000,45.418688,6.636176,1736.119353,209.0,3.647652,2.6,4.0
1671616486.707000,45.418599,6.636106,1737.967460,209.0,3.534629,2.5,4.7
1671616489.683000,45.418513,6.636035,1739.861455,210.0,3.506484,2.4,5.3
1671616492.679000,45.418429,6.635966,1740.919603,210.0,3.501607,2.5,4.7
1671616495.687000,45.418346,6.635896,1743.482162,209.0,3.525714,2.5,4.0
1671616498.676000,45.418263,6.635827,1745.187527,209.0,3.482471,2.4,4.0
1671616501.708000,45.418180,6.635756,1747.727628,209.0,3.508163,2.4,4.0
1671616504.697000,45.418097,6.635689,1751.385911,210.0,3.498594,2.5,4.0
1671616507.706000,45.418015,6.635621,1754.559692,209.0,3.444634,2.5,4.0
1671616510.682000,45.417934,6.635554,1758.300270,209.0,3.476755,2.5,4.7
1671616513.686000,45.417856,6.635490,1761.179338,209.8,2.866309,2.5,6.7
1671616516.694000,45.417776,6.635426,1764.126970,209.0,3.600687,2.5,5.2
1671616519.678000,45.417690,6.635356,1765.172716,209.0,3.585094,2.4,4.0
1671616522.680000,45.417606,6.635288,1764.714676,209.0,3.564235,2.5,4.0
1671616525.695000,45.417522,6.635220,1765.600038,209.0,3.542382,2.5,4.4
1671616528.684000,45.417440,6.635152,1766.932130,210.0,3.560248,2.4,5.6
1671616531.706000,45.417360,6.635084,1770.027250,209.0,3.540680,2.4,4.8
1671616534.686000,45.417278,6.635016,1773.261178,209.0,3.538670,2.4,4.0
1671616537.712000,45.417194,6.634947,1777.744778,210.0,3.553833,2.5,4.0
1671616540.677000,45.417111,6.634881,1777.085645,210.0,3.532526,2.6,4.0
1671616543.679000,45.417028,6.634814,1779.115316,209.4,3.342940,2.5,4.0
1671616547.670000,45.416922,6.634730,1780.945189,209.0,3.525825,2.4,4.0
1671616551.671000,45.416838,6.634658,1779.346085,203.4,2.258917,2.5,5.2
1671616559.692000,45.416738,6.634598,1778.952582,234.7,1.413749,2.4,6.3
1671616562.684000,45.416701,6.634432,1779.356088,274.8,3.093747,2.5,5.6
1671616565.681000,45.416748,6.634264,1778.825471,304.6,3.563891,2.5,4.6
1671616568.679000,45.416830,6.634117,1778.271978,306.1,4.498099,2.5,4.4
1671616570.680000,45.416916,6.633977,1777.417311,307.9,6.165397,2.5,4.8
1671616572.688000,45.417019,6.633828,1776.077088,314.2,6.993003,2.5,5.5
1671616574.678000,45.417131,6.633721,1775.264403,328.5,6.497566,2.5,6.0
1671616576.681000,45.417228,6.633643,1774.617236,330.9,5.616751,2.4,6.3
1671616578.686000,45.417316,6.633573,1774.144279,329.2,5.316117,2.4,7.2
1671616580.710000,45.417400,6.633488,1772.404476,325.9,5.774795,2.5,8.0
1671616582.677000,45.417500,6.633408,1771.719114,334.3,6.484751,2.5,8.0
1671616584.694000,45.417618,6.633352,1770.024970,340.4,6.490226,2.5,7.6
1671616586.685000,45.417731,6.633294,1769.150287,335.2,6.541767,2.4,7.3
1671616588.694000,45.417836,6.633208,1767.859071,324.6,6.940254,2.4,7.0
1671616590.682000,45.417924,6.633079,1767.524700,314.3,7.269363,2.4,6.7
1671616592.697000,45.418012,6.632934,1766.545871,312.9,7.473206,2.5,6.0
1671616594.681000,45.418107,6.632822,1765.660639,327.8,7.200060,2.5,6.0
1671616596.696000,45.418219,6.632748,1765.399946,335.5,7.240815,2.7,6.4
1671616598.681000,45.418348,6.632681,1763.586991,337.7,7.953758,2.6,7.0
1671616600.684000,45.418492,6.632618,1762.825562,346.2,8.237108,2.5,7.7
1671616602.672000,45.418639,6.632568,1760.785394,344.8,7.792272,2.5,8.0
1671616604.681000,45.418780,6.632509,1760.445110,346.6,7.570558,2.5,8.0
1671616606.690000,45.418919,6.632464,1759.155003,348.7,7.551955,2.4,8.0
1671616608.685000,45.419043,6.632447,1753.593791,358.9,6.280153,2.5,8.0
1671616610.687000,45.419179,6.632462,1754.065353,2.0,7.058982,2.5,8.0
1671616612.690000,45.419310,6.632480,1753.558773,3.9,6.240578,2.5,7.6
1671616614.677000,45.419422,6.632500,1752.171267,7.7,5.653885,2.4,7.3
1671616616.672000,45.419528,6.632520,1751.555410,2.5,6.361454,2.4,7.0
1671616618.703000,45.419651,6.632513,1751.447423,358.0,6.343716,2.4,7.2
1671616620.685000,45.419783,6.632532,1751.442048,10.2,7.890778,2.5,6.8
1671616622.683000,45.419944,6.632613,1749.510238,4.3,9.500570,2.4,6.8
1671616623.701000,45.420035,6.632628,1747.085430,358.0,9.626609,2.5,6.7
1671616625.684000,45.420186,6.632644,1746.520241,18.2,6.811830,2.7,6.3
1671616627.682000,45.420273,6.632737,1740.412638,19.3,4.752957,2.5,7.0
1671616631.692000,45.420364,6.632748,1741.087919,10.0,2.641087,2.5,7.7
1671616644.685000,45.420460,6.632759,1739.369419,334.2,1.039720,2.4,4.0
1671616656.362000,45.420467,6.632625,1744.898302,230.7,1.807120,2.7,5.3
1671616662.361000,45.420404,6.632523,1741.111779,217.9,1.614653,2.4,7.7
1671616692.039000,45.420337,6.632435,1740.652651,243.3,1.538214,2.4,4.9
1671616694.402000,45.420271,6.632345,1740.899433,227.3,2.279229,2.4,6.4
1671616696.201000,45.420212,6.632247,1738.420408,231.0,2.989089,2.5,8.3
1671616698.600000,45.420150,6.632140,1739.545214,228.9,3.146341,2.5,9.7
1671616701.521000,45.420099,6.632031,1740.931334,230.3,3.053249,2.4,7.0
1671616705.601000,45.420031,6.631904,1744.101790,229.8,2.973644,2.4,6.9
1671616709.201000,45.419968,6.631787,1754.374040,229.8,2.911067,2.4,7.5
1671616713.401000,45.419900,6.631668,1758.780581,228.5,2.892787,2.5,9.7
1671616717.680000,45.419833,6.631544,1760.121949,233.9,2.848358,2.4,7.3
1671616721.682000,45.419767,6.631424,1758.801692,230.0,3.029280,2.4,6.0
1671616725.677000,45.419697,6.631301,1758.641816,230.0,2.993572,2.6,5.0
1671616729.679000,45.419629,6.631181,1760.119385,230.1,2.935353,2.4,4.0
1671616733.684000,45.419568,6.631068,1763.547557,230.0,2.986263,2.4,4.4
1671616737.176000,45.419509,6.630968,1772.085879,231.0,3.031643,2.4,4.5
1671616740.682000,45.419449,6.630862,1775.020258,232.0,2.974217,2.5,4.5
1671616744.704000,45.419385,6.630746,1777.776675,230.0,2.942324,2.4,4.7
1671616748.699000,45.419322,6.630631,1781.139689,231.0,2.935041,2.4,6.5
1671616752.692000,45.419255,6.630509,1777.106601,231.0,2.934530,2.4,5.1
1671616756.704000,45.419194,6.630401,1780.883120,232.0,3.004676,2.5,4.8
1671616760.688000,45.419132,6.630292,1783.966735,232.0,2.915650,2.4,6.5
1671616764.672000,45.419070,6.630182,1794.882525,231.0,2.863735,2.4,5.9
1671616768.679000,45.419006,6.630072,1799.413712,231.0,2.848942,2.5,5.3
1671616772.371000,45.418949,6.629972,1802.351168,231.0,2.837857,2.5,7.5
1671616776.682000,45.418883,6.629857,1807.420382,230.0,3.082978,2.4,7.5
1671616780.682000,45.418812,6.629734,1809.254017,230.0,2.946645,2.4,6.9
1671616784.685000,45.418747,6.629621,1811.231503,231.0,2.952277,2.4,5.6
1671616788.704000,45.418686,6.629509,1813.011881,231.0,2.955924,2.4,5.6
1671616792.464000,45.418626,6.629405,1817.263913,230.0,2.971702,2.4,5.7
1671616795.677000,45.418568,6.629304,1819.058866,231.0,2.917849,2.5,5.7
1671616799.688000,45.418506,6.629187,1822.246490,231.0,2.891027,2.4,5.8
1671616803.707000,45.418443,6.629078,1825.600541,231.0,2.760573,2.4,4.2
1671616807.586000,45.418383,6.628968,1828.580351,232.0,2.851697,2.4,7.6
1671616811.716000,45.418315,6.628850,1831.936681,231.0,2.865700,2.4,6.3
1671616815.678000,45.418250,6.628737,1835.682157,230.0,2.786736,2.4,4.3
1671616819.683000,45.418189,6.628624,1841.510188,229.1,2.766905,2.5,5.7
1671616823.700000,45.418120,6.628501,1844.888158,229.0,2.975167,2.5,6.0
1671616827.674000,45.418054,6.628383,1845.823214,230.0,2.894382,2.4,6.0
1671616831.681000,45.417990,6.628265,1848.589926,231.0,2.957031,2.4,6.0
1671616835.683000,45.417928,6.628150,1850.345797,230.0,2.874480,2.4,7.0
1671616839.679000,45.417862,6.628033,1851.365414,231.0,2.897485,2.4,6.9
1671616843.699000,45.417792,6.627914,1854.248838,231.0,2.925420,2.4,6.8
1671616847.701000,45.417721,6.627789,1857.068503,231.0,2.908846,2.4,5.7
1671616851.677000,45.417661,6.627680,1861.129845,231.0,2.836875,2.4,6.0
1671616855.675000,45.417596,6.627564,1864.019602,231.0,2.931934,2.4,4.9
1671616859.680000,45.417531,6.627448,1867.735794,231.0,2.933747,2.4,5.1
1671616863.674000,45.417468,6.627337,1871.098688,231.0,2.832214,2.4,5.2
1671616867.693000,45.417408,6.627225,1873.599976,231.0,2.921033,5.7,6.6
1671616871.690000,45.417345,6.627110,1877.090866,231.0,2.824903,3.6,7.4
1671616875.688000,45.417278,6.626997,1881.295501,230.0,2.735526,3.5,6.0
1671616879.676000,45.417216,6.626883,1886.692687,232.0,2.825497,2.5,7.3
1671616883.684000,45.417152,6.626768,1891.106690,232.0,2.787474,2.5,4.3
1671616887.401000,45.417093,6.626668,1895.410698,230.0,2.797167,2.4,6.9
1671616891.700000,45.417028,6.626548,1900.100891,231.0,2.905301,2.4,6.2
1671616894.680000,45.416969,6.626446,1901.219627,231.0,2.932797,3.3,5.1
1671616898.681000,45.416908,6.626336,1904.254762,231.0,2.869110,3.3,6.0
1671616902.691000,45.416842,6.626220,1908.702824,231.0,2.885553,2.8,4.9
1671616906.692000,45.416779,6.626112,1911.646371,230.0,2.931306,2.4,4.0
1671616910.677000,45.416714,6.625996,1915.399173,230.0,2.871108,2.5,4.0
1671616914.675000,45.416648,6.625881,1920.080975,230.0,2.878120,2.4,4.6
1671616918.691000,45.416582,6.625767,1923.245095,230.0,2.885862,2.4,5.3
1671616922.692000,45.416516,6.625650,1927.280640,230.0,2.886790,2.4,4.9
1671616926.670000,45.416455,6.625543,1930.861210,231.0,2.799555,3.6,6.0
1671616930.680000,45.416390,6.625432,1934.160108,231.0,2.835741,7.3,4.6
1671616934.696000,45.416332,6.625327,1940.112124,230.2,2.769015,3.1,3.4
1671616938.693000,45.416266,6.625215,1945.517428,230.0,2.753468,2.5,4.0
1671616942.669000,45.416205,6.625109,1950.791802,230.0,2.742621,2.5,3.6
1671616946.679000,45.416144,6.624999,1956.196063,229.0,2.736667,2.4,3.3
1671616950.702000,45.416086,6.624889,1961.485329,231.0,2.723367,2.4,3.4
1671616954.686000,45.416025,6.624781,1965.783551,232.0,2.704149,3.3,3.9
1671616958.669000,45.415965,6.624677,1972.105986,232.0,2.689742,3.3,3.6
1671616962.693000,45.415903,6.624573,1978.837019,231.0,2.682428,2.8,3.3
1671616966.700000,45.415837,6.624457,1983.694631,231.0,2.661878,2.5,3.6
1671616971.705000,45.415764,6.624324,1992.794570,230.0,2.643492,2.5,3.3
1671616976.690000,45.415690,6.624195,2000.039330,232.0,2.625075,2.4,3.9
1671616981.685000,45.415615,6.624058,2007.330808,230.0,2.642398,2.4,3.6
1671616985.683000,45.415558,6.623951,2009.879800,231.0,2.717661,3.6,3.4
1671616989.674000,45.415495,6.623839,2012.969486,231.0,2.742307,7.4,4.4
1671616993.679000,45.415432,6.623725,2017.146335,231.0,2.765161,2.5,5.0
1671616997.674000,45.415366,6.623610,2023.593356,232.0,2.782168,2.5,3.6
1671617001.698000,45.415306,6.623502,2028.624025,234.0,2.798853,2.4,4.6
1671617005.695000,45.415243,6.623389,2032.298395,231.0,2.781409,2.4,4.9
1671617009.692000,45.415180,6.623276,2036.747341,231.0,2.780073,2.4,3.6
1671617013.689000,45.415120,6.623170,2040.849895,230.0,2.770248,3.9,4.9
1671617017.696000,45.415057,6.623059,2046.463409,230.0,2.764179,3.3,3.9
1671617021.702000,45.414994,6.622948,2049.701165,231.0,2.756652,2.6,3.9
1671617025.680000,45.414936,6.622844,2057.337956,230.0,2.748726,2.6,3.6
1671617029.694000,45.414876,6.622734,2063.725834,231.0,2.719019,2.6,3.9
1671617033.675000,45.414809,6.622617,2067.392045,231.0,2.774388,2.7,3.9
1671617037.698000,45.414743,6.622501,2070.818123,232.0,2.793913,2.4,3.6
1671617041.693000,45.414678,6.622387,2073.993756,232.0,2.795870,3.3,3.8
1671617045.677000,45.414618,6.622280,2077.421952,231.0,2.810814,3.8,3.8
1671617049.687000,45.414555,6.622166,2081.966425,230.1,2.824009,3.7,3.5
1671617053.689000,45.414492,6.622053,2084.747569,231.0,2.831100,2.9,3.6
1671617057.676000,45.414430,6.621939,2090.687084,231.0,2.825373,2.9,3.6
1671617061.688000,45.414366,6.621827,2095.169607,231.0,2.816194,3.0,3.9
1671617065.698000,45.414304,6.621725,2099.626352,231.0,2.803046,2.4,3.7
1671617069.680000,45.414241,6.621614,2103.454994,231.0,2.795120,2.4,3.6
1671617073.694000,45.414176,6.621503,2108.267318,231.0,2.793678,3.7,3.6
1671617077.700000,45.414114,6.621395,2113.224877,231.0,2.782980,2.9,3.2
1671617081.703000,45.414051,6.621283,2117.967702,231.0,2.775540,2.5,3.9
1671617085.700000,45.413992,6.621174,2122.739995,230.0,2.759796,2.5,3.7
1671617089.701000,45.413925,6.621059,2127.918852,230.0,2.793577,2.5,3.8
1671617093.696000,45.413859,6.620945,2131.056861,231.0,2.809071,2.5,3.8
1671617097.721000,45.413792,6.620828,2134.927621,230.0,2.819468,2.4,3.8
1671617101.683000,45.413733,6.620721,2138.663156,231.0,2.817111,3.0,3.5
1671617105.710000,45.413667,6.620606,2142.307654,231.9,2.817618,3.5,3.4
1671617109.700000,45.413601,6.620489,2146.720988,231.0,2.815443,3.4,3.6
1671617113.684000,45.413536,6.620373,2150.226029,231.0,2.801988,2.5,3.4
1671617117.700000,45.413468,6.620257,2156.509660,231.0,2.800562,2.5,3.6
1671617122.710000,45.413392,6.620119,2162.734515,231.0,2.792848,2.4,3.3
1671617127.699000,45.413314,6.619981,2168.400631,231.0,2.783035,2.4,3.9
1671617132.713000,45.413237,6.619843,2174.282296,231.0,2.777109,2.9,3.9
1671617137.700000,45.413166,6.619716,2180.705386,233.0,2.755425,3.0,3.9
1671617141.705000,45.413108,6.619609,2185.371114,231.0,2.770487,2.5,3.9
1671617145.683000,45.413042,6.619497,2188.699056,231.0,2.798394,2.5,3.8
1671617149.684000,45.412978,6.619385,2193.623262,231.0,2.821287,2.5,3.5
1671617153.680000,45.412912,6.619270,2196.730477,230.0,2.813259,2.5,3.1
1671617157.708000,45.412842,6.619152,2199.694599,231.0,2.837044,2.4,3.1
1671617161.682000,45.412777,6.619044,2201.416256,231.0,2.864964,3.0,3.3
1671617165.681000,45.412711,6.618927,2203.649514,231.0,2.884380,3.5,3.9
1671617169.680000,45.412644,6.618808,2206.326540,231.0,2.895786,3.4,3.8
1671617173.678000,45.412580,6.618692,2207.894480,231.0,2.904869,2.5,3.9
1671617177.709000,45.412517,6.618582,2212.844615,231.0,2.903060,2.5,5.1
1671617181.680000,45.412453,6.618466,2215.751872,231.0,2.899470,2.5,4.7
1671617185.691000,45.412388,6.618348,2218.550453,231.0,2.899371,2.4,3.0
1671617189.674000,45.412322,6.618233,2221.358002,231.0,2.892468,2.4,3.6
1671617193.678000,45.412258,6.618120,2224.581118,231.0,2.886872,3.1,4.8
1671617197.363000,45.412200,6.618016,2227.817417,231.0,2.880869,2.8,3.8
1671617201.691000,45.412130,6.617890,2231.731978,231.0,2.868418,2.5,4.6
1671617205.685000,45.412066,6.617774,2235.178283,231.0,2.865870,2.5,4.2
1671617209.676000,45.412001,6.617657,2240.398289,231.0,2.860926,2.5,2.5
1671617213.692000,45.411939,6.617546,2243.313542,232.0,2.834991,2.5,4.6
1671617217.445000,45.411878,6.617440,2245.583789,231.0,2.828277,2.4,4.8
1671617221.677000,45.411806,6.617317,2248.438451,231.0,2.871090,3.0,4.9
1671617225.667000,45.411740,6.617198,2249.813492,231.0,2.892077,3.5,4.9
1671617229.676000,45.411675,6.617082,2252.263830,231.0,2.902282,3.4,4.9
1671617233.696000,45.411610,6.616965,2254.343703,230.0,2.905605,2.5,5.4
1671617237.697000,45.411544,6.616846,2259.342382,231.0,2.910711,2.5,2.0
1671617241.693000,45.411479,6.616729,2262.447238,231.0,2.908648,2.5,3.3
1671617245.685000,45.411414,6.616613,2264.679029,231.9,2.907770,2.4,5.5
1671617249.694000,45.411351,6.616502,2265.820817,231.9,2.937619,2.4,5.0
1671617253.691000,45.411279,6.616373,2265.825996,231.0,2.958514,3.1,4.2
1671617257.688000,45.411211,6.616251,2266.813559,231.0,2.961677,3.0,2.9
1671617266.699000,45.411158,6.616147,2268.654316,-1.0,0.033694,2.5,4.9
1671617271.701000,45.411135,6.615994,2268.071996,287.7,2.846150,2.5,6.0
1671617274.689000,45.411199,6.615888,2266.158009,322.9,3.478580,2.4,6.0
1671617277.697000,45.411317,6.615853,2264.800696,12.0,3.825430,2.4,5.7
1671617280.694000,45.411416,6.615801,2262.404251,323.7,4.019313,2.9,4.3
1671617282.707000,45.411509,6.615725,2259.316856,13.8,4.252925,2.9,4.0
1671617284.711000,45.411604,6.615799,2255.036735,47.6,6.560562,3.0,4.1
1671617286.717000,45.411714,6.615917,2252.838049,357.6,6.016938,2.7,4.6
1671617288.692000,45.411842,6.615852,2249.100086,331.9,7.714745,2.8,5.4
1671617290.696000,45.411982,6.615844,2243.861040,7.2,6.507282,2.8,6.0
1671617292.685000,45.412082,6.615912,2241.250112,11.9,6.419907,2.5,6.0
1671617294.678000,45.412210,6.615878,2236.554859,338.8,6.904455,2.4,6.0
1671617296.675000,45.412326,6.615787,2232.932654,342.6,6.750011,2.4,6.3
1671617298.695000,45.412432,6.615811,2229.182822,18.7,5.939525,2.4,7.2
1671617300.676000,45.412529,6.615828,2225.551852,5.6,5.943372,2.4,7.7
1671617302.684000,45.412627,6.615798,2220.953751,22.8,4.755149,2.4,8.0
1671617305.678000,45.412756,6.615825,2215.751469,3.4,7.142212,2.4,8.0
1671617307.710000,45.412904,6.615826,2210.502078,21.5,8.443910,2.4,8.0
1671617309.679000,45.413065,6.615856,2204.208586,3.9,9.530996,2.8,8.0
1671617311.688000,45.413217,6.615773,2201.634894,329.1,7.655410,2.8,8.0
1671617313.709000,45.413287,6.615582,2200.354051,292.9,6.542675,2.9,8.0
1671617315.700000,45.413299,6.615370,2200.557665,279.0,6.910611,2.6,8.0
1671617317.701000,45.413308,6.615159,2199.094016,270.3,6.847904,2.7,8.0
1671617319.690000,45.413251,6.614960,2196.008400,245.4,7.472819,2.7,8.0
1671617321.685000,45.413191,6.614740,2190.653844,248.6,8.049756,2.4,8.0
1671617323.700000,45.413099,6.614556,2190.067755,228.6,8.323696,2.5,8.0
1671617325.704000,45.412961,6.614410,2186.862945,214.2,9.025817,2.4,8.0
1671617327.701000,45.412827,6.614260,2182.493616,240.2,8.676214,2.5,8.0
1671617329.678000,45.412725,6.614054,2180.728474,250.6,8.528652,2.4,8.0
1671617331.694000,45.412695,6.613836,2176.672243,289.4,7.886693,2.4,8.0
1671617333.686000,45.412748,6.613620,2171.981807,267.5,9.141838,2.4,8.0
1671617335.687000,45.412728,6.613375,2167.069358,260.0,8.371036,2.4,8.0
1671617337.686000,45.412710,6.613165,2164.004154,290.1,7.148705,2.4,8.0
1671617339.681000,45.412828,6.613035,2153.799455,321.9,8.380806,2.8,8.0
1671617341.683000,45.412941,6.612870,2149.018637,295.0,8.871018,2.9,8.0
1671617343.694000,45.412948,6.612651,2142.193750,268.0,7.880692,2.9,8.0
1671617345.674000,45.412939,6.612422,2137.495586,276.7,8.073889,2.6,8.0
1671617347.691000,45.413000,6.612248,2124.694908,310.4,8.442369,2.7,8.0
1671617349.701000,45.413089,6.612068,2118.951737,288.7,9.206978,2.7,8.0
1671617351.694000,45.413180,6.611880,2114.128237,331.8,9.182956,2.4,8.0
1671617353.689000,45.413321,6.611732,2108.883954,304.9,9.131765,2.5,8.0
1671617354.690000,45.413372,6.611616,2107.407074,295.6,8.999397,2.4,8.0
1671617355.680000,45.413406,6.611487,2104.355632,285.1,9.165071,2.4,8.0
1671617356.694000,45.413434,6.611349,2101.485627,284.0,9.907904,2.4,8.0
1671617357.675000,45.413463,6.611214,2099.980036,284.0,9.641311,2.5,8.0
1671617358.698000,45.413491,6.611090,2098.665592,292.1,7.183825,2.4,8.0
1671617361.671000,45.413638,6.611076,2092.045898,349.0,6.942647,2.4,7.3
1671617363.678000,45.413769,6.611021,2087.486416,333.0,7.069507,2.4,7.3
1671617365.682000,45.413899,6.610976,2082.035212,11.6,6.243743,2.4,7.6
1671617367.690000,45.414011,6.611027,2076.401223,13.2,6.152375,2.4,8.0
1671617369.712000,45.414138,6.611030,2072.311800,322.9,6.638004,2.9,8.0
1671617371.708000,45.414244,6.610904,2067.322273,334.8,6.518403,2.9,8.0
1671617373.699000,45.414335,6.610924,2059.276600,25.8,6.445513,2.9,8.0
1671617375.683000,45.414446,6.610980,2055.503827,344.6,7.907346,2.8,8.0
1671617377.687000,45.414579,6.610887,2046.040049,326.3,7.344561,2.8,8.0
1671617379.690000,45.414708,6.610791,2041.424588,350.8,8.811935,2.8,8.0
1671617380.703000,45.414796,6.610758,2035.398385,328.6,8.675809,2.6,8.0
1671617382.674000,45.414891,6.610645,2028.578571,303.5,6.300228,2.5,9.3
1671617384.675000,45.414989,6.610525,2024.168783,0.9,6.551879,2.5,10.7
1671617386.676000,45.415119,6.610524,2017.682097,346.8,7.155608,2.5,10.7
1671617388.671000,45.415214,6.610434,2013.096656,292.7,5.395880,2.4,10.7
1671617390.673000,45.415255,6.610249,2007.726375,310.6,6.293025,2.4,10.7
1671617392.683000,45.415342,6.610190,2000.211770,352.4,6.693823,2.7,12.0
1671617394.681000,45.415463,6.610098,1995.933494,317.1,6.531191,2.4,12.0
1671617395.681000,45.415531,6.610006,1994.757951,321.1,7.786273,2.5,12.0
1671617396.688000,45.415612,6.609937,1992.836502,336.6,7.203854,2.4,11.2
1671617398.675000,45.415730,6.609897,1987.203208,344.5,6.155831,2.4,10.0
1671617400.688000,45.415823,6.609789,1983.742850,282.1,4.363199,2.8,8.0
1671617402.687000,45.415833,6.609644,1980.551163,299.3,5.215774,2.8,8.0
1671617405.690000,45.415932,6.609591,1972.186396,330.4,7.333951,2.8,8.0
1671617407.683000,45.416074,6.609474,1967.011119,353.9,8.465474,2.8,8.0
1671617409.674000,45.416219,6.609407,1959.566910,321.4,8.039276,2.8,9.1
1671617411.675000,45.416311,6.609246,1952.825873,302.3,7.847816,2.5,10.7
1671617413.687000,45.416429,6.609074,1949.096852,320.6,9.350810,2.7,10.7
1671617415.673000,45.416499,6.608869,1945.451667,276.4,9.887117,2.6,9.3
1671617416.689000,45.416500,6.608721,1944.639545,275.0,10.796447,2.7,8.0
1671617417.684000,45.416511,6.608567,1943.595288,271.3,10.509280,2.6,8.0
1671617418.673000,45.416516,6.608406,1941.732466,263.1,10.140426,2.7,8.0
1671617419.691000,45.416510,6.608248,1940.462491,250.2,10.648226,2.5,8.0
1671617420.687000,45.416485,6.608103,1939.350924,251.8,10.346990,2.6,8.0
1671617421.675000,45.416455,6.607959,1937.026058,252.0,10.875501,2.5,8.0
1671617422.688000,45.416423,6.607810,1935.846608,252.0,10.696507,2.5,8.0
1671617423.690000,45.416393,6.607669,1933.982214,254.0,10.385410,2.5,8.0
1671617424.681000,45.416373,6.607527,1933.712207,263.9,10.240295,2.7,7.7
1671617425.676000,45.416373,6.607395,1933.286651,274.9,9.109118,2.5,7.3
1671617427.686000,45.416396,6.607174,1931.687905,279.7,8.078770,2.4,6.7
1671617429.699000,45.416448,6.606986,1931.630060,300.5,7.733461,2.8,6.0
1671617431.701000,45.416557,6.606813,1928.406573,303.7,8.814889,2.9,6.0
1671617433.691000,45.416632,6.606624,1924.164977,296.8,7.558251,2.9,6.0
1671617435.700000,45.416722,6.606439,1923.091437,303.7,8.529299,2.8,6.0
1671617437.697000,45.416829,6.606289,1919.485957,324.7,8.329279,2.7,6.8
1671617439.703000,45.416950,6.606156,1913.777146,315.1,8.436585,2.8,7.6
1671617441.694000,45.417003,6.606006,1907.304947,295.9,6.695513,2.7,8.0
1671617443.686000,45.417059,6.605862,1902.657080,311.8,6.561923,2.7,8.0
1671617445.689000,45.417143,6.605743,1896.662745,311.1,7.028727,2.6,8.0
1671617447.673000,45.417202,6.605570,1891.044420,290.5,8.113331,2.5,8.0
1671617449.676000,45.417288,6.605374,1885.625729,315.6,8.923068,2.7,8.0
1671617450.699000,45.417355,6.605273,1881.190667,308.0,10.408526,2.9,8.0
1671617451.672000,45.417410,6.605159,1878.213815,298.6,10.396756,2.6,8.0
1671617452.692000,45.417450,6.605037,1876.207456,296.1,9.556334,2.5,8.0
1671617454.678000,45.417481,6.604823,1873.214092,289.2,8.356749,2.8,8.0
1671617456.696000,45.417550,6.604604,1869.459455,296.5,9.199070,2.5,8.0
1671617457.694000,45.417592,6.604485,1867.729457,300.8,9.086266,2.5,8.0
1671617459.680000,45.417688,6.604282,1863.794368,309.0,9.464280,2.8,8.0
1671617461.694000,45.417852,6.604168,1856.646805,340.6,10.534474,2.7,8.0
1671617462.688000,45.417941,6.604139,1855.701743,348.4,9.583845,2.7,8.0
1671617463.690000,45.418029,6.604107,1851.267915,330.2,9.687447,2.8,8.0
1671617465.669000,45.418139,6.603959,1847.518117,318.7,7.392880,2.7,9.3
1671617467.683000,45.418269,6.603914,1841.029860,13.8,8.933649,2.8,10.7
1671617469.691000,45.418418,6.603944,1837.796992,332.1,9.494451,2.7,12.0
1671617471.672000,45.418552,6.603802,1831.827708,316.7,9.216263,2.5,12.0
1671617473.678000,45.418672,6.603693,1826.276371,3.3,8.746539,2.6,12.0
1671617475.685000,45.418845,6.603659,1821.908867,353.1,10.810314,2.5,12.0
1671617476.671000,45.418942,6.603633,1821.074833,358.6,10.783961,2.5,12.0
1671617477.695000,45.419039,6.603623,1819.671723,2.4,10.494180,2.7,12.0
1671617478.673000,45.419132,6.603628,1817.759998,8.9,10.064229,2.7,12.0
1671617479.690000,45.419224,6.603643,1815.453477,6.3,10.269867,2.7,12.0
1671617481.667000,45.419392,6.603648,1813.175092,9.9,10.101104,2.6,12.0
1671617482.680000,45.419484,6.603663,1811.618778,10.0,10.248336,2.5,12.0
1671617483.682000,45.419581,6.603683,1809.381571,10.0,11.344517,2.5,12.0
1671617484.691000,45.419687,6.603700,1807.062988,3.1,11.167166,2.8,12.0
1671617485.699000,45.419788,6.603700,1802.532986,357.4,10.335268,2.5,12.0
1671617486.687000,45.419882,6.603689,1801.751332,358.9,10.317690,2.5,12.0
1671617487.682000,45.419980,6.603681,1799.817554,354.3,11.129347,2.5,12.0
1671617488.690000,45.420089,6.603659,1795.411075,354.0,11.717712,2.5,12.0
1671617489.689000,45.420196,6.603636,1794.280026,355.9,11.575554,2.8,12.0
1671617490.693000,45.420304,6.603615,1791.180531,354.0,12.049834,2.8,12.0
1671617491.677000,45.420421,6.603592,1787.912429,351.2,13.154165,2.7,12.0
1671617492.681000,45.420546,6.603559,1783.847830,0.5,12.786439,2.7,12.0
1671617493.691000,45.420666,6.603556,1779.484360,7.8,12.801544,2.8,12.0
1671617494.682000,45.420781,6.603571,1777.550176,357.9,13.061360,2.7,12.0
1671617495.675000,45.420898,6.603554,1774.315179,340.3,13.240016,2.7,12.0
1671617496.673000,45.421007,6.603496,1770.354409,335.0,12.672415,2.9,12.7
1671617497.686000,45.421107,6.603418,1768.000299,326.1,11.561159,2.8,12.8
1671617498.689000,45.421203,6.603325,1766.084908,322.1,11.655620,2.8,12.7
1671617499.673000,45.421299,6.603226,1765.027759,323.0,11.298290,2.8,12.7
1671617500.688000,45.421393,6.603124,1762.569170,308.9,9.605148,2.6,12.8
1671617501.681000,45.421455,6.603013,1758.586266,305.9,10.060188,2.5,12.0
1671617502.678000,45.421514,6.602895,1757.852439,313.8,10.429405,2.6,12.0
1671617503.688000,45.421578,6.602791,1755.028516,300.1,8.730023,2.6,12.0
1671617505.687000,45.421645,6.602582,1746.825096,312.2,8.759052,2.5,13.3
1671617507.685000,45.421741,6.602417,1741.058501,320.2,8.625668,2.7,13.6
1671617509.685000,45.421820,6.602210,1735.202383,271.6,10.590344,2.7,13.3
1671617510.696000,45.421818,6.602060,1731.129838,281.7,11.706079,2.7,12.8
1671617511.686000,45.421826,6.601884,1728.867040,293.8,13.809009,2.6,12.8
1671617512.682000,45.421871,6.601716,1725.648969,294.8,13.791914,2.5,14.7
1671617513.692000,45.421912,6.601538,1721.163263,294.1,13.390825,2.5,16.0
1671617514.675000,45.421955,6.601352,1718.687923,291.4,12.943191,2.8,16.0
1671617515.683000,45.421990,6.601168,1718.027364,279.2,13.179908,2.5,16.7
1671617516.680000,45.422010,6.600952,1715.886148,276.2,12.881217,2.4,16.0
1671617517.690000,45.422019,6.600739,1714.198245,282.5,12.185121,2.5,14.4
1671617518.704000,45.422042,6.600553,1714.184986,287.4,12.066935,2.5,13.6
1671617519.689000,45.422075,6.600381,1712.738795,287.9,13.307345,2.8,12.8
1671617520.698000,45.422110,6.600198,1709.023993,282.3,12.459539,2.8,12.0
1671617521.713000,45.422134,6.600030,1707.815952,282.0,10.790343,2.7,12.0
1671617522.681000,45.422153,6.599895,1707.359146,282.3,10.557711,2.7,12.0
1671617523.669000,45.422182,6.599761,1707.608698,289.5,11.653801,2.8,12.0
1671617524.680000,45.422214,6.599617,1706.146427,290.9,11.567771,2.7,12.0
1671617525.690000,45.422251,6.599479,1704.383696,292.0,11.329535,2.7,12.0
1671617526.672000,45.422284,6.599347,1702.773256,305.7,10.535023,2.9,12.0
1671617527.673000,45.422343,6.599240,1700.493274,321.2,11.460318,2.8,12.0
1671617528.678000,45.422422,6.599150,1696.934823,311.6,11.571983,3.0,12.0
1671617529.695000,45.422488,6.599045,1693.025915,304.4,11.426552,2.7,12.0
1671617530.669000,45.422542,6.598936,1688.179366,312.9,10.812061,2.6,12.0
1671617531.673000,45.422607,6.598845,1686.735266,332.0,10.695045,2.5,12.0
1671617532.680000,45.422691,6.598788,1681.231812,330.5,10.874228,2.6,12.8
1671617533.676000,45.422774,6.598698,1676.860962,301.0,12.433334,2.6,13.3
1671617534.679000,45.422834,6.598567,1673.095044,302.0,12.322462,2.5,14.0
1671617535.666000,45.422894,6.598441,1670.200374,310.6,12.325932,2.5,14.7
1671617536.688000,45.422968,6.598323,1671.012110,313.8,13.331038,2.7,16.0
1671617537.686000,45.423049,6.598201,1665.519247,305.7,13.553542,2.6,16.0
1671617538.691000,45.423118,6.598057,1661.009735,293.3,14.052646,2.7,16.0
1671617539.680000,45.423166,6.597894,1657.207587,302.9,13.601055,2.9,16.0
1671617540.691000,45.423244,6.597734,1655.552597,326.0,12.923694,2.9,16.0
1671617541.679000,45.423354,6.597624,1651.877367,327.9,13.606015,2.6,16.0
1671617542.677000,45.423467,6.597515,1647.497400,315.5,13.462351,2.5,16.0
1671617543.691000,45.423560,6.597386,1643.002036,321.0,12.299889,2.5,16.0
1671617544.673000,45.423651,6.597290,1642.454109,332.5,12.111347,2.8,16.0
1671617545.670000,45.423759,6.597244,1640.129555,350.9,13.925871,2.5,16.0
1671617546.687000,45.423889,6.597216,1637.044924,333.3,15.556924,2.5,16.0
1671617547.668000,45.424013,6.597136,1633.120027,331.6,14.927193,2.5,16.0
1671617548.674000,45.424131,6.597057,1630.848010,336.0,13.345778,2.7,16.0
1671617549.690000,45.424243,6.596997,1629.155746,341.8,13.050760,2.8,16.0
1671617550.700000,45.424357,6.596948,1626.927774,340.3,12.515573,2.8,16.0
1671617551.670000,45.424464,6.596902,1624.941047,343.6,12.616653,2.7,16.0
1671617552.677000,45.424574,6.596857,1623.676938,342.3,11.691077,2.7,17.6
1671617553.686000,45.424678,6.596823,1621.076969,347.7,11.738115,2.8,17.6
1671617554.687000,45.424788,6.596790,1616.957183,346.2,11.755534,2.7,17.3
1671617555.697000,45.424885,6.596739,1614.164177,333.3,9.797463,2.7,17.3
1671617557.685000,45.425031,6.596618,1609.796543,350.7,9.494439,2.9,16.0
1671617559.679000,45.425196,6.596555,1603.972345,343.3,9.059127,2.7,16.0
1671617561.686000,45.425323,6.596438,1597.023998,332.0,6.968235,2.5,15.3
1671617563.668000,45.425453,6.596358,1592.750827,347.9,8.145916,2.6,14.0
1671617565.666000,45.425609,6.596253,1588.005133,335.4,9.103605,2.5,12.7
1671617566.686000,45.425685,6.596185,1583.449913,332.4,9.176018,2.6,12.0
1671617567.688000,45.425764,6.596119,1582.873448,335.1,9.645033,2.6,12.0
1671617568.681000,45.425863,6.596065,1580.598879,344.9,11.765625,2.7,12.0
1671617569.669000,45.425969,6.596012,1576.920983,344.9,11.848639,2.9,12.0
1671617570.671000,45.426070,6.595948,1572.731900,336.2,10.883301,2.9,12.0
1671617571.688000,45.426162,6.595871,1569.360743,334.0,10.685033,2.6,12.0
1671617572.696000,45.426241,6.595749,1566.618799,317.2,11.422035,2.5,12.0
1671617573.677000,45.426311,6.595623,1566.476733,316.6,11.304267,2.5,12.0
1671617574.696000,45.426381,6.595497,1561.495990,315.3,11.346114,2.8,12.0
1671617575.677000,45.426448,6.595365,1558.684988,312.4,11.954839,2.6,12.0
1671617576.679000,45.426522,6.595242,1555.652346,316.8,11.871719,2.5,12.0
1671617577.696000,45.426602,6.595139,1555.380168,323.8,11.567927,2.5,12.0
1671617578.692000,45.426684,6.595059,1551.402259,326.7,11.795702,2.7,12.0
1671617579.706000,45.426775,6.595011,1546.983383,335.0,11.479548,2.8,12.0
1671617580.689000,45.426862,6.594953,1544.894918,332.0,10.959719,2.8,12.0
1671617582.679000,45.427005,6.594833,1541.123105,329.9,9.622870,2.7,12.0
1671617584.704000,45.427126,6.594856,1534.460691,9.5,7.020777,2.7,12.0
1671617586.664000,45.427249,6.594893,1528.045131,2.1,8.260859,2.9,10.7
1671617588.665000,45.427419,6.594893,1523.286022,357.8,9.721703,3.0,10.0
1671617589.693000,45.427511,6.594898,1516.904585,3.4,10.085273,2.7,10.7
1671617590.674000,45.427600,6.594913,1509.783327,7.0,10.269613,2.6,11.3
1671617591.662000,45.427691,6.594922,1505.691479,3.7,10.320638,2.5,14.0
1671617592.680000,45.427782,6.594934,1502.182731,2.8,10.307945,2.6,18.4
1671617593.694000,45.427876,6.594946,1496.497736,2.0,10.960835,2.6,20.8
1671617594.694000,45.427976,6.594960,1495.085786,2.3,11.629771,2.5,22.4
1671617595.666000,45.428073,6.594973,1492.151841,3.5,11.537753,2.5,22.7
1671617596.674000,45.428168,6.595004,1487.492584,4.2,11.699796,2.6,22.4
1671617597.688000,45.428267,6.595024,1484.560944,1.7,12.003949,2.6,20.8
1671617598.699000,45.428367,6.595027,1481.606878,356.5,11.960181,2.7,19.2
1671617599.684000,45.428459,6.595033,1480.333871,0.2,11.333313,2.6,18.7
1671617601.678000,45.428650,6.595044,1472.663630,0.6,12.132872,2.6,16.0
1671617602.688000,45.428760,6.595047,1468.965284,0.4,12.559954,2.5,16.0
1671617603.693000,45.428870,6.595042,1465.774478,357.1,11.766006,2.5,16.0
1671617604.684000,45.428981,6.595033,1462.110804,356.0,11.675864,2.8,16.0
1671617605.703000,45.429095,6.594974,1457.528047,337.8,12.005030,2.6,16.0
1671617606.677000,45.429208,6.594902,1453.992767,332.4,12.155783,2.5,16.0
1671617607.688000,45.429325,6.594818,1451.948618,330.4,12.702129,2.5,16.0
1671617608.678000,45.429446,6.594734,1450.355891,333.2,13.319622,2.7,16.0
1671617609.700000,45.429577,6.594637,1447.578847,328.1,13.871128,2.8,16.0
1671617610.701000,45.429702,6.594529,1443.509018,324.1,13.806668,2.8,16.0
1671617611.685000,45.429828,6.594410,1441.737009,323.2,13.750364,2.8,15.2
1671617612.694000,45.429946,6.594296,1439.946793,324.0,13.694860,2.7,14.4
1671617613.693000,45.430059,6.594201,1437.709118,327.9,13.263226,2.8,13.6
1671617614.673000,45.430166,6.594115,1436.323729,327.9,13.032241,2.7,13.3
1671617615.695000,45.430267,6.594026,1434.250231,327.2,12.678016,2.7,13.3
1671617616.684000,45.430358,6.593944,1432.618301,327.3,12.393821,2.9,13.3
1671617618.691000,45.430533,6.593921,1425.678132,350.8,10.299950,3.0,16.0
1671617620.693000,45.430693,6.593922,1420.718066,5.4,9.698365,2.5,17.3
1671617622.693000,45.430854,6.593977,1416.688974,20.6,10.205206,2.6,17.6
1671617624.692000,45.431007,6.594077,1412.523092,27.2,10.653775,2.6,14.4
1671617626.684000,45.431156,6.594160,1410.903194,30.7,10.403291,2.6,12.8
1671617628.675000,45.431276,6.594289,1407.890385,49.8,9.437634,2.7,12.0
1671617630.695000,45.431355,6.594502,1405.696759,63.0,10.448850,2.7,12.0
1671617631.692000,45.431395,6.594618,1404.065303,63.0,10.493627,2.6,12.0
1671617632.673000,45.431439,6.594732,1402.855638,64.0,10.148163,2.5,12.0
1671617633.670000,45.431481,6.594851,1402.157079,64.0,11.418750,2.8,14.0
1671617634.690000,45.431528,6.594990,1401.051398,78.8,9.876833,2.6,13.6
1671617636.694000,45.431547,6.595219,1399.490289,88.7,8.690891,2.5,12.8
1671617638.698000,45.431570,6.595430,1398.662747,76.0,9.119319,2.9,8.8
1671617640.667000,45.431604,6.595655,1396.735115,76.7,9.344721,2.8,8.7
1671617642.691000,45.431639,6.595900,1394.540581,77.0,10.695571,2.8,8.0
1671617643.676000,45.431659,6.596034,1393.118710,78.8,10.679528,2.6,8.0
1671617644.684000,45.431676,6.596170,1392.216777,78.7,10.222219,2.7,8.0
1671617646.688000,45.431712,6.596408,1392.637135,78.0,8.325552,3.0,8.0
1671617648.684000,45.431727,6.596616,1389.792393,89.0,7.340103,2.7,8.0
1671617650.708000,45.431716,6.596786,1389.552606,98.0,5.972188,2.6,8.0
1671617652.690000,45.431686,6.596920,1389.400844,105.0,5.094900,2.6,8.0
1671617655.692000,45.431636,6.597086,1389.827269,109.0,3.579136,2.6,8.0
1671617658.705000,45.431584,6.597214,1388.874386,114.1,3.457339,2.6,8.0
1671617661.264000,45.431548,6.597341,1388.968007,108.6,3.786927,2.5,15.3
1671617664.744000,45.431503,6.597494,1389.111632,110.9,3.664107,2.7,19.1
1671617667.683000,45.431446,6.597609,1388.770413,126.5,3.114082,2.9,11.0
1671617687.815000,45.431471,6.597666,1388.445541,60.1,0.000000,2.7,4.6
1671617687.815000,45.431471,6.597666,1388.445541,60.1,0.000000,2.7,4.6
1671617718.568000,45.431536,6.597613,1392.140088,354.7,0.332378,2.7,7.0
1671617760.720000,45.431474,6.597724,1392.534385,154.8,2.893971,5.2,9.9
1671617762.443000,45.431378,6.597817,1393.101993,147.8,3.878779,5.3,10.1
1671617764.199000,45.431277,6.597905,1394.558905,150.1,3.620306,4.3,10.6
1671617766.598000,45.431199,6.597983,1401.000000,147.6,3.952227,3.0,10.6
1671617769.598000,45.431092,6.598073,1404.951584,149.3,3.862105,2.7,10.6
1671617772.598000,45.430999,6.598147,1412.653668,149.4,3.582173,3.0,10.4
1671617775.597000,45.430909,6.598228,1417.843267,149.1,3.867157,2.8,10.4
1671617778.596000,45.430814,6.598308,1422.431231,145.3,3.912823,2.8,10.5
1671617781.596000,45.430722,6.598380,1427.013250,151.2,4.090935,5.6,10.2
1671617784.684000,45.430625,6.598459,1427.697483,149.0,4.061443,5.7,9.6
1671617787.697000,45.430528,6.598536,1429.709060,150.0,3.915748,4.7,6.9
1671617790.670000,45.430434,6.598612,1433.702120,150.0,3.914362,5.5,6.0
1671617793.677000,45.430339,6.598690,1436.897490,151.0,4.075182,3.1,6.0
1671617796.692000,45.430254,6.598756,1439.438367,149.0,3.922328,2.9,6.0
1671617799.683000,45.430155,6.598833,1442.711493,150.0,3.880255,2.9,6.0
1671617802.682000,45.430061,6.598906,1445.634740,151.0,3.951778,3.1,6.0
1671617805.683000,45.429968,6.598978,1449.529293,149.0,3.880514,2.7,6.0
1671617808.672000,45.429876,6.599049,1454.119210,149.0,3.826045,2.8,6.0
1671617811.675000,45.429786,6.599122,1458.064505,151.0,3.867756,6.4,6.0
1671617814.674000,45.429695,6.599198,1461.628563,149.0,4.144154,6.0,6.0
1671617817.663000,45.429601,6.599274,1463.207012,149.0,3.935362,4.8,6.0
1671617820.685000,45.429505,6.599351,1466.567570,150.0,3.896373,5.7,6.0
1671617823.673000,45.429412,6.599426,1469.391968,150.0,3.942105,3.1,6.0
1671617826.687000,45.429319,6.599502,1471.441196,150.0,3.960250,2.9,6.0
1671617829.672000,45.429227,6.599575,1474.170529,150.0,3.954282,3.2,6.8
1671617832.714000,45.429118,6.599664,1477.510891,150.0,3.909734,3.2,6.0
1671617835.684000,45.429038,6.599729,1481.149863,149.0,3.879267,2.8,6.0
1671617838.680000,45.428938,6.599809,1484.947256,149.1,3.978598,3.0,6.0
1671617841.670000,45.428854,6.599877,1487.654208,150.0,4.090163,4.8,6.0
1671617844.676000,45.428756,6.599953,1490.345702,150.0,3.846315,4.9,6.0
1671617847.697000,45.428653,6.600035,1494.313601,149.0,3.859966,5.9,6.0
1671617867.703000,45.428617,6.600065,1499.412014,-1.0,0.000000,2.7,6.0
1671617867.703000,45.428617,6.600065,1499.412014,-1.0,0.000000,2.7,6.0
1671617920.693000,45.428576,6.600116,1500.853573,150.0,1.211165,3.0,6.0
1671617925.669000,45.428488,6.600179,1503.988639,150.0,2.467754,2.8,6.0
1671617929.677000,45.428389,6.600256,1511.183935,148.0,3.169351,3.1,6.0
1671617932.703000,45.428292,6.600334,1512.734057,149.0,4.009490,6.0,6.0
1671617935.691000,45.428195,6.600403,1513.192769,151.0,4.034489,6.0,6.0
1671617938.686000,45.428098,6.600474,1515.751581,145.0,4.182016,6.6,6.0
1671617941.674000,45.428001,6.600558,1518.458252,150.0,3.932521,4.2,6.0
1671617944.674000,45.427904,6.600638,1522.990778,150.0,3.970494,3.3,6.0
1671617947.672000,45.427812,6.600715,1523.324278,150.0,3.970196,2.7,6.0
1671617950.681000,45.427715,6.600790,1525.866810,148.0,4.191518,3.4,6.0
1671617953.696000,45.427610,6.600872,1527.476850,150.0,4.118561,4.5,6.0
1671617956.676000,45.427523,6.600935,1530.219972,151.0,4.101100,3.0,4.9
1671617959.702000,45.427427,6.601013,1532.307446,149.0,4.078952,3.1,3.6
1671617962.688000,45.427339,6.601081,1532.186552,151.0,4.059442,6.7,3.4
1671617965.687000,45.427247,6.601154,1534.013075,149.0,4.003296,6.2,3.0
1671617968.695000,45.427150,6.601231,1540.363701,150.0,3.946314,7.1,3.6
1671617971.688000,45.427069,6.601295,1545.606241,150.0,3.897198,11.9,3.9
1671617974.714000,45.426979,6.601366,1550.337640,150.0,3.867255,3.2,3.9
1671617977.708000,45.426891,6.601434,1552.701174,150.0,3.835270,2.7,3.9
1671617980.683000,45.426800,6.601502,1558.108757,150.0,3.832453,3.4,3.6
1671617983.679000,45.426709,6.601572,1562.489331,150.0,3.834237,4.5,3.6
1671617986.668000,45.426619,6.601643,1567.487342,150.0,3.832294,3.0,3.6
1671617989.697000,45.426530,6.601716,1572.804144,150.0,3.829283,3.1,3.5
1671617992.687000,45.426440,6.601790,1575.132309,150.0,3.833990,6.7,3.5
1671617995.699000,45.426344,6.601869,1578.339034,150.0,3.833919,6.5,3.5
1671617998.706000,45.426262,6.601938,1585.411788,150.0,3.827519,7.1,2.9
1671618001.691000,45.426174,6.602012,1590.508052,150.0,3.818943,11.9,3.1
1671618004.699000,45.426081,6.602089,1595.456136,150.0,3.801730,3.2,3.5
1671618007.687000,45.425999,6.602157,1598.118550,150.0,3.793215,2.7,3.6
1671618010.678000,45.425911,6.602232,1602.576135,149.0,3.779418,4.4,3.2
1671618013.682000,45.425825,6.602304,1607.666644,149.0,3.766098,4.0,2.7
1671618016.687000,45.425740,6.602374,1614.429855,151.0,3.742375,3.0,2.2
1671618019.704000,45.425646,6.602451,1623.055526,150.0,3.761398,2.9,3.1
1671618022.679000,45.425561,6.602520,1621.621720,150.0,3.791979,6.3,3.9
1671618025.689000,45.425468,6.602596,1625.516294,150.0,3.810241,7.2,3.2
1671618028.680000,45.425380,6.602667,1632.441824,150.0,3.825430,7.3,3.9
1671618031.671000,45.425292,6.602741,1637.090715,149.0,3.823591,14.2,3.4
1671618034.692000,45.425198,6.602818,1636.947469,150.0,3.823662,3.0,3.1
1671618037.684000,45.425113,6.602886,1642.307640,150.0,3.819779,2.8,3.0
1671618040.677000,45.425020,6.602961,1647.372704,150.0,3.835396,5.0,3.4
1671618043.677000,45.424931,6.603034,1651.386967,150.0,3.837279,3.5,3.6
1671618046.678000,45.424841,6.603105,1659.876227,150.0,3.826573,2.9,3.6
1671618049.709000,45.424749,6.603181,1665.364857,150.0,3.807880,3.9,3.6
1671618052.694000,45.424666,6.603246,1665.032970,150.0,3.785623,6.9,2.9
1671618055.710000,45.424577,6.603318,1672.831565,150.0,3.769947,8.7,2.3
1671618058.706000,45.424492,6.603386,1676.855510,150.0,3.749189,5.7,3.4
1671618061.710000,45.424400,6.603464,1685.006040,150.0,3.792821,3.3,3.5
1671618064.693000,45.424302,6.603544,1682.894266,150.0,3.833661,2.9,3.6
1671618067.684000,45.424217,6.603614,1687.479901,149.0,3.850936,4.2,3.6
1671618070.677000,45.424123,6.603689,1691.007383,150.0,3.860867,3.7,2.9
1671618073.679000,45.424035,6.603760,1698.421300,150.0,3.861363,2.4,2.0
1671618076.671000,45.423943,6.603833,1701.729810,149.0,3.858536,2.5,2.9
1671618079.691000,45.423847,6.603911,1705.762153,150.0,3.861168,5.7,3.9
1671618082.684000,45.423762,6.603980,1706.645882,150.0,3.869060,4.8,3.5
1671618085.702000,45.423667,6.604056,1713.285203,149.0,3.869199,5.0,3.6
1671618088.698000,45.423580,6.604126,1717.136232,150.0,3.862738,4.3,2.7
1671618091.670000,45.423491,6.604199,1723.594859,150.0,3.850062,3.1,2.2
1671618094.692000,45.423401,6.604273,1722.868392,150.0,3.830956,2.7,3.9
1671618097.694000,45.423316,6.604342,1732.028799,150.0,3.806048,6.1,3.4
1671618100.697000,45.423218,6.604424,1735.049290,150.0,3.836333,2.7,3.5
1671618103.700000,45.423138,6.604494,1737.989828,150.0,3.862867,2.4,3.5
1671618106.694000,45.423043,6.604572,1743.010042,149.0,3.890125,2.5,3.0
1671618109.693000,45.422952,6.604644,1744.350195,150.0,3.906130,2.9,3.1
1671618112.683000,45.422862,6.604716,1749.086782,150.0,3.907161,5.5,3.3
1671618115.701000,45.422764,6.604795,1752.258772,151.0,3.906286,4.2,3.3
1671618118.669000,45.422682,6.604862,1753.941826,150.0,3.897336,2.6,3.6
1671618121.693000,45.422585,6.604938,1757.271469,150.0,3.901401,2.5,3.8
1671618124.677000,45.422503,6.605004,1761.172386,150.0,3.953123,2.5,3.4
1671618127.688000,45.422404,6.605092,1765.804468,150.0,4.009690,3.0,3.6
1671618130.686000,45.422313,6.605172,1768.364978,149.0,4.008370,3.2,4.0
1671618133.670000,45.422221,6.605256,1773.207937,150.0,4.003027,2.6,3.8
1671618136.681000,45.422136,6.605335,1775.815285,150.9,3.998141,2.5,3.7
1671618139.676000,45.422042,6.605425,1778.770652,150.0,3.988958,7.8,3.7
1671618142.696000,45.421958,6.605493,1781.472669,151.0,3.983876,4.4,3.8
1671618145.687000,45.421850,6.605580,1782.784692,150.0,3.988756,3.1,3.8
1671618148.698000,45.421756,6.605657,1785.265271,151.0,3.973654,2.7,3.5
1671618151.680000,45.421667,6.605738,1790.629236,150.0,3.970576,2.5,3.4
1671618154.691000,45.421578,6.605809,1794.138023,150.0,3.961468,2.6,3.5
1671618157.692000,45.421486,6.605876,1798.645808,150.0,3.947103,2.8,3.8
1671618160.695000,45.421382,6.605951,1804.886267,150.0,3.923905,2.6,3.3
1671618163.703000,45.421283,6.606022,1809.384625,150.0,3.899923,2.5,3.3
1671618166.694000,45.421189,6.606089,1809.050809,151.0,3.877634,2.6,3.5
1671618169.671000,45.421101,6.606156,1813.546803,149.0,3.856275,2.6,3.5
1671618172.684000,45.421011,6.606228,1819.245669,150.0,3.881335,3.1,3.6
1671618175.679000,45.420919,6.606303,1823.655352,150.0,3.902008,4.7,3.3
1671618178.693000,45.420828,6.606378,1825.207792,150.0,3.915913,2.4,3.7
1671618181.692000,45.420734,6.606448,1828.193005,150.0,3.921588,2.5,3.2
1671618184.684000,45.420647,6.606517,1830.768283,150.0,3.919182,2.8,3.2
1671618187.677000,45.420555,6.606592,1837.935603,150.0,3.909934,5.6,3.3
1671618190.675000,45.420464,6.606664,1842.348957,150.0,3.907995,2.5,3.0
1671618193.681000,45.420376,6.606736,1841.285917,150.0,3.906734,2.6,3.0
1671618196.688000,45.420286,6.606811,1847.612587,150.0,3.904396,3.1,3.3
1671618199.694000,45.420196,6.606886,1851.100699,150.0,3.906096,3.0,3.2
1671618202.712000,45.420102,6.606962,1855.688225,149.0,3.904590,3.1,3.1
1671618205.705000,45.420009,6.607030,1859.176377,150.0,3.893419,2.4,3.7
1671618208.704000,45.419917,6.607100,1863.115355,150.0,3.874016,2.5,3.9
1671618211.675000,45.419826,6.607170,1867.547029,150.0,3.863443,2.6,3.6
1671618214.674000,45.419730,6.607247,1873.532435,150.0,3.844759,3.0,3.6
1671618217.697000,45.419647,6.607315,1880.786294,150.0,3.825396,2.6,3.5
1671618220.680000,45.419554,6.607390,1883.306680,150.0,3.853129,2.5,2.6
1671618223.714000,45.419452,6.607473,1884.756455,150.0,3.873619,3.1,2.8
1671618226.677000,45.419373,6.607538,1889.223918,150.0,3.877689,3.2,2.9
1671618229.687000,45.419279,6.607617,1892.407122,150.0,3.882559,3.0,3.9
1671618232.693000,45.419194,6.607687,1897.703096,150.0,3.880293,5.0,3.4
1671618235.674000,45.419103,6.607759,1901.627488,150.0,3.882669,2.5,3.2
1671618238.686000,45.419008,6.607835,1904.386467,150.0,3.874061,2.4,3.9
1671618241.700000,45.418922,6.607904,1909.756255,150.0,3.869033,3.2,3.6
1671618244.685000,45.418831,6.607980,1914.267573,150.0,3.860987,6.5,3.6
1671618247.680000,45.418742,6.608050,1921.101460,150.0,3.851522,2.7,3.6
1671618250.674000,45.418652,6.608122,1921.898563,150.0,3.839931,3.3,3.9
1671618253.690000,45.418558,6.608198,1924.484769,150.0,3.829728,2.6,3.9
1671618256.695000,45.418471,6.608268,1930.727264,150.0,3.845991,3.1,3.9
1671618259.685000,45.418383,6.608341,1936.414662,146.0,3.830936,4.7,5.1
1671618262.680000,45.418294,6.608413,1939.544303,150.8,3.872686,2.4,4.8
1671618265.684000,45.418198,6.608486,1943.295798,150.8,3.874339,2.4,4.9
1671618268.674000,45.418113,6.608573,1948.364895,150.7,3.817473,3.2,3.9
1671618271.692000,45.418016,6.608649,1950.517181,150.0,3.830047,6.1,4.0
1671618274.695000,45.417917,6.608722,1953.430975,150.0,3.857075,2.5,4.0
1671618277.673000,45.417822,6.608793,1954.578244,150.0,3.902065,2.5,4.0
1671618280.674000,45.417729,6.608869,1953.854248,150.0,3.929282,3.1,3.9
1671618283.680000,45.417634,6.608945,1954.756399,150.0,3.962565,3.3,3.5
1671618286.673000,45.417535,6.609021,1956.188665,149.9,3.995836,2.9,3.2
1671618289.688000,45.417432,6.609101,1957.528777,150.0,4.013798,4.9,3.7
1671618292.678000,45.417344,6.609176,1957.870749,149.1,3.888909,2.5,4.0
1671618312.697000,45.417298,6.609237,1956.393120,147.0,0.000000,3.0,6.4
1671618312.697000,45.417298,6.609237,1956.393120,147.0,0.000000,3.0,6.4
1671618316.703000,45.417277,6.609262,1956.857357,147.1,0.151031,2.9,7.0
1671618320.682000,45.417191,6.609349,1956.537133,-1.0,0.057398,2.6,6.0
1671618331.692000,45.417099,6.609379,1960.345482,-1.0,0.040578,2.8,4.7
1671618339.689000,45.416991,6.609369,1954.311578,192.0,1.568082,2.5,4.9
1671618344.685000,45.416906,6.609283,1956.402809,228.0,1.896900,3.0,4.7
1671618348.677000,45.416818,6.609147,1954.924781,230.6,2.616052,2.6,3.6
1671618350.697000,45.416751,6.609015,1951.659405,242.3,7.688807,2.6,3.7
1671618351.696000,45.416708,6.608893,1949.565059,247.0,9.486034,2.6,4.0
1671618352.693000,45.416668,6.608753,1947.436539,247.0,10.249524,2.7,4.3
1671618353.697000,45.416629,6.608615,1947.271868,246.2,9.976612,3.3,4.7
1671618354.691000,45.416588,6.608485,1946.412169,245.5,10.106966,3.4,5.3
1671618355.689000,45.416539,6.608352,1944.305550,240.8,11.189346,3.1,6.0
1671618356.693000,45.416487,6.608222,1941.700073,242.0,10.846492,5.5,6.0
1671618357.687000,45.416442,6.608094,1941.700073,244.2,10.612655,6.6,6.0
1671618358.697000,45.416399,6.607963,1941.700073,245.0,10.966970,2.8,6.0
1671618359.679000,45.416363,6.607833,1941.700073,248.9,10.670606,2.8,6.0
1671618360.696000,45.416330,6.607707,1941.700073,249.0,10.064140,2.7,6.0
1671618362.672000,45.416265,6.607496,1938.197413,239.1,7.743573,2.7,6.0
1671618364.686000,45.416217,6.607352,1934.688175,253.8,5.472107,3.0,6.0
1671618368.670000,45.416172,6.607208,1933.447358,225.0,2.317860,3.6,6.0
1671618376.687000,45.416086,6.607149,1932.739117,208.0,1.359375,2.6,6.9
1671618406.564000,45.416001,6.607076,1931.105072,201.8,1.520410,2.6,5.0
1671618408.363000,45.415914,6.607034,1931.135553,203.4,2.789689,2.6,7.7
1671618410.642000,45.415811,6.606986,1933.331571,198.8,3.533287,2.6,10.3
1671618412.443000,45.415716,6.606943,1936.183906,198.7,3.822774,2.7,10.2
1671618414.784000,45.415621,6.606897,1941.700073,199.3,3.170383,6.0,10.4
1671618417.161000,45.415509,6.606853,1944.851245,200.4,3.147518,2.6,10.5
1671618420.642000,45.415389,6.606801,1947.380989,198.7,3.327265,2.5,9.9
1671618423.640000,45.415295,6.606761,1950.794811,200.8,3.463207,2.5,8.1
1671618427.682000,45.415180,6.606704,1958.840844,201.9,3.251136,2.9,9.8
1671618430.563000,45.415093,6.606662,1961.266935,199.7,3.186542,2.6,10.2
1671618433.561000,45.415004,6.606616,1967.641108,200.2,3.311113,2.5,9.1
1671618436.561000,45.414918,6.606576,1973.003299,200.7,3.371786,2.6,7.0
1671618440.760000,45.414803,6.606517,1982.309140,201.7,3.249630,2.8,7.5
1671618444.672000,45.414695,6.606460,1991.550091,199.0,3.324051,6.0,6.2
1671618448.674000,45.414587,6.606405,1999.002555,199.0,3.434770,2.6,4.6
1671618451.679000,45.414493,6.606354,2000.264275,199.0,3.562299,2.5,5.1
1671618454.675000,45.414406,6.606307,2001.434489,199.0,3.543904,2.6,4.7
1671618458.685000,45.414292,6.606250,2012.312814,199.0,3.512959,2.5,4.0
1671618462.704000,45.414182,6.606192,2019.543954,199.0,3.308759,2.5,5.6
1671618466.687000,45.414076,6.606136,2027.454905,199.0,3.788594,2.6,4.6
1671618469.676000,45.413977,6.606085,2030.940447,199.0,3.525238,2.5,4.0
1671618472.668000,45.413882,6.606036,2034.910620,200.0,3.431523,5.2,4.0
1671618475.688000,45.413789,6.605987,2037.953780,199.0,3.596389,2.5,4.0
1671618478.675000,45.413698,6.605939,2038.080777,200.0,3.475039,2.4,4.0
1671618481.679000,45.413609,6.605892,2037.449404,199.0,3.474019,2.5,4.0
1671618484.687000,45.413512,6.605841,2036.076767,200.0,3.666786,2.6,4.0
1671618487.668000,45.413423,6.605803,2042.572464,199.0,3.703513,2.6,4.0
1671618491.674000,45.413304,6.605746,2046.546894,199.0,3.720553,2.8,4.0
1671618494.690000,45.413199,6.605695,2046.307645,199.0,3.663786,2.5,4.0
1671618498.698000,45.413079,6.605636,2049.247980,199.0,3.425068,2.7,5.6
1671618501.692000,45.412982,6.605588,2056.254146,199.0,3.551263,3.1,6.0
1671618505.691000,45.412866,6.605533,2064.193602,200.0,3.279536,2.6,5.0
1671618509.691000,45.412758,6.605478,2067.110598,200.0,3.252971,2.5,5.3
1671618512.676000,45.412670,6.605431,2072.813375,200.0,3.262974,2.5,5.7
1671618516.676000,45.412559,6.605375,2082.503815,200.0,3.243050,2.8,4.0
1671618517.006000,45.412449,6.605319,2090.042439,199.0,3.255586,2.8,4.0
1671618521.003000,45.412341,6.605263,2097.013530,199.0,3.130532,2.6,4.0
1671618525.003000,45.412234,6.605208,2106.393437,199.0,3.165203,2.5,4.0
1671618529.015000,45.412130,6.605156,2117.891201,199.0,3.012522,5.8,4.0
1671618532.994000,45.412027,6.605101,2125.888190,200.0,3.058196,2.5,4.0
1671618536.984000,45.411923,6.605050,2132.923731,199.9,2.916673,2.5,5.0
1671618540.998000,45.411821,6.605000,2137.294100,200.7,3.066500,2.5,6.0
1671618545.016000,45.411719,6.604950,2152.287810,199.0,2.899150,2.6,6.0
1671618549.005000,45.411626,6.604903,2162.976024,198.8,3.464112,2.6,4.8
1671618552.009000,45.411534,6.604856,2168.178192,200.0,3.166252,2.6,4.0
1671618556.032000,45.411421,6.604798,2176.939690,199.0,3.332395,2.7,4.0
1671618560.024000,45.411309,6.604744,2188.146386,200.0,3.163576,2.5,4.0
1671618564.010000,45.411204,6.604692,2194.237042,199.0,3.117370,2.4,4.0
1671618568.009000,45.411095,6.604638,2199.895605,200.0,3.253423,2.5,4.0
1671618572.024000,45.410989,6.604585,2210.816653,198.0,3.266649,2.8,4.0
1671618576.029000,45.410882,6.604532,2219.415648,198.0,3.241649,2.7,4.0
1671618580.034000,45.410769,6.604472,2226.829441,199.0,3.055424,2.6,4.0
1671618584.021000,45.410679,6.604424,2236.976141,199.0,3.038860,2.5,4.0
1671618588.007000,45.410582,6.604373,2249.236394,199.4,3.223191,5.8,4.0
1671618591.016000,45.410485,6.604323,2255.832191,200.0,3.313259,2.5,4.0
1671618595.000000,45.410383,6.604270,2256.163675,198.9,3.363517,2.4,4.3
1671618598.998000,45.410272,6.604212,2262.480920,200.0,3.384694,2.6,5.3
1671618603.015000,45.410163,6.604153,2276.484807,201.0,3.239974,2.9,4.0
1671618606.995000,45.410056,6.604096,2283.931286,200.0,3.237896,2.5,4.0
1671618610.999000,45.409951,6.604036,2291.773999,200.0,3.177878,2.6,4.0
1671618615.005000,45.409846,6.603981,2302.562795,200.0,3.192765,2.6,4.4
1671618619.029000,45.409741,6.603927,2313.816608,201.0,3.053886,2.5,6.0
1671618623.016000,45.409639,6.603872,2320.805068,199.0,3.562137,2.4,5.8
1671618626.007000,45.409541,6.603820,2323.479723,199.0,3.394918,2.5,4.9
1671618629.022000,45.409455,6.603773,2323.831478,200.0,3.329230,2.5,5.2
1671618632.026000,45.409366,6.603725,2333.153897,203.0,3.194021,2.5,5.2
1671618635.023000,45.409275,6.603677,2339.707304,200.0,3.324867,2.7,4.3
1671618638.019000,45.409181,6.603630,2341.555612,200.0,3.454855,2.5,5.6
1671618641.041000,45.409087,6.603581,2345.525877,200.0,3.522041,2.5,6.0
1671618643.994000,45.408998,6.603535,2350.066855,199.0,3.557976,2.7,6.0
1671618646.994000,45.408908,6.603491,2356.288243,199.0,3.609841,5.6,6.0
1671618650.017000,45.408819,6.603445,2360.708169,199.0,3.633927,2.5,6.0
1671618653.040000,45.408730,6.603399,2360.682380,199.0,3.551761,2.5,6.0
1671618656.028000,45.408640,6.603354,2364.164866,199.0,3.540732,2.5,6.0
1671618659.026000,45.408551,6.603309,2370.210815,199.0,3.527478,2.9,5.7
1671618663.005000,45.408437,6.603250,2374.368703,199.0,3.550481,2.5,4.2
1671618666.024000,45.408340,6.603199,2379.296413,199.0,3.562253,2.5,3.6
1671618669.039000,45.408249,6.603151,2381.944040,200.0,3.564657,2.6,2.9
1671618672.036000,45.408159,6.603103,2385.919914,200.0,3.568213,2.7,3.4
1671618675.031000,45.408070,6.603058,2391.447142,199.0,3.580451,2.8,2.9
1671618678.012000,45.407979,6.603010,2396.362074,199.0,3.590806,2.5,2.5
1671618680.989000,45.407886,6.602960,2394.564665,199.0,3.633332,2.5,2.6
1671618683.997000,45.407800,6.602916,2391.512196,200.0,3.653810,2.5,2.8
1671618687.004000,45.407713,6.602880,2388.757764,189.2,3.422276,2.6,3.5
1671618691.001000,45.407629,6.602783,2391.987849,223.0,3.187955,2.5,4.0
1671618698.023000,45.407607,6.602643,2392.044393,274.5,2.305277,2.6,4.0
1671618716.489000,45.407588,6.602517,2387.237763,212.9,0.709177,2.5,4.0
1671618722.810000,45.407488,6.602490,2392.918440,200.7,1.740155,2.7,4.7
1671618726.769000,45.407381,6.602444,2391.568394,205.5,2.011006,2.6,6.5
1671618730.969000,45.407295,6.602395,2390.840799,199.9,2.165587,2.8,6.7
1671618734.929000,45.407197,6.602361,2393.920463,199.2,2.405014,5.7,7.1
1671618738.528000,45.407093,6.602318,2392.963616,197.4,2.592094,2.7,6.5
1671618742.727000,45.406972,6.602272,2385.696351,193.0,2.893121,2.7,6.6
1671618745.726000,45.406848,6.602228,2380.890422,193.5,3.337744,2.8,6.7
1671618748.001000,45.406727,6.602180,2388.238150,195.8,6.481567,3.0,6.4
1671618749.987000,45.406595,6.602114,2386.578676,202.9,7.292998,3.1,5.7
1671618751.990000,45.406468,6.602028,2382.897127,206.0,7.507708,3.0,5.0
1671618753.991000,45.406352,6.601934,2379.352568,207.0,7.036902,2.9,4.0
1671618756.009000,45.406247,6.601832,2376.899214,219.8,7.194191,3.0,4.0
1671618758.002000,45.406181,6.601690,2376.090604,257.2,6.224035,2.9,4.4
1671618778.006000,45.406197,6.601582,2369.653705,-1.0,0.000000,3.1,4.0
1671618778.006000,45.406197,6.601582,2369.653705,-1.0,0.000000,3.1,4.0
1671618804.005000,45.406214,6.601554,2361.339040,293.6,1.922224,3.4,5.2
1671618807.025000,45.406330,6.601485,2367.208984,357.7,5.278956,2.5,4.4
1671618808.987000,45.406423,6.601499,2366.026247,348.5,5.857188,2.7,4.9
1671618811.004000,45.406519,6.601423,2363.924282,317.0,6.784316,3.6,5.2
1671618813.026000,45.406615,6.601322,2358.939733,328.0,6.900216,2.5,5.2
1671618814.989000,45.406707,6.601194,2352.706066,303.0,6.769971,2.5,5.3
1671618817.004000,45.406776,6.601040,2349.417783,292.4,6.092283,2.5,6.0
1671618819.002000,45.406857,6.600890,2343.926002,313.9,8.355579,2.5,6.0
1671618820.995000,45.406953,6.600711,2337.796819,302.0,8.205311,2.5,6.0
1671618823.008000,45.407052,6.600547,2333.341622,319.0,9.466633,2.5,6.0
1671618824.983000,45.407182,6.600368,2322.141547,326.8,9.612415,2.5,6.3
1671618826.995000,45.407326,6.600224,2318.667838,319.2,9.348972,2.5,7.2
1671618828.992000,45.407458,6.600063,2317.103613,335.4,9.501389,2.5,7.6
1671618829.991000,45.407542,6.600010,2310.025057,335.0,10.511110,2.4,7.2
1671618830.995000,45.407637,6.599945,2308.343836,322.6,11.693019,2.4,6.8
1671618831.987000,45.407725,6.599848,2304.139564,322.0,11.866331,2.4,6.7
1671618833.011000,45.407815,6.599751,2301.212264,325.8,11.550744,2.5,6.0
1671618833.989000,45.407908,6.599661,2298.909827,327.0,12.840501,2.6,6.0
1671618834.995000,45.408008,6.599570,2296.484682,325.2,12.408380,2.6,6.0
1671618836.003000,45.408100,6.599472,2294.498514,314.5,12.250782,2.7,6.0
1671618836.999000,45.408175,6.599356,2294.260465,304.1,11.854204,2.5,6.4
1671618837.990000,45.408232,6.599230,2293.440147,322.2,10.236710,2.5,6.7
1671618838.996000,45.408304,6.599152,2290.839709,316.1,9.927132,2.5,7.2
1671618841.000000,45.408428,6.598972,2293.702625,318.0,10.392416,2.6,7.7
1671618841.998000,45.408498,6.598890,2288.781220,321.0,11.193495,2.5,8.0
1671618843.011000,45.408577,6.598802,2281.317736,319.0,11.611445,2.5,8.0
1671618843.992000,45.408654,6.598711,2282.133209,327.9,10.958715,2.5,8.0
1671618845.004000,45.408738,6.598637,2279.052811,325.2,11.717421,2.5,8.0
1671618846.010000,45.408826,6.598546,2272.711960,320.2,12.660000,2.6,8.0
1671618846.999000,45.408915,6.598442,2272.383133,322.0,12.846100,2.5,8.0
1671618847.992000,45.409008,6.598345,2270.524782,330.8,12.047835,2.5,8.0
1671618849.003000,45.409107,6.598282,2264.748515,344.3,12.951664,2.5,8.0
1671618849.989000,45.409223,6.598245,2259.724862,334.2,13.299083,2.5,8.0
1671618850.999000,45.409334,6.598172,2254.751753,335.8,12.272779,2.5,8.0
1671618851.994000,45.409434,6.598118,2253.950527,354.7,10.588863,2.5,8.0
1671618852.989000,45.409527,6.598127,2251.893585,357.7,10.266868,2.5,7.7
1671618854.018000,45.409621,6.598130,2250.213410,354.4,10.275226,2.6,7.2
1671618856.006000,45.409784,6.598134,2246.651215,357.1,8.179341,2.5,6.4
1671618858.003000,45.409922,6.598115,2243.393648,351.8,8.057065,2.6,6.0
1671618860.013000,45.410055,6.598056,2236.998287,333.3,6.384765,2.4,6.0
1671618862.001000,45.410157,6.597965,2231.850606,340.0,6.989639,2.6,6.0
1671618864.008000,45.410310,6.597952,2227.407839,350.5,8.761365,2.5,6.0
1671618865.998000,45.410445,6.597871,2224.080564,319.2,7.265063,2.5,6.7
1671618868.019000,45.410541,6.597776,2215.374569,353.5,6.816643,2.6,7.6
1671618870.023000,45.410663,6.597750,2212.983362,347.5,7.386117,2.5,8.0
1671618872.003000,45.410762,6.597648,2205.361415,310.2,6.494606,2.5,8.0
1671618873.996000,45.410852,6.597528,2202.608971,337.2,7.929675,2.5,8.0
1671618875.999000,45.410985,6.597464,2195.058567,334.1,7.466889,2.6,8.0
1671618877.992000,45.411059,6.597331,2188.525533,299.1,6.297742,2.5,8.0
1671618879.998000,45.411026,6.597170,2186.663534,251.9,4.889330,2.5,8.0
1671618881.998000,45.410967,6.597028,2183.057189,235.1,5.923657,2.5,8.0
1671618883.979000,45.410856,6.596891,2172.846485,226.8,7.575754,2.6,8.0
1671618886.005000,45.410753,6.596695,2167.489429,232.7,8.676642,2.6,8.0
1671618886.996000,45.410692,6.596594,2161.571721,216.3,9.097683,3.1,8.0
1671618887.999000,45.410620,6.596514,2163.716549,208.2,9.577188,2.5,8.0
1671618889.989000,45.410459,6.596382,2155.945076,218.4,10.451659,2.4,8.0
1671618891.002000,45.410372,6.596303,2152.127295,208.7,11.567068,2.5,8.0
1671618891.988000,45.410274,6.596230,2146.726117,206.3,12.121760,3.2,8.0
1671618892.990000,45.410166,6.596158,2145.246385,205.2,12.676310,3.1,8.0
1671618893.996000,45.410053,6.596087,2142.718017,205.0,12.981400,2.9,8.0
1671618894.991000,45.409942,6.596013,2141.157401,209.5,12.533131,3.0,8.0
1671618895.996000,45.409837,6.595935,2142.533826,206.9,12.092192,2.6,8.0
1671618896.998000,45.409735,6.595872,2137.287405,204.8,11.655943,2.8,8.0
1671618897.993000,45.409639,6.595812,2136.964094,208.3,11.400178,2.8,8.0
1671618898.996000,45.409546,6.595745,2138.181294,209.0,11.445414,2.6,8.0
1671618899.986000,45.409457,6.595679,2136.279082,210.9,11.114742,2.6,7.7
1671618901.003000,45.409370,6.595606,2131.600199,212.5,10.930867,3.0,7.2
1671618902.003000,45.409289,6.595538,2129.268215,210.0,10.331449,2.9,6.8
1671618903.998000,45.409141,6.595465,2129.537597,206.5,8.526793,2.7,6.0
1671618906.015000,45.409004,6.595388,2125.978159,198.4,7.959886,3.0,6.0
1671618907.994000,45.408878,6.595377,2121.681647,190.6,6.474602,2.5,6.0
1671618909.997000,45.408768,6.595322,2117.056332,210.5,6.304109,2.6,6.0
1671618912.015000,45.408678,6.595241,2111.617878,212.7,6.028163,2.7,6.4
1671618913.997000,45.408647,6.595095,2107.385324,249.0,6.518093,2.8,7.0
1671618915.993000,45.408626,6.594950,2102.873249,245.8,4.308988,2.7,7.3
1671618919.000000,45.408676,6.594801,2098.307092,300.6,4.486079,2.6,6.2
1671618920.997000,45.408730,6.594660,2093.085448,237.7,5.427830,2.9,6.4
1671618923.008000,45.408643,6.594514,2089.787044,204.4,6.681695,3.3,7.0
1671618924.992000,45.408514,6.594422,2090.035961,192.5,8.333219,2.8,8.0
1671618927.003000,45.408362,6.594370,2082.724481,189.1,8.733989,2.9,8.0
1671618928.988000,45.408209,6.594364,2080.944592,170.1,8.391824,2.7,8.0
1671618931.000000,45.408057,6.594360,2074.795248,175.2,8.817651,2.6,8.0
1671618932.986000,45.407886,6.594410,2071.529828,171.8,8.710377,2.9,8.0
1671618934.990000,45.407740,6.594400,2067.652682,177.6,8.019341,2.7,8.0
1671618936.999000,45.407592,6.594430,2062.236475,162.1,7.215240,2.9,8.0
1671618939.011000,45.407474,6.594453,2056.591712,215.0,5.297856,2.9,8.0
1671618940.986000,45.407394,6.594365,2053.070557,212.5,6.156498,2.8,8.0
1671618943.001000,45.407273,6.594321,2049.662736,186.9,5.243915,2.9,8.0
1671618944.996000,45.407183,6.594271,2044.519189,256.7,5.540353,2.9,8.0
1671618946.992000,45.407133,6.594147,2041.311937,206.3,6.896709,2.7,8.0
1671618948.981000,45.407007,6.594080,2034.220253,196.0,8.044690,2.6,9.3
1671618951.005000,45.406857,6.593991,2028.822371,224.3,9.257629,2.7,11.2
1671618953.009000,45.406728,6.593837,2021.943793,208.4,9.551016,2.8,10.7
1671618955.015000,45.406568,6.593696,2017.815311,221.9,11.378645,2.9,8.8
1671618956.017000,45.406486,6.593598,2012.819306,214.1,12.104750,2.8,8.0
1671618957.014000,45.406386,6.593514,2008.652056,211.1,13.024487,2.9,8.0
1671618958.016000,45.406271,6.593433,2011.472788,210.0,14.418384,3.0,8.0
1671618958.997000,45.406149,6.593345,2006.104272,209.0,15.035146,2.9,8.0
1671618959.990000,45.406027,6.593260,2002.581602,202.1,14.422263,2.9,8.7
1671618960.998000,45.405902,6.593197,2000.339859,201.1,13.294579,2.6,9.3
1671618961.987000,45.405776,6.593131,1999.586100,211.8,13.513851,2.7,9.3
1671618963.004000,45.405665,6.593042,1998.196706,213.0,12.669849,2.9,9.3
1671618964.003000,45.405568,6.592964,1996.692852,212.1,11.219436,2.8,9.6
1671618964.987000,45.405483,6.592904,1995.577153,211.0,10.774344,2.9,9.3
1671618965.994000,45.405398,6.592847,1995.077923,210.0,9.847589,2.8,8.7
1671618967.998000,45.405238,6.592749,1992.795481,212.0,9.137487,2.8,7.7
1671618970.000000,45.405098,6.592633,1993.543695,215.0,8.862103,2.7,6.8
1671618971.997000,45.404948,6.592520,1991.394564,211.9,9.085747,2.7,6.3
1671618974.000000,45.404809,6.592393,1989.167000,218.0,9.687489,2.8,6.0
1671618975.996000,45.404654,6.592252,1985.393784,189.6,10.823500,2.8,6.8
1671618976.982000,45.404552,6.592229,1980.444562,181.1,11.977996,2.7,7.0
1671618977.998000,45.404441,6.592223,1977.774743,199.0,11.602884,2.6,7.6
1671618978.992000,45.404339,6.592169,1976.082437,203.7,12.262085,2.6,7.7
1671618979.985000,45.404231,6.592103,1970.225589,195.4,12.592790,2.6,8.0
1671618980.994000,45.404118,6.592060,1966.926275,190.3,12.536433,2.8,8.0
1671618982.004000,45.404010,6.592030,1964.161840,208.0,9.790738,2.8,8.0
1671618984.001000,45.403879,6.591867,1962.381944,224.1,10.372604,2.8,8.0
1671618985.007000,45.403808,6.591770,1957.433332,217.1,10.603239,2.9,8.0
1671618985.993000,45.403728,6.591686,1954.643914,199.1,10.782032,2.8,8.0
1671618986.998000,45.403634,6.591638,1952.368180,209.8,10.325255,3.0,8.0
1671618989.012000,45.403500,6.591488,1951.316877,244.7,9.850184,2.9,8.0
1671618989.990000,45.403459,6.591366,1948.895225,238.1,11.515434,2.9,8.0
1671618990.987000,45.403397,6.591236,1946.562088,223.3,12.602339,2.6,8.7
1671618991.990000,45.403316,6.591123,1941.038225,224.8,12.823005,2.7,9.3
1671618992.992000,45.403238,6.591014,1938.980666,227.5,12.055700,2.9,10.4
1671618993.980000,45.403168,6.590910,1937.306549,236.3,11.875779,2.8,10.7
1671618994.989000,45.403124,6.590785,1934.389605,254.1,10.996481,2.9,11.3
1671618995.993000,45.403108,6.590652,1931.041842,244.6,10.913698,2.8,12.0
1671618996.990000,45.403080,6.590523,1928.287742,241.1,10.999930,2.6,12.0
1671618997.982000,45.403042,6.590396,1923.592081,229.1,10.304474,2.8,12.0
1671618999.995000,45.402945,6.590198,1922.715026,265.4,8.862735,2.6,10.4
1671619002.004000,45.402921,6.589956,1916.354073,238.2,10.038388,2.8,8.8
1671619003.995000,45.402821,6.589752,1910.398311,243.9,11.010530,2.8,8.0
1671619005.000000,45.402771,6.589624,1907.074959,243.0,12.095271,2.7,8.0
1671619005.988000,45.402716,6.589476,1903.826534,245.0,13.572922,2.6,8.0
1671619006.991000,45.402660,6.589309,1897.023714,246.0,14.876870,2.5,8.0
1671619007.994000,45.402604,6.589130,1891.898676,249.0,15.720787,2.6,8.0
1671619008.989000,45.402555,6.588945,1888.158154,253.0,15.554367,2.8,8.0
1671619009.998000,45.402517,6.588750,1885.047928,254.0,15.561981,2.6,8.7
1671619011.007000,45.402485,6.588552,1883.514362,255.0,14.645550,2.8,9.6
1671619012.008000,45.402455,6.588356,1881.527025,255.0,14.352418,2.8,10.4
1671619013.003000,45.402424,6.588162,1879.419038,255.0,13.333146,2.7,11.2
1671619013.993000,45.402395,6.587964,1879.163220,255.0,13.355042,2.9,11.2
1671619014.999000,45.402365,6.587784,1878.140253,254.3,12.926455,2.9,10.4
1671619015.992000,45.402335,6.587617,1876.524953,253.0,12.515179,3.0,10.0
1671619016.996000,45.402305,6.587457,1877.835608,252.9,11.772767,2.7,9.3
1671619018.019000,45.402277,6.587309,1874.862203,251.9,10.938688,3.0,7.6
1671619019.008000,45.402249,6.587179,1874.222176,251.9,10.077093,2.6,7.2
1671619021.001000,45.402207,6.586952,1874.318955,253.7,8.518645,2.9,6.4
1671619023.002000,45.402181,6.586769,1873.831650,258.6,6.536067,2.7,6.0
1671619025.001000,45.402166,6.586622,1872.526469,257.0,5.586058,2.9,6.0
1671619027.008000,45.402141,6.586488,1871.697948,248.2,5.623493,2.9,6.0
1671619029.005000,45.402096,6.586365,1870.742506,241.8,5.935145,2.7,6.0
1671619031.000000,45.402036,6.586219,1871.452198,243.0,7.235051,2.8,5.3
1671619033.006000,45.401990,6.586054,1869.001136,251.0,6.519566,2.8,4.7
1671619034.996000,45.401966,6.585910,1868.549162,257.9,5.166368,2.7,4.0
1671619037.998000,45.401960,6.585734,1867.163856,266.7,5.772496,2.9,4.0
1671619039.998000,45.401966,6.585567,1865.687506,274.3,6.866987,2.8,4.0
1671619042.000000,45.401989,6.585377,1863.907146,279.6,7.739445,2.7,4.0
1671619044.003000,45.402022,6.585162,1862.339139,287.4,8.824389,2.8,4.0
1671619045.997000,45.402077,6.584928,1860.388869,289.0,9.986693,3.0,4.8
1671619046.999000,45.402112,6.584805,1862.002031,293.0,9.883203,2.9,5.0
1671619048.001000,45.402155,6.584686,1858.046645,297.6,10.035326,2.8,5.6
1671619048.994000,45.402205,6.584570,1856.856454,303.5,10.500824,2.9,5.7
1671619050.008000,45.402267,6.584453,1855.950242,307.3,11.134602,2.6,6.0
1671619050.996000,45.402340,6.584343,1856.303699,313.3,11.345863,2.9,6.0
1671619052.019000,45.402415,6.584241,1855.329929,314.3,10.894511,2.7,6.0
1671619053.014000,45.402486,6.584155,1854.531038,319.4,10.008387,2.9,6.4
1671619055.027000,45.402624,6.584012,1851.134992,308.5,9.471945,2.8,6.4
1671619057.021000,45.402736,6.583817,1847.041099,308.2,10.301797,2.9,6.4
1671619058.009000,45.402798,6.583714,1845.936820,312.7,10.429672,2.8,6.3
1671619058.988000,45.402865,6.583621,1845.226954,317.0,10.475898,2.9,6.0
1671619059.986000,45.402934,6.583527,1841.811920,315.7,10.488306,2.7,6.0
1671619060.986000,45.402999,6.583431,1839.739694,313.1,10.179883,2.8,6.0
1671619062.002000,45.403062,6.583335,1840.160875,314.3,9.583674,2.7,6.0
1671619063.997000,45.403159,6.583175,1837.611159,302.1,6.881835,2.7,6.0
1671619065.992000,45.403206,6.583058,1833.581122,305.9,4.331192,2.9,6.0
1671619070.000000,45.403132,6.582954,1830.562243,223.5,2.673412,2.8,6.2
1671619076.947000,45.403132,6.582824,1832.979144,-1.0,0.011309,2.6,8.6
1671619086.888000,45.403208,6.582693,1830.701470,287.6,2.961478,2.7,6.5
1671619088.990000,45.403310,6.582536,1830.737859,335.8,6.100309,2.8,9.0
1671619090.996000,45.403405,6.582477,1826.772032,345.9,5.383423,2.7,9.6
1671619092.999000,45.403512,6.582451,1824.980990,352.3,6.178168,2.7,8.0
1671619094.996000,45.403607,6.582413,1822.250940,349.6,4.753714,2.7,9.1
1671619096.993000,45.403706,6.582355,1819.228470,342.4,5.651649,2.9,9.4
1671619099.000000,45.403819,6.582331,1818.114937,6.0,6.957042,2.9,10.1
1671619100.999000,45.403983,6.582336,1816.042716,8.9,7.908363,2.9,10.4
1671619102.987000,45.404181,6.582387,1816.447008,17.1,8.463933,2.9,10.7
1671619103.998000,45.404272,6.582415,1812.122403,8.0,7.219450,2.7,10.7
1671619105.993000,45.404426,6.582386,1814.604606,342.5,7.865913,2.9,9.3
1671619108.005000,45.404556,6.582245,1811.546657,310.0,8.399444,2.7,7.2
1671619109.999000,45.404661,6.582063,1810.150203,308.0,8.828628,2.9,6.4
1671619111.997000,45.404736,6.581849,1806.100019,294.0,8.881940,2.8,6.0
1671619113.991000,45.404816,6.581624,1804.135684,302.8,9.858082,2.8,6.0
1671619115.000000,45.404868,6.581512,1804.703422,302.0,9.705278,2.8,6.0
1671619116.995000,45.404949,6.581301,1801.618130,295.2,8.863972,2.7,6.0
1671619118.997000,45.405008,6.581060,1798.835390,288.0,9.717032,2.6,6.0
1671619120.995000,45.405060,6.580809,1795.691282,283.5,10.588560,2.8,6.0
1671619122.000000,45.405079,6.580667,1793.885580,274.0,11.242813,2.7,6.0
1671619122.988000,45.405083,6.580510,1790.439597,273.0,11.905046,3.0,6.0
1671619123.987000,45.405090,6.580351,1788.182905,273.0,11.903679,2.8,6.0
1671619125.011000,45.405095,6.580195,1787.823522,286.7,11.575360,2.7,6.0
1671619125.985000,45.405120,6.580042,1785.252176,280.4,12.159694,2.8,6.0
1671619126.998000,45.405137,6.579879,1782.882093,275.0,12.236655,2.7,6.0
1671619127.994000,45.405148,6.579724,1779.257544,276.0,12.095279,2.9,6.0
1671619128.990000,45.405160,6.579567,1778.884820,282.9,12.239026,2.8,6.0
1671619130.009000,45.405187,6.579411,1778.243388,289.0,12.306951,2.9,6.0
1671619130.983000,45.405227,6.579266,1776.842134,291.0,12.115747,3.0,6.0
1671619132.006000,45.405262,6.579118,1777.436919,285.2,11.861059,2.9,6.0
1671619133.006000,45.405287,6.578971,1771.920024,277.1,11.308242,2.7,6.0
1671619133.988000,45.405294,6.578831,1773.579501,273.2,10.667935,2.6,6.0
1671619135.005000,45.405295,6.578697,1773.862984,270.1,9.375487,2.9,6.0
1671619136.986000,45.405245,6.578496,1771.974180,224.9,7.689028,2.7,6.0
1671619139.007000,45.405118,6.578378,1768.921212,215.0,6.690700,2.8,6.0
1671619140.995000,45.405009,6.578298,1769.449461,210.3,6.209405,2.9,6.0
1671619142.995000,45.404918,6.578240,1770.680746,209.0,4.331199,2.7,6.0
1671619145.989000,45.404827,6.578181,1768.907398,213.4,3.237120,2.7,6.0
1671619148.996000,45.404742,6.578112,1767.072450,218.9,3.183863,2.8,6.0
1671619152.896000,45.404653,6.578035,1769.200073,218.5,2.631773,2.5,9.0
1671619155.896000,45.404566,6.577972,1769.200073,210.1,2.714839,2.6,10.3
1671619158.295000,45.404482,6.577919,1769.200073,205.4,2.886953,2.3,10.1
1671619161.895000,45.404388,6.577874,1769.200073,213.4,1.923477,2.2,10.2
1671619166.094000,45.404275,6.577839,1769.200073,190.8,2.070951,2.2,10.5
1671619169.093000,45.404195,6.577781,1769.200073,212.4,2.926144,2.5,10.6
1671619173.293000,45.404107,6.577728,1769.200073,212.2,2.132676,2.4,10.4
1671619178.093000,45.404007,6.577688,1769.200073,200.3,2.078399,2.6,10.6
1671619185.093000,45.403911,6.577623,1769.200073,208.6,1.638688,2.9,8.8
1671619191.693000,45.403823,6.577563,1771.175120,207.3,1.360012,2.5,9.2
1671619198.000000,45.403736,6.577508,1772.120229,207.9,1.696588,2.9,7.5
1671619203.998000,45.403647,6.577453,1772.836708,204.0,1.634682,2.6,6.0
1671619211.001000,45.403559,6.577375,1772.656161,205.9,1.432940,3.1,5.2
1671619216.999000,45.403476,6.577302,1773.565531,223.0,2.045188,3.4,5.0
1671619219.998000,45.403416,6.577195,1773.696278,226.1,4.273309,2.8,6.0
1671619222.997000,45.403339,6.577053,1772.597538,226.1,4.453937,2.9,5.7
1671619225.985000,45.403248,6.576936,1771.797865,216.0,4.722468,3.0,4.7
1671619228.998000,45.403145,6.576832,1769.200073,215.0,4.830569,3.4,4.0
1671619231.986000,45.403032,6.576761,1769.200073,204.1,4.440707,2.8,4.4
1671619234.973000,45.402948,6.576700,1769.200073,209.3,3.260294,3.0,7.1
1671619237.937000,45.402854,6.576648,1767.173739,207.1,3.800293,3.6,8.5
1671619240.937000,45.402764,6.576568,1766.926288,218.8,3.815455,2.7,6.9
1671619243.937000,45.402702,6.576456,1767.090916,221.5,3.679840,2.7,7.4
1671619246.937000,45.402612,6.576396,1769.200073,201.2,3.427286,2.6,9.8
1671619249.936000,45.402519,6.576378,1769.200073,200.6,3.035851,2.0,10.2
1671619252.335000,45.402425,6.576339,1769.200073,200.4,4.201640,2.0,10.1
1671619255.215000,45.402330,6.576291,1767.525506,204.2,3.342457,2.2,10.2
1671619258.695000,45.402222,6.576280,1767.120315,186.7,3.404246,2.1,10.2
1671619261.095000,45.402128,6.576256,1766.449285,192.3,4.244682,2.1,10.2
1671619264.094000,45.401989,6.576202,1766.006854,197.9,4.902973,2.1,10.5
1671619265.894000,45.401904,6.576161,1764.616622,200.1,4.050435,2.4,10.5
1671619268.736000,45.401790,6.576084,1763.492972,205.9,4.618881,2.7,10.1
1671619271.737000,45.401662,6.575998,1763.467453,210.3,3.703218,2.5,10.3
1671619274.136000,45.401567,6.575952,1762.757523,203.8,3.925730,2.7,10.6
1671619277.069000,45.401476,6.575911,1763.520340,201.0,3.513706,2.1,10.6
1671619279.895000,45.401375,6.575865,1763.395909,199.9,3.762576,2.1,10.6
1671619282.815000,45.401273,6.575817,1761.813838,199.7,3.759125,2.1,11.4
1671619285.615000,45.401168,6.575752,1761.207095,201.6,3.988404,2.4,13.1
1671619287.993000,45.401040,6.575732,1760.525233,183.6,5.393027,2.1,11.8
1671619289.991000,45.400915,6.575719,1759.755170,182.6,5.801680,2.1,9.9
1671619291.994000,45.400804,6.575712,1759.253405,182.2,5.294651,2.0,8.9
1671619293.997000,45.400702,6.575720,1757.236289,177.9,4.927155,2.7,10.2
1671619296.014000,45.400588,6.575734,1756.690932,177.0,4.130975,2.7,10.7
1671619299.000000,45.400472,6.575764,1756.322806,173.1,2.938785,2.5,8.8
1671619302.000000,45.400354,6.575788,1753.763141,173.2,4.810218,2.9,8.0
1671619304.001000,45.400255,6.575824,1755.144747,164.9,5.219585,2.7,8.9
1671619306.013000,45.400137,6.575865,1754.886691,167.0,6.405069,2.0,9.0
1671619307.991000,45.400008,6.575911,1754.314908,159.2,5.966959,2.0,8.9
1671619310.000000,45.399890,6.575995,1753.420022,153.1,6.633890,2.0,8.0
1671619311.989000,45.399774,6.576081,1752.925891,157.0,6.813014,2.1,8.0
1671619314.015000,45.399636,6.576158,1750.226289,162.0,8.244298,2.6,8.0
1671619315.998000,45.399479,6.576186,1748.625366,177.0,8.929048,2.4,8.0
1671619317.984000,45.399302,6.576198,1747.627921,174.1,9.544669,2.1,8.0
1671619319.990000,45.399129,6.576224,1745.073596,172.0,9.558234,2.2,8.0
1671619321.984000,45.398964,6.576267,1742.879917,165.0,8.746481,2.1,8.0
1671619324.003000,45.398818,6.576327,1739.414958,164.0,8.550488,2.4,8.0
1671619325.993000,45.398679,6.576416,1737.003974,153.0,8.356531,3.0,9.3
1671619327.995000,45.398558,6.576550,1736.686159,153.0,7.917743,2.6,10.0
1671619330.002000,45.398445,6.576667,1737.592923,146.7,7.561023,2.5,10.4
1671619331.997000,45.398334,6.576778,1735.610269,148.3,7.319761,2.8,8.8
1671619333.984000,45.398226,6.576862,1736.155930,154.9,6.487772,2.6,8.7
1671619335.984000,45.398117,6.576924,1734.168322,162.4,5.984004,2.7,8.0
1671619337.983000,45.398011,6.576971,1735.420610,166.1,5.086056,2.0,8.0
1671619339.999000,45.397912,6.577005,1734.297073,172.1,4.356258,2.1,8.0
1671619342.979000,45.397786,6.577016,1733.268790,179.0,4.386317,2.6,8.0
1671619345.012000,45.397690,6.577014,1733.005710,182.3,4.586208,2.4,8.0
1671619348.016000,45.397582,6.577010,1733.108466,186.7,2.252655,2.1,8.0
1671619351.991000,45.397457,6.576970,1730.956550,200.8,4.474243,2.7,8.0
1671619353.999000,45.397364,6.576915,1729.812921,204.0,5.026477,2.6,8.0
1671619355.985000,45.397246,6.576826,1727.765723,202.8,6.780494,2.6,8.0
1671619358.011000,45.397093,6.576744,1726.783674,199.1,7.468588,2.6,8.0
1671619359.994000,45.396941,6.576680,1725.748688,190.2,7.570572,2.5,8.0
1671619361.993000,45.396788,6.576652,1725.179409,186.2,7.277290,2.6,8.0
1671619364.005000,45.396638,6.576642,1724.987139,179.8,7.474174,2.0,8.0
1671619366.004000,45.396502,6.576645,1723.102348,178.8,7.192191,2.6,8.0
1671619367.992000,45.396358,6.576653,1722.683547,178.0,7.552335,2.0,8.0
1671619369.998000,45.396211,6.576651,1721.294664,184.2,7.776386,2.0,8.0
1671619371.990000,45.396065,6.576620,1719.191952,191.3,7.689234,2.5,8.0
1671619373.986000,45.395940,6.576541,1718.756532,208.7,7.522965,2.4,8.0
1671619376.002000,45.395825,6.576436,1717.861365,217.3,7.321403,2.1,8.0
1671619377.996000,45.395722,6.576312,1716.627069,221.0,7.813320,2.1,8.0
1671619380.000000,45.395621,6.576167,1714.987166,227.5,8.064424,2.1,7.6
1671619381.992000,45.395546,6.575992,1710.597117,243.2,8.230245,2.3,7.0
1671619383.998000,45.395547,6.575791,1707.274227,274.7,7.608073,2.9,6.0
1671619386.011000,45.395586,6.575589,1706.799727,291.7,8.222196,2.6,6.0
1671619388.009000,45.395659,6.575388,1705.783197,296.9,8.582857,2.5,6.0
1671619390.005000,45.395732,6.575192,1703.724562,295.0,8.192507,2.7,6.0
1671619391.998000,45.395796,6.575012,1703.518112,295.0,7.714460,2.7,5.6
1671619394.003000,45.395862,6.574846,1701.743036,302.6,7.613450,2.6,5.0
1671619395.997000,45.395951,6.574697,1701.453775,321.0,7.849940,2.6,4.8
1671619398.002000,45.396071,6.574574,1699.524009,313.0,8.229980,2.1,5.6
1671619399.991000,45.396189,6.574430,1697.671924,320.0,9.362864,2.5,6.0
1671619401.990000,45.396323,6.574274,1692.541088,317.0,9.510777,2.6,6.0
1671619403.999000,45.396453,6.574105,1688.867278,315.0,10.103062,2.6,6.0
1671619404.990000,45.396524,6.574015,1687.626283,321.5,10.037060,2.1,6.0
1671619405.979000,45.396598,6.573935,1684.367676,318.2,9.423527,2.2,6.0
1671619406.995000,45.396657,6.573839,1682.461267,317.0,9.949203,2.0,6.0
1671619408.002000,45.396720,6.573748,1680.463222,318.0,9.514950,2.2,6.0
1671619410.020000,45.396837,6.573589,1676.560901,312.2,8.123200,2.4,6.0
1671619412.001000,45.396960,6.573496,1673.113176,334.2,8.011786,2.5,6.0
1671619414.004000,45.397056,6.573401,1667.303805,292.2,5.716424,2.9,6.0
1671619415.996000,45.397110,6.573259,1664.378428,306.7,5.919720,2.6,6.0
1671619418.002000,45.397137,6.573125,1660.774229,306.8,4.518489,2.4,6.0
1671619419.985000,45.397193,6.573024,1659.218189,314.1,6.353257,2.6,6.5
1671619421.992000,45.397252,6.572845,1655.409325,269.8,6.731796,2.6,7.0
1671619423.995000,45.397239,6.572650,1649.445740,280.1,7.724834,2.6,7.7
1671619426.003000,45.397286,6.572434,1645.687210,270.2,8.617719,2.0,8.0
1671619428.000000,45.397238,6.572183,1641.163041,241.6,10.029357,2.1,8.0
1671619429.006000,45.397189,6.572060,1637.739772,258.4,9.748026,2.5,8.0
1671619429.988000,45.397170,6.571922,1635.464808,270.5,9.655388,2.3,8.0
1671619430.986000,45.397164,6.571779,1632.958538,254.5,9.863374,2.6,8.0
1671619431.998000,45.397132,6.571638,1631.344079,253.9,9.235929,2.4,8.0
1671619434.014000,45.397083,6.571406,1630.846524,259.9,8.018730,2.0,8.0
1671619435.990000,45.397050,6.571193,1630.508494,261.1,7.821764,2.1,7.2
1671619438.008000,45.397016,6.570981,1628.126588,257.0,8.113289,2.1,6.4
1671619439.982000,45.396974,6.570769,1624.869125,248.0,8.490562,2.7,6.0
1671619441.997000,45.396912,6.570559,1621.794873,242.1,8.571413,2.6,6.0
1671619443.991000,45.396820,6.570394,1618.178578,229.0,7.667277,2.6,6.0
1671619446.011000,45.396724,6.570263,1615.820608,219.6,7.031003,2.5,6.8
1671619448.000000,45.396595,6.570174,1611.256309,209.9,8.610356,2.9,7.3
1671619449.997000,45.396433,6.570094,1607.662013,195.0,8.927424,2.6,8.0
1671619451.985000,45.396279,6.570023,1605.609763,175.4,7.458680,2.0,8.0
1671619453.993000,45.396133,6.570025,1602.167052,200.3,7.120545,2.6,8.0
1671619455.975000,45.395987,6.569974,1599.114996,181.5,8.172691,2.0,8.0
1671619457.984000,45.395822,6.569956,1595.642585,215.6,7.399786,2.0,8.0
1671619459.985000,45.395702,6.569853,1590.739559,191.8,6.463766,2.6,8.0
1671619461.996000,45.395576,6.569786,1588.087985,205.3,7.196978,2.7,8.0
1671619463.996000,45.395445,6.569729,1586.725303,204.0,6.987195,2.1,8.0
1671619465.983000,45.395339,6.569660,1584.157263,210.1,4.743191,2.2,8.0
1671619469.002000,45.395244,6.569654,1580.308569,186.3,2.956623,2.7,7.8
1671619471.995000,45.395117,6.569644,1576.799885,204.3,5.695644,2.9,6.8
1671619474.004000,45.394999,6.569582,1574.714368,201.0,7.289005,2.5,6.8
1671619475.989000,45.394871,6.569533,1572.487844,187.4,6.615575,2.4,7.7
1671619477.991000,45.394724,6.569522,1570.558921,196.5,7.420115,2.7,8.0
1671619479.993000,45.394583,6.569501,1567.287755,163.4,6.786427,2.5,8.0
1671619482.000000,45.394445,6.569558,1565.442907,171.0,8.384957,2.6,8.0
1671619483.993000,45.394266,6.569609,1565.269259,172.0,9.284135,2.0,8.0
1671619484.999000,45.394178,6.569631,1564.442776,174.9,9.129092,2.0,8.0
1671619486.991000,45.394011,6.569638,1563.047557,191.6,8.901117,2.0,8.0
1671619488.985000,45.393869,6.569653,1558.534996,176.0,8.165802,2.6,8.0
1671619490.996000,45.393723,6.569687,1556.075053,192.2,7.728935,2.7,8.0
1671619492.979000,45.393582,6.569648,1554.708513,190.9,7.946098,2.1,8.0
1671619495.006000,45.393436,6.569622,1552.897121,188.3,7.500441,2.2,8.0
1671619497.002000,45.393293,6.569636,1550.573790,172.8,7.905585,2.2,8.0
1671619499.005000,45.393144,6.569682,1546.924512,175.9,8.123455,2.3,8.0
1671619500.999000,45.393003,6.569711,1542.555273,175.5,7.380683,2.8,8.0
1671619502.982000,45.392881,6.569730,1540.021705,176.6,6.948847,2.8,8.0
1671619504.985000,45.392754,6.569747,1542.197793,178.8,7.713215,2.4,8.0
1671619506.991000,45.392607,6.569749,1539.529356,182.6,8.285211,2.7,8.0
1671619509.006000,45.392450,6.569751,1536.650251,177.5,8.572869,2.5,8.0
1671619511.001000,45.392295,6.569784,1535.018071,171.4,7.688493,2.6,8.0
1671619512.978000,45.392156,6.569818,1533.480283,171.0,7.621590,2.4,9.3
1671619514.994000,45.392007,6.569849,1531.970661,178.9,8.280822,2.5,10.7
1671619516.979000,45.391846,6.569859,1529.370711,180.3,8.432376,2.5,12.0
1671619518.996000,45.391694,6.569845,1525.782845,187.0,8.232903,2.9,12.0
1671619520.988000,45.391519,6.569837,1525.114055,183.7,9.061260,2.5,10.7
1671619522.999000,45.391345,6.569835,1522.431677,185.4,8.722967,2.1,8.8
1671619524.996000,45.391221,6.569772,1516.917518,224.0,6.809276,2.1,8.0
1671619526.994000,45.391133,6.569656,1512.319870,244.7,6.423708,2.7,8.0
1671619528.998000,45.391068,6.569513,1507.885993,224.1,6.911696,2.5,9.6
1671619530.997000,45.390993,6.569367,1501.409189,259.8,5.984764,2.7,10.7
1671619533.007000,45.390944,6.569198,1498.918364,263.8,7.958656,2.5,12.0
1671619534.990000,45.390963,6.569041,1490.620215,310.9,5.771351,2.8,10.7
1671619537.001000,45.391038,6.568920,1489.398307,321.9,5.964907,2.6,8.8
1671619538.995000,45.391137,6.568827,1487.441938,317.3,6.066291,2.0,9.3
1671619540.992000,45.391202,6.568725,1485.799383,280.4,5.717276,2.0,9.3
1671619543.002000,45.391218,6.568596,1484.224563,275.4,4.250651,2.0,9.6
1671619545.993000,45.391190,6.568460,1482.561490,257.9,3.364427,2.5,8.0
1671619548.998000,45.391221,6.568280,1479.614472,307.4,5.381073,2.3,10.5
1671619550.998000,45.391264,6.568130,1477.473498,267.3,5.258485,2.1,13.1
1671619552.998000,45.391255,6.567969,1476.673612,260.0,6.061900,2.0,12.0
1671619555.014000,45.391251,6.567808,1476.475141,288.7,5.419549,2.1,12.0
1671619557.005000,45.391299,6.567666,1475.756077,309.0,4.901113,2.2,11.2
1671619560.832000,45.391333,6.567540,1475.024834,230.7,1.485694,2.4,13.0
1671619569.596000,45.391258,6.567455,1475.722237,217.3,0.983882,2.0,8.0
1671619585.238000,45.391167,6.567450,1475.445795,-1.0,0.004880,2.2,6.5
1671619610.996000,45.391056,6.567402,1480.501249,224.1,0.929696,2.9,6.8
1671619615.000000,45.390970,6.567348,1481.772510,220.3,1.316939,2.6,6.8
1671619617.995000,45.390896,6.567273,1476.797509,227.3,3.031464,2.6,7.3
1671619620.858000,45.390809,6.567161,1481.140879,225.3,3.731199,2.7,7.7
1671619623.857000,45.390714,6.567063,1484.724288,221.8,4.026437,2.9,8.9
1671619625.657000,45.390643,6.566981,1484.677747,221.5,4.317116,2.6,9.2
1671619628.656000,45.390552,6.566863,1491.500000,221.9,4.300840,2.7,6.8
1671619631.559000,45.390465,6.566753,1496.700073,221.9,4.242542,2.7,7.0
1671619634.558000,45.390384,6.566650,1499.894059,220.7,4.083879,2.8,7.1
1671619638.078000,45.390288,6.566536,1505.309234,221.3,4.147958,2.8,7.2
1671619641.078000,45.390204,6.566424,1512.856245,221.1,4.129030,3.1,7.2
1671619643.989000,45.390120,6.566322,1517.599821,220.0,4.157306,3.3,7.6
1671619647.007000,45.390031,6.566208,1515.993884,220.0,4.301188,3.0,5.2
1671619650.001000,45.389945,6.566098,1523.366529,222.0,4.214379,3.0,4.0
1671619653.000000,45.389859,6.565995,1529.066181,221.0,4.268997,3.1,4.0
1671619655.985000,45.389772,6.565887,1532.650704,219.0,4.249414,3.4,4.0
1671619659.008000,45.389687,6.565782,1538.703526,220.0,4.182037,3.0,4.0
1671619662.005000,45.389604,6.565680,1540.377951,223.0,4.230854,2.6,4.4
1671619665.005000,45.389514,6.565572,1545.239858,221.0,4.134330,2.6,4.4
1671619667.983000,45.389439,6.565478,1551.855826,220.0,4.140809,2.9,5.2
1671619671.004000,45.389348,6.565365,1558.786162,219.0,4.105130,2.9,5.4
1671619673.986000,45.389270,6.565265,1559.161691,221.0,3.923160,2.7,4.4
1671619676.796000,45.389192,6.565170,1572.427795,219.9,4.076909,2.8,4.6
1671619679.676000,45.389113,6.565067,1576.949778,221.4,4.014163,2.8,5.9
1671619682.674000,45.389033,6.564969,1583.234234,221.3,3.837729,2.9,7.1
1671619685.674000,45.388955,6.564871,1591.029851,219.6,3.838247,2.8,9.0
1671619688.675000,45.388873,6.564769,1593.620841,220.0,3.796976,2.9,10.3
1671619691.997000,45.388793,6.564671,1601.876893,220.0,3.808612,2.8,6.6
1671619694.985000,45.388712,6.564573,1608.978165,221.0,4.199462,2.8,4.8
1671619697.994000,45.388630,6.564468,1615.255018,222.0,3.993573,2.9,4.8
1671619700.991000,45.388547,6.564366,1621.808482,221.0,3.982893,3.0,4.0
1671619704.001000,45.388466,6.564262,1627.521303,220.0,3.966643,2.9,4.0
1671619707.000000,45.388387,6.564161,1637.221672,221.0,3.908333,3.2,4.0
1671619710.005000,45.388312,6.564066,1643.563238,221.0,3.927006,3.0,4.0
1671619713.006000,45.388231,6.563968,1651.436388,221.0,3.879194,3.0,4.0
1671619716.002000,45.388154,6.563872,1658.936000,220.0,3.823538,3.1,4.0
1671619719.014000,45.388076,6.563773,1662.983799,221.0,3.753201,3.1,4.0
1671619722.018000,45.387989,6.563663,1669.200839,220.0,3.764830,3.2,4.0
1671619724.474000,45.387920,6.563578,1674.644443,221.0,4.496859,2.9,5.0
1671619727.016000,45.387850,6.563490,1679.849142,221.0,4.042285,2.8,4.9
1671619730.024000,45.387766,6.563387,1683.174378,220.0,4.110514,2.7,5.0
1671619733.011000,45.387682,6.563283,1688.979920,220.0,4.119296,2.6,4.8
1671619736.012000,45.387602,6.563183,1695.591040,221.0,4.121458,2.8,5.0
1671619739.026000,45.387520,6.563083,1701.970282,222.0,4.088904,2.9,4.9
1671619742.016000,45.387434,6.562972,1708.851690,222.0,4.462328,2.7,4.3
1671619745.031000,45.387333,6.562852,1708.136509,220.0,4.426564,2.7,4.3
1671619748.007000,45.387254,6.562755,1710.473518,220.0,4.483967,2.8,4.0
1671619750.008000,45.387185,6.562671,1711.273117,221.0,4.433925,3.0,4.0
1671619753.007000,45.387103,6.562574,1718.280872,222.0,4.159654,2.9,4.0
1671619756.034000,45.387013,6.562465,1719.739177,221.0,4.385525,3.1,4.0
1671619759.019000,45.386924,6.562359,1720.575086,220.0,4.522733,2.9,4.0
1671619762.009000,45.386834,6.562249,1727.664873,219.0,4.104682,3.0,4.0
1671619765.016000,45.386742,6.562134,1729.559798,221.0,4.262166,3.1,4.0
1671619768.010000,45.386662,6.562032,1734.128008,222.0,4.333355,3.2,4.9
1671619770.997000,45.386572,6.561922,1739.538584,221.0,4.333914,3.0,6.0
1671619774.014000,45.386488,6.561817,1741.411415,221.0,4.320481,3.0,6.0
1671619777.020000,45.386401,6.561708,1745.282998,220.0,4.142735,3.1,6.0
1671619780.024000,45.386309,6.561599,1750.793884,219.0,4.149411,3.3,6.0
1671619783.014000,45.386224,6.561491,1756.759485,221.0,4.172550,3.2,6.0
1671619786.015000,45.386134,6.561378,1760.245001,222.0,4.197441,3.1,6.0
1671619789.007000,45.386049,6.561276,1763.935612,222.0,4.390625,3.2,6.0
1671619792.010000,45.385959,6.561168,1767.711848,220.0,4.283419,3.4,6.0
1671619795.008000,45.385890,6.561075,1770.128726,219.0,3.871430,3.3,5.1
1671619798.020000,45.385795,6.560962,1776.381150,219.0,3.883564,3.3,4.2
1671619801.009000,45.385716,6.560862,1784.492156,223.0,3.888237,3.3,4.0
1671619804.023000,45.385639,6.560769,1790.060692,222.0,4.000980,2.5,4.9
1671619807.016000,45.385556,6.560668,1796.527993,220.0,3.862867,2.6,5.4
1671619810.026000,45.385474,6.560571,1804.338212,220.0,3.692872,2.8,4.8
1671619813.027000,45.385396,6.560478,1812.410001,221.0,3.724962,2.7,5.6
1671619816.008000,45.385318,6.560385,1820.550932,221.0,3.784664,2.7,6.0
1671619819.030000,45.385240,6.560290,1829.749978,220.0,3.747180,2.7,5.2
1671619822.012000,45.385166,6.560199,1836.778937,222.8,3.306143,2.7,5.0
1671619825.011000,45.385086,6.560106,1843.596027,221.0,4.310842,2.7,5.7
1671619828.014000,45.385003,6.560008,1851.149461,221.9,4.167498,2.6,4.8
1671619831.025000,45.384923,6.559908,1858.348329,221.0,3.920960,2.8,4.8
1671619834.018000,45.384844,6.559809,1863.223743,221.0,3.865277,2.5,6.0
1671619837.018000,45.384762,6.559706,1869.778057,221.0,3.941212,2.7,5.3
1671619840.032000,45.384677,6.559605,1877.425456,221.0,3.893409,2.7,5.7
1671619843.021000,45.384603,6.559515,1884.877661,219.0,3.819501,2.7,5.3
1671619846.025000,45.384524,6.559413,1894.098976,221.0,3.523032,2.7,5.4
1671619849.024000,45.384447,6.559319,1901.546828,222.0,3.646571,2.8,5.3
1671619851.999000,45.384370,6.559224,1907.331723,222.0,4.389421,2.8,6.4
1671619854.555000,45.384304,6.559135,1913.034737,223.0,3.946032,2.6,6.2
1671619857.012000,45.384233,6.559047,1917.417616,220.0,3.966194,2.6,5.5
1671619860.041000,45.384145,6.558942,1924.625770,221.0,3.976037,2.7,4.1
1671619863.007000,45.384067,6.558848,1928.120878,222.0,3.991833,2.5,3.9
1671619866.003000,45.383986,6.558749,1933.342343,220.0,3.977999,2.6,4.8
1671619869.008000,45.383903,6.558643,1941.416913,220.0,3.978058,2.9,4.6
1671619872.012000,45.383819,6.558541,1947.064071,221.0,3.953439,2.7,4.8
1671619875.014000,45.383742,6.558444,1956.989554,220.0,3.935507,2.7,4.9
1671619878.018000,45.383664,6.558339,1963.824871,221.0,3.923604,2.8,4.9
1671619881.002000,45.383585,6.558236,1969.836189,222.0,3.915184,2.7,5.0
1671619884.024000,45.383506,6.558136,1977.284032,221.0,3.899570,2.7,5.0
1671619887.012000,45.383431,6.558039,1983.317728,220.0,3.874131,2.6,3.6
1671619890.023000,45.383351,6.557944,1990.276556,219.0,3.811546,2.6,3.8
1671619893.039000,45.383270,6.557850,1996.300573,220.0,3.883896,2.7,3.9
1671619896.010000,45.383188,6.557745,2003.825051,221.0,3.961935,2.5,3.7
1671619899.019000,45.383102,6.557635,2006.537868,221.0,4.009557,2.8,3.6
1671619902.016000,45.383020,6.557524,2010.425737,221.0,4.055320,2.7,5.6
1671619905.017000,45.382933,6.557415,2019.274754,220.0,4.077804,2.9,3.6
1671619908.004000,45.382854,6.557330,2022.342877,223.0,4.053419,2.9,3.5
1671619911.012000,45.382766,6.557220,2026.456038,221.0,4.116993,2.8,3.6
1671619914.012000,45.382680,6.557107,2029.888447,221.0,4.172765,2.8,3.2
1671619917.008000,45.382587,6.556994,2031.656610,220.0,4.233274,2.7,3.3
1671619920.030000,45.382492,6.556876,2034.425128,221.0,4.257977,2.8,3.3
1671619923.016000,45.382409,6.556770,2037.269053,220.0,4.269784,2.8,3.5
1671619926.029000,45.382317,6.556655,2044.895571,220.0,4.287987,2.9,3.6
1671619928.997000,45.382232,6.556548,2047.630950,221.0,4.289968,3.2,3.3
1671619931.031000,45.382156,6.556455,2052.056850,220.0,4.285006,3.1,3.0
1671619934.029000,45.382082,6.556363,2056.301448,220.0,4.286389,3.2,3.5
1671619937.029000,45.381996,6.556255,2059.962776,221.0,4.277500,3.2,3.5
1671619940.017000,45.381908,6.556144,2064.690358,221.0,4.271693,3.1,3.5
1671619943.012000,45.381826,6.556042,2069.128438,221.0,4.259251,3.1,3.2
1671619946.036000,45.381729,6.555923,2073.404033,221.0,4.295225,3.2,3.5
1671619949.014000,45.381648,6.555823,2075.045761,221.0,4.327502,3.1,3.4
1671619952.002000,45.381557,6.555710,2076.171362,220.0,4.348898,3.2,3.2
1671619955.007000,45.381473,6.555604,2080.950108,221.0,4.350091,3.1,3.1
1671619958.022000,45.381386,6.555496,2082.459855,223.0,4.331197,3.4,3.0
1671619961.041000,45.381286,6.555376,2085.865436,221.0,4.363931,3.4,3.5
1671619964.013000,45.381200,6.555275,2086.173796,221.0,4.405928,3.6,3.9
1671619966.039000,45.381130,6.555194,2086.447917,220.0,4.420060,3.5,3.4
1671619969.024000,45.381048,6.555092,2085.517309,221.0,4.436987,3.4,2.8
1671619971.036000,45.380980,6.555009,2087.269726,220.0,4.442830,3.5,3.4
1671619974.002000,45.380897,6.554903,2087.603397,220.0,4.451313,3.5,3.6
1671619976.026000,45.380828,6.554820,2087.372922,221.0,4.461587,3.4,3.2
1671619978.998000,45.380743,6.554717,2088.137856,221.0,4.469571,3.4,2.7
1671619981.017000,45.380676,6.554630,2087.704227,222.0,4.467444,3.5,3.2
1671619983.999000,45.380602,6.554538,2092.695889,217.0,4.411757,3.4,3.9
1671619986.025000,45.380528,6.554434,2092.540699,226.9,4.427639,3.5,4.0
1671619989.007000,45.380458,6.554333,2092.136124,234.8,4.270059,2.8,4.0
1671619998.018000,45.380371,6.554269,2092.596187,202.9,2.567374,2.7,6.0
1671620001.006000,45.380282,6.554240,2092.184719,185.6,3.084955,2.7,6.0
1671620004.019000,45.380166,6.554287,2091.447880,149.4,3.314713,2.6,5.1
1671620007.010000,45.380097,6.554394,2090.260750,130.0,3.343116,2.6,4.0
1671620010.037000,45.380028,6.554494,2090.509740,137.0,3.381170,2.6,3.8
1671620013.001000,45.379955,6.554601,2091.083553,129.0,3.534969,2.6,3.6
1671620016.015000,45.379871,6.554751,2089.733084,127.9,3.981089,2.6,3.5
1671620018.028000,45.379793,6.554890,2087.903231,127.0,6.804243,2.7,3.7
1671620020.020000,45.379706,6.555050,2086.175293,125.3,7.314467,2.7,3.8
1671620021.997000,45.379630,6.555210,2085.112016,122.1,7.121428,2.7,4.0
1671620024.020000,45.379558,6.555359,2082.538834,126.9,6.988290,2.8,4.0
1671620026.023000,45.379480,6.555494,2080.838420,127.3,6.856132,2.7,4.0
1671620028.036000,45.379406,6.555644,2078.844308,123.1,7.587366,2.7,4.0
1671620030.016000,45.379329,6.555818,2079.050720,122.0,8.374655,2.8,4.0
1671620032.029000,45.379246,6.556005,2076.239512,122.1,8.435445,2.7,4.0
1671620034.019000,45.379165,6.556190,2074.275624,122.0,8.544218,2.7,4.0
1671620036.022000,45.379083,6.556378,2071.211985,120.3,8.774368,2.6,4.0
1671620038.006000,45.379005,6.556581,2068.879441,118.0,9.179850,2.6,4.0
1671620040.010000,45.378935,6.556783,2065.697764,112.3,8.120509,2.7,4.0
1671620041.997000,45.378885,6.556965,2068.434690,112.9,7.852125,2.6,4.0
1671620044.017000,45.378830,6.557160,2065.709354,109.2,8.782303,2.6,4.0
1671620046.028000,45.378769,6.557386,2062.751878,111.9,9.981050,2.8,4.0
1671620047.017000,45.378728,6.557504,2062.533110,113.8,10.123445,2.6,4.0
1671620048.007000,45.378680,6.557617,2060.140862,120.6,10.104564,2.6,4.0
1671620049.005000,45.378631,6.557727,2058.702581,120.0,9.878985,2.7,4.0
1671620050.020000,45.378583,6.557836,2058.261499,121.8,9.780903,2.7,4.0
1671620052.008000,45.378481,6.558033,2056.127832,126.0,9.469084,2.9,4.0
1671620054.013000,45.378389,6.558234,2053.580228,118.2,9.349901,2.8,4.0
1671620056.026000,45.378315,6.558435,2050.943348,117.2,8.843909,2.6,4.0
1671620058.015000,45.378238,6.558634,2049.717490,118.9,9.581016,2.7,4.0
1671620060.027000,45.378144,6.558845,2047.457219,123.0,9.553039,2.7,4.0
1671620062.022000,45.378054,6.559052,2045.109220,118.1,9.409425,2.8,4.0
1671620064.015000,45.377995,6.559259,2043.346906,109.6,8.624080,2.8,4.0
1671620066.007000,45.377947,6.559463,2041.323930,111.9,8.851383,2.6,4.0
1671620068.023000,45.377879,6.559672,2039.106732,115.0,9.011535,2.6,4.0
1671620070.018000,45.377809,6.559884,2035.792416,115.8,8.879302,2.7,4.0
1671620072.020000,45.377735,6.560070,2036.853465,120.0,7.723681,2.6,4.0
1671620074.006000,45.377684,6.560246,2035.497564,109.0,7.617888,2.6,4.0
1671620076.018000,45.377634,6.560437,2033.482055,112.0,7.794656,2.6,4.0
1671620078.026000,45.377581,6.560629,2031.429985,112.3,8.241424,2.7,4.0
1671620080.016000,45.377521,6.560820,2028.584617,110.2,8.566232,2.8,4.0
1671620082.020000,45.377483,6.561036,2024.135925,105.6,8.703199,2.8,4.0
1671620084.011000,45.377432,6.561234,2020.867776,108.0,8.706649,2.6,4.0
1671620086.019000,45.377401,6.561473,2016.587615,103.3,9.848258,2.7,4.4
1671620088.011000,45.377332,6.561674,2012.863165,118.9,8.168543,2.6,4.3
1671620090.001000,45.377306,6.561877,2011.700112,98.0,8.387342,2.8,4.7
1671620092.003000,45.377251,6.562056,2007.548453,118.0,7.289595,2.7,4.3
1671620094.005000,45.377193,6.562246,2002.699760,81.4,8.706436,2.5,4.3
1671620096.012000,45.377195,6.562461,1997.248905,101.9,7.384758,2.5,4.8
1671620098.004000,45.377195,6.562669,1993.312133,83.0,8.929956,2.5,5.3
1671620100.011000,45.377223,6.562904,1989.575422,88.3,9.181238,2.5,6.3
1671620102.000000,45.377198,6.563105,1990.117054,125.7,6.678761,2.6,6.3
1671620103.993000,45.377097,6.563182,1986.955262,152.0,5.875516,2.8,6.3
1671620107.010000,45.376991,6.563225,1984.853465,145.3,2.071740,2.6,6.0
1671620122.436000,45.376901,6.563243,1986.286243,-1.0,0.008869,2.6,5.3
1671620138.074000,45.376812,6.563218,1985.136315,-1.0,0.001312,2.6,4.0
1671620164.017000,45.376734,6.563127,1985.380981,214.2,1.007762,2.9,8.0
1671620167.023000,45.376647,6.563066,1987.426522,213.2,3.547728,2.8,8.0
1671620169.752000,45.376558,6.563013,1986.691758,205.0,3.304418,3.0,9.1
1671620172.672000,45.376453,6.562986,1987.949503,195.7,3.697549,2.9,12.2
1671620175.671000,45.376335,6.562955,1992.614785,193.5,3.712780,2.9,8.9
1671620178.671000,45.376235,6.562915,1994.406995,195.0,3.738770,2.7,6.7
1671620181.671000,45.376134,6.562883,1999.282308,196.8,3.519683,2.8,7.0
1671620185.071000,45.376030,6.562848,2003.876654,197.8,3.660214,2.9,7.1
1671620188.071000,45.375941,6.562820,2013.603410,194.4,3.689238,3.0,8.1
1671620191.013000,45.375836,6.562780,2016.499313,198.0,3.713091,2.9,7.7
1671620194.001000,45.375735,6.562742,2019.275984,195.0,3.883107,3.0,5.0
1671620197.018000,45.375636,6.562701,2023.720930,194.0,3.843116,3.1,4.7
1671620200.005000,45.375536,6.562661,2026.090345,196.0,3.718642,3.2,5.3
1671620203.015000,45.375438,6.562623,2028.988376,197.0,3.728437,3.2,4.6
1671620206.010000,45.375339,6.562588,2033.784439,196.0,3.702880,3.2,4.0
1671620209.018000,45.375238,6.562546,2037.078923,194.0,3.773387,3.2,4.0
1671620212.021000,45.375130,6.562504,2039.320398,194.0,3.609878,3.1,4.9
1671620216.003000,45.375012,6.562461,2046.683676,194.1,3.951142,3.3,4.3
1671620219.015000,45.374904,6.562418,2051.352353,196.0,3.890568,3.2,4.0
1671620222.037000,45.374795,6.562376,2053.896305,197.0,3.799760,3.2,4.0
1671620225.020000,45.374704,6.562342,2055.150498,195.0,3.943743,3.4,4.0
1671620228.023000,45.374600,6.562300,2056.817665,195.0,3.976077,3.6,4.0
1671620231.012000,45.374505,6.562262,2058.437575,195.0,3.858531,3.4,4.0
1671620234.012000,45.374404,6.562220,2062.369041,194.0,3.945970,3.6,4.0
1671620237.025000,45.374303,6.562177,2064.935924,196.0,3.834870,3.7,4.7
1671620240.013000,45.374209,6.562139,2063.838701,197.0,3.882970,3.4,4.6
1671620243.030000,45.374110,6.562100,2066.907064,194.0,3.745690,3.4,4.7
1671620246.012000,45.374013,6.562062,2071.956395,195.0,3.851326,2.7,4.3
1671620249.022000,45.373914,6.562021,2078.112880,194.0,4.135638,2.6,4.0
1671620252.033000,45.373807,6.561978,2080.230908,196.0,3.889737,2.6,4.0
1671620255.018000,45.373711,6.561939,2081.777228,196.0,3.980040,2.7,4.0
1671620258.045000,45.373609,6.561898,2083.434582,195.0,3.869577,2.9,4.0
1671620261.013000,45.373510,6.561857,2084.751417,195.0,3.892414,2.8,4.0
1671620264.038000,45.373411,6.561817,2088.419599,196.0,3.777003,2.8,4.0
1671620267.033000,45.373302,6.561774,2090.618094,195.0,3.847286,2.8,4.0
1671620270.021000,45.373213,6.561738,2090.344692,196.0,3.858150,2.6,4.0
1671620273.007000,45.373112,6.561697,2093.901941,195.0,3.739573,2.6,4.0
1671620275.998000,45.373018,6.561659,2101.395209,195.0,3.862601,2.6,4.0
1671620279.001000,45.372922,6.561621,2104.366221,195.0,3.904183,2.6,4.0
1671620282.025000,45.372808,6.561576,2107.049845,196.0,3.768138,2.6,4.2
1671620285.010000,45.372719,6.561542,2112.150512,195.0,3.765001,2.6,4.9
1671620288.008000,45.372618,6.561502,2113.484406,195.0,3.764996,2.9,5.3
1671620291.014000,45.372517,6.561466,2116.351122,195.0,3.826937,2.7,4.4
1671620294.029000,45.372418,6.561424,2120.206584,195.0,3.649369,2.7,4.0
1671620297.021000,45.372321,6.561389,2123.868654,197.0,3.838928,2.7,4.4
1671620300.019000,45.372222,6.561352,2124.945158,197.0,3.830757,2.6,5.6
1671620303.018000,45.372125,6.561313,2129.820729,195.0,3.619494,2.6,4.8
1671620306.019000,45.372031,6.561275,2138.401364,195.0,3.788825,2.6,4.8
1671620309.037000,45.371924,6.561228,2142.797875,198.0,3.625548,2.6,5.7
1671620313.018000,45.371812,6.561186,2149.226742,198.0,3.519824,2.7,4.8
1671620316.025000,45.371715,6.561148,2153.988203,197.9,3.656384,2.9,4.0
1671620319.025000,45.371609,6.561109,2158.442294,195.9,3.581271,2.7,4.0
1671620323.017000,45.371498,6.561060,2166.563710,195.0,3.416084,2.8,4.0
1671620326.016000,45.371408,6.561025,2171.510949,195.0,3.671038,2.8,5.2
1671620329.045000,45.371299,6.560982,2173.950903,195.0,3.602720,2.6,5.2
1671620333.025000,45.371189,6.560934,2179.552277,193.0,3.484567,2.6,4.0
1671620336.027000,45.371100,6.560895,2190.152987,196.0,3.463271,2.5,4.0
1671620339.015000,45.371012,6.560860,2194.801897,195.0,3.422527,2.6,4.8
1671620342.001000,45.370922,6.560826,2201.435876,196.0,3.429594,2.6,4.7
1671620345.018000,45.370834,6.560788,2207.691907,195.0,3.403190,2.8,4.0
1671620348.014000,45.370744,6.560750,2212.716010,196.0,3.502547,2.9,4.0
1671620351.020000,45.370656,6.560716,2218.855748,196.0,3.259067,2.8,4.0
1671620355.007000,45.370538,6.560669,2228.819910,196.0,3.940734,2.9,4.3
1671620358.007000,45.370437,6.560628,2228.820503,196.0,3.801993,2.6,4.9
1671620361.023000,45.370345,6.560588,2234.755742,195.0,3.686075,2.6,4.0
1671620364.021000,45.370252,6.560549,2242.816049,195.0,3.593096,2.7,4.0
1671620367.030000,45.370151,6.560512,2247.532895,196.0,3.630372,2.6,5.1
1671620370.037000,45.370062,6.560479,2250.333965,195.0,3.540025,2.7,5.3
1671620373.014000,45.369970,6.560446,2258.836387,194.0,3.529448,2.7,5.8
1671620376.016000,45.369877,6.560405,2260.778007,195.0,4.091561,2.8,6.5
1671620379.014000,45.369778,6.560358,2264.435546,196.0,4.006502,2.8,5.7
1671620382.037000,45.369679,6.560318,2267.619759,196.0,3.909172,2.8,5.1
1671620385.008000,45.369577,6.560282,2266.913192,195.0,3.835196,2.6,5.4
1671620388.025000,45.369474,6.560241,2270.157530,194.0,3.829828,2.7,5.7
1671620391.013000,45.369376,6.560201,2273.766002,195.0,3.807612,2.7,5.2
1671620394.016000,45.369275,6.560161,2280.570710,197.0,3.793613,2.7,5.4
1671620397.015000,45.369171,6.560119,2283.101156,197.0,3.816748,2.8,5.1
1671620400.020000,45.369077,6.560079,2280.159219,195.0,3.792457,2.7,4.3
1671620403.022000,45.368978,6.560036,2283.048029,194.0,3.763246,2.8,4.0
1671620406.017000,45.368890,6.559999,2291.402332,195.0,3.727278,3.0,4.8
1671620409.002000,45.368784,6.559955,2297.449205,196.0,3.744409,3.1,4.4
1671620412.037000,45.368680,6.559914,2301.173627,196.0,3.764621,2.8,3.6
1671620415.004000,45.368588,6.559878,2300.880364,196.0,3.765995,2.5,3.9
1671620418.003000,45.368491,6.559836,2302.383618,195.0,3.759034,2.5,3.5
1671620421.001000,45.368394,6.559795,2308.472037,195.0,3.758766,2.5,3.3
1671620424.012000,45.368297,6.559758,2317.861510,196.9,3.747798,2.5,3.8
1671620427.019000,45.368201,6.559719,2314.048632,197.9,3.734553,2.5,3.5
1671620430.020000,45.368104,6.559681,2315.855788,195.0,3.722746,2.5,3.1
1671620433.017000,45.368008,6.559641,2320.916634,195.0,3.711184,2.5,3.3
1671620435.997000,45.367912,6.559604,2325.064085,195.0,3.698194,2.5,3.9
1671620439.018000,45.367818,6.559568,2338.351086,196.0,3.672741,2.8,5.9
1671620442.009000,45.367715,6.559527,2339.765079,196.0,3.668749,2.6,3.9
1671620445.023000,45.367624,6.559493,2340.828373,196.0,3.656279,2.5,3.9
1671620448.022000,45.367528,6.559458,2349.277834,196.0,3.631221,2.5,3.9
1671620451.010000,45.367436,6.559423,2348.532185,196.0,3.623843,2.5,3.7
1671620454.011000,45.367336,6.559379,2355.064602,196.0,3.647418,2.5,3.6
1671620457.033000,45.367238,6.559340,2355.890870,196.0,3.664081,2.5,3.8
1671620460.007000,45.367146,6.559306,2371.435208,196.0,3.677951,2.6,3.8
1671620463.033000,45.367047,6.559266,2365.147679,196.0,3.684520,2.6,3.8
1671620466.020000,45.366956,6.559229,2369.159618,196.0,3.674586,2.5,3.7
1671620469.004000,45.366853,6.559190,2384.335980,196.0,3.664982,2.9,3.4
1671620472.014000,45.366763,6.559154,2378.746799,195.0,3.665592,2.6,3.5
1671620475.010000,45.366666,6.559113,2383.654270,195.0,3.658095,2.6,3.5
1671620478.020000,45.366561,6.559067,2394.144034,195.1,3.647899,2.5,3.6
1671620482.014000,45.366448,6.559022,2394.853325,195.1,3.667315,2.5,3.3
1671620485.019000,45.366347,6.558980,2399.048415,195.0,3.681616,2.6,3.3
1671620488.027000,45.366239,6.558936,2403.181165,196.9,3.685851,2.5,3.6
1671620492.001000,45.366127,6.558891,2409.324983,196.0,3.692121,2.6,3.3
1671620495.004000,45.366028,6.558852,2414.072852,196.0,3.690895,2.5,2.8
1671620498.031000,45.365920,6.558810,2420.367095,195.0,3.683235,2.5,3.3
1671620502.012000,45.365805,6.558766,2424.580305,195.0,3.708974,2.6,3.3
1671620504.998000,45.365704,6.558722,2427.995954,195.0,3.718941,2.6,3.5
1671620508.019000,45.365604,6.558678,2431.862768,195.0,3.730645,2.5,3.1
1671620511.022000,45.365516,6.558641,2439.089296,196.0,3.733593,2.5,3.3
1671620514.035000,45.365420,6.558598,2442.703218,196.0,3.735030,2.5,3.3
1671620517.010000,45.365326,6.558561,2443.344803,195.0,3.726936,2.5,3.3
1671620520.020000,45.365231,6.558520,2449.951552,195.0,3.715347,2.5,3.1
1671620523.016000,45.365129,6.558476,2453.616657,195.0,3.714392,2.5,3.4
1671620526.019000,45.365041,6.558439,2466.775338,196.0,3.703943,2.8,3.3
1671620529.009000,45.364944,6.558402,2471.988255,195.0,3.692805,2.7,3.6
1671620532.024000,45.364851,6.558365,2467.706031,195.0,3.685129,2.5,3.7
1671620535.020000,45.364756,6.558328,2473.511846,195.0,3.675903,2.5,4.6
1671620538.033000,45.364662,6.558291,2479.104913,194.4,3.655170,2.5,4.4
1671620541.040000,45.364565,6.558251,2484.160766,196.9,3.659543,2.5,4.6
1671620544.039000,45.364468,6.558210,2484.793692,195.7,3.667362,2.5,4.6
1671620547.040000,45.364369,6.558164,2491.635077,195.0,3.715472,2.5,4.8
1671620550.005000,45.364274,6.558124,2491.798370,196.0,3.758066,2.6,3.8
1671620553.021000,45.364176,6.558082,2492.227380,196.1,3.785150,2.6,3.8
1671620557.023000,45.364078,6.558040,2494.509506,201.6,3.347111,2.7,4.3
1671620571.043000,45.364062,6.557911,2492.314121,304.8,2.207401,2.8,6.0
1671620574.018000,45.364124,6.557798,2491.714115,311.9,3.001207,2.8,5.0
1671620577.021000,45.364193,6.557700,2491.401949,317.0,3.282906,2.9,4.0
1671620580.040000,45.364260,6.557588,2489.217965,308.5,3.408261,2.9,4.0
1671620585.041000,45.364164,6.557473,2488.293714,187.2,3.125218,3.0,4.7
1671620587.012000,45.364012,6.557445,2485.921214,192.2,3.730574,3.0,5.1
1671620589.031000,45.363833,6.557379,2480.890963,197.8,9.021751,3.0,5.6
1671620590.043000,45.363726,6.557325,2479.235158,199.9,9.663702,3.0,5.5
1671620591.037000,45.363622,6.557272,2477.037645,199.2,10.145692,3.0,5.4
1671620592.023000,45.363518,6.557224,2474.644192,197.5,10.111595,3.0,5.7
1671620593.023000,45.363416,6.557190,2473.606755,191.8,10.136906,3.0,6.0
1671620594.059000,45.363315,6.557166,2475.392845,189.5,10.040577,3.0,6.0
1671620595.026000,45.363219,6.557147,2471.999502,188.0,9.785981,3.0,6.0
1671620596.029000,45.363120,6.557131,2470.915776,186.2,10.295452,3.0,5.7
1671620597.015000,45.363025,6.557116,2470.087370,189.7,9.546946,3.0,5.7
1671620598.014000,45.362933,6.557093,2468.880675,190.9,9.484869,3.1,5.7
1671620600.025000,45.362764,6.557027,2465.903930,195.0,9.581330,3.1,5.7
1671620602.022000,45.362595,6.556962,2461.423342,195.0,9.508294,3.1,6.0
1671620604.003000,45.362429,6.556895,2459.946700,194.0,9.768222,3.1,6.0
1671620605.019000,45.362340,6.556862,2458.219589,194.0,9.950719,3.2,5.7
1671620606.017000,45.362253,6.556829,2456.299805,193.0,9.951426,3.2,5.2
1671620608.020000,45.362078,6.556773,2453.620302,191.0,10.417000,3.2,4.7
1671620609.002000,45.361984,6.556746,2451.021282,190.0,10.533625,3.2,4.0
1671620610.029000,45.361888,6.556720,2450.988529,191.0,10.685200,3.2,4.0
1671620611.015000,45.361792,6.556689,2447.638424,192.0,10.720550,3.3,4.0
1671620611.997000,45.361698,6.556655,2446.651732,193.0,10.777843,3.3,4.0
1671620613.008000,45.361605,6.556622,2445.633061,194.0,10.354064,3.3,4.3
1671620614.028000,45.361515,6.556588,2447.204891,194.0,10.177525,3.3,4.8
1671620616.007000,45.361344,6.556526,2444.139471,194.0,9.713046,3.3,5.3
1671620618.022000,45.361175,6.556473,2439.057192,194.0,9.520604,3.3,6.0
1671620620.018000,45.361010,6.556428,2435.667398,190.0,9.323566,3.3,6.0
1671620622.008000,45.360840,6.556388,2433.774866,191.0,9.578779,3.4,5.3
1671620624.010000,45.360672,6.556324,2433.596672,196.0,9.869793,3.4,4.7
1671620625.021000,45.360583,6.556286,2431.129788,197.0,10.424399,3.3,4.4
1671620626.006000,45.360490,6.556243,2429.290081,198.0,10.895111,3.4,4.7
1671620627.007000,45.360394,6.556196,2427.737732,197.0,11.221107,3.4,5.0
1671620628.014000,45.360292,6.556152,2425.824414,196.0,11.881153,3.4,5.3
1671620629.005000,45.360187,6.556102,2422.858259,200.0,12.184632,3.4,5.7
1671620630.017000,45.360080,6.556044,2421.079719,200.0,12.694525,3.4,6.0
1671620630.997000,45.359970,6.555986,2418.357891,200.0,12.723455,3.4,6.0
1671620632.023000,45.359858,6.555925,2416.476037,200.0,13.173757,2.5,6.0
1671620633.032000,45.359744,6.555867,2414.702933,200.0,13.526773,2.5,5.6
1671620634.027000,45.359632,6.555806,2412.084961,205.9,13.185887,2.5,5.2
1671620635.004000,45.359527,6.555730,2407.702162,205.0,13.375051,2.6,5.3
1671620636.017000,45.359423,6.555660,2406.606359,198.1,13.080564,2.5,5.2
1671620637.018000,45.359313,6.555610,2402.549289,192.4,13.612555,2.6,5.7
1671620638.020000,45.359192,6.555574,2399.350149,194.9,13.805954,2.6,6.0
1671620639.017000,45.359070,6.555527,2398.054473,195.0,13.958972,2.6,6.7
1671620640.013000,45.358949,6.555484,2393.226139,192.2,14.112233,2.6,7.6
1671620641.030000,45.358822,6.555449,2391.565173,186.0,14.482434,2.6,8.0
1671620642.014000,45.358696,6.555449,2389.188337,178.1,13.869136,2.6,8.0
1671620643.009000,45.358572,6.555461,2386.146501,174.5,13.722817,2.6,8.0
1671620644.002000,45.358458,6.555496,2386.551931,166.1,12.624325,2.6,8.0
1671620645.021000,45.358360,6.555552,2382.821631,162.0,11.628870,2.5,7.6
1671620646.031000,45.358266,6.555606,2381.114029,161.0,10.964818,2.5,7.2
1671620647.011000,45.358175,6.555655,2378.522638,163.0,10.541313,2.6,7.0
1671620648.029000,45.358083,6.555697,2377.780122,165.0,10.419736,2.6,6.4
1671620649.018000,45.357993,6.555734,2377.347207,164.0,10.037421,2.6,6.0
1671620650.040000,45.357905,6.555770,2376.410945,164.0,9.681765,2.6,6.0
1671620652.034000,45.357737,6.555845,2373.401540,165.0,9.543917,2.6,6.0
1671620654.019000,45.357570,6.555903,2373.812083,168.0,9.326148,2.5,6.8
1671620655.997000,45.357416,6.555923,2371.160214,178.9,8.147439,2.5,7.0
1671620658.020000,45.357278,6.555914,2369.755194,183.0,6.621208,2.5,7.0
1671620660.011000,45.357168,6.555888,2369.868451,188.0,6.228862,2.5,6.3
1671620662.024000,45.357058,6.555858,2365.075217,193.0,6.065020,2.6,6.0
1671620664.017000,45.356949,6.555818,2364.806311,195.0,6.305347,2.6,6.0
1671620666.011000,45.356840,6.555767,2366.689838,199.7,6.650337,2.6,6.0
1671620668.023000,45.356725,6.555697,2363.594276,203.4,7.046623,2.6,5.6
1671620670.018000,45.356602,6.555611,2362.722956,205.5,8.095102,2.6,4.8
1671620672.007000,45.356467,6.555508,2360.154123,209.0,8.836926,2.7,4.8
1671620674.024000,45.356328,6.555386,2361.219109,211.0,8.969196,2.6,5.6
1671620676.010000,45.356196,6.555267,2359.561546,212.0,8.338307,2.5,5.6
1671620678.014000,45.356073,6.555153,2351.648682,212.0,7.850100,3.0,5.7
1671620680.021000,45.355946,6.555047,2350.901722,210.0,8.380185,2.8,5.7
1671620682.025000,45.355810,6.554930,2348.661014,211.9,9.280207,2.8,6.0
1671620684.022000,45.355659,6.554792,2349.360880,212.0,10.163738,2.6,6.0
1671620685.016000,45.355580,6.554721,2348.029835,211.0,10.177826,2.6,6.0
1671620686.023000,45.355502,6.554651,2346.254495,211.0,10.202958,2.6,5.6
1671620687.022000,45.355424,6.554584,2344.968771,210.1,10.169765,2.6,5.7
1671620689.028000,45.355265,6.554460,2341.923894,208.0,10.158066,2.6,5.6
1671620691.015000,45.355107,6.554334,2338.883545,209.0,10.290940,2.6,5.7
1671620692.014000,45.355029,6.554269,2337.427686,210.9,10.079320,2.6,5.7
1671620693.019000,45.354952,6.554201,2336.806464,211.0,10.177021,2.6,5.6
1671620694.013000,45.354876,6.554131,2335.777667,212.9,10.225058,2.6,5.7
1671620695.043000,45.354799,6.554059,2334.237126,213.0,10.013858,2.6,5.6
1671620697.010000,45.354654,6.553918,2333.216410,213.0,10.098971,2.6,5.7
1671620698.031000,45.354578,6.553844,2332.653120,214.0,10.139649,2.6,6.0
1671620700.009000,45.354438,6.553718,2330.050510,208.9,9.014056,2.6,5.7
1671620702.006000,45.354303,6.553623,2327.748092,199.5,7.925078,2.6,5.0
1671620704.005000,45.354172,6.553584,2329.442641,187.7,8.076593,2.6,5.0
1671620706.005000,45.354038,6.553568,2324.303885,188.0,5.540740,2.8,5.3
1671620708.011000,45.353946,6.553561,2323.561627,177.2,4.841030,2.9,6.0
1671620711.002000,45.353861,6.553606,2323.777975,118.3,1.659936,2.8,6.0
1671620727.308000,45.353944,6.553663,2325.719222,-1.0,0.016074,2.6,3.9
1671620743.250000,45.353988,6.553775,2326.075937,-1.0,0.039083,2.6,4.0
1671620755.962000,45.353927,6.553927,2322.116501,146.4,2.609893,2.9,6.2
1671620757.709000,45.353849,6.554068,2323.008762,138.3,3.636618,2.9,8.7
1671620759.891000,45.353772,6.554162,2324.459794,139.5,4.052634,3.0,9.9
1671620761.691000,45.353694,6.554250,2328.394135,139.3,3.962772,2.6,9.4
1671620764.088000,45.353620,6.554342,2333.909814,139.2,3.973469,2.6,8.5
1671620767.089000,45.353539,6.554446,2332.573581,138.9,3.985905,4.5,8.2
1671620770.089000,45.353452,6.554545,2336.490207,139.4,4.015757,5.5,10.0
1671620773.087000,45.353371,6.554642,2344.182366,139.8,3.945137,2.7,8.2
1671620775.967000,45.353285,6.554743,2346.605750,139.0,4.127318,2.8,7.0
1671620778.967000,45.353203,6.554844,2350.244741,139.2,4.125908,2.7,8.1
1671620782.022000,45.353114,6.554951,2350.441844,138.0,4.149754,3.9,7.8
1671620785.025000,45.353030,6.555054,2353.269547,139.0,4.095904,2.9,5.6
1671620788.026000,45.352945,6.555152,2356.468294,139.0,4.139925,3.2,4.4
1671620791.006000,45.352861,6.555253,2360.797211,140.0,4.090214,2.8,4.0
1671620794.027000,45.352777,6.555353,2364.000162,140.0,4.081224,2.7,4.4
1671620797.000000,45.352696,6.555453,2364.179752,139.0,3.917355,6.6,4.3
1671620800.011000,45.352611,6.555555,2366.472778,138.0,4.097599,6.3,4.0
1671620803.015000,45.352523,6.555660,2368.261698,138.0,4.146698,4.6,4.0
1671620806.018000,45.352437,6.555765,2370.740590,139.0,4.107611,8.5,4.0
1671620809.013000,45.352352,6.555866,2374.342601,139.0,4.135373,3.0,4.0
1671620812.028000,45.352267,6.555970,2374.650422,141.0,4.118370,8.6,4.0
1671620815.012000,45.352183,6.556072,2378.957043,140.0,4.085450,3.5,4.0
1671620818.002000,45.352098,6.556173,2381.270918,138.0,4.088887,3.2,4.0
1671620821.012000,45.352014,6.556276,2384.979278,141.0,4.015342,3.0,4.0
1671620824.020000,45.351931,6.556378,2387.798342,139.0,4.045873,3.6,4.0
1671620827.019000,45.351847,6.556477,2389.821036,139.0,4.045669,6.5,4.0
1671620830.019000,45.351762,6.556581,2393.326294,139.0,4.029945,6.5,4.0
1671620833.021000,45.351682,6.556679,2396.812610,139.0,4.043673,6.5,4.0
1671620836.008000,45.351600,6.556778,2399.096842,139.0,3.959533,3.1,4.9
1671620838.523000,45.351531,6.556861,2401.068657,140.0,4.301309,2.8,5.1
1671620841.020000,45.351457,6.556949,2404.591053,139.0,4.212342,8.7,5.1
1671620843.563000,45.351386,6.557036,2405.233531,139.0,4.184256,7.9,5.2
1671620846.008000,45.351314,6.557121,2407.129108,139.0,4.186368,3.7,5.0
1671620848.577000,45.351243,6.557209,2407.727882,139.0,4.139636,3.6,5.2
1671620851.029000,45.351172,6.557294,2410.605649,139.0,4.139039,3.2,5.2
1671620854.042000,45.351076,6.557411,2410.530090,139.0,4.177319,6.3,4.0
1671620857.041000,45.351000,6.557503,2413.005243,139.0,4.003059,6.5,4.0
1671620860.018000,45.350910,6.557611,2411.190217,140.0,4.042299,3.5,4.0
1671620863.020000,45.350829,6.557708,2411.585670,140.0,4.201109,7.0,4.0
1671620866.015000,45.350743,6.557812,2409.873134,138.0,4.200104,3.2,4.3
1671620869.014000,45.350652,6.557919,2407.955524,138.0,4.173344,2.8,4.3
1671620872.008000,45.350571,6.558017,2408.666638,139.0,4.182953,3.0,4.0
1671620875.011000,45.350483,6.558123,2409.533208,139.0,4.214489,5.5,4.0
1671620878.030000,45.350399,6.558226,2409.331486,139.0,4.158597,6.6,4.0
1671620881.025000,45.350313,6.558329,2409.334175,139.0,4.213967,5.0,4.0
1671620884.047000,45.350222,6.558438,2409.295475,138.0,4.231507,6.4,4.0
1671620887.020000,45.350142,6.558534,2409.478369,139.0,4.183286,6.3,4.0
1671620890.020000,45.350052,6.558642,2407.209007,141.0,4.083386,2.7,4.0
1671620893.002000,45.349969,6.558745,2410.354575,141.0,4.213152,6.5,4.0
1671620896.021000,45.349882,6.558851,2409.528803,138.9,4.207457,3.2,4.0
1671620899.034000,45.349796,6.558954,2406.344880,139.0,4.150069,2.5,4.0
1671620901.997000,45.349711,6.559055,2409.545428,139.0,4.178004,2.6,4.0
1671620905.000000,45.349625,6.559161,2413.329174,141.0,4.144343,5.6,4.0
1671620908.009000,45.349540,6.559266,2414.903480,140.0,4.129467,6.5,4.0
1671620911.021000,45.349456,6.559367,2416.317974,139.0,4.115985,3.4,4.0
1671620914.035000,45.349369,6.559471,2418.431591,139.0,4.217622,6.0,4.0
1671620917.044000,45.349271,6.559589,2420.214218,139.0,4.070276,6.2,4.0
1671620920.018000,45.349198,6.559678,2419.405501,139.1,4.096528,2.7,4.0
1671620923.025000,45.349117,6.559773,2418.739931,139.1,4.108233,2.5,4.0
1671620926.021000,45.349030,6.559876,2421.682342,140.0,4.087533,2.6,4.0
1671620929.030000,45.348943,6.559982,2421.501129,140.0,4.080558,2.5,4.0
1671620932.003000,45.348862,6.560080,2426.375936,139.0,4.107294,2.6,4.0
1671620934.998000,45.348777,6.560181,2425.393554,137.1,4.104370,2.6,4.0
1671620937.999000,45.348693,6.560282,2430.055004,139.0,4.050920,2.6,4.0
1671620941.023000,45.348610,6.560382,2436.241953,140.0,3.997979,2.6,4.0
1671620944.005000,45.348529,6.560481,2438.564021,141.0,4.327007,2.7,4.0
1671620947.008000,45.348439,6.560586,2438.497854,138.0,4.166698,2.6,4.0
1671620949.998000,45.348353,6.560689,2438.548446,138.0,4.179182,2.6,4.0
1671620953.028000,45.348265,6.560792,2437.202453,138.0,4.214274,2.6,4.0
1671620956.028000,45.348177,6.560896,2437.761450,139.0,4.178705,2.5,4.0
1671620959.005000,45.348092,6.560998,2440.662745,140.0,4.162865,2.5,4.0
1671620961.999000,45.348008,6.561101,2442.012736,140.0,4.155232,2.6,4.0
1671620965.022000,45.347921,6.561207,2443.890232,138.0,4.224590,2.5,4.0
1671620968.010000,45.347832,6.561314,2446.717272,139.0,4.151057,2.5,4.0
1671620971.021000,45.347747,6.561417,2448.719344,139.0,4.089948,2.5,4.0
1671620974.006000,45.347665,6.561517,2449.142729,139.0,4.146530,2.5,4.0
1671620977.014000,45.347574,6.561627,2451.291751,139.0,4.102354,2.5,4.0
1671620980.043000,45.347488,6.561731,2454.041136,139.0,4.060099,2.6,5.2
1671620983.001000,45.347410,6.561830,2456.369731,140.0,3.836105,2.7,5.3
1671620986.004000,45.347325,6.561932,2461.642003,139.0,3.853825,2.5,4.7
1671620988.986000,45.347247,6.562027,2466.934023,139.0,3.757021,2.5,4.0
1671620992.013000,45.347169,6.562122,2472.920612,139.0,3.759841,2.5,4.0
1671620995.013000,45.347091,6.562215,2476.558873,140.0,3.764718,2.5,4.0
1671620997.999000,45.347013,6.562310,2482.402216,139.0,3.768494,2.5,4.0
1671621001.001000,45.346938,6.562401,2491.234385,139.0,3.711936,2.5,4.0
1671621003.992000,45.346862,6.562492,2496.042477,139.0,3.735091,2.6,4.0
1671621006.998000,45.346785,6.562585,2502.343880,140.0,3.672079,2.7,4.0
1671621009.995000,45.346710,6.562676,2507.830119,140.0,3.670519,2.7,3.5
1671621014.028000,45.346614,6.562796,2516.882083,139.0,3.663269,2.5,3.6
1671621016.997000,45.346531,6.562900,2522.119925,139.0,3.766905,2.5,3.6
1671621019.991000,45.346448,6.563000,2523.560916,138.0,3.842595,2.5,3.6
1671621022.996000,45.346364,6.563100,2526.220664,140.0,3.894134,2.5,3.9
1671621025.989000,45.346280,6.563201,2532.987727,139.0,3.930726,2.5,3.1
1671621029.003000,45.346196,6.563303,2536.814782,139.0,3.948550,2.5,3.4
1671621031.991000,45.346112,6.563403,2539.162391,139.0,3.957761,2.5,3.4
1671621035.001000,45.346030,6.563502,2542.589387,140.0,3.965735,2.7,2.8
1671621038.024000,45.345948,6.563597,2547.302798,139.0,3.963517,2.7,3.1
1671621041.014000,45.345867,6.563692,2551.483272,139.0,3.957596,2.5,3.5
1671621044.026000,45.345773,6.563802,2557.803209,139.0,3.952233,2.5,3.6
1671621047.010000,45.345701,6.563886,2561.440423,139.0,3.942979,2.5,3.9
1671621050.024000,45.345616,6.563985,2565.528287,139.0,3.977277,2.5,3.5
1671621052.997000,45.345534,6.564082,2569.503341,139.0,4.004913,2.5,2.7
1671621056.008000,45.345450,6.564183,2572.218488,139.0,4.022065,2.5,3.1
1671621059.021000,45.345363,6.564289,2574.701940,139.0,4.029911,2.5,3.5
1671621061.998000,45.345286,6.564383,2578.220375,139.0,4.029803,2.6,3.5
1671621065.010000,45.345201,6.564485,2581.820685,140.0,4.032186,2.7,2.7
1671621068.003000,45.345120,6.564584,2585.529222,139.0,4.024350,2.7,3.1
1671621070.997000,45.345039,6.564680,2589.033348,138.0,4.011465,2.5,3.4
1671621074.029000,45.344952,6.564778,2593.604246,139.0,4.005856,2.5,3.5
1671621077.015000,45.344876,6.564870,2597.821183,139.0,3.991827,2.5,3.6
1671621080.021000,45.344795,6.564968,2601.458940,139.0,3.981598,2.5,3.9
1671621083.016000,45.344716,6.565063,2608.299399,139.0,3.971094,2.5,3.5
1671621085.999000,45.344635,6.565163,2612.776290,139.0,3.961760,2.5,3.0
1671621089.032000,45.344552,6.565268,2615.310115,139.0,3.941586,2.6,3.2
1671621092.021000,45.344474,6.565365,2619.495785,139.0,3.971470,2.5,3.4
1671621095.012000,45.344389,6.565467,2622.756173,139.0,4.010828,2.7,3.3
1671621098.024000,45.344307,6.565565,2625.518612,139.0,4.019339,2.7,3.5
1671621101.008000,45.344224,6.565665,2630.013085,139.0,4.030697,2.5,3.9
1671621104.019000,45.344141,6.565764,2632.194435,139.0,4.041107,2.5,3.4
1671621107.014000,45.344058,6.565863,2635.545098,139.0,4.045039,2.5,2.5
1671621110.027000,45.343975,6.565964,2639.741380,139.0,4.043264,2.5,3.4
1671621113.004000,45.343892,6.566065,2643.580854,139.0,4.041068,2.5,2.9
1671621116.014000,45.343809,6.566166,2644.948777,139.0,4.037910,2.5,3.1
1671621119.008000,45.343726,6.566264,2650.027947,139.0,4.023825,2.5,3.9
1671621122.018000,45.343638,6.566369,2652.498172,139.0,4.051969,2.7,3.4
1671621125.012000,45.343554,6.566469,2652.390214,139.0,4.082094,2.7,2.7
1671621128.009000,45.343467,6.566573,2650.867715,139.0,4.108545,2.5,3.1
1671621131.009000,45.343382,6.566675,2650.018382,139.0,4.125392,2.5,2.5
1671621134.002000,45.343296,6.566779,2648.251521,139.0,4.143753,2.5,2.9
1671621137.009000,45.343210,6.566881,2647.347424,139.0,4.160017,2.5,2.7
1671621140.016000,45.343123,6.566984,2648.618601,140.0,4.164803,2.5,1.6
1671621142.995000,45.343036,6.567088,2647.445255,139.0,4.167668,2.5,2.5
1671621145.981000,45.342949,6.567191,2644.525007,139.0,4.176067,2.5,3.4
1671621149.021000,45.342861,6.567295,2646.225135,139.0,4.180229,2.6,3.9
1671621151.987000,45.342782,6.567389,2646.395783,139.0,4.178758,2.7,3.3
1671621155.001000,45.342690,6.567500,2646.249804,139.0,4.186030,2.7,3.3
1671621158.019000,45.342601,6.567606,2646.467353,139.0,4.189664,2.5,2.7
1671621161.004000,45.342520,6.567703,2647.112621,139.0,4.184958,2.5,3.2
1671621163.984000,45.342433,6.567808,2648.212774,139.0,4.169739,2.5,3.3
1671621167.011000,45.342345,6.567914,2650.652911,139.0,4.155510,2.5,2.7
1671621170.018000,45.342261,6.568017,2653.290970,139.0,4.136948,2.5,2.6
1671621173.003000,45.342178,6.568117,2657.537298,139.0,4.115048,2.5,2.3
1671621176.002000,45.342094,6.568219,2659.441573,139.0,4.105271,2.5,2.8
1671621179.004000,45.342011,6.568320,2661.268735,139.0,4.091329,2.5,2.3
1671621182.014000,45.341935,6.568409,2666.499520,139.0,4.078538,3.3,1.8
1671621185.010000,45.341844,6.568519,2668.867551,139.0,4.092926,5.4,2.8
1671621188.013000,45.341758,6.568623,2672.245760,140.0,4.105622,2.5,3.4
1671621191.019000,45.341672,6.568726,2672.462322,140.0,4.113230,2.5,2.6
1671621194.024000,45.341587,6.568828,2674.249864,139.0,4.120466,2.5,2.6
1671621197.004000,45.341502,6.568930,2678.293756,139.0,4.127381,2.5,2.3
1671621200.002000,45.341417,6.569032,2680.359909,139.0,4.124500,2.5,2.3
1671621203.008000,45.341333,6.569135,2681.507762,139.0,4.117351,2.5,2.3
1671621206.000000,45.341248,6.569237,2683.986167,139.0,4.114478,2.5,2.8
1671621209.004000,45.341163,6.569339,2685.857955,139.0,4.113825,2.5,3.4
1671621212.026000,45.341079,6.569441,2690.290435,139.0,4.105970,5.6,2.6
1671621215.014000,45.340993,6.569544,2691.665023,139.0,4.101614,2.5,2.8
1671621218.009000,45.340910,6.569644,2696.207027,139.0,4.094254,2.5,3.3
1671621221.023000,45.340826,6.569745,2698.389325,140.0,4.088156,2.5,3.4
1671621224.027000,45.340736,6.569854,2701.386755,139.0,4.096319,2.5,2.8
1671621227.001000,45.340656,6.569952,2706.254573,139.0,4.115644,2.5,3.0
1671621230.015000,45.340569,6.570056,2704.821083,139.0,4.121012,2.5,3.5
1671621233.031000,45.340486,6.570157,2707.674055,139.0,4.120746,2.5,2.6
1671621236.026000,45.340401,6.570259,2711.019089,139.0,4.120279,2.5,3.4
1671621239.019000,45.340312,6.570367,2713.769499,140.0,4.118702,2.9,3.5
1671621241.999000,45.340234,6.570463,2715.413764,139.0,4.112559,2.5,3.0
1671621245.013000,45.340148,6.570567,2718.963096,139.0,4.106411,2.5,2.5
1671621248.009000,45.340065,6.570666,2721.018544,139.0,4.101795,2.5,1.8
1671621251.012000,45.339981,6.570768,2725.121592,140.0,4.095805,2.5,1.6
1671621254.031000,45.339894,6.570873,2729.966306,139.0,4.086438,2.5,3.4
1671621257.032000,45.339814,6.570969,2730.698589,139.0,4.080630,2.5,3.9
1671621260.005000,45.339731,6.571071,2733.749344,139.0,4.071709,2.5,3.4
1671621263.008000,45.339654,6.571162,2739.796952,140.0,4.078704,2.5,3.3
1671621266.004000,45.339560,6.571271,2743.908302,138.0,4.048282,4.4,3.8
1671621269.037000,45.339468,6.571377,2746.709506,139.0,4.051681,5.5,3.6
1671621272.027000,45.339386,6.571476,2749.225919,139.0,4.072325,2.5,3.6
1671621275.002000,45.339306,6.571578,2750.144064,138.0,4.081284,2.5,3.7
1671621277.993000,45.339224,6.571679,2753.459767,139.0,4.086034,2.5,3.6
1671621281.030000,45.339141,6.571780,2758.704436,139.0,4.083017,2.5,2.8
1671621284.007000,45.339059,6.571879,2761.407677,139.0,4.080348,2.5,3.1
1671621287.009000,45.338977,6.571981,2762.887404,139.0,4.070897,2.5,2.8
1671621290.011000,45.338895,6.572084,2764.662660,139.0,4.063020,2.5,3.5
1671621293.005000,45.338810,6.572184,2768.723469,139.0,4.058861,2.5,3.5
1671621296.001000,45.338725,6.572285,2772.121915,139.0,4.054701,2.7,3.1
1671621299.023000,45.338636,6.572392,2777.288507,140.0,4.051720,2.8,2.8
1671621302.023000,45.338558,6.572484,2780.671572,140.0,4.041571,2.5,3.0
1671621305.017000,45.338474,6.572586,2781.738164,138.1,4.036267,2.5,3.4
1671621309.016000,45.338398,6.572671,2784.019287,143.0,3.507987,2.5,3.9
1671621313.993000,45.338292,6.572711,2784.499078,192.6,3.151778,2.5,4.0
1671621317.011000,45.338174,6.572644,2781.616076,203.0,3.617162,2.5,4.0
1671621320.005000,45.338064,6.572568,2780.646757,211.0,3.856846,2.5,4.0
1671621323.020000,45.337953,6.572478,2781.206269,208.0,3.948174,2.7,4.0
1671621326.018000,45.337885,6.572383,2779.910779,227.0,3.833170,2.6,4.0
1671621329.027000,45.337828,6.572267,2778.111009,236.0,3.789656,2.5,3.5
1671621332.016000,45.337757,6.572153,2776.581498,215.7,3.957950,2.5,3.6
1671621334.009000,45.337668,6.572061,2775.680362,215.9,4.312876,2.5,3.4
1671621336.000000,45.337561,6.571976,2770.665328,200.9,7.621327,2.5,3.5
1671621338.001000,45.337410,6.571863,2767.139371,210.8,8.810895,2.5,4.1
1671621339.994000,45.337265,6.571719,2762.435770,217.7,9.090546,2.5,5.3
1671621341.986000,45.337132,6.571557,2760.299063,221.0,9.451834,2.5,6.0
1671621344.004000,45.337002,6.571399,2755.700590,226.4,8.804072,2.5,6.0
1671621345.995000,45.336909,6.571217,2753.685602,229.5,8.438822,2.5,6.0
1671621347.998000,45.336806,6.571039,2750.170244,226.0,9.005769,2.5,6.3
1671621349.989000,45.336680,6.570864,2746.404007,225.8,9.660155,2.5,7.0
1671621350.990000,45.336619,6.570767,2745.096859,226.0,9.284627,2.5,7.3
1671621352.991000,45.336484,6.570624,2738.994896,208.9,8.844643,2.6,8.0
1671621355.000000,45.336343,6.570515,2735.776088,205.7,8.680427,2.5,8.0
1671621356.995000,45.336195,6.570441,2730.342597,200.2,8.449263,2.5,8.0
1671621359.007000,45.336072,6.570370,2725.163731,201.2,8.314928,2.5,8.0
1671621360.988000,45.335904,6.570344,2719.637961,182.0,9.779474,2.5,8.0
1671621361.994000,45.335811,6.570346,2717.477222,184.0,9.941430,2.5,8.0
1671621362.999000,45.335715,6.570345,2714.033802,178.3,10.589492,2.5,8.0
1671621364.006000,45.335613,6.570352,2711.204484,180.0,10.751686,2.5,8.0
1671621365.009000,45.335517,6.570353,2707.449720,185.1,9.443273,2.5,8.0
1671621366.994000,45.335393,6.570292,2703.323881,231.8,7.559494,2.5,8.0
1671621368.980000,45.335315,6.570139,2700.394795,242.8,7.405011,2.5,8.0
1671621371.005000,45.335320,6.569986,2697.759280,297.0,6.983481,2.5,8.0
1671621373.010000,45.335392,6.569844,2695.773268,318.0,5.834950,2.5,8.0
1671621375.000000,45.335476,6.569755,2695.050773,325.0,5.590286,2.5,8.0
1671621376.988000,45.335558,6.569679,2694.485560,329.0,4.913294,2.5,7.3
1671621379.991000,45.335681,6.569585,2692.645153,334.0,5.283882,2.5,6.2
1671621381.986000,45.335782,6.569521,2693.805890,335.0,5.425127,2.6,6.0
1671621383.986000,45.335882,6.569459,2692.094447,335.0,5.599072,2.5,6.0
1671621386.005000,45.335980,6.569391,2690.914788,330.0,5.885657,2.5,6.0
1671621387.990000,45.336076,6.569320,2689.230927,333.0,5.908152,2.5,5.3
1671621390.008000,45.336175,6.569253,2688.642019,333.0,6.085672,2.5,4.4
1671621391.995000,45.336273,6.569184,2685.610260,333.0,6.353953,2.5,4.7
1671621393.995000,45.336372,6.569112,2684.356390,332.0,6.329293,2.5,5.3
1671621395.993000,45.336473,6.569032,2683.104624,330.0,6.571046,2.5,5.2
1671621398.007000,45.336574,6.568947,2683.788459,330.0,6.721047,2.5,4.4
1671621400.012000,45.336680,6.568860,2682.450473,329.0,7.035273,2.5,4.0
1671621401.996000,45.336786,6.568769,2679.561211,328.0,6.898172,2.5,4.0
1671621404.004000,45.336890,6.568674,2677.913170,328.0,6.842824,2.5,4.0
1671621406.016000,45.336996,6.568572,2676.613733,326.0,7.109676,2.5,4.0
1671621408.010000,45.337107,6.568472,2674.895442,328.0,7.332275,2.5,4.0
1671621410.045000,45.337221,6.568372,2676.140368,328.0,7.489833,2.5,4.0
1671621412.030000,45.337337,6.568271,2673.629492,328.0,7.521127,2.5,4.8
1671621414.015000,45.337455,6.568174,2672.747389,331.0,7.457802,2.5,5.3
1671621416.025000,45.337577,6.568091,2670.498452,334.0,7.598166,2.5,5.2
1671621418.014000,45.337704,6.568023,2668.495263,345.9,7.458482,2.5,4.7
1671621420.026000,45.337840,6.567984,2666.190326,344.8,7.880367,2.5,4.0
1671621422.019000,45.337970,6.567918,2664.158142,326.8,6.911921,2.5,4.0
1671621424.020000,45.338047,6.567820,2662.167074,319.5,6.037975,2.5,4.7
1671621426.010000,45.338053,6.567673,2661.833886,250.5,5.359653,2.5,6.0
1671621428.021000,45.337957,6.567563,2659.107104,198.9,8.021506,2.5,8.7
1671621429.006000,45.337867,6.567522,2658.652974,197.9,9.345635,2.5,9.7
1671621430.020000,45.337765,6.567471,2656.504637,202.5,9.928400,2.5,11.2
1671621431.002000,45.337648,6.567411,2654.386888,204.8,10.136422,2.5,10.7
1671621432.032000,45.337540,6.567344,2652.300065,208.7,10.073152,2.5,10.4
1671621433.025000,45.337443,6.567271,2650.090168,211.7,10.287895,2.5,9.6
1671621434.023000,45.337348,6.567195,2648.264506,211.1,10.685172,2.5,8.8
1671621435.021000,45.337243,6.567118,2646.346939,211.0,10.735102,2.5,8.3
1671621436.016000,45.337148,6.567041,2643.626214,218.8,10.353174,2.5,7.2
1671621437.006000,45.337068,6.566950,2641.491521,221.4,10.087461,2.5,7.0
1671621437.996000,45.336997,6.566860,2638.587232,223.5,9.756300,2.5,6.7
1671621440.007000,45.336871,6.566696,2632.855363,224.0,8.910048,2.5,6.7
1671621442.005000,45.336813,6.566556,2622.597528,263.0,5.764715,2.6,8.7
1671621444.016000,45.336832,6.566367,2617.948881,283.4,9.341305,2.6,12.8
1671621445.022000,45.336847,6.566232,2613.425862,267.4,10.597054,3.0,14.4
1671621445.997000,45.336850,6.566090,2609.120110,276.8,10.419737,2.7,14.7
1671621446.990000,45.336873,6.565946,2606.444216,274.5,10.276021,2.8,14.7
1671621448.015000,45.336910,6.565816,2602.963090,273.2,9.584370,2.6,14.4
1671621450.017000,45.336902,6.565617,2597.309562,234.6,7.732090,2.9,13.3
1671621452.997000,45.336820,6.565453,2590.634967,217.9,8.446651,2.9,10.0
1671621455.017000,45.336699,6.565311,2588.452317,218.6,8.801839,2.5,8.0
1671621457.002000,45.336663,6.565119,2581.187644,259.0,7.755506,2.7,8.0
1671621459.010000,45.336643,6.564944,2575.257304,249.0,7.387081,2.7,8.0
1671621461.001000,45.336644,6.564776,2569.007212,272.0,7.936101,2.8,8.0
1671621463.010000,45.336642,6.564571,2563.289947,251.1,7.367893,2.7,8.0
1671621464.997000,45.336632,6.564370,2558.438964,300.0,7.639879,2.8,8.0
1671621467.006000,45.336736,6.564189,2552.426869,297.6,7.912180,2.8,8.0
1671621469.015000,45.336773,6.564004,2548.065916,267.1,6.534238,2.9,8.0
1671621471.022000,45.336804,6.563833,2544.560117,306.9,7.384343,2.7,8.0
1671621473.023000,45.336892,6.563678,2539.779548,333.6,6.232884,2.7,8.0
1671621474.994000,45.337016,6.563598,2534.862852,319.5,6.983808,2.8,8.0
1671621476.991000,45.337070,6.563485,2531.182027,278.3,3.416117,2.8,8.0
1671621480.008000,45.337144,6.563347,2525.514319,310.8,5.853389,2.9,8.0
1671621482.012000,45.337185,6.563213,2521.505160,299.1,5.142625,3.0,8.0
1671621484.021000,45.337243,6.563103,2516.980477,315.3,4.661935,2.7,8.0
1671621486.793000,45.337313,6.562994,2513.811272,312.4,4.523499,2.6,10.1
1671621489.007000,45.337330,6.562799,2505.936306,270.5,6.955215,2.6,11.4
1671621490.998000,45.337258,6.562628,2499.893486,221.4,7.921932,2.6,12.6
1671621493.009000,45.337128,6.562464,2495.077444,227.4,8.645844,2.6,11.3
1671621494.008000,45.337061,6.562378,2492.212456,217.5,9.345160,2.5,12.8
1671621494.993000,45.336983,6.562295,2490.299176,211.0,10.144816,2.6,12.7
1671621496.002000,45.336886,6.562234,2487.016574,192.0,9.656443,2.8,11.2
1671621496.998000,45.336790,6.562193,2484.316600,192.7,9.593326,2.8,10.7
1671621498.010000,45.336698,6.562139,2485.961261,201.2,9.392996,2.8,9.6
1671621499.007000,45.336621,6.562050,2484.479071,218.0,10.538947,2.9,10.0
1671621500.017000,45.336539,6.561953,2481.360776,210.8,11.358638,3.0,9.6
1671621501.017000,45.336445,6.561871,2477.646712,202.5,11.971539,2.7,10.4
1671621501.998000,45.336342,6.561802,2475.265595,204.6,12.318563,2.6,11.2
1671621502.995000,45.336235,6.561719,2474.504025,213.9,12.805098,2.6,11.3
1671621504.011000,45.336134,6.561609,2471.116873,218.6,13.017164,2.6,12.0
1671621505.002000,45.336035,6.561477,2467.211658,226.9,13.330727,2.6,11.3
1671621506.009000,45.335943,6.561338,2464.756078,229.1,13.338029,2.6,10.7
1671621507.002000,45.335858,6.561201,2461.707336,230.7,13.010267,2.6,9.6
1671621508.010000,45.335777,6.561072,2459.960048,229.0,11.903786,2.6,8.8
1671621509.012000,45.335697,6.560952,2457.798325,228.1,11.519030,2.6,7.6
1671621510.012000,45.335623,6.560838,2456.622689,227.2,11.172050,2.7,7.2
1671621511.007000,45.335551,6.560735,2455.746914,224.6,10.507071,2.7,7.0
1671621512.002000,45.335476,6.560648,2454.423980,224.2,10.353680,2.6,6.7
1671621513.011000,45.335404,6.560562,2454.678056,221.4,9.799369,2.7,6.0
1671621515.009000,45.335269,6.560419,2453.108261,218.1,8.759188,2.6,6.0
1671621517.001000,45.335150,6.560305,2450.386591,217.0,8.208937,2.5,6.0
1671621519.005000,45.335025,6.560166,2449.323450,221.8,8.852381,2.5,6.0
1671621520.993000,45.334896,6.560020,2445.792719,218.0,9.950200,2.5,6.0
1671621523.000000,45.334806,6.559827,2439.276081,273.7,9.741768,2.5,6.0
1671621524.015000,45.334816,6.559697,2436.275958,281.8,10.749428,2.5,7.2
1671621525.021000,45.334839,6.559554,2435.650864,270.2,11.124237,2.6,8.4
1671621525.996000,45.334852,6.559410,2432.121030,271.0,10.865555,2.6,8.8
1671621527.015000,45.334863,6.559264,2431.058219,280.4,11.042024,2.7,9.2
1671621528.035000,45.334891,6.559118,2429.955282,288.8,11.493360,2.7,9.6
1671621529.036000,45.334932,6.558971,2426.660346,279.2,12.419541,2.9,8.8
1671621530.016000,45.334956,6.558810,2424.924791,275.0,12.778563,2.7,8.7
1671621531.017000,45.334971,6.558647,2421.332634,276.0,12.174854,2.6,8.0
1671621531.993000,45.334986,6.558494,2418.299857,274.2,12.158716,2.5,8.0
1671621533.014000,45.334997,6.558341,2416.128567,261.5,11.061459,2.5,8.0
1671621534.011000,45.334980,6.558205,2414.426150,258.4,9.526426,2.6,8.0
1671621536.004000,45.334973,6.557984,2411.467628,277.0,7.790315,2.6,8.0
1671621538.013000,45.334971,6.557742,2407.333557,258.7,8.030062,2.6,8.0
1671621540.027000,45.334936,6.557551,2404.164866,291.0,5.739938,2.8,8.0
1671621542.024000,45.334972,6.557389,2400.656019,271.6,7.273602,2.7,8.0
1671621544.039000,45.334955,6.557213,2397.450501,227.8,5.365367,2.6,8.0
1671621546.027000,45.334858,6.557102,2393.748742,234.0,8.180759,2.5,8.0
1671621548.029000,45.334762,6.556984,2387.945023,232.5,4.163523,2.5,8.0
1671621550.003000,45.334699,6.556872,2384.091173,238.4,6.723933,2.5,8.0
1671621552.023000,45.334567,6.556729,2378.860939,217.3,9.421058,2.5,8.0
1671621552.998000,45.334488,6.556655,2376.743746,216.0,10.834723,2.5,8.0
1671621554.015000,45.334400,6.556566,2374.882481,216.5,11.304162,2.6,8.0
1671621555.019000,45.334318,6.556468,2372.196510,222.9,11.330459,2.6,8.0
1671621556.024000,45.334256,6.556355,2370.261964,230.6,10.938070,2.7,8.0
1671621557.001000,45.334197,6.556242,2367.276863,231.6,11.205893,2.7,8.0
1671621558.003000,45.334137,6.556122,2364.989514,234.5,11.579435,2.9,8.0
1671621559.018000,45.334080,6.555994,2362.744514,238.7,11.829198,2.7,8.0
1671621560.011000,45.334029,6.555849,2360.664275,248.6,13.165069,2.6,8.0
1671621561.017000,45.333988,6.555680,2357.204909,251.6,13.140735,2.5,8.0
1671621562.003000,45.333973,6.555521,2354.518716,271.4,11.113563,2.5,8.0
1671621563.003000,45.333979,6.555373,2353.777492,275.1,10.865911,2.6,8.0
1671621564.013000,45.333999,6.555230,2351.796646,291.0,10.277599,2.6,8.0
1671621565.013000,45.334036,6.555103,2350.494345,299.5,9.731620,2.6,8.0
1671621567.023000,45.334168,6.554982,2349.076555,338.6,8.311625,2.6,8.0
1671621569.015000,45.334316,6.554982,2348.962517,358.9,7.000173,2.8,7.6
1671621571.007000,45.334445,6.554999,2349.018813,359.0,6.515318,2.7,7.0
1671621573.009000,45.334562,6.555002,2349.163861,355.1,6.061856,2.6,6.3
1671621575.000000,45.334670,6.554980,2348.238665,348.0,6.064780,2.5,6.0
1671621577.016000,45.334781,6.554941,2346.758678,343.4,6.215885,2.5,6.0
1671621579.011000,45.334888,6.554884,2345.790601,338.1,6.301347,2.5,6.0
1671621581.013000,45.334998,6.554820,2344.978629,340.9,6.600466,2.5,6.0
1671621583.025000,45.335120,6.554782,2343.890629,353.4,6.882624,2.7,6.0
1671621585.002000,45.335254,6.554788,2345.162561,2.0,7.443455,2.7,5.7
1671621587.008000,45.335392,6.554824,2343.705287,12.0,7.847942,2.9,5.6
1671621589.016000,45.335540,6.554875,2341.965111,11.0,8.650908,2.6,5.3
1671621590.994000,45.335696,6.554901,2338.542812,2.1,8.802953,2.5,5.0
1671621593.013000,45.335849,6.554888,2337.158596,354.0,8.409540,2.6,4.7
1671621595.021000,45.335986,6.554834,2335.657887,339.0,7.528937,2.6,5.2
1671621597.021000,45.336109,6.554745,2334.871197,334.1,8.067669,2.8,5.6
1671621599.018000,45.336226,6.554638,2333.831515,326.0,7.490201,2.6,4.8
1671621601.009000,45.336337,6.554534,2333.624556,328.0,7.329962,2.5,4.0
1671621603.004000,45.336448,6.554448,2333.433926,332.0,6.912120,2.5,4.0
1671621605.004000,45.336559,6.554380,2332.058677,337.0,6.812796,2.5,4.0
1671621607.007000,45.336674,6.554317,2330.981385,337.0,6.857747,2.5,4.0
1671621609.015000,45.336790,6.554247,2329.513834,337.0,7.056208,2.5,4.0
1671621611.014000,45.336908,6.554186,2329.146265,340.0,6.806607,2.5,4.0
1671621613.031000,45.337021,6.554132,2330.052257,341.0,6.527320,2.6,4.0
1671621615.035000,45.337138,6.554076,2329.570571,342.0,7.853182,2.7,4.0
1671621617.025000,45.337285,6.554017,2328.202359,346.0,9.839869,2.7,4.4
1671621618.013000,45.337375,6.553993,2326.378254,348.7,9.985794,2.6,4.7
1671621619.998000,45.337539,6.553954,2322.722006,349.0,8.972056,2.5,5.3
1671621622.010000,45.337693,6.553905,2321.149157,342.4,8.300113,2.6,6.0
1671621624.018000,45.337819,6.553820,2319.186643,332.5,7.346088,2.6,6.0
1671621626.014000,45.337934,6.553730,2318.153013,333.0,7.218127,2.8,5.2
1671621628.009000,45.338046,6.553642,2316.992590,331.0,7.099158,2.6,4.4
1671621630.003000,45.338156,6.553551,2316.473450,330.0,6.806511,2.5,4.8
1671621631.999000,45.338258,6.553464,2316.213852,328.1,6.458995,2.5,5.3
1671621633.994000,45.338350,6.553380,2316.716033,327.9,5.805161,2.5,6.0
1671621636.009000,45.338435,6.553300,2314.196502,326.2,5.267281,2.5,6.0
1671621638.035000,45.338513,6.553226,2313.791440,327.0,5.308656,2.5,6.0
1671621640.036000,45.338594,6.553157,2313.690532,329.0,5.336647,2.5,6.0
1671621642.022000,45.338677,6.553089,2314.534507,330.0,5.510088,2.6,6.0
1671621644.001000,45.338771,6.553020,2314.158523,332.9,5.841833,2.7,6.0
1671621646.008000,45.338871,6.552957,2313.043142,336.9,6.109180,2.7,6.0
1671621648.000000,45.338976,6.552903,2312.607408,339.8,6.363780,2.5,5.7
1671621650.026000,45.339090,6.552856,2311.923355,344.0,6.711604,2.6,4.8
1671621652.018000,45.339212,6.552808,2309.172542,343.0,7.116709,2.6,4.7
1671621654.043000,45.339336,6.552751,2308.036683,341.0,6.960561,2.6,5.2
1671621656.009000,45.339452,6.552692,2306.943096,338.5,6.973599,2.9,5.3
1671621658.002000,45.339566,6.552620,2306.604137,332.2,6.944036,2.8,4.8
1671621660.008000,45.339678,6.552532,2305.197845,329.4,7.515977,2.5,4.4
1671621662.011000,45.339795,6.552435,2305.789284,330.0,7.526861,2.5,5.0
1671621664.023000,45.339915,6.552344,2303.009000,330.1,7.354299,2.5,5.6
1671621666.030000,45.340024,6.552244,2302.111542,325.2,7.048693,2.5,4.8
1671621668.033000,45.340122,6.552140,2300.762823,324.0,6.783267,2.5,4.0
1671621670.014000,45.340218,6.552039,2299.452136,323.1,6.822387,2.7,4.0
1671621672.013000,45.340318,6.551930,2300.827499,321.0,7.055270,2.7,4.0
1671621674.006000,45.340415,6.551810,2299.704576,317.1,7.104115,2.9,4.0
1671621676.006000,45.340502,6.551678,2298.879696,308.3,7.254402,2.6,4.0
1671621678.006000,45.340576,6.551527,2296.378187,304.0,7.173786,2.5,4.0
1671621680.007000,45.340648,6.551371,2295.290206,304.0,7.349323,2.6,4.0
1671621681.998000,45.340721,6.551208,2293.973294,303.0,7.539258,2.6,4.0
1671621684.013000,45.340798,6.551040,2293.078605,304.0,7.734366,2.8,4.0
1671621686.022000,45.340876,6.550870,2290.955450,303.0,8.220541,2.6,4.0
1671621688.016000,45.340945,6.550669,2289.677332,299.0,8.935083,2.5,4.4
1671621690.012000,45.340991,6.550419,2288.160013,287.5,10.433622,2.5,5.0
1671621691.012000,45.341021,6.550285,2286.402363,285.0,11.036535,2.5,5.3
1671621692.016000,45.341048,6.550143,2283.490087,270.6,11.521049,2.5,6.0
1671621693.013000,45.341050,6.550001,2278.642579,271.0,10.518328,2.5,6.0
1671621693.998000,45.341052,6.549866,2277.210499,285.0,10.908557,2.5,6.0
1671621694.999000,45.341079,6.549720,2274.378339,283.0,12.343933,2.5,6.0
1671621696.015000,45.341105,6.549558,2270.482816,270.4,12.085616,2.5,6.0
1671621697.012000,45.341105,6.549396,2267.297094,266.2,12.105751,2.5,6.0
1671621698.002000,45.341097,6.549246,2264.493296,274.0,11.463817,2.5,6.0
1671621699.006000,45.341106,6.549097,2263.259829,282.7,11.644371,2.7,6.0
1671621700.003000,45.341131,6.548946,2261.728328,279.0,11.612035,2.6,6.4
1671621701.008000,45.341152,6.548793,2258.764022,281.0,11.661971,2.7,6.7
1671621702.012000,45.341178,6.548640,2257.858645,282.9,12.217134,2.7,7.2
1671621703.000000,45.341211,6.548484,2255.093057,288.9,13.085072,2.9,7.3
1671621704.000000,45.341255,6.548320,2252.293192,291.0,14.148409,2.7,7.7
1671621704.997000,45.341305,6.548146,2249.181485,298.6,15.056424,2.6,8.0
1671621706.020000,45.341384,6.547965,2244.927076,303.0,16.008781,2.5,8.0
1671621707.027000,45.341471,6.547790,2240.073428,305.0,15.667044,2.5,8.0
1671621708.002000,45.341560,6.547634,2236.715943,308.0,14.678182,2.5,7.6
1671621709.006000,45.341645,6.547492,2234.908320,309.0,13.690528,2.6,7.2
1671621710.011000,45.341727,6.547356,2232.537453,309.0,13.820417,2.6,6.8
1671621711.029000,45.341808,6.547222,2230.344859,312.0,13.367171,2.6,6.4
1671621712.022000,45.341895,6.547107,2229.038732,318.0,13.303581,2.6,6.3
1671621713.013000,45.341989,6.547001,2227.753718,322.9,13.641129,2.8,6.0
1671621713.995000,45.342088,6.546911,2224.652198,325.9,12.968972,2.9,6.0
1671621715.024000,45.342183,6.546826,2221.251073,325.0,11.053571,2.6,6.4
1671621717.023000,45.342291,6.546705,2215.626295,306.0,5.955592,2.5,7.2
1671621737.109000,45.342291,6.546668,2208.031741,-1.0,0.000000,2.5,3.9
1671621737.109000,45.342291,6.546668,2208.031741,-1.0,0.000000,2.5,3.9
1671621767.430000,45.342361,6.546617,2208.855266,359.9,0.366208,2.9,4.4
1671621770.910000,45.342492,6.546536,2208.117967,323.0,4.526379,2.9,5.0
1671621773.034000,45.342599,6.546444,2206.676342,324.0,4.954461,2.9,5.7
1671621776.896000,45.342692,6.546351,2206.252208,318.2,3.243372,2.5,5.9
1671621784.279000,45.342760,6.546259,2208.157066,316.7,1.033525,2.5,6.4
1671621791.678000,45.342816,6.546138,2207.393905,304.7,2.316077,2.7,4.5
1671621795.759000,45.342881,6.546025,2207.426797,315.1,3.004721,2.9,6.9
1671621799.957000,45.342984,6.545926,2204.927761,324.5,3.420537,2.9,7.3
1671621802.799000,45.343078,6.545857,2205.926253,331.1,3.833336,2.6,7.1
1671621805.679000,45.343183,6.545797,2205.046154,336.7,4.131165,2.5,7.0
1671621809.024000,45.343318,6.545739,2203.913605,342.0,5.235441,2.5,6.5
1671621811.005000,45.343418,6.545695,2202.805520,341.1,5.884138,2.5,5.5
1671621813.015000,45.343525,6.545635,2203.013801,337.2,6.451466,2.5,4.0
1671621815.038000,45.343637,6.545566,2201.865528,337.0,6.795290,2.6,4.0
1671621817.008000,45.343755,6.545500,2200.680539,339.0,7.052895,2.7,4.0
1671621819.008000,45.343882,6.545436,2199.729844,340.0,7.568317,2.7,4.4
1671621821.006000,45.344018,6.545379,2198.745411,343.0,8.048596,2.5,5.0
1671621823.004000,45.344160,6.545318,2197.401764,341.0,8.336500,2.6,5.7
1671621825.007000,45.344304,6.545246,2193.721460,340.0,8.286172,2.7,6.0
1671621826.995000,45.344453,6.545176,2193.679467,342.3,8.608362,2.9,5.3
1671621829.012000,45.344610,6.545108,2190.323600,342.0,9.036316,2.9,4.4
1671621830.999000,45.344768,6.545037,2188.819223,343.3,9.054511,3.0,4.3
1671621833.017000,45.344926,6.544976,2187.819299,338.4,8.882478,2.7,5.0
1671621835.008000,45.345017,6.544910,2186.195635,325.7,4.078385,2.5,5.7
1671621838.016000,45.344915,6.544856,2183.632279,188.6,6.876295,2.5,6.0
1671621839.025000,45.344823,6.544840,2181.998321,186.3,7.900093,2.5,5.8
1671621840.008000,45.344731,6.544826,2181.639956,185.1,8.288834,2.5,5.6
1671621841.014000,45.344639,6.544812,2181.783502,185.0,8.794396,2.5,5.3
1671621842.001000,45.344548,6.544796,2180.707441,186.8,9.305004,2.5,4.9
1671621843.013000,45.344454,6.544776,2178.997589,187.0,9.595910,2.6,4.6
1671621844.005000,45.344361,6.544756,2177.769592,188.8,9.867301,2.6,4.0
1671621845.007000,45.344269,6.544730,2177.423517,191.7,9.797409,2.9,4.0
1671621846.019000,45.344179,6.544700,2175.544272,192.0,9.733223,2.9,4.0
1671621848.015000,45.344004,6.544648,2173.690329,191.0,9.693422,2.7,4.0
1671621849.015000,45.343916,6.544621,2172.943862,192.0,9.928756,2.7,4.0
1671621850.015000,45.343827,6.544590,2171.918300,192.0,9.931461,2.5,4.0
1671621851.002000,45.343739,6.544559,2171.022910,193.0,9.995778,2.6,4.0
1671621852.001000,45.343651,6.544525,2169.418735,194.0,9.991053,2.6,4.0
1671621852.999000,45.343564,6.544491,2168.956957,194.0,9.849619,2.9,4.0
1671621854.022000,45.343477,6.544457,2167.289812,195.0,9.893820,2.8,4.0
1671621856.003000,45.343304,6.544381,2165.312522,196.9,10.325538,2.9,4.0
1671621857.019000,45.343212,6.544338,2163.685200,197.0,10.520962,2.7,4.0
1671621858.023000,45.343118,6.544293,2162.210062,197.0,10.901051,2.6,4.0
1671621859.003000,45.343022,6.544247,2160.883505,198.0,11.228011,2.9,4.3
1671621860.032000,45.342920,6.544197,2159.446577,199.0,11.579817,2.7,4.8
1671621861.000000,45.342820,6.544144,2157.596505,200.0,11.877458,2.7,5.0
1671621862.006000,45.342720,6.544086,2156.487260,202.0,11.579232,2.7,5.3
1671621863.006000,45.342623,6.544027,2154.178811,204.0,11.315785,2.5,5.3
1671621864.003000,45.342530,6.543967,2152.649195,203.0,10.732974,2.5,5.2
1671621864.994000,45.342446,6.543913,2151.896880,204.0,10.255952,2.5,5.0
1671621867.029000,45.342297,6.543807,2151.193862,207.0,8.592852,2.5,4.0
1671621869.001000,45.342172,6.543710,2150.247567,206.0,7.943653,2.5,4.0
1671621871.023000,45.342048,6.543621,2150.371199,206.0,7.303269,2.5,4.0
1671621873.027000,45.341934,6.543538,2148.584450,202.0,7.239666,2.6,4.0
1671621875.011000,45.341810,6.543462,2147.839936,202.9,7.725478,3.0,4.0
1671621877.001000,45.341667,6.543380,2145.530119,199.0,9.352472,2.8,4.0
1671621878.038000,45.341578,6.543343,2144.422136,196.0,10.256344,2.8,4.0
1671621879.007000,45.341487,6.543307,2143.364287,194.0,10.672098,2.7,4.0
1671621880.017000,45.341389,6.543277,2142.254716,191.0,11.019053,2.7,4.0
1671621881.026000,45.341289,6.543253,2141.125661,190.0,11.190147,2.8,4.0
1671621882.021000,45.341189,6.543229,2138.614125,190.0,11.114477,3.0,4.0
1671621883.006000,45.341091,6.543207,2137.991259,185.2,10.727648,2.8,4.3
1671621884.016000,45.340995,6.543205,2136.746252,183.0,10.666243,2.9,4.8
1671621885.019000,45.340900,6.543218,2135.990946,173.4,10.490980,2.9,5.2
1671621886.025000,45.340808,6.543244,2134.647370,166.1,9.989915,2.7,5.3
1671621886.995000,45.340724,6.543292,2134.224259,157.4,10.183372,2.6,5.3
1671621888.028000,45.340646,6.543361,2132.993863,149.2,10.018575,2.9,5.2
1671621889.026000,45.340572,6.543440,2132.302239,143.0,10.258798,2.7,4.8
1671621890.014000,45.340502,6.543528,2131.949668,140.0,10.283776,2.8,4.7
1671621891.022000,45.340432,6.543616,2130.757062,140.0,10.313819,2.9,4.3
1671621892.035000,45.340364,6.543708,2129.169585,135.1,10.323179,2.6,4.4
1671621893.019000,45.340301,6.543808,2128.074215,133.0,10.838921,2.6,4.7
1671621894.013000,45.340235,6.543910,2126.807318,133.0,10.403790,2.6,5.0
1671621895.017000,45.340172,6.544009,2125.806889,134.0,11.204123,2.6,5.6
1671621896.017000,45.340100,6.544113,2124.322433,135.9,11.261714,2.5,5.7
1671621897.000000,45.340023,6.544206,2123.073166,141.0,11.352208,2.5,6.0
1671621898.005000,45.339937,6.544292,2122.260805,143.9,11.451795,2.6,6.0
1671621898.998000,45.339850,6.544374,2121.262788,146.9,11.388935,2.5,6.0
1671621900.035000,45.339758,6.544448,2119.958794,152.0,11.467752,2.5,6.0
1671621901.011000,45.339666,6.544515,2117.528892,156.9,11.667706,2.6,6.0
1671621902.007000,45.339566,6.544569,2116.309899,160.0,11.541254,2.6,6.0
1671621903.019000,45.339465,6.544617,2116.262090,162.0,11.502592,2.7,6.0
1671621904.021000,45.339364,6.544659,2115.329431,163.0,11.472697,2.8,5.6
1671621905.034000,45.339260,6.544694,2114.373542,167.9,11.843916,2.9,5.2
1671621905.998000,45.339155,6.544710,2112.364029,174.0,11.977509,3.0,5.0
1671621907.018000,45.339045,6.544719,2112.485339,177.7,12.498211,2.8,4.4
1671621907.998000,45.338935,6.544718,2110.121353,187.9,12.276675,2.7,4.7
1671621909.002000,45.338827,6.544689,2107.929408,190.0,12.441888,2.8,4.7
1671621910.015000,45.338717,6.544648,2105.283748,194.8,12.512359,2.8,5.0
1671621911.001000,45.338609,6.544591,2103.347140,199.0,12.682760,2.9,5.6
1671621912.003000,45.338503,6.544520,2101.230062,204.0,12.676652,2.8,5.3
1671621913.009000,45.338398,6.544444,2099.760661,210.0,12.854254,2.8,5.2
1671621914.009000,45.338299,6.544352,2097.248624,211.0,12.726436,2.8,4.8
1671621915.004000,45.338204,6.544261,2095.870149,212.0,11.714226,2.7,4.7
1671621916.018000,45.338122,6.544170,2097.015744,215.0,11.466708,2.7,4.0
1671621917.013000,45.338044,6.544089,2096.144507,212.0,10.913806,2.7,4.0
1671621918.003000,45.337964,6.544025,2095.170408,204.0,10.306414,2.7,4.3
1671621919.025000,45.337881,6.543972,2094.122518,192.1,10.112518,2.7,4.8
1671621921.010000,45.337703,6.543933,2092.999020,185.0,10.222147,2.8,5.3
1671621923.020000,45.337524,6.543934,2090.552067,179.0,10.179898,2.9,5.2
1671621924.017000,45.337431,6.543942,2090.288852,177.1,10.511018,2.7,5.0
1671621924.998000,45.337336,6.543952,2089.604125,177.0,10.640550,2.8,4.7
1671621926.023000,45.337239,6.543958,2087.499742,178.0,10.839433,2.8,4.0
1671621927.008000,45.337140,6.543966,2087.041743,177.0,11.087099,2.7,4.0
1671621928.005000,45.337039,6.543975,2084.603605,177.0,11.191785,2.5,4.0
1671621929.012000,45.336937,6.543975,2084.894547,181.0,11.355486,2.6,4.0
1671621930.011000,45.336832,6.543970,2083.404144,186.7,11.769671,2.7,4.0
1671621931.014000,45.336726,6.543949,2082.723222,189.0,11.515222,2.8,4.0
1671621932.010000,45.336621,6.543928,2079.579242,187.2,11.940375,2.8,4.0
1671621933.000000,45.336520,6.543901,2078.924200,187.0,11.838597,2.8,4.0
1671621934.016000,45.336418,6.543865,2078.047066,194.6,11.609886,2.8,4.0
1671621935.014000,45.336315,6.543820,2076.671534,201.0,11.839519,2.8,4.0
1671621936.008000,45.336215,6.543760,2075.148631,206.9,11.439953,2.7,4.0
1671621937.027000,45.336131,6.543684,2072.814419,212.0,10.799788,2.7,4.0
1671621938.010000,45.336054,6.543607,2073.723630,215.0,9.317955,2.8,4.4
1671621940.006000,45.335926,6.543464,2071.522183,214.0,9.141740,2.7,4.7
1671621942.007000,45.335790,6.543355,2070.143387,202.2,8.654178,2.7,4.7
1671621944.028000,45.335640,6.543313,2069.560805,183.4,8.551102,2.8,4.8
1671621946.003000,45.335491,6.543342,2068.340471,172.0,8.652081,2.5,4.7
1671621948.011000,45.335333,6.543372,2067.191104,174.0,9.006224,2.6,4.7
1671621950.007000,45.335167,6.543402,2065.178779,172.0,9.544966,2.8,4.0
1671621952.010000,45.334990,6.543430,2062.319238,176.0,10.255713,2.7,4.0
1671621953.007000,45.334896,6.543437,2062.413124,180.8,9.960894,2.8,4.3
1671621955.003000,45.334718,6.543408,2059.386895,187.0,10.637470,2.7,5.0
1671621956.020000,45.334620,6.543382,2059.458975,190.0,10.936957,2.8,5.6
1671621957.004000,45.334522,6.543346,2057.484642,193.0,11.005728,2.8,5.7
1671621958.009000,45.334426,6.543303,2055.301711,196.0,11.150671,2.8,6.0
1671621959.005000,45.334329,6.543255,2053.719922,197.0,11.258142,2.8,6.0
1671621960.007000,45.334231,6.543208,2052.576127,195.0,11.478647,2.8,6.0
1671621961.024000,45.334132,6.543166,2050.139656,194.0,11.487761,2.6,5.6
1671621962.007000,45.334032,6.543130,2048.497180,193.0,11.638869,2.6,5.6
1671621963.008000,45.333928,6.543098,2047.095370,191.0,11.986646,2.7,5.7
1671621964.011000,45.333820,6.543068,2045.549471,191.0,11.986194,2.8,5.6
1671621965.012000,45.333715,6.543040,2044.261097,190.0,11.883163,2.6,5.6
1671621966.011000,45.333608,6.543014,2043.701851,189.0,12.242017,2.9,5.7
1671621967.012000,45.333506,6.542997,2041.314954,188.0,11.101549,2.8,6.0
1671621968.012000,45.333413,6.542982,2039.833430,180.3,11.040151,2.6,6.0
1671621969.021000,45.333316,6.542984,2038.848346,179.0,11.594595,2.6,6.0
1671621970.012000,45.333212,6.542989,2036.961545,178.0,11.911901,2.7,6.0
1671621971.006000,45.333108,6.542989,2035.147727,182.0,12.033493,2.6,5.7
1671621972.002000,45.333002,6.542974,2032.356266,186.0,12.196466,2.5,5.3
1671621973.023000,45.332891,6.542954,2030.150897,188.0,12.250289,2.7,4.8
1671621974.014000,45.332780,6.542928,2027.492717,189.0,12.214097,2.6,4.7
1671621975.002000,45.332673,6.542893,2027.602182,191.9,11.737002,2.6,4.3
1671621976.020000,45.332570,6.542855,2026.698247,193.0,11.675770,2.7,4.0
1671621977.003000,45.332472,6.542815,2024.770780,193.0,11.491549,2.5,4.0
1671621978.012000,45.332372,6.542774,2023.956570,196.0,11.377696,2.5,4.3
1671621979.006000,45.332280,6.542726,2022.426050,199.0,10.794182,2.7,4.3
1671621980.028000,45.332192,6.542678,2021.464631,201.0,9.668183,2.6,4.4
1671621982.015000,45.332038,6.542570,2021.083904,205.0,9.588932,2.8,4.4
1671621984.008000,45.331891,6.542453,2018.895967,208.0,9.269379,2.8,4.0
1671621986.008000,45.331752,6.542348,2017.653746,205.0,8.665319,2.6,4.0
1671621988.010000,45.331613,6.542274,2016.291038,195.0,8.372963,2.7,4.0
1671621990.029000,45.331468,6.542228,2014.953906,192.0,8.173764,2.5,4.0
1671621992.015000,45.331330,6.542199,2014.137998,186.0,7.696466,2.5,4.0
1671621994.002000,45.331198,6.542181,2013.251283,185.0,6.959755,2.6,4.0
1671621996.034000,45.331077,6.542171,2012.036959,182.0,6.537583,2.9,4.0
1671621998.040000,45.330967,6.542167,2011.255588,181.0,6.040890,2.6,4.0
1671622000.013000,45.330864,6.542161,2010.426605,183.7,5.830974,2.6,4.0
1671622002.021000,45.330752,6.542155,2010.001291,183.0,6.058702,2.6,4.0
1671622004.024000,45.330639,6.542150,2008.989038,183.3,6.223056,2.6,4.0
1671622005.997000,45.330521,6.542144,2007.172609,183.0,6.694608,2.5,4.0
1671622008.010000,45.330400,6.542135,2006.684859,184.0,6.719560,2.7,4.0
1671622010.019000,45.330278,6.542123,2006.029289,184.0,7.032792,2.6,4.0
1671622011.995000,45.330154,6.542110,2005.757993,183.0,7.161312,2.6,4.0
1671622014.005000,45.330015,6.542104,2004.684809,179.1,8.136644,2.7,4.7
1671622016.001000,45.329866,6.542101,2003.076035,179.0,8.765510,2.7,5.3
1671622017.999000,45.329693,6.542110,2000.065721,174.2,10.097564,2.7,6.0
1671622019.016000,45.329599,6.542128,1999.076347,172.3,10.509997,2.5,6.0
1671622020.003000,45.329504,6.542152,1997.441928,170.6,10.670285,2.5,6.0
1671622020.996000,45.329407,6.542180,1996.753754,169.1,11.172629,2.5,6.0
1671622022.010000,45.329304,6.542209,1996.294176,170.6,11.050045,2.6,6.0
1671622023.004000,45.329205,6.542233,1993.798162,170.1,11.171854,2.6,6.0
1671622024.006000,45.329108,6.542257,1993.323086,170.0,10.755306,2.9,6.0
1671622024.999000,45.329012,6.542279,1991.486172,174.6,11.565300,2.9,6.0
1671622026.014000,45.328908,6.542288,1989.909401,185.0,11.142758,2.6,6.0
1671622027.023000,45.328808,6.542268,1986.985717,195.1,10.536777,2.6,6.0
1671622028.028000,45.328717,6.542219,1986.915459,201.0,10.538717,2.6,6.0
1671622029.000000,45.328633,6.542156,1986.096673,207.0,10.105216,2.6,5.7
1671622030.005000,45.328556,6.542088,1985.464737,209.0,9.827969,2.5,5.2
1671622032.011000,45.328405,6.541959,1982.674466,208.0,9.873219,2.6,4.7
1671622034.005000,45.328249,6.541855,1981.829185,199.0,9.359073,2.7,4.0
1671622036.010000,45.328089,6.541804,1979.781904,186.0,9.206652,2.5,4.0
1671622038.003000,45.327921,6.541808,1977.720907,178.0,9.299344,2.6,4.0
1671622040.011000,45.327753,6.541826,1976.623875,174.0,9.831777,2.8,4.4
1671622042.008000,45.327580,6.541863,1974.765823,167.1,9.777612,2.8,5.2
1671622043.011000,45.327491,6.541893,1973.853813,166.0,10.184739,2.7,5.6
1671622043.994000,45.327400,6.541927,1973.222588,165.0,10.391403,2.6,5.3
1671622045.004000,45.327309,6.541964,1971.919667,164.0,10.714661,2.7,5.3
1671622046.009000,45.327214,6.542004,1970.308236,165.0,10.896585,2.7,4.8
1671622047.007000,45.327120,6.542039,1969.172754,166.0,10.809430,2.7,4.7
1671622048.022000,45.327024,6.542072,1968.294671,167.9,10.420413,2.5,4.0
1671622049.005000,45.326931,6.542099,1966.920939,170.9,10.815019,2.5,4.0
1671622050.018000,45.326836,6.542114,1966.046585,174.0,10.597391,2.6,4.0
1671622051.001000,45.326742,6.542124,1965.364002,174.0,10.550838,2.7,4.0
1671622052.007000,45.326647,6.542136,1963.792324,175.0,10.574366,2.6,4.3
1671622053.009000,45.326552,6.542147,1963.662134,175.0,10.861645,2.9,4.7
1671622053.995000,45.326456,6.542156,1961.172387,175.0,11.146829,2.8,5.0
1671622055.016000,45.326353,6.542168,1960.199216,175.0,11.862583,2.6,5.3
1671622055.999000,45.326240,6.542170,1958.778653,176.0,12.758855,2.6,5.7
1671622057.016000,45.326126,6.542175,1957.149495,177.8,11.429931,2.6,6.0
1671622058.009000,45.326024,6.542181,1955.308337,175.0,11.815398,2.6,6.0
1671622059.004000,45.325921,6.542197,1953.500847,173.0,11.853077,2.5,6.0
1671622060.001000,45.325816,6.542217,1951.952508,172.0,12.291629,2.6,6.0
1671622061.022000,45.325709,6.542240,1949.322512,168.1,11.783715,2.6,6.0
1671622062.001000,45.325610,6.542272,1948.473716,167.0,11.452736,2.6,6.0
1671622063.008000,45.325508,6.542305,1947.313071,168.0,11.883075,2.7,6.0
1671622064.001000,45.325404,6.542332,1946.085174,178.9,12.000575,2.5,6.0
1671622065.030000,45.325295,6.542326,1945.237737,182.0,11.809958,2.5,6.0
1671622066.010000,45.325190,6.542309,1943.863769,185.9,11.870222,2.7,6.0
1671622067.039000,45.325085,6.542285,1942.969218,200.6,11.146757,2.6,6.0
1671622067.995000,45.324997,6.542226,1941.206719,218.6,10.733946,2.6,6.0
1671622069.034000,45.324924,6.542131,1939.225214,240.3,9.858307,2.8,6.0
1671622070.993000,45.324893,6.541876,1934.290563,294.5,10.767311,2.8,6.3
1671622072.023000,45.324941,6.541738,1932.922504,306.8,10.504870,2.7,6.7
1671622073.013000,45.325003,6.541624,1931.305942,306.0,11.271730,2.6,8.0
1671622074.015000,45.325067,6.541501,1927.854825,285.5,10.034655,2.7,8.7
1671622075.030000,45.325099,6.541370,1925.502338,297.9,9.495859,2.7,9.6
1671622076.006000,45.325144,6.541251,1923.323609,295.2,8.963476,2.7,9.6
1671622078.020000,45.325179,6.541015,1917.444477,237.2,8.193360,2.5,8.8
1671622079.994000,45.325075,6.540855,1913.451895,209.4,9.011076,2.7,8.0
1671622082.021000,45.324905,6.540748,1909.371156,200.0,11.631281,2.8,8.0
1671622083.007000,45.324803,6.540704,1906.230146,192.0,11.953922,2.8,7.7
1671622084.009000,45.324699,6.540686,1902.375946,183.1,11.763916,2.6,7.2
1671622084.998000,45.324601,6.540702,1898.096710,159.6,10.022242,2.6,6.8
1671622086.002000,45.324514,6.540758,1898.160830,160.0,10.232113,2.6,6.4
1671622086.999000,45.324424,6.540811,1897.431433,162.0,10.563899,2.6,6.3
1671622087.997000,45.324330,6.540863,1897.551599,163.9,10.499763,2.5,6.0
1671622088.997000,45.324233,6.540907,1895.640053,166.0,10.558835,2.8,6.0
1671622089.995000,45.324139,6.540943,1894.689049,167.0,10.107936,2.5,6.0
1671622091.013000,45.324051,6.540973,1894.605684,168.0,9.513279,2.6,6.0
1671622093.022000,45.323885,6.541005,1892.896705,178.0,9.164528,2.5,6.0
1671622095.003000,45.323728,6.540990,1890.967530,191.9,9.374493,2.7,6.0
1671622097.003000,45.323555,6.540920,1889.158843,200.0,9.900083,2.6,6.0
1671622098.006000,45.323468,6.540866,1887.657649,204.7,10.246302,2.7,6.0
1671622099.014000,45.323385,6.540806,1886.879984,218.7,9.681249,2.6,6.0
1671622101.020000,45.323282,6.540615,1883.985662,252.0,8.980487,2.7,6.0
1671622103.012000,45.323246,6.540394,1881.594711,271.5,8.122626,2.7,6.0
1671622105.004000,45.323275,6.540170,1879.433822,300.9,8.951634,2.7,6.0
1671622106.997000,45.323377,6.539954,1874.812093,300.9,10.572800,2.8,6.0
1671622108.001000,45.323436,6.539835,1873.819656,302.0,11.110446,2.8,6.0
1671622109.006000,45.323497,6.539711,1873.421148,304.0,11.795291,2.7,6.0
1671622110.007000,45.323568,6.539582,1871.327851,307.0,12.006673,2.6,6.0
1671622111.018000,45.323641,6.539458,1868.067410,310.8,12.363894,2.7,6.4
1671622112.006000,45.323723,6.539340,1865.605004,312.0,12.476835,2.8,6.8
1671622113.011000,45.323801,6.539228,1862.287937,312.0,11.502867,2.7,7.2
1671622114.015000,45.323867,6.539131,1862.093419,310.1,10.242218,2.6,7.2
1671622115.015000,45.323929,6.539030,1862.016671,310.0,11.362965,2.6,7.2
1671622116.002000,45.323990,6.538926,1861.058536,307.0,10.066151,2.6,7.0
1671622118.011000,45.324091,6.538738,1858.452936,307.0,9.045024,2.6,6.3
1671622120.013000,45.324188,6.538568,1857.737742,310.0,8.637588,2.7,6.0
1671622122.020000,45.324282,6.538434,1855.583131,313.0,7.240856,2.5,6.0
1671622124.004000,45.324360,6.538324,1855.208059,314.0,5.503999,2.7,6.3
1671622127.016000,45.324446,6.538193,1855.497994,314.0,4.482401,2.7,7.4
1671622129.018000,45.324503,6.538082,1852.718218,313.5,4.212731,2.7,8.0
1671622131.002000,45.324570,6.537952,1853.076822,303.1,4.417117,2.7,7.8
1671622133.719000,45.324628,6.537811,1853.214853,202.1,3.840547,2.7,7.4
1671622136.539000,45.324678,6.537686,1850.849659,305.9,4.896994,2.9,8.3
1671622138.001000,45.324732,6.537569,1851.344781,288.0,7.189402,2.7,8.1
1671622140.031000,45.324762,6.537363,1848.003270,271.0,8.611663,2.8,6.8
1671622142.032000,45.324757,6.537133,1845.602293,265.0,9.268119,2.7,5.2
1671622144.002000,45.324722,6.536893,1842.605062,254.3,10.107326,2.7,5.3
1671622144.999000,45.324685,6.536765,1842.546872,247.0,10.382211,2.6,5.3
1671622146.014000,45.324640,6.536640,1840.609092,234.2,10.821550,2.5,5.6
1671622147.002000,45.324579,6.536525,1839.449316,222.3,11.256692,2.6,5.7
1671622148.018000,45.324498,6.536425,1837.068024,221.0,11.680448,2.5,5.6
1671622149.010000,45.324415,6.536330,1835.930365,214.0,11.602018,2.7,5.6
1671622150.006000,45.324325,6.536248,1833.257312,207.3,11.816743,2.7,6.0
1671622151.008000,45.324217,6.536184,1831.284354,201.1,12.146002,2.5,6.0
1671622152.006000,45.324106,6.536136,1829.221094,197.1,12.079028,2.6,6.0
1671622153.026000,45.323994,6.536094,1827.830901,194.2,11.883642,2.6,6.0
1671622154.002000,45.323888,6.536065,1825.193357,193.0,11.373631,2.7,6.0
1671622155.015000,45.323787,6.536038,1826.075633,193.0,10.343351,2.6,6.0
1671622156.009000,45.323698,6.536006,1823.077434,198.0,10.460663,2.8,6.0
1671622157.011000,45.323610,6.535966,1822.217852,198.0,9.922257,2.7,6.0
1671622159.008000,45.323431,6.535901,1821.262868,195.0,10.715685,2.7,6.0
1671622160.003000,45.323335,6.535867,1820.039986,196.0,10.886905,2.8,6.0
1671622161.007000,45.323237,6.535831,1818.224364,194.0,10.747405,2.8,6.0
1671622162.006000,45.323141,6.535804,1816.845954,191.0,10.894088,2.8,6.0
1671622163.016000,45.323044,6.535784,1813.755870,189.0,10.673649,2.9,6.0
1671622164.010000,45.322952,6.535766,1813.148956,188.0,10.400896,2.8,6.0
1671622165.011000,45.322860,6.535750,1811.716927,187.0,10.330946,2.8,6.0
1671622165.995000,45.322766,6.535734,1811.512803,187.0,10.442492,2.8,6.0
1671622166.999000,45.322670,6.535719,1812.701146,181.1,10.738894,2.8,6.0
1671622168.012000,45.322570,6.535715,1811.456909,184.0,10.503200,2.5,6.0
1671622168.994000,45.322473,6.535704,1810.028606,184.0,10.800943,2.5,6.0
1671622169.997000,45.322380,6.535694,1805.954922,182.0,10.559216,2.7,6.0
1671622170.998000,45.322285,6.535688,1807.880459,179.0,10.341909,2.5,6.0
1671622172.020000,45.322192,6.535691,1806.670847,178.0,9.779554,2.8,6.0
1671622174.002000,45.322007,6.535728,1800.642779,171.0,10.328557,2.7,6.4
1671622174.999000,45.321912,6.535754,1800.255332,171.9,10.186254,2.8,6.8
1671622176.006000,45.321819,6.535779,1798.467464,171.0,10.348762,2.8,7.2
1671622177.015000,45.321725,6.535804,1797.681905,171.0,10.994740,2.5,7.3
1671622177.997000,45.321628,6.535830,1797.693593,171.0,10.704926,2.5,8.0
1671622179.006000,45.321532,6.535856,1795.985594,169.0,10.512801,2.7,8.0
1671622180.004000,45.321437,6.535889,1795.854876,167.0,11.028973,2.6,8.0
1671622181.029000,45.321336,6.535929,1793.311476,165.0,11.578112,2.8,8.0
1671622182.007000,45.321234,6.535976,1793.282379,164.0,11.861020,2.4,8.0
1671622183.000000,45.321130,6.536025,1791.436886,165.8,11.292777,2.4,8.0
1671622184.000000,45.321025,6.536069,1788.785101,174.9,12.119478,2.5,8.0
1671622184.999000,45.320914,6.536086,1787.915611,176.8,12.051085,2.5,8.0
1671622186.001000,45.320803,6.536095,1785.865303,177.0,12.755065,2.5,8.0
1671622187.008000,45.320688,6.536103,1782.657955,177.4,12.392538,3.4,12.8
1671622188.009000,45.320594,6.536097,1783.731700,181.2,9.719676,2.4,13.6
1671622190.020000,45.320442,6.536048,1782.102562,188.1,8.399267,2.5,15.2
1671622192.023000,45.320295,6.536010,1781.555438,169.2,7.239457,2.4,11.2
1671622194.002000,45.320180,6.536056,1781.513630,154.1,7.274897,2.6,10.0
1671622196.029000,45.320072,6.536122,1780.985665,153.9,6.981094,2.5,7.6
1671622198.012000,45.319970,6.536183,1780.137394,157.0,6.606069,2.6,6.8
1671622200.006000,45.319869,6.536239,1779.576601,155.0,6.429075,2.8,6.0
1671622202.005000,45.319771,6.536302,1778.617437,156.0,5.688186,2.4,6.0
1671622204.011000,45.319680,6.536367,1777.206220,154.0,5.294775,2.4,6.0
1671622206.012000,45.319584,6.536429,1776.213130,162.0,5.663128,2.4,6.0
1671622208.030000,45.319471,6.536474,1776.404206,166.0,5.391940,2.4,6.0
1671622209.998000,45.319374,6.536500,1775.809899,172.9,5.287175,2.4,6.0
1671622212.014000,45.319278,6.536502,1775.461282,178.0,5.170185,2.5,6.0
1671622214.006000,45.319176,6.536506,1774.656460,174.0,5.965563,2.5,6.0
1671622216.019000,45.319063,6.536507,1774.020643,178.9,6.139381,2.5,5.6
1671622218.014000,45.318950,6.536492,1772.874650,188.9,5.569481,2.6,5.6
1671622220.001000,45.318853,6.536463,1772.805400,192.0,5.289514,2.5,5.7
1671622222.013000,45.318752,6.536435,1772.330475,198.7,5.501305,2.4,6.0
1671622224.016000,45.318674,6.536354,1771.414287,247.7,6.856261,2.5,5.2
1671622226.014000,45.318642,6.536162,1770.785919,270.7,7.863973,2.6,5.7
1671622228.046000,45.318661,6.535943,1768.971051,286.9,8.063937,2.6,6.8
1671622230.041000,45.318714,6.535722,1767.579195,287.0,7.226049,2.5,7.6
1671622232.026000,45.318773,6.535538,1766.184303,305.7,5.797317,2.4,6.8
1671622234.024000,45.318826,6.535406,1765.869377,281.4,3.800776,2.4,6.0
1671622253.996000,45.318793,6.535330,1767.112817,-1.0,0.000000,2.6,4.8
1671622253.996000,45.318793,6.535330,1767.112817,-1.0,0.000000,2.6,4.8
1671622262.497000,45.318740,6.535362,1767.063880,211.7,0.145495,2.4,4.8
1671622270.101000,45.318657,6.535419,1766.104768,179.9,0.577614,2.4,4.8
1671622279.979000,45.318568,6.535462,1768.568799,162.2,0.553472,2.5,5.3
1671622332.030000,45.318463,6.535501,1770.466010,197.0,1.052789,2.6,6.8
1671622337.998000,45.318350,6.535394,1770.866831,222.0,4.963800,2.4,8.3
1671622340.017000,45.318266,6.535292,1771.222978,221.9,5.043117,2.4,12.0
1671622342.804000,45.318202,6.535173,1771.906126,229.3,3.729709,2.4,19.0
1671622345.666000,45.318110,6.535053,1777.598322,227.7,3.336848,2.5,18.9
1671622347.945000,45.318021,6.534931,1786.635882,237.5,4.811153,2.7,12.8
1671622349.745000,45.317947,6.534830,1793.010842,225.0,4.763512,2.6,11.9
1671622352.027000,45.317826,6.534694,1800.403009,219.2,4.803656,2.4,8.6
1671622354.020000,45.317741,6.534597,1802.677161,220.0,5.442608,2.4,7.7
1671622356.013000,45.317654,6.534500,1807.348289,220.9,4.695307,2.5,6.9
1671622359.010000,45.317574,6.534391,1813.916327,218.0,4.979045,2.6,7.2
1671622361.999000,45.317468,6.534266,1821.784229,221.1,5.442261,2.5,8.5
1671622364.000000,45.317388,6.534176,1826.800086,221.0,5.026992,2.6,7.5
1671622366.002000,45.317315,6.534091,1829.581302,220.0,5.178217,2.5,6.0
1671622369.000000,45.317211,6.533974,1836.597769,219.8,5.091976,2.4,6.0
1671622371.018000,45.317142,6.533891,1840.762419,219.0,5.035054,2.5,6.0
1671622374.010000,45.317041,6.533772,1847.712383,221.0,4.875334,2.4,6.0
1671622377.013000,45.316941,6.533656,1855.637350,219.0,5.003639,2.4,6.0
1671622378.999000,45.316873,6.533572,1860.497169,220.0,5.059132,2.4,6.7
1671622381.008000,45.316801,6.533490,1864.836998,217.2,5.188848,2.4,7.0
1671622383.013000,45.316732,6.533407,1870.272528,220.0,5.039570,2.5,6.8
1671622386.004000,45.316631,6.533287,1877.396363,218.0,5.000112,2.4,6.0
1671622389.019000,45.316528,6.533164,1883.744990,219.0,4.942261,2.5,6.0
1671622390.994000,45.316450,6.533075,1889.921493,220.0,4.735529,2.6,5.7
1671622393.998000,45.316348,6.532961,1897.611258,219.0,4.965029,2.4,4.7
1671622396.003000,45.316266,6.532870,1902.529054,220.0,5.152645,2.4,4.7
1671622399.000000,45.316175,6.532769,1909.607398,219.0,4.822310,2.6,6.0
1671622400.998000,45.316103,6.532685,1914.743964,221.0,4.797653,2.4,6.0
1671622404.005000,45.316011,6.532577,1924.277902,221.0,4.867608,2.4,6.0
1671622406.007000,45.315940,6.532489,1929.764494,219.0,4.718575,2.4,6.0
1671622409.021000,45.315855,6.532385,1937.934027,220.0,4.695768,2.4,6.0
1671622412.004000,45.315763,6.532271,1946.294401,220.0,4.813903,2.4,6.5
1671622414.984000,45.315658,6.532144,1955.183706,218.9,5.680800,2.5,5.7
1671622416.996000,45.315587,6.532057,1958.642646,220.0,4.806184,2.6,5.0
1671622419.001000,45.315516,6.531972,1962.490320,219.0,5.489254,2.6,4.7
1671622421.000000,45.315445,6.531885,1966.204023,220.0,5.124269,2.6,5.0
1671622423.004000,45.315375,6.531798,1971.187778,218.0,5.070124,2.6,5.7
1671622426.019000,45.315272,6.531673,1976.714145,220.0,5.205632,2.6,6.0
1671622428.018000,45.315201,6.531586,1980.326851,219.0,5.250189,2.7,6.0
1671622430.018000,45.315129,6.531499,1984.886356,220.0,5.185215,2.6,6.0
1671622432.007000,45.315061,6.531415,1989.845601,220.0,4.995519,2.4,6.0
1671622433.994000,45.314992,6.531332,1993.081156,220.0,5.054286,2.7,6.0
1671622436.003000,45.314923,6.531249,1997.534107,220.0,5.118632,2.7,6.0
1671622438.019000,45.314851,6.531164,2001.844127,219.1,4.999063,2.7,6.0
1671622441.002000,45.314751,6.531046,2008.155873,221.0,5.048325,2.4,6.0
1671622443.010000,45.314682,6.530960,2013.206704,219.0,5.017187,2.4,6.0
1671622445.025000,45.314611,6.530877,2017.949765,220.9,5.214232,2.4,6.0
1671622447.012000,45.314542,6.530791,2023.280387,219.0,4.941498,2.5,6.0
1671622450.004000,45.314442,6.530674,2031.090407,221.0,4.875769,2.4,5.3
1671622453.006000,45.314340,6.530554,2039.383855,220.0,4.921335,2.5,4.3
1671622456.005000,45.314242,6.530436,2045.388684,219.0,4.845679,2.6,4.5
1671622458.004000,45.314167,6.530348,2049.889281,220.0,5.677783,2.5,4.4
1671622460.001000,45.314092,6.530259,2054.541558,219.0,5.225027,2.5,4.0
1671622462.013000,45.314017,6.530168,2058.808326,220.0,5.528764,2.4,4.0
1671622464.005000,45.313944,6.530082,2058.889352,220.0,5.174698,2.5,4.0
1671622466.008000,45.313872,6.529996,2061.752054,219.0,5.280010,2.5,4.0
1671622468.005000,45.313800,6.529909,2064.498505,219.0,5.280902,2.7,4.0
1671622470.001000,45.313726,6.529823,2067.502991,220.0,5.215131,2.6,4.0
1671622472.006000,45.313656,6.529738,2071.928454,220.0,5.177639,2.6,4.0
1671622474.013000,45.313584,6.529654,2074.818802,219.0,5.172355,2.6,4.0
1671622476.001000,45.313511,6.529567,2078.396625,220.0,5.328085,2.7,4.0
1671622478.001000,45.313438,6.529478,2082.101458,219.0,5.343493,2.8,4.0
1671622480.003000,45.313367,6.529393,2086.056145,220.0,5.083063,2.7,4.0
1671622482.008000,45.313296,6.529309,2090.341232,219.0,5.209732,2.8,4.0
1671622484.001000,45.313225,6.529226,2093.250380,220.0,5.157644,2.7,4.0
1671622486.010000,45.313154,6.529141,2096.861955,219.0,5.110589,2.9,4.0
1671622488.016000,45.313083,6.529058,2100.758780,219.0,5.083992,2.8,4.0
1671622489.998000,45.313012,6.528972,2105.354594,219.0,5.452168,2.8,4.0
1671622492.005000,45.312934,6.528882,2107.203552,219.0,5.363587,2.8,4.0
1671622494.007000,45.312863,6.528798,2108.312190,219.0,5.546346,2.8,4.3
1671622496.004000,45.312787,6.528710,2109.592476,220.0,5.363183,2.9,4.4
1671622498.009000,45.312715,6.528622,2111.802427,220.0,5.468458,3.0,4.4
1671622500.005000,45.312640,6.528535,2114.807078,220.0,5.387650,2.9,5.2
1671622502.013000,45.312566,6.528449,2117.191379,219.0,5.397830,2.9,5.6
1671622504.017000,45.312493,6.528363,2118.467072,219.0,5.394167,2.9,4.8
1671622506.006000,45.312420,6.528275,2120.090357,220.0,5.369145,3.0,5.0
1671622508.006000,45.312346,6.528186,2121.479276,219.0,5.453176,3.0,5.6
1671622510.011000,45.312272,6.528096,2123.916930,220.0,5.341447,3.0,5.2
1671622512.002000,45.312198,6.528007,2127.359748,219.0,5.391518,3.1,5.0
1671622514.000000,45.312124,6.527920,2127.769825,220.0,5.448154,3.1,4.7
1671622516.007000,45.312051,6.527831,2129.586205,220.0,5.289008,2.5,5.2
1671622518.011000,45.311978,6.527745,2132.434142,219.0,5.323349,2.4,5.7
1671622520.002000,45.311904,6.527656,2138.709734,220.0,5.322573,2.4,6.0
1671622522.012000,45.311830,6.527568,2137.147344,219.0,5.321212,2.4,5.6
1671622524.016000,45.311757,6.527477,2143.367075,220.0,5.403799,2.4,4.8
1671622526.013000,45.311682,6.527388,2142.756629,219.0,5.331498,2.5,4.4
1671622528.005000,45.311609,6.527300,2147.734589,220.0,5.303201,2.4,4.4
1671622530.011000,45.311535,6.527213,2151.226429,219.0,5.377473,2.4,4.0
1671622532.028000,45.311461,6.527123,2152.877549,220.0,5.372766,2.4,4.0
1671622534.031000,45.311388,6.527037,2155.070024,219.0,5.277234,2.4,4.0
1671622536.014000,45.311316,6.526950,2158.252067,220.0,5.252642,2.4,4.0
1671622538.018000,45.311243,6.526865,2161.046436,219.0,5.280664,2.4,4.0
1671622540.004000,45.311171,6.526778,2164.118089,220.0,5.265213,2.4,4.0
1671622542.003000,45.311098,6.526691,2167.263513,219.0,5.325600,2.5,4.0
1671622543.999000,45.311026,6.526605,2170.530057,220.0,5.227108,2.4,4.0
1671622546.019000,45.310952,6.526520,2174.297494,219.0,5.327666,2.4,4.0
1671622547.998000,45.310880,6.526433,2177.114100,220.0,5.188056,2.4,4.0
1671622549.998000,45.310809,6.526348,2180.633657,219.0,5.225154,2.4,4.0
1671622551.997000,45.310737,6.526263,2183.198637,220.0,5.138026,2.4,4.0
1671622554.019000,45.310666,6.526178,2186.515830,219.0,5.263142,2.4,4.0
1671622556.020000,45.310593,6.526093,2190.805306,220.0,5.140480,2.5,4.0
1671622558.030000,45.310522,6.526008,2194.852977,220.0,5.286298,2.4,4.0
1671622560.001000,45.310452,6.525926,2199.397680,220.0,5.075568,2.4,4.0
1671622561.999000,45.310383,6.525841,2202.520291,219.0,5.188165,2.4,4.0
1671622564.006000,45.310311,6.525758,2206.468090,219.0,5.136444,2.4,4.0
1671622566.001000,45.310239,6.525675,2210.465095,219.0,5.110612,2.4,4.0
1671622568.003000,45.310169,6.525591,2214.514185,220.0,5.085849,2.4,4.0
1671622570.007000,45.310100,6.525509,2219.770195,219.0,5.043809,2.4,4.4
1671622572.011000,45.310029,6.525426,2223.055241,220.0,5.066928,2.4,5.2
1671622574.007000,45.309960,6.525342,2226.247091,219.0,5.060618,2.5,5.6
1671622576.011000,45.309891,6.525260,2231.857208,220.0,4.932125,2.4,4.8
1671622579.000000,45.309789,6.525139,2238.809027,219.0,4.953748,2.4,4.0
1671622581.001000,45.309720,6.525056,2243.540039,220.0,4.993659,2.4,4.0
1671622583.013000,45.309644,6.524966,2248.403712,219.0,4.963395,2.4,4.0
1671622586.027000,45.309551,6.524851,2256.250397,220.0,4.855656,2.4,4.0
1671622588.994000,45.309450,6.524730,2263.642619,220.0,4.974658,2.4,4.0
1671622592.005000,45.309349,6.524608,2271.333689,220.0,4.796096,2.4,4.4
1671622595.017000,45.309242,6.524479,2279.764629,220.0,4.833827,2.4,4.0
1671622598.001000,45.309150,6.524366,2288.699995,220.0,4.899716,2.5,4.0
1671622601.006000,45.309051,6.524249,2296.267956,220.0,4.737770,2.4,4.4
1671622604.004000,45.308952,6.524131,2304.242942,219.0,4.764093,2.4,4.4
1671622606.012000,45.308883,6.524048,2310.764343,220.0,4.861084,2.4,4.0
1671622609.014000,45.308789,6.523935,2318.655539,220.0,4.630475,2.4,4.0
1671622611.005000,45.308717,6.523849,2323.900062,220.0,4.759935,2.4,4.0
1671622614.000000,45.308625,6.523739,2333.799358,219.2,4.838295,2.5,4.0
1671622616.013000,45.308552,6.523652,2338.772638,219.0,4.689187,2.4,4.0
1671622619.018000,45.308465,6.523546,2348.120620,220.0,4.665645,2.4,4.0
1671622620.994000,45.308394,6.523460,2354.196552,219.0,4.667029,2.4,4.0
1671622624.002000,45.308305,6.523354,2364.302430,220.0,4.538930,2.4,4.0
1671622626.002000,45.308236,6.523270,2370.684295,220.0,4.840753,2.4,4.0
1671622629.003000,45.308138,6.523153,2378.673214,219.0,4.764410,2.5,4.0
1671622630.991000,45.308063,6.523063,2382.956544,220.0,5.095012,2.5,4.0
1671622633.997000,45.307969,6.522949,2391.308346,220.0,4.878168,2.4,4.0
1671622636.000000,45.307900,6.522864,2398.549543,220.0,4.840887,2.4,4.0
1671622638.994000,45.307804,6.522750,2403.733552,220.0,4.814691,2.4,4.0
1671622641.022000,45.307734,6.522666,2408.739624,220.0,4.796925,2.4,4.0
1671622643.997000,45.307639,6.522552,2418.212946,219.0,4.828739,2.4,4.0
1671622646.018000,45.307568,6.522467,2423.294276,220.0,4.788597,2.4,4.0
1671622648.997000,45.307474,6.522353,2431.468169,219.0,4.760413,2.4,4.0
1671622651.012000,45.307404,6.522269,2437.439994,220.0,4.780346,2.4,4.0
1671622654.003000,45.307310,6.522156,2447.367197,220.0,4.659971,2.4,4.0
1671622657.003000,45.307214,6.522040,2456.082552,220.0,4.674629,2.5,4.0
1671622660.001000,45.307118,6.521925,2464.329436,220.0,4.762710,2.5,4.0
1671622663.004000,45.307020,6.521807,2474.060413,220.0,4.699561,2.4,4.0
1671622666.001000,45.306918,6.521683,2482.650333,220.0,4.673404,2.4,4.0
1671622669.005000,45.306829,6.521574,2492.143260,220.0,4.642444,2.4,4.0
1671622672.029000,45.306734,6.521458,2501.417353,220.0,4.501859,2.5,4.0
1671622675.014000,45.306642,6.521347,2510.716759,220.0,5.125518,2.4,4.0
1671622676.992000,45.306567,6.521256,2515.840615,220.0,4.897673,2.4,4.6
1671622679.996000,45.306468,6.521136,2523.263965,220.0,5.070742,2.4,5.0
1671622683.006000,45.306369,6.521012,2530.576733,220.0,5.013828,2.4,4.0
1671622685.992000,45.306268,6.520889,2538.991212,220.0,4.938116,2.5,4.0
1671622689.002000,45.306168,6.520768,2546.690965,220.0,4.959800,2.4,4.8
1671622691.002000,45.306099,6.520686,2551.228555,219.9,4.881494,2.4,5.0
1671622693.009000,45.306019,6.520588,2557.517197,219.0,4.836921,2.4,4.0
1671622696.002000,45.305928,6.520481,2564.693543,220.0,4.889220,2.4,4.0
1671622699.008000,45.305832,6.520363,2572.424792,221.9,4.937153,2.4,5.1
1671622701.008000,45.305758,6.520273,2577.524269,219.0,5.597674,2.5,5.1
1671622703.015000,45.305684,6.520188,2580.361860,220.0,5.013560,2.4,4.0
1671622705.017000,45.305612,6.520104,2584.376635,220.0,5.227062,2.4,4.0
1671622707.036000,45.305540,6.520021,2588.290072,220.0,5.181297,2.4,4.0
1671622709.019000,45.305469,6.519939,2591.791484,220.0,5.170529,2.4,4.0
1671622711.020000,45.305393,6.519852,2595.251937,219.0,5.698400,2.4,4.0
1671622713.026000,45.305314,6.519761,2597.397177,220.0,5.290510,2.4,4.0
1671622715.000000,45.305240,6.519675,2599.760524,220.0,5.533276,2.5,4.0
1671622717.002000,45.305164,6.519586,2600.670333,219.0,5.449150,2.4,4.0
1671622719.008000,45.305088,6.519498,2601.947412,220.0,5.371871,2.4,4.0
1671622721.002000,45.305014,6.519412,2604.388552,219.0,5.327765,2.4,4.0
1671622722.998000,45.304939,6.519324,2608.041552,220.0,5.644728,2.4,4.0
1671622725.011000,45.304863,6.519237,2606.697229,219.0,5.321458,2.4,4.0
1671622727.010000,45.304788,6.519149,2606.230666,220.0,5.593118,2.4,4.0
1671622729.010000,45.304710,6.519059,2606.196479,219.0,5.552665,2.4,4.0
1671622731.006000,45.304635,6.518970,2606.710669,221.0,5.507469,2.5,4.0
1671622733.000000,45.304559,6.518879,2606.340247,219.0,5.507909,2.4,4.0
1671622735.009000,45.304483,6.518793,2606.656303,219.0,5.491743,2.4,4.0
1671622737.004000,45.304410,6.518703,2606.601245,219.0,5.483494,2.4,4.0
1671622739.012000,45.304335,6.518615,2607.472039,219.0,5.444219,2.4,4.0
1671622741.011000,45.304260,6.518527,2608.177215,220.0,5.451983,2.4,4.0
1671622743.005000,45.304185,6.518437,2608.948422,219.0,5.530680,2.4,4.0
1671622745.008000,45.304108,6.518347,2610.569916,219.0,5.509097,2.4,4.0
1671622747.013000,45.304033,6.518258,2609.330717,219.0,5.497169,2.4,4.0
1671622748.997000,45.303957,6.518168,2609.594796,219.0,5.535282,2.4,4.0
1671622751.012000,45.303880,6.518079,2611.440278,220.0,5.469926,2.4,4.0
1671622753.006000,45.303806,6.517988,2612.908504,221.0,5.443413,2.4,4.0
1671622755.006000,45.303729,6.517900,2612.358468,219.0,5.419707,2.4,4.0
1671622756.993000,45.303652,6.517812,2613.217080,221.0,5.436728,2.4,4.0
1671622759.009000,45.303574,6.517722,2614.087185,219.0,5.918898,2.4,4.8
1671622761.005000,45.303496,6.517631,2615.863838,220.0,5.450913,2.4,5.3
1671622762.990000,45.303422,6.517541,2616.524152,220.0,5.446215,2.4,6.0
1671622765.002000,45.303345,6.517452,2617.859176,219.0,5.480871,2.4,6.0
1671622766.998000,45.303270,6.517362,2618.797283,220.0,5.446426,2.4,5.3
1671622768.997000,45.303194,6.517270,2620.041981,219.0,5.469702,2.4,4.7
1671622771.002000,45.303120,6.517180,2622.221546,220.0,5.448081,2.4,4.3
1671622772.997000,45.303046,6.517092,2624.160504,216.2,5.344696,2.4,5.0
1671622774.999000,45.302971,6.517008,2626.575665,219.9,5.512998,2.4,5.3
1671622776.998000,45.302896,6.516914,2626.206369,220.0,5.463284,2.4,5.0
1671622778.997000,45.302820,6.516824,2627.298353,219.0,5.566748,2.4,4.7
1671622781.017000,45.302744,6.516731,2629.942357,220.0,5.464705,2.4,5.2
1671622782.997000,45.302668,6.516640,2630.134156,220.0,5.472014,2.4,5.7
1671622784.995000,45.302593,6.516550,2631.619393,220.0,5.444067,2.4,6.0
1671622787.018000,45.302516,6.516460,2633.425094,219.0,5.444168,2.4,6.0
1671622789.009000,45.302441,6.516370,2634.356407,220.0,5.351682,2.5,6.0
1671622791.007000,45.302366,6.516280,2635.866725,219.0,5.477834,2.4,6.0
1671622793.001000,45.302289,6.516188,2637.520360,219.0,5.487492,2.4,6.0
1671622794.993000,45.302216,6.516102,2639.154817,219.0,5.326657,2.4,6.0
1671622797.004000,45.302144,6.516015,2641.081035,219.0,5.497488,2.4,6.0
1671622799.007000,45.302070,6.515927,2642.679493,219.0,5.456944,2.4,6.0
1671622800.997000,45.302002,6.515837,2644.645020,220.0,5.357859,2.4,6.0
1671622803.021000,45.301929,6.515747,2647.556316,220.0,5.383929,2.4,5.6
1671622805.000000,45.301857,6.515659,2648.767404,220.0,5.205627,2.4,5.7
1671622807.000000,45.301783,6.515567,2651.171876,218.4,5.475952,2.4,5.7
1671622809.027000,45.301703,6.515475,2653.928797,218.6,5.520373,2.4,5.2
1671622811.019000,45.301630,6.515384,2656.686043,220.0,5.507258,2.4,4.4
1671622813.005000,45.301556,6.515295,2656.850098,220.0,5.447346,2.4,4.0
1671622815.008000,45.301483,6.515205,2657.267650,219.0,5.486330,2.4,4.0
1671622817.003000,45.301410,6.515115,2658.159954,220.0,5.415582,2.4,4.0
1671622819.001000,45.301337,6.515025,2661.045931,219.9,5.455430,2.4,4.0
1671622820.995000,45.301265,6.514935,2662.393715,219.0,5.377084,2.4,4.0
1671622822.993000,45.301191,6.514848,2663.497275,219.0,5.462201,2.4,4.0
1671622824.992000,45.301117,6.514757,2664.340048,220.0,5.522124,2.4,4.0
1671622827.004000,45.301043,6.514667,2666.873849,219.0,5.346031,2.4,4.0
1671622829.005000,45.300969,6.514579,2668.666127,220.0,5.428972,2.4,4.0
1671622831.002000,45.300896,6.514490,2670.811448,220.0,5.445431,2.4,4.3
1671622833.003000,45.300820,6.514399,2672.411069,220.0,5.437945,2.4,5.0
1671622835.008000,45.300743,6.514308,2673.799757,219.0,5.406209,2.4,5.3
1671622836.997000,45.300668,6.514219,2675.771304,220.0,5.338937,2.4,5.0
1671622839.002000,45.300592,6.514130,2678.767229,219.0,5.457908,2.4,4.7
1671622841.002000,45.300517,6.514040,2681.190122,220.0,5.422858,2.4,5.0
1671622842.999000,45.300441,6.513952,2682.364880,218.0,5.196818,2.4,5.2
1671622845.003000,45.300370,6.513870,2684.426561,220.0,5.170966,2.4,5.0
1671622847.000000,45.300301,6.513788,2689.181321,219.0,5.117275,2.5,4.3
1671622849.004000,45.300230,6.513705,2692.865166,220.0,5.080882,2.4,4.4
1671622851.007000,45.300161,6.513622,2697.877306,219.0,5.046279,2.4,4.8
1671622854.006000,45.300059,6.513498,2704.755546,220.0,4.975955,2.4,5.2
1671622855.995000,45.299989,6.513416,2709.800074,219.0,5.127877,2.4,4.7
1671622858.006000,45.299919,6.513332,2714.148438,219.0,4.985862,2.4,4.3
1671622860.015000,45.299835,6.513232,2718.742363,220.0,4.926459,2.4,4.3
1671622862.996000,45.299746,6.513127,2726.686742,220.0,5.038906,2.4,4.0
1671622865.001000,45.299677,6.513043,2730.852960,220.0,4.983348,2.4,4.0
1671622868.004000,45.299574,6.512922,2739.571200,220.0,4.970454,2.4,4.0
1671622871.013000,45.299474,6.512800,2746.727078,219.0,4.949450,2.4,4.0
1671622872.995000,45.299405,6.512718,2752.107701,220.0,4.918577,2.4,4.0
1671622876.021000,45.299304,6.512594,2760.219074,219.0,4.880140,2.4,4.0
1671622879.010000,45.299206,6.512474,2768.666428,220.0,4.962222,2.4,4.0
1671622881.997000,45.299104,6.512354,2776.231515,220.0,4.873833,2.4,4.0
1671622885.001000,45.299005,6.512234,2784.241443,218.0,4.773548,2.4,4.0
1671622887.999000,45.298905,6.512113,2793.124656,220.0,4.923710,2.4,4.0
1671622891.003000,45.298804,6.511994,2802.177799,220.0,4.748099,2.4,4.0
1671622893.023000,45.298726,6.511897,2806.034201,219.0,4.771953,2.4,4.0
1671622896.000000,45.298633,6.511791,2814.859154,220.0,5.450997,2.4,4.0
1671622898.010000,45.298561,6.511706,2820.306266,218.0,4.942535,2.4,4.0
1671622900.019000,45.298491,6.511622,2823.138819,220.0,5.269834,2.4,4.0
1671622902.013000,45.298421,6.511538,2826.997710,219.0,5.077200,2.4,4.0
1671622904.017000,45.298351,6.511452,2831.098177,220.0,5.163909,2.4,4.0
1671622906.004000,45.298281,6.511367,2836.104946,219.0,5.130507,2.4,4.0
1671622908.002000,45.298211,6.511283,2840.227674,221.0,5.094129,2.4,4.0
1671622910.012000,45.298142,6.511197,2844.424332,219.0,5.090392,2.4,4.0
1671622911.999000,45.298072,6.511113,2848.266191,220.0,5.244746,2.4,4.0
1671622914.010000,45.297995,6.511021,2852.487450,219.0,5.446518,2.4,4.0
1671622916.007000,45.297922,6.510933,2854.548310,220.0,5.335322,2.4,4.0
1671622918.021000,45.297847,6.510844,2856.757481,220.0,5.304014,2.4,4.0
1671622919.997000,45.297774,6.510757,2860.771564,221.0,5.445416,2.4,4.0
1671622921.999000,45.297701,6.510666,2861.773355,219.0,5.360531,2.4,4.0
1671622923.995000,45.297628,6.510580,2864.081801,220.0,5.308150,2.4,4.4
1671622926.003000,45.297555,6.510492,2867.822346,219.0,5.321921,2.4,5.2
1671622927.999000,45.297482,6.510405,2871.609028,219.0,5.316391,2.4,5.0
1671622930.004000,45.297410,6.510316,2872.511113,219.0,5.419487,2.4,4.4
1671622932.005000,45.297333,6.510222,2874.389946,221.0,5.440746,2.4,4.0
1671622934.005000,45.297258,6.510134,2874.864070,219.0,5.463984,2.4,4.0
1671622936.000000,45.297181,6.510047,2877.406375,220.0,5.347093,2.4,4.0
1671622938.008000,45.297105,6.509963,2878.549631,218.0,5.412506,2.4,4.0
1671622940.012000,45.297030,6.509885,2880.442662,218.9,5.795776,2.4,4.0
1671622941.999000,45.296956,6.509793,2880.650946,219.1,5.593043,2.4,4.0
1671622945.002000,45.296868,6.509693,2880.962951,216.1,2.727829,2.4,5.0
1671622965.005000,45.296807,6.509663,2881.117646,-1.0,0.000000,2.4,8.0
1671622965.005000,45.296807,6.509663,2881.117646,-1.0,0.000000,2.4,8.0
1671622966.994000,45.296762,6.509687,2880.697321,-1.0,0.000001,2.4,8.7
1671623008.987000,45.296749,6.509557,2880.782113,348.1,0.380608,2.4,19.4
1671623013.003000,45.296840,6.509506,2881.570682,345.4,1.524612,2.4,22.9
1671623018.995000,45.296928,6.509450,2883.001953,346.3,1.101688,2.4,28.6
1671623030.945000,45.297049,6.509387,2886.660330,341.3,1.225850,2.5,161.6
1671623042.330000,45.297036,6.509244,2889.789605,243.3,1.426873,2.4,128.9
1671623047.320000,45.297019,6.509082,2889.138440,256.1,2.039412,2.4,119.4
1671623057.358000,45.296901,6.509142,2891.777076,158.4,1.101698,2.4,77.0
1671623067.416000,45.297003,6.509126,2889.803284,354.9,0.961342,2.4,120.1
1671623142.772000,45.296909,6.509117,2890.340549,180.0,0.880010,2.4,105.8
1671623157.735000,45.296906,6.509251,2891.299590,-1.0,0.025608,2.4,63.3
1671623161.185000,45.296847,6.509369,2891.794791,300.0,0.236959,2.5,65.9
1671623179.995000,45.296931,6.509314,2889.280877,353.5,1.782866,2.4,8.6
1671623182.797000,45.297010,6.509425,2886.662987,62.7,4.133531,2.5,8.9
1671623185.197000,45.297092,6.509534,2881.424050,356.1,4.273915,2.5,9.7
1671623187.596000,45.297203,6.509546,2863.967966,17.5,3.540487,2.5,10.3
1671623189.990000,45.297308,6.509633,2859.208246,57.8,5.067289,2.5,9.4
1671623192.694000,45.297397,6.509710,2859.361548,349.1,4.087668,2.6,9.0
1671623195.662000,45.297503,6.509741,2855.908094,42.6,5.015545,2.6,10.1
1671623197.012000,45.297580,6.509830,2850.076013,20.7,6.608953,2.6,9.4
1671623199.006000,45.297705,6.509843,2843.895029,329.6,5.483794,2.6,8.4
1671623202.003000,45.297800,6.509827,2840.626905,53.9,5.209797,2.7,8.1
1671623204.003000,45.297879,6.509970,2823.055195,53.8,6.036445,2.7,8.1
1671623205.998000,45.297948,6.510101,2839.824236,38.2,4.455830,2.7,6.7
1671623209.907000,45.298049,6.510093,2837.650309,321.9,3.333268,2.7,10.4
1671623212.005000,45.298112,6.509881,2834.675824,287.0,5.894262,2.8,12.3
1671623213.997000,45.298148,6.509648,2826.039048,281.0,6.697124,2.8,13.2
1671623214.982000,45.298160,6.509520,2820.912187,280.0,6.762598,2.8,12.2
1671623216.988000,45.298188,6.509305,2819.086409,287.0,7.252333,2.8,10.0
1671623218.982000,45.298233,6.509072,2820.120438,286.0,8.446141,2.9,8.7
1671623219.984000,45.298256,6.508948,2821.522910,294.0,8.343528,2.9,8.0
1671623221.981000,45.298316,6.508724,2820.639418,293.0,8.449741,2.9,8.0
1671623223.982000,45.298376,6.508491,2814.699951,295.0,8.562160,2.9,7.2
1671623225.982000,45.298437,6.508257,2806.908569,290.0,9.407799,2.9,6.4
1671623227.987000,45.298485,6.508013,2802.323589,286.0,9.877537,2.9,6.0
1671623228.985000,45.298508,6.507890,2794.230411,287.9,9.776856,2.9,6.0
1671623229.989000,45.298535,6.507766,2803.085672,291.6,10.294154,2.9,6.0
1671623230.988000,45.298570,6.507642,2789.850470,296.9,10.440372,3.0,6.0
1671623231.977000,45.298612,6.507520,2806.258792,299.9,10.690685,3.0,6.0
1671623232.979000,45.298663,6.507396,2803.255549,301.9,10.762985,3.0,6.3
1671623233.991000,45.298716,6.507273,2799.264867,306.0,11.063494,3.0,6.8
1671623234.997000,45.298777,6.507153,2795.230069,306.0,11.049065,3.0,7.2
1671623235.986000,45.298836,6.507036,2795.987767,304.0,10.086316,3.0,7.3
1671623236.986000,45.298890,6.506928,2794.912095,306.0,9.189681,3.0,7.6
1671623238.988000,45.298998,6.506774,2789.570946,318.9,9.001322,3.1,7.0
1671623240.989000,45.299091,6.506662,2768.988501,334.9,6.293033,3.1,6.4
1671623242.992000,45.299218,6.506573,2765.880644,323.1,8.076986,3.1,7.2
1671623244.987000,45.299322,6.506467,2758.688388,325.8,2.654993,3.1,7.3
1671623249.986000,45.299420,6.506538,2766.029366,354.9,3.872144,3.2,6.0
1671623251.986000,45.299518,6.506473,2761.270610,335.8,7.898381,3.2,6.4
1671623253.987000,45.299685,6.506373,2745.724831,329.3,11.497881,3.2,7.0
1671623254.987000,45.299782,6.506286,2743.795279,330.0,11.877729,3.2,7.4
1671623255.992000,45.299886,6.506196,2742.183664,339.9,11.808195,3.2,8.0
1671623256.986000,45.300000,6.506136,2745.278012,341.0,12.525723,3.2,8.0
1671623257.997000,45.300123,6.506081,2735.013903,343.0,13.242165,3.2,8.0
1671623258.981000,45.300250,6.506037,2748.779264,347.9,13.333869,3.3,8.0
1671623259.989000,45.300380,6.506008,2745.057617,356.0,13.477182,3.3,8.0
1671623260.989000,45.300508,6.506004,2744.782467,4.7,13.567786,3.3,8.0
1671623261.990000,45.300634,6.506027,2742.435109,9.9,14.166379,3.3,8.0
1671623262.984000,45.300762,6.506068,2738.701204,11.0,14.570951,3.3,8.0
1671623264.006000,45.300892,6.506112,2731.507429,13.0,14.371032,3.3,8.0
1671623264.996000,45.301018,6.506157,2728.009621,12.0,14.487996,3.3,8.0
1671623265.982000,45.301142,6.506193,2726.123432,11.0,13.486557,3.3,8.0
1671623266.976000,45.301258,6.506228,2711.869736,11.1,12.791792,3.4,7.7
1671623267.985000,45.301369,6.506259,2707.471895,11.0,11.982769,2.5,7.2
1671623268.994000,45.301470,6.506282,2706.217913,9.0,11.330867,2.5,7.0
1671623269.987000,45.301565,6.506300,2704.946841,6.2,10.884956,2.5,6.7
1671623270.982000,45.301657,6.506314,2703.384211,6.0,10.046143,2.5,6.3
1671623273.007000,45.301830,6.506310,2700.911744,352.1,9.541566,2.5,5.2
1671623274.992000,45.301990,6.506257,2702.151069,348.0,9.461313,2.5,4.4
1671623276.987000,45.302156,6.506215,2699.766527,349.0,9.563004,2.4,4.0
1671623278.983000,45.302331,6.506168,2702.425317,344.6,10.287997,2.4,4.3
1671623279.980000,45.302425,6.506126,2692.173135,343.0,11.596461,2.6,4.7
1671623280.989000,45.302530,6.506085,2690.018928,346.9,11.606700,2.4,5.0
1671623281.980000,45.302632,6.506052,2688.929836,347.0,11.230141,2.5,5.3
1671623282.985000,45.302733,6.506022,2687.523650,348.0,11.133164,2.5,6.0
1671623283.977000,45.302834,6.505996,2684.262280,350.0,11.212111,2.6,6.0
1671623284.983000,45.302941,6.505972,2683.186051,347.0,11.543713,2.6,6.0
1671623285.984000,45.303047,6.505941,2691.694594,351.9,11.284532,2.5,6.0
1671623286.988000,45.303153,6.505922,2689.712009,353.0,11.322626,2.5,6.0
1671623287.987000,45.303262,6.505898,2687.031619,353.0,12.199229,2.5,6.0
1671623288.987000,45.303374,6.505872,2684.306858,348.0,12.118495,2.5,6.0
1671623289.984000,45.303485,6.505837,2684.921529,354.2,11.721408,2.5,6.4
1671623290.977000,45.303594,6.505823,2679.825722,5.3,11.598306,2.5,6.7
1671623291.984000,45.303696,6.505852,2674.755836,23.8,11.450970,2.5,7.0
1671623292.985000,45.303787,6.505936,2662.593834,44.3,12.334521,2.7,7.3
1671623293.991000,45.303848,6.506083,2659.147864,63.3,13.447461,2.7,8.8
1671623294.977000,45.303892,6.506265,2654.471649,68.9,13.315432,2.5,8.7
1671623295.985000,45.303934,6.506444,2652.573063,68.0,13.584826,2.5,8.8
1671623296.998000,45.303979,6.506627,2649.005696,68.9,14.004095,2.5,8.8
1671623298.007000,45.304020,6.506811,2647.996428,72.8,14.456594,2.6,8.8
1671623299.000000,45.304051,6.507001,2645.565151,73.0,14.383367,2.5,8.0
1671623299.990000,45.304081,6.507188,2642.114887,74.0,14.536721,2.5,8.0
1671623300.989000,45.304110,6.507382,2639.244640,77.0,14.504483,2.5,8.0
1671623301.993000,45.304130,6.507580,2636.518279,79.0,14.521768,2.5,8.0
1671623302.994000,45.304149,6.507770,2634.174621,77.0,13.867642,2.4,7.7
1671623303.992000,45.304171,6.507944,2631.246245,77.0,13.155285,2.4,7.3
1671623304.991000,45.304193,6.508111,2630.430547,77.0,12.822123,2.4,6.8
1671623305.989000,45.304214,6.508270,2628.001290,76.9,11.416385,2.5,6.7
1671623306.998000,45.304235,6.508414,2626.661557,73.7,10.985347,2.6,6.0
1671623307.999000,45.304265,6.508540,2623.983776,69.2,10.131344,2.5,6.0
1671623309.993000,45.304342,6.508758,2623.731448,62.2,9.254990,2.7,6.0
1671623311.985000,45.304449,6.508916,2625.205271,47.2,8.485382,2.8,6.0
1671623313.986000,45.304572,6.509030,2627.373154,34.0,8.075592,2.5,6.0
1671623315.985000,45.304697,6.509111,2626.187403,27.0,7.657233,2.5,5.3
1671623317.992000,45.304823,6.509191,2621.833980,26.2,7.483732,2.6,4.7
1671623319.988000,45.304945,6.509278,2616.458068,29.7,7.779070,2.5,4.0
1671623321.981000,45.305071,6.509399,2614.823598,35.7,8.808105,2.5,4.0
1671623323.988000,45.305192,6.509564,2612.236598,50.6,9.558857,2.5,4.0
1671623325.994000,45.305255,6.509804,2610.991245,64.0,10.691874,2.5,4.0
1671623326.992000,45.305254,6.509939,2607.933659,73.0,10.719444,2.5,4.0
1671623327.995000,45.305226,6.510077,2606.364089,92.3,10.601228,2.5,4.0
1671623328.989000,45.305199,6.510215,2605.596750,99.7,10.486856,2.5,4.0
1671623330.005000,45.305174,6.510362,2604.766671,98.8,12.241180,2.4,4.0
1671623330.993000,45.305146,6.510517,2601.308612,99.7,12.091807,2.4,4.3
1671623331.998000,45.305117,6.510672,2600.942945,105.2,11.776809,2.4,4.8
1671623332.983000,45.305067,6.510810,2598.345814,115.7,11.598221,2.5,5.0
1671623333.991000,45.305004,6.510933,2596.761493,123.6,11.006300,2.5,5.6
1671623334.987000,45.304935,6.511027,2593.913205,132.6,10.033363,2.5,5.3
1671623335.996000,45.304865,6.511110,2594.244075,134.4,10.081249,2.6,5.2
1671623337.995000,45.304715,6.511210,2593.508426,156.2,8.988338,2.6,5.2
1671623339.981000,45.304556,6.511236,2594.178784,170.9,9.767757,2.8,5.3
1671623341.986000,45.304384,6.511276,2592.761577,148.5,8.860553,3.0,6.0
1671623344.001000,45.304248,6.511450,2588.847583,118.8,10.326603,3.1,6.0
1671623344.998000,45.304201,6.511580,2585.756774,96.5,10.178556,2.7,6.0
1671623345.981000,45.304196,6.511714,2581.148866,93.5,10.892781,2.5,6.0
1671623346.994000,45.304193,6.511852,2575.592080,103.6,10.522902,2.5,6.0
1671623347.994000,45.304176,6.511990,2573.090058,93.1,10.959456,2.5,6.0
1671623348.995000,45.304174,6.512137,2570.313344,90.2,11.000916,2.5,6.0
1671623349.986000,45.304176,6.512280,2568.867862,95.0,10.650975,2.5,6.0
1671623350.987000,45.304172,6.512417,2565.414010,89.9,9.671530,2.5,6.0
1671623352.999000,45.304206,6.512668,2559.975900,86.9,9.297499,2.5,6.0
1671623354.993000,45.304205,6.512918,2556.430150,84.2,10.405776,2.5,6.0
1671623355.983000,45.304222,6.513053,2553.010690,85.0,10.697059,2.4,6.0
1671623356.981000,45.304233,6.513190,2549.314023,97.3,9.834719,2.4,6.0
1671623357.999000,45.304223,6.513321,2544.956461,97.0,9.805700,2.4,6.3
1671623358.988000,45.304212,6.513450,2543.261791,91.2,10.290286,2.4,6.7
1671623359.991000,45.304208,6.513583,2538.660246,101.3,9.696274,2.5,7.0
1671623360.987000,45.304191,6.513709,2537.430164,100.0,9.529910,2.6,7.6
1671623362.991000,45.304154,6.513916,2532.314841,123.5,7.094193,2.6,8.0
1671623364.988000,45.304061,6.514009,2526.409323,121.5,5.827919,2.5,8.0
1671623366.986000,45.304014,6.514159,2527.454979,93.1,8.024430,2.8,7.3
1671623369.015000,45.304012,6.514378,2526.961338,88.0,8.122419,2.8,6.4
1671623370.978000,45.304006,6.514588,2519.160853,77.1,8.534544,2.6,6.0
1671623372.986000,45.304062,6.514770,2513.287040,42.3,7.415177,2.5,6.4
1671623374.977000,45.304174,6.514900,2505.943892,57.7,9.153778,2.5,7.2
1671623376.975000,45.304273,6.515109,2500.543758,32.8,9.267119,2.5,9.0
1671623377.983000,45.304349,6.515188,2496.875436,33.0,11.174644,2.5,10.0
1671623378.975000,45.304441,6.515286,2493.929896,44.4,11.349147,2.5,10.0
1671623380.002000,45.304522,6.515404,2492.559449,48.5,11.456456,2.5,10.4
1671623380.991000,45.304596,6.515516,2489.408528,32.2,11.061183,2.5,9.6
1671623382.000000,45.304692,6.515594,2487.795602,22.5,11.411983,2.5,8.8
1671623382.990000,45.304799,6.515652,2485.062019,29.9,11.519198,2.4,8.0
1671623383.989000,45.304903,6.515718,2484.019407,26.2,10.969364,2.4,8.0
1671623384.982000,45.305004,6.515768,2479.853508,12.1,10.343075,2.4,8.0
1671623385.987000,45.305111,6.515782,2479.280867,10.0,11.180887,2.4,8.0
1671623386.983000,45.305225,6.515797,2475.737717,8.1,11.576722,2.5,8.0
1671623387.980000,45.305338,6.515812,2474.400353,0.9,11.975068,2.6,8.0
1671623388.983000,45.305452,6.515805,2468.821661,9.7,10.314628,2.5,8.0
1671623389.986000,45.305547,6.515818,2470.360665,5.2,10.332449,2.4,8.0
1671623390.984000,45.305651,6.515820,2463.816792,5.0,11.094449,2.5,8.0
1671623391.989000,45.305763,6.515819,2461.570069,353.1,11.190219,2.6,8.0
1671623392.982000,45.305870,6.515793,2462.286023,357.0,10.380555,2.7,8.0
1671623393.981000,45.305967,6.515774,2464.061375,17.0,10.179707,2.8,8.0
1671623394.980000,45.306060,6.515810,2462.108181,33.5,11.013916,2.6,8.0
1671623395.990000,45.306150,6.515888,2460.428267,30.1,11.097448,2.8,8.0
1671623396.986000,45.306234,6.515956,2453.288812,18.2,10.346363,2.8,8.0
1671623398.013000,45.306321,6.515997,2450.429004,32.7,9.720195,2.6,8.0
1671623399.978000,45.306453,6.516150,2442.311199,21.5,8.529919,2.5,8.0
1671623401.980000,45.306581,6.516178,2436.794764,351.0,8.754128,2.5,8.0
1671623403.988000,45.306728,6.516193,2432.252869,19.8,9.238692,2.5,8.0
1671623405.982000,45.306892,6.516236,2425.717882,352.1,9.239956,2.5,8.0
1671623407.987000,45.307052,6.516230,2421.089072,13.9,8.451695,2.5,8.0
1671623409.985000,45.307202,6.516255,2417.175987,0.0,6.707684,2.4,8.0
1671623411.981000,45.307326,6.516225,2411.115371,350.6,7.196113,2.4,8.0
1671623413.987000,45.307450,6.516170,2406.288730,344.7,6.854764,2.6,8.0
1671623432.575000,45.307476,6.516040,2402.182198,352.0,1.943889,2.5,5.2
1671623434.987000,45.307607,6.516110,2397.357518,16.3,6.992803,2.5,6.7
1671623435.980000,45.307694,6.516152,2396.252312,12.8,9.382425,2.5,7.3
1671623436.984000,45.307795,6.516194,2394.048563,15.1,10.915711,2.4,7.8
1671623437.998000,45.307907,6.516248,2390.872553,24.6,12.433135,2.4,7.5
1671623438.993000,45.308021,6.516320,2387.230457,26.0,12.558109,2.4,7.0
1671623440.004000,45.308136,6.516414,2383.423005,29.4,12.913530,2.5,7.6
1671623440.984000,45.308244,6.516540,2381.191702,38.0,13.696293,2.6,8.0
1671623441.979000,45.308339,6.516690,2375.589385,48.1,13.950878,2.5,8.0
1671623442.996000,45.308425,6.516839,2375.066668,51.2,13.331483,2.6,8.0
1671623443.987000,45.308510,6.516988,2376.822060,51.0,13.168937,2.4,8.0
1671623444.988000,45.308594,6.517129,2371.081367,50.2,12.958965,2.6,8.0
1671623445.988000,45.308671,6.517254,2372.461919,50.8,11.976796,2.7,8.0
1671623446.980000,45.308742,6.517371,2371.366373,50.0,11.711633,2.8,8.0
1671623447.983000,45.308818,6.517486,2372.507797,45.0,12.172110,2.8,8.0
1671623448.979000,45.308902,6.517595,2372.623164,43.1,12.369099,2.6,7.7
1671623449.995000,45.308988,6.517700,2370.398519,43.0,12.115166,2.8,7.2
1671623450.979000,45.309070,6.517801,2368.050616,42.1,11.808156,3.1,7.0
1671623451.997000,45.309146,6.517893,2364.407979,43.0,10.931304,2.6,6.4
1671623452.989000,45.309217,6.517984,2366.886355,43.0,11.009873,3.3,6.0
1671623453.990000,45.309287,6.518082,2359.315882,44.0,10.643374,2.5,6.0
1671623454.986000,45.309355,6.518174,2356.765697,45.0,10.476697,2.5,6.0
1671623455.994000,45.309419,6.518268,2357.036642,45.0,10.063742,2.5,6.0
1671623457.985000,45.309534,6.518448,2355.972125,52.0,9.343843,2.5,6.0
1671623459.984000,45.309631,6.518637,2355.356567,54.0,9.023445,2.5,6.0
1671623461.982000,45.309722,6.518816,2354.073199,57.0,7.983400,2.5,6.0
1671623463.995000,45.309791,6.518984,2353.281673,60.3,7.551458,2.4,6.0
1671623465.997000,45.309856,6.519148,2352.336282,60.0,7.014897,2.4,6.0
1671623467.991000,45.309924,6.519292,2350.977708,56.0,6.498466,2.6,6.0
1671623469.986000,45.309988,6.519416,2349.176860,51.0,5.751902,2.6,6.0
1671623471.994000,45.310075,6.519512,2348.135424,34.0,5.803871,2.6,6.0
1671623473.987000,45.310170,6.519587,2350.611887,27.0,6.082596,2.8,6.0
1671623475.991000,45.310276,6.519655,2353.049660,20.1,6.123429,2.8,6.0
1671623477.974000,45.310382,6.519697,2357.093678,14.3,6.505138,3.0,6.0
1671623479.982000,45.310495,6.519737,2351.772093,16.0,7.141588,3.3,5.2
1671623481.976000,45.310623,6.519804,2342.538301,24.8,7.525322,2.5,4.7
1671623483.976000,45.310744,6.519932,2342.454618,43.0,8.518232,2.5,4.3
1671623485.978000,45.310854,6.520124,2337.310091,48.6,9.775928,2.5,5.0
1671623486.991000,45.310919,6.520216,2336.189413,46.4,9.829575,2.5,5.6
1671623487.981000,45.310988,6.520304,2335.443526,43.6,9.886559,2.5,6.0
1671623488.987000,45.311059,6.520389,2334.256114,42.0,9.710635,2.5,6.0
1671623491.000000,45.311209,6.520496,2331.451258,17.5,8.707131,2.4,6.0
1671623492.984000,45.311362,6.520493,2329.412167,356.1,7.878810,2.5,6.0
1671623495.003000,45.311527,6.520483,2325.847726,7.7,9.079422,2.5,6.0
1671623496.987000,45.311709,6.520507,2328.286001,2.1,9.673444,2.4,6.0
1671623497.984000,45.311804,6.520503,2322.823460,357.2,10.395626,2.6,6.0
1671623498.979000,45.311902,6.520487,2324.842895,353.4,10.608011,2.6,6.0
1671623499.983000,45.312002,6.520461,2323.209604,352.2,10.647357,2.8,5.7
1671623500.987000,45.312098,6.520434,2324.701315,350.3,10.435803,2.8,5.2
1671623501.973000,45.312188,6.520405,2324.166061,348.1,10.114365,2.6,5.0
1671623502.983000,45.312275,6.520374,2322.649809,348.0,9.897804,2.8,4.7
1671623504.985000,45.312448,6.520314,2317.932603,346.0,9.839309,2.6,4.0
1671623506.982000,45.312618,6.520256,2312.792842,348.0,9.789865,2.5,4.8
1671623508.986000,45.312790,6.520213,2310.237823,350.8,9.640116,2.5,5.2
1671623510.991000,45.312957,6.520177,2308.365260,350.0,9.330737,2.5,5.2
1671623512.984000,45.313123,6.520136,2308.150335,349.1,9.861643,2.5,4.7
1671623514.987000,45.313295,6.520095,2304.516281,351.9,9.550991,2.5,4.8
1671623516.982000,45.313464,6.520068,2303.351872,353.0,9.750669,2.4,4.3
1671623518.987000,45.313642,6.520041,2301.065189,354.9,10.092849,2.4,4.3
1671623520.000000,45.313734,6.520033,2299.372614,356.8,10.035836,2.5,4.0
1671623521.987000,45.313915,6.520043,2295.528134,2.7,9.961761,2.5,4.0
1671623522.980000,45.314006,6.520081,2294.476458,19.0,10.382619,2.6,4.0
1671623523.976000,45.314095,6.520152,2295.630369,29.4,11.136380,2.4,4.3
1671623524.996000,45.314181,6.520246,2291.303428,37.7,11.430799,2.7,4.7
1671623525.981000,45.314256,6.520354,2291.904230,42.7,11.529546,2.7,5.0
1671623526.989000,45.314331,6.520469,2293.962316,43.8,11.624838,2.7,5.6
1671623527.984000,45.314402,6.520594,2291.358630,47.9,11.978026,2.8,5.6
1671623528.979000,45.314470,6.520720,2290.526964,50.9,12.063338,2.6,5.2
1671623529.983000,45.314526,6.520857,2286.346315,58.0,12.215257,2.9,5.0
1671623530.992000,45.314570,6.521008,2286.564214,64.6,12.492339,3.1,4.4
1671623531.989000,45.314610,6.521162,2281.987771,67.4,12.841853,2.6,4.7
1671623532.980000,45.314634,6.521330,2285.397249,73.4,13.353116,3.3,4.7
1671623534.000000,45.314648,6.521510,2277.066069,76.8,13.764899,2.5,5.2
1671623534.989000,45.314646,6.521688,2273.327427,86.7,13.261747,2.5,5.6
1671623535.983000,45.314619,6.521854,2271.146936,100.9,12.566285,2.5,5.7
1671623536.992000,45.314588,6.522017,2269.760087,101.9,12.773145,2.5,5.6
1671623537.987000,45.314558,6.522181,2266.368637,102.3,13.079138,2.5,5.2
1671623538.986000,45.314512,6.522348,2265.811725,110.0,13.739979,2.5,5.0
1671623539.988000,45.314444,6.522505,2262.075616,117.1,13.581432,2.5,4.7
1671623540.983000,45.314353,6.522643,2258.197382,140.3,14.385036,2.5,4.7
1671623541.997000,45.314238,6.522749,2256.143008,148.6,14.279489,2.5,4.8
1671623542.986000,45.314118,6.522825,2254.316467,156.9,13.585031,2.4,5.0
1671623543.994000,45.314001,6.522873,2255.178988,160.6,12.643175,2.4,5.6
1671623544.982000,45.313889,6.522900,2250.851110,165.9,12.076644,2.4,5.7
1671623545.993000,45.313774,6.522909,2250.328992,171.9,11.797409,2.4,6.0
1671623546.990000,45.313661,6.522913,2247.852928,173.0,11.820367,2.5,6.0
1671623547.981000,45.313551,6.522921,2246.630632,173.0,11.732571,2.6,6.0
1671623548.986000,45.313440,6.522932,2242.811141,173.0,11.867183,2.5,6.0
1671623549.988000,45.313330,6.522945,2241.894597,173.0,11.792422,2.6,6.0
1671623550.982000,45.313224,6.522967,2240.801087,172.0,11.658677,2.7,6.0
1671623551.995000,45.313120,6.522984,2239.581982,174.0,11.271216,2.6,6.0
1671623552.987000,45.313019,6.522995,2244.229865,174.0,11.045780,2.7,6.0
1671623553.986000,45.312922,6.523006,2242.241516,176.0,10.669347,2.8,6.0
1671623554.986000,45.312826,6.523013,2241.969416,176.0,10.563038,2.6,6.0
1671623556.006000,45.312728,6.523021,2240.305252,176.0,10.753155,2.8,6.0
1671623556.982000,45.312631,6.523028,2236.819690,176.0,10.772588,2.9,6.0
1671623557.982000,45.312530,6.523040,2237.169556,172.2,11.064125,3.1,6.0
1671623558.988000,45.312432,6.523055,2235.173845,172.0,10.521275,3.2,6.0
1671623559.999000,45.312338,6.523072,2235.649560,171.0,10.319551,3.2,6.0
1671623560.992000,45.312248,6.523090,2228.246004,170.0,9.941271,2.5,6.0
1671623562.987000,45.312073,6.523128,2225.662113,172.0,9.555842,2.5,6.0
1671623564.988000,45.311909,6.523157,2224.819839,172.0,8.683347,2.5,6.0
1671623566.989000,45.311749,6.523181,2224.550244,172.0,8.494103,2.5,6.0
1671623568.979000,45.311596,6.523203,2222.282918,172.0,8.696361,2.5,6.0
1671623570.985000,45.311448,6.523232,2220.843088,168.1,8.438165,2.4,6.0
1671623573.003000,45.311303,6.523280,2222.347863,165.1,8.488925,2.4,6.0
1671623575.002000,45.311156,6.523343,2216.621712,158.1,8.554981,2.6,6.0
1671623577.016000,45.311010,6.523420,2217.059031,161.0,8.560048,2.4,6.0
1671623579.024000,45.310901,6.523500,2211.807286,119.2,4.819199,2.6,6.0
1671623583.996000,45.310903,6.523634,2211.921045,127.0,4.792815,2.9,6.0
1671623586.484000,45.310833,6.523748,2205.665055,140.6,4.701565,2.5,6.5
1671623588.996000,45.310747,6.523822,2203.448251,151.6,4.388458,2.5,6.5
1671623590.996000,45.310679,6.523913,2203.164620,134.4,6.769895,2.5,6.5
1671623592.999000,45.310563,6.524070,2201.549343,140.1,9.113365,2.5,6.0
1671623594.010000,45.310492,6.524158,2199.010024,140.0,10.382268,2.5,6.0
1671623595.003000,45.310416,6.524254,2197.900643,137.6,10.941817,2.5,6.0
1671623596.002000,45.310339,6.524360,2194.768614,135.4,11.183808,2.4,6.0
1671623596.996000,45.310271,6.524496,2195.645549,120.9,12.605156,2.4,6.0
1671623597.992000,45.310225,6.524650,2190.302814,109.0,12.677836,2.4,6.0
1671623598.993000,45.310188,6.524814,2192.008915,108.3,12.950933,2.4,6.0
1671623600.007000,45.310170,6.524988,2185.420405,101.1,13.422467,2.5,6.0
1671623600.993000,45.310166,6.525163,2181.165103,98.3,12.677384,2.5,6.0
1671623602.001000,45.310152,6.525331,2179.931957,101.0,12.912294,2.6,6.0
1671623603.001000,45.310144,6.525498,2180.334237,96.8,12.948026,2.4,6.0
1671623603.997000,45.310140,6.525662,2175.177032,95.1,12.347439,2.7,6.0
1671623604.994000,45.310135,6.525821,2179.627182,94.2,12.700794,2.6,6.0
1671623605.999000,45.310131,6.525985,2178.721758,93.3,12.505921,2.7,6.0
1671623606.999000,45.310125,6.526143,2176.443487,93.5,12.123354,2.8,6.0
1671623607.991000,45.310118,6.526298,2173.236534,93.6,11.826782,2.6,6.0
1671623608.988000,45.310100,6.526444,2169.336754,100.4,11.253113,2.9,6.0
1671623610.002000,45.310082,6.526586,2168.250272,99.2,10.983820,2.6,6.0
1671623611.005000,45.310068,6.526724,2165.122366,98.1,10.921744,2.6,6.0
1671623612.011000,45.310055,6.526859,2169.898999,108.2,10.408175,3.3,6.0
1671623614.006000,45.309983,6.527083,2159.469343,116.0,9.535889,2.5,6.0
1671623615.995000,45.309925,6.527272,2157.709958,101.3,6.689371,2.5,6.0
1671623619.997000,45.310021,6.527319,2153.681248,355.1,5.294468,2.5,6.8
1671623620.989000,45.310109,6.527288,2152.871128,337.2,7.456610,2.5,7.0
1671623622.003000,45.310211,6.527226,2150.902596,339.0,9.831388,2.4,7.3
1671623622.995000,45.310320,6.527171,2146.419845,352.5,10.755586,2.8,7.8
1671623624.004000,45.310449,6.527144,2146.919768,356.9,11.580911,2.8,9.1
1671623625.010000,45.310582,6.527128,2144.668713,346.2,10.788608,2.9,10.0
1671623625.999000,45.310713,6.527083,2142.504662,342.0,10.958017,2.6,10.4
1671623627.003000,45.310830,6.527030,2139.352321,343.0,11.392588,2.5,10.0
1671623627.998000,45.310944,6.526975,2138.765541,333.1,12.070388,2.6,9.6
1671623629.005000,45.311054,6.526891,2135.728136,325.1,11.581050,2.6,8.8
1671623630.003000,45.311148,6.526795,2133.083750,321.1,11.305291,2.6,8.7
1671623630.994000,45.311228,6.526695,2134.198462,317.4,10.960498,2.6,8.0
1671623632.008000,45.311294,6.526578,2132.742159,306.8,11.083419,2.8,8.0
1671623632.987000,45.311350,6.526453,2134.591280,306.0,10.762141,2.8,8.0
1671623633.992000,45.311411,6.526335,2130.748788,310.0,10.307369,2.9,8.0
1671623635.006000,45.311474,6.526228,2129.209973,313.0,9.899488,2.9,8.0
1671623635.992000,45.311540,6.526129,2128.389712,314.0,9.711497,2.6,7.7
1671623636.995000,45.311606,6.526036,2127.556497,315.0,9.906611,2.6,7.3
1671623639.008000,45.311736,6.525873,2123.737868,331.5,9.674094,2.5,6.8
1671623641.032000,45.311886,6.525840,2119.502212,19.6,8.311392,2.5,7.2
1671623643.002000,45.312007,6.525957,2120.146057,27.0,7.599102,2.5,7.6
1671623645.008000,45.312128,6.526068,2119.322152,28.0,7.570848,2.4,7.0
1671623646.987000,45.312248,6.526173,2118.648530,37.0,7.307731,2.4,6.3
1671623648.996000,45.312348,6.526292,2117.240070,42.9,6.588537,2.5,5.7
1671623651.004000,45.312434,6.526410,2114.282710,43.0,6.337691,2.5,4.8
1671623652.998000,45.312512,6.526519,2113.667344,45.0,6.216445,2.5,4.3
1671623655.000000,45.312592,6.526640,2112.530799,42.5,6.050867,2.6,4.0
1671623671.320000,45.312689,6.526638,2110.289705,10.1,2.362772,2.5,8.1
1671623674.001000,45.312787,6.526789,2106.371080,66.8,6.161610,2.4,9.0
1671623676.009000,45.312836,6.526952,2102.105524,64.4,5.725847,2.4,7.9
1671623677.997000,45.312937,6.527069,2097.322416,40.2,8.053834,2.5,5.3
1671623680.000000,45.313071,6.527204,2096.207923,39.0,9.348929,2.7,5.7
1671623681.993000,45.313177,6.527333,2096.293190,48.9,5.617570,2.6,5.3
1671623683.999000,45.313261,6.527414,2095.948334,32.0,6.752343,2.8,4.7
1671623686.000000,45.313386,6.527501,2092.987700,19.4,7.642435,2.8,4.0
1671623687.993000,45.313517,6.527536,2089.711093,14.2,5.432134,2.6,4.7
1671623689.985000,45.313587,6.527616,2085.042458,37.2,4.892686,2.5,5.3
1671623692.997000,45.313721,6.527605,2079.889627,347.7,5.959125,2.5,6.0
1671623695.000000,45.313857,6.527565,2080.636245,352.0,6.655602,2.5,6.0
1671623697.007000,45.313983,6.527604,2073.086849,42.0,8.246285,2.5,6.0
1671623699.003000,45.314098,6.527737,2067.183943,28.0,6.889939,2.4,6.8
1671623701.007000,45.314209,6.527834,2062.555048,49.4,7.559369,2.5,7.3
1671623702.999000,45.314306,6.527983,2056.173404,30.1,6.600696,2.5,8.0
1671623705.004000,45.314418,6.528071,2050.242598,58.3,6.658706,2.5,8.0
1671623707.012000,45.314489,6.528247,2044.261492,61.1,7.179158,2.7,8.0
1671623709.998000,45.314570,6.528336,2040.898699,29.8,4.008722,2.8,7.7
1671623712.996000,45.314666,6.528460,2035.113599,29.2,6.145619,2.9,7.5
1671623715.013000,45.314770,6.528524,2027.632163,13.0,5.730906,2.6,7.6
1671623716.997000,45.314869,6.528597,2020.326243,66.5,6.660048,2.5,8.0
1671623719.001000,45.314928,6.528751,2013.153694,25.0,6.450985,2.5,7.7
1671623720.996000,45.315021,6.528792,2006.939122,9.0,5.533571,2.5,7.7
1671623723.005000,45.315128,6.528864,2003.646647,50.4,7.291559,2.4,7.6
1671623725.005000,45.315224,6.529006,1997.747032,7.1,6.555806,2.4,8.0
1671623726.998000,45.315339,6.528997,1990.950184,19.6,7.415755,2.4,8.0
1671623729.014000,45.315477,6.529097,1986.702825,17.3,9.063395,2.4,9.6
1671623730.989000,45.315647,6.529138,1981.250628,1.0,8.502020,2.5,9.3
1671623733.009000,45.315826,6.529132,1979.426812,359.0,9.270268,2.6,8.8
1671623734.001000,45.315925,6.529126,1978.278247,3.0,10.856258,2.6,8.7
1671623735.003000,45.316037,6.529130,1979.773741,0.1,10.917834,2.5,8.0
1671623736.007000,45.316146,6.529125,1976.819928,353.0,11.036039,2.7,8.0
1671623736.991000,45.316258,6.529103,1975.070570,351.1,11.345137,2.8,8.0
1671623738.001000,45.316374,6.529080,1973.341366,0.9,11.358047,2.8,8.0
1671623738.997000,45.316491,6.529085,1971.678454,1.0,12.013053,2.8,8.0
1671623739.998000,45.316605,6.529085,1969.188464,358.1,11.175787,2.9,8.0
1671623740.998000,45.316709,6.529067,1966.203683,351.1,9.848090,2.6,8.0
1671623741.999000,45.316806,6.529046,1965.685273,9.7,10.015991,2.6,8.0
1671623743.002000,45.316908,6.529066,1962.070387,3.1,10.900538,2.5,8.0
1671623744.007000,45.317016,6.529071,1958.188301,3.0,10.966042,2.5,8.0
1671623744.999000,45.317116,6.529082,1955.532454,12.9,10.720751,2.5,8.0
1671623745.993000,45.317215,6.529115,1955.162307,10.2,11.367443,2.5,7.7
1671623747.010000,45.317320,6.529144,1952.209891,11.0,11.149819,2.5,7.2
1671623748.007000,45.317420,6.529174,1951.411004,11.0,10.803906,2.4,6.8
1671623748.999000,45.317520,6.529201,1949.513729,6.0,10.989307,2.5,6.7
1671623750.000000,45.317620,6.529208,1947.646057,3.0,11.092490,2.4,6.0
1671623751.000000,45.317721,6.529212,1946.267226,1.0,11.167692,2.5,6.0
1671623752.001000,45.317827,6.529214,1944.029223,2.0,12.378197,2.4,6.0
1671623752.990000,45.317938,6.529221,1941.344009,7.0,11.921311,2.4,6.0
1671623754.010000,45.318045,6.529247,1938.782967,18.9,12.121475,2.5,6.0
1671623755.001000,45.318146,6.529301,1937.473382,16.2,11.885758,2.4,6.0
1671623755.991000,45.318242,6.529348,1934.782171,0.5,11.108327,2.5,6.0
1671623756.994000,45.318334,6.529355,1931.285489,1.9,9.486850,2.5,6.0
1671623759.008000,45.318448,6.529385,1928.869885,20.2,4.141017,2.6,6.7
1671623761.998000,45.318409,6.529550,1926.893848,90.0,4.890464,2.6,6.9
1671623764.997000,45.318384,6.529680,1924.962130,77.9,2.202976,2.9,6.2
1671623768.998000,45.318549,6.529669,1917.548573,26.3,5.983858,2.5,8.0
1671623770.995000,45.318665,6.529750,1911.698151,16.7,4.898359,2.4,9.7
1671623772.992000,45.318776,6.529764,1908.761159,20.7,6.409129,2.4,9.4
1671623775.004000,45.318893,6.529848,1902.889639,48.9,7.064690,2.5,9.1
1671623777.002000,45.318986,6.529953,1902.025817,23.5,4.547245,2.9,8.5
1671623778.996000,45.319088,6.530013,1893.992677,21.6,6.396471,2.4,7.7
1671623780.993000,45.319209,6.530114,1886.164033,34.7,7.077974,2.4,8.0
1671623782.989000,45.319327,6.530173,1881.678047,32.7,7.204310,2.6,9.3
1671623785.000000,45.319442,6.530301,1873.764599,25.6,7.479507,2.6,11.2
1671623786.996000,45.319578,6.530369,1870.243760,25.4,6.654743,2.6,10.7
1671623788.993000,45.319661,6.530483,1867.857552,68.0,6.602749,2.7,9.3
1671623791.002000,45.319750,6.530651,1862.499698,56.9,8.254086,2.9,8.0
1671623793.005000,45.319798,6.530854,1860.847876,108.3,8.482093,3.1,8.0
1671623794.008000,45.319761,6.530973,1863.121993,114.7,11.063122,2.9,8.0
1671623794.999000,45.319714,6.531113,1852.233426,106.2,11.379592,2.5,8.0
1671623795.993000,45.319675,6.531263,1846.569203,101.2,13.497806,2.5,8.0
1671623797.005000,45.319640,6.531441,1842.412331,107.0,14.043534,2.5,8.0
1671623797.998000,45.319592,6.531618,1840.340887,110.6,13.446008,2.4,8.0
1671623799.001000,45.319530,6.531777,1837.180274,126.9,13.352640,2.4,8.7
1671623800.000000,45.319449,6.531907,1833.959174,123.0,13.419299,2.4,8.7
1671623801.001000,45.319380,6.532054,1830.292863,123.0,13.189864,2.5,8.8
1671623802.005000,45.319314,6.532200,1829.975777,126.0,12.940175,2.4,8.8
1671623802.999000,45.319242,6.532334,1827.685227,126.0,13.432837,2.5,8.8
1671623803.994000,45.319168,6.532474,1829.915589,132.7,12.708303,2.9,8.7
1671623804.996000,45.319085,6.532589,1823.207895,136.9,12.139029,2.4,8.0
1671623805.998000,45.318997,6.532690,1820.022711,134.0,11.899732,2.4,8.0
1671623806.996000,45.318917,6.532797,1820.391280,128.1,11.992707,2.4,8.0
1671623807.999000,45.318842,6.532916,1815.359468,136.0,11.823050,2.4,8.0
1671623809.000000,45.318758,6.533015,1816.037437,144.7,11.979706,2.5,8.0
1671623810.003000,45.318666,6.533111,1810.555875,140.2,11.653653,2.5,8.0
1671623811.000000,45.318576,6.533205,1807.256665,121.9,11.043056,2.5,8.0
1671623812.003000,45.318529,6.533319,1805.399657,103.7,9.542529,2.6,8.0
1671623813.998000,45.318501,6.533505,1801.500871,114.8,8.612470,2.5,8.0
1671623816.010000,45.318407,6.533661,1808.801544,119.3,8.178967,2.6,8.0
1671623818.000000,45.318351,6.533841,1801.203842,97.0,5.597128,2.9,8.0
1671623821.008000,45.318345,6.534027,1796.683726,90.7,6.282520,3.0,7.3
1671623823.003000,45.318376,6.534158,1789.404526,63.2,5.578268,3.0,7.2
1671623825.003000,45.318418,6.534286,1783.308774,75.0,6.387254,2.8,7.3
1671623826.999000,45.318475,6.534424,1778.888977,44.9,4.333968,2.9,8.8
1671623828.999000,45.318535,6.534574,1773.468934,59.8,6.550926,2.9,8.8
1671623831.003000,45.318628,6.534733,1773.499753,31.8,6.356585,3.0,8.7
1671623832.984000,45.318753,6.534807,1762.383916,43.1,7.875751,2.5,8.7
1671623833.995000,45.318821,6.534896,1753.307727,28.2,8.545856,2.4,8.7
1671623835.997000,45.318961,6.535017,1750.018730,35.8,7.615012,2.6,8.7
1671623838.004000,45.319059,6.535143,1750.553483,27.1,5.100978,2.5,8.0
1671623841.995000,45.319173,6.535165,1759.109093,355.2,1.138360,2.6,8.0
1671623855.737000,45.319266,6.535118,1752.835187,-1.0,0.002802,2.9,6.0
1671623886.997000,45.319353,6.535070,1745.690480,16.9,1.012646,2.6,5.2
1671623936.575000,45.319391,6.535187,1747.132178,86.9,2.404778,2.4,12.6
1671623938.974000,45.319399,6.535328,1744.706398,88.0,3.325165,2.4,17.0
1671623940.774000,45.319406,6.535507,1747.848199,88.5,4.247858,2.5,17.2
1671623943.095000,45.319408,6.535670,1750.594219,90.1,4.054868,2.4,14.6
1671623944.895000,45.319411,6.535821,1751.199539,89.3,4.169516,2.4,12.0
1671623947.815000,45.319407,6.535999,1763.269556,90.5,4.178929,2.9,10.0
1671623950.695000,45.319403,6.536165,1770.198869,90.4,4.351219,2.9,10.0
1671623953.694000,45.319400,6.536323,1768.776142,91.3,4.278811,3.0,9.1
1671623956.693000,45.319400,6.536473,1768.702110,89.9,4.056059,2.5,7.7
1671623959.614000,45.319402,6.536625,1779.171257,88.1,3.687601,2.9,7.1
1671623962.449000,45.319398,6.536756,1781.256835,91.3,3.566192,2.4,7.0
1671623964.695000,45.319395,6.536890,1783.050649,87.6,4.168543,2.5,7.8
1671623968.076000,45.319393,6.537071,1783.392497,96.8,4.656796,2.4,8.2
1671623970.895000,45.319397,6.537218,1793.482089,89.3,4.526513,2.7,7.2
1671623973.896000,45.319398,6.537353,1798.540942,90.5,3.544890,2.6,7.1
1671623976.895000,45.319398,6.537496,1800.018781,90.4,3.408045,2.9,7.0
1671623980.011000,45.319395,6.537641,1798.799237,91.0,3.569204,2.9,6.4
1671623983.002000,45.319395,6.537779,1793.537654,89.0,3.413384,2.4,5.7
1671623985.994000,45.319393,6.537911,1804.341442,90.0,3.518680,2.7,4.7
1671623989.004000,45.319393,6.538051,1805.782496,87.0,3.204376,2.4,4.2
1671623993.003000,45.319397,6.538223,1808.829964,88.0,3.594037,2.5,4.2
1671623995.999000,45.319397,6.538366,1808.130642,88.0,3.446821,2.7,4.0
1671623999.004000,45.319396,6.538499,1823.364009,91.0,3.313617,2.9,4.0
1671624001.999000,45.319396,6.538639,1826.675051,90.0,3.065287,2.7,4.0
1671624004.996000,45.319395,6.538776,1829.481014,91.0,3.293417,3.0,4.0
1671624007.998000,45.319396,6.538910,1827.943024,91.0,3.608294,2.5,4.3
1671624010.997000,45.319396,6.539038,1837.939547,89.0,3.364992,3.0,4.3
1671624014.005000,45.319396,6.539171,1842.838510,90.0,3.230100,2.8,4.0
1671624016.997000,45.319395,6.539305,1841.976024,89.0,4.085495,2.4,4.0
1671624019.994000,45.319394,6.539445,1850.610633,89.0,4.009794,2.5,4.0
1671624022.998000,45.319394,6.539585,1852.342824,91.0,3.648210,2.8,4.0
1671624026.004000,45.319394,6.539726,1875.754940,91.0,3.674589,2.5,4.0
1671624029.002000,45.319393,6.539870,1880.542196,91.0,3.539830,2.5,4.0
1671624032.996000,45.319391,6.540050,1886.974333,91.0,4.478119,3.0,4.0
1671624035.999000,45.319390,6.540212,1880.755916,91.0,4.205660,2.5,4.0
1671624039.012000,45.319390,6.540374,1894.560593,91.0,4.033116,2.9,4.0
1671624042.009000,45.319389,6.540520,1887.741339,89.0,3.895476,2.4,4.0
1671624044.998000,45.319388,6.540672,1890.632262,89.0,3.884305,2.5,4.0
1671624048.012000,45.319388,6.540827,1897.461298,90.0,3.804642,2.4,4.0
1671624050.994000,45.319387,6.540975,1913.995121,90.0,4.013796,2.5,4.0
1671624053.990000,45.319387,6.541124,1919.566113,91.0,4.059026,2.5,4.0
1671624057.004000,45.319386,6.541273,1925.728813,89.7,3.962748,2.5,4.0
1671624059.996000,45.319385,6.541421,1926.047948,89.5,3.928351,3.0,4.0
1671624062.997000,45.319384,6.541575,1929.221877,89.0,4.265890,3.0,4.0
1671624065.991000,45.319383,6.541733,1939.449475,89.0,4.158586,2.5,4.0
1671624068.995000,45.319382,6.541891,1940.875259,90.0,4.041934,2.8,4.0
1671624072.000000,45.319382,6.542045,1931.796954,90.0,4.198713,2.4,4.0
1671624075.002000,45.319382,6.542197,1947.914062,91.0,3.916398,2.8,4.0
1671624078.002000,45.319382,6.542350,1953.788247,90.0,3.887087,2.7,4.0
1671624081.002000,45.319382,6.542505,1955.782897,90.0,4.125077,2.7,4.0
1671624083.992000,45.319382,6.542655,1961.176263,89.0,4.077451,2.4,4.0
1671624086.995000,45.319382,6.542809,1962.248434,90.0,3.829153,2.5,4.0
1671624089.991000,45.319382,6.542958,1965.482289,90.0,3.954583,2.5,4.0
1671624093.015000,45.319382,6.543105,1974.480542,90.0,3.934297,2.5,5.0
1671624096.012000,45.319381,6.543254,1978.476410,91.0,3.814481,2.6,5.0
1671624099.013000,45.319381,6.543401,1982.483870,90.0,3.886588,2.8,5.0
1671624101.999000,45.319381,6.543557,1986.919387,89.0,3.948773,2.5,4.9
1671624105.002000,45.319380,6.543718,1993.803380,90.0,4.150165,2.6,4.0
1671624108.025000,45.319380,6.543867,1997.349688,89.0,4.092503,2.6,5.1
1671624111.000000,45.319378,6.544021,2001.177999,90.0,4.169594,2.5,5.0
1671624113.993000,45.319377,6.544174,2001.784988,90.0,3.931309,2.5,5.0
1671624116.992000,45.319376,6.544325,2009.926150,90.0,3.919019,2.5,5.0
1671624119.998000,45.319376,6.544476,2013.653472,89.9,3.971150,2.5,5.2
1671624123.001000,45.319376,6.544624,2017.000120,89.9,3.895097,2.6,5.3
1671624125.993000,45.319375,6.544777,2021.503942,90.0,3.901155,2.5,5.1
1671624129.015000,45.319374,6.544933,2028.339009,90.0,3.894190,2.7,4.0
1671624131.999000,45.319374,6.545067,2034.371531,90.0,4.162430,2.5,4.0
1671624134.996000,45.319372,6.545237,2037.117460,90.0,3.981921,2.5,4.0
1671624137.659000,45.319372,6.545374,2041.146062,90.0,4.189734,2.6,5.4
1671624141.000000,45.319372,6.545548,2042.682875,89.0,4.145863,2.5,5.4
1671624144.002000,45.319371,6.545703,2046.059648,90.0,4.132245,2.4,3.9
1671624146.996000,45.319370,6.545856,2050.141294,90.0,4.115433,2.5,3.6
1671624149.995000,45.319369,6.546010,2054.544143,90.0,4.096143,2.9,3.6
1671624153.010000,45.319368,6.546165,2055.926801,89.0,4.078507,2.5,3.9
1671624155.993000,45.319367,6.546316,2059.993699,90.0,4.065318,2.7,3.9
1671624158.989000,45.319366,6.546470,2066.745298,90.0,4.050317,2.5,3.3
1671624162.001000,45.319365,6.546623,2070.270154,90.0,4.039658,2.5,2.7
1671624165.009000,45.319363,6.546782,2071.049515,89.0,4.084741,2.5,4.7
1671624167.995000,45.319362,6.546944,2073.087214,89.0,4.107197,2.4,3.9
1671624171.002000,45.319361,6.547105,2074.328559,90.0,4.128197,2.5,3.9
1671624173.998000,45.319360,6.547264,2083.370208,90.0,4.134030,2.5,3.9
1671624176.997000,45.319359,6.547425,2080.143346,89.0,4.148925,2.8,3.9
1671624179.997000,45.319358,6.547583,2082.569812,90.0,4.141850,2.8,3.5
1671624182.998000,45.319358,6.547741,2093.737972,90.0,4.141364,2.5,3.5
1671624186.003000,45.319357,6.547898,2094.584217,90.0,4.129653,2.4,3.5
1671624189.002000,45.319357,6.548055,2097.284674,89.0,4.125553,2.4,2.9
1671624191.994000,45.319356,6.548213,2096.400253,90.0,4.125672,2.4,3.1
1671624194.992000,45.319355,6.548372,2097.553736,90.0,4.138481,2.5,3.2
1671624198.000000,45.319354,6.548535,2097.140878,90.0,4.160144,2.5,3.5
1671624201.016000,45.319354,6.548694,2104.013275,90.0,4.159059,2.5,3.4
1671624204.001000,45.319354,6.548855,2102.103771,90.0,4.170708,2.9,3.5
1671624206.995000,45.319353,6.549013,2105.402716,90.0,4.159643,2.8,2.5
1671624209.993000,45.319352,6.549172,2113.096023,90.0,4.163043,2.4,2.0
1671624212.994000,45.319352,6.549328,2115.425386,90.0,4.152189,2.4,2.2
1671624216.001000,45.319352,6.549487,2118.909475,90.0,4.151471,2.4,2.9
1671624219.006000,45.319351,6.549647,2119.811879,89.0,4.114761,2.4,2.6
1671624222.014000,45.319350,6.549790,2119.408739,88.4,4.108557,2.5,3.5
1671624224.989000,45.319354,6.549966,2121.816202,88.7,4.132750,2.4,3.7
1671624228.003000,45.319363,6.550122,2123.318097,81.6,4.162325,2.4,3.6
1671624231.007000,45.319372,6.550250,2122.226966,87.8,3.822405,2.4,3.8
1671624236.003000,45.319396,6.550380,2123.352010,56.5,3.122501,2.4,4.0
1671624241.005000,45.319516,6.550348,2125.331090,357.6,2.843483,2.4,4.0
1671624244.004000,45.319606,6.550242,2122.736167,322.0,3.034813,2.4,4.0
1671624247.007000,45.319684,6.550129,2120.123425,317.0,3.159247,2.4,3.8
1671624249.995000,45.319747,6.550037,2121.849845,316.1,3.188226,2.4,3.8
1671624252.996000,45.319801,6.549934,2122.610367,307.4,3.231705,2.4,3.7
1671624255.993000,45.319866,6.549817,2120.220341,319.3,3.243150,2.5,3.8
1671624270.002000,45.319958,6.549831,2123.328720,43.3,1.252773,2.4,3.8
1671624290.994000,45.319992,6.549950,2123.974728,43.1,0.139140,2.4,3.8
1671624323.011000,45.319992,6.550078,2121.622676,89.3,0.711154,2.4,4.0
1671624327.999000,45.319992,6.550228,2121.268995,92.1,2.502224,2.4,4.4
1671624331.000000,45.319987,6.550366,2121.786269,88.5,3.155592,2.4,6.0
1671624334.010000,45.319978,6.550532,2123.753458,94.8,3.445718,2.4,6.0
1671624337.000000,45.319961,6.550714,2129.337531,92.0,3.633860,2.4,5.7
1671624339.997000,45.319954,6.550874,2131.234018,91.0,3.715323,2.4,4.7
1671624342.997000,45.319947,6.551032,2136.156536,92.0,3.796299,2.4,4.0
1671624345.999000,45.319943,6.551195,2138.729890,92.0,3.827446,2.4,4.0
1671624348.995000,45.319941,6.551352,2142.076325,93.0,3.836466,2.5,4.0
1671624352.009000,45.319941,6.551510,2145.176362,92.0,3.835090,2.5,4.0
1671624354.997000,45.319936,6.551658,2149.330200,92.0,3.725733,2.4,4.0
1671624357.996000,45.319926,6.551819,2150.952020,92.0,3.796566,2.4,4.0
1671624360.994000,45.319916,6.551980,2152.032622,91.2,3.876343,2.4,4.0
1671624364.012000,45.319907,6.552163,2153.749665,92.0,3.938089,2.4,3.9
1671624367.010000,45.319901,6.552305,2155.170620,92.0,3.911174,2.4,3.9
1671624370.000000,45.319892,6.552470,2158.931043,91.9,3.899470,2.5,4.0
1671624373.001000,45.319883,6.552613,2161.609787,92.0,3.956168,2.4,4.0
1671624376.000000,45.319878,6.552787,2163.983634,92.0,3.988738,2.5,4.0
1671624379.000000,45.319878,6.552981,2166.865557,89.1,4.057326,2.4,4.0
1671624382.991000,45.319877,6.553142,2170.825182,92.8,3.949500,2.4,4.0
1671624386.000000,45.319870,6.553278,2175.693902,93.0,3.868387,2.4,4.0
1671624388.997000,45.319868,6.553410,2182.801786,90.9,3.738625,2.4,4.0
1671624393.000000,45.319868,6.553578,2190.952298,91.1,3.553875,2.4,5.3
1671624395.995000,45.319862,6.553734,2194.187858,93.0,3.626187,2.4,5.3
1671624399.023000,45.319854,6.553890,2199.817808,91.9,3.671652,2.4,4.0
1671624401.988000,45.319849,6.554040,2204.517088,91.9,3.669498,2.4,4.0
1671624404.990000,45.319843,6.554184,2211.374513,92.6,3.664626,2.4,4.0
1671624408.002000,45.319836,6.554336,2216.955094,93.0,3.678054,2.4,4.8
1671624410.989000,45.319828,6.554479,2223.150036,92.0,3.653554,2.4,5.7
1671624413.984000,45.319820,6.554624,2229.196277,91.0,3.639807,2.4,6.0
1671624417.012000,45.319809,6.554777,2235.926598,92.0,3.633815,2.4,4.8
1671624420.007000,45.319797,6.554922,2242.379448,91.1,3.567173,2.4,4.0
1671624423.011000,45.319798,6.555092,2246.904427,85.4,3.469133,2.4,4.3
1671624425.992000,45.319787,6.555227,2251.449574,89.0,3.494778,2.4,5.1
1671624428.022000,45.319786,6.555354,2253.825028,87.0,3.547434,2.4,5.0
1671624430.998000,45.319785,6.555485,2259.308699,89.0,3.574731,2.4,4.7
1671624433.988000,45.319774,6.555644,2266.278215,91.0,3.602659,2.4,5.7
1671624437.001000,45.319764,6.555780,2272.122494,92.9,3.594210,2.4,6.0
1671624440.000000,45.319755,6.555931,2277.487520,92.0,3.620133,2.4,5.0
1671624443.019000,45.319751,6.556081,2282.386470,92.1,3.630182,2.4,4.0
1671624446.993000,45.319752,6.556246,2292.144056,92.0,3.628203,2.4,4.0
1671624449.992000,45.319751,6.556390,2296.728709,91.1,3.638162,2.4,4.0
1671624453.012000,45.319747,6.556543,2303.955297,93.0,3.611436,2.4,4.0
1671624457.004000,45.319745,6.556695,2313.241303,92.5,3.557475,2.4,4.0
1671624461.002000,45.319749,6.556859,2320.797503,90.1,3.463121,2.4,4.0
1671624464.997000,45.319752,6.557025,2328.574513,92.0,3.491489,2.4,5.4
1671624468.013000,45.319742,6.557182,2332.980225,89.0,3.537381,2.4,4.7
1671624470.997000,45.319727,6.557333,2340.233858,93.0,3.584414,2.4,4.0
1671624474.002000,45.319719,6.557476,2345.615688,92.0,3.600004,2.4,4.0
1671624476.999000,45.319714,6.557614,2353.018293,91.0,3.594866,2.4,4.0
1671624480.005000,45.319708,6.557753,2358.544550,92.0,3.596680,2.4,4.0
1671624483.041000,45.319702,6.557901,2366.021564,92.0,3.601615,2.4,4.0
1671624486.012000,45.319697,6.558028,2373.323048,93.0,3.588349,2.4,4.0
1671624489.007000,45.319694,6.558157,2378.003138,91.0,3.559450,2.4,3.9
1671624492.002000,45.319695,6.558294,2384.594560,92.0,3.598959,2.4,4.0
1671624495.029000,45.319690,6.558439,2390.230404,92.0,3.632924,2.4,3.8
1671624498.016000,45.319685,6.558582,2398.409352,92.0,3.641906,2.4,3.6
1671624501.003000,45.319681,6.558722,2402.683986,92.0,3.689503,2.4,3.8
1671624504.007000,45.319678,6.558879,2409.912141,92.0,3.760924,2.4,3.8
1671624507.018000,45.319675,6.559021,2413.169821,92.0,3.807161,2.4,4.0
1671624509.998000,45.319670,6.559165,2417.127175,92.0,3.829741,2.4,4.0
1671624513.007000,45.319672,6.559297,2422.527547,91.0,3.803574,2.5,3.8
1671624516.000000,45.319672,6.559440,2423.910327,93.0,3.876446,2.4,3.8
1671624519.000000,45.319669,6.559571,2424.771262,92.0,3.815926,2.4,4.0
1671624539.008000,45.319677,6.559526,2426.392748,-1.0,0.000000,2.4,3.9
1671624539.008000,45.319677,6.559526,2426.392748,-1.0,0.000000,2.4,3.9
1671624636.001000,45.319667,6.559703,2427.395582,93.0,1.773589,2.4,5.7
1671624639.985000,45.319660,6.559863,2428.238655,93.0,2.154292,2.4,4.3
1671624642.992000,45.319650,6.560008,2430.464081,92.0,2.481754,2.4,4.0
1671624645.986000,45.319642,6.560168,2432.319481,92.0,2.883026,2.4,3.9
1671624649.006000,45.319635,6.560306,2434.550551,92.0,3.201104,2.4,3.9
1671624652.018000,45.319626,6.560481,2436.194615,92.0,3.436775,2.4,4.0
1671624654.999000,45.319616,6.560639,2438.431518,92.0,3.541726,2.4,4.0
1671624657.996000,45.319603,6.560788,2441.756126,92.7,3.560249,2.4,4.0
1671624661.016000,45.319591,6.560940,2445.396564,92.0,3.587740,2.4,4.4
1671624663.998000,45.319579,6.561117,2450.841083,93.0,3.628580,2.4,5.1
1671624666.994000,45.319570,6.561281,2457.653841,91.0,3.619853,2.4,4.7
1671624669.993000,45.319566,6.561423,2462.878469,91.0,3.617848,2.4,4.0
1671624673.002000,45.319562,6.561574,2471.071060,91.4,3.623997,2.4,4.0
1671624675.999000,45.319560,6.561714,2478.367728,91.8,3.601153,2.4,4.0
1671624678.994000,45.319557,6.561852,2484.635033,92.0,3.599357,2.4,3.8
1671624682.004000,45.319555,6.561980,2491.513526,90.0,3.477503,2.4,3.8
1671624685.997000,45.319558,6.562128,2499.511958,91.0,3.316245,2.4,5.0
1671624689.001000,45.319557,6.562268,2505.588331,95.9,3.390482,2.4,4.8
1671624692.004000,45.319561,6.562401,2511.697305,93.0,3.457527,2.4,4.0
1671624695.002000,45.319563,6.562541,2517.514154,93.0,3.510776,2.4,4.0
1671624697.990000,45.319561,6.562683,2523.426475,93.0,3.502764,2.4,4.0
1671624700.996000,45.319559,6.562825,2530.017263,92.0,3.531037,2.4,4.0
1671624703.993000,45.319561,6.562958,2537.969723,92.0,3.481832,2.4,4.0
1671624706.996000,45.319562,6.563096,2544.780942,92.0,3.488277,2.4,4.0
1671624709.995000,45.319562,6.563235,2551.499569,92.0,3.486944,2.4,4.0
1671624713.007000,45.319560,6.563370,2557.582490,92.0,3.488849,2.4,3.9
1671624715.994000,45.319558,6.563500,2566.141857,91.0,3.414440,2.4,3.8
1671624719.032000,45.319552,6.563641,2572.785511,93.0,3.378074,2.4,4.0
1671624722.998000,45.319548,6.563786,2582.720766,91.0,3.370357,2.4,3.9
1671624725.996000,45.319541,6.563915,2589.839091,93.0,3.405145,2.4,3.8
1671624729.008000,45.319533,6.564075,2594.608404,93.0,3.498539,2.4,3.6
1671624731.999000,45.319526,6.564212,2600.618804,92.0,3.629891,2.4,3.4
1671624734.997000,45.319519,6.564373,2603.317972,92.0,3.747081,2.4,3.3
1671624738.007000,45.319510,6.564519,2604.923530,92.0,3.834428,2.4,3.5
1671624740.996000,45.319502,6.564678,2607.253819,92.0,3.892422,2.4,3.6
1671624744.020000,45.319494,6.564850,2608.538530,93.0,3.940901,2.4,3.5
1671624746.994000,45.319487,6.564991,2611.334123,92.0,3.977635,2.4,2.7
1671624749.997000,45.319479,6.565153,2614.633097,92.0,3.993088,2.4,2.8
1671624752.998000,45.319472,6.565299,2618.039429,92.0,3.979849,2.4,3.1
1671624755.998000,45.319465,6.565460,2620.952049,93.0,4.000207,2.4,2.8
1671624759.022000,45.319457,6.565629,2625.378089,92.0,4.003951,2.4,3.0
1671624761.989000,45.319451,6.565768,2629.408538,92.0,3.998260,2.4,3.1
1671624764.999000,45.319445,6.565905,2633.182438,93.0,3.970711,2.4,3.5
1671624768.000000,45.319438,6.566068,2635.852385,92.0,3.973756,2.4,3.6
1671624771.010000,45.319432,6.566229,2639.545820,93.0,3.975043,2.4,3.3
1671624774.005000,45.319426,6.566377,2643.698824,92.0,3.963665,2.4,2.6
1671624776.994000,45.319421,6.566530,2646.851344,90.0,3.963484,2.4,2.6
1671624780.001000,45.319416,6.566683,2650.949777,92.0,3.953907,2.4,3.0
1671624782.992000,45.319410,6.566833,2655.334426,92.0,3.932915,2.4,3.5
1671624785.999000,45.319405,6.566984,2659.759654,92.0,3.922608,2.4,3.4
1671624789.005000,45.319400,6.567135,2665.439841,92.0,3.918121,2.4,3.9
1671624791.998000,45.319394,6.567285,2670.533198,92.0,3.903276,2.4,3.9
1671624794.994000,45.319389,6.567433,2674.991973,92.0,3.886720,2.4,3.9
1671624797.998000,45.319383,6.567591,2679.784718,92.0,3.883910,2.4,3.2
1671624801.012000,45.319376,6.567754,2684.868277,91.0,3.870468,2.4,1.9
1671624804.009000,45.319371,6.567884,2690.237066,92.9,3.851879,2.4,2.7
1671624807.020000,45.319364,6.568040,2693.877794,92.1,3.843029,2.4,2.7
1671624810.015000,45.319358,6.568183,2699.486041,93.0,3.866808,2.4,3.4
1671624813.005000,45.319352,6.568338,2702.946378,93.0,3.882194,2.4,3.5
1671624816.025000,45.319346,6.568503,2707.165033,92.0,3.886507,2.4,3.2
1671624819.021000,45.319342,6.568636,2713.791345,93.0,3.892304,2.4,2.9
1671624822.002000,45.319337,6.568791,2719.102353,92.0,3.882701,2.4,3.2
1671624824.993000,45.319332,6.568929,2722.832047,92.0,3.868410,2.4,3.1
1671624828.001000,45.319326,6.569080,2728.063051,92.0,3.855700,2.4,1.9
1671624831.010000,45.319320,6.569239,2733.285030,92.0,3.846569,2.4,3.1
1671624834.007000,45.319316,6.569369,2737.406263,92.0,3.839630,2.4,3.1
1671624837.010000,45.319310,6.569521,2743.581901,92.9,3.819106,2.4,2.7
1671624839.988000,45.319304,6.569668,2746.988016,92.0,3.873923,2.4,3.1
1671624843.006000,45.319298,6.569828,2749.323991,92.0,3.926772,2.4,3.5
1671624846.032000,45.319294,6.569996,2753.140133,92.0,3.966398,2.4,3.1
1671624849.000000,45.319289,6.570136,2756.696474,92.0,3.983689,2.4,3.9
1671624851.997000,45.319284,6.570297,2759.335930,92.0,3.998779,2.4,3.9
1671624854.990000,45.319279,6.570444,2761.424530,92.0,4.002150,2.4,3.9
1671624857.988000,45.319276,6.570592,2765.124786,90.0,3.945361,2.4,3.5
1671624861.005000,45.319274,6.570743,2768.858957,92.0,3.926531,2.4,3.5
1671624863.991000,45.319267,6.570886,2772.235104,92.0,3.933130,2.4,3.9
1671624866.998000,45.319261,6.571040,2775.723387,93.0,3.948174,2.4,3.3
1671624870.019000,45.319256,6.571188,2779.376630,92.0,3.945421,2.4,3.1
1671624872.999000,45.319250,6.571342,2782.891934,93.0,3.954205,2.4,3.4
1671624876.044000,45.319248,6.571502,2786.222313,92.0,3.956193,2.4,3.6
1671624878.999000,45.319242,6.571648,2792.711019,92.0,3.950837,2.4,3.6
1671624881.999000,45.319239,6.571801,2797.078856,91.0,3.932376,2.4,3.5
1671624885.000000,45.319235,6.571950,2800.787204,92.0,3.917005,2.4,3.7
1671624888.003000,45.319231,6.572102,2805.757950,92.0,3.912418,2.4,3.6
1671624891.007000,45.319231,6.572248,2810.209135,92.0,3.894067,2.4,3.1
1671624893.996000,45.319233,6.572384,2813.636564,92.0,3.883374,2.4,3.3
1671624897.018000,45.319236,6.572540,2818.186611,92.0,3.924732,2.4,3.8
1671624900.005000,45.319235,6.572693,2819.923219,92.0,3.968824,2.4,3.4
1671624902.996000,45.319233,6.572845,2822.562112,92.0,3.991259,2.4,3.2
1671624906.008000,45.319233,6.573002,2826.811296,92.0,4.006226,2.4,3.0
1671624908.995000,45.319237,6.573148,2830.770872,91.0,4.003890,2.4,3.3
1671624911.999000,45.319234,6.573296,2832.685987,92.0,4.034053,2.4,3.8
1671624914.999000,45.319232,6.573455,2833.855993,92.0,4.042705,2.4,3.6
1671624917.992000,45.319228,6.573608,2834.566702,92.0,4.065516,2.4,3.2
1671624920.991000,45.319224,6.573764,2835.608376,92.0,4.076645,2.4,3.6
1671624924.013000,45.319220,6.573918,2836.949328,92.0,4.100749,2.4,3.9
1671624926.999000,45.319217,6.574084,2834.630197,92.0,4.130490,2.4,3.4
1671624930.006000,45.319213,6.574244,2835.073492,93.0,4.143768,2.4,3.3
1671624932.990000,45.319209,6.574388,2834.663372,93.9,4.140563,2.4,2.7
1671624936.000000,45.319205,6.574536,2837.881678,92.9,4.041808,2.4,2.8
1671624939.001000,45.319197,6.574716,2840.697687,92.0,4.056328,2.4,3.3
1671624941.997000,45.319187,6.574877,2843.620859,92.0,4.047295,2.4,3.6
1671624944.996000,45.319179,6.575031,2846.660204,92.0,4.033413,2.4,3.6
1671624948.003000,45.319172,6.575173,2850.667031,92.0,4.020562,2.4,3.4
1671624950.999000,45.319165,6.575339,2853.784661,92.0,4.008759,2.4,3.5
1671624953.996000,45.319159,6.575496,2857.875156,92.0,3.992917,2.4,3.7
1671624956.994000,45.319154,6.575650,2861.366075,92.0,3.965774,2.4,3.5
1671624960.008000,45.319149,6.575803,2866.033917,92.0,3.957593,2.4,3.6
1671624962.999000,45.319141,6.575958,2869.492189,92.0,3.948300,2.4,4.0
1671624965.994000,45.319134,6.576112,2876.400640,92.0,3.933043,2.4,3.6
1671624968.994000,45.319126,6.576263,2880.696543,92.0,3.916957,2.4,3.6
1671624972.005000,45.319117,6.576416,2884.557267,92.0,3.909858,2.4,3.5
1671624974.983000,45.319110,6.576566,2889.249912,92.0,3.900453,2.4,3.6
1671624977.998000,45.319102,6.576716,2894.737582,93.0,3.881427,2.4,3.9
1671624981.001000,45.319096,6.576874,2898.095691,92.0,3.905576,2.4,3.5
1671624984.005000,45.319091,6.577029,2903.233791,92.0,3.917882,2.4,3.5
1671624987.008000,45.319084,6.577166,2905.723537,92.0,3.914437,2.4,3.1
1671624989.994000,45.319079,6.577317,2909.699856,92.0,3.915462,2.4,3.4
1671624992.999000,45.319077,6.577464,2914.488068,92.0,3.911050,2.4,3.6
1671624995.996000,45.319075,6.577614,2921.698215,92.0,3.906026,2.4,3.1
1671624999.004000,45.319072,6.577771,2924.900218,92.0,3.900613,2.4,3.6
1671625002.005000,45.319071,6.577912,2929.155185,92.0,3.891293,2.4,3.9
1671625005.003000,45.319068,6.578063,2934.209786,92.0,3.862596,2.4,3.9
1671625007.993000,45.319060,6.578212,2938.736158,95.0,3.923505,2.4,3.6
1671625011.002000,45.319049,6.578384,2942.236168,95.0,4.037038,2.4,3.5
1671625014.012000,45.319043,6.578533,2942.693431,98.6,3.956858,2.4,4.0
1671625020.008000,45.319047,6.578679,2941.085119,100.9,3.294920,2.4,3.8
1671625023.999000,45.319012,6.578842,2941.150834,107.0,3.305709,2.4,3.6
1671625029.995000,45.318986,6.578977,2925.153199,126.9,2.842986,2.4,3.9
1671625035.007000,45.318914,6.579060,2939.023730,143.6,2.595119,2.4,3.6
1671625040.004000,45.318825,6.579125,2939.157870,177.3,2.413766,2.4,3.8
1671625044.003000,45.318731,6.579115,2938.470765,187.0,2.341101,2.4,3.9
1671625048.085000,45.318628,6.579089,2937.897161,189.3,2.449715,2.4,5.9
1671625052.690000,45.318524,6.579077,2928.114345,184.0,2.408935,2.4,5.8
1671625055.688000,45.318414,6.579092,2924.837132,181.4,2.880717,2.4,6.5
1671625058.089000,45.318319,6.579082,2918.882349,192.9,3.202278,2.4,7.0
1671625061.569000,45.318220,6.579060,2917.191738,186.2,3.297153,2.4,7.0
1671625063.968000,45.318127,6.579031,2915.114898,189.2,3.527158,2.4,6.8
1671625066.968000,45.318003,6.579007,2912.397762,174.1,3.816164,2.4,6.6
1671625068.766000,45.317907,6.579030,2910.953206,171.5,4.160979,2.4,6.7
1671625071.001000,45.317777,6.579046,2910.616435,178.0,5.579313,2.4,6.9
1671625073.013000,45.317681,6.579020,2909.374822,193.0,4.971205,2.4,5.9
1671625076.343000,45.317573,6.578980,2908.570019,200.1,3.744373,2.4,6.1
1671625079.668000,45.317531,6.578831,2909.297349,237.8,3.470084,2.4,7.0
1671625082.608000,45.317462,6.578735,2907.746066,218.6,3.172418,2.4,7.0
1671625085.968000,45.317373,6.578704,2905.020355,194.8,3.306077,2.4,7.0
1671625096.047000,45.317281,6.578633,2902.796266,205.9,1.612405,2.4,4.2
1671625099.992000,45.317173,6.578608,2900.450728,193.0,2.675301,2.4,5.4
1671625103.990000,45.317065,6.578573,2900.838437,190.2,3.562619,2.4,4.0
1671625106.725000,45.316955,6.578576,2897.923408,183.8,5.070632,2.4,4.3
1671625109.162000,45.316870,6.578510,2896.691067,213.5,4.648010,2.4,5.1
1671625110.997000,45.316770,6.578500,2893.976780,192.6,6.074431,2.4,5.4
1671625113.000000,45.316666,6.578468,2888.859857,180.1,5.456728,2.4,5.4
1671625115.004000,45.316569,6.578515,2886.861318,168.4,6.448802,2.4,4.0
1671625117.004000,45.316448,6.578509,2883.368061,176.1,7.596157,2.4,4.0
1671625119.002000,45.316317,6.578546,2878.289349,164.5,7.406874,2.4,4.8
1671625120.994000,45.316184,6.578631,2875.084650,165.2,8.237612,2.4,5.3
1671625123.014000,45.316019,6.578662,2871.566289,173.9,9.532117,2.4,6.0
1671625125.020000,45.315843,6.578668,2867.790462,174.6,9.553854,2.4,6.0
1671625127.009000,45.315679,6.578752,2864.357537,154.6,9.674191,2.4,6.0
1671625128.993000,45.315520,6.578854,2862.848040,167.6,9.366994,2.4,6.0
1671625131.004000,45.315348,6.578891,2859.789041,171.0,9.090200,2.4,6.0
1671625133.003000,45.315188,6.578943,2855.991663,163.0,8.436409,2.4,6.0
1671625135.003000,45.315057,6.579020,2856.705292,156.0,7.564365,2.4,5.2
1671625137.005000,45.314938,6.579090,2856.113687,163.6,7.280967,2.4,4.4
1671625139.050000,45.314809,6.579140,2854.617161,163.0,8.053995,2.4,4.4
1671625140.999000,45.314674,6.579146,2851.631767,190.9,7.904153,2.4,5.0
1671625143.012000,45.314548,6.579110,2847.555723,178.7,5.865532,2.4,5.7
1671625145.007000,45.314442,6.579095,2839.197111,211.1,5.427804,2.4,6.0
1671625146.997000,45.314345,6.579016,2835.635117,193.9,6.587567,2.4,6.0
1671625149.016000,45.314241,6.578960,2830.592899,236.4,4.744265,2.4,6.0
1671625152.013000,45.314163,6.578828,2825.136588,168.0,4.252907,2.4,7.2
1671625153.987000,45.314069,6.578839,2821.552310,182.9,7.965748,2.4,7.7
1671625155.999000,45.313944,6.578833,2818.588988,190.7,4.605229,2.4,8.0
1671625159.006000,45.313905,6.578696,2814.145678,285.8,4.540218,2.4,7.1
1671625161.994000,45.313864,6.578540,2807.537801,224.5,6.851258,2.4,6.4
1671625163.996000,45.313801,6.578366,2803.839880,253.6,6.811810,2.4,6.0
1671625165.992000,45.313727,6.578209,2801.017065,220.0,6.881278,2.4,6.0
1671625168.012000,45.313628,6.578116,2800.069793,217.0,4.968662,2.4,6.0
1671625177.906000,45.313559,6.578028,2799.618281,229.2,0.903656,2.4,4.6
1671625181.504000,45.313498,6.577931,2798.246347,234.9,2.176682,2.4,4.9
1671625184.997000,45.313441,6.577753,2794.138719,249.1,6.116966,2.4,6.7
1671625186.993000,45.313368,6.577634,2791.224912,214.9,5.303816,2.4,6.1
1671625189.006000,45.313293,6.577550,2788.803987,220.4,5.615036,2.4,4.5
1671625191.000000,45.313305,6.577409,2786.206937,275.3,5.580045,2.4,4.0
1671625192.994000,45.313315,6.577258,2785.779367,258.9,5.652298,2.4,4.0
1671625194.999000,45.313274,6.577100,2779.147054,242.3,6.625217,2.4,4.0
1671625196.996000,45.313173,6.577021,2779.253076,196.0,6.471297,2.4,4.0
1671625198.994000,45.313048,6.576964,2777.275944,220.1,6.948185,2.4,4.7
1671625200.991000,45.312976,6.576816,2772.843625,239.4,7.788720,2.4,5.6
1671625203.005000,45.312885,6.576641,2765.979267,218.8,8.389368,2.4,6.0
1671625205.007000,45.312775,6.576491,2761.924144,234.1,8.757018,2.4,6.0
1671625206.988000,45.312676,6.576324,2760.988342,226.3,8.587432,2.4,6.0
1671625208.993000,45.312571,6.576156,2755.714354,232.7,9.119563,2.4,6.0
1671625210.996000,45.312456,6.576010,2751.774580,227.8,7.670571,2.4,6.0
1671625212.990000,45.312394,6.575872,2745.267626,265.6,6.381056,2.4,6.0
1671625214.996000,45.312382,6.575734,2742.123398,239.8,5.279796,2.4,6.0
1671625216.997000,45.312289,6.575650,2738.388623,198.1,6.745698,2.4,6.0
1671625219.001000,45.312157,6.575570,2735.551509,203.7,5.997342,2.4,6.0
1671625220.996000,45.312057,6.575508,2732.646089,218.8,6.276404,2.4,6.0
1671625222.996000,45.311960,6.575409,2728.975674,214.7,5.048578,2.4,6.0
1671625224.994000,45.311872,6.575318,2725.897614,225.1,7.050344,2.4,6.0
1671625226.992000,45.311764,6.575202,2721.269744,200.3,6.772258,2.4,6.0
1671625228.998000,45.311626,6.575092,2716.332473,222.8,8.599132,2.4,6.0
1671625231.001000,45.311500,6.574958,2713.986272,199.2,8.612576,2.4,6.0
1671625232.998000,45.311381,6.574836,2708.073640,218.0,7.907986,2.4,6.0
1671625235.002000,45.311264,6.574752,2705.426811,194.0,6.960857,2.4,6.0
1671625236.995000,45.311132,6.574700,2702.405396,201.0,8.635936,2.4,6.0
1671625239.007000,45.310975,6.574630,2695.262368,204.9,8.554896,2.4,6.0
1671625240.989000,45.310826,6.574579,2689.649281,171.6,9.317214,2.5,6.7
1671625242.995000,45.310654,6.574623,2686.631638,165.1,9.849681,2.4,7.3
1671625243.992000,45.310564,6.574660,2682.792418,166.0,10.499367,2.5,7.7
1671625244.998000,45.310468,6.574696,2681.295821,168.8,10.261259,2.5,8.0
1671625245.994000,45.310379,6.574737,2680.555886,164.1,9.316621,2.4,8.0
1671625248.004000,45.310226,6.574848,2673.149973,161.0,9.255906,2.5,7.6
1671625249.997000,45.310068,6.574958,2671.274031,157.0,8.611872,2.4,7.0
1671625252.003000,45.309915,6.574985,2670.585029,171.2,7.846859,2.4,6.0
1671625253.992000,45.309786,6.575041,2665.857275,163.9,7.618558,2.4,6.0
1671625255.998000,45.309652,6.575098,2664.364173,162.0,7.767411,2.5,6.0
1671625258.006000,45.309500,6.575164,2661.678727,175.7,9.808745,2.4,6.0
1671625259.006000,45.309402,6.575176,2659.397752,167.1,10.555860,2.4,6.0
1671625259.997000,45.309303,6.575209,2657.179208,166.0,10.947072,2.4,6.0
1671625261.006000,45.309205,6.575244,2655.221588,172.8,11.142334,2.4,6.0
1671625262.015000,45.309107,6.575252,2653.804228,185.9,10.436663,2.4,6.0
1671625263.991000,45.308988,6.575140,2644.699878,233.9,8.540331,2.9,6.3
1671625264.998000,45.308948,6.575025,2642.830236,240.9,10.800280,2.9,6.8
1671625265.996000,45.308911,6.574880,2641.011866,258.0,11.973882,2.9,7.0
1671625266.996000,45.308903,6.574709,2639.240149,273.8,11.511950,3.0,7.3
1671625267.993000,45.308922,6.574544,2636.616339,279.1,11.062805,2.8,7.7
1671625269.005000,45.308946,6.574393,2633.218951,267.1,10.240039,2.9,8.0
1671625269.991000,45.308950,6.574249,2631.936966,267.0,10.810501,2.6,8.0
1671625271.004000,45.308952,6.574101,2628.698649,284.3,10.753525,2.9,8.0
1671625272.007000,45.308983,6.573948,2625.492868,287.8,12.903861,2.8,8.0
1671625272.995000,45.309025,6.573771,2623.034230,288.0,15.041811,2.9,8.0
1671625274.003000,45.309069,6.573571,2617.648114,285.0,15.992527,2.5,8.0
1671625275.000000,45.309110,6.573361,2614.295283,287.9,16.572199,2.6,8.0
1671625275.994000,45.309158,6.573158,2608.985642,288.0,15.829691,2.8,8.0
1671625276.990000,45.309206,6.572968,2606.334222,288.0,14.618192,2.5,8.0
1671625277.996000,45.309253,6.572799,2602.637220,291.0,13.742864,2.6,8.0
1671625279.002000,45.309302,6.572640,2601.124604,291.0,12.526121,2.4,8.0
1671625280.003000,45.309346,6.572507,2601.445702,292.0,11.071396,2.4,7.6
1671625281.001000,45.309385,6.572385,2600.444944,292.1,9.520552,2.4,7.2
1671625283.001000,45.309444,6.572177,2599.223296,289.0,8.219740,2.5,6.4
1671625285.010000,45.309502,6.571994,2599.320151,293.0,7.535573,2.4,6.0
1671625287.004000,45.309562,6.571844,2598.498733,297.0,6.432171,2.4,6.0
1671625288.987000,45.309620,6.571718,2597.865913,302.0,6.136075,2.5,6.0
1671625291.000000,45.309679,6.571566,2595.952494,299.1,7.156200,2.5,6.0
1671625293.000000,45.309762,6.571423,2590.275174,302.8,7.502635,2.6,6.0
1671625294.998000,45.309830,6.571250,2585.410082,298.5,8.192745,2.6,6.0
1671625296.995000,45.309904,6.571131,2581.077451,300.3,5.881355,2.6,6.0
1671625299.001000,45.309941,6.571012,2578.061291,303.3,5.881587,2.6,6.0
1671625301.003000,45.310015,6.570873,2573.002345,301.7,6.760146,2.6,6.4
1671625303.000000,45.310061,6.570697,2567.579108,296.2,7.049039,2.5,6.4
1671625304.995000,45.310132,6.570539,2562.798945,288.2,5.805231,2.8,6.4
1671625307.000000,45.310114,6.570408,2560.525116,262.4,5.281267,2.6,6.0
1671625309.004000,45.310114,6.570274,2558.236471,276.8,5.474380,2.4,6.0
1671625311.002000,45.310114,6.570120,2554.224030,277.0,5.627471,2.5,6.0
1671625313.003000,45.310154,6.569997,2550.238694,309.8,4.116743,2.7,6.0
1671625317.011000,45.310148,6.569784,2548.101578,256.4,5.957768,2.4,6.5
1671625320.027000,45.310162,6.569616,2544.395169,13.7,3.070370,2.4,6.8
1671625321.984000,45.310160,6.569481,2540.823518,281.4,5.069669,2.5,7.2
1671625324.429000,45.310169,6.569343,2539.499058,281.0,4.545789,2.5,8.3
1671625327.969000,45.310202,6.569218,2538.085396,252.0,1.868606,2.6,7.3
1671625330.291000,45.310171,6.569084,2535.359604,282.6,4.593482,2.6,7.7
1671625332.997000,45.310214,6.568904,2531.481226,294.1,5.257656,2.6,9.1
1671625335.818000,45.310219,6.568764,2531.128015,258.0,2.393548,2.6,10.0
1671625355.602000,45.310228,6.568787,2533.858546,-1.0,0.000000,2.5,3.6
1671625355.602000,45.310228,6.568787,2533.858546,-1.0,0.000000,2.5,3.6
1671625376.996000,45.310139,6.568844,2532.758691,132.6,1.097005,2.4,4.5
1671625385.003000,45.310034,6.568930,2529.097683,160.6,5.166454,2.5,6.4
1671625387.001000,45.309917,6.568932,2528.050131,180.2,5.515019,2.6,6.6
1671625388.996000,45.309806,6.568817,2523.095189,205.3,6.518039,2.6,6.8
1671625390.992000,45.309693,6.568724,2519.190826,216.5,6.234679,2.7,6.0
1671625392.995000,45.309611,6.568553,2515.584260,234.0,7.379578,2.4,6.0
1671625395.002000,45.309513,6.568404,2511.125659,234.3,6.830233,2.4,6.0
1671625397.005000,45.309430,6.568249,2509.717804,231.3,7.447132,2.4,6.0
1671625398.994000,45.309328,6.568109,2505.669116,227.3,7.645139,2.4,6.0
1671625401.007000,45.309263,6.567947,2500.957329,253.4,7.280533,2.4,6.8
1671625403.003000,45.309194,6.567806,2496.308018,222.3,6.564688,2.4,7.3
1671625405.001000,45.309106,6.567677,2493.009043,236.8,7.086254,2.5,7.3
1671625406.996000,45.309046,6.567517,2488.614201,249.0,6.621802,2.4,6.7
1671625409.002000,45.309054,6.567343,2483.815121,273.7,7.077367,2.5,6.0
1671625410.999000,45.309038,6.567169,2481.073550,240.2,5.659089,2.4,6.0
1671625413.003000,45.308964,6.567042,2478.472543,264.3,6.515215,2.5,6.0
1671625414.992000,45.308975,6.566862,2473.578749,273.0,7.521608,2.5,6.0
1671625417.001000,45.308964,6.566649,2467.609426,282.7,8.484902,2.6,6.8
1671625418.995000,45.308997,6.566412,2461.505038,273.1,9.953259,2.5,7.6
1671625420.994000,45.309031,6.566207,2456.430603,294.0,8.287748,2.6,8.0
1671625422.999000,45.309084,6.566008,2450.921415,272.3,8.300074,2.6,8.0
1671625425.009000,45.309108,6.565770,2449.310404,286.0,10.998858,2.4,8.0
1671625426.004000,45.309138,6.565627,2446.205891,286.9,11.513355,2.4,8.0
1671625426.992000,45.309170,6.565484,2442.943611,300.9,9.800561,2.5,8.0
1671625427.997000,45.309218,6.565375,2444.841634,312.9,9.000077,2.4,8.0
1671625430.000000,45.309346,6.565215,2442.566969,321.0,9.166656,2.4,8.0
1671625432.007000,45.309494,6.565072,2439.471723,334.8,8.968191,2.4,7.6
1671625434.003000,45.309639,6.564958,2435.900571,319.0,9.263817,2.5,6.8
1671625436.002000,45.309769,6.564792,2433.596552,316.0,9.915439,2.4,6.0
1671625437.999000,45.309885,6.564610,2428.768724,307.8,9.870714,2.4,6.0
1671625440.000000,45.310010,6.564453,2425.326388,316.1,10.103848,2.4,6.0
1671625441.000000,45.310077,6.564357,2423.985176,307.2,10.916534,2.5,6.0
1671625441.998000,45.310143,6.564238,2421.682165,311.0,11.782944,2.5,6.0
1671625443.002000,45.310215,6.564119,2419.771418,307.2,11.636415,2.5,6.0
1671625444.004000,45.310276,6.563994,2414.413331,302.1,12.293784,2.5,6.4
1671625445.002000,45.310336,6.563861,2412.163590,309.6,11.875203,2.5,6.8
1671625446.002000,45.310406,6.563748,2409.595474,315.8,11.365125,2.6,7.2
1671625446.992000,45.310476,6.563649,2405.949078,314.1,11.107103,2.7,7.3
1671625447.998000,45.310534,6.563550,2404.200158,309.2,10.258509,2.5,7.7
1671625450.008000,45.310612,6.563353,2401.402531,305.7,8.900677,2.8,8.0
1671625452.012000,45.310686,6.563203,2396.642547,301.6,7.021321,2.6,8.0
1671625454.005000,45.310747,6.563058,2394.840211,301.1,7.034549,2.4,8.0
1671625455.998000,45.310798,6.562916,2389.839096,306.6,6.298242,2.5,7.6
1671625457.993000,45.310857,6.562781,2388.913135,293.0,6.245472,2.4,7.0
1671625460.006000,45.310882,6.562612,2385.293652,294.0,6.561054,2.4,6.0
1671625462.003000,45.310950,6.562508,2381.014045,328.5,5.748556,2.4,6.0
1671625464.006000,45.311010,6.562411,2377.215197,295.1,5.242321,2.4,6.0
1671625467.002000,45.311005,6.562267,2371.086687,279.4,3.202239,2.4,6.0
1671625469.998000,45.311002,6.562118,2367.582110,285.1,5.174073,2.5,6.0
1671625472.003000,45.311010,6.561939,2363.002433,262.4,5.870511,2.5,6.0
1671625473.998000,45.311012,6.561786,2358.263992,308.7,5.488189,2.5,6.0
1671625476.553000,45.311095,6.561724,2351.523838,194.9,2.248936,2.7,9.6
1671625478.997000,45.311104,6.561576,2347.544104,308.4,5.179585,2.8,12.2
1671625480.985000,45.311190,6.561428,2343.118500,290.2,5.571536,2.6,12.3
1671625483.153000,45.311206,6.561301,2339.793275,250.9,3.402444,2.4,10.6
1671625485.999000,45.311246,6.561142,2334.203860,326.6,5.156291,2.5,10.1
1671625488.990000,45.311290,6.560973,2328.941610,264.9,4.450256,2.4,8.2
1671625492.333000,45.311351,6.560838,2322.569282,309.7,5.006571,2.5,9.0
1671625495.001000,45.311391,6.560660,2314.765313,271.0,6.272077,2.4,9.4
1671625497.001000,45.311423,6.560497,2310.874233,334.5,5.694717,2.4,8.8
1671625498.999000,45.311508,6.560397,2307.057477,270.9,5.904360,2.5,8.3
1671625500.999000,45.311504,6.560231,2302.864635,287.1,5.789222,2.5,8.0
1671625502.994000,45.311542,6.560031,2295.911319,289.8,7.487057,2.5,7.7
1671625505.003000,45.311613,6.559866,2291.974099,321.0,7.018868,2.7,7.0
1671625507.008000,45.311688,6.559699,2290.323871,285.1,8.289389,2.7,6.4
1671625509.013000,45.311754,6.559515,2283.355784,298.0,8.440585,2.6,7.2
1671625510.991000,45.311828,6.559278,2280.418750,288.7,10.209166,2.4,7.3
1671625512.016000,45.311863,6.559145,2278.482783,292.9,11.032870,2.4,7.2
1671625513.025000,45.311898,6.559003,2274.344689,286.2,11.666769,2.4,6.8
1671625513.989000,45.311932,6.558857,2273.540358,290.0,11.855154,2.4,6.7
1671625515.003000,45.311968,6.558710,2271.938674,293.9,11.638573,2.4,6.3
1671625515.994000,45.312009,6.558574,2268.591047,293.0,11.067211,2.7,6.0
1671625517.008000,45.312047,6.558444,2268.883739,293.0,10.803101,2.4,6.0
1671625518.006000,45.312088,6.558328,2267.864605,297.0,9.917407,2.4,6.0
1671625520.002000,45.312162,6.558144,2267.777483,299.0,7.124265,2.4,6.0
1671625521.995000,45.312209,6.558008,2267.862547,295.0,5.525765,2.4,6.0
1671625524.994000,45.312251,6.557859,2267.265073,293.0,4.140925,2.4,6.0
1671625528.014000,45.312300,6.557716,2267.037030,295.0,4.332344,2.5,6.0
1671625531.015000,45.312345,6.557544,2264.751986,288.1,5.297118,2.7,5.2
1671625532.994000,45.312364,6.557376,2263.097249,274.0,6.894784,2.6,4.8
1671625535.003000,45.312351,6.557161,2261.050294,261.1,8.634792,2.5,4.3
1671625537.006000,45.312310,6.556935,2257.263641,253.1,9.087067,2.8,4.0
1671625539.001000,45.312261,6.556708,2256.220573,257.4,8.847838,2.5,4.0
1671625541.004000,45.312259,6.556524,2253.506270,267.0,6.990843,2.4,4.0
1671625543.000000,45.312272,6.556354,2254.973959,282.9,6.752479,2.4,4.0
1671625545.002000,45.312295,6.556192,2250.542996,280.0,6.051290,2.7,4.0
1671625546.992000,45.312339,6.556043,2250.445063,303.0,6.765318,2.4,4.0
1671625548.993000,45.312421,6.555876,2248.085520,301.0,8.536082,2.4,4.0
1671625551.003000,45.312530,6.555755,2245.203514,335.0,8.446791,2.4,4.3
1671625552.995000,45.312685,6.555695,2242.110046,342.0,8.572933,2.4,5.0
1671625555.004000,45.312851,6.555650,2239.797740,345.0,9.288727,2.4,5.7
1671625556.999000,45.313019,6.555602,2238.410213,344.0,9.155203,2.5,6.0
1671625559.007000,45.313188,6.555544,2236.587641,344.0,9.417405,2.5,6.0
1671625561.003000,45.313356,6.555484,2233.306091,344.0,9.586981,2.6,6.0
1671625563.011000,45.313523,6.555424,2230.249162,346.0,9.419246,2.6,5.6
1671625565.001000,45.313691,6.555379,2228.541219,351.7,9.584167,2.7,4.8
1671625567.002000,45.313861,6.555370,2224.813290,359.0,9.398438,2.6,4.0
1671625569.001000,45.314026,6.555390,2223.942338,6.0,8.986478,2.4,4.0
1671625570.996000,45.314183,6.555423,2222.748691,9.0,8.468414,2.4,4.0
1671625572.989000,45.314321,6.555461,2221.472223,11.0,7.414136,2.4,4.0
1671625575.006000,45.314452,6.555503,2219.873015,11.0,7.645628,2.4,4.4
1671625576.992000,45.314584,6.555539,2218.395160,10.0,7.242323,2.4,5.0
1671625578.996000,45.314722,6.555562,2217.628112,3.3,8.350592,2.5,5.7
1671625581.003000,45.314887,6.555569,2214.660025,3.0,9.374949,2.4,6.0
1671625582.997000,45.315054,6.555572,2209.949464,357.2,8.653949,2.4,6.0
1671625584.995000,45.315209,6.555563,2207.536456,0.4,8.500911,2.4,6.0
1671625586.995000,45.315362,6.555569,2204.957635,0.0,7.996256,2.6,5.6
1671625588.998000,45.315510,6.555547,2201.500976,355.2,8.271817,2.7,5.0
1671625591.001000,45.315663,6.555504,2198.929000,345.2,8.536621,2.6,4.0
1671625593.009000,45.315801,6.555432,2197.141359,339.2,7.195559,2.5,4.0
1671625595.010000,45.315907,6.555354,2194.218279,333.0,6.464023,2.8,4.0
1671625614.997000,45.315924,6.555346,2195.050203,-1.0,0.000000,2.5,4.0
1671625614.997000,45.315924,6.555346,2195.050203,-1.0,0.000000,2.5,4.0
1671625619.008000,45.315992,6.555259,2192.459086,307.0,3.732571,2.5,4.2
1671625622.004000,45.316078,6.555088,2191.628196,304.0,6.114393,2.5,5.4
1671625623.998000,45.316149,6.554936,2189.182081,305.0,6.864959,2.8,5.2
1671625626.005000,45.316221,6.554780,2188.976911,304.0,7.074899,2.5,4.0
1671625628.014000,45.316296,6.554624,2186.281344,306.0,7.201598,2.4,4.4
1671625630.006000,45.316376,6.554478,2188.044531,308.0,7.222686,2.4,4.4
1671625631.993000,45.316456,6.554327,2186.366595,305.0,7.353944,2.4,4.3
1671625633.999000,45.316534,6.554170,2185.299909,307.0,7.688093,2.4,4.0
1671625636.003000,45.316615,6.554010,2183.694994,306.0,7.701591,2.4,4.0
1671625637.998000,45.316693,6.553838,2180.737552,308.9,7.806789,2.4,4.0
1671625640.009000,45.316783,6.553679,2178.234935,307.0,8.271094,2.4,4.0
1671625642.019000,45.316866,6.553505,2175.674914,305.0,8.778682,2.4,4.0
1671625644.007000,45.316971,6.553332,2173.756192,315.0,9.114517,2.5,4.0
1671625645.995000,45.317090,6.553193,2170.725292,324.4,8.227632,2.5,4.7
1671625648.012000,45.317214,6.553090,2166.042832,323.0,8.435185,2.6,5.6
1671625649.997000,45.317360,6.552986,2162.521118,335.0,9.264108,2.6,5.7
1671625652.006000,45.317523,6.552881,2159.092156,334.0,10.166004,2.7,5.6
1671625653.992000,45.317682,6.552778,2154.680821,335.0,9.400994,2.6,5.3
1671625656.003000,45.317824,6.552656,2154.360259,328.0,9.209531,2.4,4.8
1671625657.992000,45.317968,6.552559,2154.290649,335.0,8.787077,2.4,4.3
1671625660.006000,45.318114,6.552448,2151.358157,325.0,8.944715,2.4,4.0
1671625661.998000,45.318258,6.552309,2148.237206,327.0,9.549016,2.4,4.3
1671625664.026000,45.318403,6.552202,2143.231631,341.3,7.623374,2.4,5.2
1671625666.000000,45.318520,6.552132,2141.603539,324.1,8.478085,2.5,5.6
1671625668.002000,45.318638,6.552040,2138.424623,342.1,6.973744,2.4,5.2
1671625669.987000,45.318770,6.551984,2135.352299,336.1,9.272268,2.5,5.3
1671625671.999000,45.318937,6.551904,2132.236747,347.0,9.719526,2.4,5.6
1671625672.996000,45.319026,6.551881,2129.623978,338.0,10.097657,2.5,5.3
1671625674.990000,45.319177,6.551802,2125.308099,356.0,7.461714,2.5,4.8
1671625676.986000,45.319305,6.551787,2120.105974,344.0,8.381577,2.5,5.0
1671625678.991000,45.319431,6.551707,2119.548287,330.0,6.934971,2.6,6.0
1671625680.995000,45.319486,6.551603,2119.143097,292.8,4.850828,2.7,6.0
1671625684.992000,45.319415,6.551496,2118.177598,242.0,3.329877,2.4,5.0
1671625688.015000,45.319393,6.551295,2116.956154,251.1,6.034243,2.4,4.5
1671625689.986000,45.319341,6.551158,2113.732432,238.0,5.810275,2.4,5.0
1671625692.005000,45.319312,6.550999,2111.242967,251.3,5.593034,2.4,6.0
1671625693.994000,45.319264,6.550877,2108.729403,235.3,5.424078,2.4,6.0
1671625695.999000,45.319218,6.550734,2105.774432,246.0,6.229490,2.4,6.8
1671625698.000000,45.319162,6.550562,2102.907898,248.8,6.759109,2.4,6.8
1671625699.999000,45.319109,6.550401,2100.935403,237.5,7.369437,2.4,6.7
1671625702.003000,45.319028,6.550248,2097.892301,213.2,6.789210,2.6,6.0
1671625704.003000,45.318919,6.550170,2096.579320,218.2,6.992178,2.4,6.0
1671625705.992000,45.318805,6.550062,2091.827661,210.7,8.187819,2.6,6.0
1671625707.990000,45.318707,6.549921,2091.040563,228.4,8.756941,2.5,6.0
1671625710.006000,45.318671,6.549736,2086.493711,241.7,6.579501,2.8,6.0
1671625712.993000,45.318590,6.549624,2084.143031,232.8,4.515594,2.4,6.0
1671625718.472000,45.318568,6.549494,2082.173536,218.0,2.693838,2.4,6.6
1671625721.004000,45.318453,6.549400,2077.911675,219.9,6.211988,2.4,6.7
1671625722.998000,45.318357,6.549318,2073.157600,204.1,5.648978,2.5,6.8
1671625726.000000,45.318246,6.549186,2066.032628,222.0,6.952474,2.4,6.0
1671625727.998000,45.318164,6.549066,2059.487019,219.1,6.211689,2.4,6.8
1671625729.996000,45.318065,6.548982,2056.254622,218.5,5.707075,2.5,7.6
1671625732.003000,45.317992,6.548868,2051.488268,228.4,6.295455,2.5,8.0
1671625734.000000,45.317884,6.548737,2044.383675,226.3,7.821415,2.5,8.0
1671625735.993000,45.317819,6.548591,2037.576657,234.8,6.675471,2.8,8.0
1671625738.000000,45.317715,6.548488,2036.252493,226.8,6.223886,2.7,8.0
1671625739.989000,45.317642,6.548330,2030.000620,232.6,6.440693,2.6,8.0
1671625741.988000,45.317543,6.548215,2028.516095,223.3,5.380732,2.4,8.0
1671625743.993000,45.317463,6.548084,2023.710307,225.2,7.875507,2.4,7.3
1671625746.004000,45.317333,6.547942,2021.775895,224.6,9.587732,2.4,6.4
1671625746.983000,45.317265,6.547852,2018.958104,221.1,11.051153,2.7,6.7
1671625747.988000,45.317182,6.547762,2017.548852,215.0,11.214190,2.4,6.7
1671625749.001000,45.317089,6.547682,2014.674225,211.1,11.099650,2.4,7.2
1671625749.991000,45.316997,6.547608,2013.231738,209.1,11.377750,2.4,7.3
1671625750.999000,45.316900,6.547536,2012.173859,208.0,11.336014,2.5,7.7
1671625751.990000,45.316809,6.547468,2011.160813,208.1,10.587387,2.5,8.0
1671625752.994000,45.316716,6.547402,2009.161204,206.0,11.346463,2.4,8.0
1671625753.983000,45.316629,6.547345,2008.091804,206.0,9.269759,2.4,8.0
1671625755.999000,45.316502,6.547256,2007.695980,208.0,7.942821,2.4,7.2
1671625758.003000,45.316396,6.547176,2007.224867,211.9,7.575546,2.4,6.4
1671625760.009000,45.316291,6.547102,2005.896701,205.0,7.743429,2.5,6.0
1671625761.989000,45.316158,6.547024,2003.457765,201.0,8.494784,2.6,6.3
1671625763.989000,45.316011,6.546962,1999.653698,194.0,8.929753,2.7,6.3
1671625765.990000,45.315852,6.546909,1998.523787,196.0,9.124099,2.5,6.0
1671625768.003000,45.315681,6.546843,1994.923069,191.1,9.679029,2.8,5.6
1671625768.988000,45.315590,6.546814,1992.191354,192.5,10.447870,2.6,5.7
1671625769.993000,45.315497,6.546780,1989.662930,194.9,10.122418,2.6,6.0
1671625771.006000,45.315404,6.546748,1988.752560,186.6,10.759802,2.4,6.0
1671625771.994000,45.315306,6.546734,1986.595613,185.9,11.148083,2.4,6.0
1671625773.000000,45.315208,6.546719,1984.436813,190.8,9.612786,2.4,6.0
1671625774.992000,45.315043,6.546700,1980.072670,194.6,7.711682,2.5,6.0
1671625776.987000,45.314934,6.546641,1974.209012,194.7,6.702691,2.5,6.0
1671625779.015000,45.314827,6.546592,1973.294610,199.1,6.483216,2.4,6.0
1671625780.995000,45.314731,6.546485,1969.586115,212.7,7.714498,2.4,6.0
1671625782.999000,45.314609,6.546372,1966.803474,216.2,7.606843,2.4,6.8
1671625784.995000,45.314498,6.546230,1963.440486,222.7,9.036802,2.4,7.6
1671625786.997000,45.314407,6.546078,1958.259103,241.0,7.565224,2.4,7.3
1671625788.990000,45.314343,6.545896,1954.675052,243.8,8.048579,2.5,7.0
1671625791.000000,45.314264,6.545694,1950.401924,238.0,8.440370,2.5,6.7
1671625793.013000,45.314156,6.545524,1947.429165,232.4,7.787883,2.7,6.8
1671625794.999000,45.314080,6.545356,1945.336786,238.8,8.224633,2.5,6.3
1671625796.990000,45.314004,6.545209,1941.818173,225.0,7.576684,2.8,6.0
1671625798.993000,45.313922,6.545120,1939.730664,240.9,5.813009,2.5,6.0
1671625800.993000,45.313922,6.544982,1937.134163,275.5,7.051503,2.4,6.7
1671625802.987000,45.313905,6.544819,1930.522537,233.1,6.746824,2.5,7.3
1671625804.988000,45.313855,6.544657,1926.813528,261.2,7.720191,2.7,8.0
1671625806.993000,45.313821,6.544453,1920.220491,235.2,7.753409,2.6,8.0
1671625808.990000,45.313726,6.544291,1917.063238,216.2,8.620887,2.4,8.0
1671625810.999000,45.313579,6.544172,1912.807133,198.2,9.445602,2.4,8.0
1671625812.990000,45.313408,6.544123,1910.485856,205.9,8.538302,2.4,8.0
1671625815.000000,45.313277,6.544040,1909.066966,212.1,6.913400,2.4,7.6
1671625816.996000,45.313180,6.544006,1909.144184,197.0,3.837226,2.5,7.0
1671625821.997000,45.313092,6.543957,1908.407079,183.1,1.585466,2.7,6.0
1671625831.501000,45.313027,6.544049,1907.962043,-1.0,0.053931,2.5,5.7
1671625861.861000,45.313015,6.544176,1909.475098,-1.0,0.021998,2.4,4.6
1671625885.341000,45.313033,6.544324,1909.400523,57.5,1.731481,2.4,6.8
1671625887.739000,45.313103,6.544471,1909.159383,27.9,1.120864,2.4,9.2
1671625893.661000,45.313181,6.544542,1911.192538,360.0,0.163701,2.4,6.0
1671625897.680000,45.313261,6.544631,1913.160277,45.7,1.221420,2.5,8.0
1671625904.080000,45.313331,6.544724,1917.366747,37.7,1.371179,2.5,7.4
1671625910.862000,45.313403,6.544818,1921.069681,48.8,1.880128,2.4,5.8
1671625915.063000,45.313459,6.544929,1926.775520,52.4,2.837680,2.4,6.8
1671625918.061000,45.313522,6.545032,1931.284950,50.7,3.229896,2.4,7.0
1671625920.942000,45.313580,6.545144,1936.931582,50.0,3.619541,2.4,7.0
1671625924.016000,45.313634,6.545251,1946.682184,50.0,3.451492,2.9,5.8
1671625926.941000,45.313689,6.545354,1951.092228,55.2,3.329325,3.0,4.7
1671625929.861000,45.313756,6.545467,1957.623926,52.0,4.260825,2.7,6.3
1671625932.862000,45.313822,6.545595,1960.459757,51.8,4.058127,2.4,6.9
1671625935.860000,45.313884,6.545710,1962.377219,50.0,4.023386,2.4,7.1
1671625938.860000,45.313946,6.545832,1965.332820,52.9,3.923447,2.6,7.2
1671625941.997000,45.314012,6.545949,1963.366844,51.0,3.877340,2.4,6.3
1671625945.006000,45.314077,6.546068,1965.866084,54.0,3.832483,2.4,4.5
1671625948.000000,45.314142,6.546184,1968.120914,53.0,3.867877,2.4,4.0
1671625950.988000,45.314203,6.546299,1974.169295,51.0,3.782370,2.5,4.0
1671625953.988000,45.314266,6.546417,1976.403719,50.0,3.824413,2.5,4.0
1671625956.996000,45.314328,6.546533,1980.782789,52.0,3.782621,2.6,4.0
1671625960.009000,45.314390,6.546646,1982.203925,55.0,3.793652,2.5,7.1
1671625963.019000,45.314456,6.546762,1988.079591,50.0,3.456640,2.5,7.4
1671625965.998000,45.314522,6.546882,1991.719927,52.0,3.823801,2.4,4.9
1671625969.000000,45.314588,6.546999,1994.931341,52.0,3.757578,2.5,4.9
1671625972.006000,45.314649,6.547114,1994.756368,51.0,3.799860,2.4,5.0
1671625974.988000,45.314710,6.547229,1998.253427,53.0,3.726402,2.4,4.0
1671625977.994000,45.314773,6.547344,2001.893475,53.0,3.785268,2.4,4.0
1671625980.992000,45.314834,6.547458,2008.895080,53.0,3.719745,2.9,4.0
1671625983.999000,45.314895,6.547571,2014.201896,51.0,3.772972,3.0,4.0
1671625987.010000,45.314954,6.547683,2015.102149,49.0,3.733281,2.6,4.0
1671625989.994000,45.315014,6.547796,2023.114314,52.0,3.736501,2.5,4.0
1671625993.020000,45.315077,6.547908,2027.596566,55.0,3.728260,2.4,4.0
1671625996.004000,45.315136,6.548017,2033.860469,53.0,3.674824,2.5,4.9
1671625998.995000,45.315197,6.548130,2036.379477,51.0,3.600746,2.6,5.1
1671626001.989000,45.315254,6.548237,2038.635890,51.0,3.490243,2.4,4.9
1671626004.992000,45.315312,6.548350,2043.820081,53.0,4.135019,2.4,5.6
1671626007.989000,45.315375,6.548464,2048.105709,53.0,4.096077,2.5,5.6
1671626011.007000,45.315441,6.548581,2050.265255,54.9,3.997253,3.0,5.0
1671626013.986000,45.315507,6.548706,2051.456195,51.0,3.940604,2.9,5.2
1671626016.997000,45.315574,6.548826,2053.716952,51.0,3.974529,2.5,4.0
1671626019.984000,45.315637,6.548945,2056.091646,53.0,3.841249,2.6,4.0
1671626022.993000,45.315702,6.549064,2059.082411,52.0,3.908657,2.4,4.0
1671626026.001000,45.315764,6.549182,2061.583269,52.0,3.860551,2.5,4.0
1671626029.008000,45.315826,6.549301,2061.515542,52.0,3.941487,2.4,4.0
1671626032.006000,45.315889,6.549418,2062.920611,53.0,3.849858,2.4,4.0
1671626034.994000,45.315952,6.549535,2065.299566,53.0,3.844928,2.4,4.0
1671626037.996000,45.316015,6.549652,2071.849591,53.0,3.778104,2.9,5.7
1671626041.002000,45.316088,6.549775,2078.878298,51.0,3.925542,2.8,4.4
1671626043.996000,45.316147,6.549886,2078.726737,52.0,3.801482,2.9,4.0
1671626047.010000,45.316211,6.550002,2084.553769,52.0,3.842380,2.7,5.0
1671626049.996000,45.316274,6.550119,2092.431596,52.0,3.791079,3.0,4.9
1671626052.993000,45.316335,6.550234,2090.728231,53.0,3.848246,2.6,4.0
1671626055.996000,45.316397,6.550349,2093.370370,53.0,3.766934,2.5,4.0
1671626058.990000,45.316458,6.550463,2095.054858,52.0,3.800085,2.4,4.0
1671626062.005000,45.316520,6.550580,2095.842594,52.0,3.721729,2.4,4.0
1671626064.994000,45.316580,6.550694,2102.628415,51.0,3.831803,2.5,4.0
1671626068.000000,45.316641,6.550804,2112.554890,52.0,4.002966,2.6,4.0
1671626070.985000,45.316708,6.550924,2123.291951,52.0,3.964952,2.5,4.0
1671626073.999000,45.316773,6.551044,2126.330115,53.0,3.844126,2.5,4.0
1671626076.992000,45.316839,6.551162,2128.433357,52.0,3.810536,2.8,4.0
1671626079.994000,45.316903,6.551281,2131.136745,52.0,3.857829,2.9,4.0
1671626082.995000,45.316965,6.551395,2133.100629,53.0,3.833194,2.9,4.0
1671626085.994000,45.317030,6.551510,2133.593010,52.0,3.785119,2.9,4.0
1671626088.995000,45.317092,6.551626,2136.804129,52.0,3.781469,2.7,4.0
1671626091.994000,45.317156,6.551743,2138.819999,52.0,3.819796,2.4,4.0
1671626094.991000,45.317216,6.551856,2136.180160,52.0,3.773963,2.6,4.4
1671626098.016000,45.317281,6.551980,2151.588765,52.0,3.757899,2.4,4.3
1671626100.991000,45.317338,6.552086,2157.256500,52.0,3.737543,2.5,4.0
1671626103.995000,45.317401,6.552201,2162.427100,52.0,3.788399,2.5,4.0
1671626106.991000,45.317460,6.552313,2167.467919,52.0,3.706247,2.5,4.0
1671626110.004000,45.317522,6.552429,2170.323241,52.0,3.701940,2.6,4.0
1671626113.004000,45.317585,6.552546,2176.200867,52.0,3.617978,2.5,4.0
1671626115.993000,45.317643,6.552653,2177.903500,52.0,4.122852,2.6,4.0
1671626119.011000,45.317708,6.552778,2182.074059,52.0,3.841750,2.5,3.9
1671626121.983000,45.317771,6.552894,2185.356417,52.0,3.855083,2.4,3.8
1671626124.994000,45.317835,6.553014,2185.596002,52.0,3.863929,2.4,3.5
1671626127.985000,45.317899,6.553132,2188.070896,52.0,3.874652,2.4,2.8
1671626131.004000,45.317962,6.553249,2191.754149,52.0,3.870925,2.5,3.5
1671626133.986000,45.318025,6.553367,2196.155255,52.0,3.868667,2.4,3.6
1671626136.992000,45.318087,6.553484,2198.690803,52.0,3.865785,2.5,3.3
1671626139.997000,45.318150,6.553602,2201.450476,52.0,3.866716,2.4,2.4
1671626142.992000,45.318212,6.553719,2205.263455,52.0,3.854472,2.4,2.7
1671626146.000000,45.318278,6.553842,2206.601610,52.0,3.833430,2.4,3.5
1671626148.996000,45.318335,6.553951,2209.477306,52.0,3.843691,2.4,3.3
1671626151.985000,45.318398,6.554067,2211.859309,53.0,3.853295,2.4,3.8
1671626154.994000,45.318452,6.554169,2214.414747,52.0,3.853001,2.4,3.9
1671626158.000000,45.318521,6.554299,2217.837245,52.0,3.853760,2.5,3.9
1671626160.997000,45.318586,6.554417,2220.248195,52.0,3.857297,2.4,3.9
1671626163.993000,45.318648,6.554536,2224.073800,52.0,3.853637,2.5,3.9
1671626167.989000,45.318723,6.554678,2228.546609,52.0,3.754526,2.5,3.1
1671626170.997000,45.318783,6.554787,2235.799104,52.0,3.673275,2.5,3.6
1671626174.002000,45.318839,6.554891,2240.307742,52.0,3.604411,2.4,3.8
1671626177.003000,45.318895,6.554992,2247.122597,52.0,3.548076,2.4,3.5
1671626181.002000,45.318966,6.555124,2256.604062,52.0,3.480671,2.4,3.9
1671626184.002000,45.319023,6.555228,2261.920516,52.0,3.444407,2.4,3.1
1671626188.007000,45.319095,6.555364,2272.077764,52.0,3.403951,2.4,2.8
1671626191.009000,45.319149,6.555466,2279.066701,52.0,3.379191,2.5,3.5
1671626195.006000,45.319215,6.555586,2290.278941,52.0,3.340870,2.5,3.6
1671626197.992000,45.319286,6.555716,2294.507126,52.0,3.435697,2.4,3.9
1671626201.009000,45.319349,6.555830,2297.811222,52.0,3.529808,2.4,3.9
1671626204.009000,45.319410,6.555947,2301.075088,52.0,3.596850,2.4,3.3
1671626206.998000,45.319474,6.556060,2304.319052,52.0,3.639149,2.4,3.3
1671626209.994000,45.319537,6.556176,2308.818883,53.0,3.671434,2.4,3.6
1671626212.991000,45.319598,6.556290,2311.697549,52.0,3.687788,2.4,3.3
1671626215.992000,45.319661,6.556403,2315.890860,52.0,3.702367,2.4,3.6
1671626218.996000,45.319724,6.556515,2321.483332,52.0,3.700742,2.4,3.6
1671626221.997000,45.319786,6.556628,2325.719883,52.0,3.699104,2.4,2.9
1671626224.991000,45.319849,6.556738,2332.117269,53.0,3.674825,2.5,3.1
1671626227.992000,45.319914,6.556865,2334.441067,52.0,3.696102,2.4,3.8
1671626230.995000,45.319972,6.556975,2338.888299,52.0,3.723300,2.4,3.3
1671626233.996000,45.320035,6.557095,2340.738149,52.0,3.741537,2.4,3.4
1671626236.997000,45.320103,6.557221,2345.337403,52.0,3.744814,2.4,3.9
1671626240.999000,45.320176,6.557359,2349.448051,52.0,3.753236,2.4,3.5
1671626244.003000,45.320238,6.557475,2354.407885,52.0,3.752416,2.4,3.9
1671626247.019000,45.320304,6.557599,2358.795002,52.0,3.752121,2.4,3.9
1671626250.994000,45.320378,6.557734,2365.078450,51.0,3.743791,2.4,3.9
1671626253.990000,45.320440,6.557847,2369.242553,52.0,3.730739,2.6,3.9
1671626256.996000,45.320504,6.557970,2371.615327,52.0,3.756505,2.4,3.3
1671626259.984000,45.320563,6.558081,2375.646702,52.0,3.780323,2.4,3.2
1671626262.989000,45.320625,6.558197,2377.612134,52.0,3.794410,2.5,3.9
1671626265.982000,45.320686,6.558313,2381.085720,52.0,3.804710,2.4,3.3
1671626268.991000,45.320748,6.558429,2383.319474,52.0,3.803911,2.4,3.0
1671626271.987000,45.320808,6.558543,2385.177591,52.0,3.804646,2.4,3.6
1671626275.010000,45.320870,6.558660,2389.023047,52.0,3.803831,2.5,3.3
1671626278.009000,45.320933,6.558776,2395.080000,52.0,3.801329,2.4,2.8
1671626281.002000,45.320995,6.558890,2399.342987,52.0,3.791440,2.5,3.0
1671626283.999000,45.321056,6.559003,2403.424755,52.0,3.751762,2.5,3.1
1671626286.990000,45.321121,6.559120,2406.720872,52.0,3.749466,2.4,3.5
1671626289.989000,45.321184,6.559234,2410.810718,52.0,3.750767,2.4,3.9
1671626292.998000,45.321245,6.559348,2414.532421,52.0,3.742897,2.5,3.6
1671626295.995000,45.321299,6.559451,2420.159923,53.0,3.738606,2.4,2.7
1671626299.000000,45.321366,6.559580,2422.392831,51.0,3.731077,2.4,2.6
1671626301.993000,45.321429,6.559696,2425.906747,51.0,3.712319,2.4,3.2
1671626304.995000,45.321492,6.559804,2432.482464,51.0,3.699962,2.4,3.6
1671626307.989000,45.321552,6.559914,2436.850343,52.0,3.695854,2.5,3.8
1671626311.024000,45.321610,6.560022,2442.219594,52.0,3.694986,2.4,3.1
1671626314.008000,45.321676,6.560143,2446.589012,51.0,3.733117,2.4,2.8
1671626317.024000,45.321739,6.560258,2448.520817,52.0,3.749374,2.4,3.5
1671626319.999000,45.321800,6.560373,2452.963274,53.0,3.761696,2.4,3.9
1671626323.001000,45.321863,6.560487,2456.818416,52.0,3.767488,2.4,3.9
1671626325.994000,45.321925,6.560603,2460.841149,52.0,3.772045,2.4,3.9
1671626329.002000,45.321988,6.560717,2462.587027,52.7,3.769834,2.4,3.4
1671626331.992000,45.322046,6.560821,2467.168456,52.0,3.779231,2.4,3.6
1671626334.997000,45.322111,6.560943,2471.112777,52.0,3.804309,2.5,3.8
1671626337.992000,45.322171,6.561062,2473.806005,52.0,3.826963,2.4,3.9
1671626340.984000,45.322236,6.561184,2477.706063,52.0,3.840597,2.4,3.6
1671626343.990000,45.322300,6.561300,2478.875396,52.0,3.855324,2.5,3.6
1671626346.993000,45.322353,6.561405,2482.562898,52.0,3.860559,2.4,3.5
1671626349.992000,45.322422,6.561532,2483.330633,52.0,3.828733,2.5,3.4
1671626352.996000,45.322485,6.561648,2489.423183,52.0,3.791499,2.4,3.6
1671626355.998000,45.322545,6.561758,2493.426391,52.0,3.750235,2.4,3.7
1671626359.000000,45.322605,6.561869,2497.095728,52.0,3.722389,2.4,3.9
1671626361.993000,45.322665,6.561978,2504.127550,52.0,3.696997,2.4,3.8
1671626364.994000,45.322728,6.562088,2509.961217,52.0,3.677535,2.4,3.6
1671626367.996000,45.322788,6.562196,2515.108737,52.0,3.657755,2.4,3.7
1671626370.996000,45.322848,6.562305,2521.462742,52.1,3.641722,2.5,3.3
1671626373.994000,45.322908,6.562413,2525.585489,52.0,3.624413,2.4,3.1
1671626376.993000,45.322970,6.562520,2532.196324,53.0,3.611133,2.4,3.6
1671626380.007000,45.323038,6.562644,2536.912951,53.0,3.598000,2.4,3.9
1671626383.987000,45.323105,6.562776,2544.608385,52.0,3.587614,2.4,3.6
1671626386.989000,45.323162,6.562887,2549.274475,52.1,3.565455,2.4,3.9
1671626389.999000,45.323227,6.563012,2553.162183,52.0,3.613481,2.4,3.9
1671626392.989000,45.323282,6.563114,2557.493201,51.0,3.664071,2.4,3.1
1671626395.992000,45.323346,6.563236,2562.282574,52.0,3.703944,2.5,2.7
1671626398.991000,45.323403,6.563345,2565.409779,53.0,3.729425,2.4,2.5
1671626401.989000,45.323465,6.563461,2569.060967,52.0,3.749259,2.5,3.2
1671626405.003000,45.323530,6.563583,2571.851400,52.0,3.756512,2.4,3.6
1671626407.993000,45.323587,6.563691,2574.893289,52.0,3.762795,2.5,3.6
1671626410.991000,45.323650,6.563808,2580.864602,52.0,3.764617,2.4,3.2
1671626413.994000,45.323711,6.563920,2584.127157,52.0,3.764662,2.4,3.4
1671626416.996000,45.323773,6.564033,2587.288863,51.0,3.749354,2.4,3.6
1671626420.008000,45.323830,6.564140,2591.921512,54.0,3.710719,2.4,2.7
1671626422.995000,45.323886,6.564247,2595.845376,52.0,3.699139,2.4,3.1
1671626425.992000,45.323953,6.564377,2597.483459,51.0,3.749476,2.4,3.7
1671626428.990000,45.324015,6.564487,2601.158963,55.0,3.773519,2.4,4.0
1671626431.992000,45.324070,6.564594,2600.497486,56.0,3.676121,2.5,4.0
1671626434.997000,45.324129,6.564721,2602.114479,53.0,3.668901,2.4,4.6
1671626437.999000,45.324191,6.564839,2600.284168,50.0,3.645365,2.5,5.7
1671626443.993000,45.324239,6.564956,2602.664805,48.9,2.817546,2.4,6.0
1671626446.990000,45.324308,6.565060,2599.602146,44.0,2.961412,2.4,6.0
1671626449.995000,45.324403,6.565170,2599.386703,34.0,3.168499,2.4,5.4
1671626453.998000,45.324498,6.565246,2600.360070,30.0,3.050141,2.4,4.0
1671626457.997000,45.324590,6.565325,2600.973010,35.0,2.982752,2.5,3.9
1671626460.996000,45.324690,6.565392,2598.824228,15.0,3.325601,2.4,3.9
1671626464.003000,45.324832,6.565431,2594.795931,16.8,5.438838,2.4,3.9
1671626465.992000,45.324946,6.565480,2590.841408,17.1,7.624653,2.4,4.4
1671626467.994000,45.325099,6.565489,2586.557191,343.9,8.106344,2.5,5.1
1671626469.993000,45.325264,6.565397,2584.968075,338.1,9.299881,2.4,6.0
1671626470.994000,45.325344,6.565338,2582.339944,333.1,7.408834,2.5,6.0
1671626472.993000,45.325459,6.565249,2581.330019,339.0,8.124471,2.4,6.0
1671626474.999000,45.325629,6.565137,2577.901599,335.0,10.994864,2.4,6.0
1671626475.991000,45.325723,6.565074,2574.316471,335.0,10.209222,2.4,6.0
1671626478.011000,45.325869,6.564977,2572.020271,334.9,6.924747,2.4,6.0
1671626480.015000,45.325995,6.564895,2571.164401,335.5,9.631250,2.4,6.0
1671626481.006000,45.326086,6.564837,2570.464551,337.2,11.584966,2.4,6.0
1671626481.996000,45.326188,6.564779,2570.105037,337.0,11.698850,2.4,6.0
1671626483.006000,45.326289,6.564720,2568.034832,335.1,11.303701,2.4,6.0
1671626483.993000,45.326379,6.564662,2565.617906,335.0,9.924909,2.4,6.0
1671626485.989000,45.326542,6.564562,2565.072457,335.8,11.652419,2.5,6.0
1671626486.997000,45.326643,6.564499,2562.592588,335.5,12.206378,2.4,6.4
1671626487.996000,45.326748,6.564433,2561.282670,335.9,12.054328,2.4,6.3
1671626489.000000,45.326845,6.564372,2557.942482,334.8,10.979021,2.4,6.4
1671626489.994000,45.326932,6.564316,2557.160299,334.8,10.845860,2.4,6.3
1671626490.994000,45.327020,6.564254,2557.269609,330.7,11.452403,2.4,6.4
1671626491.994000,45.327111,6.564178,2553.757180,324.7,11.942197,2.4,6.3
1671626493.005000,45.327198,6.564082,2550.697073,321.6,11.744967,2.4,6.0
1671626493.988000,45.327273,6.563978,2551.179044,315.7,11.498562,2.4,6.0
1671626494.993000,45.327348,6.563876,2547.853019,319.8,11.386084,2.4,6.0
1671626495.997000,45.327430,6.563791,2547.088244,327.3,11.244666,2.5,6.0
1671626497.003000,45.327517,6.563715,2548.042908,329.8,11.451577,2.4,6.0
1671626497.993000,45.327607,6.563641,2545.658553,328.3,11.670878,2.4,6.0
1671626498.987000,45.327696,6.563559,2543.937953,325.6,11.894235,2.4,6.0
1671626499.997000,45.327788,6.563471,2540.327387,326.9,12.103125,2.4,6.0
1671626500.989000,45.327881,6.563390,2540.328069,329.6,12.218414,2.4,6.0
1671626501.985000,45.327977,6.563319,2537.638252,333.4,11.602636,2.4,6.0
1671626502.997000,45.328071,6.563256,2535.508380,332.4,11.423283,2.4,6.0
1671626503.991000,45.328161,6.563190,2534.051298,330.7,11.251990,2.4,6.0
1671626504.988000,45.328248,6.563121,2532.278819,331.0,11.065698,2.4,6.0
1671626506.007000,45.328337,6.563054,2531.199189,330.9,10.906958,2.4,6.0
1671626506.993000,45.328420,6.562985,2531.309230,330.0,10.839692,2.4,6.0
1671626508.011000,45.328502,6.562909,2529.659118,326.3,10.613731,2.4,6.0
1671626509.984000,45.328657,6.562806,2528.110737,336.8,9.690802,2.4,6.0
1671626511.993000,45.328806,6.562679,2525.684713,314.7,10.497293,2.4,6.0
1671626512.994000,45.328873,6.562576,2523.852525,317.9,11.076703,2.4,6.0
1671626513.997000,45.328950,6.562478,2522.010267,322.1,11.941816,2.4,6.0
1671626514.993000,45.329034,6.562385,2519.529507,323.1,12.186425,2.5,6.4
1671626515.986000,45.329119,6.562284,2514.906094,310.4,12.714278,2.4,6.7
1671626516.996000,45.329190,6.562160,2510.340451,287.9,11.857932,2.4,7.2
1671626517.983000,45.329212,6.562014,2506.272418,261.5,12.240972,2.5,8.0
1671626518.997000,45.329178,6.561854,2502.329454,236.2,12.526737,2.4,9.6
1671626519.995000,45.329097,6.561723,2500.055254,223.5,12.601392,2.4,10.4
1671626520.974000,45.329012,6.561603,2497.590941,220.7,12.749158,2.4,10.7
1671626521.993000,45.328921,6.561485,2495.846876,227.2,12.319900,2.4,11.3
1671626522.995000,45.328839,6.561362,2495.271467,227.1,12.118951,2.4,12.0
1671626524.001000,45.328758,6.561239,2492.489748,227.5,12.094091,2.4,12.0
1671626524.982000,45.328681,6.561108,2488.333254,232.0,12.482310,2.5,12.0
1671626525.993000,45.328620,6.560943,2489.719112,247.5,13.470339,2.4,12.0
1671626526.995000,45.328565,6.560768,2486.062033,247.3,13.693619,2.4,12.0
1671626527.989000,45.328496,6.560599,2481.883901,234.9,14.131190,2.5,12.0
1671626528.988000,45.328415,6.560438,2477.387263,235.0,14.136885,2.4,12.0
1671626529.988000,45.328330,6.560269,2476.704779,238.6,14.808996,2.4,12.0
1671626530.994000,45.328239,6.560080,2471.988961,232.4,13.774794,2.4,12.0
1671626532.002000,45.328134,6.559920,2467.273752,214.9,13.696323,2.4,12.0
1671626532.981000,45.328021,6.559796,2462.059249,218.9,14.049555,2.5,12.0
1671626533.989000,45.327904,6.559670,2459.822101,218.7,13.920157,2.4,11.2
1671626534.994000,45.327794,6.559574,2456.885083,203.6,12.415786,2.5,10.4
1671626535.988000,45.327695,6.559512,2453.133109,205.4,10.434763,2.5,10.0
1671626536.989000,45.327614,6.559446,2450.638340,224.5,8.425797,2.6,9.3
1671626538.993000,45.327525,6.559297,2447.595936,235.6,6.482975,2.5,8.0
1671626556.999000,45.327387,6.559249,2443.941135,213.8,7.728841,2.7,4.8
1671626557.995000,45.327292,6.559153,2441.432763,223.5,9.774678,2.4,4.7
1671626559.013000,45.327207,6.559043,2437.891898,219.2,10.446966,2.5,4.6
1671626559.994000,45.327130,6.558945,2436.811768,223.0,10.855845,2.4,4.8
1671626560.994000,45.327054,6.558841,2434.432303,241.5,10.884428,2.5,5.1
1671626561.998000,45.327010,6.558714,2432.047758,263.3,10.882485,3.0,5.0
1671626563.006000,45.327016,6.558580,2427.757155,286.0,9.454760,2.6,5.6
1671626564.988000,45.327045,6.558352,2424.042231,250.4,9.511271,2.6,6.7
1671626566.995000,45.327003,6.558105,2416.415843,275.4,11.038858,2.8,7.3
1671626568.008000,45.327016,6.557962,2411.172792,275.0,12.650767,2.8,8.0
1671626568.981000,45.327026,6.557800,2407.037941,273.7,12.973337,2.9,8.0
1671626570.000000,45.327027,6.557630,2406.383254,271.8,12.971465,2.5,8.8
1671626570.987000,45.327027,6.557461,2404.103214,273.9,13.472668,2.5,8.7
1671626572.001000,45.327030,6.557283,2398.187357,269.4,13.662183,3.1,8.8
1671626572.991000,45.327021,6.557102,2394.351129,264.7,13.501975,3.0,8.7
1671626573.997000,45.326990,6.556926,2390.637066,261.5,13.715788,2.7,8.8
1671626574.996000,45.326958,6.556746,2387.671291,261.6,14.411353,2.8,8.7
1671626575.994000,45.326932,6.556565,2383.861391,261.0,14.045690,3.0,8.0
1671626576.986000,45.326910,6.556405,2382.234589,256.9,12.534414,2.7,8.0
1671626577.989000,45.326877,6.556263,2378.797894,248.3,11.301282,2.7,8.0
1671626578.997000,45.326843,6.556134,2377.062990,248.4,11.234320,2.7,8.0
1671626580.995000,45.326827,6.555931,2371.213470,290.6,6.573464,2.5,8.0
1671626583.029000,45.326876,6.555760,2368.650297,262.5,6.289775,2.4,7.6
1671626585.005000,45.326839,6.555628,2365.311932,229.4,5.812590,2.6,6.8
1671626587.017000,45.326786,6.555477,2362.547853,272.8,7.548142,2.5,6.8
1671626588.993000,45.326780,6.555261,2357.861891,253.6,8.449472,2.5,7.6
1671626590.994000,45.326728,6.555010,2351.999816,263.9,10.975127,3.0,8.0
1671626591.988000,45.326713,6.554861,2349.420067,257.0,10.334196,2.6,8.0
1671626593.004000,45.326691,6.554729,2345.973244,256.1,10.101486,3.0,8.0
1671626593.995000,45.326660,6.554608,2344.048278,256.3,8.867724,2.7,8.0
1671626596.011000,45.326632,6.554380,2340.389853,263.9,8.643499,2.6,8.0
1671626597.994000,45.326588,6.554191,2337.780214,232.1,7.500382,2.5,8.0
1671626599.996000,45.326456,6.554072,2332.036980,231.8,8.275396,2.5,8.0
1671626601.989000,45.326381,6.553908,2329.405184,260.4,9.130139,2.4,7.7
1671626604.012000,45.326333,6.553714,2327.007422,224.3,7.518134,2.6,6.8
1671626605.995000,45.326260,6.553567,2324.235381,249.9,6.445654,2.5,6.3
1671626608.993000,45.326193,6.553479,2321.284331,192.8,5.658754,2.5,6.0
1671626610.994000,45.326056,6.553429,2320.088326,217.2,6.760149,2.6,6.0
1671626613.004000,45.325966,6.553344,2314.052843,190.2,5.016579,2.5,6.0
1671626614.994000,45.325859,6.553299,2312.116914,218.3,6.459113,2.7,6.0
1671626616.996000,45.325748,6.553240,2308.489848,185.0,6.584916,2.4,6.0
1671626619.000000,45.325631,6.553199,2305.903804,219.4,6.795577,2.7,6.0
1671626620.991000,45.325547,6.553118,2300.828518,188.3,6.011698,2.6,6.0
1671626622.994000,45.325454,6.553076,2297.581500,216.9,6.489855,2.6,6.0
1671626624.985000,45.325356,6.552987,2292.830739,191.2,6.995684,2.6,6.0
1671626627.012000,45.325232,6.552939,2289.100038,232.4,6.073974,2.8,6.8
1671626628.993000,45.325138,6.552823,2285.656002,197.2,6.109930,2.6,7.6
1671626630.994000,45.325036,6.552772,2281.510522,212.1,5.708299,2.7,8.0
1671626632.988000,45.324944,6.552644,2274.982184,210.3,7.697622,2.7,8.0
1671626634.995000,45.324801,6.552568,2270.727730,193.5,8.968221,2.5,8.0
1671626636.987000,45.324640,6.552469,2268.491940,216.5,9.587304,2.6,8.0
1671626639.005000,45.324496,6.552358,2264.782230,192.1,9.302197,3.0,7.2
1671626641.004000,45.324346,6.552298,2258.860572,213.8,7.864199,2.4,6.4
1671626642.998000,45.324224,6.552215,2256.709051,191.5,7.753847,2.6,6.0
1671626644.988000,45.324099,6.552151,2253.882153,240.5,7.431231,2.7,6.0
1671626646.991000,45.324016,6.552002,2250.346361,205.4,7.158598,2.6,6.0
1671626648.989000,45.323891,6.551920,2246.324138,210.6,8.018539,2.7,6.0
1671626650.982000,45.323740,6.551823,2239.571834,197.0,9.242082,2.6,6.0
1671626652.994000,45.323598,6.551716,2234.835812,215.1,8.471877,2.7,6.0
1671626654.981000,45.323463,6.551618,2231.872811,194.3,9.463077,2.6,6.7
1671626656.982000,45.323314,6.551556,2224.057413,202.0,8.291853,2.7,7.6
1671626658.987000,45.323170,6.551540,2221.304150,191.4,8.092060,2.8,8.0
1671626660.989000,45.323045,6.551485,2215.329488,206.0,7.019756,2.5,8.0
1671626662.993000,45.322914,6.551461,2211.293769,181.4,8.097489,2.7,8.0
1671626664.988000,45.322774,6.551412,2205.745113,189.6,8.169013,2.6,8.0
1671626666.999000,45.322623,6.551417,2200.911854,178.1,7.857753,2.6,8.0
1671626668.986000,45.322453,6.551414,2195.827328,184.3,8.645957,2.6,8.0
1671626670.989000,45.322276,6.551411,2192.493072,207.7,8.196027,2.5,8.0
1671626672.992000,45.322110,6.551335,2187.079497,179.0,9.170963,2.6,8.0
1671626675.007000,45.321932,6.551367,2184.843676,187.4,9.778247,2.7,8.0
1671626675.995000,45.321838,6.551352,2181.995013,191.6,10.894629,2.7,8.0
1671626676.991000,45.321733,6.551326,2178.494738,181.2,12.134584,2.5,8.0
1671626677.988000,45.321613,6.551324,2176.966678,180.1,11.179179,2.7,8.0
1671626678.986000,45.321508,6.551326,2174.223586,180.0,10.714974,2.6,8.0
1671626679.986000,45.321414,6.551336,2173.445591,179.0,10.016779,2.6,8.0
1671626681.993000,45.321279,6.551374,2173.200843,185.7,6.517277,2.6,8.0
1671626683.991000,45.321193,6.551286,2169.254503,215.2,7.097421,2.6,8.0
1671626686.001000,45.321112,6.551226,2166.601796,173.0,4.485341,2.7,8.0
1671626688.994000,45.321023,6.551304,2162.823637,173.4,4.341537,2.7,8.0
1671626691.995000,45.320922,6.551207,2159.271464,261.2,4.986999,2.5,7.2
1671626695.360000,45.320883,6.551044,2155.914334,213.8,5.102261,2.6,8.0
1671626697.739000,45.320791,6.550969,2152.069445,235.4,3.913951,2.6,10.0
1671626699.997000,45.320707,6.550838,2146.686643,264.9,5.775329,2.5,9.1
1671626702.000000,45.320708,6.550669,2140.901493,259.5,6.552680,2.6,8.1
1671626703.999000,45.320682,6.550467,2137.534054,280.2,7.071442,2.7,6.0
1671626705.990000,45.320738,6.550295,2133.471687,285.2,6.231093,2.6,6.0
1671626707.997000,45.320725,6.550104,2131.205879,255.9,8.426556,2.6,6.0
1671626710.001000,45.320724,6.549916,2125.826617,285.8,6.472444,2.6,6.0
1671626711.999000,45.320753,6.549758,2122.115925,260.0,5.827362,2.5,6.0
1671626714.000000,45.320713,6.549602,2119.713273,280.9,6.577378,2.7,6.8
1671626716.015000,45.320748,6.549443,2113.358493,279.9,5.343929,2.7,7.6
1671626717.987000,45.320739,6.549288,2109.309217,253.6,5.920025,2.8,8.0
1671626719.987000,45.320708,6.549111,2105.524673,291.1,6.953319,2.5,8.0
1671626722.011000,45.320738,6.548934,2099.891438,252.5,7.488337,2.6,8.0
1671626723.993000,45.320708,6.548740,2095.084425,285.6,7.765462,2.6,8.0
1671626725.987000,45.320752,6.548529,2087.826042,290.0,7.477108,2.6,8.0
1671626727.990000,45.320808,6.548336,2083.252374,284.1,9.392536,2.6,7.7
1671626728.994000,45.320832,6.548207,2080.747319,291.9,10.710334,2.5,7.2
1671626729.987000,45.320869,6.548074,2077.894348,281.7,10.711203,2.6,7.3
1671626730.987000,45.320886,6.547932,2076.024901,266.9,10.543513,2.6,7.3
1671626731.995000,45.320880,6.547790,2075.022366,278.5,10.296063,2.7,7.3
1671626732.990000,45.320897,6.547652,2073.810834,286.1,10.902211,2.7,7.3
1671626733.989000,45.320922,6.547514,2073.360928,278.8,10.183733,2.7,7.7
1671626734.997000,45.320934,6.547385,2071.497989,282.8,9.490034,2.7,8.0
1671626736.993000,45.320976,6.547152,2067.335158,299.2,10.408771,2.5,8.0
1671626737.993000,45.321022,6.547039,2063.833645,287.1,9.348892,2.6,7.6
1671626739.993000,45.321083,6.546862,2060.379318,314.8,6.937532,2.6,7.0
1671626742.001000,45.321150,6.546735,2057.219529,284.9,4.405133,2.8,6.0
1671626744.992000,45.321154,6.546562,2050.780604,309.0,5.559689,2.8,6.0
1671626747.992000,45.321198,6.546396,2042.439700,281.7,4.271844,2.5,7.1
1671626751.009000,45.321254,6.546258,2036.450541,286.8,4.966859,2.6,8.2
1671626752.991000,45.321259,6.546123,2032.597470,268.9,4.976606,2.6,8.2
1671626754.990000,45.321288,6.545978,2027.466761,312.5,5.094779,2.8,7.6
1671626756.994000,45.321346,6.545868,2023.024850,280.0,3.777237,2.6,6.9
1671626759.599000,45.321306,6.545743,2019.500484,226.0,5.296558,2.6,7.8
1671626760.984000,45.321247,6.545616,2017.550908,237.0,6.370230,2.7,8.0
1671626763.005000,45.321183,6.545476,2014.523361,235.7,5.016488,2.6,8.8
1671626764.996000,45.321132,6.545340,2012.476885,240.3,5.313553,2.7,9.1
1671626766.999000,45.321076,6.545205,2010.892050,244.6,5.503189,2.6,9.4
1671626771.480000,45.321051,6.545072,2011.022162,235.1,1.023923,2.8,9.9
1671626779.639000,45.320995,6.544936,2009.124570,247.6,2.819995,2.7,6.7
1671626782.595000,45.320950,6.544803,2006.128198,250.5,3.531504,2.9,7.7
1671626785.398000,45.320902,6.544661,2002.776086,243.1,4.435174,2.9,8.0
1671626788.338000,45.320854,6.544523,1999.458894,249.4,3.740869,2.9,9.9
1671626791.282000,45.320810,6.544390,1997.855109,242.0,4.152347,3.0,10.3
1671626793.677000,45.320761,6.544262,1995.608528,243.1,3.843754,3.0,10.3
1671626798.338000,45.320712,6.544137,1993.326742,241.4,2.436224,2.9,10.3
1671626802.160000,45.320662,6.544028,1992.087276,240.6,3.276590,3.2,10.6
1671626805.717000,45.320606,6.543902,1990.274126,232.9,3.457744,2.6,10.5
1671626824.337000,45.320555,6.543786,1985.375322,250.2,1.449886,2.6,3.9
1671626827.954000,45.320476,6.543677,1986.487186,221.5,3.119712,2.8,6.2
1671626829.986000,45.320382,6.543562,1981.861326,221.2,5.857161,2.8,6.4
1671626832.151000,45.320333,6.543454,1981.768662,244.1,4.134575,2.8,7.1
1671626833.991000,45.320439,6.543418,1980.500542,337.9,6.097409,2.5,9.2
1671626835.983000,45.320591,6.543378,1976.286668,338.1,7.152493,2.5,9.8
1671626837.989000,45.320734,6.543320,1972.531099,336.6,7.190310,3.3,8.8
1671626840.003000,45.320836,6.543226,1969.735020,320.4,5.966587,3.5,6.4
1671626841.994000,45.320884,6.543090,1967.559460,284.8,6.316844,2.8,6.8
1671626843.996000,45.320914,6.542948,1965.553258,298.3,5.466186,3.4,7.6
1671626851.670000,45.320963,6.542829,1965.944270,333.5,1.195290,2.6,9.2
1671626931.506000,45.321032,6.542748,1965.713512,-1.0,0.021286,2.6,3.7
1671626963.097000,45.321029,6.542877,1965.022421,97.6,0.869638,2.5,5.0
1671626986.701000,45.320964,6.542787,1967.249676,247.6,1.429798,2.9,3.7
1671626989.100000,45.320918,6.542669,1967.570336,296.9,3.139080,2.7,5.2
1671626992.100000,45.320955,6.542539,1963.426483,268.4,3.985244,2.7,7.4
1671626994.499000,45.320930,6.542399,1964.780062,268.8,5.223701,2.5,8.7
1671626995.986000,45.320950,6.542263,1961.394864,318.5,6.515145,2.6,8.5
1671626997.990000,45.321042,6.542190,1959.954792,358.7,5.429748,2.6,8.9
1671626999.987000,45.321161,6.542209,1955.620599,352.0,6.178650,2.9,7.7
1671627001.987000,45.321287,6.542186,1957.359670,343.6,6.175605,2.5,8.0
1671627003.981000,45.321389,6.542122,1953.335084,313.7,7.007354,2.8,7.3
1671627005.989000,45.321491,6.541993,1949.503200,327.0,6.436648,2.5,7.6
1671627007.986000,45.321591,6.541852,1947.418189,305.0,7.922166,2.7,6.8
1671627009.989000,45.321672,6.541684,1943.646220,297.9,7.065667,2.8,6.7
1671627011.995000,45.321728,6.541502,1938.769206,314.9,6.382733,2.5,7.2
1671627013.992000,45.321796,6.541377,1933.779204,290.5,7.847126,2.8,7.3
1671627015.992000,45.321852,6.541219,1928.380545,313.3,6.249174,2.6,7.0
1671627017.988000,45.321927,6.541068,1926.316585,293.6,7.377984,2.8,6.7
1671627020.002000,45.321995,6.540888,1921.134766,320.0,6.994375,2.8,6.8
1671627021.986000,45.322084,6.540748,1916.319836,279.2,7.056286,2.6,7.0
1671627023.988000,45.322100,6.540572,1915.187749,322.3,6.673963,2.6,7.3
1671627025.982000,45.322192,6.540454,1910.785435,298.1,5.876833,2.5,7.3
1671627028.002000,45.322202,6.540307,1909.774679,257.7,3.531991,2.7,6.8
1671627030.994000,45.322205,6.540132,1909.325960,303.7,5.022787,2.5,6.0
1671627032.984000,45.322284,6.540016,1905.468306,313.0,3.791206,2.7,6.0
1671627037.865000,45.322216,6.539888,1902.300049,201.9,3.079752,8.5,8.8
1671627044.944000,45.322128,6.539835,1898.218844,161.3,1.032145,3.2,9.0
1671627049.064000,45.322028,6.539816,1898.370046,187.0,2.532309,3.7,7.3
1671627054.224000,45.321941,6.539776,1899.046612,177.2,0.841760,10.2,6.7
1671627059.504000,45.321824,6.539734,1898.109649,194.0,3.030344,8.2,6.4
1671627061.745000,45.321722,6.539679,1896.476540,205.3,4.247427,6.8,7.6
1671627064.506000,45.321661,6.539545,1894.866271,253.6,3.501197,11.8,7.6
1671627067.505000,45.321780,6.539515,1895.087642,340.5,3.857068,4.6,10.8
1671627069.904000,45.321895,6.539563,1891.436086,353.6,4.073681,4.8,11.3
1671627072.305000,45.321993,6.539567,1891.014862,353.2,3.448386,4.0,9.9
1671627082.862000,45.322084,6.539566,1889.159080,49.5,1.946382,5.4,4.9
1671627085.742000,45.322184,6.539477,1888.601039,302.8,1.310878,4.8,10.0
1671627154.289000,45.322149,6.539356,1884.431262,203.1,0.723257,3.5,128.9
1671627159.320000,45.322041,6.539274,1886.948411,207.7,1.487200,4.5,110.0
1671627163.048000,45.321837,6.539077,1889.250788,212.8,2.839052,5.2,113.7
1671627168.070000,45.321729,6.538962,1889.781487,214.1,2.628943,6.5,136.1
1671627173.099000,45.321645,6.538880,1888.741688,214.2,2.504436,4.4,192.7
1671627188.179000,45.321548,6.538780,1892.191167,214.9,1.523571,4.9,283.2
1671627194.528000,45.321900,6.538934,1902.300049,349.2,0.733280,10.1,104.1
1671627199.530000,45.322526,6.539117,1904.000000,8.1,3.579491,9.4,82.5
1671627204.592000,45.322843,6.539214,1912.348398,11.1,5.666463,2.6,52.4
1671627209.579000,45.323004,6.539262,1911.930823,11.5,4.215618,3.3,128.9
1671627218.332000,45.322901,6.539241,1919.355834,178.1,0.178330,3.0,113.2
1671627244.773000,45.322369,6.538630,1922.060982,219.1,3.390664,4.8,116.1
1671627248.499000,45.322235,6.538473,1920.985715,219.2,3.676457,4.1,123.6
1671627253.529000,45.322143,6.538365,1918.780457,219.3,3.432107,3.7,146.0
1671627264.914000,45.322066,6.538275,1919.476933,219.3,2.109864,2.7,116.1
1671627269.954000,45.322151,6.538373,1918.104389,219.4,0.953005,2.9,117.7
1671627298.782000,45.322238,6.538490,1913.698787,49.0,0.301635,5.1,600.0
1671627308.837000,45.322365,6.538717,1912.672342,51.0,1.046253,6.2,600.0
1671627315.159000,45.323220,6.538319,1918.312553,353.2,3.873872,4.1,104.1
1671627320.202000,45.323615,6.538392,1920.182296,1.3,4.714569,3.6,100.9
1671627325.281000,45.323818,6.538452,1918.698413,0.7,4.583408,3.0,97.6
1671627335.330000,45.323928,6.538887,1918.182466,37.6,3.533787,3.1,110.0
1671627340.328000,45.323855,6.539708,1922.485020,72.5,5.255722,2.9,106.6
1671627344.058000,45.323872,6.539947,1920.548073,75.3,5.183328,2.8,106.1
1671627350.404000,45.323700,6.540917,1917.000957,92.4,7.765321,2.9,64.1
1671627355.438000,45.323526,6.540790,1917.507128,109.4,4.225420,8.3,78.5
1671627360.452000,45.323495,6.541221,1917.331263,103.4,5.026144,8.7,77.6
1671627365.503000,45.323795,6.538115,1914.792575,-1.0,-1.000000,4.6,84.2
1671627370.760000,45.323591,6.539073,1919.879112,106.8,0.889270,12.5,99.3
