1675932489.394000,45.376107,6.588685,2005.974160,54.0,3.699874,3.8,3.9
1675932490.394000,45.376125,6.588724,2007.735280,54.7,3.838956,3.8,3.9
1675932493.393000,45.376180,6.588851,2012.233056,56.6,3.840362,5.4,3.9
1675932496.393000,45.376233,6.588966,2015.921915,57.9,3.663114,4.4,3.9
1675932499.393000,45.376289,6.589086,2021.645983,55.2,3.759930,3.9,3.9
1675932502.394000,45.376343,6.589205,2025.620208,55.4,3.693139,3.5,5.1
1675932505.393000,45.376393,6.589315,2031.223382,58.0,3.767473,4.2,8.2
1675932508.394000,45.376451,6.589438,2037.728065,55.4,3.670612,4.5,9.9
1675932511.395000,45.376503,6.589556,2042.617260,57.0,3.628121,5.7,9.9
1675932514.394000,45.376554,6.589674,2048.397983,59.0,3.610810,5.6,9.9
1675932517.394000,45.376605,6.589789,2053.290708,58.0,3.541116,4.0,9.9
1675932520.396000,45.376662,6.589902,2058.553701,58.0,3.693500,3.5,9.9
1675932523.395000,45.376722,6.590028,2063.202883,58.0,4.014603,3.7,9.9
1675932526.394000,45.376778,6.590157,2067.092203,64.9,4.209859,3.9,8.4
1675932529.394000,45.376828,6.590288,2069.839930,68.0,3.767297,4.3,5.6
1675932533.394000,45.376882,6.590445,2075.244922,77.0,3.929699,4.5,3.9
1675932536.395000,45.376956,6.590564,2079.639788,58.0,3.862801,4.6,3.9
1675932539.395000,45.377028,6.590687,2084.427391,56.0,3.716454,3.6,3.9
1675932542.394000,45.377090,6.590812,2088.787668,54.7,3.850432,3.3,3.9
1675932545.394000,45.377147,6.590926,2093.980611,51.4,3.651083,2.7,3.9
1675932548.394000,45.377202,6.591038,2099.559386,50.4,3.575765,3.1,3.9
1675932551.395000,45.377256,6.591158,2104.851773,50.9,3.712454,3.1,3.9
1675932554.394000,45.377308,6.591274,2109.935919,50.1,3.695774,3.1,3.9
1675932557.394000,45.377362,6.591392,2114.671921,50.3,3.622940,3.7,3.9
1675932560.395000,45.377417,6.591505,2120.211116,50.8,3.577277,4.3,3.9
1675932563.395000,45.377469,6.591620,2126.217742,50.6,3.685515,4.2,3.9
1675932566.394000,45.377526,6.591751,2130.652774,50.0,3.626479,4.1,4.0
1675932569.395000,45.377580,6.591872,2134.401191,51.0,3.870282,4.4,4.0
1675932572.394000,45.377637,6.591993,2138.217280,51.0,3.741762,2.6,4.0
1675932575.395000,45.377693,6.592114,2142.910495,50.0,3.722050,2.9,4.1
1675932578.395000,45.377747,6.592235,2147.579753,51.0,3.867449,3.0,4.1
1675932581.396000,45.377801,6.592360,2151.720704,51.0,3.593912,3.2,4.1
1675932584.394000,45.377856,6.592481,2156.719843,51.0,3.858951,3.4,4.1
1675932587.395000,45.377912,6.592600,2161.755469,51.0,3.640402,3.2,4.1
1675932590.394000,45.377964,6.592716,2166.512780,51.0,3.590568,3.2,4.2
1675932593.396000,45.378019,6.592832,2172.086919,51.0,3.837772,3.0,4.2
1675932596.394000,45.378076,6.592947,2176.852633,52.0,3.530094,3.3,7.9
1675932599.394000,45.378129,6.593068,2183.433409,52.0,3.651697,3.5,10.5
1675932602.394000,45.378178,6.593186,2188.151711,52.0,3.559531,4.1,10.4
1675932605.394000,45.378228,6.593306,2194.114095,52.0,3.540777,3.9,10.3
1675932608.395000,45.378282,6.593432,2194.612601,52.0,4.066656,8.3,10.4
1675932611.394000,45.378337,6.593555,2198.778845,52.0,3.766672,7.8,10.4
1675932614.394000,45.378392,6.593682,2203.279454,52.0,3.741239,4.8,10.4
1675932617.394000,45.378446,6.593803,2208.494160,53.0,3.720294,4.8,10.4
1675932620.394000,45.378503,6.593921,2213.550691,52.0,3.710187,4.7,10.4
1675932623.394000,45.378560,6.594043,2206.530088,52.0,3.720865,5.0,10.4
1675932626.394000,45.378619,6.594173,2230.891438,53.0,3.698947,3.2,9.9
1675932629.395000,45.378668,6.594281,2236.358706,53.0,3.680493,3.2,9.9
1675932632.394000,45.378724,6.594399,2241.910735,53.0,3.619885,3.2,9.9
1675932636.395000,45.378797,6.594555,2249.198270,52.0,3.640331,3.2,9.9
1675932640.394000,45.378861,6.594697,2256.543627,52.0,3.540036,2.7,9.9
1675932643.395000,45.378911,6.594840,2262.122412,66.0,3.678769,2.6,9.9
1675932646.394000,45.378974,6.594980,2264.174638,62.0,3.831218,3.3,9.9
1675932649.394000,45.379029,6.595091,2268.951472,59.0,3.819327,3.2,9.9
1675932652.394000,45.379091,6.595218,2267.503990,56.0,3.731270,3.8,9.9
1675932655.394000,45.379144,6.595330,2271.964262,54.2,3.743002,4.0,9.9
1675932658.395000,45.379206,6.595455,2276.788385,51.4,3.906085,8.1,9.9
1675932661.395000,45.379275,6.595586,2279.539277,50.2,3.802851,7.4,9.9
1675932664.394000,45.379333,6.595697,2279.103382,49.8,3.871759,11.7,9.9
1675932667.394000,45.379396,6.595824,2276.726498,48.1,3.863996,3.3,9.9
1675932670.395000,45.379452,6.595937,2282.401858,47.1,3.847063,4.5,9.9
1675932673.394000,45.379514,6.596063,2275.265311,45.3,3.863801,2.4,9.9
1675932676.395000,45.379575,6.596192,2278.744627,45.0,3.815982,2.5,9.9
1675932679.395000,45.379631,6.596303,2299.780487,45.1,3.827698,7.8,9.9
1675932682.394000,45.379691,6.596427,2301.286280,44.3,3.761318,11.7,9.9
1675932685.395000,45.379746,6.596541,2306.304182,44.1,3.735204,10.1,9.9
1675932688.394000,45.379810,6.596659,2311.969480,30.5,3.510404,7.8,9.9
1675932691.395000,45.379869,6.596762,2312.280846,38.6,3.587523,7.7,9.9
1675932695.395000,45.379904,6.596902,2312.483801,53.6,2.041327,7.8,10.4
1675932715.394000,45.379916,6.596993,2316.740535,51.4,0.000000,5.0,10.6
1675932715.394000,45.379916,6.596993,2316.740535,51.4,0.000000,5.0,10.6
1675932786.394000,45.379935,6.597022,2277.725780,-1.0,0.042616,9.0,11.5
1675932820.395000,45.380023,6.597108,2276.255681,43.2,3.504623,3.9,11.3
1675932822.394000,45.380059,6.597286,2278.867432,80.4,3.597270,9.0,11.5
1675932824.394000,45.380035,6.597517,2279.103393,79.9,4.150467,5.2,11.0
1675932825.717000,45.380031,6.597657,2274.444869,79.0,3.625901,10.7,10.7
1675932828.395000,45.380038,6.597843,2278.902231,79.0,3.481386,11.2,10.3
1675932831.394000,45.380048,6.598009,2291.968870,81.0,3.391380,6.7,9.9
1675932834.396000,45.380057,6.598157,2298.522443,78.0,3.283621,8.8,9.9
1675932837.395000,45.380074,6.598288,2307.731842,76.0,3.394078,3.7,9.9
1675932840.394000,45.380098,6.598432,2311.410751,77.3,3.512628,9.6,9.9
1675932843.394000,45.380118,6.598571,2316.060934,75.1,3.660724,9.5,9.9
1675932846.395000,45.380137,6.598707,2322.177248,74.0,3.646521,6.0,9.9
1675932849.394000,45.380152,6.598845,2318.268176,75.9,3.555007,12.2,9.9
1675932852.394000,45.380164,6.598982,2324.972390,77.0,3.543371,10.5,9.9
1675932855.394000,45.380178,6.599116,2330.667282,76.1,3.512773,10.7,9.9
1675932858.394000,45.380190,6.599248,2336.846817,74.8,3.780678,11.2,10.2
1675932861.395000,45.380207,6.599389,2351.691462,75.2,3.620189,3.9,10.2
1675932864.394000,45.380223,6.599529,2353.650245,77.0,3.611783,9.5,10.1
1675932867.395000,45.380235,6.599669,2361.479857,75.0,3.661014,3.2,10.3
1675932870.394000,45.380241,6.599810,2363.708375,80.0,3.610122,5.2,10.3
1675932873.394000,45.380252,6.599948,2369.615062,86.0,3.679429,6.5,10.2
1675932876.395000,45.380264,6.600085,2373.891278,74.1,3.587622,8.8,10.2
1675932879.395000,45.380275,6.600221,2379.301140,82.0,3.628142,8.8,10.2
1675932882.395000,45.380292,6.600353,2385.126180,79.0,3.511057,8.6,10.3
1675932885.394000,45.380306,6.600486,2383.434034,82.0,3.472013,10.5,10.2
1675932888.394000,45.380327,6.600614,2390.085212,72.0,3.402418,11.3,10.3
1675932891.394000,45.380343,6.600742,2404.448486,74.0,3.389761,5.2,10.2
1675932894.394000,45.380358,6.600883,2409.773551,75.0,3.529220,6.2,10.4
1675932897.394000,45.380375,6.601016,2419.494547,68.2,3.686984,7.1,10.6
1675932900.394000,45.380399,6.601151,2425.107128,70.7,3.600282,12.8,10.5
1675932903.394000,45.380412,6.601288,2433.318738,75.9,3.569235,6.5,10.4
1675932906.395000,45.380420,6.601428,2436.181436,80.7,3.560251,12.7,10.5
1675932909.394000,45.380426,6.601565,2438.944665,80.0,3.624993,3.5,10.4
1675932912.395000,45.380433,6.601696,2445.031410,81.0,3.677953,3.7,10.5
1675932915.395000,45.380443,6.601839,2450.148939,85.3,3.586688,3.5,10.6
1675932918.394000,45.380457,6.601992,2441.386374,79.6,3.838554,12.5,9.9
1675932921.394000,45.380475,6.602122,2446.389878,76.4,3.695272,10.1,9.9
1675932924.394000,45.380494,6.602269,2451.727919,76.7,3.626962,10.8,9.9
1675932927.394000,45.380508,6.602396,2455.588047,75.3,3.624673,11.9,9.9
1675932930.395000,45.380522,6.602529,2461.691709,76.1,3.555814,13.6,9.9
1675932933.394000,45.380536,6.602667,2466.720023,77.9,3.654842,13.4,9.9
1675932936.394000,45.380551,6.602802,2472.666681,76.1,3.555079,12.7,9.9
1675932939.395000,45.380566,6.602932,2478.785224,76.3,3.471785,11.1,9.9
1675932942.395000,45.380581,6.603064,2484.127787,77.0,3.539468,10.9,9.9
1675932945.395000,45.380597,6.603193,2490.003935,76.8,3.476951,13.0,9.9
1675932948.395000,45.380610,6.603324,2496.759361,76.2,3.543762,12.5,10.1
1675932951.395000,45.380628,6.603468,2500.932191,76.3,3.639853,12.5,10.1
1675932954.396000,45.380644,6.603614,2505.018145,77.1,3.668162,12.3,10.1
1675932957.395000,45.380660,6.603754,2509.381277,76.9,3.699580,10.5,10.1
1675932960.394000,45.380667,6.603894,2514.188965,87.8,3.654094,10.1,10.3
1675932963.395000,45.380667,6.604048,2518.498626,90.9,3.670495,11.4,10.1
1675932966.394000,45.380672,6.604182,2522.303356,88.1,3.622033,12.0,10.1
1675932969.394000,45.380685,6.604320,2527.412900,85.0,3.643396,11.7,10.2
1675932972.395000,45.380700,6.604460,2532.756662,83.2,3.616496,11.0,10.2
1675932975.395000,45.380717,6.604598,2538.428621,82.1,3.621706,10.1,9.9
1675932978.395000,45.380737,6.604738,2543.069293,78.8,3.866364,9.8,9.9
1675932981.394000,45.380758,6.604882,2547.223417,78.0,3.750926,10.2,9.9
1675932984.395000,45.380775,6.605024,2550.693467,77.1,3.746620,12.1,9.9
1675932987.395000,45.380793,6.605166,2554.906720,76.9,3.752866,11.6,9.9
1675932990.394000,45.380810,6.605307,2559.288667,75.8,3.726917,12.1,9.9
1675932993.395000,45.380824,6.605449,2563.410707,74.0,3.651303,9.5,9.9
1675932996.394000,45.380834,6.605581,2568.037042,74.0,3.923241,9.7,9.9
1675933000.394000,45.380854,6.605748,2575.714701,73.0,3.236427,9.4,9.9
1675933003.394000,45.380871,6.605875,2583.308627,74.0,3.210647,11.4,9.9
1675933007.395000,45.380890,6.606038,2593.556774,74.0,3.121384,11.6,9.9
1675933011.394000,45.380907,6.606196,2603.561567,73.0,3.120534,12.7,9.9
1675933015.395000,45.380919,6.606356,2614.231559,71.0,3.130696,10.4,9.9
1675933019.394000,45.380934,6.606514,2624.955034,72.0,3.089787,10.1,9.9
1675933023.395000,45.380949,6.606668,2636.579600,72.0,3.008919,11.8,9.9
1675933026.395000,45.380967,6.606793,2643.810048,72.3,3.195114,11.5,9.9
1675933030.397000,45.380988,6.606957,2653.848230,72.1,3.199373,11.8,10.1
1675933034.395000,45.381008,6.607121,2663.768364,72.9,3.227357,12.0,10.0
1675933038.395000,45.381023,6.607286,2673.606108,73.0,3.188692,9.7,10.1
1675933042.396000,45.381037,6.607452,2684.245596,74.1,3.162064,10.3,10.1
1675933046.395000,45.381052,6.607616,2698.813935,74.1,3.109656,4.6,10.1
1675933050.395000,45.381067,6.607778,2705.300076,74.9,3.283973,11.7,10.2
1675933053.395000,45.381084,6.607915,2714.712647,75.8,3.716554,12.2,10.2
1675933056.395000,45.381102,6.608060,2725.149959,69.2,4.048132,12.1,10.4
1675933059.396000,45.381126,6.608216,2737.033911,72.4,4.083683,10.2,10.4
1675933062.395000,45.381137,6.608375,2749.146290,85.0,4.564689,9.4,10.3
1675933065.396000,45.381139,6.608551,2756.158686,82.9,4.900324,9.2,10.3
1675933068.396000,45.381153,6.608732,2765.466631,80.5,4.663024,11.5,10.3
1675933071.396000,45.381173,6.608915,2773.624601,86.4,5.071664,11.5,10.4
1675933074.395000,45.381191,6.609085,2782.077694,72.3,4.602410,11.6,10.3
1675933076.396000,45.381218,6.609222,2786.433122,70.4,5.159960,12.2,10.4
1675933078.395000,45.381236,6.609351,2788.966645,73.3,5.101672,12.2,10.4
1675933080.395000,45.381249,6.609488,2789.369408,73.0,5.170956,12.6,9.9
1675933083.395000,45.381269,6.609637,2789.301317,40.1,2.921881,11.1,10.3
1675933090.396000,45.381247,6.609760,2789.387777,101.0,1.034887,11.5,12.2
1675933130.513000,45.381224,6.609942,2789.143162,240.4,0.384913,11.3,8.1
1675933209.395000,45.381258,6.610065,2788.365784,121.6,0.494130,11.8,3.9
1675933238.395000,45.381254,6.610233,2786.618807,95.9,4.503150,11.8,3.9
1675933241.111000,45.381257,6.610378,2785.003225,81.7,3.320232,11.3,4.5
1675933260.965000,45.381268,6.610416,2784.460620,-1.0,0.000000,8.6,3.5
1675933260.965000,45.381268,6.610416,2784.460620,-1.0,0.000000,8.6,3.5
1675933279.659000,45.381310,6.610499,2783.996477,50.2,2.090798,11.5,4.9
1675933299.395000,45.381348,6.610543,2782.893646,34.0,0.000000,8.5,4.4
1675933299.395000,45.381348,6.610543,2782.893646,34.0,0.000000,8.5,4.4
1675933320.396000,45.381365,6.610619,2753.980542,96.9,1.513724,2.6,6.1
1675933323.397000,45.381413,6.610780,2746.598538,62.5,5.241723,2.1,6.1
1675933325.395000,45.381464,6.610940,2742.045455,68.1,6.115151,2.1,3.9
1675933327.396000,45.381467,6.611105,2762.878926,93.3,5.675833,9.9,3.9
1675933332.397000,45.381455,6.611267,2758.154868,69.1,5.538753,9.9,3.9
1675933334.396000,45.381500,6.611434,2713.883080,63.0,7.880231,2.2,3.9
1675933336.397000,45.381522,6.611636,2752.735580,119.5,7.898377,10.5,3.9
1675933338.397000,45.381416,6.611715,2753.750952,183.7,4.655695,8.8,3.9
1675933342.395000,45.381309,6.611661,2752.188008,201.4,2.831142,8.7,3.9
1675933345.396000,45.381222,6.611548,2745.940256,227.8,4.954443,10.3,3.9
1675933347.396000,45.381136,6.611409,2701.855213,228.8,6.863650,2.2,3.9
1675933349.395000,45.381021,6.611248,2696.880941,223.2,8.509689,2.1,3.9
1675933350.395000,45.380951,6.611168,2694.966309,220.2,9.246715,2.1,3.9
1675933351.396000,45.380873,6.611086,2694.010092,218.2,9.972938,2.2,3.9
1675933352.395000,45.380792,6.611003,2692.494933,216.9,10.421694,2.2,3.9
1675933353.395000,45.380706,6.610920,2691.054114,214.1,10.790276,2.2,3.9
1675933354.397000,45.380618,6.610843,2689.699271,211.2,11.036861,2.3,3.9
1675933355.396000,45.380530,6.610772,2687.774170,210.1,10.888503,2.2,3.9
1675933356.395000,45.380446,6.610707,2686.300781,208.1,10.595704,2.1,3.9
1675933357.396000,45.380363,6.610653,2685.200439,204.2,9.981806,2.1,3.9
1675933359.396000,45.380219,6.610558,2684.166260,218.6,8.439201,2.1,3.9
1675933361.396000,45.380084,6.610470,2683.115234,206.1,8.018741,2.1,3.9
1675933363.396000,45.379962,6.610400,2695.260283,209.1,7.048972,2.4,3.9
1675933365.395000,45.379844,6.610335,2689.523429,210.9,6.959305,2.1,3.9
1675933367.395000,45.379725,6.610269,2712.994355,208.8,6.666615,9.9,3.9
1675933369.395000,45.379628,6.610204,2689.151584,215.0,6.088128,2.2,3.9
1675933371.396000,45.379538,6.610157,2676.138117,172.4,5.282459,2.3,3.9
1675933382.396000,45.379440,6.610089,2711.329586,211.0,2.299911,10.3,4.0
1675933387.292000,45.379393,6.610202,2707.634020,103.7,2.305797,10.2,6.6
1675933391.635000,45.379394,6.610347,2704.595307,105.9,2.754406,10.3,6.7
1675933394.396000,45.379339,6.610515,2663.440069,123.0,10.179866,2.1,6.6
1675933395.396000,45.379292,6.610654,2660.365472,111.1,13.665696,2.1,6.2
1675933396.396000,45.379264,6.610837,2653.804601,92.1,14.885403,2.1,5.6
1675933397.396000,45.379275,6.611033,2646.711562,79.1,14.828643,2.1,4.9
1675933398.396000,45.379289,6.611219,2644.279097,98.8,14.099598,2.1,4.4
1675933399.395000,45.379250,6.611384,2640.826716,106.0,13.798971,2.1,3.9
1675933400.395000,45.379215,6.611537,2632.998115,96.1,12.221532,2.1,3.9
1675933401.395000,45.379211,6.611683,2630.323664,73.4,11.673689,2.1,3.9
1675933402.395000,45.379225,6.611822,2628.259945,95.7,11.441885,2.1,3.9
1675933403.397000,45.379195,6.611968,2623.313981,111.7,12.757504,2.1,3.9
1675933404.395000,45.379168,6.612127,2618.372528,84.1,13.274389,2.1,3.9
1675933405.395000,45.379200,6.612293,2612.196533,67.3,13.597720,2.1,3.9
1675933406.395000,45.379245,6.612459,2608.167683,74.9,13.646053,2.1,3.9
1675933407.396000,45.379249,6.612631,2605.419937,106.3,13.841932,2.2,3.9
1675933408.395000,45.379209,6.612808,2599.839654,100.1,14.538066,2.2,3.9
1675933409.396000,45.379205,6.612986,2593.228204,74.0,13.401005,2.1,3.9
1675933410.396000,45.379245,6.613147,2589.624657,73.1,12.785984,2.1,3.9
1675933411.396000,45.379253,6.613302,2589.625000,107.6,12.436209,2.1,3.9
1675933412.395000,45.379196,6.613435,2583.903777,135.7,11.700988,2.1,3.9
1675933413.396000,45.379108,6.613521,2583.830322,151.9,11.119846,2.1,3.9
1675933414.395000,45.379018,6.613575,2582.103760,156.0,10.265882,2.1,3.9
1675933416.395000,45.378916,6.613747,2571.322598,99.4,8.068942,2.1,3.9
1675933418.396000,45.378925,6.613936,2569.007336,92.0,6.940167,2.1,3.9
1675933420.396000,45.378837,6.614050,2566.895795,165.9,6.857554,2.1,3.9
1675933422.396000,45.378715,6.614171,2561.098336,119.0,8.479533,2.1,3.9
1675933424.395000,45.378598,6.614341,2555.105320,153.0,11.259377,2.1,3.9
1675933425.396000,45.378519,6.614428,2551.543091,129.0,11.329752,2.1,3.9
1675933426.395000,45.378474,6.614554,2551.126465,109.0,11.119891,2.1,3.9
1675933427.395000,45.378436,6.614687,2546.484375,117.0,11.699739,2.1,3.9
1675933428.396000,45.378375,6.614784,2543.250977,144.0,9.350555,2.1,3.9
1675933429.396000,45.378306,6.614866,2537.422268,130.0,10.736298,2.1,3.9
1675933431.395000,45.378249,6.615075,2562.726202,100.0,8.250238,8.0,3.9
1675933433.395000,45.378232,6.615254,2528.263672,97.0,5.831138,2.1,3.9
1675933436.395000,45.378211,6.615409,2545.534468,97.0,4.818839,10.2,3.9
1675933438.396000,45.378155,6.615552,2545.820561,132.9,5.571908,8.6,3.9
1675933440.395000,45.378042,6.615642,2540.548864,138.0,9.525774,8.6,3.9
1675933442.395000,45.377992,6.615840,2534.135224,95.0,9.248040,8.9,3.9
1675933443.395000,45.377974,6.615966,2501.502930,104.0,11.378148,2.1,3.9
1675933444.395000,45.377919,6.616088,2496.881104,132.0,12.639012,2.1,3.9
1675933445.395000,45.377853,6.616231,2491.874023,113.0,14.569468,2.1,3.9
1675933446.395000,45.377831,6.616415,2486.751709,89.1,15.054892,2.1,3.9
1675933447.395000,45.377845,6.616610,2483.333496,84.0,15.029960,2.1,3.9
1675933448.395000,45.377816,6.616761,2480.573486,128.0,11.739731,2.1,3.9
1675933449.396000,45.377756,6.616869,2494.591493,118.0,9.470642,10.2,3.9
1675933451.395000,45.377724,6.617084,2467.221970,99.0,9.788672,2.1,3.9
1675933453.395000,45.377710,6.617284,2454.475425,95.0,7.389947,2.1,3.9
1675933455.395000,45.377625,6.617480,2462.452566,123.0,9.200009,2.1,3.9
1675933457.395000,45.377613,6.617698,2446.412588,82.0,8.739947,2.1,3.9
1675933459.395000,45.377562,6.617934,2441.869706,128.0,10.829064,2.1,3.9
1675933460.395000,45.377518,6.618055,2438.077716,104.0,10.968929,2.1,3.9
1675933462.396000,45.377517,6.618264,2429.933121,90.0,6.700430,2.1,3.9
1675933464.396000,45.377447,6.618474,2426.806625,113.0,10.137719,2.1,3.9
1675933466.397000,45.377427,6.618666,2414.315433,87.0,5.201310,2.1,3.9
1675933469.395000,45.377428,6.618802,2410.717287,91.8,3.012269,2.1,3.9
1675933482.879000,45.377366,6.618923,2423.851773,114.7,2.181431,2.1,4.9
1675933484.396000,45.377263,6.619061,2420.078699,123.2,7.130690,2.1,4.7
1675933485.395000,45.377223,6.619176,2415.646693,114.7,8.216887,2.1,4.6
1675933486.395000,45.377195,6.619300,2411.670548,107.9,8.816328,2.1,4.7
1675933488.396000,45.377098,6.619497,2404.339160,128.9,8.655912,2.1,3.9
1675933490.396000,45.377016,6.619672,2409.770264,117.6,7.554183,2.1,3.9
1675933496.964000,45.377024,6.619800,2396.795183,110.8,1.102789,2.1,5.8
1675933517.395000,45.377056,6.619840,2392.847468,-1.0,0.000000,2.1,3.7
1675933517.395000,45.377056,6.619840,2392.847468,-1.0,0.000000,2.1,3.7
1675933553.396000,45.376972,6.619935,2395.080236,135.2,7.508470,2.1,4.1
1675933554.397000,45.376882,6.620014,2393.964070,145.6,9.979904,2.1,4.1
1675933555.397000,45.376783,6.620069,2391.795767,158.3,10.374395,2.1,4.2
1675933556.397000,45.376689,6.620093,2388.520070,167.6,9.629416,2.1,3.9
1675933558.396000,45.376580,6.620080,2382.366436,191.0,2.882001,2.1,3.9
1675933578.272000,45.376579,6.620085,2384.552938,-1.0,0.000000,2.1,3.7
1675933578.272000,45.376579,6.620085,2384.552938,-1.0,0.000000,2.1,3.7
1675933631.100000,45.376576,6.620232,2386.807789,63.0,4.714126,2.1,5.2
1675933632.397000,45.376560,6.620414,2383.201172,89.0,8.449507,2.1,5.2
1675933634.396000,45.376529,6.620674,2378.814697,106.0,11.119516,2.1,5.3
1675933635.396000,45.376495,6.620814,2376.230469,111.0,12.039609,2.1,4.5
1675933636.396000,45.376453,6.620962,2373.608154,113.0,12.979659,2.1,3.9
1675933637.397000,45.376405,6.621119,2371.110107,115.0,13.599780,2.1,3.9
1675933638.396000,45.376350,6.621278,2368.598389,118.0,14.259676,2.1,3.9
1675933639.397000,45.376285,6.621433,2366.786865,121.0,14.020171,2.1,3.9
1675933640.397000,45.376209,6.621578,2363.300756,130.0,14.189455,2.1,3.9
1675933641.396000,45.376127,6.621713,2362.080078,129.0,13.690984,2.1,3.9
1675933642.398000,45.376067,6.621858,2360.243652,112.0,12.809966,2.1,3.9
1675933643.396000,45.376025,6.622009,2357.866005,113.0,12.620090,2.1,3.9
1675933644.397000,45.375974,6.622152,2356.250408,117.8,12.479372,2.1,3.9
1675933645.396000,45.375912,6.622283,2355.127877,129.7,12.308853,2.1,3.9
1675933646.397000,45.375837,6.622402,2353.405042,128.1,12.481879,2.1,3.9
1675933647.397000,45.375756,6.622518,2351.716064,130.9,12.762128,2.1,3.9
1675933648.396000,45.375667,6.622633,2349.589600,120.3,13.261324,2.1,3.9
1675933649.396000,45.375584,6.622760,2347.188710,116.1,13.321523,2.1,3.9
1675933650.397000,45.375514,6.622889,2343.812933,111.1,12.566812,2.1,3.9
1675933651.396000,45.375457,6.623016,2342.361696,109.0,11.703814,2.2,3.9
1675933652.396000,45.375406,6.623130,2340.774136,108.9,10.504853,2.2,3.9
1675933654.397000,45.375323,6.623322,2339.683975,90.2,8.291158,2.3,3.9
1675933657.396000,45.375296,6.623451,2339.195277,63.0,1.683737,2.1,3.9
1675933667.387000,45.375206,6.623543,2337.759769,123.9,3.531186,2.1,5.4
1675933670.255000,45.375157,6.623701,2335.175912,99.9,4.574761,2.1,6.7
1675933673.124000,45.375127,6.623865,2333.633732,104.6,4.549047,2.1,6.8
1675933675.396000,45.375132,6.624010,2332.009983,90.1,4.866285,2.1,5.9
1675933678.097000,45.375148,6.624141,2330.544181,95.0,3.419103,2.1,6.0
1675933688.123000,45.375222,6.624217,2330.602406,27.6,0.491867,2.1,4.3
1675933714.396000,45.375142,6.624351,2329.090926,132.7,5.352491,2.3,3.9
1675933716.396000,45.375094,6.624523,2325.382099,93.1,7.330401,2.2,3.9
1675933718.398000,45.375094,6.624675,2320.327261,96.6,5.443619,2.1,3.9
1675933721.396000,45.374966,6.624812,2316.524449,156.0,7.591938,2.1,3.9
1675933722.398000,45.374870,6.624880,2311.975122,150.1,11.685371,2.1,3.9
1675933723.397000,45.374774,6.624975,2307.344711,142.3,12.362926,2.1,3.9
1675933724.396000,45.374723,6.625126,2302.690536,108.0,12.718593,2.1,3.9
1675933725.396000,45.374705,6.625300,2300.369542,94.1,13.402465,2.1,3.9
1675933726.396000,45.374704,6.625483,2296.725777,87.1,14.752485,2.1,3.9
1675933727.397000,45.374714,6.625685,2290.721461,85.0,16.059185,2.1,3.9
1675933728.397000,45.374727,6.625898,2286.493991,84.0,16.949450,2.1,3.9
1675933729.396000,45.374734,6.626116,2282.419760,87.0,17.439787,2.1,3.9
1675933730.396000,45.374733,6.626341,2276.637522,92.0,17.629940,2.1,3.9
1675933731.397000,45.374725,6.626573,2271.957484,92.0,18.399685,2.1,3.9
1675933732.396000,45.374729,6.626803,2267.877813,85.0,17.770319,2.1,3.9
1675933733.396000,45.374747,6.627027,2263.014863,82.0,17.580162,2.1,3.9
1675933734.396000,45.374767,6.627251,2257.708071,83.0,17.909700,2.1,3.9
1675933735.397000,45.374789,6.627478,2253.336645,80.0,18.119860,2.1,3.9
1675933736.397000,45.374823,6.627711,2249.634817,77.0,19.189325,2.1,3.9
1675933737.396000,45.374864,6.627950,2242.859421,75.0,19.150047,2.1,3.9
1675933738.398000,45.374911,6.628186,2236.317976,73.0,19.379789,2.1,3.9
1675933739.398000,45.374952,6.628422,2230.813090,78.0,18.780306,2.1,3.9
1675933740.398000,45.374974,6.628655,2226.530405,84.0,18.360693,2.1,3.9
1675933741.396000,45.374997,6.628871,2223.297685,77.0,16.141472,2.1,3.9
1675933742.396000,45.375048,6.629051,2221.824296,59.0,14.480453,2.2,3.9
1675933743.396000,45.375126,6.629185,2220.555469,42.0,12.890419,2.3,3.9
1675933744.396000,45.375215,6.629289,2219.681583,41.1,12.823873,2.2,3.9
1675933745.397000,45.375305,6.629394,2219.170137,42.9,13.010705,2.2,3.9
1675933746.397000,45.375396,6.629503,2216.991316,39.2,13.254591,2.2,3.9
1675933747.396000,45.375494,6.629612,2215.579851,37.1,13.685912,2.1,3.9
1675933748.398000,45.375595,6.629714,2213.345863,36.1,13.699107,2.1,3.9
1675933749.396000,45.375698,6.629809,2211.641187,32.2,13.622304,2.1,3.9
1675933750.397000,45.375806,6.629881,2209.700708,24.4,13.100362,2.1,3.9
1675933751.397000,45.375917,6.629931,2207.963459,18.3,12.905792,2.1,3.9
1675933752.396000,45.376028,6.629974,2207.868608,17.1,12.842918,2.1,3.9
1675933753.397000,45.376137,6.630022,2204.693744,18.0,12.688237,2.1,3.9
1675933754.396000,45.376244,6.630078,2203.070973,20.8,12.746330,2.1,3.9
1675933755.397000,45.376351,6.630140,2202.043294,21.9,12.806664,2.1,3.9
1675933756.396000,45.376458,6.630206,2200.612286,22.9,13.018209,2.1,3.9
1675933757.397000,45.376564,6.630277,2199.023004,23.9,13.095434,2.1,3.9
1675933758.397000,45.376667,6.630348,2195.009877,24.9,12.692674,2.1,3.9
1675933759.396000,45.376764,6.630420,2191.839430,26.9,12.339350,2.1,3.9
1675933760.397000,45.376857,6.630492,2190.442567,27.0,11.931757,2.1,3.9
1675933761.398000,45.376946,6.630565,2188.200502,29.8,11.568881,2.1,3.9
1675933762.397000,45.377033,6.630646,2185.957894,32.8,11.597934,2.1,3.9
1675933763.397000,45.377120,6.630736,2184.121956,34.9,11.969249,2.1,3.9
1675933764.397000,45.377206,6.630833,2182.686091,37.8,12.064573,2.1,3.9
1675933765.396000,45.377289,6.630936,2179.081892,40.8,12.154432,2.1,3.9
1675933766.397000,45.377365,6.631050,2176.424349,46.7,12.241236,2.1,3.9
1675933767.396000,45.377435,6.631176,2173.448352,50.8,12.598027,2.1,3.9
1675933768.396000,45.377503,6.631311,2170.943768,52.9,13.016170,2.1,3.9
1675933769.398000,45.377573,6.631449,2167.848036,53.0,13.218819,2.1,3.9
1675933770.397000,45.377643,6.631583,2165.946339,53.0,13.077830,2.1,3.9
1675933771.396000,45.377713,6.631717,2164.849120,53.0,13.175070,2.2,3.9
1675933772.398000,45.377784,6.631854,2161.260947,55.0,13.259923,2.2,3.9
1675933773.397000,45.377850,6.631994,2158.209457,57.0,12.960110,2.3,3.9
1675933774.396000,45.377910,6.632133,2155.722818,59.0,12.570138,2.3,3.9
1675933775.398000,45.377967,6.632265,2152.491860,57.0,11.860359,2.3,3.9
1675933776.397000,45.378026,6.632391,2150.720662,55.0,12.037652,2.2,3.9
1675933777.396000,45.378089,6.632516,2149.783164,56.0,12.076577,2.1,3.9
1675933778.397000,45.378154,6.632640,2148.839634,51.1,12.064565,2.1,3.9
1675933779.396000,45.378224,6.632755,2149.250558,35.5,11.606112,2.1,3.9
1675933780.397000,45.378293,6.632847,2147.217768,45.7,10.193902,2.1,3.9
1675933782.396000,45.378384,6.633013,2145.106927,37.6,7.576430,2.1,3.9
1675933784.397000,45.378463,6.633089,2144.327910,31.7,4.428281,2.1,3.9
1675933788.397000,45.378572,6.633133,2143.023879,22.6,2.663794,2.1,3.9
1675933795.235000,45.378665,6.633166,2143.855763,8.2,0.962343,2.1,14.2
1675933915.994000,45.378654,6.633299,2143.788430,75.5,0.452191,2.1,4.0
1675933940.398000,45.378617,6.633418,2144.212659,92.0,0.211216,2.1,3.9
1675933993.217000,45.378542,6.633600,2150.246209,128.8,2.075768,2.4,5.0
1675933994.364000,45.378477,6.633704,2146.632855,130.4,3.334308,2.1,5.5
1675933996.085000,45.378404,6.633814,2145.673643,132.5,3.753711,2.1,6.1
1675933998.380000,45.378335,6.633921,2145.932966,132.3,3.753301,2.1,6.7
1675934001.134000,45.378263,6.634035,2145.872959,130.6,3.631724,2.0,6.8
1675934004.002000,45.378191,6.634141,2146.299328,133.1,3.549939,2.1,6.7
1675934007.398000,45.378125,6.634250,2147.128025,132.5,3.559733,2.2,6.7
1675934011.346000,45.378042,6.634380,2153.986455,133.1,3.471476,2.2,6.7
1675934014.398000,45.377980,6.634481,2155.550491,133.2,3.433470,2.2,5.3
1675934017.397000,45.377920,6.634582,2153.208955,132.9,3.432910,2.0,3.9
1675934020.398000,45.377862,6.634684,2158.717947,132.2,3.397110,2.3,3.9
1675934023.398000,45.377803,6.634786,2155.049569,132.0,3.370047,2.1,6.3
1675934026.397000,45.377744,6.634887,2157.124936,132.0,3.399853,2.1,9.1
1675934029.398000,45.377684,6.634989,2160.044778,131.0,3.342316,2.1,10.0
1675934033.397000,45.377612,6.635111,2163.429190,131.0,3.495281,2.1,10.0
1675934036.397000,45.377549,6.635213,2165.450474,130.0,3.368924,2.2,10.0
1675934039.398000,45.377488,6.635314,2171.371954,130.0,3.439329,2.1,10.0
1675934042.397000,45.377428,6.635415,2172.796484,129.0,3.450263,2.1,10.0
1675934045.397000,45.377368,6.635514,2170.388716,129.0,3.409027,2.0,10.0
1675934048.398000,45.377309,6.635613,2173.001837,129.0,3.429986,2.1,10.0
1675934051.398000,45.377249,6.635711,2171.811317,129.0,3.538788,2.1,10.4
1675934054.397000,45.377188,6.635813,2172.507694,129.0,3.429062,2.0,10.4
1675934057.397000,45.377128,6.635912,2173.250079,129.0,3.498782,2.1,10.2
1675934060.398000,45.377067,6.636012,2174.572036,129.0,3.400408,2.0,10.2
1675934063.398000,45.377004,6.636113,2176.370726,129.0,3.449088,2.2,10.2
1675934066.399000,45.376942,6.636212,2178.060896,129.0,3.402664,2.3,10.3
1675934070.397000,45.376878,6.636313,2182.826747,128.2,3.250625,2.0,10.1
1675934073.398000,45.376814,6.636423,2186.134969,128.0,3.169721,2.0,9.9
1675934077.397000,45.376737,6.636551,2192.375499,127.0,3.090514,2.0,9.9
1675934081.398000,45.376663,6.636676,2198.538810,127.0,3.051627,2.1,9.9
1675934085.397000,45.376590,6.636801,2204.742173,127.0,3.006834,2.1,9.9
1675934089.398000,45.376519,6.636925,2212.053544,127.0,3.046121,2.1,9.9
1675934093.397000,45.376449,6.637046,2219.223724,126.0,2.966531,2.2,9.9
1675934097.397000,45.376380,6.637162,2227.674360,126.6,2.745322,2.1,9.9
1675934101.397000,45.376305,6.637288,2234.585205,126.1,3.282767,2.0,9.9
1675934104.398000,45.376246,6.637385,2238.175061,126.0,3.229128,2.0,9.9
1675934107.463000,45.376186,6.637482,2240.722224,126.0,3.145277,2.1,10.1
1675934111.398000,45.376110,6.637607,2246.100942,125.4,3.249545,2.0,10.1
1675934115.397000,45.376031,6.637731,2251.890384,125.0,3.219286,2.0,10.3
1675934119.397000,45.375956,6.637852,2258.031770,125.0,3.151062,2.2,10.1
1675934123.398000,45.375883,6.637967,2265.440292,125.0,3.118130,2.3,10.2
1675934127.398000,45.375812,6.638090,2272.547012,124.0,3.188127,2.0,10.2
1675934131.398000,45.375741,6.638212,2281.299344,124.0,3.069292,2.0,10.2
1675934135.398000,45.375671,6.638330,2286.086796,125.0,3.049253,2.1,10.2
1675934139.397000,45.375601,6.638447,2293.925609,124.0,2.969063,2.0,10.3
1675934143.397000,45.375534,6.638559,2301.707949,124.0,2.981096,2.0,10.5
1675934147.397000,45.375466,6.638667,2310.212458,125.0,2.889275,2.1,10.5
1675934151.397000,45.375395,6.638782,2317.940265,125.0,3.659235,2.3,10.4
1675934155.397000,45.375316,6.638913,2324.240538,126.0,3.274033,2.1,10.5
1675934159.398000,45.375240,6.639039,2329.689979,125.0,3.114720,2.1,10.4
1675934162.695000,45.375181,6.639136,2334.301967,126.0,3.071950,2.1,10.6
1675934166.397000,45.375111,6.639247,2339.438282,126.0,3.119810,2.1,10.6
1675934169.398000,45.375047,6.639349,2345.045954,126.0,2.943430,2.1,9.9
1675934173.397000,45.374977,6.639462,2351.862551,125.0,3.052027,2.0,9.9
1675934177.398000,45.374904,6.639586,2358.414851,125.0,2.992454,2.2,9.9
1675934181.397000,45.374832,6.639708,2366.367495,125.0,3.002337,2.1,9.9
1675934185.397000,45.374759,6.639826,2372.844457,125.0,2.901638,2.1,9.9
1675934189.398000,45.374687,6.639946,2381.258341,125.0,2.999040,2.1,9.9
1675934193.399000,45.374617,6.640063,2388.250527,126.0,3.008759,2.0,9.9
1675934197.398000,45.374542,6.640188,2394.013567,126.0,2.974596,2.2,9.9
1675934201.398000,45.374472,6.640302,2400.177412,126.0,3.233597,2.1,9.9
1675934204.399000,45.374408,6.640411,2403.285655,126.0,3.355344,2.1,9.9
1675934208.398000,45.374334,6.640536,2407.734368,126.7,3.280704,2.2,9.9
1675934211.399000,45.374274,6.640637,2411.213428,126.8,3.256444,2.1,10.1
1675934214.398000,45.374210,6.640739,2415.874957,126.3,3.317262,2.1,10.4
1675934218.398000,45.374138,6.640853,2421.324360,126.3,3.189210,2.0,10.1
1675934222.399000,45.374061,6.640978,2427.381921,126.9,3.196160,2.0,9.9
1675934226.398000,45.373985,6.641102,2432.536056,126.8,3.163902,2.2,10.1
1675934229.398000,45.373925,6.641200,2437.373007,126.8,3.236132,2.0,10.1
1675934233.399000,45.373855,6.641311,2443.994462,126.0,3.109217,2.1,9.9
1675934237.399000,45.373779,6.641429,2450.587807,127.0,3.171175,2.2,9.9
1675934241.399000,45.373706,6.641546,2457.425462,127.0,3.090960,2.1,10.1
1675934245.398000,45.373634,6.641665,2464.616683,127.0,3.080991,2.1,10.2
1675934249.399000,45.373561,6.641784,2471.313759,127.0,2.873240,2.1,10.8
1675934253.398000,45.373487,6.641906,2478.687405,127.0,3.315323,2.1,10.3
1675934257.399000,45.373410,6.642033,2484.438879,127.0,3.093722,2.0,10.2
1675934260.399000,45.373351,6.642131,2488.446095,127.0,3.231892,2.0,10.5
1675934264.399000,45.373276,6.642250,2494.543679,127.0,3.100958,2.2,10.9
1675934268.399000,45.373205,6.642366,2501.137387,127.0,3.170820,2.1,11.1
1675934272.399000,45.373132,6.642483,2508.203130,127.0,3.070703,2.1,11.2
1675934276.399000,45.373061,6.642596,2515.026445,127.0,2.920440,2.1,10.4
1675934280.399000,45.372990,6.642711,2523.286831,127.0,2.939062,2.0,10.4
1675934284.398000,45.372923,6.642821,2530.512601,127.0,2.960509,2.2,10.1
1675934288.398000,45.372856,6.642925,2539.427785,127.0,2.810624,2.0,9.9
1675934292.399000,45.372791,6.643036,2550.567998,126.0,2.849776,2.1,9.9
1675934296.398000,45.372724,6.643148,2558.126344,126.0,2.818466,2.1,9.9
1675934300.398000,45.372656,6.643265,2566.574360,126.8,3.176862,2.1,9.9
1675934304.399000,45.372587,6.643386,2574.425769,125.9,3.012208,2.1,9.9
1675934308.398000,45.372515,6.643502,2581.989990,125.9,2.912311,2.1,10.0
1675934312.398000,45.372438,6.643629,2587.729511,126.3,3.218823,2.1,10.0
1675934315.399000,45.372376,6.643732,2591.227118,126.2,3.219647,2.0,7.1
1675934319.398000,45.372300,6.643861,2596.579888,126.9,3.262792,2.1,4.0
1675934323.398000,45.372221,6.643991,2600.967161,127.1,3.588312,2.2,4.1
1675934326.398000,45.372160,6.644090,2602.244538,127.0,3.545224,2.1,4.4
1675934329.398000,45.372100,6.644191,2604.102246,127.0,3.536110,2.1,4.4
1675934332.399000,45.372040,6.644292,2605.469926,127.0,3.458205,2.1,4.2
1675934336.398000,45.371961,6.644422,2607.723955,127.0,3.459273,2.0,4.3
1675934339.398000,45.371900,6.644519,2609.684074,127.0,3.018464,2.0,4.3
1675934344.399000,45.371839,6.644618,2612.558329,127.0,2.694333,2.0,4.2
1675934349.400000,45.371774,6.644726,2615.088116,127.0,2.455371,2.1,4.3
1675934354.398000,45.371711,6.644832,2617.382673,128.0,2.169683,2.1,4.3
1675934359.398000,45.371644,6.644943,2620.251156,127.1,2.187650,2.1,4.6
1675934371.400000,45.371572,6.645030,2621.296030,150.9,1.975412,2.2,3.9
1675934376.398000,45.371484,6.645108,2620.085899,167.2,0.786074,2.0,3.9
1675934386.399000,45.371409,6.645185,2620.352233,85.0,0.238667,2.1,4.0
1675934433.398000,45.371398,6.645325,2619.250525,100.1,4.860356,2.1,4.0
1675934435.399000,45.371377,6.645506,2615.376784,99.7,6.198669,2.1,4.0
1675934436.399000,45.371344,6.645645,2613.910256,104.5,7.732552,2.1,3.9
1675934437.398000,45.371276,6.645818,2610.884521,111.9,10.412477,2.2,3.9
1675934438.399000,45.371198,6.645987,2604.293648,116.0,11.972884,2.2,3.9
1675934439.399000,45.371120,6.646161,2599.058999,116.6,12.321836,2.1,3.9
1675934440.399000,45.371045,6.646353,2590.493562,116.6,12.733963,2.1,3.9
1675934441.398000,45.370983,6.646556,2585.073217,115.9,13.106236,2.1,3.9
1675934442.398000,45.370960,6.646808,2580.489382,100.1,16.236320,2.1,3.9
1675934443.399000,45.370937,6.647024,2577.478634,95.3,16.428364,2.1,3.9
1675934444.398000,45.370906,6.647230,2576.660744,100.2,16.303465,2.1,3.9
1675934445.399000,45.370893,6.647415,2573.594210,97.1,15.442322,2.1,3.9
1675934446.398000,45.370901,6.647572,2571.890984,92.2,14.083001,2.1,3.9
1675934447.400000,45.370921,6.647707,2568.703886,88.9,12.954718,2.1,3.9
1675934467.399000,45.370930,6.647683,2566.638370,198.0,0.000000,2.2,4.1
1675934467.399000,45.370930,6.647683,2566.638370,198.0,0.000000,2.2,4.1
1675934474.400000,45.370831,6.647692,2565.630654,173.0,2.453498,2.1,3.9
1675934494.400000,45.370769,6.647674,2565.058614,-1.0,0.000000,2.1,4.0
1675934494.400000,45.370769,6.647674,2565.058614,-1.0,0.000000,2.1,4.0
1675934552.399000,45.370782,6.647835,2564.216948,91.1,3.218145,2.1,3.9
1675934554.399000,45.370797,6.647961,2562.118298,78.1,5.081055,2.2,3.9
1675934556.399000,45.370836,6.648155,2558.689913,72.7,7.893472,2.1,3.9
1675934557.400000,45.370867,6.648294,2556.458989,72.9,10.031709,2.1,3.9
1675934558.399000,45.370908,6.648465,2551.035896,71.6,12.313711,2.1,3.9
1675934559.399000,45.370963,6.648655,2543.834042,67.6,14.192340,2.1,3.9
1675934560.400000,45.371040,6.648852,2541.045254,61.9,15.843372,2.1,3.9
1675934561.400000,45.371122,6.649053,2531.711274,60.8,16.726433,2.1,3.9
1675934562.400000,45.371177,6.649238,2528.297156,66.9,15.000042,2.1,3.9
1675934563.399000,45.371194,6.649373,2524.566991,74.8,11.167301,2.1,3.9
1675934565.399000,45.371204,6.649531,2518.969541,70.1,5.011311,2.1,3.9
1675934569.400000,45.371167,6.649667,2518.328948,119.0,1.563103,2.1,3.9
1675934587.399000,45.371249,6.649734,2514.663073,52.0,1.487624,2.1,4.3
1675934590.399000,45.371337,6.649881,2511.544794,56.0,7.400597,2.1,4.1
1675934591.399000,45.371386,6.650000,2508.989208,56.9,9.887954,2.1,4.1
1675934592.399000,45.371446,6.650141,2505.155904,56.0,12.291424,2.1,4.1
1675934593.399000,45.371523,6.650298,2500.025432,53.1,14.331539,2.1,3.9
1675934594.399000,45.371618,6.650461,2495.281590,48.3,15.973822,2.1,3.9
1675934595.399000,45.371728,6.650619,2488.458918,44.2,16.820021,2.1,3.9
1675934596.399000,45.371845,6.650767,2486.173949,41.2,17.055176,2.1,3.9
1675934597.399000,45.371964,6.650915,2479.006833,41.0,17.531406,2.1,3.9
1675934598.399000,45.372078,6.651073,2471.145900,45.6,17.395771,2.1,3.9
1675934599.400000,45.372165,6.651279,2465.029064,57.4,17.734863,2.1,3.9
1675934600.399000,45.372239,6.651427,2463.100055,36.2,10.602931,2.1,3.9
1675934606.399000,45.372276,6.651546,2465.115196,83.4,0.294983,2.1,3.9
1675934623.746000,45.372366,6.651577,2465.595333,18.1,2.184048,2.1,5.8
1675934627.635000,45.372443,6.651652,2464.415590,38.0,2.044089,2.1,6.6
1675934637.960000,45.372532,6.651697,2464.293543,38.4,1.552786,2.1,4.5
1675934645.303000,45.372636,6.651742,2463.069607,23.2,1.825309,2.1,6.8
1675934649.204000,45.372747,6.651791,2461.520653,10.3,3.651026,2.1,6.7
1675934651.399000,45.372872,6.651852,2459.701035,335.7,6.259361,2.1,6.0
1675934653.400000,45.373016,6.651899,2457.129976,322.2,8.008722,2.1,4.9
1675934654.399000,45.373111,6.651943,2453.443100,355.7,8.665130,2.1,4.4
1675934655.400000,45.373223,6.652011,2450.249451,8.6,10.503366,2.1,3.9
1675934656.400000,45.373343,6.652073,2446.789502,12.2,11.797570,2.1,3.9
1675934657.400000,45.373467,6.652120,2444.837387,11.1,12.617194,2.1,3.9
1675934658.400000,45.373589,6.652150,2443.706656,9.4,12.848176,2.1,3.9
1675934659.399000,45.373709,6.652168,2442.281674,7.5,12.817162,2.1,3.9
1675934660.399000,45.373825,6.652178,2437.800537,5.5,12.569032,2.0,3.9
1675934661.399000,45.373937,6.652179,2439.905209,3.0,12.199732,2.2,3.9
1675934662.399000,45.374042,6.652174,2439.244939,0.8,11.795763,2.0,3.9
1675934663.399000,45.374145,6.652164,2437.760912,358.6,11.528773,2.0,3.9
1675934664.399000,45.374247,6.652149,2436.876871,356.0,11.417356,2.1,3.9
1675934665.399000,45.374342,6.652139,2434.962450,4.4,10.655000,2.0,3.9
1675934676.913000,45.374440,6.652150,2431.551456,349.8,2.244674,2.1,5.4
1675934679.785000,45.374533,6.652182,2430.747081,15.5,4.570726,2.1,6.6
1675934681.401000,45.374641,6.652203,2428.670409,3.0,5.922598,2.1,5.8
1675934683.400000,45.374773,6.652218,2426.559000,359.0,7.452625,2.1,5.1
1675934685.400000,45.374943,6.652254,2421.049342,4.0,9.815582,2.0,3.9
1675934686.401000,45.375030,6.652301,2419.290905,6.0,9.905640,2.0,3.9
1675934688.400000,45.375183,6.652420,2418.380574,4.0,9.245301,2.1,3.9
1675934690.399000,45.375316,6.652566,2416.634978,344.3,9.807508,2.0,3.9
1675934692.400000,45.375461,6.652719,2412.654623,331.5,10.607710,2.0,3.9
1675934693.401000,45.375542,6.652793,2410.515930,314.9,10.742828,2.0,3.9
1675934694.399000,45.375622,6.652858,2410.340190,314.2,10.778487,2.0,3.9
1675934695.400000,45.375706,6.652925,2408.216631,309.4,10.452097,2.0,3.9
1675934696.400000,45.375790,6.652986,2406.880436,299.7,10.319328,2.0,3.9
1675934698.399000,45.375962,6.653140,2405.671482,21.0,9.677791,2.0,3.9
1675934699.400000,45.376045,6.653201,2404.815072,21.0,9.511895,2.0,3.9
1675934701.400000,45.376198,6.653296,2403.484034,22.9,8.952832,2.0,3.9
1675934703.400000,45.376339,6.653395,2402.655273,25.0,8.460065,2.0,3.9
1675934706.401000,45.376430,6.653474,2401.794658,275.1,2.611138,2.0,3.9
1675934726.401000,45.376449,6.653516,2401.756759,294.4,0.000000,2.0,4.0
1675934726.401000,45.376449,6.653516,2401.756759,294.4,0.000000,2.0,4.0
1675934731.239000,45.376536,6.653551,2399.696551,20.8,2.398246,2.0,5.8
1675934733.401000,45.376662,6.653648,2397.323520,27.4,6.560625,2.0,6.1
1675934735.401000,45.376851,6.653751,2390.222461,12.1,13.311594,2.0,5.1
1675934736.401000,45.376978,6.653785,2389.395145,7.1,14.899419,2.0,3.9
1675934737.400000,45.377117,6.653807,2386.974523,5.0,16.118305,2.0,3.9
1675934738.401000,45.377268,6.653809,2385.077893,352.2,17.525196,2.0,3.9
1675934739.401000,45.377428,6.653757,2374.776255,340.3,18.802013,2.0,3.9
1675934740.400000,45.377598,6.653668,2364.918873,341.0,20.396723,2.0,3.9
1675934741.401000,45.377774,6.653574,2355.107739,336.3,20.571209,2.0,3.9
1675934742.401000,45.377951,6.653474,2354.473095,338.0,21.371462,2.0,3.9
1675934743.401000,45.378137,6.653385,2350.439318,342.9,21.867985,2.0,3.9
1675934744.400000,45.378328,6.653351,2340.082264,358.8,20.443329,2.0,3.9
1675934745.401000,45.378477,6.653385,2340.181265,17.0,14.624762,2.0,3.9
1675934746.400000,45.378597,6.653428,2337.927689,9.0,13.632230,2.1,3.9
1675934747.400000,45.378725,6.653429,2339.591983,354.0,14.835569,2.1,3.9
1675934748.402000,45.378862,6.653422,2335.216544,2.0,15.729576,2.0,3.9
1675934749.400000,45.379004,6.653443,2334.019533,8.0,15.730006,2.0,3.9
1675934750.400000,45.379139,6.653464,2330.792380,4.0,14.400594,2.0,3.9
1675934751.400000,45.379265,6.653468,2327.909982,0.0,13.560329,2.0,3.9
1675934752.401000,45.379386,6.653467,2326.532539,359.0,13.300106,2.0,3.9
1675934753.401000,45.379505,6.653465,2325.216141,360.0,12.930174,2.0,3.9
1675934754.400000,45.379621,6.653473,2323.991307,5.0,12.989960,2.0,3.9
1675934755.400000,45.379740,6.653498,2321.800327,10.0,13.349877,2.0,3.9
1675934756.400000,45.379861,6.653536,2319.483585,13.0,13.879848,2.0,3.9
1675934757.402000,45.379989,6.653574,2317.273510,11.0,15.009535,2.0,3.9
1675934758.401000,45.380126,6.653612,2314.464453,11.0,15.989605,2.0,3.9
1675934759.402000,45.380271,6.653658,2309.112178,13.0,17.029451,2.0,3.9
1675934760.400000,45.380424,6.653711,2304.279757,13.0,17.161333,2.0,3.9
1675934761.401000,45.380559,6.653774,2299.885824,18.6,15.490888,2.0,3.9
1675934762.400000,45.380658,6.653851,2296.431855,27.4,12.069151,2.0,3.9
1675934764.400000,45.380812,6.653921,2293.004546,11.0,7.481916,2.0,3.9
1675934766.400000,45.380945,6.653990,2292.555009,21.0,8.289843,2.0,3.9
1675934768.402000,45.381067,6.654077,2292.166797,37.0,6.190206,2.0,3.9
1675934788.189000,45.381092,6.654120,2288.470085,331.0,0.000000,2.0,3.7
1675934788.189000,45.381092,6.654120,2288.470085,331.0,0.000000,2.0,3.7
1675934790.400000,45.381200,6.654188,2286.347364,23.9,5.849229,2.0,4.8
1675934792.400000,45.381340,6.654275,2284.214819,24.0,9.139809,2.0,4.9
1675934794.401000,45.381506,6.654384,2280.280683,25.0,11.539690,2.0,4.3
1675934795.400000,45.381610,6.654456,2277.562946,24.0,12.749777,2.0,3.9
1675934796.401000,45.381714,6.654527,2274.335015,25.0,12.730007,2.0,3.9
1675934797.400000,45.381816,6.654596,2271.240365,24.0,12.472997,2.0,3.9
1675934798.400000,45.381921,6.654665,2270.536619,24.0,12.658991,2.0,3.9
1675934799.401000,45.382024,6.654733,2267.457347,25.0,12.537819,2.0,3.9
1675934800.400000,45.382128,6.654804,2265.859086,25.0,12.645133,2.0,3.9
1675934801.400000,45.382233,6.654873,2264.179601,20.2,12.746291,2.0,3.9
1675934802.400000,45.382341,6.654934,2262.659649,16.2,12.813814,2.0,3.9
1675934803.400000,45.382451,6.654989,2260.283989,18.9,12.904793,2.0,3.9
1675934804.400000,45.382563,6.655044,2258.753905,17.1,13.032425,2.1,3.9
1675934805.400000,45.382680,6.655091,2256.328667,14.2,13.340916,2.1,3.9
1675934806.400000,45.382803,6.655114,2254.094865,5.5,13.606233,2.0,3.9
1675934807.400000,45.382922,6.655092,2252.491011,349.9,12.968472,2.0,3.9
1675934808.401000,45.383032,6.655038,2251.536674,344.3,12.608263,2.0,3.9
1675934809.400000,45.383133,6.654977,2250.874006,340.2,12.207216,2.0,3.9
1675934810.401000,45.383231,6.654915,2248.913542,338.4,11.929523,2.0,3.9
1675934811.400000,45.383328,6.654855,2247.898740,338.1,11.798669,2.0,3.9
1675934812.401000,45.383425,6.654801,2246.113157,338.6,11.575145,2.0,3.9
1675934813.400000,45.383519,6.654751,2245.126530,339.4,11.181203,2.0,3.9
1675934814.400000,45.383608,6.654707,2244.814728,340.3,10.792757,2.0,3.9
1675934815.400000,45.383698,6.654670,2244.281234,342.9,10.506258,2.0,3.9
1675934816.400000,45.383786,6.654644,2244.847443,346.3,10.281183,2.0,3.9
1675934817.400000,45.383877,6.654624,2244.459702,349.0,10.277535,2.0,3.9
1675934818.400000,45.383970,6.654609,2244.199753,350.7,10.285381,2.0,3.9
1675934819.401000,45.384061,6.654594,2241.737211,351.5,10.188742,2.0,3.9
1675934821.400000,45.384233,6.654564,2239.078612,351.4,9.676531,2.0,3.9
1675934823.401000,45.384394,6.654525,2238.129998,349.8,9.174716,2.0,3.9
1675934825.401000,45.384555,6.654485,2236.703256,350.5,9.164677,2.0,3.9
1675934827.400000,45.384716,6.654457,2235.473463,352.8,8.909138,2.0,3.9
1675934829.401000,45.384865,6.654446,2234.052485,356.5,8.328999,2.0,3.9
1675934831.400000,45.385002,6.654445,2233.516874,358.0,7.856858,2.0,3.9
1675934833.400000,45.385133,6.654434,2232.586403,356.1,7.395450,2.1,3.9
1675934835.402000,45.385247,6.654405,2232.609443,344.7,6.419962,2.0,3.9
1675934838.400000,45.385343,6.654328,2232.405706,325.9,3.496349,2.0,3.9
1675934858.201000,45.385341,6.654274,2234.173877,-1.0,0.000000,2.0,3.7
1675934858.201000,45.385341,6.654274,2234.173877,-1.0,0.000000,2.0,3.7
1675935054.287000,45.385448,6.654414,2245.049248,44.5,2.365535,2.0,5.4
1675935057.401000,45.385536,6.654510,2242.281631,28.1,3.767631,2.0,6.2
1675935060.402000,45.385646,6.654571,2242.550307,12.5,4.164639,2.0,4.8
1675935063.401000,45.385761,6.654611,2242.230121,11.0,4.587536,2.0,3.9
1675935066.401000,45.385884,6.654653,2240.849661,11.0,4.440527,2.0,3.9
1675935069.401000,45.385995,6.654689,2240.399381,9.7,4.321146,2.0,3.9
1675935072.401000,45.386120,6.654713,2239.819898,3.0,4.734522,2.0,3.9
1675935074.402000,45.386217,6.654728,2238.439962,6.1,5.356742,2.0,3.9
1675935076.403000,45.386329,6.654753,2236.461902,6.9,6.254375,2.0,3.9
1675935078.401000,45.386467,6.654776,2234.366056,9.8,7.688671,2.0,3.9
1675935080.402000,45.386630,6.654826,2231.469933,358.4,9.126617,2.0,3.9
1675935081.403000,45.386720,6.654842,2230.179446,1.0,9.724935,2.0,3.9
1675935082.401000,45.386816,6.654860,2227.746771,7.6,10.253979,2.0,3.9
1675935083.401000,45.386913,6.654894,2226.473867,9.9,10.676675,2.0,3.9
1675935084.401000,45.387012,6.654938,2224.726795,12.0,11.082195,2.0,3.9
1675935085.402000,45.387116,6.654977,2222.910450,10.3,11.487860,2.0,3.9
1675935086.402000,45.387223,6.655006,2221.605474,9.0,11.724058,2.0,3.9
1675935087.403000,45.387327,6.655040,2219.164997,18.6,11.624179,2.0,3.9
1675935088.401000,45.387425,6.655091,2218.137197,15.5,11.477128,2.0,3.9
1675935089.401000,45.387521,6.655136,2216.306888,2.4,11.090553,2.0,3.9
1675935091.401000,45.387637,6.655137,2213.092519,270.9,4.292458,2.0,3.9
1675935095.401000,45.387743,6.655184,2211.601893,203.6,4.849657,2.0,3.9
1675935097.402000,45.387884,6.655231,2209.239970,16.7,4.850478,2.0,3.9
1675935099.402000,45.388017,6.655284,2207.153135,17.5,5.827274,2.0,4.0
1675935101.403000,45.388141,6.655363,2205.673076,23.0,8.499624,2.0,4.0
1675935103.401000,45.388304,6.655452,2201.487653,20.0,10.939730,2.0,4.0
1675935104.401000,45.388400,6.655488,2198.681670,10.0,11.509883,2.0,3.9
1675935105.401000,45.388504,6.655501,2197.381060,3.4,11.570677,2.0,3.9
1675935106.401000,45.388613,6.655491,2195.211582,352.3,12.067758,2.0,3.9
1675935107.402000,45.388726,6.655461,2192.775209,350.1,12.609653,2.0,3.9
1675935108.401000,45.388842,6.655423,2191.347471,348.1,13.017618,2.0,3.9
1675935109.402000,45.388964,6.655401,2187.535598,354.6,13.522841,2.0,3.9
1675935110.402000,45.389093,6.655421,2183.705974,8.3,14.292127,2.0,3.9
1675935111.401000,45.389227,6.655476,2182.116515,12.8,15.204115,2.0,3.9
1675935112.401000,45.389369,6.655501,2177.946623,2.5,15.779820,2.0,3.9
1675935113.401000,45.389512,6.655466,2174.817671,347.8,15.915075,2.0,3.9
1675935114.401000,45.389651,6.655408,2171.537618,347.0,15.466454,2.0,3.9
1675935115.401000,45.389782,6.655394,2168.890319,359.3,14.511960,2.0,3.9
1675935116.401000,45.389907,6.655421,2167.805029,7.5,13.734612,2.0,3.9
1675935117.401000,45.390026,6.655459,2168.694330,9.0,13.531660,2.0,3.9
1675935118.402000,45.390142,6.655477,2168.506102,359.0,12.530462,2.0,3.9
1675935119.402000,45.390253,6.655465,2167.158335,350.0,12.220116,2.0,3.9
1675935120.402000,45.390357,6.655457,2165.951540,2.0,11.280329,2.0,3.9
1675935121.401000,45.390449,6.655492,2164.373925,23.0,10.480146,2.0,3.9
1675935122.401000,45.390532,6.655548,2163.857802,23.0,9.550293,2.0,3.9
1675935124.401000,45.390681,6.655604,2160.821697,17.0,8.120066,2.0,3.9
1675935126.401000,45.390824,6.655676,2159.473226,18.0,8.649908,2.0,3.9
1675935128.402000,45.390981,6.655761,2157.482274,22.0,9.629898,2.0,3.9
1675935130.402000,45.391142,6.655860,2155.783445,23.9,9.672876,2.0,3.9
1675935132.402000,45.391296,6.655970,2153.917591,30.9,9.595422,2.0,3.9
1675935134.401000,45.391426,6.656123,2151.631541,48.9,9.166289,2.0,3.9
1675935136.402000,45.391554,6.656280,2149.920155,29.1,9.756639,2.0,3.9
1675935138.401000,45.391672,6.656449,2146.681427,59.9,8.664219,2.0,3.9
1675935140.401000,45.391762,6.656574,2145.954082,18.0,7.389616,2.0,3.9
1675935142.402000,45.391896,6.656641,2142.845321,22.0,8.229892,2.0,3.9
1675935144.401000,45.392047,6.656720,2140.058076,16.0,9.729547,2.0,3.9
1675935146.402000,45.392206,6.656825,2138.876665,28.0,10.069991,2.0,3.9
1675935147.401000,45.392289,6.656882,2135.922239,22.0,10.809902,2.0,3.9
1675935148.401000,45.392382,6.656932,2132.869573,19.0,11.429923,2.0,3.9
1675935149.401000,45.392476,6.656976,2130.497803,16.0,10.710100,2.0,3.9
1675935150.401000,45.392567,6.657011,2127.862126,14.0,10.550019,2.0,3.9
1675935151.401000,45.392658,6.657043,2125.365665,14.0,10.420015,2.0,3.9
1675935152.401000,45.392750,6.657073,2124.457074,12.0,10.499985,2.0,3.9
1675935153.401000,45.392843,6.657102,2123.420977,11.0,10.639978,2.0,3.9
1675935154.403000,45.392939,6.657126,2120.482913,8.0,10.869949,2.0,3.9
1675935155.401000,45.393037,6.657142,2119.098828,5.0,10.919990,2.0,3.9
1675935156.402000,45.393137,6.657146,2117.092698,358.0,11.229909,2.0,3.9
1675935157.402000,45.393237,6.657130,2114.170188,350.0,11.160002,2.0,3.9
1675935158.401000,45.393328,6.657106,2111.202573,351.0,9.760271,2.0,3.9
1675935160.401000,45.393490,6.657063,2108.722817,326.0,9.719365,2.0,3.9
1675935161.401000,45.393564,6.656988,2107.104992,324.0,10.429355,2.0,3.9
1675935162.402000,45.393649,6.656911,2104.376136,329.0,11.907422,2.0,3.9
1675935163.401000,45.393749,6.656866,2101.019519,352.9,11.665497,2.0,3.9
1675935164.402000,45.393849,6.656873,2100.520207,9.0,10.662421,2.0,3.9
1675935165.401000,45.393942,6.656898,2099.187568,11.0,10.520052,2.0,3.9
1675935166.401000,45.394034,6.656928,2098.229107,14.8,10.509611,2.0,3.9
1675935167.401000,45.394119,6.656969,2097.626490,18.9,9.800471,2.0,3.9
1675935169.402000,45.394283,6.657034,2095.616628,12.0,9.349981,2.0,3.9
1675935171.402000,45.394454,6.657097,2093.494839,15.0,9.730006,2.0,3.9
1675935173.401000,45.394619,6.657166,2091.455137,16.0,9.250107,2.0,3.9
1675935175.401000,45.394761,6.657219,2090.993547,15.0,7.280149,2.0,3.9
1675935177.403000,45.394876,6.657245,2089.614338,349.0,6.489399,2.0,3.9
1675935179.401000,45.394928,6.657137,2088.884403,277.0,5.110009,2.0,3.9
1675935181.402000,45.394986,6.657032,2087.839304,320.2,5.733313,2.0,3.9
1675935183.401000,45.395058,6.656872,2082.755325,281.0,8.049545,2.0,3.9
1675935185.402000,45.395078,6.656680,2078.771788,290.0,8.459742,2.0,3.9
1675935188.403000,45.395153,6.656562,2075.147761,294.0,3.529342,2.0,3.9
1675935196.402000,45.395182,6.656389,2071.282170,305.6,5.477640,2.0,4.0
1675935198.403000,45.395266,6.656240,2068.987930,329.0,7.637102,2.0,4.1
1675935200.403000,45.395440,6.656097,2059.227820,340.9,13.925359,2.0,4.1
1675935201.403000,45.395570,6.656061,2055.370081,355.0,15.420407,2.0,4.2
1675935202.402000,45.395712,6.656046,2052.315079,356.0,16.478148,2.0,3.9
1675935203.402000,45.395856,6.656036,2045.785475,359.0,15.732001,2.0,3.9
1675935204.402000,45.395998,6.656042,2042.075685,5.0,15.969541,2.0,3.9
1675935205.403000,45.396138,6.656069,2040.639601,10.0,15.530195,2.0,3.9
1675935206.404000,45.396275,6.656090,2040.057677,3.0,14.970170,2.0,3.9
1675935207.404000,45.396413,6.656089,2039.308649,358.0,15.288688,2.0,3.9
1675935208.402000,45.396554,6.656092,2037.543087,2.0,16.074144,2.0,3.9
1675935209.403000,45.396700,6.656106,2035.413683,4.0,17.344316,2.0,3.9
1675935210.402000,45.396862,6.656131,2030.070377,7.0,19.103872,2.0,3.9
1675935211.402000,45.397031,6.656169,2028.018091,10.0,18.673368,2.0,3.9
1675935212.403000,45.397188,6.656214,2022.823308,12.0,17.051527,2.0,3.9
1675935213.403000,45.397331,6.656271,2019.076768,19.0,16.051638,2.0,3.9
1675935214.403000,45.397463,6.656345,2017.752486,23.0,15.450511,2.0,3.9
1675935215.403000,45.397592,6.656383,2015.945865,0.1,14.120364,2.0,3.9
1675935216.402000,45.397714,6.656358,2009.676874,346.1,13.284247,2.0,3.9
1675935217.403000,45.397834,6.656320,2008.383128,349.8,13.687207,2.0,3.9
1675935218.402000,45.397960,6.656277,2005.642762,343.0,14.969744,2.0,3.9
1675935219.402000,45.398091,6.656213,2001.301588,338.0,15.429805,2.0,3.9
1675935220.404000,45.398222,6.656134,1997.563982,335.0,16.169596,2.0,3.9
1675935221.403000,45.398332,6.656042,1992.415182,321.0,12.701797,2.0,3.9
1675935223.403000,45.398435,6.655913,1985.754936,326.0,4.355738,2.0,3.9
1675935242.163000,45.398484,6.655843,1980.544208,7.6,0.000000,2.0,3.8
1675935242.163000,45.398484,6.655843,1980.544208,7.6,0.000000,2.0,3.8
1675935243.885000,45.398530,6.655840,1980.297755,358.7,4.233031,2.0,4.2
1675935245.403000,45.398661,6.655817,1978.766343,351.0,8.052765,2.0,4.3
1675935247.403000,45.398841,6.655774,1975.911115,349.0,11.148830,2.0,4.4
1675935248.402000,45.398934,6.655744,1973.354476,346.1,10.188994,2.0,4.5
1675935249.402000,45.399056,6.655699,1970.260496,345.0,15.273483,2.0,3.9
1675935250.402000,45.399198,6.655654,1967.021326,348.0,16.259573,2.0,3.9
1675935251.402000,45.399347,6.655626,1960.989224,353.0,17.749426,2.0,3.9
1675935252.402000,45.399506,6.655607,1960.642576,355.0,18.509659,2.0,3.9
1675935253.402000,45.399674,6.655596,1949.521433,358.0,19.279797,2.0,3.9
1675935254.403000,45.399848,6.655585,1947.665508,356.0,19.859932,2.0,3.9
1675935255.403000,45.400028,6.655563,1940.194616,355.0,20.169964,2.0,3.9
1675935256.402000,45.400212,6.655538,1932.559631,354.0,20.459967,2.0,3.9
1675935257.402000,45.400397,6.655509,1926.061993,353.0,21.039934,2.0,3.9
1675935258.403000,45.400587,6.655480,1925.115858,354.0,21.329964,2.0,3.9
1675935259.404000,45.400777,6.655452,1919.368528,354.0,21.230011,2.0,3.9
1675935260.403000,45.400962,6.655422,1917.008091,353.0,20.134695,2.0,3.9
1675935261.402000,45.401135,6.655387,1916.971269,351.0,19.000187,2.0,3.9
1675935262.403000,45.401296,6.655356,1915.320733,353.0,17.210281,2.0,3.9
1675935263.402000,45.401442,6.655331,1915.906219,352.0,15.460341,2.0,3.9
1675935264.403000,45.401575,6.655301,1915.942920,349.0,13.990225,2.0,3.9
1675935265.403000,45.401696,6.655269,1915.311118,349.0,13.110134,2.0,3.9
1675935266.403000,45.401809,6.655241,1914.312712,348.0,11.940275,2.0,3.9
1675935267.402000,45.401915,6.655212,1912.239392,349.0,11.520096,2.0,3.9
1675935268.402000,45.402017,6.655188,1910.190331,350.0,11.150084,2.0,3.9
1675935269.404000,45.402116,6.655161,1908.485193,348.1,10.980948,2.0,3.9
1675935270.402000,45.402210,6.655137,1907.874267,343.1,10.541540,2.0,3.9
1675935271.402000,45.402299,6.655110,1907.394764,336.2,9.966981,2.0,3.9
1675935273.402000,45.402457,6.655056,1907.096998,2.9,8.875115,2.0,3.9
1675935275.404000,45.402617,6.655033,1906.537236,345.2,9.303926,2.0,3.9
1675935277.403000,45.402781,6.654976,1902.586319,339.0,9.263006,2.0,3.9
1675935279.402000,45.402948,6.654929,1900.826184,329.0,9.220029,2.0,3.9
1675935281.402000,45.403116,6.654892,1899.483707,323.2,9.327890,2.0,3.9
1675935283.402000,45.403290,6.654849,1897.767560,320.1,9.535278,2.0,3.9
1675935284.403000,45.403379,6.654829,1895.905572,321.0,9.836332,2.0,3.9
1675935285.403000,45.403474,6.654809,1895.051658,316.3,10.191551,2.0,3.9
1675935286.403000,45.403568,6.654788,1894.111059,318.9,10.301972,2.0,3.9
1675935287.403000,45.403662,6.654774,1892.440424,322.9,10.305284,2.0,3.9
1675935288.403000,45.403758,6.654763,1891.541447,319.2,10.240419,2.0,3.9
1675935289.403000,45.403850,6.654751,1890.560315,331.5,10.286155,2.0,3.9
1675935290.402000,45.403946,6.654744,1890.187394,333.9,10.230935,2.0,3.9
1675935291.402000,45.404040,6.654736,1889.408095,327.3,10.182086,2.0,3.9
1675935292.403000,45.404134,6.654721,1887.532718,324.2,10.256182,2.0,3.9
1675935293.402000,45.404227,6.654703,1885.642803,328.8,10.283410,2.0,3.9
1675935294.403000,45.404322,6.654690,1885.000947,331.0,10.163976,2.0,3.9
1675935295.402000,45.404417,6.654683,1883.463413,333.9,10.186148,2.0,3.9
1675935296.403000,45.404511,6.654678,1882.729501,336.0,10.245294,2.0,3.9
1675935297.404000,45.404606,6.654673,1881.928218,338.0,10.324502,2.0,3.9
1675935298.403000,45.404704,6.654667,1880.163046,340.9,10.546556,2.0,3.9
1675935299.402000,45.404802,6.654660,1878.830538,338.1,10.725034,2.0,3.9
1675935300.402000,45.404902,6.654647,1877.629939,338.0,10.902852,2.0,3.9
1675935301.402000,45.405003,6.654630,1876.819076,335.1,11.180656,2.0,3.9
1675935302.403000,45.405105,6.654610,1875.486869,337.0,11.273982,2.0,3.9
1675935303.404000,45.405210,6.654594,1874.237663,328.4,11.569383,2.0,3.9
1675935304.402000,45.405317,6.654565,1871.986293,330.0,11.922530,2.0,3.9
1675935305.403000,45.405426,6.654527,1870.452591,322.4,12.216596,2.0,3.9
1675935306.402000,45.405526,6.654460,1868.138753,317.2,12.227736,2.0,3.9
1675935307.402000,45.405617,6.654371,1866.623264,307.4,12.251606,2.0,3.9
1675935308.402000,45.405694,6.654265,1865.185161,327.2,11.763622,2.0,3.9
1675935309.402000,45.405783,6.654182,1863.553494,351.3,11.256651,2.0,3.9
1675935310.403000,45.405877,6.654140,1863.115668,353.0,10.935148,2.0,3.9
1675935311.402000,45.405972,6.654107,1860.780815,343.3,11.058090,2.0,3.9
1675935312.403000,45.406070,6.654074,1859.794913,351.8,11.283769,2.0,3.9
1675935313.403000,45.406172,6.654066,1858.432832,330.8,11.375801,2.0,3.9
1675935314.402000,45.406270,6.654048,1856.085922,324.3,10.959644,2.0,3.9
1675935315.402000,45.406365,6.654040,1851.967627,4.1,10.746744,2.0,3.9
1675935316.402000,45.406463,6.654085,1851.232455,356.2,10.624849,2.0,3.9
1675935317.403000,45.406555,6.654118,1847.235433,13.4,11.483883,2.0,3.9
1675935318.402000,45.406660,6.654169,1844.612019,13.0,12.679066,2.0,3.9
1675935319.403000,45.406774,6.654213,1846.606430,14.0,13.419791,2.0,3.9
1675935320.403000,45.406891,6.654257,1843.517226,13.0,13.270032,2.0,3.9
1675935321.403000,45.407008,6.654297,1842.267343,13.0,13.559966,2.0,3.9
1675935322.403000,45.407131,6.654333,1841.170997,10.0,13.939897,2.0,3.9
1675935323.404000,45.407256,6.654362,1837.039329,8.0,14.089928,2.0,3.9
1675935324.402000,45.407384,6.654386,1835.072302,6.0,14.629771,2.0,3.9
1675935325.403000,45.407518,6.654395,1833.264604,359.0,15.039761,2.0,3.9
1675935326.402000,45.407653,6.654384,1829.281975,354.0,14.940045,2.0,3.9
1675935327.402000,45.407786,6.654357,1826.393544,349.0,14.830049,2.0,3.9
1675935328.402000,45.407913,6.654315,1825.428019,344.0,14.370169,2.0,3.9
1675935329.403000,45.408034,6.654263,1823.815255,341.0,13.760144,2.0,3.9
1675935330.403000,45.408149,6.654209,1821.943780,341.0,13.010176,2.0,3.9
1675935331.402000,45.408260,6.654162,1820.789222,344.0,12.790046,2.0,3.9
1675935332.402000,45.408371,6.654126,1819.585972,349.0,12.550044,2.0,3.9
1675935333.402000,45.408485,6.654105,1818.694961,352.8,12.745540,2.0,3.9
1675935334.403000,45.408602,6.654106,1817.312555,3.0,13.105140,2.0,3.9
1675935335.402000,45.408725,6.654131,1814.407229,9.0,13.797741,2.0,3.9
1675935336.403000,45.408854,6.654174,1812.532962,21.9,14.830306,2.0,3.9
1675935337.403000,45.408989,6.654245,1807.515472,18.2,15.900678,2.0,3.9
1675935338.403000,45.409135,6.654310,1803.727146,16.0,17.389526,2.0,3.9
1675935339.403000,45.409296,6.654364,1800.287719,9.0,19.189278,2.0,3.9
1675935340.403000,45.409471,6.654395,1796.447011,4.0,19.999767,2.0,3.9
1675935341.402000,45.409653,6.654405,1796.430485,359.0,20.719845,2.0,3.9
1675935342.402000,45.409842,6.654395,1783.685144,356.0,21.579832,2.0,3.9
1675935343.402000,45.410037,6.654391,1783.082536,1.0,21.899879,2.0,3.9
1675935344.402000,45.410234,6.654416,1772.785512,7.0,22.549849,2.0,3.9
1675935345.402000,45.410438,6.654435,1763.781577,0.0,23.139875,2.0,3.9
1675935346.403000,45.410646,6.654459,1759.170044,8.9,23.639290,2.0,3.9
1675935347.403000,45.410840,6.654531,1758.417559,17.9,21.524641,2.0,3.9
1675935348.402000,45.411020,6.654622,1755.221159,20.0,21.361698,2.0,3.9
1675935349.402000,45.411201,6.654690,1752.996657,11.0,21.099888,2.0,3.9
1675935350.402000,45.411379,6.654775,1743.084137,26.0,21.299999,2.0,3.9
1675935351.402000,45.411551,6.654888,1738.517715,22.0,20.980021,2.0,3.9
1675935352.403000,45.411731,6.654974,1735.112508,16.0,21.389866,2.0,3.9
1675935353.402000,45.411917,6.655052,1727.163340,17.0,21.739943,2.0,3.9
1675935354.404000,45.412109,6.655127,1717.493254,13.0,22.189842,2.0,3.9
1675935355.402000,45.412308,6.655178,1715.338638,8.0,22.749815,2.0,3.9
1675935356.403000,45.412516,6.655212,1706.569354,5.0,23.829605,2.0,3.9
1675935357.402000,45.412736,6.655220,1697.115232,358.0,24.929409,2.0,3.9
1675935358.402000,45.412955,6.655188,1689.223622,350.0,24.070318,2.0,3.9
1675935359.404000,45.413160,6.655125,1684.223555,345.0,22.970226,2.0,3.9
1675935360.403000,45.413355,6.655045,1681.300963,342.0,22.540129,2.0,3.9
1675935361.404000,45.413543,6.654954,1679.572019,339.0,22.030109,2.0,3.9
1675935362.403000,45.413723,6.654852,1675.235440,335.0,21.180172,2.0,3.9
1675935363.403000,45.413892,6.654738,1671.268488,333.0,20.430140,2.0,3.9
1675935364.404000,45.414054,6.654625,1668.744996,332.0,19.450262,2.0,3.9
1675935365.402000,45.414208,6.654513,1664.671479,332.0,18.850159,2.0,3.9
1675935366.402000,45.414357,6.654403,1660.315038,331.0,18.160124,2.0,3.9
1675935367.402000,45.414498,6.654293,1657.248032,330.0,17.470293,2.0,3.9
1675935368.403000,45.414632,6.654182,1653.189993,329.0,16.840439,2.0,3.9
1675935369.402000,45.414761,6.654069,1650.093492,327.0,16.360239,2.0,3.9
1675935370.403000,45.414883,6.653954,1646.833058,326.0,16.140081,2.0,3.9
1675935371.403000,45.415007,6.653863,1644.090588,340.0,15.449520,2.0,3.9
1675935372.403000,45.415141,6.653826,1643.219258,354.0,15.069391,2.0,3.9
1675935373.403000,45.415274,6.653795,1641.089050,345.0,14.850068,2.0,3.9
1675935374.403000,45.415400,6.653737,1635.488519,341.0,14.490129,2.0,3.9
1675935375.402000,45.415514,6.653672,1632.747825,335.0,13.070391,2.0,3.9
1675935376.402000,45.415613,6.653600,1630.037393,330.0,11.730296,2.0,3.9
1675935377.403000,45.415709,6.653530,1627.138694,333.0,12.239875,2.0,3.9
1675935378.402000,45.415815,6.653488,1624.980056,353.0,12.247736,2.0,3.9
1675935379.402000,45.415930,6.653486,1623.073154,1.0,12.598994,2.0,3.9
1675935380.402000,45.416035,6.653463,1617.343395,340.0,11.490177,2.0,3.9
1675935381.403000,45.416118,6.653406,1614.904474,331.0,9.290917,2.0,3.9
1675935383.403000,45.416231,6.653292,1610.016640,316.0,6.650205,2.0,3.9
1675935385.402000,45.416311,6.653169,1607.605241,318.0,7.719167,2.0,3.9
1675935387.402000,45.416455,6.653081,1605.348587,0.7,9.518479,2.0,3.9
1675935389.402000,45.416617,6.653030,1600.068359,324.2,8.049841,2.0,3.9
1675935391.402000,45.416709,6.652915,1596.707634,321.5,6.678730,2.0,3.9
1675935395.403000,45.416786,6.652830,1594.174590,357.7,2.126235,2.0,3.9
1675935399.403000,45.416898,6.652741,1591.066437,304.4,3.021094,2.0,3.9
1675935406.403000,45.416911,6.652614,1590.479013,268.2,1.325117,2.1,3.9
1675935431.519000,45.417001,6.652598,1590.347029,347.7,1.533863,2.1,6.9
1675935437.140000,45.417098,6.652581,1586.770468,339.0,1.879042,2.1,6.8
1675935444.367000,45.417105,6.652445,1585.844035,261.1,1.554113,2.2,6.8
1675935451.823000,45.417052,6.652332,1584.918644,243.2,1.104396,2.3,4.8
1675935462.148000,45.417116,6.652236,1585.444463,323.8,0.589727,2.1,4.8
1675935468.800000,45.417206,6.652253,1584.964392,357.4,0.769509,2.0,8.6
1675935477.748000,45.417297,6.652262,1585.541524,0.2,0.851593,2.1,10.8
1675935523.518000,45.417220,6.652169,1586.769945,163.3,2.179036,2.0,9.7
1675935533.667000,45.417128,6.652172,1590.061649,170.6,1.026516,2.0,12.8
1675935539.923000,45.417036,6.652152,1589.245211,182.2,0.931499,2.0,14.5
1675935546.806000,45.417011,6.652284,1586.667054,120.1,0.535197,2.0,14.4
1675935568.371000,45.416953,6.652399,1593.002908,141.0,0.996954,2.1,11.3
1675935573.909000,45.416911,6.652532,1594.277822,84.2,1.254330,2.0,10.0
1675935751.018000,45.416979,6.652437,1644.700073,336.3,1.088873,2.4,10.7
1675935814.115000,45.417059,6.652376,1646.500000,300.1,0.192142,2.6,5.5
1675935925.405000,45.416938,6.652364,1647.400024,171.8,4.957922,2.9,3.9
1675935926.406000,45.416838,6.652397,1649.256953,166.4,4.233863,3.4,3.9
1675935927.405000,45.416700,6.652436,1649.618307,165.1,3.545049,2.7,4.0
1675935930.405000,45.416577,6.652452,1654.847888,157.5,3.456545,3.9,4.5
1675935932.084000,45.416477,6.652472,1659.127969,166.9,4.072645,3.1,5.8
1675935934.378000,45.416382,6.652493,1661.588650,166.6,4.090302,3.8,6.4
1675935937.246000,45.416273,6.652525,1666.385350,164.7,4.654157,2.8,6.7
1675935940.114000,45.416149,6.652562,1668.847308,165.9,4.492723,3.9,10.3
1675935942.982000,45.416029,6.652595,1672.461336,162.9,4.439882,4.3,15.7
1675935946.405000,45.415904,6.652613,1674.198776,165.0,4.384953,6.5,16.0
1675935949.405000,45.415782,6.652637,1675.807937,167.0,4.392824,4.0,12.3
1675935952.406000,45.415664,6.652658,1681.309937,166.0,4.353343,3.2,9.9
1675935955.406000,45.415550,6.652687,1684.618689,163.0,4.559787,3.1,9.9
1675935958.405000,45.415439,6.652717,1688.411937,161.0,4.256678,4.0,10.1
1675935961.405000,45.415326,6.652751,1691.879081,160.0,4.251526,3.3,10.1
1675935964.405000,45.415210,6.652781,1694.708191,162.0,4.359406,3.4,10.3
1675935967.406000,45.415093,6.652811,1699.531893,162.0,4.327885,3.4,9.9
1675935970.406000,45.414974,6.652843,1703.832969,161.0,4.221490,4.7,9.9
1675935973.407000,45.414861,6.652872,1707.802233,160.0,4.423330,4.7,10.3
1675935976.405000,45.414744,6.652898,1709.031574,161.0,4.408087,4.7,10.3
1675935979.406000,45.414626,6.652926,1711.837211,160.0,4.383101,3.1,10.7
1675935982.405000,45.414512,6.652957,1715.291309,161.0,4.353232,3.3,10.4
1675935985.406000,45.414397,6.652985,1718.305169,162.0,4.407207,4.0,10.4
1675935988.405000,45.414265,6.653021,1722.136611,163.0,4.398853,3.1,9.9
1675935991.406000,45.414160,6.653045,1723.732002,162.0,4.293473,2.7,9.9
1675935994.406000,45.414044,6.653068,1728.295885,162.0,4.253736,3.6,10.4
1675935997.405000,45.413926,6.653094,1731.114428,163.0,4.344094,3.8,10.5
1675936000.406000,45.413808,6.653126,1735.822241,164.0,4.424853,4.6,10.5
1675936003.405000,45.413695,6.653154,1741.160732,162.0,4.317678,4.6,11.2
1675936006.406000,45.413582,6.653179,1744.028412,163.0,4.366052,3.1,11.2
1675936009.406000,45.413470,6.653203,1749.437895,164.0,4.181275,3.4,10.6
1675936012.405000,45.413356,6.653227,1753.217166,165.0,4.390741,3.6,9.9
1675936015.406000,45.413234,6.653255,1755.577153,165.0,4.395896,3.6,9.9
1675936018.405000,45.413105,6.653285,1757.854329,165.0,4.389720,2.7,9.9
1675936021.406000,45.412999,6.653309,1761.000935,166.0,4.410751,3.5,9.9
1675936024.405000,45.412879,6.653336,1763.949332,166.0,4.276824,3.9,9.9
1675936027.405000,45.412766,6.653365,1767.559215,166.0,4.312726,4.7,9.9
1675936030.405000,45.412645,6.653396,1771.324558,166.0,4.371524,4.8,9.9
1675936033.407000,45.412514,6.653429,1773.705808,167.0,4.331705,3.1,9.9
1675936036.406000,45.412408,6.653450,1777.825485,168.0,4.380034,2.8,9.9
1675936039.406000,45.412293,6.653468,1783.029303,168.0,4.379566,3.7,9.9
1675936042.407000,45.412182,6.653491,1786.951194,167.0,4.269119,3.4,9.9
1675936045.407000,45.412066,6.653514,1792.335303,168.0,4.251077,3.3,9.9
1675936048.406000,45.411951,6.653543,1794.660983,168.0,4.553150,3.3,10.0
1675936051.407000,45.411836,6.653574,1795.319957,168.0,4.549129,3.8,10.0
1675936054.406000,45.411716,6.653600,1796.963173,171.0,4.420816,3.9,9.9
1675936057.408000,45.411606,6.653628,1801.026296,167.0,4.398878,5.0,9.9
1675936060.407000,45.411489,6.653664,1803.051098,167.0,4.440521,3.6,10.1
1675936063.406000,45.411359,6.653696,1804.861380,167.0,4.459191,3.0,9.9
1675936066.408000,45.411249,6.653721,1808.168576,167.0,4.362653,3.0,9.9
1675936069.407000,45.411128,6.653746,1812.406483,167.0,4.399753,3.8,9.9
1675936072.407000,45.411017,6.653770,1815.820129,167.0,4.319475,3.5,9.9
1675936075.406000,45.410900,6.653800,1818.787113,168.0,4.368636,3.5,9.9
1675936078.406000,45.410775,6.653828,1820.517190,167.0,4.320043,2.8,9.9
1675936081.407000,45.410664,6.653851,1825.738108,167.0,4.281757,3.4,9.9
1675936084.406000,45.410543,6.653875,1829.558077,168.0,4.290971,4.2,9.9
1675936087.406000,45.410424,6.653904,1831.558868,167.0,4.325580,6.2,9.9
1675936090.406000,45.410303,6.653937,1833.423418,168.0,4.389386,5.1,9.9
1675936093.406000,45.410179,6.653966,1834.280882,168.0,4.420398,3.5,9.9
1675936096.406000,45.410068,6.653990,1837.888611,169.0,4.392755,3.6,9.9
1675936099.406000,45.409950,6.654019,1841.395841,167.0,4.469200,4.0,9.9
1675936102.406000,45.409839,6.654049,1841.745570,167.0,4.379154,4.2,9.9
1675936105.406000,45.409725,6.654080,1845.822926,167.0,4.329831,3.7,9.9
1675936108.407000,45.409607,6.654109,1848.838094,166.0,4.362536,3.2,9.9
1675936111.406000,45.409498,6.654136,1851.388282,166.0,4.418915,4.1,9.9
1675936114.406000,45.409380,6.654170,1853.558470,166.0,4.359623,4.5,9.9
1675936117.406000,45.409267,6.654202,1857.232463,165.1,4.333043,5.2,9.9
1675936120.406000,45.409150,6.654234,1861.236733,169.4,4.284131,4.8,9.9
1675936123.407000,45.409034,6.654248,1865.943169,170.0,4.473316,3.1,9.9
1675936126.408000,45.408920,6.654268,1869.420730,170.6,4.307401,3.2,9.9
1675936129.406000,45.408803,6.654292,1873.546696,167.9,4.306947,3.8,9.9
1675936132.407000,45.408691,6.654320,1877.652428,169.1,4.298479,3.5,9.9
1675936135.406000,45.408580,6.654351,1882.218014,151.1,4.211261,3.4,9.9
1675936138.408000,45.408478,6.654421,1885.169841,149.4,4.476365,2.7,9.9
1675936141.407000,45.408361,6.654464,1888.151949,156.2,4.466649,4.0,9.9
1675936144.406000,45.408239,6.654488,1887.335772,160.7,4.431445,4.1,9.9
1675936147.406000,45.408114,6.654494,1888.852352,165.0,4.481506,4.5,9.9
1675936150.407000,45.407991,6.654506,1890.941089,167.0,4.431216,5.0,9.9
1675936153.406000,45.407872,6.654524,1892.065866,169.0,4.382679,3.1,10.2
1675936156.407000,45.407752,6.654545,1894.831599,170.0,4.442396,3.4,10.3
1675936159.407000,45.407632,6.654570,1897.458602,171.0,4.459968,3.8,10.3
1675936162.406000,45.407515,6.654597,1899.290243,172.0,4.478815,3.4,10.3
1675936165.406000,45.407394,6.654624,1901.897822,173.0,4.411317,3.4,10.3
1675936168.406000,45.407275,6.654651,1902.762366,173.0,4.420631,2.6,10.1
1675936171.407000,45.407159,6.654679,1906.630988,173.0,4.390299,3.2,10.2
1675936174.406000,45.407043,6.654707,1908.783279,173.0,4.321689,4.8,10.2
1675936177.406000,45.406924,6.654736,1910.432053,173.2,4.423189,4.5,10.4
1675936180.407000,45.406804,6.654762,1911.815324,173.1,4.461711,3.8,10.4
1675936183.406000,45.406685,6.654792,1913.627979,170.2,4.461296,2.9,10.4
1675936186.406000,45.406570,6.654820,1914.491507,172.7,4.388865,3.2,10.4
1675936189.407000,45.406452,6.654845,1918.249984,172.8,4.496344,3.8,10.4
1675936192.407000,45.406336,6.654870,1920.816056,173.0,4.476975,3.3,10.5
1675936195.407000,45.406216,6.654898,1922.565222,173.0,4.515799,2.8,10.5
1675936198.407000,45.406095,6.654925,1924.704182,174.0,4.454129,3.6,10.7
1675936200.748000,45.406003,6.654947,1927.453196,173.0,4.403756,3.9,10.7
1675936203.406000,45.405897,6.654972,1928.308631,173.1,4.380251,4.7,10.6
1675936205.758000,45.405807,6.654993,1930.103729,173.9,4.361180,4.0,10.7
1675936208.406000,45.405703,6.655016,1933.491343,174.0,4.384010,3.6,10.7
1675936211.406000,45.405586,6.655044,1936.282531,173.8,4.445103,3.1,9.9
1675936213.406000,45.405490,6.655065,1936.589311,173.9,4.406765,3.0,9.9
1675936216.407000,45.405379,6.655090,1936.304702,173.0,4.495023,3.4,9.9
1675936219.406000,45.405256,6.655118,1937.213220,172.2,4.431871,3.9,9.9
1675936222.406000,45.405127,6.655152,1937.897915,172.0,4.467290,3.3,9.9
1675936225.407000,45.405021,6.655179,1937.866452,173.0,4.455852,2.9,9.9
1675936227.407000,45.404927,6.655201,1937.553822,173.0,4.499660,3.7,9.9
1675936230.407000,45.404819,6.655226,1938.704350,172.1,4.494756,4.0,9.9
1675936232.406000,45.404725,6.655250,1938.020695,172.0,4.481450,4.0,9.9
1675936235.406000,45.404621,6.655276,1938.851383,172.0,4.440670,4.8,9.9
1675936237.407000,45.404529,6.655299,1939.200467,172.0,4.479977,4.1,9.9
1675936240.408000,45.404423,6.655324,1941.233081,172.0,4.460840,4.0,9.9
1675936242.407000,45.404333,6.655346,1942.177716,171.0,4.463545,3.2,9.9
1675936245.407000,45.404226,6.655371,1943.865573,171.1,4.465658,3.5,9.9
1675936248.407000,45.404108,6.655396,1944.292096,174.0,4.449971,3.9,9.9
1675936251.406000,45.403996,6.655418,1947.636047,173.0,4.419233,4.3,9.9
1675936254.406000,45.403876,6.655446,1948.904181,171.0,4.449196,4.1,9.9
1675936257.406000,45.403749,6.655479,1950.879109,170.0,4.391467,3.5,9.9
1675936260.406000,45.403641,6.655509,1952.198397,170.0,4.479904,2.9,9.9
1675936263.406000,45.403519,6.655543,1955.775495,168.0,4.690771,4.2,9.9
1675936266.406000,45.403390,6.655575,1953.641075,168.0,5.117291,5.2,9.9
1675936268.406000,45.403298,6.655598,1953.369170,168.0,5.005383,4.5,9.9
1675936271.407000,45.403170,6.655629,1953.061054,170.0,4.974930,4.0,9.9
1675936273.407000,45.403071,6.655652,1954.271251,169.0,5.127451,4.2,9.9
1675936276.407000,45.402940,6.655684,1953.847855,168.0,4.876910,3.5,9.9
1675936279.407000,45.402811,6.655715,1954.145704,168.0,5.050458,3.9,9.9
1675936282.407000,45.402680,6.655744,1956.154583,167.0,4.912614,5.2,9.9
1675936284.408000,45.402586,6.655766,1955.476392,167.0,4.929344,4.4,9.9
1675936287.408000,45.402457,6.655799,1957.845195,167.0,5.077692,4.4,9.9
1675936289.408000,45.402366,6.655824,1958.222043,166.0,4.984447,4.2,9.9
1675936291.408000,45.402278,6.655848,1959.425536,166.0,4.871523,4.5,9.9
1675936294.408000,45.402146,6.655878,1960.448639,167.0,4.971940,4.8,9.9
1675936297.407000,45.402018,6.655912,1961.777619,163.0,4.890872,5.7,10.1
1675936300.407000,45.401890,6.655941,1962.892330,164.0,5.037887,4.8,10.1
1675936302.407000,45.401800,6.655961,1964.424450,164.0,5.028927,5.0,9.9
1675936305.408000,45.401670,6.655994,1965.402674,165.0,4.939797,3.6,9.9
1675936308.408000,45.401539,6.656027,1966.108154,167.0,5.007757,3.0,9.9
1675936310.408000,45.401450,6.656050,1967.600297,166.0,4.910419,3.2,9.9
1675936313.407000,45.401318,6.656080,1970.616243,167.0,4.960065,4.5,9.9
1675936316.407000,45.401186,6.656112,1972.304770,167.0,4.951055,3.4,9.9
1675936319.407000,45.401055,6.656145,1975.215815,167.0,4.949129,3.2,9.9
1675936322.407000,45.400926,6.656175,1977.533405,167.0,4.928894,3.6,9.9
1675936325.408000,45.400797,6.656207,1979.896901,167.0,4.898625,3.9,9.9
1675936327.482000,45.400707,6.656228,1982.404439,167.0,4.907855,3.7,10.1
1675936330.407000,45.400574,6.656256,1983.726659,166.0,4.923795,4.7,10.1
1675936332.498000,45.400483,6.656276,1986.950421,165.0,4.871640,4.0,10.1
1675936335.407000,45.400356,6.656312,1990.161464,166.0,4.848717,3.8,10.1
1675936337.408000,45.400267,6.656332,1991.945629,169.0,4.841367,2.9,10.1
1675936340.408000,45.400138,6.656361,1997.258604,166.0,4.849239,3.2,10.4
1675936343.126000,45.400037,6.656390,1998.525382,162.0,4.926931,3.0,11.3
1675936345.407000,45.399929,6.656394,2002.000661,176.0,4.824088,4.5,11.1
1675936348.143000,45.399813,6.656412,2006.288387,175.0,4.864247,3.6,11.5
1675936350.407000,45.399711,6.656428,2009.023105,185.0,4.723519,3.3,11.1
1675936353.407000,45.399581,6.656439,2014.711865,184.0,4.710778,3.8,9.9
1675936356.407000,45.399452,6.656471,2018.185256,180.0,4.790552,4.0,9.9
1675936359.407000,45.399326,6.656511,2021.471447,176.0,4.750962,5.1,9.9
1675936362.409000,45.399199,6.656566,2026.724819,166.0,4.834966,4.2,9.9
1675936365.407000,45.399076,6.656618,2032.251159,164.0,4.592391,3.6,9.9
1675936368.408000,45.398949,6.656655,2037.337455,164.0,4.703531,3.1,9.9
1675936371.408000,45.398823,6.656694,2041.512767,163.0,4.702382,3.7,9.9
1675936374.407000,45.398700,6.656733,2047.646515,158.1,4.741014,3.9,9.9
1675936377.408000,45.398580,6.656776,2053.781934,158.0,4.659258,3.7,9.9
1675936380.408000,45.398459,6.656809,2059.771864,157.0,4.656068,4.1,10.0
1675936383.408000,45.398331,6.656843,2064.218967,157.0,4.935064,3.8,10.0
1675936386.407000,45.398201,6.656872,2067.526250,157.0,4.810234,2.9,10.1
1675936389.407000,45.398072,6.656901,2073.166450,157.0,4.780217,4.3,10.1
1675936391.407000,45.397966,6.656927,2075.563991,157.0,4.771489,5.4,9.9
1675936394.408000,45.397855,6.656950,2079.243993,158.0,4.778240,4.6,9.9
1675936397.408000,45.397732,6.656979,2085.381158,158.0,4.798854,4.0,10.1
1675936399.638000,45.397643,6.656995,2087.959617,161.0,4.726704,4.1,10.4
1675936402.409000,45.397528,6.657020,2093.333276,158.0,4.698359,3.5,10.4
1675936404.546000,45.397438,6.657042,2097.680000,158.0,4.768862,4.6,10.6
1675936407.408000,45.397315,6.657072,2102.818169,158.0,4.701660,5.1,10.2
1675936409.563000,45.397224,6.657088,2106.528055,159.0,4.658581,4.0,10.3
1675936412.408000,45.397102,6.657116,2112.888556,159.0,4.689019,4.3,10.3
1675936415.407000,45.396979,6.657145,2118.076241,159.0,4.601550,4.1,10.3
1675936418.408000,45.396849,6.657168,2123.194920,160.0,5.101470,3.8,10.3
1675936421.408000,45.396719,6.657186,2127.896608,160.0,4.935431,3.7,10.3
1675936424.408000,45.396589,6.657218,2129.314205,162.0,4.811177,5.6,10.3
1675936427.407000,45.396462,6.657257,2132.576508,163.0,4.849544,5.9,10.4
1675936430.232000,45.396344,6.657300,2136.145083,161.0,4.813382,3.6,11.7
1675936432.408000,45.396250,6.657306,2140.309276,170.0,4.859423,2.9,11.3
1675936434.407000,45.396159,6.657319,2142.776574,170.0,4.885736,3.5,11.5
1675936437.407000,45.396051,6.657322,2145.176351,185.1,2.946425,4.0,10.9
1675936456.408000,45.395963,6.657366,2145.693283,145.8,0.258333,4.8,10.3
1675936513.817000,45.395875,6.657405,2144.755299,93.2,0.121189,4.4,9.8
1675936522.882000,45.395791,6.657458,2144.919941,122.0,0.718962,3.1,9.0
1675936526.782000,45.395695,6.657480,2144.778619,139.9,0.680626,4.3,8.6
1675936535.362000,45.395608,6.657543,2145.445489,111.9,0.752845,3.1,10.1
1675936546.059000,45.395516,6.657530,2144.043448,134.8,0.202326,3.0,5.4
1675936561.204000,45.395480,6.657682,2143.481175,93.9,2.689740,3.0,6.0
1675936564.073000,45.395504,6.657807,2142.555549,65.7,2.938389,2.9,6.8
1675936584.408000,45.395516,6.657810,2142.672209,-1.0,0.000000,3.9,5.1
1675936584.408000,45.395516,6.657810,2142.672209,-1.0,0.000000,3.9,5.1
1675936654.408000,45.395493,6.657952,2143.445860,93.1,6.192985,3.9,4.2
1675936656.408000,45.395489,6.658151,2139.508770,87.1,9.036666,2.9,4.2
1675936658.409000,45.395512,6.658409,2138.657900,75.0,11.026612,4.3,4.4
1675936659.408000,45.395544,6.658548,2136.960882,68.1,11.820111,5.2,3.9
1675936660.409000,45.395586,6.658691,2136.007800,68.0,12.315244,4.7,3.9
1675936661.408000,45.395631,6.658841,2130.375698,66.0,13.252995,4.6,3.9
1675936662.409000,45.395684,6.658999,2125.549157,62.0,14.491444,6.3,3.9
1675936663.408000,45.395757,6.659154,2119.848505,46.1,14.784549,5.0,3.9
1675936664.409000,45.395854,6.659283,2116.554403,40.0,14.491006,3.4,3.9
1675936665.408000,45.395949,6.659418,2113.425808,53.9,16.433514,3.5,3.9
1675936666.408000,45.396029,6.659608,2107.640234,62.9,18.041487,3.4,3.9
1675936667.408000,45.396111,6.659824,2098.499399,56.2,20.185207,3.2,3.9
1675936668.408000,45.396221,6.660044,2084.184468,51.1,21.752354,2.9,3.9
1675936669.408000,45.396332,6.660279,2077.972082,64.9,21.978889,2.7,3.9
1675936670.408000,45.396405,6.660546,2072.107721,69.9,23.060152,2.6,3.9
1675936671.409000,45.396483,6.660822,2065.129849,61.1,23.420254,2.5,3.9
1675936672.409000,45.396600,6.661076,2052.692370,49.0,24.095949,2.7,3.9
1675936673.408000,45.396751,6.661299,2045.215565,42.0,24.497801,2.9,3.9
1675936674.409000,45.396921,6.661497,2037.745330,36.1,24.764782,3.0,3.9
1675936675.408000,45.397101,6.661669,2030.401741,31.1,23.336767,3.8,3.9
1675936676.408000,45.397264,6.661835,2025.802779,43.4,21.697515,3.8,3.9
1675936677.410000,45.397390,6.662047,2014.212175,52.1,21.971188,3.9,3.9
1675936678.408000,45.397504,6.662273,2007.067267,50.0,21.320284,3.9,3.9
1675936679.408000,45.397630,6.662486,1997.707461,48.0,22.109573,4.2,3.9
1675936680.408000,45.397773,6.662691,1979.657111,43.0,23.209412,4.1,3.9
1675936681.409000,45.397932,6.662892,1974.300269,41.0,23.899824,4.2,3.9
1675936682.408000,45.398097,6.663090,1964.844888,39.0,24.079866,4.1,3.9
1675936683.408000,45.398269,6.663295,1953.582836,40.0,25.588728,4.1,3.9
1675936684.408000,45.398446,6.663511,1943.503213,41.0,26.159763,2.9,3.9
1675936685.409000,45.398622,6.663733,1936.081593,41.0,26.120043,3.6,3.9
1675936686.410000,45.398795,6.663955,1925.505200,42.0,25.920290,4.0,3.9
1675936687.409000,45.398963,6.664186,1914.372445,45.0,26.219833,2.9,3.9
1675936688.408000,45.399133,6.664415,1910.635205,42.0,25.970102,2.8,3.9
1675936689.408000,45.399304,6.664631,1902.804884,42.0,25.170568,2.6,3.9
1675936690.408000,45.399470,6.664849,1898.110413,43.0,25.100048,4.1,3.9
1675936691.408000,45.399631,6.665066,1896.293058,43.0,23.900579,7.7,3.9
1675936692.408000,45.399780,6.665282,1892.910388,48.0,23.530085,4.3,3.9
1675936693.408000,45.399923,6.665500,1888.397296,46.0,22.971964,4.4,3.9
1675936694.408000,45.400056,6.665707,1882.873166,50.0,20.851366,4.3,3.9
1675936695.408000,45.400170,6.665918,1879.739654,54.0,20.649841,6.0,3.9
1675936696.409000,45.400272,6.666115,1876.507249,54.0,17.769949,4.8,3.9
1675936697.409000,45.400334,6.666267,1872.342869,66.7,10.704897,3.2,3.9
1675936707.409000,45.400286,6.666376,1869.635208,189.3,0.339653,3.6,4.1
1675936727.409000,45.400283,6.666373,1870.156306,-1.0,0.000000,6.1,4.1
1675936727.409000,45.400283,6.666373,1870.156306,-1.0,0.000000,6.1,4.1
1675937285.410000,45.400272,6.666503,1829.452530,103.5,0.196933,5.1,4.1
1675937310.410000,45.400226,6.666612,1829.271144,102.6,0.298179,4.8,4.4
1675937377.413000,45.400204,6.666738,1830.596152,120.0,0.663261,9.8,3.9
1675937397.412000,45.400096,6.666704,1831.619766,193.6,3.046955,4.7,3.9
1675937400.412000,45.399980,6.666673,1831.285971,191.8,4.030467,4.7,4.1
1675937403.411000,45.399856,6.666643,1835.251621,182.2,3.810283,9.8,4.3
1675937406.411000,45.399754,6.666591,1839.408891,191.2,3.968379,9.7,4.3
1675937409.412000,45.399656,6.666563,1842.952486,189.0,3.860917,9.6,3.9
1675937412.412000,45.399564,6.666548,1846.856987,183.6,3.625582,9.6,3.9
1675937415.411000,45.399462,6.666521,1850.375246,184.5,3.622780,11.1,3.9
1675937418.412000,45.399357,6.666470,1855.815683,188.1,3.987870,11.4,3.9
1675937421.412000,45.399254,6.666423,1876.588617,187.3,4.041749,2.1,4.3
1675937424.412000,45.399155,6.666375,1858.310596,189.0,3.948981,10.2,4.5
1675937427.411000,45.399054,6.666334,1860.447500,188.0,3.968812,12.4,4.2
1675937430.412000,45.398949,6.666306,1861.824925,187.0,4.033980,10.4,4.0
1675937433.411000,45.398843,6.666278,1863.692644,186.0,3.938296,9.3,7.1
1675937436.413000,45.398740,6.666245,1866.792635,185.0,3.823444,9.5,10.4
1675937439.411000,45.398636,6.666212,1871.210159,186.0,3.845665,9.5,10.2
1675937442.411000,45.398533,6.666173,1872.498619,187.0,3.864678,6.2,10.0
1675937445.412000,45.398432,6.666132,1875.577177,187.0,3.957100,11.0,10.3
1675937448.411000,45.398330,6.666091,1878.480110,187.0,3.888000,11.4,10.5
1675937451.412000,45.398224,6.666054,1897.133418,188.0,3.949087,3.5,10.8
1675937454.412000,45.398113,6.666016,1883.794259,189.0,3.847674,10.2,11.2
1675937457.412000,45.398009,6.665980,1885.020714,188.0,3.946610,12.4,10.6
1675937460.411000,45.397908,6.665937,1889.216435,189.0,3.950129,10.4,10.1
1675937463.412000,45.397810,6.665895,1890.883813,189.0,3.986661,9.3,10.2
1675937466.412000,45.397705,6.665857,1891.965788,190.0,3.893573,9.5,10.2
1675937469.411000,45.397602,6.665820,1897.404824,188.0,4.006431,9.5,10.2
1675937472.411000,45.397500,6.665784,1898.516150,189.0,3.911127,6.1,10.2
1675937475.412000,45.397400,6.665748,1901.242094,189.0,3.850902,11.0,10.2
1675937478.411000,45.397301,6.665715,1917.877796,189.0,3.871616,2.6,10.3
1675937481.411000,45.397208,6.665681,1920.991582,188.0,3.819290,2.8,10.4
1675937484.412000,45.397107,6.665641,1912.397299,189.0,3.757954,11.1,10.7
1675937487.412000,45.397007,6.665608,1917.693884,189.0,3.755263,11.1,10.6
1675937490.411000,45.396909,6.665577,1922.762194,188.0,3.658290,9.2,10.1
1675937493.413000,45.396813,6.665545,1926.947822,188.1,3.709777,9.5,10.5
1675937496.412000,45.396714,6.665514,1932.046345,188.9,3.748357,9.5,10.8
1675937499.412000,45.396618,6.665482,1937.809875,188.0,3.704313,9.5,11.3
1675937502.411000,45.396525,6.665450,1942.992358,188.1,3.576336,11.1,11.6
1675937505.412000,45.396432,6.665418,1948.867480,189.8,3.535037,11.2,11.6
1675937508.411000,45.396338,6.665388,1965.347412,188.8,3.601268,4.3,11.7
1675937511.411000,45.396249,6.665353,1960.265698,188.1,3.514473,10.9,11.4
1675937514.412000,45.396145,6.665318,1964.902410,188.0,3.760896,12.2,10.7
1675937517.411000,45.396042,6.665282,1968.123128,188.8,3.717202,9.5,10.1
1675937520.411000,45.395942,6.665247,1971.393851,188.9,3.917768,9.0,10.0
1675937523.412000,45.395842,6.665210,1975.095379,188.1,3.970589,9.3,10.2
1675937526.411000,45.395744,6.665173,1978.682945,188.2,3.855628,9.4,10.5
1675937529.412000,45.395647,6.665136,1982.689542,189.9,3.738532,10.8,10.4
1675937532.412000,45.395548,6.665100,1986.581335,190.8,3.815022,10.8,10.2
1675937535.411000,45.395448,6.665066,2002.436427,189.0,3.767035,2.8,9.9
1675937538.412000,45.395348,6.665033,2010.946204,188.0,3.683256,2.6,9.9
1675937541.412000,45.395250,6.665004,2001.065213,187.8,3.625515,10.1,9.9
1675937544.411000,45.395145,6.664969,2004.676595,188.0,4.078895,11.5,10.1
1675937547.412000,45.395042,6.664936,2017.217185,188.2,4.083449,2.2,9.9
1675937550.411000,45.394939,6.664902,2008.814851,188.1,3.976695,8.0,9.9
1675937553.411000,45.394837,6.664866,2012.336893,188.0,3.830207,8.0,9.9
1675937556.411000,45.394735,6.664830,2013.948384,188.0,3.928922,9.9,9.9
1675937559.412000,45.394633,6.664793,2017.395025,188.0,3.929702,9.6,9.9
1675937562.411000,45.394532,6.664756,2035.197213,188.0,3.876965,2.3,9.9
1675937565.411000,45.394433,6.664720,2034.131714,188.0,3.845703,2.6,9.9
1675937568.411000,45.394333,6.664685,2026.956835,189.0,3.891336,7.2,9.9
1675937571.411000,45.394233,6.664649,2029.753010,188.9,3.854165,9.7,9.9
1675937574.411000,45.394133,6.664613,2048.186132,188.0,3.811742,2.2,10.1
1675937577.411000,45.394033,6.664578,2038.094016,188.1,3.814806,6.3,10.1
1675937580.412000,45.393940,6.664545,2041.009575,189.5,3.881512,5.6,10.1
1675937583.411000,45.393832,6.664504,2054.118346,189.1,4.006246,2.1,10.1
1675937586.412000,45.393727,6.664465,2044.362606,188.9,3.955958,5.7,10.1
1675937589.413000,45.393623,6.664428,2057.337001,188.0,3.898549,2.5,9.9
1675937592.412000,45.393520,6.664393,2060.049698,188.1,3.925693,2.4,9.9
1675937595.412000,45.393415,6.664360,2059.802423,189.0,3.936812,2.2,9.9
1675937598.411000,45.393310,6.664324,2051.019574,188.0,3.959537,6.0,9.9
1675937601.412000,45.393207,6.664287,2068.935163,188.0,3.895580,3.6,9.9
1675937604.411000,45.393103,6.664250,2067.501125,189.0,3.898792,2.1,9.9
1675937607.411000,45.392999,6.664214,2059.157280,189.0,3.898466,3.0,9.9
1675937610.413000,45.392895,6.664174,2061.198568,190.0,3.910303,2.9,10.3
1675937613.412000,45.392792,6.664133,2063.861157,189.0,3.848951,3.0,10.3
1675937616.412000,45.392690,6.664096,2067.921362,188.0,3.859450,3.3,10.2
1675937619.413000,45.392598,6.664061,2075.698788,188.0,3.875286,2.4,10.2
1675937622.412000,45.392492,6.664020,2086.308048,187.0,3.886402,2.4,10.1
1675937625.412000,45.392377,6.663975,2088.738167,188.0,3.828385,2.5,9.9
1675937628.412000,45.392290,6.663942,2082.518824,188.0,3.809602,5.6,9.9
1675937631.412000,45.392191,6.663905,2097.518059,188.0,3.828818,2.3,9.9
1675937634.414000,45.392092,6.663868,2100.655075,189.0,3.800227,2.1,9.9
1675937637.412000,45.391995,6.663832,2093.714608,189.0,3.710872,3.4,9.9
1675937640.412000,45.391897,6.663794,2098.411197,189.0,3.721667,3.7,9.9
1675937643.414000,45.391799,6.663757,2103.428646,189.0,3.773169,3.9,9.9
1675937646.412000,45.391702,6.663724,2107.336329,189.0,3.719775,3.3,9.9
1675937649.414000,45.391608,6.663688,2112.332475,189.0,3.654090,4.2,10.1
1675937652.413000,45.391513,6.663651,2127.658181,189.2,3.852161,2.2,10.1
1675937656.412000,45.391402,6.663604,2123.170479,189.1,3.667166,3.0,10.0
1675937659.412000,45.391296,6.663567,2127.153434,189.0,3.744111,5.5,10.1
1675937662.413000,45.391192,6.663533,2131.297422,189.9,3.742751,2.8,10.1
1675937666.413000,45.391086,6.663488,2138.740474,190.6,3.026724,3.0,9.9
1675937669.412000,45.390990,6.663452,2143.542630,188.9,3.333982,3.7,9.9
1675937672.412000,45.390892,6.663423,2152.275583,189.0,3.477477,4.2,9.9
1675937675.412000,45.390798,6.663396,2159.150636,190.0,3.411726,2.9,9.9
1675937678.412000,45.390707,6.663367,2166.752428,190.0,3.425106,3.7,9.9
1675937682.414000,45.390590,6.663326,2186.131295,189.0,3.349586,2.4,9.9
1675937685.412000,45.390502,6.663296,2183.379843,189.0,3.280017,2.7,9.9
1675937689.413000,45.390386,6.663256,2193.371999,189.0,3.310491,5.3,9.9
1675937693.412000,45.390272,6.663216,2203.910413,189.0,3.240036,2.8,9.9
1675937697.413000,45.390162,6.663171,2213.753201,189.0,3.171399,3.3,10.1
1675937701.413000,45.390048,6.663123,2224.063522,189.0,3.974900,3.6,10.1
1675937704.413000,45.389948,6.663087,2229.572888,190.0,3.887906,2.8,10.1
1675937707.412000,45.389850,6.663053,2234.332585,190.0,3.603150,3.5,10.2
1675937710.412000,45.389754,6.663024,2249.760670,189.0,3.511349,2.8,10.2
1675937713.412000,45.389656,6.662993,2247.011043,189.0,3.523631,2.7,10.2
1675937716.412000,45.389559,6.662961,2252.158061,190.0,3.552317,3.5,10.2
1675937719.413000,45.389465,6.662930,2257.534510,189.0,3.531261,2.8,10.2
1675937722.413000,45.389373,6.662899,2263.241682,190.0,4.088830,2.5,10.2
1675937725.413000,45.389272,6.662864,2265.510775,190.0,4.130054,2.5,10.3
1675937728.412000,45.389171,6.662831,2268.183934,190.0,3.961697,2.8,10.3
1675937731.413000,45.389073,6.662798,2271.884903,190.0,3.768408,2.7,10.3
1675937734.413000,45.388973,6.662765,2275.640945,190.0,3.791987,2.2,10.3
1675937737.413000,45.388873,6.662733,2279.488939,190.0,3.825634,2.2,10.6
1675937740.412000,45.388775,6.662700,2282.482377,189.1,3.726579,2.4,10.4
1675937743.412000,45.388672,6.662665,2285.485958,189.9,3.910380,2.5,10.4
1675937746.413000,45.388569,6.662630,2287.245236,190.0,3.975647,3.4,10.4
1675937749.412000,45.388463,6.662596,2289.302022,190.0,3.965117,2.7,10.4
1675937752.412000,45.388357,6.662564,2291.507166,189.9,3.946481,2.4,10.5
1675937755.412000,45.388252,6.662530,2294.095706,189.1,3.923003,2.4,10.5
1675937758.412000,45.388149,6.662493,2296.560932,189.9,3.861102,2.7,10.4
1675937761.413000,45.388027,6.662447,2297.915888,190.0,3.901779,2.5,9.9
1675937764.413000,45.387933,6.662409,2298.173937,189.1,3.993723,2.2,9.9
1675937767.413000,45.387823,6.662367,2312.898645,189.1,4.018102,2.2,9.9
1675937770.412000,45.387729,6.662329,2298.539850,190.0,4.000436,2.3,9.9
1675937773.413000,45.387631,6.662289,2298.945827,190.0,3.994136,2.6,9.9
1675937776.412000,45.387540,6.662249,2299.501701,190.0,3.967531,3.2,9.9
1675937779.412000,45.387432,6.662210,2300.637854,189.1,3.985511,2.6,9.9
1675937782.412000,45.387327,6.662172,2301.600249,190.0,3.959142,2.3,9.9
1675937785.414000,45.387223,6.662138,2302.226332,189.1,3.945458,2.3,9.9
1675937788.412000,45.387119,6.662106,2306.715156,188.1,3.957166,2.5,9.9
1675937791.412000,45.387016,6.662074,2307.952111,188.0,3.959933,2.3,9.9
1675937794.412000,45.386912,6.662038,2308.736202,188.0,3.920280,2.2,9.9
1675937797.413000,45.386808,6.662001,2321.292831,188.0,3.930261,2.4,9.9
1675937800.412000,45.386704,6.661965,2313.799221,189.0,3.969966,2.3,9.9
1675937803.413000,45.386600,6.661926,2316.596100,189.0,3.930295,2.2,9.9
1675937806.412000,45.386496,6.661890,2317.084831,187.0,3.870927,3.7,10.1
1675937809.412000,45.386392,6.661854,2323.480544,188.0,3.920269,2.3,10.0
1675937812.413000,45.386296,6.661813,2323.891887,189.0,4.106851,2.2,10.1
1675937815.412000,45.386192,6.661777,2334.174926,189.0,4.007942,3.1,10.1
1675937819.413000,45.386080,6.661736,2344.067759,182.0,2.970870,2.0,10.2
1675937824.413000,45.385986,6.661670,2341.680718,228.9,1.704864,2.0,9.5
1675937837.498000,45.385949,6.661549,2340.383962,212.0,1.219840,2.3,4.0
1675937857.412000,45.385865,6.661548,2342.550710,-1.0,0.000000,2.0,3.9
1675937857.412000,45.385865,6.661548,2342.550710,-1.0,0.000000,2.0,3.9
1675937867.412000,45.385859,6.661554,2342.624786,169.6,0.467960,2.0,3.9
1675937873.413000,45.385785,6.661638,2342.061884,91.4,1.323226,2.0,3.9
1675938181.414000,45.385717,6.661531,2341.680461,215.0,2.929916,2.0,3.9
1675938184.414000,45.385638,6.661460,2337.956866,212.0,3.607787,2.1,3.9
1675938187.414000,45.385551,6.661383,2337.359933,207.0,3.868840,2.0,3.9
1675938190.414000,45.385465,6.661317,2337.878120,206.9,3.405742,2.0,3.9
1675938194.415000,45.385375,6.661219,2335.559324,211.0,3.618733,2.1,3.9
1675938197.414000,45.385269,6.661125,2337.099879,205.0,4.756718,2.0,3.9
1675938199.414000,45.385188,6.661063,2334.127486,195.1,4.973080,2.1,3.9
1675938201.415000,45.385105,6.661004,2335.339317,192.1,5.015531,2.1,3.9
1675938203.415000,45.385014,6.660965,2334.843805,165.2,4.946574,2.1,3.9
1675938205.415000,45.384918,6.660939,2328.860483,167.0,5.217865,2.8,3.9
1675938207.414000,45.384815,6.660922,2327.789582,174.0,5.921679,2.4,3.9
1675938209.415000,45.384713,6.660933,2325.737487,115.3,5.498918,2.1,3.9
1675938214.414000,45.384596,6.660947,2327.882920,179.0,3.279927,2.2,3.9
1675938217.414000,45.384494,6.660947,2326.615764,187.0,4.652544,2.0,4.3
1675938219.415000,45.384400,6.660945,2325.069291,177.0,5.786239,2.0,4.3
1675938221.414000,45.384282,6.660941,2322.755722,183.0,6.688118,2.0,3.9
1675938223.415000,45.384158,6.660944,2319.839904,175.9,6.761185,2.1,3.9
1675938225.414000,45.384059,6.660911,2319.755382,206.7,4.544126,2.3,3.9
1675938228.414000,45.383972,6.660790,2315.017511,240.3,5.199637,2.3,3.9
1675938230.414000,45.383949,6.660586,2312.717021,273.0,9.586427,2.7,3.9
1675938231.414000,45.383963,6.660459,2309.495316,287.0,10.166632,3.0,3.9
1675938232.414000,45.384002,6.660337,2307.081658,303.0,10.468684,3.1,3.9
1675938233.414000,45.384060,6.660230,2305.080173,311.0,10.688694,3.0,3.9
1675938234.415000,45.384127,6.660128,2302.846487,311.0,11.375979,2.8,3.9
1675938235.414000,45.384194,6.660015,2301.729384,307.0,11.538697,2.5,3.9
1675938236.414000,45.384254,6.659893,2298.647814,296.5,10.989241,2.1,3.9
1675938237.414000,45.384299,6.659763,2289.393860,288.2,10.954098,2.5,3.9
1675938238.414000,45.384340,6.659632,2292.496355,290.3,10.841846,2.0,3.9
1675938239.415000,45.384380,6.659504,2294.574354,287.9,10.772526,2.0,3.9
1675938240.414000,45.384419,6.659377,2291.186426,289.4,10.704564,2.3,3.9
1675938241.414000,45.384457,6.659251,2289.423722,289.2,10.591841,2.3,3.9
1675938242.415000,45.384493,6.659126,2288.277925,287.8,10.643546,2.5,3.9
1675938243.414000,45.384524,6.658995,2281.422956,283.3,10.721241,2.2,3.9
1675938244.414000,45.384546,6.658860,2280.992335,277.0,10.752514,2.4,3.9
1675938245.415000,45.384557,6.658720,2279.588775,267.3,10.739714,2.5,3.9
1675938246.415000,45.384552,6.658589,2281.955126,256.5,10.214717,3.2,3.9
1675938248.415000,45.384566,6.658356,2279.213658,287.2,8.881904,3.5,3.9
1675938250.414000,45.384618,6.658191,2275.343486,294.8,6.079170,3.2,3.9
1675938252.415000,45.384662,6.658072,2275.012488,295.1,5.896809,3.4,3.9
1675938254.415000,45.384721,6.657920,2273.510926,297.1,7.773682,2.1,3.9
1675938256.415000,45.384806,6.657729,2271.283594,307.8,9.211411,2.1,3.9
1675938257.414000,45.384858,6.657619,2268.368596,313.7,10.288102,2.1,3.9
1675938258.415000,45.384927,6.657523,2267.530207,321.0,10.539657,2.2,3.9
1675938259.414000,45.385003,6.657446,2266.347229,332.0,10.159900,2.2,3.9
1675938260.415000,45.385082,6.657383,2261.969761,331.0,10.130020,2.2,3.9
1675938261.414000,45.385162,6.657317,2260.562607,331.0,10.499227,2.0,3.9
1675938262.415000,45.385245,6.657253,2258.113918,332.0,10.569575,2.0,3.9
1675938263.415000,45.385325,6.657192,2257.190945,332.0,10.052287,2.0,3.9
1675938265.414000,45.385468,6.657089,2255.800077,335.0,8.552075,2.0,3.9
1675938267.414000,45.385583,6.656987,2254.273424,327.1,7.206597,2.0,3.9
1675938269.415000,45.385672,6.656896,2253.542787,328.9,6.026456,2.0,3.9
1675938271.415000,45.385750,6.656832,2253.722430,337.2,4.836043,2.0,3.9
1675938274.414000,45.385837,6.656738,2254.401867,317.4,4.087778,2.0,4.0
1675938277.415000,45.385930,6.656608,2252.843876,303.1,5.585017,2.0,3.9
1675938279.415000,45.386003,6.656482,2247.798874,294.2,6.138051,2.0,3.9
1675938281.414000,45.386069,6.656348,2246.365507,305.2,6.591989,2.0,3.9
1675938283.414000,45.386155,6.656203,2243.375516,309.0,7.819826,2.0,3.9
1675938285.415000,45.386250,6.656047,2241.339391,309.0,8.299935,2.0,3.9
1675938287.414000,45.386342,6.655873,2239.561117,303.0,8.150071,2.0,3.9
1675938289.416000,45.386419,6.655710,2237.679449,306.0,7.430028,2.0,3.9
1675938291.415000,45.386508,6.655570,2235.281404,318.0,7.010025,2.0,3.9
1675938293.415000,45.386601,6.655470,2236.810789,328.6,6.380178,2.0,3.9
1675938295.414000,45.386699,6.655399,2236.272061,334.0,6.449920,2.0,3.9
1675938297.414000,45.386807,6.655328,2236.437108,333.0,6.440051,2.0,3.9
1675938299.415000,45.386906,6.655256,2234.358600,329.2,6.276377,2.0,3.9
1675938301.414000,45.387000,6.655170,2234.215369,324.0,6.192575,2.0,3.9
1675938303.414000,45.387088,6.655080,2220.460693,319.1,5.889179,2.1,3.9
1675938305.414000,45.387164,6.654990,2220.111572,288.8,5.261552,2.1,3.9
1675938308.414000,45.387253,6.654866,2219.590755,304.9,4.475562,2.0,3.9
1675938311.414000,45.387339,6.654754,2218.702637,311.9,4.538302,2.0,3.9
1675938313.415000,45.387409,6.654667,2218.761085,314.0,5.009113,2.0,3.9
1675938315.414000,45.387479,6.654585,2218.234573,306.2,5.532075,2.0,3.9
1675938317.415000,45.387536,6.654460,2214.924561,323.4,5.262930,2.0,3.9
1675938319.415000,45.387605,6.654350,2213.854492,287.8,5.989100,2.0,3.9
1675938321.414000,45.387656,6.654223,2214.164269,305.2,5.532344,2.0,3.9
1675938323.414000,45.387723,6.654121,2211.936768,334.3,4.719261,2.0,3.9
1675938338.415000,45.387768,6.654009,2210.579439,346.9,0.455073,2.0,4.0
1675938360.235000,45.387732,6.653878,2210.379395,248.1,2.030682,2.0,5.5
1675938365.973000,45.387717,6.653741,2208.914076,275.0,1.527710,2.0,6.7
1675938371.022000,45.387783,6.653603,2207.585949,299.1,3.140726,2.0,7.0
1675938373.776000,45.387847,6.653507,2206.187242,312.1,3.576964,2.0,7.0
1675938377.218000,45.387929,6.653381,2203.256836,318.7,4.164690,2.0,6.9
1675938380.087000,45.387930,6.653212,2200.303955,294.0,3.813060,2.0,6.9
1675938382.956000,45.387930,6.653049,2197.103129,285.1,4.304836,2.0,6.8
1675938385.414000,45.387911,6.652814,2191.729068,250.0,10.084255,2.0,6.3
1675938386.414000,45.387885,6.652683,2189.156345,257.9,11.107068,2.0,6.0
1675938387.414000,45.387897,6.652547,2186.732422,290.7,10.729064,2.0,5.5
1675938389.414000,45.387998,6.652426,2181.970938,334.0,5.964163,2.0,3.9
1675938391.416000,45.388069,6.652274,2180.447793,292.5,9.083092,2.0,3.9
1675938393.415000,45.388121,6.652017,2175.644521,283.2,11.245158,2.0,3.9
1675938394.415000,45.388143,6.651868,2173.501213,282.1,12.397150,2.0,3.9
1675938395.414000,45.388158,6.651707,2170.967891,274.0,12.569413,2.0,3.9
1675938396.415000,45.388161,6.651552,2170.618750,270.0,11.760332,2.0,3.9
1675938397.414000,45.388151,6.651405,2166.511414,259.0,11.919927,2.0,3.9
1675938398.415000,45.388134,6.651262,2166.839926,261.0,11.292252,2.0,3.9
1675938399.414000,45.388124,6.651116,2167.793280,263.0,12.002523,2.0,3.9
1675938400.414000,45.388132,6.650966,2167.554836,283.0,11.999761,2.0,3.9
1675938401.415000,45.388151,6.650817,2163.409007,277.0,11.550094,2.0,3.9
1675938402.415000,45.388160,6.650689,2158.914872,277.0,8.992203,2.0,3.9
1675938408.414000,45.388274,6.650646,2155.780483,5.0,6.255623,2.0,3.9
1675938410.415000,45.388422,6.650642,2151.426788,347.0,10.739417,2.0,3.9
1675938411.416000,45.388518,6.650586,2147.722311,329.0,11.729701,2.0,3.9
1675938412.415000,45.388603,6.650494,2144.221736,318.0,12.229825,2.0,3.9
1675938413.414000,45.388674,6.650383,2141.709410,311.4,11.744037,2.0,3.9
1675938414.416000,45.388722,6.650263,2139.602008,300.7,10.552894,2.0,3.9
1675938416.414000,45.388748,6.650046,2133.013577,278.6,7.845685,2.0,3.9
1675938418.414000,45.388739,6.649856,2129.976556,275.0,8.358408,2.0,3.9
1675938420.414000,45.388812,6.649620,2125.510077,310.0,12.279402,2.0,3.9
1675938421.414000,45.388900,6.649510,2122.811515,322.0,13.786897,2.0,3.9
1675938422.414000,45.389009,6.649404,2116.746579,326.0,15.506811,2.0,3.9
1675938423.414000,45.389131,6.649293,2111.482724,328.0,16.874084,2.0,3.9
1675938424.416000,45.389263,6.649175,2108.224574,327.0,17.881544,2.0,3.9
1675938425.415000,45.389393,6.649042,2103.430775,322.0,17.660822,2.0,3.9
1675938426.415000,45.389508,6.648889,2097.738252,313.0,17.519693,2.0,3.9
1675938427.414000,45.389606,6.648716,2095.295703,304.0,16.900654,2.0,3.9
1675938428.415000,45.389696,6.648560,2091.298268,313.0,15.171992,2.0,3.9
1675938429.415000,45.389772,6.648428,2087.370890,300.0,11.553593,2.0,3.9
1675938431.415000,45.389842,6.648274,2084.684549,298.0,3.780954,2.0,3.9
1675938442.415000,45.389755,6.648230,2085.169309,177.0,0.979358,2.0,4.0
1675938448.415000,45.389675,6.648306,2083.678348,142.6,2.433363,2.0,4.3
1675938450.415000,45.389582,6.648410,2082.179033,144.3,6.522510,2.0,5.0
1675938452.414000,45.389447,6.648515,2078.466603,152.9,8.027458,2.0,5.1
1675938454.416000,45.389300,6.648586,2075.720537,193.9,8.518086,2.0,4.4
1675938456.414000,45.389159,6.648541,2074.459338,228.7,7.835983,2.0,3.9
1675938458.416000,45.389049,6.648386,2069.487269,261.8,8.993843,2.0,3.9
1675938459.414000,45.389021,6.648259,2068.212909,266.9,10.471472,2.0,3.9
1675938460.415000,45.389011,6.648103,2066.040047,279.8,12.338627,2.0,3.9
1675938461.415000,45.389032,6.647916,2057.466757,289.8,14.717121,2.0,3.9
1675938462.415000,45.389080,6.647709,2053.390578,295.8,16.720686,2.0,3.9
1675938463.414000,45.389143,6.647483,2046.464564,291.0,19.224701,2.0,3.9
1675938464.414000,45.389203,6.647244,2044.100318,289.0,20.366028,2.0,3.9
1675938465.416000,45.389265,6.646996,2038.765922,291.0,20.568851,2.0,3.9
1675938466.415000,45.389338,6.646760,2035.497805,295.1,19.872011,2.0,3.9
1675938467.415000,45.389432,6.646562,2031.037109,296.2,19.608992,2.2,3.9
1675938468.414000,45.389545,6.646419,2021.400078,304.1,17.831884,2.1,4.1
1675938469.414000,45.389694,6.646328,2015.741818,316.0,16.980156,2.2,4.4
1675938470.414000,45.389928,6.646332,2008.267776,338.2,18.468571,2.7,4.6
1675938471.414000,45.390180,6.646408,2003.821536,359.9,21.820894,2.2,4.6
1675938472.415000,45.390422,6.646457,1998.490456,1.0,23.747757,2.1,4.6
1675938473.415000,45.390653,6.646482,1994.163927,356.2,23.946079,2.1,4.5
1675938474.415000,45.390872,6.646477,1989.293066,356.0,23.405527,2.0,4.2
1675938475.415000,45.391085,6.646468,1983.647382,357.0,23.005314,2.1,3.9
1675938476.414000,45.391292,6.646461,1978.310573,357.0,22.171984,2.1,3.9
1675938477.415000,45.391492,6.646449,1972.417886,355.0,21.794615,2.1,3.9
1675938478.414000,45.391689,6.646436,1964.960166,359.0,21.177858,2.0,3.9
1675938479.414000,45.391879,6.646440,1961.159368,360.0,20.716610,2.0,3.9
1675938480.414000,45.392066,6.646438,1956.610300,356.0,20.670616,2.0,3.9
1675938481.415000,45.392249,6.646405,1948.941166,346.1,20.085663,2.0,3.9
1675938482.414000,45.392417,6.646321,1943.297813,333.1,19.165899,2.0,3.9
1675938483.415000,45.392572,6.646213,1938.905807,339.0,19.206266,2.0,3.9
1675938484.416000,45.392731,6.646111,1934.426994,329.2,19.745316,2.0,3.9
1675938485.415000,45.392864,6.645957,1930.893611,308.4,18.181568,2.0,3.9
1675938486.415000,45.392941,6.645773,1919.903230,292.2,14.145192,2.0,3.9
1675938487.415000,45.392972,6.645626,1908.944106,284.1,8.817247,2.0,3.9
1675938489.415000,45.392991,6.645468,1902.630614,263.1,5.354304,2.0,3.9
1675938492.415000,45.392987,6.645324,1897.117337,287.1,1.809896,2.0,3.9
1675938512.287000,45.393013,6.645265,1892.256841,153.6,0.000000,2.0,3.7
1675938512.287000,45.393013,6.645265,1892.256841,153.6,0.000000,2.0,3.7
1675938532.672000,45.393003,6.645172,1892.307948,270.6,2.904044,2.0,5.1
1675938534.416000,45.392970,6.644995,1888.961525,258.0,9.155677,2.0,5.1
1675938535.415000,45.392951,6.644860,1885.906630,260.0,10.928977,2.0,5.1
1675938536.416000,45.392931,6.644709,1883.797311,259.6,11.212925,2.0,5.0
1675938537.415000,45.392908,6.644546,1880.879320,261.5,12.154086,2.1,4.4
1675938538.415000,45.392880,6.644368,1876.413013,258.3,13.358522,2.0,3.9
1675938539.416000,45.392838,6.644180,1872.544653,254.0,14.323260,2.0,3.9
1675938540.415000,45.392782,6.643995,1866.939651,249.4,14.836848,2.0,3.9
1675938541.416000,45.392717,6.643814,1862.856298,245.7,15.080109,2.0,3.9
1675938542.416000,45.392656,6.643638,1859.487130,245.8,15.013242,2.0,3.9
1675938543.415000,45.392608,6.643462,1857.469537,249.1,14.609723,2.0,3.9
1675938544.417000,45.392561,6.643305,1852.616315,245.2,13.160126,2.0,3.9
1675938545.415000,45.392506,6.643175,1851.652309,239.3,11.846366,2.0,3.9
1675938546.415000,45.392455,6.643060,1850.418423,240.0,10.842062,2.0,3.9
1675938548.416000,45.392378,6.642854,1850.257279,229.7,8.657731,2.0,3.9
1675938550.416000,45.392322,6.642718,1849.983436,231.5,5.464031,2.0,3.9
1675938553.416000,45.392272,6.642599,1851.550093,229.5,3.261057,2.0,3.9
1675938560.415000,45.392233,6.642471,1852.014559,241.0,1.919433,2.0,4.0
1675938574.415000,45.392183,6.642358,1850.802244,230.5,0.480500,2.0,4.1
1675938599.374000,45.392162,6.642232,1850.176378,290.0,0.368560,2.0,3.9
1675938731.675000,45.392118,6.642120,1849.787021,263.2,0.273562,2.1,6.2
1675938739.416000,45.392058,6.641998,1848.366288,229.3,3.738441,2.1,8.4
1675938742.121000,45.392000,6.641898,1849.964954,235.6,4.663748,2.0,11.9
1675938744.416000,45.391892,6.641747,1857.424814,232.9,5.219955,2.0,15.0
1675938745.417000,45.391801,6.641662,1859.539776,221.8,5.544068,2.0,14.7
1675938746.416000,45.391729,6.641571,1861.839428,234.4,5.527987,2.0,14.5
1675938747.982000,45.391662,6.641478,1866.383577,149.1,3.397199,2.0,14.6
1675938751.424000,45.391569,6.641354,1875.355945,235.2,4.471190,2.0,16.7
1675938753.146000,45.391511,6.641242,1880.371883,222.5,4.337753,2.0,16.7
1675938755.416000,45.391428,6.641113,1887.124095,226.0,5.377026,2.0,16.1
1675938757.418000,45.391359,6.641006,1891.263071,226.9,4.851501,2.0,15.1
1675938759.416000,45.391288,6.640896,1893.204437,225.1,5.462085,2.2,12.3
1675938761.416000,45.391222,6.640804,1899.616610,225.0,4.905213,2.0,11.0
1675938764.416000,45.391131,6.640664,1905.643604,224.0,5.033943,2.1,9.9
1675938766.416000,45.391060,6.640566,1908.634848,224.0,5.139115,2.3,9.9
1675938769.416000,45.390973,6.640434,1918.249086,223.0,4.695174,2.0,9.9
1675938772.416000,45.390889,6.640303,1925.867029,222.0,4.577450,2.0,9.9
1675938775.417000,45.390800,6.640175,1934.679956,222.0,4.321438,2.0,9.9
1675938778.416000,45.390712,6.640048,1943.018709,224.0,4.880908,2.0,9.9
1675938781.416000,45.390619,6.639918,1952.169313,224.0,4.393756,2.0,9.9
1675938784.418000,45.390519,6.639782,1960.389188,221.1,5.737870,2.0,9.9
1675938786.417000,45.390448,6.639677,1963.248412,222.0,5.319573,2.0,9.9
1675938788.417000,45.390379,6.639574,1963.562390,222.0,4.914959,2.2,9.9
1675938791.416000,45.390283,6.639438,1971.104977,222.0,5.479504,2.1,9.9
1675938793.416000,45.390220,6.639345,1975.633061,222.0,5.217453,2.1,9.9
1675938795.416000,45.390154,6.639250,1976.590044,221.0,4.749197,2.3,9.9
1675938798.416000,45.390061,6.639104,1984.654343,222.0,5.209398,2.0,9.9
1675938800.417000,45.389999,6.639010,1989.236455,223.0,5.173860,2.0,9.9
1675938803.417000,45.389906,6.638864,1995.839864,222.0,5.488800,2.0,9.9
1675938805.416000,45.389835,6.638758,1998.339597,222.0,5.381385,2.0,9.9
1675938807.418000,45.389770,6.638656,2001.172175,221.0,5.248486,2.0,9.9
1675938809.418000,45.389706,6.638564,2003.509128,221.0,5.174221,2.0,9.9
1675938811.417000,45.389638,6.638469,2006.674307,221.0,5.491058,2.0,9.9
1675938813.417000,45.389566,6.638370,2009.159161,221.0,5.096460,2.0,9.9
1675938815.417000,45.389500,6.638274,2012.782344,221.0,4.985782,2.0,9.9
1675938817.416000,45.389436,6.638179,2014.212830,221.0,5.290170,2.2,9.9
1675938819.416000,45.389368,6.638080,2020.086090,221.0,5.199009,2.0,9.9
1675938822.416000,45.389278,6.637939,2025.582266,220.0,4.837891,2.1,9.9
1675938825.416000,45.389182,6.637800,2030.695507,221.0,5.217204,2.0,9.9
1675938827.416000,45.389118,6.637706,2034.881590,221.0,5.020568,2.0,9.9
1675938829.417000,45.389054,6.637611,2038.981046,221.0,4.881374,2.0,9.9
1675938831.416000,45.388983,6.637508,2043.316812,222.0,5.564905,2.0,9.9
1675938833.416000,45.388912,6.637409,2046.782123,222.0,5.298065,2.0,9.9
1675938835.416000,45.388848,6.637315,2050.800026,223.0,5.022244,2.0,9.9
1675938837.416000,45.388784,6.637220,2054.640399,221.0,5.343802,2.0,9.9
1675938839.416000,45.388715,6.637121,2056.383122,221.0,5.229565,2.0,9.9
1675938842.417000,45.388621,6.636987,2064.389777,218.0,4.875554,2.0,9.9
1675938844.417000,45.388554,6.636897,2067.838148,218.1,5.501333,2.0,9.9
1675938846.417000,45.388486,6.636800,2069.344204,218.0,5.133869,2.2,9.9
1675938849.416000,45.388398,6.636655,2077.688477,216.2,5.212346,2.1,9.9
1675938852.416000,45.388302,6.636516,2082.034641,215.0,5.030891,2.3,9.9
1675938854.417000,45.388236,6.636426,2089.273957,214.0,4.805288,2.0,10.1
1675938857.417000,45.388141,6.636287,2094.948660,211.1,5.603034,2.0,10.1
1675938859.417000,45.388070,6.636185,2096.858524,211.1,5.460989,2.0,9.9
1675938861.418000,45.387998,6.636089,2100.657334,211.0,5.015398,2.0,9.9
1675938863.417000,45.387930,6.635995,2104.096286,211.0,5.400100,2.0,9.9
1675938865.416000,45.387861,6.635894,2107.697415,210.0,5.439052,2.0,9.9
1675938867.417000,45.387796,6.635795,2111.350754,211.0,5.055957,2.0,9.9
1675938870.418000,45.387699,6.635662,2116.955694,210.5,5.124502,2.0,9.9
1675938872.416000,45.387632,6.635574,2119.557009,209.7,5.224405,2.0,9.9
1675938874.416000,45.387565,6.635480,2120.867255,210.3,5.307298,2.1,9.9
1675938876.416000,45.387497,6.635381,2126.749239,210.3,5.225945,2.0,9.9
1675938878.416000,45.387433,6.635287,2129.604708,211.0,5.281954,2.1,9.9
1675938880.416000,45.387368,6.635195,2135.106343,209.3,5.121605,2.1,9.9
1675938883.417000,45.387281,6.635061,2141.275329,209.6,4.998789,2.0,9.9
1675938885.416000,45.387217,6.634970,2145.302453,209.4,5.075272,2.0,9.9
1675938887.417000,45.387154,6.634878,2149.942772,210.0,5.039000,2.0,9.9
1675938890.416000,45.387056,6.634738,2156.921227,209.6,5.496553,2.0,9.9
1675938892.416000,45.386985,6.634634,2159.939025,209.9,5.291911,2.0,9.9
1675938894.418000,45.386919,6.634532,2162.269378,210.2,5.160175,2.0,9.9
1675938896.416000,45.386853,6.634431,2165.597762,210.4,5.249306,2.0,9.9
1675938898.416000,45.386786,6.634331,2168.733937,211.1,5.381273,2.0,9.9
1675938900.416000,45.386719,6.634231,2171.531120,211.0,5.256187,2.0,9.9
1675938902.417000,45.386654,6.634133,2174.968887,211.1,5.261559,2.0,9.9
1675938904.416000,45.386588,6.634033,2176.707045,211.4,5.413948,2.2,9.9
1675938906.416000,45.386525,6.633934,2181.707093,212.1,5.259287,2.0,9.9
1675938908.417000,45.386465,6.633839,2186.613372,212.4,5.066037,2.0,9.9
1675938910.417000,45.386401,6.633744,2189.883286,213.1,5.246363,2.0,9.9
1675938912.416000,45.386338,6.633647,2193.410658,213.3,5.165739,2.0,9.9
1675938914.416000,45.386276,6.633554,2198.120153,213.0,5.039673,2.0,9.9
1675938916.417000,45.386211,6.633458,2201.879748,212.8,5.417088,2.0,9.9
1675938918.416000,45.386145,6.633360,2203.865032,213.8,5.325164,2.0,9.9
1675938920.416000,45.386077,6.633260,2206.328772,213.9,5.283847,2.0,9.9
1675938922.416000,45.386011,6.633160,2208.948954,214.9,5.280919,2.0,9.9
1675938924.417000,45.385946,6.633064,2211.995305,214.6,5.388096,2.0,9.9
1675938926.417000,45.385882,6.632970,2214.709049,215.1,5.171238,2.0,9.9
1675938929.416000,45.385789,6.632836,2220.300047,215.3,5.208133,2.0,9.9
1675938931.416000,45.385723,6.632741,2224.107473,215.2,5.265275,2.0,9.9
1675938933.416000,45.385655,6.632642,2225.342389,215.2,5.126492,2.2,9.9
1675938935.418000,45.385589,6.632546,2231.357427,215.3,5.131848,2.0,9.9
1675938937.416000,45.385524,6.632447,2235.104720,216.2,5.266055,2.0,9.9
1675938939.416000,45.385457,6.632349,2238.530470,216.2,5.122652,2.0,9.9
1675938941.417000,45.385394,6.632254,2242.645173,216.2,5.057754,2.0,9.9
1675938943.416000,45.385332,6.632159,2247.233679,217.2,5.143612,2.0,9.9
1675938945.416000,45.385268,6.632062,2250.262079,217.2,5.087223,2.0,9.9
1675938947.416000,45.385206,6.631968,2255.687912,217.8,4.987372,2.0,9.9
1675938949.416000,45.385143,6.631877,2261.183517,217.4,5.227074,2.0,9.9
1675938951.417000,45.385073,6.631777,2263.262241,218.7,5.438445,2.0,9.9
1675938953.416000,45.385007,6.631675,2265.987970,218.5,5.385870,2.0,9.9
1675938955.416000,45.384940,6.631576,2268.339831,218.8,5.230894,2.0,9.9
1675938957.416000,45.384872,6.631474,2271.080417,219.8,5.505951,2.0,9.9
1675938959.416000,45.384805,6.631374,2272.687744,219.8,5.292949,2.0,9.9
1675938961.416000,45.384739,6.631275,2275.835449,220.1,5.250800,2.0,9.9
1675938963.416000,45.384672,6.631175,2277.677132,220.2,5.386335,2.1,9.9
1675938965.418000,45.384605,6.631075,2281.263088,219.5,5.277141,2.0,9.9
1675938967.417000,45.384539,6.630980,2284.871408,219.6,5.223650,2.1,9.9
1675938970.418000,45.384446,6.630840,2288.704129,218.4,5.288272,2.1,9.9
1675938972.418000,45.384382,6.630746,2292.282850,218.2,5.243154,2.1,9.9
1675938974.417000,45.384317,6.630648,2296.981838,217.5,5.037127,2.0,9.9
1675938976.418000,45.384254,6.630549,2299.735436,219.0,5.162894,2.0,9.9
1675938982.417000,45.384202,6.630438,2299.581291,227.2,2.128301,2.0,10.6
1675938986.418000,45.384135,6.630330,2297.979570,223.3,2.606050,2.0,10.1
1675939006.418000,45.384085,6.630328,2297.267370,-1.0,0.000000,2.2,4.3
1675939006.418000,45.384085,6.630328,2297.267370,-1.0,0.000000,2.2,4.3
1675939065.418000,45.384047,6.630386,2295.806962,168.0,2.012090,3.4,3.9
1675939069.417000,45.383958,6.630410,2295.170831,167.0,2.966371,3.2,3.9
1675939073.417000,45.383855,6.630432,2294.768313,141.3,2.849741,2.7,3.9
1675939077.418000,45.383777,6.630508,2293.415327,166.7,1.526304,2.4,3.9
1675939084.418000,45.383681,6.630454,2291.271379,200.9,3.401211,2.6,3.9
1675939087.417000,45.383583,6.630419,2290.893220,187.4,3.594812,2.6,3.9
1675939090.419000,45.383482,6.630369,2289.485418,214.3,4.628829,3.1,3.9
1675939092.417000,45.383404,6.630291,2288.426591,213.2,5.245397,3.0,3.9
1675939094.418000,45.383304,6.630229,2286.699878,185.4,5.818087,3.4,3.9
1675939096.418000,45.383213,6.630316,2285.615512,131.1,6.445721,3.3,3.9
1675939098.417000,45.383076,6.630453,2283.229666,170.0,10.287226,3.3,3.9
1675939099.418000,45.382985,6.630442,2282.191972,192.0,10.179797,3.4,3.9
1675939101.418000,45.382830,6.630479,2273.706490,138.0,7.850199,2.7,3.9
1675939103.418000,45.382751,6.630601,2269.728489,118.0,4.412073,2.6,3.9
1675939107.417000,45.382845,6.630720,2266.831826,18.0,4.189923,2.4,3.9
1675939110.417000,45.382958,6.630786,2266.026991,23.0,4.589569,2.1,4.0
1675939113.418000,45.383076,6.630820,2263.560560,350.1,4.373237,2.3,4.0
1675939116.417000,45.383171,6.630857,2263.400129,1.4,3.835674,2.4,3.9
1675939120.418000,45.383276,6.630904,2263.164084,312.1,3.752274,2.6,3.9
1675939123.417000,45.383372,6.631054,2262.060846,19.1,4.907517,3.0,3.9
1675939125.417000,45.383467,6.631178,2261.210068,13.1,6.054568,3.0,3.9
1675939127.418000,45.383579,6.631258,2259.560898,22.6,6.778682,2.7,3.9
1675939129.417000,45.383692,6.631322,2258.587442,60.0,6.885755,2.5,3.9
1675939131.417000,45.383806,6.631402,2257.243188,59.9,7.156895,2.4,3.9
1675939133.417000,45.383942,6.631458,2255.937445,58.9,7.808673,2.3,3.9
1675939135.418000,45.384079,6.631521,2253.611847,65.9,8.060377,2.2,3.9
1675939137.418000,45.384220,6.631600,2252.104725,67.0,8.395256,2.3,3.9
1675939139.419000,45.384368,6.631700,2249.656658,67.0,9.074705,2.3,3.9
1675939141.418000,45.384520,6.631810,2247.895257,69.0,9.507823,2.3,3.9
1675939143.417000,45.384678,6.631934,2246.050293,66.1,9.597569,2.2,3.9
1675939144.417000,45.384759,6.631991,2245.313160,57.3,9.490481,2.2,3.9
1675939146.418000,45.384917,6.632080,2243.168943,49.2,8.893479,2.3,3.9
1675939148.417000,45.385060,6.632148,2240.936775,44.7,7.710343,2.3,3.9
1675939150.418000,45.385179,6.632210,2239.350645,41.3,7.092419,2.4,3.9
1675939152.417000,45.385278,6.632233,2238.997622,26.4,4.716774,2.4,3.9
1675939156.417000,45.385377,6.632279,2238.913946,31.6,2.194798,2.1,3.9
1675939174.410000,45.385475,6.632338,2236.154036,24.8,4.672762,2.3,4.5
1675939176.684000,45.385556,6.632402,2232.684093,34.3,3.190247,2.3,5.9
1675939182.326000,45.385643,6.632474,2227.671744,-1.0,0.018095,2.1,12.4
1675939207.310000,45.385730,6.632621,2222.267987,57.8,4.569816,2.1,14.5
1675939208.419000,45.385694,6.632773,2216.908936,127.3,7.529256,2.2,14.2
1675939210.419000,45.385669,6.632935,2215.664793,97.1,5.624673,2.0,8.7
1675939215.405000,45.385760,6.632938,2213.144906,1.3,0.281565,2.1,5.8
1675939227.419000,45.385834,6.633020,2210.987785,49.0,5.728253,2.1,3.8
1675939229.418000,45.385890,6.633188,2209.397646,53.0,8.339272,2.1,4.2
1675939231.419000,45.385998,6.633248,2205.838867,36.0,5.670099,2.0,4.4
1675939235.272000,45.385989,6.633381,2204.952393,131.4,2.327096,2.0,6.2
1675939255.006000,45.385954,6.633404,2203.085684,142.5,0.000000,2.0,3.6
1675939255.006000,45.385954,6.633404,2203.085684,142.5,0.000000,2.0,3.6
1675939259.365000,45.385895,6.633450,2201.563302,159.9,2.522670,2.0,5.0
1675939261.419000,45.385797,6.633509,2200.440109,112.2,5.111064,2.0,5.5
1675939263.418000,45.385848,6.633626,2196.989014,25.6,4.402681,2.0,5.3
1675939283.103000,45.385872,6.633688,2192.025026,115.6,0.000000,2.1,5.9
1675939283.103000,45.385872,6.633688,2192.025026,115.6,0.000000,2.1,5.9
1675939288.167000,45.385857,6.633770,2191.110793,91.7,3.195114,2.0,5.1
1675939290.419000,45.385952,6.633859,2187.971884,349.3,5.406634,2.0,5.1
1675939292.418000,45.386069,6.633876,2184.678781,2.5,6.860646,2.0,4.6
1675939294.419000,45.386199,6.633866,2179.062809,2.9,5.761019,2.0,3.9
1675939296.418000,45.386308,6.633891,2178.684820,4.0,5.236734,2.0,3.9
1675939298.418000,45.386396,6.633928,2175.109594,48.7,6.307263,2.0,3.9
1675939300.419000,45.386497,6.634047,2171.890550,1.3,6.702919,2.0,3.9
1675939303.418000,45.386556,6.634203,2166.570372,117.8,8.313049,2.0,3.9
1675939305.418000,45.386470,6.634346,2163.846882,107.7,5.805719,2.0,3.9
1675939307.419000,45.386545,6.634433,2162.647131,11.5,5.407104,2.0,3.9
1675939310.419000,45.386660,6.634458,2160.704672,14.4,4.614250,2.0,3.9
1675939312.419000,45.386743,6.634521,2157.521208,36.0,5.379150,2.0,3.9
1675939316.192000,45.386835,6.634558,2157.348053,16.5,1.862779,2.0,4.8
1675939326.287000,45.386949,6.634660,2155.073884,35.7,3.942069,2.0,5.6
1675939328.418000,45.387073,6.634742,2152.603806,350.1,5.387977,2.0,5.7
1675939331.635000,45.387173,6.634791,2149.673976,34.8,4.892918,2.0,6.3
1675939337.162000,45.387264,6.634832,2147.124497,0.7,2.645294,2.0,7.1
1675939340.542000,45.387351,6.634888,2144.734038,22.7,2.183660,2.0,6.8
1675939345.419000,45.387415,6.634983,2141.648161,41.0,5.085488,2.0,6.6
1675939352.129000,45.387498,6.635106,2138.650212,40.7,5.023582,2.0,5.5
1675939361.078000,45.387512,6.635269,2131.787114,45.8,3.198083,2.0,7.0
1675939364.466000,45.387585,6.635344,2127.775175,46.2,2.913786,2.0,6.9
1675939368.305000,45.387657,6.635455,2124.257904,26.5,4.672577,2.0,6.9
1675939371.605000,45.387736,6.635562,2120.186366,48.5,3.303918,2.0,6.7
1675939376.025000,45.387816,6.635699,2115.141565,64.5,4.136114,2.0,7.1
1675939378.418000,45.387926,6.635832,2111.377085,34.0,5.280793,2.0,6.4
1675939382.149000,45.388009,6.635935,2105.574098,40.5,3.132396,2.0,6.4
1675939384.902000,45.388092,6.636036,2103.580767,35.7,3.771608,2.0,6.9
1675939389.950000,45.388139,6.636192,2100.091457,77.2,3.127409,2.0,6.3
1675939393.115000,45.388199,6.636298,2094.020466,38.5,1.956769,2.0,6.2
1675939395.418000,45.388267,6.636386,2089.865891,49.3,6.319201,2.0,6.6
1675939399.120000,45.388343,6.636456,2085.974047,56.5,0.454137,2.0,6.2
1675939437.420000,45.388394,6.636569,2082.441549,57.8,1.916426,2.0,4.1
1675939441.338000,45.388452,6.636677,2079.995026,49.4,3.025641,2.0,12.4
1675939444.661000,45.388538,6.636755,2074.476403,43.7,2.934286,2.0,17.1
1675939448.093000,45.388603,6.636844,2072.866024,46.4,3.008753,2.0,17.4
1675939456.421000,45.388629,6.636973,2063.897442,90.8,2.405938,2.0,10.8
1675939462.651000,45.388669,6.637099,2058.971986,69.1,1.711094,2.0,16.7
1675939466.118000,45.388741,6.637179,2055.743628,36.3,3.253713,2.0,16.8
1675939468.546000,45.388813,6.637256,2053.861338,54.1,1.162227,2.0,15.8
1675939474.168000,45.388884,6.637348,2049.709972,57.2,1.768214,2.0,17.2
1675939480.936000,45.388893,6.637481,2042.334925,73.1,1.492329,2.0,17.3
1675939513.419000,45.388982,6.637506,2041.086684,15.8,0.248219,2.0,11.0
1675939535.087000,45.389071,6.637532,2038.082028,69.6,0.164237,2.0,13.4
1675939596.420000,45.389128,6.637638,2041.226824,35.0,3.866681,2.0,10.4
1675939616.196000,45.389083,6.637649,2036.458716,-1.0,0.000000,2.0,10.5
1675939616.196000,45.389083,6.637649,2036.458716,-1.0,0.000000,2.0,10.5
1675939646.420000,45.389037,6.637608,2036.078558,211.8,0.626180,2.0,10.4
1675939660.420000,45.389131,6.637716,2035.667920,19.1,1.315680,2.0,12.1
1675939662.420000,45.389211,6.637801,2033.824794,32.1,5.909799,2.0,15.5
1675939665.127000,45.389296,6.637850,2031.515084,19.6,0.832191,2.0,16.5
1675939670.174000,45.389326,6.637988,2029.941141,45.2,3.812643,2.1,15.2
1675939675.222000,45.389391,6.638105,2025.851182,41.7,3.229571,2.2,16.7
1675939678.091000,45.389493,6.638186,2018.758510,15.0,2.576798,2.1,16.7
1675939682.420000,45.389550,6.638303,2017.684078,76.9,7.983374,2.2,16.7
1675939684.421000,45.389652,6.638494,2012.997869,27.6,8.914844,2.1,15.0
1675939686.420000,45.389765,6.638538,2008.174311,23.9,3.554923,2.0,12.6
1675939706.085000,45.389797,6.638492,2012.401599,313.5,0.000000,2.3,7.4
1675939706.085000,45.389797,6.638492,2012.401599,313.5,0.000000,2.3,7.4
1675939708.378000,45.389871,6.638503,2010.527105,355.3,3.322705,2.5,12.3
1675939709.421000,45.389956,6.638551,2008.526004,10.2,6.459258,2.1,13.4
1675939711.420000,45.390090,6.638619,2007.454111,22.8,6.357210,2.1,14.6
1675939713.420000,45.390214,6.638682,2004.007241,9.0,5.987963,2.0,12.5
1675939715.420000,45.390325,6.638737,2003.886055,18.2,5.379651,2.0,9.9
1675939717.420000,45.390424,6.638776,1999.944417,9.3,5.148772,2.1,9.9
1675939719.420000,45.390530,6.638804,1996.444161,11.3,6.298573,2.0,9.9
1675939724.421000,45.390610,6.638883,2001.010321,32.0,1.259643,2.2,9.9
1675939788.420000,45.390704,6.638932,2002.482815,26.1,4.468313,3.2,8.6
1675939790.421000,45.390848,6.639039,1997.589447,24.1,7.635792,2.4,9.6
1675939791.420000,45.390936,6.639095,1997.001055,21.8,8.989512,3.1,11.3
1675939792.420000,45.391035,6.639147,1994.235147,18.7,10.099513,3.0,11.1
1675939793.421000,45.391142,6.639196,1991.176003,19.4,11.247814,3.3,9.9
1675939794.421000,45.391259,6.639248,1988.039825,15.9,12.281785,2.9,9.9
1675939795.420000,45.391379,6.639298,1983.705715,17.9,12.901458,2.3,9.9
1675939796.420000,45.391499,6.639348,1982.452076,15.0,13.022783,2.6,9.9
1675939797.420000,45.391618,6.639393,1981.049191,14.4,12.945090,2.5,9.9
1675939798.421000,45.391733,6.639435,1979.671273,13.6,12.832743,2.5,9.9
1675939799.421000,45.391848,6.639474,1977.609857,13.3,12.817015,2.3,9.9
1675939800.420000,45.391963,6.639508,1975.925678,12.0,12.811758,2.3,9.9
1675939801.420000,45.392077,6.639541,1973.850591,11.5,12.662944,2.2,9.9
1675939802.421000,45.392191,6.639573,1972.352578,11.2,12.724289,2.2,9.9
1675939803.420000,45.392303,6.639604,1969.727441,10.6,12.724615,2.1,9.9
1675939804.421000,45.392415,6.639636,1967.057162,11.2,12.827118,2.1,9.9
1675939805.421000,45.392526,6.639672,1966.252629,12.2,12.724627,2.1,9.9
1675939806.421000,45.392637,6.639709,1964.959562,12.6,12.727583,2.2,9.9
1675939807.421000,45.392750,6.639746,1962.084834,10.8,12.894704,2.3,9.9
1675939808.420000,45.392858,6.639788,1961.199201,13.4,12.659454,2.4,9.9
1675939809.420000,45.392965,6.639833,1960.445085,14.3,12.606773,2.4,9.9
1675939810.420000,45.393072,6.639878,1958.893162,13.1,12.655626,2.3,9.9
1675939811.421000,45.393178,6.639909,1955.122427,10.2,12.053253,2.2,9.9
1675939812.421000,45.393284,6.639933,1955.418297,8.1,12.510060,3.1,9.9
1675939813.420000,45.393396,6.639950,1953.258831,7.1,12.377791,3.1,9.9
1675939814.420000,45.393502,6.639961,1950.243426,6.1,12.331546,2.3,9.9
1675939815.420000,45.393603,6.639971,1949.451288,6.9,12.186583,2.7,9.9
1675939816.421000,45.393701,6.639990,1948.135736,9.8,12.377925,3.0,9.9
1675939817.421000,45.393802,6.640016,1946.687192,10.0,12.151447,3.2,9.9
1675939818.420000,45.393908,6.640047,1942.223735,10.0,12.489627,2.2,9.9
1675939819.421000,45.394018,6.640077,1940.411192,10.0,12.245062,2.5,9.9
1675939820.420000,45.394127,6.640109,1940.244579,10.9,12.509886,3.0,9.9
1675939821.421000,45.394234,6.640138,1938.912063,9.1,12.083735,3.1,9.9
1675939822.422000,45.394341,6.640164,1935.775156,9.0,12.349558,2.3,9.9
1675939823.420000,45.394445,6.640179,1935.358301,8.0,11.687086,3.3,9.9
1675939824.420000,45.394546,6.640196,1933.127085,8.0,11.594956,2.6,9.9
1675939825.421000,45.394647,6.640212,1931.050872,7.1,11.212476,2.8,9.9
1675939826.421000,45.394747,6.640226,1929.713634,7.0,11.370201,2.5,9.9
1675939827.421000,45.394849,6.640240,1929.322467,6.1,11.464029,3.0,9.9
1675939828.420000,45.394952,6.640252,1926.702798,5.1,11.233964,2.4,10.0
1675939829.420000,45.395056,6.640259,1925.739500,0.3,10.860514,2.3,9.9
1675939830.420000,45.395154,6.640252,1924.748331,359.1,10.444563,2.2,9.9
1675939831.420000,45.395244,6.640264,1923.475156,16.0,10.046513,2.2,9.9
1675939833.421000,45.395353,6.640449,1920.461408,54.0,9.804469,2.1,9.9
1675939834.420000,45.395399,6.640578,1918.817649,71.2,11.687913,2.1,9.9
1675939835.420000,45.395415,6.640753,1912.553803,88.2,13.754653,2.2,9.9
1675939836.421000,45.395389,6.640959,1907.359242,103.5,15.748407,2.3,9.9
1675939837.421000,45.395319,6.641153,1905.204796,121.2,15.645052,2.4,9.9
1675939838.421000,45.395212,6.641297,1902.776728,146.0,14.119263,2.4,9.9
1675939839.421000,45.395092,6.641386,1900.978156,149.0,13.420241,2.3,9.9
1675939840.421000,45.394979,6.641461,1897.964201,158.0,12.949981,2.2,9.9
1675939841.422000,45.394863,6.641505,1895.629100,173.0,13.337955,2.2,9.9
1675939842.420000,45.394742,6.641506,1893.755592,186.0,12.711706,2.2,9.9
1675939843.421000,45.394629,6.641480,1892.335933,188.0,12.480718,2.3,9.9
1675939844.420000,45.394519,6.641459,1893.262602,184.0,12.021071,2.7,9.9
1675939845.421000,45.394412,6.641450,1891.313244,183.0,11.776126,3.0,9.9
1675939846.420000,45.394312,6.641445,1890.365458,180.1,10.571261,3.2,9.9
1675939847.420000,45.394219,6.641446,1885.964657,177.0,10.709629,2.2,9.9
1675939848.422000,45.394124,6.641451,1885.456015,178.0,10.351075,2.3,9.9
1675939849.421000,45.394032,6.641452,1885.410700,180.0,10.310151,3.0,9.9
1675939850.420000,45.393941,6.641449,1882.485329,180.0,10.180467,2.2,9.9
1675939851.420000,45.393851,6.641446,1881.627317,180.0,10.057623,2.3,9.9
1675939853.420000,45.393673,6.641439,1881.080035,181.1,9.868698,2.6,9.9
1675939855.421000,45.393493,6.641454,1877.140637,173.3,10.490444,2.5,9.9
1675939856.420000,45.393399,6.641482,1877.104103,166.4,10.822520,3.0,9.9
1675939857.421000,45.393304,6.641523,1875.003670,163.2,10.810693,2.4,9.9
1675939858.421000,45.393212,6.641572,1873.568584,159.3,10.604093,2.3,9.9
1675939859.421000,45.393126,6.641628,1873.372668,156.2,10.133353,2.2,9.9
1675939861.420000,45.392977,6.641739,1870.974692,152.1,8.897683,2.1,10.0
1675939863.420000,45.392848,6.641841,1870.685011,150.1,8.188424,2.1,10.3
1675939865.420000,45.392731,6.641939,1869.782622,147.1,7.503200,2.3,10.5
1675939867.420000,45.392628,6.642039,1868.510359,146.0,6.873629,2.4,10.5
1675939869.421000,45.392540,6.642138,1866.888166,140.1,6.248029,2.2,10.5
1675939871.421000,45.392463,6.642243,1866.301848,139.1,5.794512,2.2,10.5
1675939873.423000,45.392396,6.642334,1867.943425,150.3,5.008488,2.7,10.4
1675939876.421000,45.392328,6.642441,1863.683401,145.8,3.333478,2.2,10.1
1675939895.946000,45.392273,6.642474,1865.006896,14.2,0.000000,2.4,3.9
1675939895.946000,45.392273,6.642474,1865.006896,14.2,0.000000,2.4,3.9
1675939903.978000,45.392254,6.642365,1866.025174,-1.0,0.085167,3.0,4.9
1675939915.421000,45.392196,6.642262,1864.748077,259.8,0.498410,2.5,4.0
1675940000.116000,45.392148,6.642151,1864.104346,-1.0,0.021471,2.5,3.7
1675940020.997000,45.392068,6.642054,1864.088201,213.5,2.511993,3.3,5.4
1675940023.421000,45.391932,6.641857,1864.696204,226.8,4.883909,2.2,6.6
1675940024.954000,45.391865,6.641744,1867.278233,233.3,4.825320,2.2,7.6
1675940027.249000,45.391765,6.641585,1875.529702,231.1,5.215682,3.4,7.3
1675940029.421000,45.391682,6.641461,1879.196042,226.6,5.191377,2.5,7.1
1675940032.125000,45.391598,6.641336,1886.865089,225.6,4.649509,2.3,6.8
1675940034.419000,45.391520,6.641239,1892.027646,223.6,4.909468,2.2,6.7
1675940036.650000,45.391443,6.641144,1898.154897,223.9,4.896946,2.2,6.9
1675940038.421000,45.391367,6.641052,1902.786901,226.7,4.824356,2.3,6.0
1675940040.422000,45.391298,6.640963,1908.355226,226.0,5.817417,2.5,5.3
1675940042.421000,45.391229,6.640866,1909.750591,226.2,4.895537,2.2,8.1
1675940045.422000,45.391148,6.640742,1918.187797,223.1,4.725482,2.3,11.3
1675940047.422000,45.391076,6.640636,1923.985092,223.0,5.171617,2.8,11.4
1675940049.421000,45.391008,6.640538,1929.246236,219.1,5.020804,3.3,9.9
1675940052.421000,45.390916,6.640403,1935.183115,221.0,4.900711,2.2,9.9
1675940055.422000,45.390823,6.640266,1944.996982,221.0,4.968519,3.3,10.0
1675940058.422000,45.390731,6.640140,1951.691141,221.0,4.713188,2.5,10.3
1675940061.421000,45.390642,6.640008,1961.656062,221.0,4.769744,2.3,10.6
1675940064.421000,45.390564,6.639892,1970.058845,220.0,3.672395,2.1,10.3
1675940066.421000,45.390492,6.639783,1975.704012,220.9,5.365480,2.1,10.0
1675940068.421000,45.390425,6.639681,1978.079295,220.1,5.451619,2.3,10.0
1675940070.421000,45.390356,6.639579,1979.531134,222.0,4.842906,2.2,10.0
1675940072.421000,45.390293,6.639486,1982.061594,221.1,5.535616,2.3,9.9
1675940074.422000,45.390226,6.639389,1986.744300,222.9,4.933863,2.4,9.9
1675940076.421000,45.390164,6.639293,1992.144543,223.0,5.360425,3.1,9.9
1675940079.421000,45.390070,6.639155,1997.185357,222.0,5.353592,2.3,9.9
1675940081.422000,45.390003,6.639056,2000.098021,224.0,4.978015,2.2,9.9
1675940083.422000,45.389938,6.638960,2007.593222,224.0,4.908257,3.5,9.9
1675940085.421000,45.389874,6.638863,2010.492713,224.0,5.512137,3.3,9.9
1675940087.421000,45.389803,6.638762,2011.831117,223.0,5.401745,2.5,9.9
1675940089.421000,45.389735,6.638660,2015.347430,224.0,5.274911,2.6,9.9
1675940091.422000,45.389671,6.638566,2018.018180,224.0,5.187702,2.4,9.9
1675940093.421000,45.389606,6.638468,2020.403046,223.0,5.462398,2.1,9.9
1675940095.423000,45.389538,6.638366,2023.218479,224.0,5.178358,2.2,9.9
1675940097.422000,45.389474,6.638270,2026.943608,223.0,5.121907,2.4,9.9
1675940099.422000,45.389409,6.638175,2031.323529,222.0,5.233500,2.5,9.9
1675940101.422000,45.389341,6.638075,2032.958095,221.0,5.237723,2.3,9.9
1675940103.423000,45.389275,6.637982,2038.282738,218.0,5.086847,2.3,9.9
1675940105.423000,45.389209,6.637892,2043.140346,217.0,4.990617,3.0,9.9
1675940107.422000,45.389142,6.637796,2047.284308,218.9,5.298728,3.3,9.9
1675940110.422000,45.389049,6.637668,2053.203985,216.7,4.396128,3.0,9.9
1675940112.423000,45.388987,6.637568,2057.467580,225.0,5.885248,3.5,9.9
1675940114.423000,45.388920,6.637461,2059.615744,227.0,5.270073,2.9,9.9
1675940116.422000,45.388858,6.637364,2063.540376,226.0,5.153315,3.0,9.9
1675940118.423000,45.388796,6.637272,2066.986357,225.0,5.129070,2.3,9.9
1675940120.422000,45.388729,6.637173,2072.354321,224.0,5.377959,2.3,9.9
1675940122.422000,45.388664,6.637076,2074.784366,222.1,5.162446,2.2,9.9
1675940124.424000,45.388600,6.636984,2077.705636,221.0,4.966160,2.3,9.9
1675940126.423000,45.388538,6.636890,2082.061562,223.0,5.360847,2.4,9.9
1675940128.423000,45.388474,6.636794,2085.665202,222.0,5.005905,2.5,9.9
1675940130.423000,45.388411,6.636697,2088.882368,223.0,4.956841,2.3,9.9
1675940133.424000,45.388318,6.636557,2096.399921,222.8,5.131145,2.2,9.9
1675940135.423000,45.388254,6.636465,2103.241360,223.0,4.989168,3.1,9.9
1675940138.422000,45.388165,6.636336,2107.963067,221.7,5.244953,2.3,10.1
1675940140.423000,45.388095,6.636234,2109.353101,220.1,5.245840,2.3,10.1
1675940142.423000,45.388024,6.636134,2113.795426,218.6,5.295352,3.0,9.9
1675940144.422000,45.387959,6.636036,2116.338845,221.0,5.205653,2.3,9.9
1675940146.422000,45.387893,6.635933,2119.558377,222.0,5.311275,2.5,9.9
1675940148.423000,45.387826,6.635831,2122.749933,221.9,5.302625,2.2,9.9
1675940150.424000,45.387761,6.635732,2126.731515,222.1,5.134755,2.1,9.9
1675940152.422000,45.387697,6.635635,2129.780006,222.1,5.208250,2.1,9.9
1675940154.422000,45.387629,6.635540,2134.048583,221.2,5.256299,2.1,9.9
1675940156.422000,45.387565,6.635448,2137.477051,221.9,5.126167,2.1,9.9
1675940158.422000,45.387501,6.635357,2140.188003,222.0,5.077845,2.1,9.9
1675940160.422000,45.387434,6.635263,2144.086527,222.9,5.291344,2.1,9.9
1675940162.422000,45.387370,6.635170,2148.643094,223.0,4.976304,2.4,9.9
1675940165.422000,45.387277,6.635033,2154.793213,222.1,5.027037,2.1,9.9
1675940167.423000,45.387213,6.634938,2158.807174,223.2,5.153100,2.1,9.9
1675940170.422000,45.387128,6.634801,2166.423814,223.8,4.771061,2.3,8.0
1675940173.423000,45.387036,6.634655,2171.681835,218.7,5.334799,2.3,4.0
1675940175.422000,45.386974,6.634560,2174.274648,224.0,5.319519,2.1,4.0
1675940178.422000,45.386882,6.634411,2179.423780,226.0,5.466167,2.2,3.9
1675940180.422000,45.386812,6.634306,2181.505663,226.3,5.345253,2.1,3.9
1675940182.422000,45.386746,6.634205,2185.398539,227.1,5.198716,2.2,3.9
1675940184.424000,45.386682,6.634110,2188.515921,224.8,5.206064,2.3,3.9
1675940186.422000,45.386612,6.634010,2189.169478,224.8,5.377895,2.1,3.9
1675940188.423000,45.386545,6.633914,2193.044953,222.2,5.185458,2.1,3.9
1675940190.422000,45.386479,6.633822,2195.492619,222.7,5.127140,2.2,3.9
1675940192.422000,45.386413,6.633729,2199.795672,223.1,5.259406,2.1,3.9
1675940194.422000,45.386346,6.633636,2205.658262,223.0,5.147974,2.1,3.9
1675940197.422000,45.386248,6.633502,2210.206094,223.1,5.135336,2.4,3.9
1675940199.422000,45.386178,6.633400,2215.427818,223.3,5.320566,2.1,3.9
1675940201.423000,45.386111,6.633300,2216.732494,224.0,5.372653,2.3,3.9
1675940203.422000,45.386047,6.633205,2218.973862,223.4,5.176222,2.2,3.9
1675940205.424000,45.385980,6.633106,2221.500585,223.2,5.381433,2.1,3.9
1675940207.422000,45.385912,6.633007,2225.003013,221.9,5.298755,2.1,3.9
1675940209.422000,45.385848,6.632912,2228.975000,224.4,5.158998,2.0,3.9
1675940211.422000,45.385784,6.632813,2231.742179,224.4,5.198073,2.0,3.9
1675940213.422000,45.385715,6.632712,2235.343184,224.1,5.342064,2.0,3.9
1675940215.422000,45.385649,6.632614,2239.133828,223.4,5.103657,2.1,3.9
1675940217.422000,45.385586,6.632518,2243.110301,223.8,5.080113,2.1,3.9
1675940219.422000,45.385520,6.632424,2244.293474,223.4,5.288088,2.2,3.9
1675940221.423000,45.385456,6.632332,2248.050060,223.9,4.916842,2.0,3.9
1675940224.424000,45.385364,6.632198,2255.444560,222.9,5.028568,2.0,3.9
1675940226.423000,45.385304,6.632102,2258.729671,224.0,5.168654,2.5,3.9
1675940229.423000,45.385217,6.631960,2265.941340,223.0,5.037304,2.4,3.9
1675940231.423000,45.385153,6.631868,2274.683667,224.0,5.254617,2.1,4.1
1675940233.424000,45.385076,6.631764,2273.871170,224.9,5.286109,2.1,4.2
1675940235.422000,45.385008,6.631662,2277.141750,224.0,5.475415,2.1,4.1
1675940237.422000,45.384940,6.631560,2279.584478,224.0,5.240672,2.1,3.9
1675940239.422000,45.384868,6.631460,2281.987634,225.0,5.499678,2.0,3.9
1675940241.423000,45.384798,6.631366,2284.375284,218.2,5.235284,2.0,3.9
1675940243.422000,45.384734,6.631269,2288.315092,219.1,5.153940,2.0,3.9
1675940245.423000,45.384668,6.631165,2289.653630,224.0,5.455735,2.0,3.9
1675940247.422000,45.384604,6.631062,2292.730960,224.0,5.194875,2.1,3.9
1675940249.423000,45.384540,6.630961,2294.428569,224.0,5.239060,2.2,3.9
1675940251.423000,45.384476,6.630862,2298.145979,226.0,5.315610,2.1,3.9
1675940253.423000,45.384411,6.630760,2302.256075,225.0,5.243161,2.0,3.9
1675940255.422000,45.384340,6.630659,2305.279807,226.0,4.695576,2.5,3.9
1675940258.422000,45.384263,6.630559,2309.369097,227.9,4.080555,2.4,4.2
1675940264.422000,45.384201,6.630457,2312.598132,223.0,2.864069,2.1,4.4
1675940267.423000,45.384136,6.630359,2311.885293,227.6,3.209522,2.0,4.3
1675940271.422000,45.384060,6.630275,2312.039300,199.5,2.081825,2.0,3.9
1675940285.422000,45.383973,6.630214,2309.717637,197.1,1.377925,2.7,4.0
1675940297.133000,45.383889,6.630161,2311.528436,204.7,0.754388,2.0,4.7
1675940350.423000,45.383810,6.630255,2307.153615,127.5,0.142986,2.0,3.9
1675940493.423000,45.383697,6.630263,2306.007594,164.3,3.676199,2.0,3.9
1675940500.423000,45.383598,6.630283,2302.964311,163.7,1.256515,2.0,3.9
1675940507.423000,45.383506,6.630235,2301.836111,200.1,1.735067,2.0,3.9
1675940512.425000,45.383390,6.630215,2299.401110,181.0,4.374082,2.0,3.9
1675940515.423000,45.383254,6.630314,2297.903462,137.2,6.760863,2.1,3.9
1675940517.424000,45.383127,6.630408,2293.175131,181.4,6.725335,2.2,3.9
1675940519.423000,45.383038,6.630366,2291.095495,168.9,6.122722,2.4,3.9
1675940521.424000,45.382933,6.630477,2287.491359,126.2,5.079484,2.4,3.9
1675940526.424000,45.382894,6.630600,2283.062895,101.7,1.246091,2.0,3.9
1675940558.426000,45.382805,6.630576,2281.560067,191.9,3.624508,2.1,4.2
1675940561.424000,45.382669,6.630599,2278.629565,162.5,5.017405,2.0,3.9
1675940571.424000,45.382765,6.630690,2277.265169,20.9,3.745256,2.1,3.9
1675940574.424000,45.382862,6.630747,2277.171249,19.0,4.562934,2.3,3.9
1675940576.426000,45.382949,6.630793,2275.593765,20.9,4.809332,2.5,3.9
1675940578.424000,45.383034,6.630838,2277.504196,18.1,4.792812,2.4,3.9
1675940581.424000,45.383145,6.630890,2275.917350,14.9,4.335202,2.0,3.9
1675940584.424000,45.383242,6.630938,2275.050661,1.9,3.822179,2.0,3.9
1675940587.424000,45.383327,6.630995,2274.401239,349.8,4.174405,2.1,3.9
1675940589.424000,45.383406,6.631081,2273.272704,348.1,4.931494,2.1,3.9
1675940591.424000,45.383508,6.631178,2270.568735,18.9,5.837281,2.0,3.9
1675940593.425000,45.383627,6.631271,2269.342684,18.0,7.097606,2.0,3.9
1675940595.425000,45.383753,6.631338,2266.629885,16.0,7.100482,2.0,3.9
1675940597.425000,45.383881,6.631390,2266.331585,13.0,7.778509,2.0,3.9
1675940599.425000,45.384020,6.631450,2264.221196,20.0,8.159540,2.0,3.9
1675940601.424000,45.384161,6.631530,2261.675055,23.0,8.629123,2.1,3.9
1675940603.424000,45.384309,6.631626,2260.516912,24.0,9.349927,2.3,3.9
1675940605.425000,45.384465,6.631729,2260.886607,24.0,9.619494,3.1,3.9
1675940607.425000,45.384622,6.631832,2259.461156,26.0,9.779802,2.4,3.9
1675940609.426000,45.384776,6.631937,2257.691314,24.0,9.280109,2.0,3.9
1675940611.424000,45.384928,6.632026,2255.153664,21.0,8.980089,2.0,3.9
1675940613.425000,45.385083,6.632103,2254.081292,11.1,9.143674,2.0,3.9
1675940615.424000,45.385244,6.632162,2252.550956,350.1,9.199967,2.1,3.9
1675940617.425000,45.385405,6.632193,2250.676796,322.5,8.504356,2.1,3.9
1675940619.426000,45.385552,6.632193,2247.959382,303.7,7.780407,2.0,3.9
1675940621.424000,45.385691,6.632185,2246.753840,290.4,7.466182,2.0,3.9
1675940623.426000,45.385811,6.632178,2247.184199,276.2,6.682766,2.0,3.9
1675940625.424000,45.385924,6.632167,2244.423232,268.3,6.236599,2.0,3.9
1675940627.425000,45.386020,6.632162,2244.430880,238.8,5.248904,2.0,3.9
1675940630.424000,45.386128,6.632156,2244.644160,203.2,3.719873,2.1,3.9
1675940633.426000,45.386222,6.632134,2244.056826,241.4,4.558370,2.4,3.9
1675940635.424000,45.386333,6.632175,2245.499815,7.5,5.482212,2.4,4.1
1675940637.424000,45.386469,6.632216,2243.043437,12.9,6.447786,2.0,4.0
1675940639.424000,45.386609,6.632296,2240.097157,18.9,7.749427,2.0,3.9
1675940641.424000,45.386765,6.632381,2238.499610,20.0,8.996376,2.0,3.9
1675940643.424000,45.386935,6.632473,2235.450288,20.0,10.048441,2.1,3.9
1675940644.425000,45.387024,6.632516,2234.275587,10.5,10.269628,2.1,3.9
1675940645.424000,45.387113,6.632555,2233.096573,16.7,10.011951,2.1,3.9
1675940646.424000,45.387200,6.632594,2232.122227,14.1,10.170728,2.1,3.9
1675940647.424000,45.387291,6.632622,2231.178804,9.3,10.026148,2.1,3.9
1675940648.424000,45.387383,6.632642,2230.079140,8.1,10.295060,2.1,3.9
1675940649.425000,45.387472,6.632659,2227.721164,7.1,9.779346,2.0,3.9
1675940651.424000,45.387623,6.632734,2225.650261,21.7,8.382710,2.0,3.9
1675940653.424000,45.387694,6.632819,2224.284429,160.9,0.658791,2.0,3.9
1675940718.424000,45.387779,6.632885,2224.375935,348.0,2.900711,2.4,3.9
1675940721.424000,45.387882,6.632815,2221.872563,343.0,4.929921,2.0,3.9
1675940723.424000,45.387979,6.632769,2219.696862,341.0,6.169934,2.0,3.9
1675940725.425000,45.388093,6.632708,2218.507476,337.0,7.539947,2.0,3.9
1675940727.425000,45.388225,6.632627,2215.680523,329.1,8.413824,2.0,3.9
1675940729.425000,45.388369,6.632506,2207.574888,319.1,9.605167,2.4,3.9
1675940730.424000,45.388446,6.632433,2205.938241,308.5,10.141313,2.1,3.9
1675940731.424000,45.388520,6.632350,2204.409177,310.0,10.510226,2.1,3.9
1675940732.425000,45.388600,6.632266,2199.673065,321.4,10.886529,2.2,3.9
1675940733.424000,45.388691,6.632188,2197.458786,325.8,11.559982,2.1,3.9
1675940734.424000,45.388785,6.632102,2195.359473,326.0,12.407200,2.1,3.9
1675940735.425000,45.388891,6.632000,2192.623472,324.0,15.439585,2.1,3.9
1675940736.424000,45.389014,6.631870,2187.755557,322.0,18.279497,2.1,3.9
1675940737.424000,45.389147,6.631724,2175.286305,322.0,19.379662,2.1,3.9
1675940738.425000,45.389293,6.631586,2167.874202,329.0,20.037754,2.1,3.9
1675940739.424000,45.389436,6.631460,2163.560907,326.0,17.974052,2.0,3.9
1675940740.425000,45.389543,6.631327,2159.696711,312.0,14.431217,2.0,3.9
1675940741.424000,45.389636,6.631233,2162.329819,339.0,12.169967,2.0,3.9
1675940742.425000,45.389746,6.631170,2158.794434,334.0,14.039419,2.0,3.9
1675940743.425000,45.389870,6.631087,2155.429199,335.0,15.639589,2.1,3.9
1675940744.425000,45.390001,6.630998,2150.195382,334.0,16.269701,2.3,3.9
1675940745.424000,45.390129,6.630886,2147.544794,324.0,17.429615,2.0,3.9
1675940746.424000,45.390257,6.630766,2146.174261,331.0,16.860022,2.0,3.9
1675940747.424000,45.390387,6.630695,2143.845661,345.0,14.820199,2.0,3.9
1675940748.426000,45.390512,6.630661,2142.744405,352.0,13.510219,2.0,3.9
1675940749.425000,45.390637,6.630634,2145.539795,350.0,14.340174,2.0,3.9
1675940750.426000,45.390762,6.630631,2142.946533,3.7,13.366061,2.0,3.9
1675940751.424000,45.390886,6.630649,2140.461670,5.0,13.849636,2.0,3.9
1675940752.425000,45.391012,6.630674,2139.865479,9.0,13.889998,2.0,3.9
1675940753.425000,45.391131,6.630697,2139.078857,6.0,12.620188,2.0,3.9
1675940754.424000,45.391242,6.630730,2138.368197,18.0,12.380020,2.0,3.9
1675940755.425000,45.391346,6.630790,2138.229181,25.0,11.780087,2.0,3.9
1675940756.424000,45.391442,6.630847,2136.517170,21.0,11.020221,2.0,3.9
1675940757.424000,45.391531,6.630898,2131.212128,22.0,10.420346,2.3,3.9
1675940758.425000,45.391613,6.630953,2130.999811,28.0,9.610220,2.4,3.9
1675940760.425000,45.391767,6.631066,2130.938058,23.2,9.602053,2.1,3.9
1675940762.425000,45.391929,6.631158,2127.278544,22.0,9.667875,2.0,3.9
1675940764.425000,45.392099,6.631243,2124.100939,17.2,9.835844,2.1,3.9
1675940766.425000,45.392268,6.631301,2129.705387,12.1,9.573907,2.0,3.9
1675940768.426000,45.392433,6.631333,2127.797399,7.1,9.454874,2.0,3.9
1675940770.426000,45.392608,6.631357,2125.181263,5.1,10.149056,2.0,3.9
1675940771.425000,45.392702,6.631367,2122.853534,4.1,10.434655,2.0,3.9
1675940772.425000,45.392798,6.631375,2120.895426,3.1,10.544248,2.0,3.9
1675940773.426000,45.392896,6.631381,2120.402647,2.1,10.654415,2.0,3.9
1675940774.426000,45.392994,6.631385,2117.944602,1.1,10.688478,2.0,3.9
1675940775.425000,45.393090,6.631388,2116.884136,1.0,10.633174,2.0,3.9
1675940776.425000,45.393187,6.631386,2119.072482,0.0,10.829218,2.0,3.9
1675940777.425000,45.393285,6.631383,2118.210345,358.1,10.858294,2.0,3.9
1675940778.425000,45.393384,6.631383,2117.168558,359.0,10.642601,2.0,3.9
1675940779.425000,45.393482,6.631383,2117.735916,359.0,10.716428,2.0,3.9
1675940780.426000,45.393583,6.631383,2115.642208,1.0,11.369927,2.0,3.9
1675940781.425000,45.393687,6.631390,2113.356392,6.0,11.649965,2.0,3.9
1675940782.425000,45.393791,6.631411,2112.650212,9.0,11.779989,2.0,3.9
1675940783.425000,45.393897,6.631432,2110.169509,5.0,12.129923,2.0,3.9
1675940784.425000,45.394007,6.631444,2108.995615,3.0,12.789839,2.0,3.9
1675940785.425000,45.394123,6.631450,2105.256636,1.0,13.139969,2.0,3.9
1675940786.426000,45.394239,6.631463,2097.100831,7.0,12.670037,2.3,3.9
1675940787.426000,45.394351,6.631488,2094.514418,9.0,12.680000,2.4,3.9
1675940788.426000,45.394461,6.631508,2094.456408,5.0,12.130058,2.1,3.9
1675940789.425000,45.394569,6.631523,2092.797077,7.0,11.900020,2.1,3.9
1675940790.426000,45.394673,6.631542,2089.412022,6.0,11.310070,2.1,3.9
1675940791.426000,45.394772,6.631558,2088.683127,6.0,11.050032,2.0,3.9
1675940792.425000,45.394868,6.631577,2087.709937,3.0,10.783206,2.0,3.9
1675940793.425000,45.394960,6.631590,2086.626927,0.0,10.182189,2.1,3.9
1675940795.426000,45.395119,6.631598,2088.758504,345.1,8.336389,2.0,3.9
1675940797.426000,45.395251,6.631611,2093.094359,353.0,7.196921,2.0,3.9
1675940799.427000,45.395368,6.631631,2095.210207,349.1,6.393266,2.0,3.9
1675940801.425000,45.395468,6.631608,2091.007048,339.0,5.332787,2.0,3.9
1675940804.425000,45.395582,6.631612,2089.840888,35.9,3.761054,2.0,3.9
1675940824.427000,45.395610,6.631652,2084.744313,-1.0,0.000000,2.0,4.3
1675940824.427000,45.395610,6.631652,2084.744313,-1.0,0.000000,2.0,4.3
1675940872.354000,45.395677,6.631567,2092.112646,326.1,1.601352,2.1,5.4
1675940876.943000,45.395779,6.631572,2082.626398,344.7,1.734964,2.1,6.8
1675940880.958000,45.395859,6.631504,2083.541140,330.3,2.443600,2.2,6.9
1675940884.974000,45.395949,6.631535,2082.060744,35.1,2.728971,2.2,6.9
1675940887.841000,45.396010,6.631637,2079.694809,61.4,2.930909,2.4,6.9
1675940907.114000,45.396053,6.631572,2078.699951,-1.0,0.000000,5.9,3.3
1675940907.114000,45.396053,6.631572,2078.699951,-1.0,0.000000,5.9,3.3
1675940964.016000,45.396097,6.631570,2078.557438,352.3,1.922223,2.1,4.1
1675940966.426000,45.396241,6.631534,2075.699566,359.8,7.311975,2.2,4.7
1675940968.425000,45.396389,6.631543,2072.916388,9.0,7.783758,2.2,4.9
1675940970.425000,45.396520,6.631579,2069.486616,1.1,7.764474,2.3,3.9
1675940972.426000,45.396657,6.631549,2067.464382,350.0,7.570517,2.1,3.9
1675940974.425000,45.396779,6.631530,2065.799805,6.9,6.950838,2.2,3.9
1675940976.425000,45.396919,6.631592,2063.172610,21.0,9.576253,2.3,3.9
1675940977.425000,45.397001,6.631649,2061.282651,29.9,10.621696,2.3,3.9
1675940978.426000,45.397088,6.631718,2058.365914,23.1,11.683791,2.3,3.9
1675940979.425000,45.397191,6.631767,2054.142123,11.1,12.309947,2.3,3.9
1675940980.425000,45.397301,6.631798,2051.966225,13.0,12.469027,2.3,3.9
1675940981.426000,45.397413,6.631841,2049.391345,16.9,13.354494,2.3,3.9
1675940982.426000,45.397529,6.631905,2045.175672,25.9,14.370484,2.3,3.9
1675940983.425000,45.397647,6.631996,2040.852645,26.0,15.418197,3.0,3.9
1675940984.427000,45.397778,6.632070,2038.258454,11.1,16.527332,2.9,3.9
1675940985.427000,45.397927,6.632097,2036.314111,3.0,16.389698,2.8,3.9
1675940986.426000,45.398075,6.632107,2033.485645,5.0,16.549370,2.9,3.9
1675940987.426000,45.398223,6.632128,2031.296701,6.0,16.659580,3.7,3.9
1675940988.427000,45.398374,6.632148,2029.162314,3.0,17.227388,3.6,3.9
1675940989.427000,45.398530,6.632162,2025.186800,3.0,17.150625,2.4,3.9
1675940990.427000,45.398683,6.632204,2022.112788,16.0,17.479893,2.3,3.9
1675940991.426000,45.398833,6.632256,2012.937784,9.0,17.210005,2.4,3.9
1675940992.426000,45.398993,6.632272,2010.227323,1.0,18.308374,2.4,3.9
1675940993.426000,45.399156,6.632295,2006.211534,10.0,18.190020,2.5,3.9
1675940994.427000,45.399315,6.632346,2004.097114,13.0,17.510139,2.5,3.9
1675940995.426000,45.399465,6.632382,2001.714462,6.0,16.430216,2.4,3.9
1675940996.427000,45.399606,6.632437,2000.840431,24.0,16.399929,2.5,3.9
1675940997.428000,45.399740,6.632511,1996.950794,17.0,15.470267,2.5,3.9
1675940998.426000,45.399871,6.632569,1992.359174,19.0,15.150178,2.5,3.9
1675940999.428000,45.399997,6.632625,1989.673853,15.0,14.180938,2.5,3.9
1675941000.426000,45.400122,6.632659,1987.159775,7.0,13.760287,2.5,3.9
1675941001.426000,45.400248,6.632679,1984.989939,4.0,13.470078,2.4,3.9
1675941002.427000,45.400373,6.632688,1983.256939,2.0,14.038860,2.5,3.9
1675941003.427000,45.400501,6.632716,1979.084427,12.8,14.811757,2.5,3.9
1675941004.427000,45.400627,6.632790,1976.853857,24.9,15.084949,2.5,3.9
1675941005.426000,45.400747,6.632818,1975.806117,352.1,13.319044,2.5,3.9
1675941006.427000,45.400855,6.632783,1975.544028,346.0,11.560587,2.6,3.9
1675941007.426000,45.400948,6.632753,1974.938535,348.0,10.080124,2.6,3.9
1675941009.426000,45.401105,6.632692,1974.036712,345.0,7.970253,2.6,3.9
1675941011.426000,45.401233,6.632679,1972.835340,6.0,6.240354,2.6,3.9
1675941013.427000,45.401343,6.632700,1971.635873,5.0,5.630150,3.1,3.9
1675941015.427000,45.401439,6.632708,1975.009340,5.0,5.219531,3.2,3.9
1675941018.427000,45.401555,6.632735,1972.354165,8.0,3.810133,3.6,3.9
1675941022.426000,45.401659,6.632739,1972.662015,4.6,2.586823,2.8,4.0
1675941027.314000,45.401749,6.632730,1972.197407,339.3,1.945799,2.8,6.1
1675941040.426000,45.401659,6.632934,1968.067529,150.8,7.844677,2.1,4.4
1675941042.426000,45.401532,6.633043,1961.718822,153.0,6.994689,2.5,4.5
1675941044.426000,45.401427,6.633134,1963.123524,146.0,6.630046,2.7,3.9
1675941046.427000,45.401340,6.633206,1961.975182,151.5,5.321314,2.8,4.4
1675941052.427000,45.401412,6.633343,1960.189181,31.0,5.764937,2.4,6.1
1675941054.426000,45.401538,6.633471,1953.400024,32.0,9.831382,2.3,5.1
1675941055.427000,45.401614,6.633544,1951.064184,34.0,9.939974,2.3,4.2
1675941056.426000,45.401693,6.633613,1950.075057,27.0,10.509768,2.3,3.9
1675941057.427000,45.401778,6.633672,1949.257525,25.0,10.769947,2.3,3.9
1675941058.426000,45.401864,6.633743,1946.972523,33.0,11.469861,2.3,3.9
1675941059.427000,45.401950,6.633831,1946.333731,37.0,11.969905,2.3,3.9
1675941060.426000,45.402040,6.633923,1945.081706,34.0,12.519901,2.3,3.9
1675941061.426000,45.402138,6.634005,1944.122750,28.0,12.409990,2.3,3.9
1675941062.427000,45.402240,6.634067,1941.506480,19.0,12.140000,2.4,3.9
1675941063.426000,45.402344,6.634105,1939.946497,11.0,11.610097,2.4,3.9
1675941064.427000,45.402451,6.634125,1938.049876,4.0,12.359243,2.5,3.9
1675941065.427000,45.402562,6.634122,1936.439187,354.0,12.519809,2.4,3.9
1675941066.426000,45.402668,6.634103,1934.659106,351.0,11.160207,2.4,3.9
1675941067.426000,45.402766,6.634084,1933.977936,353.0,11.030025,2.4,3.9
1675941068.427000,45.402862,6.634074,1934.179937,357.0,10.740062,2.4,3.9
1675941069.426000,45.402959,6.634071,1933.708083,358.0,10.710006,2.4,3.9
1675941070.426000,45.403053,6.634064,1932.209964,355.2,10.360780,2.4,3.9
1675941071.426000,45.403144,6.634050,1929.387772,354.1,9.914934,3.0,3.9
1675941073.426000,45.403312,6.634020,1927.863177,353.0,9.232796,2.9,3.9
1675941075.427000,45.403467,6.633986,1927.846129,352.1,8.342765,3.2,3.9
1675941077.427000,45.403591,6.633956,1927.228724,350.0,6.740839,2.6,3.9
1675941079.426000,45.403702,6.633935,1927.795480,353.9,6.097470,2.5,3.9
1675941082.427000,45.403803,6.633915,1928.382160,333.7,2.719726,2.6,3.9
1675941087.426000,45.403904,6.633910,1928.086101,0.8,2.990621,2.1,4.0
1675941090.426000,45.404002,6.633909,1929.106605,357.0,3.584010,2.1,4.0
1675941093.959000,45.404118,6.633918,1928.467856,13.6,3.242734,2.3,5.6
1675941097.426000,45.404246,6.633943,1926.719247,11.0,5.607654,2.2,6.3
1675941099.426000,45.404352,6.633973,1925.241400,11.0,5.654851,2.2,5.5
1675941101.427000,45.404461,6.633996,1922.803059,12.4,5.987482,2.6,3.9
1675941103.427000,45.404568,6.634028,1922.473778,17.3,5.840791,2.8,3.9
1675941105.427000,45.404665,6.634070,1922.326127,24.8,5.412691,3.0,3.9
1675941107.427000,45.404755,6.634108,1922.027142,22.9,5.270555,2.3,3.9
1675941109.426000,45.404848,6.634148,1921.194196,24.8,5.409629,2.4,3.9
1675941111.426000,45.404944,6.634193,1920.580512,25.5,5.431553,2.4,3.9
1675941113.428000,45.405032,6.634236,1918.366640,26.6,5.037307,2.5,3.9
1675941116.426000,45.405147,6.634271,1918.431034,28.9,4.508282,2.4,3.9
1675941119.426000,45.405259,6.634332,1919.432559,28.5,4.523855,2.1,3.9
1675941121.426000,45.405351,6.634355,1918.702985,15.1,5.109725,2.1,4.0
1675941123.427000,45.405452,6.634395,1917.762577,18.0,5.879930,2.2,4.0
1675941125.426000,45.405552,6.634437,1916.466105,13.0,5.755593,2.2,3.9
1675941127.426000,45.405654,6.634474,1915.589482,24.6,5.879546,2.2,3.9
1675941129.426000,45.405762,6.634543,1911.933830,9.2,6.907864,2.5,3.9
1675941131.427000,45.405887,6.634610,1911.894088,18.0,7.241082,2.8,3.9
1675941133.427000,45.406013,6.634660,1910.612042,15.0,7.230020,3.0,3.9
1675941135.427000,45.406139,6.634713,1908.473503,16.0,7.809959,2.3,3.9
1675941137.426000,45.406275,6.634772,1907.876438,18.0,8.030000,2.3,3.9
1675941139.426000,45.406416,6.634836,1907.282404,17.0,7.980029,2.3,3.9
1675941141.427000,45.406546,6.634894,1907.398873,17.0,7.410352,2.4,3.9
1675941143.426000,45.406669,6.634963,1904.091865,20.0,7.629173,2.4,3.9
1675941145.426000,45.406801,6.635028,1902.070471,17.0,7.770032,2.4,3.9
1675941147.427000,45.406937,6.635086,1902.439923,19.0,8.019361,2.4,3.9
1675941149.426000,45.407081,6.635155,1900.514199,14.0,7.710195,2.4,3.9
1675941151.427000,45.407220,6.635208,1898.367185,17.0,7.780130,2.4,3.9
1675941153.426000,45.407353,6.635270,1897.157781,16.0,7.809988,2.5,3.9
1675941155.426000,45.407488,6.635325,1895.293496,15.0,7.999964,2.5,3.9
1675941157.426000,45.407622,6.635376,1893.733119,11.0,7.421047,2.5,3.9
1675941159.426000,45.407765,6.635418,1891.394239,16.0,8.249564,2.9,3.9
1675941161.426000,45.407915,6.635489,1891.117900,19.0,9.179679,3.0,3.9
1675941163.427000,45.408072,6.635553,1888.468065,13.0,8.970138,3.3,3.9
1675941165.426000,45.408233,6.635602,1887.605745,10.0,8.960361,2.6,3.9
1675941167.426000,45.408392,6.635646,1885.007303,9.0,9.589855,2.6,3.9
1675941169.426000,45.408562,6.635653,1881.955579,2.0,9.540124,2.7,3.9
1675941171.426000,45.408738,6.635727,1879.278364,18.0,10.559952,2.7,3.9
1675941172.426000,45.408830,6.635751,1877.215025,2.0,10.179980,2.7,3.9
1675941174.426000,45.409007,6.635774,1874.277513,16.0,10.219843,2.7,3.9
1675941175.428000,45.409098,6.635820,1872.426661,20.0,10.479962,2.7,3.9
1675941176.426000,45.409190,6.635855,1871.289662,9.0,10.040031,2.7,3.9
1675941177.427000,45.409281,6.635860,1870.449053,357.0,9.979970,2.7,3.9
1675941178.427000,45.409372,6.635856,1870.030121,360.0,9.610085,2.7,3.9
1675941180.426000,45.409543,6.635915,1868.161950,23.0,9.570027,2.7,3.9
1675941182.426000,45.409699,6.636025,1866.387815,28.0,10.069934,2.8,3.9
1675941183.427000,45.409779,6.636087,1865.330675,30.0,10.329950,2.8,3.9
1675941184.426000,45.409853,6.636160,1863.753098,39.0,10.030030,2.8,3.9
1675941186.426000,45.409995,6.636278,1860.018256,6.0,8.389997,2.8,3.9
1675941188.427000,45.410124,6.636325,1854.906463,33.0,7.060008,3.3,3.9
1675941190.426000,45.410231,6.636372,1853.428226,350.0,6.199934,3.5,3.9
1675941192.426000,45.410348,6.636348,1852.185589,2.0,6.839979,3.6,3.9
1675941194.426000,45.410480,6.636357,1850.005426,356.0,7.559980,2.9,3.9
1675941196.426000,45.410596,6.636284,1847.099732,316.1,6.155645,2.9,3.9
1675941198.426000,45.410710,6.636220,1845.760678,350.0,7.788900,3.0,3.9
1675941200.427000,45.410859,6.636192,1842.383344,355.0,8.769216,2.9,3.9
1675941202.427000,45.411022,6.636202,1838.995713,5.4,9.605274,3.0,3.9
1675941203.426000,45.411112,6.636234,1837.917495,13.9,10.129297,3.0,3.9
1675941204.427000,45.411204,6.636259,1836.854875,3.0,9.780364,3.0,3.9
1675941205.428000,45.411296,6.636258,1835.501791,355.0,10.109515,3.0,3.9
1675941207.427000,45.411456,6.636286,1834.092640,359.0,8.140294,3.0,3.9
1675941209.428000,45.411598,6.636249,1830.704712,6.9,8.475538,2.1,3.9
1675941211.428000,45.411749,6.636247,1828.417119,340.0,8.879406,2.2,3.9
1675941213.427000,45.411902,6.636175,1826.838830,341.1,8.912392,2.2,3.9
1675941215.427000,45.412047,6.636098,1823.016823,345.6,8.476703,2.1,3.9
1675941217.429000,45.412200,6.636087,1820.452307,5.5,8.593801,2.1,3.9
1675941219.428000,45.412355,6.636079,1817.124636,337.0,8.440016,2.5,3.9
1675941221.427000,45.412484,6.635962,1815.560559,325.0,8.560037,2.7,3.9
1675941223.427000,45.412627,6.635859,1814.494496,334.0,8.929976,2.9,3.9
1675941225.428000,45.412782,6.635766,1813.214319,338.0,9.299946,2.1,3.9
1675941227.427000,45.412941,6.635657,1810.422160,323.0,9.949940,2.1,3.9
1675941229.428000,45.413059,6.635479,1806.905450,311.0,8.700134,2.2,3.9
1675941231.428000,45.413173,6.635369,1803.736354,333.0,8.079387,2.2,3.9
1675941233.429000,45.413298,6.635240,1801.834417,312.0,9.239662,2.1,3.9
1675941235.428000,45.413366,6.635046,1798.118730,294.1,8.174689,2.1,3.9
1675941237.428000,45.413444,6.634881,1796.983809,306.8,7.896865,2.1,3.9
1675941239.427000,45.413534,6.634768,1795.068989,282.3,6.019084,2.1,3.9
1675941242.427000,45.413580,6.634587,1793.739058,200.6,5.725816,2.2,3.9
1675941244.427000,45.413620,6.634429,1791.178543,209.0,6.986218,2.1,3.9
1675941246.427000,45.413690,6.634258,1789.700871,194.9,7.858705,2.1,3.9
1675941248.428000,45.413806,6.634099,1785.028708,309.8,7.396377,2.5,3.9
1675941250.427000,45.413896,6.633966,1784.173486,307.3,6.012082,2.7,3.9
1675941254.427000,45.413966,6.633816,1782.630332,313.6,4.522920,2.1,3.9
1675941256.427000,45.414062,6.633715,1780.615443,332.3,5.055054,2.1,3.9
1675941258.428000,45.414166,6.633668,1778.048612,343.7,5.983317,2.2,3.9
1675941260.428000,45.414271,6.633648,1774.703007,352.8,5.289570,2.2,3.9
1675941262.427000,45.414364,6.633637,1772.934866,27.2,4.497043,2.1,3.9
1675941266.427000,45.414471,6.633658,1773.708705,325.5,2.301086,2.1,3.9
1675941277.427000,45.414562,6.633607,1771.803194,287.9,0.772875,3.0,4.4
1675941289.385000,45.414600,6.633490,1772.796729,276.9,0.431991,2.2,6.6
1675941298.563000,45.414617,6.633360,1785.678676,282.7,3.482166,2.3,7.0
1675941301.430000,45.414653,6.633226,1784.893206,289.0,3.595855,2.5,7.0
1675941307.688000,45.414689,6.633105,1779.803422,282.6,0.603056,2.3,6.0
1675941314.852000,45.414722,6.632974,1784.420066,282.8,2.290473,2.1,5.5
1675941320.015000,45.414716,6.632843,1777.817050,242.5,1.466234,2.6,6.7
1675941331.799000,45.414757,6.632726,1781.311424,315.6,1.454440,2.2,5.1
1675941337.567000,45.414786,6.632598,1785.802119,288.8,1.720131,2.3,6.7
1675941342.155000,45.414848,6.632492,1785.621852,313.8,2.262679,2.2,6.8
1675941348.350000,45.414920,6.632380,1785.348435,310.7,2.076466,2.3,6.9
1675941368.428000,45.414921,6.632360,1784.399401,-1.0,0.000000,2.1,3.9
1675941368.428000,45.414921,6.632360,1784.399401,-1.0,0.000000,2.1,3.9
1675941378.427000,45.415008,6.632499,1796.598287,56.8,3.395602,7.0,3.9
1675941380.428000,45.415100,6.632574,1805.409910,29.5,5.288506,1.3,4.0
1675941382.428000,45.415236,6.632693,1803.305600,35.5,7.419007,1.4,4.2
1675941384.428000,45.415372,6.632792,1789.631745,27.4,7.733105,7.7,5.1
1675941386.427000,45.415471,6.632919,1790.987084,37.4,7.170789,7.2,5.8
1675941388.427000,45.415538,6.633037,1800.106163,42.2,5.891473,1.2,5.7
1675941390.428000,45.415600,6.633130,1799.430298,40.9,5.404696,1.2,4.6
1675941392.427000,45.415676,6.633216,1798.564075,39.6,5.399666,1.2,4.0
1675941395.428000,45.415770,6.633286,1797.761003,339.9,2.058796,1.2,3.9
1675941404.284000,45.415890,6.633321,1795.075047,17.3,3.756647,1.4,5.4
1675941406.429000,45.416023,6.633384,1793.392010,18.0,7.021959,1.3,6.0
1675941408.428000,45.416175,6.633472,1790.997566,20.0,9.103309,1.2,5.4
1675941409.428000,45.416263,6.633521,1788.426050,20.0,10.133393,1.3,4.8
1675941410.428000,45.416357,6.633572,1786.033634,20.0,10.897712,1.2,4.5
1675941411.427000,45.416457,6.633621,1784.849035,18.1,11.430395,1.4,3.9
1675941412.427000,45.416556,6.633664,1784.086166,15.2,11.476639,1.5,3.9
1675941413.428000,45.416657,6.633695,1783.271810,12.2,11.384175,1.5,3.9
1675941414.428000,45.416758,6.633720,1780.714958,10.1,11.275542,1.4,3.9
1675941415.428000,45.416859,6.633732,1776.862819,4.3,11.134542,1.5,3.9
1675941416.427000,45.416957,6.633723,1775.998269,355.5,10.877042,1.5,3.9
1675941417.427000,45.417049,6.633695,1774.207434,349.3,10.383987,1.2,3.9
1675941418.429000,45.417137,6.633658,1772.479617,344.3,9.838704,1.2,3.9
1675941420.428000,45.417288,6.633570,1771.666394,335.2,8.653662,1.2,3.9
1675941422.429000,45.417418,6.633472,1771.412084,322.0,8.254664,1.2,3.9
1675941424.428000,45.417553,6.633381,1770.485519,324.0,8.256385,1.2,3.9
1675941426.428000,45.417690,6.633308,1769.761799,329.8,8.171833,1.3,3.9
1675941428.429000,45.417830,6.633223,1768.186820,325.2,8.534820,1.4,3.9
1675941430.428000,45.417945,6.633080,1765.674857,304.4,8.554291,1.4,3.9
1675941432.428000,45.418039,6.632903,1764.100627,322.0,8.447951,1.7,3.9
1675941434.428000,45.418170,6.632795,1761.487059,324.2,8.180654,1.7,3.9
1675941436.428000,45.418306,6.632719,1760.724230,332.0,8.140822,1.6,3.9
1675941438.429000,45.418441,6.632651,1760.102314,332.7,8.225257,1.5,3.9
1675941440.428000,45.418578,6.632594,1758.377416,331.0,7.842894,1.5,3.9
1675941442.428000,45.418711,6.632535,1756.802980,331.0,7.674794,1.8,3.9
1675941444.429000,45.418838,6.632485,1755.458804,337.8,7.070350,1.7,3.9
1675941446.429000,45.418964,6.632454,1754.038706,344.9,6.943340,1.8,3.9
1675941448.428000,45.419082,6.632440,1753.266659,346.0,6.346891,1.5,3.9
1675941450.428000,45.419192,6.632436,1752.911401,351.0,5.755681,1.5,3.9
1675941452.429000,45.419287,6.632445,1752.468278,356.0,5.061777,1.5,3.9
1675941455.428000,45.419397,6.632444,1752.304013,299.7,3.635108,1.6,3.9
1675941458.428000,45.419496,6.632418,1751.556477,319.1,4.100086,1.7,3.9
1675941461.429000,45.419622,6.632431,1750.341691,328.7,5.052916,1.4,3.9
1675941463.428000,45.419741,6.632453,1748.922489,24.0,6.479943,1.4,3.9
1675941465.429000,45.419878,6.632524,1746.172602,7.1,7.537653,1.3,3.9
1675941467.428000,45.420006,6.632577,1742.551431,15.0,7.689908,1.2,3.9
1675941469.430000,45.420139,6.632625,1739.994609,11.0,6.950156,1.2,3.9
1675941471.429000,45.420234,6.632671,1737.270624,46.0,3.660910,1.6,3.9
1675941478.067000,45.420307,6.632753,1738.411182,50.1,1.204463,1.2,6.3
1675941486.556000,45.420396,6.632794,1738.475401,23.2,1.056709,1.4,5.9
1675941492.752000,45.420488,6.632752,1738.236633,320.8,1.916613,1.7,6.3
1675941513.860000,45.420489,6.632624,1738.867737,236.1,0.144471,1.1,4.6
1675941545.408000,45.420448,6.632507,1738.312625,249.5,0.523129,1.4,5.4
1675941578.103000,45.420387,6.632402,1737.843201,302.0,1.092182,1.2,4.1
1675941580.971000,45.420318,6.632304,1737.868530,237.1,2.691186,1.3,5.7
1675941583.264000,45.420256,6.632208,1737.539873,232.8,3.518764,1.4,6.6
1675941586.132000,45.420196,6.632090,1737.754858,235.4,3.579613,1.2,6.7
1675941589.000000,45.420139,6.631982,1739.880290,234.8,3.505660,1.2,6.8
1675941592.327000,45.420082,6.631878,1742.965489,233.5,3.488523,1.3,6.9
1675941595.081000,45.420022,6.631781,1746.169051,231.4,3.476485,1.4,6.7
1675941597.949000,45.419960,6.631680,1748.199987,230.6,3.463927,1.4,6.8
1675941601.391000,45.419897,6.631574,1750.645484,230.4,3.498343,1.6,6.9
1675941604.428000,45.419838,6.631475,1753.787250,228.1,3.432432,1.5,5.6
1675941611.428000,45.419772,6.631355,1756.000000,236.0,2.709088,1.8,3.9
1675941619.429000,45.419710,6.631239,1758.549580,237.6,1.787386,1.0,3.9
1675941627.428000,45.419647,6.631125,1760.948708,231.2,1.508934,1.2,3.9
1675941635.429000,45.419586,6.631027,1763.269361,230.3,0.533270,1.2,3.9
1675941648.429000,45.419526,6.630928,1766.005346,228.0,1.187399,1.2,3.9
1675941653.429000,45.419465,6.630802,1767.205985,236.0,2.813769,1.3,3.9
1675941657.430000,45.419392,6.630667,1769.972273,235.0,3.644593,1.2,3.9
1675941660.429000,45.419330,6.630557,1773.033836,235.0,2.959525,1.2,3.9
1675941664.430000,45.419251,6.630423,1776.895715,233.0,3.676329,1.5,3.9
1675941668.429000,45.419175,6.630292,1782.199101,233.0,3.388743,1.2,3.9
1675941671.430000,45.419118,6.630190,1785.353938,231.0,3.400301,1.1,3.9
1675941675.430000,45.419043,6.630058,1791.289210,231.0,3.378299,1.1,3.9
1675941678.430000,45.418985,6.629958,1794.481478,230.0,3.291177,1.2,3.9
1675941681.429000,45.418928,6.629858,1799.057985,229.0,3.455618,1.4,3.9
1675941684.430000,45.418867,6.629752,1801.592101,230.0,3.381509,1.2,3.9
1675941687.429000,45.418805,6.629645,1803.402419,229.0,3.502036,1.2,3.9
1675941690.429000,45.418745,6.629542,1805.659634,229.0,3.478532,1.2,3.9
1675941693.429000,45.418685,6.629437,1808.159776,228.0,3.558413,1.3,3.9
1675941696.430000,45.418626,6.629332,1810.431347,228.0,3.510561,1.2,3.9
1675941699.430000,45.418566,6.629230,1813.099976,228.8,3.459820,1.1,3.9
1675941703.430000,45.418489,6.629100,1817.016532,228.0,3.496537,1.1,3.9
1675941706.429000,45.418426,6.628988,1820.084408,228.7,3.429630,1.2,3.9
1675941709.429000,45.418368,6.628885,1823.969304,227.9,3.414143,1.5,3.9
1675941713.429000,45.418292,6.628754,1829.273514,227.8,3.375297,1.3,3.9
1675941717.429000,45.418218,6.628622,1834.480369,228.0,3.378310,1.3,3.9
1675941720.429000,45.418159,6.628520,1838.401327,227.0,3.652761,1.6,3.9
1675941723.429000,45.418099,6.628413,1839.895525,227.1,3.607049,1.5,3.9
1675941726.429000,45.418043,6.628308,1841.368213,227.1,3.533378,1.3,3.9
1675941729.429000,45.417984,6.628200,1842.662263,227.1,3.559885,1.2,3.9
1675941732.431000,45.417929,6.628096,1845.811796,227.1,3.545917,1.5,4.1
1675941735.430000,45.417869,6.627990,1846.685370,227.1,3.450355,1.4,4.0
1675941738.430000,45.417810,6.627884,1849.418108,227.1,3.613911,1.4,4.0
1675941741.429000,45.417748,6.627780,1851.608449,227.1,3.475352,1.7,4.0
1675941744.429000,45.417688,6.627674,1854.635210,227.1,3.506411,1.7,4.0
1675941747.430000,45.417630,6.627572,1857.124191,227.0,3.458755,1.7,4.1
1675941750.430000,45.417570,6.627465,1860.011901,227.0,3.468530,1.7,4.1
1675941753.429000,45.417512,6.627365,1862.977719,226.8,3.438013,1.7,4.1
1675941756.429000,45.417455,6.627261,1865.867430,226.3,3.396674,1.6,4.1
1675941759.429000,45.417398,6.627158,1870.796805,226.3,3.449649,1.5,4.1
1675941762.430000,45.417342,6.627057,1874.239089,226.4,3.338323,1.6,4.2
1675941765.429000,45.417282,6.626956,1877.683720,226.1,3.333626,1.5,4.2
1675941769.430000,45.417208,6.626824,1883.200701,227.0,3.383363,1.7,4.2
1675941773.429000,45.417134,6.626693,1888.672953,227.0,3.275149,1.7,4.2
1675941776.793000,45.417074,6.626587,1894.655967,226.9,3.239348,1.8,4.5
1675941780.431000,45.417004,6.626456,1898.480187,226.1,3.427294,1.6,4.3
1675941783.431000,45.416940,6.626343,1901.033758,226.0,3.407797,1.6,3.9
1675941787.429000,45.416867,6.626216,1905.356695,226.8,3.459269,1.7,3.9
1675941790.429000,45.416805,6.626110,1908.625274,226.1,3.473782,1.5,3.9
1675941793.429000,45.416744,6.626000,1911.608244,226.0,3.430295,1.8,3.9
1675941797.430000,45.416671,6.625867,1916.242693,226.0,3.360998,1.8,3.9
1675941800.429000,45.416612,6.625764,1919.900549,226.0,3.478989,1.6,3.9
1675941803.430000,45.416549,6.625657,1923.507572,226.0,3.350652,1.7,3.9
1675941807.429000,45.416475,6.625528,1928.773446,226.0,3.340389,1.7,3.9
1675941810.430000,45.416418,6.625428,1933.174507,225.0,3.359934,1.6,3.9
1675941813.429000,45.416360,6.625327,1937.345219,226.0,3.310589,1.7,3.9
1675941817.429000,45.416288,6.625200,1943.475531,225.0,3.269989,1.4,3.9
1675941821.429000,45.416214,6.625069,1949.833600,226.0,3.299586,1.9,3.9
1675941825.429000,45.416138,6.624941,1957.383028,226.1,3.218076,2.0,3.9
1675941829.430000,45.416065,6.624815,1964.635771,225.9,3.184048,1.7,3.9
1675941833.431000,45.415992,6.624686,1971.080544,226.1,3.195117,1.9,3.9
1675941837.429000,45.415922,6.624560,1978.510316,225.9,3.158944,2.0,3.9
1675941841.430000,45.415852,6.624436,1985.073819,224.9,3.128944,2.0,3.9
1675941845.430000,45.415784,6.624312,1992.947425,224.9,3.080117,1.7,4.1
1675941849.430000,45.415717,6.624189,2000.387071,225.7,2.988484,1.5,4.1
1675941853.431000,45.415642,6.624056,2007.882314,225.8,3.439396,1.8,4.0
1675941856.430000,45.415583,6.623956,2011.378912,224.9,3.402995,1.6,4.1
1675941859.430000,45.415526,6.623854,2015.627943,225.2,3.318754,1.6,4.0
1675941862.430000,45.415470,6.623751,2019.262541,225.3,3.405610,1.7,4.0
1675941865.430000,45.415414,6.623647,2022.813631,226.0,3.402245,1.8,4.0
1675941868.431000,45.415357,6.623545,2027.075536,226.1,3.323451,1.6,4.0
1675941872.431000,45.415285,6.623414,2032.903400,226.1,3.332934,1.7,4.1
1675941876.430000,45.415211,6.623279,2039.655929,226.1,3.328780,1.6,4.1
1675941880.430000,45.415139,6.623145,2044.814031,226.0,3.239530,1.8,4.2
1675941883.773000,45.415081,6.623041,2050.877970,226.0,3.274112,1.7,4.2
1675941887.430000,45.415014,6.622918,2056.178136,227.0,3.269348,1.8,4.2
1675941891.430000,45.414945,6.622789,2062.749602,226.0,3.189818,1.7,4.2
1675941895.431000,45.414874,6.622658,2069.760517,227.0,3.562491,1.7,4.4
1675941898.431000,45.414814,6.622552,2072.642741,227.0,3.446535,1.7,4.3
1675941901.430000,45.414755,6.622450,2076.067684,227.0,3.448426,1.3,4.2
1675941904.430000,45.414698,6.622348,2079.334164,227.0,3.479759,1.5,3.9
1675941907.431000,45.414638,6.622245,2082.988246,226.0,3.391882,1.8,3.9
1675941910.430000,45.414579,6.622141,2086.890946,226.0,3.450114,1.7,3.9
1675941914.432000,45.414506,6.622010,2092.331752,227.0,3.477943,1.7,3.9
1675941917.430000,45.414448,6.621908,2096.172323,226.0,3.468373,1.7,3.9
1675941920.431000,45.414387,6.621804,2099.750263,227.0,3.457989,1.7,3.9
1675941924.431000,45.414314,6.621677,2105.324552,227.0,3.378229,1.8,3.9
1675941927.430000,45.414256,6.621577,2109.667235,227.0,3.367048,1.7,3.9
1675941930.431000,45.414199,6.621475,2114.026088,227.0,3.357892,1.3,3.9
1675941934.430000,45.414125,6.621344,2120.285279,226.0,3.280000,1.9,3.9
1675941938.431000,45.414052,6.621212,2126.845988,227.0,3.259931,1.7,3.9
1675941941.431000,45.413991,6.621109,2131.217600,226.0,3.530950,1.9,3.9
1675941945.430000,45.413911,6.620967,2135.825606,226.0,3.435999,1.7,3.9
1675941949.431000,45.413839,6.620839,2140.574909,226.1,3.363869,1.7,3.9
1675941952.430000,45.413780,6.620737,2144.716209,226.1,3.415314,1.8,3.9
1675941955.430000,45.413720,6.620632,2147.777789,226.0,3.428241,1.7,3.9
1675941959.430000,45.413647,6.620503,2153.059569,225.9,3.361489,1.4,3.9
1675941963.430000,45.413573,6.620369,2158.483464,226.1,3.281966,1.9,3.9
1675941966.431000,45.413515,6.620266,2162.878121,225.3,3.351507,1.8,3.9
1675941970.430000,45.413443,6.620132,2168.974068,226.0,3.213225,1.9,3.9
1675941974.431000,45.413368,6.620001,2175.080231,225.0,3.221366,1.9,3.9
1675941977.431000,45.413310,6.619902,2179.811287,226.0,3.280971,2.0,3.9
1675941980.430000,45.413253,6.619802,2184.291636,226.0,3.251026,1.8,3.9
1675941984.430000,45.413183,6.619675,2191.123839,226.0,3.132270,1.7,3.9
1675941987.430000,45.413125,6.619570,2195.036304,226.0,3.277086,1.4,3.9
1675941990.430000,45.413066,6.619465,2198.190982,226.0,3.353305,1.9,3.9
1675941994.430000,45.412991,6.619332,2202.574068,226.0,3.458443,1.9,3.9
1675941997.430000,45.412934,6.619230,2206.484043,226.0,3.399982,1.7,3.9
1675942000.430000,45.412870,6.619120,2209.105251,226.0,3.508028,1.9,3.9
1675942003.430000,45.412809,6.619014,2211.682270,225.2,3.542373,1.7,3.9
1675942006.431000,45.412748,6.618907,2213.352660,225.1,3.514249,1.7,3.9
1675942009.430000,45.412689,6.618803,2215.922748,225.1,3.560228,1.8,3.9
1675942012.430000,45.412628,6.618699,2217.944986,224.8,3.473957,1.8,3.9
1675942015.430000,45.412567,6.618591,2220.262034,224.3,3.457486,1.4,3.9
1675942018.430000,45.412510,6.618491,2223.598443,224.3,3.466079,1.8,3.9
1675942021.430000,45.412452,6.618385,2226.160475,224.3,3.498829,1.9,3.9
1675942024.431000,45.412394,6.618281,2229.170099,224.4,3.525090,1.7,3.9
1675942027.431000,45.412336,6.618178,2232.348286,225.1,3.488475,1.8,3.9
1675942030.430000,45.412277,6.618074,2235.514839,225.1,3.500334,1.8,3.9
1675942033.431000,45.412218,6.617971,2238.633845,225.1,3.426663,1.7,3.9
1675942036.431000,45.412159,6.617868,2242.231950,225.2,3.408267,1.8,3.9
1675942039.432000,45.412101,6.617765,2245.678517,226.0,3.407666,1.8,3.9
1675942042.431000,45.412044,6.617662,2249.366468,226.0,3.430769,1.5,3.9
1675942045.430000,45.411988,6.617560,2252.660547,226.0,3.377218,1.8,4.0
1675942048.430000,45.411929,6.617456,2256.549847,225.4,3.604784,1.9,4.0
1675942051.430000,45.411869,6.617350,2258.204707,226.1,3.573023,1.8,4.0
1675942054.431000,45.411809,6.617244,2260.620078,226.1,3.545212,1.9,4.0
1675942057.431000,45.411750,6.617138,2263.360178,226.1,3.503685,1.9,4.0
1675942060.430000,45.411692,6.617035,2265.134925,226.1,3.494487,1.8,4.1
1675942063.432000,45.411633,6.616928,2267.451133,226.1,3.531645,1.8,4.1
1675942066.430000,45.411576,6.616823,2269.983774,226.1,3.510366,1.8,4.1
1675942069.432000,45.411518,6.616719,2272.975898,225.4,3.488655,1.5,4.1
1675942072.432000,45.411460,6.616620,2275.928262,222.5,3.459054,1.8,4.1
1675942075.431000,45.411401,6.616521,2278.048154,222.8,3.630073,1.9,4.1
1675942078.431000,45.411337,6.616412,2278.304996,223.1,3.583178,1.8,4.1
1675942081.432000,45.411278,6.616305,2278.661950,223.8,3.561109,1.8,4.0
1675942084.432000,45.411221,6.616201,2279.269213,225.3,3.389266,1.8,4.0
1675942091.656000,45.411168,6.616093,2280.540885,223.1,1.292512,1.9,3.9
1675942096.246000,45.411131,6.615973,2279.596950,252.7,2.906680,1.7,5.2
1675942099.431000,45.411144,6.615793,2278.571454,270.9,4.042092,1.5,5.1
1675942101.937000,45.411158,6.615650,2278.072252,273.8,4.422501,1.5,5.9
1675942105.195000,45.411187,6.615512,2277.427814,277.1,2.763918,1.7,6.8
1675942122.289000,45.411206,6.615386,2279.272887,290.0,0.881308,1.8,4.6
1675942137.432000,45.411268,6.615285,2279.761240,301.5,0.898468,2.1,4.6
1675942338.432000,45.411226,6.615401,2280.112330,140.3,2.297649,2.0,4.2
1675942342.327000,45.411150,6.615477,2279.147362,147.1,2.565605,2.0,6.2
1675942346.229000,45.411072,6.615553,2279.050979,143.3,2.440558,2.1,6.9
1675942361.675000,45.410993,6.615616,2278.086082,197.6,1.221698,2.0,4.4
1675942370.550000,45.410897,6.615618,2278.884565,181.4,0.990594,2.3,4.7
1675942428.676000,45.410989,6.615606,2278.383097,326.7,0.554503,2.0,10.6
1675942449.118000,45.411078,6.615651,2278.248089,340.6,0.938439,2.0,5.7
1675942460.432000,45.411194,6.615656,2277.654738,5.6,2.039629,2.2,5.2
1675942463.230000,45.411297,6.615674,2277.238612,4.3,3.631917,2.1,6.8
1675942465.434000,45.411429,6.615663,2274.016757,355.4,6.493906,2.3,6.2
1675942467.433000,45.411579,6.615666,2268.154484,6.9,7.448654,2.5,5.6
1675942469.433000,45.411719,6.615705,2264.497183,4.0,8.222483,2.5,3.9
1675942471.433000,45.411832,6.615661,2259.772321,318.6,5.665229,3.1,3.9
1675942473.432000,45.411935,6.615628,2258.439741,16.0,6.140261,2.7,3.9
1675942475.433000,45.412044,6.615694,2253.628401,22.0,7.109927,2.6,3.9
1675942477.434000,45.412176,6.615681,2249.339559,340.0,6.940174,2.4,3.9
1675942479.432000,45.412300,6.615618,2243.763314,353.0,8.538863,2.4,3.9
1675942481.433000,45.412426,6.615680,2240.526462,28.0,5.882993,2.4,3.9
1675942483.432000,45.412581,6.615709,2234.131504,0.0,11.239386,2.4,3.9
1675942484.433000,45.412686,6.615729,2230.767017,14.0,12.479792,2.4,3.9
1675942485.433000,45.412802,6.615757,2227.361006,5.0,13.879686,2.4,3.9
1675942486.433000,45.412933,6.615767,2220.955376,4.0,15.829307,2.4,3.9
1675942487.432000,45.413072,6.615814,2213.336322,20.0,16.439926,2.4,3.9
1675942488.432000,45.413201,6.615907,2207.529714,30.0,15.970135,2.4,3.9
1675942489.433000,45.413314,6.616017,2204.413770,38.0,14.680161,2.5,3.9
1675942490.433000,45.413408,6.616136,2204.413770,45.0,13.860085,2.4,3.9
1675942491.433000,45.413492,6.616261,2204.133052,48.0,13.050081,2.5,3.9
1675942492.432000,45.413571,6.616379,2204.081953,46.0,12.420094,2.5,3.9
1675942493.432000,45.413652,6.616491,2204.530952,43.0,12.449992,2.4,3.9
1675942494.432000,45.413734,6.616599,2201.448226,42.1,12.374465,2.5,3.9
1675942495.432000,45.413820,6.616703,2199.978004,38.1,12.335615,2.5,3.9
1675942496.433000,45.413905,6.616797,2198.695277,34.1,11.764213,2.5,3.9
1675942497.432000,45.413992,6.616876,2197.613004,25.3,11.463501,2.7,3.9
1675942498.433000,45.414081,6.616944,2197.164806,58.4,11.290891,2.7,3.9
1675942500.432000,45.414154,6.617084,2196.149245,83.5,4.764820,2.7,3.9
1675942520.433000,45.414198,6.617055,2195.767362,39.1,0.000000,2.8,4.1
1675942520.433000,45.414198,6.617055,2195.767362,39.1,0.000000,2.8,4.1
1675942523.433000,45.414248,6.617117,2194.914776,36.3,4.156955,2.8,4.0
1675942525.433000,45.414359,6.617226,2192.725260,33.1,7.785038,2.9,4.1
1675942527.434000,45.414518,6.617382,2184.304363,37.8,11.665024,2.9,3.9
1675942528.434000,45.414606,6.617490,2181.143561,40.8,12.248199,3.1,3.9
1675942529.433000,45.414706,6.617600,2177.083678,35.3,14.030621,3.2,3.9
1675942530.434000,45.414833,6.617685,2171.407825,22.6,15.133090,3.1,3.9
1675942531.434000,45.414972,6.617741,2167.359969,16.3,15.551579,3.1,3.9
1675942532.434000,45.415124,6.617786,2159.908428,11.0,17.880413,2.2,3.9
1675942533.433000,45.415285,6.617832,2151.958656,13.0,18.349012,2.8,3.9
1675942534.433000,45.415438,6.617876,2148.690559,9.0,16.671202,2.4,3.9
1675942535.433000,45.415572,6.617864,2145.947973,343.0,14.353009,2.4,3.9
1675942536.433000,45.415676,6.617800,2145.190741,333.0,11.202665,2.4,3.9
1675942538.433000,45.415793,6.617736,2146.093852,356.0,4.371429,2.3,3.9
1675942541.433000,45.415886,6.617746,2145.602413,4.0,2.511928,2.0,3.9
1675942547.433000,45.415983,6.617740,2143.279162,350.0,4.519744,2.1,4.0
1675942549.434000,45.416080,6.617684,2141.752932,330.0,7.069835,2.1,4.3
1675942551.433000,45.416193,6.617570,2138.077500,308.1,9.141481,2.1,4.2
1675942553.434000,45.416226,6.617344,2130.877045,264.0,9.549911,2.0,3.9
1675942555.434000,45.416244,6.617097,2128.192699,293.0,10.569888,2.0,3.9
1675942556.433000,45.416285,6.616968,2124.505918,291.0,11.479894,2.1,3.9
1675942557.434000,45.416300,6.616824,2120.731941,267.0,11.579878,2.1,3.9
1675942558.434000,45.416297,6.616670,2117.780271,271.0,12.229918,2.1,3.9
1675942559.433000,45.416299,6.616510,2115.041511,266.0,12.669946,2.4,3.9
1675942560.434000,45.416281,6.616351,2112.890509,255.0,12.899972,2.4,3.9
1675942561.433000,45.416251,6.616193,2108.116641,256.0,13.069978,2.3,3.9
1675942562.433000,45.416248,6.616022,2103.729308,276.0,14.519755,2.2,3.9
1675942563.433000,45.416282,6.615836,2099.727263,288.0,15.359855,2.3,3.9
1675942564.433000,45.416331,6.615646,2095.475756,290.0,16.139862,2.8,3.9
1675942565.433000,45.416368,6.615443,2092.044522,280.0,16.739735,2.5,3.9
1675942566.434000,45.416376,6.615233,2085.470109,268.0,16.040106,2.4,3.9
1675942567.434000,45.416368,6.615033,2083.901504,265.0,15.070116,2.3,3.9
1675942568.433000,45.416360,6.614842,2081.806194,267.0,14.630051,2.4,3.9
1675942569.433000,45.416358,6.614655,2080.383017,271.0,14.809976,2.3,3.9
1675942570.433000,45.416370,6.614468,2076.800402,277.0,14.590024,2.0,3.9
1675942571.434000,45.416378,6.614283,2074.917083,267.0,14.390003,2.0,3.9
1675942572.433000,45.416352,6.614109,2072.521263,251.0,13.680041,2.0,3.9
1675942573.433000,45.416309,6.613951,2071.309791,250.1,13.227316,2.0,3.9
1675942574.433000,45.416264,6.613802,2070.638897,250.0,12.741338,2.1,3.9
1675942575.433000,45.416222,6.613656,2068.756950,252.9,12.382989,2.1,3.9
1675942576.434000,45.416185,6.613513,2067.973397,250.1,12.152153,2.0,3.9
1675942577.434000,45.416146,6.613372,2067.454803,249.1,12.045117,2.1,3.9
1675942578.433000,45.416108,6.613230,2066.283877,250.0,11.869274,2.1,3.9
1675942579.435000,45.416078,6.613083,2064.534534,254.7,12.008130,2.1,3.9
1675942580.433000,45.416056,6.612933,2060.997781,256.9,12.207026,2.1,3.9
1675942581.433000,45.416018,6.612793,2059.078834,244.7,11.675458,2.1,3.9
1675942582.433000,45.415959,6.612673,2056.096025,233.6,11.337523,2.1,3.9
1675942583.433000,45.415894,6.612554,2053.770947,234.0,11.955616,2.1,3.9
1675942584.433000,45.415824,6.612432,2051.249682,228.3,12.023797,2.1,3.9
1675942585.434000,45.415744,6.612332,2049.242106,221.4,11.314813,2.1,3.9
1675942586.434000,45.415685,6.612229,2048.401988,235.2,10.428120,2.0,3.9
1675942588.433000,45.415577,6.612052,2043.389485,220.6,8.628640,2.1,3.9
1675942590.433000,45.415493,6.611903,2042.235330,218.5,7.539485,2.5,3.9
1675942592.434000,45.415403,6.611768,2038.358174,217.5,7.623233,2.4,3.9
1675942594.433000,45.415330,6.611584,2037.794218,279.6,7.890999,2.3,3.9
1675942596.433000,45.415353,6.611417,2036.916031,321.0,6.517719,2.5,3.9
1675942598.434000,45.415468,6.611354,2032.297596,295.7,7.164994,2.4,3.9
1675942617.433000,45.415532,6.611351,2026.288006,-1.0,0.000000,2.1,4.0
1675942617.433000,45.415532,6.611351,2026.288006,-1.0,0.000000,2.1,4.0
1675942633.121000,45.415596,6.611395,2025.318309,31.9,3.954781,2.1,4.6
1675942635.434000,45.415746,6.611481,2023.328845,21.1,7.399276,2.1,5.1
1675942637.433000,45.415899,6.611551,2020.397588,16.3,8.757213,2.1,5.1
1675942639.434000,45.416061,6.611606,2017.977575,12.1,9.294176,2.1,3.9
1675942641.434000,45.416238,6.611634,2015.636780,358.5,9.965786,2.1,3.9
1675942642.433000,45.416329,6.611611,2014.447476,350.4,10.343332,2.2,3.9
1675942643.433000,45.416425,6.611579,2012.434403,349.1,10.795559,2.1,3.9
1675942644.434000,45.416522,6.611556,2011.720901,353.7,10.797970,2.1,3.9
1675942645.434000,45.416626,6.611549,2004.577889,357.8,11.234867,2.2,3.9
1675942646.434000,45.416732,6.611545,2002.971059,358.0,11.807091,2.2,3.9
1675942647.434000,45.416847,6.611554,2005.646848,4.7,12.674636,2.1,3.9
1675942648.434000,45.416965,6.611571,2003.884066,4.0,12.897645,2.3,3.9
1675942649.434000,45.417084,6.611566,1998.559062,356.4,13.073516,2.3,3.9
1675942650.434000,45.417205,6.611559,1989.850376,0.8,13.549478,2.3,3.9
1675942651.435000,45.417330,6.611564,1995.688929,1.0,13.645266,2.2,3.9
1675942652.433000,45.417444,6.611544,1984.608143,349.7,12.323906,2.4,3.9
1675942653.433000,45.417535,6.611483,1980.481066,333.8,10.992415,2.5,3.9
1675942654.433000,45.417597,6.611383,1976.962997,300.0,10.669381,2.6,3.9
1675942655.435000,45.417625,6.611250,1974.423646,280.0,11.239570,2.6,3.9
1675942656.434000,45.417623,6.611097,1970.426333,261.0,13.077856,2.6,3.9
1675942657.433000,45.417585,6.610937,1967.042682,243.0,13.939333,2.6,3.9
1675942658.433000,45.417514,6.610793,1961.273890,228.0,13.949909,2.6,3.9
1675942659.434000,45.417427,6.610669,1963.428489,222.0,13.790028,2.1,3.9
1675942660.434000,45.417338,6.610554,1957.824678,219.0,13.360048,2.1,3.9
1675942661.434000,45.417258,6.610439,1954.047099,230.0,12.052238,2.3,3.9
1675942662.433000,45.417193,6.610317,1954.592763,231.0,12.001753,2.1,3.9
1675942663.435000,45.417128,6.610183,1952.764730,236.4,12.533369,2.1,3.9
1675942664.434000,45.417062,6.610051,1958.884719,238.7,12.303039,2.1,4.1
1675942665.433000,45.417023,6.609900,1957.884829,245.5,12.074690,2.1,4.4
1675942666.433000,45.417010,6.609745,1956.482519,242.2,11.434936,2.1,4.5
1675942667.433000,45.416988,6.609608,1954.976499,227.7,10.590237,2.1,4.4
1675942669.433000,45.416908,6.609424,1949.206474,247.6,7.840310,2.1,4.4
1675942672.434000,45.416886,6.609280,1947.221379,277.3,3.116693,2.1,3.9
1675942676.434000,45.416892,6.609141,1944.980007,266.0,2.838392,2.2,3.9
1675942682.892000,45.416841,6.609023,1942.955313,241.1,4.543850,2.1,6.4
1675942684.434000,45.416805,6.608856,1939.751081,255.0,9.109817,2.1,5.9
1675942686.434000,45.416783,6.608603,1933.891094,273.0,9.989912,2.2,4.9
1675942688.433000,45.416849,6.608374,1930.369644,298.0,9.630013,2.2,3.9
1675942690.434000,45.416854,6.608120,1927.830740,254.0,11.479060,2.1,3.9
1675942691.434000,45.416830,6.607978,1925.538538,261.0,11.449977,2.1,3.9
1675942692.434000,45.416835,6.607823,1921.693462,279.0,13.217548,2.2,3.9
1675942693.435000,45.416875,6.607662,1919.679385,295.0,13.369049,2.1,3.9
1675942694.434000,45.416944,6.607517,1920.976347,310.0,13.898566,2.2,3.9
1675942695.434000,45.417037,6.607396,1917.756113,324.0,14.019711,2.2,3.9
1675942696.434000,45.417145,6.607309,1915.700857,337.0,14.199756,2.2,3.9
1675942697.434000,45.417263,6.607239,1912.482632,337.0,14.349974,2.1,3.9
1675942698.435000,45.417374,6.607150,1909.666744,326.0,14.100032,2.1,3.9
1675942699.433000,45.417467,6.607028,1907.315843,311.0,13.859845,2.1,3.9
1675942700.433000,45.417557,6.606901,1903.331129,321.0,14.319678,2.1,3.9
1675942701.434000,45.417665,6.606824,1902.027667,342.0,12.989956,2.1,3.9
1675942702.434000,45.417776,6.606792,1896.749692,352.0,12.300714,2.1,3.9
1675942703.433000,45.417887,6.606778,1886.728530,358.0,12.729297,2.5,3.9
1675942704.434000,45.417996,6.606793,1883.454387,11.0,12.360041,2.4,3.9
1675942705.434000,45.418091,6.606834,1881.071015,21.0,10.120608,2.2,3.9
1675942707.433000,45.418246,6.606916,1874.890927,15.0,9.289495,2.1,3.9
1675942709.433000,45.418417,6.606958,1871.762797,10.1,9.539627,2.1,3.9
1675942711.434000,45.418586,6.607000,1868.380232,11.0,9.640810,2.1,3.9
1675942713.433000,45.418766,6.607046,1866.469566,10.0,10.507291,2.1,3.9
1675942714.433000,45.418864,6.607075,1864.332183,11.9,11.247252,2.1,3.9
1675942715.433000,45.418966,6.607116,1862.137959,15.8,11.599643,2.1,3.9
1675942716.434000,45.419064,6.607167,1858.738952,18.8,11.306244,2.1,3.9
1675942717.434000,45.419156,6.607226,1856.782687,23.7,11.072246,2.1,3.9
1675942718.434000,45.419239,6.607295,1859.616558,28.7,10.774893,2.1,3.9
1675942719.433000,45.419318,6.607368,1857.779922,29.0,10.513915,2.2,3.9
1675942720.433000,45.419401,6.607436,1857.394204,27.1,10.614040,2.2,3.9
1675942721.435000,45.419484,6.607506,1856.559483,29.9,10.695290,2.1,3.9
1675942722.433000,45.419564,6.607584,1853.413869,32.8,10.727842,2.1,3.9
1675942723.433000,45.419644,6.607666,1856.295946,34.9,10.919201,2.2,3.9
1675942724.433000,45.419718,6.607752,1854.649207,39.7,10.378138,2.1,3.9
1675942726.434000,45.419811,6.607914,1852.334763,51.3,7.368459,2.1,3.9
1675942730.433000,45.419879,6.608020,1848.729206,42.0,3.029433,2.6,3.9
1675942735.433000,45.419987,6.608098,1843.903949,20.0,4.246665,2.1,3.9
1675942738.985000,45.420063,6.608173,1837.253700,53.8,1.455221,3.0,6.2
1675942829.156000,45.420158,6.608087,1834.355356,309.5,2.874626,2.9,4.6
1675942831.434000,45.420265,6.608041,1832.829553,31.8,5.622122,2.3,5.3
1675942834.002000,45.420336,6.608130,1830.547311,60.8,3.431601,2.3,5.7
1675942837.436000,45.420406,6.608239,1829.827515,47.4,3.493566,2.0,6.9
1675942840.198000,45.420518,6.608317,1828.756616,27.2,4.536764,2.0,6.7
1675942842.434000,45.420631,6.608331,1827.141300,351.4,5.448720,2.0,5.7
1675942844.434000,45.420728,6.608338,1825.837779,354.4,5.109260,2.0,5.0
1675942848.434000,45.420826,6.608368,1826.681742,7.9,2.717826,2.0,6.6
1675942868.314000,45.420814,6.608437,1815.663777,-1.0,0.000000,3.8,3.5
1675942868.314000,45.420814,6.608437,1815.663777,-1.0,0.000000,3.8,3.5
1675942917.991000,45.420796,6.608492,1803.399865,-1.0,0.096291,2.2,4.5
1675944136.438000,45.420882,6.608441,1840.020552,13.6,1.153224,2.0,5.4
1675944145.438000,45.420987,6.608418,1839.417549,348.8,1.777748,2.0,5.1
1675944152.439000,45.421074,6.608478,1838.768540,51.0,1.137552,2.0,3.9
1675944161.439000,45.421150,6.608562,1837.217674,30.0,1.183266,2.0,4.0
1675944170.439000,45.421226,6.608647,1836.060287,26.2,1.676926,2.0,4.2
1675944176.438000,45.421313,6.608731,1834.734031,43.0,1.936038,2.0,4.2
1675944181.438000,45.421393,6.608856,1832.946975,54.8,3.491316,2.0,4.2
1675944184.440000,45.421436,6.608979,1832.107286,53.0,3.187322,2.0,4.3
1675944187.439000,45.421560,6.609050,1830.224757,354.0,7.488712,2.0,4.3
1675944189.438000,45.421636,6.608921,1826.631885,288.0,6.759543,2.0,4.3
1675944191.440000,45.421663,6.608741,1824.918557,282.0,7.838234,2.0,3.9
1675944193.438000,45.421694,6.608547,1822.423719,282.0,7.750201,2.0,3.9
1675944195.438000,45.421717,6.608341,1820.577174,265.7,8.107579,2.0,3.9
1675944197.439000,45.421716,6.608132,1818.670108,259.5,7.877293,2.0,3.9
1675944199.438000,45.421689,6.607941,1817.590345,257.0,7.567469,2.0,3.9
1675944201.440000,45.421643,6.607755,1815.820170,249.1,7.644708,2.0,3.9
1675944203.439000,45.421581,6.607577,1814.262803,240.3,7.837132,2.0,3.9
1675944205.439000,45.421495,6.607409,1812.866886,229.4,7.912810,2.1,4.0
1675944207.440000,45.421385,6.607306,1810.686336,222.0,7.756544,2.1,4.0
1675944209.438000,45.421282,6.607146,1808.420975,231.7,8.692250,2.1,4.1
1675944211.440000,45.421192,6.606939,1805.371891,243.7,9.443058,2.0,4.0
1675944213.438000,45.421135,6.606714,1804.118944,254.5,8.572740,2.0,6.0
1675944215.438000,45.421150,6.606511,1801.983077,299.0,7.359871,2.0,8.0
1675944217.439000,45.421263,6.606450,1800.048371,13.0,6.928096,2.0,9.9
1675944219.438000,45.421357,6.606553,1798.682584,44.0,6.379574,2.0,9.9
1675944221.438000,45.421460,6.606663,1796.538464,30.0,7.798273,2.0,9.9
1675944223.438000,45.421589,6.606764,1794.059824,26.2,8.472979,2.0,9.9
1675944225.439000,45.421732,6.606866,1791.774349,36.6,8.983915,2.0,9.9
1675944227.440000,45.421860,6.606987,1789.206772,33.0,7.934898,2.0,9.9
1675944229.439000,45.421970,6.607092,1787.724927,33.9,7.185696,2.0,9.9
1675944231.439000,45.422068,6.607189,1786.512613,32.1,6.553360,2.0,9.9
1675944233.438000,45.422165,6.607272,1785.548198,25.2,6.469731,2.0,9.9
1675944235.439000,45.422263,6.607350,1784.413150,23.1,6.366184,2.0,9.9
1675944237.439000,45.422368,6.607436,1783.146074,17.3,6.937637,2.0,9.9
1675944239.438000,45.422487,6.607512,1782.493316,359.7,7.302651,2.0,9.9
1675944241.439000,45.422605,6.607495,1779.024257,319.7,6.917286,2.0,9.9
1675944243.438000,45.422701,6.607375,1776.504669,308.6,7.670501,2.0,9.9
1675944245.438000,45.422792,6.607205,1774.911969,313.8,9.284665,2.0,9.9
1675944246.439000,45.422862,6.607119,1772.698697,325.4,10.177202,2.0,9.9
1675944247.438000,45.422948,6.607058,1770.760067,338.3,9.947318,2.0,9.9
1675944248.438000,45.423037,6.607022,1767.139218,341.8,9.835708,2.0,9.9
1675944250.438000,45.423160,6.606885,1763.831341,284.9,8.422249,2.0,9.9
1675944252.438000,45.423174,6.606679,1761.786256,243.9,8.144036,2.0,9.9
1675944254.439000,45.423128,6.606526,1759.462865,244.2,6.025925,2.0,9.9
1675944274.103000,45.423111,6.606524,1758.464180,-1.0,0.000000,2.0,7.5
1675944274.103000,45.423111,6.606524,1758.464180,-1.0,0.000000,2.0,7.5
1675944284.439000,45.423042,6.606472,1756.728297,199.9,5.311236,2.0,6.4
1675944286.439000,45.422907,6.606336,1755.308892,202.6,5.932905,2.0,7.2
1675944288.439000,45.422780,6.606253,1753.084074,198.9,6.945829,2.0,10.1
1675944290.439000,45.422654,6.606181,1751.078232,204.2,6.843340,2.0,10.2
1675944292.440000,45.422584,6.606079,1749.702044,233.5,4.828125,2.0,10.2
1675944294.439000,45.422578,6.605951,1747.961618,289.2,5.348055,2.0,11.3
1675944296.440000,45.422659,6.605779,1743.240258,301.7,8.155706,2.0,11.0
1675944298.440000,45.422789,6.605631,1738.495304,316.8,8.471004,2.0,11.0
1675944299.439000,45.422876,6.605576,1737.456167,321.8,9.335265,2.0,9.9
1675944301.440000,45.422996,6.605433,1734.681274,266.7,7.596484,2.0,9.9
1675944303.439000,45.423006,6.605279,1732.450167,230.4,6.973810,2.0,9.9
1675944305.440000,45.422940,6.605160,1729.560023,213.6,7.188263,2.0,9.9
1675944307.439000,45.422854,6.605035,1728.260809,226.7,7.296030,2.0,9.9
1675944309.439000,45.422836,6.604877,1726.845881,278.1,5.289589,2.0,9.9
1675944329.244000,45.422853,6.604755,1725.611703,288.9,0.000000,2.0,7.2
1675944329.244000,45.422853,6.604755,1725.611703,288.9,0.000000,2.0,7.2
1675944342.439000,45.422877,6.604763,1725.698653,248.9,1.931145,2.0,8.1
1675944345.194000,45.422810,6.604644,1725.070787,232.0,2.899613,2.0,13.7
1675944349.095000,45.422751,6.604539,1724.850284,231.6,2.054719,2.0,16.9
1675944369.177000,45.422751,6.604500,1724.659753,-1.0,0.000000,2.0,3.6
1675944369.177000,45.422751,6.604500,1724.659753,-1.0,0.000000,2.0,3.6
1675944389.946000,45.422709,6.604419,1725.287461,239.1,2.302474,2.0,4.3
1675944393.275000,45.422663,6.604287,1724.221550,240.5,3.114211,2.0,6.3
1675944398.437000,45.422592,6.604179,1724.995149,236.3,2.074380,2.0,6.8
1675944415.879000,45.422594,6.604047,1724.525842,271.8,1.408825,2.0,5.6
1675944598.431000,45.422588,6.604182,1724.572919,86.9,0.984945,2.0,5.9
1675944610.294000,45.422654,6.604278,1724.404479,49.4,1.736819,2.0,5.1
1675944616.031000,45.422722,6.604378,1723.777039,40.8,1.402384,2.0,6.8
1675944632.557000,45.422780,6.604478,1724.012291,54.4,0.572181,2.0,4.4
1675944678.113000,45.422764,6.604331,1723.727418,259.4,2.648100,2.0,12.8
1675944680.982000,45.422741,6.604205,1721.217340,256.9,2.392370,2.0,15.8
1675944692.440000,45.422723,6.604078,1724.154306,269.9,0.838325,2.0,4.3
1675944710.015000,45.422712,6.603950,1724.007812,255.7,0.628188,2.0,3.6
1675944757.408000,45.422693,6.603823,1724.307442,247.9,0.282233,2.0,3.7
1675944783.000000,45.422627,6.603726,1723.932454,191.7,0.661044,2.1,4.3
1675944802.967000,45.422528,6.603728,1724.281342,148.8,3.712434,2.0,4.2
1675944805.261000,45.422418,6.603802,1725.880390,150.0,3.998405,2.0,5.5
1675944806.983000,45.422301,6.603899,1729.415545,149.6,4.696285,2.0,6.4
1675944809.278000,45.422207,6.603976,1733.119362,150.1,4.673429,2.0,7.0
1675944810.999000,45.422120,6.604042,1734.933369,151.0,4.765910,2.0,6.8
1675944814.442000,45.422000,6.604122,1738.384874,153.1,4.615374,2.2,6.9
1675944817.311000,45.421896,6.604195,1740.893305,153.0,4.455434,2.1,7.0
1675944820.179000,45.421786,6.604263,1745.476701,155.3,4.458567,2.1,6.9
1675944823.441000,45.421673,6.604342,1747.960643,152.9,4.318351,2.1,6.2
1675944826.441000,45.421564,6.604419,1752.133913,152.3,4.103888,2.0,4.4
1675944829.440000,45.421459,6.604498,1755.956872,154.1,4.561509,2.0,3.9
1675944832.441000,45.421354,6.604576,1759.222192,151.3,4.247702,2.0,3.9
1675944835.440000,45.421252,6.604652,1762.948394,150.8,4.349411,2.2,3.9
1675944838.441000,45.421150,6.604728,1766.287527,149.0,4.339330,2.0,5.9
1675944841.440000,45.421052,6.604796,1770.492250,152.9,4.045961,2.1,8.9
1675944844.440000,45.420946,6.604867,1775.306719,154.0,4.303053,2.3,9.9
1675944847.440000,45.420841,6.604939,1779.592524,153.0,4.191066,2.1,9.9
1675944850.441000,45.420737,6.605007,1784.729927,152.8,4.135034,2.1,9.9
1675944853.442000,45.420636,6.605077,1789.814334,152.2,4.201104,2.1,9.9
1675944856.441000,45.420534,6.605148,1795.879861,152.8,4.135435,2.0,9.9
1675944859.440000,45.420434,6.605214,1801.800623,152.8,4.024463,2.0,10.3
1675944862.440000,45.420336,6.605284,1807.535152,150.9,4.338707,2.0,10.3
1675944865.440000,45.420229,6.605360,1811.263226,152.0,4.634327,2.1,10.4
1675944868.440000,45.420127,6.605432,1815.231658,153.0,4.338984,2.0,10.1
1675944871.440000,45.420025,6.605505,1819.665346,153.0,4.226275,2.1,10.1
1675944874.440000,45.419924,6.605579,1824.188318,152.0,4.239374,2.3,10.0
1675944877.440000,45.419823,6.605652,1829.242439,152.0,4.198967,2.1,10.0
1675944880.440000,45.419720,6.605722,1835.053355,151.0,4.112314,2.0,10.0
1675944883.441000,45.419619,6.605790,1839.889825,151.0,4.197683,2.0,10.0
1675944886.441000,45.419520,6.605862,1846.560146,151.0,4.089421,2.0,10.0
1675944889.441000,45.419413,6.605940,1849.177600,153.8,4.166826,2.0,10.1
1675944892.441000,45.419307,6.606014,1852.791467,154.0,4.150079,2.1,10.1
1675944895.442000,45.419201,6.606089,1855.778146,153.0,4.296482,2.0,10.1
1675944898.441000,45.419093,6.606159,1859.061994,157.0,4.370070,2.0,10.6
1675944901.440000,45.418987,6.606226,1862.975090,158.0,4.188048,2.1,10.7
1675944904.440000,45.418866,6.606308,1866.693840,157.0,4.301363,2.2,9.9
1675944907.440000,45.418773,6.606376,1870.343563,155.0,4.242814,2.3,9.9
1675944910.441000,45.418675,6.606448,1875.019654,154.0,4.102275,2.2,10.5
1675944913.441000,45.418575,6.606521,1880.099346,153.0,4.289768,2.0,10.5
1675944916.440000,45.418472,6.606595,1884.872734,154.0,4.160611,2.0,10.5
1675944919.440000,45.418373,6.606666,1889.114081,154.0,4.062088,2.0,10.5
1675944922.440000,45.418275,6.606741,1895.753496,153.0,4.128737,2.1,10.5
1675944924.440000,45.418189,6.606803,1899.417827,153.0,4.531505,2.0,9.9
1675944927.440000,45.418093,6.606867,1903.234511,153.0,4.410040,2.0,9.9
1675944930.440000,45.417989,6.606942,1907.693078,154.0,4.297911,2.1,9.9
1675944933.440000,45.417893,6.607020,1911.436543,149.0,4.388550,2.2,9.9
1675944936.440000,45.417794,6.607108,1915.261861,141.0,4.190217,2.3,9.9
1675944939.441000,45.417691,6.607194,1920.298519,152.8,4.206646,2.2,9.9
1675944942.440000,45.417591,6.607241,1924.940130,153.0,4.209966,2.0,9.9
1675944945.440000,45.417476,6.607312,1929.681003,152.0,4.755979,2.0,9.9
1675944948.440000,45.417373,6.607381,1929.929093,154.0,4.739634,2.0,9.9
1675944951.440000,45.417262,6.607455,1931.383263,153.0,4.769786,2.1,9.9
1675944954.440000,45.417145,6.607538,1932.529505,151.0,4.559520,2.0,9.9
1675944957.441000,45.417050,6.607613,1933.888229,148.0,4.410753,2.1,9.9
1675944959.440000,45.416972,6.607678,1934.890547,146.3,4.371252,2.1,9.9
1675944962.440000,45.416876,6.607759,1936.492648,145.8,4.479529,2.3,9.9
1675944965.442000,45.416768,6.607826,1938.698059,153.0,4.311435,2.3,9.9
1675944968.440000,45.416662,6.607891,1941.208417,151.4,4.393014,2.2,9.9
1675944971.440000,45.416557,6.607968,1943.060697,149.3,4.458780,2.0,9.9
1675944974.440000,45.416452,6.608050,1945.578361,148.1,4.405188,2.0,9.9
1675944977.440000,45.416350,6.608128,1948.466303,147.8,4.248424,2.0,9.9
1675944980.441000,45.416249,6.608201,1952.607577,148.1,4.405429,2.1,9.9
1675944983.441000,45.416139,6.608280,1955.306167,148.1,4.405902,2.0,9.9
1675944986.441000,45.416031,6.608353,1958.536188,149.1,4.329686,2.1,9.9
1675944989.442000,45.415923,6.608421,1962.500450,150.0,4.289339,2.2,9.9
1675944992.441000,45.415814,6.608490,1965.613143,150.0,4.427716,2.2,9.9
1675944995.440000,45.415708,6.608560,1969.539540,151.0,4.219881,2.3,9.9
1675944998.440000,45.415606,6.608633,1973.478477,150.0,4.211072,2.0,9.9
1675945001.440000,45.415502,6.608708,1977.922791,151.0,4.338857,2.0,9.9
1675945004.440000,45.415397,6.608781,1982.041685,152.0,4.211703,2.0,9.9
1675945007.441000,45.415294,6.608854,1986.837516,151.0,4.190960,2.0,9.9
1675945010.441000,45.415203,6.608916,1991.763389,150.1,4.060311,2.0,9.9
1675945013.441000,45.415089,6.608993,1996.968455,150.0,4.142916,2.0,9.9
1675945016.441000,45.414984,6.609067,2002.325670,150.0,4.111445,2.1,9.9
1675945019.442000,45.414884,6.609138,2007.949800,149.0,4.129402,2.2,9.9
1675945022.441000,45.414782,6.609208,2012.753841,150.0,4.132285,2.4,9.9
1675945025.442000,45.414682,6.609272,2018.763645,150.0,4.090056,2.2,9.9
1675945028.441000,45.414585,6.609338,2024.763405,150.0,4.030462,2.0,9.9
1675945031.442000,45.414486,6.609406,2030.592780,151.0,4.110018,2.0,9.9
1675945034.441000,45.414389,6.609473,2036.296237,151.0,4.068483,2.0,9.9
1675945037.441000,45.414291,6.609541,2042.313629,153.0,3.873425,2.0,9.9
1675945040.442000,45.414195,6.609606,2049.617779,153.0,4.027599,2.0,9.9
1675945043.441000,45.414091,6.609676,2056.500923,153.0,3.860070,2.0,9.9
1675945046.441000,45.414004,6.609738,2063.327487,154.0,3.893917,2.1,10.1
1675945049.441000,45.413913,6.609807,2070.949391,151.2,3.861043,2.5,10.1
1675945052.441000,45.413816,6.609879,2078.408852,153.0,5.052440,2.2,10.2
1675945055.442000,45.413713,6.609953,2082.158768,153.0,4.579988,2.1,10.2
1675945058.442000,45.413610,6.610026,2086.257616,153.2,4.274713,2.0,10.2
1675945061.441000,45.413505,6.610100,2090.119220,154.0,4.407949,2.0,10.3
1675945064.441000,45.413400,6.610173,2094.279015,154.0,4.268069,2.0,10.3
1675945067.442000,45.413299,6.610245,2098.830574,153.2,4.263986,2.0,10.3
1675945070.441000,45.413194,6.610321,2103.771282,152.5,4.352613,2.0,10.3
1675945073.441000,45.413092,6.610402,2107.154390,150.5,4.209579,2.0,10.4
1675945076.441000,45.412992,6.610475,2113.747056,152.0,4.209414,2.1,10.6
1675945079.441000,45.412888,6.610548,2118.883287,152.0,4.161655,2.4,10.6
1675945082.442000,45.412794,6.610627,2123.929815,150.8,4.097213,2.2,10.5
1675945085.441000,45.412693,6.610691,2130.537462,152.0,3.962479,2.0,10.5
1675945088.442000,45.412597,6.610758,2136.356623,150.0,4.354220,2.0,9.9
1675945091.441000,45.412492,6.610833,2140.908354,151.0,4.277741,2.0,10.4
1675945094.441000,45.412392,6.610901,2146.122081,153.0,4.150000,2.0,10.5
1675945097.442000,45.412292,6.610973,2151.862879,154.0,4.256274,2.0,9.9
1675945100.443000,45.412190,6.611043,2155.189543,153.0,4.304374,2.0,9.9
1675945103.441000,45.412096,6.611106,2162.569552,152.1,2.648169,2.0,9.9
1675945114.442000,45.412007,6.611157,2170.488831,155.1,0.733272,2.0,10.1
1675945123.441000,45.411922,6.611213,2175.168378,150.0,1.727853,2.0,10.2
1675945128.441000,45.411840,6.611282,2179.315189,152.2,2.504707,2.0,9.9
1675945132.441000,45.411752,6.611346,2184.744070,149.5,2.781135,2.0,9.9
1675945135.441000,45.411667,6.611419,2189.689231,148.8,3.993051,2.1,9.9
1675945138.442000,45.411557,6.611496,2192.305721,153.0,4.482367,2.2,10.1
1675945141.441000,45.411448,6.611569,2195.647624,152.0,4.213408,2.1,10.1
1675945144.441000,45.411316,6.611657,2200.007084,153.1,4.501728,2.0,9.9
1675945147.442000,45.411226,6.611720,2202.528700,154.0,4.392517,2.0,9.9
1675945150.441000,45.411130,6.611785,2207.013160,158.4,4.252668,2.0,10.1
1675945153.442000,45.411026,6.611853,2210.906535,156.9,4.289871,2.0,10.2
1675945156.442000,45.410920,6.611922,2214.310623,158.8,4.261616,2.0,10.2
1675945159.441000,45.410814,6.611986,2218.312070,160.9,4.228283,2.0,9.9
1675945162.441000,45.410711,6.612053,2223.616013,163.0,4.382747,2.0,9.9
1675945165.442000,45.410603,6.612122,2227.038129,165.0,4.336812,2.2,9.9
1675945168.441000,45.410497,6.612194,2230.244169,165.0,4.289713,2.1,9.9
1675945171.441000,45.410391,6.612269,2233.530938,164.0,4.262699,2.1,9.9
1675945174.443000,45.410284,6.612343,2237.189422,163.0,4.349721,2.0,9.9
1675945177.441000,45.410178,6.612420,2241.380743,163.0,4.281872,2.0,9.9
1675945180.442000,45.410055,6.612526,2246.025909,154.0,4.249773,2.0,9.9
1675945183.441000,45.409971,6.612597,2250.300630,152.3,4.223556,2.1,9.9
1675945186.441000,45.409872,6.612676,2253.899264,153.0,4.398088,2.0,10.2
1675945188.538000,45.409790,6.612735,2256.390277,154.0,4.349877,2.0,10.1
1675945191.441000,45.409698,6.612799,2261.462327,153.0,4.165752,2.0,10.2
1675945194.442000,45.409595,6.612869,2265.930958,152.0,4.296768,2.2,9.9
1675945197.441000,45.409490,6.612945,2271.017061,150.2,4.243741,2.1,9.9
1675945200.442000,45.409388,6.613020,2276.131271,151.0,4.159656,2.1,9.9
1675945203.441000,45.409289,6.613090,2285.815720,151.0,4.177470,2.0,9.9
1675945206.442000,45.409186,6.613161,2291.352344,152.0,4.169103,2.0,9.9
1675945209.441000,45.409084,6.613230,2293.350502,151.0,4.078550,2.0,9.9
1675945212.442000,45.408985,6.613303,2300.509803,149.0,4.078995,2.1,9.9
1675945215.441000,45.408888,6.613381,2306.545296,147.0,4.023093,2.0,9.9
1675945218.443000,45.408801,6.613444,2314.567691,146.1,2.748206,2.1,9.9
1675945226.441000,45.408712,6.613492,2318.437849,151.9,1.473970,2.1,10.9
1675945233.441000,45.408626,6.613553,2321.967166,155.0,1.705492,2.1,11.0
1675945238.442000,45.408534,6.613625,2324.483978,153.0,2.879883,2.1,10.4
1675945242.441000,45.408445,6.613689,2324.054745,153.0,3.091839,2.0,10.9
1675945249.442000,45.408364,6.613764,2324.886334,142.8,0.966241,2.3,10.3
1675945253.441000,45.408278,6.613874,2323.494610,115.2,3.016731,2.2,8.7
1675945258.441000,45.408252,6.614020,2322.698480,82.1,2.122959,2.2,3.9
1675945271.441000,45.408299,6.614140,2322.127514,73.0,1.596151,2.0,4.9
1675945298.008000,45.408351,6.614245,2321.198109,1.7,1.557017,2.0,4.0
1675945301.442000,45.408440,6.614261,2320.974056,9.6,2.631351,2.1,5.1
1675945305.441000,45.408549,6.614304,2319.478788,15.8,2.983144,2.3,6.5
1675945308.908000,45.408646,6.614371,2318.020351,28.6,3.184810,2.2,6.6
1675945313.270000,45.408725,6.614444,2316.750176,42.4,2.064354,2.2,6.7
1675945317.285000,45.408816,6.614506,2315.721106,26.4,2.828054,2.2,6.8
1675945320.180000,45.408915,6.614584,2314.977304,29.1,4.888597,2.2,7.0
1675945322.441000,45.409009,6.614683,2312.780671,34.0,4.810428,2.3,5.7
1675960704.855000,45.396818,6.574928,1693.900024,76.0,0.246435,2.8,32.1
