1743062888.924000,45.372116,6.579431,1721.998825,230.0,4.549645,2.9,4.1
1743062891.495000,45.372044,6.579302,1724.067459,231.1,4.179117,2.9,3.9
1743062894.494000,45.371970,6.579177,1731.442136,233.0,3.801546,2.9,3.8
1743062897.495000,45.371900,6.579053,1734.784889,231.0,4.164608,2.9,3.8
1743062900.496000,45.371833,6.578926,1740.004178,230.0,4.153352,2.9,3.8
1743062903.495000,45.371766,6.578804,1744.780576,230.0,4.339382,2.9,3.8
1743062906.496000,45.371696,6.578680,1751.293051,231.0,4.727503,3.0,3.8
1743062909.495000,45.371621,6.578549,1755.457773,231.0,4.465885,3.0,3.8
1743062912.495000,45.371546,6.578420,1759.164224,231.0,4.558787,3.0,3.8
1743062915.495000,45.371474,6.578292,1763.280095,230.0,4.464717,3.0,3.8
1743062918.495000,45.371404,6.578161,1767.990401,231.0,4.349165,3.0,3.8
1743062921.494000,45.371333,6.578037,1771.952986,232.0,4.381718,3.0,3.8
1743062924.494000,45.371264,6.577916,1776.971025,230.0,4.407356,3.1,3.8
1743062927.495000,45.371186,6.577780,1774.590939,230.0,4.517087,1.0,3.8
1743062930.495000,45.371109,6.577648,1776.476190,230.0,4.711649,1.2,3.8
1743062933.495000,45.371033,6.577521,1778.757193,232.0,4.660341,1.3,3.8
1743062936.495000,45.370956,6.577390,1781.856799,231.0,4.433475,1.3,3.8
1743062939.495000,45.370882,6.577257,1777.539062,230.0,4.504951,1.5,3.8
1743062942.495000,45.370805,6.577129,1780.672400,231.0,4.508327,1.5,3.8
1743062945.494000,45.370728,6.577002,1783.980137,231.0,4.337168,1.5,3.8
1743062948.496000,45.370654,6.576873,1787.983113,230.0,4.367470,1.5,3.8
1743062951.495000,45.370582,6.576752,1792.491199,230.1,3.950519,1.5,3.8
1743062954.496000,45.370515,6.576636,1799.368676,231.0,4.070865,1.7,6.9
1743062957.495000,45.370448,6.576524,1806.900170,231.0,4.342919,1.7,9.9
1743062960.495000,45.370384,6.576413,1815.034324,230.0,4.452519,1.7,9.9
1743062963.495000,45.370321,6.576300,1822.712350,230.0,4.475353,1.7,9.9
1743062966.495000,45.370258,6.576188,1829.706756,232.0,4.490197,1.8,9.9
1743062969.495000,45.370194,6.576077,1837.623717,232.0,4.491240,1.8,9.9
1743062972.495000,45.370133,6.575970,1846.025734,231.0,4.366003,1.8,9.9
1743062975.495000,45.370072,6.575860,1855.714918,231.0,4.996527,1.8,9.9
1743062978.495000,45.370001,6.575730,1862.109434,230.0,5.112962,1.9,9.9
1743062981.495000,45.369929,6.575602,1865.291308,231.0,4.496467,1.9,9.9
1743062984.495000,45.369857,6.575474,1870.104878,232.0,4.281603,1.9,9.9
1743062987.495000,45.369787,6.575349,1875.409627,231.0,4.407030,1.9,9.9
1743062990.495000,45.369718,6.575227,1878.581810,231.0,4.447148,1.9,9.9
1743062993.495000,45.369647,6.575102,1884.771287,230.0,4.502799,2.0,9.9
1743062996.495000,45.369575,6.574978,1890.095845,231.0,4.798454,2.0,9.9
1743062999.495000,45.369506,6.574856,1896.121789,231.0,4.670588,2.0,9.9
1743063002.495000,45.369435,6.574731,1901.026929,231.0,4.515588,2.0,10.0
1743063005.495000,45.369364,6.574609,1907.408298,231.0,4.576843,2.1,10.0
1743063008.495000,45.369295,6.574492,1912.039344,230.0,4.461921,2.1,9.9
1743063011.495000,45.369229,6.574373,1919.263374,231.0,4.431599,2.1,9.9
1743063014.495000,45.369159,6.574247,1924.554063,231.0,4.427750,1.5,9.9
1743063017.494000,45.369091,6.574126,1928.888650,232.0,4.364974,1.5,9.9
1743063020.496000,45.369021,6.574003,1935.793935,231.0,4.570457,1.5,9.9
1743063023.495000,45.368953,6.573880,1942.100306,231.0,4.331796,1.5,9.9
1743063026.495000,45.368887,6.573762,1948.405515,231.0,4.457319,1.5,9.9
1743063029.495000,45.368820,6.573642,1955.942553,231.0,4.487529,1.5,9.9
1743063032.495000,45.368753,6.573525,1962.823125,230.0,4.400831,1.5,9.9
1743063035.495000,45.368686,6.573410,1969.207290,231.0,4.541077,1.5,9.9
1743063038.496000,45.368620,6.573291,1975.990778,231.0,4.759258,1.5,9.9
1743063041.496000,45.368542,6.573153,1981.041934,231.0,4.747727,1.5,9.9
1743063044.495000,45.368476,6.573040,1982.017278,234.0,2.234710,1.5,9.9
1743063062.495000,45.368454,6.572916,1981.508582,234.0,1.203180,1.5,9.9
1743063072.495000,45.368366,6.572832,1980.757422,231.0,4.073971,1.4,9.9
1743063075.495000,45.368282,6.572686,1980.436645,232.0,4.461227,1.5,9.9
1743063078.495000,45.368208,6.572560,1981.669656,232.8,4.171618,1.4,9.9
1743063081.495000,45.368140,6.572448,1986.997742,231.0,4.349563,1.4,9.9
1743063084.494000,45.368075,6.572335,1993.035588,229.0,4.276306,1.4,9.9
1743063087.495000,45.368006,6.572217,2000.272271,229.0,4.798727,1.4,9.9
1743063090.496000,45.367937,6.572096,1994.382279,231.0,4.848394,1.4,9.9
1743063093.495000,45.367870,6.571982,2000.273752,232.0,3.714222,1.4,9.9
1743063099.495000,45.367809,6.571873,2009.863036,228.0,2.988635,1.4,9.9
1743063105.495000,45.367747,6.571763,2012.859925,233.0,2.211889,1.4,9.9
1743063111.495000,45.367685,6.571652,2018.730551,227.0,2.028825,1.4,9.9
1743063116.496000,45.367625,6.571555,2023.208394,230.0,2.699208,1.4,9.9
1743063120.494000,45.367564,6.571446,2027.693040,231.0,3.249656,1.4,9.9
1743063124.495000,45.367492,6.571315,2034.384585,232.0,3.670430,1.4,9.9
1743063127.495000,45.367435,6.571210,2041.641377,230.0,4.206934,1.4,9.9
1743063130.496000,45.367376,6.571101,2049.170530,229.0,4.023393,1.4,9.9
1743063133.495000,45.367316,6.570995,2058.279910,231.0,4.373535,1.4,9.9
1743063136.495000,45.367256,6.570888,2068.118206,232.0,4.419372,1.4,9.9
1743063139.495000,45.367198,6.570782,2076.776995,230.0,4.471879,1.4,9.9
1743063142.495000,45.367141,6.570680,2085.682025,230.0,4.585593,1.4,9.9
1743063145.495000,45.367085,6.570579,2096.045200,231.0,4.662172,1.4,9.9
1743063148.495000,45.367028,6.570478,2104.781129,232.0,4.563551,1.4,9.9
1743063151.496000,45.366961,6.570360,2113.481408,230.0,5.448919,1.4,9.9
1743063154.495000,45.366895,6.570241,2121.051527,230.0,5.309371,1.4,9.9
1743063157.495000,45.366823,6.570107,2126.161075,231.1,5.433202,1.4,9.9
1743063160.496000,45.366746,6.569972,2128.215924,232.0,5.067108,1.4,9.9
1743063163.496000,45.366669,6.569841,2128.938832,231.0,4.669849,1.4,9.9
1743063166.495000,45.366593,6.569710,2130.094717,230.0,4.591794,1.4,9.9
1743063169.495000,45.366519,6.569577,2131.376028,230.0,4.560033,1.4,9.9
1743063172.495000,45.366445,6.569444,2132.647956,232.0,4.445085,1.4,9.9
1743063175.495000,45.366369,6.569312,2134.087649,232.0,4.509755,1.4,9.9
1743063178.495000,45.366293,6.569178,2136.483356,230.0,4.422591,1.4,9.9
1743063181.495000,45.366220,6.569044,2139.066704,230.0,4.426989,1.4,10.0
1743063184.496000,45.366146,6.568911,2140.589902,230.1,4.465253,1.4,10.2
1743063187.496000,45.366077,6.568785,2144.573144,231.0,4.376179,1.4,10.4
1743063190.495000,45.366008,6.568660,2149.226194,232.0,4.273459,1.4,10.7
1743063193.495000,45.365937,6.568537,2155.478476,231.0,4.397593,1.4,10.4
1743063196.495000,45.365867,6.568413,2161.028647,230.0,4.449784,1.4,10.2
1743063199.495000,45.365797,6.568288,2167.276343,230.0,4.498244,1.4,10.4
1743063202.495000,45.365728,6.568164,2172.408733,231.0,4.452500,1.4,10.6
1743063205.495000,45.365659,6.568045,2178.215420,229.1,4.627631,1.4,11.0
1743063208.494000,45.365583,6.567912,2183.510423,230.0,4.719658,1.4,11.6
1743063211.496000,45.365507,6.567778,2184.476547,232.5,3.628186,1.4,10.8
1743063219.496000,45.365447,6.567644,2185.341750,233.5,3.635812,1.4,10.3
1743063222.494000,45.365384,6.567547,2184.688166,232.8,3.886794,1.4,10.1
1743063226.495000,45.365325,6.567412,2184.267319,242.0,2.709036,1.4,9.9
1743063246.494000,45.365291,6.567357,2183.190416,238.3,0.000000,1.5,9.9
1743063397.495000,45.365249,6.567480,2180.154032,141.0,1.698300,1.5,3.8
1743063402.495000,45.365152,6.567578,2171.183958,143.0,5.019365,1.6,3.8
1743063404.494000,45.365075,6.567687,2169.248814,138.0,6.458794,1.6,3.8
1743063406.494000,45.364976,6.567845,2167.225248,115.4,7.720831,1.6,3.8
1743063408.494000,45.364893,6.568065,2171.742247,102.9,9.267074,1.5,3.8
1743063409.495000,45.364835,6.568188,2169.803210,113.0,10.100861,1.5,3.8
1743063410.494000,45.364778,6.568313,2167.478779,115.8,10.794443,1.5,3.8
1743063411.495000,45.364750,6.568448,2164.545504,108.1,10.905310,1.5,3.8
1743063412.494000,45.364731,6.568592,2162.646489,102.8,11.141989,1.5,3.8
1743063413.493000,45.364709,6.568737,2154.819343,102.4,11.763595,1.6,3.8
1743063414.494000,45.364697,6.568880,2153.951508,97.6,11.569239,1.7,3.8
1743063415.495000,45.364703,6.569022,2158.600098,90.6,11.585746,1.6,3.8
1743063416.494000,45.364707,6.569158,2158.600098,89.3,11.216087,1.6,3.8
1743063417.495000,45.364696,6.569286,2149.567738,93.1,10.936358,1.7,3.8
1743063419.495000,45.364701,6.569529,2158.600098,86.5,10.732363,1.6,3.8
1743063421.494000,45.364718,6.569750,2156.522368,69.9,9.469205,1.6,3.8
1743063423.493000,45.364765,6.569949,2158.600098,61.5,9.261250,1.6,3.8
1743063425.495000,45.364808,6.570154,2155.462806,59.4,8.560300,1.6,3.8
1743063427.494000,45.364845,6.570364,2154.026016,67.5,8.338693,1.7,3.8
1743063429.494000,45.364867,6.570569,2153.415286,72.9,8.206061,1.7,3.8
1743063431.494000,45.364865,6.570791,2152.034342,80.6,8.513130,1.7,3.8
1743063433.494000,45.364831,6.571026,2150.029110,91.3,9.056201,1.7,3.8
1743063435.495000,45.364755,6.571258,2148.367826,108.7,9.699227,1.7,3.8
1743063436.494000,45.364699,6.571366,2147.153268,115.8,9.934260,1.7,3.8
1743063437.494000,45.364638,6.571468,2146.021319,121.1,10.172721,1.7,3.8
1743063438.494000,45.364570,6.571566,2144.212905,125.1,10.358346,1.7,3.8
1743063439.495000,45.364496,6.571654,2143.094745,126.3,10.453556,1.7,3.8
1743063440.494000,45.364424,6.571740,2142.253018,130.7,10.430039,1.7,3.8
1743063441.495000,45.364350,6.571823,2141.981069,133.7,10.386608,1.7,3.8
1743063442.494000,45.364274,6.571899,2141.456855,133.4,10.386815,1.7,3.8
1743063443.495000,45.364200,6.571985,2139.869011,137.7,10.473394,1.8,3.8
1743063444.494000,45.364122,6.572069,2138.578323,140.1,10.662045,1.8,3.8
1743063445.494000,45.364039,6.572141,2138.150644,139.6,10.605630,1.8,3.8
1743063446.495000,45.363962,6.572217,2136.677286,143.8,10.515608,1.8,3.8
1743063447.494000,45.363885,6.572285,2135.946678,143.4,10.301377,1.8,3.8
1743063449.494000,45.363737,6.572420,2134.375205,139.6,9.873938,1.8,3.8
1743063451.495000,45.363591,6.572550,2133.313831,141.3,9.537107,1.8,3.8
1743063453.494000,45.363458,6.572684,2131.776016,142.0,9.136449,1.8,3.8
1743063455.494000,45.363337,6.572810,2131.294114,137.9,8.451665,1.8,4.8
1743063457.494000,45.363217,6.572925,2131.129580,144.0,8.044971,1.8,7.5
1743063459.493000,45.363107,6.573040,2131.057000,129.1,7.586531,1.8,8.9
1743063461.495000,45.363036,6.573190,2130.370076,75.2,6.828585,1.9,9.9
1743063463.494000,45.363100,6.573359,2128.274220,57.8,9.056083,1.9,9.9
1743063464.495000,45.363145,6.573485,2124.362470,53.1,11.112728,1.9,9.9
1743063465.495000,45.363199,6.573631,2121.345108,42.2,12.964113,1.9,9.9
1743063466.495000,45.363287,6.573757,2112.970328,31.2,13.960764,1.9,9.9
1743063467.495000,45.363389,6.573864,2107.658215,36.9,14.851366,1.9,9.9
1743063468.495000,45.363487,6.573983,2103.242698,40.0,15.083507,1.9,9.9
1743063469.495000,45.363603,6.574035,2095.407782,359.7,15.892743,1.9,9.9
1743063470.494000,45.363729,6.573991,2092.387971,340.0,15.084645,2.0,9.9
1743063471.494000,45.363854,6.573950,2081.601900,353.0,15.875643,2.0,9.9
1743063472.494000,45.363978,6.573982,2086.943362,17.8,15.590305,1.9,9.9
1743063473.494000,45.364108,6.574025,2079.991887,2.0,16.784370,2.0,9.9
1743063474.494000,45.364246,6.573986,2069.981939,336.0,18.180313,2.0,9.9
1743063475.494000,45.364382,6.573894,2065.342430,337.0,18.089390,2.0,9.9
1743063476.493000,45.364527,6.573875,2060.147048,8.9,18.286900,2.0,9.9
1743063477.494000,45.364679,6.573930,2051.840426,12.0,18.722006,2.0,9.9
1743063478.494000,45.364835,6.573936,2043.523129,349.0,19.326628,2.0,9.9
1743063479.495000,45.364995,6.573898,2036.145416,356.0,18.822472,2.0,9.9
1743063480.494000,45.365125,6.573922,2031.416062,20.8,14.784786,2.0,9.9
1743063481.495000,45.365229,6.574034,2030.005191,41.9,16.136761,2.0,9.9
1743063482.495000,45.365344,6.574119,2023.701007,8.0,15.122800,2.0,9.9
1743063483.495000,45.365469,6.574162,2016.393832,24.0,14.704717,2.0,9.9
1743063484.494000,45.365560,6.574272,2011.907054,55.0,13.836529,2.1,9.9
1743063485.494000,45.365617,6.574421,2007.538388,64.0,13.996816,1.5,9.9
1743063486.494000,45.365685,6.574560,2001.316221,46.0,15.290279,1.5,9.9
1743063487.494000,45.365797,6.574665,1993.984323,24.0,16.723911,1.4,9.9
1743063488.494000,45.365928,6.574747,1988.053797,27.0,16.748291,1.4,9.9
1743063489.494000,45.366030,6.574879,1983.567912,54.9,16.778570,1.4,9.9
1743063490.495000,45.366121,6.575027,1975.313824,37.0,16.530615,1.4,9.9
1743063491.495000,45.366247,6.575123,1967.155762,23.0,17.725882,1.4,9.9
1743063492.494000,45.366364,6.575246,1958.307231,50.0,18.115507,1.4,9.9
1743063493.494000,45.366434,6.575415,1951.798934,65.0,16.237141,1.4,9.9
1743063494.495000,45.366508,6.575564,1944.214561,42.0,17.238577,1.5,9.9
1743063495.494000,45.366616,6.575689,1936.083776,42.9,16.825756,1.5,9.9
1743063496.494000,45.366738,6.575759,1930.481081,18.3,16.626335,1.5,9.9
1743063497.494000,45.366835,6.575853,1927.519092,61.9,14.904812,1.5,9.9
1743063498.494000,45.366887,6.576008,1923.308480,62.0,14.607756,1.5,9.9
1743063499.494000,45.366972,6.576131,1917.188172,35.0,15.448659,1.4,9.9
1743063500.494000,45.367077,6.576255,1909.408345,51.0,17.404226,1.5,9.9
1743063501.493000,45.367190,6.576402,1900.074751,34.0,19.168545,1.5,9.9
1743063502.494000,45.367334,6.576517,1889.293401,29.0,20.933975,1.5,9.9
1743063503.495000,45.367492,6.576617,1882.440594,20.0,21.145477,1.5,9.9
1743063504.495000,45.367652,6.576661,1876.946261,2.0,18.882332,1.5,9.9
1743063505.495000,45.367806,6.576667,1871.744218,4.0,18.645561,1.5,9.9
1743063506.495000,45.367935,6.576723,1868.789349,33.9,14.639134,1.5,9.9
1743063507.495000,45.368037,6.576809,1865.977952,20.0,13.350534,1.5,9.9
1743063508.494000,45.368135,6.576819,1861.115910,346.1,10.619461,1.5,9.9
1743063510.494000,45.368258,6.576845,1855.893451,73.6,5.579122,1.4,9.9
1743063514.494000,45.368353,6.576919,1853.365656,7.0,4.687134,1.5,9.9
1743063517.494000,45.368450,6.577041,1849.964977,25.4,6.492788,1.5,9.9
1743063519.493000,45.368608,6.577042,1847.403974,356.0,9.673724,1.5,9.9
1743063521.495000,45.368767,6.577159,1839.143882,44.0,11.263431,1.5,9.9
1743063522.493000,45.368853,6.577218,1834.722255,7.0,11.783230,1.5,9.9
1743063523.494000,45.368957,6.577216,1830.488754,358.0,12.130897,1.5,9.9
1743063524.494000,45.369059,6.577255,1826.935155,30.0,13.569038,1.5,9.9
1743063525.494000,45.369171,6.577314,1821.716726,5.0,14.642692,1.5,9.9
1743063526.494000,45.369296,6.577294,1815.680313,343.0,14.692122,1.5,9.9
1743063527.494000,45.369404,6.577219,1810.899593,325.0,13.910670,1.5,9.9
1743063528.494000,45.369505,6.577139,1807.460959,336.0,13.891034,1.6,9.9
1743063529.493000,45.369618,6.577119,1803.508332,6.0,13.830581,1.5,9.9
1743063530.494000,45.369734,6.577141,1800.085928,2.0,13.230409,1.6,9.9
1743063531.494000,45.369851,6.577105,1791.893626,334.1,15.296672,1.6,9.9
1743063532.495000,45.369968,6.577020,1787.680610,333.0,15.017556,1.6,9.9
1743063533.494000,45.370081,6.576996,1781.577870,9.0,13.584837,1.6,9.9
1743063534.494000,45.370177,6.577052,1778.852073,32.9,11.626222,1.6,9.9
1743063535.494000,45.370267,6.577105,1773.921322,9.0,12.947866,1.6,9.9
1743063536.494000,45.370378,6.577092,1769.744725,343.0,13.184953,1.6,9.9
1743063537.493000,45.370477,6.577039,1765.815503,337.1,11.459185,1.6,9.9
1743063539.494000,45.370589,6.577075,1761.148550,79.0,5.341608,1.6,9.9
1743063542.494000,45.370649,6.577239,1757.870704,46.2,6.842362,1.4,10.1
1743063544.495000,45.370772,6.577297,1754.690451,14.0,7.903120,1.5,10.1
1743063546.494000,45.370886,6.577427,1750.364210,69.0,8.530698,1.5,9.9
1743063548.493000,45.370960,6.577614,1745.617743,35.0,9.071343,1.5,9.9
1743063550.495000,45.371086,6.577752,1736.230219,57.0,9.704250,1.6,9.9
1743063552.495000,45.371118,6.577887,1732.249228,80.0,3.512389,1.7,9.9
1743063555.494000,45.371192,6.578008,1727.250308,27.0,5.077957,1.7,9.9
1743063559.495000,45.371244,6.578128,1722.606784,25.2,3.157840,1.5,9.9
1743063575.494000,45.371347,6.578154,1725.983272,18.0,5.953298,1.7,9.9
1743063577.494000,45.371457,6.578243,1723.708357,30.0,8.563659,1.7,9.9
1743063579.494000,45.371620,6.578301,1712.190567,353.0,9.370786,2.1,9.9
1743063581.494000,45.371794,6.578308,1708.244689,11.6,10.335296,2.0,9.9
1743063582.494000,45.371887,6.578348,1704.878804,13.0,10.993130,2.1,9.9
1743063583.494000,45.371981,6.578356,1701.935182,358.3,10.953955,3.4,9.9
1743063584.494000,45.372076,6.578356,1697.991021,7.8,11.106789,1.7,9.9
1743063586.494000,45.372215,6.578483,1694.496654,47.8,10.145350,1.8,9.9
1743063588.494000,45.372223,6.578671,1691.515330,126.6,7.617552,2.5,9.9
1743063590.495000,45.372175,6.578846,1689.607245,95.1,9.255609,2.4,9.9
1743063592.494000,45.372083,6.579033,1694.902457,135.9,10.131393,1.5,9.9
1743063594.494000,45.371985,6.579240,1689.590883,138.3,10.227404,1.6,9.9
1743063595.495000,45.371908,6.579312,1678.978562,154.1,10.901640,2.4,9.9
1743063597.494000,45.371801,6.579508,1674.930904,119.9,11.179786,2.4,9.9
1743063598.494000,45.371741,6.579604,1671.977247,149.6,10.930278,2.3,9.9
1743063600.493000,45.371635,6.579771,1669.541972,86.7,9.377697,1.7,9.9
1743063602.494000,45.371685,6.579959,1666.918044,72.5,7.731596,1.5,9.9
1743063604.494000,45.371709,6.580164,1664.103843,65.1,9.587114,1.5,9.9
1743063606.494000,45.371829,6.580354,1667.225590,34.4,11.347349,1.7,9.9
1743063607.494000,45.371918,6.580426,1666.968678,27.8,11.712140,1.6,9.9
1743063608.494000,45.372013,6.580477,1665.932403,13.8,11.021178,1.5,9.9
1743063609.494000,45.372106,6.580503,1663.908452,9.0,10.001466,1.5,9.9
1743063611.495000,45.372267,6.580562,1662.516621,15.3,9.128731,1.5,9.9
1743063613.494000,45.372407,6.580544,1661.698017,356.6,8.006434,1.6,9.9
1743063615.494000,45.372530,6.580498,1661.617128,347.7,7.105720,1.6,9.9
1743063617.494000,45.372631,6.580478,1664.350885,0.3,5.582083,1.4,9.9
1743063637.494000,45.372677,6.580463,1670.885970,-1.0,0.000000,1.6,9.9
1743063669.494000,45.372614,6.580347,1682.674062,156.0,0.571532,1.4,9.9
1743063679.494000,45.372567,6.580233,1690.800049,222.0,0.642958,1.3,9.9
1743063698.495000,45.372516,6.580114,1690.800049,217.2,0.818403,1.4,9.9
1743063709.494000,45.372422,6.580019,1690.099976,205.7,3.393298,1.3,9.9
1743063712.494000,45.372341,6.579889,1690.099976,229.5,3.673112,1.2,9.9
1743063715.494000,45.372291,6.579741,1694.923729,246.9,3.792002,1.2,9.9
1743063718.494000,45.372235,6.579612,1702.908703,246.0,3.878635,1.1,9.9
1743063721.494000,45.372166,6.579499,1710.490758,241.0,4.052903,1.1,9.9
1743063724.494000,45.372086,6.579372,1717.296739,234.3,4.860863,1.4,9.9
1743063727.494000,45.372009,6.579245,1722.470330,232.4,4.905975,1.4,9.9
1743063730.494000,45.371936,6.579121,1726.401526,231.5,4.661743,1.3,9.9
1743063733.494000,45.371864,6.578995,1732.052569,232.6,4.506649,1.3,10.1
1743063736.495000,45.371790,6.578873,1737.221590,231.5,4.460793,1.3,10.3
1743063739.494000,45.371720,6.578751,1743.535739,230.4,4.374727,1.2,10.5
1743063742.494000,45.371646,6.578620,1748.291398,231.0,4.764514,1.3,10.8
1743063745.495000,45.371575,6.578494,1752.749273,231.0,4.808995,1.7,11.5
1743063748.493000,45.371502,6.578368,1755.971083,231.0,4.584081,1.6,11.9
1743063751.494000,45.371428,6.578242,1760.375803,230.0,4.522943,1.2,11.7
1743063754.493000,45.371355,6.578117,1765.285368,230.0,4.536009,1.3,11.4
1743063757.494000,45.371282,6.577994,1769.157806,227.0,4.397779,1.0,11.6
1743063760.494000,45.371210,6.577870,1774.401958,229.0,4.771112,1.1,11.7
1743063763.495000,45.371136,6.577735,1776.947763,230.0,4.601367,1.2,10.7
1743063766.494000,45.371063,6.577602,1778.976132,229.0,4.468081,1.7,10.9
1743063769.494000,45.370988,6.577470,1781.494464,229.0,4.479977,1.5,11.4
1743063772.494000,45.370912,6.577342,1784.488423,230.0,4.508609,1.5,12.0
1743063775.494000,45.370840,6.577214,1787.392209,229.0,4.465055,1.3,12.5
1743063778.494000,45.370767,6.577087,1791.022999,230.0,4.483767,1.3,12.8
1743063781.494000,45.370694,6.576960,1793.982367,230.0,4.511118,1.2,13.0
1743063784.495000,45.370621,6.576832,1798.964150,231.0,4.388857,1.3,13.1
1743063787.494000,45.370555,6.576712,1804.344719,230.0,4.081847,1.8,11.5
1743063790.494000,45.370491,6.576586,1811.450964,229.0,4.236616,1.6,10.0
1743063793.494000,45.370428,6.576468,1819.356871,231.0,4.400111,1.5,9.9
1743063796.494000,45.370361,6.576352,1827.190112,231.0,4.368051,1.5,9.9
1743063799.495000,45.370294,6.576238,1834.499890,229.0,4.505913,1.4,9.9
1743063802.494000,45.370232,6.576127,1843.252581,229.0,4.599686,1.2,9.9
1743063805.494000,45.370170,6.576016,1851.108572,230.0,4.444296,1.3,9.9
1743063808.495000,45.370110,6.575909,1859.876496,231.0,4.458799,1.6,9.9
1743063811.495000,45.370042,6.575792,1867.680683,229.0,5.053395,1.8,9.9
1743063814.495000,45.369966,6.575665,1872.476531,228.0,5.038156,2.0,10.1
1743063817.494000,45.369894,6.575539,1875.719223,228.0,4.908348,1.7,10.0
1743063820.495000,45.369824,6.575415,1880.999722,229.0,4.755723,1.6,10.2
1743063823.494000,45.369752,6.575287,1886.005384,229.0,4.441010,1.6,10.6
1743063826.495000,45.369682,6.575161,1890.375199,229.0,4.391749,1.4,11.3
1743063829.494000,45.369614,6.575037,1896.108295,230.0,4.475277,1.4,11.8
1743063832.494000,45.369546,6.574913,1901.042496,230.0,4.280473,1.8,12.3
1743063835.494000,45.369478,6.574789,1906.407579,230.0,4.375069,1.4,12.6
1743063838.494000,45.369409,6.574665,1912.673909,230.0,4.574048,1.3,12.5
1743063841.495000,45.369339,6.574536,1918.980781,230.0,4.485252,1.3,12.4
1743063844.493000,45.369271,6.574413,1923.945832,230.0,4.324960,1.3,12.4
1743063847.493000,45.369202,6.574293,1930.275664,230.0,4.700319,1.0,12.6
1743063850.493000,45.369132,6.574170,1936.371114,230.0,4.576644,1.0,12.6
1743063853.494000,45.369062,6.574047,1942.164337,230.0,4.496116,0.8,12.5
1743063856.493000,45.368994,6.573926,1947.703549,229.0,4.516605,0.9,12.4
1743063859.494000,45.368926,6.573808,1954.834020,229.0,4.474819,1.2,12.4
1743063862.493000,45.368857,6.573690,1961.121937,229.0,4.473919,1.4,12.6
1743063865.493000,45.368789,6.573572,1967.940355,229.0,4.566421,1.2,12.7
1743063868.493000,45.368722,6.573455,1975.424927,230.0,4.541323,1.1,12.9
1743063871.494000,45.368659,6.573343,1981.265984,229.0,4.314268,1.4,13.1
1743063874.493000,45.368588,6.573226,1988.884129,228.0,5.102712,1.1,13.5
1743063877.493000,45.368509,6.573095,1990.576647,227.0,4.668563,0.7,13.4
1743063885.493000,45.368472,6.572976,1991.131025,273.0,1.375995,1.0,9.9
1743063905.494000,45.368415,6.572863,1990.833372,229.4,1.512556,0.8,9.9
1743063909.493000,45.368330,6.572741,1990.576647,230.9,4.177141,0.9,9.9
1743063912.493000,45.368257,6.572587,1991.292726,230.8,4.148445,0.9,9.9
1743063915.493000,45.368187,6.572469,1995.768089,228.0,4.030616,1.0,10.1
1743063918.493000,45.368114,6.572347,2002.532755,229.0,4.088403,1.4,10.1
1743063921.493000,45.368042,6.572231,2009.343752,229.9,4.433410,1.2,10.1
1743063924.493000,45.367967,6.572108,2014.573673,230.4,4.562656,1.1,10.5
1743063927.494000,45.367894,6.571985,2021.529332,229.6,4.579880,1.2,10.3
1743063930.492000,45.367825,6.571861,2027.622306,229.5,4.561269,1.1,9.9
1743063933.493000,45.367756,6.571739,2033.375516,229.3,4.513155,1.1,10.1
1743063936.494000,45.367686,6.571620,2039.838392,229.7,4.519904,1.0,10.5
1743063939.493000,45.367618,6.571503,2046.783387,229.0,4.485338,0.8,11.1
1743063942.493000,45.367550,6.571385,2053.588317,228.3,4.554011,1.0,11.5
1743063945.493000,45.367486,6.571273,2059.853078,228.6,4.233624,1.0,12.1
1743063948.493000,45.367425,6.571170,2067.787010,229.7,4.257729,1.4,12.5
1743063951.494000,45.367363,6.571064,2077.079410,228.8,4.349012,1.2,12.3
1743063954.493000,45.367302,6.570951,2086.285765,228.3,4.495599,1.2,10.6
1743063957.493000,45.367244,6.570843,2094.681653,229.2,4.551667,1.2,9.9
1743063960.492000,45.367187,6.570740,2103.468888,229.7,4.569630,1.1,9.9
1743063963.493000,45.367128,6.570637,2114.047796,228.8,4.631571,1.1,9.9
1743063966.493000,45.367071,6.570535,2123.774392,227.6,4.617864,0.9,9.9
1743063969.493000,45.367015,6.570435,2133.237560,229.1,4.709834,0.9,9.9
1743063972.493000,45.366946,6.570314,2140.001140,229.0,4.955359,0.8,10.1
1743063975.493000,45.366879,6.570200,2147.265359,228.8,4.926630,1.0,10.0
1743063978.494000,45.366805,6.570071,2151.973952,228.1,5.024168,0.9,9.9
1743063981.493000,45.366729,6.569942,2152.621551,228.0,4.743110,1.3,9.9
1743063984.494000,45.366653,6.569809,2153.392951,228.9,4.627852,1.2,10.0
1743063987.493000,45.366578,6.569677,2154.866671,229.4,4.471350,1.2,10.2
1743063990.492000,45.366503,6.569541,2156.809597,229.0,4.457163,1.1,10.2
1743063993.493000,45.366429,6.569408,2158.449451,229.0,4.489090,1.1,10.0
1743063996.494000,45.366354,6.569272,2160.475980,230.0,4.513305,1.1,10.0
1743063999.493000,45.366279,6.569137,2162.805968,230.0,4.457364,0.9,10.0
1743064002.492000,45.366203,6.569005,2164.832850,227.9,4.473899,0.9,10.3
1743064005.494000,45.366124,6.568877,2167.164019,226.5,4.294512,0.9,10.1
1743064008.493000,45.366054,6.568749,2172.438046,228.7,4.300308,1.1,10.0
1743064011.494000,45.365988,6.568619,2177.904581,232.3,4.346879,1.0,10.0
1743064014.494000,45.365922,6.568490,2183.279896,235.5,4.440798,1.2,9.9
1743064017.494000,45.365856,6.568363,2189.100925,234.3,4.486500,1.2,9.9
1743064020.492000,45.365785,6.568240,2194.883997,234.9,4.506073,1.2,9.9
1743064023.492000,45.365715,6.568120,2200.451364,233.3,4.470315,1.2,9.9
1743064026.493000,45.365651,6.567992,2205.631512,245.6,4.612125,1.0,9.9
1743064029.493000,45.365594,6.567851,2209.775729,240.0,4.696589,1.1,9.9
1743064032.493000,45.365517,6.567761,2209.775729,233.3,2.894875,1.2,9.9
1743064040.494000,45.365448,6.567632,2210.177871,236.0,3.767014,0.9,10.3
1743064043.493000,45.365389,6.567514,2209.817703,238.2,3.653502,1.0,9.9
1743064046.492000,45.365327,6.567416,2209.817703,229.9,3.171234,1.1,9.9
1743064066.493000,45.365288,6.567373,2209.332311,-1.0,0.000000,1.3,9.9
1743064081.493000,45.365392,6.567309,2209.373606,313.0,1.120111,1.2,9.9
1743064087.493000,45.365476,6.567209,2209.332311,318.0,2.229448,1.0,9.9
1743064091.493000,45.365540,6.567116,2208.861163,309.0,2.708774,1.3,9.9
1743064094.494000,45.365602,6.567006,2208.557342,308.0,4.190362,1.4,9.9
1743064097.492000,45.365682,6.566877,2207.504169,312.0,4.502403,1.4,9.9
1743064100.493000,45.365784,6.566759,2206.602711,326.9,5.327289,1.5,9.9
1743064102.493000,45.365868,6.566668,2205.672789,325.0,5.984972,1.3,9.9
1743064104.493000,45.365953,6.566574,2204.855413,326.0,5.823587,1.5,9.9
1743064106.493000,45.366038,6.566475,2204.273553,320.0,6.532291,1.5,9.9
1743064108.492000,45.366135,6.566352,2202.846134,319.0,7.359152,1.2,9.9
1743064110.494000,45.366246,6.566222,2200.707730,321.0,7.931639,1.3,9.9
1743064112.493000,45.366356,6.566092,2199.766390,328.9,7.768857,1.3,9.9
1743064114.493000,45.366463,6.565991,2199.253837,337.0,6.877970,1.3,9.9
1743064116.493000,45.366574,6.565948,2199.226114,12.8,6.579187,1.5,9.9
1743064118.494000,45.366688,6.566022,2197.051825,55.8,7.112425,1.5,9.9
1743064120.493000,45.366736,6.566182,2195.022541,62.3,7.370342,1.4,9.9
1743064122.493000,45.366806,6.566376,2191.231292,102.6,8.786007,1.4,9.9
1743064124.492000,45.366824,6.566593,2186.832672,79.1,8.908879,1.4,9.9
1743064126.493000,45.366945,6.566768,2182.173792,29.0,10.250027,1.4,9.9
1743064128.493000,45.367104,6.566851,2175.294039,6.0,10.192448,1.4,9.9
1743064130.493000,45.367293,6.566834,2167.923251,356.0,11.924680,1.5,9.9
1743064131.493000,45.367397,6.566850,2163.081353,13.9,11.844311,1.5,9.9
1743064132.493000,45.367491,6.566843,2158.600098,339.4,11.747382,1.5,9.9
1743064133.493000,45.367584,6.566755,2150.679571,318.1,14.707513,1.6,9.9
1743064134.493000,45.367679,6.566639,2147.839045,322.0,15.042451,1.6,9.9
1743064135.493000,45.367795,6.566554,2143.650957,339.0,15.886788,1.6,9.9
1743064136.493000,45.367908,6.566451,2134.451471,312.1,16.852964,1.6,9.9
1743064137.492000,45.367995,6.566294,2131.002103,308.0,15.853157,1.6,9.9
1743064138.493000,45.368088,6.566163,2127.183983,323.0,15.100405,1.6,9.9
1743064139.493000,45.368191,6.566069,2124.822064,327.0,13.769943,1.6,9.9
1743064140.493000,45.368263,6.565970,2123.751603,299.0,10.419359,1.7,9.9
1743064142.492000,45.368371,6.565800,2123.230162,343.0,9.134399,1.7,9.9
1743064144.493000,45.368485,6.565691,2120.828457,294.0,6.162694,1.8,9.9
1743064146.493000,45.368545,6.565573,2118.811248,339.0,4.841588,1.8,9.9
1743064153.492000,45.368690,6.565535,2114.025034,343.0,8.037892,0.7,9.9
1743064155.493000,45.368857,6.565431,2106.980143,333.0,11.656955,0.7,9.9
1743064156.494000,45.368963,6.565343,2101.290207,335.9,13.533437,0.9,9.9
1743064157.493000,45.369087,6.565252,2096.198309,332.1,15.579350,0.9,9.9
1743064158.492000,45.369220,6.565170,2090.111237,337.8,16.193878,1.0,9.9
1743064159.493000,45.369391,6.565091,2080.793686,341.6,22.069891,21.0,61.0
1743064160.492000,45.369562,6.565012,2071.494753,339.0,21.100779,1.1,9.9
1743064161.493000,45.369745,6.564939,2066.202744,348.0,19.543159,1.1,9.9
1743064162.494000,45.369907,6.564870,2063.721696,335.1,18.176746,1.1,9.9
1743064163.493000,45.370004,6.564738,2062.630848,303.1,14.838972,1.1,9.9
1743064164.493000,45.370066,6.564580,2063.816877,301.0,14.469548,1.1,9.9
1743064165.493000,45.370136,6.564430,2065.084952,305.0,14.220016,1.1,9.9
1743064166.493000,45.370216,6.564298,2064.620968,313.0,13.158375,1.1,9.9
1743064167.494000,45.370303,6.564197,2063.387832,325.0,12.523100,1.0,9.9
1743064168.494000,45.370400,6.564124,2061.983605,336.9,12.207433,0.9,9.9
1743064169.492000,45.370507,6.564094,2061.043367,356.9,12.008746,0.9,9.9
1743064170.493000,45.370614,6.564097,2060.784537,1.0,11.570077,0.9,9.9
1743064171.493000,45.370718,6.564096,2059.258329,358.0,11.377003,0.9,9.9
1743064172.493000,45.370820,6.564090,2059.081375,359.0,11.223522,1.0,9.9
1743064173.492000,45.370919,6.564087,2057.950556,358.0,10.359007,1.2,9.9
1743064174.493000,45.371013,6.564077,2056.588448,352.0,10.572153,1.2,9.9
1743064175.492000,45.371107,6.564051,2056.452116,349.1,10.572462,1.2,9.9
1743064176.494000,45.371201,6.564019,2055.403431,350.0,10.667675,1.2,9.9
1743064177.493000,45.371297,6.563993,2054.831595,356.9,10.724674,1.0,9.9
1743064178.493000,45.371392,6.563978,2053.320404,360.0,10.496200,1.0,9.9
1743064179.493000,45.371485,6.563971,2051.891232,358.0,10.677908,1.0,9.9
1743064180.493000,45.371581,6.563965,2051.183382,356.0,10.818683,1.1,9.9
1743064181.494000,45.371679,6.563960,2050.761358,356.0,10.700919,1.1,9.9
1743064182.493000,45.371778,6.563955,2049.359191,354.0,10.823269,1.1,9.9
1743064183.493000,45.371875,6.563945,2048.519945,351.0,10.823296,1.2,9.9
1743064184.493000,45.371970,6.563929,2048.397693,350.0,10.666071,1.2,9.9
1743064185.493000,45.372062,6.563907,2047.481575,341.1,10.194261,1.2,9.9
1743064187.492000,45.372230,6.563819,2046.039425,329.1,10.035906,1.4,9.9
1743064189.494000,45.372377,6.563690,2043.754799,327.0,9.600546,1.3,9.9
1743064191.493000,45.372518,6.563560,2042.938724,328.0,9.220292,1.2,9.9
1743064193.493000,45.372644,6.563420,2041.768864,311.1,8.991964,1.2,9.9
1743064195.493000,45.372730,6.563234,2016.521091,291.1,9.172077,1.5,9.9
1743064197.493000,45.372770,6.563038,2016.042325,287.0,8.656605,1.5,9.9
1743064199.494000,45.372813,6.562849,2038.878944,294.0,10.008112,0.8,9.9
1743064201.494000,45.372888,6.562674,2037.914003,317.9,10.228924,0.8,9.9
1743064203.493000,45.373008,6.562553,2036.794418,334.9,8.815526,0.8,9.9
1743064205.493000,45.373159,6.562474,2035.346787,343.0,9.752197,1.0,9.9
1743064207.494000,45.373321,6.562428,2033.472203,347.1,8.952299,1.1,9.9
1743064209.493000,45.373471,6.562404,2032.263160,357.4,8.308398,0.9,9.9
1743064211.493000,45.373635,6.562412,2031.217406,356.2,9.116099,1.0,9.9
1743064212.493000,45.373725,6.562408,2030.002760,4.1,9.638065,0.8,9.9
1743064213.494000,45.373824,6.562410,2027.477816,8.0,10.398208,0.8,9.9
1743064214.493000,45.373933,6.562424,2024.030666,7.5,11.456377,0.9,9.9
1743064215.493000,45.374048,6.562422,2020.028616,356.1,12.284297,1.2,9.9
1743064216.493000,45.374156,6.562394,2019.337288,337.3,11.662845,1.2,9.9
1743064217.492000,45.374248,6.562322,2018.360651,322.2,11.629846,1.2,9.9
1743064218.493000,45.374332,6.562231,2017.329840,325.0,11.959674,1.2,9.9
1743064219.492000,45.374429,6.562168,2014.672943,350.7,12.720407,1.1,9.9
1743064220.494000,45.374547,6.562150,2012.247107,351.0,13.309524,1.1,9.9
1743064221.493000,45.374666,6.562109,2010.296214,338.1,14.027814,1.1,9.9
1743064222.493000,45.374783,6.562059,2006.734282,353.6,13.956686,1.1,9.9
1743064223.494000,45.374907,6.562075,2003.525441,18.6,14.697791,1.0,9.9
1743064224.493000,45.375032,6.562126,2001.969049,5.3,14.312436,1.1,9.9
1743064225.492000,45.375161,6.562123,2000.331672,353.2,15.065105,1.1,9.9
1743064226.493000,45.375296,6.562120,1997.057853,11.8,15.770079,1.1,9.9
1743064227.494000,45.375430,6.562193,1992.554755,29.9,16.862820,1.2,9.9
1743064228.494000,45.375565,6.562296,1987.838275,19.5,17.455669,1.4,9.9
1743064229.494000,45.375715,6.562342,1980.814875,2.7,17.741280,1.4,9.9
1743064230.493000,45.375867,6.562333,1978.412408,354.3,17.343443,1.4,9.9
1743064231.493000,45.376018,6.562312,1975.258554,356.7,17.330074,1.4,9.9
1743064232.493000,45.376164,6.562332,1970.601287,16.9,16.802065,1.4,9.9
1743064233.492000,45.376301,6.562394,1967.580975,13.1,15.735236,1.4,9.9
1743064234.493000,45.376435,6.562419,1965.303277,357.5,15.190157,1.3,9.9
1743064235.493000,45.376566,6.562432,1952.505809,358.1,19.456991,21.0,61.0
1743064236.494000,45.376698,6.562444,1939.695544,9.3,14.718860,1.8,9.9
1743064237.493000,45.376820,6.562494,1933.764727,6.8,14.233251,1.5,9.9
1743064238.492000,45.376931,6.562528,1931.676389,20.6,12.963021,1.4,9.9
1743064239.493000,45.377023,6.562571,1929.750340,17.7,11.109653,1.5,9.9
1743064241.493000,45.377090,6.562682,1926.619193,97.0,4.650467,1.5,9.9
1743064245.493000,45.377130,6.562818,1925.890821,16.0,4.045227,3.2,10.0
1743064248.493000,45.377156,6.562946,1944.521250,128.0,3.166097,0.8,9.9
1743064252.493000,45.377113,6.563079,1941.689962,134.6,4.446158,0.9,9.9
1743064255.493000,45.377039,6.563166,1940.937309,162.9,3.267505,1.0,9.9
1743064275.493000,45.376972,6.563180,1918.500000,163.1,0.000000,2.1,10.1
1743064282.493000,45.376950,6.563190,1918.500000,184.0,0.377550,1.7,10.0
1743064323.493000,45.376861,6.563160,1918.500000,194.6,0.422825,2.6,10.0
1743064374.494000,45.376772,6.563138,1918.500000,196.0,4.001057,3.0,9.9
1743064377.493000,45.376632,6.563082,1916.809969,206.8,4.507643,2.9,9.9
1743064379.494000,45.376542,6.563028,1918.500000,207.0,4.181972,3.1,9.9
1743064381.493000,45.376457,6.562983,1920.682573,206.0,4.175432,3.0,9.9
1743064384.494000,45.376334,6.562937,1925.916097,197.0,4.263119,3.3,9.9
1743064387.493000,45.376214,6.562913,1930.395240,174.0,4.280128,3.3,9.9
1743064390.494000,45.376108,6.562906,1936.940431,162.0,4.124939,3.5,9.9
1743064393.494000,45.376010,6.562898,1941.735835,146.0,4.095398,3.5,9.9
1743064396.494000,45.375908,6.562898,1946.563960,137.1,4.044903,3.6,9.9
1743064399.493000,45.375809,6.562882,1950.771191,126.4,4.135336,3.6,9.9
1743064402.493000,45.375714,6.562853,1954.738657,117.4,4.030421,3.3,9.9
1743064405.493000,45.375616,6.562822,1958.342262,108.5,3.979279,3.2,9.9
1743064408.494000,45.375523,6.562789,1963.031982,94.3,4.252255,3.3,9.9
1743064412.494000,45.375398,6.562713,1969.774452,155.5,2.825661,3.3,9.9
1743064413.494000,45.375313,6.562615,1970.466290,195.4,4.132110,3.0,8.9
1743064415.494000,45.375209,6.562536,1974.658439,195.0,4.240259,3.2,6.2
1743064418.493000,45.375088,6.562476,1981.237191,195.0,4.353165,3.1,3.8
1743064421.493000,45.374963,6.562424,1983.552071,195.9,4.848460,3.3,3.8
1743064424.493000,45.374846,6.562396,1985.637451,183.6,4.612109,3.4,3.8
1743064427.492000,45.374734,6.562352,1987.914925,188.6,4.500299,3.3,3.8
1743064430.493000,45.374622,6.562286,1990.461770,197.6,4.504316,3.3,3.8
1743064433.493000,45.374510,6.562232,1992.653631,195.7,4.399479,3.2,3.8
1743064436.493000,45.374401,6.562189,1995.486573,198.0,4.018608,3.2,3.8
1743064439.493000,45.374290,6.562146,1999.077342,199.0,4.601579,2.9,3.8
1743064442.494000,45.374175,6.562087,2004.599460,195.3,4.465311,3.0,3.8
1743064445.493000,45.374065,6.562036,2007.344180,192.1,4.447305,3.0,3.8
1743064448.493000,45.373953,6.561991,2011.027169,195.3,4.583083,3.0,3.8
1743064451.493000,45.373838,6.561968,2013.621418,199.2,4.499418,3.3,3.8
1743064454.493000,45.373740,6.561882,2015.497114,222.5,4.240771,3.3,3.8
1743064457.493000,45.373645,6.561802,2018.076309,235.1,4.133574,3.6,3.8
1743064460.494000,45.373549,6.561737,2021.193765,247.5,3.926544,3.1,3.8
1743064463.492000,45.373454,6.561689,2024.236739,264.0,3.977733,3.1,3.8
1743064466.492000,45.373362,6.561638,2027.959079,281.0,4.025912,2.9,3.8
1743064469.493000,45.373271,6.561596,2030.086187,294.0,4.317367,2.7,3.8
1743064472.491000,45.373181,6.561556,2034.811517,306.0,4.311162,2.9,3.8
1743064475.493000,45.373088,6.561524,2038.205326,320.9,4.569030,3.1,3.8
1743064478.492000,45.372870,6.561538,2041.871364,194.4,4.441738,3.1,3.8
1743064484.492000,45.372762,6.561483,2049.306475,6.9,4.413178,3.3,3.8
1743064485.492000,45.372607,6.561453,2049.729510,196.1,4.201516,3.4,3.8
1743064489.492000,45.372469,6.561433,2055.953789,182.0,4.099999,3.2,3.8
1743064491.492000,45.372370,6.561384,2060.610432,199.0,4.489236,2.9,3.8
1743064494.492000,45.372255,6.561300,2063.908816,219.0,4.109598,2.9,3.8
1743064497.492000,45.372158,6.561220,2069.048674,234.9,4.047725,2.9,3.8
1743064500.493000,45.372080,6.561145,2074.867179,256.9,4.079338,3.0,5.0
1743064504.492000,45.371987,6.561066,2081.672003,289.7,4.241610,3.0,8.9
1743064509.492000,45.371880,6.561023,2092.775121,329.9,4.407469,3.1,9.9
1743064513.491000,45.371772,6.561037,2100.951601,4.6,4.363718,3.3,9.9
1743064516.492000,45.371670,6.561061,2106.757421,29.5,4.402357,3.2,9.9
1743064517.493000,45.371565,6.561036,2109.546326,37.4,4.596296,3.2,9.9
1743064519.492000,45.371471,6.561038,2113.888435,54.8,4.460984,3.2,9.9
1743064522.492000,45.371379,6.561065,2120.730444,81.3,4.486007,2.9,9.9
1743064525.492000,45.371255,6.561052,2126.345322,107.3,4.208303,2.9,9.9
1743064527.492000,45.371162,6.561014,2131.013514,127.5,3.998031,3.0,9.9
1743064529.492000,45.371066,6.560959,2134.462278,158.1,3.993386,2.7,9.9
1743064531.492000,45.370972,6.560885,2138.928256,182.3,4.223017,3.0,9.9
1743064533.492000,45.370892,6.560810,2143.216728,199.1,4.399261,3.0,9.9
1743064536.493000,45.370792,6.560711,2150.600884,217.1,4.270269,3.1,9.9
1743064539.493000,45.370711,6.560636,2158.596857,234.0,4.118381,2.7,9.9
1743064543.493000,45.370619,6.560546,2168.069880,266.2,4.488162,3.3,10.0
1743064546.493000,45.370500,6.560524,2173.670343,194.2,4.957750,3.2,9.9
1743064548.493000,45.370391,6.560528,2176.509455,196.9,4.606964,3.5,9.9
1743064551.492000,45.370271,6.560506,2184.944347,193.1,4.599807,2.8,9.9
1743064554.493000,45.370159,6.560466,2188.683902,193.6,4.410354,2.9,9.9
1743064557.492000,45.370052,6.560426,2194.814898,194.4,4.474283,3.0,9.9
1743064560.493000,45.369951,6.560389,2200.789448,194.1,4.394667,2.9,9.9
1743064563.492000,45.369838,6.560343,2205.789994,200.8,4.549993,3.1,9.9
1743064566.492000,45.369734,6.560272,2208.625177,200.9,4.641564,3.1,9.9
1743064569.493000,45.369618,6.560241,2210.934791,190.0,4.436404,3.1,9.9
1743064572.492000,45.369502,6.560209,2213.743521,185.1,4.491575,3.3,9.9
1743064575.492000,45.369387,6.560172,2216.830991,187.2,4.516258,3.3,9.9
1743064578.492000,45.369280,6.560127,2221.601475,188.7,4.336102,3.5,9.9
1743064581.492000,45.369169,6.560073,2225.901083,191.0,4.421469,3.0,9.9
1743064584.492000,45.369058,6.560024,2229.561327,192.0,4.537389,2.9,9.9
1743064587.492000,45.368949,6.559969,2234.383234,198.5,4.392336,3.0,9.9
1743064590.493000,45.368839,6.559915,2237.708495,194.4,4.513142,3.0,9.9
1743064593.492000,45.368729,6.559873,2242.046521,195.5,4.540616,3.1,9.9
1743064596.493000,45.368618,6.559832,2246.135865,193.1,4.395705,3.1,9.9
1743064599.492000,45.368506,6.559787,2251.206153,194.8,4.522565,3.0,9.9
1743064602.492000,45.368397,6.559745,2255.718797,192.2,4.571873,3.2,9.9
1743064605.493000,45.368288,6.559701,2260.457745,192.7,4.353842,3.3,9.9
1743064608.492000,45.368182,6.559653,2265.308596,193.9,4.479648,3.5,9.9
1743064611.492000,45.368075,6.559605,2271.265649,194.7,4.546386,3.0,9.9
1743064614.492000,45.367966,6.559568,2276.502203,191.9,4.390840,2.9,10.1
1743064617.492000,45.367858,6.559525,2281.126713,194.0,4.420514,3.0,10.0
1743064620.493000,45.367752,6.559484,2287.078091,193.0,4.592005,2.9,9.9
1743064623.492000,45.367647,6.559437,2292.185269,194.0,4.382065,3.0,9.9
1743064626.492000,45.367543,6.559388,2299.542273,195.0,4.418629,3.1,9.9
1743064629.492000,45.367429,6.559352,2303.744252,190.0,4.740592,3.0,9.9
1743064632.492000,45.367315,6.559316,2308.397149,191.0,4.570251,3.2,9.9
1743064635.491000,45.367205,6.559275,2314.051415,191.0,4.532572,3.3,9.9
1743064638.493000,45.367097,6.559231,2319.461266,192.0,4.451038,3.0,9.9
1743064641.492000,45.366990,6.559185,2324.263527,193.0,4.433637,3.0,9.9
1743064644.492000,45.366882,6.559143,2329.815871,193.0,4.490107,2.9,9.9
1743064647.492000,45.366776,6.559101,2335.075172,195.0,4.512972,2.9,9.9
1743064650.492000,45.366669,6.559059,2340.429793,195.0,4.411036,2.9,9.9
1743064653.491000,45.366564,6.559015,2346.161786,195.0,4.541555,3.0,9.9
1743064656.492000,45.366452,6.558968,2351.515116,195.0,4.445673,3.1,9.9
1743064659.493000,45.366342,6.558920,2356.704013,196.0,4.434834,3.0,9.9
1743064662.493000,45.366233,6.558878,2361.159081,197.0,4.495486,3.3,9.9
1743064665.492000,45.366125,6.558829,2366.480424,200.0,4.454416,3.3,9.9
1743064668.492000,45.366015,6.558787,2371.136471,199.0,4.388115,3.6,9.9
1743064671.492000,45.365911,6.558746,2376.795563,198.0,4.372551,3.1,9.9
1743064674.492000,45.365799,6.558708,2381.349314,197.0,4.413972,3.0,9.9
1743064677.491000,45.365688,6.558668,2384.965822,197.1,4.469632,2.9,9.9
1743064680.492000,45.365576,6.558626,2390.124710,196.2,4.579957,2.6,9.9
1743064683.492000,45.365469,6.558583,2394.114539,210.9,4.229884,3.0,9.9
1743064686.491000,45.365355,6.558530,2400.208665,194.0,4.307044,3.1,9.9
1743064689.492000,45.365245,6.558489,2405.014357,195.0,4.575830,3.0,6.6
1743064692.493000,45.365139,6.558450,2410.162830,194.0,4.274121,3.3,4.0
1743064695.493000,45.365034,6.558406,2415.827418,195.0,4.420155,3.3,3.8
1743064698.492000,45.364929,6.558363,2422.220230,196.0,4.555645,3.6,3.8
1743064701.492000,45.364822,6.558324,2426.528898,190.7,4.442409,3.1,3.8
1743064704.493000,45.364715,6.558304,2431.880444,170.0,4.363049,2.9,3.8
1743064707.492000,45.364607,6.558252,2437.702259,193.0,4.613558,2.8,3.8
1743064710.492000,45.364501,6.558193,2442.622087,194.0,4.484078,3.0,3.8
1743064713.493000,45.364388,6.558141,2447.476530,194.0,4.752143,3.1,3.8
1743064716.492000,45.364274,6.558095,2449.563054,194.0,4.791010,3.1,3.8
1743064719.491000,45.364159,6.558050,2450.722725,193.0,4.416273,3.3,3.8
1743064723.492000,45.364069,6.558018,2451.123393,193.9,1.736226,3.2,3.8
1743064734.493000,45.364071,6.557871,2450.958867,305.0,3.134134,2.9,3.8
1743064738.493000,45.364174,6.557799,2450.423545,345.9,3.293897,2.9,3.8
1743064741.493000,45.364272,6.557772,2449.494562,339.1,3.693538,3.0,3.8
1743064744.491000,45.364354,6.557699,2449.318069,319.0,3.573478,3.2,3.8
1743064747.492000,45.364450,6.557629,2448.748622,329.2,4.115687,2.9,3.8
1743064750.493000,45.364564,6.557587,2448.335856,342.8,3.930938,3.3,3.8
1743064753.491000,45.364668,6.557543,2448.079063,342.9,3.672442,3.2,3.8
1743064757.492000,45.364776,6.557474,2447.865655,330.2,3.436331,3.0,3.8
1743064760.491000,45.364855,6.557405,2447.666099,327.6,3.509421,2.8,3.8
1743064763.491000,45.364965,6.557339,2446.342612,342.0,4.594901,2.8,3.8
1743064765.492000,45.365049,6.557291,2445.985418,339.7,4.903142,2.8,6.2
1743064767.492000,45.365134,6.557244,2445.036001,341.7,5.090436,2.9,8.7
1743064769.493000,45.365234,6.557210,2444.364975,354.0,5.594566,2.9,9.9
1743064771.493000,45.365346,6.557193,2443.531605,351.3,6.069235,3.0,9.9
1743064773.492000,45.365453,6.557165,2442.682960,1.9,6.043022,3.1,9.9
1743064775.492000,45.365547,6.557177,2442.019766,38.8,4.865927,2.9,9.9
1743064795.492000,45.365630,6.557215,2440.885858,3.1,0.000000,2.8,3.8
1743064836.904000,45.365633,6.557169,2404.308105,10.0,0.199965,3.0,3.8
1743064863.491000,45.365705,6.557061,2404.798819,314.8,1.165049,1.4,3.1
1743064868.492000,45.365789,6.557018,2402.490835,277.9,2.043015,1.4,3.0
1743064870.491000,45.365859,6.556901,2401.805817,319.0,6.852767,1.4,3.3
1743064872.491000,45.365987,6.556813,2398.339315,335.0,7.843693,1.4,3.6
1743064874.490000,45.366126,6.556682,2394.359884,354.0,9.653582,1.4,3.8
1743064875.491000,45.366219,6.556635,2392.306817,337.1,10.933850,1.4,3.8
1743064876.491000,45.366306,6.556553,2386.905323,331.0,11.809676,1.3,3.8
1743064877.491000,45.366392,6.556459,2384.124162,356.9,12.177612,1.3,3.8
1743064878.492000,45.366490,6.556403,2383.102164,353.0,12.197811,1.3,3.8
1743064879.491000,45.366591,6.556334,2378.461440,334.3,13.009622,1.3,3.8
1743064880.490000,45.366673,6.556206,2376.625584,306.0,14.223524,1.3,3.8
1743064881.492000,45.366738,6.556060,2371.945298,298.0,13.897456,1.3,3.8
1743064882.491000,45.366816,6.555935,2370.224694,314.0,13.887975,1.3,3.8
1743064883.491000,45.366915,6.555841,2366.798397,330.0,13.820399,1.3,3.8
1743064884.491000,45.366998,6.555718,2363.976059,308.0,13.884341,1.3,3.8
1743064885.491000,45.367068,6.555570,2362.478601,301.0,14.129583,1.3,3.8
1743064886.491000,45.367157,6.555449,2359.247178,321.0,14.207448,1.3,3.8
1743064887.491000,45.367226,6.555314,2355.930326,297.0,13.222132,1.3,3.8
1743064888.492000,45.367252,6.555165,2354.001939,279.0,12.540310,1.3,3.8
1743064889.490000,45.367290,6.555014,2352.100801,292.0,12.854620,1.3,3.8
1743064890.491000,45.367347,6.554869,2350.526306,299.0,13.161802,1.3,3.8
1743064891.491000,45.367395,6.554716,2348.932215,290.0,13.037910,1.3,3.8
1743064892.491000,45.367433,6.554559,2347.726675,286.0,13.134089,1.3,3.8
1743064893.492000,45.367469,6.554406,2346.082400,290.0,12.570322,1.3,3.8
1743064894.491000,45.367528,6.554291,2346.322171,314.0,10.744061,1.3,3.8
1743064895.491000,45.367589,6.554190,2345.121003,309.0,10.027566,1.3,3.8
1743064897.491000,45.367646,6.553965,2341.761877,279.0,8.999144,1.3,3.8
1743064899.491000,45.367719,6.553746,2340.132612,313.0,10.515874,1.3,3.8
1743064900.491000,45.367802,6.553671,2338.460776,335.0,11.656559,1.3,3.8
1743064901.491000,45.367896,6.553595,2336.553696,329.1,12.075866,1.3,3.8
1743064902.491000,45.367995,6.553503,2333.594854,320.1,12.785998,1.3,3.8
1743064903.490000,45.368093,6.553402,2330.679178,309.2,13.384943,1.3,3.8
1743064904.491000,45.368185,6.553286,2328.712226,303.1,13.592993,1.3,3.8
1743064905.490000,45.368267,6.553163,2327.622892,298.1,13.280959,1.3,3.8
1743064906.491000,45.368335,6.553033,2325.750203,292.1,12.571948,1.3,3.8
1743064907.490000,45.368392,6.552896,2325.410450,287.1,12.339791,1.3,3.8
1743064908.491000,45.368435,6.552752,2323.894102,279.1,12.246034,1.3,3.8
1743064909.491000,45.368470,6.552608,2322.992510,281.0,11.952002,1.3,3.8
1743064910.491000,45.368500,6.552464,2321.763088,288.9,11.777879,1.3,5.0
1743064911.492000,45.368549,6.552334,2321.394238,297.9,11.462337,1.3,6.2
1743064912.492000,45.368615,6.552227,2320.627676,312.8,11.188883,1.3,7.5
1743064913.492000,45.368696,6.552145,2319.539364,319.9,10.964690,1.3,8.7
1743064914.491000,45.368782,6.552075,2318.643134,322.0,11.114508,1.3,9.9
1743064915.491000,45.368866,6.552006,2317.571202,322.0,10.914758,1.3,9.9
1743064916.491000,45.368949,6.551932,2317.519905,321.0,11.163754,1.3,9.9
1743064917.492000,45.369028,6.551849,2316.269262,320.0,10.963291,1.3,9.9
1743064918.492000,45.369107,6.551766,2315.322931,319.0,11.070004,1.3,9.9
1743064919.490000,45.369186,6.551679,2314.237500,322.0,11.011175,1.3,9.9
1743064920.491000,45.369266,6.551594,2314.301959,321.0,11.179551,1.3,9.9
1743064921.491000,45.369345,6.551506,2312.536698,318.0,11.103428,1.3,9.9
1743064922.491000,45.369418,6.551415,2311.743318,320.0,10.999719,1.3,9.9
1743064923.492000,45.369493,6.551323,2310.607973,315.1,11.245981,1.3,9.9
1743064924.491000,45.369564,6.551219,2309.768863,315.0,11.217938,1.3,9.9
1743064925.491000,45.369636,6.551116,2307.976277,313.0,11.257129,1.3,9.9
1743064926.491000,45.369706,6.551016,2306.529342,313.0,11.344244,1.3,9.9
1743064927.491000,45.369775,6.550916,2306.297058,311.0,11.025680,1.3,9.9
1743064928.491000,45.369842,6.550811,2305.027354,309.0,11.131343,1.3,9.9
1743064929.491000,45.369908,6.550707,2303.900897,313.9,10.870545,1.3,9.9
1743064930.492000,45.369978,6.550610,2302.970396,317.0,10.964394,1.3,9.9
1743064931.491000,45.370052,6.550521,2302.152245,323.9,10.797777,1.3,9.9
1743064932.491000,45.370130,6.550441,2302.582379,328.9,10.826798,1.3,9.9
1743064933.492000,45.370213,6.550369,2299.818476,327.0,10.763474,1.3,9.9
1743064934.491000,45.370298,6.550304,2299.184435,332.9,10.943500,1.3,9.9
1743064935.491000,45.370394,6.550260,2298.899773,338.0,11.119268,1.3,9.9
1743064936.491000,45.370494,6.550229,2296.773951,345.0,11.158466,1.3,9.9
1743064937.491000,45.370594,6.550210,2295.860424,346.0,11.123178,1.3,9.9
1743064938.491000,45.370690,6.550194,2295.336363,348.0,10.934525,1.3,9.9
1743064939.491000,45.370786,6.550179,2294.756774,349.0,10.958162,1.3,9.9
1743064940.491000,45.370881,6.550162,2293.493108,349.0,10.872130,1.3,9.9
1743064941.492000,45.370974,6.550145,2292.829100,352.0,10.541886,1.3,9.9
1743064942.491000,45.371066,6.550129,2291.941861,350.0,10.407927,1.3,9.9
1743064943.491000,45.371157,6.550112,2291.547104,350.0,10.254220,1.3,9.9
1743064945.490000,45.371330,6.550078,2290.576641,351.0,9.681475,1.3,9.9
1743064947.490000,45.371504,6.550044,2290.418433,354.0,9.905565,1.3,9.9
1743064949.491000,45.371679,6.550051,2288.225021,4.0,9.732464,1.3,9.9
1743064951.491000,45.371855,6.550088,2286.770751,7.0,9.918096,1.3,9.9
1743064952.491000,45.371945,6.550110,2284.914751,10.0,10.092266,1.3,9.9
1743064954.491000,45.372119,6.550174,2282.285133,16.0,9.991230,1.3,9.9
1743064955.491000,45.372207,6.550211,2282.840471,15.0,10.040197,1.3,9.9
1743064956.491000,45.372295,6.550243,2282.149388,17.0,10.061728,1.3,9.9
1743064957.491000,45.372384,6.550280,2280.032641,12.0,10.367236,1.3,9.9
1743064958.491000,45.372478,6.550309,2279.184796,9.0,10.547912,1.3,9.9
1743064959.491000,45.372572,6.550332,2278.348045,7.0,10.715061,1.3,9.9
1743064960.491000,45.372669,6.550345,2277.546815,20.9,10.953141,1.3,9.9
1743064961.491000,45.372762,6.550379,2275.920962,25.0,10.970908,1.3,9.9
1743064962.491000,45.372854,6.550420,2273.951877,15.1,10.773165,1.3,9.9
1743064963.491000,45.372947,6.550442,2272.636949,357.1,10.505517,1.3,9.9
1743064964.491000,45.373038,6.550431,2271.478368,12.9,10.570765,1.3,9.9
1743064965.491000,45.373132,6.550447,2269.684015,17.0,10.791811,1.3,9.9
1743064966.491000,45.373229,6.550467,2269.051643,6.0,10.937431,1.3,9.9
1743064967.492000,45.373329,6.550467,2266.706373,5.0,11.397209,1.3,9.9
1743064968.492000,45.373433,6.550465,2264.528302,4.0,12.004837,1.3,9.9
1743064969.492000,45.373542,6.550456,2263.976645,359.0,12.120399,1.3,9.9
1743064970.491000,45.373651,6.550442,2263.358432,1.0,11.900231,1.3,9.9
1743064971.491000,45.373758,6.550428,2261.592810,357.0,11.597284,1.3,9.9
1743064972.492000,45.373861,6.550411,2259.802620,352.0,11.162991,1.3,9.9
1743064973.492000,45.373955,6.550394,2259.101086,350.5,10.898804,1.3,9.9
1743064974.491000,45.374051,6.550382,2256.924173,356.4,10.834514,1.3,9.9
1743064975.491000,45.374147,6.550380,2256.573522,355.3,10.760470,1.3,9.9
1743064976.491000,45.374244,6.550377,2256.203554,355.9,10.756088,1.3,9.9
1743064977.491000,45.374339,6.550373,2256.076869,358.4,10.683828,1.3,9.9
1743064978.491000,45.374433,6.550377,2255.698197,358.1,10.557297,1.3,9.9
1743064979.490000,45.374531,6.550377,2254.335470,358.0,10.660793,1.3,9.9
1743064980.491000,45.374627,6.550381,2253.199695,7.1,10.717790,1.3,9.9
1743064981.491000,45.374721,6.550408,2252.022317,18.2,10.557796,1.3,9.9
1743064982.491000,45.374813,6.550446,2250.935723,7.9,10.403330,1.3,9.9
1743064983.490000,45.374910,6.550473,2247.294013,8.9,10.997385,1.3,9.9
1743064984.492000,45.375018,6.550499,2244.529484,7.7,11.930748,1.3,9.9
1743064985.492000,45.375138,6.550526,2241.938758,8.2,12.920808,1.3,9.9
1743064986.492000,45.375266,6.550554,2238.550788,5.4,13.834594,1.3,9.9
1743064987.491000,45.375402,6.550568,2234.101075,1.5,14.534963,1.3,9.9
1743064988.491000,45.375534,6.550572,2232.876248,1.1,14.542388,1.3,9.9
1743064989.492000,45.375664,6.550570,2231.307536,358.8,14.477929,1.3,9.9
1743064990.491000,45.375788,6.550556,2229.705835,353.0,14.042223,1.3,9.9
1743064991.490000,45.375906,6.550532,2227.028804,350.2,13.443857,1.3,9.9
1743064992.491000,45.376012,6.550501,2227.459702,348.2,12.478586,1.3,9.9
1743064993.492000,45.376109,6.550469,2227.459702,347.8,11.491363,1.3,9.9
1743064995.491000,45.376274,6.550405,2228.105340,342.9,9.765983,1.3,9.9
1743064997.491000,45.376412,6.550337,2228.651192,338.1,8.429746,1.3,9.9
1743064999.491000,45.376539,6.550271,2228.757346,329.6,7.743013,1.3,9.9
1743065001.491000,45.376631,6.550174,2228.368153,316.4,6.367524,1.3,9.9
1743065003.492000,45.376722,6.550115,2228.088987,343.4,5.537805,1.3,9.9
1743065005.491000,45.376847,6.550070,2226.121225,359.5,7.197044,1.3,9.9
1743065007.491000,45.377025,6.549973,2219.662258,357.0,12.750200,1.3,9.9
1743065008.491000,45.377143,6.549947,2216.092060,355.0,12.567248,1.3,9.9
1743065009.491000,45.377251,6.549887,2212.003208,329.0,13.967666,1.3,9.9
1743065010.491000,45.377354,6.549775,2210.450104,321.0,15.015438,1.3,9.9
1743065011.491000,45.377461,6.549684,2208.035302,339.0,13.731228,1.3,9.9
1743065012.491000,45.377578,6.549630,2202.939278,340.0,14.068600,1.3,9.9
1743065013.490000,45.377698,6.549561,2197.394523,334.1,15.704894,1.3,9.9
1743065014.490000,45.377848,6.549502,2190.446631,345.8,18.086576,1.3,9.9
1743065015.491000,45.378001,6.549486,2183.206513,358.9,17.504543,1.3,9.9
1743065016.491000,45.378150,6.549466,2181.654917,345.2,17.761471,1.3,9.9
1743065017.490000,45.378279,6.549349,2176.429510,319.4,18.449265,1.3,9.9
1743065018.492000,45.378385,6.549202,2173.125572,320.0,15.715724,1.3,9.9
1743065019.492000,45.378489,6.549119,2171.362125,340.9,13.499813,1.3,9.9
1743065020.492000,45.378601,6.549074,2171.250948,343.0,13.610269,1.3,9.9
1743065021.492000,45.378712,6.549005,2170.542664,330.0,14.155642,1.3,9.9
1743065022.491000,45.378820,6.548901,2167.405598,326.0,16.071863,1.3,9.9
1743065023.491000,45.378938,6.548797,2162.014441,331.9,15.522887,1.3,9.9
1743065024.491000,45.379073,6.548733,2158.409189,343.8,16.626217,1.3,9.9
1743065025.491000,45.379207,6.548673,2154.764173,336.0,16.036383,1.3,9.9
1743065026.491000,45.379335,6.548606,2153.598465,344.0,15.460299,1.3,9.9
1743065027.490000,45.379473,6.548587,2150.966633,2.9,15.705751,1.3,9.9
1743065028.491000,45.379620,6.548586,2148.114221,354.0,15.858738,1.3,9.9
1743065029.491000,45.379758,6.548542,2144.237945,341.1,15.309612,1.3,9.9
1743065030.491000,45.379888,6.548498,2143.103435,352.0,14.627719,1.3,9.9
1743065031.492000,45.380023,6.548488,2140.471666,359.0,15.628538,1.3,9.9
1743065032.492000,45.380162,6.548457,2133.073984,343.0,16.561056,1.3,9.9
1743065033.492000,45.380304,6.548424,2127.381353,359.9,16.636501,1.3,9.9
1743065034.491000,45.380460,6.548442,2122.181627,6.0,18.782112,1.3,9.9
1743065035.492000,45.380617,6.548430,2117.130782,346.0,17.964642,1.3,9.9
1743065036.491000,45.380761,6.548374,2112.290254,345.0,16.965900,1.3,9.9
1743065037.492000,45.380901,6.548359,2108.358589,5.0,16.289598,1.3,9.9
1743065038.490000,45.381032,6.548407,2105.768196,20.0,15.195037,1.3,9.9
1743065039.491000,45.381160,6.548472,2102.633070,16.0,15.926298,1.3,9.9
1743065040.492000,45.381302,6.548489,2094.938169,355.6,16.732939,1.3,9.9
1743065041.491000,45.381445,6.548456,2090.453997,349.5,16.573803,1.3,9.9
1743065042.491000,45.381575,6.548456,2087.033428,14.6,14.626586,1.3,9.9
1743065043.492000,45.381694,6.548502,2084.999154,11.1,14.636380,1.3,9.9
1743065044.490000,45.381822,6.548539,2082.684204,12.0,15.442403,1.3,9.9
1743065045.491000,45.381947,6.548607,2078.618249,33.2,14.881656,1.3,9.9
1743065046.492000,45.382050,6.548720,2075.487258,36.4,14.329129,1.3,9.9
1743065047.491000,45.382164,6.548801,2071.004850,13.3,14.976455,1.3,9.9
1743065048.491000,45.382295,6.548811,2064.215508,353.8,15.229892,1.3,9.9
1743065049.491000,45.382420,6.548807,2058.788159,10.0,14.484257,1.3,9.9
1743065050.491000,45.382525,6.548886,2051.748661,38.9,14.575892,1.3,9.9
1743065051.492000,45.382607,6.549015,2047.355344,50.6,14.360096,1.3,9.9
1743065052.491000,45.382691,6.549139,2042.770245,33.2,14.537171,1.3,9.9
1743065053.490000,45.382801,6.549200,2037.274272,7.6,13.969972,1.3,9.9
1743065054.491000,45.382919,6.549209,2032.533455,5.1,13.930955,1.3,9.9
1743065055.490000,45.383030,6.549254,2030.010429,33.0,13.907647,1.3,9.9
1743065056.491000,45.383115,6.549378,2026.823456,55.9,14.303616,1.3,9.9
1743065057.492000,45.383195,6.549516,2019.565203,40.0,14.369029,1.3,9.9
1743065058.491000,45.383304,6.549615,2012.939512,29.9,15.423786,1.3,9.9
1743065059.491000,45.383407,6.549724,2009.996103,44.6,14.435190,1.3,9.9
1743065060.492000,45.383462,6.549889,2001.870707,69.4,15.712832,1.3,9.9
1743065061.491000,45.383513,6.550066,1995.707001,57.7,15.773212,1.3,9.9
1743065062.491000,45.383597,6.550223,1987.686450,44.2,17.031981,1.3,9.9
1743065063.491000,45.383675,6.550378,1983.298820,69.8,15.367053,1.3,9.9
1743065064.491000,45.383725,6.550541,1978.750204,54.2,15.138279,1.3,9.9
1743065065.492000,45.383813,6.550665,1975.756255,33.7,14.667575,1.3,9.9
1743065066.492000,45.383908,6.550775,1975.478353,54.1,13.828968,1.3,9.9
1743065067.491000,45.383965,6.550926,1969.841633,66.7,13.535341,1.3,9.9
1743065068.492000,45.384023,6.551072,1969.350499,46.3,13.519233,1.3,9.9
1743065069.490000,45.384102,6.551201,1966.937454,54.9,13.635350,1.3,9.9
1743065070.492000,45.384154,6.551341,1964.906975,71.8,10.963595,1.3,9.9
1743065072.492000,45.384185,6.551557,1960.829145,73.1,6.875522,1.3,9.9
1743065075.490000,45.384199,6.551684,1957.808421,85.0,2.104453,1.3,9.9
1743065091.491000,45.384261,6.551854,1954.253617,71.1,6.143943,1.3,9.9
1743065093.490000,45.384294,6.552042,1952.322540,72.0,7.346992,1.3,9.9
1743065095.491000,45.384312,6.552239,1948.580070,70.0,7.638501,1.3,9.9
1743065097.491000,45.384312,6.552420,1945.389323,7.3,7.339693,1.3,9.9
1743065099.491000,45.384330,6.552583,1942.349591,354.2,7.778185,1.3,9.9
1743065102.491000,45.384310,6.552744,1941.198937,259.4,1.972329,1.3,9.9
1743065120.491000,45.384347,6.552864,1941.025482,58.6,2.480046,1.3,9.9
1743065123.490000,45.384404,6.552985,1940.057720,45.0,3.943210,1.3,9.9
1743065125.491000,45.384467,6.553082,1939.437587,39.5,4.987804,1.3,9.9
1743065127.491000,45.384572,6.553150,1937.221015,30.1,6.179677,1.3,9.9
1743065129.491000,45.384708,6.553190,1935.248814,20.2,7.219073,1.3,9.9
1743065131.491000,45.384887,6.553199,1932.079916,359.1,10.639254,1.3,9.9
1743065132.491000,45.384987,6.553181,1928.549986,346.1,11.051440,1.3,9.9
1743065133.490000,45.385084,6.553140,1927.179098,342.0,11.146796,1.3,9.9
1743065134.492000,45.385184,6.553101,1924.967106,350.0,11.903478,1.3,9.9
1743065135.491000,45.385292,6.553079,1923.666160,352.0,12.721699,1.3,9.9
1743065136.490000,45.385405,6.553047,1920.835150,342.0,12.462054,1.3,9.9
1743065137.491000,45.385515,6.553000,1919.002500,347.0,13.424831,1.3,9.9
1743065138.492000,45.385632,6.552953,1916.963401,339.1,13.372271,1.3,9.9
1743065139.492000,45.385738,6.552877,1914.552223,327.9,13.271436,1.3,9.9
1743065140.492000,45.385839,6.552788,1912.664617,329.7,13.258839,1.3,9.9
1743065141.490000,45.385942,6.552707,1910.421160,330.3,13.271949,1.3,10.1
1743065146.492000,45.386380,6.552413,1903.276674,1.2,10.312036,1.3,10.0
1743065148.491000,45.386532,6.552480,1900.342218,2.1,10.198944,1.3,10.0
1743065150.492000,45.386705,6.552539,1895.853343,14.6,10.498672,1.3,10.0
1743065151.491000,45.386794,6.552612,1892.865814,24.7,10.929029,1.3,9.9
1743065152.492000,45.386897,6.552662,1891.057373,8.5,12.542048,1.3,9.9
1743065153.491000,45.387009,6.552695,1888.049098,6.1,13.113111,1.3,9.9
1743065154.492000,45.387120,6.552748,1884.558764,30.8,13.188143,1.3,9.9
1743065155.491000,45.387223,6.552836,1880.550293,21.3,13.448846,1.3,9.9
1743065156.491000,45.387333,6.552869,1875.843525,1.7,12.685882,1.3,9.9
1743065157.492000,45.387451,6.552861,1873.470818,359.6,13.348414,1.3,9.9
1743065158.491000,45.387571,6.552858,1869.912393,360.0,13.397090,1.3,9.9
1743065159.492000,45.387674,6.552829,1866.764439,337.2,12.049901,1.3,9.9
1743065160.490000,45.387770,6.552772,1863.350280,341.9,11.906758,1.3,9.9
1743065161.491000,45.387870,6.552751,1860.541011,3.4,11.966520,1.3,9.9
1743065162.492000,45.387971,6.552746,1857.811231,342.6,11.734885,1.3,9.9
1743065163.491000,45.388070,6.552703,1853.787244,348.9,12.474887,1.3,9.9
1743065164.491000,45.388180,6.552679,1851.371449,354.7,13.131531,1.3,9.9
1743065165.490000,45.388292,6.552641,1848.176873,337.5,13.316766,1.3,9.9
1743065166.491000,45.388373,6.552546,1845.579727,307.5,11.544271,1.3,9.9
1743065167.492000,45.388421,6.552422,1842.881450,297.9,11.138476,1.3,9.9
1743065169.491000,45.388567,6.552296,1840.123429,356.6,11.002966,1.3,9.9
1743065170.492000,45.388659,6.552267,1835.230235,326.0,11.096236,1.3,9.9
1743065171.491000,45.388724,6.552169,1831.859738,305.7,10.580430,1.3,9.9
1743065173.491000,45.388850,6.552022,1827.992635,347.8,9.516676,1.3,9.9
1743065175.491000,45.388988,6.551900,1822.185391,302.1,10.779658,1.3,9.9
1743065177.490000,45.389134,6.551758,1816.036423,351.0,11.334551,1.3,9.9
1743065178.490000,45.389222,6.551714,1813.329344,325.0,10.597611,1.3,9.9
1743065179.491000,45.389290,6.551629,1811.679456,317.0,10.676874,1.3,9.9
1743065181.491000,45.389462,6.551560,1807.495146,353.0,11.048924,1.3,9.9
1743065182.491000,45.389548,6.551516,1804.862236,328.0,11.074530,1.3,9.9
1743065183.492000,45.389634,6.551464,1801.736788,352.0,11.417865,1.3,9.9
1743065184.491000,45.389726,6.551484,1799.717064,23.0,10.523135,1.3,9.9
1743065186.491000,45.389900,6.551474,1795.323196,339.0,11.054569,1.3,9.9
1743065187.491000,45.389994,6.551445,1794.513124,357.0,11.098285,1.3,9.9
1743065188.490000,45.390081,6.551474,1791.043776,26.0,9.813082,1.3,9.9
1743065190.490000,45.390183,6.551593,1786.160078,27.0,8.083485,1.3,9.9
1743065192.492000,45.390336,6.551702,1783.297657,49.0,10.646500,1.3,9.9
1743065194.491000,45.390409,6.551914,1777.967927,65.0,9.553528,1.3,9.9
1743065196.491000,45.390452,6.552110,1774.645365,92.0,6.198881,1.3,9.9
1743065198.491000,45.390453,6.552249,1769.939398,73.0,7.038122,1.3,9.9
1743065200.492000,45.390484,6.552424,1768.797854,88.0,6.086308,1.3,9.9
1743065202.491000,45.390503,6.552562,1766.408088,72.0,4.234420,1.3,9.9
1743065207.490000,45.390571,6.552648,1768.119882,58.0,1.942184,1.3,9.9
1743065232.490000,45.390622,6.552754,1793.962044,54.0,0.952966,1.3,3.8
1743065251.489000,45.390710,6.552712,1800.199951,326.0,0.942344,3.1,3.8
1743065276.490000,45.390740,6.552547,1800.199951,280.3,6.406558,3.1,3.8
1743065278.491000,45.390745,6.552365,1800.199951,278.9,4.001434,3.3,3.8
1743065281.490000,45.390764,6.552193,1800.199951,277.6,3.825372,3.4,3.8
1743065284.490000,45.390782,6.552037,1803.468137,276.9,3.931128,3.4,3.8
1743065287.490000,45.390803,6.551884,1806.996276,277.3,3.950716,3.0,6.2
1743065290.491000,45.390820,6.551724,1810.043415,279.0,4.057899,3.4,8.9
1743065293.490000,45.390836,6.551575,1813.887304,280.0,4.285045,3.6,9.9
1743065296.491000,45.390857,6.551426,1818.314178,282.2,4.187908,3.3,9.9
1743065299.490000,45.390876,6.551276,1821.845059,280.0,4.388053,3.1,7.5
1743065302.490000,45.390891,6.551121,1826.436236,278.0,4.607146,3.5,4.8
1743065305.490000,45.390908,6.550971,1828.840725,279.0,4.370146,3.5,3.8
1743065308.490000,45.390924,6.550822,1831.589862,277.5,4.068064,3.5,3.8
1743065311.491000,45.390940,6.550672,1834.393083,281.0,4.066626,3.3,3.8
1743065314.490000,45.390959,6.550519,1841.144658,278.1,4.035652,3.6,3.8
1743065317.490000,45.390977,6.550368,1844.082672,277.1,4.095005,4.0,3.8
1743065320.490000,45.390976,6.550221,1847.598869,247.9,4.029760,3.5,3.8
1743065323.491000,45.390985,6.550074,1852.284889,254.5,4.060634,3.5,3.8
1743065326.491000,45.391011,6.549925,1859.611870,265.7,4.134309,3.7,3.8
1743065329.490000,45.391035,6.549774,1861.662033,266.2,4.129763,3.7,3.8
1743065332.490000,45.391065,6.549626,1865.184789,283.1,4.149554,3.8,3.8
1743065335.490000,45.391089,6.549478,1869.199579,274.5,4.132775,3.5,3.8
1743065338.490000,45.391108,6.549333,1873.003114,279.0,3.950928,3.7,3.8
1743065341.491000,45.391125,6.549188,1878.087121,278.0,4.142615,3.6,3.8
1743065344.491000,45.391142,6.549044,1881.147314,284.0,4.007827,4.0,3.8
1743065347.490000,45.391171,6.548909,1886.883303,297.0,4.091134,3.8,3.8
1743065350.490000,45.391186,6.548753,1891.189087,277.0,4.184111,3.9,3.8
1743065353.491000,45.391197,6.548601,1894.788037,279.0,4.085824,3.8,3.8
1743065356.490000,45.391212,6.548451,1899.255120,279.0,4.127198,3.9,3.8
1743065359.490000,45.391234,6.548303,1903.312790,292.9,4.115531,4.1,3.8
1743065362.490000,45.391247,6.548152,1907.658317,278.8,4.162230,3.8,3.8
1743065365.489000,45.391266,6.547999,1911.732927,280.0,4.488029,3.3,3.8
1743065368.490000,45.391282,6.547844,1914.482497,279.0,4.377233,3.4,3.8
1743065371.491000,45.391299,6.547694,1916.427175,278.0,4.164900,3.0,3.8
1743065374.490000,45.391317,6.547545,1919.351354,284.1,4.081765,3.3,6.9
1743065377.490000,45.391340,6.547399,1923.844506,284.1,4.104111,3.5,9.9
1743065380.490000,45.391362,6.547247,1926.494916,283.2,4.114330,3.1,9.9
1743065383.490000,45.391379,6.547097,1929.341889,280.9,4.095985,3.2,9.9
1743065386.490000,45.391398,6.546947,1933.374760,279.0,4.099492,3.4,9.9
1743065389.490000,45.391413,6.546797,1938.075064,275.0,4.098334,3.4,9.9
1743065392.491000,45.391430,6.546652,1941.680402,277.2,4.106960,3.2,9.9
1743065395.490000,45.391449,6.546506,1945.832288,277.9,4.097680,3.3,9.9
1743065398.490000,45.391468,6.546360,1951.217040,278.0,4.176624,3.3,9.9
1743065401.490000,45.391486,6.546213,1955.314004,281.3,4.066901,3.3,9.9
1743065404.490000,45.391508,6.546069,1960.839719,280.1,4.101520,3.2,9.9
1743065407.490000,45.391526,6.545926,1965.980158,280.0,4.125092,3.4,9.9
1743065410.491000,45.391544,6.545773,1969.873677,281.4,4.222138,3.5,9.9
1743065413.490000,45.391565,6.545623,1974.180817,280.9,4.321387,3.3,9.9
1743065416.490000,45.391580,6.545475,1976.389756,279.1,4.237802,3.2,9.9
1743065419.490000,45.391593,6.545325,1980.834824,278.0,4.196091,3.3,9.9
1743065422.490000,45.391608,6.545179,1983.526190,277.0,4.099295,3.4,9.9
1743065425.490000,45.391618,6.545028,1985.956323,270.9,4.007741,3.3,9.9
1743065428.489000,45.391634,6.544878,1991.526134,272.0,4.099633,3.4,9.9
1743065431.489000,45.391652,6.544728,1995.648668,270.9,4.032286,3.1,9.9
1743065434.489000,45.391664,6.544582,2000.270036,257.8,4.007020,3.3,9.9
1743065437.491000,45.391669,6.544431,2003.397362,259.7,4.105127,3.3,9.9
1743065440.491000,45.391694,6.544277,2004.980642,268.7,4.144036,3.5,9.9
1743065443.491000,45.391726,6.544126,2007.786477,272.9,4.112070,3.2,9.9
1743065446.491000,45.391751,6.543972,2008.925329,273.9,4.182951,3.5,9.9
1743065449.490000,45.391777,6.543816,2009.687417,276.0,4.135496,3.2,9.9
1743065452.490000,45.391798,6.543660,2010.799348,277.9,4.133107,3.3,9.9
1743065455.490000,45.391820,6.543504,2012.069437,278.0,4.078945,3.5,9.9
1743065458.490000,45.391839,6.543357,2016.811088,277.1,3.799192,3.4,9.9
1743065461.490000,45.391862,6.543219,2021.699003,283.7,3.786114,3.3,9.9
1743065464.490000,45.391881,6.543078,2027.418465,283.0,3.916486,3.1,9.9
1743065467.490000,45.391898,6.542940,2027.661903,283.0,3.855541,1.5,9.9
1743065470.491000,45.391920,6.542805,2033.481360,287.0,3.840247,1.4,9.9
1743065473.490000,45.391937,6.542671,2046.547037,277.0,4.271636,3.2,9.9
1743065476.490000,45.391937,6.542534,2053.550967,280.0,4.020964,3.4,9.9
1743065479.490000,45.391954,6.542404,2059.567474,277.0,4.371622,3.4,9.9
1743065482.490000,45.391968,6.542272,2067.534894,281.0,4.452716,3.2,9.9
1743065485.490000,45.391984,6.542141,2073.706138,279.0,4.168312,3.2,9.9
1743065488.490000,45.391996,6.542007,2073.814078,273.0,3.868246,1.5,9.9
1743065491.489000,45.392008,6.541878,2081.723486,286.0,3.957272,1.5,9.9
1743065494.490000,45.392033,6.541754,2088.539100,283.0,3.841047,1.4,9.9
1743065497.490000,45.392049,6.541624,2102.339883,279.0,4.398700,3.5,9.9
1743065500.490000,45.392066,6.541484,2110.734337,284.0,4.638357,3.5,9.9
1743065503.490000,45.392080,6.541346,2116.787993,277.0,4.545436,3.4,9.9
1743065506.489000,45.392090,6.541209,2122.515810,274.0,4.495372,3.1,9.9
1743065509.489000,45.392104,6.541072,2128.150685,273.0,4.100494,3.3,9.9
1743065512.490000,45.392119,6.540940,2130.363645,274.0,3.827284,1.4,9.9
1743065515.490000,45.392136,6.540808,2136.835626,273.0,3.913848,1.4,9.9
1743065518.491000,45.392150,6.540668,2143.150367,270.0,3.884191,1.4,9.9
1743065521.490000,45.392165,6.540529,2148.755670,270.0,3.945501,1.4,9.9
1743065524.491000,45.392180,6.540393,2161.476154,271.0,4.413057,3.6,9.9
1743065527.491000,45.392194,6.540257,2168.794585,271.0,4.469876,3.4,9.9
1743065530.491000,45.392211,6.540116,2174.642409,279.0,4.422637,3.2,9.9
1743065533.490000,45.392236,6.539979,2180.451153,279.0,4.353611,3.4,9.9
1743065536.489000,45.392254,6.539844,2181.182526,280.0,3.902047,1.4,9.9
1743065539.490000,45.392270,6.539709,2188.274648,281.0,3.849593,1.4,9.9
1743065542.490000,45.392286,6.539575,2196.315614,278.0,4.000179,1.4,9.9
1743065545.490000,45.392301,6.539442,2202.051090,280.0,3.908985,1.4,9.9
1743065548.491000,45.392315,6.539311,2210.427465,280.0,4.231711,1.4,9.9
1743065551.491000,45.392330,6.539184,2218.613321,282.0,4.197488,1.4,9.9
1743065554.490000,45.392346,6.539044,2232.314020,279.0,5.047657,3.3,9.9
1743065557.491000,45.392365,6.538900,2236.023186,282.0,4.964938,3.2,9.9
1743065560.491000,45.392380,6.538758,2236.061664,281.0,4.585001,1.6,9.9
1743065563.490000,45.392394,6.538612,2238.746578,279.0,4.226092,1.4,9.9
1743065566.491000,45.392409,6.538465,2242.937475,287.0,3.951579,1.4,9.9
1743065569.490000,45.392436,6.538325,2249.273405,285.0,4.032298,1.5,9.9
1743065572.490000,45.392450,6.538182,2252.054713,280.0,4.035145,1.4,9.9
1743065575.491000,45.392463,6.538042,2257.743493,279.0,4.024787,1.4,9.9
1743065578.491000,45.392477,6.537900,2263.116679,278.0,4.074661,1.4,9.9
1743065581.490000,45.392493,6.537760,2268.939846,278.0,4.155517,1.4,9.9
1743065584.490000,45.392511,6.537620,2282.193506,277.0,4.496059,3.4,9.9
1743065587.490000,45.392525,6.537482,2288.341459,277.0,4.421093,3.0,9.9
1743065590.490000,45.392538,6.537343,2293.944881,277.0,4.472420,2.7,9.9
1743065593.490000,45.392553,6.537204,2294.290961,277.0,4.260539,1.4,9.9
1743065596.490000,45.392574,6.537066,2300.063192,277.0,4.013847,1.4,9.9
1743065599.490000,45.392586,6.536924,2306.110369,268.0,3.892663,1.4,9.9
1743065602.490000,45.392594,6.536785,2314.168466,269.0,4.072687,1.4,9.9
1743065605.491000,45.392615,6.536639,2318.550447,271.0,4.189740,1.4,9.9
1743065608.490000,45.392626,6.536500,2322.332253,264.0,4.039698,1.4,9.9
1743065611.490000,45.392660,6.536348,2328.713270,276.0,4.492154,1.5,9.9
1743065614.491000,45.392688,6.536198,2329.077113,277.0,3.940416,1.5,9.9
1743065620.491000,45.392706,6.536070,2336.777982,282.9,2.625117,2.9,9.9
1743065623.490000,45.392680,6.535942,2337.595230,222.0,3.511357,2.8,9.9
1743065626.489000,45.392588,6.535886,2335.693253,198.0,4.060009,3.3,9.9
1743065629.489000,45.392482,6.535829,2329.119122,199.5,4.487707,1.6,9.9
1743065631.490000,45.392388,6.535806,2327.601332,193.0,5.405531,1.6,9.9
1743065633.491000,45.392288,6.535782,2327.303323,189.0,5.715991,1.6,9.9
1743065635.490000,45.392191,6.535759,2326.083029,188.6,5.473908,1.6,9.9
1743065637.490000,45.392092,6.535742,2325.367784,188.2,5.579982,1.7,9.9
1743065639.491000,45.391986,6.535723,2323.889554,183.3,5.959967,1.6,9.9
1743065641.490000,45.391875,6.535714,2324.611219,177.1,6.045897,1.7,9.9
1743065643.490000,45.391764,6.535719,2323.842452,173.3,6.176861,1.7,9.9
1743065645.490000,45.391642,6.535754,2321.602245,158.9,7.100180,1.7,9.9
1743065647.491000,45.391510,6.535869,2319.728433,143.3,8.652339,1.7,9.9
1743065648.490000,45.391437,6.535959,2316.641059,138.9,9.927356,1.7,9.9
1743065649.490000,45.391364,6.536060,2315.671798,136.1,10.672968,1.7,9.9
1743065650.490000,45.391300,6.536169,2314.138898,127.3,10.620749,1.7,9.9
1743065651.490000,45.391245,6.536280,2313.337633,123.8,10.461765,1.7,9.9
1743065652.491000,45.391198,6.536390,2312.989394,116.4,9.748116,1.7,9.9
1743065654.490000,45.391123,6.536588,2312.573459,110.0,8.522091,1.7,9.9
1743065656.491000,45.391067,6.536737,2320.339455,116.9,6.787600,3.0,9.9
1743065658.491000,45.391027,6.536854,2313.868614,115.7,5.965212,1.8,9.9
1743065660.490000,45.390990,6.536975,2313.428720,122.0,6.143394,1.5,7.9
1743065670.904000,45.390513,6.537832,2279.342285,142.0,7.345886,2.5,3.8
1743065672.491000,45.390432,6.537899,2279.224854,144.6,6.455817,1.6,3.8
1743065691.491000,45.390348,6.537855,2274.919428,90.1,0.147155,1.5,3.0
1743065700.491000,45.390266,6.537921,2273.401579,125.1,0.728125,1.4,3.0
1743065703.491000,45.390207,6.538054,2271.309650,111.3,2.415366,1.4,3.1
1743065704.490000,45.390150,6.538157,2268.769449,123.0,4.793009,1.4,3.2
1743065705.490000,45.390091,6.538272,2264.913047,124.5,7.407563,1.4,3.3
1743065706.490000,45.390018,6.538387,2261.729865,135.0,11.831586,1.4,3.5
1743065707.490000,45.389944,6.538500,2259.977530,132.0,11.777260,1.4,3.7
1743065708.490000,45.389864,6.538572,2254.218558,159.8,10.692704,1.4,3.8
1743065710.490000,45.389732,6.538734,2249.849047,143.0,11.228151,1.3,3.8
1743065711.490000,45.389689,6.538853,2246.363920,106.1,11.685813,1.3,3.8
1743065712.491000,45.389632,6.538959,2240.879706,136.9,11.667690,1.3,3.8
1743065713.491000,45.389565,6.539054,2235.401577,131.1,11.241953,1.3,3.8
1743065714.490000,45.389496,6.539183,2228.510714,128.0,14.207261,1.3,3.8
1743065715.490000,45.389437,6.539308,2222.663845,122.0,12.978470,1.3,3.8
1743065716.490000,45.389384,6.539445,2213.736589,115.0,14.667884,1.3,3.8
1743065717.490000,45.389302,6.539554,2208.203170,139.9,14.243415,1.3,3.8
1743065718.490000,45.389240,6.539668,2200.042586,120.5,13.235758,1.3,3.8
1743065719.489000,45.389241,6.539810,2194.560080,101.3,13.065011,1.3,3.8
1743065720.489000,45.389185,6.539916,2190.846818,138.9,12.491811,1.3,3.8
1743065721.490000,45.389109,6.540003,2186.965749,146.0,11.766783,1.3,3.8
1743065722.490000,45.389057,6.540112,2181.396371,119.3,11.318458,1.3,3.8
1743065723.491000,45.389051,6.540267,2173.472633,93.3,13.094369,1.3,3.8
1743065724.490000,45.389001,6.540377,2169.388731,137.9,11.318130,1.3,3.8
1743065726.490000,45.388893,6.540535,2161.827720,124.0,11.374845,1.3,3.8
1743065728.490000,45.388782,6.540698,2150.573644,134.0,10.350554,1.3,3.8
1743065730.490000,45.388752,6.540945,2141.013083,90.0,11.140792,1.3,3.8
1743065732.490000,45.388659,6.541134,2132.053747,145.6,10.509195,1.3,3.8
1743065734.491000,45.388620,6.541366,2121.841177,83.0,12.062114,1.3,3.8
1743065736.490000,45.388529,6.541587,2117.027873,130.0,11.240080,1.3,3.8
1743065737.490000,45.388517,6.541721,2110.391857,85.0,12.599706,1.3,3.8
1743065738.490000,45.388502,6.541862,2106.105271,106.0,11.935565,1.3,3.8
1743065739.490000,45.388434,6.541982,2100.592800,137.8,13.099377,1.3,3.8
1743065740.490000,45.388392,6.542120,2096.474082,104.1,13.224887,1.3,3.8
1743065741.490000,45.388409,6.542275,2090.605052,71.0,13.543301,1.3,3.8
1743065742.489000,45.388454,6.542395,2086.381644,54.0,11.384099,1.3,3.8
1743065743.490000,45.388481,6.542525,2084.788933,79.0,12.216402,1.3,3.8
1743065744.490000,45.388459,6.542663,2080.299957,110.0,12.133501,1.3,3.8
1743065745.490000,45.388442,6.542805,2078.613537,98.0,12.269526,1.3,3.8
1743065746.490000,45.388475,6.542951,2072.962834,62.1,13.326733,1.3,3.8
1743065747.491000,45.388541,6.543066,2064.980833,40.0,12.182201,1.3,3.8
1743065748.491000,45.388610,6.543165,2062.865318,43.0,11.905765,1.3,3.8
1743065749.490000,45.388640,6.543295,2059.381322,85.0,11.921278,1.3,3.8
1743065750.490000,45.388646,6.543436,2057.976463,89.0,11.875834,1.3,3.8
1743065751.491000,45.388698,6.543567,2053.639955,52.0,12.765166,1.3,3.8
1743065752.490000,45.388787,6.543649,2045.710710,27.0,13.167026,1.3,3.8
1743065753.491000,45.388877,6.543742,2041.993295,42.0,13.876735,1.3,5.0
1743065754.491000,45.388927,6.543885,2037.719397,75.0,13.745150,1.3,6.2
1743065755.491000,45.388945,6.544051,2034.619092,75.0,13.945940,1.3,7.5
1743065756.490000,45.389004,6.544191,2026.478327,40.0,14.327748,1.3,7.9
1743065757.489000,45.389106,6.544280,2018.800026,21.0,13.808272,1.3,8.9
1743065758.490000,45.389210,6.544328,2014.266302,14.0,13.178300,1.3,9.9
1743065759.489000,45.389296,6.544406,2010.567623,45.0,13.528507,1.3,9.9
1743065760.491000,45.389349,6.544547,2007.111389,71.0,13.533465,1.3,9.9
1743065761.491000,45.389405,6.544688,2000.165369,47.1,14.171709,1.3,9.9
1743065762.489000,45.389502,6.544780,1992.713975,23.1,13.491364,1.3,9.9
1743065763.491000,45.389609,6.544832,1986.266229,19.0,14.212282,1.3,9.9
1743065764.490000,45.389690,6.544925,1978.804957,57.9,13.885931,1.3,9.9
1743065765.490000,45.389713,6.545061,1978.812685,84.0,11.515977,1.3,9.9
1743065767.490000,45.389723,6.545298,1968.320112,66.0,11.941607,1.3,9.9
1743065768.490000,45.389780,6.545423,1962.993682,53.0,12.698250,1.3,9.9
1743065769.490000,45.389820,6.545570,1961.714587,84.0,13.985456,1.3,9.9
1743065770.491000,45.389798,6.545740,1954.920206,111.0,14.195616,1.3,9.9
1743065771.490000,45.389752,6.545895,1952.262325,108.0,13.835040,1.3,9.9
1743065772.491000,45.389750,6.546054,1946.671240,74.0,14.005225,1.3,9.9
1743065773.490000,45.389780,6.546222,1942.628074,85.0,14.289471,1.3,9.9
1743065774.491000,45.389757,6.546382,1937.838772,118.0,13.700043,1.3,9.9
1743065775.490000,45.389694,6.546522,1934.785699,123.0,13.657476,1.3,9.9
1743065776.491000,45.389668,6.546668,1931.887785,83.0,12.785028,1.3,9.9
1743065777.490000,45.389698,6.546819,1929.033015,70.0,11.733045,1.3,9.9
1743065778.490000,45.389714,6.546950,1927.204613,94.0,10.521832,1.3,9.9
1743065780.490000,45.389611,6.547112,1924.016395,140.0,8.543482,1.3,9.9
1743065782.491000,45.389563,6.547342,1922.313002,94.0,10.600641,1.3,9.9
1743065783.490000,45.389535,6.547463,1919.350622,118.0,9.965657,1.3,9.9
1743065785.490000,45.389440,6.547668,1915.575341,102.0,10.489124,1.3,9.9
1743065786.490000,45.389426,6.547803,1915.643777,99.0,10.895898,1.3,9.9
1743065788.490000,45.389341,6.548027,1912.399384,109.0,9.866530,1.3,9.9
1743065790.490000,45.389284,6.548231,1909.704961,141.0,8.271934,1.3,9.9
1743065792.490000,45.389229,6.548380,1908.446479,99.0,5.852525,1.3,9.9
1743065794.490000,45.389170,6.548508,1903.958377,122.0,6.632788,1.3,9.9
1743065796.489000,45.389178,6.548687,1904.629209,71.0,8.486597,1.3,9.9
1743065798.490000,45.389164,6.548891,1900.799801,97.1,8.263085,1.3,9.9
1743065800.490000,45.389217,6.549100,1892.540217,72.0,9.459714,1.3,9.9
1743065802.489000,45.389241,6.549342,1886.375032,73.3,9.924538,1.3,9.9
1743065804.490000,45.389364,6.549538,1875.523408,52.0,11.433432,1.3,9.9
1743065805.489000,45.389393,6.549671,1872.392673,87.0,12.372484,1.3,9.9
1743065806.490000,45.389407,6.549816,1866.842466,71.0,11.912056,1.3,9.9
1743065807.490000,45.389469,6.549923,1861.268683,32.0,12.394544,1.3,9.9
1743065808.490000,45.389560,6.549972,1856.597457,15.0,11.289454,1.3,9.9
1743065809.490000,45.389643,6.550034,1853.273534,39.0,12.257776,1.3,9.9
1743065810.490000,45.389702,6.550144,1853.123427,61.0,10.628890,1.3,9.9
1743065811.491000,45.389763,6.550239,1846.772931,29.0,11.312817,1.3,9.9
1743065812.490000,45.389852,6.550271,1842.506942,3.0,10.695775,1.3,9.9
1743065814.491000,45.390000,6.550357,1832.246652,61.8,9.891080,1.3,9.9
1743065816.490000,45.390090,6.550557,1826.406028,28.1,11.837232,1.3,9.9
1743065817.491000,45.390187,6.550628,1819.236774,31.0,13.216262,1.3,9.9
1743065818.490000,45.390256,6.550737,1819.059803,66.0,11.879504,1.3,9.9
1743065819.490000,45.390272,6.550870,1816.489356,92.0,10.159909,1.3,9.9
1743065821.490000,45.390325,6.551089,1804.793741,42.0,10.672174,1.3,9.9
1743065823.490000,45.390386,6.551314,1799.299067,97.0,10.509103,1.3,9.9
1743065824.489000,45.390382,6.551444,1796.506040,80.0,10.941376,1.3,9.9
1743065825.490000,45.390404,6.551569,1799.476002,76.0,10.427621,1.3,9.9
1743065827.490000,45.390404,6.551779,1797.149187,82.0,8.807288,1.3,9.9
1743065829.490000,45.390489,6.551965,1793.702738,58.0,8.751595,1.3,9.9
1743065831.490000,45.390497,6.552172,1791.729546,95.0,8.503752,1.3,9.9
1743065833.490000,45.390559,6.552361,1788.474524,61.0,8.403296,1.3,9.9
1743065837.490000,45.390559,6.552490,1788.031811,87.0,1.430274,1.3,9.9
1743065844.490000,45.390545,6.552620,1790.916917,167.0,1.656753,1.3,9.9
1743065858.491000,45.390585,6.552738,1796.289475,55.2,0.765124,1.4,9.9
1743065907.490000,45.390682,6.552735,1800.199951,338.8,0.429200,2.9,3.8
1743065933.490000,45.390731,6.552534,1800.199951,277.3,4.223339,3.0,6.9
1743065935.491000,45.390732,6.552344,1800.199951,278.8,4.112843,3.0,9.0
1743065937.491000,45.390749,6.552194,1800.199951,277.0,4.279705,3.1,9.9
1743065939.491000,45.390765,6.552067,1800.199951,280.0,3.540258,3.1,9.9
1743065942.490000,45.390785,6.551899,1806.510216,273.0,3.879934,2.9,9.9
1743065945.489000,45.390794,6.551740,1809.069561,263.0,4.068491,3.3,9.9
1743065948.490000,45.390804,6.551586,1814.434178,261.0,4.180182,3.2,9.9
1743065951.490000,45.390821,6.551435,1819.527908,262.0,4.264832,3.1,9.9
1743065954.488000,45.390839,6.551284,1823.068456,262.0,4.099504,3.3,9.9
1743065957.489000,45.390858,6.551132,1826.639462,261.0,4.314905,3.2,9.9
1743065960.489000,45.390879,6.550978,1829.427303,266.0,4.255691,3.2,9.9
1743065963.490000,45.390902,6.550825,1832.641573,270.5,4.100507,3.4,9.9
1743065966.489000,45.390924,6.550675,1836.124932,272.7,4.078799,3.0,9.9
1743065969.490000,45.390947,6.550526,1840.443573,274.0,4.065112,3.3,9.9
1743065972.490000,45.390970,6.550384,1842.719812,281.0,3.524080,3.6,9.9
1743065975.490000,45.390992,6.550236,1850.914900,279.0,4.195867,3.3,9.9
1743065978.489000,45.391012,6.550088,1853.564962,280.9,4.107763,3.4,9.9
1743065981.490000,45.391035,6.549944,1857.935936,284.9,4.132856,3.6,9.9
1743065984.490000,45.391062,6.549795,1861.547339,289.5,4.227562,3.4,9.9
1743065987.488000,45.391084,6.549648,1864.398657,288.5,4.038879,3.5,9.9
1743065990.489000,45.391110,6.549504,1869.253195,294.1,4.065915,3.6,9.9
1743065993.489000,45.391128,6.549356,1872.945903,288.5,4.044370,3.6,9.9
1743065996.489000,45.391141,6.549208,1877.235858,286.3,4.070780,3.5,9.9
1743065999.490000,45.391154,6.549062,1882.327171,284.1,4.108968,3.7,9.9
1743066002.489000,45.391166,6.548917,1886.848389,282.3,4.121775,3.6,9.9
1743066005.488000,45.391180,6.548763,1891.245374,279.9,4.199957,3.5,9.9
1743066008.490000,45.391196,6.548612,1893.944687,280.0,4.152896,3.7,9.9
1743066011.489000,45.391212,6.548464,1898.630652,279.0,4.139987,3.7,9.9
1743066014.489000,45.391228,6.548315,1902.538871,279.0,4.125979,3.8,9.9
1743066017.489000,45.391256,6.548175,1906.456013,294.1,3.925036,3.8,9.9
1743066020.489000,45.391285,6.548029,1912.618201,290.1,4.403080,3.3,9.9
1743066023.489000,45.391288,6.547870,1914.978749,274.4,4.287830,3.0,9.9
1743066026.488000,45.391296,6.547716,1916.747118,276.4,4.178102,3.2,9.9
1743066029.489000,45.391312,6.547566,1920.009428,274.1,4.106003,3.1,9.9
1743066032.488000,45.391328,6.547414,1923.852909,274.0,4.114792,3.3,9.9
1743066035.490000,45.391347,6.547261,1926.774689,274.0,4.098804,3.0,9.9
1743066038.490000,45.391366,6.547113,1930.133152,274.0,4.096364,3.1,9.9
1743066041.490000,45.391387,6.546965,1934.635976,274.0,4.096100,3.3,9.9
1743066044.490000,45.391407,6.546816,1938.240834,274.1,4.085782,3.1,9.9
1743066047.489000,45.391428,6.546668,1942.464391,274.2,4.130161,3.3,9.9
1743066050.489000,45.391446,6.546524,1946.680063,274.0,4.086533,3.0,9.9
1743066053.488000,45.391459,6.546380,1950.594304,273.0,4.041303,3.1,9.9
1743066056.489000,45.391475,6.546234,1955.971357,274.0,4.103147,3.2,9.9
1743066059.489000,45.391493,6.546089,1960.203633,274.0,4.069323,3.1,9.9
1743066062.490000,45.391511,6.545946,1965.450465,274.8,4.065380,3.4,9.9
1743066065.488000,45.391530,6.545792,1970.646448,276.4,4.259115,3.3,9.9
1743066068.489000,45.391566,6.545645,1973.102554,288.4,4.241114,3.1,9.9
1743066071.490000,45.391574,6.545490,1975.928016,272.1,4.177425,2.9,9.9
1743066074.488000,45.391583,6.545336,1978.843576,266.7,4.175396,3.0,9.9
1743066077.489000,45.391594,6.545189,1983.858234,271.8,4.068204,3.1,9.9
1743066080.489000,45.391614,6.545041,1987.362088,272.9,4.110158,3.2,9.9
1743066083.489000,45.391633,6.544892,1991.946683,273.0,4.122365,3.2,9.9
1743066086.490000,45.391650,6.544745,1995.494018,273.8,4.105143,3.1,9.9
1743066089.489000,45.391669,6.544600,1999.588861,274.9,4.042860,2.8,9.9
1743066092.489000,45.391688,6.544444,2003.932018,274.0,4.219774,3.1,9.9
1743066095.489000,45.391704,6.544294,2005.735666,276.0,4.077878,3.1,9.9
1743066098.489000,45.391723,6.544143,2008.217356,276.0,4.212636,3.3,9.9
1743066101.490000,45.391745,6.543984,2009.966685,276.0,4.228785,3.2,9.9
1743066104.489000,45.391764,6.543829,2010.280331,277.0,4.134212,3.1,9.9
1743066107.489000,45.391785,6.543672,2011.218949,278.0,4.106262,2.8,9.9
1743066110.489000,45.391804,6.543519,2012.583462,277.0,3.997463,2.9,9.9
1743066113.488000,45.391820,6.543376,2016.342069,277.0,3.718334,3.1,9.9
1743066116.489000,45.391839,6.543234,2022.003949,277.0,3.827296,3.1,9.9
1743066119.489000,45.391847,6.543093,2026.563939,259.0,3.971168,3.3,9.9
1743066122.490000,45.391853,6.542956,2034.260227,261.0,3.982954,3.1,9.9
1743066125.490000,45.391877,6.542818,2039.228278,277.0,4.013013,3.2,9.9
1743066128.489000,45.391907,6.542681,2046.756165,278.0,4.166071,3.1,9.9
1743066131.489000,45.391928,6.542546,2053.132895,278.0,4.234360,3.0,9.9
1743066134.489000,45.391946,6.542412,2059.841379,279.0,4.089447,3.0,9.9
1743066137.489000,45.391964,6.542276,2067.008261,279.0,4.131262,2.9,9.9
1743066140.489000,45.391981,6.542145,2073.764419,277.0,4.177887,3.0,9.9
1743066143.488000,45.391994,6.542016,2081.363418,279.0,4.266684,3.3,9.9
1743066146.488000,45.392009,6.541888,2089.013631,280.0,4.252167,3.2,9.9
1743066149.490000,45.392025,6.541761,2095.650589,281.0,4.145499,3.1,9.9
1743066152.489000,45.392040,6.541633,2103.547773,281.0,4.393895,3.0,9.9
1743066155.489000,45.392058,6.541493,2109.787895,281.0,4.242540,3.3,9.9
1743066158.489000,45.392073,6.541357,2115.078435,280.0,4.153979,3.0,9.9
1743066161.490000,45.392090,6.541223,2123.491460,280.9,4.214193,2.9,9.9
1743066164.489000,45.392106,6.541091,2128.986935,280.1,4.119856,3.1,9.9
1743066167.489000,45.392122,6.540957,2136.842030,280.8,4.151094,3.1,9.9
1743066170.490000,45.392137,6.540824,2143.313395,279.2,4.222608,3.1,9.9
1743066173.489000,45.392153,6.540683,2150.602853,279.9,4.259474,3.1,9.9
1743066176.490000,45.392170,6.540544,2156.138396,280.0,4.282858,3.0,9.9
1743066179.490000,45.392184,6.540406,2162.638589,280.8,4.206380,3.2,9.9
1743066182.490000,45.392200,6.540267,2168.379946,280.0,4.208070,3.2,9.9
1743066185.489000,45.392215,6.540132,2176.036316,280.0,4.172910,3.0,9.9
1743066188.490000,45.392230,6.539997,2181.873258,281.0,4.175379,2.9,9.9
1743066191.489000,45.392242,6.539863,2189.291953,275.4,4.184011,3.0,9.9
1743066194.490000,45.392255,6.539728,2195.647070,276.5,4.168934,3.1,9.9
1743066197.488000,45.392268,6.539594,2202.811783,278.8,4.142084,3.0,9.9
1743066200.490000,45.392283,6.539465,2210.360021,278.0,4.195281,3.0,9.9
1743066203.489000,45.392296,6.539334,2218.317875,276.0,4.204467,3.0,9.9
1743066206.489000,45.392311,6.539204,2224.745338,275.2,4.117785,3.3,9.9
1743066209.489000,45.392332,6.539063,2232.647109,286.1,4.689072,3.0,9.9
1743066212.488000,45.392366,6.538920,2236.934887,287.2,4.473712,3.0,9.9
1743066215.489000,45.392375,6.538770,2241.433640,284.6,4.383471,3.0,9.9
1743066218.489000,45.392392,6.538623,2245.028894,284.0,4.192745,2.9,9.9
1743066221.488000,45.392412,6.538479,2250.349116,283.1,4.109777,3.0,9.9
1743066224.489000,45.392430,6.538336,2255.301232,283.0,4.116784,3.1,9.9
1743066227.489000,45.392447,6.538192,2260.354376,281.9,4.087774,3.1,9.9
1743066230.489000,45.392464,6.538048,2265.270647,281.0,4.122622,3.1,9.9
1743066233.490000,45.392481,6.537904,2270.810428,280.0,4.142240,2.9,9.9
1743066236.489000,45.392500,6.537763,2277.433253,280.3,4.229355,3.1,9.9
1743066239.488000,45.392518,6.537622,2282.518747,280.0,4.169809,2.9,9.9
1743066242.490000,45.392534,6.537482,2288.554288,280.0,4.190010,3.0,9.9
1743066245.489000,45.392552,6.537345,2293.991064,280.1,4.107869,3.0,9.9
1743066248.490000,45.392569,6.537207,2300.974417,280.0,4.161916,2.9,9.9
1743066251.490000,45.392584,6.537071,2306.714473,280.0,4.152529,2.9,9.9
1743066254.489000,45.392600,6.536935,2313.453613,280.0,4.189934,3.2,9.9
1743066257.489000,45.392617,6.536798,2319.819574,281.0,4.312779,3.3,9.9
1743066260.489000,45.392635,6.536654,2324.879752,280.0,4.236868,3.0,9.9
1743066263.489000,45.392654,6.536513,2330.648921,280.0,4.220249,3.0,9.9
1743066266.489000,45.392672,6.536366,2335.873096,279.0,4.429122,3.0,9.9
1743066269.489000,45.392687,6.536225,2337.640272,279.0,3.817872,3.1,9.9
1743066275.490000,45.392703,6.536094,2338.625549,278.0,3.081462,3.0,9.9
1743066279.489000,45.392677,6.535943,2338.037318,220.0,2.808741,2.9,9.9
1743066283.489000,45.392584,6.535886,2336.567534,215.0,2.768126,3.1,9.9
1743066287.490000,45.392466,6.535852,2336.145213,186.0,3.712145,3.1,8.7
1743066297.905000,45.392127,6.535866,2294.061035,184.0,3.518628,2.7,3.8
1743066301.489000,45.392038,6.535822,2293.680818,204.9,3.814004,1.6,3.8
1743066304.261000,45.391954,6.535768,2293.173854,198.0,4.875945,1.6,4.2
1743066308.489000,45.391800,6.535771,2292.262586,175.0,5.825120,1.5,3.9
1743066310.488000,45.391636,6.535805,2291.615106,165.0,7.732676,1.5,3.7
1743066312.489000,45.391479,6.535880,2289.232870,157.1,10.295728,1.5,3.9
1743066313.489000,45.391386,6.535923,2287.042751,159.2,10.588355,1.5,3.8
1743066314.490000,45.391279,6.535954,2283.638761,168.8,11.149323,1.5,3.8
1743066315.490000,45.391170,6.535974,2281.735270,171.6,11.744382,1.5,3.8
1743066316.489000,45.391058,6.535980,2279.732832,177.1,12.049551,1.5,3.8
1743066317.489000,45.390948,6.535977,2278.632414,180.5,12.107285,1.5,3.8
1743066318.489000,45.390838,6.535971,2277.901582,180.8,12.150936,1.5,3.8
1743066319.489000,45.390724,6.535970,2276.201352,180.3,12.380740,1.5,3.8
1743066320.490000,45.390609,6.535966,2274.745243,180.2,12.632868,1.5,3.8
1743066321.488000,45.390490,6.535967,2272.855284,179.0,12.852581,1.5,3.8
1743066322.489000,45.390370,6.535970,2270.634703,179.0,13.015882,1.4,3.8
1743066323.489000,45.390256,6.535975,2270.129448,180.1,12.899694,1.4,3.8
1743066324.489000,45.390142,6.535987,2268.388363,180.0,12.856402,1.4,3.8
1743066325.489000,45.390030,6.536010,2266.971079,179.9,12.769575,1.4,3.8
1743066326.490000,45.389913,6.536032,2265.427272,178.8,13.004503,1.4,3.8
1743066327.489000,45.389786,6.536048,2263.673439,178.9,13.694340,1.4,3.8
1743066328.490000,45.389647,6.536042,2258.427774,180.7,14.750455,1.4,3.8
1743066329.489000,45.389502,6.536027,2254.327895,182.0,15.527820,1.4,3.8
1743066330.490000,45.389362,6.536021,2251.147472,178.7,15.665335,1.4,3.8
1743066331.489000,45.389235,6.536027,2249.410331,173.8,15.038086,1.4,3.8
1743066332.489000,45.389119,6.536054,2248.150098,169.3,14.137812,1.4,3.8
1743066333.488000,45.389011,6.536112,2247.606204,158.2,13.432196,1.4,3.8
1743066334.490000,45.388918,6.536206,2245.902744,145.7,12.710546,1.4,3.8
1743066335.489000,45.388839,6.536318,2244.783229,137.5,12.360640,1.4,3.8
1743066336.489000,45.388769,6.536440,2243.439866,130.4,12.159641,1.4,3.8
1743066337.489000,45.388707,6.536570,2240.935244,125.0,12.201611,1.3,3.8
1743066338.489000,45.388649,6.536713,2238.613005,120.9,12.489253,1.3,3.8
1743066339.489000,45.388592,6.536857,2236.557492,117.5,12.782507,1.3,3.8
1743066340.490000,45.388540,6.537010,2234.320428,111.1,12.908663,1.3,3.8
1743066341.489000,45.388501,6.537170,2231.050188,104.8,13.152362,1.3,3.8
1743066342.489000,45.388467,6.537334,2229.666579,105.6,13.336917,1.3,3.8
1743066343.488000,45.388437,6.537492,2229.129181,103.9,13.033904,1.3,3.8
1743066344.489000,45.388417,6.537641,2226.719306,107.3,12.348250,1.3,3.8
1743066346.489000,45.388364,6.537842,2227.225822,137.9,5.969900,1.3,3.8
1743066348.488000,45.388290,6.538008,2227.628786,115.0,9.953088,1.3,3.8
1743066349.490000,45.388250,6.538136,2223.950270,112.0,11.795190,1.3,3.8
1743066350.490000,45.388209,6.538284,2220.111956,110.0,13.269483,1.3,3.8
1743066351.488000,45.388139,6.538424,2215.659055,132.6,14.576810,1.3,3.8
1743066352.490000,45.388063,6.538577,2208.216709,117.5,15.920624,1.3,3.8
1743066353.490000,45.388025,6.538772,2201.558607,99.3,17.490009,1.3,3.8
1743066354.490000,45.387980,6.538974,2195.614949,112.4,17.890383,1.3,3.8
1743066355.489000,45.387899,6.539166,2189.536212,123.4,19.236866,1.3,3.8
1743066356.489000,45.387792,6.539339,2183.033622,133.5,18.918837,1.3,3.8
1743066357.489000,45.387670,6.539475,2179.158658,144.7,18.155436,1.3,3.8
1743066358.489000,45.387553,6.539610,2177.048421,138.1,17.106869,1.3,3.8
1743066359.489000,45.387457,6.539778,2174.704078,122.5,17.283876,1.3,3.8
1743066360.490000,45.387365,6.539954,2172.110077,127.8,17.189100,1.3,3.8
1743066361.489000,45.387255,6.540111,2167.627265,134.2,17.552423,1.3,3.8
1743066362.489000,45.387158,6.540285,2163.081049,123.2,17.524351,1.3,3.8
1743066363.489000,45.387069,6.540462,2161.199101,124.0,17.355568,1.3,3.8
1743066364.489000,45.386978,6.540633,2156.489332,129.9,16.896780,1.3,5.0
1743066365.490000,45.386888,6.540794,2152.890864,121.3,16.193081,1.3,5.8
1743066366.489000,45.386818,6.540966,2152.101374,120.3,15.854965,1.3,7.5
1743066367.489000,45.386769,6.541139,2151.107078,110.6,14.826995,1.3,7.9
1743066368.488000,45.386733,6.541310,2150.541661,106.3,14.172018,1.3,9.9
1743066369.488000,45.386702,6.541472,2148.324197,102.3,13.502992,1.3,9.9
1743066370.489000,45.386676,6.541622,2148.160561,102.2,12.484397,1.3,9.9
1743066372.490000,45.386669,6.541825,2147.604891,98.8,6.479187,1.3,9.9
1743066374.489000,45.386647,6.541958,2148.489099,107.0,5.389583,1.3,9.9
1743066376.490000,45.386624,6.542087,2147.468998,107.0,5.212655,1.3,9.9
1743066378.490000,45.386601,6.542223,2147.685652,90.9,5.448544,1.3,9.9
1743066381.489000,45.386630,6.542363,2145.666720,64.9,3.587509,1.3,9.9
1743066395.489000,45.386621,6.542497,2141.025421,138.3,1.702054,1.3,5.2
1743066397.488000,45.386539,6.542698,2134.390485,116.4,4.712168,1.3,6.8
1743066398.488000,45.386461,6.542848,2129.525882,126.1,8.100546,1.3,7.2
1743066399.490000,45.386405,6.543024,2126.352570,114.8,11.076921,1.3,9.1
1743066400.489000,45.386393,6.543222,2120.649082,96.7,13.831100,1.3,9.9
1743066401.489000,45.386350,6.543381,2116.578784,105.2,13.508260,1.3,9.9
1743066402.488000,45.386290,6.543544,2109.912551,111.7,14.494225,1.3,9.9
1743066403.489000,45.386251,6.543719,2102.441566,100.9,15.472858,1.3,9.9
1743066404.489000,45.386189,6.543895,2098.704909,108.0,16.183735,1.3,9.9
1743066405.490000,45.386111,6.544061,2090.062258,115.8,16.725697,1.3,9.9
1743066406.489000,45.386067,6.544244,2086.307269,108.7,16.678858,1.3,9.9
1743066407.488000,45.386021,6.544432,2081.035385,107.8,16.659386,1.3,9.9
1743066408.490000,45.385925,6.544590,2076.124695,119.4,17.148821,1.3,9.9
1743066409.489000,45.385840,6.544744,2075.187269,117.2,15.310318,1.3,9.9
1743066410.489000,45.385790,6.544912,2072.835517,95.6,15.283734,1.3,9.9
1743066411.489000,45.385752,6.545084,2070.550592,117.1,14.486448,1.3,9.9
1743066412.489000,45.385669,6.545222,2068.662440,137.8,14.218470,1.3,9.9
1743066413.489000,45.385600,6.545354,2066.607582,107.1,13.228502,1.3,9.9
1743066414.490000,45.385598,6.545524,2062.426182,84.1,13.996850,1.3,9.9
1743066415.489000,45.385592,6.545686,2061.958337,112.9,12.436722,1.3,9.9
1743066416.489000,45.385532,6.545824,2058.456177,126.0,13.265094,1.3,9.9
1743066417.489000,45.385513,6.545958,2056.438455,72.1,11.642999,1.3,9.9
1743066418.490000,45.385540,6.546107,2053.276312,87.0,12.362000,1.3,9.9
1743066419.489000,45.385510,6.546240,2051.731200,125.7,10.886997,1.3,9.9
1743066420.488000,45.385433,6.546347,2048.463608,131.9,12.159026,1.3,9.9
1743066421.489000,45.385405,6.546517,2045.042228,86.3,16.605881,1.3,9.9
1743066422.489000,45.385414,6.546731,2039.115376,92.0,15.715932,1.3,9.9
1743066423.490000,45.385367,6.546909,2034.659574,125.9,16.235662,1.3,9.9
1743066424.489000,45.385282,6.547071,2025.152857,120.1,16.439520,1.3,9.9
1743066425.489000,45.385243,6.547278,2022.945395,95.3,18.897308,1.3,9.9
1743066426.490000,45.385251,6.547512,2013.107605,83.0,18.959282,1.3,9.9
1743066427.488000,45.385236,6.547716,2009.935519,107.9,16.699013,1.3,9.9
1743066428.489000,45.385176,6.547871,2008.232643,122.0,13.010651,1.3,9.9
1743066429.489000,45.385124,6.548001,2007.865341,109.0,11.988008,1.3,9.9
1743066430.490000,45.385120,6.548142,2007.092876,75.0,11.973702,1.3,9.9
1743066431.489000,45.385166,6.548282,2006.045583,58.0,12.407772,1.3,9.9
1743066432.489000,45.385208,6.548418,2003.222486,76.0,11.270011,1.3,9.9
1743066433.489000,45.385202,6.548554,2004.236223,100.0,10.584846,1.3,9.9
1743066434.489000,45.385181,6.548684,2003.426314,100.0,10.328655,1.3,9.9
1743066435.489000,45.385185,6.548816,2002.294702,74.0,10.905698,1.3,9.9
1743066436.490000,45.385219,6.548956,2000.473942,71.0,12.009235,1.3,9.9
1743066437.489000,45.385231,6.549109,1996.846840,95.0,12.526790,1.3,9.9
1743066438.489000,45.385206,6.549268,1993.641585,105.0,13.277300,1.3,9.9
1743066439.490000,45.385176,6.549434,1989.189811,99.0,14.368236,1.3,9.9
1743066440.488000,45.385181,6.549618,1984.869178,77.0,15.941113,1.3,9.9
1743066441.488000,45.385229,6.549811,1981.140382,68.0,16.842575,1.3,9.9
1743066442.489000,45.385261,6.550012,1977.061215,86.0,16.886524,1.3,9.9
1743066443.490000,45.385244,6.550221,1970.009566,102.0,17.115166,1.3,9.9
1743066444.489000,45.385188,6.550416,1966.240592,120.0,17.403915,1.3,9.9
1743066445.489000,45.385113,6.550592,1962.573867,118.0,16.271601,1.3,9.9
1743066446.490000,45.385068,6.550770,1961.619255,101.0,15.430459,1.3,9.9
1743066447.489000,45.385049,6.550944,1960.145212,98.0,13.487811,1.3,9.9
1743066448.489000,45.385013,6.551107,1958.806380,114.0,13.983814,1.3,9.9
1743066449.489000,45.384955,6.551265,1958.448391,118.9,13.636147,1.3,9.9
1743066450.489000,45.384903,6.551420,1956.652110,107.2,13.298914,1.3,9.9
1743066451.490000,45.384870,6.551586,1956.271314,103.0,12.997801,1.3,9.9
1743066452.489000,45.384836,6.551740,1954.676863,114.9,12.100247,1.3,9.9
1743066453.489000,45.384785,6.551869,1953.088734,120.0,10.802944,1.3,9.9
1743066454.490000,45.384741,6.551980,1953.034632,114.0,9.303782,1.3,9.9
1743066456.489000,45.384693,6.552189,1953.390859,106.3,8.784418,1.3,9.9
1743066458.489000,45.384647,6.552404,1954.035462,109.9,8.868497,1.3,9.9
1743066460.489000,45.384603,6.552615,1952.632219,104.6,8.508297,1.3,9.9
1743066462.490000,45.384619,6.552810,1950.243809,91.7,7.753210,1.3,9.9
1743066464.488000,45.384646,6.552939,1949.917921,46.9,3.439386,1.3,9.9
1743066469.490000,45.384701,6.553064,1948.568649,77.9,3.859087,1.3,9.9
1743066471.489000,45.384808,6.553203,1944.371597,41.8,6.907032,1.3,9.9
1743066473.488000,45.384983,6.553206,1939.967824,358.1,8.047512,1.3,9.9
1743066474.489000,45.385075,6.553186,1938.228859,359.0,9.591466,1.3,9.9
1743066475.490000,45.385172,6.553176,1936.070961,2.9,10.820340,1.3,9.9
1743066476.490000,45.385271,6.553150,1934.293214,337.3,10.945206,1.3,9.9
1743066477.489000,45.385365,6.553091,1932.897860,342.0,11.109748,1.3,9.9
1743066478.489000,45.385468,6.553055,1933.829331,354.0,11.966941,1.3,9.9
1743066479.489000,45.385575,6.553024,1932.030408,336.1,11.939181,1.3,9.9
1743066480.489000,45.385671,6.552946,1928.572862,323.2,12.173394,1.3,9.9
1743066481.489000,45.385762,6.552855,1926.458498,328.8,12.495438,1.3,9.9
1743066482.489000,45.385862,6.552778,1924.689108,331.2,12.698404,1.3,10.0
1743066483.489000,45.385960,6.552707,1923.046322,331.0,12.340190,1.3,10.2
1743066487.490000,45.386268,6.552367,1919.028670,330.0,8.946163,1.3,11.5
1743066489.489000,45.386376,6.552438,1915.791178,358.0,8.795806,1.3,10.7
1743066491.489000,45.386537,6.552458,1912.183093,22.8,9.894691,1.3,10.4
1743066493.489000,45.386706,6.552528,1907.813261,12.9,10.407034,1.3,10.0
1743066494.489000,45.386797,6.552567,1908.726822,23.8,10.863003,1.3,10.0
1743066495.489000,45.386886,6.552633,1906.308827,12.2,11.509565,1.3,9.9
1743066496.489000,45.386989,6.552680,1901.930484,24.7,12.360642,1.3,9.9
1743066497.489000,45.387086,6.552731,1899.708815,18.2,12.310431,1.3,9.9
1743066498.489000,45.387188,6.552794,1896.319018,25.8,12.811181,1.3,9.9
1743066499.490000,45.387287,6.552848,1892.697180,6.6,12.288346,1.3,10.0
1743066500.490000,45.387394,6.552844,1887.124561,4.1,12.254909,1.3,10.0
1743066501.489000,45.387495,6.552856,1885.234934,9.9,12.608997,1.3,10.0
1743066502.490000,45.387600,6.552855,1882.006255,356.2,12.190386,1.3,10.0
1743066503.489000,45.387691,6.552813,1879.997140,333.0,10.664278,1.3,10.0
1743066504.489000,45.387780,6.552772,1877.330083,357.0,11.373535,1.3,10.0
1743066505.490000,45.387884,6.552764,1875.014654,354.0,11.775876,1.3,9.9
1743066507.489000,45.388054,6.552707,1868.606854,2.0,10.843274,1.3,9.9
1743066508.489000,45.388142,6.552660,1866.344582,331.3,10.705361,1.3,9.9
1743066509.489000,45.388212,6.552573,1863.210192,353.9,9.437054,1.3,9.9
1743066511.489000,45.388361,6.552493,1859.877514,335.3,10.069005,1.3,9.9
1743066512.489000,45.388432,6.552402,1857.646898,355.8,9.397863,1.3,9.9
1743066514.489000,45.388595,6.552294,1852.677068,333.4,10.489060,1.3,9.9
1743066516.490000,45.388705,6.552116,1847.263236,312.0,8.826900,1.3,9.9
1743066518.489000,45.388850,6.552003,1841.582954,326.0,10.167264,1.3,9.9
1743066520.489000,45.388949,6.551848,1837.965348,322.0,8.436320,1.3,9.9
1743066522.489000,45.389101,6.551768,1832.548865,341.0,9.760906,1.3,9.9
1743066523.489000,45.389185,6.551711,1830.458796,1.0,10.543771,1.3,9.9
1743066524.489000,45.389284,6.551681,1827.133899,348.0,11.540110,1.3,9.9
1743066525.488000,45.389384,6.551616,1825.297970,4.0,12.080381,1.3,9.9
1743066526.489000,45.389489,6.551579,1822.677936,21.8,12.062312,1.3,9.9
1743066527.490000,45.389593,6.551579,1818.728610,354.2,12.317908,1.3,9.9
1743066528.489000,45.389697,6.551527,1814.469841,342.1,11.968364,1.3,9.9
1743066529.489000,45.389788,6.551467,1812.012367,23.5,11.022895,1.3,9.9
1743066531.490000,45.389936,6.551506,1807.972319,8.4,9.308979,1.3,9.9
1743066533.490000,45.390119,6.551484,1803.392902,354.2,10.796483,1.3,9.9
1743066534.489000,45.390218,6.551459,1801.947804,11.7,11.007149,1.3,9.9
1743066535.489000,45.390315,6.551481,1801.116348,37.5,10.779410,1.3,9.9
1743066536.489000,45.390399,6.551544,1797.322623,10.5,11.188349,1.3,9.9
1743066537.489000,45.390495,6.551553,1800.250993,356.3,10.531854,1.3,9.9
1743066539.489000,45.390626,6.551622,1796.274177,8.5,7.721467,1.3,9.9
1743066554.488000,45.390715,6.551648,1796.308516,29.9,2.237416,1.5,10.1
1743066559.489000,45.390746,6.551777,1795.959200,61.0,5.863438,1.5,9.9
1743066561.489000,45.390825,6.551938,1793.758475,51.0,9.312922,1.6,9.9
1743066563.490000,45.390893,6.552173,1789.595531,77.8,9.878840,1.6,9.9
1743066564.488000,45.390922,6.552298,1788.451587,71.2,10.037517,1.6,9.9
1743066565.488000,45.390976,6.552404,1785.762505,48.2,10.602729,1.6,9.9
1743066566.489000,45.391032,6.552514,1784.584980,69.7,10.294964,1.6,9.9
1743066568.489000,45.391030,6.552732,1781.889439,88.3,7.499299,1.6,9.9
1743066570.489000,45.391091,6.552924,1779.628879,76.6,9.283074,1.6,9.9
1743066572.489000,45.391056,6.553110,1776.923770,110.4,7.696898,1.7,9.9
1743066574.489000,45.391085,6.553326,1774.196577,74.0,9.816159,1.7,9.9
1743066576.490000,45.391068,6.553548,1770.439128,119.8,7.229113,1.8,9.9
1743066578.490000,45.391004,6.553644,1765.885977,140.2,4.097671,1.6,9.9
1743066581.489000,45.390932,6.553785,1764.963097,122.0,4.778636,1.7,9.9
1743066601.490000,45.390905,6.553814,1764.215470,-1.0,0.000000,2.0,9.9
1743066650.490000,45.390971,6.553914,1762.401442,45.2,7.820573,1.5,9.9
1743066652.489000,45.391056,6.553983,1758.512477,344.1,2.529794,1.8,9.9
1743066657.489000,45.391151,6.554012,1756.393623,21.9,2.760254,1.7,10.0
1743066677.489000,45.391192,6.554052,1755.003547,157.9,0.000000,2.1,9.9
1743066679.489000,45.391165,6.554193,1754.184936,111.6,5.679454,2.3,9.9
1743066681.489000,45.391102,6.554402,1752.365089,114.4,7.817091,3.2,9.9
1743066682.489000,45.391056,6.554524,1748.745459,117.5,9.059908,2.1,9.9
1743066683.488000,45.391004,6.554653,1747.146878,118.9,9.913947,1.9,9.9
1743066684.489000,45.390954,6.554791,1745.553681,116.3,10.663730,1.5,9.9
1743066685.489000,45.390910,6.554934,1742.795459,115.1,11.228584,1.5,9.9
1743066686.490000,45.390854,6.555059,1742.199140,121.9,10.816800,1.5,9.9
1743066687.489000,45.390783,6.555140,1740.988521,134.9,9.864577,1.5,9.9
1743066689.489000,45.390658,6.555265,1739.909063,139.4,8.413416,3.5,9.9
1743066691.488000,45.390541,6.555413,1738.898342,135.9,8.983824,4.0,9.9
1743066693.490000,45.390483,6.555636,1732.955098,109.7,8.895477,4.3,9.9
1743066694.489000,45.390509,6.555762,1729.943458,87.0,9.132821,2.9,9.9
1743066695.489000,45.390576,6.555872,1723.686840,63.2,9.894300,2.8,9.9
1743066696.490000,45.390675,6.555949,1721.117268,41.0,10.690912,2.9,9.9
1743066697.490000,45.390793,6.555983,1717.838055,22.0,11.283340,1.8,9.9
1743066698.489000,45.390916,6.555995,1715.137470,13.3,11.893119,1.5,9.9
1743066699.488000,45.391039,6.556028,1712.589932,16.3,12.535829,1.9,9.9
1743066700.489000,45.391165,6.556056,1708.030575,11.9,13.293746,2.1,9.9
1743066701.489000,45.391295,6.556061,1703.011991,5.8,13.824691,3.1,9.9
1743066702.489000,45.391423,6.556088,1699.022325,10.2,14.142437,3.1,9.9
1743066703.489000,45.391545,6.556143,1697.176144,16.5,14.353120,3.0,9.9
1743066704.489000,45.391664,6.556201,1691.804579,17.3,14.322306,3.5,9.9
1743066705.490000,45.391775,6.556176,1684.011476,3.6,13.813373,3.4,10.0
1743066706.490000,45.391893,6.556182,1681.489090,10.9,13.806369,3.1,10.0
1743066707.488000,45.391998,6.556216,1680.264189,21.2,12.583984,4.0,10.0
1743066708.489000,45.392107,6.556229,1675.118635,357.2,12.989183,4.0,10.0
1743066709.490000,45.392225,6.556191,1669.143372,346.7,13.746774,2.6,10.0
1743066710.489000,45.392334,6.556183,1664.446896,15.8,11.936239,3.7,10.0
1743066711.490000,45.392423,6.556254,1659.494024,38.9,12.493299,1.5,9.9
1743066712.489000,45.392516,6.556324,1655.089263,16.1,13.376448,1.5,9.9
1743066713.489000,45.392634,6.556373,1651.103063,23.0,14.193240,2.5,9.9
1743066714.489000,45.392726,6.556468,1647.341043,50.9,12.701179,2.5,9.9
1743066715.489000,45.392779,6.556594,1644.738584,65.0,11.149964,4.1,9.9
1743066717.490000,45.392822,6.556821,1635.857220,87.0,9.462251,4.3,9.9
1743066719.488000,45.392830,6.557077,1630.530137,103.0,11.045057,4.7,9.9
1743066720.489000,45.392803,6.557201,1628.556078,104.0,10.710418,4.6,9.9
1743066721.489000,45.392756,6.557335,1624.959801,119.8,12.982609,4.6,9.9
1743066722.489000,45.392718,6.557489,1619.951103,96.1,13.658101,4.5,9.9
1743066723.489000,45.392680,6.557656,1616.643983,120.0,15.147095,4.1,9.9
1743066724.488000,45.392604,6.557819,1611.924895,121.0,16.076004,4.1,10.0
1743066725.488000,45.392547,6.557984,1608.503831,108.0,14.422797,4.3,10.0
1743066726.490000,45.392532,6.558153,1605.105676,88.0,13.375570,1.7,10.0
1743066727.489000,45.392549,6.558312,1603.822655,76.0,13.107920,2.1,10.0
1743066728.489000,45.392570,6.558470,1602.242738,84.0,13.153945,2.1,10.0
1743066729.489000,45.392556,6.558632,1599.010662,107.0,13.213741,2.1,10.0
1743066730.490000,45.392510,6.558794,1596.047481,114.0,13.767133,2.2,9.9
1743066731.489000,45.392463,6.558955,1592.454335,109.0,13.923095,4.2,9.9
1743066732.489000,45.392440,6.559129,1590.579266,93.0,14.299992,3.9,9.9
1743066733.489000,45.392449,6.559305,1587.024704,80.0,14.219283,4.0,9.9
1743066734.489000,45.392497,6.559468,1583.756080,57.0,14.723458,4.1,9.9
1743066735.489000,45.392549,6.559624,1580.927649,77.0,13.286852,3.4,9.9
1743066736.489000,45.392562,6.559785,1578.280246,85.0,12.728663,4.0,9.9
1743066737.489000,45.392601,6.559922,1574.782431,50.0,12.053345,4.1,9.9
1743066738.489000,45.392682,6.560009,1572.589702,28.0,11.241899,4.2,9.9
1743066739.490000,45.392768,6.560082,1570.732194,38.0,11.203577,4.3,9.9
1743066740.490000,45.392820,6.560187,1568.809813,69.9,10.041008,4.6,9.9
1743066742.489000,45.392862,6.560394,1565.007244,52.0,9.270310,2.7,9.9
1743066743.489000,45.392928,6.560483,1563.692549,40.0,10.909987,2.8,9.9
1743066744.488000,45.392986,6.560596,1560.610436,67.0,11.268020,2.0,9.9
1743066746.489000,45.393006,6.560834,1554.299557,77.0,9.314759,2.1,9.9
1743066748.490000,45.393144,6.561035,1547.288150,32.0,13.189177,4.3,9.9
1743066749.489000,45.393223,6.561160,1542.787125,59.9,14.223619,4.3,9.9
1743066750.489000,45.393254,6.561331,1538.983612,85.9,13.888545,3.9,9.9
1743066751.489000,45.393270,6.561506,1533.625324,75.0,14.497185,4.3,9.9
1743066752.489000,45.393334,6.561668,1528.271553,52.1,16.073063,4.3,9.9
1743066753.490000,45.393414,6.561831,1521.933461,62.0,16.333279,4.4,9.9
1743066754.489000,45.393448,6.562028,1517.433815,87.0,17.343626,4.2,9.9
1743066755.489000,45.393420,6.562230,1512.897105,108.9,16.816807,4.2,9.9
1743066756.489000,45.393347,6.562407,1508.797978,127.9,16.807241,4.5,9.9
1743066757.489000,45.393258,6.562567,1504.265821,127.0,15.957013,4.5,9.9
1743066758.489000,45.393197,6.562745,1501.143460,106.0,15.849693,2.8,9.9
1743066759.489000,45.393152,6.562929,1498.623030,115.9,15.324073,2.8,9.9
1743066760.490000,45.393071,6.563085,1494.748567,124.7,15.924916,3.0,10.0
1743066761.489000,45.392978,6.563243,1489.699564,126.9,16.370359,2.7,10.0
1743066762.490000,45.392904,6.563440,1484.015816,110.2,18.358593,2.7,10.0
1743066763.489000,45.392829,6.563623,1479.483610,126.5,16.247839,2.7,10.0
1743066764.489000,45.392736,6.563731,1477.876149,141.9,13.171430,2.8,10.0
1743066765.488000,45.392673,6.563839,1475.987905,106.3,11.520180,2.7,10.0
1743066767.488000,45.392744,6.564036,1474.470010,38.0,8.886528,4.0,9.9
1743066769.489000,45.392854,6.564212,1471.243271,54.8,10.117170,4.0,9.9
1743066770.490000,45.392875,6.564341,1467.916303,86.9,10.680015,4.1,9.9
1743066771.490000,45.392888,6.564470,1465.304182,69.0,9.823136,4.1,9.9
1743066773.490000,45.392938,6.564686,1461.877520,96.0,9.388456,3.8,9.9
1743066775.489000,45.392875,6.564813,1457.586322,155.0,3.573496,4.3,9.9
1743066782.490000,45.392834,6.564936,1451.802985,104.0,2.725190,2.3,9.9
1743066790.489000,45.392819,6.565071,1447.216239,57.0,2.228980,4.5,9.9
1743066810.489000,45.392831,6.565096,1444.500000,107.1,0.000000,3.7,10.0
1743066817.489000,45.392778,6.565186,1442.619390,120.0,2.027390,3.1,9.9
1743066819.489000,45.392747,6.565324,1441.154417,115.3,5.229112,3.6,9.9
1743066821.489000,45.392656,6.565502,1437.074970,121.2,7.683745,2.6,9.9
1743066823.488000,45.392574,6.565722,1432.186709,131.8,9.032009,3.3,9.9
1743066825.490000,45.392463,6.565875,1426.723187,124.6,8.081832,3.9,9.9
1743066827.489000,45.392362,6.566053,1421.176298,113.4,9.457782,3.9,9.9
1743066828.490000,45.392342,6.566195,1417.766758,92.7,12.167241,3.9,9.9
1743066829.489000,45.392331,6.566351,1415.625423,94.4,12.168410,3.9,9.9
1743066830.490000,45.392304,6.566509,1411.204615,104.0,12.752129,4.0,10.0
1743066831.489000,45.392261,6.566681,1405.318995,108.8,14.409490,3.7,10.0
1743066832.489000,45.392215,6.566849,1405.294515,111.0,13.744702,4.3,10.0
1743066833.488000,45.392169,6.567008,1405.358149,113.2,13.412810,4.4,10.1
1743066834.490000,45.392114,6.567164,1405.358149,115.9,13.299978,4.4,10.2
1743066835.489000,45.392058,6.567294,1404.142950,117.1,12.721654,2.7,10.2
1743066837.490000,45.391925,6.567427,1405.277235,131.1,9.520101,3.4,10.4
1743066839.489000,45.391806,6.567544,1406.783062,133.0,8.237744,3.4,10.3
1743066841.489000,45.391725,6.567601,1406.419616,148.0,5.349768,3.9,10.1
1743066844.489000,45.391610,6.567598,1408.890217,183.0,3.302111,3.0,9.9
1743066850.490000,45.391521,6.567579,1409.104171,175.5,1.004598,4.2,10.0
1743066883.489000,45.391536,6.567436,1410.893786,251.7,0.998669,1.9,10.0
1743066890.489000,45.391524,6.567308,1415.529393,247.7,0.861899,3.6,10.0
1743066899.488000,45.391587,6.567198,1422.331152,336.8,0.879667,1.4,10.0
1743066908.489000,45.391603,6.567067,1443.099976,231.0,1.198326,0.9,10.0
1743066917.489000,45.391519,6.567000,1443.400024,176.1,1.233998,0.8,10.0
1743066967.251000,45.391496,6.567125,1442.900024,112.4,0.887713,1.2,4.6
1743066968.489000,45.391466,6.567289,1442.900024,102.3,2.601990,1.2,5.5
1743066969.489000,45.391442,6.567458,1442.900024,99.5,3.995581,1.2,6.0
1743066970.489000,45.391426,6.567598,1443.599976,98.1,4.898404,1.2,6.8
1743066972.489000,45.391406,6.567805,1446.079533,98.0,5.250169,1.3,10.1
1743066974.489000,45.391383,6.567965,1447.617861,97.0,5.463655,1.4,9.9
1743066976.489000,45.391369,6.568107,1449.486204,98.5,5.506951,1.2,9.9
1743066978.488000,45.391356,6.568246,1452.134789,99.1,5.506127,1.1,9.9
1743066980.488000,45.391344,6.568384,1454.670274,93.1,5.503512,1.1,9.9
1743066982.490000,45.391337,6.568518,1457.835151,91.0,5.533638,1.2,9.9
1743066984.488000,45.391332,6.568657,1460.205334,90.0,5.589961,1.3,9.9
1743066986.490000,45.391326,6.568792,1462.660281,87.9,5.481564,1.3,9.9
1743066988.489000,45.391317,6.568929,1465.351531,85.0,5.432832,1.4,9.9
1743066990.489000,45.391306,6.569064,1470.008234,78.8,5.478044,1.4,9.9
1743066992.490000,45.391296,6.569200,1473.570671,82.0,5.413527,1.3,9.9
1743066994.490000,45.391283,6.569336,1477.790270,84.8,5.545372,1.4,9.9
1743066996.489000,45.391270,6.569472,1480.854950,86.5,5.557321,1.2,9.9
1743066998.490000,45.391257,6.569608,1483.730013,84.2,5.491862,1.3,9.9
1743067000.489000,45.391239,6.569743,1488.202956,84.1,5.425139,1.3,8.7
1743067002.489000,45.391226,6.569874,1492.493749,84.0,5.418203,1.3,6.9
1743067004.489000,45.391210,6.570007,1495.863258,83.9,5.393131,1.4,4.8
1743067006.489000,45.391195,6.570139,1500.782510,85.7,5.480280,1.5,3.8
1743067008.489000,45.391184,6.570270,1505.848533,89.0,5.501358,1.5,3.8
1743067010.490000,45.391172,6.570402,1510.270768,87.0,5.580497,1.4,3.8
1743067012.490000,45.391161,6.570530,1514.700435,86.0,5.536186,1.5,3.8
1743067015.490000,45.391141,6.570721,1522.025934,99.0,5.623044,1.1,3.8
1743067018.489000,45.391121,6.570913,1529.799097,94.0,5.485503,1.2,3.8
1743067021.489000,45.391104,6.571102,1537.038277,91.0,5.578022,1.2,3.8
1743067024.489000,45.391086,6.571289,1545.491962,94.0,5.567076,1.1,3.8
1743067027.489000,45.391074,6.571474,1553.890056,93.0,5.460911,1.2,3.8
1743067030.489000,45.391061,6.571660,1562.470753,91.1,5.564692,1.0,3.8
1743067033.488000,45.391044,6.571841,1571.514374,92.2,5.569335,1.0,3.8
1743067036.488000,45.391029,6.572020,1580.830225,87.0,5.597885,1.0,3.8
1743067039.488000,45.391015,6.572198,1589.713229,91.0,5.525863,1.0,4.0
1743067042.489000,45.390997,6.572374,1598.309311,92.0,5.607190,1.3,4.9
1743067045.488000,45.390969,6.572547,1607.753061,97.0,5.542624,1.1,4.6
1743067048.488000,45.390944,6.572721,1618.533607,99.8,5.593541,1.2,3.8
1743067051.489000,45.390920,6.572894,1628.938631,104.1,5.609547,1.0,3.8
1743067054.488000,45.390906,6.573066,1638.635594,98.0,5.718024,1.0,3.8
1743067056.488000,45.390892,6.573206,1645.327548,98.0,6.591006,0.9,3.8
1743067059.488000,45.390872,6.573389,1652.018836,99.4,5.724253,1.0,3.8
1743067061.488000,45.390858,6.573518,1657.215808,99.6,5.672879,1.0,3.8
1743067064.487000,45.390838,6.573699,1665.255524,98.3,5.713555,1.1,3.8
1743067067.488000,45.390816,6.573870,1674.031238,98.7,5.483059,1.1,3.8
1743067070.487000,45.390793,6.574049,1682.937501,99.6,5.553254,1.1,3.8
1743067073.488000,45.390774,6.574232,1691.557443,103.8,5.652587,1.0,3.8
1743067076.488000,45.390748,6.574415,1701.316598,103.6,5.660041,0.9,3.8
1743067079.488000,45.390727,6.574598,1709.645148,101.3,5.544540,0.9,3.8
1743067081.488000,45.390718,6.574727,1715.955890,104.0,5.784610,1.0,3.8
1743067083.488000,45.390706,6.574866,1719.299828,97.1,5.971787,1.1,3.8
1743067086.489000,45.390691,6.575052,1725.526115,97.8,5.843568,1.2,3.8
1743067088.488000,45.390672,6.575190,1728.366743,108.7,5.921824,1.3,3.8
1743067090.489000,45.390650,6.575326,1730.881710,111.9,5.615339,1.1,3.8
1743067092.488000,45.390633,6.575462,1732.793462,105.0,5.555322,1.1,3.8
1743067094.488000,45.390619,6.575604,1735.465512,101.3,5.559720,1.1,3.8
1743067096.487000,45.390604,6.575739,1738.177424,106.8,5.549634,1.1,3.8
1743067098.488000,45.390592,6.575874,1739.159610,98.4,5.444937,1.8,3.8
1743067100.488000,45.390582,6.576014,1743.329617,97.6,5.555778,0.9,3.8
1743067102.488000,45.390570,6.576155,1745.807676,97.5,5.579404,0.9,3.8
1743067104.488000,45.390558,6.576292,1748.798946,92.1,5.488300,0.9,3.8
1743067106.488000,45.390544,6.576431,1751.160213,93.4,5.625667,1.2,3.8
1743067108.488000,45.390526,6.576564,1754.415773,90.2,5.448513,1.2,3.8
1743067110.488000,45.390517,6.576701,1757.896400,89.9,5.542373,1.2,3.8
1743067112.489000,45.390506,6.576838,1760.970372,92.8,5.490365,1.2,3.8
1743067114.488000,45.390496,6.576975,1764.872551,95.8,5.657635,1.1,3.8
1743067116.488000,45.390485,6.577111,1766.638183,95.8,5.461379,1.9,3.8
1743067118.488000,45.390474,6.577248,1770.359810,97.9,5.565176,1.8,3.8
1743067120.488000,45.390462,6.577383,1773.662777,100.0,5.429564,1.8,3.8
1743067122.488000,45.390451,6.577518,1779.173138,97.0,5.564845,1.0,3.8
1743067124.488000,45.390440,6.577650,1782.953226,90.0,5.604577,0.8,3.8
1743067126.488000,45.390432,6.577784,1787.024294,92.0,5.693837,0.8,3.8
1743067128.489000,45.390420,6.577914,1790.820460,92.0,5.642989,0.9,3.8
1743067130.489000,45.390403,6.578045,1794.489639,94.0,5.532884,1.1,3.8
1743067132.489000,45.390389,6.578173,1797.999413,93.0,5.510592,1.2,3.8
1743067135.488000,45.390366,6.578363,1804.243625,85.0,5.412562,1.2,3.8
1743067138.488000,45.390344,6.578552,1810.644070,83.0,5.452356,1.9,3.8
1743067140.488000,45.390332,6.578684,1816.711219,86.0,5.502258,1.1,3.8
1743067142.489000,45.390318,6.578815,1819.596760,83.0,5.514520,1.8,3.8
1743067144.489000,45.390304,6.578947,1826.161765,98.0,5.649926,1.0,3.8
1743067146.488000,45.390292,6.579077,1830.412468,97.0,5.631173,1.0,3.8
1743067148.488000,45.390280,6.579208,1835.938061,99.0,5.531653,0.9,3.8
1743067150.488000,45.390266,6.579337,1840.684381,97.0,5.739691,0.8,3.8
1743067152.488000,45.390253,6.579465,1845.963952,97.0,5.571554,0.8,3.8
1743067155.489000,45.390235,6.579654,1852.847080,96.0,5.597386,1.2,3.8
1743067157.488000,45.390223,6.579782,1857.709288,97.0,5.516408,1.1,3.8
1743067159.489000,45.390214,6.579909,1862.973092,96.0,5.580283,1.1,3.8
1743067162.488000,45.390192,6.580086,1870.913383,97.0,5.608514,1.9,3.8
1743067164.488000,45.390174,6.580218,1875.666165,98.0,6.333596,1.8,3.8
1743067166.488000,45.390158,6.580344,1879.343336,97.0,5.318909,2.4,3.8
1743067168.488000,45.390142,6.580475,1884.246806,97.0,5.911038,1.5,3.8
1743067170.488000,45.390127,6.580602,1889.914623,97.0,5.567197,1.0,3.8
1743067172.488000,45.390116,6.580737,1893.586571,99.0,5.920139,1.0,3.8
1743067174.487000,45.390100,6.580866,1896.867547,96.0,5.413116,1.4,3.8
1743067176.488000,45.390083,6.581000,1900.713144,98.0,5.629749,1.4,3.8
1743067179.488000,45.390061,6.581190,1907.621018,89.1,5.631402,1.4,3.8
1743067181.488000,45.390044,6.581328,1911.391111,95.0,6.387493,1.4,3.8
1743067183.488000,45.390033,6.581466,1915.531616,96.0,5.392789,1.2,3.8
1743067185.488000,45.390018,6.581609,1919.121319,98.0,5.942931,1.1,3.8
1743067187.488000,45.390001,6.581740,1920.221881,69.2,5.540451,1.8,3.8
1743067189.488000,45.389982,6.581872,1922.283721,99.0,5.617504,1.9,3.8
1743067191.489000,45.389966,6.582004,1927.159187,98.0,5.379966,1.8,3.8
1743067193.488000,45.389954,6.582142,1929.477228,98.0,5.591857,1.9,3.8
1743067195.489000,45.389939,6.582272,1933.243825,99.0,5.498035,1.5,3.8
1743067197.488000,45.389926,6.582406,1936.354555,95.2,5.574792,1.5,3.8
1743067199.488000,45.389915,6.582540,1941.015682,93.1,5.559461,0.9,3.8
1743067201.488000,45.389903,6.582676,1944.826743,93.0,5.641443,0.9,3.8
1743067203.489000,45.389886,6.582810,1946.916253,93.8,5.533089,1.4,3.8
1743067205.488000,45.389872,6.582944,1950.771180,94.2,5.547013,1.4,3.8
1743067207.488000,45.389857,6.583084,1954.398803,95.0,5.502160,1.4,3.8
1743067209.488000,45.389844,6.583214,1958.854792,96.0,5.501102,1.0,3.8
1743067211.488000,45.389832,6.583346,1962.802867,95.2,5.573332,1.4,3.8
1743067214.489000,45.389815,6.583538,1968.764881,100.1,5.655417,1.8,3.8
1743067217.488000,45.389785,6.583726,1976.954025,124.5,5.396337,1.8,3.8
1743067219.488000,45.389771,6.583862,1980.767807,112.9,5.388149,1.8,3.8
1743067221.488000,45.389762,6.583991,1976.098709,97.5,5.455912,1.4,3.8
1743067223.488000,45.389749,6.584119,1976.848386,98.0,5.407660,1.5,3.8
1743067225.487000,45.389734,6.584246,1983.764011,97.0,5.491351,1.4,3.8
1743067227.489000,45.389718,6.584373,1998.811252,97.0,6.139347,1.5,3.8
1743067229.488000,45.389706,6.584501,2003.851753,96.0,6.165504,1.4,3.8
1743067232.488000,45.389688,6.584689,2012.557534,95.1,6.477971,1.0,3.8
1743067234.488000,45.389675,6.584816,2017.307135,95.0,6.292935,1.1,3.8
1743067236.487000,45.389657,6.584946,2021.740692,95.0,5.590026,1.4,3.8
1743067238.488000,45.389642,6.585073,2028.349320,94.1,5.685263,1.0,3.8
1743067240.488000,45.389631,6.585200,2032.836247,94.0,5.604020,1.0,3.8
1743067243.488000,45.389614,6.585386,2038.404872,94.0,5.462365,1.4,3.8
1743067246.488000,45.389596,6.585571,2048.500467,94.0,5.539921,2.1,3.8
1743067249.488000,45.389580,6.585763,2056.903034,94.0,6.016059,2.4,7.5
1743067251.489000,45.389566,6.585900,2050.722542,94.0,5.744457,1.5,9.9
1743067253.488000,45.389551,6.586028,2054.662722,95.0,6.053761,1.4,9.9
1743067255.489000,45.389537,6.586162,2053.970774,95.0,5.482507,1.5,9.9
1743067257.487000,45.389526,6.586291,2058.180506,95.0,5.554566,1.4,9.9
1743067259.488000,45.389512,6.586424,2063.016166,95.0,5.342661,1.4,9.9
1743067261.488000,45.389497,6.586556,2082.776324,94.0,6.301714,1.4,9.9
1743067264.488000,45.389480,6.586746,2090.528750,94.0,6.628896,1.5,9.9
1743067266.487000,45.389465,6.586875,2096.178061,96.0,7.047176,1.1,9.9
1743067268.488000,45.389454,6.587013,2099.525920,94.0,6.699815,1.1,9.9
1743067270.488000,45.389443,6.587149,2102.982066,95.0,5.800032,1.0,9.9
1743067272.487000,45.389428,6.587288,2107.076939,95.0,5.581183,1.0,9.9
1743067274.488000,45.389414,6.587426,2110.186018,95.0,5.523943,1.9,9.9
1743067276.488000,45.389401,6.587559,2113.827376,95.0,5.498725,1.9,9.9
1743067278.489000,45.389383,6.587705,2117.278330,95.0,6.037800,1.9,9.9
1743067280.487000,45.389369,6.587840,2117.963203,94.0,5.227981,1.8,9.9
1743067297.489000,45.389364,6.587968,2103.173744,108.7,1.239708,1.4,10.0
1743067329.488000,45.389338,6.588093,2092.446460,132.3,0.858585,2.0,9.9
1743067343.488000,45.389300,6.588262,2098.778209,109.1,3.992896,1.4,9.9
1743067345.488000,45.389244,6.588441,2094.213584,115.0,6.178222,1.8,8.9
1743067347.488000,45.389208,6.588568,2094.473801,114.0,4.997820,2.1,6.2
1743067349.488000,45.389172,6.588690,2096.867932,108.0,5.996489,1.6,4.8
1743067352.489000,45.389123,6.588865,2102.012129,113.0,5.600412,2.0,3.8
1743067354.488000,45.389093,6.588994,2106.387309,108.0,5.320842,2.2,3.8
1743067356.488000,45.389059,6.589114,2110.792195,119.0,5.501030,2.0,3.8
1743067358.488000,45.389028,6.589235,2116.179238,124.0,5.446771,1.5,3.8
1743067360.489000,45.388995,6.589360,2119.979759,112.4,5.690502,2.4,3.8
1743067362.489000,45.388963,6.589492,2124.492767,107.0,5.689421,1.6,3.8
1743067364.488000,45.388932,6.589614,2133.806098,113.0,6.065732,1.5,3.8
1743067366.488000,45.388897,6.589745,2138.070754,108.0,5.902796,1.5,3.8
1743067368.488000,45.388863,6.589869,2139.404789,112.0,5.811800,1.5,3.8
1743067370.489000,45.388831,6.589994,2140.238683,109.0,5.522827,1.9,3.8
1743067372.488000,45.388801,6.590120,2144.431806,109.0,5.376691,1.8,3.8
1743067374.489000,45.388767,6.590243,2151.725754,111.0,5.425411,1.6,3.8
1743067376.487000,45.388739,6.590366,2153.489702,110.0,5.452092,2.2,3.8
1743067378.489000,45.388705,6.590489,2158.305614,112.0,5.605590,2.2,3.8
1743067380.489000,45.388672,6.590613,2165.742742,112.0,5.797285,1.6,3.8
1743067383.488000,45.388624,6.590787,2175.556778,112.0,5.665938,1.6,3.8
1743067385.489000,45.388591,6.590915,2177.391631,112.0,6.319555,1.7,3.8
1743067387.488000,45.388554,6.591048,2179.624574,112.0,5.675364,1.7,3.8
1743067389.488000,45.388520,6.591180,2182.703473,113.0,5.897442,1.8,3.8
1743067391.488000,45.388486,6.591308,2184.609028,115.0,5.376270,1.8,3.8
1743067393.489000,45.388447,6.591437,2187.163684,116.0,5.630885,1.8,3.8
1743067395.488000,45.388412,6.591563,2189.984064,114.0,5.429520,2.1,3.8
1743067397.488000,45.388376,6.591694,2193.573211,114.0,5.634861,2.6,3.8
1743067399.487000,45.388342,6.591826,2196.386716,113.0,5.549354,2.6,3.8
1743067401.488000,45.388308,6.591950,2199.825490,115.0,5.569978,2.2,3.8
1743067403.487000,45.388274,6.592079,2203.016337,114.0,5.562904,2.2,3.8
1743067405.488000,45.388239,6.592206,2206.246433,113.0,5.503645,1.9,3.8
1743067407.489000,45.388206,6.592330,2210.190723,111.0,5.592119,2.0,3.8
1743067409.488000,45.388173,6.592453,2213.622163,111.0,5.629443,2.5,3.8
1743067411.488000,45.388137,6.592590,2222.000481,110.0,6.156742,1.8,3.8
1743067413.489000,45.388099,6.592717,2223.642029,111.0,5.820205,1.8,3.8
1743067415.489000,45.388063,6.592854,2221.925976,111.0,5.856706,1.9,3.8
1743067417.488000,45.388034,6.592990,2224.281384,111.0,5.737122,1.9,3.8
1743067419.488000,45.387999,6.593117,2226.731103,109.0,5.564361,2.2,3.8
1743067421.488000,45.387963,6.593247,2232.762410,110.0,5.699872,1.9,3.8
1743067423.489000,45.387925,6.593373,2230.071251,121.0,5.688286,2.8,3.8
1743067425.489000,45.387890,6.593503,2231.421680,120.9,5.615368,2.7,3.8
1743067427.488000,45.387860,6.593638,2234.303349,105.0,5.618325,2.4,3.8
1743067429.488000,45.387830,6.593769,2234.821139,108.0,5.548186,1.4,3.8
1743067431.488000,45.387795,6.593898,2240.348540,104.0,5.540726,2.2,3.8
1743067433.488000,45.387763,6.594028,2243.000890,104.8,5.605630,1.6,3.8
1743067435.487000,45.387732,6.594158,2245.798839,105.7,5.608343,1.7,3.8
1743067437.489000,45.387701,6.594288,2248.307620,110.1,5.677022,1.5,3.8
1743067439.488000,45.387665,6.594416,2252.256823,110.0,5.544142,2.0,3.8
1743067441.489000,45.387629,6.594543,2261.375619,111.0,5.830997,1.4,3.8
1743067443.488000,45.387596,6.594673,2257.798534,110.0,5.833963,2.2,3.8
1743067445.488000,45.387560,6.594800,2261.794390,111.0,5.939699,1.8,3.8
1743067447.489000,45.387524,6.594930,2265.355900,110.7,6.065746,2.0,3.8
1743067449.488000,45.387486,6.595061,2267.046985,111.0,5.518761,2.5,3.8
1743067451.488000,45.387450,6.595190,2267.867829,105.9,5.543541,1.5,3.8
1743067453.488000,45.387414,6.595322,2269.895858,112.6,5.563302,1.5,3.8
1743067455.488000,45.387378,6.595450,2270.780301,110.4,5.548152,1.4,3.8
1743067457.488000,45.387342,6.595581,2275.031925,109.8,5.499763,2.2,3.8
1743067459.489000,45.387308,6.595712,2275.251922,105.1,5.548250,1.4,3.8
1743067461.489000,45.387271,6.595844,2277.355833,106.5,5.549616,1.4,3.8
1743067463.488000,45.387232,6.595972,2282.015774,107.7,5.637555,2.2,3.8
1743067465.487000,45.387203,6.596102,2284.649090,101.5,5.508920,1.8,3.9
1743067467.487000,45.387170,6.596228,2287.338625,104.5,5.604831,1.9,4.1
1743067469.487000,45.387132,6.596354,2293.823217,110.1,5.826419,1.4,4.0
1743067471.487000,45.387095,6.596482,2293.000889,110.6,5.686079,1.8,3.9
1743067473.487000,45.387057,6.596613,2297.441802,111.6,5.724511,1.5,3.8
1743067475.488000,45.387025,6.596745,2299.185460,110.3,5.666567,1.9,3.8
1743067477.488000,45.386991,6.596873,2301.234039,110.2,5.498394,2.2,3.8
1743067479.486000,45.386956,6.597000,2305.347059,122.8,5.422835,2.1,3.8
1743067481.487000,45.386917,6.597131,2307.558199,110.0,5.507186,1.4,3.8
1743067483.487000,45.386884,6.597262,2310.205893,111.0,5.543941,1.4,3.8
1743067485.488000,45.386848,6.597399,2313.909936,110.4,5.734892,1.7,3.8
1743067487.488000,45.386811,6.597530,2319.079815,110.0,5.675226,1.4,3.8
1743067489.487000,45.386776,6.597664,2320.200045,111.0,5.759596,2.4,3.8
1743067491.487000,45.386739,6.597788,2322.465205,110.5,5.723031,2.3,3.8
1743067493.488000,45.386704,6.597915,2323.576712,110.0,5.649934,2.1,3.8
1743067495.488000,45.386670,6.598047,2326.404901,113.0,5.544344,2.4,3.8
1743067497.487000,45.386635,6.598179,2329.374950,114.1,5.604368,2.1,3.8
1743067499.488000,45.386600,6.598312,2335.897463,114.6,5.715850,1.4,3.8
1743067501.488000,45.386562,6.598445,2338.343242,116.0,5.718848,1.4,3.8
1743067503.488000,45.386525,6.598579,2337.530849,114.4,5.644668,1.8,3.8
1743067505.487000,45.386493,6.598706,2341.026538,114.2,5.625817,1.7,3.8
1743067507.487000,45.386463,6.598838,2343.106703,107.8,5.486104,1.5,3.8
1743067509.487000,45.386436,6.598965,2345.567769,93.0,5.403515,1.4,3.8
1743067511.488000,45.386405,6.599092,2349.419994,113.0,5.368279,1.4,3.8
1743067513.487000,45.386361,6.599221,2352.843597,120.5,5.576396,1.4,3.8
1743067515.487000,45.386321,6.599353,2354.648676,118.5,5.651577,1.4,3.8
1743067517.488000,45.386282,6.599490,2356.897871,116.4,5.658113,1.4,3.8
1743067519.488000,45.386250,6.599622,2357.937256,115.3,5.560034,1.4,3.8
1743067521.487000,45.386219,6.599754,2360.108009,114.1,5.562715,1.5,3.8
1743067523.487000,45.386187,6.599883,2362.654064,112.4,5.576200,1.4,3.8
1743067525.488000,45.386153,6.600013,2364.458316,112.0,5.559297,1.4,3.8
1743067527.487000,45.386116,6.600144,2367.176984,111.7,5.554805,1.4,3.8
1743067529.487000,45.386079,6.600279,2371.760075,111.8,5.643517,2.3,3.8
1743067531.488000,45.386042,6.600411,2373.797685,111.0,5.624893,2.3,3.8
1743067533.488000,45.386010,6.600540,2376.741982,107.0,5.669676,1.8,3.8
1743067535.487000,45.385977,6.600666,2379.262024,111.0,5.599997,2.1,3.8
1743067537.487000,45.385942,6.600794,2382.548520,111.0,5.604358,1.8,3.8
1743067539.488000,45.385905,6.600924,2385.070263,111.0,5.571304,1.9,3.8
1743067541.487000,45.385873,6.601052,2388.060646,106.0,5.541649,1.8,3.8
1743067543.488000,45.385844,6.601183,2392.016663,104.2,5.734911,1.7,3.8
1743067554.901000,45.385622,6.601926,2364.966553,109.2,5.920701,3.9,4.6
1743067556.487000,45.385607,6.602053,2364.966553,109.3,5.807703,2.5,4.5
1743067559.487000,45.385542,6.602212,2374.094204,109.4,5.960196,2.1,4.2
1743067561.487000,45.385512,6.602340,2376.359809,110.0,5.662269,1.8,3.8
1743067563.487000,45.385479,6.602482,2379.928289,110.8,5.616520,1.6,3.8
1743067565.487000,45.385449,6.602609,2382.027179,109.0,5.818934,1.6,3.8
1743067567.487000,45.385416,6.602733,2385.074443,110.0,5.494091,1.5,3.8
1743067569.487000,45.385382,6.602862,2387.321058,110.0,5.557891,1.5,3.8
1743067571.486000,45.385344,6.602996,2390.654884,110.2,5.604875,1.5,3.8
1743067573.487000,45.385314,6.603126,2392.787611,110.2,5.502037,1.5,3.8
1743067575.487000,45.385278,6.603250,2395.282530,111.1,5.655775,1.5,3.8
1743067577.487000,45.385247,6.603373,2401.007143,108.0,5.918867,1.5,3.8
1743067579.487000,45.385216,6.603501,2403.475890,111.0,5.508266,1.4,3.8
1743067581.488000,45.385182,6.603632,2406.101562,111.0,5.612380,1.4,3.8
1743067583.486000,45.385146,6.603764,2409.188909,112.9,5.569488,1.4,3.8
1743067585.486000,45.385109,6.603891,2413.387334,111.0,5.635987,1.4,3.8
1743067587.487000,45.385074,6.604015,2416.774066,112.0,5.612170,1.4,3.8
1743067590.488000,45.385023,6.604192,2421.658653,113.0,5.626295,1.4,3.8
1743067592.488000,45.384992,6.604319,2424.813744,113.0,5.544380,1.4,3.8
1743067594.487000,45.384958,6.604443,2427.849708,113.0,5.526585,1.3,3.8
1743067596.487000,45.384923,6.604568,2431.470497,113.0,5.517059,1.3,3.8
1743067598.487000,45.384891,6.604696,2436.212489,113.0,5.585034,1.3,3.8
1743067600.487000,45.384854,6.604823,2439.916381,113.0,5.570724,1.3,3.8
1743067602.488000,45.384819,6.604945,2444.287051,112.0,5.665019,1.3,3.8
1743067604.487000,45.384783,6.605073,2447.942479,112.0,5.620903,1.3,3.8
1743067606.487000,45.384748,6.605198,2452.678398,112.0,5.537272,1.3,3.8
1743067608.487000,45.384715,6.605326,2456.397748,112.0,5.556726,1.3,3.8
1743067610.486000,45.384680,6.605451,2460.880602,112.0,5.580184,1.3,3.8
1743067612.486000,45.384648,6.605578,2465.428661,112.0,5.650062,1.3,3.8
1743067614.486000,45.384614,6.605701,2470.082527,112.0,5.599706,1.3,3.8
1743067616.485000,45.384582,6.605824,2475.097624,112.0,5.647425,1.3,3.8
1743067618.486000,45.384552,6.605944,2479.964421,111.0,5.621700,1.3,6.2
1743067620.487000,45.384517,6.606066,2484.338026,111.0,5.513969,1.3,8.7
1743067623.486000,45.384472,6.606241,2493.450716,111.0,5.499446,1.3,9.9
1743067626.486000,45.384428,6.606410,2502.547510,110.0,5.492739,1.3,9.9
1743067629.486000,45.384385,6.606583,2512.393927,111.0,5.582701,1.3,9.9
1743067632.487000,45.384343,6.606757,2521.759949,110.0,5.648848,1.3,9.9
1743067635.486000,45.384302,6.606934,2531.123318,110.0,5.685393,1.3,9.9
1743067638.487000,45.384259,6.607106,2540.364448,110.0,5.666757,1.3,9.9
1743067641.486000,45.384214,6.607274,2550.893301,110.0,5.665852,1.3,9.9
1743067644.486000,45.384170,6.607441,2560.747782,110.0,5.633270,1.3,9.9
1743067647.485000,45.384127,6.607603,2571.341242,110.0,5.731792,1.3,9.9
1743067650.486000,45.384093,6.607768,2580.386226,94.0,5.595099,1.3,9.9
1743067653.486000,45.384048,6.607927,2592.055694,106.0,5.674012,1.3,9.9
1743067656.486000,45.384004,6.608090,2602.547008,101.0,5.554285,1.3,9.9
1743067659.487000,45.383950,6.608243,2611.848423,112.0,5.624586,1.3,9.9
1743067662.486000,45.383903,6.608394,2625.902475,114.0,5.817146,1.3,9.9
1743067665.487000,45.383877,6.608554,2634.698419,97.0,5.563715,1.3,9.9
1743067668.486000,45.383836,6.608715,2646.188001,109.0,5.670146,1.3,9.9
1743067671.486000,45.383794,6.608871,2657.230138,109.0,5.726029,1.3,9.9
1743067674.487000,45.383736,6.609005,2669.127410,137.0,5.320894,1.3,9.9
1743067677.486000,45.383667,6.609128,2681.387232,142.7,5.561778,1.3,9.9
1743067680.487000,45.383624,6.609280,2692.697508,126.6,5.510447,1.3,9.9
1743067682.528000,45.383616,6.609412,2702.462157,115.4,5.822480,1.3,10.1
1743067685.486000,45.383580,6.609579,2713.477118,117.4,5.825924,1.3,10.1
1743067688.486000,45.383531,6.609762,2724.402494,120.6,6.578995,1.3,9.9
1743067690.486000,45.383491,6.609902,2728.101344,118.7,6.427862,1.3,9.9
1743067692.486000,45.383451,6.610033,2729.647212,117.8,5.960185,1.3,9.9
1743067708.486000,45.383439,6.610163,2728.341313,50.8,1.652410,1.4,9.9
1743067825.051000,45.383403,6.610286,2709.500244,125.8,1.044383,2.3,3.0
1743067848.487000,45.383378,6.610409,2709.500244,168.2,0.333311,3.0,4.4
1743067862.486000,45.383292,6.610468,2709.900146,-1.0,0.092613,2.6,4.3
1743067879.893000,45.382628,6.610579,2704.313232,171.0,3.899530,2.5,3.8
1743067899.486000,45.382507,6.610455,2706.948176,201.1,5.591141,2.0,4.6
1743067901.486000,45.382374,6.610403,2705.673150,195.0,6.419512,2.1,3.8
1743067903.485000,45.382257,6.610354,2703.747220,195.5,6.847494,2.1,3.8
1743067905.485000,45.382137,6.610302,2702.014107,215.8,6.733534,2.1,3.8
1743067907.485000,45.382008,6.610267,2700.236510,191.7,6.890084,2.1,3.8
1743067909.486000,45.381874,6.610228,2699.125880,188.7,7.200356,2.1,3.8
1743067911.485000,45.381737,6.610208,2697.512250,182.7,7.489120,2.1,3.8
1743067913.486000,45.381658,6.610319,2694.714419,136.9,5.772614,2.1,3.8
1743067915.486000,45.381694,6.610548,2689.299144,82.2,8.002995,2.2,3.8
1743067916.487000,45.381741,6.610688,2687.657753,71.6,9.876089,2.2,3.8
1743067917.486000,45.381788,6.610847,2681.537612,68.8,11.806245,2.2,3.8
1743067918.485000,45.381830,6.611016,2676.618096,70.0,13.112303,2.2,3.8
1743067919.487000,45.381879,6.611178,2675.658325,67.9,13.301929,2.2,3.8
1743067920.486000,45.381935,6.611318,2673.104025,63.4,13.036186,2.2,3.8
1743067921.486000,45.381981,6.611449,2672.395473,61.3,12.145139,2.2,3.8
1743067922.486000,45.382016,6.611581,2672.484128,59.2,11.449360,2.2,3.8
1743067923.486000,45.382054,6.611708,2670.934583,64.9,11.039927,2.2,3.8
1743067924.486000,45.382078,6.611833,2669.974725,72.6,10.608454,2.2,3.8
1743067926.486000,45.382102,6.612040,2668.248404,48.3,8.027700,2.2,3.8
1743067928.486000,45.382168,6.612174,2666.492898,41.9,6.905782,2.2,3.8
1743067930.487000,45.382247,6.612272,2663.410644,20.9,5.072898,2.2,3.8
1743067932.486000,45.382326,6.612374,2661.346584,81.6,6.892311,2.3,3.8
1743067934.486000,45.382335,6.612529,2655.068176,129.8,5.793730,2.3,3.8
1743067936.486000,45.382319,6.612716,2648.279703,84.3,8.050759,2.3,3.8
1743067938.487000,45.382381,6.612898,2641.467138,73.0,8.380899,2.3,3.8
1743067940.487000,45.382394,6.613074,2633.880665,78.0,8.328671,2.3,3.8
1743067942.485000,45.382464,6.613247,2625.478606,59.0,8.103892,2.3,3.8
1743067944.486000,45.382531,6.613390,2616.366474,38.0,7.541601,2.3,3.8
1743067946.486000,45.382661,6.613412,2610.560897,353.0,9.921934,2.4,3.8
1743067947.485000,45.382752,6.613386,2606.209643,343.0,12.031459,2.4,3.8
1743067948.487000,45.382852,6.613337,2599.898442,337.0,13.115792,2.4,3.8
1743067949.485000,45.382958,6.613308,2595.376131,352.9,13.138034,2.4,3.8
1743067950.486000,45.383061,6.613324,2589.848124,356.9,12.691222,2.4,3.8
1743067951.486000,45.383170,6.613288,2585.594385,348.2,13.222397,2.4,3.8
1743067952.486000,45.383299,6.613293,2582.921174,2.9,14.111776,2.4,3.8
1743067953.486000,45.383402,6.613340,2578.290858,25.9,12.337556,2.4,3.8
1743067954.486000,45.383503,6.613320,2573.620280,340.1,12.139894,2.4,3.8
1743067955.487000,45.383593,6.613261,2571.737942,329.0,11.134141,2.4,5.0
1743067956.486000,45.383680,6.613221,2568.237261,351.7,10.851316,2.4,6.2
1743067957.486000,45.383772,6.613276,2565.044088,30.6,12.667301,2.4,6.9
1743067958.486000,45.383881,6.613337,2561.196056,4.0,13.109820,2.4,7.9
1743067959.486000,45.383993,6.613302,2556.039107,333.1,13.376212,2.4,8.9
1743067960.487000,45.384098,6.613252,2551.729559,352.0,13.170480,2.4,9.9
1743067961.486000,45.384205,6.613282,2546.257939,24.9,12.800389,2.4,9.9
1743067962.486000,45.384306,6.613327,2543.814916,2.0,13.003611,2.5,9.9
1743067963.487000,45.384406,6.613291,2539.874875,333.0,11.775349,2.5,9.9
1743067964.486000,45.384491,6.613220,2535.921739,328.0,11.360380,2.5,9.9
1743067965.486000,45.384583,6.613169,2532.841952,349.0,12.419388,2.5,9.9
1743067966.486000,45.384685,6.613189,2529.749088,23.0,12.033891,2.5,9.9
1743067967.486000,45.384780,6.613263,2525.829656,28.0,12.838678,2.5,9.9
1743067968.486000,45.384886,6.613296,2522.667062,357.1,13.340104,2.5,9.9
1743067969.486000,45.385005,6.613254,2515.938377,344.1,14.406688,2.5,9.9
1743067970.487000,45.385131,6.613244,2510.634479,9.8,15.111259,2.1,9.9
1743067971.486000,45.385261,6.613257,2505.739625,353.1,15.544364,2.1,9.9
1743067972.486000,45.385390,6.613213,2498.402564,344.1,16.113537,2.1,9.9
1743067973.486000,45.385518,6.613176,2490.550938,350.7,15.988822,2.1,9.9
1743067974.487000,45.385658,6.613188,2484.988326,3.8,17.059769,1.6,9.9
1743067975.486000,45.385802,6.613212,2479.299631,2.0,16.786613,1.6,9.9
1743067976.487000,45.385941,6.613233,2474.451454,5.0,16.800043,1.6,9.9
1743067977.486000,45.386082,6.613211,2466.578727,343.2,17.468452,1.6,9.9
1743067978.485000,45.386229,6.613181,2459.764381,357.9,18.523081,1.6,9.9
1743067979.486000,45.386384,6.613136,2454.452136,334.1,19.555405,1.6,9.9
1743067980.486000,45.386539,6.613070,2449.301191,354.9,18.951397,1.6,9.9
1743067981.487000,45.386696,6.613104,2441.882284,16.9,19.156864,1.5,9.9
1743067982.486000,45.386854,6.613128,2436.595797,348.1,18.794886,1.5,9.9
1743067983.485000,45.387003,6.613036,2429.604051,327.1,18.785887,1.5,9.9
1743067984.486000,45.387144,6.612938,2426.045870,341.9,18.557199,1.5,9.9
1743067985.486000,45.387312,6.612936,2422.531868,6.8,19.803247,1.5,9.9
1743067986.486000,45.387483,6.612946,2414.076279,351.0,18.995808,1.5,9.9
1743067987.486000,45.387645,6.612922,2408.405624,359.0,18.591267,1.5,9.9
1743067988.486000,45.387783,6.612957,2404.927468,19.9,15.906704,1.5,9.9
1743067989.486000,45.387910,6.613040,2401.293574,24.0,17.374693,1.5,9.9
1743067990.486000,45.388056,6.613080,2394.673805,358.0,18.154682,1.5,9.9
1743067991.487000,45.388219,6.613096,2387.287909,12.0,19.741034,1.5,9.9
1743067992.486000,45.388384,6.613137,2377.269054,4.1,19.224340,1.5,9.9
1743067993.486000,45.388538,6.613096,2370.510466,340.3,19.363394,1.5,9.9
1743067994.486000,45.388669,6.613009,2363.017346,334.0,16.473877,1.5,9.9
1743067995.485000,45.388788,6.612927,2360.782222,333.0,16.829790,1.5,9.9
1743067996.485000,45.388912,6.612869,2358.746435,350.0,14.680944,1.5,9.9
1743067997.486000,45.389028,6.612842,2357.608162,347.1,13.975195,1.5,9.9
1743067999.487000,45.389152,6.612917,2350.267902,348.0,6.109657,1.5,9.9
1743068002.486000,45.389256,6.612905,2345.267262,342.0,5.139700,2.6,9.9
1743068005.487000,45.389364,6.612851,2363.086543,334.1,5.641242,1.5,9.9
1743068018.486000,45.389462,6.612851,2361.726676,328.0,2.875542,2.2,10.7
1743068033.486000,45.389560,6.612831,2359.693972,357.8,5.335605,2.2,10.1
1743068035.486000,45.389698,6.612755,2355.486493,335.6,9.489922,2.1,9.9
1743068036.486000,45.389787,6.612724,2353.736450,351.6,10.953825,2.5,9.9
1743068037.486000,45.389884,6.612666,2347.983381,324.9,13.050727,2.1,9.9
1743068038.487000,45.389974,6.612546,2345.227539,315.7,14.122725,1.8,9.9
1743068039.486000,45.390055,6.612438,2341.596194,319.8,12.940849,1.9,10.0
1743068040.486000,45.390154,6.612357,2337.333301,330.6,13.589525,1.9,10.0
1743068041.486000,45.390250,6.612258,2333.637460,320.0,13.969954,1.9,10.0
1743068042.487000,45.390344,6.612167,2327.543698,326.1,13.699874,1.9,10.0
1743068043.486000,45.390450,6.612089,2323.118884,327.8,13.996861,1.9,10.0
1743068044.486000,45.390574,6.612039,2317.012249,334.1,14.346245,1.9,10.0
1743068045.487000,45.390710,6.612028,2313.481536,350.0,14.463480,1.9,10.0
1743068046.485000,45.390841,6.612004,2307.457013,347.3,14.587867,2.0,10.0
1743068047.487000,45.390981,6.611987,2304.017546,350.4,15.063885,2.0,10.0
1743068048.485000,45.391130,6.611990,2299.914529,355.1,15.465458,1.8,10.0
1743068049.486000,45.391255,6.612044,2294.007971,3.8,14.938564,2.0,10.0
1743068050.487000,45.391362,6.612147,2289.444608,12.5,14.377881,1.9,10.2
1743068051.486000,45.391449,6.612294,2279.597327,20.7,14.669555,2.0,10.3
1743068052.487000,45.391539,6.612491,2275.349728,30.0,15.712673,2.0,10.5
1743068053.486000,45.391661,6.612708,2268.524526,33.9,19.331436,1.9,10.8
1743068054.487000,45.391797,6.612892,2260.423752,29.3,20.606138,2.0,10.8
1743068055.485000,45.391923,6.613074,2255.035932,41.9,20.405109,1.9,10.7
1743068056.486000,45.392034,6.613299,2247.665839,48.0,21.437254,2.0,10.6
1743068057.486000,45.392142,6.613536,2242.796883,55.0,21.713675,1.9,10.6
1743068058.486000,45.392244,6.613777,2237.547224,55.0,21.629930,2.0,10.4
1743068059.486000,45.392363,6.613999,2232.281447,44.0,21.225990,1.9,10.3
1743068060.485000,45.392486,6.614202,2227.064521,50.0,21.117811,1.9,10.1
1743068061.486000,45.392570,6.614435,2223.993805,71.9,19.737120,1.9,10.0
1743068062.487000,45.392622,6.614670,2220.961991,67.0,18.296898,1.9,10.0
1743068063.486000,45.392705,6.614847,2218.943341,41.0,16.109064,2.0,9.9
1743068064.486000,45.392805,6.614975,2218.462279,45.0,14.273428,1.9,9.9
1743068065.487000,45.392857,6.615116,2217.974085,75.0,11.558793,1.9,9.9
1743068066.486000,45.392856,6.615252,2217.108421,95.0,9.599564,2.0,9.9
1743068068.486000,45.392881,6.615495,2216.703595,82.0,9.094748,1.8,9.9
1743068071.486000,45.392836,6.615653,2213.660641,96.0,4.375060,2.0,9.9
1743068073.487000,45.392839,6.615805,2211.510532,90.9,6.376289,1.9,9.9
1743068075.486000,45.392841,6.615973,2209.047742,56.0,8.314689,2.0,9.9
1743068077.486000,45.392940,6.616133,2203.633203,66.0,8.779770,2.0,9.9
1743068079.486000,45.392958,6.616309,2198.323135,66.0,6.403765,2.0,9.9
1743068081.486000,45.393051,6.616387,2196.546976,42.0,5.989618,2.0,9.9
1743068089.487000,45.393114,6.616480,2191.445785,359.0,4.004478,2.1,9.9
1743068091.486000,45.393205,6.616431,2187.576948,322.0,6.676876,1.9,9.9
1743068093.486000,45.393281,6.616319,2182.380789,302.0,5.570084,2.4,9.9
1743068095.486000,45.393383,6.616282,2180.429042,20.9,9.226007,2.0,9.9
1743068097.486000,45.393551,6.616334,2174.122875,16.8,10.494991,2.0,9.9
1743068098.486000,45.393652,6.616375,2166.288689,12.0,13.283937,2.4,9.9
1743068099.487000,45.393763,6.616416,2163.171376,16.0,12.857803,2.1,9.9
1743068100.486000,45.393856,6.616506,2156.902415,44.9,14.054570,2.0,9.9
1743068101.486000,45.393932,6.616624,2153.724979,45.0,12.717827,2.2,9.9
1743068102.486000,45.394029,6.616700,2149.559619,15.2,13.879195,2.1,9.9
1743068103.486000,45.394153,6.616737,2143.030086,11.0,15.091848,2.3,9.9
1743068104.486000,45.394270,6.616821,2137.750744,38.9,15.997641,2.5,9.9
1743068105.486000,45.394387,6.616936,2130.656211,26.0,17.051317,2.5,9.9
1743068106.487000,45.394514,6.617036,2124.361702,31.9,17.655836,2.5,9.9
1743068107.486000,45.394646,6.617134,2115.843651,22.2,18.219769,2.4,9.9
1743068108.486000,45.394774,6.617255,2110.623157,45.7,17.771292,2.1,9.9
1743068109.486000,45.394885,6.617393,2107.876640,33.2,16.824356,2.3,9.9
1743068110.486000,45.394993,6.617404,2106.429556,346.7,12.047232,2.3,9.9
1743068112.486000,45.395131,6.617504,2103.985861,73.0,8.781621,2.4,9.9
1743068114.486000,45.395256,6.617667,2099.473830,29.0,10.977987,2.5,9.9
1743068115.485000,45.395340,6.617755,2097.276251,46.0,12.248767,2.5,9.9
1743068116.486000,45.395432,6.617840,2093.725102,19.0,12.758006,2.5,9.9
1743068117.486000,45.395543,6.617886,2091.036674,16.0,12.997722,2.1,9.9
1743068118.486000,45.395647,6.617965,2084.700195,39.0,14.429901,2.3,9.9
1743068119.486000,45.395728,6.618113,2084.700195,61.0,15.324695,2.3,9.9
1743068120.487000,45.395809,6.618270,2077.275298,44.0,15.900171,2.2,9.9
1743068121.486000,45.395926,6.618381,2073.185067,27.0,16.725863,2.5,9.9
1743068122.486000,45.396062,6.618456,2069.154056,17.0,16.853485,2.5,9.9
1743068123.486000,45.396198,6.618519,2066.697673,20.0,16.390518,2.5,9.9
1743068124.487000,45.396316,6.618623,2062.898535,41.0,15.803885,2.6,9.9
1743068125.486000,45.396404,6.618771,2059.312742,55.0,14.831440,2.6,9.9
1743068126.486000,45.396485,6.618918,2057.699779,46.0,14.897497,2.7,9.9
1743068127.485000,45.396586,6.619042,2057.259936,39.0,14.838694,2.2,9.9
1743068128.487000,45.396672,6.619171,2055.596505,57.0,13.256667,2.4,9.9
1743068129.487000,45.396720,6.619306,2051.951894,67.0,10.552174,2.1,9.9
1743068131.486000,45.396831,6.619428,2046.040941,344.2,6.223663,2.6,9.9
1743068133.487000,45.396948,6.619438,2044.115901,11.0,8.758202,2.6,9.9
1743068140.486000,45.397038,6.619473,2040.146207,50.0,4.468237,2.2,10.0
1743068143.486000,45.397067,6.619660,2014.096451,84.0,6.822976,2.7,9.9
1743068145.486000,45.397099,6.619817,2034.528681,111.5,7.158580,2.3,9.9
1743068161.486000,45.397167,6.619986,2033.233008,72.5,7.047214,1.8,4.1
1743068163.486000,45.397214,6.620177,2031.552119,73.6,8.174028,2.0,3.8
1743068165.486000,45.397256,6.620372,2029.813137,74.3,8.789422,1.8,3.8
1743068167.486000,45.397302,6.620591,2027.805860,73.0,9.013356,1.9,3.8
1743068169.487000,45.397344,6.620841,2023.285087,74.0,10.654913,2.2,3.8
1743068170.486000,45.397369,6.620978,2021.660901,74.0,11.253352,2.1,3.8
1743068171.487000,45.397403,6.621133,2019.641261,71.7,12.829395,2.0,3.8
1743068172.486000,45.397422,6.621314,2016.736766,83.7,14.729232,1.9,3.8
1743068173.486000,45.397418,6.621494,2012.542637,93.7,14.344178,2.1,3.8
1743068174.486000,45.397402,6.621675,2008.521433,96.1,14.606480,2.1,3.8
1743068175.487000,45.397451,6.621840,2008.249148,72.4,13.783296,1.9,3.8
1743068176.486000,45.397501,6.622001,2005.691797,69.3,13.709078,1.9,3.8
1743068177.485000,45.397593,6.622024,2003.322437,60.9,12.133326,1.8,3.8
1743068178.486000,45.397700,6.621996,2000.417155,49.2,10.549752,1.9,3.8
1743068179.487000,45.397836,6.621878,1998.396956,22.5,10.621582,2.1,3.9
1743068180.486000,45.397967,6.621751,1992.642795,1.2,11.446086,2.0,4.1
1743068181.486000,45.398116,6.621711,1991.921650,355.4,12.158653,1.9,4.2
1743068182.487000,45.398210,6.621741,1990.041351,359.2,11.529587,2.1,4.4
1743068184.487000,45.398306,6.622082,1987.211670,51.4,12.241033,2.0,5.0
1743068185.486000,45.398376,6.622244,1986.138589,46.8,13.023494,1.9,5.0
1743068186.486000,45.398456,6.622386,1984.398859,46.0,13.274145,1.9,5.1
1743068187.486000,45.398548,6.622514,1983.470105,43.1,13.453707,1.8,5.3
1743068188.486000,45.398656,6.622610,1981.293841,29.9,14.258625,1.9,5.4
1743068189.486000,45.398779,6.622666,1979.909136,2.6,14.432493,1.9,5.3
1743068190.485000,45.398906,6.622684,1976.506053,0.5,14.568259,2.4,5.3
1743068191.486000,45.399024,6.622732,1975.503647,6.8,14.719627,1.8,5.1
1743068192.485000,45.399141,6.622846,1969.045857,24.6,15.531793,1.8,4.6
1743068193.487000,45.399237,6.623018,1963.972308,53.6,17.527231,1.9,4.3
1743068194.486000,45.399331,6.623191,1962.138679,53.0,17.349304,2.2,4.2
1743068195.487000,45.399388,6.623372,1961.526161,57.2,16.302002,2.1,3.8
1743068196.486000,45.399461,6.623554,1961.185363,57.6,16.128233,2.1,3.9
1743068197.486000,45.399585,6.623612,1960.729458,32.5,15.147128,2.1,3.9
1743068198.487000,45.399717,6.623679,1957.140442,20.0,16.070145,2.2,4.0
1743068199.485000,45.399836,6.623784,1954.405292,30.5,16.591774,2.2,4.0
1743068200.486000,45.399893,6.623959,1950.206925,39.6,15.613872,2.1,4.0
1743068201.487000,45.399972,6.624126,1948.605650,45.9,15.917495,2.1,3.9
1743068202.486000,45.400065,6.624284,1945.783403,46.0,16.002468,2.0,4.1
1743068203.486000,45.400157,6.624320,1942.389648,43.8,15.238463,2.0,4.3
1743068204.487000,45.400302,6.624206,1941.443069,11.6,14.501879,2.0,4.4
1743068205.485000,45.400440,6.624160,1939.080791,3.5,14.491851,1.8,4.4
1743068206.486000,45.400542,6.624179,1938.213516,4.2,13.838542,1.8,4.4
1743068208.486000,45.400652,6.624296,1937.949111,16.0,9.897212,1.8,5.0
1743068209.486000,45.400664,6.624484,1936.881565,28.1,9.589911,1.8,5.4
1743068210.487000,45.400728,6.624646,1932.606541,28.2,12.848103,2.2,6.2
1743068211.486000,45.400804,6.624790,1931.418343,29.0,13.180077,2.6,6.5
1743068212.486000,45.400896,6.624816,1929.626099,354.0,13.516365,2.1,6.0
1743068213.486000,45.401001,6.624857,1928.161981,12.7,12.816157,2.3,5.7
1743068214.486000,45.401111,6.624897,1928.095095,12.0,13.109142,2.0,4.6
1743068216.485000,45.401071,6.625142,1930.592265,114.4,14.615791,1.5,4.2
1743068217.486000,45.401056,6.625292,1928.928289,79.0,9.555357,2.1,4.2
1743068219.485000,45.401143,6.625508,1927.814382,47.0,9.819834,2.1,4.2
1743068221.486000,45.401271,6.625670,1926.302949,36.0,10.214002,1.9,3.8
1743068223.486000,45.401417,6.625826,1924.036021,32.0,10.788690,1.9,3.8
1743068224.486000,45.401501,6.625891,1922.845495,25.0,10.967652,1.9,3.8
1743068225.487000,45.401581,6.625957,1921.800168,31.0,10.460962,1.8,3.8
1743068226.485000,45.401654,6.626034,1920.326444,34.9,10.159265,1.9,3.8
1743068227.486000,45.401730,6.626105,1920.101391,36.0,10.585820,1.7,3.8
1743068228.486000,45.401816,6.626151,1917.239100,20.3,10.603380,2.0,3.8
1743068230.485000,45.401982,6.626082,1913.186895,340.3,9.718329,2.4,3.8
1743068232.486000,45.402077,6.625946,1910.336821,340.7,7.735144,2.1,3.8
1743068236.486000,45.402172,6.625933,1914.389151,332.1,1.854685,1.5,3.8
1743068256.487000,45.402293,6.625914,1930.438455,359.0,5.616918,1.8,3.8
1743068258.486000,45.402409,6.625896,1927.947908,351.0,7.670034,1.8,3.8
1743068260.487000,45.402546,6.625846,1923.752309,330.2,9.101378,1.8,3.8
1743068262.486000,45.402731,6.625776,1920.910561,357.7,12.215888,1.5,3.8
1743068263.487000,45.402822,6.625820,1919.912498,28.8,10.115514,1.5,3.8
1743068265.485000,45.402886,6.625972,1918.501809,80.0,5.965125,1.5,3.8
1743068267.486000,45.402943,6.626081,1913.585695,44.0,5.896593,1.9,3.8
1743068269.486000,45.403013,6.626163,1913.539352,66.0,5.195399,1.5,3.8
1743068271.486000,45.403082,6.626250,1912.877379,17.2,7.157646,1.5,3.8
1743068273.486000,45.403198,6.626266,1907.945677,358.2,6.707501,1.5,3.8
1743068276.487000,45.403295,6.626159,1911.979074,325.0,6.091926,1.5,5.0
1743068278.486000,45.403413,6.626113,1910.868034,5.0,7.353088,1.4,6.9
1743068280.486000,45.403553,6.626187,1906.518230,35.0,9.361750,1.4,8.9
1743068282.486000,45.403691,6.626330,1902.168223,32.0,10.141034,1.6,9.9
1743068283.486000,45.403767,6.626400,1900.980006,32.0,10.392238,1.6,9.9
1743068284.486000,45.403844,6.626474,1900.336522,35.0,10.593299,1.5,9.9
1743068285.486000,45.403922,6.626556,1895.550833,37.0,11.040996,1.5,9.9
1743068286.487000,45.404001,6.626645,1893.433842,39.0,11.194905,1.5,9.9
1743068287.487000,45.404079,6.626735,1897.672467,38.0,11.528914,1.4,9.9
1743068288.486000,45.404162,6.626825,1896.376237,27.1,11.838032,1.4,9.9
1743068289.486000,45.404250,6.626904,1894.487898,21.1,11.516452,1.4,9.9
1743068290.486000,45.404336,6.626984,1894.258689,20.0,11.440079,1.4,9.9
1743068291.486000,45.404419,6.627074,1892.916147,19.0,11.468577,1.5,9.9
1743068292.486000,45.404502,6.627167,1891.200757,26.9,11.511990,1.5,9.9
1743068293.487000,45.404582,6.627273,1890.182872,19.2,11.818836,1.5,9.9
1743068294.487000,45.404663,6.627375,1888.571275,30.8,11.812456,1.5,9.9
1743068295.485000,45.404736,6.627490,1887.265871,35.9,11.677928,1.4,9.9
1743068296.486000,45.404802,6.627596,1887.482383,39.9,11.157778,1.4,9.9
1743068297.485000,45.404866,6.627700,1886.371586,36.1,11.188935,1.4,9.9
1743068298.486000,45.404930,6.627804,1886.172171,44.8,11.228372,1.4,9.9
1743068299.485000,45.404991,6.627921,1884.836179,49.9,11.270765,1.4,9.9
1743068300.486000,45.405053,6.628034,1884.005323,48.0,11.322403,1.4,9.9
1743068301.486000,45.405125,6.628137,1883.453924,43.1,11.254012,1.5,9.9
1743068302.486000,45.405203,6.628230,1881.582230,34.2,11.363146,1.6,9.9
1743068303.486000,45.405278,6.628325,1880.932458,49.7,11.108621,1.6,9.9
1743068304.486000,45.405335,6.628437,1878.124957,47.1,10.467284,1.5,9.9
1743068306.487000,45.405465,6.628561,1879.641471,18.9,8.500909,1.4,9.9
1743068308.487000,45.405606,6.628659,1878.311231,41.0,9.268909,1.4,9.9
1743068310.486000,45.405756,6.628803,1875.771426,27.0,10.984967,1.4,9.9
1743068311.486000,45.405844,6.628857,1873.570349,23.0,10.809508,1.4,9.9
1743068312.485000,45.405931,6.628907,1871.887331,21.0,10.758895,1.5,9.9
1743068313.485000,45.406018,6.628956,1871.073763,22.0,10.529819,1.6,9.9
1743068314.485000,45.406106,6.629004,1869.644278,17.1,10.899505,1.6,9.9
1743068315.485000,45.406196,6.629040,1868.157492,13.1,10.512540,1.5,9.9
1743068317.485000,45.406366,6.629072,1865.523579,1.1,9.074335,1.4,9.9
1743068319.486000,45.406519,6.629061,1866.206346,356.7,8.513682,1.4,9.9
1743068321.485000,45.406650,6.629006,1864.670279,335.8,7.759486,1.4,9.9
1743068323.485000,45.406736,6.628906,1864.936979,300.2,5.641968,1.4,9.9
1743068326.485000,45.406821,6.628848,1865.474007,12.4,3.040659,1.6,9.9
1743068330.486000,45.406932,6.628857,1865.604873,312.2,4.115103,1.4,9.9
1743068333.485000,45.407036,6.628823,1863.298475,306.0,4.023863,1.4,9.9
1743068336.485000,45.407153,6.628840,1861.958862,310.0,3.908165,1.6,9.9
1743068338.485000,45.407251,6.628920,1862.218107,6.0,4.260114,1.5,9.9
1743068340.485000,45.407342,6.628985,1861.661713,5.0,4.657844,1.4,9.9
1743068342.485000,45.407442,6.629043,1861.374831,2.0,5.356221,1.4,9.9
1743068344.485000,45.407548,6.629095,1859.988059,9.0,6.130014,1.4,9.9
1743068346.485000,45.407662,6.629150,1857.159611,7.0,6.618007,1.4,9.9
1743068348.485000,45.407779,6.629214,1856.038761,10.0,6.902947,1.5,9.9
1743068350.485000,45.407902,6.629264,1854.735478,8.0,7.317163,1.6,9.9
1743068352.485000,45.408026,6.629309,1853.674054,11.0,7.097745,1.4,9.9
1743068354.485000,45.408146,6.629361,1853.478698,11.0,6.740394,1.4,9.9
1743068356.485000,45.408254,6.629407,1853.400619,13.0,6.017352,1.4,9.9
1743068358.484000,45.408350,6.629453,1852.752646,11.0,5.470606,1.4,9.9
1743068360.485000,45.408439,6.629491,1852.316371,9.0,4.967654,1.4,9.9
1743068363.485000,45.408550,6.629537,1856.293066,8.0,3.780901,1.4,9.9
1743068366.485000,45.408644,6.629580,1856.733062,20.9,4.157336,1.5,9.9
1743068369.485000,45.408745,6.629635,1855.580325,12.0,3.691511,1.5,9.9
1743068372.485000,45.408854,6.629674,1851.842160,6.0,4.707513,1.5,9.9
1743068375.485000,45.408979,6.629716,1852.910220,7.0,4.650899,1.5,9.9
1743068378.485000,45.409098,6.629758,1852.807236,8.0,4.763500,1.5,9.9
1743068380.485000,45.409186,6.629790,1852.283916,6.0,5.127894,1.5,9.9
1743068382.485000,45.409276,6.629822,1852.425833,11.0,5.044155,1.6,9.9
1743068384.485000,45.409372,6.629848,1848.417481,356.0,5.505647,1.6,9.9
1743068386.485000,45.409478,6.629851,1850.872793,9.9,5.750691,1.6,9.9
1743068388.485000,45.409590,6.629885,1848.492671,10.0,7.032381,1.6,9.9
1743068390.485000,45.409737,6.629901,1845.057047,5.0,8.548278,1.6,9.9
1743068392.485000,45.409900,6.629927,1843.152683,2.0,9.436106,1.6,9.9
1743068394.485000,45.410081,6.629970,1839.276603,1.1,10.804477,1.6,9.9
1743068395.484000,45.410184,6.629994,1838.039772,6.0,11.381910,1.6,9.9
1743068396.485000,45.410290,6.630031,1835.022045,8.0,12.108143,1.6,9.9
1743068397.485000,45.410402,6.630066,1832.615694,5.0,12.565679,1.6,9.9
1743068398.485000,45.410513,6.630096,1828.753988,8.0,12.580473,1.7,9.9
1743068399.485000,45.410621,6.630128,1828.368574,9.0,12.160915,1.7,9.9
1743068400.485000,45.410723,6.630165,1825.748443,14.9,11.857119,1.7,9.9
1743068401.485000,45.410817,6.630211,1825.563375,16.0,11.307468,1.7,9.9
1743068402.485000,45.410910,6.630256,1825.360216,16.0,10.888923,1.7,9.9
1743068403.485000,45.411006,6.630302,1824.917888,22.0,11.651317,1.7,9.9
1743068404.486000,45.411111,6.630355,1821.610520,21.0,12.271906,1.7,9.9
1743068405.485000,45.411219,6.630406,1821.205536,19.0,12.247459,1.7,9.9
1743068406.485000,45.411322,6.630452,1819.792017,17.0,12.004419,1.7,9.9
1743068407.485000,45.411426,6.630487,1818.300901,14.0,11.857090,1.7,9.9
1743068408.486000,45.411528,6.630511,1816.276649,19.9,11.517070,1.7,9.9
1743068409.486000,45.411628,6.630543,1816.210564,7.1,11.380416,1.7,9.9
1743068410.485000,45.411728,6.630567,1815.075211,8.0,11.293704,1.7,9.9
1743068411.485000,45.411824,6.630590,1815.814713,5.0,11.028576,1.7,9.9
1743068412.484000,45.411922,6.630598,1814.872364,12.9,10.879489,1.7,9.9
1743068413.485000,45.412017,6.630624,1812.935819,9.0,11.126862,1.8,9.9
1743068414.486000,45.412115,6.630659,1811.631833,7.0,11.234351,1.8,9.9
1743068415.484000,45.412213,6.630687,1809.885823,359.0,11.256227,1.8,9.9
1743068416.486000,45.412311,6.630695,1807.990505,356.0,10.992131,1.8,9.9
1743068417.486000,45.412408,6.630699,1804.119294,7.9,11.330544,1.8,9.9
1743068418.485000,45.412512,6.630724,1802.487652,27.8,11.818245,1.8,9.9
1743068419.485000,45.412610,6.630786,1800.576269,15.1,12.094495,1.8,9.9
1743068420.484000,45.412714,6.630833,1797.503895,7.1,12.284396,1.8,9.9
1743068421.485000,45.412820,6.630864,1795.688409,355.1,11.911575,1.9,9.9
1743068422.484000,45.412920,6.630872,1795.397453,3.9,11.098861,1.8,9.9
1743068423.486000,45.413012,6.630877,1794.240095,15.9,10.446842,1.8,9.9
1743068424.486000,45.413103,6.630894,1793.784994,50.5,10.206452,1.9,9.9
1743068426.485000,45.413244,6.631009,1793.907872,50.8,9.225113,1.9,9.9
1743068428.485000,45.413389,6.631092,1787.246979,7.0,9.027034,1.9,9.9
1743068430.485000,45.413528,6.631193,1783.445859,61.5,9.399759,1.9,9.9
1743068432.485000,45.413636,6.631370,1780.504998,23.4,9.423069,1.9,9.9
1743068434.486000,45.413766,6.631518,1775.536709,69.7,8.908666,1.9,9.9
1743068436.485000,45.413836,6.631700,1771.721402,31.5,8.448297,1.9,9.9
1743068438.486000,45.413943,6.631835,1769.491633,62.8,8.102347,1.9,9.9
1743068440.485000,45.414054,6.631954,1767.668281,13.2,8.648396,2.0,9.9
1743068442.485000,45.414189,6.631994,1766.388121,14.9,6.789721,2.0,9.9
1743068462.485000,45.414220,6.632076,1768.099976,-1.0,0.000000,2.2,9.9
1743068467.486000,45.414231,6.632134,1766.800049,69.0,2.729837,3.0,9.9
1743068470.485000,45.414315,6.632243,1766.800049,22.0,5.360880,2.9,9.9
1743068472.486000,45.414432,6.632285,1763.400024,15.0,7.527080,3.2,9.9
1743068474.485000,45.414571,6.632350,1761.878822,14.0,8.158410,3.4,9.9
1743068476.485000,45.414706,6.632408,1759.572101,20.9,7.606143,2.9,9.9
1743068478.485000,45.414820,6.632510,1758.164921,40.8,7.729832,2.9,9.9
1743068480.485000,45.414943,6.632547,1755.501804,356.3,6.907265,2.5,9.9
1743068482.484000,45.415086,6.632587,1754.051742,25.0,9.988544,3.0,9.9
1743068484.484000,45.415242,6.632676,1750.627826,21.9,9.978696,3.1,10.0
1743068486.484000,45.415376,6.632810,1747.455249,34.1,9.260824,3.1,10.4
1743068488.486000,45.415494,6.632969,1746.389844,64.5,8.600971,3.2,11.0
1743068490.486000,45.415575,6.633127,1745.981838,60.1,7.029969,3.1,10.8
1743068492.485000,45.415665,6.633241,1744.508038,54.2,7.007675,3.2,10.4
1743068494.485000,45.415758,6.633321,1743.902915,43.2,6.370604,3.5,9.9
1743068496.485000,45.415850,6.633384,1743.192495,39.8,5.948713,3.3,9.9
1743068498.486000,45.415960,6.633459,1740.998770,31.2,6.965330,3.1,9.9
1743068500.485000,45.416085,6.633567,1737.932338,34.2,8.061804,3.2,9.9
1743068502.485000,45.416220,6.633697,1734.317845,35.1,9.075435,3.1,9.9
1743068504.485000,45.416383,6.633811,1729.956420,26.6,10.060060,3.2,9.9
1743068505.485000,45.416478,6.633851,1728.719029,20.9,10.537702,2.8,9.9
1743068506.485000,45.416574,6.633893,1726.605217,21.0,10.914054,2.9,9.9
1743068507.484000,45.416661,6.633945,1724.506947,29.8,10.752646,3.3,9.9
1743068509.485000,45.416782,6.634099,1722.853554,38.2,9.093216,3.2,9.9
1743068511.485000,45.416884,6.634230,1722.318979,36.1,8.078510,2.7,9.9
1743068513.484000,45.416980,6.634352,1721.685476,35.8,7.419990,3.4,9.9
1743068515.486000,45.417074,6.634460,1719.835971,30.0,6.786934,3.5,9.9
1743068517.484000,45.417154,6.634604,1717.241054,49.5,6.818917,2.1,9.9
1743068519.485000,45.417209,6.634793,1716.058117,58.4,7.585579,3.2,9.9
1743068521.485000,45.417260,6.635007,1713.504529,63.6,8.598281,3.2,9.9
1743068523.485000,45.417327,6.635220,1709.420006,51.7,8.974749,3.0,9.9
1743068525.484000,45.417446,6.635401,1706.936375,51.0,9.678586,3.3,9.9
1743068527.485000,45.417530,6.635624,1703.910944,59.3,9.879664,3.4,9.9
1743068529.485000,45.417664,6.635798,1699.970718,38.4,10.234952,3.5,9.9
1743068530.485000,45.417755,6.635868,1696.738192,32.9,11.007587,3.5,9.9
1743068531.485000,45.417826,6.635981,1693.023470,57.5,12.345836,3.5,9.9
1743068532.485000,45.417874,6.636115,1690.473402,78.6,12.016520,3.4,9.9
1743068533.484000,45.417906,6.636251,1688.264252,61.6,11.538157,3.6,9.9
1743068534.485000,45.417981,6.636341,1684.775194,20.0,11.883005,3.5,9.9
1743068535.486000,45.418083,6.636351,1683.103271,354.8,10.501194,3.5,9.9
1743068536.486000,45.418177,6.636334,1681.065037,359.7,10.866088,2.9,9.9
1743068537.485000,45.418264,6.636364,1678.886218,35.1,10.606275,3.0,9.9
1743068538.484000,45.418320,6.636468,1676.880463,71.9,10.692556,2.6,9.9
1743068539.485000,45.418358,6.636596,1674.452811,50.9,10.829690,2.6,9.9
1743068540.485000,45.418437,6.636675,1671.059185,18.1,11.665105,2.8,9.9
1743068541.484000,45.418535,6.636697,1668.902163,2.5,9.926718,3.7,9.9
1743068543.485000,45.418679,6.636662,1666.114921,351.7,7.376829,3.4,9.9
1743068545.485000,45.418760,6.636768,1663.570140,65.6,7.299495,3.4,9.9
1743068547.485000,45.418864,6.636851,1659.330350,354.1,6.436194,3.2,9.9
1743068549.485000,45.418953,6.636826,1656.118741,352.9,5.105933,3.4,9.9
1743068551.485000,45.419057,6.636855,1654.100202,13.1,6.524274,2.9,9.9
1743068553.486000,45.419189,6.636919,1649.558155,3.8,6.442501,2.9,9.9
1743068560.485000,45.419279,6.636894,1645.330303,348.1,1.448641,3.2,9.9
1743068619.486000,45.419327,6.637026,1643.184143,95.0,5.222661,3.2,9.9
1743068622.484000,45.419285,6.637208,1639.674611,108.0,5.623111,3.0,9.9
1743068624.486000,45.419259,6.637361,1640.780310,111.0,6.457053,1.7,9.9
1743068626.485000,45.419220,6.637502,1635.241331,94.1,6.824435,2.6,9.9
1743068628.485000,45.419188,6.637661,1633.466913,112.8,5.757343,1.7,9.9
1743068630.485000,45.419217,6.637795,1630.014817,43.0,7.828364,2.5,9.9
1743068632.485000,45.419275,6.637976,1624.982658,100.0,6.879681,2.8,9.9
1743068634.485000,45.419305,6.638138,1621.017983,47.1,9.091227,3.2,9.9
1743068636.485000,45.419364,6.638341,1616.389653,83.8,7.917485,2.2,9.9
1743068639.486000,45.419453,6.638426,1610.921495,348.0,7.811250,2.7,9.9
1743068641.485000,45.419571,6.638396,1606.492214,29.9,7.962513,3.0,9.9
1743068643.485000,45.419605,6.638558,1601.444502,81.0,5.444381,3.0,9.9
1743068645.485000,45.419706,6.638634,1596.554454,351.0,9.262735,3.0,9.9
1743068647.485000,45.419838,6.638646,1590.478928,52.9,8.182218,3.0,9.9
1743068649.485000,45.419860,6.638874,1585.665642,96.0,8.890377,2.1,9.9
1743068651.484000,45.419967,6.639025,1578.468652,12.1,11.388380,3.1,9.9
1743068652.485000,45.420062,6.639033,1574.004782,1.1,10.299647,3.3,9.9
1743068654.485000,45.420146,6.639191,1567.738736,93.6,8.116364,2.9,9.9
1743068656.485000,45.420228,6.639363,1562.922066,26.0,10.985666,2.8,9.9
1743068657.485000,45.420317,6.639422,1559.584694,28.0,11.274172,2.2,9.9
1743068659.485000,45.420374,6.639622,1554.150183,93.0,7.910889,2.3,9.9
1743068661.485000,45.420384,6.639802,1551.397733,75.0,7.693779,2.3,9.9
1743068663.485000,45.420490,6.639902,1547.552562,352.3,6.601419,2.3,9.9
1743068665.485000,45.420598,6.639922,1542.136773,44.8,8.598139,2.7,9.9
1743068667.485000,45.420650,6.640094,1538.607791,55.0,7.437662,3.1,9.9
1743068669.485000,45.420777,6.640141,1536.032648,345.0,8.236471,1.7,9.9
1743068671.485000,45.420895,6.640160,1532.096962,40.0,7.703561,1.7,9.9
1743068673.485000,45.420996,6.640280,1527.392556,4.0,8.166758,1.6,9.9
1743068675.486000,45.421128,6.640371,1521.368098,56.0,9.155997,1.6,9.9
1743068677.485000,45.421271,6.640438,1511.496312,359.0,9.225263,2.9,9.9
1743068679.485000,45.421390,6.640585,1507.962603,58.9,10.384513,2.9,9.9
1743068681.485000,45.421550,6.640646,1502.597623,353.0,10.126341,2.7,9.9
1743068683.485000,45.421706,6.640753,1498.159930,58.0,11.007195,2.2,9.9
1743068684.486000,45.421764,6.640855,1496.881765,37.0,9.989492,2.2,9.9
1743068686.485000,45.421936,6.640874,1491.138157,344.0,9.426377,2.3,9.9
1743068688.485000,45.422110,6.640787,1486.218484,337.0,11.219078,3.0,9.9
1743068689.485000,45.422202,6.640742,1484.403578,341.0,11.003492,2.7,9.9
1743068690.486000,45.422297,6.640700,1482.378780,342.0,11.637878,2.8,9.9
1743068691.486000,45.422397,6.640658,1480.273521,343.0,12.290587,3.0,9.9
1743068692.485000,45.422507,6.640621,1476.654745,349.0,13.463379,2.7,9.9
1743068693.486000,45.422630,6.640618,1474.671579,6.0,14.514742,3.0,9.9
1743068694.485000,45.422761,6.640624,1468.018982,355.0,15.472301,2.9,9.9
1743068695.485000,45.422890,6.640566,1464.388673,331.0,16.378386,2.8,9.9
1743068696.485000,45.423004,6.640462,1463.888277,326.0,14.849696,1.7,9.9
1743068697.486000,45.423112,6.640404,1462.145058,352.0,12.780649,1.7,9.9
1743068698.485000,45.423211,6.640427,1459.943339,22.0,10.703146,1.7,9.9
1743068700.485000,45.423338,6.640387,1459.308576,303.0,4.819598,1.7,9.9
1743068703.486000,45.423460,6.640321,1459.059283,351.0,4.544043,1.7,10.4
1743068711.486000,45.423554,6.640283,1455.045983,298.1,2.469880,3.1,9.9
1743068731.485000,45.423595,6.640205,1456.194764,253.0,0.000000,2.3,3.8
1743068744.486000,45.423606,6.640172,1459.692168,282.9,0.425145,2.2,3.8
1743068763.485000,45.423563,6.640036,1455.760468,212.2,2.044440,1.5,3.8
1743068766.485000,45.423474,6.639979,1458.242488,205.7,3.856774,2.1,3.8
1743068769.485000,45.423376,6.639916,1457.729136,210.9,3.167011,2.1,3.8
1743068772.484000,45.423284,6.639851,1461.953215,198.1,3.530400,2.0,3.8
1743068775.485000,45.423192,6.639805,1466.782926,182.2,3.652492,2.1,4.8
1743068778.485000,45.423099,6.639760,1469.173002,183.0,3.938122,1.7,7.9
1743068781.485000,45.423010,6.639663,1472.683692,201.5,4.019449,2.3,9.9
1743068784.485000,45.422920,6.639587,1475.602792,195.4,3.859283,2.5,9.9
1743068787.485000,45.422830,6.639519,1481.599976,193.0,3.817725,1.7,9.9
1743068790.485000,45.422744,6.639448,1485.657865,201.3,3.817755,1.8,9.9
1743068793.485000,45.422660,6.639347,1490.851680,210.0,3.924223,1.6,6.9
1743068796.485000,45.422573,6.639275,1496.834691,209.0,4.245330,2.0,3.8
1743068799.486000,45.422488,6.639203,1500.559977,206.0,4.012945,2.0,3.8
1743068802.485000,45.422402,6.639131,1505.086074,210.0,4.001987,2.0,3.8
1743068805.486000,45.422317,6.639067,1508.590597,212.0,4.002904,2.1,3.8
1743068808.485000,45.422233,6.638998,1515.468573,209.0,3.893137,1.6,3.8
1743068811.485000,45.422142,6.638923,1518.301104,208.0,4.021711,2.1,3.8
1743068814.486000,45.422052,6.638849,1522.940968,210.0,4.145790,1.8,3.8
1743068817.485000,45.421965,6.638776,1525.718268,212.0,4.124001,1.9,3.8
1743068820.485000,45.421877,6.638707,1532.549007,207.0,4.065328,1.4,3.8
1743068823.485000,45.421788,6.638640,1536.193217,207.0,3.998719,1.4,3.8
1743068826.485000,45.421703,6.638575,1541.020914,205.0,3.903291,1.4,3.8
1743068829.485000,45.421612,6.638507,1545.555186,202.0,4.097965,2.1,3.8
1743068832.484000,45.421522,6.638435,1549.566894,203.1,4.007493,2.1,3.8
1743068835.485000,45.421435,6.638360,1554.252169,205.7,3.946175,1.9,3.8
1743068838.486000,45.421350,6.638291,1559.842883,204.1,3.910631,2.1,3.8
1743068841.485000,45.421262,6.638217,1564.732497,204.9,4.248004,2.1,3.8
1743068844.485000,45.421174,6.638146,1567.696968,204.1,4.074935,1.4,3.8
1743068847.485000,45.421085,6.638073,1571.181268,204.9,3.996931,1.5,3.8
1743068850.485000,45.420996,6.638003,1574.698206,203.9,3.874363,1.5,3.8
1743068853.484000,45.420910,6.637933,1579.914427,204.2,3.972831,1.4,3.8
1743068856.484000,45.420826,6.637863,1582.976131,205.0,3.922394,1.4,3.8
1743068859.484000,45.420739,6.637792,1586.667623,205.0,3.948199,1.4,3.8
1743068862.485000,45.420652,6.637721,1591.484639,205.0,3.917520,1.4,3.8
1743068865.486000,45.420565,6.637650,1597.222672,206.0,3.980019,2.2,3.8
1743068868.485000,45.420479,6.637580,1601.748158,205.0,3.906966,2.2,3.8
1743068871.484000,45.420390,6.637507,1606.236852,206.0,4.253282,2.3,6.9
1743068874.485000,45.420301,6.637435,1610.067929,207.0,4.111406,2.1,9.9
1743068877.485000,45.420211,6.637365,1613.888065,206.0,4.026074,2.2,9.9
1743068880.485000,45.420124,6.637292,1618.143953,206.0,3.925485,1.4,9.9
1743068883.485000,45.420039,6.637223,1622.427226,206.0,3.957486,1.4,9.9
1743068886.485000,45.419952,6.637152,1626.470658,205.0,3.916215,1.4,9.9
1743068889.486000,45.419864,6.637081,1631.208699,206.0,3.943899,1.4,9.9
1743068892.486000,45.419777,6.637012,1635.154889,206.1,3.906235,1.4,9.9
1743068895.485000,45.419690,6.636942,1640.103178,206.1,4.005552,1.4,9.9
1743068898.486000,45.419603,6.636871,1645.706108,205.9,3.935964,1.4,9.9
1743068901.485000,45.419512,6.636798,1649.201810,206.7,4.095412,1.4,9.9
1743068904.486000,45.419421,6.636726,1652.688065,206.7,4.108794,2.3,9.9
1743068907.484000,45.419334,6.636655,1655.745497,206.3,4.070858,2.2,9.9
1743068910.485000,45.419247,6.636584,1658.947689,207.0,3.935985,2.2,9.9
1743068913.484000,45.419159,6.636510,1663.414825,207.0,3.926385,2.3,9.9
1743068916.486000,45.419070,6.636434,1667.206557,207.0,3.933532,2.5,9.9
1743068919.485000,45.418980,6.636361,1672.086170,207.0,3.970455,1.6,9.9
1743068922.485000,45.418894,6.636292,1675.433873,207.0,3.947098,1.6,9.9
1743068925.486000,45.418809,6.636222,1680.509281,208.0,3.881991,1.4,9.9
1743068928.485000,45.418719,6.636143,1684.211077,208.0,4.300907,1.4,9.9
1743068931.485000,45.418626,6.636071,1686.097861,207.0,4.194289,1.4,9.9
1743068934.485000,45.418534,6.635999,1688.904029,207.0,4.076781,1.3,9.9
1743068937.485000,45.418445,6.635924,1691.729002,208.0,3.952044,1.4,9.9
1743068940.485000,45.418354,6.635850,1694.402962,208.0,3.981637,1.4,9.9
1743068943.485000,45.418264,6.635776,1696.683781,208.0,3.881987,2.1,9.9
1743068946.486000,45.418170,6.635700,1699.648392,208.0,3.953062,2.1,9.9
1743068949.485000,45.418080,6.635627,1702.648365,208.0,3.878762,2.4,9.9
1743068952.486000,45.417990,6.635554,1706.025317,208.0,3.989161,2.4,9.9
1743068955.486000,45.417901,6.635483,1709.037190,208.0,3.883726,2.2,9.9
1743068958.485000,45.417810,6.635408,1712.049478,209.0,4.118277,1.4,9.9
1743068961.485000,45.417717,6.635333,1713.045492,209.1,4.083119,1.4,9.9
1743068964.485000,45.417627,6.635259,1714.683376,209.1,4.021438,1.4,9.9
1743068967.485000,45.417536,6.635180,1717.017922,213.2,3.945386,1.4,9.9
1743068970.485000,45.417445,6.635096,1717.789175,214.2,3.944541,1.4,9.9
1743068973.484000,45.417350,6.635020,1719.900454,210.1,3.923030,1.5,9.9
1743068976.484000,45.417256,6.634950,1722.201911,210.7,3.982822,1.4,9.9
1743068979.486000,45.417169,6.634874,1723.598680,210.7,3.901502,1.4,9.9
1743068982.485000,45.417074,6.634812,1726.889184,206.0,3.972751,2.1,9.9
1743068985.485000,45.416980,6.634741,1728.151443,206.0,4.107969,2.1,9.9
1743068988.486000,45.416890,6.634680,1728.723987,195.0,3.700619,2.0,9.9
1743068993.485000,45.416813,6.634609,1729.280716,224.6,1.245475,2.2,9.9
1743068997.485000,45.416749,6.634503,1728.598135,240.0,4.524534,1.5,9.9
1743069000.485000,45.416745,6.634322,1728.125808,286.0,4.712572,1.5,9.9
1743069003.485000,45.416806,6.634182,1726.275202,301.0,4.547633,1.5,9.9
1743069006.485000,45.416880,6.634048,1726.261747,311.0,4.645257,1.5,9.9
1743069008.485000,45.416945,6.633951,1725.422443,322.9,5.234865,1.5,9.9
1743069010.485000,45.417020,6.633854,1724.700450,321.9,5.570611,1.5,9.9
1743069012.485000,45.417105,6.633771,1722.536118,328.0,5.409747,1.5,9.9
1743069014.484000,45.417182,6.633701,1721.945648,333.0,4.881463,1.6,9.9
1743069017.485000,45.417273,6.633624,1721.696536,338.0,3.809296,1.5,9.9
1743069021.485000,45.417381,6.633554,1721.644025,347.0,3.547798,1.4,9.9
1743069024.486000,45.417484,6.633475,1720.385135,353.0,4.930379,1.5,9.9
1743069026.485000,45.417568,6.633429,1719.283917,360.0,4.879995,1.5,9.9
1743069029.485000,45.417690,6.633356,1719.277611,352.0,5.198669,2.2,9.9
1743069031.485000,45.417780,6.633280,1716.963498,340.0,5.780859,2.2,9.9
1743069033.486000,45.417860,6.633177,1715.456361,332.1,5.846295,2.3,9.9
1743069035.485000,45.417927,6.633060,1714.289872,329.1,5.717606,2.2,9.9
1743069037.485000,45.417998,6.632943,1713.579893,338.9,6.083170,2.3,9.9
1743069039.486000,45.418082,6.632854,1712.233063,351.0,5.859932,2.2,9.9
1743069041.485000,45.418176,6.632792,1711.499385,360.0,5.808745,2.3,9.9
1743069043.485000,45.418287,6.632738,1710.996293,358.0,6.553791,1.6,9.9
1743069045.484000,45.418396,6.632687,1709.786018,0.0,6.328335,1.6,9.9
1743069047.486000,45.418508,6.632631,1708.421431,355.0,6.339897,1.6,9.9
1743069049.486000,45.418620,6.632589,1706.833399,355.8,6.308043,1.7,9.9
1743069051.485000,45.418731,6.632557,1706.143573,358.9,6.214163,1.8,9.9
1743069053.485000,45.418835,6.632529,1705.122153,6.6,5.838117,1.8,9.9
1743069055.486000,45.418935,6.632509,1703.800495,7.6,5.712183,1.9,9.9
1743069057.485000,45.419031,6.632495,1703.067536,4.5,5.599288,1.9,9.9
1743069059.485000,45.419123,6.632484,1702.714178,5.1,5.241324,1.9,9.9
1743069062.486000,45.419246,6.632465,1702.544214,4.8,4.602310,1.8,10.1
1743069065.485000,45.419356,6.632464,1702.098872,8.5,3.758215,2.1,10.1
1743069069.485000,45.419461,6.632480,1701.928920,9.6,2.911521,1.9,9.9
1743069073.485000,45.419585,6.632493,1701.719360,4.1,4.302626,1.9,9.9
1743069076.485000,45.419676,6.632430,1700.005374,318.1,1.593163,1.9,9.9
1743069080.485000,45.419795,6.632458,1699.403675,22.0,5.538821,2.7,9.9
1743069082.484000,45.419911,6.632525,1696.164590,23.0,7.595300,2.9,9.9
1743069084.484000,45.420046,6.632617,1692.792166,24.0,8.559344,2.9,9.9
1743069086.485000,45.420166,6.632623,1690.121643,6.0,7.160385,3.0,9.9
1743069088.486000,45.420270,6.632639,1688.736581,359.0,3.868026,3.0,9.9
1743069095.486000,45.420339,6.632724,1689.017349,36.0,1.394364,2.2,9.9
1743069105.484000,45.420428,6.632776,1688.945187,357.0,1.949302,1.6,9.9
1743069112.484000,45.420475,6.632666,1688.997499,244.0,1.115991,1.6,9.9
1743069140.483000,45.420433,6.632550,1689.536664,240.5,0.623905,2.5,3.8
1743069162.484000,45.420409,6.632409,1688.337956,264.6,1.443587,1.8,3.8
1743069165.485000,45.420337,6.632292,1688.486100,233.1,3.811014,1.9,3.8
1743069168.484000,45.420248,6.632166,1688.371082,230.9,3.647626,1.8,3.8
1743069171.484000,45.420172,6.632052,1690.158314,229.6,3.684335,1.8,3.8
1743069174.485000,45.420103,6.631946,1704.777752,229.4,3.929673,2.0,3.8
1743069177.484000,45.420036,6.631834,1707.192460,233.7,4.232749,1.8,3.8
1743069180.484000,45.419971,6.631720,1710.100519,231.9,4.065892,5.0,3.8
1743069183.484000,45.419908,6.631611,1708.495917,229.0,4.040776,8.3,3.8
1743069186.484000,45.419853,6.631499,1703.638896,242.0,3.683875,1.9,3.8
1743069189.484000,45.419795,6.631383,1706.828690,234.0,3.974946,2.1,3.8
1743069192.484000,45.419722,6.631280,1707.962998,232.1,4.021873,2.1,3.8
1743069195.483000,45.419658,6.631170,1710.071865,231.0,3.846997,2.1,3.8
1743069198.484000,45.419596,6.631057,1719.135593,229.0,3.953247,6.8,3.8
1743069201.485000,45.419533,6.630948,1715.463758,224.5,3.982220,4.4,3.8
1743069204.485000,45.419470,6.630838,1717.639628,228.9,3.931425,4.5,3.8
1743069207.484000,45.419412,6.630722,1720.405698,232.9,3.966537,4.3,3.8
1743069210.484000,45.419353,6.630611,1723.710657,236.0,3.791697,4.6,3.8
1743069213.485000,45.419291,6.630504,1727.793038,239.0,3.752532,5.0,3.8
1743069216.484000,45.419230,6.630396,1730.199951,232.0,3.768370,4.9,3.8
1743069219.485000,45.419174,6.630285,1733.422870,248.0,3.738087,2.2,3.8
1743069222.484000,45.419116,6.630176,1735.682950,231.1,3.706780,2.2,3.8
1743069225.485000,45.419050,6.630073,1740.202969,233.0,3.764745,1.6,3.8
1743069228.484000,45.418987,6.629968,1745.343728,232.4,3.745280,1.6,3.8
1743069231.485000,45.418924,6.629870,1751.499418,219.6,3.844868,3.0,3.8
1743069234.483000,45.418866,6.629753,1760.534329,228.0,4.118958,8.9,3.8
1743069237.485000,45.418802,6.629635,1765.708848,229.3,4.287321,1.5,3.8
1743069240.483000,45.418736,6.629526,1764.062142,230.7,4.106969,7.6,3.8
1743069243.484000,45.418674,6.629415,1758.845443,232.0,4.068513,1.6,3.8
1743069246.484000,45.418611,6.629305,1769.317976,232.0,4.157398,7.4,3.8
1743069249.483000,45.418551,6.629197,1771.018799,232.0,3.970453,2.0,3.8
1743069252.485000,45.418489,6.629085,1767.998147,233.0,4.044668,3.9,3.8
1743069255.485000,45.418425,6.628974,1776.289599,233.0,4.115205,1.6,6.2
1743069258.483000,45.418363,6.628868,1774.549207,233.0,3.804081,1.5,8.9
1743069261.484000,45.418302,6.628759,1779.155629,232.0,3.833849,3.2,9.9
1743069264.485000,45.418244,6.628652,1790.121329,232.0,4.167181,7.0,9.9
1743069267.485000,45.418187,6.628545,1798.983957,232.0,4.216619,1.5,9.9
1743069270.485000,45.418125,6.628430,1800.583751,234.0,4.204360,1.6,9.9
1743069273.484000,45.418063,6.628320,1798.088965,234.0,4.133181,8.2,9.9
1743069276.485000,45.417999,6.628212,1799.926911,233.0,3.956916,7.6,9.9
1743069279.484000,45.417934,6.628100,1799.928711,233.0,3.752263,1.6,9.9
1743069282.485000,45.417869,6.627989,1798.511538,231.0,3.691003,3.8,9.9
1743069285.485000,45.417805,6.627878,1804.736668,231.0,3.803030,1.5,9.9
1743069288.484000,45.417742,6.627769,1806.426740,231.0,3.741503,1.5,9.9
1743069291.485000,45.417678,6.627658,1808.968519,230.0,3.762917,1.4,9.9
1743069294.484000,45.417614,6.627547,1819.949956,231.0,4.063738,2.1,10.2
1743069297.484000,45.417550,6.627434,1822.819170,231.0,3.912201,1.8,10.2
1743069300.484000,45.417488,6.627325,1822.789687,230.0,3.861107,8.7,9.9
1743069303.485000,45.417429,6.627219,1826.794348,230.0,3.877763,8.2,9.9
1743069306.484000,45.417368,6.627112,1825.577870,230.0,3.663382,1.5,9.9
1743069309.483000,45.417307,6.627008,1825.637951,231.0,3.675567,3.5,9.9
1743069312.484000,45.417246,6.626905,1834.051909,230.0,3.728229,1.5,9.9
1743069315.485000,45.417189,6.626800,1838.759896,231.0,3.747054,1.5,9.9
1743069318.484000,45.417134,6.626692,1841.267396,234.0,3.661717,1.4,9.9
1743069321.484000,45.417080,6.626590,1854.146526,231.0,4.196989,1.8,9.9
1743069324.485000,45.417019,6.626482,1858.795112,231.0,4.253638,2.0,9.9
1743069327.485000,45.416953,6.626372,1859.526315,229.0,4.094090,2.4,9.9
1743069330.485000,45.416888,6.626262,1860.530500,231.0,3.951167,2.5,9.9
1743069333.485000,45.416829,6.626154,1860.684131,231.0,3.749329,1.6,9.9
1743069336.485000,45.416770,6.626043,1863.600355,232.0,3.661304,1.6,9.9
1743069339.484000,45.416710,6.625934,1868.297381,231.0,3.663889,1.7,9.9
1743069342.484000,45.416650,6.625829,1871.361954,231.0,3.749486,1.7,9.9
1743069345.483000,45.416589,6.625724,1875.125983,231.0,3.776881,3.2,9.9
1743069348.484000,45.416526,6.625623,1877.251608,231.0,3.813654,1.7,9.9
1743069351.485000,45.416466,6.625516,1890.425915,230.0,3.982485,2.0,9.9
1743069354.484000,45.416405,6.625407,1895.681289,230.0,4.045022,2.1,9.9
1743069357.485000,45.416348,6.625303,1899.342001,230.0,4.083238,2.5,9.9
1743069360.484000,45.416289,6.625200,1904.222943,232.0,4.133952,2.3,9.9
1743069363.485000,45.416230,6.625094,1903.164426,230.0,3.656276,1.8,9.9
1743069366.484000,45.416172,6.624991,1909.350036,228.0,3.654845,4.0,9.9
1743069369.483000,45.416114,6.624890,1915.084802,227.3,3.674279,8.8,9.9
1743069373.484000,45.416041,6.624757,1923.400024,227.0,3.714809,8.3,9.9
1743069376.484000,45.415982,6.624657,1923.400024,226.7,3.685616,1.4,9.9
1743069380.484000,45.415907,6.624526,1936.549466,228.9,3.700955,8.7,9.9
1743069384.484000,45.415834,6.624393,1947.106847,226.8,3.881304,1.8,9.9
1743069387.484000,45.415776,6.624294,1952.430765,229.0,3.742102,2.3,9.9
1743069391.484000,45.415714,6.624165,1954.228629,230.1,3.721308,1.5,9.9
1743069394.484000,45.415657,6.624054,1963.618193,237.2,4.089650,7.6,9.9
1743069397.485000,45.415596,6.623941,1963.077619,235.4,3.868150,1.5,9.9
1743069400.485000,45.415531,6.623836,1970.669442,233.1,3.900914,8.6,9.9
1743069403.484000,45.415466,6.623730,1974.541496,230.3,3.998027,8.3,9.9
1743069406.484000,45.415405,6.623624,1974.987420,230.0,3.651076,1.6,9.9
1743069409.484000,45.415346,6.623515,1986.642707,228.3,3.982070,2.2,9.9
1743069412.484000,45.415292,6.623405,1992.321893,238.2,3.919047,1.9,9.9
1743069415.483000,45.415238,6.623288,1995.913416,242.6,3.947363,2.1,9.9
1743069418.484000,45.415185,6.623181,1998.507463,243.9,3.967010,2.0,9.9
1743069422.484000,45.415111,6.623047,1999.442305,245.8,3.513957,1.7,9.9
1743069425.485000,45.415054,6.622944,2007.692538,245.8,3.595341,7.4,9.9
1743069429.484000,45.414982,6.622811,2014.956120,247.7,3.425796,8.8,9.9
1743069433.483000,45.414905,6.622681,2021.601743,243.0,3.771151,8.4,9.9
1743069436.485000,45.414837,6.622568,2022.670786,241.0,3.887230,1.5,9.9
1743069439.484000,45.414771,6.622459,2029.651212,238.0,3.961420,8.7,9.9
1743069442.484000,45.414707,6.622350,2037.254130,238.0,3.980580,2.0,9.9
1743069445.483000,45.414645,6.622240,2040.907103,237.0,3.970779,2.4,9.9
1743069448.484000,45.414582,6.622133,2045.009686,236.0,4.061266,2.0,9.9
1743069451.484000,45.414521,6.622023,2044.671109,236.0,3.866937,7.3,9.9
1743069454.484000,45.414460,6.621916,2048.798262,235.0,3.759822,5.4,9.9
1743069457.485000,45.414399,6.621812,2057.695866,234.0,3.808693,2.2,9.9
1743069460.483000,45.414338,6.621708,2061.581572,234.1,3.747665,1.5,9.9
1743069463.484000,45.414277,6.621603,2059.461593,233.3,3.785967,2.9,9.9
1743069466.485000,45.414217,6.621500,2070.770262,233.1,4.068742,1.9,9.9
1743069469.484000,45.414156,6.621396,2077.613916,232.8,3.957940,1.7,9.9
1743069472.484000,45.414096,6.621292,2079.858913,232.1,3.959950,2.0,9.9
1743069475.484000,45.414037,6.621188,2084.935810,232.3,3.974231,2.4,9.9
1743069478.484000,45.413976,6.621080,2084.474397,232.0,3.797076,7.8,9.9
1743069481.484000,45.413916,6.620971,2087.783144,232.0,3.723291,7.3,9.9
1743069484.483000,45.413856,6.620868,2087.740306,231.8,3.616396,1.5,9.9
1743069487.485000,45.413796,6.620765,2100.207955,231.0,3.862674,2.3,9.9
1743069490.484000,45.413737,6.620662,2104.003403,231.0,3.980242,1.5,9.9
1743069493.484000,45.413676,6.620554,2101.464744,231.0,3.881196,2.9,9.9
1743069496.484000,45.413618,6.620447,2111.867792,231.0,4.278556,2.0,9.9
1743069499.484000,45.413557,6.620340,2117.486914,226.0,3.938641,1.8,9.9
1743069502.484000,45.413496,6.620232,2121.598662,230.0,3.917029,1.8,9.9
1743069505.484000,45.413438,6.620126,2124.893932,230.0,3.964217,2.5,9.9
1743069508.484000,45.413379,6.620020,2125.657627,232.0,3.580516,7.8,9.9
1743069511.484000,45.413322,6.619915,2131.372740,231.0,3.657856,7.3,9.9
1743069514.484000,45.413262,6.619816,2132.106316,231.0,3.607871,1.4,9.9
1743069518.483000,45.413186,6.619686,2143.777264,233.0,3.623099,8.1,9.9
1743069521.484000,45.413125,6.619578,2149.726915,234.0,3.840764,1.8,9.9
1743069524.484000,45.413066,6.619468,2150.220600,234.0,3.819366,8.5,9.9
1743069527.485000,45.413008,6.619360,2157.761089,233.0,3.981187,1.8,9.9
1743069530.484000,45.412948,6.619256,2161.577894,233.0,3.865817,1.7,9.9
1743069533.485000,45.412884,6.619144,2164.004460,229.0,3.869023,2.5,9.9
1743069536.484000,45.412820,6.619036,2166.705872,232.0,3.928280,2.1,9.9
1743069539.484000,45.412756,6.618928,2165.038745,232.0,3.842294,7.2,9.9
1743069542.484000,45.412694,6.618817,2167.136050,232.0,3.831658,7.1,9.9
1743069545.484000,45.412631,6.618704,2169.826983,232.0,3.787810,8.5,9.9
1743069548.484000,45.412568,6.618594,2174.414861,231.0,3.793327,1.8,9.9
1743069551.484000,45.412506,6.618481,2175.019162,232.0,3.763233,8.3,9.9
1743069554.484000,45.412446,6.618367,2181.296528,234.0,3.807938,1.6,9.9
1743069557.484000,45.412395,6.618250,2189.876443,268.9,3.972993,1.8,9.9
1743069560.484000,45.412346,6.618135,2189.120633,240.1,3.855465,1.8,9.9
1743069563.485000,45.412270,6.618036,2193.113579,233.0,3.981142,2.0,9.9
1743069566.484000,45.412204,6.617930,2196.425484,232.0,3.876583,2.1,9.9
1743069569.483000,45.412142,6.617823,2195.194627,232.0,3.633544,7.2,9.9
1743069572.484000,45.412080,6.617714,2202.785692,232.0,3.851895,5.5,9.9
1743069575.484000,45.412021,6.617607,2207.398399,232.0,3.833039,2.1,9.9
1743069578.485000,45.411960,6.617502,2208.518288,230.0,3.797574,1.8,9.9
1743069581.485000,45.411894,6.617386,2208.870341,230.0,3.890523,8.3,9.9
1743069584.484000,45.411832,6.617272,2215.085910,230.0,3.829484,1.7,9.9
1743069587.485000,45.411769,6.617161,2219.724198,230.0,3.887494,1.6,9.9
1743069590.484000,45.411707,6.617050,2219.929280,230.0,3.868342,1.8,9.9
1743069593.484000,45.411645,6.616938,2223.404872,230.0,3.827304,2.1,9.9
1743069596.484000,45.411583,6.616827,2224.898004,231.0,3.799158,5.8,9.9
1743069599.484000,45.411521,6.616719,2223.706550,228.0,3.668834,7.4,9.9
1743069602.484000,45.411458,6.616612,2222.253447,229.0,3.626436,1.5,9.9
1743069605.484000,45.411393,6.616504,2232.353804,229.0,3.981736,2.6,9.9
1743069608.483000,45.411329,6.616393,2232.860750,232.0,3.909574,1.7,9.9
1743069611.485000,45.411267,6.616286,2228.889293,232.0,3.361860,8.4,9.9
1743069615.484000,45.411199,6.616186,2236.305958,231.0,2.644501,1.7,9.9
1743069622.483000,45.411142,6.616052,2236.185587,246.0,3.900066,1.8,9.9
1743069625.484000,45.411128,6.615876,2233.250169,265.0,4.492851,5.8,9.9
1743069628.485000,45.411122,6.615715,2232.999006,274.9,3.640161,5.8,9.9
1743069634.484000,45.411134,6.615582,2234.504193,269.3,2.012713,2.7,9.9
1743069645.483000,45.411142,6.615451,2237.570321,268.0,0.812830,2.1,9.9
1743069656.484000,45.411133,6.615319,2234.665880,277.0,1.329177,6.4,9.9
1743069670.484000,45.411125,6.615169,2235.177289,258.1,1.793647,2.2,9.9
1743069676.484000,45.411108,6.615038,2235.657852,271.0,1.157032,2.4,9.9
1743069685.484000,45.411113,6.614908,2234.628769,253.6,0.519508,6.6,9.9
1743069715.482000,45.411142,6.614761,2232.168468,281.2,4.149384,6.2,9.9
1743069718.483000,45.411138,6.614591,2228.413758,291.9,3.847018,6.0,9.9
1743069720.482000,45.411223,6.614523,2226.371292,345.4,5.992647,6.1,9.9
1743069722.483000,45.411312,6.614431,2219.459414,305.9,7.260872,3.1,9.9
1743069724.483000,45.411345,6.614243,2213.021073,286.5,7.735381,8.1,9.9
1743069726.483000,45.411441,6.614126,2201.652766,316.1,7.217997,1.7,9.9
1743069728.483000,45.411530,6.613913,2189.535843,296.3,10.115090,1.5,9.9
1743069729.484000,45.411602,6.613818,2187.364513,317.7,10.548756,1.4,9.9
1743069730.483000,45.411666,6.613705,2181.174961,301.8,12.056315,1.6,9.9
1743069731.484000,45.411747,6.613609,2179.075355,325.2,11.904691,1.5,9.9
1743069732.483000,45.411813,6.613502,2173.729222,307.2,11.178856,1.5,8.9
1743069733.484000,45.411845,6.613374,2168.927321,288.9,11.579500,1.6,7.5
1743069734.484000,45.411879,6.613255,2168.594660,293.7,10.790405,1.6,6.9
1743069736.483000,45.412017,6.613141,2160.896079,309.0,10.920164,1.6,4.8
1743069738.483000,45.412053,6.612917,2150.062803,263.4,9.876318,1.7,3.8
1743069740.483000,45.412035,6.612721,2145.111277,265.8,8.144921,1.8,3.8
1743069742.483000,45.412122,6.612556,2141.820060,320.6,8.867206,1.8,3.8
1743069743.483000,45.412212,6.612490,2136.388245,327.7,11.356550,3.9,3.8
1743069745.483000,45.412301,6.612285,2122.022733,298.3,10.319081,6.1,3.8
1743069747.483000,45.412398,6.612190,2117.017620,336.7,5.612417,6.0,3.8
1743069761.483000,45.412493,6.612140,2115.021717,305.1,4.503021,1.5,3.8
1743069764.483000,45.412540,6.611986,2111.800230,299.9,7.046869,1.6,3.8
1743069766.483000,45.412629,6.611848,2108.635398,341.6,7.481497,1.6,3.8
1743069768.483000,45.412733,6.611658,2101.586832,294.0,10.320292,1.7,3.8
1743069770.484000,45.412899,6.611577,2096.023115,1.8,12.291759,1.8,3.8
1743069772.484000,45.413057,6.611453,2087.696197,342.8,10.674381,1.8,3.8
1743069773.483000,45.413156,6.611424,2082.705337,347.9,11.460877,2.4,3.8
1743069774.483000,45.413244,6.611350,2077.351038,330.3,12.037492,2.5,3.8
1743069775.483000,45.413342,6.611325,2071.362954,355.9,12.371117,6.2,3.8
1743069776.483000,45.413436,6.611283,2068.174011,337.1,12.609708,5.9,3.8
1743069777.484000,45.413530,6.611207,2062.380287,329.1,13.449070,6.1,3.8
1743069779.483000,45.413655,6.611169,2057.420071,20.9,8.949933,6.0,3.8
1743069781.483000,45.413745,6.611109,2054.503163,301.0,5.727211,2.9,3.8
1743069784.483000,45.413841,6.610967,2052.219103,331.4,6.727283,5.7,3.8
1743069787.483000,45.413978,6.610953,2042.857721,343.4,6.273718,1.5,3.8
1743069789.483000,45.414061,6.610832,2041.782163,318.0,7.975007,1.5,3.8
1743069792.483000,45.414155,6.610829,2035.566246,8.0,3.541754,1.6,3.8
1743069796.482000,45.414251,6.610753,2029.184126,304.0,3.747888,1.7,6.9
1743069798.483000,45.414332,6.610675,2027.062794,354.9,5.965710,1.7,9.9
1743069800.484000,45.414432,6.610684,2023.802147,356.1,5.895002,1.8,9.9
1743069802.483000,45.414518,6.610610,2014.366917,314.0,4.081289,2.4,9.9
1743069804.483000,45.414605,6.610567,2006.543425,358.0,7.436616,6.3,9.9
1743069807.484000,45.414728,6.610579,1998.803080,359.0,5.074376,6.2,9.9
1743069810.484000,45.414866,6.610534,1994.073754,321.0,9.310155,3.5,9.9
1743069812.483000,45.415010,6.610472,1990.633482,3.0,6.586433,5.8,9.9
1743069814.482000,45.415113,6.610467,1982.412429,355.0,6.941053,1.8,9.9
1743069816.484000,45.415252,6.610437,1978.786856,351.0,7.592480,1.6,9.9
1743069818.483000,45.415352,6.610401,1973.853292,330.3,5.290147,1.6,9.9
1743069821.483000,45.415498,6.610383,1971.512405,9.2,8.379488,1.8,9.9
1743069822.484000,45.415589,6.610431,1968.397982,15.9,8.951073,1.7,9.9
1743069824.483000,45.415720,6.610540,1964.752988,32.9,7.323300,2.0,9.9
1743069828.483000,45.415800,6.610475,1961.444861,335.0,5.580273,1.7,9.9
1743069830.484000,45.415925,6.610489,1954.960908,19.0,8.405688,6.1,9.9
1743069832.484000,45.416105,6.610472,1948.245096,351.0,11.662247,5.9,9.9
1743069833.483000,45.416223,6.610466,1943.418901,4.0,14.335687,6.1,9.9
1743069834.483000,45.416360,6.610492,1936.773075,10.0,15.826353,6.1,9.9
1743069835.483000,45.416493,6.610511,1933.132770,0.0,14.790685,6.0,9.9
1743069836.483000,45.416613,6.610474,1931.836875,338.0,14.482508,3.0,9.9
1743069837.484000,45.416718,6.610389,1930.161249,323.0,13.406766,3.0,9.9
1743069838.483000,45.416809,6.610294,1929.094243,326.0,12.351284,2.4,9.9
1743069839.484000,45.416907,6.610238,1929.067208,349.0,11.803689,2.5,9.9
1743069840.484000,45.417010,6.610240,1927.542981,6.0,11.022440,4.7,9.9
1743069841.483000,45.417105,6.610246,1925.192618,354.0,10.484015,2.0,9.9
1743069843.483000,45.417257,6.610117,1923.614335,315.0,10.177836,1.9,9.9
1743069845.484000,45.417406,6.610015,1922.543230,359.0,9.222070,1.9,9.9
1743069847.484000,45.417550,6.609999,1924.144387,327.0,8.245764,1.6,9.9
1743069849.484000,45.417673,6.609849,1921.449218,338.0,9.220468,1.7,9.9
1743069851.484000,45.417832,6.609785,1918.652995,323.0,10.250440,1.7,9.9
1743069852.483000,45.417898,6.609690,1914.897261,311.0,10.716682,2.0,9.9
1743069854.484000,45.418055,6.609602,1908.279449,5.9,9.877162,2.0,9.9
1743069856.484000,45.418191,6.609493,1910.020335,302.0,10.093063,1.8,9.9
1743069858.483000,45.418322,6.609368,1907.245061,4.0,9.693957,1.7,9.9
1743069860.483000,45.418468,6.609412,1901.929384,341.1,8.534194,6.4,9.9
1743069862.483000,45.418544,6.609278,1899.999990,311.9,6.317722,6.2,9.9
1743069870.483000,45.418651,6.609282,1898.263792,342.0,4.624059,5.1,9.9
1743069872.483000,45.418735,6.609171,1893.181391,324.9,7.680454,1.9,9.9
1743069874.483000,45.418850,6.609155,1886.199951,10.4,5.598309,1.8,9.9
1743069877.484000,45.418966,6.609143,1883.475544,303.5,6.449999,1.8,9.9
1743069880.483000,45.419071,6.609011,1877.448373,350.3,6.677900,2.0,9.9
1743069882.483000,45.419195,6.609075,1866.707998,25.0,6.594491,2.3,9.9
1743069884.483000,45.419275,6.609146,1858.957686,27.0,6.084270,2.3,9.9
1743069886.482000,45.419400,6.609130,1858.771237,320.4,8.096080,2.5,9.9
1743069888.484000,45.419468,6.609022,1851.725488,298.7,5.235864,2.2,9.9
1743069891.483000,45.419558,6.608904,1842.601409,0.8,7.896481,6.7,9.9
1743069893.483000,45.419698,6.608956,1837.981877,1.1,8.903280,6.7,9.9
1743069895.483000,45.419801,6.608877,1832.396197,306.2,7.304245,6.7,9.9
1743069897.484000,45.419906,6.608814,1830.026912,3.7,6.812382,3.5,9.9
1743069899.483000,45.419983,6.608891,1829.220807,356.8,5.379214,6.7,9.9
1743069901.484000,45.420071,6.608803,1825.115990,322.5,6.718719,2.0,9.9
1743069903.484000,45.420174,6.608796,1821.729093,30.8,5.285515,2.0,9.9
1743069905.483000,45.420249,6.608875,1821.662129,36.0,4.984164,2.0,9.9
1743069907.483000,45.420377,6.608862,1818.718726,16.3,7.219960,2.0,9.9
1743069909.483000,45.420457,6.608927,1817.561218,2.8,5.834860,2.2,9.9
1743069911.484000,45.420539,6.608854,1811.959790,305.6,4.452350,2.2,9.9
1743069914.483000,45.420588,6.608734,1807.601247,310.0,5.800128,2.3,9.9
1743069917.483000,45.420618,6.608592,1807.831190,272.2,5.154191,2.1,9.9
1743069924.484000,45.420731,6.608628,1800.958964,35.1,5.021486,6.0,9.9
1743069926.483000,45.420820,6.608729,1799.132138,32.0,6.523637,3.3,9.9
1743069928.484000,45.420932,6.608848,1798.456552,40.0,7.928123,2.0,9.9
1743069930.483000,45.421061,6.608983,1797.733869,38.0,8.905688,5.9,9.9
1743069932.483000,45.421202,6.609107,1793.794114,40.9,9.329515,1.8,9.9
1743069934.483000,45.421317,6.609248,1793.599636,64.1,7.814168,1.5,9.9
1743069936.483000,45.421424,6.609312,1790.360148,38.5,5.308062,1.7,9.9
1743069956.483000,45.421495,6.609326,1785.207035,185.9,0.000000,4.9,3.8
1743069987.484000,45.421512,6.609266,1784.095049,325.0,0.890672,2.7,3.8
1743070056.483000,45.421578,6.609174,1782.100830,262.0,0.665960,1.4,5.8
1743070062.484000,45.421617,6.609018,1783.168760,282.1,3.361378,6.8,9.9
1743070065.484000,45.421657,6.608859,1781.230735,287.0,5.960999,5.9,9.9
1743070067.482000,45.421693,6.608695,1776.420424,287.0,7.474023,1.4,9.9
1743070069.484000,45.421730,6.608502,1774.500579,281.0,8.345277,1.4,9.9
1743070071.483000,45.421747,6.608290,1772.455513,272.1,8.192486,1.4,9.9
1743070073.483000,45.421730,6.608078,1770.794748,265.0,8.408563,1.4,9.9
1743070075.483000,45.421689,6.607858,1769.203418,250.1,8.883057,1.5,9.9
1743070077.483000,45.421617,6.607648,1767.745382,236.2,9.196371,1.5,9.9
1743070079.483000,45.421502,6.607476,1766.290387,216.1,9.052749,1.4,9.9
1743070081.483000,45.421364,6.607327,1763.653746,235.5,9.972462,1.4,9.9
1743070082.484000,45.421307,6.607218,1762.484586,235.0,10.184634,1.4,9.9
1743070083.483000,45.421247,6.607104,1761.818572,232.0,10.918170,1.4,9.9
1743070084.483000,45.421201,6.606979,1760.575242,251.7,10.809556,1.4,9.9
1743070085.483000,45.421176,6.606840,1761.975048,263.9,11.006879,4.0,9.9
1743070086.483000,45.421164,6.606709,1761.106712,281.8,10.177501,4.9,9.9
1743070088.483000,45.421232,6.606524,1759.711518,338.6,7.588165,5.9,9.9
1743070090.484000,45.421350,6.606559,1755.751466,16.0,7.180028,5.3,9.9
1743070092.482000,45.421490,6.606682,1750.091900,14.0,8.470898,1.4,9.9
1743070094.483000,45.421645,6.606795,1746.205556,18.0,9.867339,1.4,9.9
1743070095.483000,45.421728,6.606862,1744.950114,25.0,10.698957,1.4,9.9
1743070096.484000,45.421813,6.606939,1743.076068,27.0,11.053775,1.4,9.9
1743070097.484000,45.421896,6.607022,1741.807999,31.0,11.113840,1.4,9.9
1743070098.483000,45.421975,6.607111,1740.638418,31.0,10.970098,1.4,9.9
1743070099.483000,45.422055,6.607193,1739.542435,30.0,11.051050,1.4,9.9
1743070100.483000,45.422138,6.607270,1738.388643,28.0,11.079859,1.4,9.9
1743070101.483000,45.422224,6.607342,1737.188068,29.0,11.169198,1.4,9.9
1743070102.483000,45.422309,6.607415,1735.833413,33.9,11.393027,1.4,9.9
1743070103.483000,45.422391,6.607496,1735.120731,19.1,10.864056,1.4,9.9
1743070105.482000,45.422546,6.607569,1732.854579,340.2,8.602795,1.5,9.9
1743070107.483000,45.422658,6.607494,1730.323721,289.3,6.894053,1.7,9.9
1743070109.483000,45.422702,6.607330,1728.308551,311.9,7.749028,1.4,9.9
1743070111.483000,45.422812,6.607157,1729.301883,341.9,8.998213,2.1,9.9
1743070113.484000,45.422958,6.607100,1725.890044,344.1,8.009382,2.6,9.9
1743070115.483000,45.423101,6.607041,1721.838952,321.2,8.009332,2.8,9.9
1743070117.483000,45.423202,6.606914,1719.978597,289.1,7.163904,1.9,9.9
1743070119.482000,45.423235,6.606725,1716.849025,248.3,7.531617,1.5,9.9
1743070121.483000,45.423164,6.606535,1711.251840,220.1,7.893448,1.4,9.9
1743070123.484000,45.423048,6.606411,1709.903620,207.1,8.613269,1.4,9.9
1743070125.484000,45.422888,6.606333,1707.216348,198.0,9.661978,1.4,9.9
1743070126.483000,45.422803,6.606288,1706.100895,198.0,9.946136,1.4,9.9
1743070128.483000,45.422634,6.606207,1703.666153,211.8,9.641093,1.4,9.9
1743070130.483000,45.422527,6.606070,1702.867358,280.8,6.785964,1.4,9.9
1743070133.483000,45.422586,6.605939,1700.845783,323.2,5.017029,1.4,9.9
1743070135.482000,45.422686,6.605850,1697.843624,320.9,7.166065,1.5,9.9
1743070137.482000,45.422835,6.605764,1695.061302,331.0,8.806646,1.6,9.9
1743070139.483000,45.422996,6.605661,1691.596645,336.9,9.640443,1.4,9.9
1743070140.484000,45.423083,6.605616,1692.127714,322.2,9.921412,1.4,9.9
1743070142.482000,45.423157,6.605453,1691.728072,254.2,6.617014,1.8,9.9
1743070144.484000,45.423106,6.605328,1688.703908,223.1,5.938366,1.4,9.9
1743070146.484000,45.423013,6.605207,1687.131427,244.9,7.078368,1.4,9.9
1743070148.483000,45.422943,6.605046,1685.708422,304.6,6.860563,1.5,9.9
1743070153.483000,45.422988,6.604914,1680.159276,340.8,1.985274,1.4,9.9
1743070157.483000,45.423065,6.604804,1678.739029,307.6,4.081094,1.4,9.9
1743070159.483000,45.423180,6.604802,1677.533488,359.9,5.562760,1.4,9.9
1743070161.483000,45.423316,6.604844,1675.296420,10.6,6.209677,1.4,9.9
1743070163.484000,45.423450,6.604912,1673.667756,8.8,7.366089,1.4,9.9
1743070165.484000,45.423583,6.605050,1671.872302,36.9,9.023990,1.5,9.9
1743070166.483000,45.423648,6.605141,1669.916447,44.9,9.792567,1.6,9.9
1743070167.482000,45.423713,6.605240,1668.390116,47.0,10.531240,1.4,9.9
1743070168.484000,45.423778,6.605350,1667.169216,49.0,10.885633,1.4,9.9
1743070169.483000,45.423845,6.605457,1664.600608,47.0,11.137307,1.4,9.9
1743070170.483000,45.423916,6.605559,1666.446735,48.0,11.154308,2.6,9.9
1743070171.483000,45.423987,6.605654,1665.847928,44.0,10.923532,1.9,9.9
1743070172.484000,45.424062,6.605741,1665.065780,41.0,10.847173,1.7,9.9
1743070173.483000,45.424142,6.605821,1663.791197,39.0,10.936008,2.1,9.9
1743070174.484000,45.424227,6.605892,1662.698203,38.0,11.028311,2.1,9.9
1743070175.483000,45.424314,6.605964,1660.620472,41.0,11.274297,1.4,9.9
1743070176.483000,45.424398,6.606048,1659.743074,37.0,11.678813,1.4,9.9
1743070177.483000,45.424492,6.606130,1658.141021,34.0,12.357802,1.5,9.9
1743070178.483000,45.424595,6.606196,1655.825551,43.9,12.309971,1.5,9.9
1743070179.483000,45.424691,6.606272,1654.763547,68.8,12.272449,2.3,9.9
1743070180.482000,45.424759,6.606380,1651.294920,49.1,11.809927,1.4,9.9
1743070181.482000,45.424833,6.606490,1651.252748,62.0,12.190015,1.4,9.9
1743070182.483000,45.424890,6.606627,1650.080043,65.0,13.414317,1.4,9.9
1743070183.483000,45.424935,6.606782,1648.245154,70.0,13.270487,1.4,9.9
1743070184.483000,45.424974,6.606935,1645.793009,69.0,13.350963,1.4,9.9
1743070185.483000,45.425013,6.607089,1644.073246,73.0,12.994736,1.4,9.9
1743070186.483000,45.425033,6.607234,1641.295580,86.0,10.846456,1.4,9.9
1743070188.484000,45.425055,6.607482,1636.810435,65.7,10.947460,1.4,9.9
1743070189.484000,45.425094,6.607611,1636.241180,76.7,10.720942,1.4,9.9
1743070190.484000,45.425120,6.607746,1633.470636,73.1,11.186448,1.4,9.9
1743070191.484000,45.425157,6.607883,1631.186717,63.1,11.911964,1.4,9.9
1743070192.483000,45.425210,6.608013,1630.005622,55.3,11.427494,1.4,9.9
1743070193.484000,45.425281,6.608107,1627.569168,34.2,10.607861,1.4,9.9
1743070195.483000,45.425447,6.608098,1622.660426,343.4,9.537859,1.5,9.9
1743070196.483000,45.425533,6.608051,1621.128437,342.3,10.204326,1.6,9.9
1743070197.484000,45.425622,6.608022,1619.094364,347.9,10.124932,1.4,9.9
1743070198.482000,45.425713,6.607988,1615.919426,346.3,10.410159,1.4,10.0
1743070199.484000,45.425802,6.607912,1613.423497,335.5,11.528553,1.4,10.0
1743070200.483000,45.425876,6.607792,1610.439497,309.7,12.320267,1.9,10.0
1743070201.483000,45.425950,6.607660,1605.874445,309.2,13.235415,1.8,10.0
1743070202.484000,45.426034,6.607562,1602.359183,324.5,11.350558,1.4,10.0
1743070204.483000,45.426156,6.607481,1598.054280,341.1,6.829380,1.4,9.9
1743070206.484000,45.426240,6.607382,1594.301313,311.6,7.992493,1.4,9.9
1743070208.483000,45.426337,6.607251,1593.218392,324.4,8.117360,1.4,9.9
1743070210.484000,45.426467,6.607157,1588.074144,331.5,8.720047,1.4,9.9
1743070212.483000,45.426624,6.607150,1586.062973,12.8,8.904370,1.4,9.9
1743070213.483000,45.426713,6.607173,1584.848135,3.4,9.724295,1.4,9.9
1743070214.483000,45.426818,6.607176,1583.491904,0.4,11.298469,1.4,9.9
1743070215.483000,45.426914,6.607226,1578.289686,15.3,11.019853,1.4,9.9
1743070216.484000,45.427003,6.607310,1572.226625,27.8,11.732144,1.4,9.9
1743070217.484000,45.427099,6.607376,1569.813914,23.7,11.679297,1.4,9.9
1743070218.484000,45.427195,6.607416,1565.282418,20.7,11.790417,1.4,10.0
1743070219.483000,45.427318,6.607440,1561.959532,16.6,12.655916,1.4,10.1
1743070220.483000,45.427439,6.607462,1556.359965,14.4,13.605433,1.4,10.1
1743070221.484000,45.427550,6.607452,1552.456609,5.5,13.115338,1.4,10.1
1743070222.482000,45.427670,6.607412,1549.381183,359.4,13.637461,1.4,10.1
1743070223.483000,45.427766,6.607382,1546.092495,358.3,12.700405,1.4,10.1
1743070224.483000,45.427857,6.607419,1543.359945,15.3,11.819634,1.5,10.0
1743070225.483000,45.427956,6.607401,1539.637137,352.6,12.022240,1.5,10.0
1743070226.483000,45.428043,6.607326,1533.951011,325.3,11.817376,1.6,10.0
1743070227.484000,45.428132,6.607254,1532.017329,339.9,11.954041,1.5,9.9
1743070228.484000,45.428233,6.607221,1528.712122,345.4,12.014003,1.4,9.9
1743070229.483000,45.428325,6.607241,1527.229564,357.7,11.448260,1.4,9.9
1743070230.482000,45.428418,6.607216,1523.711901,340.3,11.583431,1.8,9.9
1743070231.483000,45.428499,6.607142,1519.458418,323.3,11.868441,1.6,9.9
1743070232.482000,45.428593,6.607072,1514.109961,333.6,12.636072,1.4,10.0
1743070233.483000,45.428702,6.607026,1510.903326,341.1,12.932392,1.4,10.0
1743070234.482000,45.428821,6.607040,1508.432851,354.0,13.162201,1.4,10.1
1743070235.484000,45.428937,6.607007,1503.730826,341.4,13.931671,1.4,10.2
1743070236.483000,45.429056,6.606968,1496.682284,343.3,14.319251,1.4,10.4
1743070237.483000,45.429147,6.606974,1493.966028,360.0,12.205762,1.4,10.4
1743070239.483000,45.429292,6.607125,1486.173777,45.7,11.304196,1.4,10.2
1743070240.484000,45.429354,6.607231,1483.478309,51.7,11.883489,1.4,10.2
1743070241.483000,45.429407,6.607348,1479.029728,61.9,10.658399,1.4,10.1
1743070243.483000,45.429466,6.607564,1472.203582,69.1,7.907111,1.4,9.9
1743070245.483000,45.429489,6.607726,1466.614135,83.7,7.983811,1.4,9.9
1743070247.484000,45.429517,6.607964,1460.096100,86.3,10.277596,1.4,9.9
1743070249.484000,45.429512,6.608232,1452.780223,89.4,12.757589,1.4,9.9
1743070250.482000,45.429508,6.608407,1446.735840,94.8,14.938083,1.4,9.9
1743070251.484000,45.429491,6.608593,1443.355859,97.9,15.299284,1.4,9.9
1743070252.483000,45.429470,6.608774,1437.437701,98.4,15.145867,1.4,9.9
1743070253.483000,45.429451,6.608964,1434.291209,98.2,15.420511,1.5,10.0
1743070254.484000,45.429429,6.609153,1431.860447,98.1,15.063251,1.5,10.1
1743070255.482000,45.429411,6.609336,1430.318095,97.6,14.774188,1.5,10.1
1743070256.484000,45.429391,6.609515,1428.563019,98.8,14.492045,1.5,10.1
1743070257.484000,45.429367,6.609692,1426.438334,103.3,14.282253,1.4,10.1
1743070258.483000,45.429338,6.609858,1424.390561,105.6,13.764554,1.4,10.0
1743070259.483000,45.429312,6.610019,1425.250539,103.7,13.133701,1.4,10.0
1743070260.483000,45.429298,6.610171,1426.030022,101.0,12.402957,1.7,9.9
1743070261.483000,45.429288,6.610315,1423.695681,101.4,11.797859,1.4,9.9
1743070262.484000,45.429281,6.610454,1424.002595,96.8,11.255300,1.4,9.9
1743070263.483000,45.429280,6.610589,1423.069812,96.8,10.931774,1.4,9.9
1743070264.484000,45.429279,6.610718,1422.066304,92.4,10.519436,1.4,9.9
1743070266.483000,45.429294,6.610956,1420.508637,83.9,9.646195,1.4,9.9
1743070268.484000,45.429329,6.611164,1418.244894,74.7,8.739573,1.4,9.9
1743070270.484000,45.429365,6.611355,1416.672675,79.1,8.136340,1.4,9.9
1743070272.484000,45.429387,6.611537,1416.457549,75.7,7.497989,1.4,9.9
1743070274.484000,45.429406,6.611708,1416.328825,96.3,6.989128,1.4,9.9
1743070276.484000,45.429424,6.611884,1416.283631,81.0,7.746646,1.4,9.9
1743070278.482000,45.429460,6.612095,1414.594573,76.0,8.904065,1.4,9.9
1743070280.484000,45.429506,6.612337,1411.300702,74.0,10.282482,1.4,9.9
1743070281.482000,45.429533,6.612472,1409.307325,75.0,11.430840,1.4,9.9
1743070282.484000,45.429560,6.612619,1407.999365,76.0,12.014318,1.4,9.9
1743070283.483000,45.429585,6.612768,1404.449957,77.0,12.107799,1.5,9.9
1743070284.483000,45.429611,6.612913,1403.029856,73.1,11.614510,1.5,9.9
1743070285.484000,45.429641,6.613052,1400.923068,74.0,11.417555,1.6,9.9
1743070286.483000,45.429668,6.613187,1399.705151,74.0,11.283381,1.5,9.9
1743070287.482000,45.429690,6.613316,1399.579549,75.9,10.938334,1.4,8.9
1743070289.483000,45.429700,6.613523,1400.974290,69.2,8.404915,1.7,6.2
1743070291.483000,45.429699,6.613668,1396.887830,82.3,6.471839,1.4,4.8
1743070311.482000,45.429664,6.613755,1393.010792,87.0,0.000000,1.4,3.8
1743070333.482000,45.429681,6.613796,1393.401356,58.0,3.472795,1.4,3.8
1743070335.482000,45.429721,6.613915,1391.517279,64.3,5.451095,1.4,3.8
1743070337.483000,45.429708,6.614094,1388.545601,93.6,7.883007,1.4,3.8
1743070339.482000,45.429753,6.614302,1384.399510,75.5,9.601720,1.4,3.8
1743070340.482000,45.429748,6.614438,1382.587836,100.3,11.482722,1.4,3.8
1743070341.482000,45.429725,6.614581,1380.034890,101.4,11.518035,1.4,3.8
1743070342.482000,45.429720,6.614735,1375.871339,98.1,12.008603,1.5,3.8
1743070343.482000,45.429729,6.614886,1371.775195,93.5,12.173040,1.5,3.8
1743070344.482000,45.429703,6.615049,1368.152053,104.0,13.179603,1.4,3.8
1743070345.483000,45.429711,6.615218,1365.690535,82.8,13.905635,1.4,3.8
1743070346.483000,45.429712,6.615379,1359.566729,88.2,13.736875,1.4,3.8
1743070347.482000,45.429697,6.615541,1352.082444,93.4,13.880870,1.4,3.8
1743070348.482000,45.429731,6.615694,1350.715374,72.7,13.268577,1.4,3.8
1743070349.482000,45.429760,6.615828,1347.841571,72.9,12.224685,1.4,5.0
1743070350.482000,45.429761,6.615970,1342.695950,90.6,11.695080,1.4,5.8
1743070352.482000,45.429830,6.616209,1337.318440,70.0,11.126424,1.4,7.9
1743070354.481000,45.429812,6.616459,1333.477884,99.0,9.973674,1.4,9.9
1743070356.481000,45.429895,6.616692,1324.831200,57.0,11.872450,1.4,9.9
1743070357.482000,45.429926,6.616827,1321.990170,84.9,11.480332,1.4,9.9
1743070358.482000,45.429944,6.616963,1318.747508,64.0,10.990728,1.4,9.9
1743070360.482000,45.430099,6.617076,1308.501218,4.0,11.023879,1.4,9.9
1743070361.481000,45.430191,6.617118,1306.592461,27.8,12.583545,1.4,9.9
1743070362.482000,45.430265,6.617246,1302.231184,56.7,13.874579,1.4,9.9
1743070363.483000,45.430326,6.617393,1295.880202,53.0,13.294801,1.4,9.9
1743070364.482000,45.430426,6.617498,1290.554625,24.1,16.335634,1.4,9.9
1743070365.482000,45.430542,6.617607,1285.353552,47.0,16.080690,1.4,9.9
1743070366.483000,45.430628,6.617747,1280.950366,45.0,15.314026,1.4,9.9
1743070367.482000,45.430733,6.617818,1277.085013,8.0,14.527215,1.4,9.9
1743070368.483000,45.430856,6.617833,1274.068934,8.0,14.268272,1.4,9.9
1743070369.482000,45.430961,6.617908,1272.557805,42.8,13.737770,1.4,9.9
1743070370.482000,45.431038,6.618041,1268.969163,53.0,12.856654,1.4,9.9
1743070371.481000,45.431126,6.618142,1263.478605,28.1,14.167119,1.4,9.9
1743070372.482000,45.431247,6.618205,1259.388936,18.0,14.975746,1.5,9.9
1743070373.482000,45.431360,6.618291,1257.084412,39.0,14.804214,1.4,9.9
1743070374.482000,45.431431,6.618428,1252.538871,68.0,13.795012,1.4,9.9
1743070375.482000,45.431451,6.618585,1249.504094,88.0,12.594092,1.4,9.9
1743070376.482000,45.431437,6.618718,1249.168821,111.0,9.847759,1.4,9.9
1743070378.482000,45.431391,6.618944,1246.608417,101.0,10.124317,1.4,9.9
1743070379.482000,45.431369,6.619072,1245.015640,105.0,11.030829,1.4,9.9
1743070380.482000,45.431334,6.619206,1243.345000,115.0,11.276121,1.4,9.9
1743070381.483000,45.431286,6.619326,1240.569197,122.0,10.697680,1.4,9.9
1743070383.481000,45.431251,6.619560,1237.713382,105.0,9.064598,1.4,9.9
1743070385.483000,45.431193,6.619729,1236.080828,107.0,5.863654,1.4,9.9
1743070388.481000,45.431173,6.619887,1236.281746,108.8,3.440328,1.4,9.9
1743070404.481000,45.431080,6.619881,1239.230407,205.9,0.826755,1.4,9.9
1743070454.482000,45.430994,6.619827,1256.619079,226.8,1.670152,1.4,9.9
1743070458.482000,45.430917,6.619711,1239.418505,225.0,3.081282,1.5,9.9
1743070460.483000,45.430831,6.619668,1240.264213,212.3,3.168297,1.5,9.9
1743070463.482000,45.430703,6.619610,1246.368289,216.9,3.923594,1.4,9.9
1743070466.482000,45.430582,6.619559,1253.484570,206.0,3.915273,1.5,9.9
1743070469.482000,45.430482,6.619504,1276.424615,204.4,4.543756,1.5,9.9
1743070472.482000,45.430392,6.619448,1284.120553,210.8,4.862893,1.5,7.9
1743070475.483000,45.430310,6.619393,1277.883213,211.0,4.881034,1.5,3.8
1743070479.482000,45.430210,6.619318,1281.512640,212.2,4.524872,1.7,3.8
1743070483.482000,45.430104,6.619254,1295.221791,199.9,4.052775,1.7,3.8
1743070486.482000,45.430018,6.619205,1301.271247,198.0,4.023022,1.7,3.8
1743070490.483000,45.429924,6.619119,1310.694501,207.8,3.508606,1.6,3.8
1743070494.482000,45.429814,6.619067,1320.036972,202.0,4.094820,1.7,3.8
1743070498.482000,45.429714,6.618997,1328.115736,202.9,3.700466,1.7,3.8
1743070502.482000,45.429607,6.618959,1338.066041,178.5,3.563314,1.7,3.8
1743070505.483000,45.429520,6.618922,1342.727088,182.1,3.894255,1.7,4.0
1743070508.482000,45.429423,6.618836,1347.028046,199.9,4.164915,2.0,4.0
1743070511.482000,45.429337,6.618740,1350.884545,204.8,3.831468,1.8,4.1
1743070514.483000,45.429261,6.618667,1355.836515,208.1,3.508898,1.8,4.7
1743070518.481000,45.429157,6.618573,1360.822107,206.4,3.832007,1.8,5.8
1743070521.482000,45.429052,6.618496,1364.568077,204.8,3.848260,1.8,4.8
1743070524.482000,45.428952,6.618432,1371.529289,204.2,3.982385,1.9,3.8
1743070527.483000,45.428856,6.618369,1374.941885,200.9,3.886325,1.9,3.8
1743070530.482000,45.428762,6.618308,1385.283660,196.6,4.116022,1.9,3.8
1743070533.482000,45.428672,6.618250,1388.749889,199.6,4.045985,1.9,3.8
1743070536.483000,45.428585,6.618190,1394.057897,201.7,3.956250,2.0,3.8
1743070539.481000,45.428497,6.618128,1399.996557,202.9,4.082624,1.4,3.8
1743070542.482000,45.428410,6.618068,1405.019472,206.4,3.975239,1.4,5.8
1743070545.482000,45.428327,6.618002,1412.147949,207.3,3.896911,1.4,8.9
1743070549.483000,45.428217,6.617925,1417.246245,206.3,4.095186,1.4,9.9
1743070552.483000,45.428123,6.617859,1420.726106,206.0,4.028712,1.4,9.9
1743070555.482000,45.428032,6.617794,1425.883539,205.3,4.040065,1.4,9.9
1743070558.482000,45.427942,6.617732,1436.849993,205.2,4.156626,1.4,9.9
1743070561.482000,45.427855,6.617670,1436.416302,206.0,3.968800,1.3,9.9
1743070564.482000,45.427765,6.617608,1443.977388,207.0,4.123741,1.4,9.9
1743070567.482000,45.427676,6.617548,1447.647454,206.0,3.950341,1.5,9.9
1743070570.482000,45.427588,6.617489,1453.696307,209.0,3.790559,1.4,9.9
1743070573.482000,45.427504,6.617432,1458.629456,206.0,3.911970,1.4,9.9
1743070576.482000,45.427414,6.617365,1463.729948,207.0,3.779938,1.4,9.9
1743070579.482000,45.427329,6.617297,1466.234313,216.0,3.938272,1.4,9.9
1743070582.483000,45.427244,6.617221,1472.061604,216.0,4.031691,1.4,9.9
1743070585.483000,45.427150,6.617160,1477.054617,215.0,3.969002,1.4,9.9
1743070588.482000,45.427057,6.617101,1487.392162,211.0,4.113780,1.4,9.9
1743070591.482000,45.426966,6.617042,1486.234278,210.0,4.096788,1.3,9.9
1743070594.482000,45.426878,6.616983,1490.880286,207.7,3.966869,1.4,9.9
1743070597.481000,45.426788,6.616928,1497.831316,207.5,4.052689,1.4,9.9
1743070601.483000,45.426677,6.616867,1507.870565,203.8,3.771058,1.4,9.9
1743070605.483000,45.426569,6.616808,1514.456709,202.8,3.632485,1.4,9.9
1743070608.481000,45.426489,6.616742,1517.691594,210.4,3.549798,1.4,9.9
1743070611.482000,45.426389,6.616672,1524.865821,204.9,3.954435,1.4,6.2
1743070614.483000,45.426302,6.616606,1535.668106,205.0,4.130338,1.4,3.8
1743070617.482000,45.426216,6.616543,1550.530273,205.4,4.590410,1.4,3.8
1743070620.482000,45.426132,6.616480,1550.127904,208.7,4.400648,1.4,3.8
1743070623.483000,45.426049,6.616421,1560.885061,207.9,4.598300,1.3,3.8
1743070627.483000,45.425943,6.616348,1562.568386,203.9,4.044726,1.4,3.8
1743070630.482000,45.425861,6.616294,1569.903196,205.3,3.732011,1.4,3.8
1743070633.482000,45.425779,6.616242,1575.891162,205.0,3.925662,1.4,3.8
1743070636.482000,45.425699,6.616182,1580.521440,207.1,3.682015,1.4,3.8
1743070639.483000,45.425617,6.616127,1589.141985,206.9,3.971594,1.4,3.8
1743070643.483000,45.425511,6.616053,1601.994366,208.0,4.068244,1.4,3.8
1743070647.482000,45.425401,6.615974,1614.741211,207.6,4.642185,1.4,3.8
1743070650.481000,45.425311,6.615911,1620.514362,207.1,4.656263,1.3,3.8
1743070653.481000,45.425222,6.615847,1624.243164,206.9,4.350273,1.3,3.8
1743070656.482000,45.425134,6.615787,1629.116294,204.7,4.106393,1.4,3.8
1743070659.483000,45.425043,6.615729,1634.016675,205.9,3.935092,1.3,3.8
1743070662.483000,45.424955,6.615670,1635.579488,205.8,3.856406,1.4,3.8
1743070665.482000,45.424869,6.615610,1642.149610,204.0,3.851626,1.4,3.8
1743070668.482000,45.424786,6.615552,1648.467324,203.2,3.969951,1.4,3.8
1743070671.482000,45.424701,6.615493,1654.015891,214.2,3.775301,1.4,3.8
1743070674.482000,45.424618,6.615439,1660.763819,198.4,4.029230,1.4,4.8
1743070677.482000,45.424527,6.615388,1670.038164,193.4,4.223747,1.3,7.9
1743070680.482000,45.424439,6.615332,1672.506072,190.8,3.925739,1.3,9.9
1743070683.482000,45.424352,6.615270,1678.963672,192.0,4.019331,1.3,9.9
1743070686.482000,45.424268,6.615203,1681.293457,197.0,3.753827,1.3,9.9
1743070689.483000,45.424185,6.615136,1688.121313,198.0,3.809587,1.3,9.9
1743070692.482000,45.424098,6.615081,1694.008475,194.4,3.847232,1.4,9.9
1743070696.482000,45.423992,6.615004,1701.051863,198.9,3.764778,1.4,9.9
1743070699.481000,45.423904,6.614938,1707.170615,199.3,4.092502,1.3,9.9
1743070702.482000,45.423815,6.614877,1714.843492,199.4,4.168159,1.3,9.9
1743070705.483000,45.423725,6.614813,1720.583688,201.0,4.192753,1.3,9.9
1743070708.482000,45.423636,6.614749,1725.708223,201.7,4.113510,1.3,9.9
1743070711.483000,45.423547,6.614688,1731.274626,201.9,4.086088,1.4,9.9
1743070714.482000,45.423461,6.614633,1731.786865,202.2,3.829307,1.3,9.9
1743070717.483000,45.423370,6.614572,1739.847922,202.9,3.928812,1.3,9.9
1743070720.483000,45.423281,6.614515,1745.935007,203.0,3.849022,1.4,9.9
1743070723.482000,45.423197,6.614456,1751.387683,205.0,3.887883,1.4,9.9
1743070726.482000,45.423117,6.614389,1754.987427,207.0,3.749610,1.4,9.9
1743070729.482000,45.423028,6.614336,1758.776338,193.3,3.949436,1.3,9.9
1743070732.482000,45.422929,6.614254,1766.464574,205.1,4.151837,1.3,9.9
1743070735.483000,45.422834,6.614178,1771.232814,206.7,4.214663,1.3,9.9
1743070738.481000,45.422738,6.614115,1773.164795,196.5,4.088610,1.3,9.9
1743070741.483000,45.422640,6.614073,1777.202370,190.7,3.990657,1.4,9.9
1743070744.483000,45.422544,6.614018,1775.286315,195.1,3.953128,1.3,9.9
1743070747.482000,45.422450,6.613944,1779.977753,199.7,3.947027,1.3,9.9
1743070750.482000,45.422364,6.613862,1782.848360,207.4,3.935515,1.3,9.9
1743070753.482000,45.422272,6.613809,1787.137609,198.0,3.779271,1.4,9.9
1743070756.482000,45.422181,6.613750,1789.999452,200.0,3.842103,1.4,9.9
1743070759.483000,45.422089,6.613687,1794.345996,201.0,3.879810,1.3,9.9
1743070762.482000,45.422000,6.613625,1795.971894,201.0,3.745019,1.3,9.9
1743070765.482000,45.421910,6.613565,1807.931774,203.0,3.924511,1.3,9.9
1743070768.481000,45.421821,6.613515,1809.604057,199.0,4.213037,1.3,9.9
1743070771.481000,45.421720,6.613443,1815.576034,197.0,4.193135,1.3,9.9
1743070774.482000,45.421622,6.613372,1812.464970,199.0,4.415773,1.3,9.9
1743070777.483000,45.421530,6.613290,1817.617513,210.0,4.137432,1.3,9.9
1743070780.482000,45.421438,6.613213,1819.156553,206.0,4.049531,1.4,9.9
1743070783.482000,45.421342,6.613146,1821.191554,205.0,3.965104,1.3,9.9
1743070786.482000,45.421246,6.613081,1824.057394,206.0,3.998578,1.3,9.9
1743070789.482000,45.421153,6.613019,1826.709563,206.0,3.943626,1.3,9.9
1743070792.481000,45.421060,6.612956,1836.012851,206.0,4.060385,1.3,9.9
1743070795.483000,45.420969,6.612893,1837.882580,206.0,4.121572,1.3,9.9
1743070798.482000,45.420876,6.612826,1841.633523,206.0,4.063596,1.3,9.9
1743070801.482000,45.420785,6.612759,1840.013067,207.0,4.032908,1.4,9.9
1743070804.482000,45.420697,6.612693,1846.007452,207.0,3.956250,1.3,9.9
1743070807.482000,45.420612,6.612634,1850.075280,207.0,3.608728,1.4,9.9
1743070810.482000,45.420516,6.612572,1852.808608,207.0,4.082189,1.4,9.9
1743070813.481000,45.420420,6.612510,1853.076332,207.0,4.011362,1.4,9.9
1743070816.483000,45.420325,6.612447,1857.572373,207.0,3.969066,1.3,9.9
1743070819.482000,45.420231,6.612382,1863.450250,207.0,4.036262,1.3,9.9
1743070822.482000,45.420136,6.612315,1867.432554,207.0,4.066463,1.3,9.9
1743070825.482000,45.420042,6.612248,1868.687583,202.0,4.025435,1.3,9.9
1743070828.483000,45.419949,6.612183,1874.732061,207.0,4.040042,1.3,9.9
1743070831.483000,45.419852,6.612112,1872.163899,206.0,4.018308,1.3,9.9
1743070834.482000,45.419761,6.612047,1878.199927,208.0,4.022457,1.3,9.9
1743070837.482000,45.419668,6.611980,1880.207061,207.0,3.970611,1.3,9.9
1743070840.482000,45.419575,6.611920,1884.365808,207.0,4.022002,1.4,9.9
1743070843.482000,45.419478,6.611854,1885.462718,207.0,4.016249,1.4,9.9
1743070846.482000,45.419381,6.611786,1889.021149,207.0,3.983183,1.3,9.9
1743070849.482000,45.419291,6.611703,1889.234334,243.9,3.905798,1.3,9.9
1743070852.482000,45.419204,6.611634,1897.471854,206.0,4.233231,1.3,9.9
1743070855.481000,45.419099,6.611582,1899.989052,206.0,4.054910,1.3,9.9
1743070858.482000,45.419000,6.611522,1902.524158,204.0,4.106551,1.3,9.9
1743070861.482000,45.418906,6.611457,1901.204567,208.0,4.000564,1.3,9.9
1743070864.483000,45.418814,6.611388,1905.905211,210.0,3.863399,1.3,9.9
1743070867.483000,45.418726,6.611320,1906.310013,212.0,3.921133,1.4,9.9
1743070870.482000,45.418635,6.611254,1911.812540,213.0,3.994653,1.4,9.9
1743070873.482000,45.418543,6.611189,1913.153320,213.0,3.909412,1.4,9.9
1743070876.482000,45.418452,6.611131,1916.477058,210.0,3.840471,1.3,9.9
1743070879.482000,45.418352,6.611063,1916.245931,209.0,4.102002,1.3,9.9
1743070882.482000,45.418255,6.610996,1925.262153,208.0,4.002142,1.3,9.9
1743070885.483000,45.418159,6.610930,1925.304170,208.0,4.183558,1.3,9.9
1743070888.482000,45.418069,6.610868,1927.025568,208.0,3.488039,1.3,9.9
1743070896.483000,45.417985,6.610815,1923.525446,207.7,1.165770,1.4,10.0
1743070901.483000,45.417876,6.610740,1922.357860,208.5,3.354401,1.4,9.9
1743070906.482000,45.417796,6.610662,1922.028632,213.9,1.935097,1.3,9.9
1743071028.480000,45.417695,6.610609,1924.386338,194.0,3.487251,1.4,9.9
1743071031.482000,45.417582,6.610572,1923.805998,181.3,4.542794,1.3,9.9
1743071033.481000,45.417489,6.610556,1923.591205,184.1,5.171994,1.3,9.9
1743071035.481000,45.417392,6.610510,1915.880944,188.7,5.392097,1.4,9.9
1743071037.481000,45.417281,6.610432,1918.044428,203.1,6.507187,1.3,9.9
1743071039.480000,45.417167,6.610331,1915.963294,199.9,6.912375,1.3,10.0
1743071044.482000,45.416989,6.609841,1909.652810,237.9,8.475573,1.4,10.7
1743071045.481000,45.416962,6.609678,1910.872183,233.0,8.625942,1.4,10.3
1743071046.481000,45.416925,6.609554,1909.408740,223.1,8.031904,1.4,10.2
1743071048.481000,45.416846,6.609400,1904.986669,212.0,7.216294,1.4,10.1
1743071050.481000,45.416765,6.609282,1905.697507,221.9,6.951956,1.4,9.9
1743071052.481000,45.416688,6.609109,1905.016954,241.8,8.721064,1.3,9.9
1743071054.481000,45.416634,6.608857,1904.019856,228.2,10.478877,1.3,9.9
1743071055.482000,45.416617,6.608745,1898.019206,241.2,10.769652,21.0,61.0
1743071057.481000,45.416583,6.608523,1886.035889,329.3,7.390633,2.5,9.9
1743071059.480000,45.416602,6.608388,1884.233887,288.0,5.897435,2.5,9.9
1743071061.482000,45.416614,6.608216,1881.133301,274.1,7.540632,2.5,9.9
1743071063.482000,45.416646,6.608000,1878.184570,292.0,9.322066,2.5,9.9
1743071065.481000,45.416712,6.607771,1874.833008,291.0,10.483829,2.5,9.9
1743071066.481000,45.416754,6.607650,1873.136719,301.9,10.742472,2.5,9.9
1743071067.481000,45.416816,6.607545,1870.891357,308.9,11.197806,2.5,9.9
1743071068.481000,45.416897,6.607454,1868.565918,306.0,11.487624,2.5,9.9
1743071069.481000,45.416978,6.607357,1866.055664,304.0,11.935798,2.5,9.9
1743071070.481000,45.417050,6.607248,1863.897949,321.8,11.987638,2.5,9.9
1743071071.481000,45.417143,6.607172,1867.902145,326.9,11.741312,1.3,9.9
1743071072.482000,45.417242,6.607129,1869.765878,347.8,11.806067,1.4,9.9
1743071073.481000,45.417328,6.607078,1868.155739,323.3,10.908286,1.4,9.9
1743071074.481000,45.417396,6.606977,1868.870052,308.0,11.717657,1.4,9.9
1743071075.481000,45.417476,6.606903,1866.956229,346.9,11.446587,1.4,9.9
1743071076.482000,45.417580,6.606886,1864.969883,354.0,11.792392,1.4,9.9
1743071077.481000,45.417674,6.606830,1857.901543,321.0,12.602005,1.3,9.9
1743071078.481000,45.417766,6.606748,1855.576118,339.0,12.249735,1.4,9.9
1743071079.481000,45.417863,6.606749,1853.486669,17.0,11.188677,1.4,9.9
1743071080.482000,45.417958,6.606792,1851.488275,10.0,11.741468,1.3,9.9
1743071081.481000,45.418057,6.606775,1849.518666,337.2,12.142139,1.3,9.9
1743071082.481000,45.418162,6.606703,1847.673535,335.0,13.748940,1.3,9.9
1743071083.481000,45.418282,6.606660,1842.267185,350.7,14.174092,1.3,9.9
1743071084.482000,45.418392,6.606664,1839.002689,3.8,12.827589,1.3,9.9
1743071085.482000,45.418500,6.606633,1841.633195,335.2,14.389347,1.4,9.9
1743071086.482000,45.418623,6.606558,1839.487635,340.9,15.877256,1.4,9.9
1743071087.481000,45.418753,6.606530,1832.937145,353.7,14.979540,1.4,9.9
1743071088.481000,45.418874,6.606557,1828.349571,2.8,14.621725,1.4,10.0
1743071089.481000,45.418996,6.606532,1823.712990,337.3,15.814267,1.4,10.0
1743071090.482000,45.419128,6.606484,1823.111006,353.0,16.068571,1.4,10.0
1743071091.481000,45.419267,6.606480,1818.451487,357.0,15.713433,1.4,10.0
1743071092.480000,45.419402,6.606429,1811.732692,332.1,17.691763,1.3,10.0
1743071093.480000,45.419535,6.606300,1803.314786,322.1,18.932653,1.4,9.9
1743071094.482000,45.419669,6.606179,1797.704750,332.7,18.684147,1.4,10.0
1743071095.482000,45.419823,6.606135,1789.492705,350.3,19.355764,21.0,61.0
1743071096.480000,45.419978,6.606092,1781.297083,337.3,18.264896,1.4,10.1
1743071097.481000,45.420143,6.605993,1776.325737,334.1,19.194458,1.3,10.3
1743071098.481000,45.420311,6.605897,1769.818851,337.6,18.610477,1.3,10.6
1743071099.481000,45.420460,6.605810,1762.913121,336.1,18.863182,1.3,10.7
1743071100.481000,45.420572,6.605649,1754.025971,322.7,19.997301,1.4,10.9
1743071101.481000,45.420700,6.605483,1750.230779,320.1,19.579107,1.4,11.1
1743071102.481000,45.420818,6.605325,1743.326996,320.0,19.105381,1.4,10.9
1743071103.481000,45.420939,6.605180,1741.270039,322.9,18.661921,1.4,10.8
1743071104.480000,45.421080,6.605090,1734.188310,333.8,19.172049,1.4,10.7
1743071105.481000,45.421223,6.604955,1723.576945,316.2,21.932108,1.4,10.5
1743071106.482000,45.421369,6.604802,1713.522223,329.7,21.212868,1.4,10.3
1743071107.482000,45.421527,6.604694,1705.240883,330.9,21.250999,1.4,10.3
1743071108.480000,45.421734,6.604676,1695.369212,348.4,23.035906,1.4,10.3
1743071109.481000,45.421932,6.604589,1689.986445,338.3,23.716845,1.4,10.3
1743071110.481000,45.422129,6.604501,1682.034541,338.5,23.588825,1.8,10.4
1743071111.482000,45.422305,6.604411,1679.742495,338.7,22.468245,1.7,10.4
1743071112.482000,45.422439,6.604356,1682.022228,342.4,18.305719,1.4,10.4
1743071113.482000,45.422566,6.604283,1679.898438,332.1,15.974403,1.4,10.3
1743071114.481000,45.422668,6.604202,1683.639008,333.9,13.629231,1.4,10.2
1743071116.481000,45.422704,6.604042,1684.654319,244.2,3.398890,1.4,10.1
1743071136.482000,45.422707,6.603922,1680.533762,256.1,0.000000,1.3,9.9
1743071137.481000,45.422703,6.603901,1679.126962,247.3,1.666344,1.3,9.9
1743071146.481000,45.422668,6.603782,1685.106596,189.2,0.913795,1.4,6.9
1743071173.482000,45.422566,6.603731,1685.515081,135.0,2.149258,1.4,3.8
1743071176.481000,45.422456,6.603795,1683.961156,153.3,3.952726,1.4,3.8
1743071179.481000,45.422354,6.603866,1687.225146,150.0,3.802661,1.4,3.8
1743071182.480000,45.422257,6.603942,1689.781408,154.4,3.748255,1.4,3.8
1743071185.480000,45.422152,6.604019,1694.430176,153.9,4.249123,1.3,3.8
1743071188.480000,45.422053,6.604090,1695.307790,155.3,4.229867,1.6,3.8
1743071191.481000,45.421952,6.604153,1697.705742,166.6,4.119314,1.4,3.8
1743071194.481000,45.421850,6.604211,1702.299691,164.3,4.217706,1.4,3.8
1743071197.482000,45.421752,6.604280,1705.574219,161.6,4.077400,1.4,3.8
1743071200.480000,45.421656,6.604356,1709.754853,160.0,4.195672,1.3,3.8
1743071203.482000,45.421559,6.604426,1712.997211,158.9,4.129046,1.3,3.8
1743071206.482000,45.421460,6.604501,1717.337184,155.1,4.225299,1.4,5.0
1743071209.481000,45.421364,6.604573,1717.977320,154.0,4.145776,1.3,7.9
1743071212.481000,45.421267,6.604644,1721.779541,154.0,4.192370,1.3,9.9
1743071215.481000,45.421170,6.604716,1724.585722,151.6,4.199852,1.8,9.9
1743071218.481000,45.421074,6.604788,1728.917043,153.0,4.073892,1.6,9.9
1743071221.481000,45.420979,6.604857,1732.925064,152.8,4.153728,1.4,9.9
1743071224.480000,45.420884,6.604922,1736.497559,156.2,4.127197,1.4,9.9
1743071227.481000,45.420787,6.604983,1741.332820,159.7,4.113452,1.8,9.9
1743071230.481000,45.420695,6.605050,1748.570821,154.3,4.209125,1.3,9.9
1743071233.482000,45.420600,6.605119,1753.254824,158.8,4.196557,1.3,9.9
1743071236.480000,45.420505,6.605187,1760.790728,153.2,4.382998,1.4,9.9
1743071239.480000,45.420414,6.605252,1761.054060,153.5,4.068490,1.4,9.9
1743071242.482000,45.420316,6.605325,1765.801982,152.0,4.303206,1.3,9.9
1743071245.482000,45.420217,6.605395,1769.284276,151.2,4.302981,1.4,9.9
1743071248.482000,45.420119,6.605461,1774.211117,153.0,4.153485,1.6,9.9
1743071251.481000,45.420024,6.605526,1776.574457,152.9,4.190302,1.6,9.9
1743071254.481000,45.419928,6.605595,1782.297560,152.7,4.199585,1.4,9.9
1743071257.481000,45.419835,6.605666,1786.051033,149.4,4.200812,1.4,9.9
1743071260.481000,45.419741,6.605735,1795.534949,150.2,4.234151,1.3,9.9
1743071263.481000,45.419647,6.605802,1798.141181,151.8,4.246015,1.3,9.9
1743071266.481000,45.419554,6.605869,1804.926687,152.0,4.271092,1.3,9.9
1743071269.482000,45.419455,6.605938,1805.065334,153.6,4.425152,1.3,9.9
1743071272.480000,45.419358,6.606000,1807.782537,154.8,4.236176,1.3,9.9
1743071275.481000,45.419260,6.606072,1811.727917,152.0,4.261665,1.5,9.9
1743071278.482000,45.419162,6.606140,1815.268098,152.9,4.107587,1.4,9.9
1743071281.481000,45.419064,6.606206,1815.736458,154.9,4.029806,1.5,9.9
1743071284.480000,45.418967,6.606275,1822.546888,152.8,4.253119,1.4,9.9
1743071287.482000,45.418870,6.606346,1828.010381,152.8,4.308691,1.4,9.9
1743071290.482000,45.418774,6.606415,1832.281746,153.0,4.237065,1.3,9.9
1743071293.480000,45.418679,6.606482,1835.707300,152.2,4.251436,1.4,9.9
1743071296.481000,45.418582,6.606550,1839.048341,154.8,4.186007,1.3,9.9
1743071299.481000,45.418486,6.606614,1842.887928,154.1,4.106931,1.3,9.9
1743071302.480000,45.418393,6.606681,1846.863205,153.1,4.014581,1.4,9.9
1743071305.481000,45.418299,6.606748,1852.205528,152.2,4.119267,1.5,9.9
1743071308.481000,45.418200,6.606822,1855.788049,152.2,4.248774,1.4,9.9
1743071311.481000,45.418104,6.606893,1857.977866,152.1,4.165741,1.4,9.9
1743071314.481000,45.418009,6.606964,1864.594667,150.3,4.207296,1.4,9.9
1743071317.482000,45.417912,6.607034,1868.728497,152.0,4.238934,1.3,9.9
1743071320.481000,45.417817,6.607104,1872.410558,152.1,4.186478,1.3,9.9
1743071323.481000,45.417723,6.607171,1879.464420,152.0,4.285647,1.4,9.9
1743071326.481000,45.417626,6.607233,1878.920706,152.3,4.155824,1.3,9.9
1743071329.481000,45.417527,6.607296,1884.357183,160.7,4.388245,1.3,9.9
1743071332.482000,45.417423,6.607370,1886.000000,153.7,4.296381,3.6,9.9
1743071335.480000,45.417323,6.607441,1886.000000,153.2,4.213798,5.4,9.9
1743071338.482000,45.417222,6.607512,1886.000000,153.8,4.284426,5.1,9.9
1743071341.481000,45.417122,6.607585,1889.501716,153.8,4.192620,2.8,9.9
1743071344.481000,45.417025,6.607658,1888.369008,153.9,4.149083,1.7,9.9
1743071347.480000,45.416924,6.607729,1893.908941,154.7,4.289908,1.6,9.9
1743071350.481000,45.416822,6.607799,1898.672004,154.0,4.357724,1.4,9.9
1743071353.482000,45.416722,6.607868,1899.874408,155.0,4.211486,1.5,9.9
1743071356.480000,45.416623,6.607938,1898.363808,154.0,4.212305,1.5,9.9
1743071359.482000,45.416523,6.608011,1901.019931,154.9,4.191305,4.3,9.9
1743071362.482000,45.416424,6.608084,1904.158083,153.1,4.121879,5.5,9.9
1743071365.482000,45.416326,6.608158,1906.419993,151.9,4.091093,4.0,9.9
1743071368.481000,45.416226,6.608231,1908.439528,151.3,4.266314,3.4,9.9
1743071371.481000,45.416126,6.608302,1912.081281,150.3,4.212498,2.3,9.9
1743071374.482000,45.416026,6.608368,1916.415232,152.0,4.212367,1.8,9.9
1743071377.481000,45.415926,6.608433,1920.371623,152.8,4.208864,1.8,9.9
1743071380.481000,45.415826,6.608499,1926.020151,152.8,4.339624,1.7,9.9
1743071383.481000,45.415728,6.608566,1925.539376,153.2,4.212284,1.7,9.9
1743071386.481000,45.415632,6.608635,1928.686498,153.0,4.140982,7.5,9.9
1743071389.481000,45.415535,6.608704,1933.049207,154.7,4.130656,5.9,9.9
1743071392.482000,45.415437,6.608768,1937.225107,157.2,4.050314,3.0,9.9
1743071395.481000,45.415343,6.608833,1939.753956,155.8,4.072181,5.4,9.9
1743071398.480000,45.415248,6.608898,1945.338196,155.2,4.138228,2.2,9.9
1743071401.482000,45.415151,6.608963,1951.319004,154.3,4.269842,2.4,9.9
1743071404.481000,45.415055,6.609035,1958.358833,153.3,4.288547,1.9,9.9
1743071407.480000,45.414962,6.609108,1966.109382,152.9,4.412469,1.9,9.9
1743071410.482000,45.414871,6.609178,1968.501604,152.0,4.366923,1.9,9.9
1743071413.481000,45.414776,6.609246,1970.322504,153.0,4.228183,1.9,9.9
1743071416.481000,45.414682,6.609309,1976.364057,153.0,4.120937,5.8,9.9
1743071419.481000,45.414592,6.609373,1981.292872,154.0,3.940094,6.1,9.9
1743071422.481000,45.414500,6.609441,1985.609379,153.1,4.061856,5.3,9.9
1743071425.480000,45.414409,6.609507,1991.256625,153.8,4.154758,5.7,9.9
1743071428.481000,45.414320,6.609570,1998.257490,152.1,4.122090,2.7,9.9
1743071431.481000,45.414231,6.609632,2005.355126,151.2,4.219010,2.4,9.9
1743071434.481000,45.414140,6.609694,2017.073878,152.0,4.554231,2.2,9.9
1743071437.481000,45.414050,6.609756,2023.159459,152.0,4.520378,1.5,9.9
1743071440.482000,45.413962,6.609818,2027.917168,152.9,4.351961,1.5,9.9
1743071443.481000,45.413876,6.609877,2031.083608,152.0,4.198619,1.5,9.9
1743071446.482000,45.413775,6.609948,2035.536948,151.0,4.103676,6.8,9.9
1743071449.482000,45.413677,6.610018,2039.101207,151.0,4.160081,4.0,9.9
1743071452.481000,45.413579,6.610085,2042.034997,151.0,4.303924,3.6,9.9
1743071455.482000,45.413481,6.610154,2046.408121,152.0,4.341202,4.2,9.9
1743071458.481000,45.413390,6.610231,2051.762353,150.0,4.183327,2.2,9.9
1743071461.480000,45.413293,6.610292,2056.495500,150.0,4.086063,1.6,9.9
1743071464.481000,45.413193,6.610356,2062.389851,152.0,4.135788,1.5,9.9
1743071467.480000,45.413095,6.610420,2067.786922,151.0,4.190311,1.5,9.9
1743071470.481000,45.413001,6.610486,2072.072928,151.0,4.297719,1.5,9.9
1743071473.482000,45.412909,6.610554,2077.069012,152.7,4.418633,1.5,9.9
1743071476.481000,45.412818,6.610623,2077.841489,150.7,4.193257,7.0,9.9
1743071479.481000,45.412726,6.610686,2084.210724,151.7,4.111317,3.6,9.9
1743071482.481000,45.412631,6.610747,2088.172420,152.2,4.135345,3.2,9.9
1743071485.482000,45.412533,6.610811,2093.113341,153.7,4.149808,3.5,9.9
1743071488.481000,45.412437,6.610876,2099.973072,154.0,4.308666,2.0,9.9
1743071491.481000,45.412341,6.610941,2105.381002,152.5,4.259613,1.7,9.9
1743071494.481000,45.412247,6.611007,2111.633726,155.7,4.353084,1.5,9.9
1743071497.479000,45.412152,6.611071,2118.316758,155.2,4.380480,1.5,9.9
1743071500.480000,45.412062,6.611139,2119.878851,155.0,4.141323,1.6,9.9
1743071503.480000,45.411971,6.611207,2129.326872,155.0,4.297280,2.1,9.9
1743071506.481000,45.411878,6.611274,2130.648351,154.0,4.119899,5.8,9.9
1743071509.480000,45.411789,6.611340,2136.946800,155.0,4.040002,2.8,9.9
1743071512.480000,45.411698,6.611407,2141.352348,154.0,4.571867,5.1,9.9
1743071515.480000,45.411598,6.611480,2145.108958,153.0,4.342645,2.0,9.9
1743071518.480000,45.411497,6.611550,2150.023722,154.0,4.415170,1.8,9.9
1743071521.480000,45.411398,6.611617,2157.958523,154.0,4.448326,1.7,9.9
1743071524.481000,45.411299,6.611684,2160.255816,156.0,4.335596,1.6,9.9
1743071527.480000,45.411198,6.611746,2161.745578,156.0,4.261872,1.6,9.9
1743071530.479000,45.411100,6.611818,2162.187616,155.0,4.126419,1.5,9.9
1743071533.480000,45.411004,6.611891,2168.618390,149.0,4.136969,3.1,9.9
1743071536.480000,45.410910,6.611963,2169.218289,152.6,4.079177,5.8,9.9
1743071539.480000,45.410811,6.612026,2171.783419,154.0,4.096492,5.0,9.9
1743071542.480000,45.410716,6.612095,2175.993111,152.8,4.165716,3.4,9.9
1743071545.480000,45.410617,6.612170,2180.678886,153.5,4.168723,1.8,9.9
1743071548.481000,45.410514,6.612233,2184.638104,156.9,4.299698,2.0,9.9
1743071551.480000,45.410413,6.612301,2203.028761,154.1,4.836413,1.6,9.9
1743071554.480000,45.410316,6.612372,2195.257881,153.9,5.002419,1.6,9.9
1743071557.479000,45.410220,6.612441,2197.861703,153.1,4.872908,1.5,9.9
1743071560.480000,45.410127,6.612516,2198.104364,147.2,4.705627,1.5,9.9
1743071563.480000,45.410032,6.612590,2201.199128,147.0,4.138890,4.8,9.9
1743071566.480000,45.409936,6.612658,2205.298057,148.7,4.071062,5.6,9.9
1743071569.480000,45.409838,6.612725,2208.087884,149.8,4.100528,4.1,9.9
1743071572.479000,45.409740,6.612789,2210.970649,154.6,4.082864,3.4,9.9
1743071575.481000,45.409643,6.612839,2214.980910,166.3,4.006947,2.7,9.9
1743071578.481000,45.409545,6.612896,2224.496827,160.3,4.309197,1.7,9.9
1743071581.480000,45.409450,6.612969,2229.890158,158.0,4.328520,1.6,9.9
1743071584.481000,45.409357,6.613043,2236.407416,154.3,4.408020,1.5,9.9
1743071587.479000,45.409264,6.613116,2240.334939,152.7,4.407165,1.5,9.9
1743071590.481000,45.409171,6.613188,2241.295119,151.4,4.082685,1.5,9.9
1743071593.480000,45.409078,6.613256,2246.770063,151.3,4.037500,4.4,9.9
1743071596.479000,45.408986,6.613323,2252.709852,150.0,4.116632,7.3,9.9
1743071599.480000,45.408895,6.613386,2257.306494,150.8,4.112769,5.7,9.9
1743071602.480000,45.408813,6.613465,2263.281404,127.6,4.041080,3.4,9.9
1743071605.480000,45.408737,6.613546,2268.351986,135.4,4.093754,1.8,9.9
1743071608.480000,45.408629,6.613611,2274.499981,146.3,4.368909,1.9,9.9
1743071611.480000,45.408520,6.613676,2276.285814,148.6,4.514793,1.6,9.9
1743071614.479000,45.408419,6.613740,2277.183481,151.2,3.798037,1.6,9.9
1743071622.480000,45.408326,6.613795,2276.332576,142.0,3.258058,3.0,9.9
1743071625.480000,45.408241,6.613840,2275.881099,184.8,3.356167,4.5,9.9
1743071630.481000,45.408147,6.613826,2274.087729,177.9,1.529375,2.5,9.9
1743071746.480000,45.408087,6.613711,2271.187074,194.6,1.693615,7.0,3.8
1743071751.481000,45.407997,6.613664,2272.629472,201.0,1.882197,4.0,3.8
1743071757.481000,45.407898,6.613607,2269.445627,200.0,2.021350,2.3,3.8
1743071762.480000,45.407788,6.613557,2267.454402,198.0,3.569792,2.0,3.8
1743071765.479000,45.407691,6.613502,2268.542451,199.0,3.572110,3.3,6.2
1743071768.480000,45.407599,6.613464,2267.330409,200.0,3.398519,2.1,9.9
1743071772.480000,45.407493,6.613409,2267.650064,194.6,2.655871,2.7,9.9
1743071776.479000,45.407400,6.613374,2268.331517,199.3,2.621814,3.9,9.9
1743071780.480000,45.407298,6.613327,2267.807471,197.9,3.388766,3.1,9.9
1743071783.480000,45.407202,6.613282,2266.928206,204.0,3.604316,2.8,9.9
1743071786.480000,45.407112,6.613228,2263.179596,200.8,3.431951,1.4,9.9
1743071790.479000,45.407003,6.613170,2262.447505,193.3,3.035444,1.4,9.9
1743071794.481000,45.406908,6.613066,2262.172806,231.9,4.051473,1.5,9.9
1743071797.480000,45.406926,6.612867,2260.200034,302.5,7.625639,1.6,9.9
1743071799.481000,45.407066,6.612688,2253.761664,323.9,11.783701,1.5,9.9
1743071800.480000,45.407185,6.612625,2248.003192,345.6,15.209357,1.5,9.9
1743071801.480000,45.407328,6.612604,2240.965658,357.6,16.464687,1.6,9.9
1743071802.479000,45.407476,6.612614,2236.327576,3.5,16.944101,1.8,9.9
1743071803.481000,45.407623,6.612617,2230.946795,359.7,17.088888,1.8,9.9
1743071804.480000,45.407769,6.612577,2227.310932,346.1,17.371262,1.8,9.9
1743071805.479000,45.407916,6.612532,2223.765342,340.2,17.348379,1.7,9.9
1743071806.480000,45.408070,6.612503,2217.711508,334.0,17.897396,1.9,9.9
1743071807.481000,45.408223,6.612472,2210.773221,326.9,17.721552,2.3,9.9
1743071808.480000,45.408374,6.612419,2206.490431,315.2,17.960524,1.8,9.9
1743071809.480000,45.408524,6.612356,2203.878527,307.2,18.114725,2.0,9.9
1743071810.481000,45.408689,6.612341,2200.375880,331.3,16.474892,1.7,9.9
1743071811.480000,45.408861,6.612368,2192.955232,346.8,16.623930,1.5,9.9
1743071812.480000,45.409031,6.612381,2190.477655,350.2,17.081470,1.5,9.9
1743071813.481000,45.409193,6.612369,2188.711663,349.2,17.098892,1.5,9.9
1743071814.479000,45.409350,6.612348,2186.370144,349.7,17.087114,1.4,9.9
1743071815.480000,45.409501,6.612346,2183.039377,354.8,16.558769,1.4,9.9
1743071816.481000,45.409645,6.612354,2181.003476,357.3,15.978017,1.4,9.9
1743071817.479000,45.409778,6.612337,2179.159160,353.3,15.320946,1.4,9.9
1743071818.480000,45.409903,6.612301,2177.737610,349.8,14.742483,1.4,9.9
1743071819.481000,45.410015,6.612281,2177.443064,352.7,13.533017,1.4,9.9
1743071820.480000,45.410117,6.612288,2176.975988,357.4,12.262003,1.4,9.9
1743071821.480000,45.410211,6.612295,2176.327874,356.1,10.925593,1.5,9.9
1743071822.479000,45.410301,6.612271,2174.473678,337.0,11.406861,1.5,9.9
1743071823.480000,45.410395,6.612208,2171.998621,334.1,12.689519,1.4,9.9
1743071824.481000,45.410503,6.612164,2170.392077,354.7,13.075399,1.5,9.9
1743071825.480000,45.410623,6.612170,2167.050116,5.9,13.593164,1.6,9.9
1743071826.481000,45.410748,6.612185,2161.878050,358.7,14.683008,1.5,9.9
1743071827.480000,45.410879,6.612153,2157.979902,343.6,15.062636,1.5,9.9
1743071828.480000,45.410999,6.612065,2151.200375,327.5,15.520978,1.5,9.9
1743071829.480000,45.411115,6.611970,2149.802299,336.3,15.171977,1.6,9.9
1743071830.481000,45.411240,6.611923,2147.007719,352.0,14.462145,1.8,9.9
1743071831.479000,45.411363,6.611928,2145.225366,4.3,13.792688,1.8,9.9
1743071832.480000,45.411477,6.611910,2140.182514,337.8,13.215973,1.8,9.9
1743071833.481000,45.411565,6.611823,2138.438506,315.1,12.010107,1.7,9.9
1743071834.481000,45.411643,6.611739,2136.154427,335.7,10.929971,1.7,9.9
1743071836.481000,45.411750,6.611719,2132.339484,18.1,4.384986,1.6,9.9
1743071838.481000,45.411849,6.611743,2127.621395,349.2,9.175002,1.5,9.9
1743071840.481000,45.412005,6.611614,2116.806082,315.3,11.213674,1.5,9.9
1743071841.481000,45.412074,6.611516,2112.901341,319.0,11.266974,1.5,9.9
1743071842.481000,45.412169,6.611484,2107.580914,342.5,11.134133,1.5,9.9
1743071843.480000,45.412269,6.611515,2104.199381,15.2,11.554330,1.5,9.9
1743071844.481000,45.412376,6.611554,2098.533413,4.8,12.865167,1.5,9.9
1743071845.480000,45.412483,6.611537,2092.745741,339.6,12.557755,1.5,9.9
1743071847.480000,45.412597,6.611394,2085.081609,311.9,9.370339,1.5,9.9
1743071849.480000,45.412754,6.611309,2080.525665,1.0,11.034150,1.5,9.9
1743071850.480000,45.412853,6.611300,2075.215276,347.1,12.026799,1.6,9.9
1743071851.480000,45.412958,6.611254,2071.631218,339.8,12.664985,1.5,9.9
1743071852.481000,45.413064,6.611188,2067.003195,335.6,13.241740,1.6,9.9
1743071853.480000,45.413165,6.611124,2062.950145,337.3,13.016645,1.7,9.9
1743071854.480000,45.413272,6.611059,2058.683916,336.3,13.681162,1.7,9.9
1743071855.480000,45.413379,6.610998,2055.379059,337.6,13.387343,1.6,9.9
1743071856.480000,45.413475,6.610929,2050.695817,335.5,12.992201,1.6,9.9
1743071858.480000,45.413576,6.610916,2044.359508,22.4,4.923277,1.6,9.9
1743071861.480000,45.413699,6.610945,2042.461161,355.8,6.323099,1.7,9.9
1743071864.481000,45.413799,6.610834,2036.823968,322.4,5.733527,1.7,9.9
1743071866.480000,45.413921,6.610820,2028.676749,8.9,7.320395,1.5,9.9
1743071868.480000,45.414049,6.610788,2021.857806,324.6,6.307324,1.4,9.9
1743071870.480000,45.414119,6.610688,2017.855392,334.0,6.406607,1.5,9.9
1743071873.480000,45.414212,6.610677,2012.682224,358.5,6.178965,1.6,9.9
1743071875.481000,45.414316,6.610603,2007.277893,318.6,8.231681,1.5,9.9
1743071877.480000,45.414453,6.610563,1999.605170,17.9,9.737472,1.5,9.9
1743071879.480000,45.414624,6.610574,1992.968067,359.8,9.362625,1.7,10.0
1743071880.480000,45.414734,6.610505,1986.923385,345.9,11.005919,1.6,10.0
1743071881.481000,45.414841,6.610409,1981.749692,337.3,12.707419,1.8,10.0
1743071882.481000,45.414952,6.610365,1976.297234,356.3,12.940675,1.7,10.0
1743071883.481000,45.415058,6.610307,1970.317354,340.6,13.761741,1.8,10.0
1743071884.481000,45.415132,6.610190,1966.340328,306.9,13.602306,1.7,10.0
1743071885.480000,45.415207,6.610049,1961.270722,313.5,14.824645,1.6,9.9
1743071886.480000,45.415306,6.609951,1954.915378,340.9,13.935165,1.7,9.9
1743071887.480000,45.415405,6.609926,1951.461799,357.3,10.695200,1.7,9.9
1743071889.480000,45.415526,6.609914,1945.893218,335.4,8.602061,1.7,9.9
1743071891.481000,45.415579,6.609773,1941.520453,285.0,7.624562,1.7,9.9
1743071893.480000,45.415674,6.609678,1938.991803,356.3,7.647671,1.9,9.9
1743071895.480000,45.415816,6.609630,1930.231418,322.5,9.938236,1.7,9.9
1743071897.481000,45.415908,6.609447,1920.553545,307.0,9.050940,1.6,9.9
1743071898.480000,45.415997,6.609394,1917.010087,322.7,10.056282,1.7,9.9
1743071899.480000,45.416107,6.609383,1914.437531,358.2,11.762291,1.7,9.9
1743071900.481000,45.416222,6.609368,1908.139132,349.0,12.343608,1.7,9.9
1743071901.480000,45.416325,6.609322,1900.489084,346.0,12.531662,1.7,9.9
1743071902.481000,45.416373,6.609156,1895.773770,305.0,13.074753,1.7,9.9
1743071903.480000,45.416412,6.608965,1893.859803,291.7,14.393531,1.7,9.9
1743071904.479000,45.416444,6.608780,1889.416277,289.6,14.301246,1.7,10.0
1743071905.479000,45.416464,6.608585,1886.599976,284.9,14.710265,1.8,10.0
1743071906.481000,45.416489,6.608416,1884.152826,287.8,12.890460,1.7,10.0
1743071907.480000,45.416491,6.608249,1883.202254,257.1,13.122137,1.8,10.0
1743071908.481000,45.416449,6.608092,1880.128533,247.2,12.098543,1.9,10.0
1743071909.481000,45.416409,6.607947,1879.539233,257.8,12.082760,1.8,9.9
1743071910.481000,45.416388,6.607797,1878.336301,260.0,11.345304,1.8,9.9
1743071911.480000,45.416370,6.607656,1877.963002,259.0,10.975430,1.9,9.9
1743071912.481000,45.416352,6.607523,1876.121476,258.0,10.024189,1.8,9.9
1743071914.481000,45.416344,6.607281,1877.727765,277.9,8.687240,1.8,9.9
1743071916.479000,45.416408,6.607101,1876.512945,330.8,6.510192,2.0,9.9
1743071918.479000,45.416479,6.606980,1874.450077,273.5,6.978893,2.1,9.9
1743071921.480000,45.416544,6.606887,1873.753728,58.4,1.875808,1.9,9.9
1743071930.480000,45.416637,6.606924,1869.439270,1.0,3.933903,1.5,9.9
1743071932.480000,45.416732,6.606892,1868.786536,352.0,6.071319,1.5,9.9
1743071935.480000,45.416859,6.606881,1867.719938,333.0,5.580600,1.6,9.9
1743071939.479000,45.417001,6.606854,1865.136652,338.1,6.212380,1.7,9.9
1743071941.479000,45.417122,6.606758,1862.620005,324.0,7.736543,1.6,9.9
1743071943.479000,45.417240,6.606680,1859.515825,352.8,6.995315,1.6,9.9
1743071947.479000,45.417336,6.606693,1858.991627,349.0,2.566935,1.9,9.9
1743071951.480000,45.417433,6.606656,1856.830503,326.1,3.273541,1.5,9.9
1743071954.480000,45.417559,6.606617,1851.724801,336.1,5.451141,1.5,9.9
1743071956.478000,45.417701,6.606585,1847.841744,353.6,7.805940,1.5,9.9
1743071958.480000,45.417855,6.606611,1845.400821,333.4,8.257676,1.6,9.9
1743071960.478000,45.418019,6.606543,1839.538230,316.0,9.431668,1.5,9.9
1743071962.480000,45.418170,6.606465,1835.880227,10.8,8.070600,1.7,9.9
1743071964.479000,45.418324,6.606411,1832.483229,329.1,10.382116,1.6,9.9
1743071965.479000,45.418411,6.606379,1829.673559,2.0,11.102584,1.6,9.9
1743071967.479000,45.418572,6.606437,1824.355751,6.0,9.402011,1.8,9.9
1743071969.478000,45.418733,6.606334,1817.306427,329.0,11.094067,1.8,9.9
1743071970.480000,45.418825,6.606299,1816.642805,360.0,10.946815,1.7,9.9
1743071972.479000,45.418996,6.606320,1810.661991,342.0,11.041997,1.7,9.9
1743071973.480000,45.419098,6.606266,1807.303538,339.0,12.820480,1.9,9.9
1743071974.480000,45.419215,6.606234,1804.598567,358.0,14.211459,1.7,9.9
1743071975.478000,45.419351,6.606265,1798.743576,14.0,16.250114,1.7,9.9
1743071976.480000,45.419488,6.606333,1792.272193,21.0,16.810526,1.9,9.9
1743071977.478000,45.419628,6.606368,1790.988175,357.0,16.800957,2.0,9.9
1743071978.480000,45.419770,6.606299,1784.442898,331.1,18.363962,1.9,9.9
1743071979.479000,45.419912,6.606192,1781.480946,335.9,17.822834,1.9,9.9
1743071980.480000,45.420054,6.606148,1775.845352,348.8,16.305889,1.7,9.9
1743071981.479000,45.420195,6.606109,1766.503086,344.1,17.364529,1.8,9.9
1743071982.479000,45.420336,6.606033,1760.028868,336.3,17.818382,1.7,10.0
1743071983.479000,45.420398,6.605823,1752.608583,304.7,20.675177,1.8,10.0
1743071984.480000,45.420491,6.605639,1746.935415,328.8,17.682261,1.7,10.0
1743071985.479000,45.420618,6.605541,1741.835198,340.0,17.742687,1.7,10.0
1743071986.479000,45.420733,6.605420,1738.933066,312.1,17.560886,1.8,10.0
1743071987.480000,45.420842,6.605274,1729.675490,327.8,17.635912,1.8,9.9
1743071988.479000,45.420976,6.605212,1725.211324,351.8,17.139620,1.8,9.9
1743071989.480000,45.421116,6.605165,1719.416959,340.2,17.231468,1.8,10.0
1743071990.480000,45.421227,6.605008,1711.796648,319.4,19.609934,1.8,10.0
1743071991.480000,45.421360,6.604882,1708.615041,343.9,18.931044,1.9,10.0
1743071992.479000,45.421508,6.604808,1701.623156,338.1,18.088440,1.8,10.0
1743071993.480000,45.421675,6.604756,1691.527665,345.8,21.566593,1.9,10.0
1743071994.480000,45.421850,6.604655,1681.377704,326.2,23.031303,1.9,9.9
1743071995.480000,45.422013,6.604497,1675.541709,322.1,23.268208,1.9,9.9
1743071996.479000,45.422165,6.604375,1670.989790,330.0,20.657940,2.1,9.9
1743071997.479000,45.422321,6.604338,1670.735924,353.5,17.860506,2.0,9.9
1743071998.479000,45.422466,6.604313,1670.365832,350.2,15.654286,2.0,9.9
1743071999.479000,45.422593,6.604263,1672.458262,338.4,14.541695,1.9,9.9
1743072000.479000,45.422695,6.604180,1672.772185,326.3,12.727877,1.8,9.9
1743072001.478000,45.422771,6.604082,1672.531413,315.1,10.845779,1.9,9.9
1743072016.479000,45.422704,6.603997,1670.479300,165.0,1.633064,1.9,9.9
1743072175.480000,45.422656,6.603883,1673.588172,241.5,0.872653,1.5,9.9
1743072251.480000,45.422627,6.603741,1675.500329,233.1,2.702594,1.5,9.9
1743072254.479000,45.422505,6.603800,1675.160691,142.7,3.380761,1.4,9.9
1743072256.479000,45.422394,6.603881,1675.673299,160.6,3.723297,1.5,8.9
1743072258.479000,45.422307,6.603937,1680.951936,151.8,3.910882,1.6,6.2
1743072261.479000,45.422194,6.604005,1684.928934,152.9,4.994187,1.5,3.8
1743072264.480000,45.422094,6.604070,1688.980220,153.9,4.104407,1.6,3.8
1743072267.479000,45.421996,6.604142,1691.623100,151.3,4.368329,1.6,3.8
1743072270.480000,45.421897,6.604208,1693.177827,154.9,4.136247,1.5,3.8
1743072273.479000,45.421797,6.604274,1695.627969,152.0,4.083694,1.4,3.8
1743072276.480000,45.421694,6.604345,1700.181867,153.0,4.341424,1.4,3.8
1743072279.480000,45.421593,6.604415,1704.094032,154.9,4.147152,1.4,3.8
1743072282.479000,45.421492,6.604488,1706.745234,149.1,4.337889,1.4,3.8
1743072285.479000,45.421388,6.604545,1708.990516,166.8,4.101210,1.4,3.8
1743072288.479000,45.421290,6.604611,1712.523873,155.9,4.255626,1.4,3.8
1743072291.479000,45.421194,6.604685,1717.178647,161.0,4.147433,1.4,3.8
1743072294.479000,45.421099,6.604744,1721.359796,150.1,4.125605,1.5,3.8
1743072297.480000,45.421008,6.604824,1725.920811,153.0,4.277696,1.5,3.8
1743072300.479000,45.420912,6.604901,1729.385118,152.0,4.117622,1.4,3.8
1743072303.479000,45.420813,6.604965,1732.630222,153.1,4.138457,1.4,3.8
1743072306.479000,45.420716,6.605035,1737.701172,154.0,3.986973,1.4,3.8
1743072309.479000,45.420621,6.605102,1741.499023,153.0,4.250486,1.4,3.8
1743072312.479000,45.420525,6.605161,1745.455322,161.9,4.051630,1.4,3.8
1743072315.479000,45.420430,6.605221,1752.532583,160.6,4.147553,1.4,3.8
1743072318.479000,45.420338,6.605255,1755.841332,184.9,4.135477,1.4,3.8
1743072321.479000,45.420239,6.605307,1761.141537,182.6,4.273959,1.4,3.8
1743072324.478000,45.420142,6.605364,1764.689724,181.5,4.240923,1.5,3.8
1743072327.479000,45.420044,6.605442,1769.817069,175.6,4.111909,1.4,3.8
1743072330.479000,45.419946,6.605515,1774.009457,174.0,4.196134,1.4,3.8
1743072333.479000,45.419849,6.605589,1776.775894,168.7,4.080863,1.4,3.8
1743072336.479000,45.419756,6.605667,1781.453790,165.0,4.068375,1.4,3.8
1743072339.478000,45.419665,6.605739,1786.422195,157.0,4.007512,1.4,3.8
1743072342.479000,45.419578,6.605811,1790.776953,158.0,3.589635,1.4,3.8
1743072345.479000,45.419484,6.605887,1797.805641,142.0,4.722292,1.3,3.8
1743072348.479000,45.419397,6.605985,1799.328851,129.9,4.360856,1.4,3.8
1743072351.480000,45.419288,6.606040,1804.039276,153.0,4.467838,1.5,3.8
1743072354.479000,45.419185,6.606112,1806.936193,154.0,4.277493,1.4,3.8
1743072357.479000,45.419087,6.606176,1808.092460,164.9,4.091125,1.4,3.8
1743072360.479000,45.418990,6.606249,1814.661976,154.0,4.293713,1.4,3.8
1743072363.479000,45.418894,6.606317,1815.358358,153.0,4.252953,1.4,3.8
1743072366.480000,45.418796,6.606383,1819.265325,154.8,4.150559,1.4,3.8
1743072369.480000,45.418700,6.606447,1822.794210,156.1,4.071195,1.4,3.8
1743072372.479000,45.418603,6.606514,1827.588473,154.8,4.095779,1.4,3.8
1743072375.480000,45.418506,6.606582,1831.706419,156.9,4.204489,1.4,3.8
1743072378.479000,45.418413,6.606649,1837.519100,157.0,4.178436,1.4,3.8
1743072381.479000,45.418325,6.606724,1841.872986,150.5,4.153472,1.4,3.8
1743072384.479000,45.418227,6.606797,1848.565679,155.0,4.549465,1.4,3.8
1743072387.479000,45.418128,6.606866,1853.256237,151.1,4.284254,1.4,3.8
1743072390.479000,45.418030,6.606933,1853.949070,154.0,4.242542,1.4,3.8
1743072393.479000,45.417935,6.607001,1857.044557,154.0,4.204945,1.4,3.8
1743072396.480000,45.417837,6.607069,1859.843627,156.2,4.060951,1.4,3.8
1743072399.479000,45.417739,6.607134,1864.987275,154.1,4.007905,1.4,3.8
1743072402.479000,45.417643,6.607202,1870.275482,154.0,4.093332,1.3,3.8
1743072405.479000,45.417547,6.607269,1874.241914,154.0,4.128059,1.4,3.8
1743072408.480000,45.417442,6.607341,1877.836184,153.4,4.441452,1.4,3.8
1743072411.479000,45.417343,6.607409,1877.163293,153.0,4.300357,1.4,3.8
1743072414.479000,45.417241,6.607476,1880.788266,153.0,4.236587,1.5,4.9
1743072417.478000,45.417136,6.607547,1882.065139,153.0,4.268570,1.6,5.2
1743072420.478000,45.417036,6.607620,1882.989697,153.0,4.165749,1.5,4.9
1743072423.479000,45.416938,6.607690,1883.752210,154.0,4.185655,1.5,5.9
1743072426.478000,45.416842,6.607757,1885.233720,153.0,4.266127,1.4,5.8
1743072429.478000,45.416746,6.607830,1887.160463,153.0,4.141824,1.3,4.9
1743072432.479000,45.416650,6.607898,1889.183400,171.8,4.079224,1.4,3.8
1743072435.478000,45.416554,6.607974,1891.899807,153.0,4.205231,1.4,3.8
1743072438.479000,45.416456,6.608046,1893.656668,154.0,4.217363,1.4,3.8
1743072441.478000,45.416356,6.608105,1898.408858,154.1,3.993936,2.7,3.8
1743072444.478000,45.416256,6.608179,1901.588753,152.1,4.631855,1.5,3.8
1743072457.894000,45.415810,6.608486,1899.810791,154.0,4.028523,5.3,5.2
1743072460.478000,45.415710,6.608546,1902.902832,154.0,4.137545,2.7,4.6
1743072463.478000,45.415615,6.608608,1906.344832,154.8,3.846443,2.0,4.1
1743072466.478000,45.415520,6.608677,1911.191911,154.0,4.135328,1.6,3.8
1743072469.478000,45.415427,6.608748,1914.395927,154.0,4.108514,1.6,3.8
1743072472.478000,45.415334,6.608817,1919.221568,152.0,4.028733,1.5,3.8
1743072475.477000,45.415237,6.608883,1924.473874,152.0,4.119730,1.5,3.8
1743072478.478000,45.415141,6.608949,1928.309508,154.0,4.246824,1.5,3.8
1743072481.479000,45.415046,6.609017,1932.548582,154.0,4.136524,1.5,3.8
1743072484.479000,45.414954,6.609085,1937.646748,154.0,4.079941,1.4,3.8
1743072487.478000,45.414860,6.609149,1942.218225,154.0,4.217641,1.4,3.8
1743072490.477000,45.414766,6.609216,1948.015567,152.0,4.158106,1.4,3.8
1743072493.479000,45.414673,6.609279,1953.113704,154.0,4.113954,1.4,3.8
1743072496.478000,45.414582,6.609346,1958.269386,153.0,4.116018,1.4,3.8
1743072499.478000,45.414490,6.609414,1963.873893,153.0,4.179682,1.3,3.8
1743072502.477000,45.414396,6.609482,1969.644434,153.0,4.232919,1.3,3.8
1743072505.478000,45.414304,6.609543,1974.981189,152.0,4.124473,1.3,3.8
1743072508.478000,45.414212,6.609603,1981.138662,154.0,4.179780,1.3,3.8
1743072511.479000,45.414124,6.609666,1987.516953,153.0,4.103827,1.3,3.8
1743072514.478000,45.414034,6.609730,1993.867266,153.0,4.188429,1.3,3.8
1743072517.478000,45.413949,6.609792,1999.866137,152.0,4.145914,1.3,3.8
1743072520.479000,45.413862,6.609849,2004.848672,151.0,4.114925,1.3,4.8
1743072523.479000,45.413766,6.609924,2010.225196,153.0,4.102683,1.3,8.7
1743072526.478000,45.413678,6.609993,2013.369074,154.0,4.681098,1.3,9.9
1743072529.477000,45.413584,6.610065,2016.977284,153.0,4.369243,1.3,7.5
1743072532.478000,45.413484,6.610134,2020.815949,153.0,4.244019,1.3,4.8
1743072535.478000,45.413388,6.610202,2025.088734,153.0,4.111053,1.3,3.8
1743072538.478000,45.413292,6.610267,2028.693070,153.0,3.933489,1.3,3.8
1743072541.479000,45.413196,6.610336,2033.902741,152.0,3.978394,1.3,3.8
1743072544.477000,45.413100,6.610405,2038.651671,153.0,3.971098,1.3,3.8
1743072547.478000,45.413005,6.610470,2042.916051,153.0,4.063578,1.3,3.8
1743072550.478000,45.412908,6.610535,2047.392639,153.0,4.339820,1.3,3.8
1743072553.478000,45.412811,6.610599,2052.530242,153.0,4.308973,1.3,3.8
1743072556.478000,45.412716,6.610660,2057.081783,152.0,4.136054,1.3,3.8
1743072559.478000,45.412626,6.610723,2062.434855,154.0,4.278510,1.3,3.8
1743072562.477000,45.412530,6.610792,2066.447159,154.0,4.183118,1.3,3.8
1743072565.478000,45.412434,6.610859,2070.143781,152.0,4.147606,1.3,3.8
1743072568.478000,45.412342,6.610926,2077.027597,153.0,4.183305,1.3,3.8
1743072571.478000,45.412249,6.610992,2081.069827,152.0,4.234927,1.3,3.8
1743072574.477000,45.412156,6.611055,2085.005557,156.6,4.266994,1.3,3.8
1743072577.478000,45.412062,6.611125,2091.198889,154.0,4.140966,1.3,3.8
1743072580.477000,45.411967,6.611193,2094.004892,152.0,4.074408,1.3,3.8
1743072583.478000,45.411875,6.611258,2102.436402,153.2,4.080059,1.3,3.8
1743072586.477000,45.411784,6.611321,2105.697703,155.1,4.030563,1.3,3.8
1743072589.476000,45.411694,6.611386,2111.070629,153.9,4.701658,1.3,3.8
1743072592.477000,45.411597,6.611459,2113.355606,153.9,4.414433,1.3,3.8
1743072595.477000,45.411500,6.611527,2116.966616,153.9,4.278745,1.3,3.8
1743072598.478000,45.411401,6.611592,2118.895389,155.0,4.326836,1.3,5.0
1743072601.478000,45.411302,6.611662,2123.759779,153.0,4.283467,1.3,8.7
1743072604.477000,45.411202,6.611734,2126.527600,154.0,4.150999,1.3,9.9
1743072607.477000,45.411104,6.611807,2129.711157,154.0,3.977558,1.3,9.9
1743072610.477000,45.411006,6.611875,2134.386851,153.0,4.223351,1.3,9.9
1743072613.476000,45.410907,6.611947,2137.806434,153.0,4.197471,1.3,9.9
1743072616.477000,45.410808,6.612015,2141.252648,153.0,4.017738,1.3,9.9
1743072619.477000,45.410717,6.612086,2144.444676,151.6,4.187899,1.3,9.9
1743072622.477000,45.410620,6.612156,2148.760247,152.0,4.389550,1.3,9.9
1743072625.477000,45.410522,6.612226,2151.730702,154.0,4.316307,1.3,9.9
1743072628.478000,45.410423,6.612298,2153.646889,153.9,4.075827,1.3,9.9
1743072631.477000,45.410331,6.612367,2156.780896,152.0,4.020135,1.3,9.9
1743072634.476000,45.410235,6.612434,2161.741985,154.2,3.989006,1.3,9.9
1743072637.477000,45.410138,6.612505,2165.479705,153.9,4.380536,1.3,9.9
1743072640.478000,45.410042,6.612568,2168.940184,154.3,4.210548,1.3,9.9
1743072643.477000,45.409948,6.612639,2171.463479,155.7,4.179906,1.3,9.9
1743072646.476000,45.409854,6.612704,2176.021424,153.7,3.928276,1.3,9.9
1743072649.477000,45.409755,6.612773,2180.014120,152.0,4.060766,1.3,9.9
1743072652.477000,45.409658,6.612839,2184.439451,153.0,4.084200,1.3,9.9
1743072655.477000,45.409561,6.612907,2188.383068,155.7,4.374256,1.3,9.9
1743072658.477000,45.409461,6.612979,2193.542804,151.0,4.234471,1.3,9.9
1743072661.478000,45.409364,6.613050,2199.116776,153.1,4.098176,1.3,9.9
1743072664.477000,45.409269,6.613121,2204.036336,152.0,4.124717,1.3,9.9
1743072667.477000,45.409173,6.613188,2208.419285,153.0,4.170492,1.3,9.9
1743072670.478000,45.409079,6.613256,2213.431865,154.0,4.191700,1.3,9.9
1743072673.477000,45.408986,6.613320,2218.158435,154.0,4.198837,1.3,9.9
1743072676.477000,45.408892,6.613384,2224.593211,153.0,4.266191,1.3,9.9
1743072679.478000,45.408801,6.613448,2230.492330,153.0,4.275887,1.3,9.9
1743072682.477000,45.408711,6.613510,2235.643170,153.0,4.217910,1.3,9.9
1743072685.477000,45.408612,6.613582,2240.799430,152.2,4.281222,1.3,9.9
1743072688.476000,45.408521,6.613645,2242.325386,154.3,4.330410,1.3,9.9
1743072691.477000,45.408423,6.613713,2243.502492,154.0,3.908175,1.3,9.9
1743072699.476000,45.408345,6.613790,2244.281480,152.6,3.145972,1.3,9.9
1743072702.478000,45.408255,6.613827,2243.324340,176.0,3.355001,1.3,9.9
1743072706.477000,45.408156,6.613792,2242.826309,201.0,1.915256,1.3,9.9
1743072713.477000,45.408071,6.613713,2243.121552,210.1,1.250023,1.3,9.9
1743072718.478000,45.407971,6.613656,2243.184257,198.7,2.740963,1.3,9.9
1743072730.478000,45.407878,6.613582,2242.194088,198.0,2.051287,1.3,9.9
1743072735.476000,45.407776,6.613548,2241.738592,193.9,2.807021,1.3,9.9
1743072739.477000,45.407670,6.613492,2241.680205,198.0,2.750463,1.3,9.9
1743072743.477000,45.407564,6.613431,2241.139504,195.3,3.287728,1.3,9.9
1743072746.478000,45.407462,6.613389,2238.545263,198.0,4.119203,1.3,9.9
1743072749.477000,45.407356,6.613341,2239.043655,197.0,4.429229,1.3,9.9
1743072752.477000,45.407243,6.613297,2236.934673,200.0,3.888221,1.3,9.9
1743072755.477000,45.407134,6.613243,2238.181870,199.0,3.939075,1.3,9.9
1743072758.478000,45.407039,6.613198,2238.951744,203.0,3.492183,1.3,9.9
1743072761.478000,45.406954,6.613144,2237.772992,206.0,3.564439,1.3,9.9
1743072764.478000,45.406875,6.613069,2235.021090,230.8,2.864712,1.3,9.9
1743072767.478000,45.406886,6.612877,2233.177819,300.6,8.666701,1.3,9.9
1743072768.478000,45.406946,6.612780,2231.527192,305.3,9.072863,1.3,9.9
1743072769.477000,45.407029,6.612696,2227.906632,317.7,9.877524,1.3,9.9
1743072770.477000,45.407143,6.612629,2223.667595,329.6,11.621833,1.3,9.9
1743072771.477000,45.407284,6.612591,2213.698141,341.5,13.921132,1.3,9.9
1743072772.478000,45.407437,6.612574,2210.435225,347.8,15.200740,1.3,9.9
1743072773.477000,45.407600,6.612554,2203.102419,350.7,16.843481,1.3,9.9
1743072774.477000,45.407767,6.612538,2196.510791,352.8,17.858240,1.3,9.9
1743072775.477000,45.407944,6.612537,2191.880062,356.6,18.525740,1.3,9.9
1743072776.477000,45.408125,6.612531,2181.887439,356.3,19.886652,1.3,9.9
1743072777.477000,45.408305,6.612514,2174.728491,355.6,20.194151,1.4,10.0
1743072778.477000,45.408491,6.612496,2172.520172,355.3,20.476088,1.4,10.0
1743072779.477000,45.408674,6.612474,2166.717677,354.6,20.726768,1.4,10.1
1743072780.476000,45.408855,6.612454,2159.965630,355.4,20.653557,1.3,10.1
1743072781.477000,45.409036,6.612429,2155.939143,354.1,20.462404,1.3,10.1
1743072782.477000,45.409208,6.612395,2153.628766,352.3,20.181343,1.3,10.0
1743072783.477000,45.409380,6.612357,2150.321227,349.8,19.953939,1.3,10.0
1743072784.477000,45.409548,6.612325,2147.777390,349.4,19.366840,1.3,10.0
1743072785.477000,45.409703,6.612325,2148.181355,1.5,17.367987,1.3,10.0
1743072786.477000,45.409852,6.612336,2147.876960,1.0,16.450758,1.3,10.0
1743072787.477000,45.409992,6.612327,2148.042992,350.4,15.136862,1.3,9.9
1743072788.478000,45.410120,6.612294,2148.988696,352.0,14.457481,1.3,9.9
1743072789.477000,45.410247,6.612273,2148.988696,355.0,13.675321,1.3,9.9
1743072790.478000,45.410372,6.612226,2147.345776,335.0,15.044643,1.3,9.9
1743072791.478000,45.410498,6.612136,2144.235986,335.0,15.565237,1.3,9.9
1743072792.477000,45.410632,6.612085,2141.487661,354.0,15.503767,1.3,9.9
1743072793.478000,45.410774,6.612087,2138.504951,2.0,15.966455,1.3,9.9
1743072794.477000,45.410916,6.612075,2132.305313,348.0,16.270699,1.3,9.9
1743072795.477000,45.411047,6.612006,2128.172446,330.0,15.847640,1.3,9.9
1743072796.477000,45.411160,6.611885,2124.905257,318.0,16.470400,1.3,9.9
1743072797.477000,45.411276,6.611770,2123.139092,332.0,15.775247,1.3,9.9
1743072798.477000,45.411411,6.611717,2120.173279,354.0,16.557341,1.3,9.9
1743072799.476000,45.411557,6.611687,2114.968201,346.0,16.318295,1.3,9.9
1743072800.477000,45.411691,6.611650,2106.021421,353.9,15.497993,1.3,9.9
1743072801.478000,45.411811,6.611663,2103.806150,0.8,14.336761,1.3,9.9
1743072802.478000,45.411920,6.611674,2097.080832,358.1,13.953303,1.3,10.0
1743072803.477000,45.412019,6.611634,2093.065353,332.4,14.474890,1.3,9.9
1743072804.477000,45.412119,6.611536,2085.733547,322.0,14.964808,1.3,9.9
1743072805.478000,45.412231,6.611455,2080.130487,341.9,15.550039,1.3,10.0
1743072806.478000,45.412352,6.611426,2075.024755,351.9,14.033466,1.3,10.0
1743072807.478000,45.412485,6.611400,2066.503661,344.1,16.553429,1.3,9.9
1743072808.477000,45.412611,6.611303,2055.146862,316.1,17.999435,1.3,9.9
1743072809.477000,45.412727,6.611173,2053.616711,328.0,17.532318,1.3,9.9
1743072810.476000,45.412854,6.611116,2053.029118,353.0,14.476850,1.3,9.9
1743072811.476000,45.412970,6.611134,2049.900283,11.0,12.238941,1.3,9.9
1743072812.478000,45.413074,6.611163,2045.119397,5.0,11.769336,1.3,9.9
1743072813.476000,45.413175,6.611129,2037.502685,331.0,12.940959,1.3,9.9
1743072814.476000,45.413274,6.611037,2034.943588,325.0,13.981347,1.3,9.9
1743072815.478000,45.413377,6.610979,2031.991106,352.0,12.518050,1.3,9.9
1743072817.477000,45.413526,6.611019,2025.651233,351.0,8.509913,1.3,9.9
1743072825.477000,45.413570,6.610904,2017.371502,296.2,2.544318,1.3,9.9
1743072829.477000,45.413654,6.610774,2016.100292,343.3,8.154181,1.4,9.9
1743072831.477000,45.413802,6.610777,2011.655320,10.0,8.069247,1.4,9.9
1743072833.477000,45.413959,6.610744,2002.899001,328.1,9.150713,1.4,9.9
1743072835.477000,45.414082,6.610649,1998.909139,337.0,5.241991,1.4,9.9
1743072839.477000,45.414185,6.610636,1991.337522,5.5,4.428501,1.3,9.9
1743072842.478000,45.414304,6.610570,1983.954967,335.8,4.779472,1.4,9.9
1743072845.477000,45.414400,6.610461,1978.509411,340.4,5.136684,1.4,9.9
1743072847.477000,45.414574,6.610405,1970.612982,337.4,11.081422,1.4,9.9
1743072848.477000,45.414693,6.610357,1962.617199,345.6,13.941839,1.4,9.9
1743072849.478000,45.414818,6.610313,1956.688532,344.5,14.433899,1.4,9.9
1743072850.478000,45.414919,6.610213,1946.715675,319.0,14.998951,1.4,9.9
1743072851.478000,45.415000,6.610076,1942.239365,309.5,15.509672,1.4,9.9
1743072852.476000,45.415078,6.609959,1937.560506,315.5,14.012110,1.4,9.9
1743072853.477000,45.415160,6.609906,1934.751899,336.9,11.392887,1.4,9.9
1743072855.477000,45.415293,6.609915,1926.280576,7.7,8.320654,1.4,9.9
1743072857.478000,45.415423,6.609957,1921.479210,25.9,6.918190,1.5,9.9
1743072859.478000,45.415515,6.610014,1919.802267,23.0,6.098361,1.5,9.9
1743072862.478000,45.415620,6.610057,1918.809422,328.6,4.255326,1.5,9.9
1743072876.653000,45.415626,6.610040,1905.602209,285.4,0.938131,21.0,79.0
1743072897.477000,45.415636,6.610014,1886.199951,224.4,0.000000,9.7,3.8
1743072917.478000,45.415635,6.610004,1927.381205,-1.0,0.000000,1.5,4.7
1743072923.477000,45.415704,6.609858,1925.726652,326.9,8.371500,1.5,3.8
1743072925.476000,45.415848,6.609782,1919.366909,336.0,9.306128,1.5,3.8
1743072927.476000,45.415984,6.609620,1909.834369,312.1,11.559597,1.5,3.8
1743072928.478000,45.416045,6.609510,1902.555655,303.0,11.830288,1.5,3.8
1743072929.477000,45.416114,6.609401,1898.894334,315.9,12.887932,1.6,3.8
1743072930.477000,45.416201,6.609335,1897.218414,335.7,11.337886,1.6,3.8
1743072931.476000,45.416290,6.609282,1893.639845,332.7,11.344584,1.6,3.8
1743072933.477000,45.416373,6.609060,1886.199951,283.8,11.428577,1.6,3.8
1743072934.477000,45.416418,6.608926,1882.542854,300.8,12.819173,1.6,3.8
1743072935.477000,45.416492,6.608806,1880.758076,315.7,12.594937,1.6,3.8
1743072936.477000,45.416564,6.608685,1878.002072,304.6,12.567593,1.6,3.8
1743072937.477000,45.416609,6.608540,1875.871303,285.6,12.485567,1.6,3.8
1743072938.478000,45.416626,6.608384,1872.711605,272.1,12.926551,1.6,3.8
1743072939.478000,45.416644,6.608220,1870.501513,281.9,13.428238,1.6,3.8
1743072940.477000,45.416688,6.608064,1869.628571,294.9,13.628013,1.6,3.8
1743072941.477000,45.416745,6.607909,1867.112302,296.0,14.057350,1.7,3.8
1743072942.477000,45.416803,6.607748,1863.594957,297.0,14.367303,1.7,3.8
1743072943.476000,45.416855,6.607577,1861.414315,291.1,14.766945,1.7,3.8
1743072944.478000,45.416901,6.607406,1859.380675,292.9,14.392235,1.7,3.8
1743072945.478000,45.416963,6.607252,1857.054238,304.5,14.124565,1.7,3.8
1743072946.477000,45.417053,6.607124,1854.208278,320.6,14.177665,1.7,3.8
1743072947.478000,45.417162,6.607031,1852.580115,334.1,14.513611,1.7,3.8
1743072948.478000,45.417286,6.606960,1849.762687,339.7,14.921826,1.7,3.8
1743072949.478000,45.417410,6.606878,1845.946095,331.1,15.422445,1.7,3.8
1743072950.478000,45.417533,6.606787,1841.585069,334.6,15.472702,1.7,3.8
1743072951.477000,45.417666,6.606745,1840.359299,343.1,15.122858,1.7,3.8
1743072952.478000,45.417787,6.606675,1834.320060,340.0,15.274496,1.7,3.8
1743072953.478000,45.417899,6.606611,1831.246299,337.2,14.124969,1.7,3.8
1743072954.477000,45.418019,6.606570,1828.927759,348.9,14.197589,1.8,3.8
1743072955.476000,45.418144,6.606525,1826.343113,343.8,15.149122,1.8,3.8
1743072956.477000,45.418281,6.606494,1821.925181,352.8,15.602742,1.8,3.8
1743072957.477000,45.418422,6.606454,1817.780442,343.1,16.614338,1.8,3.8
1743072958.477000,45.418562,6.606404,1809.296738,345.2,16.880253,1.8,3.8
1743072959.478000,45.418719,6.606424,1804.769864,3.2,17.767281,1.8,3.8
1743072960.478000,45.418869,6.606465,1799.849181,11.6,17.476364,1.8,3.8
1743072961.477000,45.419020,6.606457,1794.951126,350.0,17.835091,1.8,3.8
1743072962.478000,45.419167,6.606414,1791.229282,347.0,17.358345,1.8,3.8
1743072963.478000,45.419326,6.606399,1787.989395,355.9,18.717710,1.8,3.8
1743072964.478000,45.419489,6.606371,1778.633324,350.1,19.162645,1.8,3.8
1743072965.478000,45.419651,6.606315,1773.029202,347.2,19.434401,1.8,3.9
1743072966.477000,45.419818,6.606305,1768.236125,357.8,20.308752,1.8,3.8
1743072967.476000,45.419961,6.606229,1758.389683,331.1,19.603495,1.9,3.8
1743072968.477000,45.420108,6.606113,1751.400642,330.0,20.702429,1.9,3.8
1743072969.476000,45.420232,6.605955,1746.604637,317.1,19.856138,1.9,3.8
1743072970.478000,45.420385,6.605844,1736.925982,341.0,21.416580,1.9,3.8
1743072971.477000,45.420532,6.605728,1731.157709,328.2,20.190367,1.9,3.8
1743072972.478000,45.420635,6.605511,1724.776770,303.4,22.035727,1.9,3.8
1743072973.477000,45.420758,6.605322,1718.393681,317.9,20.918499,1.9,3.8
1743072974.477000,45.420907,6.605199,1710.253835,332.7,19.829706,1.9,3.8
1743072975.477000,45.421099,6.605125,1704.106486,343.9,22.811996,1.9,3.8
1743072976.477000,45.421274,6.605011,1694.743258,331.0,23.383244,21.0,61.0
1743072977.478000,45.421449,6.604897,1685.370667,321.8,23.383244,21.0,61.0
1743072978.477000,45.421624,6.604782,1676.016803,316.9,23.383245,21.0,61.0
1743072979.478000,45.421800,6.604668,1666.644211,318.6,23.383245,21.0,61.0
1743072980.477000,45.421975,6.604554,1657.290347,343.9,23.931925,1.9,3.8
1743072981.478000,45.422162,6.604436,1652.858325,327.2,21.436640,1.9,3.8
1743072982.476000,45.422314,6.604307,1652.782840,327.0,18.785126,2.0,3.8
1743072983.477000,45.422453,6.604261,1656.915036,353.9,14.513815,2.0,3.8
1743072984.477000,45.422591,6.604243,1657.331994,353.0,14.822364,2.0,3.8
1743072985.477000,45.422692,6.604167,1657.482527,319.0,12.049623,2.0,3.8
1743072986.478000,45.422764,6.604090,1657.453367,325.9,9.186602,2.0,3.8
1743073006.476000,45.422730,6.603972,1661.876600,266.7,0.000000,2.1,9.9
1743073007.477000,45.422728,6.603968,1661.941566,244.0,0.260938,2.1,9.9
1743073034.476000,45.422673,6.603860,1661.347682,207.7,0.615807,1.5,9.9
1743073075.476000,45.422655,6.603729,1677.349766,324.0,1.289652,1.6,9.9
1743073079.475000,45.422524,6.603729,1676.314876,187.6,3.209267,1.5,9.9
1743073081.475000,45.422425,6.603759,1676.906523,174.3,3.746213,1.5,9.9
1743073083.476000,45.422343,6.603825,1677.860129,171.4,3.696001,1.5,9.9
1743073086.475000,45.422236,6.603911,1683.264179,164.2,3.767571,1.5,9.9
1743073089.476000,45.422125,6.603994,1688.557555,160.2,4.179093,1.6,9.9
1743073092.476000,45.422029,6.604085,1690.664072,153.1,4.063354,1.5,9.9
1743073095.476000,45.421934,6.604167,1693.390622,154.1,4.276882,1.5,9.9
1743073098.475000,45.421835,6.604242,1697.071832,152.9,4.283371,1.5,9.9
1743073101.477000,45.421739,6.604318,1699.730060,150.9,4.099066,1.5,9.9
1743073104.477000,45.421641,6.604381,1703.879453,154.1,4.200890,1.5,9.9
1743073107.477000,45.421541,6.604440,1708.207063,160.0,4.273446,1.5,9.9
1743073110.477000,45.421437,6.604501,1711.003122,162.4,4.178656,1.5,9.9
1743073113.476000,45.421339,6.604573,1712.802543,153.8,4.152162,1.5,9.9
1743073116.476000,45.421236,6.604638,1717.491730,164.4,4.170155,1.5,9.9
1743073119.475000,45.421138,6.604701,1720.715665,159.4,4.163793,1.5,9.9
1743073122.475000,45.421043,6.604775,1724.558952,156.9,4.080082,1.4,9.9
1743073125.476000,45.420945,6.604835,1727.681122,150.1,4.261981,1.4,9.9
1743073128.475000,45.420853,6.604915,1733.065895,155.0,4.110938,1.4,9.9
1743073131.476000,45.420763,6.604988,1736.302763,153.1,4.085805,1.4,9.9
1743073134.476000,45.420674,6.605052,1742.078446,153.0,4.264637,1.4,9.9
1743073137.477000,45.420581,6.605120,1745.701240,152.2,4.169160,1.4,9.9
1743073140.477000,45.420491,6.605189,1752.288310,146.6,4.135357,1.4,9.9
1743073143.476000,45.420400,6.605257,1756.989158,150.1,4.150341,1.4,9.9
1743073146.476000,45.420299,6.605325,1760.528511,154.5,4.279026,1.4,9.9
1743073149.476000,45.420197,6.605394,1764.649289,155.6,4.301106,1.4,9.9
1743073152.475000,45.420097,6.605460,1767.726803,154.6,4.172123,1.4,9.9
1743073155.477000,45.419999,6.605515,1772.395168,158.5,4.133031,1.4,9.9
1743073158.476000,45.419901,6.605575,1776.222297,159.1,4.188046,1.4,9.9
1743073161.477000,45.419803,6.605642,1781.216156,158.0,4.192586,1.4,9.9
1743073164.476000,45.419710,6.605709,1785.549929,156.1,4.134397,1.4,9.9
1743073167.477000,45.419617,6.605773,1790.351447,154.5,4.167728,1.4,9.9
1743073170.476000,45.419524,6.605840,1796.196749,153.6,4.195715,1.4,9.9
1743073173.477000,45.419420,6.605907,1799.540714,164.7,4.326109,1.4,9.9
1743073176.476000,45.419321,6.605970,1801.039431,156.4,4.239599,1.4,9.9
1743073179.476000,45.419224,6.606052,1805.369211,154.0,4.314450,1.4,9.9
1743073182.476000,45.419128,6.606130,1806.935942,155.1,4.116535,1.4,9.9
1743073185.476000,45.419032,6.606200,1810.269415,158.8,3.963403,1.4,9.9
1743073188.477000,45.418935,6.606265,1813.976969,156.5,4.140346,1.4,9.9
1743073191.476000,45.418838,6.606334,1818.030525,157.0,4.225301,1.4,9.9
1743073194.477000,45.418741,6.606406,1821.668619,154.8,4.215723,1.4,9.9
1743073197.476000,45.418647,6.606477,1826.725283,153.3,4.213305,1.4,9.9
1743073200.476000,45.418551,6.606550,1830.321935,154.1,4.219517,1.4,9.9
1743073203.476000,45.418456,6.606622,1834.827275,154.1,4.118855,1.4,9.9
1743073206.477000,45.418362,6.606688,1839.605421,155.6,4.067125,1.4,9.9
1743073209.475000,45.418268,6.606753,1844.055464,154.9,4.194564,1.4,9.9
1743073212.477000,45.418167,6.606823,1848.338815,156.5,4.265192,1.4,9.9
1743073215.476000,45.418068,6.606885,1851.351170,156.3,4.188422,1.4,9.9
1743073218.476000,45.417973,6.606949,1854.734372,158.0,4.107513,1.4,9.9
1743073221.476000,45.417878,6.607019,1858.983490,152.6,4.230306,1.4,9.9
1743073224.476000,45.417784,6.607092,1862.234836,155.2,4.072903,1.4,9.9
1743073227.476000,45.417693,6.607165,1866.140499,153.0,4.099996,1.4,9.9
1743073230.476000,45.417601,6.607235,1870.548306,154.0,4.138578,1.4,9.9
1743073233.476000,45.417509,6.607304,1876.045538,152.5,4.574445,1.4,9.9
1743073236.475000,45.417410,6.607378,1877.979368,152.9,4.382647,1.4,9.9
1743073239.476000,45.417309,6.607449,1876.492589,150.8,4.250119,1.4,9.9
1743073242.476000,45.417209,6.607530,1877.793475,149.7,4.306277,1.4,9.9
1743073245.476000,45.417104,6.607597,1881.414923,154.8,4.187390,1.5,9.9
1743073248.477000,45.417002,6.607661,1881.625480,155.9,4.136031,1.5,9.9
1743073251.477000,45.416902,6.607730,1886.000000,155.7,4.276299,1.8,9.9
1743073254.476000,45.416799,6.607795,1886.000000,155.9,4.328589,2.1,9.9
1743073257.476000,45.416698,6.607859,1887.704103,155.0,4.157571,1.7,9.9
1743073260.477000,45.416598,6.607926,1891.062983,155.1,4.197012,1.8,9.9
1743073263.477000,45.416496,6.607992,1893.681469,157.0,4.168609,1.9,9.9
1743073266.476000,45.416395,6.608061,1895.899164,158.0,4.162105,1.9,9.9
1743073269.476000,45.416298,6.608130,1898.409662,155.0,4.156471,2.0,9.9
1743073272.476000,45.416199,6.608201,1902.172102,156.0,4.271299,1.9,9.9
1743073275.476000,45.416098,6.608271,1904.046973,154.0,4.268190,1.8,9.9
1743073278.475000,45.415999,6.608341,1907.767276,154.0,4.245946,2.2,9.9
1743073281.476000,45.415900,6.608406,1910.908631,156.0,4.229389,2.1,9.9
1743073284.477000,45.415801,6.608472,1913.472640,156.0,4.177259,1.8,9.9
1743073287.476000,45.415703,6.608544,1916.011363,150.0,4.209709,1.9,9.9
1743073290.476000,45.415607,6.608610,1920.484183,156.0,4.156746,2.2,9.9
1743073293.477000,45.415513,6.608682,1923.070987,156.0,4.115845,1.8,9.9
1743073296.475000,45.415419,6.608753,1929.227410,156.2,4.165870,2.2,9.9
1743073299.476000,45.415324,6.608824,1933.594937,155.1,4.184896,2.1,9.9
1743073302.475000,45.415231,6.608891,1937.500509,156.7,4.149724,2.0,9.9
1743073305.477000,45.415135,6.608957,1942.866125,156.8,4.308347,2.1,9.9
1743073308.476000,45.415042,6.609028,1947.520760,155.1,4.203540,2.8,9.9
1743073311.476000,45.414952,6.609098,1952.464832,153.4,4.123426,2.5,9.9
1743073314.477000,45.414860,6.609167,1956.160173,153.8,4.179176,2.0,9.9
1743073317.477000,45.414766,6.609234,1961.385954,152.9,4.200220,2.0,9.9
1743073320.477000,45.414671,6.609299,1967.617683,149.6,4.180046,2.2,9.9
1743073323.476000,45.414578,6.609365,1974.101436,150.8,4.140791,2.6,9.9
1743073326.476000,45.414484,6.609427,1979.087548,146.1,4.280828,2.2,9.9
1743073329.476000,45.414393,6.609493,1985.766176,148.1,4.319429,2.5,9.9
1743073332.476000,45.414304,6.609556,1990.855526,149.6,4.144526,2.3,9.9
1743073335.476000,45.414214,6.609620,1996.580104,149.8,4.146834,2.5,9.9
1743073338.476000,45.414122,6.609684,2000.472031,150.1,4.093200,1.5,9.9
1743073341.477000,45.414033,6.609744,2008.400984,152.0,4.119025,1.5,9.9
1743073344.476000,45.413946,6.609804,2016.050017,153.3,4.202848,1.8,9.9
1743073347.476000,45.413862,6.609869,2022.733437,152.1,4.298635,1.9,9.9
1743073350.475000,45.413765,6.609946,2023.502859,152.2,4.349713,1.5,9.9
1743073353.475000,45.413670,6.610014,2027.533100,153.3,4.283759,1.5,9.9
1743073356.475000,45.413572,6.610082,2032.024967,153.0,4.170034,1.6,9.9
1743073359.475000,45.413476,6.610152,2036.636106,153.0,4.193425,1.6,9.9
1743073362.477000,45.413381,6.610221,2042.961728,152.0,4.306080,1.8,9.9
1743073365.476000,45.413284,6.610288,2042.526240,153.0,4.183142,1.4,9.9
1743073368.477000,45.413188,6.610355,2047.023242,155.0,4.127661,1.4,9.9
1743073371.476000,45.413092,6.610422,2052.475255,153.0,4.010949,1.5,9.9
1743073374.476000,45.412994,6.610485,2057.173937,154.0,3.994790,1.5,9.9
1743073377.477000,45.412898,6.610548,2060.182967,156.0,4.233726,1.4,9.9
1743073380.477000,45.412801,6.610608,2065.202757,156.0,4.239607,1.4,9.9
1743073383.476000,45.412709,6.610667,2071.858483,154.0,3.966143,1.5,9.9
1743073386.476000,45.412616,6.610719,2075.702291,145.1,4.361549,1.5,9.9
1743073389.477000,45.412524,6.610807,2081.418440,155.3,4.203648,1.5,9.9
1743073392.476000,45.412424,6.610864,2084.459831,158.9,4.188302,1.4,9.9
1743073395.477000,45.412328,6.610925,2088.832943,159.4,4.078071,1.4,9.9
1743073398.476000,45.412235,6.610998,2094.139372,158.4,4.150563,1.4,7.9
1743073401.475000,45.412140,6.611070,2099.302820,158.9,4.125437,1.4,4.8
1743073404.477000,45.412047,6.611136,2106.467025,159.8,4.196067,1.4,3.8
1743073407.476000,45.411951,6.611195,2110.908477,159.1,4.183560,1.4,3.8
1743073410.476000,45.411856,6.611253,2115.757294,165.2,4.147232,1.4,3.8
1743073413.476000,45.411763,6.611315,2122.196163,163.0,4.240843,1.4,3.8
1743073416.477000,45.411673,6.611394,2129.230643,151.0,4.609909,1.4,3.8
1743073419.476000,45.411581,6.611471,2131.162955,154.0,4.734149,1.4,3.8
1743073422.476000,45.411483,6.611547,2132.610617,158.0,4.322450,1.4,3.8
1743073425.476000,45.411384,6.611582,2137.016777,187.9,3.850150,1.4,3.8
1743073428.476000,45.411287,6.611614,2139.148824,189.2,3.698857,1.4,3.8
1743073431.477000,45.411186,6.611703,2142.419613,167.3,3.992295,1.4,3.8
1743073434.475000,45.411086,6.611791,2146.204809,162.3,4.107968,1.4,3.8
1743073437.476000,45.410989,6.611869,2150.809733,164.7,4.120278,1.4,3.8
1743073440.476000,45.410891,6.611940,2153.722174,163.8,4.156074,1.4,3.8
1743073443.476000,45.410794,6.612009,2158.606773,165.3,4.205737,1.4,3.8
1743073446.476000,45.410700,6.612095,2161.549475,153.0,4.627786,1.4,3.8
1743073449.477000,45.410604,6.612169,2163.749402,151.2,4.175126,1.4,3.8
1743073452.476000,45.410506,6.612238,2169.145603,153.0,4.419134,1.4,3.8
1743073455.477000,45.410407,6.612306,2171.309101,154.6,4.162923,1.4,3.8
1743073458.476000,45.410310,6.612372,2174.827867,152.3,4.176271,1.4,3.8
1743073461.476000,45.410211,6.612442,2177.799007,153.0,4.240884,1.4,6.9
1743073464.476000,45.410114,6.612512,2175.734866,151.1,4.132894,1.4,9.9
1743073467.477000,45.410018,6.612582,2180.526755,153.6,4.151314,1.4,9.9
1743073470.476000,45.409919,6.612648,2184.434060,153.8,4.155727,1.4,9.9
1743073473.476000,45.409821,6.612712,2192.792022,158.3,4.217453,1.4,9.9
1743073476.476000,45.409722,6.612771,2196.499054,155.4,4.321413,1.4,9.9
1743073479.477000,45.409627,6.612845,2202.525315,152.3,4.384940,1.4,9.9
1743073482.475000,45.409531,6.612918,2200.079555,152.1,4.351440,1.4,9.9
1743073485.476000,45.409437,6.612992,2204.691823,148.9,4.184143,1.4,9.9
1743073488.476000,45.409344,6.613055,2210.253048,161.2,4.140569,1.4,9.9
1743073491.476000,45.409249,6.613114,2216.121258,155.7,4.202278,1.4,9.9
1743073494.476000,45.409155,6.613181,2219.544079,154.2,4.177444,1.5,9.9
1743073497.476000,45.409061,6.613249,2225.335674,155.0,4.183331,1.5,9.9
1743073500.476000,45.408969,6.613312,2232.023291,155.4,4.230342,1.5,9.9
1743073503.476000,45.408876,6.613378,2235.265502,158.6,4.139359,1.4,9.9
1743073506.476000,45.408783,6.613436,2241.975143,158.5,4.266819,1.4,9.9
1743073509.475000,45.408694,6.613509,2246.357522,150.4,4.296594,1.4,9.9
1743073512.476000,45.408595,6.613581,2250.575030,151.0,4.300391,1.4,9.9
1743073515.476000,45.408496,6.613653,2253.836442,149.7,4.487025,1.4,9.9
1743073518.477000,45.408402,6.613717,2254.576774,150.8,3.674246,1.4,9.9
1743073526.475000,45.408309,6.613758,2255.205935,151.2,2.815171,1.4,10.1
1743073530.476000,45.408206,6.613792,2254.634292,181.0,2.739902,1.4,10.0
1743073550.476000,45.408157,6.613772,2254.299257,193.6,0.000000,1.4,3.8
1743073606.476000,45.408117,6.613754,2243.895208,198.8,0.850990,1.4,3.8
1743073614.476000,45.408035,6.613695,2241.829446,202.2,2.075995,1.4,3.8
1743073618.475000,45.407945,6.613643,2240.820193,203.0,3.042951,1.4,3.8
1743073622.475000,45.407833,6.613580,2241.728828,200.1,3.676511,1.4,3.8
1743073625.476000,45.407740,6.613539,2241.186177,199.3,3.837452,1.4,3.8
1743073628.475000,45.407637,6.613489,2242.082401,199.0,3.700708,1.4,3.8
1743073631.474000,45.407537,6.613445,2241.666162,196.0,3.339613,1.4,3.8
1743073635.475000,45.407436,6.613402,2239.226993,199.9,2.561946,1.4,3.8
1743073640.475000,45.407351,6.613360,2238.836353,202.5,2.676142,1.4,3.8
1743073643.474000,45.407266,6.613308,2238.474581,206.3,3.646856,1.4,3.8
1743073646.475000,45.407159,6.613244,2238.589326,197.6,4.168288,1.4,3.8
1743073650.475000,45.407067,6.613199,2237.818251,199.4,1.624948,1.4,3.8
1743073654.474000,45.406976,6.613138,2237.106949,208.1,3.200068,1.4,3.8
1743073657.476000,45.406898,6.613051,2236.894670,233.3,3.807112,1.4,3.8
1743073659.474000,45.406884,6.612918,2236.740247,262.1,5.125290,1.4,3.8
1743073661.475000,45.406994,6.612738,2230.013381,305.5,8.259331,1.4,3.8
1743073662.475000,45.407107,6.612664,2225.618155,322.9,10.579372,1.4,3.8
1743073663.475000,45.407243,6.612619,2218.207159,335.8,12.770759,1.4,3.8
1743073664.476000,45.407389,6.612591,2213.546784,342.9,14.113060,1.4,3.8
1743073665.475000,45.407541,6.612578,2204.095965,348.7,16.083578,1.4,3.8
1743073666.475000,45.407704,6.612556,2201.932406,351.0,17.093306,1.4,3.9
1743073667.475000,45.407871,6.612542,2200.159325,353.7,17.628332,1.4,4.1
1743073668.475000,45.408043,6.612534,2195.038593,355.8,18.502855,1.4,4.4
1743073669.476000,45.408224,6.612522,2185.018180,355.9,19.373045,1.4,4.9
1743073670.476000,45.408435,6.612490,2180.577469,353.2,21.582111,1.4,5.4
1743073671.475000,45.408628,6.612467,2176.389942,353.7,21.832716,1.4,5.5
1743073672.475000,45.408818,6.612456,2172.039424,355.4,21.719721,1.4,5.5
1743073673.476000,45.408996,6.612455,2163.989599,358.0,21.619505,1.4,5.2
1743073674.476000,45.409183,6.612431,2158.578262,353.0,21.650314,1.7,4.6
1743073675.476000,45.409370,6.612394,2156.259226,351.9,21.473505,1.5,4.5
1743073676.475000,45.409556,6.612380,2153.644031,356.3,21.068689,1.4,4.4
1743073677.475000,45.409720,6.612363,2153.697040,355.6,19.350903,1.4,4.3
1743073678.475000,45.409873,6.612321,2154.245962,349.1,18.017529,1.6,4.3
1743073679.475000,45.410009,6.612326,2153.389615,4.0,14.878949,1.4,4.3
1743073680.474000,45.410128,6.612312,2152.047706,350.3,12.783676,1.4,4.2
1743073681.476000,45.410225,6.612261,2150.537823,335.1,11.331491,1.4,3.9
1743073682.475000,45.410322,6.612231,2149.678614,355.6,12.496333,1.4,3.9
1743073683.475000,45.410429,6.612194,2148.245689,339.3,12.964579,1.4,3.8
1743073684.475000,45.410524,6.612105,2141.200193,321.3,13.433842,1.9,3.8
1743073685.475000,45.410621,6.612022,2139.490917,335.2,13.196467,1.4,3.8
1743073686.476000,45.410725,6.611973,2137.778879,339.0,12.836074,1.5,3.8
1743073687.475000,45.410820,6.611931,2134.394056,339.1,12.146039,2.1,3.8
1743073689.474000,45.410975,6.611828,2128.758758,343.9,9.753029,1.4,3.8
1743073690.474000,45.411068,6.611815,2129.056403,353.9,9.880486,1.4,3.8
1743073692.475000,45.411220,6.611717,2119.490841,324.4,9.124983,1.4,3.8
1743073694.475000,45.411393,6.611654,2116.511265,4.5,10.321331,1.4,3.8
1743073696.476000,45.411556,6.611612,2108.693005,337.3,8.461630,1.4,3.8
1743073698.476000,45.411651,6.611533,2108.470908,326.9,6.183701,1.4,3.8
1743073702.475000,45.411738,6.611495,2102.101340,347.0,1.943307,1.5,3.8
1743073718.897000,45.411765,6.611469,2100.604980,320.1,1.684838,3.2,3.8
1743073736.475000,45.411913,6.611492,2095.425333,342.8,7.516107,1.5,3.1
1743073737.476000,45.412009,6.611470,2092.060089,342.7,8.848038,1.5,3.3
1743073738.475000,45.412119,6.611448,2085.579760,346.3,10.793300,1.5,3.4
1743073739.475000,45.412231,6.611384,2078.487632,339.5,12.702468,1.5,3.5
1743073740.475000,45.412354,6.611296,2070.195895,335.7,14.978072,1.6,3.8
1743073741.476000,45.412499,6.611248,2060.857693,353.8,18.169918,1.6,3.8
1743073742.475000,45.412643,6.611237,2053.061566,3.9,17.836128,1.6,3.8
1743073743.476000,45.412782,6.611206,2048.359790,344.8,17.884211,1.6,3.8
1743073744.476000,45.412912,6.611108,2043.701262,326.0,17.820709,1.6,3.8
1743073745.475000,45.413046,6.611006,2037.667071,334.9,17.974991,1.6,3.8
1743073746.475000,45.413191,6.610962,2031.323471,354.5,16.968792,1.6,3.8
1743073747.475000,45.413334,6.610971,2026.047254,6.8,16.524879,1.6,3.8
1743073748.475000,45.413466,6.610957,2021.373523,346.2,14.738299,1.6,3.8
1743073749.475000,45.413560,6.610885,2018.145641,322.7,11.703338,1.6,3.8
1743073750.476000,45.413649,6.610837,2017.192936,350.4,11.747588,1.6,3.8
1743073751.474000,45.413757,6.610835,2014.102856,1.8,12.166094,1.5,3.8
1743073752.476000,45.413870,6.610806,2008.959395,340.4,14.035063,1.5,3.8
1743073753.476000,45.413981,6.610719,2001.944082,331.0,14.343434,1.5,3.8
1743073754.475000,45.414078,6.610689,1996.753502,357.0,11.993258,1.5,3.8
1743073756.475000,45.414220,6.610622,1989.313430,336.0,7.703586,1.5,3.8
1743073758.475000,45.414345,6.610556,1983.954971,350.0,10.183509,1.6,3.8
1743073760.475000,45.414500,6.610540,1974.886522,337.0,10.800251,1.6,3.8
1743073762.476000,45.414632,6.610368,1965.772256,303.0,11.548023,1.6,3.8
1743073763.475000,45.414706,6.610254,1958.630159,314.0,14.180710,1.6,3.8
1743073764.476000,45.414816,6.610184,1952.655343,344.0,15.159957,1.6,3.8
1743073765.475000,45.414931,6.610175,1945.279027,4.0,14.620083,1.6,3.8
1743073766.475000,45.415041,6.610126,1941.716457,334.0,14.779147,1.6,3.8
1743073767.475000,45.415126,6.610016,1937.277349,309.0,14.098185,1.6,3.8
1743073768.475000,45.415199,6.609879,1931.032928,303.0,14.895929,1.6,3.8
1743073769.476000,45.415296,6.609760,1923.501463,324.0,16.238113,1.6,3.8
1743073770.475000,45.415420,6.609717,1915.290028,356.0,15.759790,1.6,3.8
1743073771.475000,45.415540,6.609694,1912.384088,348.0,14.486962,1.6,3.8
1743073772.476000,45.415626,6.609600,1911.362250,312.0,13.356620,1.7,3.8
1743073773.475000,45.415721,6.609526,1907.881649,340.0,12.990818,1.7,3.8
1743073774.475000,45.415831,6.609487,1902.008758,349.0,12.836710,1.7,3.8
1743073775.475000,45.415922,6.609407,1898.904412,320.0,12.117977,1.7,3.8
1743073776.476000,45.415994,6.609309,1891.383841,312.0,11.726407,1.7,3.8
1743073777.475000,45.416064,6.609202,1886.199951,311.0,12.994230,1.7,3.8
1743073778.476000,45.416162,6.609119,1882.733272,336.0,14.323809,1.7,3.8
1743073779.475000,45.416266,6.609028,1875.576448,324.0,14.954165,1.7,3.8
1743073780.476000,45.416333,6.608893,1872.166471,295.0,13.962901,1.7,3.8
1743073781.475000,45.416361,6.608756,1867.842790,277.0,11.643227,1.7,3.8
1743073782.475000,45.416376,6.608622,1865.015332,274.0,11.442941,1.7,3.8
1743073783.476000,45.416399,6.608491,1861.324386,284.0,11.049987,1.7,3.8
1743073784.475000,45.416418,6.608357,1859.251699,277.0,10.908935,1.7,3.8
1743073786.475000,45.416392,6.608098,1860.981385,251.0,11.739874,1.8,3.8
1743073787.475000,45.416363,6.607964,1860.535074,251.0,10.530328,1.8,3.8
1743073789.476000,45.416295,6.607764,1855.207705,234.0,8.889577,1.8,3.8
1743073791.476000,45.416214,6.607619,1855.394945,236.0,5.790021,1.8,3.8
1743073794.475000,45.416182,6.607450,1855.362272,252.1,4.383638,1.8,3.8
1743073797.476000,45.416147,6.607326,1855.316710,287.0,2.240710,1.5,4.0
1743073812.475000,45.416122,6.607199,1853.325679,214.2,0.434002,1.6,3.8
1743073821.475000,45.416050,6.607119,1853.911493,225.9,1.283068,1.7,3.8
1743073840.476000,45.415939,6.607070,1853.108602,191.5,3.025220,1.8,3.8
1743073842.474000,45.415852,6.607025,1852.961858,199.3,3.743116,1.8,3.8
1743073845.476000,45.415739,6.606956,1854.698159,211.6,3.714214,1.9,3.8
1743073848.475000,45.415648,6.606883,1856.532077,223.0,3.555103,1.9,3.8
1743073851.475000,45.415545,6.606843,1860.956456,204.9,3.454672,1.9,3.8
1743073854.475000,45.415446,6.606803,1865.904601,203.6,3.714044,1.9,3.8
1743073857.476000,45.415353,6.606778,1868.928655,191.8,3.615950,2.0,3.8
1743073860.476000,45.415261,6.606732,1875.287274,199.7,3.683196,2.0,3.8
1743073863.475000,45.415170,6.606679,1879.827726,201.5,3.660761,2.0,3.8
1743073866.476000,45.415082,6.606628,1886.000000,203.7,3.811374,2.0,3.8
1743073869.475000,45.414994,6.606578,1891.227349,203.0,3.908614,2.0,3.8
1743073872.474000,45.414909,6.606531,1894.900908,203.0,3.523043,2.0,3.8
1743073876.475000,45.414803,6.606462,1901.830468,196.3,3.537642,2.1,3.8
1743073879.476000,45.414716,6.606430,1910.073522,199.0,3.379173,2.1,3.8
1743073883.476000,45.414605,6.606376,1917.889559,198.0,4.020694,2.1,3.8
1743073886.475000,45.414519,6.606325,1923.190491,212.8,3.850416,2.1,3.8
1743073889.475000,45.414432,6.606274,1927.703022,206.0,3.967276,1.6,3.8
1743073893.475000,45.414320,6.606219,1934.658312,197.0,3.864450,1.6,3.8
1743073897.475000,45.414205,6.606171,1941.349067,200.0,3.797133,1.5,3.8
1743073901.476000,45.414091,6.606123,1951.456296,187.0,3.925677,1.5,3.8
1743073904.475000,45.413992,6.606079,1961.087207,190.5,4.243905,1.5,3.8
1743073907.476000,45.413897,6.606027,1962.450254,191.4,4.114352,1.5,3.8
1743073910.474000,45.413802,6.605979,1964.317660,193.8,4.124475,1.5,3.8
1743073913.475000,45.413709,6.605922,1967.288934,198.2,3.919389,1.5,3.8
1743073917.475000,45.413617,6.605872,1969.551048,202.1,1.892314,1.5,3.8
1743073927.476000,45.413522,6.605818,1972.331197,201.4,1.964971,1.5,3.8
1743073932.476000,45.413423,6.605774,1975.847168,199.3,2.898768,1.5,3.8
1743073935.475000,45.413337,6.605726,1977.027493,201.9,3.378004,1.5,3.8
1743073938.476000,45.413244,6.605672,1977.567792,208.1,3.905887,1.5,3.8
1743073941.476000,45.413151,6.605611,1979.343360,211.0,3.652673,1.5,3.8
1743073944.475000,45.413067,6.605564,1981.708376,211.6,3.354849,1.5,3.8
1743073947.476000,45.412982,6.605519,1986.503844,210.3,3.375172,1.5,3.8
1743073950.475000,45.412894,6.605479,1992.226604,206.4,3.738027,1.5,3.8
1743073953.476000,45.412808,6.605438,1996.901091,206.4,3.422920,1.5,3.8
1743073956.475000,45.412719,6.605392,2003.125063,212.0,4.001915,1.5,3.8
1743073960.474000,45.412608,6.605342,2010.746217,206.9,3.635384,1.5,3.8
1743073963.476000,45.412522,6.605300,2016.702168,210.9,3.709426,1.5,3.8
1743073967.474000,45.412415,6.605246,2026.242567,207.0,3.972368,1.5,3.8
1743073971.475000,45.412315,6.605198,2035.045634,205.0,3.752212,1.5,3.8
1743073974.474000,45.412228,6.605163,2040.934294,207.0,3.814975,1.5,3.8
1743073978.474000,45.412127,6.605099,2051.546185,212.0,3.989112,1.5,3.8
1743073982.474000,45.412028,6.605040,2057.961182,211.1,3.801908,1.5,3.8
1743073986.475000,45.411927,6.604989,2068.375886,261.8,3.849424,1.5,3.8
1743073996.889000,45.411659,6.604876,2088.129639,197.0,3.951918,3.7,4.1
1743073999.475000,45.411568,6.604840,2092.896240,199.2,3.863593,2.1,4.1
1743074002.474000,45.411484,6.604794,2101.452463,199.0,4.030992,1.6,3.8
1743074006.475000,45.411381,6.604733,2106.199287,199.0,3.896894,1.6,3.8
1743074010.475000,45.411272,6.604676,2114.183108,199.0,3.893954,1.6,3.8
1743074014.475000,45.411160,6.604622,2122.105694,200.0,4.464531,1.7,3.8
1743074018.476000,45.411054,6.604570,2130.725486,200.0,3.616753,1.7,3.6
1743074022.476000,45.410952,6.604521,2139.920470,196.0,3.119519,1.7,3.8
1743074026.476000,45.410840,6.604463,2147.907993,199.0,3.552811,1.7,3.8
1743074030.474000,45.410742,6.604406,2159.073396,201.0,3.653544,1.8,3.8
1743074034.475000,45.410642,6.604353,2167.854846,200.0,3.808736,1.8,3.8
1743074038.476000,45.410531,6.604292,2176.937222,200.0,3.918414,1.8,3.8
1743074042.475000,45.410423,6.604236,2184.459529,200.0,3.684871,1.8,3.8
1743074045.476000,45.410337,6.604192,2192.460723,200.0,3.914327,1.9,3.8
1743074049.475000,45.410228,6.604136,2198.981271,200.0,3.817561,1.9,3.8
1743074053.475000,45.410118,6.604076,2207.177491,199.0,3.811680,1.9,3.8
1743074057.476000,45.410010,6.604020,2216.328732,199.0,3.834407,1.9,3.8
1743074061.475000,45.409903,6.603965,2225.071460,199.0,3.710175,1.6,3.8
1743074065.475000,45.409796,6.603907,2229.372632,199.0,3.593899,1.6,3.8
1743074069.475000,45.409691,6.603855,2235.004898,200.0,3.615759,1.5,3.8
1743074073.475000,45.409578,6.603800,2241.895172,200.0,3.478794,1.5,3.8
1743074076.475000,45.409491,6.603756,2246.542164,200.0,3.535959,1.5,3.8
1743074080.475000,45.409381,6.603699,2253.234034,199.0,3.430029,1.5,3.8
1743074083.475000,45.409291,6.603650,2257.397024,199.0,3.374418,1.5,3.8
1743074092.474000,45.409201,6.603602,2262.018905,199.0,1.748287,1.5,3.8
1743074099.474000,45.409112,6.603545,2264.377486,200.0,2.425777,1.5,3.8
1743074104.475000,45.409005,6.603494,2268.456013,199.0,3.066551,1.5,3.8
1743074108.473000,45.408895,6.603443,2273.006908,199.0,3.687262,1.5,3.8
1743074111.474000,45.408806,6.603401,2276.499775,199.0,3.614528,1.4,3.8
1743074114.474000,45.408718,6.603353,2280.760140,198.0,3.485047,1.4,3.8
1743074117.474000,45.408627,6.603309,2284.850501,200.0,3.668224,1.4,3.8
1743074120.474000,45.408538,6.603267,2288.960306,199.1,3.867197,1.4,3.8
1743074123.473000,45.408444,6.603222,2293.506250,200.0,4.073734,1.4,3.8
1743074126.475000,45.408352,6.603174,2297.105094,199.0,4.007228,1.4,3.8
1743074129.474000,45.408260,6.603126,2299.852044,199.0,3.829338,1.4,3.8
1743074132.475000,45.408169,6.603082,2303.526200,199.0,3.742381,1.4,3.8
1743074135.474000,45.408074,6.603033,2306.128462,199.0,3.738990,1.4,3.8
1743074138.474000,45.407977,6.602985,2308.123740,199.0,4.171363,1.4,3.8
1743074141.474000,45.407880,6.602931,2308.279391,199.0,4.040754,1.4,3.8
1743074144.474000,45.407783,6.602877,2309.157008,198.3,3.890685,1.4,3.8
1743074148.474000,45.407682,6.602820,2308.555973,199.9,2.730676,1.4,3.8
1743074153.474000,45.407594,6.602756,2307.836258,212.9,1.858411,1.4,3.8
1743074165.474000,45.407534,6.602656,2307.678733,233.2,2.036197,1.4,3.8
1743074170.475000,45.407448,6.602580,2308.464267,211.9,2.062753,1.5,3.8
1743074174.474000,45.407360,6.602480,2307.511768,211.7,3.625837,1.5,3.8
1743074177.474000,45.407259,6.602404,2307.537502,210.8,4.335975,1.5,3.8
1743074180.475000,45.407164,6.602318,2306.566614,210.0,3.409592,1.5,3.8
1743074200.474000,45.407141,6.602261,2307.902600,-1.0,0.000000,2.2,3.8
1743074226.474000,45.407106,6.602219,2306.507423,167.0,1.167968,1.9,3.8
1743074236.473000,45.407012,6.602176,2304.925433,199.0,1.391245,1.9,3.8
1743074241.474000,45.406912,6.602196,2303.561454,171.0,2.932480,1.8,3.8
1743074244.474000,45.406808,6.602206,2303.664146,181.0,4.689419,2.3,3.8
1743074246.474000,45.406720,6.602184,2302.328159,195.9,4.544255,2.2,3.8
1743074249.473000,45.406621,6.602120,2299.665996,203.0,4.007489,1.9,3.8
1743074252.474000,45.406523,6.602062,2298.286824,208.0,4.443902,2.1,3.8
1743074254.474000,45.406440,6.602003,2295.652515,206.0,5.785758,2.0,3.8
1743074256.474000,45.406352,6.601946,2294.109780,206.3,5.276906,2.0,3.8
1743074259.474000,45.406232,6.601870,2292.882521,206.3,5.006507,2.5,3.8
1743074261.474000,45.406150,6.601810,2291.464148,200.7,5.081250,2.3,3.8
1743074264.474000,45.406043,6.601778,2290.644302,238.4,2.975413,2.3,3.8
1743074284.474000,45.406088,6.601747,2289.708390,348.0,0.000000,2.2,3.8
1743074287.474000,45.406137,6.601716,2290.327921,313.0,2.139963,2.9,3.8
1743074293.475000,45.406208,6.601625,2289.038455,313.0,1.733799,2.8,3.8
1743074299.475000,45.406303,6.601538,2286.434794,328.8,4.665964,2.3,3.8
1743074301.474000,45.406410,6.601425,2283.754775,323.7,8.956869,2.4,3.8
1743074303.475000,45.406552,6.601280,2276.546315,304.4,11.220057,3.3,3.8
1743074304.474000,45.406623,6.601183,2272.161583,321.9,11.626402,3.3,3.8
1743074305.475000,45.406712,6.601102,2270.135383,328.4,12.204884,4.1,3.8
1743074306.474000,45.406772,6.600985,2262.612061,295.3,12.782495,1.9,3.8
1743074307.474000,45.406829,6.600850,2259.958567,301.9,12.822424,2.0,3.8
1743074308.473000,45.406933,6.600773,2256.954385,327.0,13.018437,2.3,3.8
1743074309.474000,45.407020,6.600659,2253.153863,307.3,14.066998,2.4,3.8
1743074310.475000,45.407094,6.600520,2245.853302,303.1,14.255172,2.0,3.8
1743074311.475000,45.407161,6.600388,2241.489218,305.6,13.829643,2.1,3.8
1743074312.473000,45.407269,6.600330,2239.627288,331.5,13.118834,2.0,3.8
1743074313.474000,45.407352,6.600225,2237.428712,308.4,13.567593,3.0,3.8
1743074314.475000,45.407428,6.600106,2234.749426,309.9,12.987674,4.0,3.8
1743074315.474000,45.407522,6.600014,2232.358060,333.5,13.336729,3.5,3.8
1743074316.475000,45.407637,6.599969,2230.150857,348.8,13.792437,3.5,3.8
1743074317.473000,45.407742,6.599892,2227.732885,322.3,13.976383,3.5,3.8
1743074318.474000,45.407827,6.599766,2224.373686,308.3,13.859065,5.3,3.8
1743074319.474000,45.407911,6.599646,2220.536803,317.2,13.401305,5.5,3.8
1743074320.474000,45.408014,6.599578,2217.856630,339.5,12.540677,5.5,3.8
1743074321.474000,45.408124,6.599543,2214.270757,348.9,12.805486,2.9,3.8
1743074322.474000,45.408231,6.599507,2212.051149,345.1,12.547945,2.6,3.8
1743074323.475000,45.408330,6.599470,2211.493271,345.0,11.749473,3.0,3.8
1743074325.473000,45.408487,6.599406,2211.469599,340.2,8.349224,4.8,3.8
1743074327.474000,45.408594,6.599369,2213.427814,349.0,5.280053,4.6,3.8
1743074330.474000,45.408692,6.599354,2214.711441,328.5,1.709830,4.9,3.8
1743074352.898000,45.408718,6.599322,2216.739990,304.0,1.975487,2.5,3.8
1743074366.474000,45.408750,6.599200,2217.110452,268.2,1.166903,1.5,3.0
1743074371.060000,45.408771,6.599070,2215.267101,225.9,1.800521,1.5,3.4
1743074467.474000,45.408842,6.598971,2210.756348,329.1,1.855494,1.3,3.8
1743074485.474000,45.408929,6.598924,2207.833469,-1.0,0.026513,1.3,3.0
1743074515.893000,45.408970,6.598949,2207.648438,192.2,0.144543,4.7,4.8
1743074527.474000,45.408916,6.598839,2205.133710,192.8,5.502990,1.5,4.4
1743074529.474000,45.408788,6.598797,2202.610091,188.0,4.072883,1.5,4.3
1743074532.474000,45.408726,6.598656,2198.952148,263.6,6.086246,1.5,3.8
1743074534.475000,45.408822,6.598536,2196.106360,345.0,7.747017,1.5,3.8
1743074536.474000,45.408940,6.598398,2191.696053,308.0,9.867769,1.5,3.8
1743074537.474000,45.409009,6.598306,2188.707067,321.0,11.535342,1.5,3.8
1743074538.474000,45.409104,6.598254,2186.955193,344.0,11.971644,1.5,3.8
1743074539.474000,45.409209,6.598241,2182.994601,360.0,12.139405,1.5,3.8
1743074540.474000,45.409309,6.598236,2180.466665,357.0,11.673235,1.4,3.8
1743074541.474000,45.409401,6.598183,2178.902020,326.0,11.474430,1.4,3.8
1743074542.474000,45.409484,6.598118,2177.457933,331.0,10.317332,1.4,3.8
1743074544.474000,45.409662,6.598130,2175.750426,1.1,10.476403,1.4,3.8
1743074546.474000,45.409780,6.598097,2172.447543,27.8,5.061348,1.4,3.8
1743074549.473000,45.409877,6.598118,2168.327155,312.0,1.522891,1.4,3.8
1743074552.474000,45.409940,6.598010,2165.331749,290.0,4.440728,1.4,3.8
1743074561.474000,45.410040,6.598010,2164.340735,14.8,6.040696,1.3,3.8
1743074563.474000,45.410158,6.598019,2161.777228,336.8,6.427690,1.3,3.8
1743074565.473000,45.410246,6.597952,2158.096820,340.5,6.232403,1.3,3.8
1743074567.474000,45.410355,6.597963,2153.942354,0.9,5.874888,1.3,3.8
1743074569.474000,45.410472,6.597891,2148.712196,352.6,8.002598,1.3,3.8
1743074571.475000,45.410556,6.597767,2143.987264,309.8,6.616730,1.3,3.8
1743074573.475000,45.410661,6.597662,2138.231119,321.1,7.172577,1.3,3.8
1743074575.475000,45.410760,6.597526,2132.429640,316.1,7.562244,1.3,3.8
1743074577.474000,45.410887,6.597421,2126.637039,308.3,8.710850,1.3,3.8
1743074579.474000,45.411007,6.597306,2119.974209,294.4,9.286407,1.3,3.8
1743074581.474000,45.411015,6.597104,2116.679054,266.4,8.977213,1.3,3.8
1743074583.474000,45.410952,6.596933,2110.858620,217.7,8.294488,1.3,3.8
1743074585.474000,45.410835,6.596767,2103.892864,241.4,11.488008,1.3,3.8
1743074586.474000,45.410778,6.596642,2100.728188,230.6,12.340527,1.3,3.8
1743074587.473000,45.410685,6.596562,2095.238393,199.6,13.334750,1.3,3.8
1743074588.474000,45.410570,6.596520,2089.355358,190.3,14.209273,1.3,3.8
1743074589.474000,45.410449,6.596471,2087.234589,198.7,14.978818,1.3,3.8
1743074590.474000,45.410343,6.596368,2084.464380,222.4,15.045603,1.3,3.8
1743074591.474000,45.410239,6.596257,2078.528459,210.4,15.257279,1.3,3.8
1743074592.474000,45.410118,6.596207,2073.672519,187.9,14.479846,1.3,3.8
1743074593.474000,45.410007,6.596145,2071.176002,210.0,13.968727,1.3,3.8
1743074594.474000,45.409918,6.596028,2068.222255,227.0,14.172499,1.3,3.8
1743074595.475000,45.409819,6.595940,2067.290997,207.0,13.163044,1.3,3.8
1743074596.474000,45.409707,6.595893,2065.851758,193.0,13.225129,1.3,3.8
1743074597.473000,45.409611,6.595813,2064.639271,217.0,12.606359,1.3,3.8
1743074598.474000,45.409514,6.595738,2061.105658,201.0,12.269326,1.3,3.8
1743074599.474000,45.409410,6.595696,2059.771101,193.0,11.929082,1.3,3.8
1743074600.474000,45.409328,6.595623,2058.018311,221.0,10.995637,1.3,3.8
1743074601.474000,45.409243,6.595568,2055.869790,198.0,10.412986,1.3,3.8
1743074603.474000,45.409079,6.595517,2053.612480,210.0,9.296700,1.3,3.8
1743074605.475000,45.408936,6.595471,2050.452687,169.0,8.648550,1.3,3.8
1743074607.474000,45.408825,6.595346,2047.687290,244.0,9.350193,1.3,3.8
1743074609.474000,45.408811,6.595162,2043.293324,259.1,8.333079,1.3,3.8
1743074611.473000,45.408818,6.594956,2037.530727,283.9,9.883670,1.3,3.8
1743074613.474000,45.408745,6.594720,2030.262327,235.0,12.691999,1.3,3.8
1743074614.474000,45.408674,6.594636,2025.720975,209.1,10.954109,1.3,3.8
1743074615.474000,45.408589,6.594588,2022.620275,197.1,11.095990,1.3,3.8
1743074616.474000,45.408500,6.594558,2020.752962,186.0,11.164124,1.3,3.8
1743074617.474000,45.408397,6.594519,2017.912396,195.0,12.544437,1.3,3.8
1743074618.473000,45.408303,6.594506,2015.169567,180.1,10.953056,1.3,3.8
1743074620.474000,45.408128,6.594528,2009.753315,189.0,10.847650,1.3,3.8
1743074621.473000,45.408033,6.594528,2006.516676,176.0,10.859561,1.3,3.8
1743074623.474000,45.407876,6.594538,2001.796146,201.8,9.573745,1.3,3.8
1743074625.474000,45.407719,6.594580,2002.504505,143.1,9.023489,1.3,3.8
1743074627.475000,45.407567,6.594599,1997.917080,192.7,9.402487,1.3,3.8
1743074629.475000,45.407421,6.594614,1993.216792,196.0,8.255923,1.3,3.8
1743074631.474000,45.407280,6.594590,1989.438549,189.7,7.734359,1.3,3.8
1743074633.474000,45.407202,6.594429,1984.601875,254.9,6.605438,1.3,3.8
1743074635.474000,45.407112,6.594313,1980.803354,191.0,8.847857,1.3,3.8
1743074637.474000,45.406977,6.594195,1972.613191,225.0,10.884431,1.3,3.8
1743074638.474000,45.406890,6.594114,1969.446563,207.1,12.303694,1.3,3.8
1743074639.474000,45.406804,6.594017,1963.803299,220.6,12.611946,1.3,3.8
1743074640.473000,45.406698,6.593911,1959.377025,215.1,14.765187,1.3,3.9
1743074641.474000,45.406584,6.593791,1955.003525,216.0,15.896564,1.3,3.9
1743074642.475000,45.406457,6.593718,1947.794218,199.1,16.901146,1.3,3.9
1743074643.474000,45.406328,6.593632,1943.650661,208.0,16.945881,1.3,3.9
1743074644.474000,45.406196,6.593536,1937.868749,206.0,17.610149,1.3,3.8
1743074645.474000,45.406056,6.593458,1935.722035,199.0,17.938931,1.3,3.8
1743074646.474000,45.405913,6.593388,1932.770213,198.0,16.903315,1.3,3.8
1743074647.473000,45.405781,6.593327,1930.543930,199.0,15.491500,1.3,3.8
1743074648.475000,45.405660,6.593258,1930.231285,203.0,14.001830,1.3,3.8
1743074649.475000,45.405555,6.593182,1927.502136,209.0,13.221043,1.3,3.8
1743074650.474000,45.405464,6.593087,1927.732875,220.0,12.336965,1.3,3.8
1743074651.474000,45.405379,6.593004,1928.055718,213.0,10.967053,1.3,3.8
1743074652.474000,45.405303,6.592924,1927.640051,218.0,10.142439,1.3,3.8
1743074653.475000,45.405235,6.592840,1926.845832,223.0,10.149552,1.3,3.8
1743074655.474000,45.405075,6.592728,1925.781019,202.0,9.853641,1.3,3.8
1743074657.474000,45.404942,6.592586,1923.856989,206.0,9.084735,1.3,3.8
1743074659.474000,45.404816,6.592468,1922.672646,235.0,8.678950,1.3,3.8
1743074661.474000,45.404654,6.592409,1918.796052,178.0,11.182407,1.3,3.8
1743074662.474000,45.404565,6.592355,1916.819232,204.2,10.872111,1.3,3.8
1743074663.474000,45.404491,6.592249,1912.504650,222.9,12.098674,1.3,3.8
1743074664.474000,45.404391,6.592212,1908.205198,182.1,12.667411,1.3,3.8
1743074665.474000,45.404276,6.592211,1905.705285,177.0,13.491104,1.3,3.8
1743074666.473000,45.404166,6.592173,1902.603301,196.9,12.939603,1.3,3.8
1743074667.475000,45.404095,6.592061,1898.736343,232.6,12.611907,1.3,3.8
1743074668.474000,45.404005,6.592004,1896.132591,194.2,12.024821,1.3,3.8
1743074669.474000,45.403916,6.591962,1895.149677,204.0,10.600127,1.3,3.8
1743074671.473000,45.403819,6.591744,1893.007203,233.0,10.968521,1.3,5.0
1743074672.474000,45.403740,6.591663,1890.419273,206.0,11.244856,1.3,5.8
1743074673.474000,45.403659,6.591591,1888.046511,223.7,10.130592,1.3,6.9
1743074674.474000,45.403593,6.591481,1884.835532,224.0,11.886017,1.3,7.9
1743074675.475000,45.403519,6.591373,1881.618477,222.0,11.821406,1.3,9.9
1743074676.475000,45.403439,6.591248,1877.668250,226.9,14.339213,1.3,10.0
1743074677.474000,45.403360,6.591095,1876.059865,232.9,14.668789,1.3,10.1
1743074678.474000,45.403277,6.590983,1872.941850,212.2,12.970452,1.3,10.2
1743074679.475000,45.403218,6.590883,1868.569659,255.9,13.194265,1.3,10.2
1743074680.474000,45.403184,6.590738,1866.480819,240.2,12.156685,1.3,10.2
1743074681.475000,45.403117,6.590629,1861.198949,226.2,13.017052,1.3,10.3
1743074682.475000,45.403045,6.590512,1859.214759,234.8,12.721862,1.3,10.2
1743074683.475000,45.402996,6.590378,1856.515715,238.8,13.165638,1.3,10.3
1743074684.475000,45.402993,6.590206,1852.471338,258.6,14.593098,1.3,10.2
1743074685.475000,45.402966,6.590044,1850.307435,238.1,13.176877,1.3,10.2
1743074686.473000,45.402922,6.589925,1846.071961,236.0,9.266603,1.3,10.2
1743074688.474000,45.402857,6.589743,1841.752592,236.0,10.856261,1.3,10.3
1743074690.473000,45.402737,6.589570,1835.923403,216.0,9.018473,1.3,10.3
1743074692.474000,45.402682,6.589324,1830.594760,252.0,12.226427,1.3,10.2
1743074693.474000,45.402642,6.589179,1825.824838,245.0,13.757940,1.3,10.1
1743074694.474000,45.402595,6.589037,1822.164569,246.0,12.713436,1.3,10.0
1743074695.474000,45.402555,6.588886,1820.185184,250.0,14.284952,1.3,9.9
1743074696.474000,45.402523,6.588728,1816.415550,255.0,13.216268,1.3,9.9
1743074697.473000,45.402496,6.588578,1814.622083,255.0,12.702768,1.3,9.9
1743074698.475000,45.402467,6.588428,1813.891503,254.0,12.226255,1.3,9.9
1743074699.474000,45.402440,6.588286,1813.955517,255.0,11.817416,1.3,9.9
1743074700.474000,45.402417,6.588145,1812.445553,257.0,11.197042,1.3,9.9
1743074701.474000,45.402398,6.588007,1809.524156,258.0,10.878743,1.3,9.9
1743074702.474000,45.402377,6.587874,1809.206547,255.0,10.737651,1.3,9.9
1743074703.474000,45.402356,6.587746,1809.206547,255.0,10.199402,1.3,9.9
1743074705.474000,45.402308,6.587512,1807.620831,252.0,9.486235,1.3,9.9
1743074707.474000,45.402261,6.587306,1807.192144,246.1,8.356327,1.3,9.9
1743074709.474000,45.402211,6.587124,1806.541286,236.0,7.214312,1.3,9.9
1743074711.474000,45.402179,6.586977,1806.403044,241.0,5.948058,1.3,9.9
1743074714.474000,45.402137,6.586818,1808.884927,235.2,4.270842,1.3,8.7
1743074717.474000,45.402089,6.586704,1807.194289,204.2,3.776706,1.3,5.8
1743074721.474000,45.402014,6.586568,1806.495115,236.9,3.618268,1.3,3.8
1743074724.474000,45.401979,6.586411,1807.249016,252.0,4.510742,1.3,3.8
1743074727.474000,45.401946,6.586236,1804.703503,259.0,4.664968,1.3,3.8
1743074730.474000,45.401922,6.586081,1804.390690,257.7,4.354317,1.3,3.8
1743074737.474000,45.401848,6.585986,1804.918139,329.9,0.483383,1.3,3.8
1743074741.475000,45.401828,6.585830,1804.526725,270.9,2.709221,1.3,3.8
1743074745.474000,45.401861,6.585663,1802.876540,294.0,4.001357,1.3,3.8
1743074748.474000,45.401900,6.585503,1800.908687,288.3,4.655990,1.3,3.8
1743074750.474000,45.401943,6.585376,1800.402191,288.1,5.321066,1.3,3.8
1743074752.475000,45.402013,6.585241,1800.440408,290.2,6.251271,1.3,3.8
1743074754.474000,45.402065,6.585056,1799.145251,290.9,7.442603,1.3,3.8
1743074756.474000,45.402150,6.584878,1796.289205,302.0,8.227320,1.3,3.8
1743074758.474000,45.402232,6.584666,1794.006200,296.7,9.747393,1.3,3.8
1743074760.474000,45.402325,6.584452,1791.527510,303.7,9.864580,1.3,3.8
1743074762.473000,45.402405,6.584240,1791.890862,296.0,9.454380,1.3,3.8
1743074764.474000,45.402514,6.584077,1788.674151,329.0,8.890486,1.3,3.8
1743074766.474000,45.402644,6.583952,1789.115394,322.1,9.259200,1.3,3.8
1743074768.475000,45.402802,6.583893,1785.661024,350.0,9.089727,1.3,3.8
1743074770.474000,45.402940,6.583760,1782.772521,331.0,9.403302,1.3,3.8
1743074772.474000,45.403104,6.583757,1779.931672,13.9,9.079527,1.3,3.8
1743074774.475000,45.403271,6.583789,1778.992873,359.0,8.792810,1.3,3.8
1743074776.474000,45.403422,6.583731,1777.543645,332.0,8.610599,1.3,3.8
1743074778.475000,45.403531,6.583578,1775.756347,305.0,9.271490,1.3,3.8
1743074780.474000,45.403657,6.583438,1774.578892,337.0,9.941848,1.3,3.8
1743074782.474000,45.403787,6.583278,1770.273772,303.1,11.067623,1.3,3.8
1743074783.473000,45.403837,6.583157,1769.151069,297.0,11.173448,1.3,3.8
1743074784.474000,45.403889,6.583039,1768.038215,300.0,10.712624,1.3,3.8
1743074785.474000,45.403948,6.582930,1765.654916,310.0,10.714349,1.3,3.8
1743074786.475000,45.404020,6.582847,1764.255708,323.9,10.428422,1.3,3.8
1743074788.474000,45.404089,6.582620,1759.593812,284.0,9.886680,1.3,3.8
1743074790.475000,45.404190,6.582410,1756.810874,310.9,10.605657,1.3,3.8
1743074791.475000,45.404252,6.582317,1756.033082,313.9,10.029723,1.3,3.8
1743074793.475000,45.404359,6.582205,1754.843521,314.0,6.545305,1.3,3.8
1743074795.473000,45.404484,6.582086,1753.912206,329.9,8.892258,1.3,3.8
1743074797.474000,45.404608,6.581929,1751.312429,304.0,9.063535,1.3,3.8
1743074799.474000,45.404683,6.581734,1748.770884,297.0,8.797988,1.3,3.8
1743074801.473000,45.404725,6.581523,1746.202298,282.1,9.294956,1.3,3.8
1743074803.474000,45.404756,6.581286,1745.393207,278.7,9.670291,1.3,3.8
1743074805.474000,45.404790,6.581069,1742.056282,281.8,9.079532,1.3,3.8
1743074807.475000,45.404825,6.580853,1739.847451,277.4,9.431986,1.3,3.8
1743074809.474000,45.404876,6.580608,1736.975140,291.9,11.061345,1.3,3.8
1743074810.474000,45.404886,6.580469,1733.967308,267.1,11.609982,1.3,3.8
1743074811.475000,45.404879,6.580324,1732.234314,264.0,11.613446,1.3,3.8
1743074812.474000,45.404897,6.580185,1731.493408,288.9,11.349431,1.3,3.8
1743074813.475000,45.404935,6.580054,1728.256691,290.0,11.324894,1.3,3.8
1743074814.474000,45.404948,6.579918,1725.945481,269.6,11.298173,1.3,3.8
1743074815.473000,45.404963,6.579780,1725.067042,286.8,11.444218,1.3,3.8
1743074816.474000,45.404989,6.579643,1723.175986,279.1,11.051666,1.3,3.8
1743074817.474000,45.404986,6.579504,1721.450891,260.1,11.232224,1.3,3.8
1743074818.474000,45.404987,6.579364,1720.040999,278.9,10.967616,1.3,3.8
1743074820.474000,45.405060,6.579142,1717.339135,290.0,9.339558,1.3,3.8
1743074822.474000,45.405085,6.578916,1714.864366,283.9,8.331741,1.3,3.8
1743074824.474000,45.405117,6.578752,1715.052983,283.6,6.733045,1.3,3.8
1743074827.474000,45.405104,6.578601,1714.688875,238.8,2.522472,1.3,3.8
1743074831.474000,45.405020,6.578653,1713.540445,119.4,1.630222,1.3,3.8
1743074847.474000,45.404970,6.578762,1714.654805,142.4,0.593258,1.4,9.9
1743074869.474000,45.404890,6.578846,1723.099976,172.8,0.685711,1.8,9.9
1743074886.475000,45.404804,6.578886,1723.099976,116.5,1.741650,1.7,10.1
1743074888.475000,45.404737,6.578974,1723.099976,141.5,3.331606,1.6,10.0
1743074890.474000,45.404654,6.579061,1723.099976,147.8,3.566770,1.8,10.0
1743074893.474000,45.404549,6.579155,1725.817172,152.3,3.510242,1.6,9.9
1743074896.474000,45.404456,6.579244,1729.431468,146.0,3.322442,1.7,9.9
1743074899.473000,45.404377,6.579322,1733.378954,145.0,3.876184,1.8,9.9
1743074902.474000,45.404292,6.579403,1738.672218,149.0,4.411563,1.7,9.9
1743074905.473000,45.404203,6.579475,1740.831957,161.9,4.288796,1.8,9.9
1743074908.474000,45.404117,6.579555,1744.508012,146.0,3.952999,1.9,9.9
1743074911.474000,45.404029,6.579639,1746.677629,148.0,3.768042,1.8,9.9
1743074914.474000,45.403943,6.579719,1750.532319,147.0,3.658250,1.9,9.9
1743074917.474000,45.403858,6.579799,1753.058848,147.0,3.772530,2.1,9.9
1743074920.475000,45.403773,6.579878,1756.718671,146.0,4.241620,1.8,9.9
1743074923.474000,45.403685,6.579960,1758.970470,146.0,3.944726,2.0,9.9
1743074926.475000,45.403596,6.580039,1760.327078,146.0,4.013186,2.2,9.9
1743074929.474000,45.403506,6.580118,1762.593105,147.0,3.879926,1.8,9.9
1743074932.474000,45.403415,6.580196,1764.134731,147.0,3.952668,1.9,9.9
1743074935.474000,45.403327,6.580273,1766.678762,146.3,3.850884,2.1,9.9
1743074938.475000,45.403240,6.580352,1768.433928,147.0,3.915656,2.5,9.9
1743074941.474000,45.403153,6.580430,1771.447803,147.2,3.910722,1.9,9.9
1743074944.475000,45.403065,6.580508,1774.486096,149.5,3.836001,2.1,9.9
1743074947.474000,45.402978,6.580582,1777.085721,148.3,3.968077,2.4,10.0
1743074950.474000,45.402888,6.580666,1778.445614,149.0,4.034435,2.2,10.0
1743074953.473000,45.402798,6.580744,1779.804730,146.2,3.994953,2.0,9.9
1743074956.475000,45.402713,6.580825,1781.917500,147.0,3.826178,2.2,9.9
1743074959.474000,45.402625,6.580906,1783.198549,146.3,3.908899,2.4,9.9
1743074962.473000,45.402539,6.580985,1785.668895,147.0,3.894912,2.3,9.9
1743074965.475000,45.402450,6.581065,1787.148862,147.3,3.859254,2.2,9.9
1743074968.475000,45.402364,6.581143,1789.910363,146.9,3.896349,2.2,9.9
1743074971.474000,45.402276,6.581223,1792.792583,147.1,3.857741,1.9,9.9
1743074974.475000,45.402188,6.581302,1795.543818,146.8,4.109875,1.7,9.9
1743074977.474000,45.402099,6.581379,1797.064888,147.5,3.762094,1.7,9.9
1743074980.475000,45.402012,6.581455,1799.167882,148.8,3.938350,1.5,9.9
1743074983.474000,45.401925,6.581535,1801.249946,147.1,3.872589,2.2,9.9
1743074986.475000,45.401837,6.581614,1803.867461,148.0,3.904527,1.8,9.9
1743074989.474000,45.401751,6.581692,1806.025609,148.0,3.863535,1.7,9.9
1743074992.474000,45.401665,6.581773,1808.979231,148.0,3.848537,1.7,9.9
1743074995.474000,45.401581,6.581852,1811.708148,148.0,3.917527,1.6,10.0
1743074998.474000,45.401490,6.581931,1813.457286,149.0,3.903706,1.9,10.1
1743075001.474000,45.401402,6.582011,1814.557554,148.0,4.052839,1.7,10.3
1743075004.474000,45.401315,6.582090,1816.038008,148.0,3.923779,1.7,10.5
1743075007.474000,45.401224,6.582170,1817.633808,148.0,3.951223,1.7,10.7
1743075010.475000,45.401138,6.582247,1819.238447,148.0,3.938285,1.8,11.1
1743075013.475000,45.401049,6.582327,1821.267708,147.0,3.890488,1.9,11.5
1743075016.474000,45.400960,6.582406,1822.103363,147.0,3.982203,1.7,11.7
1743075019.473000,45.400871,6.582483,1822.196651,147.0,3.790155,1.6,11.5
1743075022.475000,45.400782,6.582560,1822.417605,147.0,3.909520,1.6,11.7
1743075025.475000,45.400694,6.582637,1823.072532,148.0,3.872761,1.8,12.0
1743075028.474000,45.400604,6.582719,1823.886286,148.0,3.943066,2.1,12.1
1743075031.474000,45.400515,6.582797,1825.593264,148.0,3.968783,1.7,12.3
1743075034.475000,45.400425,6.582877,1826.695086,148.0,3.916018,1.7,12.6
1743075037.474000,45.400338,6.582958,1827.890231,148.0,3.939904,1.6,12.8
1743075040.475000,45.400250,6.583041,1829.284929,148.0,3.768227,1.7,13.1
1743075043.474000,45.400162,6.583121,1830.737007,148.0,3.923400,2.3,13.2
1743075046.474000,45.400072,6.583200,1832.583512,148.0,3.970096,2.2,12.9
1743075049.474000,45.399982,6.583281,1833.215579,147.0,3.965268,1.7,12.5
1743075052.473000,45.399893,6.583361,1833.613868,147.9,3.910231,1.7,12.8
1743075055.474000,45.399803,6.583441,1834.504571,147.8,3.932347,1.6,13.0
1743075058.474000,45.399715,6.583518,1835.807426,147.9,3.925920,2.0,13.1
1743075061.474000,45.399626,6.583598,1836.131056,147.1,3.893932,2.2,13.1
1743075064.475000,45.399539,6.583678,1838.385747,147.6,3.951539,2.0,13.0
1743075067.474000,45.399450,6.583759,1839.900063,147.3,3.857963,1.8,13.0
1743075070.474000,45.399362,6.583841,1840.950482,146.5,3.963951,1.8,13.1
1743075073.474000,45.399276,6.583921,1843.078330,147.0,3.841143,1.8,13.1
1743075076.475000,45.399188,6.583999,1845.513409,147.9,3.919802,1.9,13.1
1743075079.474000,45.399102,6.584078,1847.242808,147.7,3.912090,2.0,13.2
1743075082.474000,45.399015,6.584158,1849.505455,147.1,3.866513,2.1,13.2
1743075085.474000,45.398928,6.584237,1851.675087,146.9,3.993362,1.9,12.8
1743075088.474000,45.398839,6.584318,1852.872436,147.0,3.904793,1.8,12.6
1743075091.474000,45.398751,6.584399,1853.858117,147.0,3.986799,1.8,12.7
1743075094.474000,45.398662,6.584480,1855.975503,147.0,3.902698,1.8,12.8
1743075097.473000,45.398574,6.584562,1857.787840,147.0,3.934949,2.0,12.9
1743075100.474000,45.398488,6.584642,1859.347287,146.9,3.908597,1.9,13.0
1743075103.475000,45.398400,6.584722,1861.305942,147.1,3.838452,2.0,13.1
1743075106.474000,45.398313,6.584799,1863.665380,147.0,3.868710,1.8,13.2
1743075109.475000,45.398225,6.584877,1866.064957,147.1,3.817540,1.8,13.2
1743075112.474000,45.398138,6.584955,1868.421119,146.8,4.072504,1.7,12.2
1743075115.474000,45.398050,6.585035,1868.424233,147.0,3.860944,2.0,10.7
1743075118.474000,45.397962,6.585116,1869.389619,146.9,3.923624,2.2,10.5
1743075121.475000,45.397873,6.585196,1872.295696,148.2,3.883433,2.0,10.3
1743075124.474000,45.397785,6.585284,1874.658151,147.2,3.770437,2.0,10.0
1743075127.474000,45.397700,6.585364,1876.887600,148.0,3.837689,1.8,9.9
1743075130.474000,45.397614,6.585448,1879.171104,147.1,4.066814,1.9,9.9
1743075133.475000,45.397526,6.585531,1881.654500,146.9,3.991272,1.8,9.9
1743075136.475000,45.397437,6.585603,1883.779394,147.0,3.937492,1.8,9.9
1743075139.475000,45.397348,6.585676,1886.300138,147.7,3.939129,2.3,9.9
1743075142.474000,45.397259,6.585751,1889.602195,149.7,3.857653,2.4,9.9
1743075145.474000,45.397169,6.585829,1893.026366,148.0,3.941213,2.4,9.9
1743075148.474000,45.397084,6.585909,1896.484669,146.2,3.922954,1.8,9.9
1743075151.473000,45.397000,6.585991,1899.800049,143.6,3.943000,1.8,10.0
1743075154.473000,45.396917,6.586070,1903.238192,146.2,3.929746,2.0,10.2
1743075157.474000,45.396832,6.586143,1906.907926,147.2,3.854661,1.9,10.1
1743075160.474000,45.396748,6.586219,1911.357297,147.7,3.948691,2.1,10.0
1743075163.474000,45.396660,6.586287,1914.853428,153.8,3.866973,2.6,9.9
1743075166.475000,45.396575,6.586360,1918.649973,151.3,3.898017,2.6,10.0
1743075169.474000,45.396493,6.586433,1924.017995,152.0,3.936310,2.1,10.1
1743075172.474000,45.396406,6.586510,1926.737993,152.8,3.984032,1.9,10.0
1743075175.475000,45.396321,6.586587,1930.458891,152.0,4.016498,1.9,9.9
1743075178.474000,45.396236,6.586664,1933.345378,152.0,3.921568,2.0,9.9
1743075181.475000,45.396152,6.586740,1936.666061,152.0,3.900948,2.1,10.1
1743075184.474000,45.396067,6.586817,1939.916957,152.1,3.842234,2.7,10.5
1743075187.474000,45.395982,6.586896,1943.766557,151.7,3.944361,2.3,10.9
1743075190.474000,45.395898,6.586974,1946.927819,151.2,3.891370,2.8,11.1
1743075193.474000,45.395813,6.587053,1950.347147,151.0,3.908018,2.6,11.4
1743075196.474000,45.395730,6.587129,1954.752958,151.0,3.881334,2.7,11.6
1743075199.475000,45.395647,6.587206,1960.284175,148.9,3.870841,2.1,11.5
1743075202.474000,45.395564,6.587278,1964.685599,151.6,3.916901,2.1,11.4
1743075205.473000,45.395479,6.587347,1968.971104,153.7,3.916353,2.1,10.8
1743075208.473000,45.395394,6.587415,1973.491416,157.9,3.925391,2.2,10.1
1743075211.474000,45.395312,6.587498,1977.525665,146.0,3.847800,2.5,9.9
1743075214.474000,45.395228,6.587586,1982.081977,146.5,4.183256,3.0,9.9
1743075217.473000,45.395141,6.587665,1985.380747,147.1,4.048606,3.1,6.9
1743075220.473000,45.395054,6.587743,1988.950943,147.2,3.984503,3.0,3.8
1743075223.473000,45.394969,6.587814,1993.348751,148.2,3.928573,2.6,3.8
1743075226.472000,45.394884,6.587890,1996.516153,146.5,3.902319,2.7,3.8
1743075229.473000,45.394800,6.587964,2000.501172,149.7,3.901093,2.3,3.8
1743075232.473000,45.394718,6.588026,2004.416907,155.2,3.837775,2.3,3.8
1743075235.473000,45.394641,6.588118,2009.161309,141.5,4.036354,1.8,3.8
1743075238.473000,45.394553,6.588197,2011.567169,146.7,3.904450,1.7,3.8
1743075241.473000,45.394460,6.588279,2012.889108,146.5,4.068609,2.0,3.8
1743075245.473000,45.394369,6.588362,2013.277096,145.4,2.997984,2.0,4.0
1743075251.473000,45.394278,6.588368,2014.570875,163.3,2.447624,2.6,6.5
1743075256.473000,45.394193,6.588325,2013.471823,218.7,1.617736,2.6,4.1
1743075266.473000,45.394168,6.588192,2013.881172,254.6,1.794618,1.8,3.8
1743075271.473000,45.394154,6.588035,2013.238730,279.9,3.046211,1.8,3.8
1743075275.473000,45.394143,6.587870,2011.817472,284.8,3.604934,1.9,3.8
1743075278.474000,45.394078,6.587727,2010.936023,247.9,4.013648,2.0,3.8
1743075281.473000,45.394016,6.587603,2009.783189,237.9,3.817345,2.0,3.8
1743075301.473000,45.393969,6.587545,2009.880347,-1.0,0.000000,1.8,3.8
1743075311.473000,45.394059,6.587462,2008.467244,346.0,5.079446,2.6,3.8
1743075313.473000,45.394161,6.587436,2003.829300,341.5,6.060157,2.2,3.8
1743075315.473000,45.394246,6.587277,2002.924339,311.0,8.788543,2.0,3.8
1743075317.472000,45.394385,6.587168,1997.628574,319.1,10.137731,2.1,3.8
1743075319.473000,45.394462,6.586926,1985.645659,295.0,12.135929,2.6,3.8
1743075320.473000,45.394538,6.586826,1980.956784,321.9,12.507428,2.3,3.8
1743075321.472000,45.394613,6.586714,1975.550502,310.0,13.094930,2.3,3.8
1743075322.474000,45.394638,6.586567,1970.149736,273.0,13.326491,2.4,3.8
1743075323.473000,45.394675,6.586418,1965.262652,294.0,13.590916,2.2,3.8
1743075324.473000,45.394744,6.586296,1961.376852,313.0,13.470067,2.3,3.8
1743075325.473000,45.394810,6.586156,1958.342912,300.0,13.967032,2.3,3.8
1743075326.472000,45.394877,6.586008,1955.888610,305.0,14.746728,2.4,5.0
1743075327.473000,45.394960,6.585857,1949.302008,310.0,15.414373,2.6,5.8
1743075328.473000,45.395046,6.585704,1945.355626,305.0,15.688385,2.9,7.5
1743075329.472000,45.395135,6.585583,1943.074695,320.6,13.481325,2.4,8.7
1743075330.473000,45.395237,6.585536,1944.210738,351.9,12.474591,2.0,9.9
1743075331.473000,45.395341,6.585498,1942.771174,330.0,11.787291,1.7,9.9
1743075332.473000,45.395433,6.585422,1941.210331,332.0,12.057213,1.7,9.9
1743075333.473000,45.395533,6.585373,1939.623501,351.0,11.201761,1.8,9.9
1743075334.474000,45.395634,6.585347,1937.283199,347.0,11.382388,1.8,9.9
1743075335.473000,45.395726,6.585293,1935.643266,329.0,10.945996,1.8,9.9
1743075337.474000,45.395808,6.585156,1933.075672,264.0,4.204690,1.8,9.9
1743075339.473000,45.395837,6.585024,1931.771822,296.6,6.459941,1.8,9.9
1743075341.473000,45.395909,6.584808,1925.123097,270.2,12.229392,1.8,9.9
1743075342.473000,45.395903,6.584651,1921.753147,260.0,11.445745,1.8,9.9
1743075343.473000,45.395871,6.584527,1916.507147,236.0,10.608138,1.8,9.9
1743075344.473000,45.395816,6.584408,1912.085197,237.0,13.169669,1.8,9.9
1743075345.473000,45.395749,6.584278,1908.479554,227.0,13.543490,1.8,9.9
1743075346.473000,45.395668,6.584159,1900.370679,224.0,14.240422,2.0,9.9
1743075347.473000,45.395609,6.584022,1896.942089,248.9,13.940082,2.3,9.9
1743075348.474000,45.395609,6.583873,1894.167861,280.8,12.218975,2.3,9.9
1743075349.473000,45.395641,6.583742,1889.030202,284.0,11.591024,2.3,9.9
1743075350.473000,45.395655,6.583596,1886.194828,271.0,13.385560,2.3,9.9
1743075351.472000,45.395682,6.583442,1880.981669,299.0,13.369333,2.1,9.9
1743075352.473000,45.395762,6.583329,1874.903750,326.9,13.484537,2.1,9.9
1743075353.473000,45.395847,6.583222,1870.783415,307.0,13.738453,2.2,9.9
1743075354.474000,45.395908,6.583075,1868.300624,300.0,14.230786,2.1,9.9
1743075355.473000,45.395985,6.582948,1864.792054,323.0,14.130908,2.2,9.9
1743075356.474000,45.396077,6.582832,1862.645014,313.0,14.028654,2.3,9.9
1743075357.472000,45.396145,6.582684,1860.985400,295.0,14.153054,2.5,9.9
1743075358.473000,45.396210,6.582535,1858.000072,314.0,13.684328,2.6,9.9
1743075359.474000,45.396307,6.582445,1855.676498,336.0,13.335258,2.0,9.9
1743075360.473000,45.396401,6.582360,1850.520365,315.0,12.183791,2.5,9.9
1743075361.472000,45.396447,6.582227,1849.575022,281.3,12.175986,2.5,9.9
1743075362.473000,45.396448,6.582058,1846.736169,264.0,14.232679,2.5,9.9
1743075363.473000,45.396417,6.581909,1843.661945,242.0,11.367337,2.5,9.9
1743075365.473000,45.396313,6.581715,1836.564841,236.0,10.749126,2.8,9.9
1743075366.474000,45.396250,6.581609,1834.568603,220.0,11.588945,3.0,9.9
1743075367.472000,45.396170,6.581523,1831.099334,216.0,11.263533,2.7,9.9
1743075368.473000,45.396097,6.581437,1828.734726,221.9,10.785586,3.0,9.9
1743075369.473000,45.396022,6.581305,1824.668820,227.2,13.174505,2.4,9.9
1743075370.473000,45.395933,6.581198,1822.000229,214.3,12.700830,2.6,9.9
1743075371.473000,45.395845,6.581090,1817.363119,221.9,13.339265,2.4,9.9
1743075372.472000,45.395758,6.580967,1815.699382,223.9,13.767403,2.5,9.9
1743075373.473000,45.395666,6.580844,1816.055467,219.1,13.983647,1.9,9.9
1743075374.473000,45.395569,6.580729,1814.073180,220.0,14.169556,1.8,9.9
1743075375.473000,45.395477,6.580611,1811.988375,222.8,13.699841,1.6,9.9
1743075376.474000,45.395389,6.580492,1808.583550,222.0,13.646232,1.6,9.9
1743075377.473000,45.395300,6.580376,1805.895189,220.0,13.774813,1.6,9.9
1743075378.473000,45.395205,6.580268,1802.602594,216.1,13.742520,1.7,9.9
1743075379.473000,45.395109,6.580173,1801.318375,212.1,13.162660,1.7,9.9
1743075380.473000,45.395010,6.580092,1800.775531,207.1,12.820734,1.6,9.9
1743075381.474000,45.394912,6.580019,1799.703516,209.0,12.364728,1.6,9.9
1743075382.473000,45.394816,6.579944,1797.004362,207.0,12.309663,1.8,9.9
1743075383.472000,45.394719,6.579878,1796.581283,201.2,11.828594,1.8,9.9
1743075384.473000,45.394620,6.579830,1795.390959,194.1,11.328775,1.8,9.9
1743075385.473000,45.394525,6.579798,1794.253750,193.0,10.401471,1.8,9.9
1743075386.473000,45.394435,6.579768,1793.433710,193.0,10.504634,1.8,9.9
1743075387.473000,45.394344,6.579738,1792.864893,192.0,10.320480,1.8,9.9
1743075388.473000,45.394254,6.579716,1791.995531,186.2,10.399358,2.4,9.9
1743075389.473000,45.394162,6.579710,1791.242155,179.1,10.076571,2.4,9.9
1743075391.473000,45.393990,6.579696,1785.114177,185.3,9.757459,2.1,9.9
1743075393.473000,45.393829,6.579626,1784.125721,198.3,9.243119,2.5,9.9
1743075395.473000,45.393754,6.579519,1784.085521,229.0,6.045542,1.5,9.9
1743075397.473000,45.393679,6.579418,1783.069752,232.2,6.261346,1.5,9.9
1743075399.474000,45.393584,6.579295,1779.694804,208.2,8.004504,1.5,9.9
1743075401.474000,45.393503,6.579125,1776.504240,257.4,8.267577,1.6,9.9
1743075403.473000,45.393421,6.578953,1772.093321,224.0,9.143382,1.5,9.9
1743075405.474000,45.393382,6.578754,1766.876593,252.3,8.508825,2.1,9.9
1743075407.474000,45.393320,6.578572,1763.030769,280.9,7.263837,1.5,9.9
1743075409.474000,45.393332,6.578374,1758.923546,246.0,8.798222,1.5,9.9
1743075411.473000,45.393290,6.578155,1754.858526,282.0,9.603666,1.6,9.9
1743075413.473000,45.393362,6.577974,1750.947843,280.0,8.389093,1.5,9.9
1743075415.473000,45.393330,6.577769,1746.565466,261.0,8.755157,1.7,9.9
1743075417.472000,45.393384,6.577570,1743.429196,298.0,9.117910,1.7,9.9
1743075419.473000,45.393367,6.577383,1739.039476,258.0,8.114497,1.6,9.9
1743075421.473000,45.393427,6.577215,1737.701421,308.0,7.485826,1.5,9.9
1743075423.473000,45.393424,6.577034,1736.432222,239.0,8.297116,1.8,9.9
1743075425.473000,45.393400,6.576842,1732.938537,292.0,8.431105,1.8,9.9
1743075427.472000,45.393473,6.576663,1729.485966,276.0,8.879501,1.6,9.9
1743075429.472000,45.393428,6.576464,1725.575522,255.0,8.053964,1.6,9.9
1743075431.474000,45.393480,6.576301,1722.729185,328.0,7.089797,1.6,9.9
1743075433.473000,45.393511,6.576158,1720.522213,254.0,6.507770,1.6,9.9
1743075435.473000,45.393528,6.576019,1715.123523,315.0,6.138154,1.6,9.9
1743075439.473000,45.393558,6.575865,1716.396504,307.0,3.295382,2.0,9.9
1743075443.473000,45.393576,6.575717,1714.548543,256.0,3.043828,1.9,9.9
1743075447.472000,45.393560,6.575582,1712.758650,302.0,4.196189,1.5,9.9
1743075449.473000,45.393628,6.575494,1710.492793,315.0,5.679880,1.4,9.9
1743075451.473000,45.393676,6.575382,1706.777588,289.5,5.298604,1.5,8.9
1743075453.472000,45.393637,6.575259,1705.221537,246.0,5.560796,1.4,6.9
1743075457.473000,45.393692,6.575100,1703.421945,324.0,5.090547,1.7,3.8
1743075459.474000,45.393766,6.574998,1702.445448,314.2,6.516400,1.6,3.8
1743075461.474000,45.393813,6.574837,1699.913863,282.0,6.820891,1.6,3.8
1743075463.473000,45.393884,6.574701,1698.491468,333.0,6.848104,1.6,3.8
1743075465.473000,45.393948,6.574586,1697.357967,302.0,4.573948,1.7,3.8
1743075468.473000,45.394056,6.574524,1695.583030,316.0,5.337424,1.8,3.8
1743075470.474000,45.394138,6.574446,1693.341690,316.0,4.988116,1.4,3.8
1743075473.473000,45.394249,6.574394,1690.855296,338.0,5.158727,1.4,3.8
1743075493.474000,45.394292,6.574385,1688.844583,332.8,0.000000,4.5,3.8
1743075500.474000,45.394345,6.574402,1689.143798,5.0,3.174207,3.2,3.8
1743075503.474000,45.394459,6.574400,1687.512065,7.8,5.274304,2.8,3.8
1743075505.472000,45.394569,6.574402,1684.711825,348.1,6.840918,1.4,3.8
1743075507.474000,45.394695,6.574404,1681.453463,26.1,7.234936,1.4,3.8
1743075509.473000,45.394826,6.574425,1678.999463,6.7,7.332914,1.4,3.8
1743075511.473000,45.394964,6.574440,1676.300049,354.8,7.798170,1.4,3.8
1743075513.473000,45.395078,6.574420,1673.900834,16.9,6.564708,1.5,4.8
1743075515.474000,45.395191,6.574451,1670.370891,3.0,6.736571,1.7,7.5
1743075517.474000,45.395307,6.574497,1670.326481,353.4,7.479952,3.5,9.9
1743075519.473000,45.395430,6.574444,1666.500000,6.5,7.448407,3.7,9.9
1743075521.473000,45.395556,6.574470,1666.500000,346.3,7.287560,3.4,9.9
1743075523.472000,45.395675,6.574494,1663.626008,32.4,7.352931,3.4,9.9
1743075525.474000,45.395795,6.574479,1660.205432,330.0,7.014683,2.4,9.9
1743075527.474000,45.395915,6.574477,1657.510915,359.3,7.690278,1.7,9.9
1743075529.473000,45.396015,6.574398,1654.439217,327.9,6.534491,1.7,9.9
1743075531.473000,45.396132,6.574394,1651.798587,343.4,6.844916,1.8,9.9
1743075533.474000,45.396229,6.574333,1648.391167,5.9,5.990957,1.8,9.9
1743075535.473000,45.396322,6.574266,1643.791209,294.0,6.855489,1.7,9.9
1743075537.474000,45.396357,6.574109,1641.582492,286.0,6.724816,1.9,9.9
1743075539.473000,45.396349,6.573965,1638.187858,266.0,5.671286,1.8,9.9
1743075541.472000,45.396380,6.573824,1638.002603,315.0,7.178177,2.0,9.9
1743075543.473000,45.396452,6.573673,1634.956489,275.1,6.543770,3.9,9.9
1743075545.474000,45.396441,6.573512,1630.879247,265.9,6.731737,1.8,9.9
1743075547.473000,45.396459,6.573332,1627.811658,256.0,7.020687,1.9,9.9
1743075549.473000,45.396420,6.573200,1624.984250,284.0,6.234727,1.9,9.9
1743075551.473000,45.396461,6.573054,1622.189013,258.1,7.114087,1.9,9.9
1743075554.473000,45.396402,6.572913,1617.230969,254.0,5.181206,1.8,9.9
1743075556.473000,45.396424,6.572761,1615.157533,301.9,7.378007,1.9,9.9
1743075558.473000,45.396484,6.572611,1608.928700,269.1,6.464012,1.9,9.9
1743075560.473000,45.396488,6.572464,1605.061643,299.0,7.305627,1.8,9.9
1743075562.473000,45.396597,6.572300,1601.447486,300.0,9.057285,4.2,9.9
1743075564.473000,45.396648,6.572100,1595.957361,319.9,8.532187,3.7,9.9
1743075566.474000,45.396756,6.571951,1592.287835,298.3,8.659133,4.1,9.9
1743075568.473000,45.396809,6.571766,1588.381527,326.0,8.111946,3.1,9.9
1743075570.474000,45.396928,6.571656,1585.992935,314.0,8.346558,3.1,9.9
1743075572.473000,45.397013,6.571487,1582.276146,296.0,7.643818,3.2,9.9
1743075576.474000,45.397026,6.571339,1581.592953,281.0,3.248913,1.5,6.2
1743075579.473000,45.397052,6.571215,1580.500771,290.0,4.058432,1.4,3.8
1743075589.473000,45.397067,6.571083,1578.940012,267.0,0.808572,2.7,3.8
1743075607.473000,45.397139,6.571000,1576.297312,326.0,5.543412,1.5,3.8
1743075609.473000,45.397218,6.570875,1573.599976,298.3,7.948853,1.5,3.8
1743075611.473000,45.397304,6.570730,1569.550371,328.9,8.313078,3.4,3.8
1743075613.474000,45.397394,6.570552,1564.621877,299.0,10.034139,3.7,3.8
1743075615.474000,45.397534,6.570409,1559.639649,318.3,9.529625,3.7,3.8
1743075617.473000,45.397619,6.570206,1554.942292,310.4,10.106598,1.8,3.8
1743075619.473000,45.397675,6.569980,1551.537775,266.2,10.029375,1.7,3.8
1743075621.473000,45.397630,6.569736,1548.593275,244.2,10.195472,1.7,3.8
1743075623.473000,45.397553,6.569522,1547.498866,228.3,9.142593,4.0,3.8
1743075625.473000,45.397415,6.569417,1543.100736,195.1,9.672557,1.5,3.8
1743075627.473000,45.397249,6.569377,1540.615339,194.7,9.560843,1.4,3.8
1743075629.473000,45.397088,6.569355,1538.701172,184.0,9.097659,1.5,3.8
1743075631.473000,45.396925,6.569363,1536.980849,159.1,8.916380,1.5,3.8
1743075633.473000,45.396775,6.569415,1535.554669,148.1,8.671319,1.4,3.8
1743075635.472000,45.396631,6.569486,1534.818538,150.0,8.372558,1.4,3.8
1743075637.472000,45.396484,6.569546,1534.862873,156.0,8.428252,1.7,3.8
1743075639.473000,45.396345,6.569610,1533.477621,158.0,8.073984,2.9,3.8
1743075641.474000,45.396205,6.569655,1531.219468,171.0,7.924883,2.8,3.8
1743075643.473000,45.396072,6.569661,1529.127929,179.0,7.557738,4.0,4.8
1743075645.474000,45.395936,6.569649,1529.166127,186.0,7.653004,3.9,7.5
1743075647.473000,45.395802,6.569627,1528.359575,207.7,7.385128,3.0,9.9
1743075649.472000,45.395700,6.569579,1526.285491,209.9,5.979419,4.1,9.9
1743075651.474000,45.395596,6.569555,1525.449309,194.9,5.728432,3.1,9.9
1743075654.473000,45.395476,6.569525,1525.142001,216.9,3.822813,2.2,9.9
1743075657.474000,45.395363,6.569512,1524.872882,189.0,3.901721,2.2,9.9
1743075660.474000,45.395272,6.569480,1524.141919,188.6,3.189293,1.9,9.9
1743075663.473000,45.395182,6.569507,1523.898488,162.6,3.121160,2.2,9.9
1743075668.473000,45.395095,6.569557,1521.498352,132.4,1.288415,2.0,9.9
1743075672.473000,45.394998,6.569521,1521.373675,173.6,2.040500,1.8,10.0
1743075676.473000,45.394901,6.569507,1523.153691,178.9,1.977278,4.2,10.5
1743075680.473000,45.394810,6.569511,1522.771427,170.7,2.548146,3.1,10.2
1743075684.473000,45.394712,6.569540,1521.487527,169.6,3.118716,1.8,9.9
1743075687.473000,45.394616,6.569578,1519.718828,160.8,3.929608,1.8,9.9
1743075690.473000,45.394490,6.569622,1520.332392,170.7,4.786441,2.2,9.9
1743075692.473000,45.394390,6.569651,1518.244751,179.9,5.460711,2.3,9.9
1743075694.473000,45.394272,6.569674,1514.261882,177.9,7.013328,1.7,9.9
1743075696.474000,45.394149,6.569717,1511.394184,165.1,7.442455,1.8,9.9
1743075698.473000,45.394008,6.569731,1510.782963,173.0,8.424287,1.8,9.9
1743075700.474000,45.393850,6.569742,1509.848643,187.0,9.357525,4.0,9.9
1743075702.474000,45.393696,6.569769,1506.838673,182.0,8.629911,3.9,9.9
1743075704.473000,45.393545,6.569751,1504.297362,176.0,8.684516,4.0,9.9
1743075706.473000,45.393383,6.569764,1502.545530,165.0,9.158152,4.2,9.9
1743075708.473000,45.393216,6.569776,1500.117833,175.0,9.706501,3.0,9.9
1743075710.473000,45.393049,6.569801,1495.338430,182.0,9.509259,3.9,9.9
1743075712.473000,45.392883,6.569828,1493.359351,170.0,9.261602,3.7,9.9
1743075714.474000,45.392721,6.569826,1489.035992,182.0,9.599543,1.8,9.9
1743075716.473000,45.392549,6.569844,1488.054679,173.0,9.855987,1.6,9.9
1743075718.472000,45.392372,6.569890,1483.718692,167.0,9.808436,1.5,9.9
1743075720.473000,45.392201,6.569931,1481.749791,172.0,9.788035,1.5,9.9
1743075722.473000,45.392038,6.569992,1481.325910,164.0,9.468819,1.5,9.9
1743075724.473000,45.391872,6.570016,1478.256595,170.0,9.825837,1.7,9.9
1743075726.472000,45.391712,6.570084,1476.165301,173.0,9.347708,1.7,9.9
1743075728.472000,45.391559,6.570065,1475.063900,173.1,8.114462,1.5,9.9
1743075730.473000,45.391432,6.570103,1475.607839,184.0,7.444805,2.0,9.9
1743075732.473000,45.391312,6.570032,1474.142584,181.0,6.244070,2.0,9.9
1743075734.473000,45.391220,6.570043,1471.416195,192.0,5.676768,2.7,10.0
1743075737.474000,45.391156,6.569940,1469.314921,299.9,2.022302,2.8,10.0
1743075757.473000,45.391168,6.569872,1465.615028,239.8,0.000000,1.5,10.6
1743075759.473000,45.391137,6.569812,1464.173579,216.3,4.602015,1.5,10.3
1743075764.473000,45.391049,6.569770,1463.117284,217.7,4.281653,1.7,9.9
1743075767.473000,45.391018,6.569597,1459.236841,229.1,5.560758,3.5,9.9
1743075769.473000,45.390984,6.569471,1454.726694,282.1,5.937690,2.0,9.9
1743075771.474000,45.390992,6.569305,1449.832489,270.0,6.384836,2.5,10.0
1743075773.473000,45.391023,6.569182,1444.900024,291.7,4.372844,2.0,10.0
1743075776.473000,45.391087,6.569088,1442.793416,300.6,5.458419,2.3,10.0
1743075778.473000,45.391148,6.568954,1440.099976,327.8,6.649793,1.7,9.9
1743075780.473000,45.391235,6.568827,1433.638629,305.6,8.063250,2.6,9.9
1743075782.473000,45.391337,6.568666,1432.083143,323.5,8.291575,1.7,9.9
1743075784.473000,45.391430,6.568547,1431.245552,285.9,5.401115,1.7,9.9
1743075786.473000,45.391434,6.568412,1429.268066,275.6,5.366704,1.7,9.9
1743075788.474000,45.391435,6.568250,1427.468030,282.0,7.419215,1.8,9.9
1743075790.473000,45.391472,6.568051,1425.026785,275.0,8.335165,1.7,9.9
1743075792.473000,45.391416,6.567882,1423.663454,234.0,6.847416,1.6,9.9
1743075794.473000,45.391359,6.567757,1423.975054,242.0,5.696580,1.7,9.9
1743075796.474000,45.391324,6.567627,1424.437890,257.0,5.066510,1.8,9.9
1743075799.473000,45.391282,6.567492,1424.433919,270.0,2.507270,1.7,9.9
1743075819.473000,45.391214,6.567429,1423.874974,179.1,0.000000,1.7,9.9
1743075821.473000,45.391199,6.567417,1423.145787,190.7,0.572995,1.6,9.9
1743075891.473000,45.391112,6.567389,1423.277889,192.0,0.242239,1.6,9.9
1743075914.473000,45.391026,6.567348,1424.984027,223.9,0.897135,2.1,10.1
1743075926.472000,45.390932,6.567358,1424.174621,225.6,0.697053,2.9,9.9
1743075932.472000,45.390862,6.567205,1422.912887,245.4,3.057555,4.0,9.9
1743075935.472000,45.390754,6.567081,1424.957444,211.4,4.052555,3.8,9.9
1743075937.473000,45.390672,6.567014,1426.842081,205.4,4.086315,2.0,9.9
1743075940.473000,45.390568,6.566908,1433.013273,206.4,4.234532,2.4,9.9
1743075943.471000,45.390482,6.566793,1437.497952,210.0,4.236189,2.3,9.9
1743075946.472000,45.390404,6.566677,1441.599976,214.6,4.385334,2.4,9.9
1743075949.473000,45.390327,6.566566,1447.900024,217.2,4.358881,2.1,9.9
1743075952.472000,45.390247,6.566456,1453.770535,216.4,4.338773,2.5,9.9
1743075955.473000,45.390165,6.566346,1459.464877,217.6,4.680330,3.2,9.9
1743075958.472000,45.390078,6.566233,1462.543421,218.5,4.673830,3.0,9.9
1743075961.472000,45.389989,6.566124,1466.603242,219.0,4.563896,4.3,9.9
1743075964.472000,45.389901,6.566012,1470.739346,218.0,4.479048,4.4,9.9
1743075967.472000,45.389815,6.565902,1474.100024,218.0,4.335603,2.2,9.9
1743075970.472000,45.389728,6.565791,1479.552024,219.0,4.423437,2.6,9.9
1743075973.472000,45.389641,6.565684,1483.983904,219.0,4.386061,2.6,9.9
1743075976.472000,45.389556,6.565576,1489.087716,218.0,4.431782,2.7,9.9
1743075979.472000,45.389480,6.565480,1493.966133,218.0,4.027250,2.3,9.9
1743075982.471000,45.389396,6.565373,1500.457433,219.0,4.217306,2.7,9.9
1743075985.472000,45.389314,6.565263,1505.619908,220.0,4.441923,3.5,9.9
1743075988.473000,45.389232,6.565154,1512.310524,219.0,4.345516,3.3,9.9
1743075991.472000,45.389154,6.565053,1518.391623,219.0,4.415627,4.8,9.9
1743075994.472000,45.389071,6.564954,1525.347379,220.0,4.364362,4.6,9.9
1743075997.472000,45.388988,6.564854,1532.204822,219.0,4.475707,2.4,9.9
1743076000.473000,45.388909,6.564752,1539.387207,219.0,4.394023,2.8,9.9
1743076003.472000,45.388836,6.564653,1546.792460,221.0,4.442089,2.9,9.9
1743076006.472000,45.388760,6.564549,1554.235443,222.0,4.507592,3.0,9.9
1743076009.472000,45.388681,6.564447,1559.602440,223.0,4.605418,2.5,9.9
1743076012.472000,45.388602,6.564345,1566.321659,221.0,4.551055,2.9,9.9
1743076015.471000,45.388529,6.564248,1572.983392,218.0,4.631282,3.7,9.9
1743076018.472000,45.388449,6.564146,1579.904461,221.0,4.482596,2.9,9.9
1743076021.471000,45.388375,6.564042,1586.678985,223.0,4.445001,4.3,9.9
1743076024.472000,45.388294,6.563942,1592.787196,221.0,4.367742,4.1,9.9
1743076027.471000,45.388213,6.563850,1601.004774,222.0,4.443468,1.9,9.9
1743076030.472000,45.388132,6.563759,1608.269061,222.0,4.111073,2.3,9.9
1743076033.472000,45.388045,6.563653,1613.804315,223.0,4.631951,2.4,9.9
1743076036.472000,45.387957,6.563547,1619.297070,223.0,4.649965,2.5,9.9
1743076039.473000,45.387869,6.563447,1624.225901,223.0,4.659864,1.9,9.9
1743076042.473000,45.387784,6.563343,1629.904499,223.0,4.551249,2.3,9.9
1743076045.471000,45.387695,6.563240,1635.318314,222.0,4.520825,3.1,9.9
1743076048.472000,45.387614,6.563137,1641.613682,222.0,4.420445,2.9,9.9
1743076051.472000,45.387534,6.563041,1647.644105,223.0,4.308319,4.2,9.9
1743076054.471000,45.387446,6.562939,1652.352141,223.0,5.113417,4.2,9.9
1743076057.472000,45.387356,6.562830,1654.186678,223.0,4.822442,2.8,9.9
1743076060.472000,45.387268,6.562721,1656.871714,226.0,4.445110,2.3,9.9
1743076063.473000,45.387180,6.562609,1659.586622,220.1,4.549197,2.1,9.9
1743076066.472000,45.387083,6.562504,1662.998917,224.0,4.547474,2.4,9.9
1743076069.472000,45.387002,6.562385,1665.095866,225.0,4.560201,1.8,9.9
1743076072.472000,45.386910,6.562277,1668.549865,224.0,4.302033,1.9,9.9
1743076075.471000,45.386822,6.562166,1672.356042,225.0,4.275635,2.5,9.9
1743076078.472000,45.386732,6.562056,1676.424046,224.0,4.482575,2.4,9.9
1743076081.472000,45.386643,6.561952,1680.024736,222.0,4.609409,2.1,9.9
1743076084.472000,45.386552,6.561848,1684.137669,222.0,4.443852,2.7,9.9
1743076087.471000,45.386465,6.561744,1687.990377,223.0,4.217797,2.4,9.9
1743076090.471000,45.386379,6.561639,1693.337926,222.0,4.420074,1.7,9.9
1743076093.473000,45.386294,6.561532,1697.808922,223.0,4.773076,2.2,9.9
1743076096.473000,45.386203,6.561416,1700.511392,223.0,4.701346,2.2,9.9
1743076099.472000,45.386112,6.561306,1704.127028,223.0,4.656652,1.8,9.9
1743076102.472000,45.386023,6.561199,1708.403359,222.0,4.479035,2.0,9.9
1743076105.473000,45.385939,6.561097,1712.541900,223.0,3.900824,2.7,9.9
1743076108.472000,45.385866,6.561004,1718.110164,223.0,4.248216,2.8,9.9
1743076111.472000,45.385782,6.560901,1724.443635,222.6,4.088253,2.6,10.0
1743076114.472000,45.385704,6.560803,1731.479291,222.0,4.208665,3.6,10.2
1743076117.471000,45.385624,6.560703,1739.254660,221.9,4.235300,3.8,10.2
1743076120.472000,45.385546,6.560608,1747.197202,222.0,4.509205,2.1,10.0
1743076123.472000,45.385464,6.560514,1754.894752,222.0,4.535120,2.3,9.9
1743076126.473000,45.385385,6.560418,1761.830694,222.0,4.544114,2.4,9.9
1743076129.472000,45.385305,6.560323,1770.530446,221.2,4.527431,2.0,9.9
1743076132.472000,45.385226,6.560235,1777.430529,220.7,4.367704,2.2,9.9
1743076136.472000,45.385134,6.560124,1788.471121,221.0,4.505471,2.9,9.9
1743076139.471000,45.385052,6.560024,1795.848591,220.8,4.518770,2.7,9.9
1743076142.471000,45.384968,6.559924,1802.491015,220.0,4.613036,3.8,9.9
1743076145.473000,45.384886,6.559822,1808.174059,218.0,4.398679,3.9,9.9
1743076148.471000,45.384804,6.559716,1815.939561,219.0,4.487954,1.9,9.9
1743076151.473000,45.384724,6.559614,1823.806740,220.0,4.568039,2.2,9.9
1743076154.473000,45.384647,6.559517,1830.400165,217.0,4.386564,2.3,9.9
1743076157.473000,45.384575,6.559425,1838.092804,218.0,4.477148,2.4,9.9
1743076160.472000,45.384499,6.559329,1846.478210,219.0,4.490328,1.9,9.9
1743076163.471000,45.384424,6.559238,1853.843897,220.0,4.698785,2.0,9.9
1743076166.472000,45.384346,6.559135,1860.158794,221.0,4.637311,2.9,9.9
1743076169.471000,45.384261,6.559030,1866.104210,221.0,4.520840,2.7,9.9
1743076172.471000,45.384178,6.558927,1872.614773,219.0,4.295528,3.9,9.9
1743076175.472000,45.384096,6.558824,1878.679183,222.0,4.398808,3.8,9.9
1743076178.472000,45.384012,6.558716,1884.690970,222.0,4.483519,1.9,9.9
1743076181.472000,45.383926,6.558611,1891.081588,221.0,4.784209,2.2,9.9
1743076184.473000,45.383844,6.558511,1898.088674,215.0,4.396033,2.3,9.9
1743076187.472000,45.383761,6.558418,1904.824324,217.0,4.450846,2.4,9.9
1743076190.471000,45.383681,6.558319,1911.841021,218.0,4.491974,1.9,9.9
1743076193.472000,45.383605,6.558216,1920.093363,222.0,4.462531,2.0,9.9
1743076196.471000,45.383530,6.558115,1925.464262,222.0,4.432851,2.9,9.9
1743076199.473000,45.383456,6.558019,1933.752991,222.0,4.458322,2.7,9.9
1743076202.472000,45.383381,6.557921,1941.098926,223.0,4.623795,3.7,9.9
1743076205.472000,45.383294,6.557813,1947.558818,222.0,4.592565,3.8,9.9
1743076208.472000,45.383210,6.557705,1956.876179,222.0,4.831754,4.6,9.9
1743076211.472000,45.383126,6.557601,1957.611823,223.0,4.530756,2.2,9.9
1743076214.472000,45.383044,6.557498,1962.492454,223.0,4.498881,2.4,9.9
1743076217.472000,45.382962,6.557397,1969.077651,222.0,4.456745,2.3,9.9
1743076220.472000,45.382878,6.557292,1973.748078,222.0,4.628303,2.8,9.9
1743076223.472000,45.382792,6.557174,1975.867941,223.0,4.749468,3.0,9.9
1743076226.472000,45.382698,6.557069,1979.393412,222.0,4.581540,2.7,9.9
1743076229.472000,45.382602,6.556956,1983.163869,221.0,4.467412,4.2,9.9
1743076232.472000,45.382508,6.556847,1986.720064,222.0,4.443707,4.0,9.9
1743076235.472000,45.382420,6.556738,1995.227270,222.0,4.574188,4.2,9.9
1743076238.472000,45.382331,6.556626,1994.322591,225.0,4.520494,2.4,9.9
1743076241.473000,45.382244,6.556521,1998.194807,222.0,4.513443,2.9,9.9
1743076244.472000,45.382156,6.556414,2001.232255,223.0,4.519338,1.6,9.9
1743076247.473000,45.382068,6.556306,2003.639038,223.0,4.315003,1.5,9.9
1743076250.473000,45.381982,6.556200,2007.094440,223.0,4.381126,1.4,9.9
1743076253.473000,45.381897,6.556094,2014.437437,222.0,4.431536,3.6,9.9
1743076256.472000,45.381814,6.555994,2020.436823,225.0,4.744397,4.1,9.9
1743076259.472000,45.381728,6.555880,2021.195651,225.0,4.617066,1.7,9.9
1743076262.473000,45.381638,6.555763,2030.893738,223.3,4.848255,4.2,9.9
1743076265.473000,45.381548,6.555649,2033.583836,227.5,4.664753,4.2,9.9
1743076268.473000,45.381462,6.555528,2029.587935,227.8,4.649004,1.6,9.9
1743076271.472000,45.381369,6.555413,2030.348582,225.1,4.703079,1.5,9.9
1743076274.472000,45.381275,6.555299,2032.367631,224.3,4.589416,1.6,9.9
1743076277.472000,45.381179,6.555183,2031.090451,222.6,4.546574,1.5,9.9
1743076280.472000,45.381082,6.555069,2031.321540,222.7,4.515532,1.5,10.0
1743076283.472000,45.380989,6.554953,2034.569673,222.0,4.469167,3.6,10.3
1743076286.472000,45.380898,6.554842,2035.440340,221.1,4.426538,4.1,10.6
1743076289.472000,45.380804,6.554726,2034.574949,220.3,4.516284,1.6,10.8
1743076292.472000,45.380714,6.554607,2044.134748,225.7,4.627584,4.2,10.4
1743076295.471000,45.380628,6.554505,2045.753850,220.2,4.645959,4.3,10.1
1743076298.473000,45.380532,6.554398,2039.230618,219.0,4.193295,1.6,9.9
1743076307.471000,45.380470,6.554293,2038.645404,210.9,1.669888,1.5,10.0
1743076311.472000,45.380357,6.554206,2038.079599,230.0,3.673260,1.4,10.1
1743076314.472000,45.380291,6.554090,2039.603626,239.1,3.000317,3.5,9.9
1743076322.472000,45.380254,6.553969,2047.019713,256.0,1.533801,4.2,9.9
1743076381.472000,45.380185,6.554090,2039.929892,114.3,2.410056,3.9,3.8
1743076387.472000,45.380134,6.554210,2046.353201,125.0,2.339214,5.7,3.8
1743076391.472000,45.380083,6.554316,2037.625219,112.1,2.974822,1.5,3.8
1743076394.471000,45.380042,6.554436,2038.543012,113.1,3.884227,1.6,3.8
1743076397.472000,45.379956,6.554576,2033.526892,124.0,5.317332,1.4,3.8
1743076399.473000,45.379890,6.554700,2035.107894,131.0,6.450383,1.5,3.8
1743076401.471000,45.379815,6.554845,2030.590273,132.0,7.314722,1.4,3.8
1743076403.471000,45.379736,6.555006,2031.088550,124.0,8.028225,3.4,3.8
1743076405.473000,45.379653,6.555176,2029.403271,130.0,7.943541,3.7,3.8
1743076407.471000,45.379578,6.555346,2024.830165,123.0,7.724751,1.4,3.8
1743076409.472000,45.379508,6.555502,2025.438808,131.9,7.535078,1.6,3.8
1743076411.472000,45.379421,6.555688,2025.774969,129.1,9.005612,3.8,3.8
1743076413.472000,45.379332,6.555908,2029.521483,124.1,9.799948,3.6,3.8
1743076414.473000,45.379291,6.556022,2026.982492,126.0,9.787372,4.1,3.8
1743076415.473000,45.379249,6.556136,2025.474968,120.1,9.951342,4.3,3.8
1743076417.472000,45.379171,6.556361,2024.144669,124.0,10.110316,5.6,3.8
1743076418.472000,45.379127,6.556482,2013.607026,125.0,11.347861,1.5,3.8
1743076419.472000,45.379078,6.556606,2011.657682,123.0,11.374519,1.5,3.8
1743076420.472000,45.379032,6.556716,2010.498404,126.0,10.613110,1.5,3.8
1743076422.472000,45.378960,6.556923,2008.478312,120.1,9.642920,1.6,3.8
1743076424.473000,45.378885,6.557128,2009.856127,121.1,9.308076,1.6,3.8
1743076426.473000,45.378806,6.557353,2003.547133,128.9,10.358387,1.5,3.8
1743076427.472000,45.378754,6.557469,2002.470700,126.0,10.833791,1.4,3.8
1743076428.472000,45.378705,6.557589,2001.209089,124.0,10.859289,1.4,3.8
1743076429.472000,45.378652,6.557705,2001.697138,127.0,10.747064,1.5,3.8
1743076430.472000,45.378601,6.557817,1997.588361,129.0,10.664016,1.4,3.8
1743076431.472000,45.378554,6.557932,1997.486998,130.0,10.752115,1.4,3.8
1743076432.472000,45.378503,6.558048,1998.766138,129.0,10.890701,3.1,3.8
1743076433.472000,45.378448,6.558157,1997.614836,131.0,10.634707,3.3,3.8
1743076434.472000,45.378394,6.558266,1996.613111,131.0,10.311224,3.3,3.8
1743076435.471000,45.378344,6.558375,1993.906532,132.0,10.159889,1.5,3.8
1743076436.472000,45.378296,6.558485,1992.698540,128.0,10.201404,1.5,3.8
1743076437.472000,45.378250,6.558597,1989.747219,124.0,10.306846,2.1,3.8
1743076438.472000,45.378202,6.558712,1990.783792,128.0,10.699877,1.4,3.8
1743076439.472000,45.378149,6.558822,1989.640924,127.0,10.423675,1.5,3.8
1743076440.473000,45.378101,6.558934,1988.692218,124.0,10.312332,1.4,3.8
1743076442.473000,45.378015,6.559150,1995.475587,120.1,9.577814,3.8,3.8
1743076444.472000,45.377941,6.559347,1995.443935,120.2,8.815758,4.1,3.8
1743076446.472000,45.377864,6.559540,1994.253009,128.0,8.786199,4.2,3.8
1743076448.472000,45.377792,6.559745,1983.937701,119.1,9.051000,1.5,3.8
1743076450.472000,45.377719,6.559926,1983.412153,129.8,8.426418,1.5,3.8
1743076452.472000,45.377639,6.560111,1979.237164,114.0,9.038929,1.5,3.8
1743076454.472000,45.377580,6.560302,1979.516934,116.0,8.468669,1.5,3.8
1743076456.472000,45.377564,6.560520,1975.312719,89.0,9.658220,1.5,3.8
1743076458.472000,45.377521,6.560689,1972.026189,111.0,6.562592,1.4,3.8
1743076460.473000,45.377569,6.560870,1968.997162,62.0,9.604359,1.4,3.8
1743076462.472000,45.377544,6.561104,1967.077360,108.8,9.526494,2.9,3.8
1743076464.472000,45.377478,6.561343,1962.355666,102.0,10.663538,3.1,3.8
1743076465.472000,45.377458,6.561477,1958.469919,100.0,11.220165,1.4,3.8
1743076467.472000,45.377378,6.561647,1953.586721,141.8,6.983660,2.0,3.8
1743076469.472000,45.377330,6.561821,1953.012432,103.0,8.969785,1.4,3.8
1743076471.470000,45.377275,6.562012,1951.301462,113.1,7.681823,1.5,3.8
1743076473.472000,45.377228,6.562141,1956.151953,102.1,6.126526,3.6,3.8
1743076475.471000,45.377240,6.562351,1953.687774,82.1,9.407852,4.2,3.8
1743076477.472000,45.377201,6.562563,1948.398881,120.6,7.767953,5.4,3.8
1743076479.471000,45.377234,6.562751,1938.137432,53.8,9.574000,1.5,3.8
1743076481.471000,45.377266,6.562963,1933.391240,107.1,9.006135,1.8,3.8
1743076483.472000,45.377189,6.563110,1929.519286,129.1,6.686713,1.8,3.8
1743076486.471000,45.377141,6.563230,1929.168377,236.4,2.650115,1.6,3.8
1743076506.471000,45.377069,6.563304,1928.591930,121.2,0.000000,1.9,3.8
1743076507.472000,45.377066,6.563316,1928.861004,121.9,0.925416,1.8,3.8
1743076519.471000,45.376978,6.563350,1923.654285,138.1,0.899043,1.4,9.9
1743076579.471000,45.376900,6.563278,1923.817451,167.2,0.610181,1.5,12.5
1743076609.471000,45.376990,6.563304,1926.160843,336.5,0.655974,1.6,10.8
1743076620.471000,45.377078,6.563250,1929.680747,5.5,0.974871,1.9,9.9
1743076644.471000,45.376988,6.563209,1928.981762,194.5,1.585563,2.2,9.9
1743076657.471000,45.376897,6.563183,1922.679473,190.6,0.772150,1.7,10.0
1743076674.471000,45.376805,6.563161,1923.871239,198.6,0.667925,1.6,9.9
1743076703.472000,45.376713,6.563071,1922.144908,217.7,2.119676,1.8,9.9
1743076705.470000,45.376617,6.563029,1922.660117,198.9,3.821319,1.8,9.9
1743076707.470000,45.376508,6.562994,1930.944314,196.1,4.188046,1.8,9.9
1743076709.471000,45.376410,6.562964,1927.215749,193.0,4.227592,1.7,10.0
1743076712.470000,45.376285,6.562916,1933.122676,195.5,4.486352,1.8,10.1
1743076715.471000,45.376162,6.562872,1937.619578,196.3,4.647428,1.9,9.9
1743076718.472000,45.376057,6.562833,1944.135420,197.9,4.357875,1.9,9.9
1743076721.471000,45.375942,6.562793,1948.269657,189.4,4.794180,2.1,10.0
1743076724.471000,45.375829,6.562740,1952.639041,194.1,4.686917,1.9,9.9
1743076727.471000,45.375706,6.562686,1961.192692,196.1,4.717011,2.6,9.9
1743076730.472000,45.375590,6.562644,1966.415608,195.9,4.593226,2.5,9.9
1743076733.471000,45.375474,6.562600,1966.840438,204.2,4.542460,1.9,5.9
1743076736.472000,45.375367,6.562550,1970.202200,195.3,4.394701,2.0,3.8
1743076739.472000,45.375257,6.562516,1975.607601,195.9,4.398135,1.9,3.8
1743076742.472000,45.375146,6.562475,1980.003112,195.0,4.356105,1.9,3.8
1743076745.472000,45.375039,6.562433,1985.039809,194.2,4.531351,2.0,3.8
1743076748.471000,45.374937,6.562397,1986.561568,193.3,4.641468,2.4,3.8
1743076751.472000,45.374822,6.562350,1988.155690,183.8,4.368531,2.3,3.8
1743076754.472000,45.374706,6.562321,1989.546770,180.6,4.373483,3.0,3.8
1743076757.471000,45.374591,6.562291,1996.169597,184.5,4.306477,2.1,3.8
1743076760.471000,45.374482,6.562228,2003.443766,196.0,4.571988,2.6,3.8
1743076763.471000,45.374372,6.562180,2001.105980,195.0,4.759635,2.1,3.8
1743076766.471000,45.374261,6.562134,2003.959141,195.0,4.631560,2.3,3.8
1743076769.471000,45.374154,6.562094,2012.803640,195.7,4.627748,2.4,3.8
1743076772.471000,45.374043,6.562050,2011.357877,195.0,4.422497,2.2,3.8
1743076775.472000,45.373934,6.561997,2013.354531,197.2,4.559232,2.2,3.8
1743076778.471000,45.373814,6.561944,2017.197478,195.0,4.768301,2.3,3.8
1743076781.471000,45.373700,6.561897,2015.467502,195.0,4.434851,4.9,3.8
1743076784.471000,45.373588,6.561853,2020.437579,195.4,4.560613,2.8,3.8
1743076787.472000,45.373476,6.561817,2023.927193,194.0,4.495364,1.8,3.8
1743076790.471000,45.373364,6.561768,2033.649056,195.0,4.594160,2.1,3.8
1743076793.470000,45.373250,6.561728,2031.116612,195.0,4.673352,1.6,3.8
1743076796.471000,45.373139,6.561665,2034.187333,202.1,4.570237,1.8,3.8
1743076799.471000,45.373029,6.561627,2037.014339,199.7,4.529548,1.9,3.8
1743076802.471000,45.372914,6.561587,2041.834732,197.5,4.447773,1.6,3.8
1743076805.471000,45.372802,6.561532,2044.434245,203.3,4.419822,1.7,3.8
1743076808.471000,45.372689,6.561476,2044.687730,208.2,4.423933,5.2,3.8
1743076811.471000,45.372580,6.561421,2048.439360,210.5,4.301442,5.0,3.8
1743076814.472000,45.372471,6.561374,2054.333864,210.8,4.154278,3.8,3.8
1743076817.472000,45.372360,6.561329,2063.124538,211.0,4.573328,1.6,3.8
1743076820.471000,45.372251,6.561286,2067.899755,210.2,4.553831,1.6,3.8
1743076823.472000,45.372143,6.561244,2071.495236,209.8,4.430477,1.6,3.8
1743076826.472000,45.372035,6.561198,2073.761962,210.1,4.524187,4.1,3.8
1743076829.471000,45.371929,6.561155,2080.910903,209.2,4.344346,2.8,3.8
1743076832.472000,45.371821,6.561108,2087.749766,210.0,4.245631,1.6,3.8
1743076835.470000,45.371713,6.561063,2089.645165,210.8,4.347037,5.1,3.8
1743076838.470000,45.371606,6.561022,2099.656956,210.0,4.611337,1.7,3.8
1743076841.471000,45.371502,6.560981,2101.931197,209.8,4.344960,5.0,3.8
1743076844.472000,45.371398,6.560940,2111.725306,209.3,4.457891,1.8,3.8
1743076847.471000,45.371306,6.560884,2119.280128,225.6,4.423382,2.0,3.8
1743076850.471000,45.371202,6.560842,2124.988006,216.1,4.413542,1.9,3.8
1743076853.471000,45.371091,6.560823,2130.927188,199.0,4.689425,1.7,3.8
1743076856.470000,45.370984,6.560800,2132.907823,194.0,4.352864,5.7,3.8
1743076859.471000,45.370877,6.560767,2144.102816,182.1,4.474397,2.8,3.8
1743076862.471000,45.370778,6.560722,2147.850011,196.0,4.401581,5.1,3.8
1743076865.471000,45.370682,6.560685,2154.657349,195.9,4.277421,5.1,3.8
1743076868.472000,45.370583,6.560645,2161.758717,197.5,4.658219,5.4,3.8
1743076871.470000,45.370477,6.560597,2169.881152,202.3,4.459260,3.6,3.8
1743076874.472000,45.370369,6.560553,2177.168132,195.0,4.552508,1.9,3.8
1743076877.471000,45.370260,6.560511,2185.006125,195.4,4.872346,1.9,3.8
1743076880.472000,45.370152,6.560468,2189.764323,196.8,4.638110,1.7,3.8
1743076883.472000,45.370044,6.560423,2195.595054,199.3,4.534323,1.6,3.8
1743076886.471000,45.369939,6.560380,2196.891666,199.7,4.332437,6.0,3.8
1743076889.471000,45.369821,6.560331,2201.003938,200.0,4.354127,5.8,3.8
1743076892.471000,45.369707,6.560287,2203.918666,199.0,4.414982,5.4,3.8
1743076895.471000,45.369597,6.560244,2206.503865,199.0,4.444352,5.4,3.8
1743076898.472000,45.369484,6.560200,2210.151722,199.0,4.325680,5.6,3.8
1743076901.471000,45.369374,6.560145,2213.664377,212.0,4.399052,5.0,3.8
1743076904.472000,45.369259,6.560106,2222.025179,190.0,4.612432,1.8,3.8
1743076907.471000,45.369146,6.560070,2226.575188,196.0,4.540264,2.0,3.8
1743076910.471000,45.369035,6.560026,2230.564953,194.0,4.606345,1.7,3.8
1743076913.471000,45.368928,6.559984,2234.708188,196.0,4.514761,1.7,3.8
1743076916.470000,45.368820,6.559940,2234.038602,197.0,4.318155,6.0,3.8
1743076919.472000,45.368712,6.559896,2238.140855,196.8,4.450687,5.7,3.8
1743076922.472000,45.368606,6.559852,2242.478637,197.0,4.333176,5.4,3.8
1743076925.471000,45.368496,6.559806,2246.582788,197.8,4.299885,5.3,3.8
1743076928.471000,45.368388,6.559762,2251.058819,198.3,4.542218,5.5,3.8
1743076931.470000,45.368280,6.559719,2256.110793,198.2,4.377359,5.0,3.8
1743076934.470000,45.368168,6.559674,2265.212101,198.7,4.528977,1.7,3.8
1743076937.471000,45.368057,6.559626,2271.312048,199.7,4.668166,2.0,3.8
1743076940.471000,45.367960,6.559584,2275.445805,199.7,3.867508,1.8,3.8
1743076947.471000,45.367871,6.559553,2278.380066,198.5,2.296262,5.7,3.8
1743076955.471000,45.367777,6.559514,2283.165372,202.7,1.845471,5.3,3.8
1743076963.470000,45.367681,6.559474,2288.448310,197.2,1.614451,5.0,3.8
1743076969.470000,45.367577,6.559427,2296.464010,196.4,2.393933,2.4,3.8
1743076973.470000,45.367483,6.559387,2297.756715,195.0,2.863158,6.4,3.8
1743076977.471000,45.367372,6.559338,2302.131647,200.0,3.736224,5.7,3.8
1743076980.470000,45.367275,6.559300,2306.306997,194.0,4.120532,5.2,4.1
1743076983.471000,45.367168,6.559271,2310.905496,190.0,4.394865,5.3,4.0
1743076986.470000,45.367064,6.559244,2315.974262,185.0,4.425241,5.6,3.8
1743076989.471000,45.366955,6.559200,2321.189850,195.0,4.266693,5.2,3.8
1743076992.470000,45.366853,6.559143,2327.333586,197.0,4.642956,5.0,3.8
1743076995.470000,45.366743,6.559102,2334.678718,175.2,4.674269,2.2,3.8
1743076998.470000,45.366642,6.559059,2336.326322,208.0,4.417150,6.5,3.8
1743077001.471000,45.366536,6.559024,2343.561561,196.0,4.916995,5.6,3.8
1743077004.470000,45.366426,6.558982,2348.431105,200.9,4.587372,6.3,3.8
1743077007.471000,45.366318,6.558930,2352.451583,207.0,4.416012,5.7,3.8
1743077010.471000,45.366212,6.558876,2357.669436,206.6,4.514790,5.2,3.8
1743077013.470000,45.366103,6.558840,2362.904239,196.1,4.518410,5.3,3.8
1743077016.471000,45.365996,6.558801,2367.508284,196.4,4.415785,5.6,3.8
1743077019.470000,45.365888,6.558757,2373.151410,194.3,4.574244,5.1,3.8
1743077022.470000,45.365774,6.558708,2377.686695,196.2,4.592093,5.0,3.8
1743077025.471000,45.365669,6.558648,2381.072573,204.6,4.448323,6.5,3.8
1743077028.471000,45.365557,6.558617,2386.222630,194.7,4.461241,6.5,3.8
1743077031.470000,45.365448,6.558581,2390.829511,192.9,4.322980,5.6,3.8
1743077034.469000,45.365340,6.558538,2395.825430,195.0,4.398190,6.2,3.8
1743077037.471000,45.365237,6.558485,2401.602767,210.4,4.405320,5.7,3.8
1743077040.470000,45.365132,6.558442,2406.139258,199.9,4.436060,5.2,3.8
1743077043.470000,45.365026,6.558399,2411.873414,199.8,4.449733,5.3,3.8
1743077046.470000,45.364918,6.558356,2417.287143,199.7,4.459698,5.6,3.8
1743077049.470000,45.364811,6.558313,2422.733842,199.0,4.434588,5.1,3.8
1743077052.469000,45.364704,6.558272,2428.080101,199.0,4.425452,5.0,3.8
1743077055.470000,45.364597,6.558224,2433.270556,200.6,4.511588,6.6,3.8
1743077058.470000,45.364489,6.558192,2438.638130,189.8,4.584328,6.5,3.8
1743077061.470000,45.364374,6.558152,2442.743695,189.2,4.627198,5.7,3.8
1743077064.471000,45.364265,6.558108,2444.796057,195.9,4.794938,6.3,3.8
1743077067.471000,45.364156,6.558053,2445.161610,198.7,4.217853,5.8,3.8
1743077074.469000,45.364062,6.558037,2445.861296,200.0,1.225934,5.3,3.8
1743077082.470000,45.364076,6.557895,2446.680774,301.3,2.926756,6.6,3.8
1743077086.469000,45.364150,6.557802,2445.209098,318.0,2.821012,6.9,3.8
1743077091.470000,45.364214,6.557702,2445.125377,282.2,0.763050,6.0,3.8
1743077112.470000,45.364143,6.557576,2443.165639,194.1,5.176134,6.9,3.8
1743077115.470000,45.364019,6.557570,2439.994319,187.0,5.127605,6.9,3.8
1743077117.470000,45.363905,6.557513,2438.737832,204.0,7.941428,7.1,3.8
1743077119.470000,45.363809,6.557482,2435.346699,190.9,5.169533,6.2,3.8
1743077123.470000,45.363707,6.557440,2433.751395,183.4,4.034671,6.5,3.8
1743077125.470000,45.363606,6.557387,2432.181618,158.7,5.593416,6.1,3.8
1743077127.470000,45.363479,6.557343,2428.886925,138.0,6.805072,5.6,3.8
1743077129.470000,45.363322,6.557282,2426.258905,181.6,7.596728,5.6,3.8
1743077131.470000,45.363159,6.557209,2423.453650,192.8,8.799631,5.6,3.8
1743077133.471000,45.362995,6.557146,2420.991391,193.0,9.501246,6.0,3.8
1743077135.470000,45.362824,6.557084,2418.313042,193.8,9.993895,6.0,3.8
1743077136.470000,45.362733,6.557039,2416.365829,200.8,10.357362,5.5,3.8
1743077137.471000,45.362641,6.557020,2414.927175,186.3,10.224682,5.4,3.8
1743077138.470000,45.362546,6.557000,2412.920136,169.3,10.403666,5.5,3.8
1743077139.469000,45.362449,6.556983,2411.325685,151.4,10.131752,5.4,3.8
1743077140.470000,45.362356,6.556968,2408.900146,129.0,9.354235,5.5,3.8
1743077141.471000,45.362266,6.556950,2408.900146,105.1,9.369245,6.6,3.8
1743077143.470000,45.362088,6.556893,2404.561738,63.4,10.125281,7.4,3.8
1743077144.470000,45.361998,6.556854,2401.874608,44.5,10.343398,7.3,3.8
1743077145.470000,45.361902,6.556809,2400.864547,24.5,10.337151,7.1,3.8
1743077146.470000,45.361805,6.556757,2398.917652,2.8,10.524619,7.2,3.8
1743077147.471000,45.361701,6.556704,2397.041276,339.0,10.439032,7.3,3.8
1743077148.470000,45.361590,6.556650,2395.599624,317.3,10.373968,6.2,3.8
1743077149.471000,45.361480,6.556603,2393.951493,294.7,10.121296,6.4,3.8
1743077150.470000,45.361366,6.556567,2393.052316,269.4,9.928034,6.9,3.8
1743077151.470000,45.361250,6.556536,2391.504533,248.4,10.103176,6.8,3.8
1743077152.469000,45.361133,6.556512,2390.162805,224.8,10.114493,6.8,3.8
1743077153.470000,45.361018,6.556493,2388.217653,201.8,10.202535,6.8,3.8
1743077154.469000,45.360910,6.556477,2386.287493,180.9,10.387362,6.3,3.8
1743077155.470000,45.360805,6.556453,2384.413884,165.3,10.693431,6.4,3.8
1743077156.469000,45.360707,6.556414,2383.179355,152.7,10.844657,5.6,3.8
1743077157.470000,45.360607,6.556348,2380.711521,101.8,11.978037,5.8,3.8
1743077158.469000,45.360514,6.556316,2378.215253,87.3,12.158706,5.9,3.8
1743077159.469000,45.360416,6.556261,2376.202202,202.0,12.843026,5.9,3.8
1743077160.470000,45.360302,6.556157,2373.523250,211.0,12.524751,5.9,3.8
1743077161.470000,45.360190,6.556116,2371.624752,185.0,13.118011,6.0,3.8
1743077162.469000,45.360076,6.556096,2368.171429,186.0,12.945971,6.2,3.8
1743077163.471000,45.359967,6.556042,2365.947779,205.0,13.406018,6.2,3.8
1743077164.470000,45.359860,6.555981,2363.201507,200.0,13.106812,6.2,3.8
1743077165.470000,45.359745,6.555953,2361.621534,186.0,13.130349,5.7,3.8
1743077166.470000,45.359632,6.555942,2359.569558,179.0,12.900442,5.5,3.8
1743077167.470000,45.359518,6.555928,2357.509864,185.0,12.883968,5.3,3.8
1743077168.470000,45.359409,6.555864,2354.365123,210.0,14.042546,5.1,3.8
1743077169.470000,45.359296,6.555805,2352.343177,196.0,13.755694,5.1,3.8
1743077170.470000,45.359176,6.555772,2349.625437,190.0,14.463938,6.3,3.8
1743077171.471000,45.359047,6.555734,2345.161376,192.0,15.186719,6.7,3.8
1743077172.470000,45.358915,6.555702,2343.183609,187.0,15.307164,7.0,3.8
1743077173.470000,45.358775,6.555687,2338.849697,182.0,16.165331,6.7,3.8
1743077174.470000,45.358634,6.555694,2335.561600,174.0,15.825443,6.7,3.8
1743077175.470000,45.358504,6.555718,2332.528874,169.0,14.722973,6.8,3.8
1743077176.470000,45.358380,6.555752,2331.090373,169.0,14.039437,6.8,3.8
1743077177.469000,45.358258,6.555783,2330.167352,169.0,13.624115,5.9,3.8
1743077178.470000,45.358144,6.555818,2329.011495,166.0,12.696342,5.9,3.8
1743077179.470000,45.358035,6.555856,2327.226460,165.0,12.470712,6.7,3.8
1743077180.470000,45.357923,6.555892,2326.519117,167.0,12.631754,6.3,3.8
1743077181.471000,45.357813,6.555924,2325.377505,168.0,12.248655,6.3,5.0
1743077182.470000,45.357706,6.555950,2323.531565,171.0,11.760124,6.2,6.2
1743077183.470000,45.357602,6.555963,2322.574006,176.0,11.598490,6.0,6.9
1743077184.471000,45.357501,6.555970,2321.939820,174.0,11.012544,5.7,8.7
1743077185.470000,45.357408,6.555976,2321.470909,178.9,10.446212,5.2,9.9
1743077186.470000,45.357318,6.555969,2321.291952,179.0,9.935619,5.3,9.9
1743077188.471000,45.357156,6.555935,2320.699812,187.9,9.082831,5.4,9.9
1743077190.470000,45.357009,6.555875,2319.885420,197.9,8.474133,5.7,9.9
1743077192.469000,45.356868,6.555814,2318.928263,198.0,8.319819,5.7,9.9
1743077194.470000,45.356724,6.555727,2317.681016,201.0,8.983248,4.9,9.9
1743077196.470000,45.356564,6.555625,2314.297900,213.9,10.006133,5.7,9.9
1743077197.470000,45.356486,6.555555,2312.623340,216.0,10.170094,5.7,9.9
1743077198.469000,45.356408,6.555486,2310.949107,232.7,10.293586,6.3,9.9
1743077199.471000,45.356330,6.555411,2308.919137,206.4,10.396308,6.9,8.7
1743077200.471000,45.356251,6.555344,2308.178954,208.0,10.266798,6.8,7.5
1743077201.471000,45.356175,6.555274,2307.277514,235.5,10.038185,6.8,6.2
1743077203.470000,45.356031,6.555141,2306.448086,211.0,9.802439,6.8,3.8
1743077204.471000,45.355954,6.555069,2305.379834,214.0,10.359379,7.0,3.8
1743077205.471000,45.355878,6.554999,2304.887632,213.0,10.135560,6.3,3.8
1743077206.470000,45.355798,6.554920,2301.990681,216.0,11.494578,6.8,3.8
1743077207.471000,45.355714,6.554831,2300.346648,216.9,11.860671,6.8,3.8
1743077208.471000,45.355631,6.554735,2299.220467,218.8,11.977078,6.3,3.8
1743077209.471000,45.355547,6.554646,2298.405541,214.1,11.647653,6.2,3.8
1743077210.470000,45.355455,6.554572,2295.076668,207.1,11.897714,6.2,3.8
1743077211.469000,45.355362,6.554510,2292.601822,204.3,11.537828,6.0,3.8
1743077212.469000,45.355268,6.554451,2291.454366,204.0,11.852446,5.7,3.8
1743077213.470000,45.355173,6.554388,2291.342040,204.0,11.566243,5.3,3.8
1743077214.470000,45.355083,6.554322,2290.514155,207.9,11.508882,5.3,3.8
1743077215.470000,45.354994,6.554244,2289.138863,211.9,11.590549,5.4,3.8
1743077216.470000,45.354906,6.554161,2287.118467,213.0,11.649924,5.4,3.8
1743077217.470000,45.354822,6.554074,2285.170746,217.0,11.623866,5.6,3.8
1743077218.470000,45.354743,6.553984,2283.529928,219.0,11.357998,5.6,3.8
1743077219.470000,45.354668,6.553896,2282.394002,219.0,10.817546,5.6,3.8
1743077220.470000,45.354593,6.553810,2281.692939,220.0,10.716584,5.6,3.8
1743077221.470000,45.354520,6.553727,2281.132267,219.3,10.531095,5.6,3.8
1743077223.470000,45.354372,6.553611,2280.515973,208.3,9.311110,5.6,3.8
1743077225.471000,45.354233,6.553574,2280.432463,204.9,8.154779,5.7,3.8
1743077227.470000,45.354104,6.553570,2280.040304,192.6,7.177402,7.2,3.8
1743077229.470000,45.353985,6.553586,2279.703536,173.7,6.538268,7.4,3.8
1743077231.470000,45.353883,6.553626,2279.479031,177.8,5.975707,7.4,3.8
1743077234.470000,45.353764,6.553687,2280.527470,182.0,4.505546,6.3,3.8
1743077238.469000,45.353677,6.553759,2279.671877,166.8,2.427597,5.7,3.8
1743077258.470000,45.353617,6.553758,2279.957122,-1.0,0.000000,6.9,3.8
1743077266.470000,45.353584,6.553741,2279.221297,209.8,2.022162,5.8,3.8
1743077270.470000,45.353495,6.553678,2278.990126,206.6,3.266063,5.6,3.8
1743077273.470000,45.353399,6.553601,2278.582439,209.2,4.425351,5.7,3.8
1743077276.471000,45.353284,6.553536,2276.975905,201.0,5.563056,6.1,3.8
1743077278.470000,45.353184,6.553493,2275.230907,194.0,6.092644,5.3,3.8
1743077280.471000,45.353093,6.553462,2272.719087,194.0,5.048787,3.4,3.8
1743077282.469000,45.353001,6.553422,2271.397332,204.0,5.819650,2.8,3.8
1743077284.470000,45.352909,6.553304,2271.202600,232.0,8.062201,4.8,3.8
1743077297.893000,45.352463,6.551949,2238.863037,239.0,10.017873,3.6,4.2
1743077299.468000,45.352403,6.551767,2238.323975,235.7,10.022572,2.2,4.1
1743077300.469000,45.352341,6.551662,2237.106445,224.1,10.783164,1.8,4.0
1743077302.469000,45.352216,6.551478,2234.524157,222.1,10.737947,1.6,3.9
1743077303.470000,45.352149,6.551384,2236.635305,225.0,10.465474,1.6,3.8
1743077304.469000,45.352084,6.551290,2236.718190,224.0,10.495657,1.6,3.8
1743077305.469000,45.352020,6.551198,2235.572266,224.0,10.069839,1.6,3.8
1743077307.469000,45.351891,6.551033,2233.284355,217.1,8.955770,1.6,3.8
1743077309.469000,45.351755,6.550927,2227.106440,205.0,7.975197,1.5,3.8
1743077311.469000,45.351646,6.550821,2230.401898,218.0,7.726861,1.5,3.8
1743077313.468000,45.351536,6.550745,2228.996737,195.5,6.545102,1.5,3.8
1743077315.469000,45.351420,6.550711,2225.989745,188.2,7.299316,1.5,3.8
1743077317.469000,45.351283,6.550690,2225.124032,186.1,7.968413,1.5,3.8
1743077319.470000,45.351142,6.550645,2221.417203,194.0,8.627152,1.5,3.8
1743077321.469000,45.350995,6.550632,2220.757692,182.0,8.627572,1.5,3.8
1743077323.469000,45.350834,6.550596,2219.180910,188.0,9.719178,1.4,3.8
1743077325.469000,45.350673,6.550525,2216.684533,201.0,9.011965,1.4,3.8
1743077333.889000,45.350044,6.550334,2214.275391,188.0,9.083073,2.8,3.8
1743077335.470000,45.349907,6.550319,2213.874023,188.5,9.157541,1.7,3.8
1743077337.470000,45.349740,6.550276,2211.468149,189.0,10.198099,1.6,3.8
1743077338.469000,45.349651,6.550249,2209.272161,193.0,10.741493,1.6,3.8
1743077339.469000,45.349558,6.550213,2207.336797,198.0,10.801517,1.6,3.8
1743077340.470000,45.349468,6.550163,2208.103198,202.9,10.695784,1.6,3.8
1743077341.468000,45.349385,6.550095,2206.738948,212.9,11.105894,1.6,3.8
1743077342.470000,45.349307,6.550004,2205.096389,221.8,12.118172,1.6,3.8
1743077343.470000,45.349232,6.549879,2201.826476,230.8,13.571097,1.6,3.8
1743077344.469000,45.349161,6.549729,2196.861820,233.4,13.871787,1.5,3.8
1743077345.469000,45.349095,6.549573,2192.413652,238.3,14.712243,1.5,3.8
1743077346.469000,45.349037,6.549418,2191.177002,240.9,14.045732,1.5,3.8
1743077347.470000,45.348978,6.549264,2190.135048,240.0,13.632947,1.5,3.8
1743077348.469000,45.348919,6.549114,2189.262703,242.0,13.044437,1.5,3.8
1743077349.469000,45.348866,6.548973,2188.979799,242.0,12.332446,1.5,3.8
1743077350.469000,45.348815,6.548834,2187.870453,243.0,12.201509,1.5,3.8
1743077351.469000,45.348765,6.548698,2187.176070,243.0,11.421585,1.5,3.8
1743077352.470000,45.348719,6.548573,2186.554564,241.0,10.958154,1.5,3.8
1743077353.469000,45.348674,6.548450,2186.235213,244.0,10.694957,1.5,3.8
1743077354.469000,45.348630,6.548329,2185.957231,243.0,10.700785,1.5,3.8
1743077355.470000,45.348591,6.548208,2185.318586,243.0,10.219716,1.5,3.8
1743077356.468000,45.348549,6.548087,2184.332768,243.0,10.529572,1.5,3.8
1743077357.470000,45.348508,6.547970,2183.666444,244.0,10.114827,1.5,3.8
1743077358.469000,45.348466,6.547854,2182.958149,243.0,10.010392,1.4,3.8
1743077359.469000,45.348424,6.547736,2182.178848,244.0,10.255513,1.4,3.8
1743077360.470000,45.348386,6.547613,2180.679878,248.0,10.425884,1.4,3.8
1743077361.470000,45.348351,6.547494,2179.084291,246.0,10.148233,1.4,3.8
1743077363.469000,45.348279,6.547277,2178.709659,244.0,8.662060,1.4,3.8
1743077365.469000,45.348208,6.547088,2178.792307,242.0,7.961204,1.4,3.8
1743077367.470000,45.348140,6.546909,2178.594416,240.0,7.837198,1.4,3.8
1743077369.469000,45.348068,6.546744,2178.023032,233.0,7.422827,1.4,3.8
1743077371.470000,45.347983,6.546587,2176.261284,231.0,7.717851,1.4,3.8
1743077373.469000,45.347898,6.546449,2175.415421,225.0,7.219340,1.3,3.8
1743077375.469000,45.347809,6.546328,2175.800186,220.0,6.516730,1.3,3.8
1743077377.468000,45.347712,6.546225,2174.879646,210.0,7.094000,1.3,3.8
1743077379.469000,45.347592,6.546136,2173.382547,205.0,7.569407,1.3,3.8
1743077381.469000,45.347462,6.546064,2172.051560,199.4,7.773811,1.3,3.8
1743077383.469000,45.347315,6.545990,2169.459233,197.0,8.642432,1.3,3.8
1743077385.469000,45.347166,6.545929,2167.648748,195.0,8.786019,1.3,3.8
1743077387.470000,45.347014,6.545878,2166.161405,191.0,9.085052,1.3,3.8
1743077389.469000,45.346848,6.545850,2163.270929,186.0,9.569813,1.3,3.8
1743077391.470000,45.346681,6.545831,2160.532639,184.0,9.614922,1.3,3.8
1743077393.469000,45.346510,6.545800,2159.407471,188.0,9.697712,1.3,3.8
1743077395.469000,45.346337,6.545731,2157.086263,199.9,10.127188,1.3,3.8
1743077396.468000,45.346246,6.545686,2155.487936,200.0,10.547423,1.3,3.8
1743077397.469000,45.346158,6.545633,2154.671835,202.9,10.638659,1.3,3.8
1743077398.469000,45.346073,6.545574,2154.155483,205.0,10.805073,1.3,3.8
1743077399.469000,45.345989,6.545518,2153.145651,205.0,10.277391,1.3,3.8
1743077401.470000,45.345830,6.545409,2151.686687,207.0,9.620733,1.3,3.8
1743077403.469000,45.345682,6.545288,2150.038145,205.0,9.580931,1.3,3.8
1743077405.469000,45.345520,6.545190,2148.588940,202.0,9.625162,1.3,3.8
1743077406.468000,45.345437,6.545134,2147.884203,206.0,10.276993,1.3,3.8
1743077407.469000,45.345352,6.545078,2146.667926,204.0,10.436094,1.3,3.8
1743077408.469000,45.345262,6.545030,2144.981485,199.0,10.804355,1.3,3.8
1743077409.470000,45.345173,6.544986,2143.554560,199.0,10.599942,1.3,3.8
1743077410.469000,45.345085,6.544947,2141.275195,197.0,10.832184,1.3,3.8
1743077411.469000,45.344998,6.544912,2140.658015,196.0,10.155256,1.3,3.8
1743077413.469000,45.344815,6.544851,2139.746907,190.0,11.492176,1.3,3.8
1743077414.469000,45.344714,6.544828,2137.965434,188.0,11.809973,1.3,3.8
1743077415.469000,45.344610,6.544804,2136.129056,188.0,11.788469,1.3,3.8
1743077416.469000,45.344502,6.544776,2133.964840,189.0,12.239717,1.3,3.8
1743077417.469000,45.344394,6.544746,2131.761230,193.0,12.451089,1.3,3.8
1743077418.470000,45.344289,6.544712,2130.062244,193.0,12.319410,1.3,3.8
1743077419.469000,45.344186,6.544678,2128.634023,193.0,12.046623,1.3,3.8
1743077420.470000,45.344083,6.544642,2126.795206,193.0,11.984720,1.3,3.8
1743077421.469000,45.343979,6.544608,2125.122549,193.0,11.658758,1.3,3.8
1743077422.470000,45.343878,6.544574,2124.290682,193.0,11.788627,1.3,3.8
1743077423.469000,45.343775,6.544535,2124.093027,195.0,11.894267,1.3,3.8
1743077424.469000,45.343675,6.544490,2122.484912,197.0,11.500661,1.3,3.8
1743077425.469000,45.343575,6.544443,2121.336522,199.0,11.658462,1.3,3.8
1743077426.469000,45.343477,6.544394,2119.558308,198.0,11.660182,1.3,3.8
1743077427.470000,45.343375,6.544347,2118.172648,197.0,12.100780,1.3,3.8
1743077428.468000,45.343271,6.544304,2117.130490,195.0,11.994952,1.3,3.8
1743077429.469000,45.343167,6.544264,2115.147394,195.0,12.238139,1.3,3.8
1743077430.469000,45.343059,6.544218,2113.848101,195.0,12.759207,1.3,3.8
1743077431.470000,45.342945,6.544161,2108.796696,200.0,13.877449,1.3,3.8
1743077432.469000,45.342831,6.544102,2107.714683,199.0,13.447168,1.3,3.8
1743077433.469000,45.342718,6.544041,2105.856429,201.0,13.557678,1.3,3.8
1743077434.468000,45.342607,6.543986,2104.805943,201.0,13.289125,1.3,3.8
1743077435.470000,45.342500,6.543930,2103.390356,201.0,12.507423,1.3,3.8
1743077436.469000,45.342404,6.543876,2103.665662,201.0,11.586780,1.3,3.8
1743077437.469000,45.342316,6.543826,2104.764979,200.0,10.779544,1.3,3.8
1743077439.469000,45.342158,6.543736,2106.149434,203.0,9.531829,1.3,3.8
1743077441.469000,45.342013,6.543631,2105.861666,210.9,9.032019,1.3,3.8
1743077443.470000,45.341866,6.543535,2104.885248,214.8,9.006016,1.3,3.8
1743077445.469000,45.341699,6.543446,2101.860114,202.0,10.160174,1.3,3.8
1743077446.468000,45.341606,6.543398,2099.293367,200.0,11.121524,1.3,3.8
1743077447.470000,45.341507,6.543354,2097.808598,197.1,11.550300,1.3,3.8
1743077448.468000,45.341404,6.543311,2095.453218,197.0,12.073838,1.3,3.8
1743077449.469000,45.341298,6.543281,2093.956500,191.1,12.148578,1.3,3.8
1743077450.470000,45.341194,6.543256,2091.559516,189.0,11.941668,1.3,3.8
1743077451.468000,45.341091,6.543244,2090.033888,188.0,11.706718,1.3,3.8
1743077452.470000,45.340992,6.543248,2089.493288,184.0,11.410658,1.3,3.8
1743077453.469000,45.340894,6.543266,2089.118675,177.0,10.877778,1.3,3.8
1743077454.469000,45.340802,6.543306,2088.144120,181.0,10.706712,1.3,3.8
1743077455.469000,45.340720,6.543362,2086.913724,165.1,10.399257,1.3,3.8
1743077456.469000,45.340641,6.543438,2086.282477,164.0,10.323317,1.3,3.8
1743077458.470000,45.340498,6.543597,2084.210843,157.0,9.962736,1.3,3.8
1743077459.469000,45.340432,6.543688,2083.429105,152.6,10.064703,1.3,3.8
1743077460.468000,45.340370,6.543786,2082.043319,149.6,10.083070,1.3,3.8
1743077461.469000,45.340309,6.543888,2080.437249,155.8,10.062904,1.3,3.8
1743077462.468000,45.340245,6.543994,2079.024464,146.7,10.064566,1.3,3.8
1743077463.470000,45.340177,6.544106,2076.120173,137.3,10.966228,1.3,3.8
1743077464.469000,45.340108,6.544219,2075.635474,133.1,11.468843,1.3,3.8
1743077465.469000,45.340031,6.544317,2075.141635,142.6,11.329925,1.3,3.8
1743077466.469000,45.339949,6.544400,2074.031492,145.9,11.355948,1.3,3.8
1743077467.469000,45.339860,6.544472,2072.966182,152.9,11.744060,1.3,3.8
1743077468.470000,45.339764,6.544534,2072.274037,157.0,12.043797,1.3,3.8
1743077469.469000,45.339664,6.544586,2070.744248,161.9,11.979376,1.3,3.8
1743077470.470000,45.339558,6.544631,2069.205273,164.0,12.194921,1.3,3.8
1743077471.469000,45.339451,6.544670,2068.393732,167.0,12.575919,1.3,3.8
1743077472.470000,45.339342,6.544700,2065.265793,171.0,12.669866,1.3,3.8
1743077473.469000,45.339229,6.544722,2063.706108,173.0,12.750921,1.3,3.8
1743077474.469000,45.339116,6.544736,2062.552187,178.0,12.865226,1.3,3.8
1743077475.469000,45.338999,6.544735,2061.485131,183.0,13.266821,1.3,3.8
1743077476.470000,45.338879,6.544713,2059.546525,188.8,13.609493,1.3,3.8
1743077477.469000,45.338762,6.544672,2057.020663,195.7,13.521784,1.3,3.8
1743077478.469000,45.338646,6.544618,2055.359882,200.0,13.796198,1.3,3.8
1743077479.469000,45.338531,6.544552,2053.597365,205.0,13.999302,1.3,3.8
1743077480.470000,45.338421,6.544477,2051.874687,206.0,13.678581,1.3,3.8
1743077481.469000,45.338313,6.544394,2050.829994,210.0,13.383089,1.3,3.8
1743077482.469000,45.338212,6.544314,2048.588876,209.0,12.807063,1.3,3.8
1743077483.469000,45.338111,6.544241,2047.922529,205.0,12.708668,1.3,3.8
1743077484.469000,45.338012,6.544180,2046.806497,201.0,11.829554,1.3,3.8
1743077485.469000,45.337912,6.544136,2046.323743,194.0,11.890269,1.3,3.8
1743077486.469000,45.337808,6.544097,2045.856936,194.0,11.800374,1.3,3.8
1743077487.469000,45.337706,6.544065,2044.545969,189.0,11.601732,1.3,3.8
1743077488.469000,45.337606,6.544040,2044.217925,189.0,11.538758,1.3,3.8
1743077489.469000,45.337503,6.544019,2042.620557,185.0,11.946343,1.3,3.8
1743077490.469000,45.337396,6.544024,2040.900851,174.1,12.253449,1.3,3.8
1743077491.469000,45.337283,6.544034,2040.034924,177.0,12.530794,1.3,3.8
1743077492.469000,45.337168,6.544038,2037.461804,178.0,12.841533,1.3,3.8
1743077493.470000,45.337057,6.544033,2034.788014,181.0,12.968571,1.3,3.8
1743077494.469000,45.336942,6.544020,2034.082661,186.0,12.992231,1.3,3.8
1743077495.470000,45.336824,6.544003,2033.730794,186.0,13.333378,1.3,3.8
1743077496.469000,45.336708,6.543973,2031.262819,194.0,13.191393,1.3,3.8
1743077497.468000,45.336594,6.543936,2030.432715,192.0,13.344527,1.3,3.8
1743077498.469000,45.336480,6.543888,2028.742282,197.0,13.386787,1.3,3.8
1743077499.468000,45.336368,6.543829,2027.096239,202.0,13.532137,1.3,3.8
1743077500.469000,45.336264,6.543755,2025.418808,210.0,12.843428,1.3,3.8
1743077501.469000,45.336169,6.543666,2023.745677,216.0,12.404256,1.3,3.8
1743077502.469000,45.336083,6.543586,2023.584135,213.0,10.671086,1.3,3.8
1743077503.468000,45.336002,6.543516,2022.985464,212.0,10.311489,1.3,3.8
1743077504.469000,45.335920,6.543458,2022.080951,204.0,9.815722,1.3,3.8
1743077506.470000,45.335749,6.543383,2022.625385,190.0,10.230906,1.3,3.8
1743077508.469000,45.335577,6.543382,2021.691023,177.0,9.975727,1.3,3.8
1743077509.469000,45.335486,6.543390,2020.071332,174.0,10.142842,1.3,3.8
1743077511.469000,45.335302,6.543421,2017.724347,173.0,10.865916,1.3,3.8
1743077512.470000,45.335205,6.543441,2016.703689,170.0,11.101665,1.3,3.8
1743077513.469000,45.335106,6.543454,2015.778149,176.0,11.292279,1.3,3.8
1743077514.470000,45.335008,6.543452,2014.028408,184.0,11.375267,1.3,3.8
1743077515.470000,45.334905,6.543441,2012.600694,184.0,11.481611,1.3,3.8
1743077516.470000,45.334804,6.543423,2011.494429,189.0,11.792068,1.3,3.8
1743077517.470000,45.334696,6.543396,2010.378874,190.0,12.463133,1.3,3.8
1743077518.469000,45.334587,6.543358,2009.014495,195.0,12.731833,1.3,3.8
1743077519.469000,45.334478,6.543320,2006.785474,193.0,12.723363,1.3,3.8
1743077520.469000,45.334369,6.543280,2005.524621,195.0,12.698090,1.3,3.8
1743077521.469000,45.334257,6.543245,2003.788970,191.0,13.173246,1.3,3.8
1743077522.469000,45.334140,6.543212,2001.666220,190.0,13.525295,1.3,3.8
1743077523.469000,45.334018,6.543179,1999.553967,189.0,13.580859,1.3,3.8
1743077524.469000,45.333898,6.543151,1997.547890,189.0,13.883929,1.3,3.8
1743077525.469000,45.333777,6.543117,1994.836588,190.0,14.000046,1.3,3.8
1743077526.469000,45.333653,6.543091,1992.158662,186.0,14.111581,1.3,3.8
1743077527.469000,45.333529,6.543084,1991.039229,180.0,14.062035,1.3,3.8
1743077528.469000,45.333406,6.543086,1988.665446,177.0,14.066388,1.3,3.8
1743077529.470000,45.333280,6.543089,1987.248627,178.0,14.306241,1.3,3.8
1743077530.470000,45.333152,6.543083,1984.744477,182.0,14.330325,1.3,3.8
1743077531.470000,45.333025,6.543062,1982.226987,188.0,14.458765,1.3,3.8
1743077532.470000,45.332898,6.543027,1979.356107,192.0,14.576925,1.3,3.8
1743077533.469000,45.332774,6.542990,1976.635158,192.0,14.357474,1.3,3.8
1743077534.470000,45.332653,6.542940,1974.292339,198.0,14.310616,1.3,3.8
1743077535.470000,45.332534,6.542881,1974.102567,199.0,14.057543,1.3,3.8
1743077536.470000,45.332420,6.542819,1973.055474,201.0,13.601580,1.3,3.8
1743077537.470000,45.332308,6.542758,1972.365380,201.0,13.183300,1.3,3.8
1743077538.470000,45.332205,6.542701,1970.517949,201.0,11.957732,1.3,3.8
1743077539.469000,45.332106,6.542641,1968.299089,203.0,11.809605,1.3,3.8
1743077540.468000,45.332013,6.542580,1968.262211,206.0,11.174574,1.3,3.8
1743077541.469000,45.331926,6.542522,1968.357379,204.0,10.353555,1.3,3.8
1743077542.469000,45.331843,6.542470,1967.961515,203.0,10.013682,1.3,3.8
1743077544.470000,45.331685,6.542368,1967.105587,202.0,9.293270,1.3,3.8
1743077546.469000,45.331530,6.542289,1966.518919,196.0,8.835248,1.3,3.8
1743077548.469000,45.331382,6.542253,1965.768327,190.0,8.236761,1.3,3.8
1743077550.469000,45.331241,6.542241,1965.404620,180.9,7.702937,1.3,3.8
1743077552.470000,45.331117,6.542240,1964.775938,176.1,6.844537,1.3,3.8
1743077554.470000,45.331002,6.542241,1964.490086,176.0,6.148001,1.3,3.8
1743077556.469000,45.330888,6.542240,1964.189760,180.0,6.283050,1.3,3.8
1743077558.470000,45.330778,6.542223,1963.224904,185.0,6.373381,1.3,3.8
1743077560.469000,45.330659,6.542197,1963.816478,190.0,6.707547,1.3,3.8
1743077562.469000,45.330542,6.542177,1962.344963,186.0,6.656825,1.3,3.8
1743077564.469000,45.330416,6.542160,1961.073314,188.0,7.170117,1.3,3.8
1743077566.469000,45.330292,6.542136,1958.890299,189.0,6.894709,1.3,3.8
1743077568.469000,45.330163,6.542107,1957.941728,190.0,7.635334,1.3,3.8
1743077570.469000,45.330026,6.542095,1956.761019,175.0,7.533401,1.3,3.8
1743077572.470000,45.329881,6.542092,1955.952502,176.0,8.494067,1.3,3.8
1743077574.469000,45.329728,6.542122,1953.295208,170.0,9.116802,1.3,3.8
1743077576.469000,45.329568,6.542156,1951.895843,171.0,9.559877,1.3,3.8
1743077578.469000,45.329399,6.542212,1948.624101,165.0,9.952106,1.3,3.8
1743077580.469000,45.329229,6.542248,1945.716952,175.0,9.655154,1.3,3.8
1743077582.469000,45.329052,6.542262,1941.402745,182.0,10.356936,1.3,3.8
1743077583.469000,45.328960,6.542251,1940.947294,186.0,10.180324,1.3,3.8
1743077585.468000,45.328799,6.542197,1940.636947,200.0,9.032035,1.3,3.8
1743077587.470000,45.328664,6.542094,1939.423964,210.0,7.845748,1.3,3.8
1743077589.469000,45.328534,6.542002,1938.543093,205.0,7.841003,1.3,3.8
1743077591.470000,45.328403,6.541934,1936.804408,198.0,7.717400,1.3,3.8
1743077593.469000,45.328269,6.541895,1936.334134,185.0,7.748626,1.3,3.8
1743077595.470000,45.328136,6.541876,1934.169183,184.0,7.797682,1.3,3.8
1743077597.469000,45.327996,6.541861,1932.571333,175.1,7.705925,1.3,3.8
1743077599.469000,45.327861,6.541861,1931.011053,179.0,7.593790,1.3,3.8
1743077601.469000,45.327728,6.541879,1929.623638,171.0,7.731797,1.3,3.8
1743077603.470000,45.327590,6.541916,1928.687808,165.0,8.319415,1.3,3.8
1743077605.469000,45.327439,6.541967,1925.308209,161.0,8.887679,1.3,3.8
1743077607.470000,45.327273,6.542033,1923.133500,163.0,9.331882,1.3,3.8
1743077609.469000,45.327104,6.542088,1920.370991,170.9,9.588025,1.3,3.8
1743077611.469000,45.326940,6.542124,1919.254784,177.9,9.463689,1.3,3.8
1743077613.470000,45.326775,6.542169,1918.190251,163.2,9.316378,1.3,3.8
1743077615.470000,45.326618,6.542198,1916.324391,183.1,9.027525,1.3,3.8
1743077617.468000,45.326443,6.542216,1912.713581,176.9,10.124419,1.3,3.8
1743077619.469000,45.326262,6.542230,1908.225917,168.2,10.189777,1.3,3.8
1743077621.469000,45.326091,6.542237,1905.724495,170.0,9.538691,1.3,3.8
1743077623.469000,45.325924,6.542268,1905.108110,163.0,9.800416,1.3,3.8
1743077625.469000,45.325755,6.542329,1901.398247,166.0,9.891601,1.3,4.8
1743077627.469000,45.325585,6.542375,1900.184110,174.0,9.990583,1.3,6.9
1743077629.469000,45.325410,6.542407,1898.379834,169.0,10.042060,1.3,9.9
1743077630.468000,45.325319,6.542423,1897.363615,175.0,10.397756,1.3,9.9
1743077631.469000,45.325225,6.542423,1895.747789,181.0,10.600636,1.3,9.9
1743077632.470000,45.325131,6.542394,1894.672610,201.0,11.000373,1.3,9.9
1743077633.469000,45.325056,6.542321,1892.120266,225.0,9.776164,1.3,9.9
1743077635.469000,45.324992,6.542104,1889.465904,269.0,10.123751,1.3,9.9
1743077636.468000,45.325005,6.541975,1887.832950,288.0,10.736748,1.3,9.9
1743077637.469000,45.325055,6.541853,1885.443162,311.0,12.011847,1.3,9.9
1743077638.470000,45.325115,6.541737,1883.020818,302.0,11.112040,1.3,9.9
1743077639.469000,45.325160,6.541615,1878.112529,299.0,11.224997,1.3,9.9
1743077640.469000,45.325209,6.541500,1876.943987,304.9,10.946398,1.3,9.9
1743077642.470000,45.325272,6.541273,1873.242593,307.9,9.719842,1.3,9.9
1743077644.469000,45.325260,6.541098,1871.606394,233.0,7.783554,1.3,9.9
1743077646.469000,45.325219,6.540940,1868.518339,275.0,8.249560,1.3,9.9
1743077648.469000,45.325163,6.540732,1863.372226,216.6,11.096822,1.3,9.9
1743077649.469000,45.325070,6.540656,1861.036727,217.9,11.285010,1.3,10.0
1743077650.470000,45.324966,6.540677,1856.055898,164.8,12.386940,1.3,10.0
1743077651.469000,45.324869,6.540739,1853.682101,162.0,11.098221,1.3,10.0
1743077652.469000,45.324780,6.540776,1853.903715,165.0,10.739871,1.3,10.0
1743077653.469000,45.324692,6.540808,1853.329646,161.0,10.499597,1.3,10.0
1743077655.469000,45.324526,6.540888,1852.318752,164.0,9.922628,1.3,9.9
1743077657.469000,45.324355,6.540963,1850.625973,149.0,10.064369,1.3,9.9
1743077659.470000,45.324202,6.541077,1846.960233,160.0,9.237803,1.3,9.9
1743077661.469000,45.324045,6.541112,1845.785395,181.0,8.472674,1.3,9.9
1743077663.469000,45.323897,6.541089,1845.291956,191.0,8.226994,1.3,9.9
1743077665.470000,45.323760,6.541022,1843.278366,206.0,8.668651,1.3,9.9
1743077667.469000,45.323618,6.540942,1842.045423,196.0,8.871233,1.3,9.9
1743077669.469000,45.323466,6.540876,1840.041738,204.0,8.720026,1.3,9.9
1743077671.469000,45.323374,6.540709,1838.133660,260.0,8.546552,1.3,9.9
1743077673.469000,45.323382,6.540506,1835.880801,288.0,8.261759,1.3,9.9
1743077675.470000,45.323368,6.540335,1833.850173,281.0,6.047303,1.3,9.9
1743077677.469000,45.323432,6.540244,1832.569881,299.1,5.143665,1.3,9.9
1743077688.470000,45.323438,6.540097,1829.009350,236.0,3.224812,1.4,9.9
1743077706.470000,45.323453,6.539919,1826.243765,285.5,4.876804,1.7,9.9
1743077708.468000,45.323516,6.539769,1823.445111,301.8,6.659025,1.6,9.9
1743077710.469000,45.323621,6.539590,1820.900024,308.6,8.610175,1.6,9.9
1743077711.469000,45.323685,6.539489,1816.791432,313.0,10.487776,1.7,9.9
1743077712.469000,45.323750,6.539385,1815.682725,310.0,10.914464,1.7,9.9
1743077713.469000,45.323811,6.539281,1813.715162,305.0,10.198304,1.7,9.9
1743077715.470000,45.323887,6.539106,1813.608785,303.9,7.271791,1.7,9.9
1743077717.469000,45.323976,6.539006,1812.454118,316.3,6.307123,1.7,9.9
1743077719.469000,45.324032,6.538895,1810.434297,305.0,4.946121,1.7,9.9
1743077722.469000,45.324102,6.538754,1810.473941,307.7,4.487556,1.7,9.9
1743077725.470000,45.324191,6.538634,1808.877561,312.9,4.556667,1.6,10.0
1743077728.470000,45.324253,6.538502,1808.422594,299.0,3.799730,1.6,10.3
1743077731.469000,45.324322,6.538379,1808.310411,307.0,3.458605,1.7,10.3
1743077751.469000,45.324332,6.538308,1811.780109,-1.0,0.000000,1.4,9.9
1743079585.463000,45.324653,6.537746,1820.497180,294.2,0.622794,1.0,3.8
1743079595.464000,45.324725,6.537650,1819.416037,304.1,4.507139,1.1,3.8
1743079597.465000,45.324766,6.537531,1817.996121,299.0,5.492901,1.1,3.8
1743079599.464000,45.324777,6.537355,1816.000000,266.1,6.184618,1.1,3.8
1743079601.465000,45.324766,6.537182,1812.952808,255.2,7.283748,1.1,4.0
1743079603.464000,45.324736,6.536987,1810.325757,252.2,8.288020,1.1,4.0
1743079605.464000,45.324646,6.536800,1807.541582,231.2,9.184863,1.1,3.8
1743079607.464000,45.324539,6.536626,1805.301821,225.1,8.902025,1.2,3.8
1743079609.464000,45.324441,6.536508,1802.625357,218.0,6.791063,1.2,3.8
1743079611.464000,45.324322,6.536398,1799.923212,207.0,8.933906,1.2,3.8
1743079613.464000,45.324167,6.536302,1796.282028,200.0,10.177644,1.2,3.8
1743079615.464000,45.323998,6.536218,1792.311584,194.0,10.555388,1.2,3.8
1743079617.464000,45.323827,6.536155,1789.996338,193.0,9.995914,1.2,3.8
1743079619.465000,45.323667,6.536089,1788.938406,196.0,8.738752,1.2,3.8
1743079621.464000,45.323506,6.536024,1787.338192,194.0,9.694566,1.3,3.8
1743079623.464000,45.323334,6.535986,1784.852574,187.0,10.292196,1.2,3.8
1743079624.465000,45.323241,6.535970,1783.861110,187.0,11.005881,1.2,3.8
1743079625.464000,45.323145,6.535950,1782.261840,188.0,10.693064,1.3,3.8
1743079626.464000,45.323054,6.535932,1780.411240,188.0,10.249199,1.3,4.8
1743079628.464000,45.322881,6.535887,1777.980514,193.0,9.812599,1.3,6.9
1743079630.464000,45.322702,6.535850,1776.712525,184.0,10.295566,1.3,9.9
1743079631.464000,45.322612,6.535838,1775.193894,186.9,10.069681,1.3,9.9
1743079633.464000,45.322437,6.535812,1772.975433,183.9,9.825191,1.3,9.9
1743079634.464000,45.322347,6.535803,1771.101050,181.1,10.028224,1.3,9.9
1743079635.463000,45.322256,6.535807,1770.124703,177.1,10.304029,1.3,9.9
1743079636.465000,45.322162,6.535816,1769.451313,175.1,10.430293,1.4,9.9
1743079637.464000,45.322068,6.535829,1767.353511,172.1,10.357942,1.3,9.9
1743079639.464000,45.321893,6.535878,1766.337652,166.0,10.586575,1.3,9.9
1743079640.463000,45.321797,6.535903,1764.279892,168.9,11.087674,1.4,9.9
1743079641.464000,45.321698,6.535925,1762.776332,170.0,11.166397,1.4,9.9
1743079642.464000,45.321596,6.535944,1760.271411,171.0,11.181403,1.4,9.9
1743079643.464000,45.321495,6.535972,1759.612308,165.0,11.492618,1.4,9.9
1743079644.465000,45.321394,6.536014,1758.373410,161.0,12.057151,1.4,9.9
1743079645.465000,45.321290,6.536058,1756.686221,163.0,12.056308,1.4,9.9
1743079646.465000,45.321187,6.536095,1755.118371,165.0,11.542924,1.4,9.9
1743079647.465000,45.321089,6.536136,1752.009894,162.0,11.704684,1.4,9.9
1743079648.464000,45.320990,6.536145,1751.233111,182.7,11.267544,1.4,9.9
1743079649.465000,45.320891,6.536110,1750.179293,195.8,11.302652,1.4,10.0
1743079650.463000,45.320791,6.536073,1749.165461,190.2,11.618638,1.4,10.1
1743079651.464000,45.320694,6.536047,1748.244309,190.9,10.812957,1.4,10.4
1743079653.465000,45.320549,6.535934,1748.061692,192.1,8.228976,1.5,10.8
1743079655.464000,45.320411,6.535887,1747.415163,183.0,7.781684,1.5,10.7
1743079657.464000,45.320292,6.535940,1747.415163,141.0,6.808315,1.5,10.2
1743079659.464000,45.320197,6.536021,1746.901647,146.0,6.342251,1.5,10.0
1743079661.464000,45.320106,6.536100,1745.888201,151.0,6.066026,1.5,9.9
1743079663.465000,45.320011,6.536175,1745.638232,153.0,5.994061,1.5,9.9
1743079665.464000,45.319922,6.536238,1744.414194,151.0,5.442999,1.6,9.9
1743079667.464000,45.319835,6.536291,1744.150776,157.0,4.980209,1.6,9.9
1743079670.463000,45.319720,6.536369,1743.704530,155.9,4.375799,1.0,9.9
1743079673.464000,45.319605,6.536402,1743.191246,169.0,4.218223,1.0,9.9
1743079676.464000,45.319504,6.536436,1742.282665,164.9,4.072357,1.1,9.9
1743079679.464000,45.319378,6.536455,1741.796432,171.1,4.422929,1.1,7.0
1743079682.464000,45.319270,6.536465,1740.572941,179.0,4.539905,1.1,4.5
1743079685.464000,45.319166,6.536469,1740.230652,175.0,3.788068,1.2,4.6
1743079688.463000,45.319075,6.536463,1739.797190,186.0,3.176850,1.2,3.9
1743079692.464000,45.318956,6.536450,1739.349624,185.0,3.573405,1.3,3.8
1743079695.464000,45.318852,6.536417,1737.851058,206.7,4.195415,1.2,3.8
1743079698.465000,45.318744,6.536325,1736.601810,233.0,5.147650,1.3,3.8
1743079700.464000,45.318721,6.536167,1734.400024,269.0,8.128921,1.2,3.8
1743079702.464000,45.318724,6.535974,1732.632512,275.0,7.966929,1.3,3.8
1743079704.465000,45.318748,6.535785,1730.927912,284.0,6.921820,1.3,3.8
1743079706.464000,45.318756,6.535631,1730.008069,262.4,4.899117,1.3,3.9
1743079709.464000,45.318774,6.535472,1729.653372,289.9,3.667909,1.3,4.0
1743079729.464000,45.318731,6.535399,1731.862025,-1.0,0.000000,1.2,3.8
1743079768.465000,45.318684,6.535416,1731.189080,163.0,1.308766,1.6,3.8
1743079775.464000,45.318584,6.535449,1730.618836,154.0,1.651424,1.6,3.8
1743079820.464000,45.318503,6.535508,1730.575872,209.8,0.245465,1.6,5.8
1743079833.465000,45.318403,6.535405,1729.577191,215.9,4.309506,1.7,9.9
1743079835.464000,45.318242,6.535209,1731.705540,217.7,5.008346,1.5,10.2
1743079836.464000,45.318157,6.535113,1734.400024,217.2,5.177052,1.6,10.5
1743079838.465000,45.318065,6.534979,1739.009307,219.3,4.976440,1.5,10.6
1743079840.465000,45.317989,6.534877,1745.289214,214.0,5.221730,1.5,10.3
1743079843.465000,45.317870,6.534767,1754.943145,217.8,6.745708,1.7,9.9
1743079845.464000,45.317797,6.534678,1758.566808,220.9,4.747078,2.0,9.9
1743079847.464000,45.317727,6.534596,1762.864166,218.2,5.853372,1.9,9.9
1743079849.465000,45.317651,6.534519,1766.042863,215.3,4.850827,1.7,9.9
1743079852.464000,45.317560,6.534390,1774.965073,219.0,4.853226,1.6,6.2
1743079855.464000,45.317458,6.534261,1781.279044,218.0,6.410843,1.5,3.8
1743079858.464000,45.317361,6.534141,1787.730026,220.0,5.711948,1.6,3.8
1743079861.465000,45.317262,6.534021,1794.344821,219.0,5.221900,1.7,3.8
1743079863.464000,45.317190,6.533936,1800.103964,219.9,5.534170,1.5,3.8
1743079865.464000,45.317121,6.533851,1803.110800,219.9,5.470881,1.4,3.8
1743079867.465000,45.317054,6.533764,1808.252474,220.0,5.375361,1.6,3.8
1743079870.464000,45.316952,6.533641,1816.064044,220.0,5.441757,1.8,3.8
1743079872.464000,45.316881,6.533559,1820.337085,218.0,5.537336,1.8,3.8
1743079875.464000,45.316779,6.533441,1827.920901,221.0,5.279251,1.5,3.8
1743079877.463000,45.316707,6.533354,1832.970975,219.0,5.626634,1.5,3.8
1743079880.464000,45.316608,6.533222,1839.793478,221.0,5.601720,1.6,3.8
1743079883.465000,45.316510,6.533105,1847.380374,206.2,5.390429,1.5,3.8
1743079886.464000,45.316402,6.532998,1854.600926,221.0,5.337273,1.5,3.8
1743079888.465000,45.316329,6.532920,1860.520444,217.0,5.662536,1.5,3.8
1743079891.464000,45.316227,6.532804,1868.326269,220.0,5.540839,1.6,3.8
1743079894.464000,45.316131,6.532686,1877.341870,218.0,5.390397,1.5,3.8
1743079897.464000,45.316040,6.532558,1885.109371,224.2,5.543252,1.6,3.8
1743079900.464000,45.315943,6.532444,1893.485947,221.0,5.368093,1.5,3.8
1743079903.464000,45.315846,6.532327,1902.099063,219.0,5.546029,1.9,3.8
1743079906.464000,45.315749,6.532207,1911.042439,221.0,5.509676,2.0,3.8
1743079908.464000,45.315672,6.532117,1915.967229,221.0,6.232686,1.9,3.8
1743079911.464000,45.315561,6.531998,1921.526404,220.0,6.314189,1.5,3.8
1743079913.463000,45.315490,6.531911,1925.610710,220.0,5.283947,1.6,3.8
1743079915.463000,45.315416,6.531826,1929.683557,219.0,5.533449,1.7,3.8
1743079917.463000,45.315347,6.531744,1933.099270,220.0,5.363465,1.7,3.8
1743079919.463000,45.315277,6.531658,1937.081384,219.0,5.645483,1.9,3.8
1743079921.463000,45.315205,6.531573,1940.836587,220.0,5.452944,2.0,3.8
1743079924.464000,45.315102,6.531457,1947.543380,220.0,5.470423,2.0,3.8
1743079926.463000,45.315033,6.531374,1952.327278,219.0,5.377341,1.8,3.8
1743079928.463000,45.314959,6.531288,1957.114496,220.0,5.683529,2.0,3.8
1743079931.463000,45.314856,6.531167,1963.294218,219.0,5.318900,1.8,3.8
1743079933.464000,45.314787,6.531084,1967.641129,220.0,5.412051,2.0,3.8
1743079935.463000,45.314714,6.531004,1971.720416,219.0,5.624086,1.9,3.8
1743079937.464000,45.314642,6.530922,1975.966862,221.0,5.487614,2.0,3.8
1743079939.462000,45.314572,6.530841,1982.511471,218.0,5.466351,2.1,3.8
1743079942.464000,45.314470,6.530717,1988.384200,220.0,5.495359,2.0,3.8
1743079944.462000,45.314401,6.530634,1994.193477,219.0,5.575286,2.0,3.8
1743079947.463000,45.314302,6.530512,2002.107705,219.0,5.444036,1.8,5.8
1743079950.463000,45.314204,6.530390,2010.328078,220.0,5.990793,2.1,8.9
1743079952.462000,45.314125,6.530297,2012.486641,219.0,5.867802,2.1,9.9
1743079954.463000,45.314059,6.530209,2015.751101,220.0,5.824885,2.0,9.9
1743079956.463000,45.313990,6.530119,2019.241544,219.0,5.098058,1.9,9.9
1743079958.463000,45.313926,6.530026,2022.054560,220.0,5.740257,2.0,9.9
1743079960.462000,45.313856,6.529937,2024.671433,219.0,5.441073,2.0,9.9
1743079962.463000,45.313783,6.529855,2028.179502,220.0,5.457694,2.0,9.9
1743079964.463000,45.313713,6.529773,2031.185469,219.0,5.266052,2.1,9.9
1743079966.463000,45.313643,6.529689,2034.900214,220.0,5.488134,2.2,9.9
1743079968.463000,45.313571,6.529602,2038.616563,219.0,5.693350,2.1,9.9
1743079970.464000,45.313503,6.529514,2042.470873,220.0,5.432073,2.7,9.9
1743079972.463000,45.313432,6.529429,2046.367503,219.0,5.404177,2.5,9.9
1743079974.464000,45.313362,6.529345,2049.985564,219.0,5.634786,2.2,9.9
1743079976.464000,45.313289,6.529254,2052.535640,220.0,5.486062,2.2,9.9
1743079978.464000,45.313214,6.529169,2057.105696,219.0,5.427598,1.5,9.9
1743079980.463000,45.313145,6.529085,2060.457198,220.0,5.235140,1.5,9.9
1743079983.463000,45.313041,6.528961,2066.559646,220.0,5.992147,1.8,9.9
1743079985.463000,45.312963,6.528864,2068.199330,219.0,5.888254,2.1,9.9
1743079987.462000,45.312894,6.528771,2069.715882,219.0,5.508389,1.8,9.9
1743079989.463000,45.312816,6.528684,2071.274080,219.0,5.304863,1.7,9.9
1743079991.463000,45.312738,6.528607,2073.310506,220.0,5.722547,1.5,9.9
1743079993.463000,45.312664,6.528520,2074.404675,219.0,5.465329,1.5,9.9
1743079995.463000,45.312590,6.528435,2075.703305,220.0,5.243697,1.6,9.9
1743079997.463000,45.312513,6.528356,2079.986207,220.0,5.166239,1.6,7.9
1743079999.462000,45.312437,6.528265,2081.751381,219.0,5.651985,1.5,5.0
1743080001.463000,45.312361,6.528171,2082.885700,220.0,5.689643,1.8,3.8
1743080003.462000,45.312287,6.528088,2085.474667,219.0,5.409735,1.8,3.8
1743080005.463000,45.312215,6.528006,2088.019657,220.0,5.266630,2.0,3.8
1743080007.463000,45.312141,6.527920,2089.663438,219.0,5.630847,1.9,3.8
1743080009.464000,45.312068,6.527836,2091.937029,219.9,5.508747,1.6,3.8
1743080011.464000,45.311997,6.527756,2095.376985,216.1,5.402999,2.0,3.8
1743080013.463000,45.311928,6.527669,2097.749997,214.0,5.311182,2.1,3.8
1743080015.463000,45.311852,6.527574,2100.053155,219.0,5.627362,2.1,3.8
1743080017.463000,45.311778,6.527474,2102.535766,216.0,5.867028,1.9,3.8
1743080019.463000,45.311700,6.527392,2105.719271,219.0,5.136046,2.0,3.8
1743080021.463000,45.311621,6.527310,2107.997085,219.0,5.403994,2.2,3.8
1743080023.463000,45.311540,6.527219,2110.604652,219.0,5.685099,1.7,3.8
1743080025.463000,45.311463,6.527123,2115.549884,220.0,5.524960,1.7,3.8
1743080027.463000,45.311390,6.527036,2117.074793,219.0,5.370957,1.8,3.8
1743080029.463000,45.311320,6.526956,2119.672390,220.0,5.304702,1.6,3.8
1743080031.462000,45.311249,6.526865,2122.752139,219.0,5.754007,1.5,3.8
1743080033.463000,45.311170,6.526775,2124.965971,220.0,5.449607,1.5,3.8
1743080035.463000,45.311099,6.526692,2129.904660,220.0,5.365451,1.4,3.8
1743080037.462000,45.311026,6.526607,2132.121005,220.0,5.323007,1.3,3.8
1743080039.463000,45.310954,6.526519,2135.975770,219.0,5.703464,1.4,3.8
1743080041.464000,45.310882,6.526427,2139.859844,219.0,5.533544,1.7,3.8
1743080043.463000,45.310809,6.526344,2142.106346,220.0,5.265670,1.9,3.8
1743080045.463000,45.310737,6.526262,2146.834057,220.0,5.364817,2.0,3.8
1743080047.462000,45.310667,6.526170,2150.737185,220.0,5.743478,1.9,3.8
1743080049.464000,45.310595,6.526080,2153.301487,220.0,5.579057,1.8,3.8
1743080051.463000,45.310526,6.525997,2158.739763,220.0,5.554459,1.6,3.8
1743080053.463000,45.310454,6.525916,2162.758167,220.0,5.437223,1.6,3.8
1743080055.463000,45.310380,6.525835,2164.885802,219.0,5.624536,1.6,3.8
1743080057.462000,45.310309,6.525747,2169.778526,219.0,5.519462,1.5,3.8
1743080059.462000,45.310240,6.525663,2174.024292,220.0,5.297379,1.4,3.8
1743080062.464000,45.310138,6.525546,2179.436679,220.0,5.512314,1.5,3.8
1743080064.464000,45.310062,6.525461,2183.728543,219.0,5.601237,1.7,3.8
1743080066.463000,45.309989,6.525376,2187.939341,220.0,5.394525,1.6,3.8
1743080069.463000,45.309887,6.525258,2196.156508,219.0,5.497721,2.1,3.8
1743080072.464000,45.309787,6.525134,2202.580220,219.0,5.604415,2.0,3.8
1743080075.463000,45.309689,6.525008,2210.896915,220.0,5.269700,1.7,6.2
1743080078.463000,45.309593,6.524885,2217.748449,220.0,5.662705,1.6,8.9
1743080080.463000,45.309523,6.524802,2223.730376,220.0,5.700121,1.5,9.9
1743080082.463000,45.309455,6.524717,2227.947217,219.0,5.433035,1.5,9.9
1743080085.464000,45.309355,6.524603,2237.152494,220.0,5.438358,1.7,9.9
1743080088.463000,45.309255,6.524483,2245.293603,219.0,5.656798,1.5,9.9
1743080091.463000,45.309154,6.524365,2254.334263,220.0,5.364549,1.7,9.9
1743080094.464000,45.309058,6.524252,2262.214443,220.0,5.713693,1.6,9.9
1743080097.463000,45.308950,6.524140,2270.477676,219.3,5.667906,1.7,9.9
1743080100.464000,45.308862,6.524021,2276.522427,222.0,5.362275,1.8,9.9
1743080103.462000,45.308765,6.523902,2287.643918,220.6,5.832461,1.8,9.9
1743080106.464000,45.308672,6.523782,2295.650772,220.0,5.422647,1.7,10.1
1743080109.463000,45.308581,6.523675,2304.590437,218.5,5.347622,1.8,10.1
1743080112.463000,45.308483,6.523557,2315.242323,219.8,5.788049,2.0,9.9
1743080115.463000,45.308389,6.523444,2323.628461,220.0,5.333365,1.8,9.9
1743080118.463000,45.308299,6.523334,2334.485360,219.0,5.656672,1.9,9.9
1743080121.463000,45.308198,6.523212,2342.281841,219.9,6.147559,1.6,9.9
1743080124.464000,45.308104,6.523095,2351.187079,219.0,5.719254,1.5,9.9
1743080127.463000,45.308007,6.522976,2357.543461,220.0,5.786434,1.9,9.9
1743080129.463000,45.307940,6.522889,2364.116523,219.0,5.737774,1.9,9.9
1743080132.462000,45.307842,6.522767,2371.713932,220.0,5.364141,2.1,9.9
1743080134.463000,45.307771,6.522687,2378.198936,219.0,5.675001,2.0,9.9
1743080137.463000,45.307670,6.522568,2385.682869,220.0,5.811503,1.8,9.9
1743080140.464000,45.307576,6.522458,2394.448139,220.0,5.132900,2.0,9.9
1743080143.463000,45.307474,6.522350,2403.535189,220.0,5.631552,1.9,9.9
1743080146.463000,45.307371,6.522233,2412.262439,219.9,5.611290,2.2,9.9
1743080149.462000,45.307274,6.522121,2422.493093,220.0,5.421684,1.5,9.9
1743080152.463000,45.307170,6.522003,2429.258607,221.3,5.639487,1.7,9.9
1743080155.464000,45.307067,6.521887,2438.525313,220.0,5.346075,1.7,9.9
1743080158.463000,45.306972,6.521772,2448.273364,220.4,5.561705,1.8,9.9
1743080161.463000,45.306870,6.521652,2457.260442,218.7,5.558450,1.8,9.9
1743080164.463000,45.306781,6.521534,2467.087067,220.8,5.517983,2.1,9.9
1743080167.462000,45.306693,6.521419,2476.452010,221.5,5.537288,2.3,9.9
1743080170.463000,45.306596,6.521293,2485.511317,220.8,5.984307,2.3,9.9
1743080173.463000,45.306498,6.521171,2493.905798,222.0,6.002872,2.0,6.2
1743080176.463000,45.306399,6.521046,2500.785275,221.2,5.797321,2.1,3.8
1743080178.462000,45.306326,6.520965,2506.951325,219.4,5.749755,1.5,3.8
1743080181.463000,45.306229,6.520848,2514.114573,220.0,5.521389,1.5,3.8
1743080184.463000,45.306130,6.520728,2520.808424,220.0,5.644946,1.3,3.8
1743080187.463000,45.306036,6.520610,2529.338101,220.4,5.554798,1.4,3.8
1743080190.463000,45.305937,6.520491,2537.919931,217.6,5.414265,1.4,3.8
1743080193.463000,45.305839,6.520374,2546.422877,216.4,5.562935,1.4,3.8
1743080195.464000,45.305769,6.520265,2550.829923,219.8,6.177949,1.4,3.8
1743080198.463000,45.305658,6.520143,2556.510844,221.0,6.159620,2.0,3.8
1743080200.463000,45.305583,6.520055,2559.421946,219.9,5.739668,1.7,3.8
1743080202.463000,45.305511,6.519976,2563.285872,220.4,5.569792,2.0,3.8
1743080204.462000,45.305439,6.519894,2567.917946,215.8,5.533310,1.9,3.8
1743080206.464000,45.305368,6.519808,2569.018899,219.3,5.593085,2.2,3.8
1743080208.463000,45.305292,6.519730,2570.959521,219.1,5.660245,2.2,3.8
1743080210.464000,45.305213,6.519637,2572.698249,218.5,5.580678,1.6,3.8
1743080212.463000,45.305138,6.519546,2574.813775,215.1,5.419062,1.5,3.8
1743080214.462000,45.305065,6.519454,2576.263104,219.0,5.552141,1.8,3.8
1743080216.463000,45.304993,6.519366,2578.567814,219.8,5.666333,1.8,3.8
1743080218.463000,45.304910,6.519272,2579.282179,220.4,5.631182,1.9,3.8
1743080220.463000,45.304834,6.519180,2578.919700,220.5,5.499982,1.9,3.8
1743080222.463000,45.304759,6.519093,2579.108017,220.0,5.476560,1.8,3.8
1743080224.463000,45.304682,6.519001,2579.774948,219.0,5.740974,1.6,3.8
1743080226.464000,45.304607,6.518910,2579.760788,219.0,5.442194,1.6,3.8
1743080228.463000,45.304535,6.518831,2579.673702,221.0,5.410751,1.5,3.8
1743080230.463000,45.304466,6.518744,2579.905934,223.0,5.480019,1.5,3.8
1743080232.463000,45.304387,6.518654,2580.336405,219.0,5.541478,1.8,3.8
1743080234.463000,45.304309,6.518564,2580.790313,222.0,5.462156,1.8,6.2
1743080236.463000,45.304234,6.518474,2581.703819,222.0,5.416659,1.8,7.9
1743080238.463000,45.304158,6.518389,2582.120939,217.0,5.445350,1.6,9.9
1743080240.464000,45.304082,6.518304,2582.584838,216.0,5.595836,1.7,9.9
1743080242.463000,45.304006,6.518214,2583.208838,215.0,5.460753,2.2,9.9
1743080244.463000,45.303931,6.518127,2584.122608,213.0,5.437913,1.9,9.9
1743080246.463000,45.303854,6.518041,2585.022307,214.0,5.490666,1.9,9.9
1743080248.463000,45.303779,6.517947,2585.679052,214.0,5.553085,1.7,9.9
1743080250.463000,45.303700,6.517855,2585.867518,215.0,5.451048,1.7,9.9
1743080252.463000,45.303624,6.517764,2587.390980,215.0,5.356897,1.5,9.9
1743080254.463000,45.303552,6.517678,2588.421419,216.0,5.444906,1.6,9.9
1743080256.464000,45.303474,6.517585,2589.524990,218.0,5.560441,1.5,9.9
1743080258.464000,45.303397,6.517495,2590.715191,219.0,5.505399,1.4,9.9
1743080260.463000,45.303323,6.517406,2591.848127,220.0,5.369045,1.9,9.9
1743080262.463000,45.303248,6.517317,2593.242168,219.0,5.592550,1.9,9.9
1743080264.463000,45.303171,6.517228,2594.360542,221.0,5.524158,1.9,9.9
1743080266.463000,45.303096,6.517138,2596.045116,219.0,5.381430,1.5,9.9
1743080268.463000,45.303020,6.517050,2597.716538,220.0,5.271315,1.8,9.9
1743080270.462000,45.302944,6.516964,2599.125724,219.0,5.638112,1.9,9.9
1743080272.462000,45.302867,6.516869,2600.259767,220.0,5.559026,1.9,9.9
1743080274.463000,45.302792,6.516777,2601.669370,219.0,5.528004,1.8,9.9
1743080276.463000,45.302722,6.516689,2602.614202,220.0,5.395236,1.6,9.9
1743080278.464000,45.302650,6.516602,2603.690486,219.0,5.438847,1.7,9.9
1743080280.464000,45.302575,6.516511,2604.751993,218.0,5.567700,1.4,9.9
1743080282.464000,45.302501,6.516417,2606.148128,219.0,5.430641,1.4,9.9
1743080284.463000,45.302427,6.516326,2607.690105,220.0,5.466660,1.6,9.9
1743080286.464000,45.302357,6.516238,2609.901630,220.0,5.375918,1.6,9.9
1743080288.463000,45.302282,6.516150,2612.069661,219.0,5.526507,1.6,9.9
1743080290.463000,45.302206,6.516059,2613.612700,218.0,5.570319,1.5,9.9
1743080292.462000,45.302136,6.515972,2615.229243,220.0,5.432383,1.6,9.9
1743080294.463000,45.302065,6.515886,2617.194527,219.0,5.496140,1.7,9.9
1743080296.463000,45.301991,6.515797,2618.956838,199.4,5.537498,1.6,9.9
1743080298.463000,45.301924,6.515703,2621.215372,219.0,5.436285,1.5,9.9
1743080300.464000,45.301852,6.515609,2623.298729,220.0,5.493363,1.5,9.9
1743080302.463000,45.301779,6.515522,2625.791878,220.0,5.388244,1.5,9.9
1743080304.462000,45.301704,6.515432,2627.993111,220.0,5.634143,1.7,9.9
1743080306.463000,45.301624,6.515339,2629.407979,219.0,5.633882,1.6,9.9
1743080308.463000,45.301551,6.515256,2630.749719,220.0,5.430478,1.8,9.9
1743080310.463000,45.301473,6.515166,2631.789421,220.0,5.422157,1.9,9.9
1743080312.463000,45.301396,6.515078,2633.244317,220.0,5.628380,1.9,9.9
1743080314.463000,45.301319,6.514988,2635.185218,220.0,5.468328,2.0,9.9
1743080316.463000,45.301243,6.514899,2636.338281,220.0,5.445003,2.0,9.9
1743080318.462000,45.301170,6.514811,2638.001872,220.0,5.465451,2.0,9.9
1743080320.463000,45.301093,6.514721,2639.988053,219.0,5.613640,1.6,9.9
1743080322.463000,45.301016,6.514629,2641.097549,220.0,5.430535,1.6,9.9
1743080324.463000,45.300945,6.514540,2643.434660,220.0,5.421939,1.6,9.9
1743080326.463000,45.300871,6.514454,2644.954087,220.0,5.446247,1.6,9.9
1743080328.463000,45.300798,6.514370,2646.956147,213.0,5.431315,1.5,9.9
1743080330.463000,45.300723,6.514282,2649.381931,218.9,5.497846,1.5,9.9
1743080332.463000,45.300654,6.514188,2651.560654,219.0,5.357780,1.5,9.9
1743080334.463000,45.300582,6.514100,2653.300744,219.1,5.430997,1.4,9.9
1743080336.463000,45.300504,6.514013,2656.504088,219.0,5.646447,1.3,9.9
1743080338.462000,45.300428,6.513928,2658.684615,219.0,5.274669,1.4,9.9
1743080341.463000,45.300320,6.513820,2664.452246,218.7,5.125608,1.6,9.9
1743080343.462000,45.300249,6.513743,2668.789535,220.0,5.310464,1.7,9.9
1743080345.461000,45.300176,6.513663,2674.036493,219.0,5.432980,2.0,9.9
1743080347.462000,45.300106,6.513576,2678.333338,219.0,5.382338,2.0,8.9
1743080349.463000,45.300034,6.513490,2682.030443,219.3,5.421555,1.9,6.2
1743080351.463000,45.299962,6.513408,2686.595097,220.0,5.418233,2.2,4.8
1743080353.462000,45.299890,6.513320,2691.852932,220.0,5.601294,2.2,3.8
1743080355.462000,45.299821,6.513238,2696.467302,220.0,5.363564,1.9,3.8
1743080358.462000,45.299720,6.513113,2705.187003,220.0,5.657429,1.9,3.8
1743080361.462000,45.299619,6.512996,2711.707873,219.0,5.636878,1.9,3.8
1743080364.462000,45.299518,6.512878,2720.102395,220.0,5.424776,1.6,3.8
1743080367.462000,45.299415,6.512762,2728.761099,219.0,5.520395,1.4,3.8
1743080370.462000,45.299316,6.512640,2737.543793,220.0,5.654333,1.5,3.8
1743080373.462000,45.299223,6.512522,2744.426358,221.0,5.537707,1.5,3.8
1743080375.462000,45.299154,6.512440,2749.941260,219.0,5.558900,1.5,3.8
1743080378.463000,45.299056,6.512312,2758.464220,220.0,5.561985,1.5,3.8
1743080381.462000,45.298956,6.512195,2765.795981,219.0,5.451385,1.5,3.8
1743080384.463000,45.298858,6.512073,2773.370789,224.0,5.585093,1.5,3.8
1743080387.462000,45.298761,6.511945,2783.922214,220.0,5.444836,1.2,3.8
1743080390.462000,45.298663,6.511822,2791.319985,219.1,6.276189,1.4,3.8
1743080392.462000,45.298585,6.511730,2794.708736,219.3,5.951619,1.4,3.8
1743080394.463000,45.298517,6.511646,2798.768429,232.0,5.623493,1.4,3.8
1743080396.462000,45.298442,6.511556,2800.985332,220.0,5.645275,1.4,3.8
1743080398.462000,45.298369,6.511477,2807.793778,217.2,5.429853,1.8,3.8
1743080401.462000,45.298268,6.511354,2813.871213,219.0,5.715725,2.1,3.8
1743080403.461000,45.298195,6.511275,2818.112217,205.9,5.308959,2.2,3.8
1743080406.462000,45.298093,6.511158,2825.897194,224.5,5.484074,2.1,3.8
1743080408.463000,45.298017,6.511066,2828.881969,219.1,5.908736,2.2,3.8
1743080410.461000,45.297944,6.510982,2829.971641,220.0,5.455523,1.8,3.8
1743080412.462000,45.297870,6.510898,2832.898038,219.1,5.525844,1.8,3.8
1743080414.462000,45.297797,6.510812,2835.900561,219.9,5.337197,1.6,3.8
1743080416.462000,45.297725,6.510726,2840.054188,219.9,5.407886,1.6,3.8
1743080418.462000,45.297650,6.510632,2841.683938,220.0,5.489788,1.6,3.8
1743080420.462000,45.297576,6.510547,2844.733342,219.0,5.344778,1.5,3.8
1743080422.462000,45.297504,6.510460,2847.665498,219.5,5.427937,1.4,3.8
1743080424.462000,45.297432,6.510375,2850.313695,220.0,5.472384,1.4,3.8
1743080426.462000,45.297354,6.510288,2852.887429,221.4,5.696756,1.4,3.8
1743080428.462000,45.297273,6.510197,2853.540225,216.1,5.473850,1.7,3.8
1743080430.462000,45.297196,6.510110,2854.918164,219.0,5.387153,1.6,3.8
1743080432.462000,45.297122,6.510023,2855.546899,220.0,5.439723,1.6,3.8
1743080434.463000,45.297044,6.509931,2857.493345,218.1,5.708670,1.6,3.8
1743080436.463000,45.296968,6.509842,2859.155704,218.6,5.347139,1.7,3.8
1743080438.463000,45.296888,6.509746,2859.710139,217.6,5.500223,1.7,3.8
1743080441.462000,45.296811,6.509647,2861.328299,222.4,3.724972,1.7,3.9
1743080455.462000,45.296727,6.509695,2861.198495,181.7,0.485893,1.7,4.5
1743080482.463000,45.296721,6.509559,2861.588433,214.8,0.756386,1.6,11.4
1743080501.462000,45.296786,6.509464,2862.212045,307.5,0.267359,1.8,12.1
1743080557.237000,45.296812,6.509428,2865.115100,292.4,0.088340,21.0,117.2
1743080567.800000,45.296816,6.509421,2865.664897,145.9,0.088340,21.0,110.0
1743080681.462000,45.296867,6.509348,2871.580935,-1.0,0.099472,2.3,3.6
1743080696.463000,45.296879,6.509212,2793.000244,273.6,0.798220,1.0,4.3
1743080701.463000,45.296854,6.509088,2870.827961,263.9,1.503806,1.4,4.2
1743080720.463000,45.296866,6.508960,2793.000244,-1.0,8.300436,0.9,3.8
1743080737.478000,45.296838,6.508924,2792.772511,221.3,0.250116,21.0,64.1
1743080742.881000,45.296837,6.508925,2792.700195,-1.0,0.014213,1.1,4.4
1743080763.463000,45.296838,6.508931,2792.700195,-1.0,0.000000,1.3,4.2
1743080783.462000,45.296837,6.508931,2792.700195,346.8,0.000000,1.1,3.9
1743080803.463000,45.296833,6.508940,2793.000244,32.4,0.005001,1.1,3.8
1743080825.462000,45.296898,6.508804,2792.700195,295.0,2.197213,1.3,3.8
1743080830.463000,45.296963,6.508650,2792.700195,297.0,3.258700,1.6,3.8
1743080833.462000,45.297011,6.508522,2792.700195,298.0,3.849198,7.1,3.9
1743080836.462000,45.297055,6.508375,2792.700195,293.0,4.040018,7.1,3.8
1743080840.462000,45.297100,6.508233,2792.700195,288.0,2.210032,7.1,3.8
1743080844.462000,45.297127,6.508085,2788.867920,282.0,3.917270,2.5,3.8
1743080847.462000,45.297143,6.507959,2788.919434,272.0,3.179385,2.5,3.8
1743080851.461000,45.297154,6.507822,2786.389404,277.0,3.502939,2.5,3.8
1743080854.462000,45.297155,6.507676,2784.932373,267.0,3.559232,2.5,3.8
1743080858.462000,45.297155,6.507518,2785.116943,266.0,2.964622,2.5,3.8
1743080861.461000,45.297140,6.507356,2784.049561,260.0,5.452698,2.5,3.8
1743080863.462000,45.297120,6.507216,2782.731201,261.1,5.548724,2.5,3.8
1743080865.462000,45.297107,6.507057,2781.963379,263.7,6.077724,2.5,3.8
1743080867.462000,45.297102,6.506884,2780.638916,267.4,6.632333,2.5,3.8
1743080869.462000,45.297133,6.506713,2779.738770,284.8,6.936302,2.5,3.8
1743080871.462000,45.297200,6.506563,2778.773926,307.9,6.947049,2.5,3.8
1743080873.462000,45.297299,6.506429,2777.112305,311.5,7.524997,2.5,3.8
1743080875.462000,45.297422,6.506289,2774.489990,305.2,8.434729,2.5,3.8
1743080877.461000,45.297543,6.506122,2771.565186,315.5,9.254561,2.5,3.8
1743080879.463000,45.297693,6.506006,2768.921387,326.3,9.470478,2.5,3.8
1743080881.462000,45.297864,6.505926,2763.951660,336.9,10.677836,2.5,3.8
1743080882.462000,45.297959,6.505909,2761.937012,354.8,10.858232,2.5,3.8
1743080883.462000,45.298050,6.505859,2758.711670,333.9,11.271194,2.5,3.8
1743080884.462000,45.298147,6.505827,2756.970215,350.3,11.378411,2.5,3.8
1743080885.462000,45.298232,6.505768,2753.458008,327.8,10.946557,2.5,3.8
1743080887.462000,45.298334,6.505560,2749.620605,313.0,10.344202,2.5,3.8
1743080888.462000,45.298420,6.505503,2747.013184,344.5,11.564653,2.5,3.8
1743080889.462000,45.298506,6.505438,2743.371338,324.3,11.385527,2.5,3.8
1743080890.462000,45.298564,6.505321,2740.126221,299.7,11.910140,2.5,3.8
1743080891.462000,45.298617,6.505184,2736.918213,300.0,13.168439,2.5,3.8
1743080892.462000,45.298692,6.505060,2733.562500,309.6,13.112905,2.5,3.8
1743080893.462000,45.298800,6.504963,2729.613770,326.4,14.251881,2.5,3.8
1743080894.462000,45.298886,6.504833,2726.049072,305.7,14.365499,2.5,3.8
1743080895.462000,45.298961,6.504694,2721.774170,306.0,14.416436,2.5,3.8
1743080896.462000,45.299060,6.504592,2717.767090,331.3,14.727716,2.5,3.8
1743080897.463000,45.299156,6.504479,2714.352783,308.6,13.910575,2.5,3.8
1743080898.463000,45.299208,6.504330,2711.702637,290.3,13.521882,2.5,3.8
1743080899.462000,45.299272,6.504213,2708.476807,317.6,11.714245,2.5,3.8
1743080900.462000,45.299358,6.504154,2707.065430,319.7,11.192705,2.5,3.8
1743080901.463000,45.299452,6.504206,2703.949951,7.8,9.875040,2.5,3.8
1743080902.462000,45.299530,6.504281,2700.708740,37.9,9.917321,2.5,3.8
1743080904.462000,45.299612,6.504481,2694.948242,70.9,10.034325,2.5,3.8
1743080905.462000,45.299668,6.504589,2691.625732,44.5,11.932045,2.5,3.8
1743080906.463000,45.299730,6.504707,2686.959717,59.4,12.247981,2.5,3.8
1743080907.462000,45.299754,6.504861,2684.666748,83.6,13.311898,2.5,3.8
1743080908.462000,45.299786,6.505023,2680.199463,68.6,13.659052,2.5,3.8
1743080909.462000,45.299866,6.505165,2676.809326,44.0,14.960999,2.5,3.8
1743080910.463000,45.299960,6.505298,2672.495361,45.0,15.104328,2.5,3.8
1743080911.462000,45.300038,6.505461,2669.234131,60.3,16.230164,2.5,3.8
1743080912.462000,45.300113,6.505630,2665.744873,54.5,15.931317,2.5,3.8
1743080913.462000,45.300234,6.505662,2663.624526,46.5,13.877728,21.5,61.0
1743080914.462000,45.300356,6.505695,2661.504179,54.6,13.877728,21.5,61.0
1743080915.462000,45.300477,6.505727,2659.383832,57.5,13.877729,21.5,61.0
1743080916.462000,45.300598,6.505760,2657.263485,59.3,13.877729,21.5,61.0
1743080917.463000,45.300719,6.505792,2655.141018,58.8,13.877729,21.5,61.0
1743080918.461000,45.300840,6.505825,2653.024912,55.8,13.877729,21.5,61.0
1743080919.462000,45.300962,6.505857,2650.902444,52.6,13.877730,21.5,61.0
1743080920.462000,45.301083,6.505890,2648.782097,50.8,13.877730,21.5,61.0
1743080921.463000,45.301204,6.505922,2646.659630,49.2,13.877730,21.6,61.0
1743080922.463000,45.301326,6.505955,2644.539283,47.5,13.877731,21.6,61.0
1743080923.463000,45.301447,6.505988,2642.418936,46.3,13.877731,21.6,61.0
1743080924.462000,45.301568,6.506020,2640.300709,44.7,13.877731,21.6,61.0
1743080925.463000,45.301689,6.506053,2638.178242,43.1,13.877732,21.6,61.0
1743080926.463000,45.301811,6.506085,2636.057895,40.3,13.877732,21.6,61.0
1743080927.462000,45.301932,6.506118,2633.939669,34.1,13.877732,21.6,61.0
1743080928.462000,45.302053,6.506150,2631.819322,24.6,13.877732,21.0,61.0
1743080929.462000,45.302175,6.506183,2629.698975,352.0,12.016892,2.5,9.9
1743080930.462000,45.302282,6.506162,2627.223145,351.0,12.346438,2.5,9.9
1743080931.462000,45.302395,6.506133,2624.630371,348.2,13.258183,2.5,9.9
1743080932.462000,45.302511,6.506095,2622.811279,345.2,13.324111,2.5,9.9
1743080933.462000,45.302626,6.506050,2620.228516,344.0,13.800204,2.5,9.9
1743080934.462000,45.302744,6.506002,2618.108887,344.0,13.760940,2.5,9.9
1743080935.462000,45.302862,6.505954,2615.289795,343.2,13.783212,2.5,9.9
1743080936.462000,45.302980,6.505900,2612.797607,342.9,13.954788,2.5,9.9
1743080937.462000,45.303100,6.505842,2610.365234,341.1,14.080272,2.5,9.9
1743080938.462000,45.303220,6.505774,2607.490234,337.0,14.542951,2.5,9.9
1743080939.462000,45.303338,6.505699,2605.413086,336.0,14.521530,2.5,9.9
1743080940.463000,45.303456,6.505626,2604.088135,338.0,14.307464,2.5,9.9
1743080941.463000,45.303572,6.505561,2603.480957,339.0,13.141020,2.5,9.9
1743080942.462000,45.303678,6.505508,2602.916504,345.0,12.367042,2.5,9.9
1743080943.463000,45.303782,6.505475,2602.640381,349.9,11.940428,2.5,9.9
1743080944.462000,45.303879,6.505453,2602.057617,352.2,11.397709,2.5,9.9
1743080945.463000,45.303969,6.505437,2601.770264,352.5,10.665717,2.5,9.9
1743080947.462000,45.304126,6.505414,2601.534180,350.9,9.104216,2.5,9.9
1743080949.462000,45.304253,6.505395,2601.579346,356.8,7.659913,2.5,9.9
1743080951.462000,45.304348,6.505399,2600.508057,358.1,4.934559,2.5,9.9
1743080954.463000,45.304477,6.505399,2599.625732,357.1,4.837597,2.5,9.9
1743080957.462000,45.304606,6.505399,2598.490234,356.3,5.049275,2.5,9.9
1743080959.463000,45.304700,6.505385,2597.865967,355.9,5.069401,2.5,9.9
1743080961.463000,45.304791,6.505369,2597.042236,354.1,5.409208,2.5,9.9
1743080963.463000,45.304896,6.505353,2595.713135,352.2,5.948074,2.5,9.9
1743080965.462000,45.304996,6.505326,2595.857422,349.2,5.387410,2.5,9.9
1743080967.462000,45.305092,6.505304,2596.143311,350.7,5.361838,2.5,9.9
1743080969.462000,45.305183,6.505290,2594.922852,351.0,5.121507,2.5,9.9
1743080971.462000,45.305271,6.505264,2594.784668,351.1,5.163744,2.5,9.9
1743080973.462000,45.305366,6.505246,2594.588623,348.0,4.936569,2.5,9.9
1743080975.463000,45.305464,6.505226,2593.420898,351.3,5.440819,2.5,9.9
1743080977.462000,45.305573,6.505212,2592.366699,355.0,5.775798,2.5,9.9
1743080979.463000,45.305665,6.505202,2592.011963,1.4,5.038371,2.5,9.9
1743080982.462000,45.305777,6.505194,2591.218506,358.2,4.056033,2.5,9.9
1743080985.462000,45.305882,6.505185,2590.209961,359.0,3.913085,2.5,9.9
1743080989.846000,45.305974,6.505172,2590.597656,343.1,1.461112,2.5,9.1
1743080993.326000,45.306065,6.505121,2591.656982,319.9,1.485765,2.5,7.0
1743080997.380000,45.306155,6.505057,2591.011963,323.3,1.612925,2.5,4.9
1743080999.840000,45.306250,6.505040,2589.689453,354.1,2.113615,2.5,4.6
1743081002.462000,45.306334,6.504977,2589.786377,332.8,2.755788,2.6,3.9
1743081005.046000,45.306424,6.504916,2589.846924,337.8,3.102360,2.9,3.3
1743081007.463000,45.306504,6.504825,2589.213135,313.0,3.730277,2.5,3.0
1743081010.340000,45.306588,6.504722,2589.870361,314.2,3.559684,2.5,3.2
1743081013.178000,45.306673,6.504657,2589.240234,316.4,3.461055,2.5,3.4
1743081016.383000,45.306768,6.504587,2589.051514,326.2,3.504043,2.5,3.4
1743081019.721000,45.306848,6.504513,2589.113525,325.8,3.197130,2.5,3.4
1743081023.425000,45.306946,6.504446,2588.828857,340.8,3.209271,2.5,3.2
1743081027.360000,45.307040,6.504365,2588.499512,336.1,3.005006,2.5,3.3
1743081031.462000,45.307120,6.504297,2587.936279,334.0,2.632158,2.5,3.4
1743081037.461000,45.307198,6.504215,2588.141846,315.0,1.553393,2.5,3.0
1743081042.462000,45.307298,6.504142,2588.512207,310.3,2.412942,2.5,3.0
1743081049.463000,45.307336,6.504022,2587.816406,307.0,1.095677,2.5,3.0
1743081062.462000,45.307443,6.503968,2583.744385,356.0,5.900703,2.5,3.8
1743081065.462000,45.307510,6.504073,2580.384277,41.0,4.326757,2.5,3.8
1743081067.461000,45.307610,6.504064,2576.750244,337.6,6.176992,2.5,5.8
1743081069.461000,45.307712,6.503981,2575.202637,345.6,5.358521,2.5,8.7
1743081071.460000,45.307809,6.504050,2570.221436,27.7,6.537086,2.5,9.9
1743081073.461000,45.307918,6.504201,2562.479736,63.0,8.354234,2.5,9.9
1743081075.462000,45.307985,6.504394,2556.571533,53.0,10.234788,2.5,9.9
1743081076.461000,45.308042,6.504514,2554.072998,58.0,12.173230,2.5,9.9
1743081077.461000,45.308085,6.504657,2551.041016,72.0,12.468407,2.5,9.9
1743081078.461000,45.308101,6.504813,2549.320068,85.0,12.503034,2.5,9.9
1743081079.461000,45.308097,6.504961,2548.989258,97.0,11.162445,2.5,9.9
1743081081.461000,45.308066,6.505191,2549.024170,94.0,8.091209,2.5,9.9
1743081083.461000,45.308089,6.505390,2547.109375,82.0,7.697298,2.5,9.9
1743081085.461000,45.308063,6.505563,2546.793701,109.0,6.410500,2.5,9.9
1743081087.460000,45.308052,6.505722,2545.011719,102.0,6.399713,2.5,9.9
1743081089.462000,45.308037,6.505917,2541.396973,94.0,8.364900,2.5,9.9
1743081091.461000,45.308008,6.506170,2537.228027,96.8,10.503161,2.5,9.9
1743081092.461000,45.307988,6.506301,2536.412354,91.1,9.998940,2.5,9.9
1743081094.460000,45.307941,6.506485,2534.304443,65.3,7.269024,2.5,9.9
1743081096.461000,45.307937,6.506705,2527.165039,71.0,10.328504,2.5,9.9
1743081097.461000,45.307912,6.506851,2524.200195,108.4,11.636699,2.5,9.9
1743081098.461000,45.307836,6.506988,2523.042480,125.7,12.162937,2.5,9.9
1743081099.461000,45.307766,6.507114,2521.210449,116.0,11.734067,2.5,9.9
1743081100.461000,45.307725,6.507251,2519.124268,103.0,11.821718,2.5,9.9
1743081101.461000,45.307681,6.507379,2516.611084,127.0,11.004818,2.5,9.9
1743081102.461000,45.307615,6.507480,2515.192383,132.0,10.996535,2.5,9.9
1743081103.462000,45.307570,6.507594,2512.739746,105.0,11.269992,2.5,9.9
1743081104.462000,45.307530,6.507715,2510.365234,129.0,10.970514,2.5,9.9
1743081105.461000,45.307460,6.507816,2507.557129,135.0,11.455579,2.5,9.9
1743081106.461000,45.307401,6.507940,2504.308838,113.0,12.801445,2.5,9.9
1743081107.461000,45.307345,6.508068,2503.501465,135.0,11.553424,2.5,9.9
1743081108.461000,45.307287,6.508171,2501.852051,115.0,9.999608,2.5,9.9
1743081110.462000,45.307252,6.508410,2500.069336,106.8,9.351195,2.5,7.5
1743081113.460000,45.307230,6.508602,2494.647217,88.9,8.455900,2.5,4.8
1743081115.461000,45.307214,6.508781,2491.875977,69.0,7.959090,2.5,3.8
1743081117.461000,45.307296,6.508940,2485.888672,66.0,7.842180,2.5,3.8
1743081119.461000,45.307394,6.509034,2478.856445,3.0,7.209816,2.5,3.8
1743081121.462000,45.307506,6.509145,2472.299805,51.7,9.376587,2.5,3.8
1743081123.462000,45.307642,6.509214,2464.565186,22.9,8.200342,2.5,3.8
1743081125.461000,45.307728,6.509332,2458.453857,38.0,7.446367,2.5,3.8
1743081127.461000,45.307842,6.509318,2452.510498,337.0,6.611489,2.5,3.8
1743081129.460000,45.307948,6.509409,2446.318604,35.0,7.935248,2.5,3.8
1743081131.461000,45.308103,6.509468,2439.695557,27.9,10.810955,2.5,3.8
1743081133.461000,45.308251,6.509561,2433.538330,9.3,9.753780,2.5,3.8
1743081135.461000,45.308401,6.509533,2427.995361,22.9,8.759960,2.5,3.8
1743081138.461000,45.308521,6.509557,2422.738770,325.1,4.957138,2.5,3.8
1743081140.461000,45.308641,6.509552,2417.527100,5.8,7.794837,2.5,3.8
1743081142.461000,45.308812,6.509553,2410.427490,12.0,10.253092,2.5,3.8
1743081144.461000,45.308906,6.509683,2405.000488,67.0,5.929077,2.5,3.8
1743081146.461000,45.309019,6.509779,2397.320068,14.0,10.069369,2.5,3.8
1743081148.461000,45.309150,6.509927,2389.556396,43.0,9.119367,2.5,3.8
1743081150.460000,45.309156,6.510157,2381.699463,71.0,10.805209,2.5,3.8
1743081152.461000,45.309252,6.510405,2372.256104,57.1,13.511514,2.5,3.8
1743081153.461000,45.309273,6.510535,2367.840576,75.4,10.938982,2.5,3.8
1743081155.461000,45.309202,6.510745,2362.580078,121.7,10.428995,2.5,3.8
1743081157.461000,45.309228,6.510990,2357.272217,71.0,10.367120,2.5,3.8
1743081159.461000,45.309188,6.511192,2355.716797,109.0,8.314295,2.5,3.8
1743081161.461000,45.309212,6.511378,2349.702148,92.8,8.663501,2.5,3.8
1743081163.462000,45.309179,6.511582,2344.571533,87.5,9.358261,2.5,3.8
1743081165.461000,45.309255,6.511724,2336.984863,62.8,7.811892,2.5,3.8
1743081167.460000,45.309250,6.511860,2332.647461,110.1,5.071962,2.8,3.8
1743081169.461000,45.309287,6.512023,2327.239502,50.3,7.452153,2.5,3.8
1743081172.461000,45.309351,6.512169,2318.095703,81.9,5.751899,2.5,6.2
1743081174.462000,45.309416,6.512335,2310.003662,36.0,9.744582,2.5,8.7
1743081176.461000,45.309472,6.512505,2304.375977,65.1,7.167789,2.5,9.9
1743081178.461000,45.309541,6.512661,2298.440918,84.0,7.048027,2.5,8.9
1743081181.462000,45.309540,6.512836,2295.706055,87.0,5.718867,2.5,5.0
1743081184.461000,45.309579,6.512964,2294.933105,91.0,2.560314,2.5,3.8
1743081199.886000,45.309584,6.512968,2293.053955,-1.0,0.074117,4.0,26.0
1743081213.461000,45.309711,6.513025,2289.264222,7.1,7.871629,1.5,3.1
1743081214.461000,45.309800,6.513054,2287.008356,13.9,8.504427,1.5,3.3
1743081216.461000,45.309938,6.513216,2281.862724,55.0,9.856995,1.5,3.7
1743081218.461000,45.310053,6.513393,2279.372296,39.0,9.296661,1.5,3.8
1743081220.462000,45.310193,6.513498,2277.521652,26.0,9.453278,1.5,3.8
1743081222.461000,45.310369,6.513567,2274.857701,8.0,10.431118,1.5,3.8
1743081223.461000,45.310461,6.513586,2273.345947,3.0,10.137840,1.5,3.8
1743081225.461000,45.310622,6.513641,2271.485404,26.0,9.314288,1.4,3.8
1743081227.461000,45.310733,6.513791,2270.218819,41.0,8.194674,1.4,3.8
1743081229.460000,45.310891,6.513858,2268.201093,12.0,10.100868,1.4,3.8
1743081231.460000,45.311033,6.514003,2262.555998,31.0,10.495107,1.4,3.8
1743081232.460000,45.311124,6.514044,2259.973641,11.0,11.276920,1.4,3.8
1743081234.460000,45.311230,6.514196,2255.339000,49.0,8.582237,1.4,3.8
1743081236.459000,45.311382,6.514222,2251.933841,7.0,9.225110,1.4,3.8
1743081238.460000,45.311487,6.514363,2249.004317,60.0,8.560748,1.4,3.8
1743081240.460000,45.311571,6.514477,2245.304701,12.0,7.797254,1.3,3.8
1743081242.460000,45.311721,6.514437,2241.017387,346.0,10.323684,1.3,3.8
1743081244.460000,45.311864,6.514547,2236.131960,55.0,8.376583,1.3,3.8
1743081246.461000,45.311986,6.514626,2231.316842,355.0,8.798610,1.3,3.8
1743081248.460000,45.312121,6.514655,2226.822839,35.9,6.618954,1.3,3.8
1743081250.459000,45.312199,6.514779,2222.938227,33.3,7.927259,1.3,3.8
1743081252.460000,45.312327,6.514820,2216.373926,32.0,7.979904,1.3,3.8
1743081254.461000,45.312430,6.514914,2211.246472,2.2,8.535751,1.3,3.8
1743081256.460000,45.312553,6.515010,2202.647787,54.9,9.226295,1.3,3.8
1743081258.461000,45.312664,6.515088,2195.759626,42.3,7.513231,1.3,3.8
1743081259.460000,45.312743,6.515159,2192.515096,25.2,10.923697,1.3,3.8
1743081260.460000,45.312809,6.515249,2187.796666,42.6,10.415890,1.3,3.8
1743081262.459000,45.312939,6.515380,2178.777212,54.9,10.615218,1.3,3.8
1743081264.460000,45.313080,6.515519,2170.103589,52.8,11.169404,1.3,3.8
1743081266.460000,45.313214,6.515667,2164.412940,58.8,10.801760,1.3,3.8
1743081268.460000,45.313375,6.515791,2157.863845,37.0,11.617669,1.3,3.8
1743081269.460000,45.313424,6.515899,2155.897259,66.0,10.260849,1.3,3.8
1743081271.460000,45.313489,6.516100,2152.056459,41.0,9.167177,1.3,5.0
1743081273.459000,45.313670,6.516163,2149.036219,11.0,10.751203,1.3,6.9
1743081274.459000,45.313760,6.516210,2146.756906,27.0,11.352839,1.3,8.7
1743081275.461000,45.313839,6.516302,2144.291903,47.0,11.797937,1.3,9.9
1743081276.460000,45.313907,6.516409,2142.015512,48.0,11.745193,1.3,9.9
1743081277.461000,45.313993,6.516493,2137.727693,23.0,12.541376,1.3,9.9
1743081278.460000,45.314099,6.516540,2136.358730,16.0,12.590260,1.3,9.9
1743081279.460000,45.314211,6.516549,2134.946801,357.1,12.987604,1.3,9.9
1743081280.460000,45.314325,6.516561,2131.588309,12.0,13.131133,1.3,9.9
1743081281.460000,45.314429,6.516624,2129.713440,30.0,12.639840,1.3,9.9
1743081282.460000,45.314518,6.516717,2126.113128,38.0,12.281114,1.3,9.9
1743081283.460000,45.314608,6.516803,2124.554566,27.1,12.451527,1.3,9.9
1743081284.459000,45.314713,6.516833,2122.732311,359.2,12.311286,1.3,9.9
1743081285.459000,45.314818,6.516789,2121.728819,334.1,12.271030,1.3,9.9
1743081286.461000,45.314916,6.516742,2120.122406,352.0,10.626419,1.3,9.9
1743081288.460000,45.315070,6.516828,2118.394488,37.0,8.928780,1.3,9.9
1743081290.460000,45.315209,6.516920,2117.299544,21.0,8.171992,1.3,9.9
1743081292.460000,45.315327,6.516990,2116.117024,354.0,6.275029,1.3,9.9
1743081294.460000,45.315433,6.516979,2115.371957,4.0,6.337732,1.3,9.9
1743081296.460000,45.315568,6.516981,2112.085349,10.9,8.636851,1.3,9.9
1743081298.459000,45.315714,6.517009,2107.814976,18.0,8.600685,1.3,9.9
1743081300.460000,45.315846,6.517068,2103.502030,41.9,8.276844,1.3,9.9
1743081302.460000,45.315967,6.517154,2101.187565,42.0,8.105684,1.3,9.9
1743081304.459000,45.316085,6.517250,2097.670563,44.9,7.045113,1.3,9.9
1743081306.460000,45.316182,6.517353,2094.991864,17.0,8.026746,1.3,9.9
1743081308.460000,45.316293,6.517470,2092.473612,34.0,8.186439,1.3,9.9
1743081310.460000,45.316414,6.517578,2088.800857,38.0,8.256433,1.3,9.9
1743081312.460000,45.316537,6.517647,2085.518604,3.0,8.505874,1.3,9.9
1743081314.460000,45.316614,6.517760,2081.844131,77.0,5.769769,1.3,9.9
1743081316.460000,45.316703,6.517841,2080.016924,12.0,6.868481,1.3,9.9
1743081321.461000,45.316768,6.517961,2076.489131,50.0,2.346156,1.3,9.9
1743081338.461000,45.316822,6.518069,2074.146758,44.0,2.321839,1.3,10.1
1743081340.460000,45.316956,6.518121,2071.807533,17.8,6.859964,1.3,9.9
1743081342.460000,45.317117,6.518226,2069.242279,28.0,10.430822,1.3,9.9
1743081343.461000,45.317200,6.518299,2065.730346,36.0,12.246547,1.3,9.9
1743081344.460000,45.317291,6.518386,2063.490017,30.0,12.665296,1.3,9.9
1743081345.460000,45.317395,6.518462,2058.265566,25.0,14.379189,1.3,9.9
1743081346.460000,45.317515,6.518534,2056.016382,22.0,15.740005,1.3,9.9
1743081347.460000,45.317649,6.518608,2049.319410,21.0,16.963352,1.3,9.9
1743081348.460000,45.317790,6.518686,2044.679725,19.0,17.301237,1.3,9.9
1743081349.461000,45.317937,6.518755,2040.939961,17.0,18.112753,1.3,9.9
1743081350.461000,45.318092,6.518817,2032.747307,14.0,18.943966,1.3,9.9
1743081351.460000,45.318249,6.518869,2028.423588,12.0,18.502855,1.3,9.9
1743081352.460000,45.318398,6.518925,2025.618157,17.0,17.395790,1.3,9.9
1743081353.460000,45.318543,6.518991,2025.168267,18.0,17.691759,1.3,9.9
1743081354.460000,45.318675,6.519053,2023.511134,19.0,14.728809,1.3,9.9
1743081355.460000,45.318792,6.519115,2023.769534,24.0,14.069551,1.3,9.9
1743081356.459000,45.318904,6.519178,2022.951332,20.0,12.834790,1.3,9.9
1743081357.459000,45.319009,6.519230,2024.246150,18.0,12.032333,1.3,9.9
1743081358.461000,45.319109,6.519280,2023.236270,21.0,11.720591,1.3,9.9
1743081359.460000,45.319201,6.519337,2023.955016,23.0,10.653597,1.3,9.9
1743081361.460000,45.319360,6.519429,2023.482988,22.0,9.216082,1.3,9.9
1743081363.460000,45.319509,6.519517,2018.868893,23.0,8.517807,1.3,9.9
1743081365.461000,45.319649,6.519617,2017.260235,29.0,8.927959,1.3,9.9
1743081367.460000,45.319784,6.519726,2018.254910,24.0,8.316042,1.3,9.9
1743081369.459000,45.319921,6.519807,2016.121116,11.2,8.154822,1.3,9.9
1743081371.461000,45.320055,6.519868,2014.008712,14.1,7.781245,1.3,9.9
1743081373.460000,45.320190,6.519904,2012.267858,11.0,7.681066,1.3,9.9
1743081375.459000,45.320314,6.519977,2011.074352,31.6,7.132060,1.3,9.9
1743081377.460000,45.320407,6.520068,2010.472102,20.4,6.493383,1.3,9.9
1743081379.460000,45.320533,6.520075,2008.543139,16.0,7.461142,1.3,9.9
1743081381.460000,45.320650,6.520145,2005.977741,1.0,7.500993,1.3,9.9
1743081383.460000,45.320785,6.520187,2003.215600,38.0,8.218461,1.3,9.9
1743081385.460000,45.320912,6.520245,1998.049692,344.0,8.865973,1.3,9.9
1743081387.460000,45.321042,6.520306,1995.288344,60.0,7.738394,1.3,9.9
1743081389.459000,45.321168,6.520368,1992.473012,348.0,8.888887,1.3,9.9
1743081391.461000,45.321301,6.520416,1988.734352,57.0,7.850430,1.3,9.9
1743081393.460000,45.321370,6.520574,1986.521043,50.0,7.371352,1.3,9.9
1743081395.461000,45.321482,6.520655,1982.370076,358.0,7.583057,1.3,9.9
1743081397.460000,45.321591,6.520741,1981.685942,65.0,7.118371,1.3,9.9
1743081399.460000,45.321670,6.520856,1978.759637,10.0,7.561866,1.3,9.9
1743081401.460000,45.321768,6.520915,1977.753616,75.0,5.215940,1.3,9.9
1743081404.460000,45.321880,6.520998,1973.387520,7.7,5.589357,1.3,9.9
1743081408.460000,45.321947,6.521112,1970.539432,35.0,4.383077,1.3,9.9
1743081410.460000,45.322032,6.521174,1967.896906,52.0,5.363528,1.3,9.9
1743081414.460000,45.322069,6.521298,1964.141750,61.0,1.995222,1.3,9.9
1743081422.460000,45.322135,6.521415,1961.547714,29.1,6.576054,1.3,9.9
1743081424.460000,45.322291,6.521417,1957.237358,351.0,8.763535,1.3,9.9
1743081426.460000,45.322440,6.521489,1950.631197,53.5,8.074645,1.4,9.9
1743081430.460000,45.322472,6.521628,1945.581825,73.0,3.917261,1.3,9.9
1743081432.461000,45.322549,6.521724,1943.576908,28.3,6.935592,1.3,9.9
1743081434.460000,45.322674,6.521799,1937.985640,7.3,5.103181,1.3,9.9
1743081437.461000,45.322765,6.521868,1933.807802,69.0,5.177876,1.4,9.9
1743081439.460000,45.322828,6.522024,1928.923689,58.0,9.256253,1.4,9.9
1743081441.460000,45.322847,6.522262,1922.571931,100.0,10.371915,1.3,9.9
1743081443.460000,45.322804,6.522480,1920.294685,107.0,9.032860,1.3,9.9
1743081445.460000,45.322757,6.522683,1918.424988,107.0,9.046740,1.4,9.9
1743081447.460000,45.322708,6.522892,1917.398381,107.0,8.315853,1.4,9.9
1743081449.460000,45.322657,6.523099,1915.883664,112.0,8.551077,1.4,9.9
1743081451.459000,45.322595,6.523283,1914.199555,116.0,8.484256,1.3,9.9
1743081453.460000,45.322501,6.523443,1912.351197,140.0,8.454126,1.3,9.9
1743081455.460000,45.322390,6.523526,1911.723503,156.0,6.280295,1.3,9.9
1743081457.461000,45.322289,6.523591,1911.601156,151.0,6.452158,1.4,9.9
1743081459.460000,45.322190,6.523654,1910.834453,168.0,5.873099,1.4,9.9
1743081461.460000,45.322093,6.523688,1910.741612,175.0,5.742079,1.4,9.9
1743081463.460000,45.321998,6.523735,1909.180406,174.0,5.580636,1.4,9.9
1743081465.460000,45.321915,6.523796,1908.480888,173.0,5.184179,1.3,9.9
1743081467.460000,45.321823,6.523851,1908.673783,182.0,5.538127,1.4,9.9
1743081469.460000,45.321728,6.523913,1906.773497,176.9,5.703644,1.4,9.9
1743081471.459000,45.321633,6.523967,1905.811822,170.0,5.965344,1.4,9.9
1743081473.460000,45.321537,6.524044,1904.784015,162.0,6.149299,1.4,9.9
1743081475.460000,45.321441,6.524139,1903.785572,159.9,6.542614,1.4,9.9
1743081477.460000,45.321339,6.524232,1903.255237,159.9,6.467874,1.4,9.9
1743081479.461000,45.321238,6.524325,1901.325835,152.1,6.995126,1.3,9.9
1743081481.460000,45.321131,6.524453,1900.456034,149.0,7.779672,1.4,9.9
1743081483.460000,45.321033,6.524614,1898.485335,138.9,8.154301,1.4,9.9
1743081485.460000,45.320939,6.524791,1895.644344,144.9,8.764615,1.4,9.9
1743081487.460000,45.320839,6.524908,1893.684485,142.3,5.933331,1.4,9.9
1743081496.461000,45.320814,6.525056,1895.364887,90.0,3.211040,1.4,9.9
1743081499.460000,45.320821,6.525192,1894.257248,79.0,4.103258,1.4,9.9
1743081502.461000,45.320861,6.525353,1893.040690,54.8,4.403038,1.5,9.9
1743081504.461000,45.320899,6.525491,1890.503378,63.1,5.554307,1.4,9.9
1743081506.460000,45.320900,6.525629,1889.974129,74.8,4.970284,1.5,9.9
1743081509.460000,45.320937,6.525792,1890.602851,68.8,5.144033,1.3,9.9
1743081511.460000,45.320970,6.525991,1888.713347,81.2,7.948423,1.3,9.9
1743081513.460000,45.320958,6.526204,1885.848835,101.1,8.369352,1.3,9.9
1743081515.460000,45.320934,6.526346,1881.095679,94.8,5.036124,1.3,8.7
1743081535.461000,45.320938,6.526339,1881.087423,267.2,0.000000,1.3,3.8
1743081561.460000,45.320911,6.526518,1880.867893,78.4,4.245163,1.3,3.8
1743081563.460000,45.320908,6.526650,1879.011296,99.4,4.949911,1.3,3.8
1743081565.460000,45.320882,6.526787,1879.052586,99.6,5.326355,1.3,3.8
1743081567.460000,45.320855,6.526938,1877.484360,88.8,6.580852,1.3,3.8
1743081569.461000,45.320809,6.527108,1875.088707,113.4,7.284453,1.3,3.8
1743081571.460000,45.320755,6.527299,1871.782445,110.2,8.216664,1.3,3.8
1743081573.460000,45.320707,6.527501,1868.276899,105.4,8.651835,1.3,3.8
1743081575.461000,45.320659,6.527732,1865.039257,109.0,10.048119,1.3,3.8
1743081577.461000,45.320581,6.527948,1863.645953,115.1,9.394441,1.3,3.8
1743081579.461000,45.320510,6.528152,1861.468471,117.0,8.820573,1.3,3.8
1743081581.460000,45.320426,6.528342,1858.338201,124.9,8.770741,1.3,3.8
1743081583.460000,45.320345,6.528530,1858.587981,111.2,8.253481,1.3,3.8
1743081585.461000,45.320297,6.528726,1856.768891,111.9,8.122045,1.3,3.8
1743081587.461000,45.320222,6.528881,1854.220516,124.3,6.976810,1.5,5.0
1743081589.460000,45.320158,6.529037,1852.720904,114.5,8.065467,1.5,7.5
1743081591.461000,45.320100,6.529231,1850.483549,133.0,7.914690,1.5,9.9
1743081593.460000,45.319986,6.529314,1848.727300,148.1,7.233484,1.6,9.9
1743081595.459000,45.319929,6.529484,1846.125444,97.6,8.238066,1.6,9.9
1743081597.459000,45.319871,6.529675,1843.116037,116.0,8.094843,1.6,9.9
1743081599.461000,45.319828,6.529844,1840.269072,94.8,6.501900,1.6,10.0
1743081601.460000,45.319833,6.530024,1837.240905,82.7,8.060650,1.6,10.0
1743081603.460000,45.319914,6.530130,1833.760747,350.7,6.127816,1.6,10.0
1743081605.461000,45.320006,6.530175,1832.936812,45.0,5.997872,1.7,9.9
1743081607.460000,45.320068,6.530272,1829.348464,20.7,6.454324,1.7,9.9
1743081609.461000,45.320179,6.530346,1824.146300,22.0,7.878833,1.7,9.9
1743081611.460000,45.320311,6.530371,1820.800049,14.9,8.120584,1.7,9.9
1743081613.460000,45.320448,6.530411,1820.800049,356.1,7.827419,1.3,9.9
1743081615.461000,45.320575,6.530394,1818.608313,345.7,7.203071,1.3,9.9
1743081617.460000,45.320673,6.530274,1816.145786,294.4,6.888611,1.3,9.9
1743081619.460000,45.320713,6.530117,1815.064716,283.4,6.436299,1.3,9.9
1743081621.461000,45.320740,6.529936,1811.710754,276.0,7.503847,1.3,9.9
1743081623.460000,45.320761,6.529754,1812.088324,279.1,6.893823,1.3,9.9
1743081625.460000,45.320798,6.529594,1810.378662,285.3,6.423464,1.3,9.9
1743081627.461000,45.320851,6.529461,1809.869639,293.0,6.075643,1.3,9.9
1743081629.460000,45.320900,6.529322,1808.605614,294.4,6.464152,1.3,9.9
1743081631.460000,45.320955,6.529168,1806.273101,302.0,6.854693,1.3,9.9
1743081633.461000,45.321032,6.529031,1803.892297,311.6,6.832194,1.3,9.9
1743081635.461000,45.321120,6.528910,1803.575255,311.6,6.676718,1.3,9.9
1743081637.460000,45.321202,6.528794,1804.097270,313.9,6.455976,1.3,9.9
1743081639.460000,45.321277,6.528687,1803.301822,313.5,5.758840,1.4,9.9
1743081642.460000,45.321349,6.528565,1802.710500,314.0,3.752894,1.4,9.9
1743081645.460000,45.321414,6.528476,1800.135975,318.0,3.034288,1.3,9.9
1743081649.460000,45.321483,6.528394,1800.904316,322.9,2.441043,1.3,9.9
1743081653.460000,45.321567,6.528311,1799.700962,320.0,2.760538,1.4,9.9
1743081657.460000,45.321654,6.528221,1799.009751,331.0,2.998007,1.3,9.9
1743081661.459000,45.321743,6.528132,1800.698443,324.9,3.228769,1.3,9.9
1743081665.461000,45.321832,6.528060,1800.382356,328.0,2.243966,1.4,10.0
1743081669.461000,45.321910,6.527994,1800.232157,321.0,1.989298,1.3,10.0
1743081674.459000,45.322001,6.527896,1801.353692,322.0,2.528567,1.3,10.0
1743081679.460000,45.322078,6.527797,1799.552777,315.9,2.581921,1.4,9.9
1743081683.460000,45.322179,6.527734,1799.795055,326.3,3.630164,1.4,10.2
1743081687.458000,45.322249,6.527613,1800.038490,307.0,2.060462,1.3,10.4
1743081692.459000,45.322311,6.527498,1797.721357,313.0,2.972797,1.4,10.0
1743081696.459000,45.322388,6.527392,1798.627140,310.0,2.747516,1.3,9.9
1743081700.459000,45.322450,6.527295,1798.766952,308.0,2.208771,1.3,9.9
1743081705.458000,45.322518,6.527185,1798.358875,310.0,2.744602,1.4,9.9
1743081708.459000,45.322586,6.527087,1797.558054,324.0,3.899855,1.3,9.9
1743081711.459000,45.322681,6.527031,1795.533768,349.3,4.231908,1.4,9.9
1743081714.459000,45.322782,6.526964,1795.279420,352.1,4.384729,1.3,9.9
1743081717.460000,45.322916,6.526929,1793.750949,31.7,5.694271,1.3,9.9
1743081719.459000,45.323010,6.527014,1791.963586,67.6,6.721828,1.3,9.9
1743081721.459000,45.323059,6.527191,1789.977435,89.6,7.843529,1.3,9.9
1743081723.460000,45.323065,6.527415,1786.722659,93.0,8.901877,1.3,9.9
1743081725.460000,45.323058,6.527651,1784.101459,102.9,9.361889,1.3,9.9
1743081727.459000,45.323043,6.527896,1781.747719,92.2,9.646375,1.3,9.9
1743081728.459000,45.323049,6.528025,1779.934282,82.2,10.185124,1.3,9.9
1743081729.460000,45.323070,6.528156,1777.774923,82.0,10.411547,1.3,9.9
1743081730.459000,45.323093,6.528287,1776.007342,84.0,10.559471,1.4,9.9
1743081731.459000,45.323111,6.528418,1774.826934,104.6,9.992487,1.3,9.9
1743081733.459000,45.323058,6.528642,1773.852335,146.8,9.412626,1.3,9.9
1743081735.460000,45.322932,6.528720,1771.585634,192.0,8.722839,1.3,9.9
1743081737.460000,45.322797,6.528660,1770.706893,191.0,7.941300,1.3,9.9
1743081739.460000,45.322658,6.528658,1769.253395,175.0,8.066683,1.3,9.9
1743081741.459000,45.322525,6.528677,1767.559582,183.0,7.525733,1.3,9.9
1743081743.458000,45.322402,6.528726,1765.737337,165.9,6.969369,1.3,9.9
1743081745.460000,45.322284,6.528774,1765.121202,208.8,6.386479,1.3,9.9
1743081747.458000,45.322195,6.528869,1764.374583,145.9,6.260588,1.3,9.9
1743081749.459000,45.322120,6.528966,1763.635491,140.1,5.338438,1.3,9.9
1743081751.459000,45.322060,6.529064,1762.599643,149.8,4.965496,1.3,9.9
1743081754.459000,45.321999,6.529204,1763.400024,113.0,3.304671,2.5,9.9
1743081757.460000,45.321959,6.529343,1761.310002,112.0,3.272981,2.9,9.9
1743081760.459000,45.321928,6.529470,1761.094375,99.1,3.313867,1.4,9.9
1743081763.459000,45.321908,6.529600,1759.778919,105.0,2.485395,1.4,9.9
1743081767.460000,45.321898,6.529761,1760.868621,96.0,2.649317,5.5,10.0
1743081771.459000,45.321884,6.529906,1759.516230,102.0,2.645690,1.4,9.9
1743081775.460000,45.321887,6.530045,1759.362821,80.0,2.691325,1.4,9.9
1743081779.460000,45.321862,6.530180,1758.751009,102.0,3.236168,4.0,9.9
1743081782.459000,45.321846,6.530306,1758.816898,107.9,3.274783,6.3,9.9
1743081785.459000,45.321838,6.530433,1756.607826,89.0,3.464472,1.5,9.9
1743081788.459000,45.321826,6.530565,1756.557200,97.0,3.387128,1.5,9.9
1743081791.459000,45.321804,6.530690,1755.931969,101.0,3.041134,3.4,10.3
1743081794.460000,45.321790,6.530823,1755.373679,100.0,3.628756,2.8,10.2
1743081797.458000,45.321768,6.530958,1754.810830,102.0,3.383214,1.6,10.0
1743081800.459000,45.321733,6.531088,1754.348416,118.0,3.613828,1.6,9.9
1743081803.459000,45.321668,6.531193,1753.035206,126.2,2.920034,1.6,9.9
1743081806.459000,45.321598,6.531312,1752.461361,131.0,4.965615,3.6,9.9
1743081809.459000,45.321512,6.531463,1751.400055,126.0,5.207643,3.5,9.9
1743081811.459000,45.321454,6.531568,1749.710962,130.0,4.973584,1.7,9.9
1743081813.460000,45.321393,6.531663,1749.421024,133.0,4.709632,1.7,9.9
1743081816.459000,45.321302,6.531772,1748.080785,137.0,4.402109,1.4,9.9
1743081819.459000,45.321212,6.531908,1747.063402,126.0,5.343258,4.9,9.9
1743081821.459000,45.321142,6.532001,1746.018483,142.0,5.401100,5.5,9.9
1743081823.459000,45.321073,6.532098,1744.491783,130.9,5.603705,4.5,9.9
1743081825.459000,45.320999,6.532204,1742.813085,148.0,6.077732,1.4,9.9
1743081827.459000,45.320931,6.532327,1741.518258,120.1,5.781619,1.5,9.9
1743081829.459000,45.320875,6.532443,1741.343022,122.0,5.607363,1.5,9.9
1743081831.459000,45.320810,6.532542,1739.326311,130.0,5.350622,1.5,9.9
1743081833.459000,45.320739,6.532624,1737.806945,139.9,5.223776,3.5,9.9
1743081835.460000,45.320655,6.532713,1737.000889,145.9,5.665046,4.1,9.9
1743081837.459000,45.320570,6.532806,1735.986929,130.2,6.081320,4.2,9.9
1743081839.459000,45.320487,6.532904,1734.317542,140.0,5.766893,3.1,9.9
1743081841.459000,45.320407,6.532994,1732.897367,130.2,5.492791,1.6,9.9
1743081843.459000,45.320332,6.533084,1732.192070,132.9,5.444030,1.6,9.9
1743081845.458000,45.320257,6.533162,1731.628203,154.8,4.866173,1.6,10.0
1743081848.459000,45.320154,6.533256,1731.257313,153.1,4.881053,4.2,10.1
1743081850.459000,45.320084,6.533338,1730.975036,141.3,4.872038,5.9,10.7
1743081853.460000,45.319980,6.533445,1729.769191,141.8,4.634480,4.2,11.7
1743081856.460000,45.319886,6.533549,1729.016157,141.1,4.679789,1.4,11.6
1743081859.458000,45.319792,6.533679,1728.755982,136.0,4.766973,1.4,9.3
1743081862.459000,45.319724,6.533777,1727.142640,137.7,3.708406,1.4,5.4
1743081865.458000,45.319651,6.533872,1727.233951,137.9,4.058847,6.2,4.0
1743081868.458000,45.319577,6.533972,1726.490084,136.7,3.851409,7.3,4.3
1743081871.460000,45.319495,6.534070,1724.988496,140.0,3.060550,1.4,4.3
1743081874.459000,45.319412,6.534184,1725.080807,136.6,4.022014,1.4,4.0
1743081877.460000,45.319329,6.534308,1723.664621,138.1,4.043724,1.4,3.8
1743081880.460000,45.319253,6.534410,1722.054474,152.2,3.839359,1.4,3.8
1743081883.459000,45.319197,6.534534,1721.382804,152.3,3.607297,4.4,3.8
1743081886.460000,45.319162,6.534683,1721.047510,118.0,3.675246,5.6,3.8
1743081889.459000,45.319117,6.534820,1720.539379,124.9,3.407521,1.4,3.8
1743081893.459000,45.319076,6.534942,1720.817580,109.0,1.915407,1.4,3.8
1743081906.460000,45.319144,6.535044,1720.011877,30.8,2.122025,1.4,3.8
1743081914.459000,45.319222,6.535115,1719.390176,47.4,0.497341,1.4,3.8
1743081927.459000,45.319312,6.535100,1719.057938,351.6,0.605681,1.5,3.8
1743081992.459000,45.319408,6.535100,1720.189238,31.1,0.766948,1.4,9.9
1743082004.460000,45.319461,6.535211,1719.496539,329.4,0.584131,1.4,10.0
1743082010.460000,45.319492,6.535358,1720.003242,88.6,2.851817,1.4,10.0
1743082012.459000,45.319472,6.535494,1720.087943,94.2,3.673182,1.5,10.0
1743082015.459000,45.319451,6.535671,1721.819736,90.4,4.047724,1.5,9.9
1743082018.459000,45.319436,6.535831,1724.749276,93.9,4.296806,1.7,9.9
1743082021.459000,45.319428,6.535987,1729.204130,94.7,4.467439,1.7,9.9
1743082024.459000,45.319424,6.536143,1734.067491,91.8,4.486040,1.6,9.9
1743082027.459000,45.319419,6.536301,1738.193104,90.2,4.373733,1.5,9.9
1743082030.460000,45.319420,6.536457,1743.545701,88.2,4.249444,1.6,9.9
1743082033.460000,45.319419,6.536610,1748.102835,97.2,4.170334,1.6,9.9
1743082036.458000,45.319408,6.536761,1753.225184,96.0,4.264122,1.7,9.9
1743082039.458000,45.319418,6.536928,1756.454899,88.0,3.935192,1.8,9.9
1743082042.459000,45.319418,6.537100,1760.099976,88.0,4.667487,1.7,9.9
1743082045.459000,45.319412,6.537262,1760.099976,97.3,4.462195,1.5,9.9
1743082048.459000,45.319405,6.537424,1763.042351,95.2,4.425477,1.6,9.9
1743082051.460000,45.319406,6.537586,1766.357278,93.0,4.444306,1.6,9.9
1743082054.458000,45.319407,6.537749,1769.841691,94.0,4.314966,1.5,9.9
1743082057.459000,45.319408,6.537912,1773.750284,94.0,4.264078,1.6,9.9
1743082060.459000,45.319408,6.538073,1777.903530,92.0,4.197921,1.5,9.9
1743082063.459000,45.319409,6.538233,1782.936502,95.0,4.196219,1.4,9.9
1743082066.459000,45.319412,6.538389,1787.215816,90.0,4.085216,1.4,9.9
1743082069.459000,45.319413,6.538543,1792.166310,90.0,4.331034,1.4,9.9
1743082072.459000,45.319410,6.538696,1797.876487,95.0,4.369218,1.5,9.9
1743082075.459000,45.319409,6.538847,1802.625685,91.0,4.313971,1.5,9.9
1743082078.458000,45.319410,6.538998,1808.000000,89.0,4.313098,1.6,9.9
1743082081.460000,45.319407,6.539147,1813.343433,88.0,4.317301,1.4,9.9
1743082084.459000,45.319405,6.539296,1820.582904,95.0,4.290192,1.4,9.9
1743082087.459000,45.319403,6.539446,1826.676089,90.0,4.216792,1.5,9.9
1743082090.459000,45.319404,6.539592,1834.112265,93.0,4.363362,1.4,9.9
1743082093.460000,45.319404,6.539737,1839.719910,90.0,4.433285,1.4,9.9
1743082096.458000,45.319405,6.539881,1845.023716,90.9,4.555392,1.4,9.9
1743082099.459000,45.319402,6.540033,1854.240625,90.3,4.951839,1.4,9.9
1743082102.460000,45.319399,6.540194,1857.447939,93.0,4.611221,1.5,9.9
1743082105.459000,45.319393,6.540353,1861.478082,94.9,4.437826,1.5,9.9
1743082108.458000,45.319391,6.540511,1866.619062,90.3,4.375278,1.6,9.9
1743082111.460000,45.319398,6.540668,1870.014018,84.3,4.298368,1.5,9.9
1743082114.460000,45.319397,6.540826,1874.206955,93.3,4.342447,1.6,9.9
1743082117.459000,45.319392,6.540986,1878.676129,91.8,4.352890,1.5,9.9
1743082120.458000,45.319388,6.541144,1883.526447,92.1,4.350075,1.6,9.9
1743082123.459000,45.319387,6.541300,1888.102133,92.0,4.347281,1.6,9.9
1743082126.460000,45.319387,6.541455,1894.304678,93.9,4.309041,1.5,9.9
1743082129.458000,45.319385,6.541620,1897.555862,92.9,4.483044,1.6,9.9
1743082132.459000,45.319383,6.541784,1901.724640,93.9,4.501099,1.7,9.9
1743082135.459000,45.319384,6.541946,1904.077365,88.0,4.482089,1.6,9.9
1743082138.459000,45.319388,6.542106,1908.340365,91.0,4.331538,1.7,9.9
1743082141.459000,45.319390,6.542264,1912.122179,89.0,4.373771,1.7,9.9
1743082144.460000,45.319390,6.542422,1916.294809,92.0,4.354383,1.7,9.9
1743082147.460000,45.319390,6.542581,1920.997029,92.0,4.380885,1.7,9.9
1743082150.460000,45.319388,6.542739,1925.737377,91.9,4.333989,1.7,9.9
1743082153.459000,45.319391,6.542896,1929.958782,92.0,4.385417,1.8,9.9
1743082156.459000,45.319390,6.543052,1934.442786,92.9,4.320354,1.9,9.9
1743082159.459000,45.319393,6.543207,1939.577760,90.0,4.309066,1.8,9.9
1743082162.459000,45.319394,6.543359,1945.163427,90.0,4.329225,1.9,9.9
1743082165.459000,45.319388,6.543517,1950.184346,94.0,4.595170,1.9,9.9
1743082168.460000,45.319382,6.543677,1953.605732,94.2,4.533101,1.9,9.9
1743082171.460000,45.319380,6.543838,1957.315519,94.0,4.450665,1.9,9.9
1743082174.460000,45.319382,6.543996,1961.310720,94.0,4.380689,2.1,9.9
1743082177.459000,45.319386,6.544157,1964.619294,93.0,4.282709,2.2,9.9
1743082180.459000,45.319387,6.544316,1969.648751,92.0,4.312471,2.2,9.9
1743082183.459000,45.319387,6.544474,1975.541239,94.0,4.372708,1.4,9.9
1743082186.459000,45.319386,6.544630,1980.278522,93.0,4.384400,1.5,9.9
1743082189.458000,45.319383,6.544785,1984.979335,93.0,4.400217,1.4,9.9
1743082192.460000,45.319381,6.544935,1991.389437,93.0,4.426604,1.5,9.9
1743082195.459000,45.319381,6.545092,1996.794541,93.0,4.850785,1.5,9.9
1743082198.459000,45.319378,6.545254,1998.994533,98.0,4.543846,1.5,9.9
1743082201.459000,45.319376,6.545419,2002.697923,93.0,4.439781,1.6,9.9
1743082204.459000,45.319376,6.545580,2006.180071,92.0,4.323883,1.4,9.9
1743082207.459000,45.319377,6.545745,2008.626602,93.0,4.329790,1.4,9.9
1743082210.458000,45.319376,6.545906,2011.803225,92.0,4.303874,1.5,9.9
1743082213.460000,45.319374,6.546068,2015.523461,92.0,4.372530,1.8,9.9
1743082216.460000,45.319372,6.546229,2019.752703,92.0,4.314689,1.7,9.9
1743082219.459000,45.319369,6.546391,2023.750791,92.0,4.354736,2.5,9.9
1743082222.460000,45.319368,6.546550,2028.100561,92.0,4.310412,2.7,9.9
1743082225.459000,45.319367,6.546717,2031.807121,94.0,4.681794,1.6,9.9
1743082228.458000,45.319365,6.546880,2032.572794,92.0,4.536701,1.4,9.9
1743082231.459000,45.319364,6.547043,2034.311262,92.0,4.554029,2.7,9.9
1743082234.459000,45.319364,6.547205,2035.878182,95.0,4.308748,2.5,9.9
1743082237.460000,45.319364,6.547372,2037.829505,90.0,4.368814,9.5,9.9
1743082240.459000,45.319368,6.547537,2040.299379,88.0,4.239956,6.5,9.9
1743082243.459000,45.319371,6.547696,2042.983200,88.0,4.301501,1.5,9.9
1743082246.459000,45.319370,6.547856,2048.412321,88.0,4.338300,1.5,9.9
1743082249.458000,45.319367,6.548018,2048.301273,89.0,4.371609,2.4,9.9
1743082252.459000,45.319360,6.548182,2049.650733,93.0,4.334051,3.7,9.9
1743082255.457000,45.319359,6.548349,2053.235533,91.0,4.349577,4.1,9.9
1743082258.458000,45.319359,6.548516,2055.566839,90.0,4.335103,6.8,9.9
1743082261.459000,45.319360,6.548679,2057.377577,90.0,4.375952,1.5,9.9
1743082264.458000,45.319354,6.548846,2058.847026,92.0,4.398011,1.6,9.9
1743082267.458000,45.319357,6.549009,2063.634508,87.0,4.376338,1.5,9.9
1743082270.459000,45.319364,6.549174,2066.801760,81.0,4.372100,1.5,9.9
1743082273.458000,45.319368,6.549337,2066.557269,84.0,4.305593,1.4,9.9
1743082276.458000,45.319364,6.549506,2069.783244,85.0,4.365453,2.2,9.9
1743082279.458000,45.319362,6.549674,2073.488997,85.0,4.277738,2.3,9.9
1743082282.458000,45.319358,6.549840,2076.944702,94.0,4.574921,2.7,9.9
1743082285.458000,45.319349,6.550006,2078.222626,92.0,4.398024,3.1,9.9
1743082288.458000,45.319348,6.550167,2078.866432,96.0,3.774266,1.4,9.9
1743082294.457000,45.319376,6.550292,2079.487732,57.5,3.109710,1.6,9.9
1743082298.458000,45.319478,6.550321,2076.271518,351.0,2.627995,4.6,9.9
1743082302.458000,45.319563,6.550277,2074.714222,338.6,2.386050,6.7,9.9
1743082306.458000,45.319657,6.550228,2076.111515,330.5,2.283527,2.3,9.9
1743082310.459000,45.319724,6.550138,2075.582352,301.4,2.949429,6.8,9.9
1743082313.459000,45.319799,6.550032,2073.008532,312.2,3.753611,1.6,9.9
1743082316.459000,45.319841,6.549914,2072.586256,275.1,3.050912,1.5,9.9
1743082321.458000,45.319894,6.549806,2076.670545,306.2,1.709858,1.4,9.9
1743082334.458000,45.319972,6.549884,2074.405497,83.9,1.362176,2.2,9.9
1743082366.458000,45.319986,6.550010,2074.606166,92.8,0.730308,9.4,9.9
1743082384.459000,45.319983,6.550156,2073.357272,96.8,2.912629,1.4,10.7
1743082386.458000,45.319974,6.550288,2072.904396,94.7,3.810631,1.4,10.4
1743082389.458000,45.319962,6.550470,2074.521797,93.0,3.665305,2.5,10.0
1743082392.457000,45.319960,6.550616,2079.228208,89.4,3.517296,2.7,9.9
1743082395.458000,45.319966,6.550769,2082.239780,82.8,3.941647,9.1,9.9
1743082398.458000,45.319958,6.550922,2085.606347,91.8,4.089325,9.7,9.9
1743082401.459000,45.319947,6.551071,2085.993258,93.1,3.943442,1.6,9.9
1743082404.458000,45.319941,6.551218,2089.652037,96.6,3.876364,6.7,9.9
1743082407.459000,45.319937,6.551362,2095.042781,92.0,3.946132,4.3,9.9
1743082410.458000,45.319934,6.551502,2098.521483,92.0,3.788191,2.4,9.9
1743082413.459000,45.319932,6.551641,2102.032312,90.3,4.102220,3.0,9.9
1743082416.458000,45.319927,6.551790,2101.936627,93.0,4.031855,7.3,9.9
1743082419.458000,45.319920,6.551942,2105.272571,93.0,4.033336,2.2,9.9
1743082422.458000,45.319912,6.552091,2104.543465,92.0,3.786185,1.7,9.9
1743082425.457000,45.319911,6.552242,2109.573283,93.0,4.019527,2.4,9.9
1743082428.458000,45.319905,6.552391,2110.806949,96.0,3.982707,9.2,9.9
1743082431.458000,45.319898,6.552541,2112.060736,98.0,3.968838,5.6,9.9
1743082434.458000,45.319894,6.552689,2109.088295,97.9,3.947371,4.2,9.9
1743082437.459000,45.319892,6.552833,2117.082541,97.9,3.904271,1.7,9.9
1743082440.459000,45.319889,6.552975,2121.842066,98.1,3.978564,1.5,9.9
1743082443.459000,45.319887,6.553113,2126.746095,98.1,4.011136,1.4,9.9
1743082446.458000,45.319884,6.553249,2131.724976,98.0,3.926173,1.4,9.9
1743082449.458000,45.319874,6.553377,2136.870225,103.1,3.760631,1.4,9.9
1743082452.458000,45.319869,6.553513,2144.383043,98.4,4.237681,2.6,9.9
1743082455.459000,45.319872,6.553659,2143.833090,92.0,4.449131,1.7,9.9
1743082458.458000,45.319870,6.553796,2154.905190,93.5,3.985173,2.7,9.9
1743082461.459000,45.319869,6.553937,2157.130166,91.0,3.954206,6.6,9.9
1743082464.459000,45.319862,6.554078,2161.151189,94.4,3.983754,7.1,9.9
1743082467.458000,45.319858,6.554212,2166.200123,96.1,4.051139,2.6,8.7
1743082470.457000,45.319848,6.554341,2172.778559,98.0,3.649127,5.2,5.0
1743082473.458000,45.319845,6.554480,2180.025324,92.0,3.727593,4.9,3.8
1743082476.459000,45.319839,6.554614,2184.428498,84.2,3.912168,4.7,3.8
1743082479.458000,45.319842,6.554745,2192.204626,84.6,3.999844,6.4,3.8
1743082482.458000,45.319833,6.554877,2197.655052,91.9,4.184757,1.4,3.8
1743082485.458000,45.319822,6.555022,2204.204188,93.0,4.126780,1.4,3.8
1743082488.458000,45.319817,6.555162,2209.174752,93.9,4.139503,2.6,3.8
1743082491.459000,45.319811,6.555306,2213.790461,93.9,3.985700,2.7,3.8
1743082494.458000,45.319807,6.555441,2219.580290,94.1,4.028110,2.7,3.8
1743082497.458000,45.319803,6.555571,2222.404393,93.1,3.867394,3.9,3.8
1743082500.459000,45.319800,6.555704,2227.420242,92.0,3.849272,4.2,3.8
1743082503.459000,45.319797,6.555838,2228.075495,92.0,3.710662,4.1,3.8
1743082506.459000,45.319794,6.555971,2237.412742,88.0,3.764865,2.0,3.8
1743082509.459000,45.319792,6.556102,2241.518865,90.0,3.718217,4.0,3.8
1743082512.458000,45.319786,6.556237,2246.371166,95.0,3.822174,1.6,3.8
1743082516.458000,45.319783,6.556404,2254.519019,92.0,3.910675,1.5,3.8
1743082519.458000,45.319778,6.556536,2258.935963,94.0,3.678537,1.4,3.8
1743082522.459000,45.319773,6.556667,2273.042438,93.0,4.601007,1.4,3.8
1743082525.458000,45.319769,6.556813,2281.818874,93.0,4.486401,1.8,3.8
1743082528.458000,45.319765,6.556953,2286.747938,93.0,4.380635,2.2,3.8
1743082531.458000,45.319762,6.557086,2292.320620,94.0,4.510926,2.2,6.9
1743082534.458000,45.319759,6.557218,2295.057776,93.0,4.031620,3.6,9.9
1743082537.458000,45.319754,6.557349,2302.004820,94.9,3.790134,8.2,9.9
1743082540.458000,45.319749,6.557479,2307.198636,94.0,3.757915,3.7,9.9
1743082543.458000,45.319743,6.557611,2313.041299,95.0,3.820828,3.8,9.9
1743082546.457000,45.319736,6.557746,2320.196568,94.9,4.017766,3.7,9.9
1743082549.459000,45.319729,6.557874,2323.547394,96.9,3.762383,2.0,9.9
1743082552.459000,45.319726,6.558003,2332.793182,94.0,3.914382,1.5,9.9
1743082555.458000,45.319724,6.558134,2339.686080,93.2,4.302135,1.6,9.9
1743082558.459000,45.319721,6.558271,2342.568294,93.1,3.995969,1.4,9.9
1743082561.458000,45.319718,6.558405,2349.775157,93.0,4.085425,1.5,9.9
1743082564.457000,45.319715,6.558540,2360.625116,92.9,4.144692,2.3,9.9
1743082567.459000,45.319711,6.558686,2363.154337,93.0,4.363753,1.5,9.9
1743082570.458000,45.319705,6.558826,2366.356460,93.0,4.321052,3.0,9.9
1743082573.458000,45.319700,6.558962,2370.850147,94.0,4.247402,3.7,9.9
1743082576.458000,45.319694,6.559102,2370.258461,94.0,3.750040,3.9,9.9
1743082579.457000,45.319689,6.559242,2378.970515,94.0,4.287302,1.9,9.9
1743082582.458000,45.319680,6.559388,2381.609763,97.0,4.132279,7.8,9.9
1743082585.459000,45.319676,6.559538,2375.360956,94.0,4.147390,1.7,9.9
1743082588.458000,45.319680,6.559692,2379.777942,92.0,4.213253,1.4,9.9
1743082591.459000,45.319673,6.559842,2382.766462,93.0,4.139164,1.5,9.9
1743082594.458000,45.319666,6.559993,2388.898655,93.0,4.261733,2.4,9.9
1743082597.459000,45.319660,6.560146,2388.743313,92.0,4.021903,1.5,9.9
1743082600.458000,45.319656,6.560297,2389.706617,92.0,3.972813,3.0,9.9
1743082603.458000,45.319650,6.560449,2391.980820,90.1,3.988481,3.8,9.9
1743082606.458000,45.319648,6.560599,2390.390277,87.1,3.868556,4.0,9.9
1743082609.458000,45.319646,6.560746,2393.112403,89.0,3.889396,3.1,9.9
1743082612.459000,45.319643,6.560885,2397.181653,89.0,3.663735,1.9,9.9
1743082615.458000,45.319641,6.561021,2397.891130,88.1,3.627035,5.1,9.9
1743082618.458000,45.319632,6.561153,2402.535585,93.0,3.652375,1.4,9.9
1743082621.459000,45.319627,6.561287,2416.845267,91.9,3.949436,1.5,9.9
1743082624.459000,45.319622,6.561418,2427.512527,93.8,4.228117,2.0,9.9
1743082627.458000,45.319616,6.561546,2432.361235,95.0,4.449806,1.6,9.9
1743082630.458000,45.319612,6.561676,2437.812271,94.9,4.452189,3.4,9.9
1743082633.458000,45.319608,6.561805,2443.731693,94.0,4.020012,2.8,9.9
1743082636.459000,45.319603,6.561933,2447.488777,93.1,3.715149,3.5,9.9
1743082639.459000,45.319598,6.562071,2456.849805,93.0,4.075356,2.0,9.9
1743082642.457000,45.319594,6.562203,2463.154307,94.9,4.093319,3.0,9.9
1743082645.458000,45.319590,6.562337,2463.557581,94.0,3.859851,1.7,9.9
1743082648.458000,45.319584,6.562470,2465.941699,94.0,3.797170,1.4,9.9
1743082651.458000,45.319580,6.562602,2479.911638,93.0,3.911761,1.5,9.9
1743082654.459000,45.319579,6.562732,2491.570871,94.0,4.173636,2.8,9.9
1743082657.458000,45.319577,6.562860,2495.620141,94.9,4.288640,1.6,9.9
1743082660.459000,45.319574,6.562988,2501.723517,93.0,4.512017,3.5,9.9
1743082664.458000,45.319571,6.563156,2511.202962,93.0,4.092504,4.2,9.9
1743082668.458000,45.319565,6.563323,2519.872822,93.0,3.843153,2.1,9.9
1743082672.459000,45.319557,6.563492,2528.495881,94.0,3.939518,3.1,9.9
1743082676.458000,45.319549,6.563660,2530.160165,94.0,3.764812,4.9,9.9
1743082680.458000,45.319541,6.563829,2542.604811,95.0,3.872828,1.3,9.9
1743082683.458000,45.319536,6.563973,2555.096988,95.0,4.209363,2.1,9.9
1743082686.459000,45.319530,6.564111,2560.565035,96.0,4.399204,1.7,9.9
1743082689.459000,45.319522,6.564262,2561.536594,99.0,4.515326,1.5,9.9
1743082692.457000,45.319514,6.564411,2563.337559,95.0,4.293550,4.3,9.9
1743082695.458000,45.319514,6.564560,2561.580814,93.0,3.909776,3.0,9.9
1743082698.459000,45.319509,6.564706,2567.759891,94.0,3.951943,2.1,9.9
1743082701.458000,45.319504,6.564853,2570.386562,94.0,4.014448,3.1,9.9
1743082704.459000,45.319501,6.565000,2567.554205,93.0,4.018012,1.5,9.9
1743082707.458000,45.319498,6.565147,2568.990931,93.0,3.933680,1.4,9.9
1743082710.459000,45.319493,6.565291,2573.744625,92.0,3.931493,1.3,9.9
1743082713.458000,45.319488,6.565440,2584.235541,92.0,4.179819,2.2,9.9
1743082716.458000,45.319484,6.565589,2588.236679,92.0,4.128016,1.7,9.9
1743082719.458000,45.319480,6.565733,2590.089904,92.0,4.150587,1.5,9.9
1743082722.458000,45.319475,6.565880,2593.771665,93.0,4.159613,4.5,9.9
1743082725.458000,45.319468,6.566025,2593.087496,93.0,3.884960,3.0,9.9
1743082728.458000,45.319460,6.566166,2602.984941,96.0,3.955380,1.5,9.9
1743082731.459000,45.319454,6.566308,2603.907621,95.0,3.957676,3.2,9.9
1743082734.459000,45.319461,6.566454,2602.249390,93.0,3.907110,1.5,9.9
1743082737.458000,45.319452,6.566600,2602.466209,92.0,3.944503,1.4,9.9
1743082740.458000,45.319442,6.566741,2607.731424,104.9,3.633839,1.4,9.9
1743082743.458000,45.319442,6.566882,2621.143470,85.0,4.058671,2.2,9.9
1743082746.458000,45.319447,6.567026,2626.939409,84.0,4.181597,1.7,9.9
1743082749.458000,45.319444,6.567167,2629.362730,84.0,4.283289,1.6,9.9
1743082752.459000,45.319444,6.567299,2634.538243,80.0,4.227184,4.8,9.9
1743082755.458000,45.319441,6.567436,2634.336079,92.7,3.817136,4.0,9.9
1743082758.457000,45.319426,6.567575,2646.829476,92.0,4.031924,1.6,9.9
1743082761.458000,45.319420,6.567712,2648.782042,104.9,3.925620,3.1,9.9
1743082764.459000,45.319410,6.567847,2648.982781,83.1,3.638338,1.5,9.9
1743082767.458000,45.319413,6.567986,2649.103290,91.0,4.222335,1.4,9.9
1743082770.459000,45.319409,6.568132,2653.756519,94.1,3.826026,1.4,9.9
1743082773.459000,45.319404,6.568273,2666.207426,93.7,3.638216,1.5,9.9
1743082778.458000,45.319396,6.568430,2673.333042,95.5,3.298589,1.6,9.9
1743082782.458000,45.319394,6.568580,2678.524660,94.0,2.881623,5.1,9.9
1743082786.459000,45.319390,6.568715,2680.732982,85.4,3.498127,2.2,9.9
1743082790.459000,45.319396,6.568863,2687.440543,78.5,2.764218,3.1,9.9
1743082794.459000,45.319378,6.569036,2683.969166,93.0,3.917824,3.9,9.9
1743082797.458000,45.319371,6.569180,2691.153472,92.6,3.919780,2.4,9.9
1743082800.458000,45.319365,6.569314,2692.593048,93.0,3.883520,1.4,9.9
1743082803.458000,45.319360,6.569447,2706.047146,93.0,4.129010,1.5,9.9
1743082806.458000,45.319351,6.569590,2713.745421,95.6,4.403831,1.7,9.9
1743082809.459000,45.319346,6.569742,2714.073419,92.3,4.377324,1.6,9.9
1743082812.457000,45.319343,6.569890,2716.773915,92.0,4.376576,5.4,9.9
1743082815.459000,45.319337,6.570039,2711.369431,92.0,4.041341,1.5,9.9
1743082818.458000,45.319332,6.570191,2724.187741,91.9,4.252259,1.6,9.9
1743082821.458000,45.319325,6.570338,2720.418401,92.1,4.373175,4.4,9.9
1743082824.457000,45.319317,6.570482,2719.061433,93.9,4.225927,3.9,9.9
1743082827.458000,45.319311,6.570624,2723.051065,91.1,4.249108,5.0,9.9
1743082830.458000,45.319309,6.570764,2722.313676,90.0,3.863556,2.6,9.9
1743082833.459000,45.319308,6.570910,2730.899549,89.0,3.899759,1.4,9.9
1743082836.458000,45.319304,6.571055,2745.817344,90.0,4.506469,1.7,9.9
1743082839.458000,45.319298,6.571204,2747.093393,90.0,4.309070,1.6,9.9
1743082842.458000,45.319292,6.571347,2746.749336,91.0,4.311759,1.4,9.9
1743082845.459000,45.319288,6.571488,2745.605179,91.0,3.964078,1.3,9.9
1743082848.458000,45.319287,6.571632,2761.208996,91.0,3.991389,1.6,9.9
1743082851.456000,45.319278,6.571773,2755.094483,100.0,4.170484,3.1,9.9
1743082854.457000,45.319270,6.571914,2758.857685,98.0,4.326505,2.4,9.9
1743082857.457000,45.319272,6.572058,2761.640521,94.0,4.201899,2.2,9.9
1743082860.458000,45.319269,6.572197,2767.452423,90.9,3.942105,1.4,9.9
1743082863.457000,45.319267,6.572342,2782.303592,93.8,4.454722,2.4,9.9
1743082866.457000,45.319258,6.572494,2785.627470,97.9,4.423553,1.8,9.9
1743082869.456000,45.319250,6.572644,2785.363987,92.0,4.374719,1.6,9.9
1743082872.457000,45.319252,6.572796,2790.224725,93.0,4.453032,6.3,9.9
1743082875.457000,45.319250,6.572942,2786.917748,89.9,3.973730,3.5,9.9
1743082878.457000,45.319255,6.573089,2790.743653,87.8,3.919238,4.0,9.9
1743082881.458000,45.319251,6.573235,2789.066801,89.0,3.996695,3.6,9.9
1743082884.457000,45.319245,6.573387,2790.384388,89.0,3.970919,2.4,9.9
1743082887.458000,45.319239,6.573537,2787.643714,90.0,4.028314,2.2,9.9
1743082890.458000,45.319236,6.573689,2790.044946,88.0,3.929109,1.5,9.9
1743082894.457000,45.319231,6.573848,2805.765684,87.0,3.202071,2.5,9.9
1743082898.457000,45.319229,6.574004,2793.583126,85.0,3.849803,1.3,9.9
1743082902.457000,45.319222,6.574150,2793.669561,88.0,3.394918,1.5,9.9
1743082906.457000,45.319217,6.574300,2796.791661,86.0,3.542416,4.0,9.9
1743082910.457000,45.319213,6.574446,2793.745417,85.0,2.953686,4.6,9.9
1743082914.457000,45.319209,6.574596,2796.547548,86.0,2.902993,4.8,9.9
1743082918.457000,45.319206,6.574746,2796.703335,85.1,2.869206,1.5,9.9
1743082922.457000,45.319203,6.574906,2814.548128,85.9,3.715537,2.8,9.9
1743082925.458000,45.319198,6.575054,2814.847812,87.0,4.084233,1.6,9.9
1743082928.457000,45.319192,6.575202,2809.417291,88.0,4.059145,1.4,9.9
1743082931.457000,45.319188,6.575349,2813.664896,88.0,4.242003,1.4,9.9
1743082934.456000,45.319182,6.575495,2821.608613,89.0,4.006872,4.1,9.9
1743082937.458000,45.319177,6.575638,2826.108512,89.0,4.138726,4.4,9.9
1743082940.458000,45.319171,6.575782,2826.161779,89.0,4.003233,3.8,9.9
1743082943.458000,45.319165,6.575923,2829.652207,90.0,3.921809,1.8,9.9
1743082946.457000,45.319160,6.576063,2828.772821,90.0,3.814455,1.6,9.9
1743082949.457000,45.319154,6.576204,2836.033113,92.0,3.801051,2.2,9.9
1743082952.457000,45.319148,6.576346,2855.689692,92.0,4.477340,2.8,9.9
1743082955.457000,45.319144,6.576488,2847.967819,91.0,4.712788,1.4,9.9
1743082958.457000,45.319140,6.576631,2852.398967,91.0,4.862465,1.4,9.9
1743082961.458000,45.319135,6.576769,2857.910355,92.0,4.887193,1.3,9.9
1743082964.457000,45.319128,6.576913,2865.944444,93.9,4.322657,4.1,9.9
1743082967.457000,45.319122,6.577058,2869.399882,93.0,4.156730,4.4,9.9
1743082970.457000,45.319116,6.577201,2868.944933,92.0,4.014413,1.6,9.9
1743082973.458000,45.319113,6.577344,2872.831804,93.0,3.943510,1.6,9.9
1743082976.457000,45.319109,6.577485,2872.414451,93.0,3.752494,1.6,9.9
1743082979.457000,45.319104,6.577626,2877.066186,93.0,3.773942,1.6,9.9
1743082982.457000,45.319098,6.577769,2900.222421,93.0,4.584316,2.7,9.9
1743082985.456000,45.319095,6.577909,2890.677187,93.0,4.833587,1.4,9.9
1743082988.457000,45.319094,6.578046,2896.387145,93.0,5.111520,1.4,9.9
1743082991.456000,45.319088,6.578182,2900.348206,96.0,5.170579,1.3,9.9
1743082994.457000,45.319074,6.578331,2907.825743,100.0,4.136399,2.2,9.9
1743083002.457000,45.319040,6.578479,2902.907484,105.0,3.603269,1.5,10.0
1743083005.457000,45.319036,6.578634,2897.389672,92.0,3.962770,1.7,10.0
1743083008.457000,45.319043,6.578795,2895.262094,68.3,3.844293,1.6,7.9
1743083011.457000,45.319052,6.578935,2902.554239,85.0,3.565441,1.4,4.8
1743083015.457000,45.319093,6.579057,2900.388694,91.0,2.226142,1.4,3.8
1743083020.457000,45.319176,6.578996,2898.313956,309.0,2.175987,1.3,3.8
1743083025.457000,45.319242,6.578897,2901.470493,332.0,5.718440,1.5,3.8
1743083027.457000,45.319373,6.578805,2895.275500,328.0,10.474268,1.4,3.8
1743083028.458000,45.319448,6.578733,2889.760029,323.0,10.793209,1.5,3.8
1743083030.458000,45.319545,6.578542,2884.241407,293.0,9.667126,1.7,3.8
1743083032.456000,45.319619,6.578408,2883.957580,307.0,6.048315,1.8,3.8
1743083034.457000,45.319642,6.578239,2879.175291,278.0,7.670890,1.7,3.8
1743083036.457000,45.319685,6.578103,2876.494140,275.0,6.446774,1.6,3.8
1743083039.458000,45.319745,6.577950,2874.281312,295.0,4.703166,1.6,3.8
1743083041.457000,45.319790,6.577820,2876.897865,297.0,6.040099,1.4,3.8
1743083043.457000,45.319860,6.577700,2874.402530,309.8,6.307146,1.6,3.8
1743083046.457000,45.319880,6.577534,2868.535603,288.7,4.649616,1.3,3.8
1743083048.456000,45.319908,6.577391,2859.007619,263.3,6.319343,1.9,3.8
1743083050.457000,45.319905,6.577232,2857.444332,282.5,5.903795,1.3,3.8
1743083052.457000,45.319962,6.577112,2863.982792,289.4,6.004000,1.4,3.8
1743083055.457000,45.319962,6.576926,2858.348161,272.8,6.754364,1.3,3.8
1743083059.457000,45.320053,6.576825,2851.337058,335.3,4.747134,1.7,3.8
1743083062.457000,45.320086,6.576692,2842.241715,228.0,4.329978,1.4,3.8
1743083072.458000,45.320076,6.576555,2842.458138,258.0,3.770891,1.6,7.5
1743083074.457000,45.320101,6.576429,2840.516434,316.1,5.770259,1.7,9.9
1743083076.456000,45.320180,6.576338,2826.148335,286.1,7.127524,1.9,9.9
1743083078.458000,45.320206,6.576168,2820.876132,306.6,7.962481,1.8,9.9
1743083080.457000,45.320295,6.576026,2813.946519,319.4,7.412974,2.0,9.9
1743083082.457000,45.320408,6.575977,2821.228014,319.6,7.543543,1.3,9.9
1743083084.457000,45.320508,6.575916,2816.777965,1.2,6.498440,1.4,9.9
1743083087.457000,45.320638,6.576001,2808.700990,11.1,7.302892,1.4,9.9
1743083089.457000,45.320741,6.576024,2800.328621,19.1,6.404395,1.3,9.9
1743083091.458000,45.320856,6.576000,2782.575869,337.5,8.644461,1.3,9.9
1743083093.458000,45.320978,6.575994,2779.435280,356.5,8.179137,1.3,9.9
1743083095.457000,45.321129,6.576077,2779.110379,36.3,9.336951,1.7,9.9
1743083097.458000,45.321283,6.576180,2769.646744,19.7,10.908816,1.6,9.9
1743083099.456000,45.321399,6.576301,2762.392411,24.6,7.962850,1.6,9.9
1743083101.458000,45.321532,6.576359,2756.984219,45.7,7.070696,2.2,9.9
1743083103.458000,45.321638,6.576465,2750.754241,18.5,9.752702,1.7,9.9
1743083105.458000,45.321734,6.576583,2739.082940,62.9,6.992167,1.6,9.9
1743083107.457000,45.321822,6.576697,2729.044068,33.9,8.195349,1.6,9.9
1743083109.457000,45.321862,6.576829,2723.209363,61.6,6.574862,1.9,9.9
1743083111.456000,45.321958,6.576926,2718.769281,41.7,7.434635,2.0,9.9
1743083113.457000,45.322054,6.577133,2722.620638,61.5,10.146809,1.3,9.9
1743083114.457000,45.322104,6.577245,2718.789389,62.6,10.250553,1.3,9.9
1743083116.457000,45.322196,6.577439,2711.394341,35.7,10.714354,1.5,9.9
1743083117.457000,45.322255,6.577540,2699.796439,42.6,15.482674,21.0,61.0
1743083118.457000,45.322314,6.577641,2688.198537,63.8,8.692746,1.3,9.9
1743083120.458000,45.322455,6.577723,2689.354132,3.2,10.005917,1.3,9.9
1743083122.457000,45.322596,6.577801,2694.411748,36.8,7.023869,1.7,9.9
1743083124.456000,45.322744,6.577877,2687.927625,15.8,11.425109,1.7,9.9
1743083125.457000,45.322833,6.577937,2682.905449,36.6,10.496984,1.6,9.9
1743083126.457000,45.322908,6.578010,2679.652379,22.8,10.570055,1.6,9.9
1743083128.457000,45.323082,6.578017,2673.782575,353.5,10.750076,1.6,9.9
1743083129.457000,45.323182,6.578000,2669.440190,354.6,12.216558,1.5,9.9
1743083130.457000,45.323282,6.577967,2664.593319,342.0,11.621350,1.5,9.9
1743083131.457000,45.323377,6.577923,2660.822617,344.6,11.636992,2.0,9.9
1743083132.457000,45.323487,6.577907,2650.381761,355.0,13.048034,6.1,10.0
1743083133.457000,45.323584,6.577865,2644.279758,336.4,12.692105,5.0,10.0
1743083134.457000,45.323668,6.577788,2635.851385,319.7,13.099092,1.7,10.0
1743083135.457000,45.323748,6.577695,2633.360199,320.0,13.572971,1.9,10.0
1743083136.457000,45.323840,6.577612,2631.031356,332.5,13.186489,1.6,10.0
1743083137.457000,45.323935,6.577525,2627.619339,313.3,13.057511,1.8,9.9
1743083138.457000,45.324020,6.577431,2623.901410,330.1,12.210174,1.8,9.9
1743083139.457000,45.324122,6.577372,2621.487260,336.4,12.503228,2.0,9.9
1743083140.457000,45.324220,6.577302,2627.061540,328.0,12.721870,1.3,9.9
1743083141.457000,45.324327,6.577256,2624.605458,355.1,13.136128,1.3,9.9
1743083142.457000,45.324436,6.577232,2620.242121,343.8,12.544477,1.3,9.9
1743083143.458000,45.324539,6.577214,2616.141003,7.5,12.602993,1.3,9.9
1743083144.457000,45.324633,6.577266,2612.860171,32.8,11.311391,1.3,9.9
1743083145.457000,45.324715,6.577348,2609.812765,29.3,11.554043,1.3,9.9
1743083146.457000,45.324808,6.577352,2596.776189,16.9,16.689491,21.0,61.0
1743083147.456000,45.324902,6.577357,2583.752649,341.8,10.511671,1.3,9.9
1743083148.457000,45.324995,6.577320,2580.336171,348.5,10.717588,1.3,9.9
1743083150.458000,45.325143,6.577401,2572.422195,29.4,8.306229,1.3,9.9
1743083152.457000,45.325286,6.577546,2578.698241,42.8,9.659176,1.7,9.9
1743083154.456000,45.325359,6.577719,2574.045368,30.8,8.945509,1.6,9.9
1743083156.457000,45.325510,6.577814,2566.793810,25.1,9.381494,1.6,9.9
1743083158.457000,45.325574,6.577973,2561.334343,30.0,8.437499,1.6,9.9
1743083160.457000,45.325681,6.578103,2553.370347,58.9,9.789931,1.9,9.9
1743083162.457000,45.325769,6.578252,2546.713816,6.9,5.795889,6.0,9.9
1743083181.884000,45.325816,6.578292,2521.128662,-1.0,0.003182,7.3,6.5
1743083213.272000,45.325865,6.578428,2518.558702,53.0,0.972490,1.7,5.1
1743083214.458000,45.325926,6.578576,2514.788604,60.3,8.206862,1.6,5.0
1743083216.458000,45.326070,6.578678,2508.838066,17.1,9.397282,1.5,4.8
1743083218.458000,45.326189,6.578838,2501.749032,35.6,10.184246,1.5,3.8
1743083220.458000,45.326337,6.578834,2493.498779,336.8,8.758481,1.5,3.8
1743083222.458000,45.326472,6.578883,2485.831220,44.5,9.014930,1.4,3.8
1743083224.458000,45.326602,6.578991,2482.122890,358.7,9.981358,1.5,3.8
1743083225.458000,45.326692,6.578984,2479.264332,1.0,10.724401,1.4,3.8
1743083227.459000,45.326840,6.579100,2472.278498,38.8,9.777652,1.4,3.8
1743083229.458000,45.327016,6.579120,2469.063083,350.1,11.088990,1.4,3.8
1743083230.458000,45.327112,6.579130,2466.457421,15.3,11.443336,1.4,3.8
1743083231.457000,45.327200,6.579193,2461.416864,34.2,11.398671,1.4,3.8
1743083232.458000,45.327289,6.579267,2459.104382,25.4,12.126315,1.4,3.8
1743083233.459000,45.327398,6.579284,2457.162045,357.4,12.650950,1.4,3.8
1743083234.458000,45.327509,6.579260,2453.832640,349.3,13.145863,1.4,3.8
1743083235.458000,45.327614,6.579259,2449.542040,7.3,12.819406,1.3,3.8
1743083236.458000,45.327707,6.579320,2447.012667,32.8,11.724637,1.3,3.8
1743083237.458000,45.327800,6.579376,2446.194025,11.1,11.919378,1.3,3.8
1743083238.458000,45.327907,6.579375,2444.738572,354.1,12.150096,1.3,3.8
1743083239.459000,45.328018,6.579366,2442.330554,359.0,12.468875,1.3,3.8
1743083240.458000,45.328129,6.579399,2439.746525,19.8,13.139977,1.3,3.8
1743083241.458000,45.328243,6.579421,2436.483669,357.0,13.377001,1.3,3.8
1743083242.459000,45.328365,6.579422,2433.370511,5.0,14.456446,1.3,3.8
1743083243.458000,45.328497,6.579462,2429.918746,15.0,15.997218,1.3,3.8
1743083244.458000,45.328638,6.579528,2424.982327,19.0,17.439381,1.3,3.8
1743083245.458000,45.328782,6.579613,2418.452881,23.0,18.271875,1.3,3.8
1743083246.459000,45.328929,6.579718,2413.630667,28.0,19.277552,1.3,3.8
1743083247.458000,45.329079,6.579838,2407.830811,30.0,20.234138,1.3,3.8
1743083248.458000,45.329233,6.579973,2399.417288,33.0,21.277010,1.3,3.8
1743083249.457000,45.329383,6.580120,2392.862393,37.0,21.152672,1.3,3.8
1743083250.459000,45.329522,6.580271,2387.997580,36.0,19.877110,1.3,3.8
1743083251.458000,45.329655,6.580414,2386.598541,37.0,18.915758,1.3,3.8
1743083252.458000,45.329780,6.580552,2386.432384,37.0,17.443567,1.3,3.8
1743083253.458000,45.329903,6.580676,2385.643207,34.0,16.284895,1.3,3.8
1743083254.458000,45.330019,6.580790,2386.846442,35.0,15.040924,1.3,3.8
1743083255.458000,45.330125,6.580901,2386.346718,37.0,14.235543,1.3,3.8
1743083256.458000,45.330226,6.581009,2385.440607,36.0,14.005795,1.3,3.8
1743083257.458000,45.330333,6.581112,2386.085452,34.0,14.203307,1.3,3.8
1743083258.458000,45.330437,6.581210,2384.573451,32.0,13.828718,1.3,3.8
1743083259.458000,45.330540,6.581303,2382.762773,31.0,13.196441,1.3,3.8
1743083260.458000,45.330642,6.581379,2381.765246,25.0,12.919757,1.3,3.8
1743083261.459000,45.330747,6.581447,2381.436623,24.0,12.822773,1.3,3.8
1743083262.458000,45.330855,6.581514,2380.310523,23.0,13.073512,1.3,3.8
1743083263.457000,45.330968,6.581575,2379.298415,19.0,13.507790,1.3,3.8
1743083264.458000,45.331083,6.581630,2376.406269,17.0,13.675747,1.3,3.8
1743083265.458000,45.331202,6.581675,2373.486682,13.0,13.912656,1.3,3.8
1743083266.458000,45.331323,6.581717,2372.299363,14.0,14.063270,1.3,3.8
1743083267.458000,45.331446,6.581757,2370.078343,12.0,14.129165,1.3,3.8
1743083268.457000,45.331569,6.581787,2368.125063,7.0,13.954506,1.3,3.8
1743083269.459000,45.331692,6.581812,2366.112332,8.0,13.952268,1.3,3.8
1743083270.457000,45.331814,6.581834,2365.467127,6.0,13.686981,1.3,3.8
1743083271.458000,45.331934,6.581846,2364.659067,2.0,13.319057,1.3,3.8
1743083272.458000,45.332052,6.581852,2363.379064,0.0,13.034051,1.3,3.8
1743083273.458000,45.332164,6.581854,2363.777775,359.0,12.454679,1.3,3.8
1743083274.459000,45.332274,6.581851,2362.953601,358.0,12.098343,1.3,3.8
1743083275.458000,45.332380,6.581844,2362.484901,356.0,11.384316,1.3,3.8
1743083276.458000,45.332478,6.581837,2362.826697,356.0,10.752090,1.3,3.8
1743083277.459000,45.332573,6.581830,2362.684360,356.0,10.189717,1.3,3.8
1743083278.458000,45.332664,6.581817,2361.942066,354.0,10.078935,1.3,3.8
1743083280.459000,45.332834,6.581778,2362.347778,349.0,9.446763,1.3,3.8
1743083282.458000,45.332998,6.581738,2361.604064,349.0,9.047384,1.3,3.8
1743083284.457000,45.333160,6.581699,2361.504754,350.0,8.996490,1.3,3.8
1743083286.458000,45.333323,6.581647,2361.076864,349.0,9.220761,1.3,3.8
1743083288.458000,45.333494,6.581595,2358.736962,353.1,9.734706,1.3,3.8
1743083290.458000,45.333670,6.581535,2357.707232,336.0,10.351421,1.3,3.8
1743083291.458000,45.333760,6.581481,2357.328469,337.0,10.595282,1.3,3.8
1743083292.458000,45.333854,6.581445,2357.393066,347.0,10.653257,1.3,3.8
1743083293.458000,45.333946,6.581402,2356.189649,339.0,10.793538,1.3,3.8
1743083294.459000,45.334033,6.581356,2355.445937,341.0,10.756603,1.3,3.8
1743083295.458000,45.334123,6.581351,2353.214392,6.0,9.976601,1.3,3.8
1743083297.458000,45.334282,6.581286,2351.731153,348.0,9.341059,1.3,3.8
1743083299.458000,45.334428,6.581276,2348.834637,340.0,9.171105,1.3,3.8
1743083301.458000,45.334580,6.581285,2344.231897,359.0,8.282512,1.3,3.8
1743083303.458000,45.334691,6.581360,2341.724136,19.0,8.009604,1.3,3.8
1743083306.459000,45.334774,6.581492,2336.933567,50.0,4.595355,1.3,3.8
1743083309.458000,45.334911,6.581474,2334.029520,353.0,6.444032,1.3,3.8
1743083311.459000,45.334998,6.581580,2330.595834,62.0,7.262936,1.3,3.8
1743083313.458000,45.335132,6.581674,2327.317578,13.0,9.781898,1.3,3.8
1743083315.458000,45.335284,6.581810,2322.388848,28.0,11.384918,1.3,3.8
1743083316.458000,45.335389,6.581846,2319.843856,8.0,12.640652,1.3,3.8
1743083317.458000,45.335499,6.581870,2315.691246,8.0,14.149897,1.3,3.8
1743083318.458000,45.335624,6.581921,2310.250905,18.0,15.700234,1.3,3.8
1743083319.459000,45.335754,6.581994,2306.305999,22.0,16.380808,1.3,3.8
1743083320.459000,45.335885,6.582058,2301.725134,20.0,15.754968,1.3,3.8
1743083321.458000,45.336006,6.582110,2301.350856,14.0,14.045100,1.3,3.8
1743083322.458000,45.336122,6.582130,2306.322447,2.0,12.866081,1.3,3.8
1743083323.458000,45.336231,6.582114,2310.725104,346.0,12.322408,1.3,3.8
1743083324.459000,45.336322,6.582059,2310.725104,330.0,10.896211,1.3,3.8
1743083326.458000,45.336433,6.581946,2307.327582,301.7,5.482028,1.3,3.8
1743083332.458000,45.336533,6.581944,2303.493949,356.0,3.802882,1.3,3.8
1743083334.458000,45.336624,6.581917,2301.140202,343.1,6.960569,1.3,3.8
1743083336.458000,45.336771,6.581823,2298.093033,335.6,9.288702,1.3,3.8
1743083337.458000,45.336861,6.581759,2296.146877,335.0,11.755995,1.3,3.8
1743083338.458000,45.336962,6.581700,2292.716334,339.9,12.511110,1.3,3.8
1743083339.458000,45.337069,6.581661,2290.056020,347.4,12.842031,1.3,3.8
1743083340.459000,45.337186,6.581638,2287.390570,353.6,13.622559,1.3,3.8
1743083341.458000,45.337306,6.581653,2283.971017,10.6,13.926505,1.3,3.8
1743083342.458000,45.337420,6.581701,2281.102613,18.8,13.432557,1.3,3.8
1743083343.458000,45.337531,6.581769,2279.708690,25.8,13.905334,1.3,3.8
1743083344.458000,45.337644,6.581842,2276.436075,24.0,14.075135,1.3,3.8
1743083345.458000,45.337761,6.581917,2274.062873,23.0,14.677687,1.3,3.8
1743083346.458000,45.337874,6.582010,2272.475253,35.6,14.686721,1.3,3.8
1743083347.457000,45.337974,6.582133,2268.314312,43.7,14.905568,1.3,3.8
1743083348.458000,45.338063,6.582265,2265.995587,49.9,14.444839,1.3,3.8
1743083349.458000,45.338144,6.582404,2264.440957,51.7,14.336957,1.3,3.8
1743083350.458000,45.338215,6.582548,2262.473535,56.9,13.550666,1.3,3.8
1743083351.457000,45.338288,6.582675,2259.900953,48.2,12.767272,1.3,3.8
1743083352.458000,45.338359,6.582802,2258.356327,56.8,13.189671,1.3,3.8
1743083353.459000,45.338427,6.582920,2256.931411,45.3,11.555755,1.3,3.8
1743083354.459000,45.338499,6.582997,2255.350789,34.3,9.402542,1.3,3.8
1743083356.458000,45.338612,6.583088,2254.665991,12.4,6.567563,1.3,3.8
1743083358.457000,45.338706,6.583156,2254.667375,41.5,6.226758,1.3,3.8
1743083360.458000,45.338788,6.583298,2254.062533,50.0,7.175708,1.3,3.8
1743083362.458000,45.338878,6.583400,2251.414614,26.2,5.424065,1.3,3.8
1743083369.457000,45.338844,6.583526,2249.892330,91.0,5.924389,1.3,3.8
1743083372.458000,45.338814,6.583707,2244.337027,89.2,6.749634,1.3,3.8
1743083374.458000,45.338804,6.583866,2239.733449,88.0,4.414582,1.3,3.8
1743083379.457000,45.338844,6.583988,2231.893176,61.0,2.889815,1.3,3.8
1743083381.458000,45.338859,6.584127,2229.271598,84.8,6.366563,1.3,3.8
1743083383.459000,45.338913,6.584251,2224.474296,47.0,5.217622,1.3,3.8
1743083385.458000,45.338944,6.584408,2219.634545,80.9,7.422215,1.3,3.8
1743083387.458000,45.339000,6.584533,2214.933401,70.8,5.745486,1.3,3.8
1743083389.459000,45.339027,6.584707,2209.766507,61.4,7.205688,1.3,3.8
1743083392.458000,45.339099,6.584845,2204.317824,71.0,6.319490,1.3,4.8
1743083394.459000,45.339113,6.584998,2200.872557,57.0,6.494725,1.3,7.5
1743083398.458000,45.339169,6.585102,2194.759357,44.0,4.678115,1.3,9.9
1743083400.459000,45.339224,6.585252,2192.569587,62.0,9.090938,1.3,9.9
1743083402.458000,45.339348,6.585395,2187.792231,20.0,9.146276,1.3,9.9
1743083404.458000,45.339462,6.585559,2184.671583,46.0,9.897318,1.3,9.9
1743083405.458000,45.339528,6.585646,2183.348320,39.0,10.511157,1.3,9.9
1743083406.458000,45.339607,6.585723,2180.472849,32.0,10.941222,1.3,9.9
1743083407.458000,45.339698,6.585788,2178.705834,21.0,11.840178,1.3,9.9
1743083408.459000,45.339800,6.585828,2176.643184,11.0,11.989052,1.3,9.9
1743083409.459000,45.339896,6.585885,2175.113590,33.0,11.810258,1.3,9.9
1743083410.459000,45.339981,6.585972,2173.515036,36.0,11.690166,1.3,9.9
1743083411.459000,45.340074,6.586025,2171.082819,8.0,11.654603,1.3,9.9
1743083412.457000,45.340176,6.586052,2168.058396,18.0,11.512126,1.3,9.9
1743083413.458000,45.340271,6.586102,2166.578333,19.0,11.392015,1.3,9.9
1743083414.458000,45.340363,6.586132,2165.321336,4.0,10.767220,1.3,9.9
1743083415.458000,45.340459,6.586150,2163.263369,13.0,11.034613,1.3,9.9
1743083416.458000,45.340548,6.586189,2161.069831,20.0,10.037733,1.3,9.9
1743083417.458000,45.340626,6.586267,2159.544701,43.9,11.766429,1.3,9.9
1743083418.458000,45.340706,6.586344,2156.561439,14.1,10.666529,1.3,9.9
1743083419.457000,45.340798,6.586353,2152.791000,0.0,10.695315,1.3,9.9
1743083421.458000,45.340910,6.586496,2149.442000,74.9,9.793246,1.3,9.9
1743083423.458000,45.341026,6.586652,2146.279330,25.0,9.659608,1.3,9.9
1743083425.458000,45.341102,6.586814,2142.905345,100.9,6.337010,1.3,9.9
1743083428.458000,45.341093,6.587021,2138.312000,77.1,7.372420,1.3,6.2
1743083430.458000,45.341132,6.587278,2131.872885,83.0,12.027077,1.3,4.8
1743083431.457000,45.341147,6.587438,2128.694819,83.0,13.130809,1.3,3.8
1743083432.458000,45.341148,6.587610,2125.943878,93.0,14.241401,1.3,3.8
1743083433.458000,45.341147,6.587793,2120.652058,90.0,15.000740,1.3,3.8
1743083434.458000,45.341157,6.587980,2118.245016,84.0,15.440427,1.3,3.8
1743083435.459000,45.341177,6.588170,2114.454626,79.0,15.367696,1.3,3.8
1743083436.459000,45.341202,6.588348,2111.919345,75.0,14.385189,1.3,3.8
1743083437.458000,45.341229,6.588521,2109.930258,76.0,14.185460,1.3,3.8
1743083438.459000,45.341267,6.588674,2108.511870,67.0,12.475269,1.3,3.8
1743083439.458000,45.341305,6.588809,2109.371173,68.0,11.170695,1.3,3.8
1743083440.458000,45.341351,6.588935,2108.897694,62.0,10.865116,1.3,3.8
1743083441.457000,45.341395,6.589052,2109.748622,64.0,9.544998,1.3,3.8
1743083443.458000,45.341424,6.589282,2109.262210,92.0,8.840892,1.3,3.8
1743083445.458000,45.341388,6.589499,2108.340165,108.0,8.545292,1.3,3.8
1743083447.458000,45.341352,6.589717,2106.604440,114.0,8.063054,1.3,3.8
1743083450.458000,45.341311,6.589850,2106.456630,52.9,1.709719,1.3,3.8
1743083526.459000,45.341296,6.589979,2112.416796,119.6,0.765112,1.4,3.8
1743083549.458000,45.341255,6.590102,2114.085110,4.3,0.474440,1.6,7.9
1743083561.459000,45.341334,6.590188,2113.426683,8.3,0.974704,1.7,7.4
1743083589.458000,45.341340,6.590052,2112.511198,327.0,0.721709,1.6,12.9
1743083594.458000,45.341398,6.589934,2114.966168,309.9,1.047063,1.7,14.3
1743083606.459000,45.341229,6.590137,2115.528731,129.8,2.023378,2.0,12.0
1743083607.459000,45.341133,6.590316,2115.350125,124.4,3.878147,1.9,11.7
1743083608.458000,45.341047,6.590463,2115.377734,130.0,4.833914,1.9,11.5
1743083610.458000,45.340945,6.590615,2123.600098,138.4,4.537920,2.7,10.9
1743083613.457000,45.340852,6.590744,2119.541908,133.0,5.046679,2.1,10.1
1743083616.458000,45.340768,6.590865,2120.271799,131.0,4.276908,2.0,9.9
1743083619.458000,45.340683,6.590990,2127.090713,132.4,4.763247,3.4,8.9
1743083622.457000,45.340601,6.591121,2123.600098,134.8,4.623846,2.0,5.0
1743083625.458000,45.340523,6.591245,2132.032217,134.8,5.121424,3.2,3.8
1743083628.458000,45.340446,6.591369,2128.664204,131.0,4.786451,2.0,3.8
1743083631.458000,45.340369,6.591497,2132.631591,132.6,4.677743,2.2,3.8
1743083634.458000,45.340289,6.591617,2135.016809,139.5,4.619704,2.2,3.8
1743083637.459000,45.340212,6.591746,2143.315178,133.4,4.601891,4.0,3.8
1743083640.459000,45.340151,6.591844,2146.982314,135.0,3.893318,3.6,3.8
1743083644.459000,45.340094,6.591945,2143.779783,134.2,2.692864,2.2,3.8
1743083652.458000,45.340032,6.592044,2151.234783,141.2,1.810440,4.1,3.8
1743083662.458000,45.339974,6.592144,2149.061738,141.0,1.200088,2.4,3.8
1743083673.459000,45.339913,6.592239,2156.603242,134.0,1.180727,3.1,3.8
1743083683.458000,45.339844,6.592349,2160.171789,134.0,1.681624,4.2,3.8
1743083688.458000,45.339778,6.592452,2157.490967,135.0,2.489306,1.5,3.8
1743083692.458000,45.339711,6.592558,2164.102591,137.0,3.066134,2.6,3.8
1743083695.459000,45.339650,6.592653,2170.194837,135.0,3.585713,4.9,3.8
1743083698.458000,45.339582,6.592762,2167.654754,138.9,4.023129,1.6,7.5
1743083701.459000,45.339507,6.592868,2172.434700,137.0,4.402969,1.5,9.9
1743083704.458000,45.339424,6.592979,2177.117209,143.0,4.444406,1.6,9.9
1743083707.459000,45.339343,6.593092,2183.858862,138.0,4.471982,2.1,9.9
1743083710.459000,45.339275,6.593220,2188.774960,132.0,4.571919,2.1,9.9
1743083713.458000,45.339202,6.593341,2191.605713,131.0,4.447384,1.5,9.9
1743083716.458000,45.339131,6.593454,2198.459917,133.0,4.451390,1.7,9.9
1743083719.458000,45.339051,6.593575,2202.548292,133.0,4.879191,1.5,9.9
1743083722.458000,45.338976,6.593691,2207.922232,131.6,4.393035,1.7,9.9
1743083725.457000,45.338906,6.593802,2213.379951,128.8,4.200884,1.6,9.9
1743083728.459000,45.338834,6.593915,2220.802831,127.6,4.251575,1.8,9.9
1743083731.458000,45.338771,6.594029,2227.469316,114.6,4.478386,1.5,9.9
1743083734.458000,45.338714,6.594164,2235.494227,108.1,4.647248,2.1,9.9
1743083737.458000,45.338639,6.594282,2238.342621,115.3,4.510750,1.6,9.9
1743083740.459000,45.338563,6.594389,2243.331805,114.4,4.439867,1.4,9.9
1743083743.458000,45.338489,6.594499,2252.573348,115.2,4.585685,2.1,9.9
1743083746.458000,45.338410,6.594609,2259.367428,120.5,4.623431,2.0,9.9
1743083749.458000,45.338331,6.594725,2261.947181,117.4,4.572916,1.5,9.9
1743083752.458000,45.338250,6.594844,2268.100978,118.8,4.678329,2.0,9.9
1743083755.459000,45.338168,6.594959,2270.869703,116.9,4.369413,1.5,9.9
1743083758.458000,45.338079,6.595063,2279.283799,131.0,4.600650,1.6,9.9
1743083761.458000,45.337999,6.595172,2282.973809,133.5,4.386114,1.5,9.9
1743083764.458000,45.337928,6.595290,2287.575063,128.2,4.390907,1.5,9.9
1743083767.459000,45.337860,6.595425,2292.664475,121.5,4.690155,1.5,9.9
1743083770.459000,45.337793,6.595548,2298.075285,118.6,4.448752,1.5,9.9
1743083773.459000,45.337721,6.595669,2302.802287,117.5,4.526162,1.5,9.9
1743083776.459000,45.337644,6.595788,2310.514510,118.1,4.570110,2.3,9.9
1743083779.459000,45.337567,6.595900,2315.148757,128.7,4.536628,1.9,9.9
1743083782.458000,45.337479,6.596009,2320.679370,128.4,4.592314,2.1,9.9
1743083785.459000,45.337399,6.596114,2323.807738,132.0,4.402320,1.5,9.9
1743083788.459000,45.337320,6.596222,2328.670542,132.0,4.746054,1.5,9.9
1743083791.457000,45.337239,6.596342,2332.796095,133.0,4.553429,1.6,9.9
1743083794.459000,45.337162,6.596462,2335.509390,133.0,4.282031,1.4,9.9
1743083797.458000,45.337082,6.596585,2340.328463,133.0,4.458658,1.4,9.9
1743083800.458000,45.337006,6.596703,2346.799966,134.0,4.407376,1.4,9.9
1743083803.459000,45.336928,6.596815,2353.566418,134.0,4.514259,1.5,9.9
1743083806.458000,45.336849,6.596933,2359.136067,134.0,4.665753,1.9,9.9
1743083809.458000,45.336776,6.597045,2365.202585,136.0,4.531967,1.6,9.9
1743083812.457000,45.336696,6.597165,2369.898633,135.0,4.875726,1.7,9.9
1743083815.458000,45.336621,6.597283,2373.973591,135.0,4.623275,1.6,9.9
1743083818.459000,45.336546,6.597395,2376.580918,135.0,4.368464,1.5,9.9
1743083821.459000,45.336470,6.597516,2381.082238,135.0,4.461061,1.5,9.9
1743083824.459000,45.336395,6.597636,2386.681447,134.0,4.351329,1.6,9.9
1743083827.458000,45.336319,6.597756,2391.562642,134.0,4.513985,1.4,9.9
1743083830.458000,45.336244,6.597876,2398.082916,133.0,4.520792,1.5,9.9
1743083833.458000,45.336170,6.597990,2403.586778,133.0,4.462990,1.5,9.9
1743083836.458000,45.336093,6.598105,2409.627636,133.0,4.832847,1.5,9.9
1743083839.458000,45.336015,6.598223,2414.215694,133.0,4.613197,1.5,9.9
1743083842.458000,45.335938,6.598341,2420.664551,134.0,4.529423,1.8,9.9
1743083845.458000,45.335859,6.598461,2425.398412,134.0,4.531066,1.5,9.9
1743083848.458000,45.335784,6.598577,2427.268407,134.0,4.289526,1.4,9.9
1743083851.458000,45.335712,6.598688,2434.003668,134.0,4.426534,1.4,9.9
1743083854.458000,45.335632,6.598804,2440.102470,136.0,4.270671,1.4,9.9
1743083857.458000,45.335558,6.598913,2446.950888,135.0,4.312003,1.5,9.9
1743083860.459000,45.335482,6.599021,2453.164187,139.0,4.519428,1.4,9.9
1743083863.459000,45.335413,6.599136,2461.092390,133.0,4.472025,1.4,9.9
1743083866.458000,45.335346,6.599252,2467.658752,133.0,4.560047,1.4,9.9
1743083869.459000,45.335272,6.599368,2475.278742,133.0,4.895284,1.5,9.9
1743083872.458000,45.335200,6.599481,2482.835919,133.0,4.659669,1.9,9.9
1743083875.459000,45.335126,6.599596,2489.575123,133.0,4.685505,1.5,9.9
1743083878.458000,45.335054,6.599709,2495.786255,131.0,4.559556,1.5,9.9
1743083881.458000,45.334986,6.599820,2501.944612,132.0,4.479415,1.7,9.9
1743083884.458000,45.334912,6.599932,2508.117316,132.0,4.671971,1.5,9.9
1743083887.458000,45.334840,6.600044,2511.833058,133.0,4.282938,1.4,9.9
1743083890.458000,45.334772,6.600158,2518.348691,128.0,4.383055,1.4,9.9
1743083893.458000,45.334702,6.600271,2526.131998,132.0,4.460940,1.4,9.9
1743083896.458000,45.334626,6.600381,2531.653825,133.0,4.295341,1.4,9.9
1743083899.458000,45.334551,6.600494,2542.463596,133.0,4.830586,1.5,9.9
1743083902.458000,45.334480,6.600608,2545.555597,133.0,4.572195,1.4,9.9
1743083905.458000,45.334407,6.600720,2552.786968,132.0,4.557454,1.4,9.9
1743083908.457000,45.334334,6.600834,2559.869244,132.0,4.580524,1.4,9.9
1743083911.458000,45.334262,6.600945,2566.033998,132.0,4.295982,1.4,9.9
1743083914.458000,45.334188,6.601056,2573.941157,132.0,4.906531,1.5,9.9
1743083917.458000,45.334114,6.601168,2580.287923,132.0,4.687521,1.5,9.9
1743083920.459000,45.334042,6.601278,2586.010713,133.0,4.545795,1.5,9.9
1743083923.458000,45.333968,6.601394,2591.288413,134.0,4.546943,1.4,9.9
1743083926.458000,45.333888,6.601495,2598.747211,140.0,4.379210,1.4,9.9
1743083929.458000,45.333817,6.601602,2605.785116,135.0,4.519827,1.4,9.9
1743083932.458000,45.333743,6.601715,2612.116785,143.0,4.527214,1.4,9.9
1743083935.459000,45.333667,6.601816,2618.526340,147.0,4.400712,1.4,9.9
1743083938.459000,45.333589,6.601928,2624.862772,149.0,4.897144,1.4,9.9
1743083941.458000,45.333512,6.602044,2630.592785,147.0,4.484003,1.4,9.9
1743083944.458000,45.333443,6.602161,2637.598929,144.0,4.449027,1.4,9.9
1743083947.459000,45.333372,6.602280,2644.167952,142.0,4.571292,1.4,9.9
1743083950.459000,45.333305,6.602394,2652.605542,141.0,4.525721,1.4,9.9
1743083953.458000,45.333233,6.602497,2660.918319,149.0,4.772845,1.5,9.9
1743083956.458000,45.333154,6.602603,2666.756671,147.3,4.651769,1.5,9.9
1743083959.458000,45.333083,6.602712,2671.389782,145.4,4.461983,1.4,9.9
1743083962.457000,45.333006,6.602833,2677.494412,144.2,4.755096,1.4,9.9
1743083965.458000,45.332927,6.602949,2683.141437,142.9,4.545064,1.4,9.9
1743083968.458000,45.332854,6.603069,2687.691132,137.7,4.435572,1.4,9.9
1743083971.458000,45.332777,6.603193,2694.832768,140.0,4.575747,1.4,9.9
1743083974.458000,45.332705,6.603306,2702.518513,137.0,4.486331,1.4,7.9
1743083977.458000,45.332631,6.603420,2706.665237,138.9,4.502485,1.4,4.8
1743083980.458000,45.332556,6.603544,2713.688708,131.2,4.668558,1.4,3.8
1743083983.459000,45.332486,6.603659,2719.943541,131.4,4.420797,1.4,3.8
1743083986.458000,45.332414,6.603778,2725.753464,131.1,4.494336,1.4,3.8
1743083989.458000,45.332341,6.603888,2731.601009,129.1,4.542162,1.4,3.8
1743083992.458000,45.332263,6.604002,2739.487409,132.0,4.831464,1.4,3.8
1743083995.457000,45.332189,6.604117,2746.024180,130.0,4.630621,1.4,3.8
1743083998.459000,45.332122,6.604226,2752.414973,130.0,4.471008,1.4,3.8
1743084001.458000,45.332052,6.604336,2758.388854,129.0,4.571914,1.4,3.8
1743084004.457000,45.331985,6.604449,2767.052811,122.1,4.457993,1.4,3.8
1743084007.459000,45.331919,6.604560,2773.773073,124.0,4.490472,1.4,3.8
1743084010.458000,45.331848,6.604672,2778.087602,126.0,4.527388,1.4,3.8
1743084013.457000,45.331778,6.604779,2784.258041,126.0,4.360800,1.4,3.8
1743084016.458000,45.331706,6.604887,2794.809141,126.0,4.533378,1.4,3.8
1743084019.458000,45.331634,6.605000,2801.681545,125.3,4.504928,1.4,3.8
1743084022.458000,45.331562,6.605106,2810.520295,130.9,4.641512,1.4,3.8
1743084025.458000,45.331490,6.605216,2817.958907,129.4,4.965014,1.4,3.8
1743084028.458000,45.331418,6.605330,2824.408901,125.4,4.640059,1.4,3.8
1743084031.459000,45.331349,6.605441,2827.059944,126.1,4.487580,1.4,3.8
1743084034.457000,45.331281,6.605558,2834.515654,116.3,4.496502,1.4,3.8
1743084037.458000,45.331203,6.605658,2840.331413,132.0,4.657090,1.4,7.5
1743084040.458000,45.331126,6.605762,2846.491580,132.0,4.348369,1.4,9.9
1743084043.458000,45.331052,6.605877,2854.310200,132.8,4.612721,1.4,9.9
1743084046.459000,45.330979,6.605981,2861.624976,137.1,4.417774,1.4,9.9
1743084049.458000,45.330908,6.606099,2868.014965,132.0,4.489304,1.4,9.9
1743084052.458000,45.330837,6.606213,2875.672560,129.3,4.466540,1.4,9.9
1743084055.458000,45.330772,6.606327,2887.314898,138.1,4.686229,1.4,9.9
1743084058.458000,45.330680,6.606384,2890.384409,183.6,4.304556,1.4,9.9
1743084062.459000,45.330577,6.606458,2900.405319,176.3,4.481389,1.4,9.9
1743084065.459000,45.330496,6.606590,2907.768984,164.3,4.657322,1.4,9.9
1743084068.458000,45.330434,6.606745,2914.390905,149.5,4.384181,1.4,9.9
1743084071.458000,45.330359,6.606851,2920.977371,163.8,4.535841,1.3,9.9
1743084074.458000,45.330281,6.606946,2929.784106,171.8,4.606604,1.4,9.9
1743084077.457000,45.330209,6.607039,2936.720599,177.5,4.481890,1.4,9.9
1743084080.459000,45.330137,6.607146,2945.627626,167.8,4.721997,1.4,9.9
1743084083.457000,45.330067,6.607268,2951.814735,173.2,4.623453,1.4,9.9
1743084086.459000,45.329988,6.607365,2957.994843,170.0,4.546343,1.4,9.9
1743084089.457000,45.329910,6.607493,2963.536852,170.7,4.604372,1.4,9.9
1743084092.458000,45.329847,6.607626,2966.818613,136.7,4.380549,1.4,9.9
1743084095.458000,45.329782,6.607785,2971.475975,132.8,4.903487,1.3,9.9
1743084098.458000,45.329702,6.607918,2976.144303,144.8,4.562338,1.4,9.9
1743084101.457000,45.329604,6.607977,2977.747174,191.7,4.244310,1.3,9.9
1743084104.459000,45.329510,6.608078,2978.536877,160.7,4.535994,1.4,9.9
1743084106.458000,45.329456,6.608194,2975.567117,153.6,4.554892,1.3,9.9
1743084108.459000,45.329416,6.608312,2973.719097,133.2,4.419191,1.4,9.9
1743084111.458000,45.329346,6.608465,2976.345630,135.0,4.571350,1.4,9.9
1743084114.458000,45.329270,6.608603,2971.415924,130.5,4.626733,1.3,9.9
1743084117.458000,45.329193,6.608730,2970.216060,131.1,4.530853,1.4,9.9
1743084120.458000,45.329112,6.608858,2968.514428,132.6,4.606266,1.3,9.9
1743084123.458000,45.329038,6.608990,2967.536408,129.9,4.387795,1.3,9.9
1743084126.459000,45.328956,6.609111,2966.378023,133.0,4.597272,1.4,9.9
1743084129.457000,45.328876,6.609240,2966.914947,131.2,4.480900,1.4,9.9
1743084132.457000,45.328789,6.609336,2966.503315,180.1,3.868265,1.3,9.9
1743084136.459000,45.328671,6.609357,2966.426648,205.3,4.108216,1.4,9.9
1743084139.458000,45.328585,6.609493,2966.861579,157.2,3.411805,1.3,9.9
1743084142.458000,45.328546,6.609650,2972.486572,139.5,2.282978,1.4,9.9
1743084161.458000,45.328454,6.609622,2968.028261,232.0,0.823038,1.3,9.9
1743084192.458000,45.328516,6.609529,2967.855657,311.6,2.069713,1.4,9.9
1743084195.457000,45.328575,6.609425,2966.865055,311.3,3.715725,1.4,9.9
1743084198.458000,45.328642,6.609330,2965.249524,330.6,3.090569,1.4,9.9
1743084202.457000,45.328738,6.609224,2965.814878,328.0,3.699869,1.4,9.9
1743084205.457000,45.328816,6.609154,2962.088844,346.0,2.155367,1.4,6.9
1743084210.456000,45.328912,6.609142,2962.042869,335.0,1.747988,1.4,3.8
1743084229.875000,45.328914,6.609120,2909.395996,291.0,1.168523,2.7,3.8
1743084234.457000,45.328975,6.609010,2908.666043,313.0,4.632529,1.6,3.8
1743084237.458000,45.329084,6.608889,2907.932212,330.0,5.267235,1.6,4.3
1743084239.456000,45.329179,6.608824,2906.352851,337.1,6.116106,1.6,4.3
1743084241.457000,45.329274,6.608747,2903.111054,319.2,6.895743,1.5,3.8
1743084243.457000,45.329374,6.608643,2901.619201,331.9,7.284690,1.5,3.8
1743084245.457000,45.329498,6.608572,2900.216728,340.0,7.885945,1.5,3.8
1743084247.457000,45.329605,6.608503,2898.163995,341.6,6.912435,1.5,3.8
1743084249.458000,45.329720,6.608460,2897.192018,342.8,6.751255,1.5,3.8
1743084251.458000,45.329809,6.608375,2895.610666,312.1,5.524685,1.5,3.8
1743084253.457000,45.329864,6.608269,2894.713954,318.9,5.385253,1.5,3.8
1743084255.457000,45.329932,6.608139,2893.877453,312.7,6.183123,1.4,3.8
1743084257.458000,45.329998,6.607975,2891.248238,317.0,6.906804,1.4,3.8
1743084259.457000,45.330113,6.607819,2887.266135,323.6,8.184898,1.4,3.8
1743084261.457000,45.330210,6.607630,2882.469976,313.3,8.802549,1.4,3.8
1743084263.457000,45.330329,6.607462,2877.643785,311.5,9.158250,1.4,3.8
1743084265.457000,45.330375,6.607314,2873.611415,294.0,6.838302,1.4,3.8
1743084270.458000,45.330423,6.607201,2868.210912,309.4,2.170514,1.3,3.8
1743084273.457000,45.330496,6.607113,2866.423367,319.3,5.158348,1.3,3.8
1743084275.458000,45.330614,6.607027,2859.831297,354.4,7.611916,1.3,3.8
1743084277.457000,45.330717,6.606924,2853.490395,316.0,7.511497,1.3,3.8
1743084279.457000,45.330849,6.606827,2846.162184,311.0,8.266788,1.3,3.8
1743084281.457000,45.330949,6.606701,2837.782844,327.0,8.264648,1.3,3.8
1743084283.457000,45.331041,6.606629,2831.884006,312.1,8.112519,1.3,3.8
1743084285.457000,45.331158,6.606508,2822.946781,343.8,8.760414,1.3,3.8
1743084287.458000,45.331260,6.606418,2817.499507,299.2,8.387064,1.3,3.8
1743084289.457000,45.331274,6.606250,2811.822074,257.0,7.033485,1.3,3.8
1743084291.457000,45.331270,6.606108,2806.875536,282.0,8.532226,1.3,3.8
1743084293.457000,45.331276,6.605910,2799.214178,253.0,7.621944,1.3,3.8
1743084295.456000,45.331224,6.605796,2790.943337,223.0,6.639661,1.3,3.8
1743084300.457000,45.331162,6.605676,2782.155219,223.0,3.956121,1.3,6.2
1743084304.457000,45.331090,6.605480,2775.931794,243.0,10.763672,1.3,9.9
1743084305.457000,45.331041,6.605338,2772.065467,244.0,13.118464,1.3,9.9
1743084306.457000,45.330988,6.605178,2768.805662,243.0,14.398273,1.3,9.9
1743084307.458000,45.330928,6.605009,2760.909195,242.0,16.024506,1.3,9.9
1743084308.458000,45.330862,6.604837,2755.377911,239.0,16.376375,1.3,9.9
1743084309.457000,45.330796,6.604672,2752.435264,241.0,15.307753,1.3,9.9
1743084310.457000,45.330737,6.604513,2750.940429,243.0,14.532997,1.3,9.9
1743084311.456000,45.330680,6.604361,2747.308801,240.0,13.766947,1.3,9.9
1743084312.457000,45.330622,6.604219,2745.305678,239.0,12.349808,1.3,9.9
1743084313.457000,45.330569,6.604085,2744.001326,242.0,11.554164,1.3,9.9
1743084314.457000,45.330526,6.603954,2744.225214,248.0,11.460827,1.3,9.9
1743084315.457000,45.330492,6.603822,2743.664120,250.0,11.027539,1.3,9.9
1743084316.457000,45.330463,6.603694,2742.342220,254.0,10.544574,1.3,9.9
1743084318.458000,45.330411,6.603487,2740.372535,241.0,5.544354,1.3,9.9
1743084323.457000,45.330373,6.603355,2740.020375,234.0,2.309878,1.3,9.9
1743084327.457000,45.330302,6.603229,2738.743992,225.2,3.501900,1.3,9.9
1743084330.457000,45.330228,6.603117,2738.638380,235.4,4.042444,1.3,9.9
1743084332.458000,45.330166,6.603017,2736.997786,229.4,4.972375,1.3,9.9
1743084334.456000,45.330070,6.602941,2737.034763,212.6,5.560774,1.3,9.9
1743084336.457000,45.329965,6.602861,2735.673998,221.9,6.321349,1.3,9.9
1743084338.456000,45.329863,6.602712,2730.688827,224.9,7.930482,1.3,9.9
1743084340.457000,45.329744,6.602615,2730.022999,209.5,7.211163,1.3,9.9
1743084342.457000,45.329638,6.602511,2728.532172,218.2,7.452408,1.3,9.9
1743084344.458000,45.329522,6.602392,2722.537700,199.1,7.252679,1.3,9.9
1743084346.457000,45.329414,6.602285,2723.581154,232.9,9.164592,1.3,9.9
1743084348.457000,45.329276,6.602142,2719.789707,211.0,10.472061,1.3,9.9
1743084349.457000,45.329200,6.602060,2720.049116,226.9,11.255459,1.3,9.9
1743084350.457000,45.329127,6.601970,2716.031872,206.1,9.944000,1.3,9.9
1743084352.457000,45.328985,6.601898,2713.432710,231.3,7.935488,1.3,9.9
1743084354.457000,45.328921,6.601721,2707.083657,215.6,8.064805,1.3,9.9
1743084356.457000,45.328812,6.601623,2705.902244,233.3,7.805357,1.3,9.9
1743084358.458000,45.328746,6.601415,2698.353790,228.4,7.537758,1.3,9.9
1743084360.456000,45.328657,6.601266,2691.223378,234.9,10.251286,1.3,9.9
1743084362.456000,45.328559,6.601099,2687.380686,225.5,8.254824,1.3,9.9
1743084365.456000,45.328470,6.601003,2684.056622,217.2,5.191180,1.3,9.9
1743084367.455000,45.328408,6.600830,2678.677046,240.0,9.562465,1.3,9.9
1743084369.456000,45.328325,6.600654,2672.301757,223.1,5.347370,1.3,9.9
1743084372.456000,45.328320,6.600449,2667.950354,276.7,7.312746,1.3,9.9
1743084374.456000,45.328296,6.600287,2661.239963,251.1,6.101396,1.3,9.9
1743084376.456000,45.328248,6.600121,2656.571674,245.0,5.885594,1.3,9.9
1743084379.457000,45.328250,6.599917,2649.275976,271.4,6.687224,1.3,9.9
1743084382.457000,45.328232,6.599727,2645.681691,274.4,6.773992,1.3,9.9
1743084384.456000,45.328295,6.599596,2642.103556,311.7,5.961539,1.3,9.9
1743084387.457000,45.328412,6.599509,2633.071944,323.1,5.853022,1.3,10.0
1743084389.456000,45.328534,6.599410,2627.426588,332.3,8.300067,1.3,10.0
1743084391.456000,45.328687,6.599342,2623.459244,338.9,9.049269,1.3,9.9
1743084393.457000,45.328777,6.599162,2615.385198,301.9,9.075537,1.3,9.9
1743084395.456000,45.328912,6.599050,2607.688188,330.4,9.435032,1.3,9.9
1743084396.456000,45.328981,6.598955,2603.416943,309.5,11.331509,1.3,9.9
1743084397.456000,45.329052,6.598868,2599.352912,317.9,10.794447,1.3,9.9
1743084399.456000,45.329215,6.598772,2592.201821,317.7,11.736144,1.3,9.9
1743084400.457000,45.329294,6.598677,2589.226888,322.9,11.723547,1.3,9.9
1743084402.456000,45.329429,6.598588,2585.623515,319.1,9.196040,1.3,9.9
1743084404.457000,45.329552,6.598447,2580.030873,340.1,9.566104,1.3,9.9
1743084406.456000,45.329700,6.598330,2573.791310,308.0,10.123171,1.3,9.9
1743084408.456000,45.329858,6.598219,2567.432414,338.3,10.445921,1.3,9.9
1743084409.455000,45.329940,6.598163,2564.328366,330.3,10.712595,1.3,9.9
1743084410.455000,45.330021,6.598089,2561.334578,325.4,11.327525,1.3,9.9
1743084411.457000,45.330097,6.597990,2559.295662,315.2,12.006454,1.3,9.9
1743084412.456000,45.330178,6.597921,2555.603736,325.2,11.147474,1.3,9.9
1743084413.457000,45.330269,6.597865,2551.387857,333.4,11.497368,1.3,9.9
1743084414.455000,45.330354,6.597777,2549.565945,311.8,13.093259,1.3,9.9
1743084415.456000,45.330446,6.597682,2546.577771,333.6,12.751046,1.3,9.9
1743084416.456000,45.330549,6.597640,2544.262706,345.1,11.758225,1.3,9.9
1743084417.456000,45.330640,6.597601,2539.049689,333.5,10.949504,1.3,9.9
1743084419.455000,45.330816,6.597587,2534.879694,340.1,10.181076,1.3,9.9
1743084421.456000,45.330977,6.597537,2530.301267,352.1,9.701505,1.3,9.9
1743084423.456000,45.331124,6.597465,2524.271651,334.4,9.681937,1.3,9.9
1743084425.455000,45.331293,6.597455,2518.594914,346.7,10.415418,1.3,9.9
1743084426.456000,45.331392,6.597461,2513.466847,5.3,11.943921,1.3,9.9
1743084427.456000,45.331496,6.597474,2506.100045,359.3,12.169097,1.3,9.9
1743084429.456000,45.331619,6.597367,2497.415152,320.1,9.069516,1.3,9.9
1743084431.456000,45.331759,6.597297,2489.325774,336.5,10.675366,1.3,9.9
1743084433.457000,45.331878,6.597118,2481.382156,310.0,11.113524,1.3,9.9
1743084434.456000,45.331950,6.597023,2478.806398,327.5,12.612189,1.3,9.9
1743084435.456000,45.332030,6.596920,2475.540542,297.3,12.228133,1.3,9.9
1743084436.456000,45.332063,6.596772,2470.431099,277.3,12.787932,1.3,9.9
1743084437.457000,45.332067,6.596616,2465.056265,267.1,12.470100,1.3,9.9
1743084438.456000,45.332064,6.596460,2463.368282,270.0,13.193759,1.3,9.9
1743084439.457000,45.332086,6.596296,2461.127449,292.8,14.646880,1.3,9.9
1743084440.457000,45.332142,6.596128,2458.166761,291.0,14.284802,1.3,9.9
1743084441.456000,45.332158,6.595980,2449.407661,258.2,11.166064,1.3,9.9
1743084443.456000,45.332084,6.595806,2447.606399,262.2,7.822537,1.3,9.9
1743084445.456000,45.332121,6.595635,2448.268732,264.2,7.225759,1.3,9.9
1743084448.456000,45.332075,6.595492,2447.022634,253.9,5.610372,1.3,9.9
1743084450.456000,45.332073,6.595329,2443.837185,278.9,7.918071,1.3,9.9
1743084452.456000,45.332053,6.595132,2439.631656,255.7,7.382215,1.3,9.9
1743084454.455000,45.331986,6.594975,2435.762221,252.5,6.915861,1.3,9.9
1743084456.457000,45.332026,6.594811,2433.628893,267.2,8.413421,1.3,9.9
1743084458.456000,45.331981,6.594670,2428.031069,241.5,4.917295,1.3,9.9
1743084461.457000,45.331953,6.594481,2423.495020,269.1,5.569925,1.3,9.9
1743084463.457000,45.331997,6.594329,2417.333308,250.5,7.280419,1.3,9.9
1743084465.457000,45.331938,6.594224,2412.312361,195.4,4.288531,1.3,9.9
1743084468.456000,45.331879,6.594123,2411.273024,238.4,4.906446,1.3,10.0
1743084478.457000,45.331948,6.593995,2408.154986,265.5,5.890299,1.3,10.0
1743084480.456000,45.331886,6.593855,2402.610257,225.0,5.399344,1.3,9.9
1743084482.457000,45.331838,6.593720,2400.011787,268.0,8.555882,1.3,9.9
1743084484.457000,45.331804,6.593488,2393.684537,237.0,8.678014,1.3,9.9
1743084486.456000,45.331747,6.593307,2387.377413,261.7,8.859928,1.3,9.9
1743084488.456000,45.331689,6.593135,2381.225453,229.3,7.205867,1.3,9.9
1743084490.456000,45.331657,6.592977,2375.894658,273.8,8.580388,1.3,9.9
1743084492.456000,45.331613,6.592811,2369.979994,257.0,8.511776,1.3,9.9
1743084494.457000,45.331627,6.592631,2365.583862,272.0,8.108866,1.3,9.9
1743084496.455000,45.331583,6.592460,2355.504210,211.0,9.374369,1.3,9.9
1743084498.457000,45.331525,6.592233,2351.606241,278.6,10.120331,1.3,9.9
1743084499.456000,45.331543,6.592097,2344.906776,272.1,10.606384,1.3,9.9
1743084501.457000,45.331485,6.591884,2337.108119,241.0,10.376805,1.3,9.9
1743084503.456000,45.331504,6.591677,2332.019292,298.0,9.073841,1.3,9.9
1743084505.456000,45.331479,6.591460,2325.118146,232.0,9.765554,1.3,9.9
1743084507.456000,45.331413,6.591246,2321.631690,277.0,11.095918,1.3,9.9
1743084508.456000,45.331434,6.591100,2318.193868,281.0,12.242348,1.3,9.9
1743084509.456000,45.331434,6.590942,2315.627310,261.0,13.199560,1.3,9.9
1743084510.457000,45.331397,6.590788,2312.292696,246.0,12.988751,1.3,9.9
1743084511.456000,45.331368,6.590641,2311.158674,265.0,12.233349,1.3,9.9
1743084512.456000,45.331386,6.590488,2306.172552,291.0,12.971402,1.3,9.9
1743084513.456000,45.331409,6.590329,2300.821180,270.0,13.707702,1.3,9.9
1743084514.456000,45.331375,6.590162,2297.416452,241.0,14.657545,1.3,9.9
1743084515.457000,45.331315,6.589998,2294.231709,247.0,14.998322,1.3,9.9
1743084516.456000,45.331278,6.589820,2288.590976,259.0,15.504825,1.3,9.9
1743084517.455000,45.331259,6.589634,2285.525052,264.0,15.189659,1.3,9.9
1743084518.456000,45.331256,6.589453,2282.854368,273.0,14.795116,1.3,9.9
1743084519.456000,45.331273,6.589277,2281.258823,281.0,14.283475,1.3,9.9
1743084520.456000,45.331282,6.589098,2279.532177,268.0,14.823690,1.3,9.9
1743084521.456000,45.331254,6.588912,2276.132256,251.0,15.705720,1.3,9.9
1743084522.457000,45.331201,6.588717,2273.028844,250.0,17.066288,1.3,9.9
1743084523.456000,45.331169,6.588510,2267.627928,266.0,16.847450,1.3,9.9
1743084524.457000,45.331181,6.588302,2262.811161,280.0,16.537405,1.3,9.9
1743084525.456000,45.331209,6.588115,2260.683760,282.0,14.544244,1.3,9.9
1743084526.456000,45.331211,6.587948,2259.211119,259.0,13.635069,1.3,9.9
1743084527.456000,45.331175,6.587786,2257.577440,247.0,13.898233,1.3,9.9
1743084528.456000,45.331123,6.587629,2256.071237,245.0,13.625017,1.3,9.9
1743084529.456000,45.331089,6.587469,2254.350057,259.0,13.403274,1.3,9.9
1743084530.456000,45.331086,6.587299,2251.465786,275.0,13.716828,1.3,9.9
1743084531.457000,45.331114,6.587131,2248.499714,288.0,13.561450,1.3,9.9
1743084532.456000,45.331152,6.586972,2247.055540,286.0,13.086473,1.3,9.9
1743084533.456000,45.331186,6.586808,2244.974556,287.0,14.164552,1.3,9.9
1743084534.457000,45.331226,6.586638,2242.154032,291.0,14.113270,1.3,9.9
1743084535.456000,45.331276,6.586470,2237.363193,294.0,14.782296,1.3,9.9
1743084536.456000,45.331342,6.586306,2235.200095,303.0,15.073996,1.3,9.9
1743084537.456000,45.331416,6.586153,2232.770974,304.0,14.573531,1.3,9.9
1743084538.456000,45.331489,6.586006,2230.777043,307.0,14.394222,1.3,9.9
1743084539.456000,45.331576,6.585882,2232.156632,322.0,13.834018,1.3,9.9
1743084540.456000,45.331679,6.585809,2231.298220,344.0,12.907025,1.3,9.9
1743084541.456000,45.331789,6.585763,2227.990232,338.0,12.731688,1.3,9.9
1743084542.457000,45.331887,6.585703,2226.446982,336.0,11.149256,1.3,9.9
1743084544.456000,45.332028,6.585676,2226.319930,339.0,6.765903,1.3,9.9
1743084546.456000,45.332154,6.585573,2226.812379,329.0,7.561249,1.3,9.9
1743084548.456000,45.332276,6.585495,2224.716606,343.0,7.405486,1.3,9.9
1743084550.456000,45.332397,6.585425,2225.918184,327.0,6.488860,1.3,9.9
1743084552.456000,45.332488,6.585330,2226.336852,328.0,5.485439,1.3,9.9
1743084555.457000,45.332578,6.585274,2226.816207,346.8,2.293521,1.3,9.9
1743084567.456000,45.332676,6.585337,2225.523478,8.0,4.119701,1.3,9.9
1743084570.457000,45.332796,6.585301,2222.874851,334.1,5.482305,1.3,9.9
1743084574.456000,45.332889,6.585263,2219.912268,346.0,2.325349,1.3,9.9
1743084589.457000,45.332977,6.585173,2220.287142,340.0,2.890996,1.3,9.9
1743084591.457000,45.333082,6.585147,2218.543480,341.0,6.271813,1.3,9.9
1743084593.457000,45.333185,6.585104,2214.051305,2.6,6.597362,1.3,9.9
1743084595.455000,45.333324,6.585073,2209.690865,342.0,7.627302,1.3,9.9
1743084597.456000,45.333445,6.585020,2204.749162,354.0,8.250768,1.3,9.9
1743084599.456000,45.333586,6.584984,2202.281011,333.0,7.847844,1.3,9.9
1743084601.455000,45.333732,6.584981,2196.878668,352.1,8.793867,1.3,9.9
1743084603.456000,45.333889,6.584965,2192.853600,15.0,9.992043,1.3,9.9
1743084605.456000,45.334042,6.584975,2189.176539,19.0,9.099600,1.3,9.9
1743084607.457000,45.334198,6.585002,2183.486542,340.1,8.740530,1.3,9.9
1743084609.456000,45.334333,6.585039,2181.767622,45.9,7.433456,1.3,9.9
1743084611.457000,45.334406,6.585158,2179.250591,34.0,6.774573,1.3,9.9
1743084613.457000,45.334508,6.585257,2175.765692,54.0,5.979777,1.3,9.9
1743084616.456000,45.334606,6.585385,2172.591068,40.0,5.752791,1.3,9.9
1743084619.456000,45.334637,6.585536,2170.093275,54.1,5.682795,1.3,9.9
1743084621.456000,45.334713,6.585706,2164.826112,62.0,9.724376,1.3,9.9
1743084622.457000,45.334757,6.585833,2163.418263,64.0,12.341566,1.3,9.9
1743084623.456000,45.334814,6.585989,2160.219071,61.0,14.865714,1.3,9.9
1743084624.457000,45.334889,6.586158,2154.462842,58.0,16.452539,1.3,9.9
1743084625.455000,45.334968,6.586343,2147.801097,59.0,18.274902,1.3,9.9
1743084626.456000,45.335056,6.586537,2141.943113,54.0,18.811310,1.3,9.9
1743084627.455000,45.335167,6.586720,2134.897853,49.1,19.915314,1.3,9.9
1743084628.457000,45.335288,6.586901,2129.671926,50.0,20.302284,1.3,9.9
1743084629.455000,45.335406,6.587084,2125.012322,50.0,20.293655,1.3,9.9
1743084630.457000,45.335524,6.587261,2122.381499,51.0,19.780121,1.3,9.9
1743084631.456000,45.335642,6.587426,2119.059092,53.0,19.066027,1.3,9.9
1743084632.456000,45.335764,6.587580,2117.799581,40.3,18.516796,1.3,9.9
1743084633.456000,45.335900,6.587710,2115.516849,37.1,18.151360,1.3,9.9
1743084634.457000,45.336032,6.587825,2114.730444,33.1,17.574453,1.3,9.9
1743084635.456000,45.336170,6.587926,2113.057007,29.1,17.513350,1.3,9.9
1743084636.456000,45.336310,6.588014,2111.641691,24.0,16.801638,1.3,9.9
1743084637.457000,45.336450,6.588086,2109.761708,18.0,16.453062,1.3,9.9
1743084638.455000,45.336593,6.588147,2108.859530,18.0,16.668041,1.3,9.9
1743084639.456000,45.336732,6.588186,2106.855400,8.1,15.050179,1.3,9.9
1743084640.456000,45.336865,6.588208,2106.570960,7.0,14.595510,1.3,9.9
1743084641.456000,45.336994,6.588232,2108.297307,7.0,14.083982,1.3,9.9
1743084642.457000,45.337120,6.588253,2106.816122,6.0,13.710019,1.3,9.9
1743084643.457000,45.337236,6.588267,2103.437083,4.0,12.837875,1.3,9.9
1743084644.456000,45.337345,6.588280,2103.050618,5.0,12.234946,1.3,9.9
1743084645.457000,45.337450,6.588293,2103.296830,2.0,11.760984,1.3,9.9
1743084646.457000,45.337547,6.588303,2104.015156,4.0,10.280127,1.3,9.9
1743084647.457000,45.337639,6.588307,2108.271629,1.0,10.345360,1.5,9.9
1743084649.456000,45.337807,6.588311,2110.924808,2.9,9.174010,1.3,9.9
1743084651.456000,45.337961,6.588318,2110.872764,350.1,8.209126,1.4,9.9
1743084653.456000,45.338092,6.588320,2111.079846,346.0,6.991482,1.3,9.9
1743084655.456000,45.338198,6.588316,2110.564767,347.3,5.479760,1.5,9.9
1743084657.456000,45.338288,6.588294,2110.358793,344.9,5.177882,1.3,9.9
1743084660.456000,45.338420,6.588282,2110.208255,358.0,5.261252,1.3,9.9
1743084662.456000,45.338518,6.588268,2107.288867,356.8,5.626468,1.3,9.9
1743084664.456000,45.338627,6.588259,2107.556661,357.0,6.514500,1.3,9.9
1743084666.456000,45.338739,6.588258,2106.127437,3.0,6.088655,1.3,9.9
1743084668.456000,45.338853,6.588269,2105.188831,6.0,6.875103,1.3,9.9
1743084670.456000,45.338981,6.588298,2105.963339,8.0,7.170650,1.3,9.9
1743084672.457000,45.339095,6.588323,2105.773553,15.9,5.930154,1.3,9.9
1743084674.456000,45.339183,6.588348,2105.642169,18.0,4.745157,1.4,9.9
1743084677.457000,45.339291,6.588377,2104.644783,28.1,4.230399,1.3,9.9
1743084679.455000,45.339387,6.588410,2107.373446,36.1,6.010617,1.4,9.9
1743084681.457000,45.339511,6.588444,2103.650701,32.0,7.058927,1.4,9.9
1743084683.457000,45.339660,6.588488,2102.214265,27.1,8.598766,1.4,9.9
1743084685.456000,45.339837,6.588542,2098.976621,17.0,10.067615,1.4,9.9
1743084686.456000,45.339930,6.588569,2097.404108,18.0,10.297153,1.4,9.9
1743084687.456000,45.340019,6.588604,2095.825687,21.9,10.175746,1.4,9.9
1743084688.456000,45.340106,6.588653,2093.882097,23.0,10.431918,1.4,9.9
1743084690.456000,45.340258,6.588760,2092.318543,31.1,8.961275,1.5,9.9
1743084692.456000,45.340385,6.588843,2093.839608,29.0,7.713241,1.5,9.9
1743084694.456000,45.340492,6.588914,2092.247333,29.0,6.349748,1.5,9.9
1743084696.456000,45.340587,6.588970,2091.632420,26.0,5.303371,1.7,9.9
1743084700.456000,45.340685,6.589039,2097.133021,31.8,2.870797,1.7,5.9
1743084706.457000,45.340767,6.589123,2097.965325,30.0,1.971860,1.8,3.9
1743084713.456000,45.340842,6.589208,2098.617473,36.0,0.857505,1.5,3.8
1743084729.457000,45.340917,6.589281,2098.803918,37.0,1.323077,1.8,3.8
1743084746.456000,45.340986,6.589364,2101.293465,25.4,0.336849,1.4,4.2
1743084805.456000,45.341056,6.589284,2111.626059,293.9,0.218917,2.0,9.9
1743084850.455000,45.341069,6.589155,2111.726175,281.7,0.271717,1.9,9.9
1743084880.455000,45.341106,6.589017,2112.201607,286.0,3.369560,2.8,10.4
1743084883.457000,45.341140,6.588838,2110.640652,286.9,4.194338,2.3,10.0
1743084886.456000,45.341149,6.588681,2112.785329,288.0,3.537577,3.0,10.0
1743084889.456000,45.341164,6.588543,2118.932527,310.9,3.654354,3.5,9.9
1743084892.456000,45.341194,6.588422,2125.200195,316.0,3.582100,3.2,9.9
1743084895.457000,45.341215,6.588284,2123.301110,316.0,3.696181,2.0,9.9
1743084898.456000,45.341230,6.588140,2125.200195,312.0,3.679346,2.5,9.9
1743084901.456000,45.341240,6.587991,2129.244277,304.0,3.769412,2.3,9.9
1743084904.456000,45.341247,6.587839,2139.326050,297.0,3.989481,2.3,9.9
1743084907.457000,45.341254,6.587693,2142.131575,291.0,3.918315,2.4,9.9
1743084910.456000,45.341260,6.587549,2143.162553,291.0,3.936539,5.0,9.9
1743084913.456000,45.341274,6.587409,2143.784183,291.0,3.995939,2.6,9.9
1743084916.456000,45.341289,6.587262,2146.454592,287.0,3.611308,3.3,9.9
1743084919.457000,45.341304,6.587119,2147.303968,276.9,3.733905,2.4,9.9
1743084922.457000,45.341285,6.586981,2148.649279,242.8,3.623046,2.4,9.9
1743084925.456000,45.341275,6.586839,2158.434043,249.0,3.810299,1.8,9.9
1743084928.457000,45.341291,6.586689,2160.439620,257.1,3.867615,1.8,9.9
1743084931.456000,45.341314,6.586542,2166.472888,262.5,4.003353,2.2,9.9
1743084934.457000,45.341337,6.586396,2161.400155,266.8,4.174222,8.6,9.9
1743084937.457000,45.341358,6.586255,2164.886289,269.9,3.977610,5.5,9.9
1743084940.456000,45.341378,6.586112,2164.924617,272.9,3.855015,2.0,9.9
1743084943.456000,45.341397,6.585964,2170.035685,275.7,3.940594,2.7,9.9
1743084946.456000,45.341415,6.585822,2173.099261,277.8,3.931324,1.8,9.9
1743084949.456000,45.341434,6.585680,2175.714722,278.9,3.855769,1.8,9.9
1743084952.457000,45.341450,6.585536,2178.020264,275.9,3.930867,1.7,9.9
1743084955.456000,45.341468,6.585394,2176.865157,283.3,3.873787,2.3,9.9
1743084959.456000,45.341538,6.585267,2181.845911,336.7,3.418004,4.7,9.9
1743084962.456000,45.341530,6.585101,2184.595595,277.7,3.540016,2.4,9.9
1743084965.456000,45.341520,6.584945,2191.203574,275.8,3.716517,3.0,9.9
1743084968.456000,45.341529,6.584807,2195.199264,277.0,3.710276,2.2,9.9
1743084971.457000,45.341546,6.584676,2201.025964,278.9,3.735200,2.3,9.9
1743084974.456000,45.341564,6.584548,2207.342285,281.9,3.943692,1.8,9.9
1743084977.456000,45.341582,6.584420,2210.883582,283.7,3.746229,4.9,9.9
1743084980.456000,45.341601,6.584292,2217.892838,279.6,3.797364,2.4,9.9
1743084983.456000,45.341614,6.584164,2224.688583,280.0,3.836733,2.9,9.9
1743084986.456000,45.341628,6.584035,2228.479398,281.9,3.712687,1.5,9.9
1743084990.456000,45.341645,6.583870,2239.949949,282.9,3.888487,5.1,9.9
1743084994.456000,45.341661,6.583712,2246.514193,284.1,3.744632,4.4,9.9
1743084998.455000,45.341682,6.583553,2260.267567,285.9,3.896909,4.5,9.9
1743085002.456000,45.341700,6.583399,2266.038430,286.8,3.883060,2.1,9.9
1743085005.456000,45.341714,6.583271,2275.782506,286.2,4.312503,2.0,9.9
1743085008.456000,45.341727,6.583141,2278.801016,286.2,4.207405,1.6,9.9
1743085012.457000,45.341744,6.582972,2288.641032,286.1,3.995220,1.6,9.9
1743085015.456000,45.341756,6.582846,2295.917715,285.2,4.123842,1.7,9.9
1743085018.456000,45.341770,6.582718,2301.493380,285.1,3.858675,2.0,9.9
1743085022.455000,45.341788,6.582553,2308.470433,284.2,3.930246,3.9,9.9
1743085026.457000,45.341802,6.582388,2316.808584,285.0,3.823547,1.6,9.9
1743085030.457000,45.341819,6.582227,2325.762124,285.0,3.814187,1.6,10.0
1743085034.457000,45.341840,6.582064,2333.701953,285.0,4.242169,1.6,10.0
1743085037.456000,45.341856,6.581926,2339.017428,284.0,3.996105,1.5,9.9
1743085040.455000,45.341874,6.581792,2344.090796,284.0,3.941149,1.6,9.9
1743085043.457000,45.341889,6.581663,2350.196604,283.0,3.967411,2.2,9.9
1743085046.457000,45.341904,6.581531,2355.607679,284.0,3.815971,1.9,9.9
1743085049.456000,45.341920,6.581398,2361.690454,283.0,3.995213,4.2,9.9
1743085052.456000,45.341935,6.581270,2366.055024,283.0,3.886249,1.8,9.9
1743085055.456000,45.341950,6.581139,2370.612576,283.0,3.678842,1.5,10.0
1743085058.457000,45.341965,6.581011,2378.342859,284.0,4.023395,1.7,10.1
1743085062.456000,45.341984,6.580844,2386.362833,284.0,3.914981,1.6,10.2
1743085066.457000,45.342003,6.580679,2395.096569,285.0,3.945886,1.6,9.9
1743085070.457000,45.342029,6.580520,2405.323277,325.8,3.985925,4.3,9.9
1743085074.455000,45.342061,6.580378,2415.281172,317.0,3.810154,2.3,9.9
1743085077.456000,45.342075,6.580239,2421.017901,303.0,4.238356,4.2,9.9
1743085080.456000,45.342080,6.580083,2420.870022,294.0,4.229901,1.5,9.9
1743085083.457000,45.342087,6.579932,2421.298857,291.0,4.007969,1.6,9.9
1743085086.456000,45.342097,6.579784,2422.968425,284.6,3.877426,1.5,9.9
1743085089.456000,45.342107,6.579637,2424.957963,284.9,3.878868,1.7,9.9
1743085093.456000,45.342120,6.579495,2423.586460,283.7,2.047553,1.6,9.9
1743085100.456000,45.342156,6.579367,2426.986998,318.6,3.268447,3.9,9.9
1743085104.457000,45.342255,6.579313,2426.270847,5.9,3.865733,2.3,9.9
1743085107.456000,45.342362,6.579337,2422.596382,17.8,3.810126,1.7,9.9
1743085110.456000,45.342451,6.579371,2422.704026,9.1,3.264473,1.8,9.9
1743085114.456000,45.342538,6.579422,2421.881314,42.4,2.699631,1.7,7.9
1743085118.456000,45.342641,6.579473,2420.621050,14.6,3.374362,1.6,3.8
1743085121.456000,45.342750,6.579530,2418.832213,40.3,4.475554,1.7,3.8
1743085123.457000,45.342855,6.579543,2417.521837,38.3,4.890677,1.7,3.8
1743085125.456000,45.342962,6.579562,2416.064509,9.0,5.423742,1.6,3.8
1743085127.456000,45.343085,6.579519,2414.548228,350.9,6.604481,1.6,3.8
1743085129.457000,45.343234,6.579469,2410.754027,347.4,8.007585,1.5,3.8
1743085131.456000,45.343378,6.579461,2410.261635,345.6,7.860987,1.7,3.8
1743085133.456000,45.343523,6.579418,2406.700195,4.6,8.132609,1.7,3.8
1743085135.455000,45.343658,6.579392,2406.700195,333.9,7.630188,2.1,3.8
1743085137.455000,45.343791,6.579404,2403.703759,7.4,7.808492,2.0,3.8
1743085139.455000,45.343917,6.579341,2400.336901,322.4,8.108150,2.1,3.8
1743085141.455000,45.344050,6.579323,2395.154597,25.6,7.578333,1.6,3.8
1743085143.456000,45.344161,6.579321,2391.722981,328.5,6.361131,1.7,3.8
1743085145.455000,45.344267,6.579282,2388.528663,346.5,6.587188,1.6,3.8
1743085147.455000,45.344362,6.579266,2383.983256,317.0,5.767388,1.6,3.8
1743085149.456000,45.344472,6.579245,2379.789709,355.6,7.074622,1.5,3.8
1743085151.455000,45.344600,6.579226,2368.167550,5.6,7.359656,1.4,3.8
1743085153.456000,45.344711,6.579277,2363.240222,354.1,7.688399,1.4,3.8
1743085155.454000,45.344803,6.579232,2358.478411,340.1,5.949866,1.4,3.8
1743085157.456000,45.344900,6.579266,2358.632462,19.8,6.693357,1.4,3.8
1743085159.456000,45.345023,6.579245,2354.763636,336.1,7.178259,1.5,3.8
1743085161.455000,45.345123,6.579277,2350.902177,63.8,4.162338,1.4,3.8
1743085164.455000,45.345228,6.579253,2351.156475,305.5,5.364830,1.4,3.8
1743085167.454000,45.345337,6.579241,2352.396575,46.4,5.070084,1.8,3.8
1743085170.455000,45.345423,6.579348,2351.881148,74.0,4.398006,4.0,3.8
1743085173.455000,45.345541,6.579366,2345.164842,14.9,4.881794,1.5,3.8
1743085175.455000,45.345633,6.579393,2343.794395,338.1,4.751483,2.4,3.8
1743085178.455000,45.345717,6.579483,2337.437310,53.0,4.122035,2.2,5.0
1743085180.455000,45.345754,6.579621,2329.312364,84.0,7.778687,2.0,6.9
1743085182.455000,45.345705,6.579765,2329.819536,145.0,5.629240,2.1,8.9
1743085185.455000,45.345608,6.579909,2322.491944,134.0,7.352806,1.5,9.9
1743085187.455000,45.345500,6.580012,2317.537619,160.0,7.276099,1.4,9.9
1743085189.455000,45.345408,6.580120,2316.490376,130.0,7.300217,1.4,9.9
1743085191.455000,45.345344,6.580249,2316.817383,116.0,5.889291,1.4,9.9
1743085193.456000,45.345316,6.580383,2316.488949,96.4,5.392531,1.4,9.9
1743085213.456000,45.345356,6.580453,2321.059216,-1.0,0.000000,1.6,9.9
1743085233.454000,45.345412,6.580478,2314.258545,16.0,3.701362,1.4,9.9
1743085235.455000,45.345533,6.580546,2313.444854,20.0,8.711666,1.4,9.9
1743085236.456000,45.345627,6.580571,2309.051103,6.2,10.616171,1.4,9.9
1743085237.455000,45.345729,6.580565,2305.286818,355.3,10.387377,1.4,9.9
1743085239.455000,45.345892,6.580523,2301.358714,356.0,9.795571,1.4,9.9
1743085240.455000,45.345989,6.580544,2300.375150,21.9,13.667511,1.4,9.9
1743085241.454000,45.346107,6.580582,2297.558594,3.2,13.464407,1.4,9.9
1743085242.455000,45.346215,6.580560,2293.064250,345.1,11.442286,1.6,9.9
1743085244.455000,45.346344,6.580493,2289.675349,343.0,5.807096,1.4,9.9
1743085246.455000,45.346497,6.580509,2294.083798,9.8,12.375908,1.5,9.9
1743085247.455000,45.346607,6.580524,2291.084317,354.0,12.021986,1.5,9.9
1743085248.455000,45.346702,6.580489,2289.015415,336.1,11.091178,1.5,9.9
1743085250.455000,45.346812,6.580413,2288.029931,344.0,5.844051,1.4,9.9
1743085252.455000,45.346970,6.580406,2288.379252,11.0,11.376196,1.5,9.9
1743085253.455000,45.347079,6.580441,2287.027593,11.0,12.300192,1.7,9.9
1743085254.455000,45.347195,6.580458,2281.823084,0.0,12.649346,1.5,9.9
1743085255.456000,45.347303,6.580432,2280.473187,341.0,11.509013,1.5,9.9
1743085256.455000,45.347388,6.580375,2276.023863,328.0,9.791484,1.5,9.9
1743085258.455000,45.347484,6.580308,2275.878286,347.9,5.571454,1.5,9.9
1743085260.456000,45.347604,6.580267,2274.783172,307.1,8.319912,1.4,9.9
1743085262.456000,45.347689,6.580095,2270.164795,330.0,9.117957,1.4,9.9
1743085264.455000,45.347836,6.580017,2267.247232,328.0,9.086375,1.4,9.9
1743085266.455000,45.347983,6.579957,2265.570801,356.0,9.910042,1.4,9.9
1743085267.456000,45.348077,6.579944,2264.511453,351.0,10.451801,1.4,9.9
1743085269.455000,45.348209,6.579828,2255.652227,345.0,7.402414,1.4,9.9
1743085271.455000,45.348321,6.579735,2252.709158,338.0,7.855870,1.4,9.9
1743085273.455000,45.348460,6.579745,2250.891585,350.0,7.773082,1.4,9.9
1743085275.455000,45.348578,6.579628,2248.115793,331.0,8.084329,1.4,9.9
1743085277.454000,45.348676,6.579672,2246.637876,30.0,5.957568,1.4,9.9
1743085279.455000,45.348801,6.579628,2244.005934,328.4,8.007105,1.4,9.9
1743085281.455000,45.348949,6.579639,2238.642181,27.0,10.414440,1.4,9.9
1743085283.456000,45.349113,6.579588,2233.082261,324.1,9.977443,1.4,9.9
1743085285.455000,45.349252,6.579584,2228.190934,44.5,7.794975,1.4,9.9
1743085287.456000,45.349384,6.579568,2221.558672,334.0,8.941232,1.4,9.9
1743085289.455000,45.349494,6.579593,2222.549086,347.0,7.905472,1.4,9.9
1743085291.455000,45.349630,6.579580,2218.759766,38.7,8.712106,1.5,9.9
1743085293.455000,45.349743,6.579609,2214.920935,322.1,7.059170,1.4,9.9
1743085295.455000,45.349852,6.579603,2211.371259,45.5,7.166705,1.4,9.9
1743085297.455000,45.349940,6.579652,2209.919839,320.3,5.486595,1.4,9.9
1743085300.455000,45.349980,6.579523,2207.583841,276.0,2.436515,1.4,9.9
1743085320.455000,45.350002,6.579462,2205.382522,-1.0,0.000000,1.6,9.9
1743085386.455000,45.350068,6.579461,2206.653128,7.8,1.876683,1.5,3.8
1743085393.455000,45.350155,6.579520,2206.943023,12.0,4.361985,2.0,3.8
1743085396.456000,45.350278,6.579569,2204.323337,339.1,5.217554,2.0,3.8
1743085398.455000,45.350396,6.579598,2200.038853,24.9,8.064894,1.5,3.8
1743085400.456000,45.350504,6.579716,2197.030423,36.5,7.284046,1.4,3.8
1743085402.455000,45.350626,6.579824,2194.589859,35.7,9.121734,1.9,3.8
1743085404.455000,45.350757,6.580010,2188.243423,41.7,10.239353,1.5,3.8
1743085405.455000,45.350839,6.580076,2185.394826,30.4,10.651930,2.0,3.8
1743085407.456000,45.350964,6.580192,2184.185899,21.8,8.353076,1.9,3.8
1743085409.456000,45.351112,6.580221,2182.753870,345.3,8.744590,1.8,3.8
1743085411.455000,45.351253,6.580150,2178.390706,338.6,8.715465,1.8,3.8
1743085413.455000,45.351344,6.580240,2170.560067,35.0,4.397072,1.9,3.8
1743085416.455000,45.351442,6.580263,2168.436516,331.3,3.872078,1.7,6.9
1743085420.455000,45.351526,6.580205,2163.584903,27.8,3.178480,1.6,9.9
1743085423.456000,45.351594,6.580331,2160.432329,55.0,3.169514,1.6,9.9
1743085426.455000,45.351689,6.580441,2156.717650,46.9,5.660300,1.5,9.9
1743085428.455000,45.351753,6.580535,2153.628153,37.1,4.730393,1.4,9.9
1743085431.455000,45.351854,6.580591,2152.045775,349.0,5.377330,1.5,9.9
1743085435.455000,45.351948,6.580530,2147.879509,8.8,2.501884,1.5,9.9
1743085440.454000,45.352030,6.580442,2141.856185,261.1,2.327558,1.5,9.9
1743085444.455000,45.352014,6.580289,2140.275610,271.0,1.589431,1.4,9.9
1743085450.455000,45.352094,6.580214,2135.584474,318.0,3.656876,1.6,9.9
1743085470.455000,45.352165,6.580193,2130.774586,-1.0,0.000000,1.7,9.9
1743085476.455000,45.352187,6.580202,2130.764700,24.0,2.871007,1.8,9.9
1743085479.455000,45.352324,6.580223,2127.946933,347.8,6.108565,2.1,9.9
1743085481.454000,45.352415,6.580104,2123.984198,329.6,8.132461,2.0,9.9
1743085483.455000,45.352609,6.580096,2117.339677,359.8,12.350691,1.5,9.9
1743085484.455000,45.352725,6.580111,2113.575286,2.4,12.167907,1.5,9.9
1743085485.455000,45.352830,6.580148,2110.605430,16.2,11.578496,2.0,9.9
1743085487.455000,45.352973,6.580196,2108.005950,7.6,6.843937,1.6,9.9
1743085489.455000,45.353096,6.580248,2109.253618,14.8,7.923165,1.6,9.9
1743085491.455000,45.353261,6.580350,2104.763423,27.0,9.814799,1.9,9.9
1743085493.455000,45.353401,6.580439,2101.901854,23.5,8.991216,1.5,10.1
1743085495.455000,45.353537,6.580491,2099.817760,13.7,9.556997,1.4,10.1
1743085497.455000,45.353688,6.580578,2096.329298,10.4,10.025514,1.4,10.1
1743085499.456000,45.353854,6.580654,2092.020723,7.7,10.443851,1.5,9.9
1743085500.456000,45.353949,6.580651,2089.095846,353.9,11.262684,1.7,9.9
1743085501.455000,45.354049,6.580657,2086.643751,11.1,11.721639,1.8,9.9
1743085502.455000,45.354152,6.580714,2083.561980,24.1,12.693187,1.6,9.9
1743085503.456000,45.354257,6.580772,2081.911622,13.3,12.688615,1.6,9.9
1743085504.455000,45.354368,6.580796,2077.881211,0.6,13.122577,1.7,9.9
1743085505.455000,45.354480,6.580773,2075.646497,340.0,12.830931,1.7,9.9
1743085506.455000,45.354582,6.580718,2074.736902,343.9,11.657058,1.7,9.9
1743085507.455000,45.354676,6.580685,2073.103909,347.8,10.152765,1.6,9.9
1743085509.456000,45.354812,6.580630,2072.032482,343.2,7.981570,1.9,9.9
1743085511.455000,45.354923,6.580607,2074.516877,357.3,8.374779,1.9,9.9
1743085513.454000,45.355076,6.580639,2070.235866,0.2,9.623673,2.2,9.9
1743085515.455000,45.355223,6.580597,2068.022123,346.0,8.702288,1.4,9.9
1743085517.456000,45.355371,6.580536,2065.187696,347.4,9.717584,1.4,9.9
1743085519.455000,45.355531,6.580438,2062.765957,329.3,10.592735,1.3,9.9
1743085521.455000,45.355683,6.580332,2060.271355,338.8,9.442194,1.3,9.9
1743085523.455000,45.355858,6.580294,2058.809350,352.5,10.177210,1.3,9.9
1743085525.455000,45.356035,6.580276,2054.286751,355.9,10.018916,1.3,9.9
1743085527.454000,45.356208,6.580265,2051.092450,354.1,9.913779,1.3,9.9
1743085529.455000,45.356376,6.580233,2048.711062,350.1,8.927143,1.4,9.9
1743085531.455000,45.356521,6.580199,2047.097648,347.1,8.088141,1.9,9.9
1743085533.454000,45.356654,6.580161,2046.945244,347.0,7.425910,1.5,9.9
1743085535.454000,45.356783,6.580122,2045.574349,345.8,7.468454,1.8,9.9
1743085537.455000,45.356907,6.580086,2044.890462,340.1,7.094463,1.8,9.9
1743085539.455000,45.357027,6.580065,2044.157075,347.3,6.635521,1.7,9.9
1743085541.455000,45.357132,6.580046,2043.924363,344.8,5.747423,1.5,9.9
1743085543.456000,45.357224,6.580024,2043.816613,342.0,5.533040,1.5,10.0
1743085545.455000,45.357315,6.580043,2042.679900,350.5,4.973825,1.9,10.2
1743085548.456000,45.357421,6.580045,2042.392808,338.4,4.011155,2.2,10.2
1743085552.455000,45.357500,6.579962,2043.194219,322.7,3.139654,1.4,10.0
1743085556.455000,45.357547,6.579842,2042.228569,249.2,1.601741,1.9,9.9
1743085565.456000,45.357461,6.579911,2042.023608,142.1,1.214779,2.0,4.5
1743085598.455000,45.357339,6.579924,2041.722519,189.6,3.110886,1.8,4.5
1743085601.454000,45.357214,6.579916,2042.184322,184.4,3.767670,1.6,4.3
1743085604.456000,45.357090,6.579894,2042.846231,188.9,3.756581,1.5,3.9
1743085607.454000,45.356972,6.579890,2046.838459,175.5,3.749242,1.5,3.8
1743085610.455000,45.356866,6.579901,2050.102311,175.8,3.728787,1.5,3.8
1743085613.455000,45.356763,6.579894,2055.782156,178.8,3.906704,1.5,3.8
1743085616.455000,45.356660,6.579885,2060.077510,180.7,4.020701,1.5,3.8
1743085619.455000,45.356558,6.579873,2064.749283,182.3,4.322463,1.4,3.8
1743085622.456000,45.356452,6.579860,2066.727544,185.0,4.213370,1.3,7.5
1743085625.455000,45.356347,6.579848,2069.995867,186.1,4.040326,1.3,9.9
1743085628.455000,45.356243,6.579836,2072.677667,186.9,3.958859,1.9,9.9
1743085631.455000,45.356142,6.579816,2076.596503,192.1,3.930700,1.5,9.9
1743085634.455000,45.356034,6.579811,2078.196226,184.3,4.138637,1.7,9.9
1743085637.454000,45.355928,6.579806,2079.561622,186.0,4.110749,1.5,9.9
1743085640.455000,45.355822,6.579796,2081.340127,187.0,4.080920,1.5,9.9
1743085643.456000,45.355715,6.579787,2082.604531,187.0,4.022825,1.4,9.9
1743085646.455000,45.355607,6.579781,2083.090323,187.8,4.003072,1.4,9.9
1743085649.455000,45.355500,6.579772,2088.132580,188.0,4.049515,1.4,9.9
1743085652.455000,45.355390,6.579762,2084.724545,188.1,4.106460,1.3,9.9
1743085655.455000,45.355281,6.579751,2084.848153,188.9,4.069488,1.4,9.9
1743085658.454000,45.355171,6.579741,2085.855928,189.0,4.065936,1.5,9.9
1743085661.456000,45.355064,6.579732,2087.242976,189.0,3.997896,1.6,9.9
1743085664.455000,45.354958,6.579725,2088.427380,190.0,3.992132,1.5,8.9
1743085667.456000,45.354852,6.579715,2090.144312,190.0,4.043149,1.5,5.0
1743085670.455000,45.354744,6.579708,2090.895467,189.0,3.992056,1.4,3.8
1743085673.456000,45.354637,6.579700,2091.766216,189.0,4.007753,1.5,3.8
1743085676.455000,45.354528,6.579691,2098.587338,189.0,4.098446,1.4,3.8
1743085679.456000,45.354423,6.579685,2098.424902,189.0,4.053389,1.4,3.8
1743085682.454000,45.354316,6.579679,2095.644475,188.0,4.058136,1.3,3.8
1743085685.455000,45.354208,6.579672,2097.580469,190.0,4.088371,1.4,3.8
1743085688.455000,45.354098,6.579662,2098.484945,198.0,4.010156,1.5,3.8
1743085691.455000,45.353995,6.579642,2099.196571,194.0,3.994280,1.4,3.8
1743085694.455000,45.353891,6.579636,2101.989055,187.0,3.935591,1.5,3.8
1743085697.456000,45.353785,6.579635,2104.589262,187.0,3.962714,1.5,3.8
1743085700.455000,45.353678,6.579630,2106.238082,187.0,4.002678,1.4,3.8
1743085703.455000,45.353572,6.579624,2110.157500,188.0,4.015349,1.4,3.8
1743085706.456000,45.353466,6.579617,2118.152411,185.0,4.116526,1.4,3.8
1743085709.455000,45.353361,6.579611,2120.816442,184.0,4.080817,1.4,3.8
1743085712.456000,45.353254,6.579600,2118.953717,182.0,4.313313,1.3,3.8
1743085715.455000,45.353146,6.579594,2119.583183,183.0,4.157019,1.4,3.8
1743085718.455000,45.353038,6.579585,2121.071096,184.0,4.017933,1.4,3.8
1743085721.456000,45.352931,6.579574,2122.150054,186.0,3.962325,1.5,3.8
1743085724.455000,45.352823,6.579561,2125.636554,186.0,3.989163,1.4,3.8
1743085727.455000,45.352716,6.579551,2126.856856,187.0,3.987103,1.4,3.8
1743085730.455000,45.352612,6.579546,2133.079784,186.9,4.043917,1.3,3.8
1743085733.455000,45.352508,6.579539,2134.171777,186.0,4.022392,1.4,3.8
1743085736.455000,45.352403,6.579530,2140.192777,185.1,4.118973,1.3,3.8
1743085739.455000,45.352296,6.579524,2142.975222,184.2,4.126993,1.3,3.8
1743085742.456000,45.352193,6.579519,2142.662834,184.2,3.980206,1.3,3.8
1743085745.455000,45.352091,6.579510,2141.991240,185.0,3.949535,1.5,3.8
1743085748.456000,45.351988,6.579500,2145.807389,184.0,3.953476,1.4,3.8
1743085751.455000,45.351883,6.579493,2152.499610,184.0,3.967920,1.3,3.8
1743085754.454000,45.351777,6.579484,2157.657227,184.0,4.046480,1.3,3.8
1743085757.455000,45.351673,6.579476,2161.036133,183.0,4.127595,1.3,3.8
1743085760.455000,45.351571,6.579467,2164.161901,184.0,4.133306,1.3,3.8
1743085763.456000,45.351470,6.579458,2170.108515,183.0,4.045863,1.3,3.8
1743085766.455000,45.351369,6.579448,2174.760621,183.0,4.049157,1.3,3.8
1743085769.455000,45.351267,6.579441,2177.446634,183.0,4.019398,1.3,3.8
1743085772.454000,45.351167,6.579434,2179.779053,183.0,3.988333,1.3,3.8
1743085775.455000,45.351063,6.579426,2184.504618,183.0,3.909138,1.3,3.8
1743085778.455000,45.350964,6.579421,2188.167969,181.5,3.857704,1.3,3.8
1743085781.455000,45.350859,6.579412,2193.075258,181.0,4.181561,1.3,3.8
1743085784.455000,45.350752,6.579406,2195.863401,182.9,4.198926,1.3,3.8
1743085787.456000,45.350644,6.579395,2198.744387,182.9,4.118795,1.3,3.8
1743085790.455000,45.350538,6.579387,2199.777104,182.1,4.013844,1.3,3.8
1743085793.456000,45.350433,6.579376,2207.968539,183.0,4.068013,1.4,3.8
1743085796.455000,45.350329,6.579365,2209.052785,185.2,4.026445,1.4,3.8
1743085799.454000,45.350226,6.579358,2208.146484,183.9,3.968773,1.3,3.8
1743085802.455000,45.350122,6.579350,2211.250244,183.0,3.998870,1.3,3.8
1743085805.454000,45.350016,6.579342,2214.950756,183.0,3.932746,1.4,3.8
1743085808.455000,45.349912,6.579331,2218.092490,183.0,3.935275,1.3,3.8
1743085811.456000,45.349807,6.579323,2224.291562,184.0,4.209015,1.3,3.8
1743085814.455000,45.349699,6.579314,2226.087220,183.0,4.062338,1.3,3.8
1743085817.455000,45.349592,6.579306,2227.782518,184.0,3.967915,1.3,3.8
1743085820.455000,45.349488,6.579295,2230.842850,185.0,4.023089,1.3,3.8
1743085823.455000,45.349383,6.579288,2238.473543,183.0,4.075218,1.4,3.8
1743085826.455000,45.349278,6.579281,2239.645837,184.0,4.022010,1.4,3.8
1743085829.455000,45.349175,6.579273,2241.266492,185.0,4.010631,1.3,3.8
1743085832.454000,45.349073,6.579264,2242.215381,183.0,3.974067,1.3,3.8
1743085835.456000,45.348969,6.579257,2247.688907,184.0,3.925713,1.4,3.8
1743085838.456000,45.348866,6.579248,2250.053603,183.9,3.916720,1.4,3.8
1743085841.455000,45.348762,6.579240,2255.044231,183.0,3.993660,1.4,3.8
1743085844.456000,45.348660,6.579227,2256.617073,183.9,3.978133,1.4,3.8
1743085847.456000,45.348556,6.579219,2262.034004,183.1,4.056487,1.3,3.8
1743085850.455000,45.348450,6.579208,2263.339237,188.5,4.055993,1.4,3.8
1743085853.455000,45.348343,6.579197,2271.807711,184.9,4.162604,1.4,3.8
1743085856.456000,45.348237,6.579195,2271.171811,183.0,4.156363,1.3,3.8
1743085859.456000,45.348130,6.579188,2270.443067,183.0,4.075716,1.3,3.8
1743085862.455000,45.348023,6.579180,2272.145698,183.9,4.019530,1.4,3.8
1743085865.455000,45.347916,6.579171,2274.974578,183.0,3.956439,1.4,3.8
1743085868.455000,45.347812,6.579160,2277.096005,184.0,3.945532,1.4,3.8
1743085871.455000,45.347707,6.579153,2282.817698,183.0,4.062522,1.3,3.8
1743085874.454000,45.347603,6.579147,2283.529669,182.9,3.964590,1.4,3.8
1743085877.454000,45.347499,6.579136,2287.962028,183.0,4.034766,1.3,3.8
1743085880.454000,45.347395,6.579126,2291.592249,184.0,4.019284,1.3,3.8
1743085883.455000,45.347292,6.579119,2297.926359,182.9,4.051372,1.3,3.8
1743085886.453000,45.347191,6.579111,2300.512392,183.0,4.044509,1.3,3.8
1743085889.453000,45.347090,6.579102,2301.265009,184.0,3.948186,1.3,3.8
1743085892.454000,45.346991,6.579095,2305.387631,184.0,3.938902,1.4,3.8
1743085895.454000,45.346891,6.579089,2309.457236,183.9,3.909934,1.4,3.8
1743085898.454000,45.346788,6.579081,2315.412309,183.0,3.935603,1.4,3.8
1743085901.455000,45.346688,6.579072,2320.258022,182.2,4.056722,1.3,3.8
1743085904.454000,45.346587,6.579064,2326.053028,182.1,4.087743,1.3,3.8
1743085907.455000,45.346486,6.579056,2329.815613,183.1,4.105957,1.4,3.8
1743085910.454000,45.346386,6.579047,2339.610829,184.0,4.208025,1.3,3.8
1743085913.454000,45.346289,6.579038,2342.690428,183.0,4.143025,1.4,3.8
1743085916.455000,45.346192,6.579029,2343.000626,184.0,3.932266,1.3,3.8
1743085919.454000,45.346085,6.579021,2347.090808,183.0,4.183193,1.3,3.8
1743085922.455000,45.345978,6.579016,2348.605974,185.0,4.013040,1.3,3.8
1743085925.455000,45.345871,6.579011,2352.858063,184.0,4.022904,1.4,3.8
1743085928.455000,45.345765,6.579005,2355.659130,183.1,4.043059,1.4,3.8
1743085931.455000,45.345661,6.578996,2357.933223,184.0,4.006445,1.3,3.8
1743085934.455000,45.345556,6.578989,2361.724407,183.9,4.042011,1.3,3.8
1743085937.454000,45.345453,6.578981,2364.170608,184.0,3.982143,1.4,3.8
1743085940.454000,45.345350,6.578973,2372.223023,184.9,4.114887,1.3,3.8
1743085943.454000,45.345246,6.578965,2373.877786,184.0,4.098949,1.4,3.8
1743085946.454000,45.345140,6.578956,2372.756817,185.0,4.033149,1.3,3.8
1743085949.454000,45.345036,6.578949,2376.678945,185.0,4.045820,1.3,3.8
1743085952.454000,45.344931,6.578936,2381.624245,189.8,4.033810,1.3,3.8
1743085955.454000,45.344823,6.578920,2382.772143,188.0,4.023769,1.4,3.8
1743085958.454000,45.344719,6.578903,2385.439886,199.7,4.060483,1.4,3.8
1743085961.454000,45.344612,6.578881,2387.461333,196.4,3.954462,1.3,3.8
1743085964.454000,45.344503,6.578873,2392.963073,188.8,4.019547,1.4,3.8
1743085967.453000,45.344397,6.578865,2393.720696,193.9,3.983598,1.4,3.8
1743085970.454000,45.344293,6.578854,2399.871621,193.2,4.022196,1.3,3.8
1743085973.454000,45.344192,6.578854,2403.270162,191.1,4.036118,1.3,3.8
1743085976.454000,45.344086,6.578854,2402.740008,186.2,3.972181,1.3,3.8
1743085979.454000,45.343981,6.578853,2406.411688,184.2,4.050163,1.4,3.8
1743085982.454000,45.343876,6.578855,2408.738004,174.1,3.939733,1.3,3.8
1743085985.453000,45.343770,6.578857,2413.194079,174.0,3.946324,1.4,3.8
1743085988.455000,45.343666,6.578845,2416.241628,174.9,3.998720,1.3,3.8
1743085991.454000,45.343557,6.578834,2421.145716,177.6,4.165634,1.4,3.8
1743085994.454000,45.343449,6.578817,2422.510097,180.0,4.139207,1.4,3.8
1743085997.455000,45.343343,6.578808,2428.286094,179.9,4.168929,1.3,3.8
1743086000.454000,45.343237,6.578802,2430.263840,175.2,4.097984,1.3,3.8
1743086003.454000,45.343131,6.578795,2428.145733,174.2,4.028341,1.3,3.8
1743086006.453000,45.343040,6.578788,2429.402165,180.4,3.579542,1.3,3.8
1743086011.455000,45.342934,6.578820,2429.165190,177.7,2.563872,1.4,4.9
1743086015.454000,45.342872,6.578935,2426.853800,99.0,3.170361,1.3,4.4
1743086019.454000,45.342889,6.579072,2426.951445,79.1,3.097456,1.3,3.8
1743086021.454000,45.342926,6.579233,2424.522201,61.9,7.221669,1.4,3.8
1743086023.454000,45.343028,6.579281,2422.331870,328.1,6.472949,1.4,3.8
1743086025.454000,45.343126,6.579277,2420.691135,19.9,6.035746,1.3,3.8
1743086027.454000,45.343281,6.579302,2416.204435,358.2,9.311934,1.3,3.8
1743086028.455000,45.343370,6.579278,2414.187731,350.1,10.227272,1.3,3.8
1743086030.455000,45.343533,6.579321,2409.857427,27.0,8.986083,1.3,3.8
1743086032.454000,45.343685,6.579315,2408.093271,342.0,9.016859,1.3,3.8
1743086034.454000,45.343851,6.579241,2406.190320,344.0,10.399111,1.3,3.8
1743086035.454000,45.343944,6.579248,2404.825308,9.0,11.367944,1.3,3.8
1743086036.454000,45.344039,6.579226,2401.896588,344.0,11.085872,1.3,3.8
1743086038.455000,45.344189,6.579153,2395.011543,3.0,10.437477,1.3,3.8
1743086039.454000,45.344282,6.579143,2393.445570,351.0,10.335045,1.3,3.8
1743086041.453000,45.344451,6.579061,2386.161213,359.0,11.406600,1.3,3.8
1743086042.455000,45.344554,6.579058,2384.245829,357.0,12.022610,1.4,3.8
1743086044.455000,45.344719,6.578996,2376.115876,358.7,10.101727,1.3,3.8
1743086045.453000,45.344798,6.579076,2374.133931,37.7,10.770637,1.3,3.8
1743086046.454000,45.344888,6.579088,2371.711826,350.0,10.677943,1.3,3.8
1743086048.454000,45.345010,6.579022,2366.442695,353.0,7.104794,1.4,3.8
1743086050.454000,45.345166,6.579040,2365.673774,2.0,9.198102,1.3,3.8
1743086051.454000,45.345256,6.579024,2364.481127,348.1,11.020649,1.4,3.8
1743086053.454000,45.345417,6.578995,2356.119419,12.9,10.750162,1.3,3.8
1743086054.454000,45.345506,6.579048,2354.580644,26.0,11.188458,1.3,3.8
1743086055.454000,45.345602,6.579078,2351.945035,6.0,11.106401,1.3,3.8
1743086057.454000,45.345714,6.579191,2346.277420,36.1,8.074050,1.3,3.8
1743086059.454000,45.345794,6.579324,2341.805582,83.7,9.021689,1.3,3.8
1743086061.455000,45.345809,6.579533,2338.244224,85.0,8.660706,1.3,3.8
1743086063.454000,45.345775,6.579721,2335.198996,116.0,8.801840,1.3,3.8
1743086065.454000,45.345672,6.579889,2332.732778,140.0,9.728331,1.3,3.8
1743086066.453000,45.345595,6.579960,2329.660302,151.0,10.808194,1.3,3.8
1743086067.455000,45.345524,6.580044,2327.964606,137.0,10.136253,1.3,3.8
1743086069.455000,45.345388,6.580194,2324.951225,129.0,9.261736,1.3,3.8
1743086071.455000,45.345345,6.580374,2323.298964,83.1,7.298927,1.3,3.8
1743086073.454000,45.345436,6.580456,2323.572593,23.1,7.323372,1.3,3.8
1743086074.455000,45.345531,6.580470,2322.725636,2.2,11.388102,1.3,3.9
1743086076.454000,45.345707,6.580475,2315.217403,5.0,11.583314,1.3,3.8
1743086078.455000,45.345884,6.580490,2311.826795,15.0,10.670446,1.4,3.9
1743086079.455000,45.345970,6.580531,2310.203702,19.0,10.656762,1.3,3.8
1743086080.454000,45.346064,6.580550,2306.314789,5.3,11.095168,1.3,3.8
1743086081.454000,45.346173,6.580515,2300.428869,342.3,13.125550,1.4,3.8
1743086082.454000,45.346269,6.580487,2298.302315,349.9,10.558301,1.3,3.8
1743086084.454000,45.346402,6.580447,2298.807291,347.0,9.649322,1.3,3.8
1743086085.454000,45.346497,6.580485,2298.397717,5.7,10.777942,1.3,3.8
1743086086.454000,45.346611,6.580501,2296.901933,1.2,11.965089,1.3,4.0
1743086087.454000,45.346704,6.580461,2292.036883,344.3,11.710671,1.3,4.1
1743086088.454000,45.346803,6.580431,2290.566385,346.0,10.954747,1.3,4.0
1743086090.455000,45.346952,6.580427,2290.968630,354.0,8.743909,1.3,4.1
1743086092.454000,45.347129,6.580464,2288.167397,2.0,12.522247,1.3,3.8
1743086093.455000,45.347241,6.580443,2282.965260,347.0,13.072195,1.3,3.8
1743086094.455000,45.347337,6.580404,2281.023316,342.0,11.481159,1.3,3.8
1743086096.455000,45.347468,6.580318,2278.939136,334.9,7.681038,1.4,3.8
1743086098.455000,45.347588,6.580248,2280.932375,332.0,9.365828,1.3,3.8
1743086099.454000,45.347655,6.580147,2276.018597,309.1,12.167810,1.3,3.8
1743086100.454000,45.347738,6.580053,2274.605360,325.0,12.731208,1.3,3.8
1743086101.455000,45.347830,6.580008,2272.011818,350.0,11.470390,1.3,3.8
1743086102.454000,45.347920,6.579969,2268.251031,341.1,11.173391,1.3,3.8
1743086103.453000,45.348013,6.579923,2266.272464,342.0,11.475235,1.3,3.8
1743086104.454000,45.348105,6.579848,2263.748168,325.0,12.594720,1.4,3.9
1743086105.455000,45.348204,6.579806,2263.850674,349.9,11.128324,1.3,3.9
1743086107.454000,45.348364,6.579796,2260.459098,342.0,10.063746,1.3,3.8
1743086108.454000,45.348454,6.579746,2259.620434,336.0,10.638089,1.3,3.8
1743086110.455000,45.348596,6.579743,2255.669657,346.0,6.563043,1.3,3.8
1743086112.454000,45.348730,6.579668,2252.504225,347.9,8.541162,1.3,3.8
1743086114.454000,45.348866,6.579652,2247.982558,320.2,8.904643,1.3,3.8
1743086116.454000,45.349000,6.579646,2242.047001,29.8,9.068675,1.5,3.8
1743086118.454000,45.349153,6.579608,2236.613876,320.3,10.561365,1.3,3.8
1743086120.455000,45.349308,6.579557,2232.459499,11.9,9.734613,1.4,3.8
1743086122.454000,45.349447,6.579565,2227.354449,332.1,9.167715,1.4,3.8
1743086124.455000,45.349594,6.579551,2223.326406,13.8,8.202559,1.4,3.9
1743086126.455000,45.349747,6.579524,2219.198432,3.0,9.277649,1.4,3.9
1743086128.453000,45.349900,6.579563,2213.890038,345.1,9.301906,1.4,3.9
1743086130.454000,45.350043,6.579552,2210.117317,24.9,7.900297,1.6,3.8
1743086132.454000,45.350167,6.579610,2206.728811,26.0,7.993856,1.4,3.8
1743086134.455000,45.350319,6.579626,2201.506556,2.0,8.546674,1.4,3.8
1743086136.455000,45.350464,6.579760,2197.118386,34.0,10.912903,1.4,3.8
1743086137.454000,45.350544,6.579821,2197.017032,29.1,10.103083,1.3,3.8
1743086138.455000,45.350648,6.579902,2193.622537,31.0,13.696819,1.4,3.8
1743086139.453000,45.350750,6.579968,2188.366994,20.0,12.429341,1.3,3.8
1743086141.454000,45.350893,6.580110,2185.101086,28.0,9.607770,1.3,3.8
1743086143.455000,45.351056,6.580183,2182.896804,353.0,10.756636,1.3,3.8
1743086145.453000,45.351229,6.580109,2179.251775,352.7,11.051057,1.5,3.8
1743086147.455000,45.351327,6.580194,2172.183288,33.1,5.582199,1.3,3.8
1743086149.455000,45.351415,6.580271,2169.475208,12.1,6.725966,1.4,3.8
1743086153.454000,45.351498,6.580213,2164.597563,30.9,3.021306,1.3,3.8
1743086157.455000,45.351585,6.580296,2160.900391,46.0,2.013770,1.4,3.8
1743086163.454000,45.351668,6.580406,2156.029013,40.0,5.901694,1.4,3.8
1743086165.455000,45.351755,6.580502,2154.599204,36.1,7.126940,1.3,4.1
1743086167.455000,45.351815,6.580624,2152.474187,50.4,5.767776,1.3,4.9
1743086169.455000,45.351909,6.580643,2151.422057,8.0,3.909184,1.3,4.9
1743086172.455000,45.352015,6.580679,2150.399925,19.0,3.807837,1.3,4.2
1743086175.454000,45.352108,6.580724,2149.073812,13.0,2.960437,1.3,3.8
1743086179.455000,45.352196,6.580764,2149.159691,31.0,1.662035,1.3,3.8
1743086186.454000,45.352267,6.580850,2149.921887,52.0,1.084267,1.4,3.8
1743086219.453000,45.352334,6.580739,2142.031548,326.0,1.533019,1.4,4.1
1743086222.455000,45.352313,6.580588,2137.518090,228.2,3.991362,1.4,4.0
1743086226.454000,45.352263,6.580435,2131.985525,249.4,3.495692,1.3,3.8
1743086228.454000,45.352323,6.580333,2129.588855,306.1,4.701963,1.3,3.8
1743086230.454000,45.352390,6.580194,2126.772741,319.9,5.470491,1.3,3.8
1743086232.454000,45.352538,6.580110,2121.011777,341.5,8.274493,1.5,3.8
1743086233.455000,45.352636,6.580089,2117.404516,345.5,9.221177,1.3,4.0
1743086234.455000,45.352743,6.580114,2112.936801,5.0,10.962987,1.3,4.0
1743086235.454000,45.352832,6.580142,2110.698049,14.7,9.727164,1.3,4.0
1743086237.454000,45.352934,6.580179,2109.832605,19.3,3.850737,1.3,4.0
1743086239.454000,45.353025,6.580221,2110.826220,21.0,6.767015,1.4,3.8
1743086241.454000,45.353171,6.580287,2107.164096,18.0,8.131224,1.3,3.8
1743086242.455000,45.353255,6.580336,2104.070471,24.0,9.694046,1.4,3.8
1743086244.454000,45.353366,6.580396,2103.796889,20.2,6.453082,1.5,3.8
1743086246.453000,45.353508,6.580472,2102.542126,17.6,9.563641,1.4,3.8
1743086248.455000,45.353615,6.580569,2099.313373,55.0,4.943585,1.4,3.8
1743086250.454000,45.353695,6.580645,2097.270306,14.1,5.944476,1.3,3.8
1743086252.454000,45.353846,6.580684,2093.908458,7.0,10.249510,1.3,3.8
1743086253.454000,45.353943,6.580707,2090.253849,10.0,11.862832,1.3,3.8
1743086254.454000,45.354048,6.580742,2086.425123,12.9,12.668234,1.3,3.8
1743086255.454000,45.354159,6.580772,2082.189659,8.1,13.094548,1.3,3.8
1743086256.454000,45.354272,6.580782,2079.168086,0.2,13.079334,1.3,3.8
1743086257.454000,45.354389,6.580774,2077.731171,354.2,13.573366,1.3,3.8
1743086258.453000,45.354505,6.580750,2074.985917,348.1,12.908327,1.3,3.8
1743086259.454000,45.354609,6.580717,2073.198330,344.0,11.695050,1.3,3.8
1743086260.454000,45.354698,6.580680,2071.979599,342.0,9.993665,1.4,3.8
1743086262.453000,45.354819,6.580628,2071.345278,345.1,7.138640,1.3,3.8
1743086264.454000,45.354940,6.580601,2073.993075,349.5,8.093429,1.3,3.8
1743086266.453000,45.355106,6.580570,2069.960593,349.4,8.779656,1.3,3.9
1743086268.454000,45.355252,6.580532,2068.251757,349.0,7.971549,1.4,3.9
1743086270.453000,45.355412,6.580482,2065.945876,345.1,10.249261,1.3,3.8
1743086271.454000,45.355503,6.580442,2062.921210,342.3,11.105412,1.4,3.8
1743086272.454000,45.355586,6.580389,2061.523343,335.2,10.328486,1.5,3.8
1743086274.454000,45.355745,6.580307,2059.337248,341.8,9.627956,1.3,5.9
1743086276.454000,45.355930,6.580291,2055.302317,355.0,11.212685,1.4,8.0
1743086277.454000,45.356024,6.580281,2054.382498,356.0,10.065475,1.4,9.0
1743086279.454000,45.356203,6.580264,2050.779350,356.9,10.189022,1.3,9.9
1743086281.455000,45.356375,6.580238,2048.937023,352.0,9.070771,1.3,9.9
1743086283.454000,45.356520,6.580208,2047.113422,349.1,7.643837,1.3,9.9
1743086285.454000,45.356654,6.580176,2046.201844,349.0,7.598751,1.3,9.9
1743086287.454000,45.356782,6.580145,2046.468290,348.2,7.433760,1.3,9.9
1743086289.454000,45.356911,6.580113,2045.689646,355.6,7.195949,1.4,9.9
1743086291.454000,45.357031,6.580081,2044.098277,343.1,6.869020,1.3,9.9
1743086293.454000,45.357138,6.580054,2044.156371,342.9,6.244136,1.3,9.9
1743086295.454000,45.357236,6.580039,2043.691027,348.0,5.618149,1.3,9.9
1743086298.453000,45.357347,6.580021,2043.911837,329.2,4.147110,1.4,9.9
1743086301.454000,45.357453,6.579982,2042.635583,310.0,3.897603,1.5,9.9
1743086305.455000,45.357538,6.579918,2042.603642,320.0,2.765999,1.4,10.0
1743086320.455000,45.357446,6.579894,2041.759869,125.0,0.559018,1.3,3.8
1743086360.454000,45.357339,6.579916,2042.472950,187.8,2.166150,1.5,4.6
1743086363.453000,45.357245,6.579922,2043.345407,158.9,3.314548,1.4,4.6
1743086366.454000,45.357118,6.579904,2044.074583,181.5,3.626384,1.3,4.1
1743086369.454000,45.356998,6.579896,2046.499751,183.1,3.743160,1.3,3.8
1743086372.454000,45.356886,6.579894,2051.552037,175.7,3.798625,1.3,3.8
1743086375.454000,45.356781,6.579896,2055.764533,168.2,3.811924,1.3,3.8
1743086378.453000,45.356677,6.579896,2058.811519,166.2,3.902142,1.3,3.8
1743086381.454000,45.356573,6.579886,2063.394284,170.7,4.171767,1.4,3.8
1743086384.454000,45.356468,6.579864,2067.362675,181.0,4.205915,1.4,3.8
1743086387.454000,45.356362,6.579850,2069.818550,181.6,3.937908,1.4,3.8
1743086390.455000,45.356257,6.579827,2072.045946,193.0,3.988092,1.4,3.8
1743086393.454000,45.356157,6.579802,2075.806001,189.1,3.916136,1.4,3.8
1743086396.455000,45.356047,6.579815,2079.952304,183.0,4.261662,1.4,3.8
1743086399.454000,45.355940,6.579812,2079.758782,181.0,4.188713,1.3,3.8
1743086402.453000,45.355833,6.579806,2080.888821,181.0,4.083759,1.3,3.8
1743086405.454000,45.355728,6.579808,2082.445172,174.1,3.997136,1.4,3.8
1743086408.454000,45.355621,6.579806,2082.447972,173.2,4.017065,1.3,3.8
1743086411.453000,45.355514,6.579798,2083.047306,172.1,3.960113,1.4,3.8
1743086414.455000,45.355406,6.579790,2085.588957,171.8,4.013638,1.7,3.8
1743086417.454000,45.355297,6.579780,2086.008504,174.5,3.957259,1.4,3.8
1743086420.454000,45.355188,6.579770,2085.818667,175.7,4.006378,1.4,3.8
1743086423.455000,45.355080,6.579757,2087.695406,176.4,4.009842,1.3,3.8
1743086426.455000,45.354974,6.579737,2087.775093,190.9,4.027138,1.3,3.8
1743086429.454000,45.354866,6.579731,2088.756821,183.0,4.283948,1.3,3.8
1743086432.454000,45.354758,6.579722,2090.946907,180.0,3.950301,1.3,3.8
1743086435.453000,45.354650,6.579714,2091.816950,182.0,4.094968,1.3,3.8
1743086444.871000,45.354328,6.579674,2098.930420,183.0,4.063945,5.9,4.9
1743086447.455000,45.354221,6.579679,2099.255859,183.0,3.919912,3.2,4.4
1743086450.453000,45.354115,6.579673,2104.485840,183.0,4.065383,1.6,3.8
1743086456.454000,45.354012,6.579678,2106.554094,174.2,1.299626,1.6,3.4
1743086459.454000,45.353910,6.579699,2108.489253,174.8,3.181173,1.5,3.2
1743086462.455000,45.353798,6.579704,2113.044696,182.3,3.769576,1.5,3.2
1743086464.454000,45.353694,6.579674,2113.989604,191.9,3.813778,1.5,3.7
1743086466.429000,45.353596,6.579644,2114.848678,193.0,3.909775,1.5,4.1
1743086468.453000,45.353497,6.579637,2119.719011,187.7,4.119649,1.5,3.7
1743086471.454000,45.353382,6.579615,2123.018225,187.8,3.891621,1.4,3.1
1743086474.454000,45.353272,6.579606,2123.780917,194.2,3.878911,1.4,3.1
1743086477.455000,45.353162,6.579590,2126.732998,190.6,3.946130,1.4,3.2
1743086480.454000,45.353052,6.579585,2127.229489,182.7,3.789553,1.4,3.2
1743086483.453000,45.352944,6.579586,2130.072233,181.4,3.733461,1.4,3.1
1743086486.453000,45.352835,6.579575,2131.586383,183.3,3.812644,1.3,3.2
1743086489.454000,45.352735,6.579563,2133.173892,182.0,4.025764,1.3,3.4
1743086492.454000,45.352631,6.579553,2136.196666,182.0,4.029149,1.3,3.8
1743086495.455000,45.352527,6.579545,2138.242575,183.0,3.997838,1.3,3.8
1743086498.454000,45.352424,6.579536,2140.536418,183.0,4.078096,1.3,3.8
1743086501.454000,45.352319,6.579524,2143.493678,183.0,4.032501,1.3,3.8
1743086504.454000,45.352214,6.579513,2145.982458,183.0,3.935509,1.3,3.8
1743086507.454000,45.352111,6.579504,2149.449399,183.0,3.971639,1.3,3.8
1743086510.189000,45.352016,6.579503,2150.750436,180.4,3.659343,1.3,4.1
1743086513.454000,45.351902,6.579506,2156.348915,178.0,3.619291,1.3,5.8
1743086516.455000,45.351797,6.579495,2159.752080,180.2,3.559546,1.3,7.2
1743086519.453000,45.351694,6.579488,2163.668127,179.5,3.545869,1.3,6.7
1743086522.453000,45.351588,6.579477,2166.125660,183.0,4.007982,1.3,8.5
1743086525.454000,45.351486,6.579472,2170.268129,183.0,3.973134,1.3,9.9
1743086528.454000,45.351386,6.579463,2175.049495,183.0,4.017289,1.3,9.9
1743086531.454000,45.351285,6.579454,2177.179160,182.0,3.991879,1.3,9.9
1743086534.454000,45.351185,6.579445,2182.702010,183.0,3.986938,1.3,9.9
1743086537.454000,45.351083,6.579438,2187.337668,183.0,4.020170,1.3,9.9
1743086540.454000,45.350985,6.579431,2191.375619,183.0,3.867454,1.3,9.9
1743086543.454000,45.350884,6.579423,2195.352163,182.0,4.508509,1.3,9.9
1743086546.454000,45.350777,6.579416,2199.226902,183.0,4.239073,1.3,9.9
1743086549.455000,45.350672,6.579408,2200.832513,183.0,4.144963,1.3,9.9
1743086552.454000,45.350565,6.579397,2204.452329,183.0,4.058792,1.3,9.9
1743086555.454000,45.350459,6.579386,2207.376794,183.0,4.036377,1.3,9.9
1743086558.454000,45.350354,6.579376,2209.815462,183.0,3.998470,1.3,9.9
1743086561.455000,45.350250,6.579369,2213.445185,182.0,4.068085,1.3,9.9
1743086564.455000,45.350147,6.579362,2217.111449,183.0,4.001377,1.3,9.9
1743086567.454000,45.350044,6.579356,2220.524837,183.0,4.031586,1.3,9.9
1743086570.454000,45.349939,6.579351,2224.501631,183.0,3.973591,1.3,9.9
1743086573.454000,45.349835,6.579344,2227.161818,183.0,4.306398,1.3,9.9
1743086576.453000,45.349735,6.579351,2230.465742,178.5,3.577626,1.3,7.7
1743086579.453000,45.349629,6.579338,2232.942967,181.2,3.551373,1.3,6.2
1743086582.455000,45.349521,6.579321,2235.626200,181.4,3.545987,1.3,6.1
1743086585.453000,45.349413,6.579312,2239.226417,180.6,3.559894,1.3,6.1
1743086588.453000,45.349306,6.579304,2242.069685,180.5,3.584585,1.3,6.3
1743086591.454000,45.349201,6.579296,2244.863382,182.0,4.005073,1.3,8.5
1743086594.454000,45.349095,6.579287,2247.975242,183.0,4.014041,1.3,9.9
1743086597.454000,45.348990,6.579278,2250.441776,183.0,4.029445,1.3,9.9
1743086600.454000,45.348886,6.579270,2254.655714,183.0,3.922946,1.3,9.9
1743086603.454000,45.348783,6.579263,2257.726780,183.0,3.957869,1.3,9.9
1743086606.454000,45.348682,6.579258,2261.641994,183.0,4.005074,1.3,9.9
1743086609.454000,45.348581,6.579248,2265.489638,183.0,4.154289,1.3,9.9
1743086612.455000,45.348464,6.579242,2267.439375,182.7,3.706395,1.3,7.5
1743086615.455000,45.348360,6.579226,2270.323398,183.2,3.638540,1.3,6.2
1743086618.454000,45.348256,6.579221,2271.998584,181.7,3.583660,1.3,6.2
1743086621.455000,45.348152,6.579217,2273.782646,183.0,4.068539,1.3,8.1
1743086624.454000,45.348046,6.579209,2275.893379,183.0,3.963132,1.3,9.9
1743086627.454000,45.347940,6.579198,2279.355561,183.0,4.030291,1.3,9.9
1743086630.454000,45.347830,6.579189,2281.171904,182.6,3.581963,1.3,7.9
1743086633.455000,45.347728,6.579180,2284.436884,183.0,4.038640,1.3,8.5
1743086636.455000,45.347624,6.579170,2287.728425,183.0,3.984103,1.3,10.0
1743086639.453000,45.347522,6.579162,2290.063507,183.0,3.961312,1.3,10.0
1743086642.455000,45.347409,6.579153,2294.048274,182.0,3.703782,1.3,8.6
1743086645.454000,45.347307,6.579147,2297.180027,181.8,3.646366,1.3,6.9
1743086648.454000,45.347207,6.579139,2301.504695,182.0,3.644463,1.3,6.3
1743086651.454000,45.347112,6.579128,2304.375528,183.0,3.963578,1.3,7.7
1743086654.455000,45.347012,6.579114,2309.944303,183.0,4.005296,1.3,9.9
1743086657.454000,45.346906,6.579104,2313.138301,183.0,3.978981,1.3,9.9
1743086660.454000,45.346804,6.579096,2317.830234,183.0,3.933373,1.3,9.9
1743086663.453000,45.346704,6.579089,2321.527079,183.0,3.966484,1.3,9.9
1743086666.454000,45.346603,6.579082,2325.815755,183.0,3.985777,1.3,7.9
1743086669.455000,45.346502,6.579073,2331.371180,183.0,3.990660,1.3,3.8
1743086672.454000,45.346399,6.579064,2335.275107,183.0,4.003258,1.3,3.8
1743086675.454000,45.346298,6.579056,2339.949279,183.0,3.950429,1.3,3.8
1743086678.454000,45.346198,6.579049,2344.157398,182.0,3.929440,1.3,3.8
1743086681.453000,45.346091,6.579041,2347.893967,182.0,4.136009,1.3,3.8
1743086684.454000,45.345986,6.579032,2350.480764,182.0,4.148284,1.3,3.8
1743086687.453000,45.345880,6.579024,2352.001502,183.0,4.007905,1.3,3.8
1743086690.455000,45.345773,6.579018,2357.119232,183.0,4.104604,1.3,3.8
1743086693.455000,45.345668,6.579012,2358.262204,182.0,4.004258,1.3,3.8
1743086696.455000,45.345562,6.579001,2360.990334,182.0,4.045872,1.3,3.8
1743086699.453000,45.345456,6.578993,2363.559510,183.0,3.949219,1.3,3.8
1743086702.454000,45.345347,6.578982,2366.904547,183.0,3.954987,1.3,3.8
1743086705.454000,45.345237,6.578974,2370.569627,183.0,4.042282,1.3,3.8
1743086708.453000,45.345130,6.578964,2373.556729,182.0,3.999562,1.3,3.8
1743086711.454000,45.345026,6.578952,2376.343583,183.0,3.985016,1.3,3.8
1743086714.454000,45.344925,6.578947,2380.588203,182.0,4.120825,1.3,3.8
1743086717.455000,45.344821,6.578939,2382.233935,183.0,3.941722,1.3,3.8
1743086720.454000,45.344716,6.578930,2384.712542,183.0,4.009264,1.3,3.8
1743086723.454000,45.344612,6.578920,2387.490136,183.0,3.911891,1.3,3.8
1743086726.455000,45.344507,6.578910,2389.369857,184.0,3.879656,1.3,3.8
1743086729.454000,45.344400,6.578899,2392.951499,182.0,3.893944,1.3,3.8
1743086732.454000,45.344295,6.578893,2395.656022,184.0,3.898253,1.3,3.8
1743086735.454000,45.344192,6.578885,2399.415871,182.0,3.985892,1.3,3.8
1743086738.454000,45.344088,6.578876,2401.465118,183.0,4.095963,1.3,3.8
1743086741.454000,45.343982,6.578867,2404.857332,183.0,3.946749,1.3,3.8
1743086744.454000,45.343875,6.578858,2407.164667,183.0,3.987067,1.3,3.8
1743086747.454000,45.343770,6.578847,2411.242481,182.0,3.916050,1.3,3.8
1743086750.454000,45.343668,6.578837,2415.285949,182.0,3.961151,1.3,3.8
1743086753.455000,45.343558,6.578823,2417.891115,183.0,4.144841,1.3,3.8
1743086756.454000,45.343451,6.578814,2419.978277,183.0,4.188395,1.4,3.8
1743086759.454000,45.343346,6.578809,2422.465058,182.0,4.117601,1.3,3.8
1743086762.454000,45.343239,6.578805,2422.434438,183.0,3.955981,1.4,3.8
1743086765.454000,45.343137,6.578796,2425.931892,183.0,3.487082,1.4,3.8
1743086768.454000,45.343042,6.578788,2426.307658,180.0,2.768906,1.5,3.8
1743086773.454000,45.342921,6.578782,2427.206979,174.0,3.701477,1.4,3.8
1743086776.455000,45.342879,6.578918,2425.685846,69.0,3.050375,1.4,3.8
1743086781.455000,45.342893,6.579066,2423.959838,91.0,2.784912,1.4,3.8
1743086783.455000,45.342893,6.579214,2423.278109,81.1,6.216218,1.4,3.8
1743086785.454000,45.342942,6.579442,2419.883345,78.5,9.351193,1.4,4.3
1743086786.454000,45.342962,6.579566,2417.116008,72.1,9.254480,1.4,4.4
1743086788.453000,45.343038,6.579714,2416.077008,37.0,5.185583,1.4,4.5
1743086791.452000,45.343161,6.579755,2415.467879,22.0,7.511935,1.5,4.0
1743086793.453000,45.343255,6.579866,2411.447725,53.0,7.703116,1.3,3.8
1743086795.454000,45.343346,6.580040,2406.932733,58.9,10.714641,1.3,3.8
1743086797.453000,45.343429,6.580180,2404.394049,39.3,5.156875,1.3,3.9
1743086799.453000,45.343518,6.580229,2404.502937,8.1,6.625774,1.3,3.9
1743086803.453000,45.343628,6.580223,2400.852084,349.0,5.613144,1.3,3.8
1743086808.453000,45.343745,6.580217,2393.938778,342.0,4.834816,1.3,3.8
1743086810.452000,45.343842,6.580130,2391.810585,311.1,8.625482,1.3,3.8
1743086812.453000,45.343993,6.580019,2384.782905,350.7,11.021439,1.3,3.8
1743086813.453000,45.344085,6.580028,2380.722350,12.0,9.846654,1.3,3.8
1743086815.453000,45.344199,6.580048,2375.414083,6.0,5.505768,1.3,3.8
1743086817.453000,45.344337,6.580002,2370.593807,347.0,10.296246,1.3,3.8
1743086819.454000,45.344448,6.580032,2365.643172,48.8,5.001184,1.3,3.8
1743086824.453000,45.344491,6.580170,2362.992517,83.0,3.615992,1.3,3.8
1743086827.454000,45.344503,6.580327,2359.926463,62.2,4.767097,1.3,3.8
1743086831.454000,45.344540,6.580460,2358.326470,41.2,2.276026,1.3,3.8
1743086850.869000,45.344552,6.580486,2349.851318,-1.0,0.000000,3.5,4.1
1743086851.454000,45.344551,6.580486,2349.851318,-1.0,0.036335,2.2,4.4
1743086860.454000,45.344584,6.580636,2346.725731,132.1,2.785304,1.6,4.1
1743086863.980000,45.344540,6.580764,2345.596693,120.7,2.802560,1.5,3.5
1743086867.454000,45.344476,6.580858,2344.774391,134.3,2.504456,1.5,4.3
1743086868.454000,45.344577,6.580933,2344.575581,87.7,1.550724,1.5,4.8
1743086937.454000,45.344675,6.580920,2338.306760,300.0,2.434918,1.3,9.9
1743086942.454000,45.344730,6.580802,2333.687211,293.5,0.928122,1.3,10.5
1743086945.454000,45.344759,6.580678,2330.915244,272.2,1.605639,1.3,8.0
1743086949.785000,45.344818,6.580575,2324.663130,322.5,1.757815,1.3,8.0
1743086953.230000,45.344886,6.580489,2321.342598,329.9,1.718701,1.3,9.1
1743086957.454000,45.344904,6.580360,2319.253192,335.5,1.615577,1.3,9.5
1743086960.453000,45.344999,6.580349,2315.454808,359.6,3.673186,1.3,8.1
1743086961.455000,45.345099,6.580341,2314.329313,352.1,6.372645,1.3,7.6
1743086962.455000,45.345201,6.580358,2312.646496,28.4,8.525975,1.3,7.7
1743086963.453000,45.345289,6.580408,2310.724805,21.2,7.309076,1.3,7.9
1743086965.454000,45.345428,6.580423,2309.354008,20.0,8.027081,1.3,9.9
1743086967.454000,45.345595,6.580491,2305.793666,14.7,9.290794,1.3,9.9
1743086968.455000,45.345713,6.580493,2300.316344,2.4,11.810267,1.3,9.9
1743086969.454000,45.345825,6.580477,2298.983971,354.7,11.565518,1.3,9.9
1743086970.453000,45.345929,6.580474,2297.219401,356.7,11.647470,1.3,10.0
1743086971.455000,45.346019,6.580534,2295.004356,9.5,11.553383,1.3,10.0
1743086972.455000,45.346120,6.580578,2291.828047,9.3,11.912294,1.3,10.0
1743086973.455000,45.346214,6.580574,2287.039454,3.7,11.785073,1.3,10.1
1743086975.455000,45.346354,6.580527,2284.813272,350.6,7.213996,1.3,10.0
1743086977.454000,45.346493,6.580518,2284.603046,0.7,8.343071,1.3,10.0
1743086979.454000,45.346683,6.580491,2277.329131,349.1,10.542787,1.3,10.1
1743086981.455000,45.346833,6.580449,2277.580839,350.1,7.093521,1.3,10.1
1743086983.455000,45.347006,6.580436,2277.153614,0.2,9.487468,1.3,10.0
1743086984.454000,45.347103,6.580457,2273.931062,3.2,10.124096,1.3,10.1
1743086985.454000,45.347225,6.580433,2268.147115,346.5,12.386951,1.3,10.1
1743086986.454000,45.347340,6.580383,2267.260871,335.8,11.946979,1.3,10.1
1743086987.454000,45.347432,6.580337,2266.628680,337.3,11.461034,1.3,10.1
1743086989.455000,45.347547,6.580237,2266.922251,325.2,10.152002,1.3,10.0
1743086990.455000,45.347614,6.580149,2266.328150,314.9,11.686134,1.3,9.9
1743086991.455000,45.347702,6.580068,2262.454891,332.5,11.967455,1.3,9.9
1743086992.454000,45.347797,6.580020,2259.392243,343.1,10.978103,1.3,9.9
1743086993.454000,45.347888,6.579981,2256.555585,340.6,11.130244,1.3,9.9
1743086994.454000,45.347984,6.579939,2253.273934,341.2,11.409895,1.3,10.0
1743086995.455000,45.348077,6.579866,2250.663201,330.3,11.843437,1.3,10.0
1743086996.454000,45.348164,6.579777,2249.729449,324.4,11.940918,1.3,10.1
1743086997.454000,45.348252,6.579739,2248.570807,350.2,9.648759,1.3,10.1
1743086999.453000,45.348382,6.579787,2246.428358,14.2,6.507147,1.3,10.1
1743087001.455000,45.348497,6.579728,2244.096226,328.6,7.825217,1.3,10.0
1743087003.455000,45.348626,6.579656,2241.489534,19.9,8.174516,1.3,10.0
1743087005.454000,45.348777,6.579631,2237.686028,349.0,9.830396,1.3,10.0
1743087007.453000,45.348948,6.579623,2231.528884,356.9,9.781503,1.3,10.1
1743087008.453000,45.349037,6.579604,2227.861656,347.5,10.723761,1.3,10.1
1743087009.453000,45.349133,6.579611,2223.086164,4.3,11.163441,1.3,10.1
1743087010.454000,45.349232,6.579632,2221.590042,5.4,11.217216,1.3,10.2
1743087011.454000,45.349329,6.579638,2218.227875,3.4,11.171557,1.3,10.6
1743087013.453000,45.349436,6.579603,2214.270478,333.4,8.325326,1.3,10.6
1743087015.453000,45.349582,6.579556,2210.247691,350.9,8.943913,1.3,10.4
1743087017.454000,45.349713,6.579590,2205.814162,10.2,7.828217,1.3,10.1
1743087019.453000,45.349837,6.579563,2202.157847,343.8,7.400658,1.3,10.1
1743087021.453000,45.349934,6.579643,2198.972227,25.2,6.815115,1.3,10.1
1743087023.454000,45.350047,6.579610,2196.827473,344.4,6.994374,1.3,10.0
1743087025.454000,45.350177,6.579652,2193.700141,14.8,8.035657,1.3,9.9
1743087027.454000,45.350348,6.579644,2189.577225,9.2,8.657744,1.3,9.9
1743087029.453000,45.350502,6.579777,2183.978497,32.9,10.019502,1.3,9.9
1743087030.453000,45.350583,6.579868,2181.462356,37.5,11.630033,1.3,9.9
1743087031.453000,45.350669,6.579966,2177.440737,37.8,12.079650,1.3,9.9
1743087032.453000,45.350732,6.580062,2175.632674,41.4,10.427210,1.3,9.9
1743087034.453000,45.350868,6.580156,2174.176051,8.7,8.750173,1.3,9.9
1743087036.453000,45.350992,6.580202,2172.018812,5.3,7.127648,1.3,9.9
1743087038.453000,45.351117,6.580144,2168.860795,354.0,7.314921,1.3,10.1
1743087040.453000,45.351204,6.580193,2162.567668,41.9,5.490613,1.3,10.1
1743087042.454000,45.351284,6.580273,2159.962225,44.7,4.976279,1.3,10.0
1743087045.453000,45.351370,6.580322,2157.108056,341.5,5.362955,1.3,9.9
1743087047.453000,45.351463,6.580289,2154.308984,3.1,5.205723,1.3,9.9
1743087050.453000,45.351546,6.580236,2149.767725,359.9,5.068794,1.3,10.0
1743087054.453000,45.351620,6.580347,2145.354462,15.3,2.687908,1.3,9.9
1743087057.453000,45.351706,6.580254,2140.891216,320.0,3.146829,1.3,9.9
1743087060.453000,45.351810,6.580217,2136.523270,45.8,3.811900,1.3,9.9
1743087064.452000,45.351925,6.580284,2131.825621,39.7,2.886455,1.3,9.9
1743087068.453000,45.352016,6.580350,2128.145316,36.9,3.373114,1.3,9.9
1743087073.454000,45.352125,6.580339,2123.405564,346.0,4.985631,1.3,9.9
1743087078.453000,45.352203,6.580274,2119.422247,328.0,5.208716,1.3,9.9
1743087080.453000,45.352318,6.580213,2116.899217,344.9,7.780467,1.3,9.9
1743087082.453000,45.352494,6.580118,2111.398821,353.9,11.640713,1.3,10.0
1743087083.453000,45.352606,6.580110,2106.651298,354.0,11.514968,1.3,10.0
1743087084.453000,45.352719,6.580106,2102.571954,355.9,13.066664,1.3,10.1
1743087085.452000,45.352824,6.580134,2099.773121,11.7,12.365767,1.3,10.1
1743087087.454000,45.352967,6.580184,2095.910615,6.0,8.036075,1.3,10.1
1743087089.454000,45.353105,6.580245,2096.522992,15.9,9.614887,1.3,10.1
1743087091.453000,45.353270,6.580323,2091.301556,20.0,10.074361,1.3,10.1
1743087093.454000,45.353389,6.580388,2090.412513,18.0,7.028692,1.3,10.0
1743087095.453000,45.353529,6.580490,2086.969693,25.0,10.783465,1.3,9.9
1743087096.454000,45.353609,6.580550,2085.260960,29.0,9.993349,1.3,9.9
1743087098.453000,45.353769,6.580645,2081.273170,26.9,10.846290,1.3,9.9
1743087099.453000,45.353862,6.580680,2078.508176,2.0,10.932533,1.3,9.9
1743087100.453000,45.353959,6.580686,2076.468023,8.0,11.930409,1.3,9.9
1743087101.454000,45.354056,6.580737,2074.309421,28.0,12.669140,1.3,9.9
1743087102.453000,45.354156,6.580797,2070.695513,13.0,12.530145,1.3,9.9
1743087103.454000,45.354269,6.580820,2067.729263,5.0,13.193780,1.3,9.9
1743087104.453000,45.354388,6.580814,2063.101688,354.1,13.468126,1.3,9.9
1743087105.453000,45.354497,6.580786,2062.152076,352.0,11.740901,1.3,9.9
1743087106.453000,45.354595,6.580758,2060.710598,351.0,11.436023,1.3,9.9
1743087107.452000,45.354690,6.580725,2059.182978,344.0,10.108989,1.3,9.9
1743087109.453000,45.354802,6.580669,2058.839954,338.0,6.179201,1.3,9.9
1743087111.454000,45.354934,6.580611,2061.270196,345.9,9.914126,1.3,9.9
1743087113.454000,45.355106,6.580585,2057.524303,352.0,9.505710,1.3,9.9
1743087115.452000,45.355252,6.580509,2055.884624,332.0,8.839010,1.3,9.9
1743087117.454000,45.355415,6.580464,2053.018756,351.0,10.197566,1.3,9.9
1743087118.453000,45.355507,6.580428,2051.387380,339.0,10.429758,1.3,9.9
1743087119.453000,45.355591,6.580377,2049.724047,340.9,9.938033,1.3,9.9
1743087121.453000,45.355772,6.580343,2046.695734,350.0,11.464669,1.3,10.0
1743087122.454000,45.355876,6.580317,2044.120566,346.0,11.321608,1.3,10.0
1743087123.453000,45.355969,6.580285,2042.576948,345.0,10.433733,1.3,10.0
1743087124.454000,45.356066,6.580267,2040.824592,352.9,11.217420,1.3,10.0
1743087125.453000,45.356168,6.580256,2039.359333,354.0,11.005441,1.3,10.0
1743087126.453000,45.356264,6.580238,2038.195726,352.0,10.554678,1.3,9.9
1743087127.453000,45.356358,6.580220,2036.973803,352.0,10.176943,1.3,9.9
1743087128.453000,45.356447,6.580202,2036.139298,347.0,9.671290,1.3,9.9
1743087130.454000,45.356604,6.580159,2043.488879,350.0,8.967135,1.4,9.9
1743087132.453000,45.356762,6.580123,2042.710806,349.0,9.128633,1.3,9.9
1743087134.454000,45.356921,6.580104,2041.332163,354.0,8.762126,1.5,9.9
1743087136.454000,45.357069,6.580071,2040.188110,350.0,7.981790,1.5,9.9
1743087138.454000,45.357204,6.580057,2039.638985,1.0,7.156213,1.5,9.9
1743087140.452000,45.357314,6.580052,2039.841657,354.0,5.944125,1.4,9.9
1743087142.453000,45.357413,6.580039,2039.675420,349.2,5.525150,1.5,9.9
1743087145.454000,45.357522,6.579969,2040.152583,325.2,4.036776,1.5,9.9
1743087149.453000,45.357537,6.579840,2042.307810,212.9,2.294614,1.4,9.9
1743087156.453000,45.357452,6.579915,2041.686090,154.0,1.264722,1.4,4.5
1743087183.453000,45.357361,6.579936,2043.822741,178.7,0.451294,1.4,3.8
1743087197.453000,45.357241,6.579912,2045.018402,200.8,2.930533,1.4,4.0
1743087200.453000,45.357125,6.579901,2045.507313,189.5,3.461619,1.4,3.8
1743087203.453000,45.357012,6.579894,2047.836470,186.4,3.794065,1.5,3.8
1743087206.453000,45.356902,6.579880,2049.720123,189.6,4.047130,1.4,3.8
1743087209.453000,45.356799,6.579881,2056.273885,181.8,3.910954,1.4,3.8
1743087212.454000,45.356697,6.579881,2062.079737,175.5,4.016660,1.4,3.8
1743087215.454000,45.356596,6.579868,2065.157229,184.4,4.106290,1.5,3.8
1743087218.453000,45.356486,6.579855,2069.781084,184.0,4.415808,1.4,3.8
1743087221.454000,45.356381,6.579851,2073.004326,184.0,3.841864,1.4,3.8
1743087224.453000,45.356275,6.579847,2074.996778,182.0,3.961861,1.4,3.8
1743087227.453000,45.356171,6.579844,2078.467856,180.0,3.979086,1.4,3.8
1743087230.453000,45.356066,6.579840,2081.970340,180.0,4.259478,1.4,3.8
1743087233.453000,45.355957,6.579832,2083.722346,184.0,4.088014,1.6,3.8
1743087236.454000,45.355849,6.579823,2085.693714,177.0,4.088307,1.5,3.8
1743087239.453000,45.355744,6.579820,2086.936335,165.1,4.031292,1.3,3.8
1743087242.453000,45.355636,6.579807,2087.871420,184.0,4.050450,1.4,3.8
1743087245.453000,45.355527,6.579803,2088.367730,178.0,4.009087,1.5,3.8
1743087248.453000,45.355420,6.579791,2088.765795,178.0,4.018007,1.4,3.8
1743087251.453000,45.355312,6.579787,2089.574139,179.0,3.985842,1.3,3.8
1743087254.453000,45.355204,6.579773,2090.384663,187.0,4.025248,1.4,3.8
1743087257.453000,45.355097,6.579768,2091.323755,178.0,3.988178,1.4,3.8
1743087260.453000,45.354990,6.579756,2092.063160,180.0,4.018978,1.3,3.8
1743087263.454000,45.354882,6.579750,2094.263519,181.6,3.952583,1.3,3.8
1743087266.453000,45.354776,6.579738,2094.489569,185.6,4.013573,1.4,3.8
1743087269.454000,45.354670,6.579733,2095.472682,181.1,4.005407,1.4,3.8
1743087272.453000,45.354562,6.579729,2096.710038,181.5,4.030894,1.3,3.8
1743087275.454000,45.354454,6.579719,2097.858311,183.5,4.003235,1.3,3.8
1743087278.453000,45.354347,6.579716,2099.102671,167.4,3.998883,1.4,3.8
1743087281.454000,45.354239,6.579701,2100.290187,184.8,3.978768,1.4,3.8
1743087284.452000,45.354132,6.579688,2101.659044,182.4,4.008840,1.3,3.8
1743087287.452000,45.354026,6.579675,2103.255044,187.7,3.988128,1.3,3.8
1743087290.453000,45.353921,6.579665,2105.274354,185.0,3.977919,1.3,3.8
1743087293.453000,45.353815,6.579660,2107.444710,187.5,3.975296,1.3,3.8
1743087296.453000,45.353709,6.579649,2110.083808,186.1,4.004665,1.3,3.8
1743087299.453000,45.353603,6.579644,2112.785083,184.8,3.998149,1.3,3.8
1743087302.453000,45.353500,6.579638,2115.449872,180.5,3.985754,1.3,3.8
1743087305.453000,45.353396,6.579632,2116.602243,183.0,3.964043,1.3,3.8
1743087308.453000,45.353289,6.579624,2122.770385,182.0,4.291666,1.3,3.8
1743087311.454000,45.353181,6.579613,2122.796916,183.0,4.095713,1.3,3.8
1743087314.453000,45.353076,6.579605,2124.649872,183.0,4.013976,1.3,3.8
1743087317.453000,45.352973,6.579596,2127.687990,179.7,4.018433,1.3,3.8
1743087320.454000,45.352862,6.579588,2129.699591,183.0,4.004860,1.3,3.8
1743087323.453000,45.352752,6.579571,2129.802768,184.9,3.984410,1.3,3.8
1743087326.453000,45.352645,6.579556,2133.439987,188.5,3.992147,1.3,3.8
1743087329.454000,45.352539,6.579539,2135.807466,184.6,3.947632,1.3,3.8
1743087332.453000,45.352432,6.579529,2137.751747,189.3,3.941157,1.3,3.8
1743087335.453000,45.352325,6.579519,2140.210904,190.0,4.031547,1.3,3.8
1743087338.453000,45.352219,6.579514,2143.274949,186.3,3.951634,1.3,3.8
1743087341.453000,45.352113,6.579518,2147.631664,176.9,3.998154,1.4,3.8
1743087344.453000,45.352010,6.579527,2149.453912,176.3,4.010846,1.3,3.8
1743087347.454000,45.351904,6.579514,2152.215418,178.3,4.019650,1.3,3.8
1743087350.453000,45.351800,6.579502,2155.719277,179.0,3.951576,1.3,3.8
1743087353.454000,45.351697,6.579492,2159.935306,180.0,3.962598,1.3,3.8
1743087356.453000,45.351594,6.579482,2163.567329,180.0,3.946785,1.3,3.8
1743087359.453000,45.351490,6.579470,2167.253727,180.0,4.029505,1.3,3.8
1743087362.452000,45.351386,6.579458,2171.339377,180.1,3.980497,1.3,3.8
1743087365.453000,45.351283,6.579448,2175.999874,181.0,4.018475,1.3,3.8
1743087368.453000,45.351181,6.579444,2179.647489,181.0,4.018019,1.3,3.8
1743087371.454000,45.351078,6.579437,2182.375595,181.1,3.965781,1.3,3.8
1743087374.453000,45.350979,6.579433,2187.394659,181.0,3.935791,1.3,5.8
1743087377.454000,45.350878,6.579426,2193.156899,181.0,4.132767,1.3,9.9
1743087380.454000,45.350771,6.579417,2196.229922,181.0,4.072076,1.3,9.9
1743087383.454000,45.350666,6.579408,2198.630513,182.0,4.082494,1.3,9.9
1743087386.455000,45.350561,6.579400,2201.132196,177.0,3.970098,1.3,9.9
1743087389.454000,45.350457,6.579401,2204.796247,174.0,4.018844,1.3,9.9
1743087392.455000,45.350350,6.579382,2207.818386,181.0,3.998477,1.3,9.9
1743087395.454000,45.350248,6.579371,2211.329945,182.0,4.031090,1.4,9.9
1743087398.454000,45.350145,6.579363,2212.190393,182.0,3.939652,1.3,9.9
1743087401.454000,45.350042,6.579354,2216.450582,183.0,3.961129,1.3,9.9
1743087404.453000,45.349938,6.579343,2221.572592,183.0,4.007580,1.3,9.9
1743087407.455000,45.349837,6.579333,2224.800105,183.0,3.915076,1.3,9.9
1743087410.453000,45.349730,6.579324,2226.348425,183.0,4.068572,1.3,9.9
1743087413.454000,45.349625,6.579316,2229.104882,183.0,4.043630,1.3,9.9
1743087416.454000,45.349521,6.579309,2232.643299,183.1,4.014883,1.3,9.9
1743087419.454000,45.349417,6.579300,2236.151413,184.0,4.000617,1.3,9.9
1743087422.455000,45.349312,6.579291,2239.316825,184.0,4.039075,1.3,9.9
1743087425.454000,45.349206,6.579281,2240.656845,184.0,4.005772,1.3,9.9
1743087428.454000,45.349102,6.579271,2244.933188,184.0,3.994979,1.3,9.9
1743087431.454000,45.348999,6.579263,2247.849203,183.1,3.946404,1.3,9.9
1743087434.455000,45.348894,6.579256,2252.910298,183.9,4.013002,1.3,9.9
1743087437.453000,45.348791,6.579246,2256.313151,183.9,4.036647,1.3,9.9
1743087440.455000,45.348688,6.579236,2258.487915,183.0,3.945778,1.3,9.9
1743087443.454000,45.348586,6.579228,2261.814722,184.0,3.945773,1.3,9.9
1743087446.454000,45.348477,6.579220,2266.325398,184.0,4.078533,1.3,9.9
1743087449.454000,45.348370,6.579212,2268.115028,183.0,4.129515,1.3,9.9
1743087452.455000,45.348265,6.579210,2272.211820,177.0,4.093122,1.3,9.9
1743087455.454000,45.348159,6.579200,2272.287027,186.0,4.016521,1.3,9.9
1743087458.454000,45.348053,6.579191,2275.124540,187.0,4.076382,1.3,9.9
1743087461.454000,45.347948,6.579174,2277.124712,187.0,3.971408,1.3,9.9
1743087464.454000,45.347844,6.579166,2280.084914,190.0,3.984273,1.3,9.9
1743087467.454000,45.347737,6.579159,2284.546233,187.0,4.031761,1.4,9.9
1743087470.454000,45.347630,6.579155,2285.778578,182.0,4.000206,1.3,9.9
1743087473.455000,45.347527,6.579148,2288.019670,183.0,3.993855,1.3,9.9
1743087476.455000,45.347421,6.579144,2290.038902,170.0,3.813154,1.3,9.9
1743087479.454000,45.347320,6.579135,2295.971918,188.0,3.917782,1.3,9.9
1743087482.454000,45.347218,6.579125,2299.283610,188.0,3.991956,1.3,9.9
1743087485.454000,45.347117,6.579119,2304.680748,187.0,4.017294,1.3,9.9
1743087488.454000,45.347013,6.579112,2307.037021,187.0,4.064562,1.3,9.9
1743087491.454000,45.346912,6.579108,2310.643873,185.0,3.982232,1.3,9.9
1743087494.453000,45.346811,6.579101,2316.500140,185.0,4.052422,1.3,9.9
1743087497.455000,45.346710,6.579094,2320.527856,185.0,3.965973,1.3,9.9
1743087500.455000,45.346609,6.579084,2325.508124,184.0,4.053543,1.3,9.9
1743087503.454000,45.346511,6.579074,2330.925276,183.0,4.112666,1.3,9.9
1743087506.454000,45.346412,6.579067,2335.330788,183.0,4.046715,1.3,9.9
1743087509.453000,45.346314,6.579058,2338.413673,183.0,3.942888,1.3,9.9
1743087512.455000,45.346216,6.579050,2344.146208,182.0,3.948908,1.3,9.9
1743087515.454000,45.346110,6.579043,2349.475895,182.0,4.361354,1.3,9.9
1743087518.454000,45.346003,6.579037,2351.729169,182.0,4.244326,1.3,9.9
1743087521.455000,45.345897,6.579030,2353.707123,182.0,4.102263,1.3,9.9
1743087524.454000,45.345793,6.579020,2356.629841,182.0,4.065288,1.3,9.9
1743087527.454000,45.345687,6.579011,2358.472105,181.0,3.962115,1.3,9.9
1743087530.455000,45.345578,6.579002,2361.048834,182.0,3.986384,1.3,9.9
1743087533.455000,45.345473,6.578994,2365.193107,182.0,3.976909,1.3,9.9
1743087536.454000,45.345371,6.578985,2368.235398,182.0,3.999022,1.3,9.9
1743087539.454000,45.345271,6.578977,2371.230945,182.0,4.013571,1.3,9.9
1743087542.455000,45.345171,6.578972,2374.510786,179.0,4.019811,1.3,9.9
1743087545.454000,45.345068,6.578965,2377.726094,180.0,3.951348,1.3,9.9
1743087548.454000,45.344967,6.578959,2381.054294,177.0,3.918875,1.3,9.9
1743087551.454000,45.344861,6.578946,2384.759653,183.0,3.887755,1.3,9.9
1743087554.454000,45.344753,6.578934,2387.843764,184.0,4.093867,1.3,9.9
1743087557.454000,45.344648,6.578923,2390.105412,179.0,4.205379,1.3,9.9
1743087560.455000,45.344545,6.578915,2392.121297,183.0,4.114667,1.3,9.9
1743087563.454000,45.344441,6.578904,2396.860933,183.0,4.028730,1.3,9.9
1743087566.454000,45.344336,6.578890,2398.645329,186.0,4.031330,1.3,9.9
1743087569.454000,45.344229,6.578872,2399.689599,189.0,3.932925,1.3,9.9
1743087572.454000,45.344125,6.578856,2404.559245,188.0,4.006243,1.3,9.9
1743087575.454000,45.344021,6.578849,2408.442850,188.0,4.004383,1.3,9.9
1743087578.454000,45.343919,6.578844,2410.837603,187.0,4.002293,1.3,9.9
1743087581.455000,45.343814,6.578837,2413.258201,186.0,4.007399,1.3,9.9
1743087584.454000,45.343710,6.578830,2419.134169,185.1,4.019485,1.4,9.9
1743087587.455000,45.343604,6.578824,2421.111851,185.2,4.127509,1.3,9.9
1743087590.454000,45.343498,6.578816,2422.024208,187.6,4.077996,1.4,9.9
1743087593.454000,45.343391,6.578799,2425.311391,188.9,4.090488,1.4,9.9
1743087596.454000,45.343284,6.578789,2426.911039,186.2,4.018106,1.5,9.9
1743087599.454000,45.343178,6.578782,2430.013181,185.2,3.961769,1.5,9.9
1743087602.454000,45.343069,6.578777,2430.936607,186.6,3.979718,1.4,9.9
1743087606.454000,45.342977,6.578779,2433.144042,180.1,2.456603,1.5,9.9
1743087609.455000,45.342886,6.578847,2430.852179,136.6,4.519022,1.5,9.9
1743087612.454000,45.342861,6.579002,2430.047306,84.1,2.842737,1.6,9.9
1743087617.454000,45.342890,6.579202,2428.458977,79.0,7.485465,1.6,9.9
1743087619.454000,45.342956,6.579362,2423.902495,36.8,7.024022,1.6,9.9
1743087621.453000,45.343074,6.579441,2421.887430,15.6,7.578341,1.6,9.9
1743087623.455000,45.343203,6.579486,2419.398080,68.6,4.521446,1.6,9.9
1743087626.454000,45.343273,6.579595,2417.566862,26.1,5.174048,1.6,9.9
1743087628.455000,45.343397,6.579696,2414.812585,38.0,7.616593,1.6,9.9
1743087632.454000,45.343446,6.579841,2411.378235,45.3,3.328324,1.7,9.9
1743087634.454000,45.343536,6.579797,2409.990607,342.0,6.504729,1.7,9.9
1743087636.454000,45.343675,6.579805,2406.700195,31.4,6.788863,1.7,9.9
1743087638.454000,45.343805,6.580013,2399.494219,52.0,12.053544,1.7,9.9
1743087639.453000,45.343864,6.580119,2393.716114,41.1,8.792009,1.7,9.9
1743087641.454000,45.343996,6.580167,2392.676587,350.0,9.326902,1.7,9.9
1743087643.455000,45.344130,6.580157,2389.957880,14.9,5.935325,1.7,9.9
1743087645.455000,45.344257,6.580135,2385.437252,358.0,8.727063,1.7,9.9
1743087647.454000,45.344359,6.580154,2380.982510,9.0,4.983072,1.8,9.9
1743087650.454000,45.344454,6.580165,2377.993587,352.0,5.950668,1.8,9.9
1743087653.454000,45.344522,6.580284,2370.359861,66.0,4.565121,1.9,9.9
1743087656.455000,45.344606,6.580335,2365.709676,347.2,4.699357,1.8,9.9
1743087660.454000,45.344698,6.580239,2358.379639,343.1,3.677895,1.8,9.9
1743087664.455000,45.344753,6.580341,2350.813497,25.6,4.855471,1.9,10.0
1743087667.454000,45.344848,6.580370,2343.398073,4.9,3.763823,2.0,10.0
1743087670.454000,45.344947,6.580321,2340.046585,337.1,4.635427,2.0,10.0
1743087673.454000,45.345027,6.580254,2336.123065,348.9,4.246476,1.9,9.9
1743087677.455000,45.345124,6.580321,2332.804076,52.0,3.229326,1.4,9.9
1743087680.454000,45.345238,6.580451,2328.299665,51.3,7.651005,1.4,9.9
1743087682.454000,45.345343,6.580514,2325.603186,350.5,6.118926,1.4,9.9
1743087684.454000,45.345482,6.580511,2324.888249,16.5,9.924818,1.4,9.9
1743087685.454000,45.345578,6.580568,2322.143928,27.6,12.435195,1.4,9.9
1743087686.454000,45.345684,6.580629,2317.216108,16.4,12.206968,1.4,9.9
1743087687.454000,45.345786,6.580639,2314.156474,0.5,11.309764,1.4,9.9
1743087688.454000,45.345884,6.580618,2312.540774,353.5,11.437937,1.4,9.9
1743087689.455000,45.346001,6.580587,2310.692884,351.4,12.855118,1.4,9.9
1743087690.455000,45.346122,6.580580,2306.667392,356.8,13.123548,1.4,10.0
1743087691.455000,45.346221,6.580549,2302.777710,351.9,12.472013,1.4,10.0
1743087693.454000,45.346358,6.580488,2300.055564,345.7,9.119307,1.4,10.0
1743087695.454000,45.346524,6.580510,2300.657426,8.8,11.383718,1.4,10.1
1743087696.454000,45.346632,6.580502,2296.305080,348.0,12.293328,1.4,10.1
1743087697.454000,45.346732,6.580468,2292.715558,341.4,10.844263,1.4,10.0
1743087699.453000,45.346882,6.580415,2293.243441,348.8,8.106126,1.4,9.9
1743087701.454000,45.347067,6.580442,2291.020155,15.8,12.811399,1.4,9.9
1743087702.455000,45.347181,6.580473,2286.968442,359.4,13.228652,1.4,9.9
1743087703.454000,45.347294,6.580448,2282.524616,344.2,12.890219,1.4,9.9
1743087704.453000,45.347396,6.580398,2280.550119,343.2,12.223763,1.4,10.0
1743087706.454000,45.347525,6.580304,2282.920061,338.7,9.331381,1.4,10.0
1743087707.454000,45.347605,6.580237,2282.920061,329.7,11.242324,1.4,10.0
1743087708.454000,45.347682,6.580126,2279.402326,314.3,12.539088,1.4,10.0
1743087709.454000,45.347747,6.579990,2274.941512,306.2,12.715723,1.5,10.1
1743087710.454000,45.347817,6.579874,2271.989098,314.8,12.186681,1.5,10.2
1743087711.454000,45.347913,6.579811,2270.135772,341.2,12.175079,1.5,10.2
1743087712.453000,45.348015,6.579760,2268.900655,337.2,12.606202,1.5,10.2
1743087713.454000,45.348110,6.579736,2267.418773,9.5,10.078605,1.6,10.1
1743087715.454000,45.348271,6.579776,2264.801162,349.2,9.068708,1.4,10.0
1743087717.454000,45.348432,6.579776,2262.023597,12.5,8.856852,1.4,10.0
1743087719.454000,45.348601,6.579728,2258.602021,349.8,10.367479,1.4,10.0
1743087720.454000,45.348694,6.579709,2256.962057,351.7,10.690485,1.4,9.9
1743087721.454000,45.348783,6.579672,2253.037610,336.8,10.808706,1.4,9.9
1743087723.454000,45.348934,6.579668,2247.998323,0.1,9.035467,1.4,10.0
1743087725.454000,45.349063,6.579620,2241.377077,349.3,7.871799,1.4,10.1
1743087727.454000,45.349223,6.579643,2238.298434,1.4,9.363855,1.4,10.1
1743087729.455000,45.349352,6.579586,2232.427353,16.7,7.642876,1.4,10.1
1743087731.454000,45.349452,6.579640,2229.336826,7.1,7.003057,1.5,10.0
1743087733.454000,45.349608,6.579581,2222.974690,357.5,9.342867,1.4,9.9
1743087735.454000,45.349748,6.579632,2218.950537,10.9,9.029977,1.5,9.9
1743087737.454000,45.349910,6.579620,2216.219692,11.0,8.937508,1.4,9.9
1743087739.454000,45.350019,6.579736,2211.604574,29.3,6.889770,1.4,9.9
1743087741.454000,45.350152,6.579711,2208.974873,346.8,7.962533,1.4,9.9
1743087743.454000,45.350307,6.579740,2204.772614,349.3,9.749956,1.5,9.9
1743087744.453000,45.350397,6.579718,2201.974756,354.9,10.533588,1.7,9.9
1743087745.455000,45.350489,6.579729,2199.746196,21.1,10.639400,1.5,9.9
1743087746.455000,45.350573,6.579802,2197.329346,37.1,11.272871,1.4,9.9
1743087747.455000,45.350650,6.579896,2193.375910,38.0,11.488258,1.5,9.9
1743087748.453000,45.350751,6.579971,2190.579630,24.8,12.812696,1.5,9.9
1743087749.454000,45.350863,6.580041,2188.444895,22.3,13.722445,1.4,9.9
1743087750.454000,45.350957,6.580114,2186.581738,34.4,10.529446,1.4,9.9
1743087752.454000,45.351081,6.580233,2183.135384,30.5,8.427097,1.5,9.9
1743087754.455000,45.351202,6.580259,2179.727461,24.5,7.283390,1.5,9.9
1743087756.454000,45.351284,6.580319,2177.208030,33.4,4.706363,1.4,9.9
1743087758.454000,45.351378,6.580351,2173.240728,339.0,6.514255,1.4,9.9
1743087760.455000,45.351461,6.580296,2170.223960,0.4,4.677184,1.4,9.9
1743087763.453000,45.351550,6.580378,2166.253276,20.8,5.512213,1.8,9.9
1743087766.454000,45.351651,6.580434,2160.461593,2.2,3.849662,1.6,9.9
1743087769.454000,45.351749,6.580379,2156.218204,351.9,3.512029,1.5,9.9
1743087773.455000,45.351873,6.580397,2150.694198,357.0,5.428011,1.5,9.9
1743087776.454000,45.351956,6.580299,2144.855056,346.0,3.046977,1.6,9.9
1743087780.454000,45.352045,6.580220,2137.708594,346.8,5.347487,1.6,9.9
1743087784.455000,45.352141,6.580236,2135.674449,5.0,2.107689,1.6,9.9
1743087799.454000,45.352252,6.580290,2131.052361,17.0,5.263594,1.7,10.1
1743087801.454000,45.352341,6.580265,2129.298023,309.3,6.903489,1.7,10.0
1743087803.454000,45.352438,6.580137,2126.282615,328.1,6.944224,1.7,10.0
1743087804.454000,45.352551,6.580110,2121.082081,347.8,11.802756,1.8,10.0
1743087805.454000,45.352683,6.580092,2117.013319,353.0,13.678484,2.0,10.0
1743087806.455000,45.352810,6.580102,2114.247758,359.8,13.439710,1.8,10.1
1743087807.455000,45.352914,6.580148,2110.153723,10.8,10.746946,1.8,10.1
1743087809.454000,45.353018,6.580245,2110.106324,23.1,9.931964,1.9,10.0
1743087810.454000,45.353106,6.580285,2109.789404,12.1,10.563533,1.8,10.0
1743087811.455000,45.353193,6.580325,2109.121464,27.0,11.577081,1.7,10.0
1743087812.454000,45.353286,6.580382,2106.897515,20.1,10.938922,1.7,10.0
1743087814.454000,45.353413,6.580438,2104.364595,25.8,8.308602,1.8,10.0
1743087815.454000,45.353502,6.580504,2103.612428,26.0,12.050351,1.4,10.0
1743087816.454000,45.353606,6.580521,2101.261135,358.2,11.287185,1.4,10.0
1743087817.455000,45.353703,6.580520,2100.222197,8.0,11.350632,1.4,10.0
1743087818.455000,45.353804,6.580561,2097.645682,21.0,12.708028,1.4,10.0
1743087819.455000,45.353907,6.580605,2091.475768,14.1,12.833281,1.4,9.9
1743087820.455000,45.354026,6.580655,2088.616357,20.9,15.427955,1.4,9.9
1743087821.454000,45.354158,6.580711,2085.345406,13.0,15.560771,1.4,9.9
1743087822.455000,45.354293,6.580758,2081.522263,15.0,15.926972,1.4,9.9
1743087823.455000,45.354434,6.580782,2075.291430,359.1,16.106096,1.4,9.9
1743087824.454000,45.354558,6.580739,2072.464343,334.2,13.770826,1.4,9.9
1743087825.453000,45.354652,6.580668,2072.267646,335.0,11.251422,1.4,9.9
1743087826.453000,45.354743,6.580627,2073.911209,344.9,11.393957,1.4,9.9
1743087827.454000,45.354833,6.580622,2075.461662,358.2,9.635753,1.9,10.0
1743087829.455000,45.354946,6.580621,2076.211740,359.0,10.444570,1.7,10.1
1743087830.454000,45.355040,6.580610,2075.537258,352.0,10.374625,1.7,10.0
1743087832.455000,45.355200,6.580546,2070.801506,346.0,8.828323,1.5,10.0
1743087834.453000,45.355363,6.580500,2068.077100,353.0,10.666891,1.5,9.9
1743087835.454000,45.355457,6.580475,2067.014844,347.0,11.233149,1.5,9.9
1743087836.454000,45.355553,6.580428,2063.505231,336.0,11.302837,1.5,9.9
1743087837.455000,45.355645,6.580385,2061.287975,347.8,10.363187,1.4,9.9
1743087838.454000,45.355741,6.580372,2060.563535,357.9,11.165169,1.4,9.9
1743087839.454000,45.355838,6.580359,2058.985881,348.0,11.583958,1.4,9.9
1743087840.453000,45.355938,6.580325,2058.359659,347.0,11.661084,1.4,10.0
1743087841.454000,45.356041,6.580297,2054.561502,352.0,11.503523,1.4,9.9
1743087842.454000,45.356141,6.580282,2052.973016,354.0,11.272202,1.5,9.9
1743087843.455000,45.356237,6.580263,2051.230215,347.0,10.885882,1.4,9.9
1743087844.455000,45.356331,6.580235,2050.464339,350.0,10.349755,1.4,9.9
1743087845.455000,45.356421,6.580214,2049.708880,350.0,9.547407,1.4,9.9
1743087847.455000,45.356581,6.580166,2049.199614,346.0,8.883606,1.4,8.7
1743087849.454000,45.356734,6.580115,2048.658311,346.0,8.685067,1.4,6.9
1743087851.454000,45.356887,6.580080,2046.688266,350.0,8.429086,1.4,4.8
1743087853.454000,45.357034,6.580052,2046.302618,353.0,8.135514,1.6,3.8
1743087855.455000,45.357167,6.580048,2045.402603,358.0,7.380436,1.6,3.8
1743087857.454000,45.357285,6.580051,2045.025848,3.0,6.237269,1.5,3.8
1743087859.453000,45.357389,6.580041,2044.697298,354.0,5.687974,1.5,3.8
1743087862.454000,45.357501,6.579985,2044.109718,338.1,3.835774,1.4,3.8
1743087866.454000,45.357566,6.579865,2043.966973,246.3,3.000627,1.5,3.8
1743087874.453000,45.357474,6.579896,2045.052633,272.0,0.404446,1.4,3.8
1743087881.455000,45.357371,6.579927,2044.501053,167.0,1.387104,1.4,3.8
1743087899.454000,45.357247,6.579950,2045.937212,189.0,4.646924,1.4,3.8
1743087901.454000,45.357157,6.579916,2046.026815,192.5,4.548857,1.4,3.8
1743087904.454000,45.357041,6.579903,2048.859736,184.7,4.409357,1.4,3.8
1743087907.454000,45.356940,6.579899,2051.660854,184.0,4.166412,1.4,3.8
1743087910.454000,45.356834,6.579890,2056.327905,181.0,3.721922,1.4,3.8
1743087913.455000,45.356727,6.579886,2060.742639,182.0,3.954871,1.4,3.8
1743087916.455000,45.356626,6.579877,2065.126101,185.0,3.756777,1.4,3.8
1743087919.455000,45.356518,6.579868,2068.392143,184.0,3.845752,1.4,3.8
1743087922.454000,45.356416,6.579855,2071.199955,187.3,4.081191,1.5,3.8
1743087925.454000,45.356309,6.579849,2073.619394,182.0,4.257640,1.4,3.8
1743087928.455000,45.356205,6.579842,2076.407844,182.0,4.088995,1.4,3.8
1743087931.454000,45.356101,6.579834,2082.277767,177.2,4.036782,1.4,3.8
1743087934.453000,45.355998,6.579829,2084.046679,182.9,4.068410,1.4,3.8
1743087937.454000,45.355893,6.579821,2085.041953,185.0,3.976166,1.4,3.8
1743087940.455000,45.355787,6.579809,2087.161059,182.0,3.933679,1.4,3.8
1743087943.454000,45.355679,6.579798,2087.154879,182.0,4.062306,1.4,3.8
1743087946.455000,45.355571,6.579787,2087.381570,184.0,4.025082,1.4,3.8
1743087949.454000,45.355464,6.579767,2087.895672,191.3,3.996825,1.4,3.8
1743087952.455000,45.355356,6.579759,2088.910557,184.6,3.968415,1.4,3.8
1743087955.455000,45.355246,6.579758,2090.314940,184.2,4.006898,1.3,3.8
1743087958.455000,45.355136,6.579752,2091.834614,184.0,4.011121,1.3,3.8
1743087961.453000,45.355027,6.579742,2092.264807,183.9,3.989733,1.3,3.8
1743087964.454000,45.354918,6.579734,2093.245990,183.1,3.999045,1.4,3.8
1743087967.454000,45.354810,6.579727,2094.697478,183.8,4.019291,1.4,3.8
1743087970.454000,45.354699,6.579721,2094.934483,183.0,4.000889,1.4,3.8
1743087973.454000,45.354591,6.579715,2094.805623,183.0,3.972895,1.4,3.8
1743087976.454000,45.354483,6.579707,2095.750004,183.0,4.009137,1.4,3.8
1743087979.454000,45.354377,6.579700,2098.372347,180.2,3.997876,1.3,3.8
1743087982.454000,45.354272,6.579692,2099.142463,184.8,4.020990,1.4,3.8
1743087985.455000,45.354165,6.579684,2100.884051,183.0,4.001847,1.3,3.8
1743087988.454000,45.354057,6.579677,2102.246790,184.0,4.026931,1.3,3.8
1743087991.454000,45.353953,6.579668,2104.957339,184.0,3.987535,1.3,3.8
1743087994.454000,45.353845,6.579660,2106.197354,183.0,4.003361,1.4,3.8
1743087997.453000,45.353740,6.579654,2106.737435,183.0,3.930285,1.4,3.8
1743088000.454000,45.353633,6.579645,2110.758759,183.0,4.013391,1.4,3.8
1743088003.453000,45.353526,6.579636,2114.146271,183.0,3.974359,1.3,3.8
1743088006.454000,45.353421,6.579628,2116.494311,183.0,4.002818,1.3,3.8
1743088009.454000,45.353320,6.579619,2120.642929,182.0,4.038713,1.3,3.8
1743088012.455000,45.353213,6.579613,2122.287738,182.0,4.056627,1.3,3.8
1743088015.454000,45.353105,6.579605,2124.210653,182.0,4.019150,1.3,3.8
1743088018.454000,45.352998,6.579595,2125.458808,182.0,4.049387,1.3,3.8
1743088021.454000,45.352892,6.579587,2127.486102,181.0,3.952023,1.3,3.8
1743088024.455000,45.352783,6.579580,2130.281447,181.0,4.084562,1.4,3.8
1743088027.454000,45.352676,6.579575,2132.473691,181.0,3.980351,1.3,3.8
1743088030.453000,45.352567,6.579569,2134.472102,181.0,4.011077,1.3,3.8
1743088033.454000,45.352462,6.579560,2137.086426,182.0,3.971412,1.3,3.8
1743088036.454000,45.352355,6.579550,2138.456857,182.0,4.067122,1.3,3.8
1743088039.455000,45.352251,6.579539,2141.077360,182.0,3.955248,1.3,3.8
1743088042.454000,45.352147,6.579526,2144.163257,183.2,3.987643,1.3,3.8
1743088045.455000,45.352041,6.579515,2147.953208,181.9,3.971131,1.3,3.8
1743088048.454000,45.351936,6.579502,2150.700928,183.2,4.023555,1.3,3.8
1743088051.454000,45.351831,6.579492,2154.352926,187.0,3.997105,1.3,3.8
1743088054.455000,45.351726,6.579481,2157.765454,186.0,3.999573,1.3,3.8
1743088057.454000,45.351622,6.579471,2162.173399,185.1,3.982846,1.3,3.8
1743088060.455000,45.351518,6.579466,2165.448909,182.1,4.039953,1.4,3.8
1743088063.454000,45.351416,6.579469,2168.572606,177.1,3.964567,1.3,3.8
1743088066.455000,45.351316,6.579469,2172.745077,175.0,3.952966,1.3,3.8
1743088069.454000,45.351217,6.579463,2176.976309,176.0,3.941535,1.3,3.8
1743088072.454000,45.351116,6.579450,2181.841603,185.4,4.020645,1.3,3.8
1743088075.455000,45.351018,6.579427,2185.555672,186.1,3.964878,1.3,3.8
1743088078.455000,45.350922,6.579412,2190.472558,197.0,3.656263,1.3,3.8
1743088084.454000,45.350831,6.579404,2195.925514,200.9,1.572526,1.4,3.8
1743088092.453000,45.350733,6.579394,2197.147874,188.0,2.201130,1.3,3.8
1743088097.454000,45.350620,6.579387,2199.556024,184.0,2.975712,1.4,3.8
1743088101.453000,45.350503,6.579393,2202.830342,180.0,3.557471,1.3,3.8
1743088104.454000,45.350400,6.579384,2204.883832,182.0,3.778197,1.3,3.8
1743088107.454000,45.350300,6.579374,2207.811395,183.0,3.821716,1.3,3.8
1743088110.453000,45.350195,6.579366,2211.884199,183.0,4.083695,1.3,3.8
1743088113.453000,45.350092,6.579357,2214.308901,183.1,3.935595,1.3,3.8
1743088116.454000,45.349993,6.579349,2219.222149,186.6,3.869245,1.3,3.8
1743088119.453000,45.349891,6.579338,2222.307288,183.1,3.905990,1.3,3.8
1743088122.453000,45.349786,6.579333,2228.836542,183.0,4.564042,1.3,3.8
1743088125.453000,45.349680,6.579328,2228.045421,183.0,4.332277,1.4,3.8
1743088128.453000,45.349574,6.579321,2232.054927,181.2,4.056145,1.3,4.0
1743088131.454000,45.349470,6.579314,2234.050262,186.9,4.074647,1.3,3.8
1743088134.453000,45.349368,6.579292,2236.025523,194.7,3.957779,1.3,3.8
1743088137.453000,45.349266,6.579271,2239.267934,197.9,3.963016,1.4,3.8
1743088140.452000,45.349162,6.579259,2242.756797,196.9,3.943531,1.3,3.8
1743088143.454000,45.349057,6.579249,2245.902638,199.5,3.968241,1.4,3.8
1743088146.453000,45.348954,6.579238,2249.566879,198.3,3.978613,1.3,3.8
1743088149.453000,45.348849,6.579233,2253.179837,198.6,3.923356,1.3,3.8
1743088152.453000,45.348744,6.579241,2256.537479,182.0,3.845711,1.3,3.8
1743088155.453000,45.348639,6.579244,2260.498100,185.0,3.895446,1.3,3.8
1743088158.453000,45.348533,6.579240,2268.091845,183.0,4.617970,1.3,3.8
1743088161.453000,45.348422,6.579232,2270.487153,182.0,4.083202,1.3,3.8
1743088164.453000,45.348315,6.579222,2269.202166,183.0,4.091924,1.3,3.8
1743088167.453000,45.348209,6.579215,2270.763791,179.0,4.063638,1.3,3.8
1743088170.454000,45.348102,6.579211,2273.216011,179.0,4.021430,1.4,3.8
1743088173.454000,45.347995,6.579206,2274.887135,180.0,3.933333,1.4,3.8
1743088176.454000,45.347892,6.579194,2277.868966,186.0,3.975862,1.4,3.8
1743088179.453000,45.347784,6.579188,2281.510961,181.0,4.011170,1.4,3.8
1743088182.453000,45.347676,6.579179,2283.051672,181.0,4.024167,1.4,3.8
1743088185.452000,45.347570,6.579170,2285.543429,181.0,3.922554,1.4,3.8
1743088188.453000,45.347467,6.579160,2288.920438,180.0,3.921538,1.3,3.8
1743088191.454000,45.347366,6.579149,2291.752247,175.0,3.914679,1.3,3.8
1743088194.452000,45.347263,6.579144,2296.512949,178.0,3.981343,1.3,3.8
1743088197.453000,45.347161,6.579134,2299.916355,179.0,3.955801,1.3,3.8
1743088200.453000,45.347058,6.579124,2303.966682,180.0,3.973067,1.3,3.8
1743088203.453000,45.346955,6.579115,2306.423874,180.0,3.954468,1.3,3.8
1743088206.454000,45.346851,6.579102,2310.559822,182.0,3.975965,1.3,3.8
1743088209.452000,45.346749,6.579088,2315.737458,183.0,3.965874,1.3,3.8
1743088212.453000,45.346650,6.579078,2320.105255,182.0,3.965135,1.3,3.8
1743088215.453000,45.346548,6.579071,2325.287624,182.0,4.020425,1.4,3.8
1743088218.453000,45.346445,6.579061,2330.894187,183.0,4.105958,1.4,3.8
1743088221.453000,45.346344,6.579051,2334.689850,183.0,4.013977,1.3,3.8
1743088224.453000,45.346245,6.579043,2340.870711,183.0,4.048664,1.3,3.8
1743088227.453000,45.346145,6.579037,2346.213204,182.0,4.072123,1.3,3.8
1743088230.453000,45.346038,6.579027,2348.347360,182.0,4.098614,1.3,3.8
1743088233.453000,45.345932,6.579020,2350.864765,183.0,4.127698,1.3,3.8
1743088236.453000,45.345829,6.579012,2353.426621,183.0,4.009778,1.3,3.8
1743088239.453000,45.345726,6.579004,2355.745150,183.0,3.989966,1.3,3.8
1743088242.453000,45.345624,6.578996,2359.127359,183.0,4.031033,1.3,3.8
1743088245.453000,45.345520,6.578988,2361.954953,183.0,4.017838,1.6,3.8
1743088248.454000,45.345414,6.578978,2365.964221,183.0,3.998991,1.3,3.8
1743088251.453000,45.345309,6.578968,2368.481405,183.0,4.012891,1.3,3.8
1743088254.454000,45.345204,6.578962,2372.778134,183.0,4.043164,1.3,3.8
1743088257.454000,45.345103,6.578955,2375.659008,183.0,3.959477,1.3,3.8
1743088260.454000,45.345006,6.578948,2378.193995,182.0,3.953581,1.3,3.8
1743088263.453000,45.344904,6.578938,2381.297507,183.0,4.204790,1.3,3.8
1743088266.453000,45.344796,6.578929,2383.150721,182.0,4.052310,1.3,3.8
1743088269.452000,45.344686,6.578921,2388.216522,182.0,4.076775,1.3,3.8
1743088272.453000,45.344580,6.578913,2389.840879,182.0,4.018898,1.3,3.8
1743088275.454000,45.344476,6.578901,2392.061208,187.0,4.021389,1.4,3.8
1743088278.453000,45.344374,6.578884,2394.077416,186.0,3.956264,1.4,3.8
1743088281.454000,45.344271,6.578871,2399.231955,183.0,3.995719,1.3,3.8
1743088284.453000,45.344165,6.578871,2404.051639,192.0,4.075303,1.3,3.8
1743088287.455000,45.344061,6.578861,2404.418153,177.0,4.033786,1.3,3.8
1743088290.455000,45.343957,6.578868,2408.680154,178.0,4.045211,1.3,3.8
1743088293.454000,45.343852,6.578865,2411.741143,179.0,3.994850,1.3,3.8
1743088296.454000,45.343745,6.578855,2414.066640,180.0,3.917638,1.3,3.8
1743088299.454000,45.343642,6.578843,2417.426716,180.0,3.946920,1.3,3.8
1743088302.453000,45.343534,6.578830,2422.209266,180.9,4.068675,1.4,3.8
1743088305.454000,45.343430,6.578817,2424.368796,185.6,4.112416,1.4,3.8
1743088308.454000,45.343325,6.578794,2427.489532,187.5,4.047672,1.3,3.8
1743088311.455000,45.343217,6.578792,2428.720004,183.0,4.060055,1.3,3.8
1743088314.454000,45.343112,6.578789,2431.834588,183.0,4.071186,1.3,3.8
1743088317.454000,45.343020,6.578781,2430.771478,188.1,3.354702,1.3,3.8
1743088322.454000,45.342910,6.578805,2430.458905,157.8,3.146929,1.3,3.9
1743088325.454000,45.342862,6.578948,2427.341690,84.4,3.312977,1.3,3.8
1743088328.454000,45.342871,6.579079,2428.232313,100.7,3.044168,1.3,3.8
1743088331.454000,45.342816,6.579239,2427.284018,102.4,4.336021,1.4,3.8
1743088333.454000,45.342865,6.579377,2425.730379,46.0,8.347637,1.4,3.8
1743088335.455000,45.342999,6.579448,2421.790657,5.5,8.456041,1.4,3.8
1743088337.454000,45.343138,6.579374,2417.729317,335.1,8.670382,1.3,3.8
1743088339.454000,45.343303,6.579324,2417.548767,359.0,9.976883,1.3,3.8
1743088340.454000,45.343394,6.579338,2416.502878,8.8,10.382816,1.3,3.8
1743088342.455000,45.343558,6.579300,2411.554089,334.2,9.079482,1.3,3.8
1743088344.454000,45.343657,6.579342,2410.642290,35.8,5.238768,1.3,3.8
1743088346.454000,45.343764,6.579332,2407.977165,332.7,6.827936,1.3,3.8
1743088348.454000,45.343862,6.579267,2405.727609,332.6,5.675011,1.3,3.8
1743088350.453000,45.343968,6.579312,2403.398601,348.5,6.886551,1.3,3.8
1743088352.455000,45.344086,6.579232,2399.839161,344.6,8.577347,1.3,3.8
1743088354.454000,45.344207,6.579257,2394.456038,3.4,6.956423,1.3,3.8
1743088356.454000,45.344300,6.579162,2390.887314,319.2,6.704814,1.3,3.8
1743088358.455000,45.344414,6.579134,2388.014494,14.2,7.327668,1.3,3.8
1743088360.455000,45.344531,6.579083,2384.169101,322.1,6.451616,1.7,5.0
1743088362.455000,45.344657,6.579070,2380.493138,346.7,8.480425,1.8,7.5
1743088364.454000,45.344796,6.579088,2375.265639,23.4,7.974237,1.8,8.9
1743088366.454000,45.344933,6.579082,2369.047937,351.7,7.814624,1.8,9.9
1743088368.454000,45.345081,6.579149,2367.000750,14.0,9.021699,1.8,9.9
1743088370.454000,45.345208,6.579117,2363.662734,342.1,7.395201,1.8,9.9
1743088372.453000,45.345332,6.579142,2359.668353,50.1,6.441962,1.8,9.9
1743088374.454000,45.345421,6.579193,2355.841071,344.5,7.407728,1.8,9.9
1743088376.455000,45.345529,6.579245,2352.822128,52.2,6.438382,1.8,9.9
1743088378.455000,45.345608,6.579336,2348.310518,354.1,5.980927,1.8,9.9
1743088380.455000,45.345700,6.579405,2344.707323,54.9,6.035299,1.8,9.9
1743088382.455000,45.345736,6.579545,2341.222144,76.4,5.662536,1.8,9.9
1743088384.453000,45.345732,6.579706,2337.129614,93.2,6.665714,1.9,9.9
1743088386.454000,45.345644,6.579854,2332.599791,146.7,7.283916,1.9,9.9
1743088388.454000,45.345538,6.579941,2332.648509,149.1,6.154726,1.9,9.9
1743088395.454000,45.345459,6.580029,2329.019619,136.1,2.216608,1.4,9.9
1743088398.454000,45.345418,6.580147,2326.693850,118.1,3.737743,1.4,9.9
1743088401.454000,45.345373,6.580265,2326.489623,119.3,3.173012,1.4,9.9
1743088405.453000,45.345322,6.580394,2325.195789,136.3,2.566184,1.3,9.9
1743088421.126000,45.345353,6.580410,2312.545654,-1.0,0.000000,3.0,26.3
1743088446.455000,45.345445,6.580499,2310.255931,7.8,2.681741,1.5,3.7
1743088448.455000,45.345634,6.580486,2303.844356,0.6,10.368652,1.4,3.4
1743088449.454000,45.345732,6.580480,2300.443551,352.2,10.222274,1.4,3.4
1743088450.454000,45.345826,6.580486,2299.483783,7.5,10.475009,1.4,3.6
1743088451.454000,45.345914,6.580514,2298.425614,9.1,10.405809,1.4,3.8
1743088452.454000,45.346032,6.580563,2296.959169,11.5,11.290669,1.4,3.8
1743088453.455000,45.346156,6.580577,2291.755950,8.1,12.157910,1.4,3.9
1743088454.454000,45.346263,6.580554,2286.752620,0.4,12.377289,1.4,4.0
1743088456.453000,45.346365,6.580512,2286.245637,355.9,8.576083,1.4,4.0
1743088458.455000,45.346522,6.580532,2284.667783,2.8,9.729605,1.4,4.1
1743088459.455000,45.346632,6.580505,2280.767037,353.6,10.677994,1.4,4.0
1743088460.454000,45.346731,6.580459,2277.531037,342.0,10.480593,1.4,3.9
1743088462.455000,45.346891,6.580412,2277.572954,353.0,9.913997,1.3,3.9
1743088464.454000,45.347100,6.580443,2275.363829,2.5,11.141481,1.3,4.0
1743088465.454000,45.347233,6.580433,2271.120071,356.9,13.023684,1.3,4.0
1743088466.454000,45.347340,6.580382,2268.279925,336.3,12.426359,1.3,4.0
1743088467.454000,45.347439,6.580328,2267.380088,337.2,12.379347,1.3,4.1
1743088469.454000,45.347599,6.580219,2265.553250,336.1,11.278375,1.3,4.3
1743088470.454000,45.347678,6.580121,2265.243783,321.6,12.019456,1.3,4.3
1743088471.454000,45.347760,6.580030,2261.512480,322.4,12.149354,1.3,4.4
1743088472.454000,45.347849,6.579973,2257.762982,327.4,11.865559,1.3,4.5
1743088473.454000,45.347956,6.579933,2254.899159,336.0,12.059816,1.3,4.5
1743088474.454000,45.348064,6.579866,2252.681688,332.3,13.565468,1.3,4.5
1743088475.455000,45.348173,6.579802,2250.417337,336.5,13.876248,1.3,4.3
1743088476.454000,45.348285,6.579755,2249.693530,344.4,13.000596,1.3,4.1
1743088477.455000,45.348396,6.579726,2246.590119,347.9,13.051219,1.3,3.9
1743088478.454000,45.348505,6.579704,2245.580303,349.2,12.558976,1.3,3.9
1743088479.454000,45.348613,6.579670,2243.614310,347.2,12.544149,1.3,4.0
1743088480.454000,45.348727,6.579663,2241.543596,350.8,12.682220,1.3,4.2
1743088482.455000,45.348904,6.579714,2235.464051,1.7,11.066341,1.3,4.6
1743088483.454000,45.349003,6.579688,2230.942066,358.7,11.484472,1.3,5.0
1743088485.454000,45.349160,6.579590,2227.412629,350.6,10.840715,1.3,5.7
1743088488.454000,45.349262,6.579621,2222.487217,337.1,7.450048,1.3,5.1
1743088490.454000,45.349364,6.579620,2219.034755,359.7,6.167057,1.3,4.3
1743088492.455000,45.349459,6.579600,2222.869843,0.1,5.416482,1.4,4.0
1743088497.454000,45.349476,6.579737,2221.956290,118.8,2.148011,1.3,4.8
1743088503.454000,45.349539,6.579892,2220.186392,22.8,7.453405,1.3,10.3
1743088505.455000,45.349691,6.580003,2216.138872,37.8,9.443467,1.3,9.3
1743088507.454000,45.349840,6.580119,2212.929624,29.3,9.190113,1.3,9.9
1743088509.454000,45.350005,6.580098,2210.273002,3.4,8.417986,1.4,10.0
1743088511.455000,45.350135,6.580049,2209.124512,13.5,7.961131,1.3,10.0
1743088513.454000,45.350264,6.580115,2205.362975,30.0,8.640710,1.3,10.0
1743088515.454000,45.350395,6.580215,2201.655451,17.2,9.080147,1.3,9.9
1743088517.454000,45.350545,6.580307,2195.948114,48.4,9.160207,1.3,9.9
1743088519.455000,45.350672,6.580431,2190.227330,6.2,8.221514,1.3,9.9
1743088521.453000,45.350812,6.580460,2190.225800,10.0,6.913806,1.3,9.9
1743088523.454000,45.350908,6.580463,2190.978553,357.0,3.778352,1.3,9.9
1743088526.454000,45.351013,6.580476,2191.242085,11.6,4.541166,1.3,9.9
1743088528.454000,45.351144,6.580554,2183.078692,13.6,6.973656,1.3,9.9
1743088530.455000,45.351289,6.580488,2175.869499,324.1,7.217271,1.3,9.9
1743088532.455000,45.351377,6.580388,2170.969850,334.9,7.246049,1.3,9.9
1743088534.454000,45.351467,6.580407,2169.191179,9.2,5.214933,1.3,9.9
1743088537.455000,45.351569,6.580352,2164.445160,10.0,4.802901,1.3,9.9
1743088540.454000,45.351668,6.580303,2159.049805,309.1,4.605149,1.3,10.0
1743088544.454000,45.351761,6.580306,2152.939966,16.7,6.068854,1.3,9.7
1743088548.454000,45.351844,6.580355,2146.546336,10.1,2.544852,1.3,8.2
1743088552.454000,45.351929,6.580312,2140.002852,29.2,2.913529,1.3,6.6
1743088555.163000,45.352022,6.580287,2137.924222,16.6,2.448240,1.3,6.4
1743088557.455000,45.352119,6.580259,2133.569763,20.9,3.385876,1.3,7.1
1743088560.455000,45.352217,6.580297,2129.094854,342.5,5.307257,1.3,7.3
1743088562.455000,45.352368,6.580166,2126.717303,321.4,6.611543,1.3,7.6
1743088564.454000,45.352518,6.580101,2120.019579,339.4,7.344229,1.3,8.9
1743088565.454000,45.352644,6.580111,2116.108991,351.1,10.041349,1.4,10.3
1743088566.454000,45.352767,6.580157,2112.176596,4.5,11.108712,1.3,10.4
1743088567.454000,45.352865,6.580181,2109.507595,0.4,9.620544,1.3,10.3
1743088569.453000,45.353006,6.580232,2109.457986,11.7,6.758622,1.3,10.3
1743088571.454000,45.353137,6.580304,2109.686570,20.9,10.124487,1.3,10.0
1743088572.454000,45.353222,6.580358,2108.097413,23.3,10.564156,1.3,10.0
1743088574.453000,45.353351,6.580422,2105.605266,19.8,6.757017,1.3,9.9
1743088576.453000,45.353497,6.580486,2104.337440,11.9,10.348035,1.3,9.9
1743088577.454000,45.353590,6.580519,2101.996610,22.7,11.464490,1.3,9.9
1743088578.454000,45.353680,6.580580,2101.234258,26.8,10.996961,1.3,9.9
1743088579.454000,45.353774,6.580619,2097.373723,1.5,11.648231,1.3,9.9
1743088580.455000,45.353889,6.580623,2092.918971,5.3,13.288738,1.3,9.9
1743088581.453000,45.354008,6.580642,2089.794548,7.9,13.438285,1.3,9.9
1743088582.453000,45.354119,6.580678,2087.114809,9.5,13.481841,1.4,10.0
1743088583.454000,45.354228,6.580709,2082.796154,6.8,13.276387,1.4,10.0
1743088584.453000,45.354340,6.580740,2079.561473,9.0,13.508329,1.3,10.0
1743088585.455000,45.354457,6.580727,2077.379430,348.4,13.814840,1.3,10.0
1743088586.454000,45.354569,6.580690,2075.169791,343.7,12.988682,1.3,10.0
1743088587.454000,45.354669,6.580656,2073.229670,345.8,11.152238,1.3,9.9
1743088589.455000,45.354818,6.580616,2074.628332,348.9,8.408549,1.3,9.9
1743088591.455000,45.354966,6.580612,2075.014088,1.6,10.098227,1.4,9.9
1743088593.455000,45.355131,6.580569,2073.755848,339.8,9.171888,1.4,9.9
1743088595.454000,45.355285,6.580514,2069.991845,349.0,9.685454,1.3,9.9
1743088596.454000,45.355374,6.580489,2069.753346,350.0,10.242123,1.3,9.9
1743088597.455000,45.355467,6.580459,2065.186840,343.1,11.150462,1.3,9.9
1743088598.453000,45.355561,6.580415,2063.994389,341.1,11.189043,1.4,9.9
1743088599.454000,45.355653,6.580390,2063.970866,360.0,9.978826,1.4,9.9
1743088600.453000,45.355746,6.580393,2059.754641,356.1,11.408127,1.4,9.9
1743088601.454000,45.355848,6.580380,2058.193002,352.1,11.554968,1.4,9.9
1743088602.454000,45.355949,6.580358,2057.699433,350.0,11.528734,1.3,9.9
1743088603.454000,45.356050,6.580333,2055.707939,349.0,11.818974,1.3,9.9
1743088604.455000,45.356150,6.580308,2054.946639,349.0,11.512156,1.4,9.9
1743088605.455000,45.356249,6.580283,2053.003335,349.0,11.463557,1.5,9.9
1743088606.455000,45.356345,6.580262,2050.417843,349.6,10.840154,1.5,9.9
1743088607.454000,45.356435,6.580237,2049.618461,349.0,9.844938,1.4,9.9
1743088609.454000,45.356597,6.580185,2050.373816,348.0,9.025955,1.4,9.9
1743088611.454000,45.356757,6.580141,2052.537568,346.1,9.385762,1.4,9.9
1743088613.455000,45.356914,6.580086,2049.801873,344.0,8.511335,1.4,9.9
1743088615.455000,45.357062,6.580049,2047.441129,355.0,7.819663,1.5,9.9
1743088617.453000,45.357196,6.580038,2046.792783,1.0,7.250591,1.4,9.9
1743088619.453000,45.357315,6.580039,2047.821307,358.5,6.788000,1.4,9.9
1743088621.454000,45.357421,6.580028,2047.561568,354.9,6.155578,1.3,9.9
1743088624.455000,45.357532,6.579967,2047.296530,346.2,4.435870,1.4,9.9
1743088638.454000,45.357441,6.579927,2047.924350,149.5,0.846469,1.4,3.8
1743088661.454000,45.357348,6.579937,2049.926514,198.0,0.348732,1.5,3.8
1743088672.454000,45.357221,6.579935,2050.148975,191.2,4.516707,1.4,3.8
1743088675.453000,45.357099,6.579889,2051.019689,186.3,3.967879,1.5,3.8
1743088678.454000,45.356987,6.579874,2052.796143,184.0,3.666070,1.4,3.8
1743088681.454000,45.356891,6.579870,2056.369592,184.2,3.824571,1.4,3.8
1743088684.454000,45.356794,6.579847,2060.567822,202.7,3.745349,1.4,3.8
1743088687.453000,45.356694,6.579833,2064.626114,199.8,3.749264,1.5,3.8
1743088690.454000,45.356592,6.579828,2069.402033,194.9,3.907435,1.4,3.8
1743088693.453000,45.356478,6.579832,2071.288083,189.1,4.006920,1.4,3.8
1743088696.454000,45.356371,6.579836,2075.155444,186.8,3.986020,1.4,3.8
1743088699.454000,45.356270,6.579824,2077.025255,185.0,4.013113,1.4,5.8
1743088702.454000,45.356172,6.579814,2079.521983,187.6,3.934386,1.3,8.9
1743088705.454000,45.356070,6.579805,2083.574707,185.2,4.103421,1.4,9.9
1743088708.454000,45.355968,6.579830,2085.092892,160.5,3.830420,1.4,9.9
1743088711.454000,45.355861,6.579848,2085.413225,167.0,3.936501,1.4,9.9
1743088714.455000,45.355753,6.579835,2087.462224,173.8,3.918158,1.3,9.9
1743088717.455000,45.355643,6.579805,2088.001210,177.9,4.044745,1.3,8.7
1743088720.454000,45.355533,6.579786,2087.828334,181.0,3.972130,1.4,5.8
1743088723.454000,45.355425,6.579768,2088.179751,185.0,4.034376,1.3,3.8
1743088726.454000,45.355319,6.579756,2089.532553,184.1,3.980898,1.3,3.8
1743088729.455000,45.355215,6.579747,2090.821801,186.0,4.029594,1.3,3.8
1743088732.454000,45.355109,6.579734,2090.706737,187.0,3.959970,1.3,3.8
1743088735.453000,45.355003,6.579720,2093.081457,188.0,4.025757,1.3,3.8
1743088738.453000,45.354897,6.579712,2094.111536,188.9,3.931657,1.3,3.8
1743088741.454000,45.354789,6.579703,2094.836646,189.0,4.022701,1.3,3.8
1743088744.454000,45.354680,6.579695,2096.090568,189.0,3.980137,1.3,3.8
1743088747.455000,45.354570,6.579690,2096.551450,189.0,4.005563,1.3,3.8
1743088750.454000,45.354461,6.579680,2096.790641,189.0,3.936673,1.3,3.8
1743088753.454000,45.354351,6.579669,2099.215174,189.0,4.001840,1.3,3.8
1743088756.454000,45.354242,6.579660,2100.267595,189.0,3.960963,1.3,3.8
1743088759.454000,45.354135,6.579652,2101.196588,188.1,4.016987,1.3,3.8
1743088762.454000,45.354028,6.579647,2102.188742,188.9,3.967939,1.3,3.8
1743088765.454000,45.353921,6.579641,2106.146166,187.1,3.964889,1.4,3.8
1743088768.455000,45.353814,6.579638,2107.269193,187.0,3.978715,1.3,3.8
1743088771.454000,45.353706,6.579632,2109.061087,186.1,3.988647,1.3,3.8
1743088774.453000,45.353598,6.579625,2112.032667,186.0,3.996238,1.3,3.8
1743088777.455000,45.353493,6.579620,2114.871474,185.0,3.983019,1.3,3.8
1743088780.454000,45.353388,6.579613,2117.038457,184.0,3.977846,1.3,3.8
1743088783.454000,45.353282,6.579606,2119.264670,184.1,4.112103,1.3,3.8
1743088786.454000,45.353171,6.579600,2122.863404,184.0,4.062006,1.3,3.8
1743088789.455000,45.353061,6.579593,2122.813603,184.0,4.009607,1.3,3.8
1743088792.453000,45.352951,6.579585,2124.678278,184.0,4.010079,1.3,3.8
1743088795.454000,45.352845,6.579578,2127.508166,183.0,4.008831,1.3,3.8
1743088798.455000,45.352740,6.579569,2129.653288,183.0,3.997440,1.3,3.8
1743088801.455000,45.352636,6.579561,2131.579346,183.0,3.977988,1.3,3.8
1743088804.454000,45.352530,6.579554,2133.725119,182.0,4.002443,1.3,3.8
1743088807.453000,45.352424,6.579542,2136.026523,183.0,3.988212,1.3,3.8
1743088810.454000,45.352317,6.579531,2138.348872,183.0,4.016533,1.3,3.8
1743088813.453000,45.352212,6.579522,2141.392822,183.0,3.958336,1.3,3.8
1743088816.454000,45.352107,6.579515,2143.697022,182.0,3.988601,1.3,3.8
1743088819.454000,45.352002,6.579505,2147.116537,183.0,3.967900,1.3,3.8
1743088822.455000,45.351896,6.579492,2151.430062,189.0,3.995529,1.3,3.8
1743088825.454000,45.351790,6.579490,2156.094311,181.0,4.018454,1.3,3.8
1743088828.455000,45.351686,6.579486,2158.026904,182.0,4.028848,1.3,3.8
1743088831.455000,45.351583,6.579477,2161.787763,182.0,4.006292,1.3,3.8
1743088834.454000,45.351480,6.579468,2166.322083,181.0,4.032711,1.3,3.8
1743088837.454000,45.351378,6.579458,2169.283170,182.0,3.916451,1.3,3.8
1743088840.455000,45.351275,6.579448,2174.374200,182.0,4.037716,1.3,3.8
1743088843.454000,45.351172,6.579439,2177.421466,182.0,3.973247,1.3,3.8
1743088846.454000,45.351070,6.579432,2182.216277,182.0,3.997990,1.3,3.8
1743088849.454000,45.350968,6.579428,2187.173356,182.0,3.985389,1.3,3.8
1743088852.454000,45.350867,6.579422,2190.972098,183.1,4.099735,1.3,3.8
1743088855.454000,45.350763,6.579414,2193.952927,183.0,4.052224,1.3,3.8
1743088858.454000,45.350660,6.579406,2195.859385,183.0,4.005814,1.3,3.8
1743088861.454000,45.350557,6.579399,2198.964740,183.0,3.945224,1.3,3.8
1743088864.454000,45.350452,6.579390,2202.188606,183.0,4.010448,1.3,3.8
1743088867.454000,45.350346,6.579384,2205.046424,183.0,3.979083,1.3,3.8
1743088870.454000,45.350242,6.579376,2208.209332,183.0,4.023456,1.3,3.8
1743088873.453000,45.350137,6.579368,2212.386957,183.0,4.009414,1.3,3.8
1743088876.454000,45.350038,6.579360,2214.498346,183.0,3.993596,1.3,3.8
1743088879.455000,45.349935,6.579348,2218.488276,183.0,3.990343,1.3,3.8
1743088882.454000,45.349832,6.579336,2221.979192,183.0,3.966173,1.3,3.8
1743088885.454000,45.349726,6.579330,2225.016183,182.0,4.030835,1.3,3.8
1743088888.454000,45.349621,6.579330,2228.625020,179.0,4.100473,1.3,3.8
1743088891.454000,45.349513,6.579324,2231.642817,180.0,4.068978,1.3,3.8
1743088894.454000,45.349407,6.579318,2233.081543,169.0,4.082219,1.3,3.8
1743088897.454000,45.349304,6.579328,2238.188350,168.2,3.930795,1.3,3.8
1743088900.454000,45.349198,6.579321,2241.560529,172.9,3.950148,1.3,3.8
1743088903.455000,45.349092,6.579300,2243.835894,184.9,3.963360,1.3,3.8
1743088906.454000,45.348986,6.579282,2245.969361,169.3,4.068084,1.3,3.8
1743088909.454000,45.348884,6.579289,2252.200328,170.9,3.913752,1.3,3.8
1743088912.455000,45.348783,6.579275,2253.739270,179.7,3.907922,1.3,3.8
1743088915.453000,45.348684,6.579232,2258.421886,194.1,3.925213,1.3,3.8
1743088918.454000,45.348583,6.579217,2260.949326,193.0,3.957103,1.3,3.8
1743088921.454000,45.348473,6.579207,2264.182527,191.1,4.059808,1.3,3.8
1743088924.455000,45.348367,6.579201,2265.549769,189.1,4.043379,1.3,3.8
1743088927.454000,45.348261,6.579197,2267.964489,188.0,4.004582,1.3,3.8
1743088930.455000,45.348152,6.579188,2270.634863,187.2,4.000555,1.3,3.8
1743088933.454000,45.348041,6.579187,2274.336094,185.0,4.019467,1.3,3.8
1743088936.454000,45.347934,6.579181,2274.794819,184.0,3.970589,1.3,3.8
1743088939.455000,45.347828,6.579173,2276.639491,184.0,3.981720,1.3,3.8
1743088942.454000,45.347721,6.579165,2280.333805,184.0,4.001542,1.3,3.8
1743088945.454000,45.347618,6.579158,2283.615863,183.0,3.974822,1.3,3.8
1743088948.454000,45.347514,6.579150,2286.205489,183.0,3.990833,1.3,3.8
1743088951.453000,45.347407,6.579143,2289.815355,183.0,3.993821,1.3,3.8
1743088954.454000,45.347304,6.579138,2294.175010,183.0,3.990235,1.3,3.8
1743088957.454000,45.347202,6.579132,2296.972878,183.0,3.950449,1.3,3.8
1743088960.455000,45.347099,6.579125,2301.676752,183.0,3.984591,1.3,3.8
1743088963.454000,45.346999,6.579117,2305.753247,183.0,4.015924,1.3,3.8
1743088966.454000,45.346899,6.579108,2308.839344,183.0,3.972796,1.3,3.8
1743088969.454000,45.346800,6.579098,2313.457565,180.0,4.021622,1.3,3.8
1743088972.454000,45.346697,6.579092,2319.739889,180.0,4.013059,1.3,3.8
1743088975.454000,45.346595,6.579085,2324.226461,181.0,4.044352,1.3,3.8
1743088978.455000,45.346496,6.579073,2328.543191,181.0,4.075267,1.3,3.8
1743088981.454000,45.346397,6.579065,2333.284681,182.0,4.061383,1.3,3.8
1743088984.454000,45.346297,6.579058,2337.118686,182.0,3.945418,1.3,3.8
1743088987.454000,45.346197,6.579048,2342.953910,189.0,3.988392,1.3,3.8
1743088990.454000,45.346093,6.579031,2346.826135,190.0,4.335732,1.3,3.8
1743088993.454000,45.345988,6.579018,2349.119589,187.0,4.219907,1.3,3.8
1743088996.454000,45.345883,6.579011,2351.358547,186.0,4.075983,1.3,3.8
1743088999.455000,45.345777,6.579005,2353.890320,185.0,4.024251,1.3,3.8
1743089002.455000,45.345672,6.578997,2356.477032,184.0,4.011146,1.3,3.8
1743089005.454000,45.345566,6.578992,2359.210847,183.0,4.019022,1.3,3.8
1743089008.453000,45.345461,6.578989,2362.349821,183.0,3.967580,1.3,3.8
1743089011.454000,45.345357,6.578983,2365.779389,183.0,4.023826,1.3,3.8
1743089014.454000,45.345253,6.578974,2369.340200,182.0,4.044452,1.3,3.8
1743089017.455000,45.345151,6.578966,2371.927420,181.0,4.060177,1.3,3.8
1743089020.454000,45.345049,6.578954,2375.081786,185.0,3.983759,1.3,3.8
1743089023.454000,45.344945,6.578934,2378.880523,201.0,4.002931,1.3,3.8
1743089026.454000,45.344837,6.578925,2382.163662,184.0,3.937817,1.3,3.8
1743089029.454000,45.344730,6.578929,2384.709901,182.0,4.042880,1.3,3.8
1743089032.455000,45.344626,6.578921,2387.533809,182.0,4.064383,1.3,3.8
1743089035.454000,45.344520,6.578916,2389.683481,180.0,4.011998,1.3,3.8
1743089038.454000,45.344415,6.578910,2393.570655,178.0,3.976182,1.3,3.8
1743089041.454000,45.344311,6.578904,2395.595198,177.0,3.975266,1.3,3.8
1743089044.454000,45.344205,6.578897,2398.909789,182.0,3.993890,1.3,3.8
1743089047.455000,45.344102,6.578885,2402.340041,179.0,4.020672,1.3,3.8
1743089050.454000,45.343998,6.578879,2404.750726,179.0,3.980544,1.3,3.8
1743089053.454000,45.343894,6.578869,2408.528239,179.0,4.017341,1.3,3.8
1743089056.454000,45.343788,6.578858,2411.762504,179.0,3.977224,1.3,3.8
1743089059.454000,45.343687,6.578848,2415.402519,179.0,3.972180,1.3,3.8
1743089062.454000,45.343583,6.578838,2418.573277,180.0,4.228030,1.3,3.8
1743089065.454000,45.343474,6.578826,2420.512098,184.0,4.112284,1.3,3.8
1743089068.454000,45.343364,6.578818,2422.682039,180.0,4.044637,1.3,3.8
1743089071.453000,45.343258,6.578811,2422.449236,180.0,3.960093,1.3,3.8
1743089074.454000,45.343152,6.578802,2424.541327,181.0,3.927543,1.3,3.8
1743089077.454000,45.343047,6.578785,2426.932906,186.0,3.546573,1.3,3.8
1743089082.454000,45.342951,6.578775,2429.346399,163.0,3.250814,1.3,4.8
1743089085.454000,45.342855,6.578890,2426.715312,117.0,4.141919,1.3,7.9
1743089088.455000,45.342821,6.579054,2426.291986,104.0,4.070654,1.3,9.9
1743089090.453000,45.342794,6.579181,2425.076513,105.0,5.455204,1.3,9.9
1743089093.455000,45.342838,6.579352,2421.859461,18.0,6.802397,1.3,9.9
1743089095.455000,45.342958,6.579416,2418.081567,17.0,8.033377,1.3,9.9
1743089097.454000,45.343098,6.579373,2412.633535,328.0,8.114121,1.3,9.9
1743089099.454000,45.343238,6.579307,2411.329944,351.8,8.725829,1.3,9.9
1743089101.454000,45.343375,6.579366,2412.097118,33.7,7.291409,1.3,9.9
1743089103.454000,45.343481,6.579459,2409.562654,4.0,7.121593,1.3,9.9
1743089105.454000,45.343602,6.579416,2406.815279,337.0,7.099758,1.3,9.9
1743089107.454000,45.343738,6.579390,2406.342582,357.0,7.951887,1.3,9.9
1743089109.453000,45.343868,6.579312,2403.205440,357.0,7.620583,1.3,9.9
1743089111.454000,45.344002,6.579354,2399.162436,343.1,7.922187,1.3,9.9
1743089113.453000,45.344112,6.579243,2393.599920,339.0,7.580875,1.3,9.9
1743089115.454000,45.344231,6.579275,2390.705526,354.0,6.428881,1.3,9.9
1743089117.454000,45.344333,6.579240,2386.915779,33.8,7.049585,1.3,9.9
1743089119.453000,45.344447,6.579221,2384.231951,349.0,7.437211,1.3,9.9
1743089122.454000,45.344572,6.579251,2376.390693,337.0,7.793535,1.3,9.9
1743089124.454000,45.344691,6.579165,2370.415819,6.9,7.166628,1.3,9.9
1743089126.454000,45.344790,6.579236,2366.951774,344.3,5.615896,1.3,9.9
1743089128.455000,45.344857,6.579144,2363.480387,308.0,4.720138,1.3,9.9
1743089131.454000,45.345008,6.579133,2362.246113,7.0,6.976705,1.3,9.9
1743089133.454000,45.345126,6.579102,2359.633469,343.0,5.359356,1.3,9.9
1743089135.454000,45.345249,6.579147,2358.022608,17.0,8.258465,1.3,9.9
1743089137.454000,45.345371,6.579091,2352.485447,346.0,7.625552,1.3,9.9
1743089140.454000,45.345448,6.579188,2349.334940,45.0,4.302115,1.3,9.9
1743089142.455000,45.345553,6.579210,2346.597516,1.0,6.446661,1.3,9.9
1743089145.454000,45.345643,6.579332,2342.715553,42.3,5.935005,1.3,9.9
1743089147.454000,45.345702,6.579462,2338.745118,70.0,4.378761,1.3,9.9
1743089149.453000,45.345740,6.579601,2335.729394,76.8,6.450040,1.3,9.9
1743089151.454000,45.345700,6.579780,2331.677386,123.8,7.800588,1.3,10.0
1743089153.454000,45.345586,6.579891,2328.824757,137.0,7.756652,1.3,10.0
1743089155.455000,45.345477,6.579993,2326.339620,149.0,7.365025,1.3,10.0
1743089158.454000,45.345368,6.580100,2323.611661,130.0,5.354580,1.3,9.9
1743089160.454000,45.345328,6.580224,2322.154460,102.2,5.228061,1.3,9.9
1743089163.454000,45.345311,6.580399,2322.402346,58.3,4.093328,1.3,9.9
1743089179.453000,45.345428,6.580456,2321.084897,15.0,6.078820,1.3,9.9
1743089181.454000,45.345566,6.580493,2316.827656,4.9,7.091168,1.3,9.9
1743089183.454000,45.345749,6.580480,2309.807946,358.9,9.359638,1.3,9.9
1743089184.454000,45.345841,6.580500,2307.586292,8.3,9.774672,1.3,9.9
1743089185.454000,45.345934,6.580533,2305.933594,12.1,10.398902,1.3,9.9
1743089186.455000,45.346042,6.580543,2303.099531,6.6,11.435225,1.3,9.9
1743089187.455000,45.346154,6.580538,2296.942019,1.4,12.021369,1.3,9.9
1743089188.455000,45.346264,6.580524,2293.744363,358.1,12.018863,1.3,9.9
1743089190.454000,45.346421,6.580489,2293.739711,357.1,9.315928,1.3,9.9
1743089192.454000,45.346606,6.580502,2291.206553,1.3,10.033096,1.3,10.1
1743089193.455000,45.346720,6.580486,2287.589120,357.9,10.822664,1.3,10.2
1743089194.454000,45.346837,6.580466,2287.206167,356.2,11.297523,1.3,10.3
1743089196.454000,45.346980,6.580431,2286.884636,0.8,9.976207,1.4,10.3
1743089198.454000,45.347180,6.580455,2283.355978,5.4,12.843043,1.4,10.3
1743089199.454000,45.347289,6.580418,2280.191908,336.0,12.202845,1.3,10.2
1743089200.454000,45.347389,6.580359,2277.773634,336.6,12.090099,1.3,10.2
1743089202.454000,45.347540,6.580260,2277.807556,332.5,9.084828,1.3,10.2
1743089204.454000,45.347682,6.580115,2277.115135,315.1,12.761616,1.3,10.3
1743089205.453000,45.347767,6.580016,2273.644800,326.7,12.370816,1.3,10.3
1743089206.453000,45.347860,6.579970,2269.051678,345.4,11.169093,1.3,10.3
1743089207.454000,45.347948,6.579937,2266.462465,338.3,10.901966,1.5,10.3
1743089208.455000,45.348039,6.579887,2264.183977,338.0,12.035588,1.4,10.3
1743089209.454000,45.348126,6.579815,2262.808747,324.7,12.163468,1.3,10.3
1743089210.454000,45.348210,6.579756,2262.054630,341.0,10.400520,1.3,10.3
1743089212.454000,45.348331,6.579769,2260.105637,341.3,6.767162,1.3,10.3
1743089214.454000,45.348424,6.579755,2257.278543,38.1,6.028361,1.3,10.2
1743089216.454000,45.348476,6.579866,2256.276883,50.3,4.768260,1.3,10.0
1743089219.454000,45.348555,6.579976,2254.402321,52.9,4.024028,1.3,9.9
1743089224.454000,45.348670,6.580022,2252.303733,322.3,5.513113,1.3,9.9
1743089231.454000,45.348765,6.580018,2246.674232,22.6,1.417099,1.4,9.9
1743089234.454000,45.348862,6.579953,2244.484334,334.9,7.351604,1.4,9.9
1743089236.455000,45.349001,6.579997,2239.736003,35.0,9.048754,1.3,9.9
1743089238.454000,45.349174,6.580090,2231.639661,25.1,10.933856,1.3,9.9
1743089239.454000,45.349253,6.580164,2228.903954,35.5,10.252491,1.3,9.9
1743089241.453000,45.349398,6.580142,2221.559583,336.0,8.405722,1.3,9.9
1743089243.454000,45.349543,6.580142,2219.129665,3.3,9.411345,1.3,9.9
1743089245.454000,45.349703,6.580084,2214.656530,355.5,9.735949,1.4,9.9
1743089247.454000,45.349874,6.580077,2210.451432,352.2,9.529183,1.4,9.9
1743089249.454000,45.349998,6.580018,2208.999645,334.8,7.784013,1.3,9.9
1743089252.454000,45.350100,6.580028,2207.384680,32.1,2.306189,1.3,9.9
1743089255.454000,45.350184,6.580106,2205.295483,57.6,5.202124,1.3,9.9
1743089259.454000,45.350201,6.580245,2204.516602,64.0,2.432766,1.3,9.9
1743089262.454000,45.350245,6.580387,2203.292969,69.0,3.961293,1.4,9.9
1743089265.454000,45.350243,6.580553,2200.908145,74.1,4.027021,1.3,9.9
1743089269.454000,45.350386,6.580598,2195.139412,358.3,7.971649,1.3,9.9
1743089271.454000,45.350508,6.580699,2192.426408,53.4,7.503048,1.3,9.9
1743089273.454000,45.350617,6.580868,2184.261963,14.1,9.281511,1.3,9.9
1743089275.455000,45.350757,6.580885,2181.203378,5.0,7.293253,1.3,9.9
1743089277.453000,45.350934,6.580838,2180.412500,335.0,9.865269,1.3,9.9
1743089278.455000,45.351010,6.580771,2176.554452,326.0,9.776665,1.3,9.9
1743089280.453000,45.351113,6.580672,2175.467034,345.0,6.397269,1.3,9.9
1743089282.455000,45.351225,6.580640,2174.613886,329.1,7.816063,1.4,9.9
1743089284.454000,45.351296,6.580537,2171.558762,304.0,4.379846,1.3,9.9
1743089286.454000,45.351374,6.580462,2169.576543,349.9,4.684290,1.4,9.9
1743089290.454000,45.351478,6.580436,2166.246888,293.0,4.305714,1.3,10.1
1743089293.454000,45.351578,6.580400,2161.895870,4.0,6.015770,1.3,9.9
1743089296.454000,45.351650,6.580287,2156.683325,317.0,3.708095,1.3,9.9
1743089299.454000,45.351728,6.580209,2152.396944,318.0,3.405757,1.3,9.9
1743089302.455000,45.351781,6.580079,2148.331296,295.0,2.200282,1.4,9.9
1743089307.455000,45.351870,6.580057,2143.290451,0.0,2.366192,1.4,9.9
1743089317.453000,45.351970,6.580014,2136.593719,326.0,4.577399,1.3,10.2
1743089322.454000,45.352058,6.579962,2132.299451,14.9,1.056457,1.3,9.9
1743089327.454000,45.352137,6.580075,2129.646694,56.0,3.758580,1.4,9.9
1743089331.454000,45.352192,6.580199,2129.088606,45.9,2.988282,1.4,9.9
1743089335.453000,45.352316,6.580246,2127.175251,346.0,5.920093,1.4,9.9
1743089337.454000,45.352423,6.580191,2123.644581,333.0,7.602908,1.3,10.1
1743089338.455000,45.352529,6.580167,2121.378365,9.7,12.877851,1.3,10.1
1743089339.455000,45.352650,6.580162,2116.344415,348.1,13.162757,1.3,10.2
1743089340.454000,45.352759,6.580141,2111.611341,359.9,12.606009,1.3,10.3
1743089341.455000,45.352866,6.580152,2109.499830,5.9,12.474302,1.3,10.4
1743089343.454000,45.352985,6.580189,2107.561601,8.8,5.326319,1.3,10.4
1743089345.455000,45.353093,6.580279,2108.070452,31.0,10.768511,1.3,10.3
1743089346.455000,45.353179,6.580344,2105.702298,18.0,11.190216,1.6,10.2
1743089348.454000,45.353312,6.580427,2102.176512,24.0,5.098015,1.4,10.0
1743089350.454000,45.353448,6.580472,2101.886525,4.1,10.414467,1.5,9.9
1743089351.454000,45.353537,6.580497,2099.931057,23.0,10.110702,1.5,9.9
1743089353.454000,45.353651,6.580626,2095.589433,0.0,7.806600,1.3,9.9
1743089355.454000,45.353803,6.580626,2091.883604,32.9,10.069081,1.3,9.9
1743089356.454000,45.353881,6.580699,2091.325368,26.0,10.574807,1.3,9.9
1743089357.455000,45.353979,6.580723,2085.908507,355.0,12.705304,1.3,9.9
1743089358.454000,45.354092,6.580720,2083.552420,5.0,12.648726,1.3,9.9
1743089359.454000,45.354199,6.580758,2081.257601,20.0,12.573764,1.3,9.9
1743089360.454000,45.354309,6.580791,2077.240233,1.0,13.516023,1.3,9.9
1743089361.453000,45.354428,6.580776,2075.330635,352.0,13.403337,1.3,9.9
1743089362.454000,45.354538,6.580729,2072.555614,339.0,12.537114,1.3,9.9
1743089363.455000,45.354636,6.580678,2071.177523,345.0,11.002448,1.3,9.9
1743089365.454000,45.354777,6.580631,2070.105623,347.0,4.762227,1.3,9.9
1743089367.455000,45.354906,6.580602,2072.824005,351.0,9.586891,1.4,9.9
1743089368.455000,45.354998,6.580582,2070.094949,352.0,10.396140,1.3,9.9
1743089370.455000,45.355166,6.580545,2067.589231,353.0,9.020485,1.4,9.9
1743089372.455000,45.355333,6.580506,2065.280866,351.0,10.614640,1.6,9.9
1743089373.454000,45.355425,6.580468,2063.636432,334.0,10.734696,1.5,9.9
1743089374.454000,45.355508,6.580403,2060.813065,328.0,10.334084,1.5,9.9
1743089376.454000,45.355651,6.580324,2058.575546,351.9,9.498059,1.4,9.9
1743089378.454000,45.355815,6.580358,2056.293957,6.0,9.972679,1.3,9.9
1743089380.454000,45.355992,6.580348,2054.506540,357.0,10.328620,1.4,9.9
1743089381.454000,45.356083,6.580333,2052.874241,353.0,10.538089,1.3,9.9
1743089382.453000,45.356172,6.580317,2050.178102,354.0,10.106773,1.3,9.9
1743089384.455000,45.356349,6.580316,2046.538471,8.0,9.927343,1.3,9.9
1743089385.454000,45.356439,6.580332,2045.481791,3.0,10.397260,1.3,9.9
1743089386.454000,45.356531,6.580340,2044.971807,4.0,10.352371,1.3,9.9
1743089388.455000,45.356709,6.580345,2044.435300,355.0,9.772764,1.3,9.9
1743089390.455000,45.356886,6.580336,2042.220112,359.0,9.977177,1.3,9.9
1743089392.454000,45.357068,6.580336,2040.648061,360.0,10.171961,1.4,9.9
1743089393.455000,45.357161,6.580341,2039.464334,2.0,10.393677,1.4,9.9
1743089394.455000,45.357253,6.580348,2038.234411,1.0,10.395900,1.5,9.9
1743089395.454000,45.357349,6.580350,2037.600235,358.0,10.752758,1.5,9.9
1743089396.454000,45.357446,6.580342,2035.482008,354.0,10.698236,1.5,9.9
1743089397.455000,45.357543,6.580327,2033.610397,353.0,10.868927,1.6,9.9
1743089398.454000,45.357639,6.580308,2031.357216,353.0,10.607027,1.5,9.9
1743089399.454000,45.357731,6.580288,2030.210628,352.0,10.477777,1.5,9.9
1743089400.454000,45.357822,6.580269,2029.035583,352.0,10.222514,1.4,9.9
1743089401.455000,45.357912,6.580251,2028.639594,350.0,9.991959,1.4,9.9
1743089403.455000,45.358083,6.580226,2027.015165,352.1,9.573956,1.3,9.9
1743089405.455000,45.358245,6.580180,2026.386644,351.1,8.990329,1.3,9.9
1743089407.454000,45.358398,6.580127,2027.284655,357.0,8.791785,1.3,9.9
1743089409.454000,45.358560,6.580110,2024.833408,359.0,9.269868,1.4,9.9
1743089411.454000,45.358736,6.580102,2021.073690,359.0,10.098863,1.3,9.9
1743089412.455000,45.358829,6.580096,2020.475091,356.1,10.259099,1.3,9.9
1743089413.454000,45.358920,6.580080,2017.929383,354.0,10.464227,1.3,9.9
1743089414.453000,45.359012,6.580074,2017.193089,0.9,10.477293,1.3,9.9
1743089415.454000,45.359106,6.580083,2016.116058,4.9,10.511617,1.4,9.9
1743089416.454000,45.359199,6.580083,2016.164664,357.2,10.466820,1.4,9.9
1743089417.455000,45.359290,6.580066,2013.689569,353.1,10.446161,1.6,9.9
1743089418.454000,45.359380,6.580043,2013.502735,351.0,10.111539,1.5,9.9
1743089420.455000,45.359552,6.579984,2009.577491,344.0,9.353190,1.4,9.9
1743089422.454000,45.359703,6.579909,2008.228658,336.0,8.474122,1.4,9.9
1743089424.454000,45.359843,6.579832,2008.694392,337.0,8.295242,1.5,9.9
1743089426.453000,45.359988,6.579764,2008.438555,339.0,8.772036,1.4,9.9
1743089428.454000,45.360139,6.579677,2005.383796,336.0,9.282115,1.3,9.9
1743089430.455000,45.360297,6.579587,2002.400219,339.0,9.408187,1.3,9.9
1743089432.454000,45.360462,6.579509,2000.365512,343.0,9.785502,1.3,9.9
1743089434.454000,45.360630,6.579432,1998.310969,337.0,10.030171,1.3,9.9
1743089436.454000,45.360799,6.579349,1994.998167,341.0,9.964929,1.3,9.9
1743089437.454000,45.360885,6.579311,1992.982590,344.0,9.972939,1.3,9.9
1743089439.454000,45.361053,6.579267,1991.446725,351.0,9.587916,1.3,9.9
1743089441.453000,45.361220,6.579222,1990.059077,348.0,9.487241,1.3,9.9
1743089443.454000,45.361383,6.579159,1988.567241,327.0,9.995576,1.5,9.9
1743089445.455000,45.361484,6.578979,1987.004244,307.0,8.005297,1.5,9.9
1743089447.454000,45.361583,6.578832,1984.992298,318.0,7.632995,1.5,9.9
1743089449.454000,45.361666,6.578724,1985.035059,315.0,4.693840,1.5,9.9
1743089452.455000,45.361765,6.578623,1985.251919,317.1,4.558115,1.4,6.2
1743089455.454000,45.361837,6.578500,1985.062748,287.0,3.658401,1.3,3.8
1743089459.454000,45.361862,6.578362,1984.704835,260.4,3.092728,1.3,3.8
1743089462.455000,45.361841,6.578212,1982.618953,254.0,3.847065,1.3,3.8
1743089482.454000,45.361814,6.578096,1980.668688,219.1,0.000000,1.4,3.8
1743089509.454000,45.361805,6.578094,1981.427418,146.9,0.161789,1.4,3.8
1743089516.454000,45.361925,6.578032,1979.588583,17.1,4.788581,1.3,6.9
1743089520.455000,45.362046,6.578101,1975.711233,351.0,5.410913,1.3,9.9
1743089522.454000,45.362146,6.578044,1972.232127,354.1,7.350049,1.6,9.9
1743089524.455000,45.362277,6.578028,1968.926747,328.5,8.437707,1.6,9.9
1743089526.454000,45.362423,6.577949,1964.633699,9.2,6.379367,1.5,9.9
1743089528.454000,45.362525,6.577933,1960.432624,320.9,7.917208,1.5,9.9
1743089530.453000,45.362635,6.577838,1956.655493,11.5,7.035143,1.4,9.9
1743089532.454000,45.362723,6.577899,1955.535187,7.1,5.787905,1.3,9.9
1743089534.454000,45.362840,6.577880,1953.548106,331.3,7.460283,1.3,9.9
1743089536.454000,45.362946,6.577776,1951.248190,1.1,6.582355,1.3,9.9
1743089538.453000,45.363054,6.577819,1948.776373,356.9,6.672012,1.3,9.9
1743089540.453000,45.363192,6.577781,1945.845136,5.9,8.745495,1.3,9.9
1743089542.454000,45.363321,6.577818,1941.339094,2.9,7.942519,1.3,9.9
1743089544.454000,45.363470,6.577851,1938.909496,33.0,8.728103,1.3,9.9
1743089546.454000,45.363600,6.577941,1933.877896,5.0,8.728049,1.3,9.9
1743089548.454000,45.363738,6.577994,1929.891616,17.5,8.209723,1.3,10.2
1743089550.455000,45.363867,6.577960,1925.809170,348.0,8.414986,1.3,10.2
1743089552.453000,45.363973,6.578028,1923.112229,44.3,6.359175,1.9,10.1
1743089554.454000,45.364085,6.578045,1919.747317,337.1,7.912504,2.0,9.9
1743089556.454000,45.364225,6.578029,1916.614580,3.1,7.806077,1.9,9.9
1743089558.454000,45.364340,6.578083,1913.793348,9.2,6.944321,1.5,10.1
1743089560.455000,45.364438,6.578084,1910.536010,15.6,3.961596,1.6,10.1
1743089563.454000,45.364562,6.578131,1908.004892,353.6,5.859698,1.4,9.9
1743089565.454000,45.364674,6.578084,1905.269259,350.7,6.319959,1.4,9.9
1743089567.454000,45.364794,6.578120,1902.163962,347.3,7.271026,1.3,9.9
1743089569.454000,45.364917,6.578041,1900.459926,354.8,7.004194,1.3,9.9
1743089571.454000,45.365019,6.578121,1896.473872,19.3,4.949726,1.4,9.9
1743089573.454000,45.365116,6.578156,1894.348447,7.3,6.348905,1.4,9.9
1743089575.455000,45.365218,6.578195,1891.754915,8.7,5.678976,1.4,9.9
1743089577.454000,45.365326,6.578149,1889.637865,338.6,6.325574,1.4,9.9
1743089579.455000,45.365440,6.578155,1887.583375,13.7,5.902652,1.3,9.9
1743089581.454000,45.365543,6.578153,1885.062872,344.3,6.145731,1.4,9.9
1743089583.455000,45.365650,6.578124,1882.829111,22.6,6.273163,1.4,9.9
1743089585.455000,45.365741,6.578126,1880.949860,332.4,5.531013,1.4,9.9
1743089587.455000,45.365842,6.578070,1878.949983,6.6,6.462421,1.5,9.9
1743089589.454000,45.365958,6.578036,1876.964899,339.2,7.188609,1.5,9.9
1743089591.454000,45.366052,6.578048,1875.760987,21.9,4.724528,1.6,9.9
1743089594.454000,45.366192,6.578010,1872.373947,353.2,6.067628,1.4,9.9
1743089596.454000,45.366291,6.578012,1871.327373,340.5,5.742785,1.3,9.9
1743089598.454000,45.366397,6.577982,1869.598790,32.3,6.192793,1.3,9.9
1743089600.454000,45.366498,6.578004,1867.168998,336.3,6.989242,1.3,9.9
1743089602.454000,45.366623,6.577958,1866.213566,5.3,6.712470,1.3,9.9
1743089604.454000,45.366748,6.577925,1862.231762,338.6,7.610641,1.3,9.9
1743089606.454000,45.366893,6.577904,1859.714783,357.1,8.067553,1.3,9.9
1743089608.454000,45.367029,6.577859,1856.045521,347.0,8.029375,1.3,9.9
1743089610.454000,45.367166,6.577800,1854.635541,341.0,8.037833,1.3,9.9
1743089612.454000,45.367295,6.577752,1853.496646,346.0,6.996371,1.3,9.9
1743089614.455000,45.367405,6.577702,1852.998302,341.0,5.956591,1.4,9.9
1743089616.455000,45.367508,6.577660,1851.576314,344.0,6.238409,1.3,9.9
1743089618.454000,45.367607,6.577606,1849.451306,337.5,5.856145,1.4,9.9
1743089620.454000,45.367703,6.577540,1849.238091,330.0,5.556786,1.8,9.9
1743089622.454000,45.367786,6.577460,1848.066880,324.4,5.585710,1.4,9.9
1743089624.453000,45.367858,6.577373,1847.131015,321.2,5.101766,1.4,9.9
1743089627.455000,45.367956,6.577268,1848.052880,322.0,4.502890,1.4,9.9
1743089630.454000,45.368060,6.577191,1846.740801,331.0,4.304532,1.3,9.9
1743089633.455000,45.368170,6.577141,1846.793015,341.7,4.651089,1.3,9.9
1743089637.455000,45.368266,6.577090,1843.560668,22.1,3.003232,1.3,9.9
1743089640.455000,45.368358,6.577096,1840.163513,343.3,3.561971,1.3,9.9
1743089645.454000,45.368451,6.577057,1838.372539,3.7,2.155118,1.3,9.9
1743089648.454000,45.368507,6.577162,1838.519864,351.9,5.539749,1.4,7.5
1743089656.863000,45.368716,6.577066,1851.479958,354.3,2.376472,1.6,11.9
1743089660.454000,45.368800,6.577168,1848.693065,20.5,3.445220,1.7,4.1
1743089663.454000,45.368883,6.577231,1841.519547,348.9,2.619418,1.6,3.8
1743089666.455000,45.368978,6.577298,1836.834467,65.2,3.389189,1.5,3.8
1743089669.455000,45.369090,6.577295,1831.976535,314.4,4.393209,1.5,3.8
1743089673.478000,45.369179,6.577363,1828.077699,25.7,3.393793,1.5,4.3
1743089677.454000,45.369262,6.577280,1823.593924,331.0,2.066780,1.5,3.8
1743089681.455000,45.369362,6.577227,1819.380921,10.7,2.109238,1.4,3.7
1743089683.454000,45.369462,6.577186,1817.423509,305.1,3.805325,1.4,4.7
1743089685.453000,45.369597,6.577155,1814.209546,12.5,5.291446,1.4,5.1
1743089688.454000,45.369694,6.577191,1809.456949,14.6,4.115321,1.4,3.8
1743089691.454000,45.369805,6.577099,1803.753395,331.6,5.425792,1.4,3.8
1743089694.455000,45.369922,6.577116,1799.576810,9.1,4.240180,1.5,3.8
1743089697.454000,45.370025,6.577064,1794.645215,348.3,5.568661,1.4,3.8
1743089700.453000,45.370134,6.577092,1790.097296,30.0,5.482759,1.4,3.9
1743089702.454000,45.370223,6.577074,1786.562924,28.8,6.308628,1.4,4.8
1743089704.455000,45.370345,6.577090,1782.575072,6.6,6.347979,1.4,4.6
1743089707.454000,45.370462,6.577142,1777.155769,24.0,5.167684,1.4,3.8
1743089710.453000,45.370558,6.577220,1773.980816,74.6,5.349335,1.4,3.8
1743089713.455000,45.370681,6.577263,1771.605021,6.6,5.344182,1.4,3.8
1743089715.454000,45.370760,6.577340,1769.211586,57.7,5.676752,1.4,3.8
1743089718.454000,45.370853,6.577448,1765.972075,78.5,4.396919,1.4,3.8
1743089720.454000,45.370876,6.577575,1764.075027,62.5,5.450538,1.5,3.8
1743089722.455000,45.370908,6.577704,1762.270013,67.7,5.594908,1.5,3.8
1743089726.454000,45.371002,6.577836,1757.385635,84.1,5.190028,1.4,8.7
1743089728.454000,45.371057,6.577948,1754.738290,44.4,4.818726,1.5,7.8
1743089731.454000,45.371169,6.578074,1750.938521,49.5,6.250041,1.5,4.8
1743089734.455000,45.371270,6.578078,1747.119871,31.3,5.048938,1.5,4.3
1743089737.455000,45.371344,6.578177,1743.774370,19.9,4.142446,1.4,3.8
1743089740.831000,45.371436,6.578188,1740.844110,25.2,2.285011,1.4,9.8
1743089743.454000,45.371527,6.578173,1738.100540,323.0,3.959531,1.4,11.2
1743089746.454000,45.371622,6.578221,1735.771542,3.1,5.199882,1.4,10.0
1743089749.455000,45.371737,6.578272,1732.359394,2.1,5.230083,1.4,9.9
1743089752.455000,45.371835,6.578335,1729.156773,356.1,5.772300,1.4,9.9
1743089755.454000,45.371924,6.578303,1726.749480,360.0,4.661540,1.4,9.9
1743089759.455000,45.372045,6.578324,1722.711962,333.3,6.347201,1.4,10.0
1743089762.455000,45.372146,6.578352,1720.918066,78.6,4.179529,1.4,10.0
1743089765.454000,45.372201,6.578480,1719.117405,76.9,4.147251,1.4,9.9
1743089768.454000,45.372180,6.578634,1717.787734,89.0,4.142987,1.4,9.9
1743089771.454000,45.372174,6.578786,1717.413532,122.0,3.686576,1.4,9.9
1743089775.455000,45.372186,6.578935,1714.602687,117.0,4.633457,1.4,9.9
1743089778.454000,45.372106,6.579007,1713.555353,119.0,4.886545,1.4,9.9
1743089782.454000,45.372088,6.579180,1710.071853,127.0,4.697433,1.4,9.9
1743089785.454000,45.371998,6.579276,1708.335216,118.1,4.108251,1.4,9.9
1743089788.454000,45.371985,6.579416,1704.901582,151.8,5.143244,1.4,9.9
1743089791.454000,45.371875,6.579403,1703.003674,147.0,3.913583,1.4,9.9
1743089794.455000,45.371808,6.579497,1701.247909,155.0,3.927077,1.4,9.9
1743089797.455000,45.371798,6.579659,1698.952898,97.9,4.390719,1.4,9.9
1743089800.453000,45.371719,6.579727,1697.136508,125.3,4.451344,1.4,10.0
1743089803.454000,45.371738,6.579879,1695.478381,79.9,3.891385,1.4,10.0
1743089807.454000,45.371775,6.579999,1691.798390,3.0,5.553999,1.4,9.9
1743089810.455000,45.371871,6.580061,1688.690251,343.1,3.505736,1.4,9.9
1743089816.454000,45.371965,6.580128,1687.563975,11.0,1.635388,1.4,9.9
1743089914.454000,45.372052,6.580076,1690.800049,74.7,0.590085,2.6,10.1
1743089920.454000,45.372119,6.580166,1691.199951,12.1,2.032890,2.6,10.9
1743089923.455000,45.372177,6.580306,1691.199951,63.9,3.923792,2.3,10.9
1743089925.454000,45.372218,6.580430,1691.199951,53.0,3.625736,2.4,9.4
1743089928.454000,45.372303,6.580552,1691.199951,57.0,3.831986,2.6,6.2
1743089931.455000,45.372382,6.580663,1693.697949,56.6,4.113306,2.3,3.8
1743089934.453000,45.372452,6.580785,1695.374699,58.9,3.946614,2.7,3.8
1743089937.454000,45.372514,6.580912,1698.913579,59.1,3.993220,2.6,3.8
1743089940.454000,45.372570,6.581046,1701.947119,67.4,3.983279,2.3,3.8
1743089943.454000,45.372623,6.581174,1705.152448,68.7,4.007500,2.7,3.8
1743089946.454000,45.372680,6.581304,1708.620391,70.9,4.086104,2.5,3.8
1743089949.455000,45.372739,6.581429,1712.354815,66.6,3.965279,2.3,3.8
1743089952.454000,45.372806,6.581556,1715.237283,59.2,4.235848,2.7,3.8
1743089955.454000,45.372871,6.581683,1716.955809,58.0,4.003243,2.6,3.8
1743089958.454000,45.372929,6.581807,1718.823836,55.9,4.051884,2.5,3.8
1743089961.455000,45.372988,6.581938,1721.023324,58.5,4.038628,2.8,3.8
1743089964.455000,45.373046,6.582064,1724.721344,57.7,3.953796,2.7,3.8
1743089967.455000,45.373106,6.582191,1727.536122,58.8,4.168989,2.8,3.8
1743089970.454000,45.373163,6.582313,1730.129376,59.1,3.916568,2.6,3.8
1743089973.455000,45.373223,6.582439,1734.303769,59.2,4.090880,2.4,3.8
1743089976.454000,45.373281,6.582564,1737.518307,58.9,3.999357,2.3,3.8
1743089979.454000,45.373338,6.582686,1741.952850,59.6,4.025497,2.0,3.8
1743089982.455000,45.373398,6.582818,1744.682231,60.3,4.132181,2.4,3.8
1743089985.454000,45.373454,6.582946,1746.622231,61.4,4.046409,2.5,3.8
1743089988.454000,45.373515,6.583073,1749.957065,58.9,4.171905,2.2,3.8
1743089991.455000,45.373575,6.583201,1753.017877,58.0,3.991332,2.3,3.8
1743089994.455000,45.373628,6.583328,1756.896633,63.0,4.033415,2.5,3.8
1743089997.454000,45.373682,6.583455,1760.069247,61.2,3.987516,1.7,3.8
1743090000.454000,45.373736,6.583575,1762.957302,59.8,4.142518,1.7,3.8
1743090003.455000,45.373799,6.583699,1765.740737,55.3,4.187568,2.6,3.8
1743090006.454000,45.373856,6.583822,1768.723479,55.9,4.055140,2.5,3.8
1743090009.454000,45.373911,6.583950,1771.843237,58.4,4.035892,3.0,3.8
1743090012.455000,45.373965,6.584078,1774.744307,60.5,3.972693,2.2,3.8
1743090015.454000,45.374019,6.584204,1778.205015,61.3,4.204539,2.9,3.8
1743090018.454000,45.374081,6.584333,1779.868851,59.6,4.134336,2.9,3.8
1743090021.455000,45.374141,6.584462,1781.422276,58.2,3.988298,2.6,3.8
1743090024.453000,45.374201,6.584594,1782.985110,59.9,4.082850,2.4,3.8
1743090027.454000,45.374258,6.584723,1785.779567,60.1,3.931196,3.1,3.8
1743090030.454000,45.374320,6.584849,1788.226666,56.8,4.122947,3.0,3.8
1743090033.455000,45.374377,6.584977,1790.184718,60.9,4.023162,2.7,3.8
1743090036.454000,45.374437,6.585100,1793.444557,56.7,3.990769,2.9,3.8
1743090039.455000,45.374494,6.585220,1798.195542,57.1,3.943583,2.9,3.8
1743090042.454000,45.374548,6.585339,1803.494711,56.8,3.854618,2.9,3.8
1743090045.454000,45.374601,6.585458,1809.312555,56.9,3.953604,3.1,3.8
1743090048.454000,45.374659,6.585589,1813.650093,58.3,4.384043,2.8,3.8
1743090051.454000,45.374718,6.585716,1817.401641,59.8,4.250037,2.8,3.8
1743090054.454000,45.374777,6.585839,1820.886721,57.1,4.152982,2.7,3.8
1743090057.455000,45.374829,6.585953,1825.272797,57.7,3.925338,3.3,3.8
1743090060.455000,45.374886,6.586072,1830.162767,55.3,3.962260,3.4,3.8
1743090063.454000,45.374941,6.586190,1834.492603,54.7,4.136034,2.9,3.8
1743090066.454000,45.374999,6.586305,1839.118334,41.0,3.937007,2.9,3.8
1743090069.455000,45.375063,6.586421,1843.643921,44.6,3.797835,3.3,3.8
1743090072.454000,45.375118,6.586544,1849.705042,46.6,4.035847,3.2,3.8
1743090075.454000,45.375176,6.586668,1855.426544,47.9,4.164184,3.1,3.8
1743090078.455000,45.375231,6.586792,1860.217252,49.7,3.992800,2.9,3.8
1743090081.455000,45.375284,6.586911,1865.538207,50.1,4.036003,3.2,3.8
1743090084.455000,45.375338,6.587026,1871.720491,51.0,3.926476,3.3,3.8
1743090087.455000,45.375392,6.587143,1877.662930,52.8,4.105614,2.4,3.8
1743090090.455000,45.375450,6.587272,1882.427922,53.7,4.271198,2.5,3.8
1743090093.454000,45.375505,6.587397,1886.995615,53.9,4.314658,2.7,3.8
1743090096.454000,45.375562,6.587522,1891.339542,54.9,4.179555,2.2,3.8
1743090099.454000,45.375616,6.587640,1896.022611,56.0,3.974711,2.5,3.8
1743090102.454000,45.375669,6.587762,1901.060584,56.9,4.080778,2.3,3.8
1743090105.455000,45.375722,6.587878,1906.119010,57.0,4.025258,2.3,3.8
1743090108.455000,45.375772,6.587994,1911.882742,57.0,4.044562,2.9,3.8
1743090111.454000,45.375825,6.588118,1916.924771,58.1,4.176563,2.8,3.8
1743090114.455000,45.375874,6.588230,1922.552895,58.5,4.087448,2.6,3.8
1743090117.454000,45.375923,6.588345,1928.265100,58.1,4.098824,2.6,3.8
1743090120.454000,45.375972,6.588459,1933.855237,58.3,3.971033,3.0,3.8
1743090123.454000,45.376023,6.588575,1940.531373,59.0,4.224442,2.4,3.8
1743090126.454000,45.376080,6.588700,1944.383940,59.9,4.136560,2.6,3.8
1743090129.454000,45.376133,6.588822,1948.645228,66.7,4.136531,2.4,4.0
1743090132.454000,45.376174,6.588954,1952.770541,74.5,4.089525,1.9,3.9
1743090135.454000,45.376227,6.589075,1957.946036,73.1,3.944172,2.4,3.8
1743090138.454000,45.376286,6.589194,1962.971510,70.0,4.039060,3.0,3.8
1743090141.455000,45.376345,6.589312,1967.724346,76.2,3.827956,2.4,3.8
1743090144.454000,45.376393,6.589435,1972.992359,74.2,4.115528,2.7,3.8
1743090147.455000,45.376452,6.589552,1978.034286,70.3,4.032488,2.1,3.8
1743090150.453000,45.376512,6.589668,1983.635558,68.2,4.073689,2.8,4.1
1743090153.454000,45.376573,6.589782,1988.724976,61.0,4.012661,2.6,3.8
1743090156.454000,45.376634,6.589896,1994.696858,58.0,4.234283,2.4,3.8
1743090159.454000,45.376691,6.590018,1998.954987,56.0,4.488461,2.7,3.8
1743090162.455000,45.376749,6.590143,2002.209203,56.0,3.983259,1.8,3.8
1743090165.454000,45.376809,6.590268,2005.521119,56.0,4.004601,2.4,3.8
1743090168.454000,45.376868,6.590390,2009.442922,54.0,4.051679,3.0,3.8
1743090171.453000,45.376924,6.590509,2014.480705,54.0,3.957374,3.1,3.8
1743090174.454000,45.376982,6.590638,2018.594366,54.0,4.113735,3.1,3.8
1743090177.454000,45.377039,6.590759,2022.889425,55.0,3.991496,2.5,3.8
1743090180.455000,45.377097,6.590882,2027.293316,54.0,3.997902,2.5,3.8
1743090183.454000,45.377153,6.591005,2032.071006,53.0,4.072898,2.7,3.8
1743090186.454000,45.377205,6.591120,2037.516540,54.0,4.093767,2.2,3.8
1743090189.455000,45.377261,6.591244,2043.155821,54.0,4.004810,2.2,3.8
1743090192.454000,45.377310,6.591368,2047.967898,64.3,4.062902,2.5,4.2
1743090195.453000,45.377360,6.591487,2053.137058,58.6,4.104698,1.5,4.2
1743090198.454000,45.377414,6.591604,2058.553721,58.3,3.994508,2.4,3.8
1743090201.454000,45.377470,6.591727,2063.537710,57.7,4.397771,2.9,3.8
1743090204.454000,45.377528,6.591853,2067.363506,57.0,4.175035,3.8,3.8
1743090207.455000,45.377589,6.591975,2070.587884,53.2,4.125796,3.1,3.8
1743090210.454000,45.377645,6.592094,2075.578919,54.5,3.950091,2.9,3.8
1743090213.455000,45.377698,6.592213,2076.626362,57.0,3.953326,1.8,3.8
1743090216.455000,45.377749,6.592332,2081.052421,57.4,4.006134,1.7,3.8
1743090219.455000,45.377801,6.592453,2087.997852,59.0,3.969388,2.5,3.8
1743090222.455000,45.377852,6.592574,2093.203684,60.9,4.020393,2.4,3.8
1743090225.454000,45.377905,6.592695,2098.304350,61.9,4.133532,2.2,3.8
1743090228.454000,45.377957,6.592808,2103.641228,62.0,4.098466,2.2,3.8
1743090231.455000,45.378012,6.592927,2108.747420,61.9,4.192810,3.0,3.8
1743090234.453000,45.378070,6.593043,2110.932788,61.0,3.948096,1.9,3.8
1743090237.453000,45.378129,6.593166,2116.457516,61.1,3.924879,1.7,3.8
1743090240.454000,45.378185,6.593286,2122.970380,61.1,3.947721,2.0,3.8
1743090243.453000,45.378243,6.593401,2131.582511,60.0,4.257484,2.2,3.8
1743090246.453000,45.378303,6.593524,2136.116358,59.0,4.255437,2.3,3.8
1743090249.454000,45.378361,6.593644,2140.126020,59.0,4.246812,2.6,3.8
1743090252.453000,45.378417,6.593766,2144.583590,59.0,4.250483,2.5,3.8
1743090255.454000,45.378473,6.593885,2146.389221,58.0,3.909842,1.9,3.8
1743090258.452000,45.378528,6.594003,2148.959732,58.0,3.938160,1.5,3.8
1743090261.453000,45.378585,6.594122,2153.843744,58.0,3.853646,1.4,3.8
1743090264.452000,45.378640,6.594240,2162.628044,57.0,4.095093,2.4,3.8
1743090267.453000,45.378694,6.594361,2169.092295,58.0,4.208447,3.2,3.8
1743090270.453000,45.378745,6.594481,2174.912047,58.0,4.267947,2.2,3.8
1743090273.453000,45.378797,6.594601,2180.407571,57.0,4.269194,2.2,3.8
1743090276.454000,45.378850,6.594716,2185.933669,57.0,4.064298,2.3,3.8
1743090279.453000,45.378907,6.594842,2189.670492,57.0,4.171097,1.7,3.8
1743090282.452000,45.378965,6.594964,2190.516792,58.0,4.177444,1.6,3.8
1743090285.453000,45.379020,6.595082,2195.311976,58.0,4.072733,1.4,3.8
1743090288.453000,45.379069,6.595210,2203.992118,58.0,4.161534,2.5,3.8
1743090291.453000,45.379120,6.595337,2208.713527,56.0,4.053499,2.5,3.8
1743090294.454000,45.379173,6.595465,2210.022756,57.0,4.438272,1.5,3.8
1743090297.452000,45.379229,6.595595,2212.831060,59.0,4.062146,1.5,3.8
1743090300.454000,45.379281,6.595726,2219.382132,62.0,4.096386,3.2,3.8
1743090303.453000,45.379332,6.595855,2218.514890,70.0,3.977222,1.5,3.8
1743090306.453000,45.379383,6.595981,2221.063277,69.0,4.013479,1.5,3.8
1743090309.454000,45.379421,6.596112,2224.606286,76.0,4.097475,1.5,3.8
1743090312.453000,45.379485,6.596239,2231.014471,80.0,3.931206,2.1,3.8
1743090315.453000,45.379547,6.596367,2234.458451,78.0,4.035085,2.0,3.8
1743090318.453000,45.379608,6.596490,2238.405389,72.0,4.065777,1.8,3.8
1743090321.454000,45.379673,6.596610,2245.313719,68.0,4.182597,2.4,3.8
1743090324.454000,45.379723,6.596741,2247.923153,99.9,4.071534,2.4,3.8
1743090327.453000,45.379776,6.596875,2246.066305,77.0,3.807047,2.1,3.8
1743090331.453000,45.379829,6.596995,2245.057847,75.1,1.710934,1.7,3.8
1743090377.454000,45.379896,6.597082,2244.224379,77.0,0.526275,1.6,3.8
1743090416.453000,45.379912,6.597211,2233.923052,69.0,0.345523,3.8,5.7
1743090448.453000,45.379907,6.597346,2234.865651,56.1,1.051483,1.7,7.6
1743090452.453000,45.379925,6.597472,2235.348671,80.4,2.593672,1.7,8.5
1743090455.453000,45.379942,6.597636,2234.655983,74.3,3.922312,1.6,6.8
1743090458.453000,45.379975,6.597774,2235.883710,80.7,3.881187,1.5,4.6
1743090462.453000,45.380000,6.597938,2232.403347,79.1,3.525737,1.5,3.8
1743090466.452000,45.380029,6.598088,2240.399090,68.8,3.501458,1.5,3.8
1743090470.454000,45.380055,6.598240,2249.443752,57.7,3.552224,1.4,3.8
1743090474.453000,45.380092,6.598399,2266.359178,48.6,4.333474,1.5,3.8
1743090477.453000,45.380110,6.598524,2271.735395,43.9,4.354084,1.6,3.8
1743090480.454000,45.380125,6.598651,2276.331031,40.6,4.157195,1.6,3.8
1743090483.453000,45.380140,6.598780,2279.990462,37.5,3.923837,4.2,3.8
1743090486.454000,45.380155,6.598909,2285.281163,35.3,3.603388,4.0,3.8
1743090489.453000,45.380171,6.599038,2290.955149,33.6,3.594344,3.9,3.8
1743090492.453000,45.380184,6.599170,2293.651658,34.4,3.524202,1.6,3.8
1743090495.454000,45.380198,6.599312,2298.392463,36.7,3.696221,1.5,3.8
1743090498.453000,45.380207,6.599458,2298.134993,40.0,3.625782,1.5,3.8
1743090501.453000,45.380218,6.599602,2302.927499,49.9,3.764411,1.6,3.8
1743090504.452000,45.380233,6.599740,2307.007829,45.9,3.615545,1.8,3.8
1743090507.454000,45.380245,6.599880,2311.939000,49.3,3.611811,1.6,3.8
1743090510.454000,45.380257,6.600020,2317.624055,51.3,3.833143,1.6,3.8
1743090513.453000,45.380269,6.600158,2323.466715,54.0,3.824407,1.6,3.8
1743090516.453000,45.380280,6.600296,2330.284224,58.0,3.914935,1.5,3.8
1743090519.454000,45.380291,6.600433,2335.499075,62.0,3.952514,1.5,3.8
1743090522.453000,45.380301,6.600570,2341.902772,64.0,3.999574,1.5,3.8
1743090525.452000,45.380312,6.600702,2346.932261,66.0,3.931042,1.5,3.8
1743090528.454000,45.380324,6.600845,2353.749595,70.0,4.351165,1.5,3.8
1743090531.454000,45.380328,6.600986,2356.108627,81.0,4.243088,1.5,3.8
1743090534.453000,45.380337,6.601122,2362.101124,82.0,4.010294,1.5,3.8
1743090537.453000,45.380349,6.601258,2367.097529,83.0,3.883272,1.5,3.8
1743090540.453000,45.380360,6.601393,2372.743924,85.0,3.923992,1.5,3.8
1743090543.453000,45.380373,6.601528,2377.797034,86.0,3.975291,1.5,3.8
1743090546.453000,45.380386,6.601659,2382.556937,88.0,3.901899,1.6,3.8
1743090549.454000,45.380399,6.601804,2387.673856,88.0,4.133520,1.6,3.8
1743090552.454000,45.380414,6.601944,2390.407573,88.0,3.999801,1.9,3.8
1743090555.453000,45.380429,6.602082,2394.876713,82.1,3.898503,1.9,3.8
1743090558.453000,45.380440,6.602221,2400.142172,94.0,3.877706,1.7,3.8
1743090561.453000,45.380457,6.602357,2405.933363,84.9,3.916528,1.6,3.8
1743090564.452000,45.380475,6.602493,2411.139075,89.2,3.960106,1.5,3.8
1743090567.453000,45.380486,6.602629,2415.835390,88.4,3.968362,1.6,3.8
1743090570.453000,45.380501,6.602765,2420.780496,86.4,3.991642,1.7,3.8
1743090573.454000,45.380515,6.602900,2426.792444,85.0,3.949116,1.7,3.8
1743090576.453000,45.380532,6.603035,2431.292430,75.0,3.911332,1.7,3.8
1743090579.454000,45.380551,6.603169,2437.246632,80.0,3.946328,1.8,3.8
1743090582.452000,45.380563,6.603304,2441.250324,80.0,4.001821,1.7,3.8
1743090585.454000,45.380576,6.603449,2447.077720,81.0,4.125127,2.1,3.8
1743090588.453000,45.380592,6.603587,2452.697540,81.0,4.387639,1.8,3.8
1743090591.454000,45.380610,6.603723,2455.815620,81.9,3.980746,1.6,3.8
1743090594.454000,45.380622,6.603861,2460.825802,87.9,3.992406,1.6,3.8
1743090597.453000,45.380632,6.604003,2466.681027,94.5,3.981414,1.5,3.8
1743090600.452000,45.380646,6.604142,2469.927391,94.0,3.910251,1.8,3.8
1743090603.453000,45.380664,6.604279,2469.714811,92.1,3.833898,5.5,3.8
1743090606.453000,45.380682,6.604427,2474.585278,88.4,4.217596,5.0,3.8
1743090609.453000,45.380700,6.604595,2481.214961,87.1,4.553843,6.8,3.8
1743090612.453000,45.380727,6.604779,2486.913582,84.2,5.292070,6.8,3.8
1743090614.453000,45.380741,6.604909,2490.224873,83.2,5.382194,6.8,3.8
1743090616.454000,45.380746,6.605050,2492.846688,87.2,5.534436,6.7,3.8
1743090618.454000,45.380760,6.605184,2499.869016,77.5,5.569684,6.7,3.8
1743090620.453000,45.380768,6.605320,2501.642500,82.0,5.516271,6.8,3.8
1743090622.453000,45.380778,6.605447,2509.426797,80.0,5.600655,2.3,3.8
1743090624.453000,45.380789,6.605575,2511.693320,83.0,5.549769,2.4,3.8
1743090627.453000,45.380809,6.605755,2519.838856,91.7,5.101673,1.9,3.8
1743090630.452000,45.380826,6.605924,2530.719230,91.1,5.276769,1.6,3.8
1743090633.452000,45.380844,6.606086,2538.986746,81.0,4.960726,1.6,3.8
1743090636.454000,45.380862,6.606252,2550.849070,81.0,5.466528,1.6,3.8
1743090639.453000,45.380878,6.606415,2559.000005,81.9,5.395916,4.0,3.8
1743090642.454000,45.380896,6.606578,2569.349462,81.0,5.317850,3.2,3.8
1743090645.454000,45.380914,6.606741,2579.887096,80.9,5.482890,3.3,3.8
1743090648.453000,45.380934,6.606914,2589.654675,80.1,5.423621,3.8,3.8
1743090651.454000,45.380951,6.607084,2603.388527,80.8,5.783545,1.6,3.8
1743090654.452000,45.380969,6.607249,2613.209218,80.0,5.708686,1.5,3.8
1743090657.453000,45.380986,6.607418,2624.573814,80.8,5.763473,1.5,3.8
1743090660.453000,45.381002,6.607580,2633.938770,78.6,5.674766,1.5,3.8
1743090663.453000,45.381018,6.607742,2646.388012,81.0,5.543889,1.5,3.8
1743090666.452000,45.381035,6.607900,2651.258275,80.0,5.333101,5.6,3.8
1743090669.453000,45.381051,6.608056,2661.651792,81.0,5.209909,6.8,3.8
1743090672.452000,45.381066,6.608212,2672.511654,82.0,5.264400,8.0,3.8
1743090675.453000,45.381078,6.608370,2683.592292,81.9,5.284021,7.2,3.8
1743090678.453000,45.381096,6.608547,2694.110407,82.3,5.903335,5.5,3.8
1743090681.452000,45.381121,6.608725,2704.413885,82.7,5.758655,7.7,3.8
1743090684.454000,45.381149,6.608901,2709.375789,81.1,6.031554,6.5,3.8
1743090686.453000,45.381171,6.609027,2720.395977,82.0,6.009584,1.5,3.8
1743090689.453000,45.381179,6.609216,2728.843830,84.7,6.004079,1.4,3.8
1743090691.453000,45.381198,6.609349,2730.157205,78.7,5.886122,1.4,3.8
1743090693.453000,45.381218,6.609481,2730.856807,61.4,5.540066,1.5,3.8
1743090696.454000,45.381240,6.609642,2730.655614,71.4,4.280322,1.5,4.5
1743090716.454000,45.381174,6.609726,2729.316868,73.5,0.000000,1.7,6.3
1743090717.453000,45.381169,6.609729,2729.627593,79.8,0.345237,1.8,6.1
1743090734.265000,45.381173,6.609858,2730.134381,102.7,1.028969,1.6,3.3
1743090740.452000,45.381180,6.609986,2727.761006,71.8,0.674563,2.8,3.0
1743090759.453000,45.381090,6.610023,2724.729112,219.7,1.461115,1.6,4.5
1743090763.454000,45.381003,6.609948,2722.586120,208.0,1.936397,1.6,4.2
1743090767.452000,45.380915,6.609848,2721.826369,237.6,2.444885,1.8,4.8
1743090771.320000,45.380843,6.609768,2721.213214,236.7,1.970463,1.8,5.4
1743090775.682000,45.380769,6.609684,2718.199958,217.4,1.883381,2.3,5.7
1743090780.454000,45.380700,6.609602,2712.316353,246.5,1.446021,7.1,5.5
1743090791.867000,45.380625,6.609444,2671.882080,93.6,1.443620,3.2,16.9
1743090814.453000,45.380554,6.609530,2669.937466,113.4,1.771113,1.5,3.0
1743090820.474000,45.380504,6.609649,2668.326979,105.0,1.919056,1.4,3.1
1743090827.212000,45.380476,6.609775,2666.686201,113.7,1.824920,1.4,3.0
1743090837.212000,45.380403,6.609674,2662.421143,247.6,1.839793,1.3,3.0
1743090840.452000,45.380359,6.609556,2660.137490,240.1,2.519515,1.3,3.0
1743090844.314000,45.380280,6.609620,2656.730949,100.8,2.659635,1.3,3.2
1743090854.452000,45.380210,6.609538,2652.520785,246.6,1.373745,1.3,3.0
1743090859.452000,45.380151,6.609442,2650.887251,221.5,1.830546,1.3,3.0
1743090869.879000,45.380004,6.609650,2649.171143,173.0,2.350778,2.9,25.7
1743090874.453000,45.379916,6.609573,2646.102919,181.9,3.522416,1.6,3.8
1743090880.453000,45.379874,6.609455,2641.503038,255.0,1.706149,1.5,3.8
1743090885.454000,45.379809,6.609351,2638.165264,152.6,1.922274,1.5,3.0
1743090890.454000,45.379729,6.609425,2634.930572,191.9,1.737959,1.5,3.0
1743090895.453000,45.379664,6.609316,2632.020032,212.9,2.234440,1.4,3.1
1743090900.454000,45.379568,6.609319,2628.846129,241.9,2.164598,1.4,3.2
1743090903.968000,45.379472,6.609302,2625.321342,190.2,2.794588,1.4,3.1
1743090907.451000,45.379391,6.609231,2622.370526,187.5,3.015561,1.4,3.1
1743090909.453000,45.379257,6.609313,2617.822789,151.0,5.448006,1.3,3.4
1743090911.453000,45.379149,6.609335,2615.549379,152.0,6.015924,1.3,3.6
1743090914.453000,45.379019,6.609397,2612.616465,188.9,7.553982,1.3,3.8
1743090916.453000,45.378892,6.609418,2608.717009,161.2,6.938826,1.3,3.8
1743090918.453000,45.378785,6.609462,2605.919942,169.8,6.773674,1.3,3.8
1743090920.453000,45.378637,6.609466,2603.957230,192.3,9.831232,1.3,3.8
1743090921.453000,45.378544,6.609433,2600.309279,192.3,10.252105,1.3,3.8
1743090922.454000,45.378435,6.609401,2596.856158,190.5,11.177088,1.3,3.8
1743090923.454000,45.378321,6.609365,2593.373893,192.9,12.819493,1.3,3.8
1743090924.453000,45.378214,6.609312,2591.995666,203.1,12.665533,1.3,3.8
1743090925.453000,45.378122,6.609220,2588.459397,223.4,12.845650,1.3,3.8
1743090926.454000,45.378045,6.609099,2587.323680,229.9,13.119808,1.3,3.8
1743090927.454000,45.377963,6.608984,2584.663785,220.3,13.094415,1.3,3.8
1743090928.454000,45.377874,6.608879,2582.150237,218.1,13.074949,1.3,3.8
1743090929.453000,45.377789,6.608769,2581.030956,223.0,12.806496,1.3,3.8
1743090930.453000,45.377714,6.608650,2579.710879,230.9,12.506915,1.3,3.8
1743090931.454000,45.377648,6.608527,2578.922159,233.0,11.636196,1.3,3.8
1743090932.454000,45.377584,6.608406,2577.155288,232.0,11.774776,1.3,3.8
1743090933.454000,45.377521,6.608287,2577.416042,231.0,11.360850,1.3,3.8
1743090934.454000,45.377459,6.608178,2577.019496,228.0,10.786643,1.3,3.8
1743090935.453000,45.377390,6.608079,2575.661575,222.0,10.672431,1.3,3.8
1743090936.454000,45.377317,6.607988,2576.010041,222.0,10.618981,1.3,3.8
1743090937.454000,45.377254,6.607888,2574.309490,230.6,10.222027,1.3,3.8
1743090938.453000,45.377197,6.607784,2573.416966,231.5,10.190406,1.3,3.8
1743090940.453000,45.377066,6.607628,2571.800019,241.7,9.250310,1.3,3.8
1743090942.453000,45.376941,6.607479,2570.232806,233.4,9.141294,1.3,3.8
1743090944.453000,45.376811,6.607414,2568.240137,258.5,7.277818,1.3,3.8
1743090946.453000,45.376681,6.607330,2565.964153,239.5,7.825583,1.3,3.8
1743090948.454000,45.376550,6.607282,2562.538418,262.3,7.574105,1.3,3.8
1743090950.453000,45.376400,6.607262,2556.944883,212.1,5.931485,1.3,3.8
1743090952.453000,45.376241,6.607217,2554.613853,194.1,9.170259,1.3,3.8
1743090954.454000,45.376113,6.607224,2550.188493,186.8,7.553576,1.3,4.8
1743090956.452000,45.376014,6.607101,2547.409059,224.5,7.074523,1.3,7.5
1743090958.452000,45.375921,6.607042,2544.631233,217.8,5.304245,1.3,9.9
1743090962.453000,45.375874,6.606876,2540.428911,212.8,6.436663,1.3,9.9
1743090964.452000,45.375785,6.606814,2536.694054,208.3,5.103509,1.3,9.9
1743090966.454000,45.375777,6.606665,2532.593251,288.5,4.803452,1.3,9.9
1743090969.453000,45.375768,6.606480,2525.642643,254.2,5.250853,1.3,9.9
1743090971.452000,45.375692,6.606386,2518.783010,224.7,5.335219,1.3,9.9
1743090973.453000,45.375706,6.606246,2514.183097,293.7,5.903175,1.3,9.9
1743090975.453000,45.375680,6.606085,2508.772488,216.3,6.775963,1.3,9.9
1743090977.453000,45.375616,6.605974,2503.528387,265.9,7.959175,1.3,9.9
1743090979.452000,45.375673,6.605816,2499.408443,304.0,7.264571,1.3,9.9
1743090981.453000,45.375664,6.605651,2494.248697,233.8,6.542265,1.3,9.9
1743090984.453000,45.375692,6.605491,2487.986067,306.5,4.040341,1.3,9.9
1743090987.453000,45.375711,6.605331,2482.826430,240.8,6.559002,1.3,9.9
1743090989.453000,45.375638,6.605188,2481.529152,255.1,6.895532,1.3,9.9
1743090991.453000,45.375678,6.605062,2476.023885,291.6,5.800574,1.3,9.9
1743090993.454000,45.375631,6.604942,2473.939511,215.9,7.250337,1.3,9.9
1743090995.453000,45.375517,6.604871,2473.186658,202.4,6.633404,1.3,9.9
1743090997.453000,45.375403,6.604886,2472.700151,165.1,5.158493,1.3,9.9
1743091000.454000,45.375311,6.604916,2473.216959,191.8,2.584680,1.3,9.9
1743091003.453000,45.375215,6.604850,2472.512976,193.0,4.962961,1.3,9.9
1743091007.454000,45.375127,6.604808,2466.006859,160.3,2.235462,1.3,10.8
1743091011.918000,45.375025,6.604780,2460.084817,143.3,2.644191,1.3,7.7
1743091015.180000,45.374950,6.604696,2456.919148,194.8,2.227781,1.3,6.2
1743091018.452000,45.374846,6.604634,2451.010078,244.0,3.047480,1.3,5.9
1743091020.453000,45.374708,6.604544,2445.898446,205.2,5.704293,1.3,7.0
1743091022.452000,45.374639,6.604396,2443.306403,284.8,5.394070,1.3,8.2
1743091024.454000,45.374657,6.604264,2439.560486,272.9,5.852114,1.3,9.9
1743091027.453000,45.374615,6.604114,2433.185744,272.2,4.032741,1.3,9.9
1743091031.452000,45.374644,6.603986,2426.218056,326.4,2.148118,1.3,11.9
1743091036.453000,45.374682,6.603840,2417.481285,309.6,2.450292,1.3,7.9
1743091040.453000,45.374678,6.603710,2409.295823,278.0,2.579978,1.3,5.3
1743091043.453000,45.374714,6.603585,2406.034467,259.5,2.587798,1.3,4.9
1743091050.452000,45.374750,6.603465,2396.045781,246.8,2.060369,1.3,5.1
1743091054.452000,45.374786,6.603336,2389.691041,307.8,2.383149,1.3,4.1
1743091058.599000,45.374742,6.603224,2381.734179,204.8,2.336470,1.3,4.3
1743091072.453000,45.374736,6.602896,2359.351068,296.9,2.440276,1.3,8.8
1743091073.452000,45.374746,6.602650,2357.839497,347.0,1.829859,1.3,9.4
1743091074.452000,45.374753,6.602494,2356.886980,293.9,2.055375,1.3,9.5
1743091077.452000,45.374744,6.602358,2352.639085,191.5,1.913775,1.3,8.8
1743091082.575000,45.374688,6.602255,2345.138304,224.1,1.967511,1.3,6.0
1743091088.375000,45.374618,6.602168,2336.999274,176.3,1.843040,1.3,5.9
1743091092.452000,45.374535,6.602103,2334.509246,209.3,1.852999,1.3,4.1
1743091098.452000,45.374584,6.601989,2326.589593,309.1,2.055116,1.3,3.6
1743091102.452000,45.374633,6.601878,2323.132118,309.7,2.003734,1.3,3.9
1743091107.453000,45.374609,6.601741,2315.109095,217.8,1.989058,1.3,4.0
1743091112.452000,45.374649,6.601585,2309.012812,271.7,2.248657,1.3,3.6
1743091118.475000,45.374592,6.601479,2301.391545,288.0,1.913310,1.3,3.9
1743091123.453000,45.374566,6.601246,2289.196020,295.9,4.336126,1.3,5.6
1743091124.452000,45.374581,6.601007,2288.186839,249.5,6.465563,1.3,6.4
1743091125.451000,45.374562,6.600838,2284.534583,222.3,5.090495,1.3,7.1
1743091127.452000,45.374515,6.600722,2283.061904,207.9,3.404435,1.3,8.8
1743091129.451000,45.374480,6.600594,2281.846999,246.7,5.416181,1.3,9.9
1743091131.453000,45.374406,6.600493,2279.453260,211.1,4.964149,1.3,9.9
1743091151.453000,45.374351,6.600466,2282.790775,90.0,0.000000,1.3,3.0
1743091189.451000,45.374352,6.600377,2283.771026,289.9,2.511904,1.3,3.8
1743091195.453000,45.374417,6.600199,2279.224634,243.7,3.860535,1.3,3.9
1743091198.452000,45.374375,6.600047,2273.726404,221.1,4.528010,1.3,3.5
1743091202.451000,45.374384,6.599864,2271.116763,308.8,5.116840,1.3,3.8
1743091205.453000,45.374377,6.599702,2261.936612,242.0,3.829527,1.3,3.8
1743091208.452000,45.374437,6.599557,2256.619878,308.0,4.059685,1.3,3.8
1743091211.453000,45.374407,6.599415,2250.247371,237.0,3.800872,1.3,3.8
1743091214.598000,45.374380,6.599284,2244.409236,211.3,2.261667,1.3,10.1
1743091217.452000,45.374362,6.599101,2238.491258,245.0,6.447855,1.3,9.6
1743091223.451000,45.374387,6.598840,2228.385054,274.0,6.172963,1.3,6.7
1743091226.453000,45.374353,6.598668,2221.874672,276.5,4.110797,1.3,6.6
1743091229.453000,45.374416,6.598531,2216.608456,261.5,4.536345,1.3,4.0
1743091232.452000,45.374351,6.598440,2211.515686,197.5,3.145997,1.3,4.2
1743091234.814000,45.374283,6.598347,2208.797920,265.7,4.009975,1.3,4.3
1743091237.932000,45.374296,6.598217,2201.498739,209.2,3.977051,1.3,4.1
1743091240.452000,45.374207,6.598097,2199.359538,226.5,4.118220,1.3,3.8
1743091243.452000,45.374272,6.597950,2194.493797,327.2,4.378976,1.3,3.4
1743091246.452000,45.374248,6.597805,2187.288119,219.7,4.235040,1.3,4.3
1743091249.452000,45.374175,6.597721,2181.673898,265.6,4.519100,1.3,4.2
1743091251.452000,45.374195,6.597590,2179.213384,291.3,3.930444,1.3,4.0
1743091254.452000,45.374261,6.597406,2173.001018,289.1,5.795442,1.3,4.8
1743091257.453000,45.374207,6.597277,2165.502710,259.3,5.202131,1.7,5.2
1743091259.452000,45.374249,6.597152,2163.684343,280.1,5.505232,1.7,7.5
1743091262.033000,45.374192,6.597049,2160.619932,123.8,5.014235,1.7,11.1
1743091265.452000,45.374229,6.596924,2157.297724,347.4,1.973636,1.7,12.6
1743091269.453000,45.374280,6.596805,2151.386487,251.0,6.159063,1.8,7.5
1743091270.453000,45.374274,6.596673,2149.810559,270.7,5.952766,1.8,7.3
1743091272.452000,45.374336,6.596544,2145.442305,260.1,6.165094,1.8,7.7
1743091275.452000,45.374387,6.596397,2138.503155,305.9,5.133384,1.8,9.9
1743091278.453000,45.374448,6.596291,2134.939536,260.0,5.165288,1.8,9.9
1743091281.452000,45.374410,6.596166,2130.406636,260.0,4.346108,1.9,9.9
1743091284.453000,45.374441,6.596040,2124.776047,328.9,4.021164,1.9,9.9
1743091287.453000,45.374505,6.595898,2120.722447,239.0,5.406584,1.3,9.9
1743091291.452000,45.374489,6.595736,2113.065501,316.8,4.277628,1.3,9.9
1743091296.451000,45.374504,6.595609,2106.897118,250.0,2.525983,1.3,9.9
1743091299.453000,45.374541,6.595456,2103.036943,299.0,2.888392,1.3,9.9
1743091302.453000,45.374604,6.595358,2099.897864,308.0,3.908369,1.3,9.9
1743091306.452000,45.374684,6.595263,2095.877031,317.0,3.098436,1.3,9.9
1743091309.452000,45.374768,6.595164,2092.117809,291.2,3.369142,1.3,9.9
1743091313.452000,45.374759,6.595004,2087.806289,253.4,4.744590,1.3,9.9
1743091318.452000,45.374703,6.594880,2081.825066,214.0,2.726791,1.3,9.9
1743091322.452000,45.374669,6.594736,2077.706908,326.9,4.795888,1.3,9.9
1743091325.453000,45.374752,6.594666,2073.789555,322.0,4.008621,1.3,9.9
1743091328.452000,45.374785,6.594502,2072.104999,256.0,6.608350,1.3,9.9
1743091331.451000,45.374831,6.594392,2068.131434,342.0,2.796820,1.3,9.9
1743091335.453000,45.374915,6.594307,2065.288910,289.3,3.943620,1.3,9.9
1743091337.452000,45.374910,6.594145,2062.320813,278.9,6.791506,1.3,9.9
1743091339.452000,45.374979,6.594050,2058.482476,329.9,5.770986,1.3,9.9
1743091341.452000,45.375070,6.593949,2055.626823,308.1,7.765646,1.3,9.9
1743091343.452000,45.375168,6.593774,2051.174538,319.2,8.877186,1.3,9.9
1743091345.452000,45.375265,6.593590,2047.938771,276.9,10.154747,1.3,9.9
1743091346.452000,45.375245,6.593460,2046.036462,242.3,10.938163,1.3,9.9
1743091347.452000,45.375181,6.593357,2043.006594,225.3,10.362535,1.3,9.9
1743091349.453000,45.375085,6.593339,2041.239739,190.9,3.033212,1.3,9.9
1743091353.452000,45.374977,6.593324,2040.141989,224.7,5.505415,1.3,9.9
1743091355.452000,45.374901,6.593228,2037.945058,210.9,5.532745,1.3,9.9
1743091362.452000,45.374806,6.593157,2034.553950,217.0,5.137855,1.3,9.9
1743091364.452000,45.374715,6.593049,2032.736895,212.1,7.521068,1.3,9.9
1743091367.452000,45.374612,6.592976,2027.852471,205.0,5.129510,1.3,9.9
1743091369.453000,45.374506,6.592892,2026.087850,207.1,6.664931,1.3,9.9
1743091371.451000,45.374404,6.592824,2020.768372,208.0,7.701423,1.3,9.9
1743091373.451000,45.374272,6.592745,2017.203138,196.0,7.660151,1.3,9.9
1743091375.452000,45.374128,6.592611,2013.472304,211.0,11.461105,1.3,9.9
1743091376.452000,45.374037,6.592532,2009.518760,212.0,12.544588,1.3,9.9
1743091377.452000,45.373951,6.592464,2005.745668,204.0,10.348936,1.3,9.9
1743091379.452000,45.373790,6.592341,2000.577217,214.0,12.214377,1.3,9.9
1743091380.452000,45.373706,6.592269,1998.059416,204.0,10.398171,1.3,9.9
1743091382.453000,45.373552,6.592147,1994.074163,219.0,11.203970,1.3,9.9
1743091383.453000,45.373472,6.592065,1992.115444,210.0,11.005185,1.3,9.9
1743091385.452000,45.373332,6.591969,1989.718828,209.0,6.748141,1.3,9.9
1743091387.452000,45.373217,6.591871,1988.538379,205.0,6.325061,1.3,9.9
1743091390.453000,45.373126,6.591814,1987.037310,208.0,4.032166,1.3,9.9
1743091392.452000,45.373046,6.591747,1985.299479,203.0,5.853425,1.3,9.9
1743091394.452000,45.372948,6.591671,1983.021547,223.8,6.850080,1.3,9.9
1743091396.453000,45.372842,6.591574,1979.597961,225.2,6.315866,1.3,9.9
1743091398.452000,45.372740,6.591524,1976.986671,212.8,6.666666,1.3,9.9
1743091400.452000,45.372646,6.591483,1974.946953,198.0,5.019712,1.3,9.9
1743091402.452000,45.372544,6.591391,1973.521876,211.0,8.226030,1.3,9.9
1743091404.452000,45.372400,6.591292,1969.192820,201.0,8.668228,1.3,9.9
1743091406.452000,45.372277,6.591250,1966.075757,188.0,6.094685,1.3,9.9
1743091408.452000,45.372159,6.591181,1964.771246,207.0,7.893117,1.3,9.9
1743091410.452000,45.372027,6.591085,1961.790075,209.0,8.320255,1.3,9.9
1743091412.452000,45.371902,6.590956,1960.196763,210.0,8.712864,1.3,9.9
1743091414.453000,45.371807,6.590929,1958.894156,164.0,2.147600,1.3,9.9
1743091417.451000,45.371710,6.590895,1958.208631,196.1,4.926489,1.3,9.9
1743091419.452000,45.371615,6.590853,1956.434982,217.1,5.669001,1.3,9.9
1743091421.452000,45.371508,6.590814,1954.708067,231.6,5.890817,1.3,9.9
1743091423.453000,45.371414,6.590773,1953.696022,345.2,4.495716,1.3,9.9
1743091427.452000,45.371444,6.590636,1952.829825,308.9,3.302034,1.3,9.9
1743091442.875000,45.371470,6.590533,1975.425781,-1.0,0.000000,3.1,4.1
1743091450.882000,45.371470,6.590533,1975.294434,-1.0,0.005597,5.1,6.0
1743091477.452000,45.371371,6.590396,1972.453809,207.2,6.120820,2.4,3.1
1743091479.451000,45.371222,6.590300,1967.382655,187.2,8.222255,2.4,3.4
1743091481.452000,45.371078,6.590299,1964.097906,153.6,7.875335,2.4,3.7
1743091483.451000,45.370974,6.590321,1962.705715,179.0,6.373629,2.4,3.8
1743091486.451000,45.370931,6.590175,1960.611914,276.0,5.618261,2.4,3.8
1743091488.451000,45.370855,6.590088,1957.883613,184.0,5.080790,2.4,3.8
1743091491.451000,45.370766,6.589988,1954.575465,231.0,2.848631,2.5,3.8
1743091495.452000,45.370718,6.589877,1951.471525,281.0,4.029570,2.5,36.0
1743091499.168000,45.370796,6.589784,1949.326441,333.6,3.409770,2.5,10.6
1743091502.452000,45.370796,6.589637,1944.174102,206.0,4.367761,2.6,4.9
1743091505.451000,45.370720,6.589548,1941.760992,208.0,4.024765,2.6,4.0
1743091509.452000,45.370739,6.589415,1937.489356,340.0,4.181440,2.6,3.8
1743091512.451000,45.370717,6.589277,1933.704427,295.0,4.843091,2.7,3.8
1743091515.450000,45.370757,6.589154,1930.002005,228.0,4.281371,2.7,3.8
1743091518.451000,45.370832,6.589073,1925.399865,352.0,5.033695,2.7,3.8
1743091521.451000,45.370868,6.588925,1920.867812,303.9,4.743675,2.7,3.8
1743091524.451000,45.370943,6.588794,1916.727284,297.2,5.972417,2.8,5.9
1743091528.452000,45.370977,6.588627,1911.486875,287.9,3.683204,2.8,9.9
1743091531.450000,45.371078,6.588611,1907.516321,343.0,4.005600,2.7,9.9
1743091535.451000,45.371178,6.588535,1904.146942,284.0,5.728650,2.8,9.9
1743091538.451000,45.371158,6.588393,1899.585539,302.0,5.025318,2.8,9.9
1743091541.452000,45.371261,6.588312,1895.572147,301.0,6.637852,3.0,9.9
1743091545.452000,45.371249,6.588145,1891.028308,281.0,3.691436,2.9,9.9
1743091549.451000,45.371318,6.588022,1885.670148,262.8,4.317086,3.0,9.9
1743091553.451000,45.371389,6.587927,1880.662973,337.2,4.111643,3.0,9.9
1743091558.451000,45.371386,6.587758,1876.421576,269.6,3.341390,2.4,9.9
1743091561.451000,45.371438,6.587624,1871.919810,279.8,4.329766,2.2,10.0
1743091565.452000,45.371488,6.587500,1866.426971,300.1,3.147781,2.2,10.0
1743091569.450000,45.371529,6.587380,1869.973780,253.3,1.769565,2.7,10.0
1743091573.451000,45.371602,6.587270,1865.848022,352.5,2.896627,2.4,9.9
1743091576.451000,45.371700,6.587272,1861.991977,325.5,3.863225,2.0,9.9
1743091579.451000,45.371739,6.587135,1856.938661,288.7,4.085257,1.6,9.9
1743091583.450000,45.371843,6.587049,1852.471343,295.9,5.445422,1.8,9.9
1743091586.451000,45.371846,6.586897,1847.258754,266.9,2.124415,1.5,9.9
1743091589.451000,45.371923,6.586794,1842.827155,343.5,3.779945,1.5,9.9
1743091592.451000,45.371972,6.586638,1838.398961,241.2,4.795547,1.5,9.9
1743091596.452000,45.372070,6.586564,1832.370605,356.0,3.893597,1.5,9.9
1743091599.451000,45.372128,6.586461,1828.474697,260.0,6.461455,1.5,9.9
1743091601.451000,45.372170,6.586342,1825.789537,309.9,4.529419,1.5,9.9
1743091604.451000,45.372181,6.586186,1820.306167,251.0,5.027546,1.5,9.9
1743091606.451000,45.372215,6.586058,1816.332554,300.9,4.729931,1.6,9.9
1743091609.452000,45.372326,6.585950,1811.734842,298.0,7.245055,1.5,9.9
1743091611.451000,45.372393,6.585860,1808.683730,346.8,3.708412,1.6,9.9
1743091613.451000,45.372459,6.585764,1805.572596,311.0,6.977746,1.5,10.0
1743091615.451000,45.372537,6.585638,1802.312055,283.0,7.580943,1.5,10.0
1743091617.451000,45.372605,6.585544,1798.809848,343.0,5.549384,1.5,9.9
1743091619.452000,45.372654,6.585399,1796.181332,273.4,6.981070,1.5,9.9
1743091621.451000,45.372671,6.585214,1791.141022,319.9,7.660944,1.5,9.9
1743091623.451000,45.372724,6.585061,1787.654708,251.0,7.962718,1.5,9.9
1743091625.452000,45.372652,6.584903,1784.281516,255.0,7.861596,1.5,9.9
1743091627.450000,45.372690,6.584718,1780.473426,264.0,7.732997,1.5,9.9
1743091629.452000,45.372626,6.584543,1777.688798,252.0,8.018092,1.5,9.9
1743091631.451000,45.372701,6.584368,1774.038154,309.0,8.894346,1.5,9.9
1743091633.451000,45.372681,6.584196,1770.164773,225.0,7.180276,1.5,9.9
1743091635.451000,45.372618,6.584042,1767.019105,265.0,8.546016,1.5,9.9
1743091637.451000,45.372685,6.583902,1763.231643,328.9,6.305474,1.5,9.9
1743091639.451000,45.372718,6.583756,1761.275900,247.0,7.745079,1.5,9.9
1743091641.451000,45.372656,6.583618,1758.259219,254.2,6.411217,1.5,9.9
1743091643.451000,45.372689,6.583453,1753.937047,268.0,7.702914,1.5,9.9
1743091645.451000,45.372614,6.583333,1748.698542,197.0,5.765227,1.5,9.9
1743091647.452000,45.372572,6.583218,1746.813973,292.0,6.637998,1.5,9.9
1743091649.451000,45.372624,6.583083,1743.689015,278.5,6.416059,1.5,9.9
1743091651.451000,45.372567,6.582919,1738.834217,248.0,7.926700,1.5,9.9
1743091653.451000,45.372614,6.582763,1734.080871,324.0,7.495606,1.5,9.9
1743091655.451000,45.372627,6.582600,1729.955585,232.0,8.348729,1.5,9.9
1743091657.451000,45.372550,6.582525,1726.345454,202.0,3.281171,1.5,9.9
1743091662.451000,45.372537,6.582386,1716.789713,293.0,3.179322,2.0,9.9
1743091665.451000,45.372560,6.582198,1715.863660,243.0,8.289935,1.5,9.9
1743091667.452000,45.372577,6.581960,1709.925651,285.0,10.269154,1.5,9.9
1743091668.451000,45.372579,6.581831,1702.411668,255.1,11.185675,2.0,9.9
1743091669.451000,45.372565,6.581693,1696.300049,268.8,11.636602,1.9,10.0
1743091670.451000,45.372556,6.581531,1691.199951,262.1,14.470999,1.8,10.0
1743091671.451000,45.372534,6.581367,1691.199951,253.2,12.829761,1.5,10.1
1743091672.451000,45.372507,6.581216,1688.265640,254.9,12.609109,1.5,10.3
1743091673.452000,45.372483,6.581051,1685.882311,256.0,13.331492,1.5,10.7
1743091674.452000,45.372471,6.580888,1685.265139,262.6,12.707450,1.5,11.2
1743091675.451000,45.372478,6.580747,1681.840034,267.7,11.128491,2.2,11.6
1743091676.450000,45.372542,6.580636,1681.461112,290.2,10.260683,2.1,11.7
1743091678.451000,45.372672,6.580517,1681.461112,333.0,7.116645,1.9,11.6
1743091681.451000,45.372773,6.580460,1682.950740,324.8,3.581199,2.0,10.6
1743091688.451000,45.372839,6.580370,1683.966164,318.0,0.644730,1.7,4.8
1743091759.451000,45.372940,6.580367,1691.199951,354.7,1.424361,0.9,3.8
1743091767.450000,45.373026,6.580326,1690.199951,311.5,1.062578,0.8,3.8
1743091775.451000,45.373112,6.580254,1690.199951,333.6,1.305278,0.8,3.8
1743091783.451000,45.373195,6.580185,1690.199951,333.7,1.387202,0.7,3.8
1743091790.450000,45.373287,6.580112,1690.199951,340.0,1.790403,0.8,3.8
1743091796.450000,45.373377,6.580104,1690.199951,1.4,1.263456,0.8,3.8
1743091803.449000,45.373459,6.580032,1690.300049,326.0,1.273554,0.7,6.1
1743091807.450000,45.373434,6.579898,1690.300049,263.2,1.402931,0.7,10.8
1743091811.451000,45.373380,6.579791,1690.300049,269.3,2.014061,0.8,10.2
1743091813.450000,45.373274,6.579743,1690.300049,253.5,1.457626,0.7,10.9
1743091826.450000,45.373332,6.579630,1691.800049,325.4,1.170375,0.7,10.9
1743091847.451000,45.373346,6.579501,1691.900024,281.0,0.325182,0.8,16.8
1743091884.359000,45.373437,6.579485,1691.900024,11.2,0.264655,1.0,52.4
1743092001.499000,45.373340,6.579604,1690.898951,126.9,1.113487,0.8,25.1
1743092027.874000,45.373410,6.579504,1690.402538,319.4,0.295819,0.8,56.1
1743092065.906000,45.373324,6.579592,1691.699951,162.2,0.798630,1.6,21.7
1743092070.918000,45.373478,6.579612,1690.870874,13.9,1.117857,0.9,12.9
1743092095.957000,45.373492,6.579743,1692.400024,33.5,0.655521,0.8,9.9
1743092113.782000,45.373474,6.579876,1692.012473,71.6,0.655587,0.8,7.6
1743092129.450000,45.373574,6.579850,1694.055601,337.5,0.977981,1.9,57.9
1743092129.823000,45.373386,6.579798,1693.500000,90.0,0.977431,2.0,57.9
1743092130.160000,45.373379,6.579960,1693.500000,90.1,0.983564,2.0,43.2
1743092279.450000,45.373418,6.579831,1696.411317,331.2,0.458493,1.2,8.0
1743092281.324000,45.373399,6.579959,1696.450905,-1.0,0.019681,1.1,8.6
1743092295.451000,45.373422,6.579789,1692.954433,284.6,2.440207,1.8,9.0
1743092298.450000,45.373402,6.579930,1696.590832,101.9,4.075768,1.1,16.3
1743092318.451000,45.373392,6.580009,1690.699951,61.1,0.000000,1.8,30.7
1743092370.451000,45.373423,6.579785,1690.699951,283.6,2.570262,1.2,19.2
1743092380.451000,45.373403,6.579603,1694.214791,261.9,4.785694,1.4,19.2
1743092384.450000,45.373417,6.579747,1690.699951,81.5,4.939443,1.3,21.5
1743092390.451000,45.373413,6.579881,1690.599976,97.7,3.480550,1.3,16.4
1743092410.450000,45.373421,6.579790,1695.032635,-1.0,0.000000,1.7,12.6
1743092445.335000,45.373385,6.580019,1690.400024,90.0,0.264590,1.2,39.6
1743092445.335000,45.373385,6.580019,1690.400024,90.0,0.264590,1.2,39.6
