1671695607.404000,45.323773,6.538271,1864.300049,-1.0,-1.000000,99.2,64.1
1671695609.408000,45.323774,6.538270,1864.300049,-1.0,0.001530,98.8,61.7
1671695619.480000,45.323538,6.541460,1864.300049,-1.0,-1.000000,44.8,80.3
1671695620.957000,45.323414,6.541114,1864.300049,148.4,0.200646,44.9,76.2
1671695624.494000,45.323347,6.540965,1902.300049,181.0,0.512332,9.0,72.8
1671695625.442000,45.323120,6.540359,1902.300049,54.9,0.439963,9.0,66.7
1671695626.016000,45.323016,6.540081,1902.300049,28.4,0.481827,9.0,62.1
1671695626.521000,45.322952,6.539910,1902.300049,27.4,0.503130,9.0,59.2
1671695627.122000,45.322909,6.539794,1902.300049,350.8,0.499351,8.7,51.7
1671695628.801000,45.322855,6.539638,1902.300049,297.4,0.500637,8.7,39.3
1671695634.161000,45.322807,6.539485,1902.300049,358.9,0.189031,17.3,32.7
1671695649.690000,45.322779,6.539358,1902.300049,272.3,0.185058,16.2,110.0
1671695660.537000,45.322682,6.539333,1864.300049,171.1,1.041538,25.7,32.0
1671695667.525000,45.322635,6.539451,1902.300049,135.7,1.005877,16.0,32.0
1671695684.923000,45.322672,6.539608,1902.300049,63.6,1.214839,21.8,122.4
1671695694.985000,45.323036,6.540406,1902.300049,57.6,5.304579,20.1,98.4
1671695700.037000,45.323388,6.539776,1902.300049,3.3,4.311941,19.9,110.0
1671695703.727000,45.323552,6.539652,1902.300049,355.5,4.451079,19.9,274.9
1671695710.062000,45.323745,6.539544,1902.300049,351.8,4.135572,19.8,116.1
1671695715.101000,45.323862,6.538800,1864.300049,319.3,4.923863,23.0,98.4
1671695720.132000,45.323931,6.538244,1864.300049,306.3,5.390024,21.7,101.2
1671695725.167000,45.323982,6.538013,1864.300049,302.3,4.893984,22.3,116.1
1671695730.184000,45.323986,6.537881,1864.300049,298.4,4.066335,22.4,116.1
1671695733.890000,45.324028,6.537746,1864.300049,297.7,3.876988,22.5,281.8
1671695738.921000,45.324096,6.537550,1864.300049,297.4,3.755893,22.6,506.7
1671695745.261000,45.323541,6.541460,1864.300049,-1.0,-1.000000,22.4,110.0
1671695755.288000,45.323795,6.538115,1864.300049,-1.0,-1.000000,21.3,104.1
1671695800.565000,45.323540,6.541456,1864.300049,-1.0,-1.000000,21.8,116.1
1671695805.595000,45.323792,6.538123,1864.300049,-1.0,-1.000000,21.4,106.6
1671695830.766000,45.323540,6.541459,1864.300049,-1.0,-1.000000,20.8,102.6
1671695839.493000,45.325124,6.539087,1864.300049,-1.0,-1.000000,20.9,232.9
1671695845.834000,45.323981,6.538260,1864.300049,207.0,0.550458,21.5,128.9
1671695850.880000,45.323832,6.538151,1864.300049,207.1,0.772740,21.5,125.6
1671695855.874000,45.323403,6.538204,1864.300049,179.9,3.350336,22.9,126.8
1671695860.892000,45.322332,6.538426,1864.300049,173.6,9.282063,22.3,130.3
1671695865.921000,45.322031,6.538488,1864.300049,173.0,8.260303,22.8,98.4
1671695870.941000,45.321954,6.538662,1864.322840,165.3,6.210206,22.3,128.9
1671695881.005000,45.322037,6.538561,1864.261430,188.2,0.795842,23.3,104.1
1671695886.019000,45.322127,6.538497,1864.465921,322.8,1.027805,22.4,135.6
1671695891.045000,45.322211,6.538450,1864.547593,333.6,1.515147,21.1,98.4
1671695911.163000,45.322754,6.539048,1864.365257,38.7,5.830218,22.7,128.9
1671695916.194000,45.322456,6.538715,1864.222812,39.8,1.332394,22.5,110.0
1671695921.236000,45.322317,6.538558,1864.220279,211.5,0.157904,23.0,87.6
1671695936.322000,45.322239,6.538467,1864.463388,217.7,0.508243,21.5,116.1
1671696031.906000,45.322772,6.539091,1865.628053,39.2,7.443874,44.9,92.9
1671696041.951000,45.322893,6.539212,1865.410411,40.9,3.471187,40.4,82.5
1671696102.275000,45.321996,6.539052,1835.198856,188.4,8.555228,41.8,92.9
1671696107.274000,45.321714,6.538990,1835.735984,188.6,7.312162,41.8,107.7
1671696137.446000,45.322002,6.538905,1835.210145,343.5,2.077103,38.6,121.8
1671696142.532000,45.323360,6.538326,1834.949217,343.4,12.258669,43.0,60.0
1671696145.538000,45.323674,6.538269,1834.283548,346.1,11.126748,41.3,61.0
1671696146.122000,45.323340,6.538437,1834.283548,7.3,0.951470,41.3,61.7
1671696146.721000,45.322651,6.538915,1834.640270,138.8,0.806885,38.5,58.3
1671696147.322000,45.322465,6.539053,1834.640270,104.6,0.673183,38.5,54.6
1671696147.921000,45.322263,6.539205,1835.050413,93.6,0.478889,37.5,45.4
1671696150.321000,45.322174,6.539283,1835.141169,23.4,0.156447,39.8,28.0
1671696166.166000,45.322168,6.539411,1835.133604,48.1,0.116593,26.9,6.0
1671696178.580000,45.322277,6.539432,1864.151143,5.9,1.872433,13.8,9.2
1671696182.166000,45.322370,6.539442,1863.591513,7.1,1.798747,14.6,10.5
1671696188.119000,45.322463,6.539482,1863.689727,19.3,1.584905,13.8,10.3
1671696193.519000,45.322552,6.539545,1863.943280,16.0,1.689908,13.3,10.4
1671696196.517000,45.322650,6.539544,1861.355350,343.7,2.104144,14.5,10.4
1671696199.472000,45.322743,6.539443,1831.208399,296.7,2.680344,19.3,9.6
1671696201.166000,45.322791,6.539325,1860.180281,297.2,3.154916,12.9,8.3
1671696203.477000,45.322846,6.539172,1855.209473,296.2,4.031968,11.3,7.2
1671696205.621000,45.322861,6.538978,1854.179422,257.5,6.718832,11.9,7.5
1671696207.600000,45.322837,6.538809,1852.897569,256.6,5.770434,16.7,8.0
1671696222.281000,45.322764,6.538731,1854.426235,-1.0,0.013599,13.6,5.0
1671696248.433000,45.322688,6.538801,1872.400024,-1.0,0.076339,3.3,10.6
1671696268.615000,45.322599,6.538777,1872.500000,-1.0,0.005827,7.4,9.6
1671696292.705000,45.322589,6.538917,1872.500000,59.5,2.795202,6.9,11.7
1671696293.853000,45.322632,6.539091,1874.432652,59.2,4.033581,7.0,14.8
1671696295.532000,45.322690,6.539258,1879.562723,56.8,4.498257,7.0,18.0
1671696297.332000,45.322754,6.539436,1886.277336,56.6,4.756602,7.0,14.9
1671696299.132000,45.322798,6.539557,1889.521827,56.1,4.423665,7.0,10.0
1671696301.531000,45.322845,6.539665,1895.317579,55.3,4.128572,7.1,8.0
1671696303.617000,45.322907,6.539798,1900.465397,54.1,4.651487,7.0,7.6
1671696305.608000,45.322965,6.539907,1901.602482,52.0,4.915729,7.1,6.9
1671696308.589000,45.323047,6.540059,1903.851834,53.0,5.401739,7.1,6.6
1671696310.601000,45.323106,6.540172,1905.436849,52.8,4.850909,7.2,6.7
1671696313.605000,45.323182,6.540331,1908.918859,53.9,5.259389,7.2,8.4
1671696315.961000,45.323237,6.540436,1910.570597,51.3,4.011211,7.3,9.4
1671696318.211000,45.323298,6.540554,1913.756100,10.5,2.552098,4.6,7.9
1671696321.017000,45.323360,6.540676,1916.514971,47.2,3.901210,7.3,7.3
1671696323.588000,45.323430,6.540851,1919.059499,55.0,5.325601,7.4,7.5
1671696325.607000,45.323482,6.540964,1920.229479,53.0,4.808904,4.4,6.7
1671696328.605000,45.323556,6.541123,1922.488860,54.0,4.757914,7.4,5.2
1671696331.608000,45.323630,6.541267,1924.905952,55.0,4.988578,7.6,5.7
1671696334.602000,45.323703,6.541410,1927.698883,54.0,5.066770,4.6,5.7
1671696337.608000,45.323780,6.541562,1930.069290,53.0,4.791883,8.4,6.0
1671696340.618000,45.323856,6.541715,1934.063233,54.0,4.750785,8.6,6.0
1671696343.614000,45.323932,6.541865,1937.595616,53.0,4.855914,4.7,5.6
1671696346.622000,45.324007,6.542016,1940.687232,53.0,4.944293,8.3,5.2
1671696349.634000,45.324082,6.542167,1944.653669,53.0,4.844107,7.7,6.0
1671696352.064000,45.324142,6.542285,1948.509607,54.0,4.714176,4.4,6.4
1671696354.619000,45.324208,6.542416,1952.414171,54.0,4.828918,6.9,6.3
1671696357.620000,45.324284,6.542567,1957.617238,54.0,4.744997,8.1,6.0
1671696360.628000,45.324356,6.542707,1962.304265,54.0,4.650695,3.9,6.0
1671696363.627000,45.324428,6.542845,1968.093481,54.0,4.536081,7.6,6.0
1671696366.613000,45.324499,6.542978,1973.941460,53.0,4.727243,6.8,5.5
1671696368.594000,45.324553,6.543082,1977.439059,54.0,4.551155,7.5,5.5
1671696371.606000,45.324631,6.543232,1983.519965,54.0,4.574284,3.8,5.3
1671696374.625000,45.324705,6.543372,1990.511778,54.0,4.510087,5.8,4.0
1671696377.606000,45.324776,6.543507,1996.833903,53.0,4.575677,6.8,4.0
1671696380.614000,45.324844,6.543635,2003.863077,54.0,4.468129,4.1,5.0
1671696383.607000,45.324913,6.543775,2010.623437,55.0,4.443594,4.2,5.2
1671696386.608000,45.324979,6.543909,2017.501931,54.0,4.409482,6.7,4.7
1671696389.606000,45.325048,6.544044,2025.286038,53.1,4.371922,6.7,5.7
1671696392.605000,45.325118,6.544179,2030.665354,53.0,4.769645,5.7,6.3
1671696395.603000,45.325192,6.544324,2036.843414,55.0,4.850150,4.3,5.7
1671696398.613000,45.325261,6.544464,2041.790404,54.0,4.984829,7.7,5.6
1671696401.614000,45.325327,6.544600,2047.107922,53.0,4.562725,6.5,6.8
1671696404.606000,45.325394,6.544735,2052.840401,53.0,4.567571,3.7,8.0
1671696407.615000,45.325462,6.544879,2057.866146,55.0,4.471113,6.1,6.8
1671696410.605000,45.325534,6.545027,2063.818720,54.0,4.719678,5.6,6.0
1671696413.609000,45.325611,6.545176,2071.027960,54.0,4.350594,7.4,6.0
1671696416.611000,45.325689,6.545322,2077.873233,53.0,4.544504,6.7,7.2
1671696419.589000,45.325760,6.545464,2083.078512,54.0,4.533183,5.1,7.7
1671696422.075000,45.325818,6.545580,2089.762274,54.0,4.473178,5.6,7.1
1671696424.612000,45.325883,6.545711,2095.829399,53.0,4.250504,7.2,6.5
1671696427.621000,45.325965,6.545875,2103.541858,54.0,4.380141,7.2,6.0
1671696430.614000,45.326027,6.545991,2111.351395,54.0,4.366994,6.8,5.7
1671696433.613000,45.326103,6.546132,2118.846478,53.0,4.289626,3.4,6.0
1671696436.626000,45.326172,6.546264,2126.677798,54.0,4.394522,3.4,6.0
1671696439.595000,45.326245,6.546403,2133.719572,54.0,4.098795,5.1,6.0
1671696442.635000,45.326311,6.546542,2141.918908,54.0,4.384696,6.4,5.0
1671696445.626000,45.326375,6.546662,2150.451538,53.0,4.127931,7.0,4.0
1671696448.625000,45.326440,6.546793,2159.461737,54.0,4.185686,3.5,4.0
1671696451.622000,45.326504,6.546915,2168.126185,55.0,3.946203,3.0,4.0
1671696454.619000,45.326570,6.547052,2176.327009,55.0,4.680867,3.0,4.5
1671696457.632000,45.326650,6.547207,2181.102072,54.0,4.980539,6.5,5.5
1671696460.618000,45.326709,6.547339,2187.433303,58.0,4.369966,6.4,6.0
1671696463.615000,45.326781,6.547480,2194.193605,54.0,4.268829,6.8,5.0
1671696466.680000,45.326856,6.547623,2201.061434,54.0,4.390157,6.0,4.0
1671696469.619000,45.326928,6.547759,2208.348897,54.0,4.688255,3.3,4.0
1671696472.607000,45.326995,6.547892,2215.790553,54.0,4.094123,2.9,4.0
1671696474.631000,45.327052,6.547999,2219.045971,53.0,4.944046,7.1,4.0
1671696477.619000,45.327130,6.548150,2222.535965,54.0,5.065018,6.8,4.0
1671696480.616000,45.327204,6.548294,2226.293070,54.0,4.999380,6.8,4.0
1671696483.626000,45.327285,6.548451,2230.356783,54.0,4.629115,5.4,4.0
1671696486.616000,45.327357,6.548595,2234.682699,55.0,4.625992,5.2,4.0
1671696489.640000,45.327430,6.548745,2239.158120,54.0,4.828261,5.1,4.0
1671696492.621000,45.327500,6.548885,2243.925370,55.0,4.845094,5.0,4.0
1671696495.629000,45.327574,6.549034,2248.657846,53.0,4.772616,7.0,4.0
1671696498.617000,45.327649,6.549184,2253.517966,53.0,4.536694,6.8,4.0
1671696501.618000,45.327724,6.549337,2258.280111,53.0,5.038726,6.7,4.0
1671696504.625000,45.327804,6.549498,2261.272717,54.0,4.903186,5.9,4.0
1671696507.622000,45.327875,6.549644,2264.770150,55.0,4.895404,5.2,4.9
1671696509.625000,45.327928,6.549755,2266.324381,54.0,4.876686,5.0,5.7
1671696512.616000,45.328000,6.549899,2270.283312,54.0,4.918737,5.0,6.0
1671696514.617000,45.328055,6.550007,2272.509046,54.0,4.827432,4.8,5.1
1671696517.626000,45.328125,6.550151,2276.201412,53.0,4.902837,6.5,4.0
1671696519.625000,45.328179,6.550258,2278.420853,54.0,4.787669,7.1,4.0
1671696522.621000,45.328250,6.550400,2283.459233,53.0,4.806488,7.6,4.0
1671696525.631000,45.328336,6.550580,2287.013483,54.0,4.832291,5.0,4.0
1671696528.614000,45.328394,6.550699,2290.579077,55.0,4.796557,4.9,4.0
1671696530.637000,45.328449,6.550807,2293.837213,54.0,4.761437,5.2,4.0
1671696533.619000,45.328514,6.550939,2297.395076,54.0,4.671734,3.3,4.0
1671696535.624000,45.328571,6.551055,2300.928894,55.0,4.990307,4.6,4.0
1671696538.598000,45.328638,6.551199,2304.396650,54.0,4.963993,6.9,4.0
1671696540.624000,45.328697,6.551314,2307.140477,54.0,4.809264,7.1,4.0
1671696543.609000,45.328772,6.551452,2309.921888,54.0,4.854903,6.3,4.0
1671696545.635000,45.328832,6.551567,2312.975728,53.0,4.842339,6.6,4.3
1671696548.596000,45.328902,6.551704,2316.396527,53.0,4.913690,5.5,5.3
1671696550.652000,45.328963,6.551822,2319.592447,54.0,4.828852,5.7,6.0
1671696553.608000,45.329033,6.551951,2324.080006,54.0,4.675922,4.8,5.6
1671696555.642000,45.329090,6.552059,2326.675949,54.0,4.820217,5.0,4.9
1671696558.620000,45.329161,6.552195,2330.804699,54.0,4.748011,5.3,4.0
1671696560.639000,45.329225,6.552320,2333.971188,54.0,4.789259,4.6,4.0
1671696563.619000,45.329291,6.552449,2338.736053,55.0,4.712164,7.2,4.0
1671696565.649000,45.329352,6.552566,2341.465203,54.0,4.868487,7.1,4.0
1671696568.620000,45.329420,6.552700,2344.587169,54.0,4.692278,4.1,4.0
1671696570.627000,45.329483,6.552824,2347.897363,54.0,4.933142,5.3,4.9
1671696573.617000,45.329549,6.552951,2351.532432,53.0,4.900217,6.3,5.4
1671696575.654000,45.329610,6.553072,2355.102565,54.0,4.852886,5.6,4.7
1671696578.622000,45.329675,6.553197,2359.258036,54.0,4.787184,4.8,4.0
1671696580.638000,45.329739,6.553325,2361.790194,55.0,4.767351,4.8,4.0
1671696583.620000,45.329807,6.553462,2366.063763,54.0,4.795981,5.0,4.0
1671696586.621000,45.329881,6.553605,2370.860421,54.0,4.726439,5.1,4.0
1671696589.598000,45.329954,6.553743,2366.778486,53.0,4.707154,2.5,4.0
1671696592.619000,45.330027,6.553888,2371.188750,54.0,4.746130,2.5,4.0
1671696595.621000,45.330103,6.554046,2376.180079,54.0,5.049699,2.5,4.0
1671696597.605000,45.330158,6.554152,2377.432994,54.0,4.736409,2.6,4.0
1671696600.626000,45.330238,6.554307,2381.563901,53.0,4.693095,2.5,4.0
1671696603.623000,45.330314,6.554456,2386.392763,54.0,5.028359,2.5,4.0
1671696605.617000,45.330368,6.554564,2381.785818,54.9,4.833149,2.5,4.2
1671696608.617000,45.330434,6.554700,2392.527336,50.8,2.837786,5.2,5.5
1671696622.615000,45.330512,6.554769,2392.443963,-1.0,0.046500,4.8,6.0
1671696634.616000,45.330597,6.554824,2383.855966,-1.0,0.000000,2.7,4.6
1671696648.627000,45.330500,6.554938,2383.759927,181.0,2.387071,2.5,6.7
1671696651.617000,45.330405,6.554915,2383.903255,215.7,2.623234,2.5,6.7
1671696654.617000,45.330326,6.554843,2383.611405,221.0,2.927804,2.5,6.0
1671696658.626000,45.330231,6.554753,2382.249375,218.0,2.686691,2.5,4.4
1671696662.604000,45.330135,6.554650,2381.059694,222.0,3.685754,2.5,4.0
1671696665.624000,45.330044,6.554532,2379.753170,223.0,4.921159,2.5,4.0
1671696667.616000,45.329970,6.554434,2378.165611,222.0,5.859372,2.5,4.0
1671696669.622000,45.329880,6.554320,2376.736455,222.0,6.524349,2.5,4.0
1671696671.623000,45.329787,6.554200,2373.301580,219.1,7.057875,2.6,4.3
1671696673.620000,45.329678,6.554091,2372.680336,210.1,7.331516,2.5,5.2
1671696675.603000,45.329553,6.554009,2374.168339,206.0,7.675691,2.5,5.3
1671696677.618000,45.329415,6.553938,2372.857536,198.0,8.123691,2.5,5.0
1671696679.629000,45.329267,6.553886,2369.020560,193.0,8.546276,2.5,4.0
1671696681.613000,45.329109,6.553842,2367.674005,192.0,9.027327,2.5,4.3
1671696683.617000,45.328950,6.553796,2364.526267,192.0,9.002023,3.2,5.0
1671696685.618000,45.328794,6.553746,2361.665562,192.9,8.943584,2.5,6.0
1671696687.638000,45.328633,6.553684,2359.372739,195.0,9.260212,2.5,6.0
1671696689.601000,45.328469,6.553640,2360.184932,186.1,9.437088,2.5,5.7
1671696691.611000,45.328296,6.553651,2358.655529,178.0,9.722593,2.5,5.2
1671696693.612000,45.328118,6.553653,2353.288217,176.1,9.847691,2.8,5.3
1671696695.617000,45.327945,6.553689,2350.750689,174.0,10.001494,2.6,5.7
1671696696.620000,45.327851,6.553707,2351.862310,172.1,10.623402,2.5,6.0
1671696697.616000,45.327750,6.553730,2350.168178,171.0,11.523145,2.5,6.0
1671696698.619000,45.327643,6.553748,2349.042359,174.8,11.998203,2.5,6.0
1671696699.615000,45.327532,6.553767,2347.038356,171.0,12.412163,2.5,6.0
1671696700.619000,45.327420,6.553789,2342.045432,172.9,12.477127,2.5,6.0
1671696701.619000,45.327304,6.553798,2339.548817,177.9,13.044643,2.5,6.0
1671696702.622000,45.327185,6.553799,2336.687650,188.9,13.133123,2.5,6.0
1671696703.620000,45.327072,6.553766,2333.685678,196.7,12.156861,2.5,6.0
1671696704.607000,45.326971,6.553714,2329.768700,212.7,11.638197,2.6,6.3
1671696705.621000,45.326903,6.553607,2328.480171,252.9,12.279614,2.6,7.6
1671696706.611000,45.326893,6.553441,2324.712846,263.0,12.790091,2.7,8.3
1671696707.604000,45.326899,6.553269,2321.213610,262.0,12.024843,2.6,9.3
1671696708.605000,45.326893,6.553106,2319.552239,254.5,12.200089,2.5,10.3
1671696709.599000,45.326872,6.552944,2317.260998,248.0,13.007069,2.5,11.3
1671696710.625000,45.326840,6.552768,2315.542681,237.2,12.482096,2.7,11.2
1671696711.585000,45.326787,6.552630,2313.907182,221.4,11.814108,2.8,10.7
1671696712.591000,45.326710,6.552520,2311.867121,209.3,11.704665,2.8,10.0
1671696713.604000,45.326624,6.552443,2310.676068,203.6,10.448836,3.0,9.3
1671696715.595000,45.326492,6.552428,2307.359975,162.0,6.889152,2.7,8.0
1671696717.619000,45.326408,6.552484,2306.745516,160.0,3.478858,2.8,8.0
1671696734.632000,45.326389,6.552623,2305.766913,-1.0,0.000000,2.5,5.3
1671696791.915000,45.326429,6.552764,2302.305359,51.8,2.135691,2.6,6.2
1671696794.315000,45.326483,6.552899,2302.932987,58.8,2.248854,2.7,10.0
1671696796.715000,45.326527,6.553029,2306.612429,67.8,3.178567,2.5,13.8
1671696797.915000,45.326564,6.553151,2307.683568,68.2,3.807768,2.5,13.0
1671696800.235000,45.326617,6.553322,2314.731886,60.8,3.971642,2.5,11.7
1671696802.516000,45.326646,6.553447,2320.056064,66.0,4.427916,2.5,10.5
1671696804.237000,45.326677,6.553578,2321.774758,68.0,4.529787,2.5,10.2
1671696806.516000,45.326710,6.553707,2323.550379,68.4,4.626729,2.4,9.1
1671696809.436000,45.326750,6.553880,2325.139126,70.2,4.640983,2.5,7.8
1671696812.317000,45.326790,6.554050,2328.372908,70.6,4.566513,2.5,9.2
1671696814.716000,45.326821,6.554172,2330.958500,69.0,4.542690,2.4,9.3
1671696817.715000,45.326862,6.554339,2334.449839,69.5,4.540144,2.4,7.8
1671696820.615000,45.326900,6.554500,2338.002387,69.0,4.421587,2.5,6.6
1671696823.616000,45.326939,6.554657,2341.596327,69.0,4.419062,2.4,5.3
1671696826.622000,45.326978,6.554814,2346.244520,69.0,4.664159,2.4,5.3
1671696829.594000,45.327020,6.554978,2348.186744,69.0,4.641651,2.4,5.0
1671696831.626000,45.327052,6.555099,2350.480352,69.0,4.508715,2.4,4.0
1671696834.626000,45.327095,6.555258,2352.607793,69.0,4.583768,2.4,5.2
1671696836.621000,45.327127,6.555382,2354.712063,69.0,4.484115,2.4,5.7
1671696839.613000,45.327167,6.555533,2357.301954,69.0,4.452601,2.5,6.0
1671696841.626000,45.327199,6.555653,2360.723418,69.0,4.516865,2.5,6.0
1671696844.632000,45.327236,6.555802,2362.753475,69.0,4.460645,2.5,4.8
1671696847.677000,45.327278,6.555966,2366.789394,69.0,4.510659,2.5,4.0
1671696850.644000,45.327324,6.556140,2370.496654,70.0,4.461033,2.4,4.0
1671696853.618000,45.327361,6.556283,2374.062731,68.2,4.417168,2.4,4.0
1671696855.626000,45.327394,6.556410,2377.295304,69.0,4.687173,2.4,4.0
1671696858.609000,45.327433,6.556552,2379.874281,69.0,4.566438,2.4,4.0
1671696860.620000,45.327466,6.556673,2381.351527,69.0,4.460485,2.5,4.0
1671696863.605000,45.327509,6.556831,2383.831675,69.0,4.511776,2.5,4.0
1671696865.913000,45.327548,6.556966,2385.998002,69.1,4.467603,2.5,4.3
1671696869.513000,45.327593,6.557137,2392.947681,69.0,4.339004,2.4,6.1
1671696872.512000,45.327632,6.557289,2397.506355,69.2,4.220994,2.4,7.8
1671696875.512000,45.327668,6.557444,2404.787219,71.9,4.230925,2.4,9.3
1671696878.511000,45.327711,6.557592,2411.162107,67.5,4.143413,2.4,8.3
1671696881.607000,45.327751,6.557745,2416.760474,68.0,4.140373,2.4,8.3
1671696884.633000,45.327792,6.557899,2423.720842,69.0,4.099431,2.5,6.2
1671696887.600000,45.327831,6.558046,2431.778699,70.0,4.084177,2.5,5.3
1671696890.593000,45.327868,6.558190,2438.643433,69.0,4.064978,2.5,6.0
1671696893.609000,45.327907,6.558334,2446.631103,69.0,3.969542,2.6,5.3
1671696896.618000,45.327942,6.558475,2453.928039,69.0,3.953019,2.5,4.0
1671696899.616000,45.327979,6.558615,2460.707576,69.1,4.872574,2.5,4.0
1671696902.614000,45.328020,6.558778,2465.445042,69.1,4.804323,2.5,4.3
1671696905.625000,45.328061,6.558938,2466.243361,70.0,4.512856,2.5,4.0
1671696908.613000,45.328103,6.559100,2466.869628,70.0,4.370542,2.5,4.0
1671696911.623000,45.328144,6.559267,2467.716596,69.0,4.420212,2.5,4.0
1671696914.619000,45.328185,6.559430,2468.714375,69.0,4.517055,2.5,4.7
1671696917.605000,45.328228,6.559593,2470.309782,70.0,4.572489,2.6,5.7
1671696920.612000,45.328271,6.559757,2471.703016,69.0,4.664474,2.5,6.0
1671696923.595000,45.328315,6.559923,2472.698682,69.0,4.524535,2.5,5.7
1671696926.623000,45.328356,6.560086,2473.694719,69.0,4.533264,2.5,4.7
1671696929.601000,45.328398,6.560250,2475.750050,69.0,4.606225,2.5,4.7
1671696931.610000,45.328430,6.560372,2477.556285,69.0,4.520931,2.5,5.1
1671696934.602000,45.328468,6.560521,2480.783356,69.0,4.499410,2.5,4.4
1671696936.609000,45.328500,6.560642,2481.587548,69.0,4.550805,2.4,4.6
1671696939.594000,45.328539,6.560792,2484.269857,69.0,4.521811,2.4,4.7
1671696942.601000,45.328583,6.560960,2486.554006,69.0,4.514961,2.4,4.0
1671696945.605000,45.328631,6.561142,2490.903942,69.0,4.451813,2.4,4.3
1671696948.623000,45.328669,6.561289,2492.063447,69.0,4.512831,2.5,5.3
1671696950.628000,45.328701,6.561416,2491.940592,69.0,4.677007,2.6,5.7
1671696953.634000,45.328734,6.561544,2493.745323,69.0,4.638728,2.5,4.4
1671696955.639000,45.328773,6.561695,2494.957853,69.0,4.590058,2.4,4.0
1671696958.623000,45.328812,6.561841,2497.082487,68.0,4.596264,2.4,4.0
1671696961.682000,45.328850,6.561983,2499.537983,69.0,4.488787,2.4,4.0
1671696964.616000,45.328896,6.562160,2502.172753,69.0,4.461941,2.4,4.0
1671696967.623000,45.328937,6.562322,2507.416772,69.0,4.395626,2.4,4.6
1671696970.625000,45.328978,6.562480,2511.159347,69.0,4.400883,2.4,5.8
1671696973.622000,45.329019,6.562647,2515.961977,69.0,4.406468,2.5,6.0
1671696976.629000,45.329057,6.562808,2519.880388,69.0,4.283872,2.5,6.0
1671696979.603000,45.329094,6.562957,2525.386477,70.0,4.278753,2.4,6.0
1671696982.670000,45.329134,6.563104,2531.119174,70.0,4.342411,2.4,6.0
1671696985.615000,45.329175,6.563257,2535.167811,69.0,4.282370,2.4,6.0
1671696988.629000,45.329215,6.563413,2541.072786,69.0,4.242325,2.4,4.8
1671696991.620000,45.329260,6.563576,2546.896404,69.0,4.319751,2.4,4.0
1671696994.608000,45.329303,6.563732,2549.267232,69.0,4.431355,2.5,4.0
1671696997.604000,45.329344,6.563885,2553.377209,69.0,4.480390,2.6,4.0
1671697000.618000,45.329385,6.564046,2558.320979,69.0,4.403811,2.5,4.0
1671697003.609000,45.329429,6.564214,2562.928179,69.1,4.425651,2.5,4.6
1671697006.627000,45.329474,6.564392,2567.325230,68.0,4.719640,2.5,5.7
1671697009.606000,45.329512,6.564531,2567.807853,69.0,4.581913,2.4,6.0
1671697012.617000,45.329554,6.564691,2570.685203,69.0,4.567824,2.4,6.0
1671697015.640000,45.329594,6.564847,2572.322808,69.0,4.621614,2.4,5.2
1671697018.601000,45.329635,6.565015,2574.993884,70.0,4.615129,2.4,4.6
1671697021.636000,45.329682,6.565196,2576.654576,69.0,4.604569,2.5,4.2
1671697024.621000,45.329724,6.565351,2580.069822,69.0,4.591534,2.5,3.9
1671697027.611000,45.329769,6.565495,2581.548938,69.0,4.590402,2.5,3.9
1671697029.682000,45.329807,6.565618,2585.265302,68.0,4.585096,2.5,4.0
1671697031.634000,45.329842,6.565737,2587.213888,69.0,4.581756,2.5,4.0
1671697034.619000,45.329878,6.565866,2589.824807,69.0,4.574381,2.4,3.8
1671697037.595000,45.329923,6.566039,2594.760946,70.0,4.529476,2.5,3.7
1671697040.600000,45.329968,6.566195,2600.313798,69.0,4.459215,2.5,3.8
1671697043.615000,45.330008,6.566357,2607.194163,70.0,4.397414,2.5,3.7
1671697046.601000,45.330045,6.566509,2612.958442,69.0,4.353280,2.5,3.8
1671697049.588000,45.330084,6.566659,2618.402754,69.0,4.308034,2.5,3.9
1671697052.614000,45.330119,6.566809,2625.229908,70.0,4.266194,2.5,3.5
1671697055.625000,45.330154,6.566958,2631.271420,70.0,4.235712,2.4,3.5
1671697058.615000,45.330192,6.567108,2638.294913,69.0,4.202569,2.4,3.9
1671697061.625000,45.330227,6.567255,2645.808132,70.0,4.163241,2.4,3.7
1671697064.635000,45.330265,6.567414,2650.778293,70.0,4.227540,2.4,3.7
1671697067.633000,45.330308,6.567577,2655.208495,69.0,4.294580,2.4,3.8
1671697070.621000,45.330351,6.567718,2658.753504,70.0,4.334141,2.4,3.8
1671697073.609000,45.330397,6.567879,2662.700997,70.0,4.352907,2.6,3.6
1671697076.608000,45.330439,6.568038,2667.934026,69.0,4.362270,2.5,3.3
1671697079.619000,45.330482,6.568203,2671.709563,69.0,4.366971,2.4,3.3
1671697082.623000,45.330525,6.568376,2675.759743,73.9,4.366003,2.4,3.9
1671697085.600000,45.330560,6.568517,2680.940081,69.0,4.396057,2.4,3.2
1671697087.617000,45.330594,6.568646,2683.494721,69.0,4.410793,2.4,3.2
1671697090.611000,45.330632,6.568790,2686.119564,70.0,4.427547,2.4,3.1
1671697093.604000,45.330673,6.568945,2689.804021,69.0,4.430315,2.4,2.3
1671697096.600000,45.330714,6.569104,2693.669606,69.0,4.433564,2.4,2.3
1671697099.611000,45.330755,6.569262,2698.638537,69.0,4.430495,2.4,3.4
1671697102.607000,45.330797,6.569419,2702.133895,69.0,4.424052,2.4,3.9
1671697105.602000,45.330838,6.569577,2706.854785,69.0,4.416869,2.4,3.9
1671697108.614000,45.330881,6.569734,2711.815730,70.0,4.397803,2.5,3.5
1671697111.586000,45.330921,6.569890,2716.645376,69.0,4.383308,2.4,3.6
1671697114.595000,45.330960,6.570046,2722.491567,70.0,4.372770,2.4,3.9
1671697116.622000,45.330990,6.570169,2727.455939,69.0,4.367858,2.4,3.6
1671697119.595000,45.331026,6.570308,2733.333577,69.0,4.327754,2.4,3.5
1671697122.601000,45.331068,6.570464,2737.858194,69.0,4.306946,2.4,3.8
1671697125.641000,45.331112,6.570627,2745.467647,69.0,4.296201,2.4,3.8
1671697128.605000,45.331148,6.570768,2751.620190,70.0,4.285366,2.5,3.6
1671697131.615000,45.331194,6.570919,2756.942430,67.0,4.242979,2.5,3.8
1671697135.633000,45.331242,6.571060,2757.721713,57.0,3.754348,2.5,4.0
1671697141.617000,45.331269,6.571184,2757.838515,70.9,2.677451,2.4,5.2
1671697145.606000,45.331167,6.571258,2754.570727,164.0,2.496791,2.4,4.4
1671697148.608000,45.331053,6.571319,2755.311490,167.0,2.866913,2.4,4.0
1671697150.599000,45.330961,6.571330,2755.293469,179.0,3.305520,2.4,4.0
1671697152.601000,45.330834,6.571328,2752.315218,184.0,6.893979,2.4,4.0
1671697154.595000,45.330686,6.571300,2750.542924,188.0,7.660296,2.4,4.0
1671697156.607000,45.330544,6.571254,2748.396020,196.0,8.091349,2.4,4.0
1671697158.608000,45.330402,6.571196,2743.450080,194.0,8.811953,2.4,4.0
1671697160.611000,45.330236,6.571136,2742.501349,191.0,9.935527,2.4,4.0
1671697161.607000,45.330144,6.571104,2738.324461,195.0,10.572370,2.5,4.0
1671697162.613000,45.330051,6.571066,2736.626900,192.2,11.288184,2.6,4.0
1671697163.603000,45.329949,6.571034,2729.839095,192.0,11.552814,2.5,4.0
1671697164.602000,45.329848,6.571000,2729.034836,194.0,11.688944,2.5,4.0
1671697165.597000,45.329747,6.570964,2728.576958,193.0,11.600564,2.5,4.0
1671697166.600000,45.329646,6.570932,2725.967706,192.0,11.553391,2.4,4.0
1671697167.608000,45.329544,6.570902,2720.426184,191.0,11.441569,2.4,4.0
1671697168.590000,45.329446,6.570878,2721.672607,189.0,11.029123,2.6,4.0
1671697169.596000,45.329353,6.570856,2717.594693,189.0,10.348621,2.5,4.0
1671697171.599000,45.329182,6.570812,2716.356020,188.0,9.333914,2.5,4.0
1671697173.603000,45.329024,6.570790,2713.924622,183.0,8.498742,2.4,4.0
1671697175.601000,45.328889,6.570782,2713.137365,183.0,7.218197,2.4,4.0
1671697177.619000,45.328758,6.570770,2712.464802,182.0,7.585715,2.4,4.4
1671697179.601000,45.328607,6.570761,2710.164816,183.0,9.073441,2.4,5.0
1671697181.593000,45.328426,6.570736,2705.752155,186.0,10.277653,2.4,5.3
1671697182.609000,45.328330,6.570719,2704.651825,186.0,10.628520,2.4,5.3
1671697183.607000,45.328234,6.570703,2702.283475,186.0,10.850528,2.4,4.8
1671697184.607000,45.328135,6.570683,2700.874875,189.0,11.030568,2.4,4.4
1671697185.609000,45.328037,6.570654,2699.646163,192.0,11.103591,2.4,4.3
1671697186.603000,45.327940,6.570615,2698.059951,196.0,11.124744,2.4,4.0
1671697187.628000,45.327849,6.570553,2697.447453,207.3,11.121888,2.4,4.0
1671697188.622000,45.327777,6.570451,2695.719906,226.5,11.300411,2.4,4.0
1671697189.614000,45.327716,6.570337,2693.158335,252.9,11.385272,2.4,4.4
1671697190.622000,45.327722,6.570186,2690.553538,267.2,11.816978,2.4,4.8
1671697191.606000,45.327769,6.570030,2686.603190,287.7,12.402952,2.4,5.2
1671697192.607000,45.327823,6.569874,2685.235574,291.0,12.706008,2.4,5.3
1671697193.603000,45.327882,6.569727,2682.435689,300.8,12.743746,2.4,5.7
1671697194.604000,45.327953,6.569589,2680.614039,301.0,12.927814,2.4,6.0
1671697195.607000,45.328010,6.569441,2677.022393,293.1,13.080461,2.4,6.0
1671697196.600000,45.328062,6.569285,2674.333255,296.6,13.447302,2.4,6.0
1671697197.609000,45.328135,6.569143,2673.142510,306.9,13.314894,2.4,5.6
1671697198.612000,45.328212,6.569000,2672.399019,304.2,14.143834,2.4,5.6
1671697199.606000,45.328268,6.568847,2668.247212,292.0,12.850543,2.4,5.6
1671697200.595000,45.328285,6.568687,2666.366909,276.5,12.895243,2.4,5.7
1671697201.601000,45.328265,6.568524,2664.545908,258.9,12.293275,2.4,5.6
1671697202.618000,45.328214,6.568381,2664.626025,242.9,11.970838,2.5,6.0
1671697203.614000,45.328154,6.568252,2659.735048,217.7,12.083290,2.5,6.0
1671697204.606000,45.328054,6.568165,2656.280389,210.9,13.232409,2.5,6.0
1671697205.614000,45.327933,6.568096,2654.090820,200.1,14.308968,2.5,6.0
1671697206.614000,45.327801,6.568056,2648.003188,192.2,14.861086,2.4,6.0
1671697207.606000,45.327667,6.568030,2642.484292,184.0,15.903292,2.4,6.0
1671697208.605000,45.327519,6.568008,2636.105791,186.0,16.406672,2.4,6.0
1671697209.608000,45.327370,6.567981,2631.756455,198.8,16.741442,2.4,6.0
1671697210.602000,45.327228,6.567898,2628.213824,203.0,16.475040,2.4,6.0
1671697211.597000,45.327086,6.567814,2624.558166,201.0,16.442909,2.4,6.0
1671697212.601000,45.326945,6.567728,2618.894999,201.0,16.407341,2.4,6.0
1671697213.601000,45.326808,6.567642,2616.447687,207.7,15.900167,2.4,6.0
1671697214.601000,45.326691,6.567522,2611.312668,229.6,15.784087,2.4,6.3
1671697215.612000,45.326614,6.567363,2608.605940,241.8,14.703288,2.4,6.8
1671697216.598000,45.326582,6.567177,2606.951414,253.8,15.038445,2.4,7.2
1671697217.603000,45.326550,6.566987,2602.981047,246.4,14.329245,2.4,7.6
1671697218.602000,45.326505,6.566817,2595.537161,232.1,12.536566,2.4,8.0
1671697219.595000,45.326450,6.566700,2590.706406,242.4,10.145730,2.4,7.7
1671697221.586000,45.326427,6.566485,2582.851583,270.0,9.428041,2.4,7.0
1671697222.586000,45.326433,6.566337,2580.135544,267.0,11.792452,2.4,6.7
1671697223.599000,45.326432,6.566172,2578.539048,267.0,13.918626,2.4,6.7
1671697224.601000,45.326444,6.565978,2575.651601,274.8,14.584902,2.4,6.8
1671697225.583000,45.326489,6.565780,2573.696648,276.4,14.653815,2.4,6.7
1671697226.595000,45.326561,6.565591,2568.716713,296.3,15.654964,2.4,6.8
1671697227.606000,45.326652,6.565420,2563.769850,302.8,15.850626,2.4,6.8
1671697228.606000,45.326751,6.565265,2561.013839,318.8,15.307856,2.4,6.4
1671697229.592000,45.326862,6.565144,2557.110999,319.0,14.898266,2.4,6.3
1671697230.607000,45.326964,6.565022,2553.246045,316.0,14.422161,2.4,6.0
1671697231.599000,45.327056,6.564891,2549.669446,312.0,14.334519,2.5,6.0
1671697232.602000,45.327146,6.564758,2548.190016,312.0,13.778099,2.4,6.0
1671697233.601000,45.327230,6.564625,2547.014722,309.0,13.941031,2.5,5.7
1671697234.610000,45.327305,6.564487,2543.103019,308.0,13.452702,2.5,5.6
1671697235.602000,45.327376,6.564350,2540.220782,305.0,13.363035,2.4,5.7
1671697236.622000,45.327444,6.564211,2539.286112,306.0,12.909359,2.4,5.6
1671697237.605000,45.327513,6.564084,2536.765785,308.0,12.454695,2.4,5.6
1671697238.607000,45.327587,6.563966,2535.510167,311.9,12.335337,2.4,6.0
1671697239.606000,45.327668,6.563857,2534.183785,315.9,12.416838,2.5,6.0
1671697240.596000,45.327753,6.563751,2532.742257,322.8,12.513543,2.5,6.0
1671697241.601000,45.327847,6.563660,2531.258357,325.0,12.123522,2.4,6.0
1671697242.632000,45.327939,6.563574,2528.990249,325.0,11.905577,2.4,5.6
1671697243.598000,45.328025,6.563490,2525.914274,323.0,11.575696,2.4,5.3
1671697244.601000,45.328106,6.563401,2523.964826,321.0,11.244733,2.5,5.0
1671697245.599000,45.328182,6.563312,2522.485191,319.0,10.870996,2.6,4.4
1671697246.598000,45.328255,6.563223,2521.411546,319.0,10.742720,2.6,4.3
1671697247.605000,45.328329,6.563136,2520.049637,320.0,10.631598,2.4,4.0
1671697248.594000,45.328403,6.563052,2518.654727,320.0,10.526940,2.5,4.0
1671697249.607000,45.328474,6.562967,2517.629314,320.0,10.009667,2.4,4.4
1671697251.605000,45.328608,6.562812,2516.794586,320.0,9.445711,2.4,5.2
1671697253.600000,45.328733,6.562653,2514.285479,318.0,9.824652,2.4,5.6
1671697254.608000,45.328803,6.562564,2513.059932,317.0,10.550597,2.4,5.2
1671697255.603000,45.328871,6.562462,2510.408895,311.5,11.255905,2.4,5.3
1671697256.598000,45.328941,6.562337,2508.124140,309.0,12.308287,2.4,5.3
1671697257.603000,45.329016,6.562191,2504.445076,306.2,13.971585,2.4,5.3
1671697258.595000,45.329092,6.562035,2499.299018,304.0,14.372502,2.4,5.3
1671697259.605000,45.329143,6.561858,2495.807384,285.9,14.850062,2.4,5.7
1671697260.612000,45.329134,6.561668,2492.002952,254.9,15.040517,2.4,6.0
1671697261.606000,45.329091,6.561487,2490.791578,247.5,14.048279,2.5,6.0
1671697262.605000,45.329020,6.561349,2488.885423,234.1,12.994760,2.4,6.0
1671697263.611000,45.328930,6.561235,2486.725441,224.5,13.307807,2.4,6.0
1671697264.610000,45.328837,6.561122,2485.572619,227.8,13.057095,2.4,6.0
1671697265.608000,45.328751,6.561002,2485.116958,227.1,13.155382,2.5,6.0
1671697266.606000,45.328664,6.560878,2481.866325,227.0,13.426922,2.5,6.0
1671697267.608000,45.328578,6.560749,2479.072640,231.8,13.533145,2.6,6.0
1671697268.604000,45.328505,6.560607,2473.973392,240.0,13.905965,2.5,6.0
1671697269.610000,45.328444,6.560452,2471.074386,239.1,13.915525,2.5,6.0
1671697270.609000,45.328369,6.560298,2466.842280,233.3,14.799081,2.6,6.0
1671697271.606000,45.328290,6.560144,2462.508418,234.5,14.906496,2.7,6.0
1671697272.601000,45.328213,6.559985,2460.517872,233.2,14.853871,2.7,6.0
1671697273.599000,45.328132,6.559833,2456.885220,224.9,14.716743,2.8,6.0
1671697274.618000,45.328028,6.559708,2451.935129,224.1,14.774529,2.5,6.0
1671697275.602000,45.327909,6.559612,2449.353303,218.3,15.396904,2.5,6.0
1671697276.603000,45.327780,6.559551,2445.927940,204.6,14.641937,2.5,6.0
1671697277.608000,45.327652,6.559482,2444.292231,204.1,14.207914,2.4,6.0
1671697278.593000,45.327532,6.559415,2440.662592,200.1,14.320769,2.5,6.0
1671697279.590000,45.327402,6.559368,2436.633510,194.6,14.941285,2.5,6.0
1671697280.613000,45.327271,6.559315,2432.883912,209.0,14.023288,2.4,6.0
1671697281.599000,45.327167,6.559231,2429.893107,221.6,13.190858,2.5,6.0
1671697282.589000,45.327087,6.559117,2428.562512,234.2,12.786201,2.5,6.0
1671697283.591000,45.327039,6.558971,2426.371190,269.9,14.175018,2.5,6.3
1671697284.607000,45.327055,6.558774,2423.143557,274.9,15.232970,2.5,6.8
1671697285.613000,45.327080,6.558571,2420.666490,266.4,14.518513,2.5,7.0
1671697286.599000,45.327080,6.558379,2414.448371,255.4,14.935234,2.5,7.3
1671697287.601000,45.327050,6.558188,2409.849201,256.0,16.302603,2.5,7.6
1671697288.596000,45.327019,6.557984,2406.289712,272.7,17.516447,2.4,7.2
1671697289.605000,45.327032,6.557756,2400.035969,274.9,17.877714,2.4,7.3
1671697290.611000,45.327048,6.557523,2394.509971,267.5,17.854412,2.4,7.3
1671697291.616000,45.327037,6.557283,2388.188236,265.0,18.334017,2.4,7.2
1671697292.601000,45.327023,6.557038,2381.899879,271.2,18.361959,2.5,7.3
1671697293.596000,45.327040,6.556784,2378.560708,275.9,17.341297,2.6,7.7
1671697294.605000,45.327057,6.556537,2374.875381,261.4,16.615526,2.5,8.0
1671697295.606000,45.327025,6.556309,2368.742569,255.1,16.334827,2.5,8.0
1671697296.605000,45.326978,6.556099,2365.645852,253.0,15.810699,2.6,8.0
1671697297.610000,45.326928,6.555905,2365.412429,259.0,15.859488,2.7,8.0
1671697298.611000,45.326894,6.555707,2362.720146,263.0,15.944456,2.8,8.0
1671697299.603000,45.326869,6.555505,2360.480002,252.2,16.595619,2.5,8.0
1671697300.602000,45.326816,6.555296,2353.784803,243.2,17.952431,2.7,8.0
1671697301.617000,45.326742,6.555079,2346.310352,253.5,18.399506,2.4,8.0
1671697302.608000,45.326703,6.554844,2343.463383,264.7,17.382021,2.7,8.0
1671697303.622000,45.326698,6.554614,2338.054576,265.0,17.039665,2.5,8.0
1671697304.605000,45.326686,6.554398,2333.070229,258.5,16.800766,2.5,8.0
1671697305.599000,45.326663,6.554189,2328.382868,265.6,16.322866,2.5,8.0
1671697306.603000,45.326666,6.553978,2326.709921,278.0,16.069756,2.4,8.0
1671697307.607000,45.326694,6.553772,2322.956436,283.5,14.818814,2.5,8.0
1671697308.610000,45.326741,6.553610,2320.024397,290.6,12.771543,2.7,8.0
1671697309.616000,45.326791,6.553470,2318.654510,296.0,11.047884,2.7,8.0
1671697310.614000,45.326834,6.553351,2318.282938,289.0,11.047723,2.5,8.0
1671697311.609000,45.326866,6.553222,2317.497184,289.0,10.841929,2.5,8.0
1671697312.616000,45.326893,6.553100,2317.490019,287.0,10.498048,2.5,7.6
1671697314.630000,45.326915,6.552848,2313.280642,271.3,10.336823,2.4,6.8
1671697315.617000,45.326901,6.552722,2310.540717,260.2,10.501266,2.4,6.4
1671697316.606000,45.326862,6.552602,2309.103994,245.4,10.618273,2.4,6.0
1671697317.604000,45.326797,6.552501,2307.074484,229.5,10.196116,2.4,5.3
1671697319.622000,45.326637,6.552385,2305.694480,196.9,9.874877,2.5,5.3
1671697321.598000,45.326478,6.552400,2303.824271,166.0,8.077861,2.5,5.3
1671697323.602000,45.326393,6.552476,2302.758969,-1.0,0.027584,2.6,6.7
1671697333.522000,45.326387,6.552625,2299.677199,-1.0,0.001637,2.5,10.7
1671697361.981000,45.326410,6.552761,2299.982764,39.6,1.828254,3.2,5.8
1671697364.382000,45.326501,6.552892,2300.165439,28.7,3.361347,2.9,9.4
1671697367.326000,45.326552,6.553047,2304.207630,56.6,2.008772,2.5,13.4
1671697369.624000,45.326589,6.553206,2309.644807,65.9,3.282320,2.6,12.3
1671697371.423000,45.326616,6.553338,2313.716778,68.7,3.628947,2.9,10.2
1671697373.703000,45.326643,6.553462,2317.137360,69.5,3.948620,2.7,8.0
1671697376.522000,45.326684,6.553613,2319.694805,69.0,3.935687,2.8,7.8
1671697379.523000,45.326724,6.553767,2322.515463,69.2,4.010617,2.5,9.3
1671697382.522000,45.326759,6.553908,2325.419393,70.0,3.946640,2.8,7.9
1671697385.522000,45.326798,6.554058,2327.411472,69.4,3.993060,2.7,7.1
1671697388.620000,45.326838,6.554207,2331.362223,70.0,3.909954,3.0,7.6
1671697391.610000,45.326876,6.554356,2334.624067,70.8,3.998258,2.5,6.3
1671697394.608000,45.326913,6.554499,2337.802147,69.0,3.906983,2.5,4.0
1671697397.613000,45.326951,6.554642,2340.181032,69.0,3.966323,2.6,4.0
1671697400.617000,45.326989,6.554790,2342.879505,68.0,4.135206,2.5,5.2
1671697403.594000,45.327033,6.554935,2345.022158,69.0,4.044162,2.6,5.3
1671697406.608000,45.327068,6.555076,2348.441251,69.0,4.077388,2.7,4.6
1671697409.628000,45.327105,6.555230,2351.569079,70.0,4.029696,2.5,5.7
1671697412.603000,45.327140,6.555364,2353.417225,69.0,3.996686,2.6,5.1
1671697415.627000,45.327178,6.555512,2354.967200,69.0,4.058650,2.5,5.3
1671697418.619000,45.327211,6.555642,2357.784354,70.0,4.131392,2.5,6.0
1671697421.616000,45.327251,6.555798,2360.863293,68.0,3.852439,2.5,5.7
1671697424.636000,45.327291,6.555949,2363.815138,69.0,4.005364,2.4,4.3
1671697427.622000,45.327326,6.556084,2366.881532,70.0,3.949199,2.5,4.0
1671697430.601000,45.327364,6.556224,2369.734428,69.0,3.818112,2.5,4.7
1671697433.603000,45.327401,6.556360,2373.535499,70.0,4.128002,2.4,5.0
1671697436.596000,45.327443,6.556514,2375.849891,69.0,4.045401,2.6,5.2
1671697439.613000,45.327477,6.556640,2378.662602,69.0,4.072498,2.4,6.0
1671697442.606000,45.327517,6.556789,2381.673122,69.0,3.995844,2.5,6.0
1671697445.603000,45.327555,6.556932,2383.931034,69.1,4.041830,2.6,5.2
1671697448.599000,45.327592,6.557078,2386.679111,70.0,3.796913,2.8,4.5
1671697451.593000,45.327632,6.557224,2393.294183,69.0,3.645133,2.5,5.0
1671697454.608000,45.327669,6.557360,2398.435652,69.0,3.715792,2.4,4.4
1671697457.596000,45.327703,6.557489,2403.002434,70.0,3.697914,2.4,4.0
1671697460.602000,45.327739,6.557623,2408.802040,70.0,3.616836,2.5,4.0
1671697463.606000,45.327776,6.557757,2414.990951,70.0,3.700313,2.5,4.3
1671697466.603000,45.327812,6.557890,2420.717934,69.0,3.649432,2.5,5.6
1671697469.606000,45.327846,6.558023,2427.934867,69.0,3.580212,2.4,4.8
1671697472.622000,45.327882,6.558151,2434.717119,68.0,3.648402,2.4,4.0
1671697475.613000,45.327916,6.558278,2440.909888,69.0,3.564096,2.5,4.0
1671697478.613000,45.327949,6.558404,2447.489498,69.0,3.585377,2.6,4.0
1671697481.613000,45.327981,6.558526,2454.796235,69.1,3.086274,2.7,5.2
1671697484.607000,45.328016,6.558660,2460.152215,69.5,3.756510,2.4,6.0
1671697487.613000,45.328048,6.558799,2463.119375,68.0,4.290454,2.5,5.5
1671697490.622000,45.328084,6.558946,2463.851362,68.0,4.338052,2.5,4.4
1671697493.614000,45.328119,6.559088,2464.736389,69.1,4.197167,2.5,4.0
1671697496.610000,45.328155,6.559231,2465.395316,70.0,4.150732,2.5,4.0
1671697499.611000,45.328193,6.559378,2466.574451,69.0,4.044699,2.5,4.0
1671697502.618000,45.328232,6.559527,2467.803957,69.9,4.054922,2.5,5.0
1671697505.618000,45.328269,6.559671,2468.562296,69.0,4.096144,2.5,6.0
1671697508.630000,45.328307,6.559819,2470.599440,67.1,4.067472,2.8,5.6
1671697511.627000,45.328346,6.559965,2470.828102,70.1,4.115340,2.8,4.4
1671697514.612000,45.328385,6.560111,2473.111121,70.0,4.026324,2.5,4.0
1671697517.611000,45.328423,6.560256,2474.626695,69.0,3.991743,2.5,4.0
1671697520.601000,45.328462,6.560404,2476.316162,71.0,4.075342,2.4,4.0
1671697523.593000,45.328498,6.560546,2478.983872,68.0,4.047858,2.6,4.0
1671697526.611000,45.328536,6.560690,2481.851831,68.0,4.015974,2.5,4.0
1671697529.598000,45.328578,6.560847,2483.311923,69.0,4.053861,2.4,4.3
1671697532.604000,45.328612,6.560981,2486.921055,69.0,3.986821,2.5,4.3
1671697535.597000,45.328644,6.561105,2489.444715,69.0,3.946863,2.5,4.0
1671697538.607000,45.328688,6.561267,2489.851598,69.0,4.087570,2.9,4.8
1671697541.607000,45.328726,6.561418,2491.624123,69.0,4.028215,2.5,5.3
1671697544.604000,45.328761,6.561554,2492.715316,69.0,4.110831,2.5,4.2
1671697547.594000,45.328799,6.561705,2493.735522,68.0,4.060648,2.4,4.0
1671697550.620000,45.328838,6.561860,2495.441327,69.0,4.053527,2.4,4.2
1671697553.605000,45.328870,6.561988,2498.091561,71.0,3.933715,2.6,4.8
1671697556.605000,45.328907,6.562137,2499.991370,69.0,3.926605,2.6,4.8
1671697559.604000,45.328945,6.562278,2503.859857,70.0,3.886096,2.4,4.9
1671697562.609000,45.328985,6.562414,2508.210309,69.0,3.851342,2.4,4.0
1671697565.629000,45.329023,6.562556,2512.702676,68.0,3.868887,2.6,4.0
1671697568.619000,45.329061,6.562702,2516.444844,68.0,3.884179,2.8,4.0
1671697571.622000,45.329097,6.562842,2520.941475,69.0,3.834788,2.5,4.0
1671697574.651000,45.329135,6.562981,2525.100251,70.0,3.802684,2.4,4.0
1671697577.638000,45.329172,6.563119,2529.626726,70.0,3.832829,2.4,4.4
1671697580.618000,45.329209,6.563258,2534.048391,69.0,3.905380,2.5,4.3
1671697583.603000,45.329241,6.563394,2539.667287,69.0,3.752741,2.5,4.0
1671697586.610000,45.329276,6.563532,2544.237412,69.0,4.122993,2.4,4.6
1671697589.603000,45.329311,6.563674,2547.997635,69.1,4.048413,2.5,5.3
1671697592.596000,45.329348,6.563815,2551.053969,70.0,3.992921,2.4,4.7
1671697595.605000,45.329384,6.563958,2554.455703,69.0,3.955871,2.5,4.0
1671697598.607000,45.329421,6.564100,2557.664177,69.0,3.904954,2.5,4.0
1671697601.608000,45.329453,6.564227,2561.244850,69.8,3.987432,2.5,4.3
1671697604.603000,45.329493,6.564386,2564.505301,69.0,3.973155,2.5,5.1
1671697607.601000,45.329531,6.564531,2564.874211,69.0,4.015804,2.5,5.7
1671697610.618000,45.329570,6.564677,2568.881156,68.0,4.117566,2.5,4.8
1671697613.603000,45.329609,6.564821,2570.040960,68.0,4.023293,2.5,4.0
1671697616.597000,45.329646,6.564963,2572.161084,69.0,4.101351,2.4,4.0
1671697619.595000,45.329687,6.565107,2573.885786,69.0,4.090633,2.4,4.0
1671697622.607000,45.329729,6.565251,2575.404138,69.0,3.985595,2.5,5.2
1671697625.595000,45.329766,6.565391,2577.800822,68.0,3.996448,2.5,5.0
1671697628.608000,45.329800,6.565522,2581.512821,69.0,3.997950,2.5,3.9
1671697631.600000,45.329842,6.565679,2584.242065,70.0,4.000212,2.5,3.9
1671697634.599000,45.329883,6.565829,2586.201800,69.0,4.002704,2.4,3.7
1671697637.627000,45.329916,6.565959,2589.559444,68.1,3.966683,2.5,4.0
1671697640.624000,45.329960,6.566108,2594.483652,69.0,3.935193,2.5,4.0
1671697643.611000,45.330000,6.566252,2598.728250,68.0,3.887458,2.4,4.0
1671697646.600000,45.330033,6.566372,2603.616628,69.0,3.853979,2.4,4.0
1671697649.601000,45.330072,6.566516,2609.462161,69.0,3.828952,2.4,3.8
1671697652.612000,45.330110,6.566654,2616.169723,69.0,3.804093,2.5,3.9
1671697655.599000,45.330144,6.566787,2622.368293,69.0,3.773813,2.4,3.6
1671697659.613000,45.330180,6.566945,2628.623865,68.8,3.751017,2.4,3.5
1671697662.604000,45.330214,6.567087,2634.506718,69.0,3.717775,2.4,3.7
1671697666.606000,45.330254,6.567252,2642.446849,69.0,3.696612,2.4,3.9
1671697669.612000,45.330292,6.567400,2647.854924,69.0,3.758529,2.4,3.6
1671697672.599000,45.330329,6.567544,2650.588732,69.0,3.804580,2.4,3.5
1671697675.615000,45.330366,6.567685,2654.151366,70.0,3.833094,2.4,3.9
1671697678.601000,45.330402,6.567824,2658.146721,68.0,3.855727,2.4,3.9
1671697681.620000,45.330440,6.567963,2662.947985,68.0,3.867739,2.4,3.9
1671697684.613000,45.330478,6.568102,2667.403601,69.0,3.874110,2.4,3.4
1671697687.602000,45.330514,6.568240,2670.446439,69.0,3.875908,2.5,3.5
1671697690.601000,45.330549,6.568378,2675.276884,69.0,3.868862,2.4,3.9
1671697693.622000,45.330587,6.568518,2680.120222,69.0,3.891658,2.4,3.5
1671697696.622000,45.330624,6.568660,2682.009533,70.0,3.907609,2.4,2.7
1671697699.629000,45.330660,6.568802,2684.506690,69.0,3.913436,2.4,2.7
1671697702.623000,45.330696,6.568943,2688.645527,68.0,3.918401,2.4,3.4
1671697705.619000,45.330733,6.569084,2692.849867,70.0,3.920363,2.4,3.9
1671697708.620000,45.330770,6.569224,2696.706918,69.0,3.918386,2.4,3.9
1671697711.611000,45.330807,6.569364,2702.033390,69.0,3.916489,2.5,3.9
1671697714.609000,45.330845,6.569503,2706.174376,68.0,3.910913,2.5,2.9
1671697717.604000,45.330883,6.569642,2709.225148,68.0,3.905864,2.4,2.5
1671697720.617000,45.330920,6.569781,2713.222343,68.0,3.898821,2.4,2.2
1671697723.620000,45.330956,6.569922,2718.764210,69.0,3.887080,2.4,3.4
1671697726.615000,45.330992,6.570058,2723.518384,68.0,3.877837,2.4,3.9
1671697729.612000,45.331028,6.570196,2727.308675,69.0,3.866435,2.4,3.5
1671697732.617000,45.331066,6.570342,2732.320805,69.0,3.853392,2.4,2.2
1671697735.613000,45.331096,6.570466,2737.022676,70.0,3.835865,2.4,2.2
1671697738.621000,45.331125,6.570605,2741.368386,69.0,3.782092,2.4,3.4
1671697741.614000,45.331160,6.570741,2747.757975,70.0,3.749095,2.5,3.8
1671697744.605000,45.331195,6.570883,2752.321117,67.5,3.708813,2.5,3.8
1671697748.610000,45.331247,6.571018,2753.553989,47.9,3.508910,2.4,4.0
1671697754.623000,45.331310,6.571129,2753.952638,54.6,2.792399,2.4,5.2
1671697757.598000,45.331398,6.571200,2751.343854,10.3,2.943372,2.4,5.0
1671697759.616000,45.331513,6.571212,2749.961316,350.0,3.493061,2.4,4.6
1671697761.622000,45.331645,6.571191,2747.302808,349.2,8.962567,2.4,4.0
1671697762.623000,45.331754,6.571160,2745.352225,346.0,9.648227,2.4,4.0
1671697763.636000,45.331854,6.571124,2744.445720,344.0,10.280714,2.4,4.0
1671697764.623000,45.331950,6.571087,2743.920362,344.0,10.770698,2.4,4.0
1671697765.624000,45.332050,6.571050,2741.465097,346.0,11.508655,2.5,4.0
1671697766.620000,45.332146,6.571023,2740.426545,348.7,10.276221,2.4,4.0
1671697768.619000,45.332320,6.570992,2738.589643,353.0,9.626171,2.5,4.0
1671697770.646000,45.332484,6.570980,2736.748932,354.0,9.260894,2.4,4.0
1671697772.606000,45.332645,6.570972,2734.703712,359.0,9.175980,2.4,4.0
1671697774.620000,45.332808,6.570995,2731.792925,6.0,8.984227,2.4,4.0
1671697776.626000,45.332966,6.571044,2729.719613,13.0,8.931901,2.4,4.0
1671697778.609000,45.333114,6.571104,2729.143692,13.0,8.763980,2.4,4.0
1671697780.623000,45.333271,6.571143,2727.993263,6.1,8.851468,2.4,4.0
1671697782.599000,45.333438,6.571162,2724.222351,4.0,9.751770,2.4,4.0
1671697783.624000,45.333532,6.571168,2724.838561,2.0,10.231761,2.4,4.0
1671697784.633000,45.333630,6.571170,2723.641320,0.0,10.945956,2.4,4.0
1671697785.625000,45.333734,6.571169,2720.980134,0.0,11.580452,2.4,4.0
1671697786.630000,45.333842,6.571172,2719.250014,1.0,11.666867,2.4,4.0
1671697787.625000,45.333948,6.571181,2716.617957,4.0,11.782393,2.4,4.0
1671697788.615000,45.334055,6.571191,2713.795194,2.0,11.917246,2.4,4.0
1671697789.627000,45.334160,6.571179,2712.211987,352.9,11.614782,2.4,4.0
1671697790.617000,45.334258,6.571135,2708.548872,341.5,11.412909,2.4,4.0
1671697791.604000,45.334350,6.571071,2707.699325,333.1,11.213216,2.4,4.3
1671697792.619000,45.334438,6.570999,2708.868077,332.0,11.288268,2.4,4.3
1671697793.620000,45.334525,6.570935,2707.768191,337.8,10.136307,2.4,4.4
1671697795.627000,45.334694,6.570931,2701.981821,27.2,9.320075,2.4,5.2
1671697797.622000,45.334815,6.571074,2701.639684,44.0,7.768602,2.4,5.6
1671697799.616000,45.334891,6.571212,2702.426486,47.0,6.354280,2.4,6.0
1671697801.611000,45.334950,6.571332,2702.239485,51.0,6.008666,2.4,6.8
1671697803.621000,45.335007,6.571431,2699.720822,48.1,5.465557,2.4,7.6
1671697805.621000,45.335088,6.571567,2694.340097,45.1,7.215974,2.4,8.0
1671697807.610000,45.335192,6.571726,2688.034232,48.9,8.958952,2.4,8.0
1671697809.603000,45.335274,6.571922,2680.589406,69.9,9.688022,2.4,8.0
1671697810.590000,45.335303,6.572050,2678.566277,71.2,11.761714,2.4,8.0
1671697811.598000,45.335333,6.572208,2676.882817,82.7,12.411450,2.4,8.0
1671697812.597000,45.335311,6.572378,2670.250382,105.8,12.681094,2.4,8.0
1671697813.595000,45.335241,6.572534,2668.901864,123.8,12.848393,2.4,8.0
1671697814.591000,45.335149,6.572658,2666.446967,128.3,12.864225,2.4,8.0
1671697815.609000,45.335052,6.572754,2664.595280,152.0,11.857162,2.4,8.0
1671697816.603000,45.334953,6.572823,2663.168861,153.0,11.833266,2.4,8.0
1671697817.590000,45.334854,6.572894,2660.892315,152.0,11.648223,2.4,8.0
1671697818.602000,45.334758,6.572969,2658.013994,151.0,11.438267,2.4,8.0
1671697819.599000,45.334668,6.573043,2657.031325,150.0,11.074370,2.4,8.0
1671697820.614000,45.334581,6.573113,2655.728516,151.9,10.564220,2.4,7.6
1671697821.609000,45.334498,6.573177,2655.559849,152.0,10.535349,2.4,7.2
1671697822.601000,45.334413,6.573235,2654.894881,155.0,10.374007,2.4,6.8
1671697823.600000,45.334328,6.573290,2652.447386,151.1,10.394376,2.4,6.7
1671697824.602000,45.334245,6.573360,2651.028720,149.0,11.121878,2.4,6.0
1671697825.605000,45.334157,6.573444,2649.381396,146.0,11.736941,2.4,6.0
1671697826.600000,45.334082,6.573552,2646.504787,134.0,11.728706,2.4,6.0
1671697827.608000,45.334038,6.573690,2643.948745,113.4,11.649864,2.4,6.0
1671697828.601000,45.334000,6.573830,2641.578576,123.0,11.203846,2.4,6.4
1671697829.609000,45.333947,6.573949,2640.324428,122.9,11.205472,2.4,6.8
1671697830.618000,45.333902,6.574074,2635.347703,106.1,11.460903,2.4,7.2
1671697831.596000,45.333885,6.574223,2631.712109,84.1,12.495517,2.4,7.3
1671697832.597000,45.333877,6.574396,2626.923748,94.6,13.229808,2.4,7.7
1671697833.622000,45.333827,6.574564,2626.077754,116.8,13.284173,2.4,8.0
1671697834.620000,45.333759,6.574714,2615.494601,117.0,13.526079,2.4,8.0
1671697835.617000,45.333701,6.574869,2611.129965,105.4,13.847108,2.6,8.7
1671697836.613000,45.333666,6.575040,2607.678204,101.7,14.286674,2.7,9.6
1671697837.604000,45.333636,6.575213,2603.258041,105.3,13.507897,2.6,10.4
1671697838.601000,45.333598,6.575373,2595.755100,124.1,12.461848,2.4,11.3
1671697839.596000,45.333535,6.575494,2589.119910,130.0,11.654603,2.5,12.7
1671697840.613000,45.333466,6.575607,2583.958675,126.1,11.911984,2.5,13.3
1671697841.603000,45.333402,6.575706,2581.117155,122.5,12.308914,2.4,13.3
1671697842.581000,45.333349,6.575823,2576.580147,122.0,11.770631,2.4,13.3
1671697843.589000,45.333290,6.575945,2575.085310,136.7,12.003511,2.5,12.7
1671697844.606000,45.333207,6.576046,2566.887446,142.7,13.203461,2.4,11.2
1671697845.606000,45.333108,6.576148,2560.718209,143.1,13.995131,2.4,11.3
1671697846.608000,45.332998,6.576253,2559.904872,152.4,15.155224,2.4,11.2
1671697847.598000,45.332869,6.576333,2557.614976,156.7,15.719283,2.4,11.2
1671697848.600000,45.332729,6.576402,2552.424501,165.6,16.042782,2.4,12.0
1671697849.601000,45.332589,6.576450,2549.342968,159.6,15.556458,2.4,12.0
1671697850.600000,45.332465,6.576510,2543.484781,159.9,13.849135,2.4,12.0
1671697851.615000,45.332356,6.576564,2539.971379,166.7,12.874080,2.4,12.0
1671697852.598000,45.332260,6.576587,2536.226967,159.8,10.713758,2.4,12.0
1671697853.602000,45.332171,6.576605,2534.487460,151.1,9.407179,2.4,12.0
1671697855.596000,45.332082,6.576688,2530.721321,126.2,6.301794,2.5,12.0
1671697857.605000,45.332107,6.576880,2527.602757,55.3,6.784555,2.4,12.0
1671697859.595000,45.332186,6.577006,2524.566600,43.7,7.445865,2.6,12.0
1671697861.602000,45.332263,6.577186,2515.265402,51.5,8.271074,2.5,12.0
1671697863.605000,45.332376,6.577355,2507.204395,47.0,8.438792,2.4,12.0
1671697865.599000,45.332447,6.577542,2495.270214,55.2,9.352280,2.5,12.7
1671697867.601000,45.332561,6.577710,2486.587009,58.3,9.986643,2.5,14.0
1671697868.593000,45.332613,6.577817,2485.071013,68.9,11.197529,2.7,14.7
1671697869.597000,45.332652,6.577947,2476.757201,65.8,11.261942,2.7,15.3
1671697870.600000,45.332715,6.578070,2474.481729,42.9,12.622617,2.4,16.0
1671697871.598000,45.332798,6.578178,2471.578764,52.5,12.295621,2.4,16.0
1671697872.609000,45.332860,6.578302,2466.635999,70.2,11.931517,2.4,16.0
1671697873.604000,45.332898,6.578445,2458.919737,64.8,11.922674,2.4,16.0
1671697874.597000,45.332956,6.578585,2456.841230,47.4,13.129136,2.4,16.0
1671697875.598000,45.333037,6.578721,2452.319682,55.8,14.012346,2.4,16.0
1671697876.603000,45.333101,6.578887,2447.839529,66.1,14.820846,2.4,16.0
1671697877.611000,45.333159,6.579073,2443.691836,53.5,15.306420,2.4,16.0
1671697878.601000,45.333249,6.579236,2439.440721,52.1,15.006313,2.4,16.0
1671697879.596000,45.333333,6.579389,2435.980418,61.3,14.223055,2.4,16.0
1671697880.610000,45.333395,6.579549,2434.841716,61.0,14.329149,2.4,16.0
1671697881.608000,45.333464,6.579703,2429.942466,52.9,14.529244,2.4,16.0
1671697882.615000,45.333547,6.579846,2425.404945,58.0,14.525080,2.4,16.0
1671697883.599000,45.333616,6.579999,2423.197962,57.8,13.952905,2.4,18.7
1671697884.597000,45.333708,6.580135,2420.187255,47.2,12.986401,2.4,19.2
1671697885.602000,45.333801,6.580264,2417.672655,55.7,12.154139,2.4,18.7
1671697886.598000,45.333871,6.580406,2417.255203,67.9,11.915439,2.4,18.7
1671697887.598000,45.333929,6.580572,2415.921355,66.1,12.613355,2.4,18.0
1671697888.604000,45.333988,6.580734,2416.628047,63.2,12.205662,2.5,14.4
1671697889.612000,45.334071,6.580872,2411.062029,43.1,12.534689,2.5,13.6
1671697890.594000,45.334163,6.580993,2407.561237,46.6,12.435776,2.4,13.3
1671697891.602000,45.334248,6.581134,2408.837584,46.1,11.876491,2.4,11.2
1671697892.589000,45.334322,6.581241,2405.240939,43.7,10.778686,2.4,11.3
1671697893.612000,45.334394,6.581332,2400.219253,36.1,10.529669,2.4,11.2
1671697894.600000,45.334478,6.581397,2401.531915,22.4,10.536304,2.4,11.3
1671697895.605000,45.334573,6.581445,2397.690376,15.1,11.558211,2.4,11.2
1671697896.606000,45.334676,6.581480,2392.472649,24.0,11.155755,2.5,12.0
1671697897.604000,45.334773,6.581542,2391.877318,28.5,11.707875,2.5,12.0
1671697898.594000,45.334876,6.581614,2387.564718,24.1,12.815089,2.5,12.0
1671697899.604000,45.334989,6.581683,2383.933419,34.7,13.061020,2.4,12.0
1671697900.602000,45.335089,6.581775,2380.531764,35.0,12.823065,2.4,12.0
1671697901.594000,45.335183,6.581858,2376.405383,26.0,12.358072,2.4,12.0
1671697902.613000,45.335286,6.581919,2373.332993,17.1,13.702634,2.4,12.8
1671697903.602000,45.335406,6.581965,2369.960340,23.7,15.038906,2.4,13.6
1671697904.589000,45.335535,6.582037,2367.461157,24.0,14.905610,2.4,14.0
1671697905.595000,45.335661,6.582105,2363.504581,20.4,13.615433,2.4,14.7
1671697906.593000,45.335775,6.582152,2358.542676,6.0,11.867990,2.4,14.7
1671697907.578000,45.335895,6.582165,2357.702391,1.4,12.448231,2.4,14.7
1671697908.592000,45.336030,6.582164,2357.481304,353.9,11.406459,2.4,14.0
1671697909.603000,45.336153,6.582141,2357.555795,346.1,9.929645,2.4,12.8
1671697910.614000,45.336266,6.582103,2357.382544,340.1,9.358576,2.4,11.2
1671697911.603000,45.336355,6.582068,2357.299619,345.8,8.067253,2.4,10.4
1671697913.586000,45.336512,6.582025,2354.905998,343.5,7.871697,2.4,9.3
1671697915.601000,45.336671,6.581942,2352.298838,336.1,8.341211,2.4,7.3
1671697917.598000,45.336826,6.581861,2353.594234,343.0,9.886656,2.5,7.0
1671697918.597000,45.336917,6.581818,2347.429070,343.0,10.357880,2.5,6.8
1671697919.606000,45.337010,6.581778,2344.885909,351.9,10.495664,2.4,7.2
1671697920.596000,45.337108,6.581756,2344.427965,6.2,11.209567,2.4,7.3
1671697921.599000,45.337209,6.581770,2338.444675,6.2,10.661339,2.4,8.3
1671697922.591000,45.337303,6.581798,2334.442180,26.8,10.700649,2.4,9.3
1671697923.604000,45.337391,6.581861,2331.686780,28.3,10.746976,2.5,10.4
1671697924.592000,45.337473,6.581942,2330.739717,48.7,11.046718,2.5,10.7
1671697925.604000,45.337539,6.582050,2328.172271,65.6,10.330004,2.5,12.0
1671697926.604000,45.337572,6.582172,2324.521959,86.5,9.468120,2.7,12.0
1671697928.599000,45.337578,6.582424,2318.000163,86.8,10.817972,2.4,12.7
1671697929.597000,45.337585,6.582566,2314.350516,60.1,11.015166,2.4,13.6
1671697930.600000,45.337630,6.582692,2307.445338,69.1,11.499868,2.4,14.0
1671697931.595000,45.337661,6.582829,2305.540033,77.1,10.160606,2.4,14.7
1671697932.599000,45.337667,6.582959,2296.802180,98.6,9.893151,2.4,15.3
1671697933.606000,45.337644,6.583092,2289.896119,96.6,11.091520,2.4,16.0
1671697934.602000,45.337629,6.583241,2289.062356,82.9,11.502876,2.4,16.0
1671697935.593000,45.337640,6.583388,2285.283995,63.4,11.060530,2.4,16.0
1671697936.594000,45.337672,6.583517,2282.061413,69.3,10.386302,2.4,15.2
1671697937.597000,45.337692,6.583644,2280.239858,95.7,9.415160,2.4,14.7
1671697938.594000,45.337682,6.583775,2272.641162,85.2,10.279704,2.4,14.0
1671697939.599000,45.337688,6.583913,2270.526718,84.2,10.987924,2.4,13.3
1671697940.592000,45.337699,6.584060,2268.511294,92.3,12.201437,2.4,12.7
1671697941.599000,45.337698,6.584224,2267.227596,87.5,12.303531,2.4,12.0
1671697942.599000,45.337707,6.584383,2261.168616,72.0,11.547967,2.4,12.0
1671697943.621000,45.337748,6.584526,2255.223740,55.2,10.381281,2.4,12.0
1671697944.604000,45.337821,6.584643,2253.508605,36.1,11.455220,2.4,12.0
1671697945.601000,45.337916,6.584742,2251.770545,29.9,10.705070,2.4,12.0
1671697946.599000,45.338005,6.584816,2251.688483,26.5,8.216331,2.5,12.0
1671697948.604000,45.338151,6.584962,2250.893014,30.0,8.526694,2.4,11.3
1671697950.615000,45.338294,6.585077,2251.378435,23.0,8.170341,2.4,9.6
1671697952.617000,45.338432,6.585162,2248.445767,18.0,7.593769,2.5,7.6
1671697954.600000,45.338562,6.585230,2247.446361,18.0,7.147266,2.4,7.0
1671697956.604000,45.338690,6.585286,2246.304998,12.0,6.931134,2.7,6.3
1671697958.595000,45.338809,6.585288,2246.173349,358.2,6.062255,2.4,6.0
1671697960.595000,45.338911,6.585261,2245.663603,344.1,5.202267,2.4,6.0
1671697963.591000,45.339001,6.585226,2245.285568,353.7,3.611806,2.4,6.0
1671697966.595000,45.339119,6.585219,2244.646020,30.5,4.688974,2.4,6.0
1671697968.603000,45.339180,6.585337,2241.701088,69.5,7.554557,2.4,6.2
1671697970.602000,45.339193,6.585562,2235.685408,84.9,8.893487,2.4,6.8
1671697971.602000,45.339192,6.585692,2232.144835,85.9,9.839054,2.4,7.1
1671697972.599000,45.339195,6.585834,2228.300099,84.2,10.429498,2.4,8.0
1671697973.597000,45.339202,6.585982,2224.117391,87.6,11.388729,2.4,8.0
1671697974.595000,45.339200,6.586142,2220.347786,91.0,12.486602,2.4,8.0
1671697975.609000,45.339196,6.586314,2215.956581,90.7,13.658799,2.4,8.8
1671697976.594000,45.339207,6.586493,2210.355725,84.1,14.129740,2.4,9.3
1671697977.602000,45.339223,6.586679,2206.096248,83.1,14.305209,2.4,10.4
1671697978.601000,45.339260,6.586867,2202.342154,77.9,14.843189,2.4,11.2
1671697979.595000,45.339332,6.587069,2198.075193,67.6,16.825722,2.4,12.0
1671697980.600000,45.339400,6.587277,2190.591723,64.7,17.226431,2.4,12.0
1671697981.595000,45.339473,6.587478,2186.085478,63.3,17.196632,2.4,12.7
1671697982.596000,45.339573,6.587669,2182.745671,55.7,17.550034,2.5,13.3
1671697983.585000,45.339686,6.587844,2178.582715,51.6,17.677824,2.4,14.0
1671697984.593000,45.339828,6.587984,2176.533922,42.6,18.083050,2.7,14.7
1671697985.597000,45.339981,6.588065,2174.528323,31.0,17.368013,2.5,15.3
1671697986.596000,45.340131,6.588174,2171.998283,33.4,17.525118,2.4,16.0
1671697987.592000,45.340277,6.588289,2169.986508,33.7,17.498411,2.4,16.0
1671697988.594000,45.340402,6.588424,2167.341917,42.5,16.137520,2.4,16.0
1671697989.602000,45.340515,6.588564,2165.618129,44.1,15.672115,2.4,16.0
1671697990.603000,45.340602,6.588702,2164.761098,52.4,13.497667,2.4,16.0
1671697991.607000,45.340674,6.588835,2163.564774,54.8,12.169063,2.4,16.0
1671697992.599000,45.340739,6.588958,2162.976578,55.4,11.384151,2.4,16.0
1671697993.596000,45.340795,6.589069,2162.373496,55.1,10.246243,2.4,15.2
1671697995.606000,45.340896,6.589246,2161.084548,52.2,8.126351,2.4,13.6
1671697997.587000,45.340983,6.589367,2159.198831,51.9,5.779496,2.4,12.0
1671698000.588000,45.341073,6.589489,2157.535010,53.3,4.028502,2.4,9.1
1671698003.593000,45.341144,6.589602,2156.824462,44.3,3.649917,2.4,8.0
1671698006.589000,45.341212,6.589687,2161.253841,48.8,3.060263,2.4,8.9
1671698013.468000,45.341278,6.589782,2160.138449,-1.0,0.040008,2.5,10.3
1671698028.602000,45.341336,6.589880,2160.661722,-1.0,0.021129,2.4,5.2
1671698060.247000,45.341362,6.590005,2164.545193,-1.0,0.006870,2.5,15.9
1671698077.596000,45.341306,6.590113,2162.283029,-1.0,0.000465,2.9,17.5
1671698082.595000,45.341248,6.590216,2163.715429,-1.0,0.000002,2.5,16.2
1671698098.606000,45.341148,6.590305,2160.927675,-1.0,0.002800,2.9,16.4
1671698101.802000,45.341063,6.590381,2161.153512,183.2,2.569584,2.8,16.2
1671698104.688000,45.340928,6.590527,2162.521857,138.0,3.935525,2.9,16.5
1671698106.408000,45.340853,6.590647,2165.544583,133.9,3.822420,2.8,15.2
1671698108.689000,45.340785,6.590737,2167.783774,131.0,4.026011,2.6,13.9
1671698111.689000,45.340709,6.590870,2169.412185,131.5,4.000604,2.7,12.3
1671698114.687000,45.340628,6.591001,2171.246071,132.4,3.990189,2.7,11.7
1671698117.686000,45.340560,6.591118,2171.941633,132.4,3.949780,2.6,10.4
1671698120.685000,45.340489,6.591230,2172.377118,132.4,3.967550,2.7,11.1
1671698123.685000,45.340415,6.591356,2176.129650,132.9,4.004744,2.9,11.7
1671698126.602000,45.340342,6.591470,2178.963389,131.0,3.922374,2.7,9.3
1671698129.604000,45.340265,6.591589,2181.892669,133.0,3.912663,3.0,6.0
1671698132.603000,45.340187,6.591707,2184.216226,132.0,3.903387,2.8,6.0
1671698135.600000,45.340115,6.591821,2189.506205,133.0,3.865244,2.8,5.7
1671698138.603000,45.340045,6.591934,2192.312665,131.0,3.932845,2.5,5.7
1671698141.592000,45.339976,6.592038,2195.010632,132.0,3.868772,2.9,6.0
1671698144.581000,45.339908,6.592144,2195.927703,132.0,3.950500,2.8,6.0
1671698147.618000,45.339834,6.592265,2200.630229,132.0,3.877435,2.6,6.0
1671698151.598000,45.339754,6.592390,2203.638146,133.0,3.890725,2.8,6.0
1671698154.610000,45.339689,6.592495,2207.756691,133.0,3.836267,2.7,6.0
1671698157.615000,45.339618,6.592610,2210.899230,131.0,3.808231,3.0,6.0
1671698160.623000,45.339551,6.592716,2216.072050,131.0,3.825444,3.1,6.0
1671698163.597000,45.339484,6.592829,2218.812607,131.0,3.807179,2.6,6.0
1671698166.602000,45.339421,6.592934,2226.120826,132.0,3.857528,2.8,6.0
1671698169.607000,45.339352,6.593043,2229.947546,131.0,3.820152,2.7,6.0
1671698172.610000,45.339274,6.593155,2232.766865,132.0,3.789397,2.8,6.0
1671698175.617000,45.339208,6.593256,2236.023361,133.0,3.776758,2.7,6.0
1671698178.623000,45.339134,6.593368,2240.727278,132.0,3.742474,2.6,6.0
1671698181.599000,45.339064,6.593474,2243.952389,132.0,3.721114,2.9,6.0
1671698185.601000,45.338981,6.593604,2249.544361,132.0,3.646013,2.9,6.0
1671698188.602000,45.338907,6.593712,2254.296380,132.0,3.656644,2.8,6.0
1671698191.609000,45.338833,6.593817,2259.331413,132.0,3.579288,2.9,5.8
1671698194.609000,45.338770,6.593914,2267.891282,131.0,3.422536,2.8,4.7
1671698197.595000,45.338707,6.594006,2274.288552,133.0,3.824410,2.6,5.1
1671698200.598000,45.338638,6.594113,2279.455388,132.0,3.556818,2.7,6.0
1671698203.599000,45.338572,6.594217,2281.641288,133.0,3.567611,3.0,6.0
1671698206.608000,45.338506,6.594319,2288.249076,132.0,3.663195,2.6,5.6
1671698209.615000,45.338440,6.594418,2292.343620,132.0,3.641342,2.8,5.7
1671698212.611000,45.338376,6.594514,2299.163500,132.0,3.582080,2.7,5.2
1671698215.603000,45.338307,6.594619,2304.009332,132.0,3.814449,2.8,5.3
1671698218.596000,45.338240,6.594726,2308.153340,133.0,3.816124,2.9,6.0
1671698221.609000,45.338172,6.594834,2312.173145,132.0,3.775680,2.7,6.0
1671698224.608000,45.338104,6.594939,2319.424597,133.0,3.704676,2.8,6.0
1671698227.600000,45.338036,6.595045,2323.908703,132.0,3.722780,2.7,6.0
1671698230.610000,45.337969,6.595149,2328.987075,132.0,3.704463,2.7,5.3
1671698233.607000,45.337904,6.595253,2333.903265,132.0,3.699252,2.7,5.3
1671698236.603000,45.337835,6.595360,2336.920930,132.0,3.897587,2.6,5.7
1671698239.599000,45.337763,6.595472,2339.743263,131.0,3.812518,2.8,5.7
1671698242.617000,45.337696,6.595575,2344.219821,133.0,3.773262,2.7,5.2
1671698245.617000,45.337630,6.595684,2348.101974,133.0,3.721678,3.0,4.7
1671698248.640000,45.337558,6.595803,2353.024181,133.0,3.753779,2.7,6.0
1671698251.615000,45.337495,6.595903,2358.316898,132.0,3.745069,2.7,6.0
1671698254.624000,45.337426,6.596010,2365.286975,133.0,3.716556,2.6,6.0
1671698257.585000,45.337362,6.596110,2369.837726,132.0,3.651360,2.6,6.0
1671698260.608000,45.337294,6.596215,2374.046463,131.0,3.863272,2.5,6.0
1671698263.644000,45.337222,6.596327,2376.134443,131.0,3.745920,2.7,6.0
1671698266.616000,45.337156,6.596425,2381.255409,133.0,3.780905,2.6,6.0
1671698269.605000,45.337088,6.596531,2383.357633,133.0,3.811665,2.8,6.0
1671698272.606000,45.337023,6.596632,2391.418534,131.0,3.739122,2.5,6.0
1671698275.603000,45.336955,6.596737,2395.274719,133.0,3.733987,2.6,5.4
1671698278.624000,45.336883,6.596848,2397.010453,133.0,3.734248,2.7,4.3
1671698281.612000,45.336820,6.596945,2404.358587,133.0,3.688604,2.4,4.3
1671698284.614000,45.336751,6.597052,2410.204730,132.0,3.716291,2.4,4.3
1671698287.596000,45.336680,6.597159,2413.277751,133.0,3.861418,2.4,4.7
1671698290.603000,45.336611,6.597263,2416.593499,132.0,3.836075,2.5,4.9
1671698293.634000,45.336539,6.597376,2420.469129,132.0,3.766135,2.4,4.7
1671698296.634000,45.336472,6.597482,2424.340394,132.0,3.776711,2.4,4.3
1671698299.630000,45.336405,6.597585,2429.077337,132.0,3.756253,2.4,4.8
1671698302.615000,45.336337,6.597692,2433.359349,132.0,3.754053,2.4,4.0
1671698305.618000,45.336267,6.597804,2438.122569,132.0,3.753289,2.4,3.4
1671698308.637000,45.336198,6.597914,2442.519319,131.0,3.743056,2.4,3.3
1671698311.601000,45.336133,6.598015,2449.405896,132.0,3.724318,2.5,3.5
1671698314.606000,45.336056,6.598127,2454.583531,132.0,3.720903,2.5,3.5
1671698317.584000,45.335991,6.598225,2458.419976,132.0,3.727197,2.4,3.5
1671698320.599000,45.335922,6.598332,2461.588308,132.0,3.736266,2.4,3.5
1671698323.585000,45.335855,6.598437,2465.840053,133.0,3.743020,2.5,3.4
1671698326.612000,45.335786,6.598540,2470.464237,132.0,3.734629,2.5,3.1
1671698330.600000,45.335698,6.598670,2476.862045,132.0,3.699986,2.5,3.9
1671698333.603000,45.335629,6.598772,2482.366049,131.0,3.680013,2.5,3.7
1671698336.600000,45.335563,6.598871,2489.057350,132.0,3.658568,2.5,3.0
1671698339.603000,45.335496,6.598971,2493.593596,132.0,3.642045,2.5,2.9
1671698342.607000,45.335430,6.599071,2502.249283,132.0,3.620994,2.5,3.5
1671698345.601000,45.335365,6.599171,2508.320802,132.0,3.596560,2.5,3.9
1671698348.625000,45.335301,6.599269,2513.514317,132.0,3.578195,2.6,3.9
1671698351.606000,45.335234,6.599370,2520.017220,132.0,3.587533,2.6,3.9
1671698354.610000,45.335168,6.599474,2523.492053,132.0,3.597808,2.4,3.8
1671698357.601000,45.335102,6.599575,2528.491124,132.0,3.606293,2.5,3.6
1671698360.622000,45.335032,6.599683,2534.540162,131.0,3.599875,2.5,3.8
1671698364.610000,45.334952,6.599811,2542.194715,132.0,3.591140,2.6,3.9
1671698367.605000,45.334888,6.599914,2547.652269,132.0,3.585493,2.5,3.6
1671698370.623000,45.334822,6.600022,2555.952791,132.0,3.575747,2.5,3.6
1671698373.606000,45.334761,6.600116,2562.423615,132.0,3.568025,2.5,3.6
1671698376.584000,45.334696,6.600215,2568.171886,132.0,3.556139,2.5,3.6
1671698379.607000,45.334630,6.600314,2573.692139,133.0,3.552450,2.5,3.9
1671698382.589000,45.334567,6.600419,2577.961675,132.0,3.564809,2.5,3.9
1671698385.615000,45.334498,6.600526,2583.629149,132.0,3.574226,2.5,3.9
1671698388.607000,45.334437,6.600621,2588.753062,132.0,3.577199,2.5,3.9
1671698391.612000,45.334370,6.600725,2594.920657,132.0,3.578206,2.5,3.9
1671698394.601000,45.334304,6.600823,2600.841091,132.0,3.574244,2.6,3.8
1671698397.607000,45.334242,6.600922,2606.241266,132.0,3.556414,2.5,3.1
1671698400.639000,45.334174,6.601023,2615.523907,132.0,3.559580,2.5,3.0
1671698403.607000,45.334112,6.601123,2620.549987,132.0,3.579861,2.5,3.6
1671698406.605000,45.334047,6.601226,2626.655619,132.0,3.588620,2.5,3.9
1671698409.606000,45.333981,6.601328,2631.696878,132.0,3.592994,2.6,3.9
1671698412.611000,45.333916,6.601433,2635.557173,132.0,3.590880,2.4,3.9
1671698415.620000,45.333848,6.601540,2639.365099,132.0,3.583372,2.5,3.9
1671698418.619000,45.333782,6.601634,2646.853796,132.0,3.579245,2.5,3.9
1671698421.611000,45.333717,6.601734,2652.607729,133.0,3.572437,2.5,3.3
1671698424.613000,45.333654,6.601830,2659.745269,132.0,3.559670,2.5,3.5
1671698427.593000,45.333590,6.601933,2665.084390,132.0,3.556368,2.5,3.0
1671698430.616000,45.333521,6.602038,2673.707068,132.0,3.569541,2.5,3.1
1671698433.595000,45.333459,6.602134,2680.135962,132.0,3.570340,2.5,2.5
1671698436.585000,45.333393,6.602237,2684.912903,132.0,3.576225,2.6,2.2
1671698439.573000,45.333329,6.602335,2690.538145,132.0,3.574134,2.6,3.1
1671698442.584000,45.333265,6.602436,2695.220092,132.0,3.570382,2.4,3.5
1671698445.593000,45.333200,6.602538,2700.457494,132.0,3.569439,2.5,3.9
1671698448.614000,45.333139,6.602635,2706.276535,132.0,3.558802,2.5,3.9
1671698451.593000,45.333075,6.602732,2712.345293,132.0,3.546982,2.6,3.9
1671698454.623000,45.333004,6.602842,2717.699508,132.0,3.588167,2.5,3.5
1671698457.605000,45.332942,6.602937,2724.502260,132.0,3.615913,2.4,3.6
1671698460.604000,45.332872,6.603041,2730.735730,132.0,3.631291,2.5,3.9
1671698463.606000,45.332808,6.603137,2735.540272,132.0,3.644359,2.4,3.9
1671698466.616000,45.332741,6.603242,2739.055714,132.0,3.639616,2.4,3.9
1671698469.625000,45.332668,6.603347,2744.468438,132.0,3.636629,2.5,3.9
1671698472.600000,45.332607,6.603442,2750.409087,132.0,3.638265,2.4,3.9
1671698475.606000,45.332539,6.603550,2755.347851,132.0,3.633938,2.5,3.9
1671698478.619000,45.332475,6.603650,2761.093183,133.0,3.630372,2.5,3.9
1671698481.598000,45.332407,6.603755,2768.187981,132.0,3.624453,2.5,3.6
1671698484.621000,45.332337,6.603862,2772.144254,132.0,3.609335,2.5,3.4
1671698488.613000,45.332258,6.603991,2782.955580,132.0,3.597948,2.5,3.9
1671698491.607000,45.332194,6.604093,2788.502787,132.0,3.592263,2.5,3.6
1671698494.606000,45.332126,6.604199,2793.675992,133.0,3.585129,2.5,3.4
1671698497.592000,45.332063,6.604298,2800.348644,132.0,3.577227,2.6,3.6
1671698500.609000,45.332000,6.604403,2804.947976,132.0,3.563041,2.4,3.8
1671698503.614000,45.331935,6.604502,2807.625767,132.0,3.548244,2.5,3.3
1671698506.604000,45.331871,6.604605,2816.122668,132.0,3.535438,2.5,3.0
1671698509.611000,45.331806,6.604710,2822.059887,133.0,3.529846,2.5,3.0
1671698512.604000,45.331746,6.604806,2829.665070,132.0,3.521870,2.5,3.1
1671698515.622000,45.331683,6.604908,2835.977893,133.0,3.517487,2.4,3.2
1671698518.621000,45.331623,6.605006,2843.904642,132.0,3.506298,2.5,3.4
1671698521.611000,45.331558,6.605106,2849.784840,133.0,3.490420,2.4,3.2
1671698524.604000,45.331497,6.605203,2856.181706,132.0,3.485595,2.6,2.7
1671698527.597000,45.331431,6.605308,2861.640630,132.0,3.520288,2.4,2.9
1671698530.628000,45.331362,6.605419,2867.235988,132.0,3.543285,2.4,3.5
1671698534.600000,45.331283,6.605547,2874.489155,132.0,3.561363,2.5,3.5
1671698537.601000,45.331219,6.605648,2880.712764,132.0,3.560974,2.5,3.2
1671698540.618000,45.331149,6.605755,2886.200473,132.0,3.555053,2.6,3.2
1671698544.607000,45.331070,6.605880,2895.007175,133.0,3.549077,2.4,2.9
1671698547.594000,45.331007,6.605982,2902.857132,132.0,3.541290,2.5,3.6
1671698550.624000,45.330938,6.606088,2909.337881,132.0,3.539903,2.5,2.9
1671698554.591000,45.330858,6.606213,2916.167062,132.0,3.532041,2.4,3.4
1671698557.589000,45.330795,6.606311,2922.163645,132.0,3.518486,2.5,3.6
1671698560.618000,45.330727,6.606412,2928.815541,132.0,3.510463,2.4,3.6
1671698564.617000,45.330644,6.606530,2936.695056,133.0,3.485761,2.5,3.5
1671698567.616000,45.330579,6.606621,2943.648790,131.0,3.459661,2.5,3.8
1671698570.615000,45.330507,6.606728,2950.696524,132.0,3.479027,2.5,3.5
1671698574.617000,45.330425,6.606853,2959.882639,132.0,3.497601,2.4,3.7
1671698577.606000,45.330359,6.606953,2966.074295,132.0,3.511040,2.5,3.9
1671698580.627000,45.330286,6.607056,2972.107418,132.0,3.515474,2.4,3.9
1671698584.603000,45.330203,6.607179,2980.181807,132.0,3.524613,2.5,3.3
1671698587.613000,45.330133,6.607278,2985.607442,132.0,3.526491,2.5,3.5
1671698590.647000,45.330062,6.607384,2991.427989,134.0,3.516128,2.5,3.8
1671698593.625000,45.329997,6.607474,2997.374655,132.0,3.518134,2.5,3.9
1671698596.609000,45.329930,6.607574,3001.634071,132.0,3.532795,2.5,4.0
1671698599.595000,45.329846,6.607674,3007.464266,131.0,3.516507,2.6,4.0
1671698603.614000,45.329754,6.607794,3013.324902,129.0,3.425695,2.5,4.0
1671698606.621000,45.329680,6.607912,3019.788898,133.0,3.488794,2.5,4.0
1671698609.627000,45.329604,6.608025,3020.522648,132.0,3.613496,2.5,4.0
1671698612.612000,45.329534,6.608138,3020.124422,132.0,3.721357,2.4,3.8
1671698615.588000,45.329461,6.608246,3019.001486,132.0,3.794452,2.5,3.8
1671698618.595000,45.329388,6.608359,3015.499476,132.0,3.853844,2.5,3.9
1671698621.599000,45.329318,6.608472,3014.391526,132.0,3.901201,2.5,3.9
1671698624.623000,45.329247,6.608584,3013.873906,132.0,3.925003,2.5,3.9
1671698627.606000,45.329174,6.608698,3012.396897,132.0,3.945552,2.5,3.9
1671698630.616000,45.329102,6.608810,3012.067030,132.0,3.959238,2.5,3.9
1671698633.607000,45.329029,6.608926,3011.851224,132.0,3.969708,2.5,3.9
1671698636.610000,45.328958,6.609039,3014.148711,133.0,3.982524,2.5,3.5
1671698639.629000,45.328886,6.609151,3009.993189,132.0,3.982508,2.4,3.4
1671698642.637000,45.328816,6.609267,3009.766924,131.0,3.980145,2.5,3.7
1671698645.620000,45.328754,6.609362,3007.924836,134.4,3.984394,2.4,3.8
1671698648.618000,45.328683,6.609475,3007.768653,124.8,3.871638,2.4,4.0
1671698652.623000,45.328600,6.609602,3008.034840,133.9,3.707740,2.4,4.2
1671698657.596000,45.328536,6.609694,3007.800266,133.0,2.923983,2.4,6.0
1671698670.535000,45.328454,6.609768,3009.201698,92.6,0.569503,2.5,5.6
1671698703.462000,45.328426,6.609644,3009.002666,282.9,0.270180,2.6,3.7
1671698709.458000,45.328500,6.609562,3006.352601,342.0,1.364956,2.5,4.1
1671698712.458000,45.328563,6.609456,3006.005092,317.2,1.896341,2.5,5.4
1671698714.858000,45.328637,6.609325,3005.223079,313.3,2.637827,2.5,6.5
1671698717.256000,45.328718,6.609203,3003.243134,311.3,3.246648,2.5,6.8
1671698719.609000,45.328826,6.609059,3001.084612,316.1,6.148604,2.4,6.6
1671698721.607000,45.328920,6.608937,3000.938695,322.6,6.446246,2.5,6.3
1671698723.603000,45.329036,6.608849,2999.820809,333.6,7.492117,2.5,6.0
1671698725.600000,45.329169,6.608764,2995.429047,333.8,8.378830,2.4,6.0
1671698727.596000,45.329302,6.608646,2994.449885,325.4,8.414610,2.5,6.0
1671698729.584000,45.329433,6.608522,2990.943505,327.7,8.702089,2.6,6.3
1671698731.590000,45.329578,6.608434,2988.373781,341.1,8.666873,2.5,7.0
1671698733.584000,45.329734,6.608391,2985.329974,357.3,8.610840,2.5,7.7
1671698735.605000,45.329859,6.608436,2982.630386,30.5,6.204218,2.5,8.0
1671698737.597000,45.329876,6.608582,2979.639620,85.8,5.776168,2.5,7.6
1671698739.604000,45.329810,6.608786,2975.118028,105.6,8.045650,2.5,7.6
1671698741.598000,45.329822,6.608985,2966.218282,75.5,7.378902,2.5,7.6
1671698743.602000,45.329822,6.609166,2957.077398,106.7,7.212731,2.5,8.0
1671698745.602000,45.329796,6.609327,2950.091740,86.0,5.570074,2.5,8.0
1671698747.602000,45.329827,6.609470,2943.148026,100.3,5.860185,2.4,9.3
1671698749.593000,45.329818,6.609631,2938.855367,81.3,6.521930,2.5,10.7
1671698751.610000,45.329852,6.609834,2934.702315,82.0,7.350961,2.5,10.4
1671698753.600000,45.329842,6.610013,2926.626139,119.6,6.193379,2.5,9.3
1671698755.613000,45.329790,6.610186,2921.814504,88.2,5.941443,2.4,8.0
1671698757.607000,45.329790,6.610376,2915.266241,117.8,7.184537,2.5,8.0
1671698759.597000,45.329731,6.610529,2908.747588,111.0,5.484085,2.7,8.0
1671698762.602000,45.329751,6.610666,2906.054870,72.3,4.694674,2.6,8.0
1671698765.590000,45.329771,6.610842,2897.031330,107.1,4.118589,2.4,8.0
1671698768.230000,45.329775,6.610994,2890.776044,71.8,3.352746,2.4,9.0
1671698770.613000,45.329811,6.611171,2882.467786,91.8,5.418370,2.4,10.2
1671698772.768000,45.329849,6.611307,2880.990929,10.7,4.581691,2.4,11.6
1671698775.070000,45.329950,6.611309,2876.790694,8.5,3.743553,2.5,12.3
1671698777.952000,45.330040,6.611389,2868.537666,66.3,4.606129,2.4,17.0
1671698781.351000,45.330105,6.611483,2863.654644,348.2,3.433258,2.4,22.2
1671698783.151000,45.330197,6.611484,2860.849570,5.5,4.761425,2.4,20.7
1671698785.591000,45.330342,6.611549,2852.298082,16.2,6.167634,2.4,16.7
1671698787.586000,45.330468,6.611580,2848.153536,342.3,6.262671,2.6,13.5
1671698789.584000,45.330562,6.611518,2843.550779,17.4,4.470193,2.4,16.0
1671698791.588000,45.330691,6.611584,2834.988478,6.0,8.846630,2.4,16.0
1671698792.579000,45.330783,6.611597,2833.621327,1.3,8.572896,2.4,16.0
1671698793.585000,45.330876,6.611603,2830.689562,3.0,8.512255,2.4,16.0
1671698794.607000,45.330968,6.611612,2826.207056,356.1,9.431520,2.4,12.0
1671698795.601000,45.331070,6.611606,2824.255953,353.1,9.537398,2.4,12.0
1671698796.605000,45.331180,6.611594,2822.216805,355.9,9.750893,2.4,12.0
1671698797.603000,45.331283,6.611585,2818.884136,340.6,9.605207,2.4,12.0
1671698798.604000,45.331377,6.611542,2815.062582,340.9,9.553398,2.4,11.2
1671698799.613000,45.331464,6.611501,2814.571523,347.9,7.782792,2.5,10.4
1671698801.605000,45.331601,6.611463,2809.528015,337.1,6.610106,2.5,8.8
1671698803.595000,45.331691,6.611388,2809.224521,333.3,5.331486,2.4,8.0
1671698805.609000,45.331778,6.611335,2805.333681,340.0,5.652977,2.5,8.0
1671698807.603000,45.331863,6.611260,2803.843611,325.8,5.804889,2.4,8.0
1671698809.601000,45.331977,6.611163,2799.666191,324.2,7.105219,2.5,8.0
1671698811.608000,45.332074,6.611039,2796.819418,316.0,4.478063,2.4,8.0
1671698814.604000,45.332173,6.610961,2788.606167,308.9,5.396687,2.5,8.5
1671698816.587000,45.332250,6.610858,2785.596584,0.6,5.062821,2.5,11.1
1671698818.594000,45.332374,6.610802,2778.054746,346.2,8.073702,2.5,13.0
1671698820.595000,45.332508,6.610745,2771.778745,14.3,5.608238,2.4,17.3
1671698823.598000,45.332641,6.610765,2764.047173,5.2,6.284293,2.4,16.8
1671698825.597000,45.332764,6.610774,2759.751444,14.9,6.430425,2.5,16.8
1671698827.596000,45.332881,6.610818,2751.118066,8.2,6.890467,2.4,18.0
1671698829.591000,45.333026,6.610825,2746.682613,19.7,7.381363,2.6,19.3
1671698831.599000,45.333158,6.610886,2742.295670,13.8,7.074693,2.7,18.0
1671698833.594000,45.333276,6.610876,2739.421114,357.9,4.946142,2.8,14.0
1671698835.595000,45.333366,6.610863,2738.524002,10.5,5.665656,2.4,12.8
1671698837.609000,45.333476,6.610863,2736.060082,5.7,3.707011,2.5,13.6
1671698840.599000,45.333560,6.610792,2733.691152,344.7,2.352144,2.4,12.4
1671698844.210000,45.333655,6.610712,2725.339201,294.7,4.627837,2.7,14.9
1671698846.530000,45.333745,6.610623,2721.744029,329.5,4.392088,2.5,14.7
1671698848.931000,45.333831,6.610549,2713.445794,341.5,4.662601,2.9,18.9
1671698851.108000,45.333950,6.610480,2707.551084,270.1,3.155891,3.1,20.1
1671698853.578000,45.333993,6.610301,2702.492972,272.2,8.370410,3.1,18.4
1671698855.585000,45.333976,6.610066,2694.188036,272.6,7.622279,3.2,15.7
1671698857.578000,45.333970,6.609859,2685.527436,278.0,7.672962,3.3,14.8
1671698859.575000,45.333952,6.609643,2679.695491,234.8,10.659810,3.3,16.8
1671698860.576000,45.333897,6.609533,2674.933535,254.2,9.046443,3.1,18.0
1671698862.598000,45.333875,6.609332,2666.257025,296.0,6.326828,3.3,19.2
1671698864.580000,45.333944,6.609131,2660.526189,297.9,10.008623,3.0,16.8
1671698865.580000,45.333978,6.609005,2659.279690,291.8,11.619484,2.7,16.8
1671698866.581000,45.334006,6.608862,2657.684513,289.8,10.920563,2.6,18.0
1671698867.583000,45.334037,6.608729,2655.246525,322.7,10.499982,2.7,17.3
1671698868.595000,45.334103,6.608640,2652.037995,327.8,11.494425,2.8,16.8
1671698869.615000,45.334191,6.608550,2649.210191,318.2,12.413128,2.8,19.2
1671698870.595000,45.334270,6.608436,2643.964850,302.2,12.881902,2.5,16.8
1671698871.601000,45.334330,6.608293,2639.436930,289.9,12.169064,2.8,15.2
1671698872.592000,45.334366,6.608146,2636.046566,291.4,12.007342,2.7,16.0
1671698873.597000,45.334420,6.608020,2635.248034,302.9,11.596974,2.8,16.8
1671698874.601000,45.334494,6.607925,2629.457657,310.7,11.288351,2.9,16.7
1671698876.602000,45.334604,6.607767,2623.945202,296.6,7.629942,2.7,17.6
1671698878.588000,45.334696,6.607627,2619.461017,325.5,8.051524,3.0,18.0
1671698879.595000,45.334772,6.607550,2618.351997,315.4,9.462601,2.8,17.3
1671698880.592000,45.334842,6.607456,2613.530027,300.9,9.495744,3.1,16.7
1671698881.590000,45.334893,6.607342,2611.759135,297.1,9.602212,3.0,14.7
1671698883.589000,45.334985,6.607156,2603.843756,333.1,7.563208,3.2,13.6
1671698885.606000,45.335132,6.607029,2596.935691,316.2,12.431038,2.5,15.2
1671698886.593000,45.335227,6.606899,2591.563194,312.4,12.844147,3.0,16.0
1671698887.598000,45.335301,6.606747,2587.700326,305.1,12.489713,3.0,16.0
1671698888.596000,45.335344,6.606622,2584.753360,311.0,9.327441,2.8,16.0
1671698890.592000,45.335461,6.606488,2574.185343,332.9,8.992996,3.1,18.7
1671698892.598000,45.335604,6.606382,2568.579530,316.9,9.353340,3.1,20.0
1671698894.600000,45.335723,6.606241,2561.474825,346.2,7.326036,2.7,20.8
1671698896.607000,45.335860,6.606138,2557.877859,326.6,8.965448,2.6,16.8
1671698898.591000,45.335976,6.606011,2553.389159,340.3,6.814085,2.5,16.0
1671698900.596000,45.336093,6.605918,2546.868766,318.6,7.830393,2.7,14.0
1671698902.598000,45.336195,6.605756,2542.096008,332.8,7.646541,2.8,14.4
1671698904.589000,45.336327,6.605665,2533.006640,334.1,8.376040,3.0,12.0
1671698906.592000,45.336448,6.605518,2529.018456,314.2,7.728897,2.9,12.0
1671698908.579000,45.336552,6.605360,2519.290536,355.6,6.822935,3.0,13.3
1671698910.588000,45.336660,6.605246,2515.247439,313.6,5.689860,3.1,13.6
1671698912.599000,45.336751,6.605065,2511.210985,333.4,6.450815,3.2,12.8
1671698914.600000,45.336886,6.604951,2505.298683,328.0,7.427260,3.0,12.0
1671698916.602000,45.336999,6.604806,2500.153114,314.2,7.320800,3.3,12.0
1671698918.618000,45.337105,6.604689,2492.649815,335.8,7.474829,3.2,12.0
1671698920.602000,45.337215,6.604574,2487.038102,325.4,7.290995,3.3,12.0
1671698922.601000,45.337315,6.604512,2480.863277,340.6,6.676473,3.1,12.0
1671698924.604000,45.337415,6.604404,2477.144904,311.7,6.373149,2.8,12.0
1671698926.601000,45.337495,6.604313,2471.825251,8.9,5.041200,2.8,12.8
1671698928.607000,45.337590,6.604290,2469.781995,337.7,5.856092,2.7,12.8
1671698930.600000,45.337661,6.604180,2463.067514,326.6,3.935949,2.7,13.3
1671698933.596000,45.337776,6.604089,2455.073892,329.8,6.052199,3.0,13.0
1671698935.589000,45.337861,6.603990,2449.957510,357.1,4.254138,3.1,14.5
1671698938.598000,45.337998,6.603968,2442.646135,4.9,6.882648,3.0,17.6
1671698940.595000,45.338134,6.603924,2436.626974,357.5,6.702425,3.1,17.2
1671698942.598000,45.338231,6.603900,2425.555820,8.0,5.534305,3.1,14.4
1671698944.599000,45.338365,6.603864,2423.241936,336.3,6.107907,3.1,14.0
1671698946.596000,45.338485,6.603720,2416.845776,331.8,6.481136,3.2,12.7
1671698948.608000,45.338607,6.603678,2410.987803,13.0,7.598882,3.2,13.6
1671698950.590000,45.338772,6.603657,2402.522135,343.5,8.183158,3.3,12.7
1671698952.603000,45.338917,6.603577,2397.537522,353.8,6.539290,3.1,12.8
1671698954.605000,45.339032,6.603548,2392.216425,344.0,6.818755,2.8,12.0
1671698956.602000,45.339136,6.603459,2388.300963,321.8,6.152557,2.5,12.0
1671698958.601000,45.339248,6.603360,2382.431589,2.9,6.207850,2.6,12.8
1671698960.599000,45.339383,6.603304,2375.932943,337.2,7.520153,2.6,12.8
1671698962.592000,45.339492,6.603202,2371.004858,329.7,5.774217,2.8,14.7
1671698964.595000,45.339582,6.603122,2367.346509,28.1,5.919984,3.0,15.3
1671698966.594000,45.339699,6.603112,2362.556037,359.6,6.611250,3.0,17.6
1671698968.603000,45.339804,6.603003,2356.156088,329.0,5.025005,3.1,14.4
1671698970.606000,45.339899,6.602935,2351.267994,28.1,5.859900,2.9,14.4
1671698972.594000,45.340000,6.603010,2341.241822,38.5,7.131713,3.2,13.3
1671698974.587000,45.340143,6.603034,2334.371971,355.6,7.614833,2.6,13.3
1671698976.588000,45.340288,6.603035,2331.521792,4.1,8.558169,3.3,12.0
1671698978.618000,45.340460,6.602999,2325.289530,335.6,10.363643,3.1,12.0
1671698979.607000,45.340547,6.602944,2321.626595,359.7,9.524327,3.3,12.0
1671698981.612000,45.340722,6.602948,2315.307912,349.1,9.438854,3.2,16.0
1671698983.593000,45.340853,6.602872,2312.466021,338.1,8.609559,2.8,15.3
1671698985.612000,45.341002,6.602783,2312.912829,337.2,10.655369,2.5,15.3
1671698986.608000,45.341089,6.602723,2307.213600,321.6,11.748062,2.5,15.3
1671698987.600000,45.341171,6.602628,2303.738367,326.9,12.158004,2.5,14.4
1671698988.599000,45.341267,6.602551,2298.491318,338.9,12.429647,2.9,16.8
1671698989.600000,45.341377,6.602490,2292.225561,339.3,13.556478,2.6,19.2
1671698990.598000,45.341492,6.602413,2290.461614,327.8,13.746415,2.7,20.0
1671698991.604000,45.341594,6.602313,2287.818156,324.9,13.149891,2.8,22.0
1671698992.602000,45.341686,6.602216,2287.693763,327.7,12.089783,3.0,24.0
1671698993.594000,45.341770,6.602130,2286.739806,325.2,11.646123,3.1,24.0
1671698994.597000,45.341854,6.602029,2281.902012,318.0,12.130963,3.0,24.0
1671698995.606000,45.341937,6.601915,2280.282117,326.4,11.777636,3.1,24.0
1671698996.601000,45.342026,6.601823,2278.681569,326.0,11.255354,2.9,24.0
1671698997.603000,45.342112,6.601729,2278.440835,320.8,11.387063,3.1,24.0
1671698998.600000,45.342195,6.601608,2277.287269,319.1,11.435287,3.0,21.6
1671698999.589000,45.342275,6.601496,2275.943220,320.3,11.558796,2.6,20.0
1671699000.598000,45.342362,6.601392,2268.973101,324.9,12.173603,2.8,18.0
1671699001.590000,45.342453,6.601292,2272.313131,306.6,11.811350,2.6,16.0
1671699002.595000,45.342520,6.601161,2262.790299,312.8,11.200677,2.9,14.0
1671699003.598000,45.342600,6.601051,2260.370276,323.0,11.402112,2.9,12.0
1671699004.592000,45.342688,6.600956,2265.137960,308.2,10.010466,2.8,12.0
1671699005.587000,45.342744,6.600853,2256.766898,302.4,9.919616,3.1,14.0
1671699007.594000,45.342810,6.600647,2256.996762,322.9,7.025282,3.1,14.0
1671699009.597000,45.342916,6.600529,2250.062675,318.4,7.531580,3.2,14.4
1671699011.588000,45.342997,6.600349,2243.757048,315.4,7.338851,2.9,12.0
1671699013.593000,45.343103,6.600242,2234.720349,324.6,7.761889,2.8,12.0
1671699015.594000,45.343217,6.600099,2236.192204,294.0,8.024549,2.5,14.0
1671699017.621000,45.343264,6.599925,2224.742426,308.9,7.433280,2.8,14.4
1671699019.599000,45.343367,6.599834,2216.860298,349.9,7.572706,2.8,14.4
1671699021.591000,45.343498,6.599769,2214.055005,334.5,8.009074,2.6,13.3
1671699023.598000,45.343592,6.599580,2205.242500,297.4,9.230442,2.9,16.8
1671699024.599000,45.343624,6.599439,2204.259658,311.8,8.464977,2.6,16.0
1671699026.588000,45.343738,6.599268,2195.993527,321.0,9.153222,2.7,15.3
1671699027.583000,45.343802,6.599170,2192.016155,306.7,9.700104,3.0,14.7
1671699028.590000,45.343854,6.599063,2188.345566,289.1,9.673748,2.5,14.7
1671699029.586000,45.343897,6.598914,2184.968223,299.7,9.455267,2.5,14.0
1671699030.579000,45.343944,6.598789,2182.564925,312.7,9.177073,2.6,14.0
1671699031.580000,45.344001,6.598689,2178.569008,332.5,8.791378,2.6,14.0
1671699033.583000,45.344137,6.598550,2172.496567,307.4,9.415051,2.8,14.0
1671699035.591000,45.344205,6.598345,2166.709239,307.4,7.756319,2.9,16.8
1671699037.602000,45.344324,6.598188,2159.146696,327.3,9.544155,2.6,21.6
1671699039.598000,45.344456,6.597978,2154.101397,286.4,7.196569,2.6,21.6
1671699041.593000,45.344501,6.597790,2145.564048,299.6,6.683133,2.8,20.7
1671699043.593000,45.344580,6.597649,2144.874920,338.7,6.729683,2.6,16.7
1671699045.605000,45.344683,6.597570,2143.298616,321.9,6.508084,2.6,12.8
1671699047.598000,45.344764,6.597444,2139.173789,325.3,7.096767,3.0,12.0
1671699049.600000,45.344876,6.597339,2134.440653,326.0,8.669170,3.0,12.0
1671699051.592000,45.344987,6.597204,2120.708991,311.0,7.082520,2.8,14.7
1671699053.596000,45.345071,6.597059,2120.163094,325.5,7.416977,2.8,16.8
1671699055.599000,45.345188,6.596912,2108.946031,296.8,7.057682,2.9,19.2
1671699057.595000,45.345263,6.596733,2102.791765,317.3,7.455828,3.1,20.8
1671699059.597000,45.345401,6.596564,2094.491915,305.5,8.468517,2.8,20.0
1671699061.594000,45.345498,6.596303,2089.299565,272.1,8.886148,2.8,18.0
1671699062.591000,45.345521,6.596147,2085.848710,271.1,9.397835,2.7,17.3
1671699063.609000,45.345533,6.595997,2082.410929,287.6,10.510092,2.9,15.2
1671699064.592000,45.345566,6.595860,2075.737765,301.2,9.953780,2.9,14.7
1671699065.586000,45.345614,6.595748,2070.335707,299.1,10.597713,2.8,14.7
1671699066.591000,45.345658,6.595629,2064.173379,277.1,11.079783,2.5,14.7
1671699067.602000,45.345671,6.595477,2060.142246,275.0,11.261960,2.5,16.0
1671699068.577000,45.345682,6.595337,2056.992521,276.5,10.128598,2.5,16.0
1671699069.602000,45.345706,6.595211,2059.520158,291.0,9.061503,2.7,17.6
1671699071.574000,45.345772,6.595003,2054.331601,281.2,7.725776,2.7,18.7
1671699073.588000,45.345816,6.594787,2050.435653,292.4,8.950364,2.7,18.4
1671699075.581000,45.345893,6.594568,2043.755192,288.5,9.559537,2.9,20.7
1671699076.601000,45.345929,6.594442,2040.749485,271.8,9.295937,3.1,21.6
1671699077.591000,45.345956,6.594307,2037.422965,272.0,10.670829,3.0,20.7
1671699078.586000,45.345966,6.594170,2034.926664,274.3,10.271229,2.6,22.0
1671699079.587000,45.345998,6.594039,2026.240178,287.3,10.605932,2.5,25.6
1671699080.586000,45.346041,6.593911,2023.737922,293.9,10.943035,2.5,27.2
1671699081.579000,45.346111,6.593786,2021.168045,311.7,10.765788,2.5,25.3
1671699082.572000,45.346176,6.593685,2017.652111,313.1,10.286885,3.1,29.3
1671699083.599000,45.346242,6.593588,2013.599096,315.4,9.955566,2.7,35.2
1671699084.597000,45.346307,6.593495,2011.074751,315.6,9.914744,2.7,38.4
1671699087.592000,45.346559,6.593313,1996.099847,2.2,12.067437,2.9,42.7
1671699088.599000,45.346681,6.593291,1996.192975,2.8,12.534022,2.6,40.0
1671699089.572000,45.346805,6.593271,1994.992941,2.5,13.063444,2.6,36.0
1671699090.579000,45.346942,6.593219,1992.773150,8.8,13.234906,2.6,32.0
1671699091.590000,45.347100,6.593076,1991.893014,9.5,12.070599,2.6,28.8
1671699092.585000,45.347219,6.593027,1990.819281,8.9,11.226563,2.8,26.7
1671699093.577000,45.347326,6.593007,1989.311208,8.0,10.588251,2.7,24.0
1671699094.613000,45.347429,6.592999,1988.762977,0.9,10.089641,2.9,19.2
1671699095.610000,45.347526,6.592983,1988.553369,0.9,9.660946,2.9,16.0
1671699096.603000,45.347616,6.592968,1987.317456,359.2,9.657266,2.8,16.0
1671699097.596000,45.347712,6.592951,1986.410969,356.3,9.151868,2.7,16.0
1671699098.592000,45.347804,6.592930,1985.249263,355.1,9.480007,2.6,16.0
1671699099.598000,45.347906,6.592904,1986.710433,352.3,9.524764,3.4,15.3
1671699100.618000,45.348013,6.592873,1984.179808,348.4,9.933149,3.0,14.4
1671699101.606000,45.348124,6.592842,1981.110743,348.9,9.673148,2.7,13.6
1671699102.581000,45.348229,6.592810,1980.571414,348.1,9.604318,2.7,13.3
1671699103.590000,45.348333,6.592772,1982.829146,346.2,9.713300,2.6,12.0
1671699104.594000,45.348428,6.592737,1982.873403,346.0,9.548688,2.6,10.7
1671699105.592000,45.348523,6.592702,1982.022180,342.4,9.921305,2.7,10.0
1671699106.585000,45.348614,6.592656,1981.127380,337.6,9.883809,2.9,9.3
1671699107.597000,45.348700,6.592594,1979.984235,333.1,9.906224,3.0,8.0
1671699108.589000,45.348782,6.592520,1980.104875,329.1,10.162892,2.6,8.0
1671699109.588000,45.348862,6.592440,1978.798720,326.8,10.548624,2.8,8.7
1671699110.598000,45.348945,6.592345,1978.135316,324.3,11.327702,3.0,9.6
1671699111.603000,45.349029,6.592237,1971.428819,321.1,12.096881,2.6,10.4
1671699112.587000,45.349124,6.592120,1965.378771,321.7,13.118419,2.5,10.7
1671699113.588000,45.349221,6.592000,1964.479556,321.0,13.571683,3.2,12.0
1671699114.581000,45.349321,6.591870,1959.545404,319.8,14.307558,2.7,13.3
1671699115.592000,45.349422,6.591737,1958.316549,319.0,14.475125,3.1,14.0
1671699116.594000,45.349526,6.591632,1953.911002,325.2,14.071350,2.7,14.7
1671699117.591000,45.349631,6.591571,1953.441969,336.7,13.045593,2.7,16.0
1671699118.589000,45.349735,6.591507,1946.506894,336.5,12.844702,2.6,19.2
1671699119.587000,45.349826,6.591471,1946.581897,339.5,11.186887,2.9,22.4
1671699121.590000,45.349910,6.591643,1940.080217,50.4,7.681268,3.2,22.7
1671699123.593000,45.349928,6.591807,1940.594944,73.1,6.969594,2.7,20.8
1671699126.593000,45.349898,6.591956,1940.478223,94.6,2.257794,3.3,19.4
1671699130.588000,45.349862,6.592076,1940.858909,129.1,0.830858,2.6,16.0
1671699133.446000,45.349836,6.592203,1942.609013,145.4,0.491105,2.7,13.0
1671699138.125000,45.349795,6.592318,1944.761264,-1.0,0.019328,2.9,6.9
1671699284.620000,45.349698,6.592325,1946.881519,184.8,1.081382,3.0,7.0
1671699286.899000,45.349604,6.592298,1948.152044,198.6,2.428455,3.1,11.4
1671699290.378000,45.349481,6.592272,1949.478179,189.9,2.694391,3.2,13.4
1671699293.319000,45.349382,6.592256,1952.647713,184.8,2.749440,3.1,12.9
1671699297.440000,45.349270,6.592238,1958.440449,188.0,2.693756,3.1,10.4
1671699301.580000,45.349165,6.592221,1962.761443,187.4,2.654211,3.1,10.5
1671699305.181000,45.349072,6.592199,1969.357081,188.5,2.594358,3.2,10.4
1671699309.588000,45.348976,6.592177,1976.575638,188.0,2.627638,3.1,9.7
1671699313.596000,45.348878,6.592154,1982.063355,188.0,2.620382,3.0,6.7
1671699317.602000,45.348784,6.592132,1988.882528,188.0,2.519832,3.1,5.0
1671699321.589000,45.348692,6.592110,1995.132605,189.0,2.492365,3.1,4.0
1671699325.593000,45.348603,6.592090,2002.168462,188.0,2.446574,3.1,4.0
1671699330.595000,45.348491,6.592062,2007.428908,187.2,2.877357,3.1,5.7
1671699334.578000,45.348382,6.592038,2011.956195,188.0,2.848278,3.2,5.0
1671699338.585000,45.348278,6.592014,2016.036504,188.0,2.934944,3.1,4.0
1671699342.602000,45.348178,6.591992,2018.169416,188.0,2.869419,3.0,4.0
1671699346.597000,45.348077,6.591971,2022.394307,188.0,2.850003,3.1,5.3
1671699350.592000,45.347983,6.591950,2025.380324,188.0,2.830705,3.1,6.0
1671699354.595000,45.347873,6.591926,2028.161144,188.0,2.900923,3.1,6.0
1671699358.597000,45.347768,6.591905,2030.460616,188.0,2.931951,3.3,4.7
1671699362.587000,45.347663,6.591882,2027.264632,189.0,2.975532,3.4,4.0
1671699366.591000,45.347559,6.591859,2031.437706,188.0,2.959679,3.0,4.0
1671699370.599000,45.347453,6.591837,2033.048833,188.0,2.992137,3.1,4.0
1671699374.610000,45.347350,6.591820,2036.697820,188.0,2.901318,3.1,4.0
1671699378.609000,45.347244,6.591795,2037.629133,188.0,2.889405,3.1,5.6
1671699382.612000,45.347131,6.591765,2041.104061,188.0,2.967319,3.1,4.3
1671699386.600000,45.347038,6.591743,2039.400955,188.0,2.921522,2.8,4.0
1671699390.618000,45.346931,6.591722,2040.449882,188.0,2.922918,3.4,4.0
1671699394.577000,45.346826,6.591702,2042.485655,188.0,2.933559,3.3,4.0
1671699398.599000,45.346722,6.591678,2043.326536,188.0,2.937328,2.9,4.0
1671699402.615000,45.346613,6.591656,2047.806629,188.0,2.927559,3.0,5.7
1671699406.609000,45.346521,6.591636,2047.076671,188.0,2.932766,3.2,4.4
1671699410.616000,45.346417,6.591614,2048.837324,188.0,2.904314,3.5,4.7
1671699414.599000,45.346315,6.591591,2053.076143,188.0,2.878575,3.0,4.6
1671699418.595000,45.346208,6.591569,2053.950595,188.0,2.850879,3.2,4.3
1671699422.617000,45.346104,6.591547,2057.531709,188.0,2.829341,3.1,5.4
1671699426.603000,45.346013,6.591527,2063.141813,188.0,2.891098,3.1,3.5
1671699430.602000,45.345905,6.591505,2061.791545,188.0,2.907073,2.9,1.5
1671699434.596000,45.345802,6.591483,2062.616106,188.0,2.918491,3.2,2.7
1671699438.602000,45.345698,6.591461,2066.465117,188.0,2.923630,3.0,2.7
1671699442.596000,45.345594,6.591439,2067.873713,188.0,2.926214,3.0,3.3
1671699446.597000,45.345490,6.591417,2069.192306,188.0,2.925646,3.1,3.9
1671699450.600000,45.345387,6.591394,2071.775451,188.0,2.934832,2.9,3.9
1671699454.594000,45.345281,6.591372,2074.288830,188.0,2.936175,3.1,3.4
1671699458.607000,45.345176,6.591350,2072.542595,188.0,2.942436,3.1,3.3
1671699462.603000,45.345071,6.591328,2071.857510,188.0,2.942613,3.2,3.9
1671699466.601000,45.344966,6.591306,2079.819417,188.0,2.942966,3.2,3.9
1671699470.613000,45.344862,6.591285,2077.591483,188.0,2.941332,3.1,3.9
1671699474.600000,45.344757,6.591263,2081.463068,188.0,2.936497,3.4,3.3
1671699478.609000,45.344653,6.591240,2081.830564,188.0,2.932832,2.9,2.0
1671699482.601000,45.344548,6.591218,2085.703039,188.0,2.924293,3.1,3.4
1671699486.614000,45.344441,6.591196,2084.994275,188.0,2.914734,3.1,2.1
1671699490.599000,45.344344,6.591175,2089.449993,188.0,2.907902,3.1,2.8
1671699494.598000,45.344240,6.591154,2094.619263,188.0,2.902875,3.1,3.9
1671699498.605000,45.344138,6.591132,2097.815489,188.0,2.896183,3.3,3.4
1671699502.619000,45.344047,6.591112,2096.575485,188.0,2.895898,3.3,3.6
1671699506.599000,45.343934,6.591088,2101.144324,188.0,2.844113,3.3,3.9
1671699510.600000,45.343843,6.591069,2108.754265,188.0,2.788563,3.1,2.6
1671699514.605000,45.343754,6.591051,2112.501442,188.0,2.741307,3.1,3.9
1671699518.599000,45.343656,6.591030,2117.135448,188.0,2.703491,3.2,3.9
1671699522.601000,45.343563,6.591011,2123.899117,188.0,2.672342,3.1,3.9
1671699526.601000,45.343471,6.590992,2132.333350,188.0,2.645604,3.3,3.9
1671699530.591000,45.343378,6.590972,2138.234296,188.0,2.629621,3.3,3.4
1671699534.605000,45.343287,6.590953,2140.928538,188.0,2.611058,3.3,3.3
1671699538.631000,45.343195,6.590934,2148.042395,188.0,2.631862,3.0,3.0
1671699542.605000,45.343094,6.590916,2151.091298,188.0,2.686628,3.1,3.5
1671699546.599000,45.342996,6.590896,2155.853320,188.0,2.719745,3.0,2.9
1671699550.600000,45.342898,6.590876,2160.245874,188.0,2.737096,3.2,3.5
1671699554.607000,45.342805,6.590857,2167.399039,187.0,2.742857,3.0,2.7
1671699558.622000,45.342697,6.590834,2168.128404,188.0,2.793229,3.4,3.1
1671699562.613000,45.342593,6.590813,2170.169373,188.0,2.827913,3.3,2.9
1671699566.589000,45.342491,6.590792,2172.818767,188.0,2.845766,2.9,2.7
1671699570.603000,45.342389,6.590771,2176.155119,188.0,2.870321,3.2,3.9
1671699574.591000,45.342281,6.590750,2176.685099,188.8,2.881475,3.0,3.9
1671699578.564000,45.342190,6.590727,2178.231427,190.7,2.732649,3.2,5.7
1671699586.363000,45.342097,6.590688,2175.564310,212.9,2.240250,2.9,7.1
1671699588.643000,45.342032,6.590599,2173.534013,220.1,2.713216,3.2,7.0
1671699590.384000,45.341966,6.590504,2172.471210,223.5,3.229205,3.1,6.9
1671699592.617000,45.341880,6.590375,2172.823174,225.1,5.565451,3.2,6.6
1671699594.614000,45.341777,6.590229,2171.552858,223.1,7.778258,2.9,6.4
1671699596.606000,45.341655,6.590066,2170.728663,223.0,8.796038,3.0,5.8
1671699598.611000,45.341526,6.589900,2172.973736,221.2,8.980000,3.1,4.8
1671699600.606000,45.341410,6.589758,2176.776687,221.0,7.723887,2.4,4.7
1671699602.604000,45.341313,6.589645,2164.493815,218.6,6.401469,3.0,4.7
1671699604.598000,45.341237,6.589542,2175.427142,227.8,5.903589,2.5,4.8
1671699606.588000,45.341172,6.589436,2161.599167,223.2,5.117606,3.3,4.7
1671699609.596000,45.341075,6.589324,2169.506096,218.0,4.033846,3.2,5.3
1671699629.597000,45.341028,6.589252,2174.399902,-1.0,0.000000,2.3,6.4
1671699629.597000,45.341028,6.589252,2174.399902,-1.0,0.000000,2.3,6.4
1671699633.600000,45.341034,6.589202,2174.399902,-1.0,0.000010,3.8,6.7
1671699669.470000,45.341045,6.589074,2174.399902,246.1,1.109519,2.9,4.9
1671699672.172000,45.341067,6.588923,2174.399902,273.0,2.485795,2.9,10.2
1671699675.650000,45.341086,6.588754,2174.399902,276.6,3.034419,2.9,13.4
1671699678.651000,45.341102,6.588570,2177.976700,277.1,3.485283,2.7,11.5
1671699681.529000,45.341119,6.588418,2182.445914,277.4,3.456966,3.5,8.0
1671699684.530000,45.341132,6.588281,2185.667566,278.1,3.464334,3.5,7.1
1671699687.450000,45.341149,6.588146,2188.022339,278.8,3.531840,3.4,7.1
1671699690.370000,45.341162,6.588011,2191.309135,277.8,3.482233,3.0,7.0
1671699693.251000,45.341176,6.587878,2193.515009,277.4,3.442321,3.0,7.0
1671699696.596000,45.341191,6.587743,2197.851933,279.0,3.461133,3.4,5.7
1671699699.603000,45.341204,6.587612,2200.385105,278.0,3.442064,3.2,4.5
1671699702.600000,45.341218,6.587484,2204.027922,279.0,3.385851,3.1,4.0
1671699706.609000,45.341237,6.587318,2208.356480,278.0,3.665327,3.2,4.0
1671699709.614000,45.341252,6.587178,2209.820296,277.0,3.564388,3.2,4.0
1671699712.609000,45.341265,6.587044,2211.750544,278.0,3.512389,3.8,4.0
1671699715.602000,45.341278,6.586912,2213.658505,279.0,3.589949,3.8,4.0
1671699718.601000,45.341291,6.586779,2215.175408,279.0,3.522127,3.4,4.0
1671699721.599000,45.341305,6.586644,2217.698620,277.0,3.505061,3.3,4.0
1671699724.600000,45.341319,6.586511,2219.979545,277.0,3.491662,3.6,4.0
1671699727.595000,45.341334,6.586378,2222.391241,278.0,3.470254,3.5,4.0
1671699730.586000,45.341347,6.586247,2224.309700,279.0,3.490012,3.5,4.0
1671699733.605000,45.341361,6.586114,2227.106462,279.6,3.465715,3.5,4.0
1671699736.607000,45.341376,6.585958,2229.627697,279.0,3.559819,3.5,4.0
1671699740.581000,45.341393,6.585797,2231.764875,278.0,3.568498,4.1,4.0
1671699743.595000,45.341407,6.585662,2233.469517,279.0,3.511837,4.2,4.0
1671699746.614000,45.341423,6.585516,2235.379594,278.0,3.497468,3.7,4.0
1671699750.599000,45.341439,6.585367,2238.177343,278.0,3.555653,3.6,4.0
1671699753.599000,45.341454,6.585227,2241.349828,278.0,3.510701,4.6,4.0
1671699756.705000,45.341464,6.585097,2242.312716,273.7,3.476464,2.9,5.1
1671699759.465000,45.341478,6.584966,2245.950875,277.4,3.299454,2.8,6.9
1671699763.663000,45.341498,6.584797,2252.247121,279.1,3.243641,2.8,6.9
1671699767.263000,45.341516,6.584644,2259.274353,279.4,3.171264,2.7,7.1
1671699771.464000,45.341533,6.584485,2266.747229,279.2,3.161937,3.4,7.2
1671699775.464000,45.341548,6.584326,2273.934669,277.9,3.164932,2.8,7.2
1671699779.589000,45.341566,6.584171,2281.932489,278.0,3.062951,2.8,6.6
1671699783.610000,45.341582,6.584014,2290.737048,278.0,3.019124,3.7,4.0
1671699787.592000,45.341598,6.583862,2297.104943,279.0,3.009483,2.8,4.0
1671699791.586000,45.341613,6.583710,2305.241908,278.9,3.016822,2.8,4.0
1671699795.581000,45.341630,6.583558,2313.581131,278.0,3.008183,2.8,4.0
1671699799.602000,45.341646,6.583408,2322.375247,279.0,2.996559,3.4,4.0
1671699803.594000,45.341661,6.583255,2331.395713,279.0,3.436406,3.2,4.0
1671699807.590000,45.341678,6.583090,2337.847758,279.0,3.205143,2.8,4.0
1671699811.597000,45.341694,6.582934,2346.141560,278.0,3.146339,3.7,4.0
1671699815.599000,45.341713,6.582775,2352.391094,277.0,3.119983,2.9,4.0
1671699819.599000,45.341729,6.582620,2359.616401,277.0,3.074575,2.8,4.0
1671699823.610000,45.341744,6.582465,2367.955698,277.0,3.080836,2.8,4.0
1671699827.607000,45.341760,6.582311,2375.607518,278.0,3.018102,3.4,4.0
1671699831.592000,45.341777,6.582157,2383.375376,277.0,2.993658,3.4,4.0
1671699835.604000,45.341796,6.581998,2392.322925,279.0,3.400292,2.9,4.9
1671699839.600000,45.341814,6.581838,2398.426067,278.0,3.239402,3.0,4.0
1671699843.620000,45.341833,6.581677,2404.243172,279.0,3.195230,2.9,4.0
1671699847.605000,45.341850,6.581515,2411.191985,278.0,3.176531,2.8,4.0
1671699851.591000,45.341869,6.581354,2418.144706,279.0,3.172076,2.8,4.0
1671699855.594000,45.341888,6.581195,2425.620774,279.0,3.126655,3.3,4.0
1671699859.596000,45.341905,6.581038,2432.853198,278.0,3.091716,3.3,4.0
1671699863.597000,45.341922,6.580881,2440.403073,278.0,3.132475,2.8,4.0
1671699867.602000,45.341940,6.580725,2447.998716,278.0,3.063326,2.7,4.0
1671699871.596000,45.341956,6.580573,2456.161978,278.0,3.049592,3.1,4.0
1671699875.606000,45.341974,6.580423,2463.976856,279.0,3.051767,2.8,4.0
1671699879.614000,45.341990,6.580264,2472.263803,277.0,3.084183,2.8,4.0
1671699883.600000,45.342005,6.580110,2477.608418,279.0,3.416230,2.8,4.0
1671699886.601000,45.342022,6.579954,2478.523719,278.0,3.585670,3.4,4.0
1671699889.596000,45.342037,6.579817,2479.818371,278.0,3.606353,3.4,4.0
1671699892.601000,45.342052,6.579682,2480.668084,278.0,2.591761,2.8,5.2
1671699895.594000,45.342062,6.579529,2481.572931,275.8,2.534721,2.8,4.8
1671699902.603000,45.342087,6.579406,2482.060980,270.7,0.103196,2.9,6.0
1671699906.594000,45.342186,6.579326,2480.795025,353.8,3.942200,2.8,6.0
1671699908.595000,45.342278,6.579326,2480.606699,11.9,4.695089,2.8,6.0
1671699910.598000,45.342370,6.579383,2479.487975,39.1,5.181431,2.8,6.0
1671699912.611000,45.342448,6.579505,2478.106704,52.7,5.963027,2.8,6.0
1671699914.607000,45.342511,6.579641,2476.165146,52.0,4.714553,3.4,6.0
1671699917.598000,45.342588,6.579790,2475.607417,52.0,4.888359,3.3,6.0
1671699919.896000,45.342645,6.579911,2475.420613,53.1,4.105218,3.3,6.6
1671699922.174000,45.342702,6.580021,2474.875566,50.8,4.442722,2.8,7.1
1671699924.575000,45.342757,6.580137,2474.087830,53.6,4.839139,2.8,8.2
1671699926.762000,45.342817,6.580250,2473.613788,81.3,3.486979,2.8,7.8
1671699929.161000,45.342875,6.580349,2473.808223,53.6,2.492045,3.1,7.4
1671699949.462000,45.342930,6.580364,2475.174254,-1.0,0.000000,3.2,4.5
1671699949.462000,45.342930,6.580364,2475.174254,-1.0,0.000000,3.2,4.5
1671699976.158000,45.342966,6.580349,2474.584106,-1.0,0.002378,3.3,5.1
1671699983.879000,45.342943,6.580199,2474.545303,239.4,2.963260,2.8,10.6
1671699985.079000,45.342889,6.580063,2474.517883,235.6,4.189529,2.7,11.0
1671699987.385000,45.342826,6.579950,2474.447055,229.5,3.970629,3.1,9.9
1671699990.300000,45.342758,6.579818,2478.364478,230.4,3.902426,2.8,6.7
1671699993.299000,45.342688,6.579693,2481.603092,230.6,3.898291,2.9,6.6
1671699996.299000,45.342615,6.579560,2484.833724,231.7,4.001210,2.8,6.6
1671699999.699000,45.342539,6.579429,2488.241270,230.0,4.027907,2.8,7.0
1671700002.698000,45.342471,6.579309,2492.219690,229.0,3.949241,3.4,6.8
1671700005.539000,45.342411,6.579190,2495.999270,232.2,3.910357,3.4,7.0
1671700008.603000,45.342345,6.579077,2499.486612,233.0,3.840686,2.9,6.5
1671700011.596000,45.342276,6.578962,2503.193420,230.0,3.856569,2.8,5.1
1671700014.603000,45.342212,6.578847,2507.521157,228.2,3.795155,3.0,4.0
1671700017.597000,45.342147,6.578734,2511.429931,231.0,3.768243,3.1,4.0
1671700020.580000,45.342081,6.578621,2515.386123,231.0,3.695709,2.8,4.0
1671700023.621000,45.342017,6.578508,2520.522545,229.0,3.775744,2.9,4.0
1671700026.598000,45.341952,6.578393,2525.167044,229.0,3.737874,2.8,4.0
1671700029.620000,45.341883,6.578271,2529.184824,232.0,3.729343,2.8,4.0
1671700033.596000,45.341806,6.578140,2536.372120,233.0,3.730551,3.3,4.0
1671700036.585000,45.341741,6.578028,2541.172767,230.0,3.640993,3.2,4.0
1671700039.612000,45.341672,6.577908,2546.292495,227.0,3.735563,2.9,4.0
1671700042.588000,45.341612,6.577804,2550.055396,230.0,3.757122,2.7,4.0
1671700045.602000,45.341543,6.577688,2555.913252,230.0,3.770117,3.7,4.0
1671700048.604000,45.341482,6.577584,2558.838754,229.0,3.752888,2.8,4.0
1671700051.596000,45.341416,6.577467,2563.196687,231.0,3.738952,2.9,4.0
1671700054.613000,45.341345,6.577346,2567.187913,232.0,3.779814,2.8,4.0
1671700058.597000,45.341267,6.577214,2573.178247,232.0,3.740833,2.8,4.0
1671700061.603000,45.341202,6.577101,2578.643157,228.0,3.678216,3.4,4.0
1671700064.615000,45.341143,6.576995,2583.393840,230.0,3.691454,3.3,4.0
1671700067.596000,45.341078,6.576887,2588.465473,233.8,3.742720,2.9,4.0
1671700070.596000,45.341011,6.576773,2592.639738,229.5,3.669932,2.8,4.0
1671700073.598000,45.340953,6.576668,2598.220422,226.3,3.642839,3.1,4.0
1671700077.041000,45.340887,6.576556,2604.022953,231.1,3.646219,3.0,4.4
1671700080.577000,45.340807,6.576425,2610.771070,230.4,3.707190,2.9,5.8
1671700083.497000,45.340745,6.576322,2616.969588,229.6,3.605963,2.8,7.0
1671700086.593000,45.340686,6.576214,2622.681255,230.0,3.539446,2.8,6.5
1671700089.375000,45.340626,6.576108,2628.690690,231.1,3.567622,3.4,5.4
1671700092.296000,45.340567,6.576005,2634.437833,230.7,3.516931,3.4,6.3
1671700095.296000,45.340505,6.575899,2640.592375,229.8,3.530395,2.9,8.9
1671700098.597000,45.340443,6.575791,2646.712335,230.0,3.461334,2.8,9.7
1671700101.599000,45.340383,6.575688,2652.784427,229.0,3.455804,3.0,6.0
1671700104.601000,45.340324,6.575585,2659.268740,229.0,3.510117,3.1,4.0
1671700107.605000,45.340265,6.575484,2666.013780,231.0,3.489610,2.8,4.0
1671700110.587000,45.340206,6.575383,2672.394432,231.0,3.410325,2.7,4.0
1671700113.591000,45.340148,6.575282,2679.054348,229.0,3.364553,2.8,4.0
1671700116.595000,45.340090,6.575181,2685.699016,228.0,3.420687,2.8,4.0
1671700119.601000,45.340032,6.575082,2692.636283,230.0,3.419870,3.4,4.0
1671700122.598000,45.339972,6.574980,2699.772536,232.0,3.377446,3.4,4.0
1671700125.606000,45.339908,6.574870,2707.063272,228.0,3.314772,2.8,4.0
1671700129.596000,45.339839,6.574750,2716.166978,228.0,3.627652,2.7,4.3
1671700132.591000,45.339780,6.574643,2722.202178,228.2,3.533986,3.1,4.3
1671700135.622000,45.339716,6.574531,2728.863758,233.0,3.466002,2.8,4.0
1671700139.594000,45.339645,6.574412,2737.557541,233.0,3.478214,2.8,4.0
1671700142.598000,45.339584,6.574311,2743.951249,231.8,3.376620,2.8,4.0
1671700145.618000,45.339522,6.574202,2751.349193,230.0,3.410613,2.8,4.0
1671700149.595000,45.339452,6.574076,2760.109542,226.0,3.425804,3.4,4.0
1671700152.594000,45.339391,6.573972,2767.574844,232.0,3.377325,3.2,4.0
1671700155.609000,45.339326,6.573865,2773.758097,232.0,3.319993,2.9,4.0
1671700159.624000,45.339256,6.573743,2783.180002,230.4,3.346242,3.0,4.0
1671700162.630000,45.339189,6.573625,2789.579842,228.0,4.138381,3.1,4.0
1671700165.625000,45.339122,6.573503,2792.622849,227.1,3.994378,2.8,4.0
1671700168.619000,45.339065,6.573403,2796.466514,230.1,4.062435,2.8,4.0
1671700171.618000,45.338987,6.573274,2796.964421,230.0,4.094259,2.8,4.0
1671700174.608000,45.338921,6.573161,2796.790063,230.0,4.084232,2.8,4.0
1671700177.608000,45.338861,6.573050,2796.981873,230.5,3.644730,3.4,4.2
1671700186.132000,45.338804,6.572928,2797.565759,215.1,1.849556,2.8,6.7
1671700188.413000,45.338730,6.572851,2796.607466,222.3,3.244099,2.9,8.8
1671700190.637000,45.338672,6.572725,2796.161530,241.1,4.198991,3.0,9.5
1671700192.140000,45.338674,6.572586,2794.245464,250.8,4.520582,3.1,9.4
1671700195.739000,45.338770,6.572549,2788.238980,309.2,2.958832,2.8,10.0
1671700197.605000,45.338842,6.572457,2784.658010,311.3,5.494568,2.8,9.1
1671700199.603000,45.338944,6.572375,2780.011585,325.1,6.776009,2.8,8.3
1671700201.595000,45.339059,6.572268,2772.809919,331.5,7.107282,2.6,7.6
1671700203.605000,45.339179,6.572176,2767.346135,333.3,7.922046,2.6,8.0
1671700205.587000,45.339315,6.572076,2759.851121,323.2,8.669304,3.4,8.0
1671700207.585000,45.339455,6.571925,2754.158832,324.0,9.922504,3.4,8.0
1671700208.590000,45.339532,6.571845,2753.492927,328.9,10.175160,3.4,8.0
1671700209.580000,45.339614,6.571772,2747.518912,322.3,10.650558,3.4,8.0
1671700210.594000,45.339693,6.571684,2746.993312,328.5,10.278664,3.3,8.0
1671700211.598000,45.339778,6.571607,2740.199790,326.0,10.959761,3.2,8.0
1671700212.599000,45.339861,6.571523,2738.910575,326.0,10.386442,2.8,8.0
1671700213.604000,45.339944,6.571445,2735.559625,330.9,10.793908,2.9,8.0
1671700214.600000,45.340037,6.571372,2731.018415,326.1,11.188540,2.8,8.0
1671700215.598000,45.340125,6.571292,2729.308069,325.0,10.584914,2.8,8.0
1671700216.595000,45.340206,6.571213,2727.625963,333.6,10.206065,2.8,8.0
1671700217.610000,45.340291,6.571154,2723.892394,327.3,10.083885,2.7,8.0
1671700218.609000,45.340371,6.571083,2722.713994,323.1,10.480069,3.0,8.0
1671700219.608000,45.340446,6.571001,2721.892768,335.7,9.412006,3.1,8.0
1671700221.613000,45.340606,6.570878,2717.024528,333.0,11.167259,3.1,8.0
1671700222.602000,45.340700,6.570808,2716.745950,338.9,11.116301,2.9,8.0
1671700223.610000,45.340799,6.570750,2714.338952,344.3,11.961631,2.8,8.0
1671700224.596000,45.340905,6.570707,2712.388179,344.2,12.093439,2.8,8.0
1671700225.596000,45.341017,6.570658,2709.379986,340.0,13.590270,2.9,8.0
1671700226.602000,45.341140,6.570595,2705.160789,340.0,14.465245,2.8,8.0
1671700227.603000,45.341271,6.570532,2698.844828,341.7,14.950525,2.8,8.0
1671700228.590000,45.341403,6.570480,2695.497083,345.4,14.861741,2.8,8.0
1671700229.603000,45.341542,6.570437,2689.455077,347.0,14.380753,2.8,8.0
1671700230.591000,45.341671,6.570396,2688.583593,348.0,13.297356,2.6,8.0
1671700231.598000,45.341792,6.570357,2687.478625,349.0,12.064021,2.6,8.0
1671700232.606000,45.341901,6.570328,2685.577197,351.0,11.040793,2.6,8.0
1671700233.597000,45.342001,6.570303,2684.056363,352.0,10.176800,2.6,8.0
1671700234.602000,45.342094,6.570284,2682.943411,354.0,9.872456,3.4,8.0
1671700235.596000,45.342183,6.570266,2681.871057,354.0,9.241260,3.4,8.0
1671700237.598000,45.342341,6.570238,2680.248302,352.0,8.797861,3.4,8.0
1671700239.600000,45.342501,6.570199,2678.390144,349.2,9.013783,3.3,7.3
1671700241.599000,45.342665,6.570162,2675.948154,354.1,9.373303,2.8,6.7
1671700243.613000,45.342832,6.570149,2673.580953,357.4,9.317162,2.8,6.0
1671700245.597000,45.343001,6.570144,2671.466555,359.0,9.501857,2.8,6.0
1671700247.589000,45.343176,6.570154,2669.278814,2.1,9.825950,3.0,6.0
1671700248.601000,45.343266,6.570159,2667.260433,0.1,9.844462,3.1,6.0
1671700250.600000,45.343436,6.570166,2664.391745,4.6,8.759510,3.1,6.0
1671700252.601000,45.343577,6.570187,2661.933160,6.7,7.845336,2.8,6.0
1671700254.589000,45.343689,6.570253,2657.864985,23.1,7.072278,2.9,6.3
1671700256.581000,45.343796,6.570286,2654.651872,358.7,6.036530,2.8,7.0
1671700259.604000,45.343905,6.570311,2650.396171,23.3,5.387577,2.6,8.0
1671700261.604000,45.343995,6.570354,2646.933629,2.5,6.227502,2.6,8.0
1671700263.584000,45.344092,6.570364,2642.986965,15.9,5.279027,3.4,8.0
1671700266.599000,45.344199,6.570421,2634.297141,6.3,5.308623,3.4,8.0
1671700268.586000,45.344288,6.570380,2629.724556,335.7,4.215446,3.3,8.0
1671700271.594000,45.344401,6.570327,2619.457932,53.6,4.887513,2.9,8.6
1671700274.447000,45.344485,6.570410,2614.546541,345.5,4.680501,2.8,11.4
1671700276.752000,45.344584,6.570356,2609.809016,321.5,4.539170,3.0,14.8
1671700278.954000,45.344674,6.570294,2605.582700,13.0,4.068071,3.1,15.2
1671700281.584000,45.344782,6.570321,2599.508335,357.6,6.020629,2.9,13.4
1671700283.591000,45.344912,6.570302,2594.816359,2.0,5.503655,2.9,12.2
1671700285.608000,45.345007,6.570318,2591.192544,3.7,5.755370,2.8,10.9
1671700287.597000,45.345122,6.570303,2589.619933,333.6,4.805668,2.6,11.2
1671700292.033000,45.345209,6.570263,2581.440785,48.1,2.951089,2.6,20.2
1671700296.096000,45.345317,6.570269,2574.484047,37.6,4.300712,3.4,20.3
1671700298.954000,45.345407,6.570337,2569.557685,14.9,3.853939,3.2,20.4
1671700301.296000,45.345515,6.570324,2565.520528,7.8,4.108247,2.9,20.8
1671700305.496000,45.345557,6.570474,2557.096983,98.3,3.476218,3.0,20.0
1671700308.955000,45.345663,6.570524,2552.727246,10.3,3.097268,3.1,14.9
1671700311.896000,45.345755,6.570569,2547.947854,23.6,4.232173,2.8,13.6
1671700314.593000,45.345874,6.570678,2541.410337,40.0,5.650858,2.8,12.6
1671700316.598000,45.345974,6.570776,2536.945449,63.9,6.053914,2.6,10.4
1671700318.594000,45.346036,6.570910,2533.204667,39.9,5.112090,2.6,8.0
1671700320.593000,45.346131,6.570975,2529.781612,38.0,5.429169,2.6,9.2
1671700322.953000,45.346211,6.571065,2527.713304,29.7,4.791887,3.4,12.6
1671700325.855000,45.346278,6.571161,2523.813330,49.6,4.237430,3.4,13.9
1671700328.615000,45.346363,6.571200,2518.613796,19.6,3.125881,2.8,13.8
1671700331.495000,45.346443,6.571308,2511.783710,25.7,4.244959,2.8,13.7
1671700333.835000,45.346545,6.571321,2507.042915,5.6,4.173118,2.7,13.8
1671700336.657000,45.346641,6.571341,2501.389601,31.3,3.419178,3.1,13.8
1671700339.616000,45.346791,6.571394,2494.638118,9.9,5.310915,2.8,12.5
1671700341.600000,45.346885,6.571405,2491.447595,13.6,5.082026,2.8,11.5
1671700345.411000,45.346956,6.571504,2483.981948,53.3,3.753216,2.6,12.2
1671700348.275000,45.347039,6.571555,2477.986651,7.2,3.232122,2.6,11.0
1671700351.634000,45.347131,6.571623,2476.278898,32.6,4.038060,3.4,12.6
1671700353.607000,45.347240,6.571633,2469.626324,350.5,5.373826,3.4,12.8
1671700355.598000,45.347332,6.571615,2464.871534,36.2,4.444021,3.3,11.5
1671700359.162000,45.347437,6.571672,2458.364720,17.2,3.265231,2.9,12.5
1671700362.601000,45.347492,6.571792,2449.968443,24.2,6.140974,2.7,12.7
1671700364.591000,45.347573,6.571912,2444.104452,67.2,7.191722,3.1,11.6
1671700366.616000,45.347647,6.572086,2439.048488,39.1,7.307044,3.1,8.8
1671700368.594000,45.347758,6.572246,2437.216960,56.9,7.050002,2.8,8.0
1671700370.603000,45.347852,6.572406,2435.817303,45.1,6.009276,2.8,8.0
1671700372.599000,45.347986,6.572526,2430.939542,45.9,8.716500,2.8,8.0
1671700374.589000,45.348110,6.572711,2426.552874,42.0,9.238784,2.6,8.0
1671700375.600000,45.348179,6.572796,2423.428343,30.3,10.309920,2.6,8.0
1671700376.581000,45.348266,6.572862,2417.610266,42.8,11.169883,2.7,8.0
1671700377.581000,45.348344,6.572960,2416.854721,51.9,10.897396,2.7,8.0
1671700378.586000,45.348411,6.573074,2411.831123,46.0,10.269203,2.7,8.0
1671700379.589000,45.348485,6.573174,2410.081519,44.1,9.493448,3.3,8.0
1671700381.597000,45.348588,6.573331,2406.692332,57.9,6.987275,3.4,8.0
1671700383.582000,45.348666,6.573500,2405.121547,64.8,9.141771,3.4,8.0
1671700385.591000,45.348719,6.573734,2402.327076,92.0,9.828403,3.2,8.0
1671700387.582000,45.348675,6.573966,2398.775425,115.8,9.876105,2.9,8.0
1671700388.595000,45.348624,6.574080,2396.428247,120.0,10.198246,2.9,7.6
1671700389.584000,45.348564,6.574194,2395.071205,127.0,11.117426,2.8,7.3
1671700390.603000,45.348491,6.574303,2394.076359,134.4,10.718953,2.8,6.8
1671700391.610000,45.348416,6.574392,2391.513358,141.4,10.858424,2.8,6.4
1671700392.618000,45.348335,6.574476,2388.051570,139.5,10.951293,3.1,6.4
1671700393.596000,45.348260,6.574558,2385.978640,141.9,10.532682,3.0,6.8
1671700394.579000,45.348184,6.574633,2382.220323,141.1,10.369735,3.1,7.0
1671700396.584000,45.348039,6.574774,2376.347878,141.1,10.191804,2.8,7.7
1671700397.597000,45.347963,6.574845,2375.954969,142.0,11.035856,2.9,8.0
1671700398.595000,45.347884,6.574919,2374.785336,142.9,10.431602,2.8,8.0
1671700399.580000,45.347807,6.574995,2368.634293,142.0,10.268970,2.8,8.0
1671700401.610000,45.347687,6.575122,2365.670019,141.0,6.835762,2.8,8.0
1671700404.607000,45.347630,6.575244,2363.604651,108.9,1.117824,2.7,8.0
1671700408.585000,45.347688,6.575376,2360.621239,30.8,5.099936,3.3,8.0
1671700410.596000,45.347785,6.575445,2354.540179,41.6,5.145355,3.4,8.0
1671700412.583000,45.347852,6.575607,2349.196188,52.5,5.434388,3.3,8.0
1671700414.605000,45.347942,6.575726,2345.172417,30.9,6.537061,3.2,8.0
1671700416.600000,45.348023,6.575837,2340.487792,68.7,6.093480,2.9,8.0
1671700418.594000,45.348087,6.575988,2336.111274,31.4,6.140653,2.9,8.8
1671700420.591000,45.348201,6.576071,2328.455820,45.7,7.021640,2.9,10.0
1671700422.586000,45.348270,6.576224,2322.153480,93.6,7.170434,3.1,10.7
1671700424.600000,45.348286,6.576403,2317.384054,65.0,5.044544,3.2,11.2
1671700426.594000,45.348389,6.576507,2310.460069,30.0,8.406357,3.1,11.3
1671700428.596000,45.348545,6.576659,2304.976890,60.7,8.561834,3.0,12.0
1671700429.593000,45.348610,6.576765,2302.449539,53.5,8.413448,3.0,11.3
1671700431.607000,45.348745,6.576919,2300.119282,36.1,9.263879,3.0,9.6
1671700432.602000,45.348824,6.576992,2298.451478,41.7,9.302277,2.8,8.8
1671700433.598000,45.348893,6.577076,2295.236116,29.6,9.035228,2.9,8.0
1671700435.592000,45.349054,6.577183,2291.378237,30.7,9.286172,2.9,8.0
1671700436.593000,45.349136,6.577248,2290.678920,44.2,8.941762,2.8,8.0
1671700438.593000,45.349255,6.577428,2286.441437,48.0,7.897148,3.3,8.0
1671700440.597000,45.349363,6.577551,2283.643479,22.9,6.818980,3.3,8.0
1671700442.586000,45.349486,6.577587,2281.473516,9.5,6.157332,3.3,8.0
1671700444.577000,45.349599,6.577590,2277.945857,353.4,6.973418,3.0,8.0
1671700446.594000,45.349726,6.577535,2273.575157,349.5,7.781664,3.0,8.0
1671700448.593000,45.349867,6.577498,2266.319445,351.2,8.657330,3.0,8.0
1671700450.585000,45.350014,6.577477,2261.242038,4.6,7.589918,3.0,9.6
1671700452.574000,45.350156,6.577515,2255.899127,5.2,8.950066,3.1,10.7
1671700454.597000,45.350329,6.577565,2247.779399,18.6,10.221734,3.1,12.0
1671700456.599000,45.350495,6.577641,2240.790578,11.2,10.284784,3.0,11.3
1671700458.610000,45.350652,6.577707,2236.163083,25.3,9.384509,3.0,9.6
1671700460.617000,45.350809,6.577773,2231.779598,3.7,9.702790,2.8,8.0
1671700462.592000,45.350969,6.577847,2228.317917,29.5,8.568234,2.9,8.0
1671700464.600000,45.351136,6.577954,2224.968789,18.1,9.489717,2.9,8.0
1671700465.583000,45.351224,6.577993,2222.472264,25.1,8.688208,2.9,8.0
1671700467.596000,45.351375,6.578082,2217.428906,20.3,7.643298,2.9,8.0
1671700469.593000,45.351511,6.578137,2215.262365,28.1,7.339969,3.2,8.0
1671700471.604000,45.351635,6.578235,2210.383480,28.6,7.741596,3.2,8.0
1671700473.582000,45.351780,6.578339,2206.021376,28.5,8.703371,3.1,8.0
1671700475.606000,45.351946,6.578416,2200.447640,16.9,9.586455,2.9,8.0
1671700476.592000,45.352035,6.578454,2198.747009,25.2,9.389732,3.0,8.0
1671700478.592000,45.352198,6.578540,2193.233450,8.1,8.659119,2.9,8.0
1671700480.603000,45.352380,6.578606,2186.628516,23.0,11.224000,2.8,8.0
1671700481.608000,45.352486,6.578668,2185.402776,11.2,12.140641,3.0,8.0
1671700482.582000,45.352607,6.578700,2183.049487,13.0,12.768436,3.1,8.0
1671700483.605000,45.352728,6.578738,2181.443848,25.0,13.222795,3.1,8.0
1671700484.597000,45.352843,6.578816,2180.031975,31.9,13.868891,3.1,8.0
1671700485.592000,45.352954,6.578910,2177.940744,25.2,13.456614,3.0,8.0
1671700486.580000,45.353070,6.578982,2172.864008,14.4,13.445030,3.0,8.0
1671700487.609000,45.353194,6.579017,2171.562370,15.0,12.553146,3.0,8.0
1671700488.573000,45.353309,6.579052,2170.782665,21.9,12.858571,2.9,8.0
1671700489.603000,45.353432,6.579118,2170.188680,27.7,13.203690,2.9,8.0
1671700490.607000,45.353543,6.579200,2168.277376,24.0,12.697353,2.8,8.0
1671700491.603000,45.353649,6.579270,2165.291295,25.0,11.420587,2.9,8.0
1671700492.581000,45.353736,6.579334,2164.631037,31.0,10.597577,2.7,8.0
1671700493.581000,45.353815,6.579402,2164.294403,29.0,10.843753,2.8,8.0
1671700494.589000,45.353897,6.579467,2162.765368,25.1,10.618713,2.8,8.0
1671700495.602000,45.353985,6.579522,2160.607968,18.3,11.124941,2.8,8.0
1671700496.593000,45.354084,6.579560,2158.534565,13.1,11.954788,2.9,8.0
1671700497.599000,45.354194,6.579587,2156.760523,11.0,12.822011,3.2,8.0
1671700498.599000,45.354310,6.579614,2154.997761,14.0,13.085752,3.2,8.0
1671700499.589000,45.354424,6.579651,2152.558358,23.9,12.973943,3.2,8.0
1671700500.596000,45.354531,6.579720,2152.183128,37.6,12.967011,3.2,8.0
1671700501.611000,45.354621,6.579825,2150.518244,36.6,11.965654,3.2,8.0
1671700502.598000,45.354702,6.579911,2148.379650,26.7,10.931491,3.1,8.0
1671700503.597000,45.354790,6.579970,2145.275613,27.0,10.555367,3.1,8.0
1671700504.595000,45.354864,6.580044,2143.902740,36.3,10.256124,2.9,8.0
1671700505.623000,45.354934,6.580130,2140.443824,47.6,10.062730,3.0,8.0
1671700506.622000,45.354994,6.580225,2138.887903,34.0,10.234000,2.9,8.0
1671700507.615000,45.355075,6.580288,2137.717249,16.1,11.153027,2.9,8.0
1671700508.598000,45.355174,6.580321,2134.409075,14.7,11.563575,2.8,8.0
1671700509.591000,45.355279,6.580360,2132.816446,18.5,11.616765,2.8,8.0
1671700510.584000,45.355382,6.580415,2131.039405,24.8,11.725332,3.1,8.0
1671700511.603000,45.355490,6.580480,2128.144834,23.1,12.556040,3.1,8.0
1671700512.600000,45.355610,6.580542,2122.682241,20.0,13.680481,3.1,8.0
1671700513.606000,45.355742,6.580580,2119.725134,10.8,14.249393,3.1,8.0
1671700514.605000,45.355880,6.580584,2116.935134,0.4,14.368165,3.0,8.0
1671700515.606000,45.356018,6.580579,2114.978728,359.2,14.129729,3.0,8.0
1671700516.606000,45.356153,6.580567,2112.020035,356.3,13.819427,3.0,8.0
1671700517.600000,45.356284,6.580551,2110.981785,357.9,13.671901,2.9,8.0
1671700518.599000,45.356412,6.580541,2110.031087,359.9,13.131079,2.8,8.0
1671700519.612000,45.356536,6.580536,2108.099636,0.9,12.494773,2.8,8.0
1671700520.600000,45.356653,6.580535,2106.840767,1.0,12.070825,2.9,7.7
1671700521.605000,45.356766,6.580534,2105.112190,1.0,11.787151,2.7,7.3
1671700522.599000,45.356874,6.580532,2104.244147,359.1,11.506033,2.9,7.0
1671700523.593000,45.356979,6.580526,2102.953908,358.0,11.366074,2.8,6.7
1671700524.601000,45.357086,6.580516,2101.930665,357.0,11.251644,2.8,6.3
1671700525.602000,45.357189,6.580503,2099.843116,356.0,11.050261,2.9,6.0
1671700526.602000,45.357289,6.580490,2099.056018,356.0,10.837824,3.2,6.0
1671700527.618000,45.357389,6.580478,2097.070051,356.0,10.902528,3.2,6.0
1671700528.603000,45.357487,6.580465,2095.602343,354.1,10.966133,3.2,6.0
1671700529.594000,45.357588,6.580449,2094.191823,354.0,11.098178,3.2,6.0
1671700530.613000,45.357689,6.580434,2092.763427,354.0,10.969266,3.1,6.0
1671700531.626000,45.357788,6.580420,2092.145047,355.0,10.559535,3.1,6.0
1671700532.614000,45.357882,6.580409,2090.354848,354.0,10.433258,3.1,5.7
1671700533.600000,45.357976,6.580395,2089.543912,354.0,10.314567,3.0,5.3
1671700534.601000,45.358069,6.580383,2088.623171,355.0,10.085342,2.9,4.8
1671700535.599000,45.358159,6.580373,2087.637882,355.6,9.917555,2.9,4.7
1671700537.597000,45.358330,6.580356,2085.915842,356.0,9.156478,2.9,4.3
1671700539.594000,45.358497,6.580335,2084.379755,355.0,9.826216,3.1,5.0
1671700540.602000,45.358587,6.580322,2083.071637,355.0,9.873384,3.1,5.6
1671700541.604000,45.358676,6.580309,2081.934750,355.0,9.966697,3.1,5.6
1671700542.592000,45.358767,6.580298,2080.606576,356.0,10.060471,3.1,5.7
1671700543.620000,45.358862,6.580288,2080.086931,356.0,10.288086,3.0,5.2
1671700544.626000,45.358957,6.580278,2079.156977,355.0,10.388757,3.0,4.8
1671700545.597000,45.359050,6.580266,2077.421592,355.0,10.434485,3.0,4.7
1671700546.626000,45.359146,6.580254,2076.519574,355.0,10.451688,2.9,4.4
1671700547.600000,45.359237,6.580242,2075.360081,354.0,10.422460,2.9,4.0
1671700548.615000,45.359332,6.580227,2073.914789,354.0,10.516633,2.8,4.0
1671700549.606000,45.359425,6.580213,2073.319720,353.0,10.520166,2.9,4.3
1671700550.611000,45.359518,6.580198,2071.889646,351.2,10.249992,2.8,4.8
1671700552.608000,45.359688,6.580136,2069.961753,342.3,9.373045,2.8,4.8
1671700554.618000,45.359835,6.580050,2069.569518,339.1,8.339842,2.9,5.2
1671700556.600000,45.359980,6.579980,2069.126452,342.4,8.399789,3.2,6.0
1671700558.603000,45.360120,6.579915,2066.943858,341.2,8.918201,3.2,6.4
1671700560.613000,45.360277,6.579837,2065.277623,340.9,9.198115,3.1,6.0
1671700562.605000,45.360433,6.579756,2062.320992,339.4,9.243965,3.0,5.7
1671700564.595000,45.360590,6.579673,2060.204575,340.3,9.631448,2.9,6.0
1671700566.615000,45.360750,6.579598,2057.869654,343.0,9.401945,2.9,6.0
1671700568.594000,45.360907,6.579531,2055.828185,343.0,9.325956,3.0,6.0
1671700570.609000,45.361065,6.579457,2054.189862,337.4,9.190018,3.1,6.0
1671700572.591000,45.361222,6.579363,2051.774172,337.5,9.476602,3.0,6.0
1671700574.608000,45.361387,6.579293,2050.187873,345.0,9.463377,3.0,6.0
1671700576.600000,45.361552,6.579243,2047.983929,347.0,8.914839,2.9,6.0
1671700578.582000,45.361697,6.579180,2045.497418,334.6,8.301869,2.9,6.3
1671700580.580000,45.361833,6.579086,2042.994167,333.4,8.863695,2.9,7.0
1671700582.589000,45.361988,6.578960,2040.669097,332.3,9.925480,2.9,7.3
1671700583.578000,45.362074,6.578902,2040.291077,343.0,10.493138,2.9,7.3
1671700584.593000,45.362170,6.578857,2037.196846,338.9,10.526161,3.2,7.0
1671700585.611000,45.362264,6.578796,2034.752922,333.0,11.136909,3.2,6.4
1671700586.607000,45.362355,6.578728,2031.104649,333.7,10.836970,3.2,6.4
1671700587.602000,45.362443,6.578660,2027.791737,331.6,10.647711,3.2,6.8
1671700588.598000,45.362527,6.578581,2026.590164,326.9,10.848222,3.1,7.2
1671700589.595000,45.362610,6.578497,2025.296353,326.3,10.766597,3.1,7.6
1671700590.590000,45.362690,6.578412,2022.219215,324.2,10.700850,3.1,7.7
1671700591.598000,45.362768,6.578326,2019.241344,322.6,10.598763,3.0,8.0
1671700592.600000,45.362844,6.578241,2018.128177,326.6,10.485232,3.0,8.0
1671700593.643000,45.362928,6.578164,2013.220703,329.3,10.786849,2.9,8.0
1671700594.592000,45.363008,6.578100,2011.926363,335.6,10.146074,2.9,8.0
1671700595.582000,45.363093,6.578052,2008.526143,345.7,10.445313,2.8,8.0
1671700596.599000,45.363189,6.578035,2006.418027,2.5,10.917571,2.8,8.0
1671700597.606000,45.363292,6.578041,2003.341061,358.8,11.735866,3.0,8.0
1671700598.576000,45.363400,6.578041,2001.400799,4.8,11.697303,3.1,8.0
1671700599.597000,45.363512,6.578058,1998.892459,9.3,11.742277,3.1,8.0
1671700600.607000,45.363620,6.578078,1993.985844,0.6,10.503350,3.1,8.0
1671700601.589000,45.363715,6.578075,1991.917118,355.2,10.033794,3.1,8.0
1671700602.601000,45.363808,6.578051,1989.572213,350.1,10.362197,3.0,8.0
1671700603.597000,45.363905,6.578023,1988.807989,1.9,11.322262,3.1,8.0
1671700604.592000,45.364011,6.578022,1985.758583,3.3,12.051219,3.0,8.0
1671700605.599000,45.364120,6.578043,1982.757105,11.7,11.982863,2.9,8.0
1671700606.610000,45.364222,6.578095,1979.462831,18.5,12.042526,2.9,8.0
1671700607.590000,45.364322,6.578151,1977.150033,17.5,12.258943,2.9,8.0
1671700608.604000,45.364425,6.578195,1974.654157,15.3,11.628675,2.8,8.0
1671700609.605000,45.364522,6.578230,1972.225362,12.7,11.430878,2.9,8.0
1671700610.597000,45.364617,6.578242,1970.697518,4.8,11.130467,2.9,8.0
1671700611.605000,45.364711,6.578244,1969.830417,4.9,10.681345,2.9,8.0
1671700612.600000,45.364801,6.578247,1967.237296,5.0,10.731324,2.9,8.0
1671700613.592000,45.364894,6.578247,1965.695059,3.1,11.138064,2.9,8.0
1671700614.598000,45.364991,6.578234,1962.112974,358.8,10.864602,3.2,8.0
1671700615.596000,45.365087,6.578194,1958.768410,352.5,10.587718,3.2,8.0
1671700616.587000,45.365183,6.578156,1958.078264,352.0,10.842156,3.2,8.0
1671700617.609000,45.365284,6.578118,1953.699319,348.5,10.634793,3.1,8.0
1671700618.578000,45.365377,6.578072,1953.177562,346.4,10.353151,3.1,8.0
1671700619.604000,45.365473,6.578027,1949.238693,349.5,9.958754,3.1,8.0
1671700620.593000,45.365565,6.577996,1947.687151,353.8,10.115698,3.0,8.0
1671700621.597000,45.365660,6.577979,1946.090016,358.5,10.185442,3.0,8.0
1671700622.612000,45.365756,6.577978,1944.279615,1.4,10.003181,2.9,7.6
1671700623.599000,45.365847,6.577984,1941.341083,4.8,9.991538,2.9,7.2
1671700624.618000,45.365938,6.577994,1939.696866,4.5,9.789622,2.9,6.8
1671700626.610000,45.366104,6.578000,1936.978537,359.0,8.593923,3.0,6.0
1671700628.619000,45.366244,6.578008,1934.187249,12.7,7.872653,3.1,6.0
1671700630.601000,45.366394,6.578044,1931.013565,8.1,9.140197,3.1,6.8
1671700632.611000,45.366570,6.578067,1927.337798,3.9,9.223310,3.1,7.3
1671700634.599000,45.366736,6.578070,1924.845477,7.8,9.305606,2.9,7.2
1671700636.619000,45.366900,6.578114,1920.508299,9.4,9.415583,2.9,6.7
1671700638.627000,45.367069,6.578125,1919.274395,356.1,8.931895,2.9,6.0
1671700640.612000,45.367235,6.578094,1915.774340,4.7,8.546808,2.9,6.0
1671700642.602000,45.367379,6.578097,1912.080705,359.8,7.498531,2.9,6.7
1671700644.610000,45.367502,6.578086,1910.251946,5.0,6.994705,3.2,7.6
1671700646.621000,45.367635,6.578090,1906.181164,21.8,7.589185,3.1,8.0
1671700648.617000,45.367773,6.578157,1901.247210,3.1,8.175444,3.1,8.0
1671700650.596000,45.367914,6.578154,1896.821433,19.0,5.973808,3.0,8.0
1671700652.601000,45.368029,6.578186,1891.690762,9.0,6.487789,2.9,8.0
1671700654.584000,45.368154,6.578225,1886.363721,12.1,6.745075,2.9,8.0
1671700656.616000,45.368278,6.578275,1881.532426,24.0,6.757784,3.1,8.0
1671700658.601000,45.368400,6.578346,1877.701526,25.4,6.729892,3.1,8.0
1671700660.585000,45.368522,6.578428,1872.300032,11.1,6.817804,3.0,8.0
1671700662.608000,45.368622,6.578481,1868.485863,19.0,6.129078,3.0,8.0
1671700664.604000,45.368715,6.578583,1864.598693,40.9,6.415648,2.9,7.6
1671700666.598000,45.368802,6.578686,1861.366837,16.8,5.779437,2.9,6.8
1671700668.583000,45.368916,6.578708,1858.353742,19.7,7.092492,2.9,6.3
1671700670.609000,45.369038,6.578758,1853.663808,353.5,7.016935,2.9,6.0
1671700672.604000,45.369148,6.578727,1851.739506,13.4,5.462685,3.2,6.4
1671700674.593000,45.369240,6.578733,1849.374981,347.8,5.692092,3.2,7.2
1671700676.584000,45.369340,6.578670,1846.042047,356.8,6.087876,3.1,7.7
1671700678.575000,45.369458,6.578658,1840.962228,350.3,6.083870,3.1,8.0
1671700680.586000,45.369562,6.578595,1838.477911,343.6,6.111891,3.0,8.0
1671700682.606000,45.369678,6.578541,1833.610867,340.1,6.702473,2.9,8.0
1671700684.600000,45.369802,6.578448,1830.512552,350.1,6.181154,2.9,8.0
1671700686.601000,45.369910,6.578424,1825.450591,348.5,6.444685,3.1,8.0
1671700688.600000,45.370027,6.578356,1821.177290,338.0,6.754787,3.1,8.0
1671700690.580000,45.370158,6.578304,1817.115204,351.2,7.202334,3.1,8.0
1671700692.581000,45.370295,6.578241,1814.196412,359.5,6.532164,2.9,8.0
1671700694.609000,45.370421,6.578220,1808.403403,357.0,7.453545,2.9,8.0
1671700696.609000,45.370558,6.578210,1804.148338,357.2,7.770891,2.8,8.0
1671700698.598000,45.370685,6.578205,1800.368170,19.8,4.638474,2.9,8.0
1671700701.589000,45.370799,6.578212,1797.449312,356.2,4.617454,3.2,8.0
1671700703.584000,45.370892,6.578228,1794.561395,9.6,5.624432,3.2,8.0
1671700705.605000,45.370999,6.578265,1792.513471,12.2,5.142601,3.1,8.0
1671700708.599000,45.371122,6.578281,1786.920466,31.9,4.828450,3.0,8.0
1671700711.604000,45.371259,6.578303,1783.534703,31.4,5.416184,2.9,8.0
1671700713.614000,45.371381,6.578338,1779.801216,350.3,6.284114,2.9,8.0
1671700715.578000,45.371531,6.578317,1776.600838,27.8,6.193245,3.1,8.0
1671700717.598000,45.371658,6.578380,1773.381112,7.4,6.311001,3.1,8.0
1671700719.600000,45.371788,6.578382,1770.325481,13.6,5.706876,3.1,8.0
1671700721.597000,45.371895,6.578424,1766.175856,11.0,5.573339,2.9,8.0
1671700723.586000,45.371996,6.578450,1763.345774,32.6,6.224860,2.9,8.0
1671700725.604000,45.372069,6.578555,1760.128820,93.7,4.293897,2.8,8.0
1671700728.599000,45.372051,6.578724,1757.609174,87.2,5.423411,2.9,8.0
1671700730.596000,45.372041,6.578870,1753.988058,116.4,5.015313,3.1,8.0
1671700732.605000,45.371988,6.578995,1751.457530,125.8,5.600133,3.1,7.7
1671700734.610000,45.371906,6.579099,1747.358162,135.1,4.571390,3.1,6.8
1671700736.586000,45.371844,6.579221,1745.942479,126.2,5.191593,3.1,6.0
1671700738.594000,45.371768,6.579331,1742.626174,127.1,5.914999,3.0,6.0
1671700740.599000,45.371694,6.579464,1739.784197,127.0,6.171850,2.9,6.0
1671700742.583000,45.371636,6.579599,1736.891079,114.9,6.005513,2.9,6.0
1671700744.597000,45.371588,6.579750,1733.655927,111.4,4.587406,3.1,6.4
1671700747.816000,45.371572,6.579901,1731.316066,85.3,4.715002,3.0,11.4
1671700749.601000,45.371579,6.580039,1729.540290,118.9,4.762217,3.0,11.8
1671700752.460000,45.371543,6.580163,1728.338192,100.3,4.186291,2.9,10.2
1671700754.740000,45.371573,6.580316,1725.677552,49.6,5.038804,2.9,10.2
1671700756.599000,45.371666,6.580394,1723.554546,22.3,6.719953,2.9,9.9
1671700758.609000,45.371799,6.580442,1722.395416,16.9,6.704679,3.0,9.2
1671700760.597000,45.371939,6.580459,1720.795284,11.0,7.087824,3.1,8.0
1671700762.610000,45.372079,6.580480,1720.459166,8.0,6.198952,3.1,8.0
1671700764.626000,45.372200,6.580500,1720.951278,12.0,5.843636,3.1,7.6
1671700766.597000,45.372310,6.580528,1720.788606,8.1,5.670506,3.0,7.3
1671700768.606000,45.372424,6.580533,1720.511289,353.0,5.344288,2.9,7.2
1671700771.616000,45.372548,6.580495,1720.372634,346.7,3.901096,2.9,6.2
1671700774.599000,45.372629,6.580433,1720.112525,315.9,3.359610,3.1,6.0
1671700788.171000,45.372597,6.580307,1720.193621,265.2,1.091464,3.1,4.9
1671700801.090000,45.372530,6.580222,1720.612806,-1.0,0.033201,3.0,5.5
1671700831.206000,45.372458,6.580139,1719.077653,237.7,0.554336,3.1,8.3
1671700834.685000,45.372410,6.579954,1723.067799,231.4,3.116538,3.0,10.6
1671700836.486000,45.372349,6.579832,1727.833208,232.8,3.948328,3.0,12.7
1671700838.285000,45.372271,6.579698,1732.527021,228.9,3.843878,3.1,11.8
1671700840.685000,45.372202,6.579580,1739.200073,232.8,3.753457,3.1,11.4
1671700842.485000,45.372139,6.579484,1743.591883,228.8,3.767604,3.2,9.1
1671700844.284000,45.372076,6.579378,1746.240175,231.2,4.671678,3.2,7.7
1671700847.105000,45.371999,6.579256,1751.984216,231.8,4.305187,3.3,7.0
1671700850.105000,45.371921,6.579128,1756.184829,227.6,4.368214,3.2,8.1
1671700853.583000,45.371835,6.578986,1760.946330,230.0,4.148357,3.2,8.8
1671700856.599000,45.371757,6.578853,1766.033085,230.0,4.138397,3.1,6.2
1671700859.597000,45.371686,6.578728,1772.587143,232.0,3.413867,3.4,4.0
1671700861.796000,45.371626,6.578631,1775.266821,231.0,4.581298,3.0,4.2
1671700864.600000,45.371556,6.578512,1778.907293,230.0,4.408860,3.0,4.5
1671700867.610000,45.371484,6.578385,1782.373567,230.0,4.300072,3.0,5.7
1671700870.602000,45.371410,6.578254,1786.542305,231.0,4.296694,3.1,5.3
1671700873.597000,45.371337,6.578127,1790.850497,232.0,4.230573,3.0,4.3
1671700876.606000,45.371265,6.578000,1796.247886,231.0,4.192240,3.1,4.3
1671700879.602000,45.371193,6.577872,1800.630036,231.0,4.414380,3.0,4.2
1671700881.916000,45.371136,6.577772,1802.708855,231.0,4.376737,3.0,4.3
1671700884.590000,45.371065,6.577645,1804.401660,230.0,4.447602,3.1,4.2
1671700886.979000,45.371007,6.577543,1806.991271,230.0,4.394547,3.0,4.8
1671700889.600000,45.370938,6.577424,1808.711225,230.0,4.447397,2.9,5.5
1671700892.598000,45.370864,6.577292,1811.556534,230.0,4.424722,3.0,5.3
1671700895.608000,45.370790,6.577163,1814.348259,230.0,4.343116,3.0,4.4
1671700898.637000,45.370718,6.577036,1817.607405,231.0,4.316193,3.1,4.0
1671700901.601000,45.370643,6.576905,1821.605704,231.0,4.311395,3.0,4.0
1671700904.593000,45.370575,6.576786,1825.732914,230.7,4.117473,2.9,4.0
1671700907.590000,45.370503,6.576663,1831.473383,231.0,3.868629,3.0,4.0
1671700910.583000,45.370435,6.576543,1838.329148,230.0,3.805746,3.0,4.0
1671700913.605000,45.370370,6.576429,1845.701436,230.0,3.818151,3.1,4.0
1671700916.605000,45.370306,6.576315,1853.076720,231.0,3.670275,3.0,4.0
1671700919.601000,45.370241,6.576206,1860.572747,232.0,3.697924,2.9,4.0
1671700922.605000,45.370178,6.576096,1868.190310,231.0,3.673259,3.0,5.2
1671700925.622000,45.370116,6.575985,1875.931803,230.0,3.584709,3.1,6.0
1671700928.599000,45.370055,6.575879,1884.731189,229.5,3.689250,3.0,6.0
1671700931.610000,45.369983,6.575754,1892.318414,232.0,4.004304,3.0,6.0
1671700934.590000,45.369911,6.575625,1896.671960,232.0,4.036447,2.9,5.0
1671700936.616000,45.369854,6.575523,1899.979396,230.0,4.442647,3.0,4.0
1671700939.587000,45.369791,6.575412,1902.860549,230.0,4.298512,3.0,4.0
1671700942.602000,45.369721,6.575288,1907.635733,231.0,4.193430,3.1,5.1
1671700945.586000,45.369654,6.575167,1912.948338,230.0,4.249291,2.9,5.5
1671700948.602000,45.369581,6.575037,1917.235192,231.0,4.162528,3.0,6.0
1671700951.621000,45.369506,6.574900,1922.867522,230.0,4.123264,3.0,5.0
1671700954.602000,45.369444,6.574789,1928.164421,230.0,4.090285,3.1,4.3
1671700957.604000,45.369370,6.574658,1933.588821,231.0,4.074167,3.0,5.7
1671700960.607000,45.369305,6.574543,1939.802006,231.0,3.994296,3.0,6.0
1671700963.604000,45.369234,6.574420,1945.567049,231.0,4.044316,2.9,6.0
1671700966.617000,45.369158,6.574296,1951.029149,230.0,4.228094,3.0,5.8
1671700969.601000,45.369095,6.574183,1956.641657,229.0,4.116085,2.9,5.0
1671700972.602000,45.369023,6.574055,1962.698560,231.0,4.082804,3.0,4.0
1671700975.603000,45.368958,6.573941,1968.293766,232.0,4.125220,2.8,4.0
1671700978.586000,45.368890,6.573822,1974.644881,231.0,4.010949,3.0,4.0
1671700981.599000,45.368824,6.573703,1980.665615,230.0,4.010968,3.0,4.0
1671700984.613000,45.368758,6.573586,1988.289817,230.0,4.043557,2.9,4.0
1671700987.593000,45.368691,6.573468,1994.759987,231.0,3.945202,3.0,4.0
1671700990.601000,45.368624,6.573350,2000.774451,231.0,3.896517,2.8,4.0
1671700993.603000,45.368559,6.573231,2008.055859,231.0,3.287053,2.8,4.7
1671700996.597000,45.368492,6.573113,2010.075546,229.2,3.995463,2.8,5.0
1671701011.608000,45.368435,6.573007,2019.204111,-1.0,0.000003,2.6,5.7
1671701022.601000,45.368369,6.572916,2019.897316,227.0,0.874559,2.5,4.6
1671701027.610000,45.368316,6.572809,2016.032461,230.0,4.480758,2.9,6.0
1671701030.606000,45.368241,6.572676,2017.423126,229.8,4.241715,2.6,5.8
1671701033.601000,45.368169,6.572542,2010.642224,229.0,3.838739,2.9,4.5
1671701036.602000,45.368098,6.572416,2016.746063,229.0,3.891127,3.0,4.7
1671701039.595000,45.368040,6.572314,2024.174315,232.8,3.907180,3.1,5.0
1671701042.589000,45.367959,6.572176,2040.208803,233.0,4.005087,2.5,4.3
1671701045.601000,45.367888,6.572054,2045.596632,232.0,4.022063,2.5,4.0
1671701048.596000,45.367821,6.571931,2051.709231,229.0,4.061477,2.4,4.0
1671701051.606000,45.367751,6.571807,2057.091086,229.0,4.071525,2.5,4.4
1671701054.603000,45.367683,6.571686,2061.202680,231.0,4.043738,2.4,4.3
1671701057.615000,45.367617,6.571570,2068.322209,233.0,4.020638,2.6,4.0
1671701060.595000,45.367546,6.571447,2073.644725,231.0,3.988350,2.5,4.3
1671701063.606000,45.367483,6.571337,2072.232315,230.0,3.964525,2.9,4.3
1671701066.595000,45.367416,6.571221,2078.329809,229.0,3.664729,2.9,4.0
1671701069.591000,45.367353,6.571110,2098.131123,230.0,3.573520,2.4,4.0
1671701072.604000,45.367291,6.571003,2106.703127,230.0,3.580179,2.4,3.9
1671701075.585000,45.367230,6.570898,2115.486930,231.0,3.572962,2.4,3.6
1671701078.605000,45.367169,6.570792,2124.344193,230.0,3.553578,2.4,3.4
1671701081.599000,45.367110,6.570688,2131.212178,231.0,3.528912,2.6,3.4
1671701084.606000,45.367052,6.570586,2140.239841,231.0,3.507145,2.4,3.6
1671701087.610000,45.366995,6.570484,2149.373765,231.0,3.479540,2.4,3.9
1671701090.600000,45.366936,6.570376,2155.988295,230.0,3.530987,2.4,3.9
1671701093.602000,45.366873,6.570258,2161.689812,231.6,3.615034,2.4,3.9
1671701096.605000,45.366806,6.570133,2169.024074,232.8,3.720808,2.7,3.6
1671701099.605000,45.366734,6.570005,2175.976786,232.0,3.920350,2.5,3.2
1671701102.630000,45.366658,6.569872,2177.034837,231.0,4.065676,2.4,2.8
1671701105.600000,45.366583,6.569738,2179.278210,231.0,4.173041,2.4,3.3
1671701108.616000,45.366507,6.569603,2180.896415,230.0,4.252070,2.4,3.6
1671701111.605000,45.366430,6.569472,2178.765183,231.0,4.306138,2.4,3.5
1671701114.624000,45.366354,6.569338,2180.639093,231.0,4.344476,2.4,3.1
1671701117.609000,45.366281,6.569206,2183.712922,231.0,4.373042,2.4,2.6
1671701120.612000,45.366204,6.569070,2183.193558,230.0,4.389076,2.4,3.1
1671701123.610000,45.366136,6.568946,2180.726915,231.0,4.399320,2.4,3.9
1671701126.598000,45.366060,6.568808,2189.310224,231.0,4.372622,2.7,3.4
1671701129.596000,45.365988,6.568681,2199.034770,231.0,4.326729,2.5,2.7
1671701132.614000,45.365918,6.568555,2203.759072,230.0,4.284313,2.4,3.1
1671701135.611000,45.365849,6.568430,2208.119537,231.0,4.246009,2.4,3.5
1671701138.606000,45.365780,6.568307,2214.471863,230.0,4.217422,2.4,3.5
1671701141.607000,45.365710,6.568184,2217.131192,231.0,4.190951,2.4,3.1
1671701144.618000,45.365640,6.568060,2222.573689,230.8,4.172386,2.4,2.9
1671701147.606000,45.365569,6.567936,2229.166970,228.0,4.079142,2.6,3.5
1671701150.604000,45.365504,6.567824,2226.991372,226.0,4.038575,2.4,3.6
1671701156.622000,45.365439,6.567733,2232.776519,219.8,1.190838,2.5,4.0
1671701161.617000,45.365401,6.567587,2232.052820,248.0,2.652958,2.4,4.0
1671701164.615000,45.365401,6.567442,2230.378164,285.0,3.164778,2.4,4.0
1671701169.620000,45.365452,6.567316,2227.184258,306.4,2.883367,2.4,3.9
1671701175.676000,45.365511,6.567200,2227.316004,300.0,2.376060,2.4,3.7
1671701179.578000,45.365564,6.567092,2224.042474,309.0,2.440239,2.4,3.5
1671701183.492000,45.365625,6.566979,2219.134485,309.7,2.546163,2.4,3.9
1671701186.969000,45.365691,6.566878,2223.293234,312.6,2.689089,2.6,6.4
1671701190.508000,45.365776,6.566765,2226.203321,316.3,3.042490,2.4,5.7
1671701193.507000,45.365865,6.566652,2226.067275,317.6,3.512657,2.4,5.8
1671701196.428000,45.365948,6.566549,2225.675460,317.1,3.601004,2.4,6.7
1671701199.188000,45.366025,6.566452,2221.067459,316.3,3.596156,2.4,6.7
1671701202.186000,45.366113,6.566333,2220.268943,316.0,3.904805,2.4,6.9
1671701204.630000,45.366205,6.566206,2219.858404,315.0,5.897322,2.4,6.5
1671701206.608000,45.366288,6.566090,2219.532242,313.2,5.574395,2.6,5.8
1671701208.589000,45.366353,6.566000,2213.736463,315.2,4.879072,2.6,4.9
1671701211.597000,45.366422,6.565915,2211.951844,319.0,3.860941,2.4,4.6
1671701214.620000,45.366508,6.565840,2217.367209,346.4,2.959413,2.7,4.0
1671701217.427000,45.366597,6.565869,2219.273508,12.5,3.366017,2.4,6.4
1671701219.592000,45.366675,6.565999,2217.793853,49.6,5.546189,2.4,6.2
1671701221.621000,45.366716,6.566166,2216.746486,83.5,6.653295,2.4,5.3
1671701223.605000,45.366730,6.566347,2212.627927,67.1,6.425018,2.4,4.0
1671701225.610000,45.366763,6.566530,2209.559094,75.4,7.746736,2.4,4.0
1671701227.607000,45.366802,6.566702,2204.273364,71.1,6.384464,2.5,4.0
1671701229.627000,45.366878,6.566842,2200.078891,56.0,7.031442,2.4,4.0
1671701231.601000,45.366950,6.566971,2196.147296,35.3,6.290847,2.4,4.3
1671701233.585000,45.367054,6.567014,2193.660368,352.2,5.491231,2.6,5.0
1671701235.603000,45.367143,6.566966,2189.624077,15.2,4.017619,2.6,6.3
1671701238.593000,45.367246,6.566958,2182.166300,329.5,3.731462,2.5,8.0
1671701241.685000,45.367344,6.566926,2176.253921,213.1,1.645714,2.7,8.5
1671701246.366000,45.367453,6.566899,2177.051895,297.6,4.233464,2.4,13.8
1671701248.766000,45.367539,6.566841,2171.411555,42.3,3.657917,2.4,13.7
1671701251.745000,45.367639,6.566824,2167.347868,315.3,4.678746,2.4,13.6
1671701253.598000,45.367731,6.566701,2163.334864,321.5,6.376376,2.4,12.6
1671701255.598000,45.367864,6.566570,2157.537266,326.5,8.954990,2.6,10.5
1671701256.594000,45.367942,6.566494,2154.715528,322.0,10.160945,2.7,9.7
1671701257.602000,45.368025,6.566404,2151.361474,321.2,10.291839,2.5,8.0
1671701258.599000,45.368104,6.566311,2150.317595,321.9,9.873597,2.5,8.0
1671701259.591000,45.368178,6.566226,2149.468296,325.0,9.235144,2.5,8.0
1671701261.617000,45.368311,6.566075,2149.757099,320.1,8.458660,2.5,8.0
1671701263.604000,45.368411,6.565948,2146.439709,346.9,7.203160,2.7,8.0
1671701265.596000,45.368517,6.565873,2143.120982,322.1,6.722507,2.6,8.0
1671701267.590000,45.368584,6.565776,2140.197549,328.8,4.439607,2.7,8.0
1671701271.611000,45.368674,6.565803,2135.230757,17.9,2.468488,2.6,6.9
1671701275.380000,45.368762,6.565753,2133.963936,356.2,3.668408,2.7,9.1
1671701278.835000,45.368852,6.565708,2130.212769,315.7,3.108149,2.5,12.7
1671701282.134000,45.368913,6.565588,2125.626052,286.3,3.362099,2.6,11.0
1671701286.135000,45.368988,6.565496,2120.017793,51.2,1.837008,2.6,13.7
1671701290.256000,45.369082,6.565545,2115.935750,3.8,3.872565,2.7,14.0
1671701293.077000,45.369180,6.565614,2111.060429,51.4,4.899400,2.7,13.8
1671701295.604000,45.369254,6.565768,2105.795044,59.6,5.071680,2.7,11.5
1671701298.609000,45.369378,6.565835,2100.587086,2.8,5.638989,2.7,8.8
1671701300.610000,45.369500,6.565853,2092.889958,46.1,7.973097,2.7,8.9
1671701302.593000,45.369599,6.566014,2089.182446,36.6,7.159969,2.6,7.7
1671701304.608000,45.369729,6.566087,2086.523244,12.0,6.526490,2.6,8.0
1671701307.145000,45.369819,6.566124,2082.857292,159.4,2.966518,2.5,10.1
1671701310.667000,45.369914,6.566104,2079.064560,353.0,3.482771,2.6,14.1
1671701312.606000,45.370014,6.566153,2076.167679,57.0,5.165952,2.6,11.7
1671701315.306000,45.370095,6.566260,2070.176815,25.0,3.518254,2.6,9.2
1671701318.616000,45.370252,6.566259,2064.046475,40.7,5.638561,2.7,10.3
1671701320.605000,45.370336,6.566335,2062.808906,4.6,5.739729,2.6,9.8
1671701322.604000,45.370446,6.566306,2057.374279,351.8,5.301999,2.8,8.8
1671701324.608000,45.370542,6.566310,2053.656444,43.1,5.710048,2.7,8.0
1671701326.586000,45.370631,6.566379,2048.411545,7.9,5.695471,2.7,8.0
1671701329.368000,45.370724,6.566338,2043.893627,357.8,4.311468,2.5,11.6
1671701332.248000,45.370839,6.566405,2039.883284,7.9,4.469057,2.6,13.9
1671701335.111000,45.370943,6.566401,2036.186515,24.9,3.330526,2.6,13.8
1671701338.532000,45.371029,6.566467,2030.518032,52.1,3.927701,2.6,14.0
1671701341.410000,45.371129,6.566464,2028.551813,333.5,4.334720,2.7,13.9
1671701343.751000,45.371218,6.566490,2023.508582,41.7,4.329952,2.6,13.6
1671701347.351000,45.371329,6.566562,2015.710098,360.0,3.320244,2.6,12.0
1671701350.601000,45.371425,6.566664,2009.958887,86.8,6.379563,2.6,10.1
1671701352.610000,45.371383,6.566824,2004.642895,130.1,7.309728,2.7,8.9
1671701354.596000,45.371256,6.566951,2000.897643,148.0,9.077456,2.7,6.7
1671701355.597000,45.371179,6.567025,2000.237864,142.1,9.973689,2.6,6.0
1671701356.584000,45.371107,6.567112,1997.586601,140.0,10.449293,2.6,5.7
1671701357.597000,45.371033,6.567210,1994.970624,137.2,10.984121,2.4,5.7
1671701358.610000,45.370960,6.567313,1993.583454,136.0,11.485513,2.4,5.7
1671701359.609000,45.370886,6.567415,1991.356237,133.3,11.783363,2.4,5.6
1671701360.623000,45.370817,6.567528,1988.203286,128.2,11.109165,2.6,6.0
1671701361.599000,45.370761,6.567643,1988.242495,124.0,11.045901,2.5,6.0
1671701362.605000,45.370707,6.567761,1988.463975,124.0,10.331059,2.5,6.0
1671701364.590000,45.370615,6.567962,1987.974198,123.0,8.659193,2.6,6.0
1671701366.597000,45.370542,6.568129,1986.920831,110.9,7.611624,2.5,6.0
1671701368.603000,45.370543,6.568268,1985.844753,42.7,5.690444,2.7,6.0
1671701370.597000,45.370628,6.568393,1982.430403,69.9,6.808468,2.7,6.0
1671701372.601000,45.370709,6.568543,1975.521489,30.3,7.778394,2.8,6.7
1671701374.602000,45.370836,6.568652,1969.364622,43.5,7.725983,2.6,7.6
1671701376.598000,45.370944,6.568795,1963.199988,23.3,7.764698,2.6,8.0
1671701378.614000,45.371061,6.568899,1960.418536,68.2,5.604297,2.5,8.0
1671701380.599000,45.371101,6.569050,1956.940471,57.6,5.662457,2.6,8.0
1671701382.598000,45.371162,6.569187,1953.967668,78.1,5.017466,2.5,8.0
1671701384.603000,45.371177,6.569330,1949.524771,90.1,5.255449,2.6,7.1
1671701387.600000,45.371232,6.569495,1944.149175,31.4,4.965673,2.4,6.2
1671701389.608000,45.371340,6.569590,1940.729507,32.4,6.280744,2.4,7.0
1671701391.591000,45.371479,6.569632,1936.374286,357.1,6.308494,2.5,7.6
1671701393.596000,45.371611,6.569632,1936.079044,8.8,6.537370,2.6,8.0
1671701395.586000,45.371732,6.569619,1932.323171,339.2,5.300463,2.5,7.7
1671701397.608000,45.371846,6.569594,1928.940100,2.7,6.367217,2.6,6.8
1671701399.617000,45.371974,6.569575,1923.809454,346.0,6.806572,2.6,6.4
1671701401.604000,45.372093,6.569562,1918.061623,4.2,5.948870,2.5,7.2
1671701403.598000,45.372207,6.569556,1911.885818,349.0,5.621507,2.8,8.0
1671701405.594000,45.372324,6.569529,1906.141573,350.0,6.989462,2.6,8.0
1671701407.602000,45.372450,6.569478,1901.019027,341.0,6.055302,2.6,8.0
1671701409.600000,45.372554,6.569394,1896.916724,3.0,6.058581,2.6,8.0
1671701411.598000,45.372656,6.569400,1890.498348,356.9,6.904962,2.5,8.0
1671701413.601000,45.372778,6.569356,1886.538698,324.2,6.890072,2.5,8.0
1671701415.589000,45.372886,6.569205,1879.921690,327.2,8.155375,2.5,8.7
1671701417.585000,45.373010,6.569055,1874.011676,315.9,9.478099,2.5,10.0
1671701419.577000,45.373135,6.568854,1870.512293,320.9,10.275075,2.4,10.7
1671701420.589000,45.373207,6.568771,1867.930804,321.4,9.903361,2.5,11.2
1671701422.575000,45.373266,6.568658,1868.218423,345.0,1.267255,2.5,11.3
1671701427.606000,45.373420,6.568785,1861.663790,29.4,9.415359,2.6,12.0
1671701428.601000,45.373505,6.568860,1860.074101,49.6,10.484656,2.5,12.0
1671701429.601000,45.373575,6.568975,1858.454667,64.3,10.996610,2.5,12.0
1671701430.598000,45.373628,6.569111,1855.852698,82.7,10.603820,2.5,12.0
1671701431.601000,45.373654,6.569270,1854.394721,84.0,10.569026,2.5,11.2
1671701432.610000,45.373669,6.569428,1853.702810,83.0,10.714827,2.5,10.4
1671701433.599000,45.373683,6.569582,1850.174460,86.9,10.363721,2.7,10.0
1671701434.575000,45.373689,6.569733,1849.220307,89.0,10.192280,2.6,9.3
1671701435.596000,45.373689,6.569891,1849.106576,92.0,10.098162,2.6,8.3
1671701436.602000,45.373682,6.570030,1847.824112,93.0,10.104082,2.6,7.2
1671701437.606000,45.373674,6.570164,1846.604556,95.0,9.977126,2.6,7.0
1671701438.601000,45.373662,6.570293,1845.435578,96.0,9.608934,2.7,6.4
1671701440.588000,45.373638,6.570535,1844.238062,96.0,8.743371,2.5,6.0
1671701442.604000,45.373624,6.570742,1843.831386,94.0,7.846430,2.5,6.0
1671701444.610000,45.373608,6.570921,1843.409189,93.0,6.848265,2.5,5.2
1671701446.608000,45.373597,6.571086,1842.477934,96.0,6.475432,2.4,4.4
1671701448.583000,45.373580,6.571244,1842.393800,98.0,6.491278,2.4,4.0
1671701450.593000,45.373559,6.571404,1841.685691,99.0,6.104945,2.6,4.0
1671701452.615000,45.373538,6.571555,1845.454393,99.0,6.169315,2.7,4.0
1671701454.595000,45.373522,6.571710,1845.464849,100.0,6.051618,2.8,4.0
1671701456.596000,45.373496,6.571861,1843.429952,105.0,6.057006,2.6,4.0
1671701458.600000,45.373460,6.572006,1842.774700,109.0,6.042982,2.5,4.0
1671701460.604000,45.373420,6.572142,1841.482521,114.0,5.270789,2.5,4.8
1671701462.597000,45.373376,6.572258,1841.176151,120.0,5.000182,2.6,5.3
1671701464.603000,45.373327,6.572371,1839.182006,121.0,5.328092,2.5,6.0
1671701466.618000,45.373279,6.572490,1838.318893,121.0,5.251653,2.5,6.0
1671701469.609000,45.373213,6.572661,1838.213190,119.9,5.130324,2.5,6.8
1671701471.609000,45.373166,6.572772,1838.333586,119.0,5.109365,2.5,7.0
1671701473.607000,45.373114,6.572890,1837.934730,123.9,5.653117,2.5,6.8
1671701475.595000,45.373051,6.573012,1835.303982,125.0,5.903228,2.5,6.0
1671701477.595000,45.372986,6.573138,1835.741823,125.9,5.910633,2.5,6.0
1671701479.586000,45.372922,6.573264,1834.633968,123.9,6.581029,2.5,6.0
1671701481.592000,45.372850,6.573413,1839.598043,125.5,7.165873,2.5,6.0
1671701483.604000,45.372769,6.573567,1836.758209,125.4,7.766418,2.8,5.6
1671701485.610000,45.372686,6.573718,1834.486569,128.0,7.268474,2.5,4.8
1671701487.599000,45.372607,6.573860,1833.728780,125.1,6.725640,2.6,4.0
1671701489.605000,45.372543,6.574005,1834.855912,122.3,6.527042,2.7,4.0
1671701491.598000,45.372468,6.574151,1832.014483,126.7,7.526768,2.5,5.2
1671701493.597000,45.372384,6.574321,1829.230633,121.2,8.121469,2.5,5.7
1671701495.609000,45.372321,6.574511,1827.200578,113.6,8.345971,2.7,6.0
1671701497.602000,45.372313,6.574724,1828.275064,100.8,8.142275,2.5,6.0
1671701499.590000,45.372282,6.574945,1823.575087,108.7,8.803382,2.7,5.3
1671701501.590000,45.372227,6.575149,1818.892254,95.1,8.850806,2.5,4.7
1671701503.605000,45.372217,6.575386,1814.160571,94.0,9.375912,2.5,4.8
1671701505.591000,45.372210,6.575632,1807.851099,104.0,9.533027,2.4,5.6
1671701507.591000,45.372176,6.575873,1808.047724,94.0,9.499866,2.7,6.0
1671701509.591000,45.372158,6.576115,1805.580734,95.1,9.538596,2.5,6.0
1671701510.598000,45.372154,6.576245,1801.702905,78.5,10.040491,2.5,6.0
1671701512.596000,45.372170,6.576486,1798.426366,92.8,8.229506,2.5,6.0
1671701514.578000,45.372191,6.576679,1797.257024,80.3,7.359988,2.5,6.3
1671701516.601000,45.372204,6.576874,1794.274271,81.4,7.400603,2.5,7.2
1671701518.607000,45.372230,6.577082,1790.507122,81.0,7.768697,2.5,8.0
1671701520.596000,45.372258,6.577250,1786.580803,73.1,7.164851,2.4,8.0
1671701522.600000,45.372272,6.577419,1780.906772,105.1,6.919427,2.6,8.0
1671701524.592000,45.372249,6.577615,1777.631282,83.6,8.764967,2.5,8.0
1671701526.592000,45.372250,6.577846,1771.876553,97.9,8.721581,2.7,7.7
1671701528.598000,45.372258,6.578087,1770.229567,85.6,8.822886,2.6,7.0
1671701530.603000,45.372264,6.578320,1768.850683,92.9,8.701613,2.5,5.6
1671701532.594000,45.372234,6.578521,1766.976358,104.0,7.054520,2.5,5.3
1671701534.597000,45.372202,6.578696,1764.256576,110.9,7.042077,2.4,5.2
1671701536.598000,45.372142,6.578823,1767.603091,118.5,5.247802,2.8,5.7
1671701538.601000,45.372100,6.578944,1767.310969,121.4,5.330895,2.5,6.0
1671701541.594000,45.372012,6.579050,1764.071250,149.1,4.666632,2.4,7.0
1671701543.600000,45.371926,6.579131,1761.652146,143.0,5.057986,2.5,7.5
1671701545.606000,45.371854,6.579241,1759.899228,139.9,5.834489,2.5,7.4
1671701547.607000,45.371768,6.579325,1758.591550,141.0,5.044544,2.1,6.4
1671701549.600000,45.371700,6.579420,1753.844631,111.6,6.035927,2.4,6.7
1671701551.598000,45.371651,6.579573,1746.216332,121.4,6.173761,2.5,7.3
1671701553.603000,45.371599,6.579720,1745.313034,99.0,5.362385,2.6,8.0
1671701556.597000,45.371582,6.579897,1741.391403,110.9,4.569438,2.6,8.0
1671701558.596000,45.371550,6.580055,1738.693383,87.2,4.813487,2.6,8.0
1671701560.597000,45.371587,6.580220,1736.297432,34.3,6.446794,2.5,7.8
1671701562.605000,45.371691,6.580351,1736.865724,30.4,8.006821,2.7,7.0
1671701564.591000,45.371838,6.580448,1735.243848,18.1,8.801236,2.8,7.0
1671701566.599000,45.372006,6.580488,1733.871545,9.0,8.286003,2.7,7.6
1671701568.605000,45.372159,6.580509,1737.034817,7.0,7.445814,2.0,7.2
1671701570.585000,45.372296,6.580530,1737.047195,4.0,7.031617,1.8,6.7
1671701572.603000,45.372425,6.580540,1736.616465,0.0,6.307594,1.8,6.0
1671701574.597000,45.372537,6.580538,1735.099288,0.0,5.441403,2.6,5.6
1671701576.609000,45.372632,6.580554,1736.926777,12.0,5.370279,2.1,4.8
1671701578.600000,45.372724,6.580590,1736.664394,16.0,5.054080,2.0,4.7
1671701581.599000,45.372833,6.580652,1732.113204,26.0,3.793399,2.5,5.5
1671701584.599000,45.372918,6.580715,1731.415159,28.0,3.226113,2.7,6.8
1671701587.602000,45.373003,6.580774,1735.768560,26.1,3.402310,2.1,7.2
1671701590.593000,45.373091,6.580826,1735.548265,20.8,3.425468,1.9,6.4
1671701593.592000,45.373199,6.580874,1734.748851,17.0,3.845359,2.2,6.3
1671701597.597000,45.373283,6.580937,1733.402776,13.9,1.894321,2.1,7.8
1671701601.104000,45.373375,6.580922,1733.269156,349.3,2.763340,1.9,19.0
1671701604.706000,45.373452,6.580833,1733.926994,326.1,2.240484,2.0,22.3
1671701606.502000,45.373524,6.580731,1733.690171,321.7,2.988610,2.1,18.3
1671701609.502000,45.373622,6.580594,1733.105154,316.7,3.745476,2.4,15.4
1671701611.302000,45.373692,6.580497,1733.110449,317.3,4.197021,2.4,13.1
1671701613.701000,45.373784,6.580404,1731.775906,326.7,4.765721,2.5,11.6
1671701615.605000,45.373886,6.580346,1730.653993,341.9,5.124114,2.4,9.2
1671701618.358000,45.374008,6.580293,1730.352214,342.6,4.765325,2.4,9.4
1671701621.339000,45.374114,6.580242,1730.213669,339.4,4.185252,2.5,10.4
1671701624.339000,45.374220,6.580177,1729.492304,336.0,4.321703,2.5,10.8
1671701626.602000,45.374310,6.580058,1727.478535,312.7,5.964190,2.4,9.1
1671701628.585000,45.374394,6.579945,1726.563678,315.5,6.331507,2.1,8.1
1671701630.588000,45.374498,6.579790,1723.283369,309.8,8.916018,2.2,6.7
1671701632.599000,45.374619,6.579600,1720.615204,310.6,9.236331,2.5,6.4
1671701633.600000,45.374706,6.579492,1719.671516,317.3,11.617393,2.4,6.4
1671701634.602000,45.374793,6.579381,1717.587970,315.1,12.200248,2.7,6.0
1671701635.597000,45.374880,6.579264,1714.975554,315.2,12.351914,2.5,6.0
1671701636.595000,45.374972,6.579149,1713.501796,321.4,12.954985,2.5,6.0
1671701637.597000,45.375072,6.579040,1712.450326,322.7,13.743229,2.5,6.0
1671701638.604000,45.375176,6.578928,1709.038744,323.0,14.507905,2.6,6.0
1671701639.587000,45.375280,6.578816,1706.074413,322.9,14.258456,2.8,6.0
1671701640.599000,45.375385,6.578704,1703.667892,323.0,14.436573,2.6,6.0
1671701641.612000,45.375487,6.578590,1699.038004,322.7,14.389983,2.8,6.0
1671701642.603000,45.375586,6.578477,1697.837671,322.2,14.330983,2.8,6.4
1671701643.586000,45.375687,6.578378,1696.631447,330.3,13.969045,2.8,6.7
1671701644.601000,45.375796,6.578284,1693.768462,331.4,14.186996,2.7,7.2
1671701645.610000,45.375909,6.578195,1692.203093,331.1,14.425161,2.8,7.6
1671701646.607000,45.376021,6.578104,1689.574576,328.7,13.991575,2.9,7.7
1671701647.603000,45.376127,6.578010,1688.090984,326.3,13.383953,2.8,8.0
1671701648.628000,45.376226,6.577912,1686.653587,325.4,13.195099,2.6,8.0
1671701649.610000,45.376314,6.577810,1685.677039,321.5,12.805290,2.7,8.0
1671701650.612000,45.376398,6.577700,1684.786423,320.4,12.785580,2.7,8.0
1671701651.591000,45.376468,6.577578,1682.918037,311.5,12.776491,2.8,8.0
1671701652.595000,45.376539,6.577452,1680.980866,311.1,13.043666,2.8,8.0
1671701653.589000,45.376609,6.577322,1679.857750,310.6,12.979198,2.7,8.0
1671701654.581000,45.376678,6.577196,1677.884384,310.9,12.651844,2.9,8.0
1671701655.598000,45.376750,6.577073,1676.934229,315.6,12.418626,2.8,8.0
1671701656.592000,45.376826,6.576962,1676.059233,317.4,12.418913,2.6,8.0
1671701657.599000,45.376905,6.576850,1673.636264,316.1,12.779428,2.5,8.0
1671701658.601000,45.376986,6.576734,1671.523490,316.0,12.583816,2.5,8.0
1671701659.599000,45.377066,6.576622,1670.408355,316.0,12.511692,2.5,8.0
1671701660.601000,45.377143,6.576510,1669.629812,315.6,12.118622,2.6,8.0
1671701661.577000,45.377216,6.576406,1668.634887,315.1,11.333327,2.8,8.0
1671701662.609000,45.377289,6.576300,1668.197611,316.4,10.805565,2.7,8.0
1671701663.616000,45.377359,6.576205,1666.837541,317.5,10.493422,2.9,8.0
1671701664.612000,45.377428,6.576113,1666.334322,318.9,10.518526,2.9,8.0
1671701665.595000,45.377498,6.576026,1666.106042,317.9,10.231531,2.7,8.0
1671701667.606000,45.377633,6.575860,1663.476472,320.2,10.100182,3.0,8.0
1671701668.597000,45.377707,6.575783,1663.323306,322.9,10.339407,2.9,8.0
1671701669.595000,45.377786,6.575708,1662.718547,324.4,10.448566,3.1,8.0
1671701670.599000,45.377871,6.575635,1661.325826,327.2,10.833977,3.0,8.0
1671701671.585000,45.377954,6.575561,1659.528297,325.3,10.839581,2.9,8.0
1671701672.602000,45.378032,6.575471,1658.692005,320.3,10.978052,3.0,8.0
1671701673.590000,45.378108,6.575383,1657.379371,321.4,11.069620,3.1,8.0
1671701674.584000,45.378193,6.575308,1656.346785,326.2,11.624416,3.0,8.0
1671701675.590000,45.378292,6.575245,1654.900595,334.0,12.382094,2.2,8.7
1671701676.601000,45.378400,6.575183,1649.846596,334.5,12.834845,2.2,9.6
1671701677.590000,45.378511,6.575120,1647.171500,336.2,13.476736,2.1,10.0
1671701678.595000,45.378628,6.575060,1645.554796,337.8,13.860812,2.0,11.2
1671701679.585000,45.378744,6.575006,1642.009766,338.8,13.802394,2.1,12.0
1671701680.581000,45.378858,6.574954,1637.912535,339.3,13.445453,2.2,12.0
1671701681.584000,45.378965,6.574899,1634.183037,336.9,12.253627,2.2,12.0
1671701682.602000,45.379068,6.574847,1631.691594,339.9,11.564663,2.1,12.0
1671701683.596000,45.379170,6.574796,1630.838426,340.4,12.105748,2.0,12.0
1671701684.592000,45.379281,6.574740,1626.270919,341.6,13.080787,2.1,12.0
1671701685.584000,45.379397,6.574684,1625.258625,341.9,13.522494,2.0,12.0
1671701686.586000,45.379518,6.574621,1621.201776,339.5,14.014890,1.8,12.0
1671701687.595000,45.379640,6.574553,1618.584542,339.2,14.323866,1.8,12.0
1671701688.601000,45.379765,6.574480,1615.836342,338.7,14.587101,1.8,12.0
1671701689.586000,45.379888,6.574391,1612.386493,332.2,14.757762,1.8,12.0
1671701690.593000,45.380010,6.574286,1609.737847,330.0,14.908828,2.1,12.0
1671701691.591000,45.380130,6.574171,1608.845820,328.1,15.022380,2.0,12.0
1671701692.595000,45.380245,6.574035,1606.844443,320.0,14.852495,2.2,12.0
1671701693.602000,45.380354,6.573903,1605.304120,319.1,14.604836,2.2,12.0
1671701694.576000,45.380449,6.573778,1603.983370,317.3,13.727633,2.0,12.0
1671701695.600000,45.380541,6.573652,1602.752967,316.9,13.490296,2.0,12.0
1671701696.584000,45.380630,6.573536,1602.061097,319.1,13.313217,2.1,12.0
1671701697.598000,45.380721,6.573425,1601.688527,320.2,13.150991,2.1,12.0
1671701698.591000,45.380804,6.573322,1600.480424,319.4,12.470096,2.2,12.0
1671701699.578000,45.380875,6.573225,1598.774275,316.8,11.057481,2.2,12.0
1671701700.588000,45.380942,6.573128,1598.142649,316.5,11.034447,2.1,12.0
1671701701.599000,45.381003,6.573034,1597.453616,315.3,10.251370,2.2,12.0
1671701703.604000,45.381111,6.572870,1595.661068,317.8,8.904608,2.3,12.0
1671701705.598000,45.381220,6.572742,1594.261446,326.4,8.260944,2.2,12.0
1671701707.577000,45.381327,6.572642,1593.106237,334.5,7.599862,2.0,12.0
1671701709.592000,45.381441,6.572558,1592.945967,342.7,7.418509,2.0,12.0
1671701711.591000,45.381545,6.572482,1592.240267,346.6,7.153959,2.1,11.3
1671701713.595000,45.381658,6.572411,1591.353406,348.0,8.388028,2.1,9.6
1671701715.592000,45.381792,6.572348,1588.709856,349.0,9.003901,1.8,8.0
1671701717.598000,45.381937,6.572291,1586.586585,347.6,8.890832,1.8,8.0
1671701719.600000,45.382076,6.572198,1585.643080,336.5,8.903123,1.9,8.0
1671701721.596000,45.382226,6.572103,1583.727688,339.1,9.436666,2.0,8.7
1671701723.601000,45.382403,6.572037,1580.266957,349.2,10.741768,2.1,10.4
1671701724.581000,45.382504,6.572010,1578.551699,349.6,11.176980,2.0,10.7
1671701725.593000,45.382612,6.571979,1577.456156,348.7,11.836878,2.1,11.3
1671701726.595000,45.382721,6.571948,1574.967939,348.9,12.184093,2.1,12.7
1671701727.585000,45.382837,6.571921,1573.583990,350.8,13.078726,2.2,13.3
1671701728.595000,45.382955,6.571880,1572.598368,345.6,12.696065,2.1,14.0
1671701729.600000,45.383069,6.571834,1570.610481,345.1,12.663891,2.0,15.2
1671701730.602000,45.383169,6.571749,1568.957905,333.3,12.178001,2.1,16.0
1671701731.599000,45.383266,6.571676,1566.894935,332.7,12.126135,2.2,22.4
1671701732.595000,45.383363,6.571571,1565.373934,330.8,12.060888,2.2,21.6
1671701733.595000,45.383457,6.571461,1564.454673,328.2,11.835485,2.2,20.8
1671701734.587000,45.383551,6.571371,1562.764368,333.0,11.486843,2.2,19.3
1671701735.595000,45.383646,6.571286,1561.738455,334.2,11.224388,2.3,18.7
1671701736.606000,45.383738,6.571204,1561.406396,333.2,11.036050,2.2,12.0
1671701737.593000,45.383826,6.571126,1560.570143,333.8,10.904409,2.1,12.0
1671701738.592000,45.383918,6.571051,1559.727635,337.8,11.034820,2.1,12.0
1671701739.597000,45.384010,6.570981,1558.724155,338.6,10.731459,2.1,12.0
1671701740.599000,45.384099,6.570908,1558.217613,340.1,10.790834,2.0,11.2
1671701741.598000,45.384190,6.570843,1556.327436,340.7,11.368379,2.1,10.7
1671701742.581000,45.384290,6.570777,1553.778790,340.7,11.932177,2.0,10.0
1671701743.588000,45.384394,6.570709,1551.756541,339.2,11.857258,2.1,9.3
1671701744.584000,45.384494,6.570644,1550.979163,339.1,11.112066,2.0,8.7
1671701745.578000,45.384591,6.570586,1550.400414,339.6,10.767519,1.8,8.0
1671701746.595000,45.384689,6.570530,1549.649794,339.9,11.225715,1.8,8.0
1671701747.604000,45.384790,6.570473,1548.209276,339.2,11.711184,1.8,8.0
1671701748.588000,45.384884,6.570419,1547.598797,338.7,10.775164,1.9,8.0
1671701749.583000,45.384974,6.570367,1547.864697,338.9,10.313925,2.2,8.0
1671701750.582000,45.385058,6.570319,1547.027247,339.9,10.131889,2.0,8.0
1671701751.579000,45.385145,6.570270,1545.826886,339.9,10.831532,2.2,8.0
1671701752.592000,45.385240,6.570216,1544.641212,338.1,11.706719,2.2,8.0
1671701753.581000,45.385339,6.570157,1544.053277,338.7,11.673365,2.0,8.0
1671701754.596000,45.385442,6.570104,1542.352606,342.5,11.634969,2.0,8.0
1671701755.606000,45.385541,6.570058,1541.977598,342.6,11.326848,2.1,8.0
1671701756.595000,45.385639,6.570013,1540.395902,342.9,11.424078,2.1,8.0
1671701757.593000,45.385739,6.569962,1538.662182,340.0,11.756067,2.2,8.0
1671701758.600000,45.385842,6.569905,1537.397781,339.2,11.759837,2.1,8.0
1671701759.600000,45.385944,6.569844,1536.102148,338.0,11.693561,2.1,8.0
1671701760.584000,45.386042,6.569783,1534.876798,336.0,11.242401,2.2,8.0
1671701761.605000,45.386136,6.569719,1533.058589,335.0,11.164443,2.2,8.0
1671701762.597000,45.386225,6.569657,1532.860449,333.0,10.800528,2.3,8.0
1671701763.598000,45.386312,6.569593,1531.944718,333.9,10.593998,2.3,8.0
1671701764.593000,45.386395,6.569531,1530.666725,332.1,10.223306,2.2,8.0
1671701765.585000,45.386475,6.569465,1530.234329,329.8,10.341210,2.2,8.0
1671701766.589000,45.386555,6.569399,1529.627773,340.7,10.076138,2.0,8.0
1671701767.598000,45.386647,6.569354,1529.059041,347.0,11.245788,2.1,8.0
1671701768.596000,45.386747,6.569318,1528.265877,347.0,10.698651,2.1,8.0
1671701769.604000,45.386840,6.569282,1525.277638,337.8,10.196808,2.0,8.0
1671701770.574000,45.386920,6.569225,1524.776927,333.3,10.343640,2.1,8.0
1671701771.581000,45.387001,6.569159,1524.154138,334.7,10.028323,2.0,8.0
1671701772.590000,45.387084,6.569096,1523.195905,338.9,10.414449,2.1,8.0
1671701773.584000,45.387174,6.569045,1521.894496,342.0,11.024564,2.1,8.0
1671701774.596000,45.387272,6.568996,1518.740923,342.0,11.398611,1.9,8.0
1671701775.610000,45.387368,6.568945,1518.304294,342.0,10.601902,1.8,8.0
1671701776.597000,45.387454,6.568898,1517.896771,342.0,10.366554,1.9,8.0
1671701777.581000,45.387544,6.568856,1517.033129,343.0,11.166963,1.9,8.0
1671701778.585000,45.387643,6.568803,1515.959959,340.1,11.734176,2.1,8.0
1671701779.575000,45.387746,6.568746,1515.113568,341.0,11.932663,2.0,8.0
1671701780.587000,45.387853,6.568691,1513.568171,340.0,12.155492,2.2,8.0
1671701781.588000,45.387960,6.568635,1511.933878,339.0,12.443888,2.2,8.0
1671701782.597000,45.388068,6.568578,1510.564979,339.0,12.007441,2.0,8.0
1671701783.596000,45.388171,6.568524,1508.986682,339.0,12.408659,2.1,8.0
1671701784.602000,45.388277,6.568468,1507.305096,339.6,12.265539,2.1,8.0
1671701785.596000,45.388382,6.568414,1505.923739,339.0,12.521729,2.1,8.0
1671701786.614000,45.388487,6.568355,1504.213928,338.0,12.281223,2.2,8.0
1671701787.606000,45.388587,6.568294,1502.990783,336.1,12.198478,2.1,8.0
1671701788.627000,45.388691,6.568230,1501.173427,338.0,12.324196,1.8,8.0
1671701789.617000,45.388795,6.568172,1499.496429,338.0,12.562873,2.3,8.0
1671701790.595000,45.388899,6.568113,1497.749497,338.6,12.081500,2.3,8.0
1671701791.595000,45.388999,6.568064,1496.806369,340.9,11.591077,2.3,8.0
1671701792.599000,45.389095,6.568022,1496.012418,342.0,10.833240,2.3,8.0
1671701793.581000,45.389184,6.567983,1494.160155,342.0,10.333644,2.2,8.0
1671701794.590000,45.389270,6.567946,1493.691140,343.8,9.898249,2.2,8.0
1671701796.581000,45.389441,6.567886,1492.041375,348.0,9.527138,2.1,8.0
1671701798.602000,45.389610,6.567844,1490.740549,350.0,9.270638,2.0,8.0
1671701800.579000,45.389770,6.567802,1488.838962,349.0,8.872204,2.1,7.7
1671701802.585000,45.389926,6.567756,1486.671310,349.0,8.785779,2.2,7.0
1671701804.584000,45.390080,6.567715,1485.431325,349.0,8.805386,1.8,6.7
1671701806.600000,45.390234,6.567671,1484.163004,347.0,8.402684,1.9,6.4
1671701808.616000,45.390368,6.567627,1483.151775,348.0,7.479113,2.2,6.0
1671701810.596000,45.390493,6.567596,1482.604128,350.0,6.895751,2.3,6.0
1671701812.577000,45.390605,6.567575,1482.373551,352.0,5.987692,2.1,6.3
1671701814.602000,45.390699,6.567558,1482.113377,359.0,4.720831,2.1,6.4
1671701817.586000,45.390816,6.567552,1482.385299,355.1,5.023609,2.1,6.0
1671701820.598000,45.390949,6.567539,1481.676785,1.0,4.561066,2.2,6.6
1671701822.621000,45.391038,6.567564,1482.089944,45.1,4.131812,2.0,15.6
1671701825.542000,45.391147,6.567556,1480.578875,354.9,4.264086,2.2,20.7
1671701828.542000,45.391254,6.567532,1482.188604,1.0,3.415639,1.4,10.8
1671701832.500000,45.391341,6.567501,1480.165843,324.7,2.449612,2.1,10.4
1671701852.699000,45.391309,6.567424,1481.544351,231.8,0.000000,2.1,5.9
1671701852.699000,45.391309,6.567424,1481.544351,231.8,0.000000,2.1,5.9
1671701860.220000,45.391284,6.567403,1481.381666,226.1,0.501798,2.2,6.8
1671701872.606000,45.391192,6.567392,1482.106331,-1.0,0.008758,1.8,7.0
1671701895.610000,45.391103,6.567418,1482.042123,-1.0,0.000001,1.4,5.3
1671701944.581000,45.390993,6.567388,1480.663880,220.2,1.389562,1.4,8.6
1671701946.592000,45.390900,6.567308,1480.157300,220.5,4.401237,1.6,8.6
1671701949.359000,45.390795,6.567180,1481.826007,220.9,4.499563,1.6,10.5
1671701951.582000,45.390700,6.567049,1484.292455,222.0,4.251881,1.6,10.8
1671701953.600000,45.390617,6.566944,1487.139251,219.0,4.209633,1.8,8.0
1671701955.596000,45.390550,6.566858,1490.400024,222.0,4.173232,1.7,5.3
1671701958.595000,45.390456,6.566740,1496.800049,221.0,4.195022,1.8,4.0
1671701961.605000,45.390366,6.566627,1501.350927,219.0,4.153842,1.6,4.0
1671701964.602000,45.390280,6.566519,1507.078661,220.0,4.043739,1.9,4.0
1671701967.596000,45.390195,6.566408,1511.672802,223.0,4.349608,1.9,4.0
1671701970.597000,45.390104,6.566295,1515.894558,221.0,4.166930,2.0,4.0
1671701973.593000,45.390017,6.566183,1519.457461,220.0,4.261099,1.8,4.7
1671701976.597000,45.389928,6.566071,1523.269229,221.0,4.280639,1.8,5.7
1671701979.034000,45.389860,6.565985,1526.708581,220.0,4.252172,1.6,6.4
1671701981.596000,45.389783,6.565891,1529.696512,221.0,4.365013,2.0,6.4
1671701984.057000,45.389713,6.565805,1533.692815,220.0,4.197389,1.6,6.5
1671701986.606000,45.389639,6.565712,1537.987197,220.0,4.229355,1.7,6.5
1671701989.619000,45.389554,6.565608,1542.603007,221.0,4.282318,1.3,5.5
1671701992.597000,45.389469,6.565503,1552.018238,221.0,3.962758,2.8,5.0
1671701994.603000,45.389401,6.565417,1551.994736,221.0,4.027327,1.9,5.1
1671701997.581000,45.389328,6.565327,1557.187533,220.0,4.183410,1.6,6.0
1671702000.607000,45.389249,6.565230,1562.676860,221.0,3.921259,1.3,6.5
1671702003.581000,45.389170,6.565130,1568.975194,221.0,3.831862,1.5,6.5
1671702006.587000,45.389083,6.565022,1575.800249,221.0,3.938601,1.5,6.0
1671702009.602000,45.389006,6.564928,1582.218463,220.0,3.933258,2.0,5.6
1671702012.607000,45.388926,6.564828,1588.615747,221.0,3.958359,1.6,4.6
1671702015.611000,45.388847,6.564732,1595.836358,220.0,3.830676,1.5,4.6
1671702018.609000,45.388770,6.564638,1607.024041,220.0,3.153112,2.8,5.6
1671702021.577000,45.388684,6.564535,1614.100700,219.1,3.905468,2.5,6.5
1671702024.619000,45.388586,6.564416,1616.593439,221.0,3.913599,1.7,6.0
1671702027.578000,45.388518,6.564330,1622.136140,221.0,3.945342,1.4,6.0
1671702030.591000,45.388432,6.564222,1627.865708,220.0,4.097944,1.4,6.0
1671702033.597000,45.388358,6.564130,1634.711600,221.0,3.870391,1.4,6.0
1671702036.583000,45.388284,6.564037,1641.998628,222.0,3.888604,1.5,6.3
1671702039.308000,45.388215,6.563950,1648.309832,221.0,4.017565,1.8,5.4
1671702042.589000,45.388128,6.563841,1656.356225,219.0,3.759289,1.7,4.7
1671702045.573000,45.388043,6.563738,1663.816513,220.0,4.327390,1.5,4.6
1671702048.603000,45.387957,6.563631,1673.895854,222.0,4.036950,2.5,6.0
1671702051.586000,45.387869,6.563524,1677.624520,221.0,3.998662,2.5,6.0
1671702054.609000,45.387777,6.563409,1678.886871,220.0,4.137700,1.8,6.0
1671702057.598000,45.387703,6.563315,1684.020770,220.0,3.965163,1.4,5.3
1671702060.601000,45.387616,6.563210,1690.235454,221.0,4.114542,1.5,4.3
1671702063.584000,45.387536,6.563111,1695.383372,221.0,4.055649,1.5,5.6
1671702066.589000,45.387456,6.563013,1701.950953,219.9,4.155455,2.0,6.7
1671702069.591000,45.387354,6.562889,1705.846429,220.0,4.267869,1.6,5.1
1671702072.584000,45.387270,6.562785,1707.644145,220.0,4.183137,1.7,4.3
1671702075.591000,45.387179,6.562673,1713.474781,221.0,4.414514,2.4,4.0
1671702078.589000,45.387090,6.562564,1716.309433,221.0,4.441954,2.5,5.0
1671702081.610000,45.386999,6.562456,1718.552872,220.0,4.277401,2.5,6.0
1671702084.594000,45.386908,6.562346,1718.371168,220.0,4.461239,1.8,5.7
1671702087.584000,45.386821,6.562239,1721.503579,220.0,4.327016,1.5,4.9
1671702090.598000,45.386733,6.562132,1725.417459,221.0,4.409228,1.6,5.3
1671702093.615000,45.386645,6.562024,1728.853481,221.0,4.325315,1.6,6.0
1671702096.570000,45.386559,6.561919,1732.586895,220.0,4.152035,2.0,5.7
1671702099.574000,45.386470,6.561808,1737.635276,220.0,4.428558,1.7,4.6
1671702102.600000,45.386384,6.561704,1741.633395,221.0,4.161860,1.6,5.0
1671702105.593000,45.386300,6.561599,1746.163582,222.0,4.071451,1.6,5.2
1671702108.595000,45.386210,6.561480,1753.123807,221.0,4.289885,2.4,4.3
1671702111.605000,45.386124,6.561373,1756.186501,221.0,4.267152,2.4,5.6
1671702114.603000,45.386036,6.561264,1757.172455,220.0,4.429182,1.9,6.0
1671702117.586000,45.385944,6.561149,1760.838327,221.0,4.267896,1.6,6.0
1671702121.604000,45.385841,6.561022,1766.995516,220.0,4.136617,1.7,4.4
1671702124.594000,45.385753,6.560913,1773.308807,220.0,4.117516,1.8,3.8
1671702127.590000,45.385673,6.560816,1779.499962,221.0,4.063979,1.9,3.8
1671702130.602000,45.385594,6.560716,1786.731201,221.0,4.015659,1.8,3.9
1671702133.590000,45.385516,6.560619,1794.187894,220.0,3.977671,1.9,3.6
1671702136.615000,45.385440,6.560526,1803.402051,220.0,3.919389,2.4,3.5
1671702139.601000,45.385363,6.560432,1811.400453,221.0,3.879617,2.4,2.8
1671702142.594000,45.385286,6.560340,1817.142155,220.0,3.843334,2.1,3.1
1671702145.626000,45.385212,6.560249,1825.030846,220.0,3.798291,2.0,3.1
1671702148.608000,45.385138,6.560157,1832.523917,218.8,3.777348,2.0,3.6
1671702151.609000,45.385057,6.560059,1840.031151,221.0,3.792669,1.8,3.9
1671702154.582000,45.384974,6.559956,1846.703079,221.0,3.831715,2.1,3.9
1671702157.610000,45.384885,6.559845,1854.227469,221.0,3.873958,1.8,3.4
1671702160.606000,45.384814,6.559759,1860.415414,220.0,3.879597,1.9,3.3
1671702163.593000,45.384731,6.559655,1867.120576,220.0,3.888462,1.7,3.9
1671702166.614000,45.384656,6.559565,1875.116441,220.0,3.887163,1.8,3.9
1671702169.598000,45.384577,6.559468,1881.440540,221.0,3.861627,2.1,3.0
1671702172.620000,45.384498,6.559370,1889.437369,220.0,3.856902,2.0,3.0
1671702175.606000,45.384428,6.559280,1897.451859,221.0,3.828415,2.0,3.8
1671702178.600000,45.384347,6.559175,1905.047297,221.0,3.857986,2.0,3.6
1671702181.599000,45.384264,6.559075,1909.898321,221.0,3.933476,1.9,3.7
1671702184.604000,45.384182,6.558972,1916.069027,221.0,3.967127,1.8,3.3
1671702187.614000,45.384093,6.558863,1921.498019,220.0,4.007878,1.8,3.4
1671702190.605000,45.384018,6.558770,1927.915147,220.0,4.014042,1.8,3.6
1671702193.605000,45.383937,6.558669,1936.363008,220.0,4.004782,2.4,3.5
1671702196.615000,45.383857,6.558569,1942.684755,222.0,4.013295,2.5,2.9
1671702199.600000,45.383776,6.558470,1947.472366,221.0,3.995200,2.1,3.6
1671702202.612000,45.383694,6.558367,1954.561842,220.0,3.978436,2.1,3.9
1671702205.603000,45.383620,6.558273,1960.810992,221.0,3.958112,2.0,3.9
1671702208.603000,45.383541,6.558176,1968.290640,221.0,3.931618,2.0,3.5
1671702211.605000,45.383464,6.558078,1975.117589,221.0,3.919120,2.0,2.9
1671702214.616000,45.383384,6.557980,1982.615008,220.0,3.894227,1.7,3.9
1671702217.616000,45.383301,6.557876,1989.739130,220.0,3.925798,1.9,3.5
1671702220.598000,45.383219,6.557775,1996.255861,221.0,4.005511,2.4,3.5
1671702223.594000,45.383133,6.557668,2002.802125,221.0,4.062825,2.4,3.1
1671702226.598000,45.383048,6.557563,2004.434538,221.0,4.097408,1.9,3.4
1671702229.611000,45.382964,6.557458,2009.437518,220.0,4.120101,2.1,3.9
1671702232.613000,45.382874,6.557346,2014.407657,220.0,4.125288,2.0,3.9
1671702235.603000,45.382789,6.557242,2019.191362,221.0,4.191189,2.0,3.9
1671702238.597000,45.382695,6.557129,2022.155036,221.0,4.240440,2.2,3.4
1671702241.612000,45.382607,6.557024,2025.821396,221.0,4.273388,1.7,3.5
1671702244.606000,45.382517,6.556915,2029.497033,221.0,4.300468,1.9,3.6
1671702247.594000,45.382425,6.556801,2034.220042,220.0,4.314585,2.4,3.9
1671702250.612000,45.382342,6.556699,2037.230053,220.0,4.322783,2.0,3.9
1671702253.619000,45.382251,6.556587,2041.053176,221.0,4.323212,2.0,3.9
1671702256.605000,45.382167,6.556483,2048.016516,221.0,4.317410,2.5,3.9
1671702259.599000,45.382079,6.556375,2049.113774,221.0,4.311465,2.1,3.2
1671702262.623000,45.381991,6.556265,2054.243484,221.0,4.300628,2.0,3.5
1671702265.608000,45.381909,6.556161,2058.664158,221.0,4.289661,2.0,3.9
1671702268.618000,45.381807,6.556034,2062.840220,221.0,4.274130,2.2,3.9
1671702271.604000,45.381735,6.555946,2066.331283,220.0,4.260241,1.8,3.9
1671702275.600000,45.381661,6.555855,2070.166168,220.9,3.895912,1.8,3.9
1671702283.626000,45.381591,6.555772,2074.637226,221.0,2.461540,2.5,3.6
1671702292.603000,45.381516,6.555677,2074.811539,221.0,1.864968,2.0,3.1
1671702298.621000,45.381430,6.555570,2076.947103,221.0,1.942182,2.0,3.5
1671702302.617000,45.381359,6.555484,2079.134748,221.0,2.147881,1.8,3.9
1671702305.586000,45.381290,6.555396,2079.634713,220.0,2.453638,1.8,3.9
1671702308.619000,45.381207,6.555293,2079.737803,220.0,2.809677,2.0,3.9
1671702311.603000,45.381124,6.555191,2082.937608,220.0,3.192207,2.5,3.3
1671702313.602000,45.381056,6.555106,2082.435732,221.0,3.437538,2.5,3.4
1671702316.595000,45.380970,6.555001,2080.758455,221.0,3.722582,2.0,3.6
1671702319.597000,45.380876,6.554886,2081.817898,220.0,3.932246,2.1,3.1
1671702322.594000,45.380786,6.554776,2083.362191,220.0,4.085098,2.0,3.5
1671702325.609000,45.380695,6.554662,2084.207933,220.0,4.193541,2.1,3.9
1671702328.613000,45.380596,6.554538,2085.631447,220.0,4.270979,2.0,3.9
1671702331.589000,45.380511,6.554432,2086.147272,221.0,4.327992,1.8,3.8
1671702334.601000,45.380426,6.554336,2086.247861,218.0,4.164354,1.8,3.8
1671702345.600000,45.380430,6.554190,2085.631447,314.9,2.853886,2.0,6.0
1671702348.601000,45.380534,6.554049,2083.898506,339.9,4.556235,2.1,6.0
1671702350.601000,45.380662,6.553972,2081.124476,353.3,9.310805,2.1,6.0
1671702351.609000,45.380763,6.553950,2080.407914,354.0,11.000578,2.0,6.2
1671702352.594000,45.380878,6.553928,2077.946805,353.1,12.036372,2.0,6.4
1671702353.601000,45.381010,6.553899,2074.471547,352.2,12.697068,2.1,6.4
1671702354.611000,45.381140,6.553868,2072.187934,351.1,13.088778,2.1,6.7
1671702355.594000,45.381265,6.553840,2069.808343,351.8,13.256824,2.1,6.7
1671702356.607000,45.381392,6.553816,2067.841866,352.0,13.492389,2.1,6.7
1671702357.599000,45.381518,6.553794,2067.324583,352.0,13.481171,2.2,5.6
1671702358.597000,45.381643,6.553770,2065.201739,352.0,13.467137,2.0,5.3
1671702359.581000,45.381764,6.553746,2062.294952,351.1,13.233570,1.8,5.0
1671702360.588000,45.381883,6.553719,2059.602564,350.3,13.163118,1.8,4.7
1671702361.604000,45.382003,6.553690,2057.689869,350.0,13.481411,1.9,4.7
1671702362.595000,45.382122,6.553661,2055.926666,350.0,13.429107,1.9,4.7
1671702363.606000,45.382240,6.553634,2053.917165,351.0,12.901320,1.9,5.2
1671702364.600000,45.382350,6.553612,2053.245667,351.0,12.479021,2.4,5.6
1671702365.599000,45.382460,6.553588,2050.010028,351.0,12.137190,1.9,6.4
1671702366.592000,45.382568,6.553567,2048.423029,351.0,12.122878,1.8,6.7
1671702367.597000,45.382678,6.553546,2046.620683,351.9,12.219865,1.9,7.2
1671702368.599000,45.382790,6.553528,2044.503031,352.0,12.532395,2.0,7.3
1671702369.600000,45.382904,6.553510,2043.620152,353.0,12.468130,2.4,8.0
1671702370.618000,45.383018,6.553492,2042.735126,352.0,12.446730,2.5,8.0
1671702371.618000,45.383132,6.553472,2038.262419,351.1,12.385826,2.0,7.6
1671702372.607000,45.383242,6.553449,2038.349278,351.0,12.319371,2.5,7.2
1671702373.610000,45.383352,6.553425,2038.757031,351.0,12.240452,2.5,6.8
1671702374.616000,45.383458,6.553403,2036.571565,351.0,11.894492,2.5,6.4
1671702375.608000,45.383563,6.553381,2033.379319,351.0,11.887072,2.0,6.3
1671702376.616000,45.383668,6.553357,2031.216294,350.1,11.567920,2.1,6.0
1671702377.626000,45.383766,6.553331,2030.319468,349.1,11.055273,2.1,6.0
1671702378.621000,45.383860,6.553304,2029.343316,348.4,10.668780,2.2,6.0
1671702379.617000,45.383950,6.553274,2028.262251,347.0,10.222518,2.1,6.0
1671702381.601000,45.384113,6.553218,2026.971302,346.3,8.887257,2.0,6.0
1671702383.598000,45.384255,6.553198,2026.766407,358.4,7.737410,2.1,6.0
1671702385.597000,45.384391,6.553214,2025.532024,4.9,8.078662,2.1,6.0
1671702387.604000,45.384530,6.553263,2022.838517,13.0,8.102987,2.1,6.0
1671702389.584000,45.384684,6.553317,2020.890613,9.1,9.634701,1.8,6.0
1671702390.604000,45.384776,6.553322,2018.761485,359.2,10.053576,1.8,6.0
1671702391.599000,45.384872,6.553312,2017.914590,352.6,10.216317,1.9,6.0
1671702392.595000,45.384968,6.553288,2015.891083,347.8,10.596910,1.9,6.0
1671702393.610000,45.385064,6.553252,2016.573689,339.4,10.558556,2.4,6.0
1671702394.601000,45.385153,6.553198,2013.169962,336.9,10.430616,1.8,6.0
1671702395.602000,45.385240,6.553138,2011.722805,334.3,10.658576,1.9,6.3
1671702396.597000,45.385327,6.553077,2011.134809,339.7,10.705260,1.9,6.7
1671702397.593000,45.385421,6.553032,2009.480969,343.7,11.461794,2.0,7.0
1671702398.602000,45.385524,6.553002,2006.966320,346.8,11.915185,2.0,7.3
1671702399.601000,45.385630,6.552973,2007.039898,340.0,11.766237,2.4,8.0
1671702400.590000,45.385729,6.552921,2005.370407,338.5,11.699898,2.5,9.3
1671702402.592000,45.385919,6.552777,2000.518133,332.5,11.828610,2.4,12.8
1671702403.587000,45.386010,6.552696,2000.157520,330.4,11.791491,2.5,20.8
1671702404.592000,45.386078,6.552572,1999.883939,324.2,11.207034,2.5,21.6
1671702405.594000,45.386156,6.552499,1997.778788,327.3,10.794800,2.4,24.0
1671702407.597000,45.386304,6.552472,1992.962888,355.3,8.542464,2.1,19.2
1671702409.587000,45.386447,6.552547,1987.961998,24.1,9.658120,2.2,12.0
1671702411.602000,45.386607,6.552653,1983.175544,13.0,10.346988,2.1,12.0
1671702412.607000,45.386705,6.552683,1980.678896,18.0,10.887301,2.1,12.0
1671702413.614000,45.386805,6.552728,1978.637907,19.0,10.821517,2.3,12.0
1671702414.595000,45.386905,6.552777,1975.769275,8.1,11.565843,2.1,12.0
1671702415.588000,45.387010,6.552802,1973.083940,16.1,10.168894,2.2,12.0
1671702416.597000,45.387105,6.552858,1970.422356,30.6,10.665940,2.1,11.3
1671702417.584000,45.387189,6.552932,1965.142381,16.5,9.490008,2.3,10.7
1671702418.594000,45.387280,6.552968,1963.533103,4.1,9.354534,2.2,10.0
1671702420.601000,45.387450,6.552972,1959.309250,3.0,9.496191,1.9,8.0
1671702422.601000,45.387636,6.552958,1953.251631,347.0,11.749624,2.3,8.0
1671702423.607000,45.387751,6.552916,1950.730807,354.0,12.590700,2.3,8.0
1671702424.599000,45.387869,6.552890,1947.495202,347.1,12.018744,2.3,8.0
1671702425.603000,45.387981,6.552844,1943.649614,342.0,12.327918,2.4,8.0
1671702426.590000,45.388089,6.552782,1942.112883,340.1,11.920954,2.4,8.0
1671702427.580000,45.388197,6.552721,1939.058002,339.0,11.377626,2.5,8.0
1671702428.585000,45.388300,6.552661,1935.588692,332.6,10.682959,2.5,8.0
1671702429.607000,45.388387,6.552579,1935.343073,322.0,9.915221,2.5,8.0
1671702431.599000,45.388524,6.552424,1928.355526,332.9,9.628873,2.5,8.0
1671702432.595000,45.388603,6.552361,1926.901887,324.1,10.464605,2.5,8.0
1671702433.600000,45.388687,6.552274,1925.661739,329.1,10.500266,2.5,8.0
1671702434.603000,45.388774,6.552200,1923.358609,334.8,10.277531,2.5,8.0
1671702435.602000,45.388861,6.552135,1917.194584,323.3,9.859645,2.7,8.0
1671702437.615000,45.388996,6.551967,1911.833447,335.7,9.028201,2.3,8.0
1671702439.600000,45.389130,6.551872,1904.924973,336.3,8.843534,2.8,8.0
1671702441.604000,45.389280,6.551750,1901.319380,335.8,9.609698,2.5,8.0
1671702443.600000,45.389442,6.551691,1894.319758,355.5,9.306520,2.6,8.0
1671702445.579000,45.389613,6.551638,1891.085530,339.7,10.749889,2.4,8.0
1671702446.600000,45.389701,6.551581,1889.890959,348.5,10.056766,2.5,8.0
1671702447.601000,45.389788,6.551546,1885.585353,8.1,10.031451,2.5,8.0
1671702449.581000,45.389957,6.551550,1881.848015,2.0,9.463936,2.6,8.0
1671702451.583000,45.390091,6.551591,1878.268841,29.0,7.279294,2.7,8.0
1671702453.603000,45.390217,6.551677,1875.072501,21.0,8.804118,2.5,8.0
1671702455.594000,45.390378,6.551810,1872.322552,44.5,11.839938,2.5,8.0
1671702456.596000,45.390458,6.551925,1865.517284,49.6,12.667699,2.4,8.0
1671702457.599000,45.390520,6.552049,1863.801050,69.1,10.981930,2.8,8.0
1671702458.583000,45.390542,6.552181,1864.449985,82.9,10.588095,2.6,8.0
1671702459.601000,45.390546,6.552327,1861.569737,79.1,10.416446,2.8,8.0
1671702460.627000,45.390554,6.552470,1858.465536,77.0,8.696465,2.7,7.6
1671702462.607000,45.390576,6.552663,1857.582903,74.8,4.937416,2.6,6.8
1671702471.861000,45.390656,6.552734,1854.822219,327.7,2.395553,2.4,7.2
1671702490.258000,45.390689,6.552599,1857.434074,276.7,3.555383,2.6,5.5
1671702491.936000,45.390700,6.552450,1856.812259,279.5,4.669003,2.7,7.4
1671702494.339000,45.390714,6.552294,1856.990352,275.9,4.514451,2.5,9.7
1671702496.139000,45.390727,6.552161,1855.710657,285.7,4.406830,2.3,10.4
1671702498.538000,45.390743,6.552007,1858.133003,281.2,4.531141,2.4,9.1
1671702501.537000,45.390758,6.551847,1861.779128,278.7,4.361768,2.4,7.4
1671702503.937000,45.390769,6.551709,1865.753487,276.9,4.290460,2.4,6.9
1671702506.337000,45.390785,6.551576,1870.963461,278.9,4.289451,2.6,6.8
1671702509.336000,45.390804,6.551404,1873.755362,279.2,4.287394,2.7,6.9
1671702512.258000,45.390827,6.551240,1879.464064,279.9,4.238278,2.7,7.0
1671702515.657000,45.390846,6.551075,1881.884036,279.9,4.316044,2.5,9.2
1671702518.658000,45.390869,6.550906,1887.529082,279.9,4.322533,2.9,9.5
1671702521.657000,45.390892,6.550738,1889.708014,282.2,4.355643,2.8,7.9
1671702524.656000,45.390908,6.550576,1891.750933,280.6,4.298502,2.5,6.9
1671702527.600000,45.390925,6.550403,1895.608282,279.0,4.257319,2.3,7.1
1671702530.598000,45.390941,6.550229,1900.070378,279.0,4.184518,2.5,4.8
1671702533.592000,45.390957,6.550068,1904.287317,279.0,4.161057,2.5,4.8
1671702536.603000,45.390976,6.549916,1912.793846,280.0,4.124771,2.9,5.6
1671702539.606000,45.390996,6.549752,1915.390281,279.0,4.189631,2.6,4.3
1671702542.600000,45.391016,6.549596,1919.527020,279.0,4.246351,2.6,5.2
1671702545.593000,45.391036,6.549435,1921.434783,279.0,4.206840,2.2,6.0
1671702548.593000,45.391055,6.549281,1929.489347,279.0,4.235470,2.6,6.2
1671702551.582000,45.391074,6.549122,1934.662874,279.0,4.198743,2.5,5.3
1671702554.590000,45.391093,6.548962,1935.677371,279.0,4.164580,2.3,4.0
1671702557.605000,45.391112,6.548804,1940.644882,280.0,4.403091,2.4,4.0
1671702560.607000,45.391132,6.548643,1944.823906,279.0,4.345580,2.4,4.3
1671702563.613000,45.391153,6.548471,1949.322215,279.0,4.272857,2.4,5.7
1671702566.583000,45.391172,6.548324,1955.785706,279.0,4.233803,2.7,6.0
1671702569.577000,45.391193,6.548166,1959.998174,279.0,4.170749,2.7,5.4
1671702572.593000,45.391214,6.548008,1965.504034,279.0,4.522630,2.9,4.7
1671702575.594000,45.391235,6.547841,1967.502570,278.0,4.469790,2.5,5.7
1671702578.606000,45.391254,6.547675,1971.659304,278.0,4.357697,2.6,4.7
1671702581.594000,45.391273,6.547528,1974.775986,279.0,4.340358,2.5,4.7
1671702584.598000,45.391292,6.547365,1975.135408,279.0,4.375287,2.3,5.7
1671702587.591000,45.391311,6.547211,1978.465648,279.0,4.342689,2.5,4.7
1671702590.602000,45.391331,6.547049,1982.841765,279.0,4.302778,2.6,4.9
1671702593.602000,45.391352,6.546879,1986.712875,280.0,4.373113,2.4,5.0
1671702596.602000,45.391373,6.546721,1993.577413,280.0,4.220305,2.5,4.6
1671702599.593000,45.391390,6.546564,1998.248897,279.0,4.194700,2.8,5.4
1671702602.599000,45.391412,6.546404,2003.272081,279.0,4.241241,2.9,5.0
1671702605.620000,45.391431,6.546242,2006.036935,279.0,4.187681,2.5,4.0
1671702608.601000,45.391448,6.546073,2012.755432,279.0,4.123497,2.6,4.3
1671702611.578000,45.391464,6.545929,2017.816358,279.0,4.122729,2.5,5.1
1671702614.598000,45.391483,6.545762,2019.900195,279.0,4.115095,2.4,4.9
1671702617.597000,45.391502,6.545609,2024.145193,279.0,4.335182,2.6,4.0
1671702620.582000,45.391523,6.545451,2026.992030,279.0,4.292517,2.8,4.0
1671702623.594000,45.391544,6.545284,2032.014221,279.0,4.339121,2.6,4.0
1671702626.579000,45.391563,6.545128,2036.310437,279.0,4.323394,2.5,4.0
1671702629.591000,45.391584,6.544964,2041.113485,279.0,4.211435,2.9,4.7
1671702632.595000,45.391603,6.544807,2045.945248,279.0,4.279309,2.7,5.3
1671702635.584000,45.391623,6.544645,2047.937674,279.0,4.219660,2.5,4.3
1671702638.600000,45.391644,6.544471,2054.291466,279.0,4.494917,2.7,4.0
1671702641.603000,45.391664,6.544314,2057.206934,279.0,4.479254,2.5,4.0
1671702644.599000,45.391684,6.544150,2056.720833,279.0,4.489213,2.4,6.1
1671702647.577000,45.391704,6.543995,2058.165431,279.0,4.522720,2.5,5.4
1671702650.603000,45.391726,6.543814,2058.839789,279.0,4.442502,2.4,6.5
1671702653.591000,45.391746,6.543644,2061.872179,279.0,4.478678,2.6,7.9
1671702656.587000,45.391764,6.543493,2063.339217,279.0,4.275176,2.8,6.0
1671702659.590000,45.391780,6.543346,2069.260530,279.0,4.107341,2.7,6.0
1671702662.586000,45.391800,6.543175,2073.667502,279.0,4.031320,2.5,6.0
1671702665.583000,45.391817,6.543021,2081.347993,279.0,3.944433,2.6,6.0
1671702668.583000,45.391834,6.542874,2087.278044,279.0,3.979438,2.5,5.2
1671702671.583000,45.391852,6.542720,2090.716276,278.0,3.847986,2.4,4.5
1671702674.585000,45.391870,6.542571,2097.988947,279.0,3.949600,2.5,4.0
1671702677.589000,45.391890,6.542421,2106.294206,280.0,3.846045,2.5,4.0
1671702680.605000,45.391912,6.542272,2111.898796,279.0,3.820835,2.5,4.7
1671702683.594000,45.391932,6.542134,2122.018282,279.0,3.799934,2.7,5.3
1671702686.591000,45.391947,6.541996,2129.763836,279.0,3.759685,2.8,4.7
1671702689.582000,45.391963,6.541852,2137.036904,279.0,3.768284,2.6,5.0
1671702692.575000,45.391980,6.541715,2142.533173,280.0,3.675146,2.4,5.3
1671702695.587000,45.391999,6.541567,2153.977988,280.0,4.162448,2.6,4.3
1671702698.579000,45.392016,6.541417,2159.783231,280.0,3.960189,2.5,5.0
1671702701.602000,45.392034,6.541264,2164.720496,279.0,3.933577,2.4,6.0
1671702704.602000,45.392052,6.541118,2171.663715,278.0,3.916443,2.6,6.6
1671702707.601000,45.392068,6.540971,2178.912517,279.0,3.810335,2.6,5.7
1671702710.590000,45.392083,6.540823,2185.538578,279.0,3.812761,2.5,5.3
1671702713.579000,45.392100,6.540676,2195.711216,279.0,3.972321,2.5,6.0
1671702716.585000,45.392117,6.540531,2202.236192,279.0,3.838257,2.6,6.0
1671702719.574000,45.392130,6.540390,2209.863494,279.0,3.928110,2.5,6.9
1671702722.580000,45.392145,6.540237,2213.241606,279.0,3.962775,2.5,6.9
1671702725.581000,45.392156,6.540088,2223.798109,279.0,3.630595,2.5,7.0
1671702728.585000,45.392166,6.539917,2230.577421,279.0,3.871125,2.5,7.0
1671702731.576000,45.392183,6.539770,2234.951389,280.0,3.914387,2.6,7.0
1671702734.611000,45.392204,6.539620,2242.793487,279.0,3.768930,2.8,4.7
1671702737.586000,45.392221,6.539487,2251.011503,279.0,3.789469,2.6,4.0
1671702740.600000,45.392241,6.539348,2255.924945,279.0,3.754748,2.6,5.6
1671702743.589000,45.392260,6.539213,2266.596495,278.0,3.642148,2.6,6.6
1671702746.596000,45.392280,6.539072,2276.607937,280.0,4.579698,2.8,6.0
1671702749.590000,45.392302,6.538907,2279.721420,279.0,4.380296,2.5,5.0
1671702752.579000,45.392320,6.538756,2286.928357,279.0,4.260228,2.7,4.3
1671702755.619000,45.392339,6.538600,2291.878904,279.0,4.108249,2.5,4.0
1671702758.589000,45.392358,6.538445,2293.906784,279.0,4.220870,2.4,4.0
1671702761.594000,45.392377,6.538288,2299.282482,278.0,4.227475,2.6,4.0
1671702764.613000,45.392397,6.538124,2304.952747,279.0,4.165711,2.6,4.0
1671702767.603000,45.392414,6.537977,2309.901130,280.0,4.146322,2.4,3.6
1671702770.604000,45.392432,6.537818,2317.167338,279.0,4.126272,2.9,2.3
1671702773.582000,45.392451,6.537666,2324.387033,279.0,4.119424,2.6,2.5
1671702776.601000,45.392470,6.537507,2331.962761,279.0,4.099316,2.9,3.9
1671702779.594000,45.392491,6.537345,2338.414907,279.0,4.083695,2.8,3.8
1671702782.601000,45.392509,6.537206,2344.198653,279.0,4.057056,2.8,3.6
1671702785.580000,45.392529,6.537052,2349.876188,279.0,4.039065,2.6,3.6
1671702788.575000,45.392547,6.536910,2353.678210,281.5,3.996049,2.5,3.6
1671702790.599000,45.392567,6.536783,2357.243562,280.0,3.996315,2.6,3.5
1671702794.628000,45.392589,6.536599,2366.855398,279.8,4.019905,2.5,3.8
1671702797.598000,45.392608,6.536461,2373.126168,279.0,4.015544,2.5,3.8
1671702800.589000,45.392630,6.536308,2378.790129,278.2,4.077497,2.6,3.6
1671702803.592000,45.392645,6.536157,2380.942467,280.0,4.046027,2.4,3.8
1671702823.605000,45.392565,6.536142,2380.648692,122.0,0.000000,2.7,4.0
1671702823.605000,45.392565,6.536142,2380.648692,122.0,0.000000,2.7,4.0
1671702848.581000,45.392599,6.536040,2380.320209,293.9,2.309958,2.6,4.0
1671702851.601000,45.392613,6.535906,2378.336231,227.0,2.949639,2.6,3.8
1671702854.603000,45.392522,6.535854,2377.885028,194.0,3.147778,2.5,3.7
1671702857.596000,45.392410,6.535822,2377.417831,193.0,3.429434,2.5,4.0
1671702860.586000,45.392290,6.535782,2378.888497,195.0,3.643437,2.8,4.0
1671702863.589000,45.392185,6.535754,2377.485374,189.1,3.695346,2.6,4.0
1671702866.595000,45.392086,6.535751,2376.719606,181.0,3.679310,2.6,3.9
1671702869.605000,45.391988,6.535749,2374.030759,185.0,3.665166,2.6,3.7
1671702872.596000,45.391889,6.535742,2375.740847,182.3,3.640568,2.5,3.3
1671702875.592000,45.391795,6.535736,2372.400431,184.1,3.566113,2.6,3.4
1671702878.592000,45.391695,6.535743,2371.861504,176.0,3.620323,2.6,3.8
1671702881.601000,45.391558,6.535780,2369.663467,165.1,4.098243,2.6,3.7
1671702883.600000,45.391442,6.535829,2365.770289,168.5,8.928238,2.6,4.2
1671702884.579000,45.391332,6.535860,2364.242839,170.0,10.594030,2.5,4.2
1671702885.606000,45.391218,6.535883,2362.339912,174.4,10.329431,2.6,4.2
1671702886.585000,45.391116,6.535893,2360.599934,175.9,10.385393,2.6,4.2
1671702887.583000,45.391018,6.535901,2359.904576,176.0,9.933214,2.5,4.3
1671702888.588000,45.390928,6.535907,2359.073419,177.9,9.615313,2.7,4.3
1671702890.603000,45.390760,6.535907,2356.436633,178.2,9.285750,2.6,4.0
1671702892.574000,45.390592,6.535918,2354.109487,173.9,9.579774,2.5,4.0
1671702894.595000,45.390424,6.535952,2351.764352,171.0,9.078794,2.5,4.0
1671702896.584000,45.390266,6.535979,2349.760455,174.0,8.892730,2.5,4.0
1671702898.603000,45.390120,6.535989,2348.001781,175.0,8.204181,2.5,4.0
1671702900.605000,45.389975,6.535986,2345.158347,179.2,8.004946,2.7,4.0
1671702902.595000,45.389820,6.535995,2344.584997,176.0,9.564721,2.5,4.0
1671702903.605000,45.389727,6.536003,2342.205758,176.0,10.994608,2.5,4.4
1671702904.587000,45.389623,6.536011,2337.428191,176.0,11.534962,2.6,4.8
1671702905.602000,45.389515,6.536018,2335.329403,177.0,11.614372,2.6,5.0
1671702906.596000,45.389409,6.536022,2332.782334,177.6,11.636819,2.6,5.6
1671702907.607000,45.389300,6.536027,2331.353762,177.2,11.271999,2.5,6.0
1671702908.582000,45.389196,6.536034,2330.174973,176.2,10.554374,2.6,6.0
1671702909.599000,45.389096,6.536045,2329.182157,175.2,10.065737,2.7,6.0
1671702910.624000,45.389002,6.536070,2328.152300,172.0,9.890365,2.7,6.0
1671702911.608000,45.388915,6.536119,2327.430413,161.0,10.361273,2.6,6.0
1671702912.616000,45.388827,6.536185,2325.495954,155.5,10.406603,2.8,6.0
1671702913.604000,45.388749,6.536271,2324.697356,145.5,10.515578,2.7,6.0
1671702914.611000,45.388679,6.536373,2322.241013,132.4,10.595955,2.6,6.0
1671702915.593000,45.388625,6.536488,2320.649810,124.1,10.657741,2.6,6.0
1671702916.572000,45.388578,6.536619,2319.620992,117.2,11.529046,2.5,6.0
1671702917.600000,45.388535,6.536765,2318.136320,115.3,11.556843,2.5,6.0
1671702918.592000,45.388495,6.536908,2316.667813,113.2,11.811822,2.7,6.0
1671702919.581000,45.388456,6.537057,2315.218110,111.0,12.444979,2.7,6.0
1671702920.583000,45.388417,6.537212,2313.744810,111.0,12.562830,2.6,6.0
1671702921.589000,45.388374,6.537362,2310.438769,114.4,12.062786,2.5,6.0
1671702922.586000,45.388322,6.537490,2308.759753,121.8,11.102550,2.5,6.0
1671702923.588000,45.388265,6.537594,2308.280474,125.5,10.405993,2.5,6.0
1671702925.599000,45.388176,6.537753,2306.850741,127.0,7.923433,2.5,6.0
1671702930.606000,45.388171,6.537939,2303.110751,97.8,6.589446,2.7,6.0
1671702932.593000,45.388161,6.538138,2299.176680,96.0,7.259398,2.8,6.0
1671702934.597000,45.388136,6.538337,2294.964202,103.9,8.014411,2.7,6.0
1671702936.596000,45.388057,6.538561,2288.138257,113.3,9.344336,2.6,6.0
1671702937.592000,45.387998,6.538690,2282.975554,115.3,11.181170,2.5,6.0
1671702938.594000,45.387945,6.538819,2277.602298,115.2,11.289352,2.6,6.0
1671702939.591000,45.387891,6.538954,2272.116446,118.6,11.994138,2.7,6.3
1671702940.592000,45.387835,6.539085,2269.685874,126.7,11.827608,2.6,6.8
1671702941.589000,45.387767,6.539178,2265.311553,142.8,10.165343,2.6,7.0
1671702942.606000,45.387695,6.539254,2263.451834,138.1,10.439701,2.8,7.6
1671702943.597000,45.387626,6.539340,2262.493159,135.5,10.529881,2.7,8.0
1671702944.577000,45.387555,6.539435,2259.494050,137.2,10.756308,2.6,8.0
1671702945.585000,45.387480,6.539534,2258.454222,137.8,11.045786,2.6,8.0
1671702946.577000,45.387404,6.539633,2256.195996,138.5,11.039528,2.6,8.0
1671702947.581000,45.387330,6.539724,2257.879171,141.4,10.557497,2.8,8.0
1671702949.586000,45.387209,6.539861,2254.053704,133.2,7.520507,2.3,8.0
1671702951.587000,45.387114,6.539945,2246.988553,163.7,6.427243,2.7,8.0
1671702953.598000,45.387024,6.539893,2249.807133,233.1,4.652906,2.3,8.0
1671702956.591000,45.387007,6.539682,2243.085285,271.0,6.734010,2.9,8.0
1671702958.590000,45.386989,6.539465,2241.225734,255.5,6.953871,2.9,8.0
1671702960.588000,45.386941,6.539292,2238.420776,227.0,6.059390,2.0,8.0
1671702962.574000,45.386856,6.539214,2235.986396,186.2,5.065034,2.0,8.0
1671702964.585000,45.386751,6.539191,2232.574722,208.9,6.375558,2.3,8.0
1671702966.593000,45.386621,6.539107,2220.345441,181.0,6.527231,2.5,8.0
1671702968.601000,45.386508,6.539118,2212.296330,198.0,6.049028,2.7,8.0
1671702970.583000,45.386419,6.539036,2213.517198,232.9,5.800409,2.6,9.3
1671702972.594000,45.386341,6.538943,2205.294473,206.2,6.578179,2.7,11.2
1671702974.597000,45.386208,6.538858,2208.036070,211.9,9.219666,2.9,10.7
1671702975.573000,45.386124,6.538790,2202.756071,209.1,11.183083,2.8,10.0
1671702976.581000,45.386021,6.538708,2197.982775,204.0,13.429391,2.7,9.3
1671702977.595000,45.385901,6.538629,2192.814868,203.0,15.182854,2.7,8.8
1671702978.599000,45.385765,6.538541,2192.339200,200.0,15.385117,2.4,9.6
1671702979.587000,45.385626,6.538468,2188.527771,199.0,14.106009,2.3,10.0
1671702980.608000,45.385501,6.538414,2181.992157,196.1,12.251267,2.9,11.2
1671702981.596000,45.385382,6.538390,2185.510631,192.1,10.669400,2.4,11.2
1671702982.590000,45.385276,6.538370,2184.689384,192.0,9.376114,2.3,10.7
1671702983.577000,45.385181,6.538350,2184.230563,189.1,8.414383,2.5,10.0
1671702985.597000,45.385020,6.538333,2179.595582,188.0,6.981376,2.9,8.0
1671702987.596000,45.384889,6.538330,2178.546847,187.0,6.147460,2.9,6.4
1671702989.600000,45.384780,6.538320,2182.554513,188.0,5.106553,2.2,6.0
1671702991.602000,45.384684,6.538306,2181.895133,192.0,4.675569,2.3,5.6
1671702994.598000,45.384582,6.538293,2181.100295,188.0,3.643146,2.3,4.4
1671702997.581000,45.384479,6.538270,2175.286206,189.0,3.110202,2.6,4.0
1671703001.490000,45.384396,6.538213,2176.454718,228.0,2.910143,2.6,5.7
1671703004.489000,45.384309,6.538174,2180.054726,198.8,3.234835,2.9,7.1
1671703007.488000,45.384217,6.538105,2176.317608,205.9,4.012695,2.7,7.1
1671703010.579000,45.384096,6.537996,2174.905124,212.0,5.200120,2.8,6.6
1671703012.597000,45.384012,6.537916,2178.197819,213.0,5.412745,2.4,5.3
1671703014.593000,45.383931,6.537842,2173.800715,213.0,5.320858,2.8,4.0
1671703016.595000,45.383855,6.537771,2172.355344,213.0,4.963459,2.8,4.0
1671703018.599000,45.383779,6.537696,2172.516373,214.0,5.838458,2.9,4.0
1671703020.595000,45.383668,6.537596,2173.650700,209.0,8.951865,2.0,4.0
1671703022.599000,45.383502,6.537472,2169.098218,207.0,11.530229,2.2,4.0
1671703023.599000,45.383401,6.537401,2166.766964,205.9,12.758675,2.1,4.0
1671703024.603000,45.383291,6.537326,2164.503974,204.4,13.464732,2.4,4.0
1671703025.600000,45.383178,6.537255,2160.333259,204.1,13.087286,2.6,4.0
1671703026.590000,45.383074,6.537187,2152.405758,206.0,11.813804,2.5,4.0
1671703027.599000,45.382984,6.537119,2153.628289,209.0,10.665124,2.7,4.0
1671703028.598000,45.382904,6.537052,2152.636567,210.0,10.150756,2.7,4.0
1671703030.586000,45.382759,6.536917,2151.506140,214.1,9.759752,2.5,4.0
1671703032.601000,45.382626,6.536739,2146.909842,223.6,10.254218,2.7,4.0
1671703033.596000,45.382574,6.536631,2144.151177,241.8,10.305761,2.5,4.0
1671703034.571000,45.382546,6.536499,2146.112755,245.9,11.187619,2.8,4.0
1671703035.600000,45.382530,6.536347,2144.234649,252.5,12.304688,2.9,4.4
1671703036.605000,45.382550,6.536188,2141.403664,273.4,12.006274,2.8,4.8
1671703037.594000,45.382567,6.536029,2137.836912,276.8,12.524814,2.6,5.0
1671703038.578000,45.382595,6.535867,2136.713386,279.7,12.411407,2.6,5.3
1671703039.580000,45.382636,6.535711,2133.788398,291.4,11.773099,2.9,6.0
1671703040.620000,45.382706,6.535587,2132.376824,305.9,11.434793,2.7,6.0
1671703041.578000,45.382779,6.535492,2129.357402,309.0,10.507901,2.7,6.0
1671703042.572000,45.382847,6.535398,2126.946404,310.2,10.276030,2.8,6.0
1671703044.584000,45.382968,6.535270,2119.596972,321.4,7.996702,2.8,6.0
1671703046.581000,45.383060,6.535144,2114.142433,298.2,6.414796,2.8,6.0
1671703048.599000,45.383121,6.535000,2110.101484,308.1,7.861950,2.9,6.8
1671703050.596000,45.383201,6.534808,2108.161372,301.6,8.894756,2.1,7.6
1671703052.599000,45.383291,6.534590,2101.072600,289.5,9.563204,2.2,8.0
1671703053.600000,45.383324,6.534469,2097.800084,293.0,8.169841,2.2,8.0
1671703055.598000,45.383354,6.534305,2087.594097,267.1,4.316623,2.5,8.0
1671703058.600000,45.383383,6.534120,2083.548681,310.8,6.420172,2.6,8.0
1671703060.592000,45.383449,6.533941,2077.539769,284.3,7.597082,2.6,8.0
1671703062.594000,45.383449,6.533700,2068.003919,244.2,8.692384,2.6,8.0
1671703064.596000,45.383360,6.533507,2069.374733,224.2,7.782379,2.7,8.0
1671703066.591000,45.383230,6.533364,2061.152119,217.9,8.361721,2.7,8.0
1671703068.605000,45.383120,6.533207,2057.708120,227.2,7.042124,2.8,8.0
1671703070.584000,45.383018,6.533094,2056.278663,207.1,6.916114,2.8,8.0
1671703072.584000,45.382889,6.533015,2051.869706,186.0,6.898642,2.9,8.0
1671703074.596000,45.382745,6.532995,2049.134010,206.6,6.425342,2.9,8.0
1671703076.585000,45.382621,6.532893,2043.219084,203.3,7.239150,2.8,8.0
1671703078.583000,45.382490,6.532858,2038.787773,203.9,5.655673,2.7,8.0
1671703080.598000,45.382375,6.532799,2040.499394,196.4,6.814474,2.6,8.0
1671703082.595000,45.382259,6.532770,2032.465276,201.9,5.509365,2.6,8.0
1671703084.609000,45.382161,6.532731,2034.405288,178.4,4.898132,2.6,8.0
1671703087.584000,45.382004,6.532738,2021.783431,183.0,5.583508,2.6,7.8
1671703089.589000,45.381886,6.532710,2018.392883,225.9,6.855504,2.7,7.2
1671703091.600000,45.381788,6.532586,2011.566454,213.1,7.160830,2.5,7.0
1671703093.596000,45.381693,6.532467,2010.388886,246.9,7.791728,2.9,7.6
1671703095.570000,45.381650,6.532270,2004.321139,257.1,8.338642,2.7,8.0
1671703097.590000,45.381600,6.532082,2001.183815,242.0,6.950342,2.7,8.0
1671703099.592000,45.381555,6.531924,1996.876250,245.6,7.101294,2.7,8.0
1671703101.596000,45.381492,6.531795,1993.426394,236.0,6.737272,2.6,8.0
1671703103.597000,45.381423,6.531656,1990.063178,233.3,6.039601,2.6,8.0
1671703105.615000,45.381344,6.531557,1986.114704,229.8,5.893617,2.6,8.0
1671703107.602000,45.381281,6.531449,1982.173071,230.2,5.612382,2.6,8.0
1671703109.593000,45.381206,6.531361,1978.718317,212.1,5.734752,2.9,8.0
1671703111.596000,45.381108,6.531286,1975.887954,210.2,5.600217,2.6,8.0
1671703114.606000,45.380985,6.531248,1968.381561,225.7,4.537109,2.6,7.8
1671703116.590000,45.380922,6.531154,1960.148360,223.4,6.764177,2.9,7.1
1671703118.593000,45.380794,6.531000,1958.435561,228.3,9.687860,2.8,6.7
1671703119.591000,45.380728,6.530879,1957.977927,235.9,12.149671,2.8,6.4
1671703120.583000,45.380660,6.530733,1953.630133,234.0,13.729160,2.8,6.9
1671703121.604000,45.380584,6.530576,1949.197408,228.4,14.216514,2.9,7.6
1671703122.601000,45.380494,6.530418,1945.997285,230.0,14.956537,2.9,8.0
1671703123.601000,45.380402,6.530264,1944.026004,226.0,14.182505,2.8,8.0
1671703124.582000,45.380309,6.530124,1942.365277,226.0,14.381536,2.8,8.0
1671703125.593000,45.380215,6.529989,1940.050149,222.0,13.125431,2.9,8.0
1671703126.594000,45.380122,6.529875,1938.562028,220.0,12.754506,3.0,7.7
1671703127.591000,45.380029,6.529774,1937.977183,216.0,12.572275,2.9,7.3
1671703128.602000,45.379932,6.529677,1938.081233,215.0,12.074271,2.8,6.8
1671703129.597000,45.379839,6.529586,1936.832969,214.0,11.700594,2.7,6.4
1671703130.587000,45.379750,6.529500,1933.225449,213.0,11.331307,2.6,6.3
1671703131.592000,45.379663,6.529422,1931.403956,211.0,10.682160,2.7,6.0
1671703132.602000,45.379579,6.529353,1930.760988,210.0,10.240307,2.6,6.0
1671703134.586000,45.379430,6.529232,1929.021944,210.0,9.272411,2.7,6.0
1671703136.607000,45.379289,6.529114,1926.787532,212.0,8.994501,2.7,6.0
1671703138.600000,45.379154,6.528998,1930.655850,212.0,8.390381,2.8,6.0
1671703140.588000,45.379033,6.528866,1928.810051,218.0,8.090959,2.6,6.0
1671703142.600000,45.378918,6.528725,1927.802805,222.0,7.976485,2.6,6.0
1671703144.600000,45.378818,6.528577,1921.764881,225.0,7.734875,2.7,6.0
1671703146.603000,45.378728,6.528423,1923.149765,230.0,7.733980,2.7,5.6
1671703148.587000,45.378646,6.528270,1921.359855,232.0,7.750969,2.9,5.0
1671703150.585000,45.378568,6.528108,1919.499779,237.0,7.498219,2.8,4.3
1671703152.594000,45.378503,6.527946,1918.456229,241.0,7.168651,2.9,4.0
1671703154.585000,45.378445,6.527784,1919.345927,241.0,6.923193,2.9,4.0
1671703156.592000,45.378384,6.527636,1918.858640,239.0,6.540803,2.6,4.0
1671703158.581000,45.378321,6.527502,1916.591963,231.0,6.534901,2.7,4.0
1671703160.587000,45.378236,6.527376,1915.617041,226.0,7.110950,2.5,4.0
1671703162.602000,45.378139,6.527264,1914.591577,214.0,7.054944,2.4,4.0
1671703164.593000,45.378020,6.527195,1913.284329,203.0,7.290868,2.6,4.0
1671703166.590000,45.377888,6.527148,1912.207369,195.0,7.416581,2.6,4.0
1671703168.587000,45.377756,6.527106,1915.182475,193.0,7.675786,2.8,4.0
1671703170.577000,45.377620,6.527064,1910.903026,191.0,7.848355,2.7,4.0
1671703172.590000,45.377482,6.527039,1908.041562,185.0,7.763342,2.8,4.0
1671703174.581000,45.377343,6.527029,1907.815019,182.0,7.854230,2.8,4.0
1671703176.593000,45.377196,6.527015,1904.387561,184.9,8.341310,2.5,4.0
1671703178.588000,45.377048,6.526987,1902.433184,186.0,8.333612,2.5,4.0
1671703180.594000,45.376900,6.526965,1900.821245,185.0,8.314011,2.6,4.0
1671703182.590000,45.376750,6.526946,1899.000282,184.0,8.589139,2.5,4.0
1671703184.579000,45.376595,6.526942,1897.674333,180.0,8.834382,2.4,4.0
1671703186.600000,45.376440,6.526950,1896.796613,178.0,8.317636,2.5,4.0
1671703188.596000,45.376291,6.526967,1895.788487,177.0,8.364482,2.6,4.0
1671703190.600000,45.376138,6.526963,1893.538563,182.0,8.799001,2.5,4.0
1671703192.587000,45.375988,6.526930,1892.606757,189.0,7.978752,2.5,4.0
1671703194.599000,45.375852,6.526875,1892.268159,196.0,7.645780,2.7,4.0
1671703196.601000,45.375721,6.526828,1891.359556,187.7,7.545572,2.7,4.0
1671703198.599000,45.375585,6.526826,1891.041312,176.1,7.336540,2.7,4.3
1671703200.596000,45.375458,6.526861,1891.159583,170.0,7.021719,2.7,4.4
1671703202.600000,45.375333,6.526917,1889.165947,161.0,7.410652,2.6,4.4
1671703204.596000,45.375204,6.526976,1886.993743,163.0,7.870473,2.6,4.0
1671703206.590000,45.375063,6.527028,1885.450089,165.0,8.001225,2.5,4.0
1671703208.596000,45.374924,6.527077,1884.666636,165.0,7.821023,2.6,4.0
1671703210.590000,45.374795,6.527128,1884.274021,163.0,6.996405,2.4,4.0
1671703212.613000,45.374680,6.527182,1884.249140,159.3,6.268470,2.5,4.8
1671703214.592000,45.374590,6.527244,1883.481503,154.0,5.232726,2.4,5.3
1671703218.610000,45.374475,6.527335,1881.798142,146.2,4.322198,2.5,6.0
1671703220.605000,45.374402,6.527426,1881.617039,144.1,5.135682,2.6,6.0
1671703222.624000,45.374328,6.527518,1882.807118,245.8,4.481660,2.5,6.5
1671703225.597000,45.374262,6.527676,1880.470656,121.0,5.339622,2.5,7.7
1671703227.588000,45.374201,6.527828,1880.246411,124.0,6.440035,2.7,7.9
1671703229.601000,45.374135,6.527997,1878.854846,118.0,7.675078,2.5,6.8
1671703231.580000,45.374069,6.528202,1876.096778,115.0,7.488998,2.7,7.0
1671703233.582000,45.374001,6.528393,1871.979859,124.6,7.932147,2.6,7.0
1671703235.576000,45.373914,6.528573,1871.193162,127.8,8.133904,2.8,6.3
1671703237.586000,45.373827,6.528747,1872.783990,123.1,7.727302,2.5,6.0
1671703239.582000,45.373754,6.528913,1868.351642,121.1,7.119336,2.4,6.0
1671703241.580000,45.373693,6.529061,1867.018907,126.9,6.787573,2.4,6.0
1671703243.589000,45.373601,6.529178,1865.255485,149.8,7.218165,2.7,6.0
1671703245.593000,45.373469,6.529226,1864.969310,173.8,7.754037,2.7,6.0
1671703247.603000,45.373332,6.529225,1864.550490,179.0,7.257001,2.5,6.0
1671703249.597000,45.373189,6.529211,1859.822143,184.0,6.962656,2.5,6.0
1671703251.589000,45.373063,6.529179,1858.640167,190.0,7.426622,2.6,5.7
1671703253.587000,45.372936,6.529116,1854.399275,194.1,7.169169,2.5,5.0
1671703255.591000,45.372837,6.529058,1854.618266,213.3,4.636221,2.5,4.8
1671703270.577000,45.372743,6.529062,1852.668471,213.7,0.992143,2.4,3.8
1671703313.588000,45.372652,6.529055,1848.718817,-1.0,0.000000,2.4,8.0
1671703366.673000,45.372749,6.528997,1849.838145,315.0,2.238135,2.6,4.1
1671703369.071000,45.372768,6.528824,1849.628306,276.3,3.519795,2.6,5.6
1671703371.272000,45.372759,6.528686,1848.706389,267.3,3.673912,2.4,7.0
1671703374.153000,45.372740,6.528557,1848.832098,258.7,2.712497,2.8,7.0
1671703394.651000,45.372674,6.528601,1849.390662,-1.0,0.000000,2.6,4.5
1671703394.651000,45.372674,6.528601,1849.390662,-1.0,0.000000,2.6,4.5
1671703398.250000,45.372660,6.528622,1848.543820,-1.0,0.000556,2.6,4.6
1671703452.670000,45.372626,6.528742,1849.584074,-1.0,0.052480,2.6,3.9
1671703472.611000,45.372594,6.528934,1850.118442,106.6,2.914153,2.5,8.8
1671703474.410000,45.372526,6.529168,1851.388315,111.1,4.590389,2.5,10.4
1671703476.594000,45.372451,6.529400,1854.029073,115.1,5.329915,2.5,9.9
1671703478.369000,45.372404,6.529556,1856.127208,114.7,5.095602,2.6,8.1
1671703480.049000,45.372366,6.529683,1858.274122,113.9,4.919212,2.4,7.3
1671703482.389000,45.372331,6.529820,1862.271705,112.4,4.547496,2.6,6.9
1671703484.669000,45.372294,6.529949,1861.490858,111.2,4.627270,2.4,7.1
1671703487.668000,45.372241,6.530127,1866.501847,112.4,4.730938,2.7,7.2
1671703490.668000,45.372192,6.530297,1871.142461,111.4,4.726191,2.6,6.9
1671703493.597000,45.372143,6.530454,1874.264936,112.0,4.569429,2.4,6.5
1671703496.573000,45.372095,6.530617,1877.522425,111.0,4.725432,2.7,5.4
1671703499.529000,45.372051,6.530776,1880.757886,111.2,4.650012,2.7,6.0
1671703502.578000,45.372005,6.530934,1885.209338,113.0,4.445471,2.4,6.5
1671703505.589000,45.371959,6.531095,1889.494292,112.8,4.270551,2.4,4.5
1671703508.527000,45.371913,6.531254,1891.389762,112.0,4.456569,2.6,5.6
1671703511.449000,45.371867,6.531423,1895.372877,111.4,4.551759,2.5,6.9
1671703514.596000,45.371815,6.531597,1897.455718,112.1,4.641885,2.4,5.0
1671703517.448000,45.371770,6.531756,1902.998056,111.8,4.593756,2.5,5.9
1671703520.588000,45.371723,6.531919,1907.197419,112.0,4.556661,2.4,6.6
1671703523.598000,45.371674,6.532085,1912.004068,112.0,4.505692,2.5,4.6
1671703526.589000,45.371630,6.532242,1916.944977,111.1,4.350925,2.5,4.0
1671703529.579000,45.371587,6.532398,1920.669851,112.9,4.519344,2.6,4.0
1671703532.595000,45.371541,6.532557,1925.457410,112.0,4.328752,2.5,4.0
1671703535.590000,45.371498,6.532711,1928.573983,111.0,4.304092,2.4,4.0
1671703538.600000,45.371456,6.532853,1935.476612,109.2,3.773517,2.4,4.0
1671703541.580000,45.371416,6.533011,1937.767997,111.0,4.506865,2.4,4.0
1671703544.604000,45.371369,6.533181,1940.826986,112.0,4.502187,2.4,4.0
1671703547.609000,45.371325,6.533356,1944.692488,110.9,4.779507,2.5,4.0
1671703550.592000,45.371283,6.533521,1947.042639,111.0,4.612220,2.4,4.0
1671703553.595000,45.371238,6.533681,1951.494380,111.0,4.421408,2.5,4.0
1671703556.587000,45.371190,6.533845,1955.592217,111.0,4.824917,2.5,4.0
1671703559.583000,45.371142,6.534010,1958.593343,112.0,4.767507,2.4,3.8
1671703562.591000,45.371097,6.534172,1962.583343,112.0,4.694770,2.4,3.6
1671703565.593000,45.371052,6.534334,1966.534045,111.0,4.658393,2.4,3.7
1671703568.595000,45.371006,6.534494,1970.631197,112.0,4.611990,2.4,3.6
1671703571.596000,45.370967,6.534638,1973.547102,111.0,4.523104,2.4,4.0
1671703574.593000,45.370928,6.534804,1977.031603,111.0,4.544490,2.4,4.0
1671703576.592000,45.370896,6.534924,1978.325780,111.0,4.574138,2.8,4.0
1671703579.597000,45.370847,6.535096,1979.997739,110.0,4.607571,2.5,3.9
1671703582.589000,45.370799,6.535272,1982.352499,111.0,4.696568,2.5,3.9
1671703585.585000,45.370750,6.535445,1987.383927,111.0,4.733410,2.6,4.3
1671703588.590000,45.370712,6.535619,1990.708922,111.0,4.696969,2.5,5.3
1671703591.589000,45.370665,6.535778,1993.073231,111.0,4.669634,2.5,4.7
1671703594.585000,45.370617,6.535946,1995.444122,111.0,4.648064,2.4,4.0
1671703597.597000,45.370572,6.536105,1998.043208,110.0,4.605999,2.4,4.0
1671703600.596000,45.370528,6.536257,2002.412149,111.0,4.603219,2.4,4.0
1671703603.601000,45.370479,6.536426,2008.553064,111.0,4.588307,2.5,3.9
1671703606.590000,45.370433,6.536586,2012.401539,111.0,4.561432,2.7,3.8
1671703609.590000,45.370386,6.536746,2016.616686,111.0,4.552749,2.4,3.8
1671703612.599000,45.370340,6.536907,2020.479378,111.0,4.533196,2.5,3.7
1671703615.577000,45.370296,6.537065,2027.424977,111.0,4.505731,2.4,3.4
1671703618.595000,45.370252,6.537222,2031.190481,112.0,4.492410,2.4,3.5
1671703621.598000,45.370208,6.537376,2037.759360,111.0,4.467050,2.4,3.5
1671703624.592000,45.370164,6.537530,2041.772881,111.0,4.436245,2.4,3.5
1671703627.585000,45.370120,6.537686,2046.275745,111.0,4.455408,2.4,3.6
1671703630.608000,45.370070,6.537870,2049.020817,111.0,4.496309,2.4,3.9
1671703633.610000,45.370028,6.538015,2052.257602,111.0,4.540316,2.6,3.3
1671703635.603000,45.369991,6.538146,2056.461346,111.0,4.576082,2.5,3.4
1671703638.598000,45.369949,6.538293,2058.021193,111.0,4.591186,2.4,3.6
1671703640.610000,45.369913,6.538421,2058.724847,111.9,4.586355,2.5,3.9
1671703643.596000,45.369872,6.538567,2063.834138,111.0,4.606383,2.6,3.9
1671703646.594000,45.369826,6.538731,2064.708716,111.0,4.609501,2.5,3.9
1671703649.591000,45.369787,6.538870,2069.708329,111.0,4.595854,2.5,3.9
1671703651.594000,45.369754,6.538994,2070.791438,110.0,4.596299,2.4,3.9
1671703654.585000,45.369707,6.539161,2076.358948,111.0,4.591201,2.4,3.2
1671703657.593000,45.369667,6.539306,2080.861098,110.0,4.575800,2.5,3.3
1671703660.589000,45.369619,6.539485,2082.872126,112.0,4.600364,2.4,3.6
1671703663.605000,45.369574,6.539650,2086.551431,110.0,4.602701,2.7,3.4
1671703666.594000,45.369529,6.539814,2090.111108,111.0,4.598158,2.4,3.9
1671703669.598000,45.369484,6.539976,2094.691354,111.0,4.594079,2.5,3.9
1671703672.606000,45.369441,6.540138,2098.087659,111.0,4.574015,2.6,3.6
1671703675.589000,45.369397,6.540298,2100.381207,111.0,4.558009,2.5,3.9
1671703678.593000,45.369348,6.540462,2105.989809,111.0,4.564162,2.5,3.7
1671703681.607000,45.369304,6.540618,2108.861718,111.0,4.532339,2.4,3.9
1671703684.588000,45.369259,6.540777,2115.128406,111.0,4.511613,2.4,3.6
1671703687.597000,45.369213,6.540940,2120.188785,111.0,4.509540,2.5,3.5
1671703690.593000,45.369170,6.541095,2123.900207,112.0,4.476428,2.4,3.5
1671703693.583000,45.369126,6.541252,2130.368879,111.0,4.454533,2.7,3.6
1671703696.589000,45.369082,6.541408,2136.455416,111.0,4.437976,2.4,3.5
1671703699.600000,45.369035,6.541570,2141.964053,111.0,4.387272,2.4,3.1
1671703702.594000,45.368992,6.541724,2147.655567,111.0,4.422657,2.5,3.1
1671703704.612000,45.368958,6.541844,2150.152350,111.0,4.452891,2.5,3.6
1671703707.582000,45.368915,6.541995,2153.012397,111.0,4.469267,2.5,3.6
1671703710.597000,45.368869,6.542160,2155.172109,111.0,4.489625,2.4,3.9
1671703713.582000,45.368823,6.542316,2161.509851,111.0,4.507724,2.4,3.9
1671703716.589000,45.368778,6.542475,2165.363096,112.0,4.509779,2.5,3.4
1671703719.608000,45.368732,6.542646,2168.964511,111.0,4.504644,2.5,2.8
1671703722.588000,45.368690,6.542796,2174.488097,111.0,4.500730,2.8,3.4
1671703725.587000,45.368645,6.542956,2179.279744,111.0,4.484305,2.4,3.6
1671703728.583000,45.368601,6.543110,2185.054276,112.0,4.451477,2.4,2.9
1671703731.595000,45.368556,6.543275,2190.025083,111.0,4.490677,2.5,3.3
1671703734.610000,45.368506,6.543445,2190.773913,111.0,4.528135,2.4,3.5
1671703737.591000,45.368463,6.543602,2192.969043,111.0,4.568742,2.5,3.4
1671703739.601000,45.368428,6.543732,2192.151669,112.0,4.595919,2.4,3.6
1671703742.589000,45.368388,6.543880,2195.482259,111.0,4.611597,2.4,3.9
1671703744.614000,45.368354,6.544006,2196.865216,111.0,4.621587,2.5,3.9
1671703747.584000,45.368312,6.544154,2197.419778,111.0,4.632334,2.4,3.9
1671703749.609000,45.368278,6.544282,2200.063971,111.0,4.640582,2.4,3.9
1671703752.592000,45.368236,6.544430,2204.789526,111.0,4.632160,2.5,3.9
1671703754.612000,45.368200,6.544556,2205.168052,112.0,4.639654,2.5,3.9
1671703757.589000,45.368158,6.544707,2205.898763,111.0,4.637324,2.4,3.9
1671703759.609000,45.368123,6.544831,2209.406323,111.0,4.632968,2.8,3.9
1671703762.571000,45.368081,6.544981,2212.204973,111.0,4.620964,2.4,3.3
1671703764.609000,45.368046,6.545106,2214.814328,111.0,4.616590,2.4,2.9
1671703767.596000,45.368005,6.545253,2218.273933,111.0,4.598408,2.4,3.5
1671703769.607000,45.367971,6.545375,2220.896031,111.0,4.600791,2.4,3.6
1671703772.597000,45.367928,6.545530,2222.856135,112.0,4.626364,2.4,3.9
1671703774.607000,45.367894,6.545654,2222.815990,111.0,4.640388,2.4,3.9
1671703777.587000,45.367852,6.545807,2226.070212,111.0,4.645466,2.4,3.9
1671703779.613000,45.367817,6.545931,2228.055457,111.0,4.653305,2.5,3.9
1671703782.602000,45.367774,6.546087,2230.841928,111.0,4.663641,2.4,3.5
1671703784.613000,45.367741,6.546210,2231.086392,111.0,4.662550,2.7,3.1
1671703787.604000,45.367701,6.546351,2232.103732,111.0,4.653518,2.6,3.4
1671703789.590000,45.367665,6.546482,2235.111440,111.0,4.653876,2.5,3.1
1671703792.595000,45.367622,6.546639,2238.203171,111.0,4.645082,2.4,3.1
1671703795.591000,45.367580,6.546788,2242.811209,112.0,4.578417,2.4,3.8
1671703798.578000,45.367532,6.546951,2248.009006,111.0,4.519135,2.4,3.8
1671703801.605000,45.367486,6.547107,2251.489623,111.0,4.476350,2.4,3.9
1671703804.599000,45.367445,6.547243,2255.999477,111.0,4.433373,2.4,3.9
1671703807.590000,45.367398,6.547411,2262.827318,111.0,4.403411,2.6,3.2
1671703810.597000,45.367352,6.547568,2271.448058,111.0,4.378846,2.4,2.8
1671703813.589000,45.367308,6.547723,2276.402034,111.1,4.388346,2.4,3.2
1671703816.587000,45.367262,6.547889,2279.252709,111.0,4.456481,2.5,3.5
1671703819.591000,45.367216,6.548057,2281.972208,111.9,4.523150,2.5,3.9
1671703822.590000,45.367170,6.548224,2280.572020,111.0,4.573230,2.4,3.9
1671703825.596000,45.367123,6.548392,2281.833294,112.0,4.618784,2.4,3.9
1671703828.610000,45.367076,6.548560,2282.299814,110.1,4.651615,2.4,3.9
1671703831.614000,45.367031,6.548728,2279.594417,111.0,4.666689,2.5,3.4
1671703834.591000,45.366986,6.548888,2279.812530,112.0,4.684250,2.4,2.4
1671703837.611000,45.366945,6.549040,2284.377199,110.0,4.686535,2.5,2.5
1671703839.598000,45.366909,6.549171,2284.562034,111.0,4.683926,2.4,2.8
1671703842.592000,45.366864,6.549333,2283.839877,110.0,4.610484,2.4,3.1
1671703845.596000,45.366817,6.549505,2284.988299,111.0,4.618948,2.5,3.5
1671703848.595000,45.366773,6.549667,2288.133911,111.0,4.616620,2.5,3.6
1671703851.593000,45.366728,6.549825,2291.062962,111.0,4.632164,2.5,3.6
1671703853.584000,45.366694,6.549944,2293.696273,111.0,4.638190,2.4,3.7
1671703856.592000,45.366647,6.550110,2296.130929,111.0,4.624962,2.4,3.8
1671703859.591000,45.366600,6.550268,2295.926621,111.0,4.594271,2.4,3.6
1671703862.594000,45.366552,6.550440,2297.190644,111.0,4.592834,2.4,3.8
1671703865.588000,45.366512,6.550606,2300.434462,111.0,4.589502,2.5,3.8
1671703868.574000,45.366469,6.550771,2307.098587,111.0,4.592299,2.4,3.9
1671703871.586000,45.366424,6.550938,2309.464083,111.0,4.592976,2.4,3.9
1671703874.598000,45.366378,6.551100,2312.122953,111.0,4.581329,2.5,3.5
1671703877.592000,45.366333,6.551263,2317.238792,111.0,4.575197,2.5,3.3
1671703880.599000,45.366288,6.551425,2319.476616,111.0,4.562373,2.5,3.9
1671703883.602000,45.366246,6.551587,2323.331871,111.0,4.532037,2.4,3.9
1671703886.596000,45.366201,6.551753,2326.332818,112.0,4.565552,2.4,3.5
1671703889.592000,45.366154,6.551917,2329.125946,111.0,4.586484,2.4,3.4
1671703891.597000,45.366119,6.552041,2331.514134,111.0,4.597264,2.4,3.8
1671703894.596000,45.366074,6.552197,2333.168446,111.0,4.610977,2.4,3.9
1671703896.599000,45.366036,6.552328,2336.153335,111.0,4.616449,2.4,3.6
1671703899.594000,45.365995,6.552475,2339.372291,111.0,4.609436,2.4,3.6
1671703901.597000,45.365958,6.552607,2341.008285,111.0,4.610585,2.4,3.4
1671703904.591000,45.365916,6.552754,2343.590716,111.0,4.612881,2.5,3.4
1671703906.616000,45.365880,6.552884,2345.671612,111.0,4.610337,2.5,3.6
1671703909.605000,45.365840,6.553028,2348.946176,111.0,4.602783,2.5,3.9
1671703911.591000,45.365805,6.553154,2350.303466,111.0,4.597339,2.4,3.9
1671703914.576000,45.365765,6.553297,2354.471551,112.0,4.583095,2.4,3.6
1671703916.587000,45.365730,6.553421,2357.410507,111.0,4.566612,2.4,3.6
1671703919.581000,45.365690,6.553571,2360.256263,111.0,4.588294,2.4,3.1
1671703921.611000,45.365654,6.553700,2362.462208,111.0,4.604022,2.4,3.1
1671703924.598000,45.365613,6.553848,2364.986992,111.0,4.610672,2.4,3.9
1671703927.588000,45.365566,6.554012,2367.523628,111.0,4.616795,2.4,3.2
1671703930.603000,45.365525,6.554165,2371.619585,112.0,4.636653,2.4,2.8
1671703933.592000,45.365479,6.554339,2374.297376,112.0,4.636308,2.5,4.8
1671703936.610000,45.365431,6.554513,2377.606960,111.0,4.627169,2.4,3.9
1671703939.591000,45.365387,6.554656,2379.342914,112.0,4.653962,2.4,3.9
1671703942.599000,45.365336,6.554813,2383.532664,111.0,4.611800,2.4,3.9
1671703945.604000,45.365289,6.554981,2387.157846,111.0,4.599524,2.4,3.8
1671703948.591000,45.365250,6.555126,2392.180727,111.0,4.514890,2.4,3.8
1671703951.600000,45.365204,6.555291,2397.879053,112.0,4.442200,2.4,3.9
1671703954.602000,45.365160,6.555443,2405.186862,111.0,4.382080,2.4,3.7
1671703957.589000,45.365114,6.555597,2413.322876,111.0,4.338182,2.4,3.8
1671703960.598000,45.365070,6.555752,2419.960335,111.0,4.299997,2.4,3.5
1671703963.603000,45.365026,6.555904,2426.062570,111.0,4.263738,2.4,3.5
1671703966.583000,45.364985,6.556051,2431.489529,111.0,4.226754,2.4,3.8
1671703969.591000,45.364942,6.556200,2440.044510,111.0,4.200321,2.4,3.5
1671703972.602000,45.364898,6.556350,2447.952264,111.0,4.168892,2.4,3.7
1671703975.593000,45.364854,6.556494,2455.837595,111.0,4.141747,2.4,3.8
1671703978.591000,45.364812,6.556638,2462.908306,111.0,4.119806,2.4,3.7
1671703981.593000,45.364769,6.556787,2471.019929,111.8,4.086997,2.4,3.6
1671703984.620000,45.364723,6.556948,2478.118611,112.0,4.087333,2.4,3.9
1671703987.586000,45.364684,6.557084,2483.265737,110.9,4.197084,2.4,3.9
1671703990.597000,45.364647,6.557215,2482.822580,109.0,4.103540,2.4,3.5
1671704001.595000,45.364597,6.557330,2484.847324,162.8,1.584812,2.4,7.3
1671704036.588000,45.364523,6.557415,2482.449615,109.9,1.568739,2.4,6.2
1671704044.589000,45.364427,6.557453,2480.976222,187.9,1.572055,2.5,3.7
1671704048.604000,45.364331,6.557452,2478.709966,178.0,1.854311,2.6,3.8
1671704052.437000,45.364224,6.557450,2479.599642,177.0,2.157294,2.6,3.9
1671704055.437000,45.364124,6.557472,2478.821694,179.7,2.578271,2.6,5.1
1671704057.759000,45.364024,6.557478,2477.638932,181.0,2.996397,2.6,6.2
1671704060.157000,45.363905,6.557467,2476.817151,183.7,3.434833,2.7,6.8
1671704061.586000,45.363817,6.557435,2475.235839,195.0,7.810562,2.7,6.3
1671704062.585000,45.363726,6.557395,2474.186229,196.9,8.859529,2.7,6.0
1671704063.602000,45.363638,6.557351,2470.823348,197.9,9.643192,2.7,5.5
1671704064.594000,45.363550,6.557306,2470.800531,199.0,10.299082,2.7,4.7
1671704065.591000,45.363462,6.557259,2468.824115,198.0,10.609196,2.7,4.6
1671704066.594000,45.363370,6.557216,2466.608538,192.2,10.294883,2.7,4.8
1671704067.597000,45.363279,6.557184,2464.229264,192.9,10.343742,2.8,5.2
1671704068.595000,45.363189,6.557149,2463.288589,193.0,10.344798,2.8,5.3
1671704069.593000,45.363100,6.557111,2462.416110,197.8,10.282672,2.8,5.7
1671704070.588000,45.363013,6.557063,2460.595896,201.0,10.157557,2.8,6.0
1671704071.595000,45.362930,6.557009,2459.793616,202.0,9.988188,2.8,6.0
1671704073.574000,45.362764,6.556912,2456.299805,198.0,10.049754,2.8,5.7
1671704074.601000,45.362678,6.556869,2456.299805,198.0,9.994034,2.8,5.2
1671704075.622000,45.362591,6.556828,2454.080914,198.0,9.919631,2.8,4.8
1671704077.597000,45.362415,6.556781,2449.819087,188.0,9.835095,2.9,4.0
1671704079.615000,45.362236,6.556766,2449.076252,182.0,9.969602,2.9,4.0
1671704080.615000,45.362146,6.556762,2446.368892,182.0,10.020342,2.9,4.0
1671704081.608000,45.362056,6.556753,2444.856277,184.9,10.097146,2.9,4.0
1671704082.601000,45.361963,6.556736,2446.092952,187.0,10.371137,2.9,4.0
1671704083.593000,45.361869,6.556717,2442.516959,185.2,10.508350,2.9,4.0
1671704084.572000,45.361774,6.556720,2440.814445,176.9,10.517952,3.0,4.0
1671704085.584000,45.361678,6.556732,2437.424656,177.0,10.594770,2.9,4.3
1671704086.579000,45.361586,6.556724,2438.448846,187.8,10.104972,2.9,4.7
1671704088.589000,45.361419,6.556654,2436.071425,196.0,9.503925,3.0,5.3
1671704090.600000,45.361267,6.556588,2433.264621,195.0,8.915341,3.0,5.2
1671704092.583000,45.361117,6.556539,2432.144001,192.0,8.765952,3.0,4.7
1671704094.594000,45.360962,6.556487,2429.861884,193.0,8.894665,3.0,4.0
1671704096.600000,45.360804,6.556429,2428.245333,194.0,8.984090,3.1,4.0
1671704098.592000,45.360645,6.556370,2424.486945,197.0,9.296319,3.1,4.0
1671704100.591000,45.360485,6.556283,2422.751345,203.0,10.272568,3.1,4.3
1671704101.598000,45.360402,6.556232,2420.800785,203.0,10.636252,3.1,4.7
1671704102.580000,45.360319,6.556177,2417.199230,205.8,10.861985,3.1,5.0
1671704103.588000,45.360232,6.556114,2415.670388,207.0,10.817171,3.1,5.3
1671704104.585000,45.360143,6.556048,2410.546580,206.0,11.420014,3.1,5.7
1671704105.586000,45.360048,6.555980,2410.101829,201.1,11.415541,3.2,6.0
1671704106.580000,45.359951,6.555925,2409.573351,202.0,11.478784,3.1,6.0
1671704107.591000,45.359854,6.555868,2408.496988,202.0,11.259642,3.2,6.0
1671704108.599000,45.359761,6.555818,2404.520128,197.0,11.110213,3.2,6.4
1671704109.603000,45.359666,6.555778,2401.922963,204.0,10.899426,3.2,6.8
1671704110.600000,45.359580,6.555723,2400.359858,204.0,10.665131,3.2,7.2
1671704111.589000,45.359492,6.555668,2397.020443,198.3,10.530230,3.2,7.6
1671704112.594000,45.359399,6.555626,2394.511936,199.0,10.712841,3.2,8.0
1671704113.595000,45.359301,6.555579,2392.499442,199.0,11.351618,3.2,8.0
1671704114.592000,45.359198,6.555534,2392.369849,197.1,11.864745,3.2,8.0
1671704115.597000,45.359085,6.555503,2388.049598,190.0,12.439749,3.2,7.7
1671704116.590000,45.358971,6.555480,2385.135101,187.0,12.762958,3.3,7.2
1671704117.599000,45.358848,6.555472,2383.392292,181.5,13.201932,3.3,6.8
1671704118.596000,45.358724,6.555476,2380.300363,178.1,13.446589,3.3,6.7
1671704119.596000,45.358606,6.555494,2377.724820,174.0,12.801080,3.3,6.0
1671704120.592000,45.358497,6.555522,2377.286297,171.0,12.363861,3.3,6.0
1671704121.580000,45.358392,6.555553,2376.816824,169.0,11.884750,3.3,6.0
1671704122.591000,45.358292,6.555590,2374.090843,165.1,11.248270,3.3,6.0
1671704123.582000,45.358202,6.555634,2372.112324,163.0,10.786197,2.4,5.7
1671704124.586000,45.358115,6.555680,2371.650219,162.0,10.475615,2.4,5.3
1671704125.589000,45.358029,6.555725,2371.155927,161.0,10.176807,2.4,5.0
1671704127.592000,45.357864,6.555803,2367.928133,163.0,9.564726,2.4,4.0
1671704129.580000,45.357709,6.555863,2366.852333,168.0,8.827392,2.4,4.0
1671704131.575000,45.357565,6.555898,2365.344239,171.0,8.269047,2.4,4.0
1671704133.586000,45.357434,6.555913,2363.460809,179.0,6.879183,2.4,4.0
1671704135.579000,45.357323,6.555910,2364.177423,180.0,6.071332,2.4,4.0
1671704137.590000,45.357219,6.555909,2363.631499,181.0,5.381773,2.4,4.0
1671704139.594000,45.357121,6.555903,2361.304467,186.0,5.166339,2.5,4.3
1671704141.595000,45.357019,6.555876,2360.650692,192.0,5.337219,2.5,5.0
1671704143.597000,45.356914,6.555830,2359.530169,196.0,5.806845,2.4,6.0
1671704145.584000,45.356810,6.555773,2357.449391,197.0,6.224594,2.4,6.0
1671704147.595000,45.356701,6.555708,2356.552370,204.9,6.700536,2.4,6.0
1671704149.606000,45.356584,6.555612,2356.984447,209.0,8.040186,2.4,6.0
1671704151.593000,45.356451,6.555498,2356.210798,212.0,8.405351,2.4,6.0
1671704153.592000,45.356317,6.555373,2352.719764,213.0,8.307367,2.5,6.0
1671704155.583000,45.356196,6.555256,2351.246637,212.0,7.596334,2.4,5.7
1671704157.588000,45.356079,6.555156,2349.380686,211.0,7.272344,2.4,5.0
1671704159.597000,45.355967,6.555060,2349.816622,211.0,7.609764,2.4,4.0
1671704161.592000,45.355846,6.554948,2345.754925,212.0,8.584744,2.4,4.0
1671704163.598000,45.355707,6.554821,2342.579801,212.0,9.489776,2.4,4.0
1671704165.615000,45.355554,6.554692,2341.165358,209.0,9.713620,2.4,4.0
1671704167.602000,45.355401,6.554580,2339.539433,205.0,9.627124,2.4,4.0
1671704169.604000,45.355250,6.554459,2336.771113,209.0,9.525148,2.5,4.0
1671704171.596000,45.355098,6.554344,2334.195534,205.0,9.675566,2.4,4.0
1671704173.592000,45.354936,6.554234,2332.430483,206.0,10.041079,2.4,4.0
1671704175.601000,45.354783,6.554103,2329.014761,213.0,9.887136,2.4,4.0
1671704177.595000,45.354642,6.553962,2327.766929,211.0,9.447684,2.4,4.0
1671704179.592000,45.354497,6.553856,2325.779797,201.0,9.028089,2.4,4.0
1671704181.592000,45.354359,6.553755,2323.888523,212.8,8.056922,2.4,4.0
1671704183.582000,45.354245,6.553647,2323.549510,205.2,6.570002,2.4,4.3
1671704185.587000,45.354141,6.553614,2320.637032,191.0,5.862452,2.4,5.0
1671704187.592000,45.354041,6.553593,2320.384248,192.0,5.036126,2.4,6.0
1671704190.591000,45.353942,6.553592,2320.556737,178.0,3.315345,2.5,6.0
1671704194.582000,45.353866,6.553667,2320.929261,118.1,2.314776,2.4,4.4
1671704214.144000,45.353933,6.553694,2320.440405,-1.0,0.000000,2.4,4.4
1671704214.144000,45.353933,6.553694,2320.440405,-1.0,0.000000,2.4,4.4
1671704220.684000,45.353958,6.553686,2320.727593,-1.0,0.033402,2.4,4.0
1671704231.363000,45.354056,6.553701,2321.626226,35.1,1.400515,2.4,4.6
1671704255.592000,45.354060,6.553854,2321.302518,-1.0,0.000000,2.4,4.6
1671704271.586000,45.353999,6.553970,2321.264287,154.1,1.215165,2.4,6.0
1671704275.143000,45.353936,6.554074,2318.524484,138.7,3.951295,2.4,8.1
1671704276.944000,45.353851,6.554176,2319.643782,136.8,4.286731,2.4,8.9
1671704279.343000,45.353773,6.554250,2320.037230,142.1,3.983586,2.4,10.4
1671704282.342000,45.353684,6.554328,2324.639265,142.2,3.803637,2.4,8.9
1671704285.342000,45.353599,6.554413,2328.599046,139.6,3.936658,2.4,7.0
1671704288.263000,45.353518,6.554505,2332.633425,138.6,3.858469,2.4,7.1
1671704291.603000,45.353425,6.554606,2336.990810,141.2,3.898538,2.4,7.1
1671704294.483000,45.353348,6.554696,2342.805827,140.1,3.833380,2.4,7.1
1671704297.592000,45.353256,6.554797,2346.382877,140.0,4.116387,2.4,6.4
1671704300.592000,45.353170,6.554895,2348.072124,140.0,4.021472,2.4,4.6
1671704303.599000,45.353084,6.554993,2349.620644,140.0,4.110627,2.4,4.0
1671704306.590000,45.352997,6.555093,2351.882166,138.0,4.049405,2.4,4.0
1671704309.588000,45.352914,6.555190,2355.054722,140.0,4.075919,2.4,4.4
1671704312.581000,45.352828,6.555293,2359.490839,140.0,4.046448,2.4,4.4
1671704315.583000,45.352739,6.555401,2362.261613,139.0,4.046835,2.4,4.0
1671704318.598000,45.352665,6.555493,2366.141402,139.0,3.913330,2.4,4.0
1671704321.579000,45.352578,6.555599,2366.882945,140.0,4.133711,2.4,4.0
1671704324.590000,45.352498,6.555693,2368.866703,139.0,4.173584,2.4,4.4
1671704327.594000,45.352411,6.555798,2371.562670,139.0,4.120525,2.4,4.5
1671704330.589000,45.352327,6.555898,2373.125640,140.0,4.155010,2.4,4.4
1671704333.598000,45.352240,6.556002,2375.314507,139.0,4.152934,2.4,4.5
1671704336.585000,45.352157,6.556104,2377.465661,139.0,4.110620,2.4,4.4
1671704339.615000,45.352064,6.556218,2378.804289,138.0,4.045164,2.4,4.0
1671704342.577000,45.351989,6.556308,2383.169075,138.0,4.056840,2.4,4.0
1671704345.571000,45.351903,6.556412,2386.439401,142.0,4.015375,2.4,4.0
1671704348.578000,45.351826,6.556508,2389.339957,141.0,3.914716,2.4,4.0
1671704351.581000,45.351743,6.556609,2393.547415,137.0,3.955837,2.4,4.0
1671704354.604000,45.351665,6.556702,2397.318723,137.0,4.009463,2.4,4.6
1671704357.601000,45.351580,6.556801,2401.928752,139.4,3.907531,2.4,4.6
1671704360.586000,45.351490,6.556912,2404.553286,142.0,4.093437,2.4,4.0
1671704363.586000,45.351410,6.557010,2400.668509,141.9,4.117156,2.4,4.0
1671704366.594000,45.351322,6.557116,2405.819318,138.0,4.136677,2.4,4.0
1671704369.614000,45.351235,6.557218,2398.991725,137.0,4.078639,2.4,4.0
1671704372.601000,45.351155,6.557314,2402.838080,140.0,4.119511,2.4,4.0
1671704375.574000,45.351069,6.557419,2401.609238,139.0,4.095026,2.5,4.0
1671704378.590000,45.350987,6.557521,2406.428045,140.0,4.058318,2.4,4.0
1671704381.602000,45.350902,6.557623,2406.545547,138.0,4.054532,2.4,4.0
1671704384.618000,45.350812,6.557727,2409.525296,137.0,4.154303,2.4,4.0
1671704387.611000,45.350729,6.557825,2404.843095,140.0,4.212059,2.4,4.0
1671704390.596000,45.350645,6.557929,2403.107533,141.0,3.897844,2.4,4.0
1671704410.575000,45.350605,6.557978,2401.700920,-1.0,0.000000,2.5,4.0
1671704410.575000,45.350605,6.557978,2401.700920,-1.0,0.000000,2.5,4.0
1671704443.593000,45.350571,6.558013,2400.201191,139.0,1.412014,2.5,4.0
1671704450.615000,45.350486,6.558110,2400.809538,135.0,1.513049,2.4,4.0
1671704457.600000,45.350418,6.558199,2400.989493,137.9,2.142136,2.4,4.0
1671704461.596000,45.350341,6.558292,2399.716359,140.0,2.804619,2.4,4.0
1671704465.590000,45.350254,6.558393,2399.968170,138.2,3.397778,2.5,4.7
1671704468.590000,45.350179,6.558486,2400.539752,139.9,3.941374,2.6,5.2
1671704471.590000,45.350092,6.558587,2399.567887,140.0,4.361383,2.6,5.3
1671704474.612000,45.350005,6.558689,2400.037412,139.0,4.034813,2.4,4.4
1671704477.590000,45.349922,6.558791,2400.512156,138.0,4.232375,2.4,4.0
1671704480.606000,45.349831,6.558902,2400.934098,138.0,4.188240,2.4,4.0
1671704482.611000,45.349763,6.558986,2401.468169,139.0,4.022944,2.4,4.0
1671704485.588000,45.349694,6.559071,2403.645169,139.0,4.263736,2.4,4.0
1671704488.604000,45.349600,6.559182,2404.598914,139.1,4.163665,2.4,5.0
1671704491.590000,45.349527,6.559277,2405.257978,140.0,4.154702,2.4,4.9
1671704494.581000,45.349439,6.559383,2406.829922,140.0,4.141877,2.5,4.0
1671704497.596000,45.349357,6.559480,2408.474858,139.0,4.137435,2.5,3.9
1671704500.589000,45.349269,6.559584,2410.158458,138.0,4.140308,2.5,3.9
1671704503.584000,45.349176,6.559695,2412.575462,141.0,4.103120,2.5,3.9
1671704506.607000,45.349099,6.559792,2415.181882,140.0,4.093295,2.4,3.9
1671704509.583000,45.349012,6.559899,2417.184845,139.0,4.104471,2.4,3.6
1671704512.590000,45.348930,6.559995,2420.065982,139.0,4.105618,2.4,3.9
1671704515.593000,45.348846,6.560096,2423.130691,140.0,4.087195,2.4,3.7
1671704518.590000,45.348760,6.560199,2425.077242,140.0,4.091279,2.4,3.7
1671704521.598000,45.348678,6.560301,2427.102221,139.0,4.085516,2.4,3.7
1671704524.603000,45.348596,6.560399,2430.524907,139.0,4.068071,2.5,3.9
1671704527.583000,45.348512,6.560494,2433.824697,139.0,4.066615,2.5,3.9
1671704530.586000,45.348425,6.560595,2434.036513,139.0,4.095513,2.5,3.5
1671704533.586000,45.348339,6.560697,2435.028068,140.0,4.105287,2.4,3.3
1671704536.587000,45.348252,6.560801,2436.042710,140.0,4.113823,2.4,3.6
1671704539.575000,45.348169,6.560901,2437.116880,138.0,4.130693,2.4,3.7
1671704542.574000,45.348084,6.561005,2438.693405,139.0,4.133353,2.4,3.8
1671704545.588000,45.347993,6.561112,2440.501924,140.0,4.126435,2.4,3.9
1671704548.583000,45.347909,6.561214,2441.331360,140.0,4.109113,2.4,3.9
1671704551.583000,45.347818,6.561333,2442.549760,139.0,4.093316,2.4,3.9
1671704554.590000,45.347735,6.561441,2444.447978,137.0,4.012216,2.5,4.0
1671704557.589000,45.347654,6.561545,2446.948768,138.0,3.966477,2.5,4.0
1671704560.604000,45.347567,6.561650,2449.195560,138.0,3.925712,2.5,4.0
1671704563.590000,45.347483,6.561743,2452.155133,140.0,3.935111,2.4,4.0
1671704566.595000,45.347402,6.561838,2455.322578,140.0,3.933492,2.4,4.0
1671704569.587000,45.347322,6.561945,2459.251527,140.0,3.912497,2.4,4.0
1671704572.606000,45.347238,6.562052,2465.243902,139.0,3.886122,2.4,3.9
1671704575.593000,45.347164,6.562142,2471.125951,140.0,3.850957,2.4,3.9
1671704578.589000,45.347087,6.562235,2476.032554,140.0,3.834337,2.5,3.6
1671704581.591000,45.347010,6.562328,2480.840311,140.0,3.814418,2.5,3.9
1671704584.591000,45.346935,6.562419,2486.573555,140.0,3.781755,2.5,3.9
1671704587.593000,45.346861,6.562509,2493.322751,139.0,3.757454,2.5,3.9
1671704590.597000,45.346785,6.562600,2499.752820,138.0,3.740397,2.5,3.5
1671704593.579000,45.346710,6.562689,2506.145968,138.0,3.716071,2.4,3.6
1671704596.591000,45.346637,6.562779,2512.404233,139.1,3.682206,2.4,3.9
1671704599.589000,45.346561,6.562874,2518.618117,140.0,3.749427,2.4,3.9
1671704602.593000,45.346477,6.562977,2522.476548,139.9,3.824590,2.4,3.5
1671704605.595000,45.346394,6.563078,2525.114030,138.0,3.875030,2.4,3.9
1671704608.579000,45.346310,6.563179,2528.340255,138.0,3.918529,2.4,3.5
1671704611.580000,45.346228,6.563282,2531.479209,140.0,3.926955,2.4,2.9
1671704614.595000,45.346144,6.563384,2535.802238,139.0,3.927689,2.4,3.9
1671704617.579000,45.346060,6.563484,2539.026719,139.0,3.933529,2.4,3.9
1671704620.590000,45.345977,6.563583,2544.612314,139.0,3.939959,2.4,3.9
1671704623.585000,45.345894,6.563680,2549.319280,139.0,3.939048,2.4,3.5
1671704626.593000,45.345811,6.563775,2553.372418,139.0,3.931123,2.4,3.1
1671704629.584000,45.345723,6.563877,2558.100333,140.0,3.927912,2.4,2.8
1671704632.585000,45.345646,6.563965,2562.783452,140.0,3.928148,2.4,3.3
1671704635.601000,45.345560,6.564068,2563.611020,139.0,3.955334,2.4,3.5
1671704638.590000,45.345468,6.564178,2566.509253,139.0,3.986339,2.4,3.1
1671704641.600000,45.345393,6.564265,2570.110023,138.0,4.002525,2.4,3.5
1671704644.590000,45.345306,6.564370,2573.261836,139.0,4.008164,2.4,3.9
1671704647.597000,45.345229,6.564464,2577.414139,141.0,4.011786,2.4,3.4
1671704650.586000,45.345144,6.564565,2581.103188,140.0,4.008087,2.4,2.9
1671704653.604000,45.345054,6.564673,2584.736460,138.0,4.002479,2.4,3.1
1671704656.595000,45.344983,6.564757,2588.983024,138.0,3.970057,2.4,3.5
1671704659.606000,45.344897,6.564858,2592.866723,139.0,3.969410,2.4,3.3
1671704662.588000,45.344820,6.564949,2597.538931,140.0,3.949072,2.4,3.6
1671704665.586000,45.344739,6.565050,2601.344140,139.0,3.925469,2.4,3.8
1671704668.600000,45.344653,6.565154,2604.926971,139.0,3.921217,2.4,3.8
1671704671.596000,45.344581,6.565238,2609.915748,138.0,3.915186,2.4,3.9
1671704674.579000,45.344502,6.565329,2614.995641,143.0,3.869387,2.4,3.1
1671704677.573000,45.344425,6.565419,2618.778848,140.0,3.904818,2.4,3.0
1671704680.583000,45.344341,6.565521,2620.990156,139.0,3.950129,2.4,3.6
1671704683.612000,45.344251,6.565628,2624.507742,139.0,3.982343,2.4,3.9
1671704686.596000,45.344175,6.565718,2627.145548,139.0,4.008652,2.4,3.8
1671704689.591000,45.344093,6.565820,2631.033805,139.0,4.022421,2.4,3.8
1671704692.584000,45.344013,6.565918,2633.679486,139.0,4.022764,2.4,3.9
1671704695.588000,45.343928,6.566018,2637.014059,139.0,4.016263,2.4,3.9
1671704698.603000,45.343842,6.566122,2640.564905,139.0,4.014696,2.4,3.9
1671704701.599000,45.343763,6.566218,2644.504925,139.0,4.013395,2.4,3.9
1671704704.579000,45.343682,6.566315,2648.273043,139.0,4.014904,2.4,3.9
1671704707.587000,45.343597,6.566414,2650.539823,140.0,4.048938,2.4,3.9
1671704710.600000,45.343515,6.566508,2650.173921,139.0,4.029521,2.4,3.9
1671704713.603000,45.343427,6.566611,2649.249707,140.0,4.060270,2.4,3.9
1671704716.595000,45.343346,6.566707,2647.966620,140.0,4.078627,2.4,3.9
1671704719.583000,45.343260,6.566810,2647.780407,139.0,4.102165,2.4,3.9
1671704722.588000,45.343176,6.566910,2646.528730,139.0,4.117867,2.4,3.9
1671704725.580000,45.343090,6.567013,2645.223519,139.0,4.125714,2.4,3.6
1671704728.591000,45.343001,6.567117,2645.335735,139.0,4.133776,2.4,3.5
1671704731.598000,45.342916,6.567216,2644.536874,140.0,4.141423,2.4,3.5
1671704734.601000,45.342828,6.567319,2644.253796,141.0,4.148590,2.4,3.1
1671704737.597000,45.342743,6.567422,2644.003641,139.0,4.150272,2.4,2.5
1671704740.585000,45.342655,6.567525,2644.162543,139.0,4.159413,2.4,3.2
1671704743.597000,45.342565,6.567630,2644.566297,138.0,4.168240,2.4,3.1
1671704746.575000,45.342483,6.567728,2645.330359,140.0,4.162755,2.4,3.4
1671704749.610000,45.342379,6.567851,2647.450322,140.0,4.143963,2.4,3.9
1671704752.597000,45.342310,6.567937,2649.703779,140.0,4.125754,2.4,3.9
1671704755.594000,45.342228,6.568035,2653.175854,138.0,4.105971,2.4,3.9
1671704758.593000,45.342145,6.568134,2656.055062,138.2,4.087623,2.4,3.3
1671704761.590000,45.342061,6.568234,2659.597530,139.1,4.075055,2.4,2.9
1671704764.593000,45.341979,6.568335,2663.065618,140.0,4.062537,2.4,3.4
1671704767.620000,45.341897,6.568431,2666.037283,141.8,4.029103,2.4,3.3
1671704770.603000,45.341813,6.568530,2668.525328,139.0,4.038814,2.4,3.9
1671704773.618000,45.341728,6.568633,2671.215411,138.0,4.059607,2.4,3.9
1671704776.582000,45.341645,6.568734,2672.822423,138.0,4.070271,2.4,3.9
1671704779.604000,45.341559,6.568840,2675.149491,140.0,4.076399,2.4,2.9
1671704782.600000,45.341476,6.568942,2677.068018,140.0,4.083133,2.4,3.4
1671704785.585000,45.341391,6.569043,2679.203344,139.0,4.085542,2.4,3.9
1671704788.605000,45.341302,6.569147,2681.861110,139.0,4.069448,2.4,3.9
1671704791.586000,45.341223,6.569242,2683.731855,139.0,4.071401,2.4,3.9
1671704794.596000,45.341135,6.569345,2686.750537,139.0,4.070573,2.4,3.9
1671704797.590000,45.341051,6.569446,2689.986165,140.0,4.062587,2.4,3.6
1671704800.603000,45.340966,6.569549,2692.956415,139.0,4.060411,2.4,3.3
1671704803.605000,45.340879,6.569655,2696.156345,139.0,4.053766,2.4,3.9
1671704806.592000,45.340801,6.569749,2699.466631,139.0,4.047348,2.4,3.9
1671704809.595000,45.340716,6.569852,2703.442244,140.0,4.044430,2.4,3.9
1671704812.592000,45.340633,6.569953,2705.981874,139.0,4.057112,2.4,3.9
1671704815.575000,45.340549,6.570056,2707.385595,139.0,4.068923,2.4,3.9
1671704818.609000,45.340461,6.570163,2709.441588,139.0,4.070417,2.4,3.9
1671704821.586000,45.340382,6.570260,2711.614139,139.0,4.081124,2.4,3.9
1671704824.596000,45.340298,6.570364,2714.135304,139.0,4.085332,2.4,3.9
1671704827.597000,45.340221,6.570460,2716.970165,139.0,4.092192,2.4,3.7
1671704830.589000,45.340139,6.570564,2720.309108,139.0,4.086105,2.4,3.6
1671704833.598000,45.340051,6.570669,2723.230248,139.0,4.081215,2.4,3.8
1671704836.601000,45.339973,6.570766,2725.782226,139.0,4.072481,2.4,3.6
1671704839.584000,45.339890,6.570867,2729.338847,139.0,4.062387,2.4,3.6
1671704842.591000,45.339808,6.570962,2732.643691,139.0,4.046100,2.4,3.5
1671704845.582000,45.339727,6.571060,2737.056027,138.0,4.037181,2.4,3.6
1671704848.608000,45.339640,6.571173,2738.559767,139.0,4.039925,2.4,3.9
1671704851.598000,45.339566,6.571269,2742.749785,140.0,3.998555,2.4,3.9
1671704854.598000,45.339484,6.571376,2745.932340,139.0,3.989504,2.4,3.9
1671704857.594000,45.339402,6.571472,2748.267112,139.0,4.010310,2.4,4.0
1671704860.593000,45.339319,6.571573,2751.207195,140.0,4.030166,2.4,3.8
1671704863.608000,45.339232,6.571679,2753.699124,140.0,4.041215,2.4,3.8
1671704866.597000,45.339151,6.571776,2756.685805,139.0,4.046758,2.4,3.6
1671704869.587000,45.339063,6.571879,2759.784070,140.0,4.045378,2.4,3.4
1671704872.590000,45.338980,6.571979,2763.119596,140.0,4.048920,2.4,3.6
1671704875.592000,45.338894,6.572082,2765.934639,139.0,4.045152,2.4,3.6
1671704878.591000,45.338807,6.572190,2769.213784,139.0,4.011427,2.4,3.6
1671704881.591000,45.338730,6.572287,2772.591980,138.0,4.005858,2.4,3.9
1671704884.617000,45.338633,6.572407,2775.960284,140.0,4.004196,2.4,3.3
1671704887.587000,45.338563,6.572489,2779.511285,140.8,4.004832,2.4,3.6
1671704890.599000,45.338479,6.572586,2783.667634,142.9,4.013408,2.4,3.9
1671704893.596000,45.338403,6.572674,2784.518789,140.4,3.993212,2.4,3.9
1671704898.602000,45.338332,6.572758,2785.589575,140.4,3.279711,2.4,3.5
1671704902.609000,45.338246,6.572828,2783.427620,170.8,3.189652,2.4,3.9
1671704906.589000,45.338147,6.572760,2782.078730,207.8,3.146892,2.4,3.9
1671704909.592000,45.338074,6.572672,2781.516342,223.9,3.208965,2.4,3.9
1671704912.590000,45.338021,6.572570,2781.180827,231.0,3.185205,2.4,3.9
1671704916.591000,45.337966,6.572465,2780.613040,215.7,3.047097,2.4,3.9
1671704920.607000,45.337906,6.572363,2779.823082,251.0,2.946455,2.4,3.9
1671704925.592000,45.337916,6.572218,2779.672862,278.0,2.502973,2.4,3.9
1671704930.593000,45.337928,6.572080,2779.314747,282.0,2.368782,2.4,3.7
1671704934.585000,45.337962,6.571932,2775.957900,273.0,2.738734,2.4,3.9
1671704937.597000,45.337951,6.571795,2773.200920,252.1,2.867974,2.4,4.0
1671704940.593000,45.337933,6.571637,2771.616739,271.4,3.159606,2.4,4.0
1671704942.606000,45.337936,6.571509,2769.819260,272.9,3.351031,2.4,4.0
1671704944.575000,45.337970,6.571382,2768.192480,305.0,3.784848,2.4,4.0
1671704946.591000,45.338058,6.571258,2764.488389,327.8,4.784190,2.4,4.1
1671704948.596000,45.338208,6.571132,2760.479144,329.6,8.151641,2.4,4.5
1671704949.588000,45.338286,6.571064,2759.910835,328.1,8.193955,2.4,4.8
1671704951.579000,45.338429,6.570916,2756.630133,329.3,8.556284,2.4,5.7
1671704953.588000,45.338568,6.570818,2750.716573,339.4,8.119877,2.4,6.0
1671704955.596000,45.338708,6.570758,2744.337689,340.2,7.855658,2.4,6.0
1671704957.586000,45.338823,6.570696,2739.788732,339.9,7.001608,2.4,6.0
1671704959.592000,45.338966,6.570635,2733.128773,334.6,8.470149,2.4,6.0
1671704961.587000,45.339107,6.570570,2731.024883,342.9,7.603473,2.4,6.0
1671704963.582000,45.339230,6.570503,2727.416057,336.3,6.534706,2.4,6.0
1671704965.587000,45.339361,6.570428,2722.568216,339.0,8.046035,2.4,6.3
1671704967.588000,45.339504,6.570289,2717.874136,322.7,9.012933,2.4,7.0
1671704968.589000,45.339568,6.570197,2715.066105,319.9,9.211795,2.4,7.6
1671704970.580000,45.339587,6.569938,2712.603225,265.1,10.916284,2.4,8.0
1671704971.587000,45.339579,6.569786,2710.967380,262.3,11.046052,2.4,8.0
1671704972.597000,45.339549,6.569639,2707.976405,249.0,11.025634,2.4,8.0
1671704973.579000,45.339496,6.569513,2705.492384,242.9,11.006752,2.4,8.0
1671704974.590000,45.339426,6.569396,2702.472078,217.5,11.536520,2.4,8.0
1671704975.579000,45.339333,6.569311,2701.036672,215.0,11.331933,2.4,8.0
1671704976.592000,45.339242,6.569216,2698.751212,217.0,11.890447,2.4,8.0
1671704977.573000,45.339152,6.569116,2696.727012,215.0,11.787774,2.4,8.0
1671704978.569000,45.339061,6.569021,2694.249936,215.0,11.561081,2.4,8.0
1671704979.603000,45.338974,6.568925,2691.172339,217.0,10.815195,2.4,8.0
1671704980.581000,45.338900,6.568836,2689.465561,221.0,9.928629,2.4,8.0
1671704981.588000,45.338835,6.568741,2687.794802,224.0,9.364464,2.4,7.7
1671704983.583000,45.338712,6.568585,2685.788398,213.1,7.997246,2.4,6.8
1671704985.589000,45.338583,6.568490,2683.676816,206.0,7.471890,2.4,6.0
1671704987.594000,45.338470,6.568366,2680.253723,227.8,7.817599,2.4,6.0
1671704989.598000,45.338369,6.568208,2675.511661,220.1,8.283059,2.4,6.4
1671704991.597000,45.338245,6.568057,2670.799057,221.9,8.669276,2.4,7.2
1671704993.580000,45.338139,6.567888,2665.080702,226.7,7.714137,2.5,7.7
1671704995.593000,45.338039,6.567769,2662.192585,220.6,6.178106,2.4,8.0
1671704997.589000,45.337942,6.567684,2662.626095,227.9,6.931304,2.4,8.0
1671704999.586000,45.337844,6.567553,2657.231437,214.3,6.940071,2.4,8.0
1671705001.598000,45.337732,6.567470,2654.707521,203.0,7.110074,2.4,8.0
1671705003.590000,45.337594,6.567406,2652.965912,205.0,8.647333,2.4,8.0
1671705005.593000,45.337438,6.567332,2648.590216,205.0,8.940406,2.4,7.7
1671705007.591000,45.337294,6.567230,2645.117188,214.0,8.592248,2.4,6.8
1671705009.573000,45.337171,6.567096,2640.589762,218.5,7.559831,2.4,6.3
1671705011.597000,45.337068,6.566997,2637.684629,237.5,6.299263,2.4,6.0
1671705013.586000,45.337001,6.566866,2631.871757,237.0,6.303586,2.4,6.3
1671705016.594000,45.336972,6.566724,2626.754427,275.8,3.426824,2.4,7.4
1671705019.596000,45.337011,6.566563,2619.571419,303.7,5.901581,2.4,8.0
1671705021.591000,45.337073,6.566410,2613.944041,294.0,7.539668,2.5,8.0
1671705023.583000,45.337140,6.566258,2607.802518,289.1,5.468241,2.6,8.0
1671705025.587000,45.337147,6.566118,2604.678937,251.4,5.563159,2.5,8.0
1671705027.594000,45.337116,6.565962,2600.952548,250.1,7.170414,2.5,8.0
1671705029.588000,45.337046,6.565789,2597.697952,211.1,5.730072,2.5,8.0
1671705031.601000,45.336947,6.565693,2593.665957,240.2,5.918667,2.5,8.0
1671705033.585000,45.336889,6.565532,2589.376858,236.1,6.792642,2.5,8.0
1671705035.590000,45.336799,6.565360,2586.426705,245.7,7.129326,2.4,8.0
1671705037.582000,45.336761,6.565195,2582.079930,242.3,6.059288,2.5,8.0
1671705039.599000,45.336704,6.565095,2577.170729,245.9,4.798432,2.5,8.0
1671705043.577000,45.336664,6.564920,2571.539750,260.3,5.065956,2.5,8.0
1671705045.588000,45.336653,6.564767,2567.612419,256.9,4.925502,2.5,8.0
1671705048.588000,45.336623,6.564618,2562.572919,274.0,5.857811,2.5,10.8
1671705050.612000,45.336598,6.564452,2558.400192,270.8,6.271870,2.5,11.2
1671705052.604000,45.336624,6.564322,2553.695115,291.1,6.046305,2.7,8.8
1671705054.608000,45.336650,6.564178,2550.470466,291.4,5.733082,2.9,8.0
1671705056.591000,45.336730,6.564086,2546.523705,321.4,5.680212,2.7,8.0
1671705058.599000,45.336790,6.563952,2544.205913,298.0,6.020211,2.8,7.2
1671705060.589000,45.336875,6.563854,2539.581634,323.1,6.697293,2.6,6.4
1671705062.587000,45.336939,6.563707,2536.320828,308.7,7.157105,2.7,6.0
1671705064.593000,45.336942,6.563564,2534.303931,305.3,5.100204,2.8,6.0
1671705066.584000,45.337017,6.563457,2530.234852,311.0,5.905607,2.8,6.0
1671705069.578000,45.337051,6.563328,2524.923204,304.3,3.970914,2.8,6.3
1671705073.584000,45.337119,6.563230,2520.002516,270.3,3.087254,2.7,7.5
1671705077.038000,45.337184,6.563078,2515.559434,298.1,4.425313,2.7,8.7
1671705079.319000,45.337212,6.562945,2510.009096,282.4,3.970974,2.8,11.5
1671705082.597000,45.337251,6.562738,2504.042608,250.5,5.192067,2.9,13.0
1671705084.586000,45.337184,6.562588,2498.827802,254.5,6.787354,2.8,11.5
1671705086.584000,45.337146,6.562398,2492.866289,236.0,6.401181,2.5,8.9
1671705088.595000,45.337054,6.562266,2490.629840,205.6,6.618609,2.6,8.0
1671705090.584000,45.336933,6.562171,2485.708323,209.6,7.677121,2.6,8.0
1671705092.586000,45.336792,6.562104,2481.204922,199.0,7.411819,2.5,8.0
1671705094.586000,45.336668,6.562034,2478.116040,214.0,7.677175,2.6,8.0
1671705096.593000,45.336539,6.561939,2474.800629,202.1,7.942087,2.9,8.0
1671705098.582000,45.336393,6.561851,2472.107257,204.0,9.450356,2.8,8.0
1671705099.594000,45.336307,6.561803,2469.306941,203.0,10.109918,2.8,8.0
1671705100.593000,45.336219,6.561754,2467.823888,209.1,10.696640,2.8,8.0
1671705101.587000,45.336129,6.561683,2466.011530,221.8,11.372318,2.8,8.0
1671705102.590000,45.336044,6.561572,2464.846283,226.0,13.280127,2.8,8.0
1671705103.585000,45.335959,6.561445,2462.831603,229.0,12.571969,2.7,8.0
1671705104.594000,45.335885,6.561322,2459.546606,229.0,11.716029,2.7,8.0
1671705105.586000,45.335818,6.561207,2457.588559,230.0,11.434153,2.7,7.7
1671705106.589000,45.335751,6.561096,2455.731390,228.0,10.908979,2.7,7.2
1671705107.602000,45.335681,6.560995,2454.409511,226.0,10.372009,2.8,6.8
1671705108.576000,45.335616,6.560903,2453.236783,225.0,9.918056,2.6,6.7
1671705110.575000,45.335497,6.560732,2450.747267,224.0,9.122057,2.7,6.0
1671705112.574000,45.335382,6.560587,2449.035502,219.0,8.225821,2.9,6.0
1671705114.595000,45.335271,6.560469,2447.164351,216.0,7.590127,2.7,5.2
1671705116.598000,45.335166,6.560365,2446.457709,215.0,7.302539,2.8,4.4
1671705118.586000,45.335059,6.560252,2444.239682,222.0,7.829691,2.5,4.8
1671705120.589000,45.334973,6.560096,2441.462656,223.3,7.517313,2.5,5.6
1671705122.580000,45.334880,6.559979,2437.012119,236.8,7.544037,2.7,6.0
1671705124.578000,45.334831,6.559824,2432.281796,266.8,8.193889,2.7,6.0
1671705126.594000,45.334832,6.559595,2427.314368,277.4,8.789165,2.9,6.7
1671705128.586000,45.334872,6.559367,2422.608003,279.0,9.027168,2.7,7.3
1671705130.588000,45.334921,6.559144,2420.238952,287.5,8.515341,2.8,8.0
1671705132.588000,45.334942,6.558894,2416.959421,279.0,9.930416,2.7,8.0
1671705133.589000,45.334959,6.558762,2415.702400,278.0,9.142026,2.7,7.6
1671705135.584000,45.334977,6.558515,2411.786282,274.0,8.731353,2.7,7.0
1671705137.593000,45.334946,6.558299,2408.446937,256.0,8.031041,2.7,6.0
1671705139.599000,45.334929,6.558127,2406.341675,263.9,6.371199,2.7,6.0
1671705141.596000,45.334936,6.557976,2406.601861,271.1,6.046491,2.9,6.0
1671705143.585000,45.334898,6.557859,2404.333396,247.0,5.313769,2.6,6.0
1671705145.575000,45.334897,6.557713,2401.846693,281.9,6.772682,2.8,6.0
1671705147.582000,45.334903,6.557561,2398.563901,244.1,4.869680,2.5,6.0
1671705150.591000,45.334851,6.557397,2394.428614,284.0,5.448284,2.5,6.0
1671705152.602000,45.334860,6.557263,2390.814422,247.2,5.083972,2.6,6.0
1671705155.614000,45.334778,6.557168,2385.609532,259.4,5.224123,2.9,6.0
1671705157.610000,45.334744,6.557037,2381.275191,231.1,5.078310,2.7,6.2
1671705160.855000,45.334665,6.556913,2376.497962,221.0,3.306922,2.8,10.0
1671705163.598000,45.334546,6.556835,2373.438997,221.9,5.569109,2.8,10.9
1671705165.608000,45.334432,6.556687,2368.989736,223.0,10.202293,2.8,8.3
1671705166.606000,45.334356,6.556577,2366.591583,226.9,10.933396,2.7,7.8
1671705167.598000,45.334283,6.556464,2364.262694,227.0,10.844619,2.7,7.6
1671705168.590000,45.334209,6.556350,2363.318904,226.0,11.636243,2.7,6.7
1671705169.590000,45.334130,6.556231,2360.976948,233.4,11.450704,2.8,7.0
1671705170.593000,45.334071,6.556106,2358.365290,243.3,10.472185,2.9,7.3
1671705171.594000,45.334031,6.555983,2354.344839,244.9,9.443066,2.8,7.7
1671705172.580000,45.333994,6.555867,2353.673378,240.0,11.028863,2.7,8.0
1671705173.594000,45.333954,6.555742,2352.309255,250.9,10.268220,2.5,8.0
1671705174.587000,45.333927,6.555616,2351.275289,260.8,11.371552,2.8,8.0
1671705175.584000,45.333917,6.555474,2349.976328,276.8,10.365983,2.6,8.0
1671705176.578000,45.333936,6.555347,2347.262564,281.0,9.723263,2.5,8.0
1671705178.583000,45.333982,6.555119,2346.284090,283.9,8.767981,2.5,8.0
1671705180.579000,45.334010,6.554949,2344.479578,261.0,3.512220,2.7,8.0
1671705187.611000,45.334117,6.554930,2343.507425,187.6,1.980750,2.7,6.8
1671705192.256000,45.334221,6.554909,2343.560740,345.8,2.454148,2.8,10.7
1671705194.577000,45.334323,6.554875,2342.634633,338.0,5.784691,2.8,10.0
1671705196.609000,45.334453,6.554784,2339.563314,327.2,9.003775,2.7,7.9
1671705198.603000,45.334607,6.554683,2335.642443,338.0,9.376971,2.8,6.0
1671705200.603000,45.334773,6.554618,2332.801549,343.0,9.281837,2.8,5.2
1671705202.596000,45.334912,6.554543,2329.657730,334.1,7.371789,2.5,5.2
1671705204.591000,45.335017,6.554459,2327.236017,322.3,7.377786,2.6,5.3
1671705206.598000,45.335131,6.554360,2323.095949,341.0,7.021859,2.6,6.0
1671705208.593000,45.335244,6.554280,2320.007718,309.5,6.103139,2.5,6.0
1671705210.574000,45.335297,6.554143,2316.466109,282.9,6.261864,2.6,6.7
1671705212.588000,45.335284,6.553967,2312.950846,254.0,6.641633,2.9,7.6
1671705214.589000,45.335246,6.553780,2306.489880,243.3,6.052784,2.8,8.0
1671705216.595000,45.335181,6.553612,2304.745978,247.9,6.133261,2.7,8.0
1671705218.592000,45.335104,6.553440,2301.212483,227.0,6.294465,2.8,8.0
1671705220.584000,45.334996,6.553287,2300.163158,227.0,7.355038,2.8,8.0
1671705222.595000,45.334901,6.553098,2297.752322,236.1,6.920363,2.8,8.0
1671705224.587000,45.334808,6.552920,2295.043609,235.1,7.923263,2.7,8.0
1671705226.588000,45.334689,6.552734,2291.376363,222.1,9.687890,2.7,8.0
1671705227.589000,45.334617,6.552648,2290.574138,214.1,9.222621,2.8,8.0
1671705229.593000,45.334481,6.552515,2286.700916,218.0,8.467831,2.9,8.0
1671705231.583000,45.334353,6.552432,2285.211087,200.1,7.232937,2.5,7.7
1671705233.585000,45.334235,6.552357,2285.102084,218.0,7.168108,2.6,6.8
1671705235.589000,45.334122,6.552264,2283.298863,207.1,7.424451,2.6,6.3
1671705237.597000,45.333983,6.552182,2280.087443,206.0,8.381303,2.5,6.0
1671705239.579000,45.333870,6.552060,2278.934490,218.1,7.356060,2.6,6.0
1671705241.593000,45.333768,6.551966,2277.671722,204.6,6.442127,2.9,6.0
1671705243.591000,45.333675,6.551893,2276.542442,223.9,5.589476,2.7,6.0
1671705245.580000,45.333622,6.551765,2275.366594,258.0,6.843319,2.7,6.0
1671705247.602000,45.333580,6.551592,2273.135823,244.1,7.807087,2.8,6.4
1671705249.594000,45.333514,6.551401,2270.413569,241.0,8.418813,2.8,7.2
1671705251.597000,45.333410,6.551249,2266.289704,241.9,8.187720,2.8,7.6
1671705253.610000,45.333348,6.551049,2262.118424,245.1,7.093852,2.6,6.8
1671705255.590000,45.333292,6.550894,2258.536713,255.9,5.980098,2.7,6.7
1671705257.599000,45.333269,6.550742,2255.115574,252.1,6.405777,2.9,7.2
1671705259.586000,45.333232,6.550577,2251.163189,277.5,6.947713,2.7,7.7
1671705261.583000,45.333252,6.550377,2244.834001,276.0,8.204525,2.5,8.0
1671705263.604000,45.333277,6.550174,2240.689838,300.7,7.577180,2.6,8.0
1671705265.590000,45.333359,6.550009,2235.920111,303.0,8.002679,2.8,8.0
1671705267.596000,45.333456,6.549868,2231.808660,309.2,6.880915,2.5,8.0
1671705269.595000,45.333533,6.549730,2230.155902,316.8,6.727274,2.8,8.0
1671705271.602000,45.333643,6.549616,2226.831278,325.0,7.676852,2.6,8.0
1671705273.598000,45.333758,6.549540,2221.714662,330.2,7.042840,2.8,8.0
1671705275.577000,45.333864,6.549437,2218.520694,318.1,6.641120,2.7,7.7
1671705277.598000,45.333945,6.549323,2215.779070,326.5,6.318672,2.8,7.0
1671705279.585000,45.334048,6.549210,2213.977165,323.0,6.666006,2.7,6.7
1671705281.596000,45.334143,6.549104,2207.527019,319.3,4.871285,2.8,7.2
1671705284.593000,45.334186,6.548965,2204.172559,320.1,4.646003,2.7,8.0
1671705286.598000,45.334265,6.548884,2201.169927,331.0,5.669592,2.9,8.0
1671705288.596000,45.334366,6.548778,2197.556324,329.6,7.542680,2.8,8.0
1671705290.602000,45.334477,6.548657,2194.729919,318.0,6.834911,2.5,8.0
1671705292.588000,45.334556,6.548504,2193.511258,313.0,8.051804,2.6,8.0
1671705294.588000,45.334644,6.548347,2189.322665,320.0,7.625006,2.7,7.6
1671705296.600000,45.334764,6.548226,2187.721556,338.1,8.508250,2.5,6.8
1671705298.594000,45.334924,6.548179,2184.692896,357.8,9.345356,2.9,6.0
1671705300.593000,45.335086,6.548214,2181.604111,21.0,9.001522,2.8,5.2
1671705302.579000,45.335209,6.548324,2179.658131,30.0,9.123762,2.7,5.3
1671705304.588000,45.335367,6.548446,2176.484203,25.0,10.514516,2.8,6.0
1671705305.581000,45.335456,6.548502,2175.356602,23.0,10.845751,2.8,6.0
1671705306.604000,45.335551,6.548552,2173.200876,19.1,11.259500,2.8,6.0
1671705307.580000,45.335647,6.548594,2171.753970,17.0,11.417396,2.7,6.0
1671705308.581000,45.335745,6.548631,2169.599825,15.0,11.240551,2.7,5.7
1671705309.594000,45.335843,6.548668,2167.849314,15.0,11.277815,2.8,5.2
1671705310.589000,45.335932,6.548712,2166.045526,22.0,10.395444,2.7,5.2
1671705312.598000,45.336090,6.548788,2165.279546,7.6,8.414556,2.7,5.2
1671705314.583000,45.336208,6.548752,2164.980257,304.5,5.848862,2.7,6.3
1671705316.583000,45.336265,6.548560,2162.657687,288.3,7.916654,2.8,7.6
1671705318.586000,45.336303,6.548344,2159.082308,299.6,7.566148,2.6,8.0
1671705320.584000,45.336354,6.548153,2156.684404,278.4,7.993292,2.7,8.0
1671705322.584000,45.336388,6.547985,2154.182083,313.1,5.239757,2.5,7.3
1671705324.590000,45.336478,6.547866,2153.217445,315.1,8.548306,2.5,6.7
1671705326.590000,45.336571,6.547675,2147.143189,280.6,9.072393,2.8,6.7
1671705328.592000,45.336617,6.547447,2142.151675,301.6,8.951851,2.9,7.3
1671705330.614000,45.336694,6.547236,2137.255143,294.1,8.687860,2.9,8.0
1671705332.591000,45.336759,6.547027,2133.220544,295.2,8.661561,2.8,8.0
1671705334.612000,45.336826,6.546807,2131.378459,300.0,7.976511,2.8,8.0
1671705336.589000,45.336915,6.546573,2128.878723,296.1,10.151937,2.7,8.0
1671705337.592000,45.336960,6.546451,2129.239575,305.6,10.112426,2.7,8.0
1671705338.589000,45.337019,6.546341,2128.629556,313.6,11.033299,2.6,8.0
1671705339.584000,45.337090,6.546239,2125.086423,323.6,10.332583,2.6,8.0
1671705340.590000,45.337166,6.546160,2124.362091,324.0,10.065774,2.6,8.0
1671705342.592000,45.337301,6.546048,2122.762819,329.0,9.043859,2.8,7.2
1671705344.602000,45.337432,6.545950,2122.651300,334.2,8.277316,2.7,6.4
1671705346.595000,45.337566,6.545864,2120.606508,325.4,7.977542,2.5,6.0
1671705348.611000,45.337680,6.545771,2118.545561,329.1,6.091564,2.5,6.0
1671705350.606000,45.337736,6.545663,2114.508950,283.1,6.622234,2.5,6.0
1671705352.605000,45.337770,6.545508,2113.525335,317.7,5.703889,2.5,6.0
1671705354.592000,45.337852,6.545410,2113.383352,311.4,6.088364,2.6,6.7
1671705356.601000,45.337912,6.545259,2109.935217,307.0,7.401581,2.5,7.6
1671705358.578000,45.337976,6.545084,2105.643596,296.4,6.111206,2.7,7.3
1671705361.616000,45.337999,6.544887,2097.731285,281.0,6.396636,2.8,6.4
1671705363.600000,45.338010,6.544690,2093.015642,256.1,7.390293,2.8,7.2
1671705365.602000,45.337970,6.544493,2090.373682,265.4,8.230727,2.6,8.0
1671705367.594000,45.337946,6.544289,2086.224307,251.8,7.950629,2.7,8.0
1671705369.595000,45.337879,6.544107,2085.846164,220.7,7.510421,2.7,8.0
1671705371.578000,45.337756,6.543980,2084.146753,193.9,6.982986,2.6,8.0
1671705373.589000,45.337596,6.543937,2081.751505,179.9,8.722485,2.6,8.0
1671705374.585000,45.337506,6.543939,2081.200410,175.1,8.830657,2.5,8.0
1671705375.572000,45.337415,6.543948,2080.238907,172.0,9.118329,2.5,8.0
1671705376.569000,45.337320,6.543961,2078.541771,171.0,9.350510,2.5,8.0
1671705377.588000,45.337225,6.543980,2077.388430,173.9,9.442188,2.5,8.0
1671705378.594000,45.337132,6.543994,2075.945408,178.9,9.277804,2.5,8.0
1671705379.591000,45.337042,6.543998,2074.658881,181.8,9.451455,2.5,8.0
1671705381.583000,45.336861,6.543978,2073.106148,188.0,10.383394,2.5,8.0
1671705382.582000,45.336764,6.543963,2071.108485,188.0,10.223413,2.5,8.0
1671705383.586000,45.336665,6.543946,2069.543232,189.0,10.325735,2.5,8.0
1671705384.581000,45.336567,6.543926,2068.369573,193.0,10.955978,2.5,8.0
1671705385.588000,45.336462,6.543896,2068.604778,198.9,10.888474,2.6,8.0
1671705386.588000,45.336360,6.543851,2068.100631,203.9,10.670751,2.9,8.0
1671705387.583000,45.336270,6.543795,2066.952627,209.0,9.981442,2.7,8.0
1671705389.588000,45.336130,6.543672,2064.642710,217.0,8.077227,2.6,7.6
1671705391.589000,45.336023,6.543566,2062.426933,216.0,6.862630,2.7,6.8
1671705393.589000,45.335910,6.543470,2061.196837,213.0,6.853240,2.7,6.3
1671705395.593000,45.335803,6.543383,2062.191273,207.1,6.882292,2.6,6.0
1671705397.586000,45.335685,6.543330,2061.667883,194.2,6.133478,2.6,6.0
1671705399.592000,45.335568,6.543317,2060.505119,174.0,6.959721,2.5,6.0
1671705401.595000,45.335438,6.543353,2059.085511,173.0,7.576707,2.6,6.0
1671705403.588000,45.335298,6.543378,2056.703098,171.0,7.910331,2.4,6.0
1671705405.599000,45.335148,6.543401,2055.363176,175.0,8.561990,2.4,6.0
1671705407.591000,45.334988,6.543410,2053.991408,182.0,9.431515,2.4,6.0
1671705409.577000,45.334829,6.543411,2051.446429,180.0,8.773889,2.5,6.0
1671705411.576000,45.334665,6.543408,2048.981199,185.8,9.969866,2.5,6.0
1671705412.579000,45.334572,6.543391,2047.132923,191.6,10.126840,2.5,6.0
1671705413.582000,45.334482,6.543361,2045.596700,192.0,9.672643,2.5,6.4
1671705415.583000,45.334313,6.543288,2044.079331,202.0,9.581900,2.9,7.0
1671705417.587000,45.334147,6.543207,2041.177901,197.0,9.823812,2.7,8.0
1671705419.597000,45.333977,6.543139,2038.423581,193.0,10.109685,2.6,8.0
1671705420.580000,45.333888,6.543107,2037.709723,194.0,10.339753,2.7,7.7
1671705421.593000,45.333796,6.543070,2035.389134,194.0,10.345949,2.5,7.2
1671705422.603000,45.333708,6.543036,2034.533708,194.0,9.932009,2.5,6.8
1671705424.602000,45.333551,6.543003,2030.862400,184.0,8.909039,2.5,6.0
1671705426.590000,45.333396,6.542999,2030.385436,178.0,9.389915,2.5,6.0
1671705428.590000,45.333215,6.543008,2027.330021,181.0,10.556941,2.5,6.0
1671705429.594000,45.333117,6.543001,2026.421338,184.0,10.877947,2.6,6.0
1671705430.605000,45.333021,6.542990,2024.567398,184.0,11.122178,2.5,6.0
1671705431.594000,45.332924,6.542971,2021.212758,189.0,11.561648,2.5,6.0
1671705432.607000,45.332822,6.542944,2020.475855,191.0,11.508078,2.4,6.0
1671705433.580000,45.332724,6.542914,2019.058033,191.0,10.970472,2.4,6.0
1671705434.590000,45.332627,6.542881,2017.844608,194.0,11.330164,2.4,6.0
1671705435.589000,45.332527,6.542842,2016.502434,195.0,11.146587,2.4,6.0
1671705436.609000,45.332429,6.542798,2015.285498,196.9,11.017930,2.4,6.0
1671705437.587000,45.332336,6.542753,2014.199199,200.0,10.197407,2.6,6.0
1671705438.591000,45.332251,6.542699,2012.552306,201.0,10.387368,2.5,6.0
1671705439.584000,45.332165,6.542646,2011.867545,205.0,9.901441,2.5,6.0
1671705441.573000,45.332019,6.542539,2010.794368,206.0,9.080471,2.5,6.0
1671705443.598000,45.331877,6.542432,2008.874115,207.1,8.660934,2.6,6.0
1671705445.564000,45.331744,6.542341,2008.026804,205.0,7.992622,2.8,6.0
1671705447.581000,45.331616,6.542270,2007.584118,201.0,7.776102,2.7,6.0
1671705449.586000,45.331489,6.542214,2005.310524,195.3,7.340864,2.7,5.2
1671705451.575000,45.331365,6.542179,2004.916351,193.3,6.535758,2.5,4.7
1671705453.584000,45.331252,6.542161,2004.541941,189.2,6.333372,2.5,4.0
1671705455.580000,45.331151,6.542157,2003.932585,185.0,5.479506,2.5,4.0
1671705457.584000,45.331060,6.542161,2003.544736,180.2,5.066890,2.5,4.0
1671705460.590000,45.330937,6.542172,2001.931702,179.6,4.675053,2.5,4.3
1671705463.585000,45.330816,6.542170,2001.123710,187.1,4.667089,2.4,5.3
1671705465.661000,45.330701,6.542155,2000.940710,185.3,4.924324,2.4,6.4
1671705468.604000,45.330580,6.542148,1999.779277,184.1,5.493870,2.5,8.2
1671705470.572000,45.330477,6.542142,1999.652882,183.0,5.530434,2.5,8.5
1671705472.586000,45.330376,6.542138,1998.749332,183.0,5.722489,2.6,5.6
1671705474.601000,45.330269,6.542131,1998.310727,182.0,5.958289,2.8,4.8
1671705476.584000,45.330160,6.542127,1997.659020,180.3,6.343091,2.7,4.7
1671705478.590000,45.330046,6.542146,1996.376428,172.0,6.785855,2.7,5.2
1671705480.595000,45.329928,6.542171,1994.983885,174.9,6.642072,2.5,6.0
1671705482.588000,45.329802,6.542167,1994.159229,183.3,7.756759,2.5,6.0
1671705484.600000,45.329650,6.542150,1991.791810,182.1,8.860728,2.5,6.0
1671705486.593000,45.329477,6.542163,1989.369948,175.0,10.113084,2.5,6.0
1671705487.598000,45.329385,6.542177,1987.875929,174.6,10.129717,2.6,6.0
1671705489.591000,45.329218,6.542239,1983.877955,164.9,9.196947,2.5,6.0
1671705491.588000,45.329059,6.542287,1981.117109,168.2,8.960526,2.4,6.3
1671705493.585000,45.328900,6.542302,1979.902627,183.4,8.533278,2.4,7.0
1671705495.603000,45.328742,6.542238,1977.382928,197.6,8.317377,2.6,8.0
1671705497.577000,45.328602,6.542142,1976.039218,206.9,8.394247,2.6,8.0
1671705499.597000,45.328466,6.542029,1974.822459,208.0,8.080653,2.6,8.0
1671705501.589000,45.328331,6.541933,1972.993426,201.5,8.272228,2.6,8.0
1671705503.574000,45.328200,6.541864,1972.102613,197.1,7.029978,2.8,8.0
1671705505.581000,45.328081,6.541827,1970.402474,193.0,6.568123,2.7,8.0
1671705507.590000,45.327955,6.541808,1968.936157,186.7,7.076864,2.7,8.0
1671705509.577000,45.327822,6.541803,1968.135531,185.0,6.992504,2.5,8.0
1671705511.586000,45.327685,6.541810,1966.662656,180.9,7.424822,2.5,8.0
1671705513.590000,45.327535,6.541832,1965.056047,176.2,8.648932,2.6,8.0
1671705515.584000,45.327368,6.541885,1962.742989,166.3,9.479290,2.6,8.0
1671705516.590000,45.327278,6.541928,1962.161922,164.0,9.921219,2.6,8.0
1671705517.592000,45.327190,6.541972,1961.007452,161.2,9.456759,2.5,8.0
1671705518.598000,45.327104,6.542016,1958.917009,166.0,9.272243,2.5,8.0
1671705520.591000,45.326926,6.542073,1957.819469,169.0,9.563914,2.4,7.2
1671705521.595000,45.326837,6.542098,1956.911785,169.0,9.578715,2.4,6.8
1671705523.591000,45.326668,6.542138,1954.536151,174.0,9.099567,2.5,6.7
1671705525.594000,45.326494,6.542151,1952.434069,175.0,10.235269,2.6,7.2
1671705526.584000,45.326402,6.542160,1950.890313,175.0,10.259925,2.6,7.3
1671705527.594000,45.326309,6.542171,1949.598225,177.0,10.195510,2.6,8.0
1671705529.592000,45.326133,6.542188,1945.060662,174.1,9.148585,2.7,8.0
1671705531.593000,45.325966,6.542221,1943.920074,169.4,9.455564,2.9,8.0
1671705533.592000,45.325797,6.542260,1941.676900,175.3,9.221419,2.7,8.0
1671705535.584000,45.325642,6.542298,1939.572074,162.2,8.190562,2.7,8.0
1671705537.571000,45.325489,6.542361,1937.621616,170.3,8.695917,2.6,8.0
1671705539.579000,45.325337,6.542385,1934.895172,179.4,8.417125,2.5,8.0
1671705541.598000,45.325177,6.542374,1932.495492,184.9,8.850295,2.6,8.0
1671705543.578000,45.325013,6.542346,1929.850407,192.8,8.716208,2.5,8.0
1671705545.579000,45.324872,6.542249,1927.919699,224.2,7.424678,2.5,8.0
1671705547.588000,45.324824,6.542090,1925.680552,285.5,6.345230,2.5,8.0
1671705549.583000,45.324852,6.541933,1923.442456,274.0,6.141829,2.4,8.0
1671705551.587000,45.324890,6.541803,1921.077082,295.1,4.887778,2.4,8.0
1671705553.587000,45.324932,6.541661,1918.896043,303.4,4.344728,2.5,8.0
1671705555.590000,45.324989,6.541553,1915.874056,289.0,4.871815,2.6,8.0
1671705557.584000,45.325017,6.541409,1913.390841,279.7,4.648574,2.6,8.0
1671705560.067000,45.325055,6.541292,1909.277708,291.1,3.728322,2.8,8.3
1671705562.589000,45.325030,6.541166,1906.449504,241.1,2.618265,2.7,8.5
1671705565.616000,45.325016,6.541012,1902.799713,256.3,4.625728,2.6,8.3
1671705568.579000,45.324959,6.540852,1896.505656,223.4,4.232068,2.7,8.2
1671705571.591000,45.324823,6.540768,1891.102608,184.1,5.401008,2.6,9.6
1671705573.733000,45.324731,6.540729,1889.273492,189.2,2.048326,2.6,11.4
1671705575.577000,45.324638,6.540728,1888.758649,159.6,5.389076,2.5,12.5
1671705577.588000,45.324518,6.540784,1887.303369,162.0,6.163331,2.5,12.2
1671705579.584000,45.324391,6.540858,1886.820196,153.0,8.392792,2.6,10.4
1671705581.597000,45.324252,6.540956,1884.979217,167.2,6.735206,2.7,8.0
1671705583.581000,45.324127,6.540985,1883.603597,166.7,7.128047,2.8,8.0
1671705585.581000,45.323991,6.541023,1882.735051,173.4,7.057998,2.8,8.0
1671705587.584000,45.323845,6.541036,1881.441630,179.7,7.728542,3.1,8.0
1671705589.590000,45.323681,6.541008,1878.966048,193.0,9.594575,3.0,8.0
1671705590.580000,45.323592,6.540977,1877.608362,196.8,8.747350,3.0,8.0
1671705592.588000,45.323431,6.540893,1875.519608,204.8,9.863608,3.0,8.0
1671705594.595000,45.323300,6.540786,1873.632863,246.2,6.754597,2.9,8.0
1671705596.596000,45.323248,6.540613,1870.599976,245.7,5.601782,2.9,8.0
1671705598.590000,45.323218,6.540458,1870.599976,258.0,6.176492,3.0,8.0
1671705600.589000,45.323179,6.540286,1870.599976,245.0,5.820691,2.9,8.0
1671705602.591000,45.323134,6.540169,1868.261811,231.1,3.706045,2.9,8.0
1671705606.608000,45.323056,6.540060,1867.398378,225.0,2.846080,2.8,6.4
1671705612.490000,45.323000,6.539949,1866.541283,276.5,3.290594,2.6,10.5
1671705614.592000,45.323002,6.539784,1864.614325,275.1,5.092150,2.7,9.9
1671705617.235000,45.323002,6.539641,1861.853045,268.2,3.667350,2.8,11.0
1671705620.670000,45.323004,6.539506,1860.175794,285.2,3.946527,2.8,13.3
1671705622.606000,45.323025,6.539372,1855.494334,259.2,5.445769,2.6,13.2
1671705624.597000,45.323010,6.539239,1853.419700,266.9,5.702085,2.7,11.9
1671705626.588000,45.323016,6.539079,1850.146989,267.9,5.442765,2.7,9.7
1671705629.966000,45.323037,6.538948,1847.734721,299.9,3.012722,2.7,12.3
1671705632.366000,45.323068,6.538810,1846.732809,278.5,4.027620,2.6,13.7
1671705634.148000,45.323076,6.538674,1846.101470,281.8,3.594026,2.5,13.9
1671705638.288000,45.323123,6.538534,1846.225365,310.1,1.074831,2.6,12.3
1671705647.528000,45.323214,6.538519,1844.639169,27.9,1.280653,2.8,6.0
1671705654.528000,45.323313,6.538467,1846.726504,340.8,2.157570,2.6,7.6
1671705657.527000,45.323394,6.538399,1846.561943,331.5,2.027128,2.6,9.7
1671705662.086000,45.323477,6.538350,1846.029188,340.2,1.614297,2.5,10.4
1671705706.085000,45.323525,6.538239,1845.611785,-1.0,0.024803,3.1,9.8
1671705736.429000,45.323422,6.538122,1846.198729,221.2,0.609093,2.9,146.6
1671705766.588000,45.323497,6.538332,1852.520524,62.0,1.321357,2.8,68.4
1671705796.368000,45.323592,6.538371,1864.599976,2.0,1.323232,2.6,8.3
1671705800.568000,45.323724,6.538412,1861.982423,7.6,2.966379,2.7,10.1
1671705802.850000,45.323819,6.538436,1864.599976,15.4,2.643335,2.7,10.1
1671705806.967000,45.323920,6.538481,1862.070319,20.5,2.589169,2.8,10.0
1671705811.566000,45.324012,6.538496,1864.599976,9.3,1.781085,2.9,9.9
1671705818.047000,45.324114,6.538498,1864.599976,345.3,1.509702,2.8,8.3
1671705822.845000,45.324197,6.538447,1864.599976,330.6,1.639087,2.7,7.1
1671705826.986000,45.324287,6.538366,1864.599976,322.4,2.131368,2.7,9.6
1671705830.585000,45.324369,6.538301,1864.599976,332.3,1.417716,2.7,8.5
1671705835.851000,45.324449,6.538232,1854.999663,315.8,1.868153,2.9,6.3
1671705840.585000,45.324524,6.538119,1864.599976,316.0,2.375332,3.1,6.9
1671705845.185000,45.324592,6.538002,1864.599976,309.6,2.345975,2.9,6.9
1671705850.428000,45.324641,6.537891,1864.599976,304.6,2.081422,3.0,9.1
1671705854.577000,45.324718,6.537755,1864.599976,313.0,4.728108,3.0,8.8
1671705857.584000,45.324791,6.537584,1860.592978,286.1,5.753236,3.0,6.5
1671705859.583000,45.324814,6.537412,1859.335483,277.4,7.331001,3.0,6.0
1671705861.585000,45.324823,6.537225,1856.006540,262.3,7.463163,3.3,6.0
1671705863.593000,45.324786,6.537019,1850.330582,252.5,9.184653,3.5,6.4
1671705865.589000,45.324726,6.536807,1851.842178,241.5,8.644557,3.2,7.0
1671705867.594000,45.324624,6.536618,1849.086333,225.2,10.004817,3.1,8.0
1671705868.587000,45.324550,6.536521,1846.931522,220.0,10.899632,3.4,8.0
1671705869.588000,45.324465,6.536422,1846.411873,214.4,11.436893,3.1,8.0
1671705870.589000,45.324371,6.536331,1843.748027,211.2,11.569227,4.1,8.0
1671705871.566000,45.324270,6.536257,1842.099006,204.6,11.985002,3.1,8.0
1671705872.565000,45.324163,6.536193,1840.176809,198.7,11.972354,3.1,8.0
1671705873.573000,45.324052,6.536144,1838.694056,195.6,12.019648,3.2,8.0
1671705874.565000,45.323944,6.536101,1837.296842,195.9,11.515904,3.2,8.0
1671705875.566000,45.323838,6.536059,1836.050331,196.0,11.370997,3.2,8.0
1671705876.579000,45.323737,6.536019,1835.177632,196.4,10.759229,3.2,8.0
1671705877.590000,45.323647,6.535985,1834.395289,194.9,9.504195,3.2,8.0
1671705879.593000,45.323476,6.535924,1832.229178,194.7,9.952985,3.3,8.0
1671705880.577000,45.323385,6.535893,1831.442095,194.1,10.573585,3.3,8.0
1671705881.574000,45.323289,6.535865,1829.925787,192.5,10.651999,3.3,8.0
1671705882.602000,45.323193,6.535843,1827.931192,190.1,9.797543,3.3,8.0
1671705883.578000,45.323102,6.535824,1827.322383,190.0,10.247133,3.3,8.0
1671705884.574000,45.323007,6.535804,1826.365413,190.0,10.283983,3.3,8.0
1671705885.570000,45.322915,6.535781,1825.123018,190.9,9.997923,3.3,8.0
1671705886.582000,45.322825,6.535755,1823.432551,191.9,9.921612,3.3,8.0
1671705887.578000,45.322734,6.535728,1822.020332,191.1,10.295362,3.3,8.0
1671705888.568000,45.322642,6.535704,1821.652292,191.0,9.881303,3.3,8.0
1671705889.586000,45.322552,6.535681,1819.471923,190.0,9.821806,3.6,8.0
1671705890.592000,45.322462,6.535664,1819.071457,188.0,9.758452,3.6,8.0
1671705892.601000,45.322286,6.535652,1816.614012,182.4,9.203341,3.5,8.0
1671705894.580000,45.322120,6.535664,1814.119761,178.9,9.046824,3.6,8.0
1671705896.574000,45.321952,6.535704,1812.069740,172.4,9.193095,3.8,8.0
1671705897.597000,45.321863,6.535727,1810.543585,173.7,9.507065,3.4,8.0
1671705899.586000,45.321686,6.535767,1807.963588,172.8,9.482227,3.4,8.0
1671705901.593000,45.321514,6.535812,1804.892179,171.2,9.374831,3.5,8.0
1671705903.580000,45.321345,6.535860,1802.913473,171.0,9.325641,3.5,8.0
1671705904.596000,45.321256,6.535887,1801.439738,171.2,9.655408,3.5,8.0
1671705905.572000,45.321166,6.535913,1799.414396,171.9,9.808496,3.5,8.0
1671705906.577000,45.321072,6.535929,1797.030060,177.9,10.104012,3.5,8.0
1671705907.574000,45.320976,6.535932,1795.190461,191.7,11.090300,3.6,9.6
1671705908.572000,45.320877,6.535904,1794.469207,191.3,11.327875,3.6,13.3
1671705910.573000,45.320700,6.535854,1793.535912,194.9,7.858075,2.7,16.0
1671705912.571000,45.320575,6.535794,1791.841771,196.1,7.238240,2.7,19.2
1671705914.592000,45.320459,6.535758,1791.148244,183.6,6.196474,2.6,14.4
1671705916.581000,45.320363,6.535790,1790.676778,147.3,5.224781,2.7,12.8
1671705918.575000,45.320274,6.535885,1790.302617,147.5,6.152381,2.9,10.7
1671705920.581000,45.320174,6.535987,1789.721453,152.9,5.165370,3.3,9.3
1671705922.591000,45.320071,6.536068,1788.534308,156.1,5.991945,2.8,8.0
1671705924.573000,45.319969,6.536141,1788.150267,157.8,5.328256,2.6,8.0
1671705926.574000,45.319872,6.536200,1787.870036,161.0,4.987221,2.6,8.0
1671705928.585000,45.319780,6.536257,1786.891035,157.2,4.737317,2.6,8.0
1671705931.577000,45.319666,6.536319,1786.579373,174.5,3.994091,2.7,8.0
1671705934.584000,45.319542,6.536351,1785.868826,176.2,4.262576,2.7,8.0
1671705936.593000,45.319428,6.536388,1784.385597,177.0,4.773907,2.7,8.0
1671705939.475000,45.319286,6.536414,1783.812317,181.4,4.743662,2.7,9.9
1671705941.574000,45.319157,6.536428,1783.092034,182.9,5.207605,2.7,10.5
1671705943.578000,45.319034,6.536416,1782.346892,188.0,5.139297,2.7,8.9
1671705945.573000,45.318932,6.536404,1781.522079,190.0,5.136788,2.7,7.2
1671705947.591000,45.318830,6.536381,1781.031217,201.0,5.276760,2.9,6.0
1671705949.598000,45.318739,6.536323,1780.769601,242.0,5.061711,2.8,6.4
1671705951.584000,45.318712,6.536183,1778.031844,268.5,6.803707,2.8,7.0
1671705953.584000,45.318724,6.535993,1777.642652,283.3,8.048502,3.0,8.0
1671705955.577000,45.318770,6.535789,1775.033535,293.8,7.804859,3.7,8.0
1671705957.570000,45.318831,6.535596,1774.564897,294.0,6.637650,2.6,8.0
1671705959.576000,45.318860,6.535444,1774.037655,268.1,3.628349,2.7,8.0
1671705962.567000,45.318819,6.535328,1774.167113,218.5,1.286289,2.7,8.0
1671705983.156000,45.318739,6.535391,1774.831860,-1.0,0.002388,2.6,5.0
1671705995.471000,45.318653,6.535440,1774.864227,165.1,0.873687,2.7,5.7
1671706006.475000,45.318568,6.535483,1775.344190,171.5,0.311096,4.0,5.7
1671706054.310000,45.318485,6.535533,1775.100849,-1.0,0.005365,3.1,4.4
1671706072.577000,45.318357,6.535463,1781.136977,213.6,3.983950,4.7,8.7
1671706074.574000,45.318240,6.535335,1779.346244,221.7,6.519279,2.9,8.6
1671706076.577000,45.318120,6.535184,1783.398165,219.3,6.311281,4.5,8.6
1671706078.582000,45.318018,6.535051,1788.837377,219.0,5.598448,3.8,8.0
1671706080.576000,45.317928,6.534928,1796.598837,220.9,5.769174,3.9,7.3
1671706082.598000,45.317842,6.534812,1799.855581,220.3,6.285193,3.1,6.4
1671706084.571000,45.317750,6.534688,1805.568333,219.0,5.993039,3.0,6.0
1671706086.579000,45.317667,6.534581,1810.413094,219.0,6.730397,3.0,6.0
1671706088.577000,45.317578,6.534462,1816.009275,219.0,6.114184,3.0,6.0
1671706090.586000,45.317493,6.534356,1822.701938,219.9,6.256053,4.0,6.0
1671706092.580000,45.317404,6.534245,1828.552972,220.0,6.517363,2.6,6.0
1671706094.587000,45.317315,6.534136,1839.057266,220.0,6.522709,4.1,6.0
1671706096.583000,45.317229,6.534024,1844.797925,219.0,6.433630,4.2,5.3
1671706098.581000,45.317143,6.533916,1850.424493,220.0,6.296731,4.0,4.7
1671706100.578000,45.317058,6.533808,1856.416563,219.0,6.375494,4.7,4.0
1671706102.577000,45.316969,6.533702,1861.580784,219.0,6.227693,4.7,4.0
1671706104.574000,45.316882,6.533598,1867.955596,220.0,6.381533,4.5,4.7
1671706106.574000,45.316797,6.533494,1874.068806,220.0,6.186274,3.8,4.8
1671706108.578000,45.316711,6.533388,1880.928779,220.0,6.479882,3.8,4.7
1671706110.599000,45.316626,6.533283,1881.425453,219.0,6.081583,3.1,4.0
1671706112.578000,45.316543,6.533182,1886.926181,220.0,6.362567,3.0,4.0
1671706114.591000,45.316456,6.533076,1893.355641,219.0,6.232766,3.0,4.4
1671706116.574000,45.316370,6.532970,1900.626556,220.0,6.255596,5.6,4.3
1671706118.586000,45.316284,6.532870,1906.633375,220.0,6.223237,4.0,4.4
1671706120.580000,45.316197,6.532765,1913.547524,220.0,6.184418,2.6,4.0
1671706122.573000,45.316112,6.532666,1925.222074,220.0,6.051584,3.6,4.0
1671706124.580000,45.316028,6.532568,1932.628597,220.0,6.117278,3.5,4.0
1671706126.603000,45.315944,6.532472,1939.133341,220.0,5.981522,3.7,4.0
1671706128.589000,45.315861,6.532373,1946.849155,219.0,6.017137,4.2,4.0
1671706130.581000,45.315780,6.532275,1954.200957,220.0,5.936660,4.2,4.0
1671706132.596000,45.315701,6.532179,1961.920367,220.0,6.079634,4.3,4.0
1671706134.577000,45.315608,6.532062,1967.020126,220.1,6.391700,3.6,4.0
1671706136.590000,45.315522,6.531958,1971.032032,219.0,6.802141,3.8,4.7
1671706138.590000,45.315430,6.531845,1970.934594,220.0,6.386542,2.9,5.3
1671706140.593000,45.315340,6.531736,1975.242033,219.0,6.672472,2.7,5.2
1671706142.576000,45.315250,6.531627,1981.124537,220.0,6.501199,2.8,4.4
1671706144.591000,45.315162,6.531520,1986.796835,220.0,6.097247,4.0,4.0
1671706146.588000,45.315088,6.531435,1990.354199,219.0,5.034270,3.8,4.0
1671706149.578000,45.314997,6.531328,2002.246387,220.0,4.286078,3.9,5.1
1671706151.586000,45.314920,6.531239,2007.083629,219.0,5.970525,4.1,5.1
1671706153.583000,45.314844,6.531149,2011.552612,220.0,4.892107,4.0,4.4
1671706156.588000,45.314747,6.531036,2018.604953,220.0,4.639046,4.4,4.8
1671706159.583000,45.314641,6.530913,2025.314617,220.0,5.432525,4.2,4.7
1671706161.574000,45.314568,6.530826,2029.657344,220.0,5.089483,3.7,5.0
1671706164.586000,45.314471,6.530714,2037.040485,220.0,4.474221,3.8,5.6
1671706167.578000,45.314369,6.530594,2039.751032,219.0,5.098001,3.5,5.7
1671706169.585000,45.314299,6.530513,2044.494662,220.0,4.915401,2.8,6.0
1671706172.573000,45.314198,6.530395,2052.236526,220.0,5.413875,2.8,6.0
1671706174.585000,45.314121,6.530304,2054.989844,219.0,5.289733,3.6,6.0
1671706176.591000,45.314044,6.530214,2057.762081,220.0,5.690797,2.5,6.0
1671706178.589000,45.313972,6.530127,2066.300319,220.0,5.040597,4.1,5.2
1671706180.586000,45.313902,6.530045,2068.963694,219.0,5.208492,4.1,4.4
1671706182.588000,45.313830,6.529960,2072.336616,220.0,5.283854,3.9,4.3
1671706184.593000,45.313756,6.529872,2074.074521,219.0,5.343771,3.1,4.4
1671706186.580000,45.313684,6.529787,2077.983327,220.0,5.206311,3.1,4.4
1671706188.582000,45.313613,6.529702,2081.465048,220.0,5.134951,3.4,5.0
1671706190.594000,45.313540,6.529616,2085.395728,220.0,5.375201,3.6,5.6
1671706192.575000,45.313467,6.529528,2089.084582,220.0,5.309465,3.9,5.0
1671706194.610000,45.313393,6.529442,2087.129292,220.0,5.117395,2.9,4.0
1671706197.585000,45.313289,6.529319,2093.174022,219.0,5.173557,2.8,4.0
1671706199.594000,45.313217,6.529234,2096.457085,220.0,5.213607,2.5,4.0
1671706201.566000,45.313146,6.529151,2099.931159,219.0,5.155823,2.5,4.0
1671706203.584000,45.313074,6.529066,2104.379955,220.0,5.116532,2.5,4.0
1671706205.581000,45.313001,6.528982,2113.675810,217.2,5.596841,3.9,4.3
1671706207.573000,45.312923,6.528890,2116.159856,220.0,5.369346,4.1,5.0
1671706209.569000,45.312850,6.528805,2117.110670,219.0,5.406393,4.1,5.7
1671706211.581000,45.312774,6.528715,2116.945725,219.0,5.265031,3.2,6.0
1671706213.602000,45.312698,6.528628,2119.843999,219.0,5.407367,3.3,5.2
1671706215.604000,45.312624,6.528537,2120.899796,220.0,5.407867,3.2,4.4
1671706217.595000,45.312551,6.528447,2123.517847,220.0,5.460160,3.7,4.4
1671706219.594000,45.312478,6.528356,2125.499041,220.0,5.362489,3.7,5.2
1671706221.579000,45.312405,6.528266,2122.430117,220.0,5.481890,3.0,5.0
1671706223.582000,45.312333,6.528178,2123.929439,220.0,5.405288,3.2,4.4
1671706225.589000,45.312259,6.528090,2126.568894,219.0,5.319707,2.8,4.0
1671706227.579000,45.312188,6.528004,2128.691663,220.0,5.385949,2.5,4.0
1671706229.589000,45.312116,6.527916,2130.994763,220.0,5.357991,2.5,4.4
1671706231.582000,45.312044,6.527828,2132.760811,219.0,5.319383,2.6,5.2
1671706233.581000,45.311971,6.527740,2140.671601,220.0,5.347264,3.9,5.3
1671706235.582000,45.311897,6.527651,2143.163594,220.0,5.323298,4.1,5.3
1671706237.581000,45.311822,6.527563,2145.794106,220.0,5.439793,4.1,4.7
1671706239.588000,45.311751,6.527476,2147.152563,220.0,5.342403,3.1,4.4
1671706241.608000,45.311675,6.527389,2150.481449,219.0,5.279081,3.3,4.8
1671706243.578000,45.311601,6.527300,2152.444165,220.0,5.357847,3.2,5.6
1671706245.577000,45.311527,6.527214,2155.957336,220.0,5.303401,3.7,6.3
1671706247.620000,45.311452,6.527125,2159.136016,220.0,5.295393,3.8,6.4
1671706249.585000,45.311379,6.527040,2161.836620,219.0,5.267272,3.9,6.8
1671706251.589000,45.311304,6.526951,2159.331158,221.0,5.307903,3.1,6.3
1671706253.576000,45.311230,6.526864,2162.689380,220.0,5.361592,2.8,6.3
1671706255.582000,45.311158,6.526779,2165.734084,220.0,5.252577,2.8,6.0
1671706257.580000,45.311086,6.526695,2169.028083,220.0,5.218840,2.5,6.0
1671706259.584000,45.311014,6.526610,2171.973670,219.0,5.186303,2.6,6.0
1671706261.571000,45.310941,6.526528,2174.943777,219.0,5.386964,2.5,6.0
1671706263.599000,45.310869,6.526444,2182.377806,220.0,5.147328,2.7,6.0
1671706265.604000,45.310800,6.526359,2187.455796,219.0,5.297233,4.1,6.0
1671706267.596000,45.310730,6.526267,2191.135094,220.0,5.294171,3.9,6.0
1671706269.572000,45.310658,6.526181,2194.630341,220.0,5.272045,4.2,5.7
1671706271.587000,45.310587,6.526099,2197.757762,220.0,5.207211,3.2,5.7
1671706274.587000,45.310482,6.525984,2203.889686,220.0,5.090734,3.7,6.0
1671706277.577000,45.310377,6.525872,2209.702328,220.0,5.057868,3.9,6.3
1671706280.588000,45.310269,6.525752,2210.546106,219.0,5.062005,3.0,7.6
1671706282.584000,45.310197,6.525668,2214.822678,219.0,5.112154,2.8,7.2
1671706284.580000,45.310123,6.525581,2219.153967,220.0,5.079327,2.5,6.7
1671706286.574000,45.310049,6.525494,2223.773614,220.0,5.119035,2.5,5.3
1671706289.586000,45.309944,6.525375,2229.985243,220.0,4.907602,2.5,5.2
1671706292.580000,45.309844,6.525258,2241.221407,220.0,4.967126,2.7,6.0
1671706295.584000,45.309741,6.525140,2249.946331,219.0,4.996406,3.9,6.0
1671706298.577000,45.309642,6.525018,2256.732836,219.0,4.893085,3.1,6.0
1671706300.592000,45.309566,6.524921,2260.657932,219.0,4.946107,3.1,6.0
1671706303.585000,45.309471,6.524801,2270.237271,220.0,4.901385,3.7,6.0
1671706305.601000,45.309395,6.524700,2275.409313,220.0,4.861144,3.9,6.0
1671706308.603000,45.309302,6.524589,2278.521375,220.0,4.813437,3.0,6.0
1671706310.606000,45.309231,6.524498,2283.162978,220.0,4.924636,2.8,5.0
1671706313.596000,45.309136,6.524382,2293.015480,220.0,4.896326,3.6,4.9
1671706316.579000,45.309038,6.524261,2300.232082,220.0,4.857152,2.5,6.2
1671706319.589000,45.308939,6.524140,2312.642842,220.0,4.841855,2.7,5.9
1671706322.596000,45.308841,6.524021,2323.135788,220.0,4.663203,3.9,4.9
1671706325.610000,45.308737,6.523899,2330.821605,219.0,4.728592,3.2,4.6
1671706328.592000,45.308648,6.523787,2339.164365,220.0,4.708930,3.0,5.0
1671706330.597000,45.308578,6.523702,2345.836508,219.0,4.742777,3.7,5.4
1671706333.607000,45.308488,6.523592,2350.231842,221.0,4.498551,2.9,5.3
1671706335.600000,45.308419,6.523506,2355.393153,220.0,4.543411,3.2,5.0
1671706338.595000,45.308333,6.523402,2364.937150,220.0,4.500159,2.8,5.1
1671706341.584000,45.308237,6.523286,2374.485318,220.0,4.897503,2.5,5.4
1671706343.592000,45.308168,6.523204,2380.343334,219.0,4.903900,2.6,5.1
1671706345.592000,45.308098,6.523120,2390.132641,220.0,5.135094,4.0,4.3
1671706348.595000,45.307998,6.523001,2396.464007,219.0,5.014572,2.7,5.0
1671706351.573000,45.307898,6.522883,2404.602184,219.0,4.840596,3.1,6.0
1671706353.596000,45.307827,6.522799,2411.411913,219.0,4.819126,4.2,6.0
1671706356.593000,45.307732,6.522684,2418.863138,220.0,4.871476,3.1,5.6
1671706358.594000,45.307663,6.522602,2426.137322,219.0,4.772408,3.7,4.9
1671706361.573000,45.307566,6.522488,2428.183636,220.0,4.761156,2.9,5.0
1671706364.579000,45.307466,6.522367,2436.811403,219.0,4.946231,2.8,5.8
1671706367.594000,45.307362,6.522241,2445.137118,220.0,4.671263,2.5,4.3
1671706370.573000,45.307274,6.522135,2454.999135,219.0,4.737422,3.7,5.0
1671706372.598000,45.307201,6.522046,2460.516310,221.0,4.760692,2.5,5.7
1671706375.573000,45.307111,6.521940,2472.920675,220.0,4.551375,2.7,5.2
1671706377.588000,45.307042,6.521854,2480.526642,220.0,4.624108,4.1,4.6
1671706380.571000,45.306951,6.521745,2490.388440,221.0,4.722942,4.3,4.3
1671706382.609000,45.306879,6.521657,2494.134814,218.0,4.659722,2.9,4.0
1671706385.593000,45.306794,6.521553,2506.651417,220.0,4.541759,3.8,4.0
1671706387.604000,45.306722,6.521470,2512.869426,219.0,4.646826,3.9,4.0
1671706390.587000,45.306637,6.521362,2517.387782,218.0,5.267628,2.9,4.0
1671706392.618000,45.306566,6.521277,2522.244047,221.0,4.739494,2.8,4.0
1671706395.587000,45.306462,6.521154,2529.078784,220.0,5.121850,2.5,4.0
1671706397.601000,45.306393,6.521065,2533.726644,220.0,5.000931,2.5,4.0
1671706400.586000,45.306292,6.520944,2540.786366,221.0,4.776077,2.5,4.3
1671706403.606000,45.306190,6.520821,2551.846027,219.0,4.915313,2.7,4.4
1671706405.583000,45.306121,6.520737,2558.926036,221.0,4.980696,4.1,4.3
1671706408.578000,45.306022,6.520619,2565.057568,220.0,4.765482,3.3,4.0
1671706411.587000,45.305922,6.520499,2574.736920,219.0,4.959129,3.0,4.0
1671706414.605000,45.305816,6.520366,2583.605812,223.0,5.033487,3.8,4.0
1671706417.580000,45.305711,6.520241,2584.981257,220.0,5.115207,2.9,4.7
1671706420.578000,45.305609,6.520119,2590.082150,220.0,5.337084,2.8,4.7
1671706422.593000,45.305540,6.520036,2592.986183,220.0,5.258425,2.8,4.0
1671706424.582000,45.305470,6.519956,2597.013648,220.0,5.072691,2.8,4.0
1671706426.605000,45.305400,6.519874,2600.312626,219.0,5.612044,3.6,4.0
1671706428.590000,45.305319,6.519780,2602.001037,220.0,5.440304,2.5,4.0
1671706430.580000,45.305243,6.519690,2607.548849,219.0,5.591778,2.7,4.0
1671706432.610000,45.305167,6.519602,2611.328151,220.0,5.357180,4.2,4.0
1671706434.607000,45.305095,6.519515,2612.613803,219.0,5.349609,4.1,4.0
1671706436.603000,45.305022,6.519429,2613.234252,220.0,5.412663,3.3,4.0
1671706438.603000,45.304945,6.519338,2614.111355,220.0,5.663513,3.0,4.0
1671706440.586000,45.304867,6.519249,2615.444732,220.0,5.381039,3.1,4.0
1671706442.586000,45.304790,6.519159,2616.422457,219.0,5.492356,3.8,4.0
1671706444.579000,45.304712,6.519068,2616.372983,220.0,5.595724,4.0,4.0
1671706446.594000,45.304635,6.518975,2610.948070,219.0,5.543228,2.9,4.0
1671706448.596000,45.304558,6.518885,2610.655218,220.0,5.492195,2.7,4.0
1671706450.612000,45.304483,6.518794,2611.299891,219.0,5.451434,2.8,4.0
1671706452.603000,45.304409,6.518706,2611.586071,220.0,5.451085,2.8,4.0
1671706454.603000,45.304333,6.518614,2611.913182,220.0,5.502270,3.6,4.0
1671706456.602000,45.304258,6.518524,2612.328273,219.0,5.433040,2.5,4.0
1671706458.610000,45.304185,6.518434,2616.640954,220.0,5.439118,2.7,4.4
1671706460.594000,45.304109,6.518342,2618.822296,219.0,5.515512,4.2,4.7
1671706462.601000,45.304034,6.518251,2619.539906,220.0,5.480388,4.1,4.4
1671706464.599000,45.303957,6.518163,2618.050283,219.0,5.479461,3.3,4.3
1671706466.599000,45.303882,6.518074,2619.901536,220.0,5.450982,3.2,4.0
1671706468.584000,45.303806,6.517985,2620.160008,219.0,5.460841,3.1,4.0
1671706470.589000,45.303732,6.517895,2621.910376,220.0,5.461223,4.0,4.0
1671706472.580000,45.303657,6.517806,2622.980330,219.0,5.424891,4.0,4.0
1671706474.608000,45.303583,6.517718,2618.534710,220.0,5.409811,2.9,4.0
1671706476.579000,45.303507,6.517629,2619.433143,219.0,5.554789,2.7,4.0
1671706478.590000,45.303430,6.517539,2620.317555,220.0,5.477480,2.8,4.0
1671706480.592000,45.303355,6.517451,2621.550748,219.0,5.415318,2.8,4.0
1671706482.588000,45.303280,6.517365,2623.036967,219.0,5.451032,3.7,4.0
1671706484.587000,45.303205,6.517276,2624.030677,219.0,5.458816,2.5,4.0
1671706486.593000,45.303130,6.517188,2629.428453,220.0,5.443861,2.6,4.0
1671706488.577000,45.303055,6.517100,2631.281137,219.0,5.381839,2.7,4.0
1671706490.616000,45.302979,6.517013,2634.070168,219.0,5.353515,4.1,4.0
1671706492.592000,45.302903,6.516924,2633.487151,219.0,5.545509,3.0,4.0
1671706494.593000,45.302826,6.516834,2636.050867,220.0,5.464147,3.1,4.0
1671706496.580000,45.302752,6.516745,2637.013514,219.0,5.414409,3.1,4.0
1671706498.584000,45.302676,6.516656,2639.078987,220.0,5.479198,3.8,4.0
1671706500.593000,45.302601,6.516566,2640.790601,219.0,5.460541,4.0,4.0
1671706502.591000,45.302525,6.516478,2636.884614,220.0,5.407974,2.9,4.0
1671706504.598000,45.302450,6.516390,2637.774629,219.0,5.371419,2.9,4.0
1671706506.601000,45.302376,6.516303,2640.163313,220.0,5.384423,2.7,4.0
1671706508.622000,45.302300,6.516212,2641.628509,219.0,5.521579,2.8,4.0
1671706510.622000,45.302225,6.516122,2643.545926,220.0,5.441345,3.6,4.0
1671706512.578000,45.302152,6.516035,2645.568651,220.0,5.312920,2.5,4.0
1671706514.583000,45.302077,6.515945,2651.205596,220.0,5.509270,2.6,4.0
1671706516.596000,45.302002,6.515856,2652.449703,220.0,5.458737,2.7,4.0
1671706518.587000,45.301928,6.515766,2655.846224,219.0,5.412130,4.2,4.0
1671706520.600000,45.301854,6.515678,2656.187007,220.0,5.310729,3.0,4.0
1671706522.601000,45.301781,6.515591,2659.941886,219.0,5.367505,3.1,4.0
1671706524.592000,45.301706,6.515502,2660.825198,219.0,5.446215,3.1,4.0
1671706526.590000,45.301630,6.515412,2664.643143,220.0,5.546864,3.8,4.0
1671706528.599000,45.301555,6.515322,2666.199582,220.0,5.357902,4.0,4.0
1671706530.581000,45.301482,6.515234,2662.002245,220.0,5.451577,2.9,4.7
1671706532.600000,45.301408,6.515142,2663.028563,220.0,5.508483,2.9,5.6
1671706534.603000,45.301332,6.515052,2664.585333,220.0,5.452331,2.7,5.3
1671706536.601000,45.301259,6.514962,2666.173913,220.0,5.388864,2.5,4.8
1671706538.586000,45.301185,6.514873,2667.632027,220.0,5.229138,2.5,5.0
1671706540.592000,45.301111,6.514785,2669.630079,220.0,5.491394,2.5,6.0
1671706542.584000,45.301032,6.514690,2676.562867,220.0,5.486078,4.2,6.3
1671706544.608000,45.300958,6.514597,2676.816212,219.0,5.336478,2.7,5.6
1671706546.598000,45.300883,6.514509,2679.788424,220.0,5.448141,4.2,4.7
1671706548.588000,45.300806,6.514420,2679.335748,219.0,5.443059,3.0,4.7
1671706550.608000,45.300730,6.514326,2683.119277,220.0,5.399164,3.1,5.2
1671706552.612000,45.300659,6.514231,2683.201056,220.0,5.360442,3.0,5.6
1671706554.618000,45.300590,6.514143,2687.221580,220.0,5.335742,3.9,5.2
1671706556.586000,45.300517,6.514053,2689.674875,220.0,5.574926,4.1,4.7
1671706558.583000,45.300444,6.513970,2686.692752,220.0,5.392620,2.9,4.0
1671706560.587000,45.300373,6.513888,2688.524605,219.0,5.048736,2.9,4.0
1671706563.588000,45.300273,6.513768,2695.144399,219.0,5.095274,2.8,4.0
1671706566.586000,45.300169,6.513645,2701.785554,220.0,5.114057,2.5,4.0
1671706568.592000,45.300099,6.513558,2706.704506,220.0,5.280606,2.5,4.0
1671706570.581000,45.300027,6.513470,2716.658154,220.0,4.944345,4.2,4.0
1671706572.590000,45.299958,6.513384,2719.987039,220.0,5.060585,2.6,4.0
1671706574.598000,45.299889,6.513299,2726.601768,219.0,5.032308,4.2,4.0
1671706576.601000,45.299818,6.513217,2729.225535,216.0,5.307812,3.0,4.0
1671706579.586000,45.299715,6.513094,2736.317191,219.0,4.978055,3.0,4.3
1671706582.597000,45.299613,6.512969,2746.049665,220.0,5.083429,3.9,5.6
1671706585.579000,45.299516,6.512849,2753.323449,218.0,4.741874,4.1,4.8
1671706588.590000,45.299419,6.512728,2755.182051,219.0,4.898468,2.9,4.4
1671706590.593000,45.299343,6.512634,2760.805458,219.0,4.891531,2.7,4.3
1671706593.592000,45.299252,6.512524,2769.151037,220.0,4.836125,2.8,4.7
1671706595.612000,45.299183,6.512440,2774.361553,220.0,4.946824,3.4,6.7
1671706598.597000,45.299081,6.512324,2785.463192,220.0,4.786628,2.6,6.0
1671706600.611000,45.298999,6.512230,2791.682576,219.0,4.813468,2.6,4.6
1671706603.598000,45.298912,6.512130,2801.547037,220.0,4.815932,4.1,5.3
1671706605.614000,45.298829,6.512038,2806.681411,219.0,4.825500,4.3,5.0
1671706608.585000,45.298737,6.511930,2813.428709,219.0,4.840152,3.1,4.6
1671706610.607000,45.298658,6.511836,2821.188035,221.0,4.822540,3.9,5.1
1671706613.584000,45.298563,6.511724,2828.760720,220.1,5.065187,4.2,4.9
1671706616.589000,45.298458,6.511604,2828.814285,219.0,5.260465,2.8,4.0
1671706619.601000,45.298363,6.511484,2834.633823,219.0,5.211523,2.8,4.0
1671706621.586000,45.298291,6.511396,2838.610515,219.0,5.155272,2.8,4.0
1671706623.587000,45.298219,6.511310,2842.389330,220.0,5.168538,3.5,4.3
1671706625.582000,45.298147,6.511226,2847.472777,220.0,5.111480,2.5,5.0
1671706628.593000,45.298041,6.511107,2857.231274,220.0,5.390287,2.6,6.0
1671706630.581000,45.297962,6.511018,2862.814470,220.0,5.297778,4.2,6.0
1671706632.585000,45.297889,6.510934,2862.994164,219.0,5.411905,3.1,6.0
1671706634.584000,45.297816,6.510853,2867.391590,220.0,5.269686,4.4,6.0
1671706636.594000,45.297744,6.510766,2869.535107,219.0,5.374214,3.0,6.0
1671706638.596000,45.297674,6.510681,2872.908940,219.0,5.338683,3.9,6.0
1671706640.582000,45.297600,6.510593,2875.719981,219.0,5.302398,4.2,5.3
1671706642.600000,45.297524,6.510503,2872.477238,219.0,5.316221,2.9,4.4
1671706644.599000,45.297449,6.510410,2875.774494,219.0,5.290205,2.8,4.0
1671706646.595000,45.297374,6.510322,2879.405760,220.0,5.548088,2.7,4.0
1671706648.608000,45.297298,6.510228,2880.704835,219.0,5.372672,2.5,4.0
1671706650.618000,45.297223,6.510135,2881.354691,220.0,5.450487,2.5,4.0
1671706652.602000,45.297149,6.510041,2882.353694,219.0,5.482612,2.5,4.0
1671706654.599000,45.297075,6.509947,2889.417338,220.0,5.479538,4.3,4.0
1671706656.602000,45.297002,6.509854,2888.888260,220.0,5.492872,2.6,4.0
1671706658.606000,45.296928,6.509764,2891.586443,219.0,5.225287,4.3,4.4
1671706660.600000,45.296855,6.509677,2890.346493,219.1,5.490763,3.0,5.2
1671706662.591000,45.296780,6.509596,2891.924351,216.8,5.104258,4.4,6.3
1671706682.617000,45.296734,6.509544,2891.833483,-1.0,0.000000,4.3,6.9
1671706682.617000,45.296734,6.509544,2891.833483,-1.0,0.000000,4.3,6.9
1671706715.572000,45.296713,6.509504,2891.986823,-1.0,0.000000,4.3,6.0
1671706732.570000,45.296650,6.509394,2886.601209,197.4,1.013496,2.8,7.1
1671706789.633000,45.296782,6.509236,2894.596052,327.7,0.879053,2.5,128.9
1671706794.654000,45.296862,6.509164,2896.255850,327.7,1.123171,2.6,87.6
1671706805.273000,45.296944,6.509089,2901.234912,327.4,0.981982,4.5,119.2
1671706883.604000,45.296915,6.509224,2896.264379,-1.0,0.000140,2.6,21.4
1671706890.613000,45.296911,6.509368,2896.440996,-1.0,0.000110,2.6,7.5
1671706904.605000,45.297024,6.509384,2888.448604,27.4,2.726294,2.5,5.9
1671706908.616000,45.297099,6.509494,2888.353520,30.4,2.849779,2.6,6.2
1671706911.605000,45.297201,6.509499,2883.645546,7.3,2.984233,2.9,7.6
1671706914.581000,45.297270,6.509592,2878.350081,66.9,3.659825,2.7,8.0
1671706917.595000,45.297304,6.509723,2876.148870,54.8,2.167633,2.7,7.7
1671706921.596000,45.297417,6.509780,2869.636529,41.8,5.711338,2.7,6.6
1671706923.614000,45.297507,6.509856,2865.261875,13.4,5.118841,2.7,7.7
1671706926.590000,45.297596,6.509907,2861.036703,27.2,4.435858,2.8,12.7
1671706928.373000,45.297678,6.509977,2858.211661,37.1,4.776643,2.8,13.5
1671706931.372000,45.297806,6.510040,2855.186685,23.4,3.749862,2.8,13.7
1671706933.595000,45.297893,6.510102,2852.012898,11.0,5.520273,2.9,13.3
1671706935.613000,45.298011,6.510088,2849.439668,328.6,6.406376,3.1,11.7
1671706937.598000,45.298114,6.509954,2845.558682,293.7,7.462290,2.9,10.1
1671706939.586000,45.298178,6.509756,2842.532580,285.6,6.762144,2.9,8.0
1671706941.613000,45.298212,6.509544,2841.320748,282.0,7.306345,2.9,8.0
1671706943.591000,45.298241,6.509336,2840.340675,282.9,8.226366,2.9,8.0
1671706945.590000,45.298278,6.509106,2837.115993,284.2,9.456620,3.0,8.0
1671706946.596000,45.298300,6.508976,2835.712990,291.4,8.981445,3.0,8.0
1671706948.587000,45.298355,6.508734,2833.209619,290.0,9.600089,3.0,8.0
1671706949.589000,45.298383,6.508606,2830.983455,290.0,9.453784,3.0,8.0
1671706950.598000,45.298413,6.508482,2829.096323,292.8,9.494993,3.0,8.0
1671706951.593000,45.298446,6.508359,2828.038709,292.0,10.027206,3.0,8.0
1671706952.583000,45.298478,6.508227,2827.074273,291.1,10.262662,3.0,8.0
1671706953.589000,45.298508,6.508091,2825.444572,287.3,10.728010,3.0,8.0
1671706954.609000,45.298528,6.507950,2823.355742,285.2,10.566242,3.0,7.6
1671706955.593000,45.298554,6.507814,2821.332241,287.6,11.071631,3.0,7.3
1671706956.608000,45.298584,6.507674,2817.737352,296.1,10.778811,3.0,6.8
1671706957.607000,45.298628,6.507549,2814.099854,296.9,10.961149,3.1,6.4
1671706958.629000,45.298678,6.507427,2811.233249,301.5,10.846682,3.1,6.0
1671706959.605000,45.298733,6.507309,2809.845089,302.8,11.503472,3.1,6.0
1671706960.593000,45.298794,6.507190,2806.972397,307.6,11.306270,3.2,6.0
1671706961.603000,45.298858,6.507078,2801.904661,306.2,10.452297,3.4,6.0
1671706963.628000,45.298928,6.506906,2800.282615,304.1,7.247879,3.2,6.0
1671706965.602000,45.299009,6.506762,2799.088066,315.9,7.054577,3.2,6.0
1671706967.612000,45.299117,6.506645,2796.848390,335.9,8.369589,3.2,6.8
1671706969.604000,45.299246,6.506571,2791.177387,331.2,5.850111,3.2,7.3
1671706971.617000,45.299345,6.506553,2787.483029,359.3,6.061666,3.2,8.0
1671706973.613000,45.299466,6.506534,2784.309305,342.7,7.709353,3.2,8.0
1671706975.612000,45.299632,6.506448,2778.875818,338.1,10.119651,3.2,8.0
1671706976.597000,45.299723,6.506394,2777.068014,338.9,10.478317,3.2,8.0
1671706977.589000,45.299821,6.506330,2774.027441,329.4,11.706057,3.3,8.0
1671706978.588000,45.299926,6.506244,2771.046442,331.8,11.850471,3.3,8.0
1671706979.597000,45.300036,6.506163,2770.318162,334.9,12.297663,3.3,8.0
1671706980.591000,45.300146,6.506094,2767.296471,340.1,12.336165,3.3,8.0
1671706981.595000,45.300260,6.506043,2763.313073,349.8,12.992642,3.3,8.0
1671706982.582000,45.300379,6.506015,2759.628073,359.7,13.771815,3.3,8.7
1671706983.584000,45.300508,6.506017,2755.930698,5.8,13.804210,3.3,9.3
1671706984.601000,45.300636,6.506040,2751.854832,10.0,14.245658,3.4,10.4
1671706985.620000,45.300773,6.506076,2748.627402,12.0,15.098643,3.5,11.2
1671706986.617000,45.300913,6.506125,2745.191753,14.0,14.335257,3.5,11.2
1671706987.616000,45.301040,6.506174,2742.005948,14.0,13.787355,3.4,10.4
1671706988.617000,45.301162,6.506221,2738.960872,13.0,13.246609,3.4,9.6
1671706989.620000,45.301278,6.506261,2737.024427,12.0,12.326836,3.4,8.8
1671706990.609000,45.301382,6.506294,2734.915491,11.3,11.587592,2.5,8.7
1671706991.620000,45.301481,6.506319,2734.109437,8.0,11.012202,2.5,8.0
1671706992.606000,45.301573,6.506335,2732.717848,4.1,10.270236,2.5,8.0
1671706993.623000,45.301663,6.506336,2731.599723,360.0,9.820821,2.5,7.6
1671706995.597000,45.301837,6.506320,2729.765316,354.0,9.344961,2.5,7.0
1671706997.612000,45.302008,6.506289,2728.301978,352.0,9.207037,2.5,6.0
1671706999.607000,45.302180,6.506253,2725.353774,349.0,9.647101,2.5,6.0
1671707001.595000,45.302358,6.506198,2720.221936,339.0,11.022473,2.5,6.4
1671707002.610000,45.302458,6.506147,2718.670539,340.0,11.421332,2.5,6.7
1671707003.602000,45.302557,6.506097,2716.956438,342.0,11.223944,2.5,7.0
1671707004.599000,45.302656,6.506053,2717.191666,344.0,11.468175,2.5,7.3
1671707005.589000,45.302756,6.506012,2714.255680,344.0,11.433021,2.5,7.7
1671707006.614000,45.302858,6.505969,2711.882591,344.0,11.601690,2.5,8.0
1671707007.588000,45.302957,6.505926,2710.469625,343.2,11.490996,2.5,8.0
1671707008.576000,45.303059,6.505881,2707.733372,343.0,11.691150,2.5,8.0
1671707009.609000,45.303168,6.505822,2705.328759,338.0,12.598016,2.5,7.6
1671707010.620000,45.303271,6.505766,2695.979291,341.0,11.946664,2.5,7.2
1671707011.602000,45.303371,6.505716,2693.885092,341.0,11.516834,2.5,7.0
1671707012.622000,45.303473,6.505662,2697.355342,341.0,11.371307,2.5,6.4
1671707013.621000,45.303572,6.505612,2688.455631,343.0,10.962962,2.5,6.4
1671707014.624000,45.303669,6.505572,2691.415831,344.0,11.088967,2.5,6.8
1671707015.618000,45.303764,6.505537,2691.152102,345.9,10.147536,2.5,7.0
1671707017.588000,45.303931,6.505476,2690.177493,347.0,8.752772,2.5,7.3
1671707019.596000,45.304074,6.505431,2689.353157,349.9,7.250599,2.5,7.0
1671707021.589000,45.304190,6.505410,2688.820901,355.0,5.963202,2.5,6.3
1671707023.619000,45.304286,6.505402,2674.391051,355.0,4.973217,2.5,6.0
1671707026.608000,45.304395,6.505391,2673.883898,357.0,4.486547,2.5,6.0
1671707029.609000,45.304504,6.505372,2684.034799,356.0,4.071632,2.5,6.0
1671707032.588000,45.304616,6.505362,2682.546810,359.0,3.862773,2.5,6.0
1671707035.218000,45.304713,6.505358,2671.026279,358.1,4.025210,2.5,7.5
1671707038.697000,45.304844,6.505349,2670.769997,354.6,4.272636,2.5,9.6
1671707041.578000,45.304973,6.505328,2669.581504,353.2,4.701207,2.5,9.9
1671707044.498000,45.305084,6.505305,2669.735825,1.0,4.291023,2.5,7.9
1671707047.498000,45.305210,6.505277,2665.276003,348.1,4.810125,2.5,7.1
1671707049.618000,45.305307,6.505264,2661.178352,356.0,5.242929,2.5,6.1
1671707051.617000,45.305398,6.505258,2677.298946,354.0,5.201899,2.5,4.7
1671707053.607000,45.305493,6.505247,2662.020799,354.0,5.273763,2.5,4.3
1671707055.605000,45.305590,6.505235,2664.525608,354.0,5.532076,2.5,4.3
1671707057.595000,45.305693,6.505217,2655.557738,354.0,5.720667,2.5,4.7
1671707059.604000,45.305797,6.505197,2654.236824,353.0,5.176661,2.5,5.2
1671707062.617000,45.305913,6.505180,2653.390301,354.0,4.633376,2.5,6.0
1671707064.608000,45.306006,6.505162,2661.470387,346.0,3.843197,2.5,6.0
1671707067.877000,45.306094,6.505137,2661.532819,342.6,3.380773,2.5,7.6
1671707070.278000,45.306173,6.505071,2650.488306,335.0,3.448213,2.5,9.5
1671707073.241000,45.306254,6.505013,2646.702201,328.5,3.325874,2.5,10.2
1671707076.156000,45.306345,6.504941,2647.029145,335.3,3.464568,2.5,10.5
1671707080.115000,45.306431,6.504870,2646.908623,327.8,2.166822,2.5,10.5
1671707083.716000,45.306517,6.504807,2649.395172,330.2,2.918327,2.5,9.0
1671707087.315000,45.306594,6.504731,2649.097279,327.5,2.289575,2.6,8.1
1671707092.635000,45.306672,6.504664,2649.670897,328.4,2.171849,2.7,10.1
1671707096.595000,45.306750,6.504581,2649.339838,324.8,2.609361,2.5,8.2
1671707101.638000,45.306849,6.504510,2654.932442,320.5,2.471473,2.5,9.7
1671707106.276000,45.306942,6.504443,2648.029119,327.7,2.009420,2.5,10.2
1671707110.475000,45.307019,6.504363,2648.296711,329.2,2.430100,2.5,8.4
1671707115.551000,45.307095,6.504287,2667.527109,329.8,1.925337,2.5,6.8
1671707125.356000,45.307168,6.504212,2659.221916,320.6,1.774707,2.5,4.9
1671707130.675000,45.307250,6.504138,2646.848039,329.7,1.628312,2.5,7.0
1671707135.835000,45.307358,6.504103,2645.797760,341.8,2.943284,2.5,7.8
1671707138.595000,45.307450,6.504029,2641.440958,331.8,4.127825,2.5,7.6
1671707141.416000,45.307557,6.504027,2637.165616,0.1,4.098605,2.5,8.0
1671707144.598000,45.307696,6.504049,2634.295287,5.5,5.206419,2.5,9.8
1671707146.599000,45.307789,6.504076,2626.606758,10.1,4.924762,2.5,10.3
1671707149.597000,45.307905,6.504167,2620.542251,39.9,5.574047,2.5,10.8
1671707151.589000,45.307988,6.504277,2614.997688,51.5,6.520633,2.5,10.8
1671707153.613000,45.308078,6.504480,2610.363200,57.1,9.351945,2.5,8.0
1671707154.608000,45.308120,6.504613,2605.904031,68.1,11.064264,2.5,8.0
1671707155.608000,45.308132,6.504754,2603.657615,81.7,10.492142,2.5,8.0
1671707156.592000,45.308132,6.504891,2602.491877,86.9,9.244197,2.5,8.0
1671707158.592000,45.308103,6.505115,2602.047432,97.1,6.851130,2.5,8.0
1671707160.595000,45.308080,6.505302,2600.137171,95.0,6.398992,2.5,7.3
1671707162.600000,45.308052,6.505462,2599.562788,105.0,6.093918,2.5,6.4
1671707164.590000,45.308016,6.505605,2598.587440,102.2,6.490077,2.5,5.7
1671707166.591000,45.308003,6.505778,2596.107215,93.2,7.841834,2.5,5.6
1671707168.590000,45.308002,6.505995,2592.987159,88.6,9.585867,2.5,5.7
1671707169.607000,45.308004,6.506130,2590.328002,91.0,9.445295,2.5,6.0
1671707171.593000,45.307972,6.506353,2591.139826,110.0,7.755432,2.7,6.0
1671707173.598000,45.307921,6.506550,2584.900898,111.5,8.968528,2.5,6.0
1671707174.603000,45.307882,6.506666,2582.322389,113.9,10.855169,2.5,6.0
1671707175.593000,45.307840,6.506796,2579.410161,112.0,11.519268,2.5,6.0
1671707176.590000,45.307797,6.506936,2574.800427,118.8,10.879000,2.5,6.3
1671707177.596000,45.307744,6.507063,2573.618252,120.0,10.140345,2.5,6.8
1671707178.603000,45.307693,6.507184,2572.899083,108.3,10.660212,2.5,7.2
1671707179.605000,45.307660,6.507315,2570.940771,116.0,10.261018,2.5,7.6
1671707180.594000,45.307607,6.507427,2568.304173,127.0,9.963778,2.5,7.6
1671707181.596000,45.307548,6.507526,2566.373194,124.2,10.149610,2.4,7.2
1671707182.587000,45.307487,6.507640,2564.136307,127.0,11.019673,2.4,7.0
1671707183.592000,45.307422,6.507758,2563.429616,127.9,10.642375,2.4,6.7
1671707184.602000,45.307358,6.507880,2558.348727,123.1,11.765686,2.4,6.3
1671707185.594000,45.307302,6.508010,2553.817840,123.2,10.911676,2.4,6.0
1671707186.588000,45.307254,6.508125,2553.188526,111.5,10.229401,2.4,6.0
1671707187.589000,45.307224,6.508250,2550.910410,109.5,9.902869,2.4,6.0
1671707189.596000,45.307157,6.508469,2548.305724,117.5,8.724189,2.4,6.7
1671707191.577000,45.307125,6.508659,2546.688406,98.7,7.896851,2.4,7.3
1671707193.581000,45.307134,6.508828,2540.139087,83.9,6.811992,2.4,8.0
1671707196.582000,45.307223,6.508913,2539.555735,30.5,5.387373,2.7,8.6
1671707198.587000,45.307352,6.509016,2534.747202,61.1,7.928358,2.6,9.1
1671707200.582000,45.307445,6.509159,2524.036740,10.8,6.306991,2.5,9.0
1671707202.605000,45.307549,6.509190,2516.490202,21.0,5.186722,2.4,8.0
1671707204.584000,45.307650,6.509201,2512.182458,14.9,4.718574,2.4,8.0
1671707207.597000,45.307780,6.509278,2504.476926,55.4,6.414164,2.4,9.7
1671707209.593000,45.307878,6.509404,2497.011795,359.3,6.361150,2.4,11.3
1671707211.600000,45.308013,6.509417,2490.992885,13.0,6.338562,2.4,12.0
1671707213.595000,45.308141,6.509530,2485.845365,7.3,7.691178,2.4,12.0
1671707215.593000,45.308280,6.509537,2479.650855,359.4,5.502687,2.4,12.0
1671707217.593000,45.308382,6.509560,2477.560137,13.8,5.885755,2.4,11.3
1671707219.590000,45.308490,6.509580,2472.562125,8.1,5.837864,2.4,10.7
1671707221.590000,45.308624,6.509618,2467.333805,13.9,6.347252,2.5,10.0
1671707223.596000,45.308733,6.509616,2466.608948,22.8,5.638710,2.7,9.6
1671707226.595000,45.308851,6.509710,2456.784704,29.5,4.908242,2.5,8.0
1671707229.598000,45.308973,6.509824,2446.352598,23.8,6.019096,2.4,8.0
1671707231.596000,45.309092,6.509863,2441.369500,32.6,6.505381,2.4,8.0
1671707233.590000,45.309169,6.509962,2434.694964,89.7,4.379079,2.4,8.0
1671707236.590000,45.309189,6.510096,2426.751325,57.8,5.092043,2.4,8.0
1671707239.596000,45.309230,6.510242,2415.990607,95.6,4.460612,2.4,9.6
1671707241.596000,45.309239,6.510378,2410.854441,67.6,7.130749,2.4,11.5
1671707243.615000,45.309271,6.510552,2406.023213,116.8,6.259706,2.4,12.6
1671707245.593000,45.309213,6.510656,2402.022182,191.4,3.963680,2.4,14.0
1671707248.960000,45.309186,6.510813,2401.090623,80.2,5.025733,2.5,18.0
1671707252.502000,45.309188,6.510985,2395.420741,123.4,3.541276,2.5,20.4
1671707258.503000,45.309197,6.511125,2392.538513,30.9,1.003639,2.4,22.3
1671707260.302000,45.309237,6.511240,2390.128021,25.4,4.674697,2.4,15.5
1671707261.960000,45.309258,6.511404,2388.152824,57.2,4.606018,2.4,12.5
1671707263.662000,45.309282,6.511528,2382.867991,59.8,4.790509,2.4,13.0
1671707265.382000,45.309316,6.511662,2377.304800,104.1,4.254374,2.4,13.6
1671707270.104000,45.309304,6.511808,2369.986779,105.8,2.714100,2.4,13.7
1671707272.586000,45.309314,6.511945,2365.167564,59.2,5.564974,2.4,13.6
1671707274.592000,45.309389,6.512092,2358.254407,42.9,6.490296,2.4,12.3
1671707276.596000,45.309461,6.512217,2355.435650,53.8,5.258285,2.5,9.6
1671707279.313000,45.309480,6.512344,2351.278042,76.1,5.271722,2.6,10.8
1671707280.584000,45.309501,6.512515,2344.021668,51.1,5.747148,2.5,10.5
1671707282.592000,45.309594,6.512706,2338.209449,52.8,9.650425,2.5,10.3
1671707283.586000,45.309652,6.512822,2333.337017,34.4,9.895149,2.5,10.0
1671707284.600000,45.309724,6.512906,2331.619979,38.6,10.074497,2.5,8.0
1671707285.585000,45.309790,6.513005,2330.822601,49.3,10.198508,2.4,8.0
1671707286.597000,45.309854,6.513112,2327.592783,48.4,10.302073,2.4,8.0
1671707287.587000,45.309913,6.513212,2325.766274,47.3,10.332727,2.4,8.0
1671707289.606000,45.310006,6.513373,2321.165425,53.7,6.601677,2.4,8.0
1671707291.134000,45.310052,6.513485,2319.816772,57.9,5.667537,2.4,9.9
1671707295.596000,45.310160,6.513598,2316.609736,36.9,6.220494,2.4,12.8
1671707297.598000,45.310274,6.513694,2314.546326,35.4,7.279226,2.4,11.7
1671707299.586000,45.310404,6.513769,2312.173582,24.6,7.364005,2.4,9.6
1671707301.598000,45.310522,6.513832,2312.040935,17.2,6.370221,2.4,8.8
1671707303.602000,45.310633,6.513827,2313.405891,349.5,6.290313,2.6,8.0
1671707305.590000,45.310755,6.513829,2312.708059,9.7,6.909247,2.5,7.7
1671707307.597000,45.310854,6.513940,2305.413741,35.4,6.943404,2.5,6.8
1671707309.597000,45.310962,6.514042,2302.001733,24.9,7.526087,2.5,6.4
1671707311.590000,45.311080,6.514151,2297.365170,34.2,7.610668,2.5,7.0
1671707313.592000,45.311198,6.514231,2294.926449,32.6,6.525943,2.4,7.7
1671707315.605000,45.311295,6.514315,2292.313798,26.7,6.059919,2.4,8.0
1671707317.590000,45.311397,6.514375,2289.092638,32.6,5.909993,2.4,8.0
1671707319.592000,45.311482,6.514460,2287.105866,27.3,6.073307,2.4,8.0
1671707321.598000,45.311595,6.514526,2281.743613,25.6,7.856199,2.4,8.0
1671707323.602000,45.311711,6.514624,2275.261549,43.9,5.797033,2.4,8.0
1671707325.598000,45.311792,6.514705,2274.506226,20.8,5.668720,2.4,8.0
1671707327.601000,45.311911,6.514727,2270.727850,33.4,5.091595,2.4,8.0
1671707329.595000,45.312003,6.514811,2266.680770,33.1,6.044825,2.5,8.0
1671707331.589000,45.312104,6.514877,2262.133429,38.8,6.387517,2.5,8.0
1671707333.603000,45.312180,6.514969,2257.467936,37.5,5.941411,2.5,8.0
1671707335.587000,45.312274,6.515010,2252.884603,20.9,4.200564,2.5,8.0
1671707338.598000,45.312395,6.515052,2247.934927,19.5,4.177016,2.4,8.0
1671707341.579000,45.312512,6.515085,2241.873170,18.9,4.111289,2.4,8.0
1671707344.598000,45.312612,6.515121,2235.280589,46.5,5.698658,2.4,10.0
1671707346.596000,45.312678,6.515247,2229.480750,67.9,5.971451,2.4,11.6
1671707348.583000,45.312729,6.515370,2225.161333,46.3,4.761027,2.4,13.0
1671707351.590000,45.312856,6.515442,2215.119441,40.9,6.744447,2.4,13.4
1671707353.586000,45.312969,6.515598,2209.784552,40.5,9.375256,2.4,12.1
1671707355.592000,45.313093,6.515756,2204.169829,50.0,9.405425,2.5,11.2
1671707357.584000,45.313219,6.515920,2197.027384,27.0,10.970007,2.5,14.7
1671707358.595000,45.313309,6.515994,2195.114654,42.4,10.516390,2.5,16.0
1671707359.592000,45.313377,6.516088,2191.636717,50.0,10.642696,2.5,21.3
1671707360.597000,45.313439,6.516195,2188.990051,48.6,10.571835,2.5,26.4
1671707361.574000,45.313511,6.516288,2185.704153,27.8,10.827713,2.5,26.0
1671707362.587000,45.313613,6.516356,2182.552073,23.1,12.154467,2.5,26.4
1671707363.573000,45.313714,6.516419,2183.276726,41.9,11.609756,2.5,26.0
1671707364.587000,45.313795,6.516526,2181.697480,40.1,12.006143,2.4,26.7
1671707365.589000,45.313884,6.516624,2178.237535,18.4,12.026624,2.4,21.3
1671707366.584000,45.313994,6.516676,2176.439239,20.9,13.022745,2.4,17.6
1671707367.587000,45.314114,6.516736,2173.581727,17.0,13.665751,2.4,17.3
1671707368.581000,45.314246,6.516779,2170.729941,10.2,13.285670,2.4,15.2
1671707369.588000,45.314377,6.516804,2167.222866,7.1,14.107767,2.4,14.4
1671707370.589000,45.314514,6.516826,2164.889270,15.7,13.175604,2.4,13.6
1671707371.584000,45.314639,6.516873,2160.962357,23.0,12.254437,2.4,13.3
1671707372.580000,45.314748,6.516924,2160.193161,6.1,10.950959,2.4,12.7
1671707373.586000,45.314854,6.516934,2157.741256,5.0,9.955921,2.4,12.0
1671707374.588000,45.314948,6.516945,2158.050045,10.5,8.658065,2.4,12.0
1671707376.580000,45.315102,6.516999,2155.377643,14.2,7.521575,2.4,12.0
1671707378.601000,45.315244,6.517022,2155.684771,13.0,6.522616,2.4,11.2
1671707380.585000,45.315380,6.517026,2154.393420,10.9,7.832958,2.5,10.0
1671707382.589000,45.315528,6.517067,2151.401563,16.0,8.272207,2.5,8.0
1671707384.597000,45.315681,6.517124,2146.010110,14.0,8.979015,2.5,8.0
1671707386.604000,45.315850,6.517182,2142.675851,24.8,8.027231,2.5,8.8
1671707388.610000,45.315982,6.517272,2138.361156,25.1,8.176087,2.5,8.8
1671707390.592000,45.316119,6.517367,2136.599533,26.0,8.865212,2.5,8.7
1671707392.590000,45.316244,6.517489,2133.132742,37.7,7.792516,2.4,8.0
1671707394.584000,45.316352,6.517600,2129.029844,25.3,8.569502,2.4,8.0
1671707396.604000,45.316476,6.517701,2123.521649,31.0,8.020908,2.4,8.8
1671707398.598000,45.316597,6.517805,2122.954389,35.1,7.750045,2.4,8.8
1671707400.597000,45.316710,6.517921,2117.316224,32.0,7.659758,2.4,8.0
1671707402.592000,45.316819,6.518046,2113.978627,20.3,7.643775,2.4,8.0
1671707404.596000,45.316950,6.518130,2111.068403,32.1,7.078206,2.4,8.0
1671707406.619000,45.317068,6.518227,2108.433229,27.0,7.531606,2.4,8.0
1671707408.589000,45.317200,6.518320,2104.824266,31.0,7.943605,2.5,8.0
1671707410.594000,45.317330,6.518433,2100.515827,18.4,7.541867,2.5,8.0
1671707412.588000,45.317467,6.518487,2096.341109,25.2,8.821802,2.5,8.0
1671707414.591000,45.317608,6.518616,2089.934748,33.4,9.840575,2.5,8.0
1671707416.591000,45.317780,6.518686,2086.423467,14.2,10.074305,2.5,8.0
1671707417.593000,45.317866,6.518738,2082.697584,19.0,11.071567,2.4,8.0
1671707418.592000,45.317962,6.518786,2080.728725,15.4,11.478416,2.4,8.0
1671707419.599000,45.318066,6.518831,2077.306426,13.0,12.376446,2.4,8.0
1671707420.599000,45.318181,6.518867,2074.251356,12.0,12.532568,2.4,8.0
1671707421.596000,45.318296,6.518903,2073.173770,12.0,12.272948,2.4,8.0
1671707422.590000,45.318408,6.518940,2072.661660,22.9,11.796845,2.4,8.0
1671707423.593000,45.318515,6.519002,2068.843512,25.0,11.797653,2.4,8.0
1671707424.602000,45.318617,6.519068,2067.770561,26.0,11.131356,2.4,8.0
1671707425.604000,45.318709,6.519126,2065.792514,25.0,9.842255,2.4,8.0
1671707427.593000,45.318880,6.519204,2065.013215,20.0,9.435200,2.4,8.0
1671707429.600000,45.319041,6.519272,2063.506229,20.0,8.862203,2.4,7.3
1671707431.598000,45.319198,6.519347,2061.464108,20.0,8.360961,2.4,6.4
1671707433.596000,45.319336,6.519412,2060.581446,20.0,7.688172,2.5,6.0
1671707435.595000,45.319470,6.519482,2060.227033,22.0,7.962138,2.5,6.0
1671707437.584000,45.319601,6.519561,2057.950076,22.0,8.223292,2.5,6.0
1671707439.588000,45.319740,6.519652,2055.034160,24.0,8.651180,2.5,6.0
1671707441.592000,45.319874,6.519757,2052.096282,28.0,8.149932,2.5,6.0
1671707443.616000,45.320002,6.519857,2051.213264,28.0,8.121730,2.5,6.0
1671707445.593000,45.320114,6.519951,2049.786330,30.0,6.600227,2.4,6.0
1671707447.588000,45.320208,6.520029,2048.076922,32.0,5.963317,2.4,6.0
1671707449.593000,45.320303,6.520102,2046.249621,23.1,6.218801,2.4,5.2
1671707451.596000,45.320412,6.520159,2045.511765,24.0,6.465003,2.4,4.8
1671707453.601000,45.320520,6.520223,2043.349891,22.0,7.084102,2.4,5.2
1671707455.600000,45.320655,6.520272,2041.517880,15.0,8.502227,2.4,5.7
1671707457.586000,45.320773,6.520327,2036.604657,16.0,6.401011,2.4,6.0
1671707459.595000,45.320891,6.520354,2034.924578,351.6,8.310407,2.4,6.3
1671707461.591000,45.321056,6.520360,2029.510885,28.6,8.530834,2.5,7.2
1671707463.580000,45.321201,6.520470,2025.248815,27.0,8.979488,2.5,7.7
1671707465.583000,45.321343,6.520587,2021.792539,33.4,8.326704,2.5,8.0
1671707467.587000,45.321474,6.520717,2017.057780,37.6,7.885329,2.5,7.7
1671707469.570000,45.321584,6.520856,2016.332711,41.0,8.020116,2.5,7.0
1671707471.582000,45.321690,6.520961,2012.904300,36.9,5.272534,2.4,6.3
1671707474.594000,45.321777,6.521053,2005.817695,19.2,4.985678,2.4,9.0
1671707477.597000,45.321884,6.521138,1998.545435,18.0,6.162819,2.4,12.8
1671707479.595000,45.322025,6.521231,1993.894207,36.7,6.072069,2.4,14.4
1671707481.617000,45.322168,6.521342,1987.759872,15.1,7.553432,2.4,17.6
1671707483.601000,45.322297,6.521429,1982.443682,49.8,6.226156,2.4,15.2
1671707485.588000,45.322412,6.521541,1979.005384,26.9,7.458928,2.4,14.0
1671707487.598000,45.322541,6.521660,1974.520806,48.8,5.816847,2.5,11.2
1671707489.599000,45.322645,6.521771,1971.079240,28.8,7.004296,2.5,9.6
1671707491.595000,45.322758,6.521879,1963.296664,54.7,6.933123,2.5,8.0
1671707493.596000,45.322831,6.522066,1956.010907,85.9,10.154442,2.5,8.0
1671707494.585000,45.322832,6.522196,1953.656479,101.4,9.747108,2.5,8.0
1671707495.589000,45.322816,6.522329,1951.589751,113.8,10.270918,2.5,8.0
1671707496.592000,45.322777,6.522469,1952.228012,111.2,10.454719,2.5,8.0
1671707497.592000,45.322739,6.522608,1951.258576,113.2,10.552011,2.4,8.0
1671707498.587000,45.322698,6.522747,1951.487742,110.1,10.613576,2.4,8.0
1671707499.598000,45.322662,6.522890,1950.447278,110.8,11.122088,2.4,8.0
1671707500.597000,45.322628,6.523021,1948.825864,112.9,10.299281,2.4,8.0
1671707502.595000,45.322565,6.523249,1946.087752,117.2,9.606546,2.4,9.6
1671707504.601000,45.322480,6.523459,1944.007781,146.7,8.287640,2.4,11.2
1671707506.598000,45.322362,6.523570,1943.498186,155.0,7.497583,2.4,10.4
1671707508.593000,45.322252,6.523628,1942.230282,159.9,6.264412,2.4,9.3
1671707510.591000,45.322153,6.523674,1941.917509,159.8,5.717562,2.4,8.0
1671707512.599000,45.322059,6.523721,1942.396823,160.6,5.234953,2.4,7.6
1671707514.590000,45.321972,6.523768,1942.578083,159.0,5.018267,2.5,7.0
1671707516.593000,45.321887,6.523816,1941.328040,158.0,5.222919,2.5,6.3
1671707518.579000,45.321800,6.523867,1939.921124,155.9,5.400582,2.5,6.0
1671707520.588000,45.321710,6.523928,1938.506474,155.0,5.611537,2.5,6.0
1671707522.583000,45.321617,6.523995,1936.623794,154.1,5.893911,2.5,6.0
1671707524.588000,45.321525,6.524067,1937.011331,149.8,5.960995,2.4,6.0
1671707526.594000,45.321437,6.524157,1934.986901,145.2,6.128544,2.4,6.0
1671707528.597000,45.321347,6.524246,1934.257536,146.7,6.250570,2.4,6.0
1671707530.588000,45.321254,6.524328,1931.742529,147.2,6.207047,2.4,6.0
1671707532.599000,45.321161,6.524433,1930.927698,138.7,6.779397,2.4,6.0
1671707534.589000,45.321071,6.524558,1929.785084,134.9,7.143124,2.4,6.0
1671707536.610000,45.320982,6.524700,1926.453270,128.4,7.184837,2.4,6.0
1671707538.592000,45.320915,6.524885,1926.034714,112.6,8.451507,2.4,6.0
1671707540.583000,45.320886,6.525107,1925.046379,96.2,8.870981,2.5,6.0
1671707542.584000,45.320902,6.525345,1923.620487,82.6,9.167768,2.5,6.0
1671707544.616000,45.320931,6.525570,1920.918192,81.1,8.059247,2.5,6.4
1671707546.577000,45.320950,6.525748,1919.046970,89.9,7.072076,2.5,7.0
1671707548.587000,45.320953,6.525964,1917.180628,90.8,9.841966,2.5,7.7
1671707549.583000,45.320949,6.526105,1915.780917,95.9,10.812614,2.5,8.0
1671707550.586000,45.320936,6.526255,1915.411098,97.9,11.460588,2.5,8.0
1671707551.585000,45.320920,6.526408,1911.680593,99.0,11.755277,2.4,8.0
1671707552.588000,45.320900,6.526563,1910.116133,100.0,12.171106,2.5,7.7
1671707553.586000,45.320879,6.526718,1907.968401,102.0,12.213044,2.4,7.3
1671707554.590000,45.320853,6.526871,1906.999270,104.8,12.353606,2.4,6.8
1671707555.590000,45.320822,6.527023,1905.090901,106.0,12.245053,2.4,6.4
1671707556.594000,45.320790,6.527175,1901.479967,107.9,12.520852,2.4,6.4
1671707557.578000,45.320752,6.527327,1899.135160,111.0,12.602754,2.4,6.7
1671707558.596000,45.320708,6.527480,1898.221003,110.1,12.956094,2.4,7.2
1671707559.575000,45.320665,6.527632,1893.579970,111.0,12.877347,2.4,7.3
1671707560.592000,45.320620,6.527785,1891.067647,112.0,12.411445,2.4,8.0
1671707561.582000,45.320578,6.527933,1890.767403,105.3,11.662683,2.4,8.0
1671707562.599000,45.320549,6.528073,1887.236812,108.9,10.563446,2.4,8.0
1671707563.577000,45.320517,6.528194,1886.984686,119.6,10.019932,2.4,8.0
1671707565.596000,45.320425,6.528399,1886.238185,121.0,10.229815,2.4,8.0
1671707567.581000,45.320334,6.528599,1884.138623,120.0,9.727575,2.5,8.0
1671707569.587000,45.320253,6.528820,1883.408605,116.1,9.646516,2.5,8.0
1671707571.583000,45.320191,6.529002,1880.632024,115.0,8.494922,2.5,8.0
1671707573.583000,45.320121,6.529171,1879.120361,124.7,8.869693,2.5,7.3
1671707575.590000,45.320024,6.529354,1873.929564,124.9,9.686819,2.5,6.7
1671707577.580000,45.319924,6.529555,1872.328323,121.4,8.901320,2.4,6.7
1671707579.582000,45.319840,6.529728,1869.723710,125.9,8.455933,2.4,7.3
1671707581.602000,45.319764,6.529904,1864.858840,114.2,7.377781,2.4,8.0
1671707583.595000,45.319730,6.530090,1862.027620,84.5,7.219029,2.4,8.0
1671707585.591000,45.319773,6.530238,1858.361402,62.5,6.647144,2.4,8.0
1671707587.592000,45.319845,6.530393,1856.205516,58.0,7.794507,2.4,8.0
1671707589.604000,45.319917,6.530551,1851.954836,79.2,7.043590,2.4,8.0
1671707591.581000,45.319920,6.530762,1851.706702,100.6,9.746375,2.4,8.0
1671707592.590000,45.319904,6.530894,1848.774986,108.4,10.283657,2.4,8.0
1671707593.582000,45.319873,6.531016,1844.186273,121.4,9.386613,2.4,8.0
1671707595.588000,45.319788,6.531230,1841.215415,114.0,10.650854,2.5,8.0
1671707596.575000,45.319745,6.531354,1838.785608,130.5,11.320224,2.5,8.0
1671707597.598000,45.319674,6.531467,1835.880649,126.3,11.976935,2.5,8.0
1671707598.575000,45.319610,6.531594,1831.367670,126.0,12.187780,2.5,8.0
1671707599.603000,45.319544,6.531726,1830.598560,134.2,11.925857,2.5,8.0
1671707600.587000,45.319472,6.531834,1827.641465,131.2,11.830408,2.5,8.0
1671707601.589000,45.319401,6.531946,1823.370366,131.0,12.226029,2.4,8.0
1671707602.586000,45.319333,6.532058,1823.239370,124.2,11.563430,2.5,8.0
1671707603.585000,45.319276,6.532170,1821.593256,123.0,11.131107,2.5,8.0
1671707604.588000,45.319220,6.532276,1821.453108,131.9,10.617311,2.4,8.0
1671707605.589000,45.319152,6.532374,1817.239945,128.9,10.872400,2.5,8.0
1671707606.574000,45.319091,6.532474,1815.905128,129.1,10.283476,2.4,8.0
1671707608.583000,45.318974,6.532635,1811.232965,127.3,8.883544,2.4,8.7
1671707610.588000,45.318879,6.532804,1809.125250,139.9,8.495258,2.4,10.0
1671707612.593000,45.318769,6.532919,1806.300658,140.0,7.565181,2.4,12.0
1671707614.583000,45.318667,6.533024,1802.200635,141.1,7.660265,2.4,12.0
1671707616.574000,45.318564,6.533138,1799.342810,139.0,7.944386,2.4,11.3
1671707618.586000,45.318459,6.533263,1798.093304,134.8,7.863549,2.4,9.6
1671707620.584000,45.318376,6.533421,1792.656767,133.9,7.410161,2.5,9.6
1671707622.594000,45.318298,6.533574,1789.922542,109.4,6.250679,2.5,11.2
1671707624.616000,45.318291,6.533729,1787.074780,97.6,4.715281,2.5,10.4
1671707627.575000,45.318297,6.533910,1777.976166,76.7,4.690611,2.5,8.0
1671707629.582000,45.318317,6.534062,1775.865774,86.1,4.597455,2.5,8.0
1671707632.064000,45.318358,6.534189,1771.441579,52.6,4.451981,2.5,9.6
1671707634.586000,45.318407,6.534362,1765.482572,82.7,4.612504,2.4,10.4
1671707636.921000,45.318397,6.534496,1759.997553,72.7,3.789146,2.5,18.5
1671707639.224000,45.318490,6.534625,1756.084985,66.2,4.687460,2.4,24.0
1671707640.586000,45.318546,6.534759,1750.901575,24.4,5.363514,2.5,25.0
1671707642.577000,45.318656,6.534848,1747.569553,34.8,6.239185,2.5,21.8
1671707644.588000,45.318760,6.534941,1745.263676,39.0,5.222090,2.6,14.5
1671707647.594000,45.318882,6.535070,1742.101894,10.2,7.076863,2.7,17.3
1671707649.612000,45.319015,6.535116,1741.556547,355.7,5.431287,2.7,17.6
1671707652.562000,45.319130,6.535086,1739.962683,334.7,2.935103,2.5,19.9
1671707660.506000,45.319221,6.535090,1740.345708,-1.0,0.001038,2.4,8.2
1671707667.505000,45.319314,6.535097,1739.050725,-1.0,0.006010,2.4,5.1
1671707732.759000,45.319397,6.535188,1737.067400,88.1,1.991218,2.5,7.6
1671707735.159000,45.319453,6.535322,1740.985489,78.2,2.912844,2.5,10.6
1671707737.559000,45.319482,6.535465,1743.122389,83.2,3.839540,2.5,12.9
1671707738.758000,45.319494,6.535633,1743.804384,91.8,4.689325,2.5,13.8
1671707740.556000,45.319490,6.535779,1743.567772,87.8,3.889856,2.4,12.7
1671707742.356000,45.319487,6.535909,1747.409958,88.9,4.681670,2.6,11.9
1671707744.156000,45.319476,6.536045,1749.647565,91.2,4.128365,2.6,9.9
1671707746.556000,45.319466,6.536187,1752.814557,88.2,4.469063,2.6,10.0
1671707749.556000,45.319447,6.536377,1758.946062,89.6,4.412193,2.6,8.9
1671707752.497000,45.319440,6.536547,1764.577289,91.4,4.389446,2.8,7.6
1671707755.497000,45.319439,6.536710,1768.385756,91.6,4.165898,2.9,7.1
1671707758.416000,45.319436,6.536884,1772.598042,89.7,4.630718,2.5,7.0
1671707760.697000,45.319433,6.537014,1773.331206,89.0,4.371220,2.5,6.9
1671707763.589000,45.319428,6.537185,1775.208837,88.0,4.557979,2.5,5.5
1671707766.580000,45.319425,6.537356,1779.417431,91.0,4.411157,2.4,4.0
1671707769.597000,45.319426,6.537527,1780.976929,91.0,4.295632,2.4,4.0
1671707772.592000,45.319424,6.537696,1783.308396,88.1,4.152030,2.4,4.0
1671707775.586000,45.319423,6.537856,1788.914882,91.0,4.358851,2.4,4.0
1671707778.598000,45.319420,6.538032,1794.362160,90.0,4.302881,2.6,4.0
1671707781.596000,45.319418,6.538180,1798.566361,90.5,4.211823,2.6,4.0
1671707784.591000,45.319416,6.538359,1801.362559,90.0,4.349021,2.6,4.2
1671707787.586000,45.319414,6.538511,1806.453215,91.9,4.110794,2.5,4.3
1671707790.589000,45.319410,6.538690,1811.087123,91.0,4.028815,2.5,4.0
1671707793.597000,45.319408,6.538859,1815.876626,91.0,4.267872,2.4,4.4
1671707796.596000,45.319406,6.539016,1822.171325,89.9,4.066303,2.4,4.4
1671707799.603000,45.319402,6.539175,1826.911546,91.0,3.978568,2.4,4.0
1671707802.594000,45.319398,6.539339,1834.730352,88.3,3.791615,2.4,4.0
1671707805.585000,45.319397,6.539491,1843.300049,90.0,4.142477,2.6,4.0
1671707808.593000,45.319395,6.539638,1849.105798,90.9,4.042322,2.6,4.0
1671707811.588000,45.319396,6.539784,1852.208324,90.0,3.795420,2.5,4.0
1671707814.593000,45.319397,6.539923,1862.438828,88.1,3.671672,2.5,4.0
1671707817.605000,45.319396,6.540079,1869.686425,88.0,4.881141,2.4,4.0
1671707820.605000,45.319395,6.540251,1872.154859,90.0,4.512504,2.4,4.0
1671707823.600000,45.319395,6.540426,1876.342027,90.9,4.278797,2.4,4.0
1671707826.589000,45.319394,6.540570,1878.983211,89.8,4.112450,2.4,4.0
1671707828.593000,45.319392,6.540701,1883.060495,90.0,4.272069,2.4,4.0
1671707831.585000,45.319392,6.540843,1888.388155,90.0,4.232028,2.5,4.6
1671707834.585000,45.319392,6.540997,1898.431802,90.0,4.335110,2.7,5.6
1671707837.588000,45.319393,6.541154,1896.446514,89.9,4.301337,2.5,5.0
1671707840.585000,45.319392,6.541310,1904.548999,91.0,4.121413,2.5,5.1
1671707843.604000,45.319392,6.541490,1909.715468,90.6,4.020599,2.5,4.0
1671707846.592000,45.319390,6.541638,1913.034157,90.0,4.227003,2.5,4.3
1671707849.616000,45.319390,6.541805,1916.793390,90.0,4.427011,2.6,4.0
1671707852.585000,45.319391,6.541961,1919.363290,89.8,4.290854,2.6,4.0
1671707855.583000,45.319390,6.542129,1923.375729,91.0,4.388801,2.5,5.2
1671707858.257000,45.319390,6.542269,1926.703731,89.0,4.301915,2.7,6.1
1671707860.599000,45.319390,6.542402,1934.735921,90.0,3.929358,2.9,7.1
1671707863.282000,45.319389,6.542549,1930.940861,90.0,4.594191,2.6,6.5
1671707865.612000,45.319388,6.542684,1936.248627,90.0,4.406624,2.8,5.5
1671707868.333000,45.319387,6.542826,1944.081956,89.0,4.149345,2.5,5.6
1671707870.594000,45.319384,6.542955,1944.986361,90.0,4.328891,2.4,5.4
1671707873.367000,45.319386,6.543097,1947.580195,89.0,4.032967,2.4,5.7
1671707875.595000,45.319383,6.543224,1952.300049,89.0,4.153386,2.5,5.7
1671707878.387000,45.319382,6.543361,1955.759216,91.0,4.203212,2.4,5.7
1671707881.599000,45.319381,6.543541,1963.617690,90.0,4.528636,2.5,5.7
1671707884.589000,45.319379,6.543702,1980.802363,90.0,4.542035,3.2,6.2
1671707887.587000,45.319377,6.543866,1978.248778,89.0,4.264653,2.8,6.2
1671707890.596000,45.319377,6.544032,1982.404192,90.0,4.256409,3.1,4.0
1671707893.496000,45.319377,6.544187,1989.485125,89.9,4.307699,3.0,6.0
1671707896.592000,45.319377,6.544355,1994.566340,89.9,4.251170,2.7,5.7
1671707899.601000,45.319375,6.544517,1996.453862,89.0,4.208263,2.6,6.0
1671707902.606000,45.319375,6.544679,1994.326017,90.0,4.327572,2.5,6.0
1671707905.594000,45.319374,6.544840,1998.916648,90.0,4.108516,2.5,6.1
1671707908.598000,45.319374,6.544993,2006.507389,89.0,4.104616,2.5,6.6
1671707911.593000,45.319368,6.545162,2029.069505,90.0,4.570279,3.1,5.9
1671707914.602000,45.319367,6.545327,2020.881497,89.0,4.687220,2.9,5.9
1671707917.602000,45.319367,6.545492,2031.645243,90.0,4.414946,2.6,5.9
1671707920.591000,45.319366,6.545656,2035.758192,90.0,4.427098,2.5,6.3
1671707923.593000,45.319366,6.545827,2041.583087,90.0,4.272058,2.5,5.9
1671707926.605000,45.319364,6.545993,2046.077401,90.0,4.308351,2.9,4.2
1671707929.610000,45.319363,6.546160,2039.935894,90.0,4.184466,3.1,4.2
1671707932.595000,45.319362,6.546324,2039.028451,89.0,4.307562,2.5,4.3
1671707935.594000,45.319361,6.546490,2056.062476,90.1,4.268817,3.8,4.3
1671707938.594000,45.319358,6.546652,2063.582897,90.4,4.460103,6.5,4.3
1671707941.600000,45.319358,6.546824,2071.948693,90.0,4.338568,2.8,4.3
1671707944.613000,45.319357,6.546990,2057.899902,90.0,4.397620,8.3,4.4
1671707964.607000,45.319352,6.547074,2080.871601,89.0,0.000000,2.5,4.4
1671707964.607000,45.319352,6.547074,2080.871601,89.0,0.000000,2.5,4.4
1671708059.402000,45.319349,6.547123,2071.127182,92.0,0.988720,3.1,6.8
1671708065.580000,45.319354,6.547252,2084.882412,90.0,1.414334,8.8,5.5
1671708072.591000,45.319354,6.547387,2084.339409,91.0,1.420260,2.9,5.8
1671708079.596000,45.319353,6.547516,2073.905453,90.0,1.413349,3.7,4.8
1671708088.593000,45.319358,6.547648,2090.621136,90.0,1.377767,8.6,5.8
1671708095.604000,45.319357,6.547787,2089.930596,90.0,1.436203,3.5,5.6
1671708100.607000,45.319355,6.547942,2081.857299,91.0,1.784221,6.5,4.0
1671708104.600000,45.319354,6.548102,2083.236216,89.0,2.199414,3.5,4.0
1671708107.590000,45.319351,6.548244,2088.193682,91.0,2.552377,3.1,4.0
1671708110.599000,45.319351,6.548413,2090.154422,90.0,2.964949,3.0,4.1
1671708113.592000,45.319351,6.548588,2103.371412,90.0,3.382844,8.0,4.1
1671708116.598000,45.319349,6.548754,2104.339150,90.0,3.651462,4.0,3.9
1671708119.591000,45.319348,6.548928,2105.309321,90.0,3.881190,3.7,3.7
1671708122.589000,45.319347,6.549094,2105.951746,90.0,4.009047,7.8,4.0
1671708125.610000,45.319347,6.549281,2108.643799,90.0,4.119897,9.0,3.3
1671708128.595000,45.319347,6.549433,2102.861928,90.0,4.189075,6.6,3.5
1671708131.578000,45.319348,6.549602,2111.603018,90.0,4.211555,3.6,3.8
1671708134.590000,45.319349,6.549758,2115.242932,89.6,4.181569,2.8,4.2
1671708137.589000,45.319355,6.549914,2116.507141,86.6,4.009407,2.5,5.7
1671708140.599000,45.319372,6.550101,2118.287382,89.2,3.980933,2.7,7.1
1671708144.583000,45.319354,6.550264,2125.838894,107.8,3.857644,8.0,8.0
1671708153.590000,45.319453,6.550306,2122.296101,337.5,2.561834,3.8,6.8
1671708156.586000,45.319529,6.550193,2120.727287,293.0,2.873560,2.5,6.0
1671708159.585000,45.319597,6.550026,2109.203085,302.8,3.368776,6.3,5.1
1671708161.585000,45.319653,6.549910,2108.140134,300.0,3.756583,6.0,4.2
1671708163.593000,45.319687,6.549783,2107.374165,282.8,5.185080,6.2,4.0
1671708165.586000,45.319710,6.549613,2104.106378,279.3,6.903472,3.5,4.4
1671708167.594000,45.319748,6.549407,2104.919143,285.8,7.456238,3.3,5.3
1671708169.594000,45.319795,6.549221,2108.410575,283.3,7.805218,7.6,6.0
1671708171.593000,45.319846,6.549021,2104.917576,292.6,8.781646,3.3,6.0
1671708173.588000,45.319892,6.548783,2099.651059,275.2,9.880046,2.5,6.0
1671708174.591000,45.319898,6.548632,2093.921817,275.9,11.141595,2.4,6.0
1671708175.585000,45.319916,6.548463,2088.371540,281.9,13.222274,2.4,6.0
1671708176.589000,45.319940,6.548287,2087.846816,290.2,12.583525,2.4,6.3
1671708177.592000,45.319981,6.548128,2085.472599,293.6,12.342999,2.9,6.8
1671708178.584000,45.320038,6.547993,2084.543976,300.8,12.414362,4.6,7.0
1671708179.595000,45.320130,6.547901,2083.100350,323.1,13.056071,7.9,7.6
1671708180.593000,45.320233,6.547879,2082.759477,345.1,11.802808,7.9,8.0
1671708181.593000,45.320340,6.547848,2080.498466,338.6,11.747391,2.9,8.0
1671708182.584000,45.320441,6.547789,2078.900631,329.8,11.859156,6.2,8.0
1671708183.604000,45.320538,6.547710,2076.832983,329.1,11.368452,5.4,8.0
1671708184.605000,45.320631,6.547634,2075.699140,330.8,11.750772,4.2,8.0
1671708185.596000,45.320727,6.547561,2072.770559,330.5,11.834107,4.0,8.0
1671708186.597000,45.320818,6.547475,2070.303312,324.2,11.679030,3.2,8.0
1671708187.591000,45.320892,6.547368,2066.473897,309.7,10.848576,3.3,8.0
1671708188.603000,45.320953,6.547250,2063.935975,307.8,10.897699,2.6,8.0
1671708189.589000,45.320991,6.547131,2060.724372,287.0,9.754170,2.4,8.0
1671708190.593000,45.321013,6.547003,2058.408520,285.6,10.139434,3.0,8.0
1671708192.592000,45.321076,6.546779,2044.106872,301.5,9.039298,6.5,8.0
1671708194.599000,45.321148,6.546621,2039.507331,295.5,6.781895,6.4,8.0
1671708196.607000,45.321162,6.546489,2033.971638,284.4,5.549864,6.5,8.0
1671708199.603000,45.321197,6.546317,2033.759875,291.7,6.052522,2.7,8.0
1671708201.605000,45.321227,6.546194,2037.304007,277.7,4.346137,2.6,8.0
1671708204.592000,45.321275,6.546072,2028.021746,330.1,4.475581,2.8,10.4
1671708207.592000,45.321348,6.545901,2022.318080,297.7,5.255304,2.7,11.5
1671708209.594000,45.321411,6.545773,2018.335940,288.6,5.621213,2.5,10.5
1671708211.594000,45.321470,6.545621,2013.368012,302.1,5.762309,2.5,8.7
1671708213.603000,45.321546,6.545462,2008.466860,298.1,7.119782,2.7,8.0
1671708215.587000,45.321617,6.545288,2003.165307,305.2,7.050059,2.8,8.0
1671708217.594000,45.321673,6.545112,1997.865918,290.2,7.036520,4.8,8.0
1671708219.588000,45.321728,6.544908,1993.095110,293.0,7.846327,4.3,8.0
1671708221.588000,45.321781,6.544691,1989.147866,295.0,7.755969,3.1,8.0
1671708223.583000,45.321832,6.544532,1983.336218,273.0,5.473859,3.0,8.0
1671708225.593000,45.321842,6.544342,1979.717819,285.2,6.252985,2.7,8.0
1671708227.582000,45.321886,6.544153,1964.495553,281.3,6.722287,6.6,8.0
1671708229.583000,45.321910,6.543971,1959.123616,294.7,7.312961,6.0,8.0
1671708231.585000,45.321957,6.543768,1954.382501,269.1,7.684905,6.5,8.0
1671708233.602000,45.321973,6.543563,1960.761900,294.8,7.933263,2.8,8.0
1671708235.593000,45.322025,6.543346,1955.516909,272.2,7.433712,2.8,8.0
1671708237.590000,45.322026,6.543126,1952.557002,291.6,7.195824,2.8,8.0
1671708239.589000,45.322088,6.542934,1949.997656,301.0,7.820150,2.8,8.0
1671708241.600000,45.322143,6.542756,1947.740558,280.7,6.953330,2.9,8.0
1671708243.594000,45.322173,6.542558,1943.560025,312.6,8.168005,2.9,7.7
1671708245.596000,45.322268,6.542383,1938.421800,292.6,8.413680,3.3,6.8
1671708247.594000,45.322303,6.542186,1932.769593,293.7,7.562801,2.9,6.3
1671708249.593000,45.322392,6.542014,1930.006837,292.3,7.554810,3.1,6.0
1671708251.591000,45.322456,6.541827,1926.844767,313.0,7.671894,3.1,6.0
1671708253.591000,45.322540,6.541674,1919.809496,283.2,6.515821,3.4,6.0
1671708255.597000,45.322565,6.541504,1918.805493,316.6,6.428292,3.2,6.0
1671708257.589000,45.322666,6.541388,1914.727249,311.8,7.256147,3.3,6.0
1671708259.585000,45.322735,6.541197,1901.001228,308.6,7.753553,7.1,6.0
1671708261.586000,45.322844,6.541064,1896.045997,336.9,7.645969,6.9,7.2
1671708263.585000,45.322980,6.540976,1892.790913,304.6,7.208380,7.0,7.2
1671708265.588000,45.323060,6.540800,1901.865112,310.2,7.603771,3.1,7.2
1671708267.584000,45.323174,6.540694,1897.950324,326.3,7.296052,3.1,6.0
1671708269.604000,45.323257,6.540568,1897.168510,286.3,6.698925,3.2,6.0
1671708271.590000,45.323290,6.540373,1892.555859,305.8,6.960680,3.1,6.0
1671708273.597000,45.323361,6.540202,1888.367211,299.0,7.904663,3.1,6.0
1671708275.590000,45.323426,6.540013,1885.598293,293.6,7.752263,3.4,6.0
1671708277.583000,45.323482,6.539806,1883.431263,305.0,8.848825,3.4,6.0
1671708279.603000,45.323581,6.539600,1878.103137,302.0,10.436086,3.5,6.0
1671708280.585000,45.323633,6.539485,1877.557350,310.5,10.843766,3.4,6.0
1671708281.593000,45.323698,6.539376,1876.463034,310.0,11.641042,3.5,6.0
1671708282.578000,45.323766,6.539260,1874.186061,308.0,11.226516,5.4,6.0
1671708283.605000,45.323831,6.539146,1872.642004,309.0,10.265455,4.7,6.0
1671708285.586000,45.323950,6.538959,1871.343050,312.0,10.502542,3.9,6.0
1671708286.586000,45.324016,6.538865,1868.714679,315.0,10.073484,3.6,6.0
1671708288.576000,45.324145,6.538710,1864.599976,320.9,9.365910,3.6,6.0
1671708290.581000,45.324274,6.538558,1855.860399,317.0,9.084426,7.3,6.3
1671708292.592000,45.324381,6.538405,1854.858338,309.1,7.334520,6.4,7.0
1671708294.595000,45.324455,6.538264,1864.599976,311.0,6.479669,2.4,7.6
1671708296.571000,45.324532,6.538132,1867.903221,316.0,5.160242,2.5,7.0
1671708298.585000,45.324606,6.538016,1868.020446,313.0,5.443268,2.5,6.0
1671708301.594000,45.324679,6.537885,1864.599976,312.0,4.842895,2.4,6.0
1671708303.589000,45.324742,6.537771,1864.599976,311.8,5.282295,2.4,6.0
1671708309.377000,45.324839,6.537727,1861.900285,329.1,1.475952,2.7,7.2
1671708321.676000,45.324924,6.537633,1859.149440,357.1,2.952139,3.0,4.8
1671708341.420000,45.324945,6.537580,1859.162530,-1.0,0.000000,4.7,4.9
1671708341.420000,45.324945,6.537580,1859.162530,-1.0,0.000000,4.7,4.9
1671708371.593000,45.324949,6.537761,1859.500000,-1.0,0.000001,2.9,5.6
1671709041.793000,45.325030,6.537704,1859.500000,-1.0,0.034118,8.8,4.2
1671710955.358000,45.324941,6.537742,1859.500000,279.5,0.391526,7.2,15.5
1671711726.539000,45.325023,6.537690,1859.800049,-1.0,0.075493,9.1,4.1
1671711864.436000,45.325017,6.537840,1859.500000,92.5,0.198551,8.2,33.7
1671711875.438000,45.325045,6.538018,1859.500000,120.3,0.235373,9.7,30.4
1671711878.437000,45.325078,6.538145,1859.500000,111.7,0.264792,9.0,26.4
1671711882.557000,45.325115,6.538265,1859.500000,269.0,0.168162,8.3,15.7
1671711887.555000,45.325078,6.538126,1859.500000,-1.0,0.036634,9.8,18.1
1671711891.557000,45.325049,6.537994,1859.500000,-1.0,0.007871,8.2,21.0
1671711900.555000,45.325071,6.538247,1859.500000,254.8,0.339044,8.7,12.0
1671711912.142000,45.325048,6.538045,1859.500000,268.4,0.875409,9.0,18.4
1671711916.035000,45.325035,6.537873,1859.500000,265.2,2.193649,7.8,29.3
1671711927.578000,45.324958,6.537795,1859.500000,168.1,0.211596,7.3,18.3
1671711930.475000,45.324856,6.537795,1859.500000,163.0,0.421204,7.0,16.3
1671711948.153000,45.324898,6.537681,1859.800049,-1.0,0.037449,8.2,6.4
1671712025.267000,45.324922,6.537522,1859.500000,276.4,2.042725,8.2,5.2
1671712027.469000,45.324954,6.537368,1857.497205,285.8,3.460816,8.1,5.6
1671712029.148000,45.324987,6.537222,1854.605507,284.0,4.222179,7.6,6.2
1671712032.149000,45.325043,6.537105,1852.876514,320.2,4.385788,6.4,6.6
1671712035.668000,45.325136,6.537053,1847.213366,323.0,4.217981,6.2,7.0
1671712037.469000,45.325210,6.536978,1842.791006,329.6,4.480190,7.0,7.1
1671712038.569000,45.325292,6.536898,1840.961033,325.1,9.100208,7.1,7.1
1671712039.573000,45.325386,6.536819,1838.175317,329.0,10.375743,7.3,6.7
1671712040.572000,45.325498,6.536745,1834.821260,335.6,12.847158,7.2,6.3
1671712041.574000,45.325623,6.536676,1830.285086,337.0,13.837705,7.6,5.7
1671712042.563000,45.325748,6.536605,1828.068999,336.1,14.176089,7.2,5.2
1671712043.567000,45.325871,6.536526,1827.229446,333.5,14.148805,8.2,4.7
1671712044.566000,45.325985,6.536434,1825.087085,329.9,13.826919,8.1,4.7
1671712045.573000,45.326090,6.536325,1821.384961,317.8,13.593616,7.9,4.8
1671712046.558000,45.326176,6.536200,1819.215935,313.3,13.425312,8.3,4.7
1671712047.557000,45.326250,6.536066,1818.033751,306.5,12.837009,8.3,5.0
1671712048.569000,45.326314,6.535928,1816.461544,305.1,12.329645,7.7,4.8
1671712049.580000,45.326377,6.535798,1815.966007,306.0,11.965464,7.6,4.4
1671712050.584000,45.326441,6.535677,1813.737981,308.0,11.536034,7.6,4.8
1671712051.591000,45.326505,6.535565,1812.924869,309.0,11.349863,7.7,5.2
1671712052.579000,45.326570,6.535459,1811.869192,311.0,11.027005,7.7,4.8
1671712053.577000,45.326636,6.535356,1810.211378,311.6,10.760808,8.2,4.8
1671712054.585000,45.326704,6.535257,1809.347197,313.0,10.610633,8.0,4.8
1671712055.555000,45.326766,6.535160,1806.789352,308.7,10.225513,8.4,4.7
1671712056.559000,45.326820,6.535058,1805.859418,306.2,9.943173,8.5,4.3
1671712057.576000,45.326873,6.534955,1805.551962,306.8,10.174795,8.4,4.0
1671712059.561000,45.326981,6.534758,1803.635802,303.8,9.543156,7.4,4.0
1671712061.557000,45.327059,6.534550,1801.334519,297.2,9.655891,6.6,4.0
1671712063.560000,45.327102,6.534326,1798.057334,280.4,9.039154,6.7,4.0
1671712065.566000,45.327139,6.534106,1796.202236,285.7,8.773746,6.2,4.8
1671712067.556000,45.327250,6.533920,1794.494242,316.5,9.781303,7.3,5.0
1671712068.566000,45.327323,6.533842,1792.961738,323.8,9.745894,7.9,5.6
1671712069.572000,45.327399,6.533773,1791.801240,320.6,9.424792,7.4,5.7
1671712071.573000,45.327529,6.533617,1787.857058,320.8,9.140814,8.4,5.6
1671712073.564000,45.327677,6.533492,1787.282470,332.8,9.289212,8.2,6.0
1671712075.566000,45.327832,6.533404,1785.517530,341.1,9.002177,8.3,6.0
1671712077.566000,45.327996,6.533359,1783.403169,348.1,9.174879,7.6,5.3
1671712079.567000,45.328159,6.533344,1780.738531,356.9,8.960044,7.9,4.4
1671712081.566000,45.328315,6.533341,1779.302498,357.0,8.723483,7.9,4.0
1671712083.569000,45.328465,6.533338,1777.311777,358.0,8.337572,8.2,4.0
1671712085.573000,45.328612,6.533322,1776.002332,351.1,8.069746,9.4,4.4
1671712087.564000,45.328748,6.533285,1774.529915,349.0,7.352644,7.6,4.3
1671712089.571000,45.328867,6.533241,1774.101573,343.0,6.321701,7.0,4.0
1671712091.573000,45.328966,6.533195,1773.703464,342.9,5.436420,6.0,4.0
1671712094.572000,45.329070,6.533145,1773.339574,341.7,4.015086,6.3,4.0
1671712097.561000,45.329172,6.533091,1772.908802,340.9,3.910379,8.1,4.0
1671712100.645000,45.329280,6.533039,1772.292755,285.2,3.855611,7.9,5.3
1671712103.524000,45.329365,6.532995,1771.534668,345.1,3.900401,8.2,8.5
1671712106.524000,45.329500,6.532934,1771.139286,343.3,4.813255,7.8,8.0
1671712108.562000,45.329600,6.532896,1770.667805,347.0,5.563671,8.2,6.2
1671712110.571000,45.329711,6.532869,1769.832809,351.0,6.295420,8.2,4.6
1671712112.581000,45.329831,6.532853,1768.511729,354.0,6.874748,7.7,4.0
1671712114.572000,45.329956,6.532841,1767.354586,356.0,6.831531,8.1,4.4
1671712116.584000,45.330076,6.532832,1766.462644,356.0,6.664464,7.7,4.4
1671712118.560000,45.330191,6.532826,1765.290856,359.0,6.313459,6.8,4.7
1671712120.574000,45.330296,6.532828,1764.800429,359.0,5.761720,6.5,4.8
1671712122.575000,45.330392,6.532825,1763.825360,356.0,5.245709,5.9,5.3
1671712124.581000,45.330483,6.532824,1763.069262,358.0,5.399422,6.2,6.0
1671712126.577000,45.330575,6.532825,1762.647931,359.0,5.165017,6.9,6.0
1671712128.576000,45.330666,6.532827,1762.366914,0.0,4.846030,7.2,6.0
1671712131.571000,45.330791,6.532838,1761.784955,3.0,4.321413,7.4,6.0
1671712134.563000,45.330892,6.532845,1761.685488,2.0,3.630317,7.1,5.3
1671712137.576000,45.331017,6.532872,1760.680066,8.0,4.858624,7.4,5.1
1671712139.576000,45.331106,6.532894,1758.900024,9.0,4.922538,7.7,5.1
1671712142.577000,45.331223,6.532923,1758.900024,10.0,4.005969,8.0,5.7
1671712145.587000,45.331327,6.532951,1758.914414,9.0,4.054376,6.6,6.4
1671712148.568000,45.331441,6.532977,1758.129549,8.0,4.731928,5.7,6.1
1671712151.561000,45.331544,6.532997,1757.390341,6.9,4.497562,7.3,5.6
1671712154.562000,45.331674,6.533023,1756.274480,8.0,3.785085,7.2,6.1
1671712157.575000,45.331776,6.533040,1756.083072,4.4,3.996858,7.0,6.7
1671712159.576000,45.331873,6.533062,1755.879304,8.9,4.393887,7.2,6.8
1671712162.565000,45.331990,6.533100,1755.781533,14.0,4.112841,6.9,5.8
1671712165.572000,45.332111,6.533145,1755.248308,18.0,4.615841,7.7,5.3
1671712168.569000,45.332236,6.533212,1754.437155,19.0,5.156818,7.6,4.4
1671712170.561000,45.332332,6.533243,1753.798661,8.1,6.040288,8.0,4.0
1671712172.569000,45.332440,6.533195,1751.612328,334.4,6.303176,6.2,4.4
1671712174.556000,45.332548,6.533109,1749.769633,332.9,6.783284,6.3,7.0
1671712176.571000,45.332653,6.532968,1748.969102,314.7,7.617781,6.0,9.7
1671712178.571000,45.332759,6.532798,1747.659421,314.7,8.174680,6.1,11.2
1671712180.573000,45.332880,6.532634,1745.269092,320.1,8.741118,6.4,7.6
1671712182.573000,45.332991,6.532447,1743.295018,310.2,9.357119,6.7,6.8
1671712184.569000,45.333109,6.532264,1740.697559,320.9,9.507851,7.2,6.0
1671712186.559000,45.333247,6.532103,1738.462673,323.4,10.114093,7.0,5.0
1671712187.569000,45.333325,6.532027,1737.369753,327.9,10.325257,6.8,4.7
1671712188.585000,45.333407,6.531956,1735.633158,328.9,10.541901,6.8,4.0
1671712189.575000,45.333491,6.531889,1733.760295,330.9,10.767145,7.0,4.0
1671712190.569000,45.333577,6.531824,1732.218863,332.0,10.683774,7.2,4.0
1671712191.581000,45.333663,6.531762,1730.594698,333.0,10.596828,6.9,4.0
1671712192.574000,45.333748,6.531705,1729.095937,333.9,10.538016,7.0,4.0
1671712193.571000,45.333833,6.531650,1728.070493,334.0,10.426450,7.4,4.0
1671712194.584000,45.333918,6.531594,1726.688568,334.0,10.399896,7.5,4.0
1671712195.576000,45.334001,6.531538,1725.131078,334.0,10.328511,7.8,4.0
1671712196.576000,45.334085,6.531480,1723.350565,333.0,10.429741,7.8,4.0
1671712197.581000,45.334169,6.531419,1722.520063,333.0,10.532304,7.5,4.0
1671712198.570000,45.334253,6.531359,1721.450879,333.0,10.588264,7.6,4.0
1671712199.575000,45.334339,6.531298,1719.516498,332.0,10.637561,6.8,4.0
1671712200.566000,45.334423,6.531234,1718.118650,332.0,10.693238,6.4,4.0
1671712201.568000,45.334509,6.531170,1716.406909,332.0,10.680306,6.0,4.0
1671712202.572000,45.334594,6.531107,1714.772174,332.0,10.585213,6.1,4.0
1671712203.566000,45.334678,6.531045,1713.399835,332.0,10.535626,6.9,4.0
1671712204.585000,45.334763,6.530983,1711.796149,333.0,10.610948,6.3,4.0
1671712205.568000,45.334847,6.530924,1711.341311,333.0,10.565969,6.2,4.0
1671712206.572000,45.334932,6.530863,1709.305942,332.0,10.526144,6.0,4.0
1671712207.575000,45.335016,6.530800,1707.990108,332.0,10.584101,6.2,4.0
1671712208.575000,45.335101,6.530736,1706.574402,332.0,10.667233,6.3,4.0
1671712209.580000,45.335188,6.530676,1705.641648,334.9,10.794622,6.4,4.0
1671712210.586000,45.335279,6.530622,1703.885946,337.7,10.880959,7.1,4.0
1671712211.566000,45.335370,6.530575,1702.433884,339.9,10.870295,7.1,4.0
1671712212.574000,45.335460,6.530522,1701.211261,334.2,10.611938,7.0,4.0
1671712213.570000,45.335537,6.530444,1699.001874,329.7,10.572925,6.9,4.0
1671712214.573000,45.335600,6.530330,1696.503874,314.5,11.335826,6.9,4.0
1671712215.582000,45.335655,6.530192,1694.440162,303.7,12.103644,6.8,4.0
1671712216.567000,45.335717,6.530056,1693.000455,306.6,12.650836,6.6,4.4
1671712217.567000,45.335788,6.529919,1690.444709,309.2,13.081899,7.1,4.3
1671712218.576000,45.335861,6.529778,1687.735289,306.1,13.520824,7.1,4.4
1671712219.575000,45.335932,6.529626,1684.401221,303.8,14.363446,6.9,4.4
1671712220.581000,45.336011,6.529470,1681.973505,307.6,14.803796,7.1,4.3
1671712221.574000,45.336093,6.529320,1677.739443,308.0,14.678826,6.8,4.4
1671712222.587000,45.336176,6.529170,1674.123927,308.0,14.778857,7.6,4.8
1671712223.563000,45.336260,6.529026,1671.614385,310.4,14.682564,7.8,5.0
1671712224.571000,45.336348,6.528886,1669.721163,311.8,14.478558,7.7,5.3
1671712225.585000,45.336441,6.528756,1666.428213,316.8,14.185888,7.6,5.6
1671712226.581000,45.336533,6.528637,1664.709707,315.1,13.753921,7.5,5.2
1671712227.561000,45.336620,6.528522,1661.885625,317.0,13.297894,6.7,5.0
1671712228.585000,45.336708,6.528411,1661.285096,318.0,13.137609,6.0,4.4
1671712229.574000,45.336798,6.528304,1659.909127,319.0,13.211286,6.1,4.0
1671712230.585000,45.336892,6.528200,1657.723646,323.0,13.200587,6.1,4.0
1671712231.574000,45.336991,6.528109,1655.641003,327.0,13.034554,6.1,4.0
1671712232.566000,45.337095,6.528030,1653.885400,332.0,13.151778,6.1,4.0
1671712233.576000,45.337205,6.527963,1651.501801,337.0,13.276637,7.5,4.0
1671712234.583000,45.337319,6.527908,1649.231747,340.0,13.237933,6.3,4.0
1671712235.571000,45.337428,6.527861,1647.145026,343.0,12.571421,6.3,4.0
1671712236.571000,45.337533,6.527821,1646.154133,344.0,12.042155,6.2,4.0
1671712237.567000,45.337635,6.527782,1644.608828,344.0,11.783304,6.3,4.0
1671712238.580000,45.337735,6.527736,1642.347986,340.1,11.810881,6.9,4.0
1671712239.579000,45.337834,6.527677,1640.857436,337.0,12.080946,6.6,4.0
1671712240.567000,45.337933,6.527610,1638.834247,334.0,12.225936,6.8,4.0
1671712241.566000,45.338030,6.527536,1635.967370,334.0,12.140296,6.8,4.3
1671712242.565000,45.338127,6.527464,1635.519049,334.0,12.254828,6.8,4.7
1671712243.564000,45.338228,6.527393,1633.177387,334.0,12.489494,6.8,4.7
1671712244.581000,45.338329,6.527320,1631.323623,333.0,12.465636,6.8,4.8
1671712245.573000,45.338426,6.527245,1628.647187,331.0,12.317602,6.6,4.8
1671712246.579000,45.338520,6.527170,1627.690740,331.0,11.806227,6.4,4.4
1671712247.572000,45.338610,6.527098,1625.997233,330.0,11.461636,7.1,4.0
1671712248.563000,45.338697,6.527024,1624.947527,329.0,11.401505,7.0,4.0
1671712249.574000,45.338787,6.526947,1623.861256,329.0,11.696388,6.9,4.0
1671712250.570000,45.338878,6.526869,1621.566844,329.0,11.834051,7.1,4.0
1671712251.574000,45.338971,6.526790,1619.696062,328.0,12.012082,7.1,4.0
1671712252.564000,45.339064,6.526707,1618.675806,327.0,12.261874,6.8,4.0
1671712253.564000,45.339154,6.526615,1615.199818,322.0,12.134374,6.7,4.0
1671712254.570000,45.339232,6.526512,1613.462360,316.0,11.617348,7.2,4.0
1671712255.574000,45.339295,6.526405,1612.660953,309.2,10.618569,7.4,4.0
1671712257.561000,45.339366,6.526201,1610.910152,296.0,8.220846,7.9,4.0
1671712259.564000,45.339438,6.526040,1609.295712,305.0,7.582976,7.5,4.7
1671712261.566000,45.339519,6.525927,1608.181907,313.0,4.562107,7.4,5.3
1671712264.567000,45.339578,6.525820,1608.181907,305.0,3.312586,6.2,5.3
1671712284.279000,45.339590,6.525757,1608.293046,-1.0,0.000000,6.4,6.1
1671712284.279000,45.339590,6.525757,1608.293046,-1.0,0.000000,6.4,6.1
1671712309.438000,45.339503,6.525751,1608.440387,-1.0,0.018873,6.8,6.7
1671712328.671000,45.339432,6.525851,1607.402970,134.1,2.821166,7.2,12.1
1671712330.477000,45.339358,6.526004,1608.145013,130.7,3.866638,6.1,13.5
1671712332.278000,45.339270,6.526137,1611.127081,132.4,4.109856,5.8,12.4
1671712334.077000,45.339187,6.526247,1612.029785,132.6,4.348681,6.3,9.7
1671712336.418000,45.339118,6.526344,1612.986029,132.3,4.251977,6.7,8.7
1671712339.259000,45.339030,6.526457,1615.107771,133.5,3.975652,7.1,7.1
1671712342.259000,45.338948,6.526566,1618.800049,133.6,3.907699,6.7,7.0
1671712345.258000,45.338869,6.526680,1618.800049,132.8,3.943146,6.7,7.1
1671712348.258000,45.338797,6.526788,1621.938294,132.0,3.843461,7.0,7.0
1671712351.562000,45.338718,6.526900,1622.700073,132.0,3.749359,7.5,6.8
1671712354.659000,45.338640,6.527024,1623.800049,135.4,4.142761,7.9,6.5
1671712357.417000,45.338570,6.527130,1625.536294,131.8,4.092515,6.9,6.9
1671712360.417000,45.338500,6.527242,1627.040076,132.3,3.941164,5.8,7.0
1671712363.416000,45.338426,6.527345,1629.189117,133.4,3.672079,6.3,7.0
1671712366.417000,45.338353,6.527454,1632.244301,132.1,3.803039,6.8,7.1
1671712369.337000,45.338289,6.527548,1635.019301,131.9,3.648288,6.6,7.1
1671712372.096000,45.338220,6.527651,1639.957227,131.3,3.682846,6.2,7.0
1671712375.598000,45.338145,6.527764,1645.060859,132.3,3.652271,7.2,7.1
1671712378.417000,45.338075,6.527869,1648.195817,131.5,3.973695,7.0,7.1
1671712381.359000,45.338006,6.527975,1650.863057,133.3,4.075419,7.7,7.0
1671712384.238000,45.337936,6.528083,1653.081996,132.6,3.892369,7.7,7.1
1671712387.555000,45.337862,6.528195,1655.688215,133.0,4.005210,6.0,6.1
1671712390.563000,45.337790,6.528302,1658.507773,133.0,4.056342,5.9,4.5
1671712393.567000,45.337720,6.528409,1659.662275,131.0,4.027673,5.6,4.0
1671712396.565000,45.337647,6.528521,1661.199273,133.0,4.082071,6.5,4.0
1671712399.586000,45.337574,6.528633,1662.669263,132.0,3.887826,6.6,4.0
1671712402.585000,45.337502,6.528741,1664.480476,133.0,3.940333,6.6,4.0
1671712405.558000,45.337429,6.528851,1666.621844,134.0,3.802287,7.1,4.0
1671712408.569000,45.337359,6.528959,1668.500508,133.0,3.729809,7.1,4.0
1671712411.569000,45.337287,6.529069,1671.556617,131.0,3.914610,7.9,4.0
1671712414.571000,45.337218,6.529177,1674.632510,133.0,3.572145,7.2,4.0
1671712419.567000,45.337145,6.529290,1678.723227,132.0,2.064199,5.6,4.0
1671712426.569000,45.337083,6.529394,1680.538224,132.0,1.921607,6.9,4.9
1671712433.591000,45.337021,6.529489,1681.305472,132.0,1.650892,6.7,5.1
1671712440.598000,45.336956,6.529593,1682.773032,132.0,2.094941,7.1,6.1
1671712444.589000,45.336892,6.529693,1684.134735,133.0,2.803676,5.6,5.8
1671712448.568000,45.336812,6.529816,1685.817206,133.0,3.703110,6.3,5.0
1671712451.561000,45.336738,6.529929,1687.623124,133.0,4.049196,6.1,4.0
1671712454.573000,45.336666,6.530037,1689.218737,132.0,3.717834,6.4,4.0
1671712457.566000,45.336594,6.530145,1692.137318,132.0,4.011021,7.3,4.0
1671712460.565000,45.336522,6.530254,1694.712842,132.0,3.670182,6.6,4.0
1671712463.574000,45.336453,6.530358,1698.071238,133.0,3.806433,7.2,4.0
1671712466.572000,45.336381,6.530468,1701.123068,133.0,3.800889,8.0,4.0
1671712469.565000,45.336313,6.530570,1705.071963,133.0,3.654526,6.3,4.0
1671712472.573000,45.336242,6.530678,1708.755586,132.0,4.292511,5.4,4.9
1671712475.560000,45.336170,6.530788,1710.489740,132.0,4.026625,5.8,4.8
1671712478.570000,45.336100,6.530896,1711.628302,132.0,3.963686,6.1,5.1
1671712481.557000,45.336025,6.531008,1713.815292,133.0,3.776971,6.5,4.8
1671712484.569000,45.335953,6.531117,1716.148992,133.0,3.617812,6.9,4.9
1671712487.576000,45.335882,6.531225,1718.464287,134.0,4.007430,6.5,5.0
1671712490.570000,45.335810,6.531335,1721.190752,132.0,3.925608,7.2,5.1
1671712493.565000,45.335740,6.531441,1724.330779,132.0,3.891038,7.9,4.0
1671712496.573000,45.335668,6.531548,1727.400846,132.1,3.767378,6.6,4.0
1671712499.573000,45.335597,6.531660,1729.570208,132.0,3.680051,5.3,4.0
1671712502.574000,45.335524,6.531772,1729.921978,133.0,3.924306,5.8,4.0
1671712505.581000,45.335452,6.531882,1730.725430,133.0,3.999299,6.3,4.0
1671712508.576000,45.335381,6.531991,1731.611151,132.0,4.008887,7.0,4.0
1671712511.594000,45.335297,6.532119,1732.168287,132.0,3.840086,7.0,4.0
1671712514.565000,45.335233,6.532215,1733.457017,132.0,3.823250,7.2,4.0
1671712517.560000,45.335163,6.532321,1735.278785,133.0,4.145219,6.7,4.9
1671712520.574000,45.335091,6.532431,1736.630962,133.0,4.009779,8.0,4.9
1671712523.567000,45.335021,6.532538,1738.892092,133.0,3.890202,6.3,4.9
1671712526.112000,45.334960,6.532632,1740.662915,132.0,3.917741,5.0,5.2
1671712529.567000,45.334877,6.532758,1743.655066,132.0,3.673699,5.3,5.0
1671712532.568000,45.334805,6.532867,1746.400024,133.0,3.962566,6.0,4.8
1671712535.556000,45.334730,6.532979,1748.050483,133.0,3.978931,6.6,4.9
1671712538.566000,45.334659,6.533085,1749.250669,133.0,4.140298,6.7,5.3
1671712541.561000,45.334586,6.533195,1750.876814,132.0,4.022717,6.7,4.0
1671712544.568000,45.334516,6.533301,1753.332360,133.0,3.836340,6.7,4.0
1671712547.569000,45.334443,6.533410,1755.644911,132.0,3.990593,7.9,4.0
1671712550.560000,45.334371,6.533519,1757.444139,133.0,3.685246,6.1,4.0
1671712553.573000,45.334300,6.533626,1760.193600,133.0,3.608541,5.1,4.0
1671712556.573000,45.334228,6.533737,1762.990140,133.0,3.713458,5.5,4.0
1671712559.574000,45.334160,6.533841,1766.978368,132.0,3.930724,6.0,4.0
1671712562.580000,45.334081,6.533962,1769.937914,132.0,3.754392,6.0,4.0
1671712565.571000,45.334019,6.534056,1774.098289,131.0,3.762235,6.5,3.9
1671712568.566000,45.333951,6.534161,1777.074681,132.0,3.783772,6.7,4.9
1671712571.567000,45.333878,6.534272,1779.155061,133.0,3.818095,6.9,4.8
1671712574.567000,45.333804,6.534386,1780.878989,133.0,3.832423,7.7,3.5
1671712577.590000,45.333736,6.534490,1783.224691,132.0,3.850681,6.2,5.0
1671712580.571000,45.333663,6.534600,1785.337080,132.0,3.859234,4.8,5.0
1671712583.576000,45.333593,6.534706,1788.781992,132.0,3.846378,5.3,5.1
1671712586.570000,45.333522,6.534814,1791.228372,132.0,3.845583,6.1,4.2
1671712589.557000,45.333451,6.534920,1794.530729,132.0,3.835899,6.1,3.9
1671712592.582000,45.333383,6.535024,1797.446907,132.0,3.821255,6.2,4.0
1671712595.562000,45.333310,6.535136,1800.528473,132.0,3.848325,6.8,4.3
1671712598.565000,45.333238,6.535246,1803.800049,132.0,3.857174,6.6,4.2
1671712601.566000,45.333166,6.535358,1803.800049,132.0,3.871505,6.3,3.9
1671712604.563000,45.333094,6.535466,1806.685555,132.0,3.867309,5.7,2.7
1671712607.577000,45.333022,6.535574,1809.561316,132.0,3.868133,4.9,3.3
1671712610.578000,45.332950,6.535684,1811.738969,133.0,3.876914,5.9,3.3
1671712613.578000,45.332879,6.535794,1813.515118,133.0,3.883205,5.7,2.9
1671712616.569000,45.332807,6.535905,1815.260835,132.0,3.898430,5.9,2.9
1671712619.589000,45.332735,6.536015,1816.634785,132.0,3.894645,6.1,3.9
1671712622.576000,45.332664,6.536125,1818.435621,132.0,3.898089,6.7,3.3
1671712625.584000,45.332592,6.536233,1820.455499,132.0,3.907319,6.8,4.4
1671712628.583000,45.332520,6.536343,1822.863397,133.0,3.891995,6.1,4.9
1671712631.572000,45.332449,6.536452,1824.669231,133.0,3.894625,6.0,4.8
1671712634.567000,45.332377,6.536561,1827.707212,133.0,3.882463,5.1,4.3
1671712637.560000,45.332307,6.536669,1829.902856,133.0,3.872848,5.5,4.4
1671712640.584000,45.332236,6.536777,1832.623264,132.0,3.865399,5.8,4.4
1671712643.568000,45.332166,6.536883,1836.611046,132.0,3.837115,6.2,4.5
1671712646.570000,45.332097,6.536990,1839.975970,132.0,3.828885,6.1,4.9
1671712649.579000,45.332027,6.537096,1843.848111,133.0,3.806595,6.8,4.0
1671712652.585000,45.331963,6.537196,1847.880982,132.0,3.806412,6.8,3.6
1671712655.126000,45.331900,6.537291,1849.205643,132.0,3.835686,5.7,4.1
1671712657.561000,45.331839,6.537385,1850.602782,132.0,3.855937,5.7,4.1
1671712660.570000,45.331766,6.537496,1852.526600,132.0,3.873485,4.9,3.4
1671712663.570000,45.331694,6.537607,1854.706202,133.0,3.884256,5.7,3.4
1671712666.580000,45.331623,6.537715,1857.152691,133.0,3.874324,5.7,3.3
1671712669.574000,45.331559,6.537813,1859.446545,132.0,3.876624,6.0,3.5
1671712672.575000,45.331484,6.537928,1862.353775,131.0,3.862953,5.8,3.6
1671712675.572000,45.331419,6.538028,1865.389131,132.2,3.851869,6.6,3.4
1671712678.558000,45.331346,6.538139,1868.815885,132.0,3.811993,6.5,2.9
1671712681.566000,45.331278,6.538245,1873.302242,133.0,3.759986,5.5,3.1
1671712684.564000,45.331215,6.538343,1877.537788,132.0,3.726523,5.2,3.5
1671712687.575000,45.331146,6.538447,1883.706755,132.0,3.689018,4.8,3.9
1671712690.580000,45.331080,6.538547,1888.592279,132.0,3.652244,5.5,2.7
1671712693.564000,45.331015,6.538647,1893.676681,133.0,3.631864,5.6,3.3
1671712696.564000,45.330950,6.538746,1900.056579,134.0,3.598248,5.9,3.9
1671712699.570000,45.330886,6.538842,1905.304206,132.0,3.626875,6.0,3.9
1671712702.572000,45.330815,6.538948,1908.467024,132.0,3.662546,6.6,3.6
1671712705.576000,45.330745,6.539054,1912.650291,132.0,3.686947,6.4,3.1
1671712708.575000,45.330674,6.539160,1915.935981,132.0,3.714751,5.1,3.5
1671712711.575000,45.330606,6.539265,1919.885230,132.0,3.719275,5.8,3.9
1671712714.566000,45.330536,6.539371,1923.796890,133.0,3.730210,4.6,3.6
1671712717.571000,45.330468,6.539474,1927.622001,133.0,3.719437,5.2,2.8
1671712720.582000,45.330400,6.539578,1932.802382,133.0,3.712964,5.5,2.7
1671712723.572000,45.330332,6.539682,1937.734097,132.0,3.710644,5.2,3.4
1671712726.582000,45.330266,6.539783,1942.458874,132.0,3.684449,5.9,2.9
1671712729.589000,45.330199,6.539883,1947.320958,132.0,3.671017,6.5,3.7
1671712732.582000,45.330134,6.539984,1951.409245,133.0,3.645146,6.7,4.5
1671712735.595000,45.330066,6.540092,1957.737986,133.0,3.645811,5.8,3.6
1671712738.578000,45.329995,6.540199,1960.492075,133.0,3.701991,5.5,3.8
1671712741.583000,45.329920,6.540310,1963.178727,132.0,3.732779,4.9,3.8
1671712744.594000,45.329851,6.540414,1966.204047,132.0,3.770597,5.1,3.6
1671712747.603000,45.329780,6.540521,1968.954021,132.0,3.785165,5.5,3.1
1671712750.585000,45.329712,6.540626,1971.980958,132.0,3.789448,5.7,3.3
1671712753.590000,45.329641,6.540734,1975.527690,132.0,3.800570,5.7,2.8
1671712756.583000,45.329571,6.540839,1979.014423,133.0,3.791063,6.5,3.3
1671712759.594000,45.329504,6.540942,1982.350404,132.0,3.819843,6.3,3.6
1671712762.593000,45.329428,6.541057,1983.478629,132.0,3.845907,5.6,3.2
1671712765.586000,45.329356,6.541167,1984.839796,133.0,3.865654,6.7,3.1
1671712768.588000,45.329283,6.541278,1986.417536,133.0,3.884275,4.8,3.1
1671712771.589000,45.329211,6.541387,1987.902641,133.0,3.887954,4.9,3.1
1671712774.590000,45.329140,6.541497,1990.016238,133.0,3.895392,5.3,3.5
1671712777.590000,45.329068,6.541607,1991.855208,133.0,3.898221,5.5,2.9
1671712780.577000,45.328998,6.541716,1994.181769,132.0,3.890648,5.8,3.1
1671712783.581000,45.328930,6.541822,1995.953217,132.0,3.910771,6.6,3.6
1671712786.598000,45.328865,6.541926,1996.139363,129.8,3.902895,5.6,3.6
1671712790.578000,45.328805,6.542026,1996.515315,130.5,3.377452,5.7,4.0
1671712795.569000,45.328716,6.542071,1996.242828,175.6,2.756269,4.5,5.1
1671712798.573000,45.328619,6.542034,1995.146125,185.0,2.986076,4.7,4.9
1671712801.580000,45.328495,6.541988,1994.612759,201.9,3.422618,5.2,4.3
1671712803.577000,45.328414,6.541931,1993.552056,205.0,3.820432,4.7,4.0
1671712805.597000,45.328298,6.541859,1992.208818,195.1,6.245338,5.4,4.0
1671712807.589000,45.328176,6.541827,1991.470357,184.1,6.084798,5.5,4.0
1671712809.588000,45.328056,6.541820,1990.627211,182.2,6.607419,6.1,4.0
1671712811.595000,45.327942,6.541811,1988.618807,183.0,5.597211,5.9,4.0
1671712813.596000,45.327849,6.541802,1987.331554,180.1,4.988520,5.5,4.0
1671712815.589000,45.327756,6.541814,1986.696139,170.5,5.334357,5.0,4.0
1671712817.589000,45.327663,6.541866,1985.513855,159.0,5.553415,6.4,4.0
1671712819.582000,45.327566,6.541907,1984.467353,175.2,5.706330,5.9,4.0
1671712821.589000,45.327462,6.541909,1982.775292,174.4,5.886942,4.4,4.0
1671712823.581000,45.327345,6.541942,1981.047380,165.2,7.043128,4.6,4.0
1671712825.601000,45.327211,6.541998,1978.642188,161.5,7.792691,4.7,4.0
1671712827.590000,45.327076,6.542067,1977.979629,160.9,7.862378,5.2,4.0
1671712829.598000,45.326936,6.542115,1977.515623,171.1,8.077340,4.6,4.0
1671712831.586000,45.326789,6.542135,1974.861247,173.0,8.259494,5.3,4.0
1671712833.585000,45.326639,6.542156,1973.022825,174.6,8.454943,5.4,4.0
1671712835.587000,45.326479,6.542159,1971.661369,177.0,9.282990,6.0,4.0
1671712836.592000,45.326388,6.542161,1969.795619,177.0,10.092137,6.2,4.0
1671712837.577000,45.326293,6.542165,1968.721465,177.0,10.342712,5.7,4.3
1671712838.579000,45.326197,6.542173,1968.343067,176.0,10.313496,5.4,4.7
1671712839.574000,45.326104,6.542184,1967.731541,174.0,10.256223,5.5,4.7
1671712840.578000,45.326010,6.542200,1965.654356,172.0,10.450280,6.5,4.7
1671712841.561000,45.325917,6.542223,1964.373124,169.0,10.447882,5.9,4.7
1671712842.587000,45.325822,6.542253,1962.618483,168.0,10.754010,5.7,4.4
1671712843.572000,45.325724,6.542280,1960.293955,169.0,11.170153,7.4,4.7
1671712844.593000,45.325624,6.542306,1958.511918,170.0,10.946201,6.3,4.8
1671712845.579000,45.325532,6.542329,1958.025797,169.0,10.282844,6.3,5.2
1671712846.575000,45.325441,6.542349,1957.675202,171.0,10.550888,4.1,5.2
1671712847.586000,45.325344,6.542364,1957.458882,173.0,10.689163,4.1,5.2
1671712848.591000,45.325247,6.542375,1954.944887,175.0,10.761203,4.2,4.8
1671712849.594000,45.325148,6.542379,1954.489731,178.0,10.871695,4.4,4.7
1671712850.585000,45.325052,6.542366,1952.948215,187.9,10.763115,4.5,4.4
1671712851.602000,45.324958,6.542337,1951.993099,207.4,9.735980,4.7,4.8
1671712853.594000,45.324837,6.542194,1948.320154,227.8,8.167925,5.0,5.6
1671712855.581000,45.324839,6.542007,1942.369201,299.0,8.735047,4.6,6.7
1671712856.566000,45.324893,6.541888,1940.022275,298.0,8.265326,4.5,7.0
1671712858.579000,45.324995,6.541696,1937.414220,308.0,7.495598,5.3,7.7
1671712860.575000,45.325113,6.541527,1934.701038,311.5,8.692168,5.3,8.0
1671712862.566000,45.325208,6.541309,1931.158735,286.5,9.697236,6.1,8.0
1671712863.582000,45.325218,6.541182,1929.324731,269.3,8.887897,5.8,8.0
1671712865.570000,45.325153,6.540997,1925.521010,248.2,7.661619,5.6,7.3
1671712867.574000,45.325046,6.540879,1922.118632,230.9,6.923167,6.0,6.4
1671712869.572000,45.324931,6.540760,1918.248573,206.6,8.876930,6.3,6.0
1671712871.573000,45.324783,6.540737,1912.247552,169.3,7.531647,5.9,6.0
1671712873.573000,45.324634,6.540798,1910.455557,155.2,8.769954,4.1,6.0
1671712875.582000,45.324491,6.540894,1909.828660,157.5,8.276403,4.2,6.0
1671712877.594000,45.324345,6.540958,1908.349482,163.9,8.342566,4.4,5.6
1671712879.592000,45.324193,6.541010,1906.067395,165.9,8.504082,4.9,4.8
1671712881.592000,45.324040,6.541043,1905.088927,172.1,8.250860,4.6,4.0
1671712883.589000,45.323892,6.541046,1904.203779,180.9,8.112647,5.2,4.0
1671712885.582000,45.323744,6.541021,1902.140479,186.8,8.220328,5.1,4.0
1671712887.592000,45.323588,6.540982,1900.661511,187.0,9.074306,5.1,4.0
1671712889.589000,45.323420,6.540932,1898.755766,194.6,9.441414,5.7,4.0
1671712891.572000,45.323274,6.540812,1894.651867,220.2,9.029049,5.6,4.7
1671712893.576000,45.323195,6.540617,1893.780444,241.7,8.016928,6.6,5.0
1671712895.576000,45.323134,6.540422,1892.164825,238.6,7.649689,7.7,5.7
1671712897.581000,45.323080,6.540246,1890.518691,249.1,7.588693,5.7,5.7
1671712899.579000,45.323062,6.540037,1888.953438,267.8,7.863380,4.1,6.0
1671712901.582000,45.323054,6.539833,1886.159036,255.2,7.708580,4.1,6.0
1671712903.584000,45.323046,6.539626,1883.270663,267.1,7.662103,4.3,6.0
1671712905.585000,45.323032,6.539457,1880.039544,254.3,5.766516,4.5,6.0
1671712907.588000,45.323004,6.539308,1877.790093,251.0,5.777849,4.4,6.0
1671712909.587000,45.322955,6.539195,1875.191885,243.7,5.759364,5.3,6.0
1671712911.591000,45.322918,6.539022,1873.362433,252.8,7.582118,5.3,6.0
1671712913.576000,45.322863,6.538841,1869.539893,239.1,7.281049,4.7,5.7
1671712915.585000,45.322794,6.538714,1867.722243,234.8,6.557033,5.5,5.0
1671712935.691000,45.322771,6.538740,1869.107841,-1.0,0.000000,5.1,5.7
1671712935.691000,45.322771,6.538740,1869.107841,-1.0,0.000000,5.1,5.7
1671712948.463000,45.322703,6.538751,1869.880654,-1.0,0.069697,4.6,8.8
1671712958.464000,45.322614,6.538735,1871.075544,-1.0,0.009943,5.0,14.1
1671712979.563000,45.322655,6.538851,1873.883956,-1.0,0.021076,2.6,4.7
1671712987.842000,45.322712,6.539001,1871.617714,51.0,3.062391,5.0,7.4
1671712988.963000,45.322750,6.539136,1872.500000,54.5,3.843246,5.8,8.7
1671712991.301000,45.322794,6.539314,1876.442657,56.1,4.154104,5.8,11.2
1671712993.101000,45.322823,6.539453,1886.183542,58.5,3.975638,2.8,10.8
1671712996.101000,45.322861,6.539592,1887.326515,57.5,3.392943,6.0,8.6
1671712999.521000,45.322917,6.539735,1902.604123,55.6,3.981295,2.4,6.9
1671713002.344000,45.322980,6.539884,1904.009832,53.2,4.759466,3.6,7.1
1671713005.343000,45.323044,6.540018,1902.300049,54.5,4.505832,3.7,7.1
1671713008.343000,45.323108,6.540156,1904.022704,56.5,4.166616,3.9,7.1
1671713010.663000,45.323164,6.540267,1905.905598,51.9,4.631404,4.3,7.2
1671713013.569000,45.323227,6.540405,1908.133738,52.0,4.440335,4.5,5.6
1671713016.590000,45.323295,6.540542,1915.919929,56.0,4.617664,2.5,4.0
1671713019.581000,45.323362,6.540676,1914.058695,54.0,4.408017,6.3,4.0
1671713022.577000,45.323433,6.540818,1916.989863,53.0,4.454268,5.7,4.0
1671713025.583000,45.323504,6.540961,1918.727505,52.0,4.374620,13.2,4.0
1671713028.593000,45.323572,6.541100,1926.503854,55.0,4.405964,2.5,4.0
1671713031.580000,45.323642,6.541232,1924.514394,53.0,4.359006,3.6,4.0
1671713034.576000,45.323713,6.541371,1925.210491,53.0,4.425387,3.8,4.0
1671713037.588000,45.323784,6.541509,1927.929049,54.0,4.411152,4.0,4.0
1671713040.592000,45.323854,6.541646,1930.739357,54.0,4.365152,5.1,4.0
1671713043.613000,45.323923,6.541780,1933.421776,53.0,4.305379,5.4,4.0
1671713046.580000,45.323990,6.541917,1940.171099,54.0,4.335129,6.0,4.0
1671713049.577000,45.324058,6.542054,1944.813028,54.0,4.365321,2.8,4.0
1671713052.052000,45.324110,6.542160,1946.730610,54.0,4.301859,2.7,5.0
1671713054.593000,45.324169,6.542279,1950.794082,54.0,4.274426,2.5,5.0
1671713057.104000,45.324222,6.542383,1953.370094,54.0,4.260460,3.5,4.8
1671713059.593000,45.324281,6.542501,1953.346443,54.0,4.316551,4.0,4.8
1671713062.073000,45.324334,6.542605,1958.334529,54.0,4.210688,3.4,5.9
1671713064.591000,45.324391,6.542719,1964.247318,54.0,4.194067,3.5,4.9
1671713067.575000,45.324456,6.542850,1969.873924,54.0,4.167244,2.9,4.0
1671713070.580000,45.324519,6.542977,1977.483255,54.0,4.259204,2.4,4.0
1671713073.585000,45.324586,6.543112,1980.701228,54.0,4.079724,2.6,4.0
1671713076.592000,45.324651,6.543241,1986.733202,53.0,4.100544,2.6,4.0
1671713079.585000,45.324715,6.543368,1992.004088,55.0,4.083096,2.4,4.0
1671713082.607000,45.324778,6.543494,1993.151885,54.0,4.119677,3.3,4.0
1671713085.582000,45.324841,6.543620,2000.841149,53.0,3.922720,3.5,4.0
1671713088.567000,45.324904,6.543745,2009.598220,54.0,3.933249,3.0,4.0
1671713091.591000,45.324967,6.543869,2014.251969,55.0,4.057705,2.7,4.0
1671713094.589000,45.325029,6.543991,2021.935940,55.0,4.015330,3.1,4.0
1671713097.586000,45.325091,6.544115,2029.034200,53.0,3.948330,2.4,4.0
1671713100.594000,45.325159,6.544252,2035.234776,52.0,3.994036,2.4,4.0
1671713103.587000,45.325225,6.544384,2038.817643,54.0,4.349991,2.8,4.0
1671713106.588000,45.325290,6.544513,2043.171992,55.0,4.501405,3.0,4.0
1671713109.586000,45.325355,6.544643,2049.196240,54.0,4.045390,2.5,4.0
1671713112.590000,45.325419,6.544774,2053.925979,53.0,3.942140,3.1,4.0
1671713115.581000,45.325486,6.544907,2056.991231,55.0,4.120440,2.9,4.0
1671713118.586000,45.325549,6.545031,2063.081907,54.0,4.225875,2.7,4.0
1671713121.581000,45.325613,6.545156,2070.055965,53.0,4.140816,2.9,4.0
1671713124.591000,45.325676,6.545284,2077.317107,54.0,3.917530,2.4,4.0
1671713127.593000,45.325740,6.545407,2083.176790,53.0,4.118018,2.4,4.0
1671713130.579000,45.325806,6.545535,2089.320791,54.0,3.960294,2.6,4.3
1671713133.583000,45.325866,6.545652,2095.419989,54.0,4.091117,2.6,4.4
1671713136.581000,45.325930,6.545782,2101.459249,54.0,3.963348,2.4,4.0
1671713139.608000,45.325989,6.545897,2107.626694,54.0,3.953627,3.2,5.1
1671713142.598000,45.326054,6.546025,2113.497798,54.0,3.886647,2.7,5.1
1671713145.575000,45.326115,6.546146,2121.693416,54.0,4.075047,2.6,5.0
1671713148.596000,45.326176,6.546267,2128.695139,54.0,3.879122,2.4,5.2
1671713151.584000,45.326236,6.546391,2136.405340,54.0,3.776022,2.4,5.1
1671713154.610000,45.326296,6.546510,2143.179984,54.0,3.826216,2.4,5.2
1671713157.579000,45.326357,6.546634,2153.701410,54.0,4.046357,2.6,5.2
1671713160.592000,45.326419,6.546757,2159.209490,54.0,3.843158,2.5,4.0
1671713163.589000,45.326475,6.546870,2165.392086,54.0,3.637555,2.4,4.0
1671713166.610000,45.326535,6.546990,2173.040076,54.0,3.758305,2.4,4.0
1671713169.233000,45.326590,6.547100,2179.273272,54.0,4.545736,3.2,5.4
1671713172.599000,45.326662,6.547242,2182.789822,54.0,4.476324,3.3,5.4
1671713175.611000,45.326730,6.547375,2188.036105,55.0,4.215911,3.0,4.0
1671713178.600000,45.326791,6.547496,2195.456894,54.9,3.930192,2.5,4.0
1671713181.593000,45.326854,6.547624,2202.653596,53.0,3.828062,3.2,5.4
1671713184.280000,45.326911,6.547733,2206.731802,54.0,4.185215,3.3,5.5
1671713187.592000,45.326980,6.547871,2214.881008,54.0,4.063904,3.0,5.5
1671713190.573000,45.327045,6.547996,2220.647384,54.0,4.824787,3.3,5.2
1671713193.572000,45.327115,6.548131,2224.756755,54.0,4.232683,2.7,5.2
1671713196.584000,45.327183,6.548265,2229.207209,53.0,3.891071,2.4,4.0
1671713199.582000,45.327252,6.548399,2232.081380,54.0,4.232046,2.4,4.0
1671713202.590000,45.327318,6.548531,2236.229609,54.0,4.736470,2.4,3.8
1671713205.590000,45.327386,6.548664,2239.630560,54.0,4.585653,2.8,3.8
1671713208.589000,45.327454,6.548798,2240.965587,53.0,4.044041,3.1,4.0
1671713211.588000,45.327520,6.548937,2245.966573,54.0,4.052751,2.5,4.0
1671713214.574000,45.327587,6.549070,2251.409246,54.0,4.452902,2.4,4.0
1671713217.581000,45.327655,6.549201,2256.900413,54.0,4.078695,2.4,4.0
1671713220.589000,45.327721,6.549336,2261.535436,54.0,4.111538,2.4,3.1
1671713223.587000,45.327790,6.549473,2265.668634,54.0,4.198968,2.4,2.8
1671713226.609000,45.327865,6.549619,2266.194807,54.0,4.264706,3.8,3.9
1671713229.591000,45.327928,6.549749,2269.467054,55.0,4.305059,3.6,3.6
1671713232.575000,45.327996,6.549886,2272.406131,54.0,4.312116,3.0,3.6
1671713235.572000,45.328064,6.550023,2275.657324,54.0,4.334826,2.7,3.9
1671713238.590000,45.328133,6.550161,2278.904183,54.0,4.348801,2.7,3.5
1671713241.600000,45.328206,6.550306,2282.459067,54.0,4.356231,2.7,3.1
1671713244.588000,45.328270,6.550433,2289.349251,54.0,4.348383,2.5,3.4
1671713247.589000,45.328340,6.550572,2296.079495,54.0,4.353079,2.9,3.5
1671713250.593000,45.328406,6.550706,2299.548665,54.0,4.347524,2.7,3.3
1671713253.595000,45.328475,6.550841,2302.811504,55.0,4.341135,2.6,3.4
1671713256.608000,45.328546,6.550981,2303.531598,53.0,4.326974,2.5,3.9
1671713259.575000,45.328610,6.551110,2305.569013,54.0,4.341357,2.6,3.3
1671713262.579000,45.328677,6.551246,2307.197972,54.0,4.347846,5.0,3.6
1671713265.581000,45.328747,6.551380,2307.140194,55.0,4.358451,11.8,3.6
1671713268.581000,45.328815,6.551511,2310.848938,54.0,4.358022,2.8,3.5
1671713271.593000,45.328886,6.551648,2315.653042,52.0,4.368894,3.0,3.9
1671713274.592000,45.328955,6.551781,2319.062207,54.0,4.368453,3.0,3.9
1671713277.594000,45.329024,6.551913,2322.475405,55.0,4.361074,3.2,3.5
1671713280.587000,45.329091,6.552048,2329.722650,53.0,4.349255,2.4,3.5
1671713283.589000,45.329158,6.552186,2339.230300,53.0,4.344852,4.0,3.9
1671713286.583000,45.329225,6.552321,2345.044877,55.0,4.337867,2.5,3.4
1671713289.583000,45.329293,6.552457,2348.952641,55.0,4.324910,2.5,2.3
1671713292.591000,45.329348,6.552567,2350.894972,53.3,4.305540,2.8,3.1
1671713294.590000,45.329403,6.552680,2354.285485,54.0,4.322659,3.1,3.5
1671713297.593000,45.329470,6.552814,2354.821570,54.0,4.331783,2.6,2.9
1671713300.583000,45.329539,6.552947,2355.976253,54.0,4.335862,2.5,2.5
1671713303.598000,45.329607,6.553082,2357.955277,54.0,4.337313,3.1,2.5
1671713306.589000,45.329676,6.553217,2362.360502,54.0,4.337075,2.7,2.9
1671713309.586000,45.329741,6.553353,2371.985451,54.0,4.336047,3.8,3.8
1671713312.598000,45.329797,6.553471,2378.456287,54.0,4.334060,2.5,3.9
1671713315.588000,45.329875,6.553617,2382.844360,54.0,4.320411,2.5,3.9
1671713318.586000,45.329943,6.553750,2386.806457,54.0,4.311274,2.5,3.8
1671713321.588000,45.330012,6.553883,2388.645433,54.0,4.304457,2.6,3.8
1671713324.582000,45.330080,6.554017,2393.117925,54.0,4.307177,3.7,3.9
1671713327.592000,45.330152,6.554152,2390.483880,54.0,4.338658,2.5,3.9
1671713330.589000,45.330222,6.554289,2394.959701,54.0,4.356976,2.5,3.9
1671713333.588000,45.330288,6.554426,2397.389106,54.0,4.378669,2.5,3.6
1671713336.584000,45.330360,6.554560,2401.095569,50.0,4.367065,3.6,3.6
1671713339.588000,45.330415,6.554670,2404.970358,52.9,4.139872,2.5,3.9
1671713347.589000,45.330481,6.554757,2404.449749,48.0,1.550883,2.5,4.0
1671713357.602000,45.330574,6.554785,2402.615951,61.1,1.091150,3.0,4.0
1671713377.537000,45.330542,6.554915,2403.378648,134.4,0.520561,2.4,3.9
1671713381.137000,45.330445,6.554981,2402.565046,142.5,0.929610,2.8,6.5
1671713385.316000,45.330354,6.555000,2403.300226,154.3,1.143151,2.5,6.3
1671713391.696000,45.330282,6.554906,2402.025128,192.3,1.233785,3.6,6.9
1671713396.257000,45.330217,6.554817,2404.265285,217.6,1.651866,2.5,6.8
1671713400.336000,45.330140,6.554704,2402.620151,217.8,2.244568,2.4,6.2
1671713403.581000,45.330043,6.554588,2403.341025,215.7,2.784063,2.7,4.9
1671713405.735000,45.329958,6.554504,2401.124811,215.1,3.138395,2.6,4.3
1671713408.136000,45.329877,6.554411,2397.971496,219.1,3.478703,2.4,6.0
1671713410.593000,45.329750,6.554266,2396.188354,214.0,6.972402,3.3,5.9
1671713412.583000,45.329632,6.554156,2391.955193,212.1,7.154389,2.5,5.5
1671713414.592000,45.329513,6.554062,2393.166395,206.0,7.434599,2.9,4.0
1671713416.604000,45.329380,6.553989,2391.572809,198.0,8.160008,2.9,4.0
1671713418.591000,45.329234,6.553929,2391.701418,196.0,8.410225,2.4,4.0
1671713420.593000,45.329086,6.553878,2387.843732,192.1,8.398782,3.1,4.0
1671713422.610000,45.328936,6.553838,2386.311048,192.0,8.445765,3.1,4.0
1671713424.598000,45.328789,6.553797,2383.906496,187.1,8.313865,2.5,4.0
1671713426.599000,45.328638,6.553787,2383.906354,181.1,8.428838,2.4,4.0
1671713428.579000,45.328481,6.553778,2381.078258,186.8,9.034558,2.4,4.0
1671713430.577000,45.328316,6.553737,2380.433128,187.0,9.243176,2.4,4.0
1671713432.600000,45.328146,6.553712,2379.244568,187.0,9.596367,2.7,4.0
1671713434.591000,45.327992,6.553737,2374.777827,173.0,8.405039,2.7,4.0
1671713436.589000,45.327840,6.553769,2370.227534,173.0,8.662228,2.4,4.0
1671713438.596000,45.327703,6.553779,2366.125218,185.6,7.001280,2.4,4.0
1671713440.599000,45.327581,6.553821,2362.629270,179.0,6.987805,2.4,4.0
1671713442.599000,45.327458,6.553794,2354.780698,178.0,7.160824,2.6,4.0
1671713444.586000,45.327327,6.553817,2350.447981,178.0,7.571964,2.5,4.0
1671713446.609000,45.327182,6.553764,2352.340834,198.0,8.382727,3.0,4.0
1671713448.606000,45.327035,6.553747,2349.781724,173.7,7.910008,2.6,4.0
1671713450.578000,45.326886,6.553751,2343.662099,179.0,8.418420,2.5,4.0
1671713452.586000,45.326738,6.553764,2342.778370,182.8,8.099505,3.3,4.0
1671713454.598000,45.326591,6.553718,2340.437649,184.3,8.210276,2.6,4.0
1671713456.590000,45.326442,6.553742,2337.665978,169.0,8.082911,2.5,4.0
1671713458.576000,45.326299,6.553757,2335.877615,180.9,7.827664,2.5,4.0
1671713460.596000,45.326174,6.553687,2336.069426,207.9,7.435907,2.4,4.0
1671713462.598000,45.326070,6.553626,2334.523624,196.0,6.236540,2.7,4.4
1671713464.569000,45.325994,6.553507,2330.861413,226.0,6.837886,2.6,4.3
1671713466.598000,45.325903,6.553386,2326.347981,189.1,6.173584,2.4,4.7
1671713468.594000,45.325787,6.553338,2322.447822,207.9,6.868162,2.4,5.2
1671713470.570000,45.325657,6.553278,2318.085103,198.0,7.065640,2.4,5.3
1671713472.588000,45.325541,6.553234,2308.778588,186.7,5.863317,2.6,4.8
1671713474.607000,45.325433,6.553227,2305.011856,198.5,5.047935,2.5,4.4
1671713476.587000,45.325341,6.553171,2300.104377,187.0,5.473728,2.5,5.2
1671713478.576000,45.325238,6.553147,2302.555535,203.5,5.511189,3.1,5.7
1671713480.578000,45.325135,6.553094,2292.741307,198.0,6.370869,2.7,6.0
1671713482.600000,45.325047,6.552992,2291.613686,217.9,6.419637,2.5,5.6
1671713484.586000,45.324964,6.552923,2290.475514,196.5,4.678946,2.6,5.0
1671713486.594000,45.324878,6.552873,2287.966772,218.9,6.009868,2.5,4.4
1671713488.592000,45.324762,6.552790,2283.149643,205.0,7.871666,2.5,5.2
1671713490.589000,45.324639,6.552677,2277.796616,217.1,8.082920,2.6,5.7
1671713492.586000,45.324514,6.552606,2277.620266,199.4,7.121852,2.4,6.0
1671713494.587000,45.324391,6.552520,2275.439935,207.9,7.584650,2.6,6.0
1671713496.588000,45.324268,6.552468,2270.525678,200.8,6.792268,2.4,6.0
1671713498.583000,45.324188,6.552382,2267.982211,201.4,5.994993,2.4,5.3
1671713500.572000,45.324086,6.552347,2265.314357,203.4,5.858966,2.7,4.7
1671713502.599000,45.324024,6.552244,2257.629185,227.0,5.435824,2.6,4.0
1671713505.569000,45.323929,6.552161,2257.719611,206.7,5.573703,2.6,4.0
1671713507.580000,45.323862,6.552057,2253.712150,222.0,4.673853,2.9,4.6
1671713509.589000,45.323760,6.552024,2245.922040,187.3,6.435644,2.7,4.9
1671713512.155000,45.323676,6.551939,2244.085039,324.2,3.527990,2.5,5.2
1671713514.475000,45.323574,6.551934,2240.679074,197.2,5.172241,2.5,6.7
1671713517.477000,45.323468,6.551927,2241.551463,183.3,3.762355,2.6,7.8
1671713520.357000,45.323381,6.551881,2238.312728,159.4,3.029412,2.4,7.4
1671713522.592000,45.323280,6.551859,2234.295242,200.0,5.414505,2.5,6.9
1671713524.570000,45.323156,6.551846,2230.323616,187.4,6.141749,2.5,6.6
1671713526.583000,45.323068,6.551791,2225.746319,201.4,5.189225,2.7,6.0
1671713528.603000,45.322973,6.551779,2223.652107,209.4,4.425989,2.6,5.2
1671713531.572000,45.322828,6.551738,2213.613906,186.7,7.370595,2.6,7.6
1671713533.589000,45.322687,6.551691,2208.198008,183.6,6.778715,2.5,7.4
1671713535.578000,45.322565,6.551685,2210.875911,195.8,6.017967,2.8,6.6
1671713537.578000,45.322446,6.551658,2206.966509,186.1,5.748470,2.8,5.3
1671713539.591000,45.322335,6.551634,2198.544908,204.3,5.830433,2.7,5.2
1671713541.559000,45.322229,6.551586,2195.167047,187.4,5.592334,2.7,4.7
1671713543.572000,45.322123,6.551554,2192.625134,208.7,6.108987,2.6,4.0
1671713545.599000,45.322016,6.551515,2194.942840,195.9,6.095219,2.5,4.0
1671713547.590000,45.321914,6.551532,2191.963184,187.3,6.165504,2.5,4.0
1671713549.577000,45.321802,6.551506,2188.386371,168.1,6.587765,2.5,4.0
1671713551.596000,45.321688,6.551557,2185.585654,162.9,7.115411,2.4,4.8
1671713553.597000,45.321553,6.551558,2184.345548,186.6,7.645999,2.4,4.8
1671713555.582000,45.321424,6.551554,2181.411478,171.8,6.135659,2.5,4.7
1671713557.577000,45.321320,6.551575,2180.664730,184.9,5.866348,2.6,4.0
1671713559.578000,45.321207,6.551569,2175.290226,184.5,6.636513,2.6,4.0
1671713561.594000,45.321090,6.551623,2170.997733,159.1,6.648651,2.7,4.0
1671713563.592000,45.320961,6.551666,2169.533863,177.7,8.196995,2.5,4.0
1671713565.586000,45.320820,6.551700,2171.876046,161.3,7.007018,2.7,4.0
1671713567.593000,45.320695,6.551741,2168.935819,177.8,7.575231,2.7,4.0
1671713569.591000,45.320544,6.551762,2160.197017,162.1,9.001803,2.7,4.0
1671713571.579000,45.320376,6.551860,2154.556902,154.0,10.430326,2.7,4.0
1671713572.562000,45.320289,6.551922,2153.085407,154.0,10.556861,2.6,4.0
1671713573.593000,45.320202,6.551975,2152.561088,157.9,9.687769,2.7,4.0
1671713575.583000,45.320055,6.552030,2157.155596,170.0,7.826984,2.5,4.0
1671713577.591000,45.319928,6.552027,2156.802154,186.9,6.900755,2.4,4.0
1671713579.598000,45.319819,6.551961,2155.992343,207.0,6.371971,2.5,4.8
1671713581.583000,45.319741,6.551858,2156.935941,229.0,5.741643,2.4,5.0
1671713583.582000,45.319705,6.551726,2154.201597,236.1,5.156578,2.5,5.3
1671713586.577000,45.319679,6.551541,2149.222558,276.9,5.377871,2.5,4.7
1671713588.588000,45.319667,6.551385,2146.592138,245.5,7.247594,2.5,4.0
1671713590.579000,45.319629,6.551184,2140.176345,258.1,8.518421,2.6,4.0
1671713592.593000,45.319618,6.550944,2136.584372,278.0,8.914493,2.4,4.0
1671713594.596000,45.319608,6.550736,2130.917622,264.0,7.088333,2.5,4.0
1671713596.583000,45.319587,6.550560,2132.784297,252.3,6.695807,2.4,4.0
1671713599.618000,45.319489,6.550530,2127.441155,154.4,3.016380,2.7,4.0
1671713619.471000,45.319449,6.550610,2128.021979,-1.0,0.000000,2.8,3.5
1671713619.471000,45.319449,6.550610,2128.021979,-1.0,0.000000,2.8,3.5
1671713624.244000,45.319421,6.550622,2128.183568,138.0,1.641882,2.5,3.9
1671713706.447000,45.319322,6.550569,2126.135224,198.0,2.962713,3.3,5.5
1671713709.328000,45.319208,6.550513,2125.828216,193.1,3.699270,2.4,6.8
1671713712.088000,45.319114,6.550437,2125.086965,212.5,4.083016,2.4,7.2
1671713714.486000,45.319039,6.550339,2122.219270,221.0,4.357068,2.8,7.3
1671713717.589000,45.318976,6.550179,2120.697266,243.9,5.369968,2.8,6.8
1671713719.592000,45.318914,6.550041,2118.766727,231.9,6.272524,2.4,5.8
1671713721.597000,45.318795,6.549979,2115.346622,193.6,7.102308,2.4,4.0
1671713723.592000,45.318668,6.549902,2112.848077,211.7,7.785691,2.4,4.0
1671713725.586000,45.318537,6.549820,2110.250692,200.6,7.743081,2.4,4.0
1671713727.606000,45.318450,6.549690,2107.377902,234.8,6.851228,2.4,4.0
1671713729.579000,45.318370,6.549569,2105.540227,228.0,6.763649,2.4,4.0
1671713731.581000,45.318298,6.549439,2098.121040,231.2,6.649131,2.6,4.8
1671713733.576000,45.318191,6.549371,2094.129739,213.8,5.931918,2.8,5.3
1671713735.589000,45.318144,6.549246,2087.912328,247.4,6.093312,3.2,6.0
1671713737.581000,45.318079,6.549142,2083.746055,205.6,5.440534,2.5,6.0
1671713739.596000,45.317985,6.549052,2080.474624,205.2,6.268704,2.4,6.0
1671713741.591000,45.317917,6.548905,2074.463047,227.2,6.618402,2.4,6.0
1671713743.583000,45.317835,6.548786,2069.676131,229.6,6.616742,2.7,5.3
1671713745.584000,45.317764,6.548644,2065.444709,227.2,6.635458,2.7,4.4
1671713747.576000,45.317691,6.548536,2061.532142,239.6,6.828175,2.8,4.7
1671713749.605000,45.317601,6.548424,2058.202175,209.9,6.321855,2.4,5.6
1671713751.601000,45.317505,6.548314,2054.151820,228.8,7.718592,2.4,5.3
1671713753.610000,45.317406,6.548177,2049.573449,216.4,6.719154,2.4,5.2
1671713755.583000,45.317315,6.548066,2045.688255,229.2,7.640058,2.4,4.7
1671713757.582000,45.317204,6.547912,2042.668410,209.8,9.121532,2.4,4.7
1671713759.574000,45.317054,6.547786,2039.538161,211.9,9.490160,2.5,4.0
1671713760.577000,45.316980,6.547709,2039.199282,213.8,10.110717,2.6,4.0
1671713761.592000,45.316899,6.547634,2036.800573,211.7,10.400212,2.8,4.0
1671713762.582000,45.316815,6.547574,2034.720850,203.5,10.383436,2.9,4.0
1671713763.580000,45.316730,6.547528,2034.099627,200.1,9.699759,2.9,4.0
1671713765.581000,45.316582,6.547423,2032.534524,210.8,8.562391,3.3,4.0
1671713767.612000,45.316463,6.547316,2031.020340,210.0,7.325475,2.5,4.0
1671713769.596000,45.316364,6.547230,2031.479509,210.0,6.529645,2.4,4.0
1671713771.579000,45.316260,6.547142,2030.225558,208.9,7.327524,2.4,4.0
1671713773.578000,45.316133,6.547064,2027.659543,199.1,7.811737,2.6,4.0
1671713775.581000,45.315997,6.547015,2025.613034,190.1,7.535323,2.7,4.0
1671713777.578000,45.315873,6.547010,2024.133599,181.3,6.472908,2.8,4.0
1671713779.608000,45.315753,6.546974,2023.218663,193.2,7.306243,2.4,4.0
1671713781.597000,45.315620,6.546910,2019.292060,212.0,8.276196,2.4,4.0
1671713783.593000,45.315486,6.546827,2015.210137,203.3,8.430805,2.4,4.8
1671713785.575000,45.315340,6.546799,2010.630306,192.4,8.226128,2.4,5.3
1671713787.584000,45.315192,6.546760,2008.442369,194.4,8.472075,2.4,6.0
1671713789.582000,45.315041,6.546739,2003.672009,182.8,8.319454,2.7,5.7
1671713791.574000,45.314905,6.546676,1999.606213,196.5,8.118327,2.9,4.8
1671713793.590000,45.314781,6.546607,1996.560367,200.7,7.117168,3.2,4.4
1671713795.587000,45.314690,6.546474,1994.659111,222.5,7.240263,2.5,5.0
1671713797.595000,45.314584,6.546421,1991.646087,201.1,6.143506,2.4,6.0
1671713799.588000,45.314486,6.546339,1987.836610,213.2,6.329703,2.8,6.0
1671713801.585000,45.314404,6.546195,1983.574503,222.8,7.097600,2.6,6.0
1671713803.588000,45.314316,6.546045,1979.546618,230.0,8.107117,2.7,6.0
1671713805.596000,45.314261,6.545844,1976.796993,246.8,7.907820,2.4,6.0
1671713807.572000,45.314179,6.545703,1972.657478,230.9,6.910354,2.4,6.0
1671713809.616000,45.314151,6.545540,1971.859782,254.1,6.922858,2.4,5.2
1671713811.607000,45.314094,6.545403,1969.334426,225.9,5.967639,2.4,4.4
1671713813.584000,45.314039,6.545283,1967.986235,238.3,6.774466,2.4,4.7
1671713815.598000,45.314031,6.545127,1964.280414,253.1,6.072089,2.5,5.0
1671713817.593000,45.314071,6.544981,1960.788963,284.6,6.226431,2.7,4.8
1671713819.578000,45.314104,6.544846,1956.704877,274.3,5.425935,2.7,4.8
1671713821.587000,45.314129,6.544715,1951.503104,289.3,5.731520,3.2,5.3
1671713823.595000,45.314135,6.544562,1948.186975,275.9,6.088169,2.5,6.0
1671713825.604000,45.314142,6.544383,1945.195475,277.1,7.194948,2.4,6.0
1671713827.598000,45.314085,6.544191,1940.333100,242.5,7.842450,2.4,6.0
1671713829.588000,45.314055,6.544018,1936.923515,284.5,6.097340,2.6,6.0
1671713831.586000,45.314088,6.543851,1935.366093,267.8,6.323830,2.6,6.0
1671713833.592000,45.314034,6.543716,1932.633468,257.4,5.965117,2.4,6.0
1671713835.579000,45.314033,6.543570,1929.127549,257.0,5.626537,2.4,6.0
1671713837.596000,45.313997,6.543444,1926.875058,260.0,5.279862,2.4,5.2
1671713839.572000,45.313992,6.543314,1924.625728,252.6,4.985828,2.4,4.7
1671713842.578000,45.313901,6.543170,1921.813370,227.0,4.890320,2.4,4.0
1671713845.584000,45.313800,6.543083,1917.993975,219.2,5.141389,2.8,4.0
1671713847.593000,45.313726,6.542971,1914.968210,201.7,6.573071,2.9,4.2
1671713849.591000,45.313621,6.542894,1912.907613,221.9,5.614419,3.1,4.7
1671713851.583000,45.313534,6.542815,1910.168313,189.8,6.612677,2.5,6.0
1671713853.591000,45.313418,6.542764,1907.619445,213.7,4.993530,2.4,5.7
1671713857.606000,45.313269,6.542696,1901.798259,197.2,5.135773,2.6,9.0
1671713859.595000,45.313150,6.542670,1899.924931,196.0,6.058362,2.7,8.9
1671713861.583000,45.313039,6.542607,1895.119217,198.7,7.175517,2.5,6.0
1671713863.583000,45.312904,6.542583,1892.992877,195.1,6.262596,2.4,6.3
1671713865.588000,45.312781,6.542579,1888.588537,190.3,6.282460,2.4,6.4
1671713867.583000,45.312666,6.542555,1887.444946,191.0,6.312832,2.4,6.0
1671713869.588000,45.312541,6.542505,1884.499362,196.0,7.304362,2.4,6.0
1671713871.573000,45.312422,6.542481,1882.936670,180.1,5.631869,2.4,6.0
1671713875.594000,45.312384,6.542597,1883.100085,111.1,1.133345,2.8,5.8
1671713968.593000,45.312320,6.542505,1882.000000,-1.0,0.000004,6.1,6.4
1671713990.331000,45.312302,6.542641,1882.000000,78.8,1.645642,6.2,8.9
1671713992.526000,45.312314,6.542814,1882.000000,79.1,3.704644,6.1,10.3
1671713994.332000,45.312321,6.542995,1884.271484,79.7,4.073574,5.5,11.0
1671713996.532000,45.312317,6.543168,1888.851099,85.2,4.681369,4.7,10.0
1671713999.531000,45.312310,6.543336,1892.619552,88.8,3.973826,4.7,7.7
1671714002.453000,45.312313,6.543494,1901.901572,86.9,4.084012,6.3,7.1
1671714005.332000,45.312318,6.543656,1907.731816,86.5,3.880787,5.6,7.1
1671714008.331000,45.312314,6.543817,1914.913610,90.8,4.075428,7.4,7.1
1671714011.331000,45.312321,6.543975,1920.574275,88.6,3.942975,7.4,7.0
1671714014.331000,45.312334,6.544117,1926.900224,83.5,4.070865,8.9,8.1
1671714016.582000,45.312339,6.544254,1930.120105,84.0,4.109716,9.2,7.7
1671714019.598000,45.312342,6.544410,1933.996943,87.0,4.350254,6.2,4.8
1671714022.598000,45.312348,6.544574,1939.179458,87.0,4.140742,6.1,4.0
1671714025.571000,45.312350,6.544729,1943.509144,87.0,4.175881,4.3,4.0
1671714028.589000,45.312353,6.544891,1949.342640,86.0,4.129366,4.5,4.0
1671714031.599000,45.312358,6.545047,1954.700019,87.0,4.021181,6.3,4.4
1671714034.590000,45.312364,6.545208,1960.014585,86.0,4.225928,5.8,4.7
1671714037.594000,45.312368,6.545363,1965.800326,87.0,4.007678,7.4,4.4
1671714040.589000,45.312374,6.545520,1971.106347,87.0,4.057791,7.3,4.4
1671714043.598000,45.312382,6.545674,1977.982050,86.0,3.854762,8.9,4.4
1671714046.603000,45.312389,6.545837,1983.341762,87.0,4.747101,9.8,5.3
1671714049.598000,45.312394,6.545996,1987.373240,86.0,4.216595,6.0,6.0
1671714052.587000,45.312400,6.546157,1992.728924,87.0,4.309238,5.4,6.3
1671714055.072000,45.312404,6.546288,1997.042391,86.1,4.190982,4.6,6.1
1671714057.595000,45.312408,6.546421,2001.449730,87.0,4.115383,6.2,5.7
1671714060.100000,45.312414,6.546552,2005.980743,86.0,4.167068,6.1,5.1
1671714062.597000,45.312420,6.546686,2010.610381,86.0,3.983935,6.2,5.1
1671714065.153000,45.312425,6.546815,2015.952552,87.0,4.113493,7.2,6.2
1671714067.596000,45.312429,6.546945,2019.635243,86.0,3.969712,8.7,5.9
1671714070.607000,45.312434,6.547093,2026.014613,86.2,3.796700,7.8,5.4
1671714073.594000,45.312440,6.547263,2031.187233,87.0,4.110727,5.2,5.3
1671714076.599000,45.312445,6.547420,2035.676900,87.0,4.087685,5.7,5.3
1671714079.598000,45.312450,6.547583,2040.742871,86.0,4.244197,4.0,5.3
1671714082.592000,45.312455,6.547736,2045.736949,87.0,3.966768,5.8,5.3
1671714085.605000,45.312461,6.547915,2050.751491,87.0,4.593315,5.5,4.0
1671714088.590000,45.312466,6.548065,2054.928320,87.0,4.228981,5.3,4.3
1671714091.596000,45.312473,6.548233,2058.426828,87.0,4.405107,6.5,5.3
1671714094.569000,45.312479,6.548391,2062.764533,87.0,4.122446,8.3,5.3
1671714097.598000,45.312485,6.548555,2067.585466,87.0,4.343117,7.6,4.8
1671714100.600000,45.312490,6.548715,2071.907260,87.0,4.105597,5.6,5.2
1671714103.583000,45.312496,6.548876,2077.228930,87.0,4.275840,4.8,4.7
1671714106.602000,45.312502,6.549037,2081.548046,86.0,4.005496,4.8,4.4
1671714109.589000,45.312507,6.549188,2086.987715,87.0,4.355876,4.7,4.9
1671714112.593000,45.312512,6.549355,2092.267674,87.0,4.085150,6.2,4.9
1671714115.576000,45.312517,6.549513,2096.544325,89.0,4.277917,5.8,5.6
1671714118.592000,45.312519,6.549672,2102.720078,88.0,3.978168,6.9,4.8
1671714121.576000,45.312526,6.549817,2108.882224,86.0,4.039865,7.0,4.0
1671714124.612000,45.312530,6.549963,2114.837234,87.0,3.960094,8.6,4.0
1671714127.586000,45.312534,6.550098,2121.412705,87.0,4.513931,8.0,4.0
1671714130.583000,45.312539,6.550273,2125.198708,87.0,4.350935,5.9,4.0
1671714133.601000,45.312547,6.550436,2128.926304,86.0,4.235157,5.2,4.0
1671714136.593000,45.312554,6.550601,2132.549095,86.0,4.320959,5.0,4.0
1671714139.582000,45.312558,6.550762,2136.664262,87.0,4.172282,5.0,4.0
1671714142.573000,45.312561,6.550912,2141.047268,87.0,4.128697,5.8,4.0
1671714145.596000,45.312565,6.551062,2145.868945,86.0,4.418669,5.4,4.0
1671714148.593000,45.312569,6.551235,2148.784432,87.0,4.408411,6.5,4.0
1671714151.579000,45.312576,6.551402,2151.286628,87.0,4.385138,6.6,4.0
1671714154.582000,45.312582,6.551569,2154.246872,87.0,4.381844,7.6,4.0
1671714157.582000,45.312587,6.551737,2157.526234,86.0,4.302689,7.5,4.0
1671714160.595000,45.312591,6.551899,2161.289648,87.0,4.336227,5.3,4.0
1671714163.574000,45.312600,6.552062,2164.751287,86.0,4.169142,4.6,4.0
1671714166.592000,45.312604,6.552227,2168.439720,87.0,4.423410,4.4,4.0
1671714169.596000,45.312612,6.552396,2171.438137,86.0,4.219527,3.1,4.4
1671714172.595000,45.312617,6.552562,2176.454600,88.0,4.294429,5.8,4.3
1671714175.587000,45.312623,6.552725,2180.465832,86.0,4.343939,5.4,4.0
1671714178.594000,45.312629,6.552896,2184.860087,88.0,4.175047,6.6,4.0
1671714181.609000,45.312636,6.553077,2189.439890,86.0,4.255747,6.4,4.0
1671714184.600000,45.312639,6.553215,2194.276440,87.0,4.082682,7.6,4.0
1671714187.577000,45.312644,6.553386,2199.623354,87.0,4.219208,7.1,4.0
1671714190.603000,45.312648,6.553537,2204.691173,88.0,4.192997,5.3,4.0
1671714193.599000,45.312654,6.553701,2209.538706,86.0,4.144764,4.6,4.0
1671714196.614000,45.312660,6.553875,2214.398847,87.0,4.093367,4.4,4.0
1671714199.602000,45.312664,6.554014,2219.254725,87.0,4.115553,3.1,4.0
1671714202.592000,45.312669,6.554178,2225.800002,87.0,4.047536,5.8,4.0
1671714205.602000,45.312672,6.554319,2231.597893,87.0,4.680036,5.4,4.0
1671714207.596000,45.312676,6.554451,2234.540860,87.0,4.123362,6.1,4.0
1671714210.587000,45.312682,6.554604,2238.596219,87.0,4.269655,6.3,4.0
1671714213.570000,45.312687,6.554772,2242.258180,87.0,4.275864,6.5,4.0
1671714216.595000,45.312693,6.554930,2247.194134,87.0,4.226980,7.6,4.0
1671714219.593000,45.312698,6.555090,2251.569594,87.0,4.222952,5.9,4.0
1671714222.604000,45.312703,6.555251,2256.783676,87.0,4.223991,4.6,4.0
1671714225.575000,45.312708,6.555416,2261.700742,87.0,4.281530,4.8,4.0
1671714228.590000,45.312714,6.555576,2264.663051,87.0,4.288759,3.0,4.0
1671714231.591000,45.312721,6.555737,2269.401220,87.0,4.245478,4.4,4.0
1671714234.597000,45.312727,6.555899,2272.783409,86.0,4.155267,5.9,4.0
1671714237.585000,45.312732,6.556066,2277.055715,88.0,4.674699,3.0,4.9
1671714240.610000,45.312739,6.556261,2281.053335,86.0,4.443032,6.4,4.0
1671714243.591000,45.312744,6.556409,2283.395706,87.0,4.371193,6.5,4.0
1671714245.588000,45.312749,6.556539,2285.779979,87.0,4.409203,7.9,4.0
1671714248.574000,45.312751,6.556687,2287.759264,86.0,4.229661,4.5,4.0
1671714250.601000,45.312755,6.556821,2290.784347,87.0,4.601917,5.3,4.0
1671714253.588000,45.312762,6.556969,2291.745671,88.0,4.485968,4.1,4.0
1671714255.587000,45.312766,6.557099,2291.250254,86.0,4.469938,3.9,4.0
1671714258.592000,45.312775,6.557250,2293.129780,87.0,4.463923,2.9,4.0
1671714260.604000,45.312781,6.557380,2295.198988,86.0,4.461312,4.4,4.0
1671714263.580000,45.312786,6.557530,2296.465110,87.0,4.331097,4.7,4.0
1671714266.598000,45.312792,6.557699,2297.595452,87.0,4.562908,3.8,4.0
1671714269.578000,45.312799,6.557869,2297.826456,88.0,4.445342,4.4,4.0
1671714272.581000,45.312804,6.558026,2297.798692,86.6,4.423357,4.0,5.3
1671714275.594000,45.312812,6.558172,2297.757587,87.5,2.568634,4.3,5.3
1671714295.609000,45.312815,6.558220,2297.602815,-1.0,0.000000,3.0,7.0
1671714295.609000,45.312815,6.558220,2297.602815,-1.0,0.000000,3.0,7.0
1671714317.534000,45.312868,6.558275,2296.944774,-1.0,0.085591,2.6,5.7
1671714372.603000,45.312915,6.558401,2296.809674,79.1,1.852417,2.8,4.0
1671714375.592000,45.312947,6.558534,2296.872092,66.4,3.729553,2.6,4.0
1671714377.592000,45.312988,6.558692,2296.608797,69.0,4.105974,2.8,4.0
1671714380.596000,45.312992,6.558856,2297.373989,69.0,4.261964,2.9,4.0
1671714382.587000,45.313006,6.558990,2299.254461,68.0,4.262226,2.8,4.0
1671714385.598000,45.313044,6.559167,2304.148731,69.0,4.193656,2.9,3.7
1671714388.588000,45.313084,6.559325,2310.690366,69.0,4.099783,2.7,3.7
1671714391.598000,45.313123,6.559481,2317.743804,69.0,4.064436,2.9,3.9
1671714394.589000,45.313165,6.559635,2323.138044,67.0,4.080854,2.9,3.5
1671714397.581000,45.313207,6.559789,2328.791260,69.0,4.096592,2.7,3.6
1671714400.592000,45.313248,6.559941,2334.713917,68.0,4.098867,2.8,3.9
1671714403.584000,45.313288,6.560089,2341.056615,68.0,4.086510,2.5,3.9
1671714406.604000,45.313326,6.560237,2346.566003,69.1,4.067546,2.6,3.9
1671714409.597000,45.313365,6.560381,2352.492539,69.0,4.056706,2.8,3.4
1671714412.601000,45.313400,6.560526,2359.203718,67.1,4.039814,3.0,3.0
1671714415.590000,45.313433,6.560668,2365.095369,69.0,4.021019,2.7,3.6
1671714418.601000,45.313469,6.560817,2370.980901,68.0,3.986536,2.9,3.9
1671714421.611000,45.313511,6.560967,2377.518372,69.8,3.963824,2.9,3.9
1671714424.582000,45.313545,6.561107,2383.990108,67.6,4.025419,3.1,3.9
1671714427.592000,45.313588,6.561265,2389.363928,68.0,4.073030,2.7,3.6
1671714430.582000,45.313627,6.561407,2394.346946,69.0,4.096700,2.9,3.6
1671714433.590000,45.313667,6.561563,2399.773164,67.0,4.103193,2.5,3.6
1671714436.610000,45.313709,6.561723,2402.314114,68.0,4.093480,2.6,3.3
1671714439.588000,45.313746,6.561852,2412.000156,68.0,4.084013,2.8,3.3
1671714442.589000,45.313787,6.561999,2416.653291,68.0,4.079837,2.9,3.1
1671714445.596000,45.313826,6.562134,2421.915714,68.0,4.068830,2.8,3.3
1671714448.598000,45.313868,6.562280,2426.084669,68.0,4.053138,2.6,3.3
1671714451.611000,45.313911,6.562429,2432.409403,68.0,4.037594,2.7,3.6
1671714454.588000,45.313947,6.562560,2439.261428,67.0,4.024785,2.6,3.6
1671714457.585000,45.313988,6.562705,2447.790053,69.0,4.011094,2.7,3.6
1671714460.597000,45.314027,6.562840,2454.748119,67.0,3.993865,2.8,2.9
1671714463.584000,45.314066,6.562980,2459.313228,68.0,3.971870,2.5,3.6
1671714466.604000,45.314106,6.563122,2466.561379,69.0,3.934962,2.6,2.7
1671714469.589000,45.314144,6.563258,2473.393055,69.0,3.974783,2.6,2.2
1671714472.582000,45.314184,6.563406,2479.441018,68.0,3.996612,2.7,3.2
1671714475.610000,45.314224,6.563547,2484.561123,68.0,4.014882,2.7,3.9
1671714478.594000,45.314265,6.563693,2489.248346,69.0,4.025745,2.5,3.9
1671714481.585000,45.314306,6.563841,2494.983766,68.0,4.021812,2.5,3.5
1671714484.601000,45.314343,6.563976,2502.692261,68.0,4.010896,2.7,3.4
1671714487.607000,45.314384,6.564121,2508.617134,68.0,4.012321,2.5,2.9
1671714490.595000,45.314425,6.564268,2514.108725,69.0,4.074099,2.5,3.4
1671714493.588000,45.314467,6.564420,2519.572429,68.0,4.104733,2.5,2.7
1671714496.587000,45.314507,6.564565,2525.453067,68.0,4.119214,2.7,2.5
1671714499.588000,45.314548,6.564713,2528.439635,69.0,4.122358,2.4,3.5
1671714502.626000,45.314592,6.564871,2534.516758,68.0,4.121076,2.4,3.9
1671714505.605000,45.314629,6.565004,2540.677047,68.0,4.113655,2.4,3.9
1671714508.597000,45.314671,6.565153,2546.191307,68.0,4.106604,2.5,3.5
1671714511.602000,45.314709,6.565292,2553.035397,68.0,4.083426,2.6,2.7
1671714514.595000,45.314752,6.565448,2558.026194,68.0,4.142501,2.6,3.5
1671714517.611000,45.314798,6.565614,2560.737100,68.0,4.191562,2.5,3.5
1671714520.583000,45.314836,6.565754,2564.412519,68.0,4.218478,2.5,2.5
1671714523.592000,45.314880,6.565911,2567.428610,68.0,4.274523,2.5,3.1
1671714526.587000,45.314922,6.566063,2568.634155,68.0,4.315337,2.4,3.9
1671714529.601000,45.314964,6.566220,2572.309794,68.0,4.336191,2.4,3.9
1671714532.603000,45.315010,6.566387,2574.027750,69.0,4.345613,2.4,3.9
1671714535.588000,45.315051,6.566530,2578.988509,68.0,4.348891,2.5,3.9
1671714538.591000,45.315094,6.566688,2581.222298,68.0,4.352407,2.5,3.9
1671714541.588000,45.315136,6.566838,2584.912679,68.0,4.347007,2.5,3.4
1671714544.592000,45.315179,6.566994,2588.654803,68.0,4.342109,2.4,3.6
1671714547.606000,45.315224,6.567158,2590.902032,69.0,4.336548,2.4,3.9
1671714550.590000,45.315264,6.567299,2596.900156,69.0,4.327035,2.5,3.4
1671714552.593000,45.315297,6.567424,2601.320992,69.0,4.320281,2.5,3.5
1671714555.588000,45.315335,6.567556,2602.032925,69.0,4.310535,2.4,3.5
1671714557.608000,45.315368,6.567678,2605.402598,68.0,4.304470,2.4,3.4
1671714560.596000,45.315405,6.567809,2609.088100,68.0,4.292179,2.4,3.9
1671714562.607000,45.315439,6.567927,2612.625148,68.0,4.277891,2.4,3.9
1671714565.586000,45.315476,6.568063,2617.014637,68.0,4.305323,2.5,3.9
1671714567.605000,45.315511,6.568186,2618.206843,69.0,4.319066,2.5,3.9
1671714570.593000,45.315549,6.568322,2621.809578,67.9,4.338174,2.5,3.9
1671714572.612000,45.315582,6.568445,2624.623699,69.0,4.342845,2.6,3.9
1671714575.599000,45.315620,6.568580,2627.560449,68.0,4.343410,2.5,3.9
1671714577.598000,45.315653,6.568701,2629.349950,69.0,4.341279,2.5,3.0
1671714580.592000,45.315690,6.568834,2634.161703,69.0,4.318972,2.5,3.0
1671714582.609000,45.315723,6.568954,2637.912966,67.0,4.311334,2.6,3.9
1671714585.586000,45.315761,6.569091,2639.475081,68.0,4.331992,2.4,3.9
1671714587.609000,45.315795,6.569214,2641.886674,68.0,4.340952,2.4,3.9
1671714590.598000,45.315832,6.569352,2644.192266,68.0,4.346668,2.4,3.4
1671714592.610000,45.315866,6.569472,2647.583758,68.0,4.344701,2.4,3.4
1671714595.598000,45.315904,6.569609,2651.496114,68.0,4.342617,2.5,3.4
1671714597.607000,45.315936,6.569729,2654.123115,68.1,4.338340,2.5,3.0
1671714600.597000,45.315974,6.569864,2658.057689,68.9,4.329733,2.4,3.5
1671714602.607000,45.316008,6.569987,2660.253407,68.0,4.359831,2.5,3.5
1671714605.585000,45.316046,6.570127,2661.834702,68.0,4.374521,2.5,3.9
1671714607.610000,45.316080,6.570248,2662.839575,68.0,4.380015,2.4,2.8
1671714610.587000,45.316118,6.570387,2666.161757,68.0,4.381668,2.5,2.3
1671714612.601000,45.316151,6.570507,2666.788548,68.0,4.381534,2.4,3.5
1671714615.585000,45.316190,6.570647,2669.262040,68.0,4.387684,2.4,3.0
1671714617.618000,45.316222,6.570767,2672.289683,69.0,4.386891,2.4,3.4
1671714620.586000,45.316262,6.570907,2675.221655,68.0,4.386785,2.4,3.5
1671714622.609000,45.316293,6.571026,2676.179499,69.0,4.384593,2.4,3.5
1671714625.599000,45.316332,6.571165,2680.226640,68.0,4.368930,2.5,2.8
1671714628.606000,45.316376,6.571326,2683.740069,68.0,4.360196,2.5,2.8
1671714631.582000,45.316416,6.571473,2687.735243,68.0,4.353439,2.6,3.4
1671714634.593000,45.316460,6.571631,2690.978472,69.0,4.352192,2.5,3.4
1671714637.603000,45.316503,6.571792,2695.211318,68.0,4.356700,2.6,3.5
1671714640.593000,45.316540,6.571933,2698.782202,68.0,4.350644,2.5,3.7
1671714642.610000,45.316571,6.572054,2699.206895,68.0,4.342410,2.4,3.4
1671714645.587000,45.316609,6.572196,2705.333353,68.0,4.319239,2.4,3.6
1671714648.586000,45.316648,6.572350,2708.274203,68.0,4.305818,2.4,3.9
1671714651.590000,45.316688,6.572502,2713.498420,69.0,4.289681,2.4,3.4
1671714654.586000,45.316729,6.572655,2718.757124,68.0,4.283395,2.5,3.1
1671714657.590000,45.316769,6.572808,2724.277465,68.0,4.272832,2.6,2.9
1671714660.576000,45.316810,6.572960,2728.509737,68.0,4.259882,2.7,3.5
1671714663.596000,45.316850,6.573109,2732.678848,69.0,4.238827,2.5,3.9
1671714666.587000,45.316892,6.573257,2736.709549,68.0,4.223531,2.4,3.5
1671714669.581000,45.316933,6.573402,2743.114600,69.0,4.201481,2.5,3.5
1671714672.583000,45.316972,6.573537,2749.584029,68.0,4.213937,2.9,2.7
1671714675.609000,45.317016,6.573705,2750.893850,68.0,4.200244,2.4,2.4
1671714679.592000,45.317059,6.573868,2758.117292,68.0,4.137435,2.4,3.1
1671714682.584000,45.317102,6.574016,2765.434196,68.0,4.093091,2.5,3.2
1671714685.588000,45.317137,6.574155,2771.333681,68.0,4.030865,2.5,3.3
1671714688.591000,45.317173,6.574300,2779.587732,68.0,3.990485,2.5,3.5
1671714691.581000,45.317210,6.574436,2786.248961,70.0,3.948899,2.5,3.8
1671714694.593000,45.317250,6.574569,2792.743002,68.0,3.955463,2.5,3.6
1671714697.590000,45.317289,6.574714,2799.247064,68.0,3.959744,2.4,3.7
1671714700.583000,45.317328,6.574855,2808.916864,69.0,3.957077,2.6,3.4
1671714703.589000,45.317365,6.574997,2815.033141,68.0,3.951814,2.8,3.6
1671714706.592000,45.317401,6.575139,2819.681011,68.0,3.935060,2.4,3.9
1671714709.594000,45.317440,6.575285,2827.922134,69.0,3.927924,2.5,3.9
1671714712.595000,45.317480,6.575438,2834.569288,69.0,3.917444,2.5,3.9
1671714715.600000,45.317511,6.575565,2842.025104,68.0,3.892956,2.5,3.9
1671714718.591000,45.317547,6.575706,2849.872285,68.1,3.858815,2.5,3.9
1671714721.600000,45.317582,6.575840,2855.409075,68.0,3.894649,2.4,3.9
1671714724.587000,45.317618,6.575988,2861.825029,68.0,3.939062,2.5,3.9
1671714727.607000,45.317661,6.576138,2869.131597,68.0,3.954874,2.5,3.9
1671714730.588000,45.317694,6.576271,2876.809780,68.0,3.972351,2.8,3.8
1671714733.589000,45.317736,6.576419,2882.033813,68.0,3.974565,2.7,3.8
1671714736.592000,45.317774,6.576553,2886.902065,67.1,3.967562,2.4,3.5
1671714739.590000,45.317815,6.576703,2893.250702,68.0,4.020745,2.5,3.9
1671714742.590000,45.317857,6.576858,2898.196635,68.0,4.047201,2.5,3.6
1671714745.589000,45.317897,6.576997,2903.647828,69.0,4.074746,2.5,3.6
1671714748.593000,45.317939,6.577149,2908.951338,68.0,4.090655,2.4,3.9
1671714751.595000,45.317980,6.577293,2913.952433,68.0,4.094909,2.4,3.9
1671714754.577000,45.318022,6.577440,2919.802175,69.0,4.088796,2.5,3.6
1671714757.594000,45.318063,6.577592,2926.802959,68.0,4.086837,2.5,3.6
1671714760.588000,45.318101,6.577728,2931.053869,68.0,4.077795,2.4,3.9
1671714763.601000,45.318143,6.577875,2939.724116,68.0,4.064310,2.7,3.9
1671714766.583000,45.318185,6.578018,2946.379074,68.0,4.109154,2.8,3.4
1671714769.591000,45.318231,6.578177,2946.654445,68.0,4.196354,2.4,2.9
1671714772.591000,45.318273,6.578329,2947.548984,68.0,4.246986,2.5,5.5
1671714775.584000,45.318319,6.578479,2948.648410,69.5,4.300968,2.6,5.0
1671714779.591000,45.318363,6.578599,2947.358059,67.9,3.859484,2.5,5.2
1671714798.591000,45.318442,6.578671,2948.706696,337.3,1.025759,2.5,4.7
1671714824.956000,45.318442,6.578506,2944.842946,59.1,0.564553,2.4,4.3
1671714827.678000,45.318418,6.578365,2946.974049,6.8,0.372966,2.5,4.8
1671714896.275000,45.318511,6.578439,2943.159999,53.2,1.464639,2.5,4.2
1671714899.873000,45.318566,6.578593,2942.024993,73.3,2.110344,2.5,6.0
1671714903.415000,45.318585,6.578768,2939.170916,81.4,2.672500,2.5,7.1
1671714905.156000,45.318590,6.578909,2937.529161,86.4,3.178022,2.5,6.6
1671714906.591000,45.318556,6.579041,2934.277287,128.0,5.785386,2.6,6.3
1671714908.578000,45.318442,6.579154,2931.911197,156.8,7.917298,2.6,5.6
1671714910.586000,45.318274,6.579199,2927.181577,170.0,9.015275,2.6,5.0
1671714912.595000,45.318101,6.579232,2925.249320,169.0,9.392375,2.6,4.0
1671714914.584000,45.317934,6.579274,2922.929500,168.0,9.063126,2.6,4.0
1671714916.593000,45.317783,6.579328,2920.544636,162.0,8.294528,2.7,4.0
1671714918.605000,45.317661,6.579384,2919.092659,166.9,6.644936,2.7,4.0
1671714920.584000,45.317547,6.579401,2919.070723,172.0,6.705219,2.7,4.0
1671714922.587000,45.317425,6.579464,2916.655921,150.0,7.521311,2.7,4.0
1671714924.594000,45.317318,6.579609,2913.904097,136.0,8.287097,2.8,4.0
1671714926.589000,45.317193,6.579754,2912.727593,142.0,9.254118,2.8,4.0
1671714928.603000,45.317037,6.579895,2908.835622,151.6,10.416428,2.8,4.0
1671714929.581000,45.316944,6.579945,2905.137951,159.0,11.208652,2.8,4.0
1671714930.602000,45.316840,6.579991,2902.467378,161.0,11.955401,2.8,4.0
1671714931.580000,45.316731,6.580037,2900.296748,163.0,12.633928,2.8,4.0
1671714932.578000,45.316615,6.580084,2899.937033,163.0,13.311821,2.8,4.0
1671714933.581000,45.316500,6.580130,2898.169777,165.0,12.809359,2.8,4.3
1671714934.596000,45.316390,6.580164,2892.353427,167.0,12.322344,2.9,4.4
1671714935.596000,45.316287,6.580194,2893.389775,168.0,11.470596,2.9,4.3
1671714936.594000,45.316194,6.580220,2893.008461,168.0,10.527799,2.9,4.4
1671714938.598000,45.316029,6.580264,2889.399902,168.0,8.915660,2.9,4.0
1671714940.592000,45.315888,6.580297,2889.399902,172.0,7.817955,2.9,4.0
1671714942.578000,45.315761,6.580313,2889.399902,175.0,6.854265,2.9,4.0
1671714944.579000,45.315648,6.580324,2889.399902,175.0,5.740354,3.0,4.0
1671714946.590000,45.315545,6.580326,2887.699008,182.0,5.517827,3.0,4.0
1671714948.620000,45.315451,6.580321,2886.936819,179.0,4.818867,3.0,4.0
1671714951.589000,45.315313,6.580328,2885.039652,177.0,5.338753,3.0,4.0
1671714953.592000,45.315215,6.580335,2884.555624,178.0,5.470087,3.1,4.0
1671714955.593000,45.315116,6.580334,2883.414463,179.8,5.082422,3.1,4.0
1671714958.570000,45.314988,6.580327,2885.312065,177.0,4.571443,3.1,4.0
1671714961.588000,45.314861,6.580355,2883.378609,167.0,4.591211,3.2,4.0
1671714964.578000,45.314751,6.580405,2882.297915,159.0,4.152560,3.2,4.0
1671714967.439000,45.314658,6.580463,2883.088902,149.9,3.621356,3.2,4.4
1671714970.361000,45.314573,6.580539,2881.849566,144.0,4.019611,3.2,6.5
1671714973.240000,45.314487,6.580637,2880.055536,134.4,4.175987,3.3,6.8
1671714975.595000,45.314412,6.580745,2880.223698,135.0,5.337243,3.3,6.7
1671714977.590000,45.314345,6.580847,2880.239476,133.0,5.147555,3.3,5.8
1671714980.346000,45.314271,6.580976,2879.840822,124.5,4.964255,3.3,5.7
1671714983.327000,45.314190,6.581095,2878.205988,130.6,4.235539,2.4,7.0
1671714987.389000,45.314105,6.581213,2877.658978,136.8,3.328710,2.4,7.0
1671714990.809000,45.314032,6.581325,2877.808665,131.9,3.444164,2.5,6.8
1671714994.150000,45.313966,6.581437,2877.450253,131.9,3.110434,2.4,7.0
1671714998.350000,45.313897,6.581535,2878.171476,133.0,2.680805,2.4,6.9
1671715002.549000,45.313844,6.581643,2876.464267,126.9,2.763609,2.4,6.9
1671715006.148000,45.313765,6.581757,2875.391347,135.1,3.313413,2.4,7.0
1671715008.488000,45.313696,6.581839,2875.092439,137.6,4.327219,2.4,7.2
1671715010.596000,45.313601,6.581969,2873.305214,135.0,6.077350,2.4,6.1
1671715012.591000,45.313519,6.582091,2871.844825,133.0,6.397716,2.4,5.3
1671715014.588000,45.313439,6.582217,2870.803569,132.0,6.630742,2.4,4.0
1671715016.595000,45.313355,6.582344,2869.596669,134.0,6.867524,2.4,4.0
1671715018.590000,45.313264,6.582475,2868.394507,135.0,7.160840,2.4,4.0
1671715020.593000,45.313172,6.582602,2865.073710,135.0,7.009167,2.5,4.0
1671715022.597000,45.313080,6.582726,2864.677048,137.0,6.966891,2.4,4.4
1671715024.581000,45.312995,6.582840,2862.081873,136.0,6.168404,2.4,4.3
1671715026.590000,45.312924,6.582940,2862.498417,133.0,5.283697,2.4,4.4
1671715029.590000,45.312839,6.583065,2861.461166,135.0,4.315513,2.4,4.0
1671715032.587000,45.312768,6.583165,2859.640375,133.1,4.038482,2.4,4.8
1671715035.128000,45.312689,6.583292,2859.646433,131.7,4.656888,2.4,6.4
1671715037.527000,45.312620,6.583376,2859.159156,133.2,4.615603,2.4,8.9
1671715040.468000,45.312538,6.583501,2860.121134,130.3,3.955188,2.4,9.3
1671715043.467000,45.312469,6.583603,2859.768254,129.7,3.257152,2.4,7.0
1671715047.667000,45.312401,6.583732,2857.971405,125.8,3.260142,2.4,7.0
1671715050.667000,45.312335,6.583845,2856.945806,132.9,3.926302,2.5,7.2
1671715053.588000,45.312251,6.583992,2856.360953,129.0,5.086058,2.4,6.5
1671715055.590000,45.312190,6.584091,2855.741284,133.0,4.946476,2.4,5.2
1671715057.598000,45.312126,6.584181,2854.373502,136.0,5.130764,2.4,4.0
1671715059.570000,45.312054,6.584268,2845.555408,137.0,5.416732,2.4,4.0
1671715061.593000,45.311981,6.584362,2844.984215,138.0,5.459062,2.4,4.0
1671715063.585000,45.311908,6.584454,2843.539170,138.0,5.412088,2.4,4.0
1671715065.595000,45.311840,6.584548,2849.639101,134.0,5.279175,2.4,4.0
1671715067.580000,45.311775,6.584653,2848.646478,130.0,5.593790,2.4,4.0
1671715069.594000,45.311716,6.584770,2848.016434,123.0,5.623234,2.4,4.0
1671715071.583000,45.311664,6.584897,2847.321488,119.0,5.808379,2.4,4.0
1671715073.583000,45.311615,6.585031,2846.521622,116.0,5.812055,2.4,4.4
1671715075.572000,45.311567,6.585165,2846.945070,116.0,5.867994,2.4,5.0
1671715077.587000,45.311517,6.585298,2845.195669,118.0,5.745526,2.4,5.6
1671715079.592000,45.311466,6.585423,2834.891799,120.0,5.698446,2.5,4.8
1671715081.579000,45.311403,6.585547,2832.712729,126.0,6.080349,2.5,4.3
1671715083.581000,45.311334,6.585674,2838.453044,129.0,6.336617,2.4,4.0
1671715085.592000,45.311243,6.585785,2839.543557,144.0,6.683755,2.4,4.0
1671715087.577000,45.311130,6.585868,2838.056379,154.0,7.186604,2.4,4.0
1671715089.592000,45.311000,6.585924,2826.294528,164.0,7.519710,2.4,4.0
1671715091.570000,45.310864,6.585958,2821.220883,172.0,7.752307,2.4,4.0
1671715093.582000,45.310720,6.585952,2819.489810,185.7,7.953741,2.4,4.0
1671715095.583000,45.310577,6.585888,2820.148297,199.0,8.338203,2.4,4.0
1671715097.579000,45.310437,6.585808,2817.769548,200.0,8.299916,2.4,4.0
1671715099.591000,45.310310,6.585733,2815.283316,202.0,7.179890,2.4,4.4
1671715101.589000,45.310205,6.585669,2819.543594,203.0,6.115788,2.4,4.4
1671715103.586000,45.310118,6.585609,2827.271759,205.0,5.110138,2.4,4.0
1671715106.580000,45.310005,6.585531,2826.492701,203.0,4.592742,2.4,4.0
1671715109.594000,45.309885,6.585466,2810.255163,201.8,5.033151,2.5,4.0
1671715111.580000,45.309804,6.585399,2809.558417,214.8,5.225183,2.5,4.0
1671715113.570000,45.309732,6.585306,2810.605531,224.8,5.371613,2.4,4.0
1671715115.584000,45.309667,6.585196,2820.511935,228.7,5.554603,2.4,4.0
1671715117.573000,45.309607,6.585079,2811.454762,233.9,5.692935,2.4,4.0
1671715119.593000,45.309550,6.584945,2804.991515,241.2,6.313190,2.4,4.0
1671715121.591000,45.309523,6.584784,2802.736039,254.0,6.586914,2.4,4.0
1671715123.569000,45.309497,6.584601,2799.888381,254.0,7.641332,2.4,4.7
1671715125.587000,45.309449,6.584438,2798.235074,231.3,6.026177,2.4,4.8
1671715127.581000,45.309395,6.584320,2795.358433,236.4,5.714818,2.4,4.7
1671715130.583000,45.309352,6.584171,2793.123110,227.5,5.681796,2.4,4.0
1671715132.577000,45.309230,6.584096,2785.039437,197.3,6.736374,2.4,4.0
1671715134.596000,45.309088,6.584026,2784.133227,199.7,8.337986,2.4,4.0
1671715136.556000,45.308938,6.584009,2779.645338,182.7,8.075994,2.4,4.0
1671715138.579000,45.308792,6.584068,2775.513714,163.0,8.081734,2.4,4.0
1671715140.571000,45.308664,6.584188,2768.025419,143.5,8.264036,2.5,4.0
1671715142.588000,45.308582,6.584356,2766.820785,124.4,7.791781,2.4,4.0
1671715144.579000,45.308547,6.584550,2764.660695,108.4,8.132651,2.4,4.0
1671715146.582000,45.308526,6.584764,2764.093509,99.4,8.314758,2.4,4.0
1671715148.580000,45.308495,6.584967,2760.340875,104.0,8.294365,2.4,4.0
1671715150.592000,45.308493,6.585192,2753.465967,93.9,8.544398,2.4,4.0
1671715152.583000,45.308456,6.585390,2745.977368,94.3,8.238866,2.4,4.0
1671715154.593000,45.308454,6.585611,2742.786736,86.0,9.059606,2.4,4.4
1671715156.569000,45.308437,6.585841,2742.103125,98.5,8.795214,2.4,5.0
1671715158.592000,45.308418,6.586073,2737.968735,94.5,8.855577,2.4,5.3
1671715160.570000,45.308394,6.586290,2733.994386,97.1,8.300285,2.4,5.7
1671715162.570000,45.308359,6.586452,2730.517235,111.8,5.601833,2.4,5.7
1671715165.589000,45.308339,6.586579,2727.945233,87.5,3.775458,2.4,6.0
1671715169.584000,45.308278,6.586678,2723.289002,151.7,2.989738,2.5,5.0
1671715172.589000,45.308148,6.586793,2717.068175,164.8,5.585392,2.4,4.5
1671715174.593000,45.308052,6.586816,2710.352667,167.8,4.489861,2.4,5.6
1671715177.591000,45.307951,6.586760,2704.018895,211.3,4.124340,2.4,6.9
1671715179.586000,45.307885,6.586672,2694.771601,221.0,5.386048,2.4,6.5
1671715181.598000,45.307786,6.586546,2690.972312,225.1,7.523832,2.4,6.0
1671715183.570000,45.307703,6.586392,2685.891109,223.1,6.647309,2.4,6.0
1671715185.586000,45.307621,6.586254,2683.621891,240.1,6.175812,2.4,6.0
1671715187.574000,45.307559,6.586155,2679.249841,213.0,5.706920,2.4,5.7
1671715189.584000,45.307470,6.586114,2674.953904,199.0,4.952050,2.4,4.8
1671715193.581000,45.307362,6.586087,2668.863065,179.7,5.286980,2.4,5.5
1671715195.588000,45.307271,6.586121,2666.040689,159.0,3.130788,2.4,6.0
1671715199.574000,45.307136,6.586144,2659.477931,184.0,5.237413,2.5,5.5
1671715201.587000,45.307015,6.586154,2654.152422,180.7,7.202408,2.5,4.6
1671715203.571000,45.306895,6.586109,2648.422645,204.9,5.943577,2.4,4.4
1671715205.585000,45.306814,6.586004,2645.898374,211.0,6.639603,2.4,5.3
1671715207.578000,45.306701,6.585894,2639.874083,217.4,7.129365,2.4,5.3
1671715209.592000,45.306618,6.585796,2634.995207,210.2,6.077239,2.4,4.4
1671715211.581000,45.306507,6.585796,2629.691090,171.6,6.535771,2.4,4.0
1671715213.606000,45.306382,6.585782,2624.967786,197.9,6.435094,2.4,4.0
1671715215.585000,45.306261,6.585767,2622.071524,171.7,7.455319,2.4,4.0
1671715217.587000,45.306111,6.585770,2618.012192,191.6,8.179492,2.4,4.0
1671715219.585000,45.305959,6.585761,2613.019076,172.1,8.118698,2.4,4.0
1671715221.584000,45.305812,6.585810,2609.830079,177.7,7.225474,2.4,5.0
1671715223.568000,45.305699,6.585740,2607.187099,200.8,7.069942,2.4,5.7
1671715225.590000,45.305572,6.585673,2604.536229,205.8,7.453420,2.4,6.4
1671715227.584000,45.305459,6.585599,2602.266314,191.0,6.626859,2.4,6.0
1671715229.608000,45.305361,6.585515,2598.146506,225.9,6.449753,2.5,5.6
1671715231.611000,45.305260,6.585404,2594.882971,214.8,7.570039,2.5,4.8
1671715233.568000,45.305164,6.585304,2590.836480,200.7,6.185770,2.4,4.3
1671715236.588000,45.305048,6.585230,2586.332755,225.9,5.044530,2.4,4.0
1671715239.570000,45.304950,6.585172,2581.700348,198.2,3.684397,2.4,4.0
1671715242.587000,45.304842,6.585078,2574.907353,201.6,4.949765,2.4,4.0
1671715245.745000,45.304750,6.585038,2570.958272,193.6,2.991618,2.4,5.3
1671715248.578000,45.304677,6.584944,2565.713281,224.0,3.958434,2.4,6.8
1671715250.589000,45.304574,6.584859,2560.266599,196.8,5.832430,2.4,6.9
1671715252.587000,45.304468,6.584817,2557.714042,195.6,6.365980,2.4,5.9
1671715254.588000,45.304346,6.584773,2551.435105,193.3,6.623895,2.4,4.8
1671715256.599000,45.304252,6.584670,2548.618509,209.7,6.425128,2.4,4.4
1671715258.585000,45.304161,6.584580,2540.071682,204.3,6.302069,2.5,5.2
1671715260.599000,45.304061,6.584489,2541.503452,205.4,6.568572,2.5,5.6
1671715262.583000,45.303970,6.584366,2535.949631,219.0,6.999667,2.4,5.0
1671715264.570000,45.303887,6.584240,2534.057725,225.6,6.719275,2.4,4.3
1671715266.583000,45.303786,6.584143,2529.814885,219.3,6.732182,2.4,4.0
1671715268.577000,45.303712,6.584025,2521.960982,224.4,6.494333,2.4,4.0
1671715270.572000,45.303600,6.583939,2518.707327,216.2,6.696695,2.4,4.0
1671715272.583000,45.303528,6.583840,2511.660960,226.3,5.531947,2.4,4.0
1671715274.602000,45.303429,6.583741,2513.958742,226.4,6.543163,2.4,4.0
1671715276.595000,45.303327,6.583643,2506.904995,211.2,7.768025,2.4,4.0
1671715278.575000,45.303223,6.583521,2501.894234,222.7,7.387483,2.4,4.0
1671715280.567000,45.303109,6.583409,2499.002065,215.8,7.663685,2.4,4.0
1671715282.585000,45.303015,6.583289,2495.803980,210.9,6.835438,2.5,4.0
1671715284.575000,45.302922,6.583176,2493.301914,225.9,6.988359,2.5,4.0
1671715286.570000,45.302820,6.583075,2489.946281,212.3,7.412191,2.4,4.0
1671715288.576000,45.302695,6.582966,2487.035604,215.6,8.205733,2.4,4.0
1671715290.566000,45.302557,6.582928,2483.181854,195.4,7.581532,2.4,4.0
1671715292.584000,45.302414,6.582867,2481.172472,195.1,8.644991,2.4,4.0
1671715294.591000,45.302255,6.582832,2479.594215,188.7,8.849469,2.4,4.8
1671715296.585000,45.302119,6.582740,2473.140988,201.3,8.372123,2.4,4.7
1671715298.588000,45.301990,6.582694,2470.751557,201.7,6.955489,2.4,4.8
1671715300.584000,45.301875,6.582625,2465.488495,192.1,7.429574,2.4,4.0
1671715302.603000,45.301757,6.582542,2464.853913,216.0,7.211042,2.4,4.0
1671715304.574000,45.301639,6.582452,2463.141723,198.1,7.832966,2.4,4.0
1671715306.586000,45.301507,6.582381,2460.044700,195.4,7.956801,2.4,4.0
1671715308.599000,45.301368,6.582349,2454.814059,200.0,7.346371,2.5,4.0
1671715310.599000,45.301245,6.582315,2455.281814,178.1,7.289995,2.4,4.0
1671715312.579000,45.301131,6.582286,2453.265948,206.0,5.578517,2.4,4.0
1671715314.587000,45.301034,6.582238,2449.955316,185.4,6.551558,2.4,4.0
1671715316.571000,45.300913,6.582183,2446.270116,205.5,6.575828,2.4,4.0
1671715318.581000,45.300822,6.582103,2443.563961,195.3,6.637043,2.4,4.3
1671715320.594000,45.300702,6.582044,2441.836096,211.6,6.521755,2.4,4.4
1671715322.588000,45.300611,6.581969,2438.034276,209.1,6.272631,2.4,4.4
1671715324.582000,45.300534,6.582048,2433.821807,150.7,5.160618,2.4,4.0
1671715326.589000,45.300472,6.582191,2429.090089,124.0,6.988696,2.4,4.0
1671715328.580000,45.300426,6.582324,2425.729514,115.0,4.558123,2.4,4.0
1671715331.587000,45.300324,6.582488,2422.382155,123.4,6.576595,2.4,4.0
1671715333.566000,45.300285,6.582643,2415.389921,109.0,6.302854,2.5,4.0
1671715335.582000,45.300218,6.582791,2414.088351,114.6,6.820234,2.5,4.0
1671715337.590000,45.300183,6.582929,2409.652514,110.0,5.790308,2.4,4.8
1671715339.577000,45.300146,6.583096,2406.249725,107.9,8.299192,2.4,5.3
1671715341.593000,45.300076,6.583327,2403.231741,120.2,9.441734,2.4,6.0
1671715343.577000,45.299958,6.583498,2397.468849,122.6,8.888735,2.4,6.0
1671715345.586000,45.299868,6.583645,2393.643935,157.5,6.033419,2.4,6.0
1671715347.577000,45.299760,6.583620,2394.073166,194.9,6.842755,2.4,6.0
1671715349.572000,45.299650,6.583498,2390.185319,226.8,7.369467,2.4,6.7
1671715351.568000,45.299578,6.583312,2381.034188,234.5,7.978713,2.4,7.3
1671715353.588000,45.299478,6.583126,2378.258022,234.9,8.808812,2.4,8.0
1671715355.582000,45.299412,6.582927,2375.680688,248.0,7.657952,2.4,8.0
1671715357.579000,45.299383,6.582764,2376.237313,259.0,6.074726,2.4,8.0
1671715359.595000,45.299359,6.582622,2375.724277,248.1,5.723874,2.5,7.6
1671715361.591000,45.299294,6.582521,2374.572840,217.7,5.281576,2.5,6.8
1671715363.568000,45.299202,6.582494,2375.308919,185.0,5.047132,2.5,6.3
1671715365.588000,45.299104,6.582524,2373.449750,162.6,5.392530,2.4,5.6
1671715367.566000,45.299022,6.582623,2372.160219,135.0,6.089909,2.4,5.0
1671715369.563000,45.298922,6.582753,2370.881939,144.3,8.178398,2.4,4.7
1671715371.568000,45.298765,6.582825,2366.352635,167.3,9.054348,2.4,4.3
1671715373.582000,45.298614,6.582800,2364.201440,188.9,8.002995,2.4,4.3
1671715375.582000,45.298478,6.582751,2365.726037,191.0,7.532300,2.4,4.0
1671715377.570000,45.298340,6.582704,2367.838337,193.0,8.176161,2.4,4.0
1671715379.579000,45.298196,6.582630,2363.393897,204.9,8.647108,2.4,4.0
1671715381.573000,45.298070,6.582502,2359.806656,216.9,8.383525,2.4,4.0
1671715383.564000,45.297962,6.582369,2358.261697,218.0,7.525536,2.4,4.0
1671715385.579000,45.297866,6.582276,2357.671624,213.0,6.028810,2.4,4.0
1671715387.573000,45.297789,6.582210,2359.996670,211.0,4.764812,2.4,4.0
1671715390.585000,45.297704,6.582109,2359.021033,218.0,4.636855,2.5,4.0
1671715393.573000,45.297586,6.582029,2358.651478,189.6,4.778989,2.5,4.0
1671715396.262000,45.297488,6.582002,2357.837399,201.5,4.948682,2.5,5.0
1671715398.579000,45.297356,6.582029,2356.715635,181.0,6.044196,2.5,6.1
1671715400.606000,45.297224,6.582040,2351.669148,176.9,7.677537,2.5,5.9
1671715402.574000,45.297075,6.582039,2348.504074,179.9,7.694590,2.5,4.4
1671715404.583000,45.296934,6.582042,2346.717059,186.7,8.146826,2.5,4.3
1671715406.584000,45.296786,6.582034,2347.851816,182.1,7.799844,2.6,4.3
1671715408.581000,45.296637,6.581942,2341.951819,199.6,9.926129,2.6,4.0
1671715409.581000,45.296546,6.581909,2338.860345,191.2,10.448986,2.6,4.0
1671715410.575000,45.296449,6.581896,2335.586141,187.6,10.726454,2.6,4.0
1671715411.584000,45.296352,6.581906,2334.673692,176.2,10.138008,2.7,4.0
1671715412.577000,45.296260,6.581911,2331.192230,182.8,10.379419,2.7,4.0
1671715413.563000,45.296166,6.581888,2331.862065,189.3,10.691462,2.7,4.0
1671715414.585000,45.296065,6.581852,2329.468830,189.8,11.475413,2.7,4.4
1671715415.574000,45.295956,6.581812,2324.801591,191.7,12.518989,2.7,4.7
1671715416.594000,45.295843,6.581767,2322.935065,194.7,12.306468,2.7,5.2
1671715417.575000,45.295740,6.581710,2320.894609,197.2,11.894980,2.7,5.0
1671715418.591000,45.295646,6.581639,2319.373484,207.7,11.182892,2.7,5.2
1671715419.579000,45.295565,6.581564,2319.493102,210.8,9.978901,2.8,5.0
1671715421.582000,45.295440,6.581424,2317.003157,219.2,8.100227,2.8,4.3
1671715423.590000,45.295367,6.581284,2316.934716,232.2,6.256930,2.8,4.0
1671715425.593000,45.295324,6.581159,2313.936463,238.6,5.679969,2.8,4.0
1671715427.607000,45.295286,6.581031,2314.336921,244.4,5.291108,2.8,4.4
1671715430.602000,45.295246,6.580864,2313.200052,257.5,4.704259,2.8,5.6
1671715433.582000,45.295244,6.580688,2313.613692,268.4,5.420975,2.9,5.3
1671715435.562000,45.295255,6.580527,2312.945145,278.8,6.178769,2.9,4.9
1671715437.576000,45.295282,6.580354,2308.777781,275.5,6.736227,2.9,4.6
1671715439.608000,45.295284,6.580169,2306.855090,268.1,7.295450,2.9,4.8
1671715441.588000,45.295279,6.579974,2308.443534,269.6,7.791905,2.9,5.6
1671715443.589000,45.295301,6.579765,2308.547441,282.3,8.153619,3.0,6.0
1671715445.591000,45.295347,6.579560,2306.309972,281.6,8.201117,3.0,6.0
1671715447.579000,45.295366,6.579352,2304.760975,275.0,8.156589,3.0,6.0
1671715449.584000,45.295384,6.579142,2303.730504,280.8,8.085238,3.0,6.0
1671715451.586000,45.295426,6.578951,2301.081236,290.1,7.530694,3.0,5.2
1671715453.590000,45.295476,6.578772,2297.687829,289.3,7.544778,3.1,5.6
1671715455.580000,45.295510,6.578585,2294.582497,280.3,7.745185,3.1,5.3
1671715457.588000,45.295528,6.578378,2295.118977,277.0,8.252831,3.1,5.3
1671715459.582000,45.295552,6.578170,2292.477422,280.0,8.260363,3.2,4.4
1671715461.591000,45.295572,6.577964,2292.498068,276.0,7.873959,3.2,4.4
1671715463.578000,45.295586,6.577778,2291.430354,276.0,6.801071,3.2,5.0
1671715465.597000,45.295599,6.577612,2290.349024,277.9,6.694882,3.2,6.0
1671715467.590000,45.295617,6.577447,2287.935091,278.0,6.567349,3.2,5.7
1671715469.594000,45.295641,6.577291,2286.810122,282.9,6.373065,3.3,5.7
1671715471.589000,45.295674,6.577130,2285.704320,284.0,6.784917,3.3,5.3
1671715473.594000,45.295704,6.576942,2284.444729,282.0,7.723854,3.3,5.6
1671715475.577000,45.295727,6.576734,2282.832169,276.0,8.279319,3.3,5.3
1671715477.582000,45.295736,6.576520,2283.805049,273.0,8.213557,3.3,5.6
1671715479.585000,45.295750,6.576328,2280.699199,275.0,7.072094,3.4,5.6
1671715481.598000,45.295767,6.576174,2277.254287,282.9,5.464700,3.4,5.6
1671715485.586000,45.295790,6.576031,2277.261422,272.9,1.267539,2.5,4.5
1671715517.957000,45.295778,6.575899,2279.507037,248.3,0.861301,2.5,11.1
1671715585.576000,45.295822,6.575748,2274.692607,341.5,0.168684,2.8,98.4
1671715590.587000,45.296114,6.575475,2275.224334,329.5,1.981789,2.7,102.2
1671715595.594000,45.296334,6.575409,2276.251862,340.7,3.178475,3.3,118.1
1671715605.650000,45.295744,6.575749,2277.237970,153.8,4.470273,2.5,52.0
1671715610.672000,45.295644,6.575850,2280.124020,152.3,3.565951,2.5,62.3
1671715615.722000,45.295579,6.575753,2279.703192,173.3,2.296886,2.5,48.2
1671715630.792000,45.295717,6.575735,2277.328523,6.2,0.655475,2.6,79.9
1671715660.907000,45.295611,6.575736,2275.375305,169.9,0.172249,2.6,146.9
1671715688.686000,45.295682,6.575816,2282.268226,48.6,0.344805,2.5,143.8
1671715712.325000,45.295600,6.575734,2279.773418,-1.0,0.087395,2.5,15.2
1671715741.305000,45.295509,6.575717,2287.670776,-1.0,0.030750,2.5,12.7
1671715816.578000,45.295494,6.575858,2287.364215,-1.0,0.002417,3.1,12.0
1671715827.602000,45.295423,6.575970,2285.551767,101.7,3.158301,2.8,10.7
1671715829.580000,45.295398,6.576178,2286.207758,96.0,5.491098,2.7,10.5
1671715831.583000,45.295380,6.576393,2286.398763,97.0,5.503348,2.9,9.4
1671715833.588000,45.295359,6.576568,2294.500000,98.0,5.462305,15.5,8.0
1671715835.579000,45.295335,6.576735,2289.677198,97.1,5.394899,3.0,6.8
1671715837.581000,45.295319,6.576886,2292.236835,97.0,5.388291,3.1,6.4
1671715839.579000,45.295305,6.577030,2294.299805,97.0,5.380614,3.0,6.0
1671715841.573000,45.295292,6.577172,2294.299805,97.0,5.365255,3.0,6.0
1671715843.581000,45.295279,6.577313,2299.754987,97.0,5.281257,3.6,6.0
1671715845.575000,45.295267,6.577453,2302.090728,97.0,5.225626,2.7,6.0
1671715847.577000,45.295254,6.577589,2305.299805,97.0,5.337709,2.8,6.0
1671715849.577000,45.295239,6.577733,2307.175806,97.0,5.649093,3.5,6.0
1671715851.576000,45.295225,6.577872,2307.684652,98.0,5.524448,3.0,5.3
1671715853.586000,45.295212,6.578017,2305.299805,98.0,5.410843,3.2,5.2
1671715855.572000,45.295198,6.578157,2307.789414,97.0,5.479123,3.0,5.6
1671715857.592000,45.295184,6.578295,2309.377842,98.0,5.468372,2.9,6.0
1671715859.584000,45.295171,6.578432,2317.765471,97.0,5.466503,15.6,5.6
1671715861.578000,45.295159,6.578569,2319.339817,98.0,5.439670,17.4,5.6
1671715863.576000,45.295146,6.578708,2313.096238,97.0,5.468346,3.1,5.6
1671715865.583000,45.295134,6.578849,2313.706569,98.0,5.479399,3.1,4.8
1671715867.577000,45.295120,6.578988,2314.309250,97.0,5.449653,2.9,4.3
1671715869.573000,45.295106,6.579125,2313.894688,98.0,5.403225,3.6,4.0
1671715871.579000,45.295092,6.579262,2317.825626,98.0,5.441893,2.8,4.0
1671715873.579000,45.295079,6.579399,2318.751889,98.0,5.425004,2.6,4.0
1671715875.577000,45.295065,6.579537,2319.561034,98.0,5.471956,2.9,4.0
1671715877.580000,45.295052,6.579676,2322.546846,98.0,5.446499,2.8,4.0
1671715879.582000,45.295038,6.579813,2321.834974,98.0,5.444111,2.7,4.0
1671715881.579000,45.295024,6.579950,2323.972514,98.0,5.357279,2.7,4.0
1671715883.572000,45.295012,6.580086,2328.235084,97.0,5.428296,3.1,4.0
1671715885.570000,45.294998,6.580223,2337.089907,97.0,5.355674,15.5,4.0
1671715887.580000,45.294985,6.580359,2338.872153,98.0,5.432961,18.8,4.0
1671715889.588000,45.294971,6.580494,2333.997615,97.0,5.298857,3.2,4.0
1671715891.586000,45.294957,6.580628,2344.037497,97.0,5.369483,18.9,4.0
1671715893.580000,45.294944,6.580769,2338.125139,97.0,5.532592,3.1,4.0
1671715895.577000,45.294930,6.580908,2338.832367,97.0,5.512820,2.9,4.0
1671715897.583000,45.294917,6.581046,2339.411760,97.0,5.365913,3.1,4.0
1671715899.576000,45.294904,6.581183,2347.622294,97.0,5.466102,7.8,4.0
1671715901.570000,45.294890,6.581322,2340.681725,98.0,5.467059,2.9,4.0
1671715903.582000,45.294877,6.581460,2348.593552,98.0,5.475059,14.0,4.0
1671715905.579000,45.294863,6.581599,2342.400045,98.0,5.463133,2.9,4.0
1671715907.572000,45.294850,6.581734,2344.809731,97.0,5.369635,2.9,4.0
1671715909.586000,45.294837,6.581872,2352.618350,98.0,5.477747,8.5,4.0
1671715911.603000,45.294823,6.582011,2353.218968,97.0,5.457877,15.5,4.0
1671715913.576000,45.294810,6.582149,2355.243198,98.0,5.476683,14.7,4.0
1671715915.581000,45.294796,6.582287,2356.548120,98.0,5.402218,17.3,4.0
1671715917.577000,45.294783,6.582423,2357.214000,97.0,5.448200,14.6,4.0
1671715919.571000,45.294770,6.582561,2359.514988,98.0,5.430811,17.6,4.0
1671715921.584000,45.294756,6.582699,2361.190640,97.0,5.485039,15.9,4.0
1671715923.571000,45.294744,6.582837,2363.941471,97.0,5.413407,17.0,4.0
1671715925.570000,45.294730,6.582972,2365.943962,97.0,5.365812,8.7,4.0
1671715927.569000,45.294717,6.583108,2367.762342,97.0,5.360411,5.4,4.0
1671715929.581000,45.294704,6.583244,2370.007165,98.0,5.382200,15.1,4.0
1671715931.571000,45.294690,6.583381,2371.614181,97.0,5.414447,16.3,4.0
1671715933.579000,45.294676,6.583516,2367.851413,98.0,5.264586,2.9,4.0
1671715935.577000,45.294663,6.583650,2377.103430,97.0,5.335782,9.7,4.0
1671715937.593000,45.294650,6.583787,2379.481969,98.0,5.336897,11.5,4.0
1671715939.572000,45.294637,6.583919,2382.379190,98.0,5.432192,14.7,4.3
1671715941.572000,45.294622,6.584059,2383.583065,97.0,5.562224,18.6,4.7
1671715943.581000,45.294608,6.584194,2384.594414,98.0,5.353012,14.8,5.0
1671715945.573000,45.294594,6.584329,2385.437914,97.0,5.356609,19.2,4.8
1671715947.567000,45.294581,6.584467,2386.103833,97.0,5.528771,16.2,5.0
1671715949.570000,45.294567,6.584606,2387.029645,97.0,5.464499,15.6,4.7
1671715951.581000,45.294552,6.584743,2389.643640,98.0,5.471579,9.6,4.0
1671715953.572000,45.294539,6.584878,2390.932158,97.0,5.385678,7.4,4.0
1671715955.581000,45.294525,6.585014,2392.030237,98.0,5.476170,11.0,4.0
1671715957.573000,45.294510,6.585153,2393.416734,98.0,5.500172,15.3,4.0
1671715959.567000,45.294497,6.585289,2395.528993,98.0,5.342519,9.6,4.0
1671715961.573000,45.294484,6.585425,2396.842629,98.0,5.405658,12.5,4.0
1671715963.577000,45.294470,6.585556,2399.511177,98.0,5.362235,10.9,4.0
1671715965.581000,45.294456,6.585686,2400.419973,98.0,5.369108,12.6,4.0
1671715967.581000,45.294442,6.585821,2403.489381,98.0,5.390506,11.2,4.4
1671715969.572000,45.294427,6.585958,2406.272178,98.0,5.357321,13.6,5.0
1671715971.577000,45.294413,6.586095,2408.580179,97.0,5.432285,14.2,5.0
1671715973.571000,45.294399,6.586230,2409.813975,97.0,5.285519,16.8,4.7
1671715975.571000,45.294385,6.586365,2412.134946,97.0,5.474678,12.4,4.0
1671715977.566000,45.294371,6.586504,2415.486394,97.0,5.395754,9.1,4.0
1671715979.571000,45.294359,6.586636,2417.430550,97.0,5.184660,8.3,4.0
1671715981.577000,45.294345,6.586770,2420.126719,98.0,5.401938,10.2,4.0
1671715983.575000,45.294332,6.586906,2421.921050,97.0,5.325362,11.1,4.0
1671715985.579000,45.294318,6.587039,2424.605270,97.0,5.387743,12.1,4.0
1671715987.575000,45.294305,6.587177,2427.783727,98.0,5.374392,10.1,4.0
1671715989.582000,45.294291,6.587310,2430.165703,98.0,5.203864,6.2,4.0
1671715991.577000,45.294278,6.587443,2432.382090,97.0,5.345616,10.2,4.0
1671715993.573000,45.294264,6.587579,2435.161295,98.0,5.412888,10.3,4.0
1671715995.596000,45.294249,6.587713,2438.745929,98.0,5.235836,11.0,4.0
1671715997.559000,45.294236,6.587845,2441.931801,97.0,5.260186,11.4,4.0
1671715999.583000,45.294222,6.587977,2444.778004,98.0,5.161494,14.3,4.0
1671716001.567000,45.294209,6.588109,2447.909193,98.0,5.271442,11.2,4.0
1671716003.567000,45.294195,6.588245,2452.215382,98.0,5.373309,6.8,4.0
1671716005.572000,45.294182,6.588376,2456.516990,97.0,5.097595,6.9,4.0
1671716007.567000,45.294168,6.588510,2459.067772,98.0,5.573216,4.7,4.0
1671716009.574000,45.294153,6.588650,2460.488722,98.0,5.520256,7.3,4.0
1671716011.575000,45.294140,6.588787,2462.161688,98.0,5.488893,8.2,4.0
1671716013.569000,45.294126,6.588921,2464.181601,97.0,5.407604,6.2,4.0
1671716015.572000,45.294112,6.589057,2465.688281,97.0,5.277406,6.1,4.0
1671716017.565000,45.294100,6.589190,2466.900851,97.0,5.362201,7.4,4.0
1671716019.567000,45.294085,6.589326,2468.706696,97.0,5.453241,6.7,4.0
1671716021.580000,45.294072,6.589465,2470.852667,97.0,5.425340,11.5,4.0
1671716023.573000,45.294058,6.589600,2473.455985,98.0,5.207687,9.1,4.3
1671716025.568000,45.294044,6.589732,2475.238484,98.0,5.292702,11.4,4.3
1671716027.604000,45.294032,6.589872,2477.836730,97.0,5.556120,9.5,4.0
1671716029.596000,45.294020,6.590011,2479.451913,98.0,5.393088,8.8,4.0
1671716031.571000,45.294006,6.590144,2483.441021,97.0,5.302562,5.1,4.0
1671716033.581000,45.293994,6.590280,2486.517654,97.0,5.402069,4.3,4.0
1671716035.578000,45.293980,6.590413,2488.336065,98.0,5.203842,6.1,4.0
1671716037.572000,45.293967,6.590546,2491.188062,97.0,5.442624,5.8,4.0
1671716039.575000,45.293954,6.590687,2494.730081,97.0,5.425896,8.4,4.0
1671716041.579000,45.293941,6.590820,2497.614199,98.0,5.170614,6.8,4.0
1671716043.582000,45.293927,6.590952,2500.834943,98.0,5.356390,7.4,4.0
1671716045.566000,45.293914,6.591088,2502.820592,97.0,5.339110,7.5,4.0
1671716047.569000,45.293902,6.591222,2505.179497,98.0,5.310069,6.7,4.0
1671716049.573000,45.293887,6.591358,2508.422423,97.0,5.343873,8.4,4.0
1671716051.577000,45.293875,6.591490,2512.133746,97.0,5.128028,10.2,4.0
1671716053.576000,45.293863,6.591619,2514.257254,97.0,5.138128,10.4,4.0
1671716055.577000,45.293849,6.591751,2517.344149,98.0,5.358984,7.8,4.0
1671716057.577000,45.293836,6.591888,2521.445824,97.0,5.331170,6.0,4.0
1671716059.580000,45.293824,6.592019,2525.740975,97.0,5.086921,6.4,4.0
1671716062.576000,45.293805,6.592210,2530.041040,97.0,5.269126,6.9,4.0
1671716064.579000,45.293792,6.592349,2533.465836,98.0,5.455959,7.3,4.0
1671716066.572000,45.293778,6.592483,2537.404402,98.0,5.227642,6.4,4.0
1671716068.566000,45.293766,6.592611,2542.183310,97.0,5.029322,7.1,4.0
1671716070.580000,45.293753,6.592738,2545.321771,98.0,5.026165,7.3,4.0
1671716072.578000,45.293741,6.592867,2549.180465,97.0,5.122926,7.6,4.0
1671716074.572000,45.293725,6.593013,2553.456895,98.0,5.808616,7.3,4.0
1671716076.572000,45.293711,6.593150,2555.061516,98.0,5.137533,9.1,4.0
1671716078.609000,45.293699,6.593281,2558.344262,97.0,5.229487,10.3,4.0
1671716080.568000,45.293686,6.593410,2560.280638,98.0,5.246167,10.8,4.0
1671716082.572000,45.293673,6.593547,2562.797522,98.0,5.433632,7.9,4.0
1671716084.581000,45.293660,6.593683,2566.142949,97.0,5.391942,6.1,4.0
1671716086.576000,45.293648,6.593816,2569.139220,98.0,5.151798,6.4,4.0
1671716088.580000,45.293635,6.593944,2571.631896,98.0,5.106795,7.6,4.0
1671716090.573000,45.293621,6.594077,2574.857835,97.0,5.259227,7.8,4.0
1671716092.568000,45.293608,6.594215,2578.121757,98.0,5.562074,9.1,4.0
1671716094.570000,45.293595,6.594352,2581.118934,97.0,5.204990,7.3,4.0
1671716096.579000,45.293582,6.594480,2584.510083,97.0,5.043803,5.9,4.0
1671716098.578000,45.293569,6.594608,2587.295099,98.0,5.057607,7.4,4.0
1671716100.588000,45.293556,6.594746,2591.487096,97.0,5.573545,7.7,4.0
1671716102.579000,45.293543,6.594885,2594.395845,97.0,5.308881,12.4,4.0
1671716104.582000,45.293530,6.595015,2598.590847,97.0,4.980970,10.4,4.0
1671716107.574000,45.293512,6.595206,2603.647066,97.0,5.181551,10.0,4.0
1671716109.586000,45.293498,6.595343,2607.923646,97.0,5.410280,7.7,4.0
1671716111.592000,45.293480,6.595491,2611.063553,97.0,5.820173,7.6,4.0
1671716113.575000,45.293466,6.595619,2613.948866,98.0,5.050037,4.3,4.0
1671716115.577000,45.293453,6.595747,2615.531650,98.0,5.257584,7.0,4.0
1671716117.571000,45.293440,6.595882,2617.384667,97.0,5.448286,7.4,4.0
1671716119.576000,45.293427,6.596023,2619.437557,98.0,5.553418,8.8,4.0
1671716121.573000,45.293413,6.596158,2621.840318,98.0,5.344265,7.0,4.0
1671716124.583000,45.293393,6.596348,2625.603096,97.0,5.149814,7.9,4.0
1671716126.583000,45.293380,6.596484,2627.706549,98.0,5.474732,8.3,4.0
1671716128.577000,45.293366,6.596626,2630.146043,98.0,5.446459,13.0,4.0
1671716130.582000,45.293352,6.596760,2632.596167,98.0,5.239314,11.1,4.0
1671716132.580000,45.293340,6.596887,2635.606519,98.0,5.055383,13.0,4.0
1671716134.585000,45.293329,6.597018,2638.929110,97.0,5.341038,9.9,4.0
1671716136.570000,45.293315,6.597165,2641.163333,97.0,5.809588,9.5,4.0
1671716138.580000,45.293302,6.597308,2643.687862,97.0,5.548167,5.5,4.0
1671716140.578000,45.293289,6.597443,2645.397485,98.0,5.206117,4.5,4.0
1671716142.576000,45.293276,6.597575,2647.074246,97.0,5.341024,7.0,4.0
1671716144.570000,45.293263,6.597713,2648.655086,97.0,5.515773,7.4,4.0
1671716146.584000,45.293249,6.597855,2650.638249,97.0,5.512005,6.5,4.0
1671716148.583000,45.293236,6.597994,2653.416299,98.0,5.377692,5.8,4.0
1671716150.593000,45.293224,6.598124,2655.540608,98.0,5.099091,7.4,4.0
1671716152.592000,45.293211,6.598254,2657.654368,98.0,5.329647,8.2,4.0
1671716154.585000,45.293199,6.598390,2659.984826,97.0,5.432920,8.2,4.4
1671716156.567000,45.293185,6.598527,2662.152315,98.0,5.435034,8.6,4.7
1671716158.570000,45.293172,6.598660,2665.177413,98.0,5.148522,10.2,4.7
1671716160.580000,45.293160,6.598787,2667.577358,97.0,5.110834,7.8,4.0
1671716162.578000,45.293147,6.598921,2670.550604,98.0,5.554474,5.7,4.0
1671716164.574000,45.293131,6.599066,2673.826992,98.0,5.437958,5.0,4.0
1671716166.576000,45.293117,6.599199,2677.161838,97.0,5.224695,4.2,4.0
1671716168.596000,45.293105,6.599329,2679.898873,98.0,5.140039,7.1,4.0
1671716170.571000,45.293093,6.599457,2681.123736,97.0,5.259887,8.7,4.0
1671716172.586000,45.293080,6.599598,2684.822637,98.0,5.716435,6.8,4.0
1671716174.568000,45.293065,6.599740,2687.864300,98.0,5.279532,5.7,4.0
1671716176.582000,45.293053,6.599868,2691.360228,97.0,5.091050,6.7,4.0
1671716178.581000,45.293040,6.600000,2694.384840,98.0,5.224165,7.3,4.0
1671716180.579000,45.293025,6.600135,2695.940336,97.0,5.365610,14.8,4.0
1671716182.577000,45.293012,6.600275,2699.900537,98.0,5.503083,9.4,4.0
1671716184.581000,45.292999,6.600411,2703.453371,98.0,5.238541,11.0,4.0
1671716187.574000,45.292979,6.600598,2708.830928,98.0,5.043937,6.6,4.0
1671716189.573000,45.292967,6.600728,2711.967446,98.0,5.225502,5.3,4.0
1671716191.570000,45.292953,6.600866,2716.473731,97.0,5.521566,5.1,4.0
1671716193.571000,45.292940,6.601003,2719.396572,97.0,5.238297,7.5,4.0
1671716196.574000,45.292921,6.601187,2725.595396,98.0,4.852503,8.6,4.0
1671716198.584000,45.292907,6.601320,2728.992473,98.0,5.774279,5.9,4.0
1671716200.580000,45.292892,6.601472,2730.226946,98.0,5.764469,7.8,4.0
1671716202.569000,45.292878,6.601615,2731.269419,97.0,5.428719,6.1,4.0
1671716204.590000,45.292865,6.601742,2732.049198,98.0,5.006629,9.6,4.0
1671716206.575000,45.292852,6.601873,2733.449989,98.0,5.358237,10.2,4.0
1671716208.563000,45.292838,6.602017,2735.652934,97.0,5.836108,5.7,4.0
1671716210.587000,45.292824,6.602166,2736.283293,98.0,5.638746,9.5,4.0
1671716212.577000,45.292811,6.602298,2738.463740,97.0,5.069972,6.8,4.0
1671716214.566000,45.292799,6.602426,2739.977237,98.0,5.184050,4.6,4.0
1671716216.573000,45.292784,6.602565,2742.880290,98.0,5.657273,4.2,4.0
1671716218.574000,45.292770,6.602711,2744.449256,97.0,5.771111,6.7,4.0
1671716220.590000,45.292756,6.602854,2745.665190,98.0,5.455293,9.3,4.0
1671716222.589000,45.292744,6.602982,2747.188379,98.0,4.991516,6.5,4.0
1671716224.576000,45.292732,6.603108,2750.290548,98.0,5.200317,6.2,4.0
1671716226.577000,45.292718,6.603248,2753.263147,97.0,5.642955,6.9,4.0
1671716228.585000,45.292703,6.603394,2755.457546,98.0,5.761799,7.3,4.0
1671716230.578000,45.292689,6.603530,2756.119902,97.0,5.075623,15.4,4.0
1671716233.580000,45.292672,6.603715,2761.306452,97.0,5.135226,7.8,4.0
1671716235.567000,45.292658,6.603855,2763.762748,98.0,5.778235,8.1,4.0
1671716237.578000,45.292642,6.604005,2766.348282,98.0,5.730813,6.1,4.0
1671716239.583000,45.292629,6.604137,2767.650612,98.0,4.954929,5.7,4.0
1671716242.573000,45.292611,6.604318,2773.376309,97.0,5.119103,5.0,4.0
1671716244.577000,45.292598,6.604460,2775.578382,97.0,5.781424,7.2,4.0
1671716246.583000,45.292583,6.604611,2777.603134,98.0,5.774697,9.4,4.0
1671716248.583000,45.292569,6.604745,2779.223214,98.0,4.947865,6.2,4.0
1671716251.577000,45.292552,6.604924,2785.293926,98.0,5.068789,6.8,4.0
1671716253.585000,45.292538,6.605064,2789.426979,97.0,5.810320,7.3,4.0
1671716255.584000,45.292524,6.605215,2790.755399,98.0,5.759292,13.8,4.0
1671716257.577000,45.292508,6.605354,2792.033332,98.0,4.992097,6.7,4.0
1671716260.574000,45.292490,6.605533,2798.265379,98.0,4.976058,5.3,4.0
1671716262.573000,45.292477,6.605668,2803.351858,97.0,5.676795,6.5,4.0
1671716264.588000,45.292462,6.605818,2806.715406,98.0,5.809464,6.6,4.0
1671716266.574000,45.292448,6.605954,2807.665699,98.0,4.915599,4.0,4.0
1671716269.570000,45.292431,6.606128,2813.638431,97.0,4.956705,6.6,4.0
1671716271.577000,45.292418,6.606264,2818.386421,98.0,5.690104,9.3,4.0
1671716273.579000,45.292403,6.606411,2821.583698,97.0,5.555037,8.6,4.0
1671716275.571000,45.292391,6.606539,2823.290472,98.0,4.823150,6.2,4.0
1671716278.578000,45.292374,6.606716,2830.440034,97.0,4.937803,8.6,4.0
1671716280.589000,45.292360,6.606854,2834.223521,98.0,5.637392,14.0,4.0
1671716282.581000,45.292345,6.607000,2837.217489,98.0,5.639202,15.1,4.0
1671716284.601000,45.292332,6.607128,2840.150070,98.0,4.772346,8.3,4.0
1671716287.577000,45.292316,6.607305,2847.063750,98.0,5.050342,8.7,4.0
1671716289.580000,45.292302,6.607444,2852.375273,98.0,5.590834,6.1,4.0
1671716291.575000,45.292288,6.607587,2855.576861,98.0,5.483314,5.7,4.0
1671716293.587000,45.292275,6.607714,2858.907615,98.0,4.824963,4.2,4.0
1671716296.570000,45.292258,6.607892,2866.429878,97.0,4.913442,6.5,4.0
1671716298.582000,45.292245,6.608028,2870.959662,97.0,5.545146,10.1,4.0
1671716300.572000,45.292230,6.608169,2875.227669,98.0,5.384631,8.5,4.0
1671716303.570000,45.292212,6.608352,2880.334365,97.0,4.605014,6.6,4.0
1671716306.574000,45.292194,6.608538,2888.547955,98.0,5.272120,7.2,4.0
1671716308.597000,45.292180,6.608676,2892.702148,98.0,5.452746,13.6,4.0
1671716310.582000,45.292167,6.608810,2896.547224,98.0,5.074630,6.6,4.0
1671716313.576000,45.292149,6.608988,2903.544242,98.0,4.785479,5.2,4.0
1671716316.576000,45.292130,6.609175,2911.437806,97.0,5.415351,6.6,4.3
1671716318.580000,45.292116,6.609309,2916.355007,98.0,5.285561,4.5,4.4
1671716321.580000,45.292099,6.609489,2922.642992,97.0,4.714919,7.3,4.0
1671716324.581000,45.292082,6.609670,2929.611208,97.0,5.094670,10.3,4.0
1671716326.579000,45.292068,6.609800,2935.425282,98.0,5.096155,8.5,4.0
1671716329.591000,45.292050,6.609988,2943.002867,97.0,4.942150,6.5,4.0
1671716332.582000,45.292032,6.610167,2950.500249,97.0,4.931989,7.2,4.0
1671716335.578000,45.292014,6.610358,2958.403349,97.0,5.553239,7.4,4.0
1671716337.587000,45.292003,6.610495,2961.329797,98.0,4.924806,9.8,4.0
1671716339.586000,45.291991,6.610631,2964.678862,98.0,5.293246,5.1,4.0
1671716341.579000,45.291980,6.610772,2966.693184,97.0,5.187231,6.4,4.0
1671716343.584000,45.291970,6.610915,2970.171245,97.0,5.393669,6.4,4.7
1671716345.584000,45.291960,6.611056,2972.978814,98.0,5.418126,3.9,5.6
1671716347.579000,45.291950,6.611191,2975.710352,98.0,5.043172,7.3,5.2
1671716350.572000,45.291933,6.611382,2980.340498,97.0,5.127788,9.2,4.3
1671716352.585000,45.291920,6.611514,2983.521883,98.0,5.400085,8.5,4.0
1671716354.580000,45.291908,6.611649,2986.496999,98.0,5.381607,6.0,4.0
1671716356.575000,45.291896,6.611781,2990.066792,97.0,5.242964,6.8,4.0
1671716358.575000,45.291884,6.611909,2993.787030,98.0,5.020496,6.2,4.0
1671716360.604000,45.291872,6.612037,2996.976029,98.0,5.243766,15.9,4.0
1671716362.584000,45.291859,6.612170,3000.805420,98.0,5.280674,6.8,4.0
1671716364.577000,45.291847,6.612303,3003.113138,97.0,5.399412,13.0,4.0
1671716366.597000,45.291835,6.612438,3007.102224,99.0,5.259781,8.4,4.0
1671716368.588000,45.291823,6.612566,3011.881297,97.0,5.124957,5.9,4.0
1671716370.606000,45.291811,6.612698,3015.239264,97.0,5.235347,5.5,4.0
1671716372.592000,45.291798,6.612831,3019.470664,97.0,5.321804,4.1,4.0
1671716374.582000,45.291785,6.612962,3023.313090,98.0,5.045596,8.0,4.0
1671716376.575000,45.291772,6.613089,3026.575154,98.0,5.079541,9.5,4.0
1671716378.583000,45.291760,6.613218,3030.511286,98.0,5.155539,8.7,4.0
1671716380.583000,45.291748,6.613349,3034.876247,97.0,5.395687,6.1,4.0
1671716382.579000,45.291734,6.613494,3038.196991,98.2,5.390760,6.5,4.0
1671716384.587000,45.291722,6.613625,3040.776828,97.0,5.267811,7.6,4.0
1671716386.575000,45.291711,6.613755,3042.633285,98.0,5.023412,14.3,4.0
1671716389.573000,45.291698,6.613929,3046.487155,92.4,4.603342,6.4,8.4
1671716398.573000,45.291688,6.614064,3046.470110,-1.0,0.001043,4.0,22.4
1671716405.570000,45.291643,6.614199,3046.243467,-1.0,0.002423,5.9,15.2
1671716420.893000,45.291610,6.614332,3046.205754,137.5,0.263655,6.2,11.5
1671716426.173000,45.291566,6.614446,3045.764814,144.0,0.760582,6.4,6.5
1671716433.133000,45.291512,6.614552,3045.025130,145.3,0.993674,5.1,5.1
1671716454.151000,45.291506,6.614706,3044.446238,104.8,1.604170,7.5,5.5
1671716460.151000,45.291440,6.614801,3044.262308,138.3,1.419893,6.3,6.0
1671716464.351000,45.291336,6.614816,3042.787375,176.0,2.643607,10.2,6.3
1671716468.550000,45.291223,6.614779,3041.806758,191.1,2.735679,9.0,7.1
1671716472.150000,45.291124,6.614699,3041.077439,210.5,3.201288,4.6,7.0
1671716475.150000,45.291053,6.614598,3041.324783,218.9,3.059639,4.9,7.0
1671716479.270000,45.291008,6.614486,3041.273300,236.9,2.506646,12.3,6.9
1671716482.669000,45.290947,6.614382,3040.621407,226.0,3.342010,5.7,6.9
1671716484.577000,45.290846,6.614273,3038.800943,216.0,6.499203,8.3,6.0
1671716486.571000,45.290743,6.614172,3037.484051,211.3,6.308516,6.5,4.6
1671716488.569000,45.290662,6.614110,3036.203986,208.8,4.912658,12.7,4.5
1671716492.105000,45.290577,6.614031,3036.049020,213.3,3.074369,8.3,7.7
1671716496.289000,45.290474,6.613972,3035.014363,204.2,3.535695,9.3,7.9
1671716498.568000,45.290360,6.613901,3033.866463,201.8,6.751354,7.1,6.7
1671716500.588000,45.290230,6.613828,3031.767021,202.0,7.427691,3.5,6.3
1671716502.571000,45.290106,6.613757,3030.932797,200.3,6.940623,7.0,6.0
1671716504.563000,45.289990,6.613703,3028.971224,197.1,6.538006,11.7,5.0
1671716506.585000,45.289884,6.613658,3028.364037,197.0,5.859595,8.6,4.4
1671716508.580000,45.289786,6.613624,3027.322613,192.1,5.743011,6.1,4.4
1671716510.579000,45.289682,6.613595,3026.458532,191.0,6.008331,5.7,4.4
1671716512.569000,45.289574,6.613570,3025.399965,188.0,6.058485,6.2,4.0
1671716514.576000,45.289468,6.613542,3023.480894,190.0,5.977225,8.3,4.0
1671716516.578000,45.289358,6.613516,3022.415691,188.0,6.408010,15.1,4.0
1671716518.609000,45.289241,6.613494,3021.787271,187.0,6.527280,9.1,4.0
1671716520.588000,45.289120,6.613466,3020.133526,191.0,7.112895,10.6,4.0
1671716522.577000,45.288988,6.613406,3017.190464,200.0,7.978787,11.7,4.4
1671716524.563000,45.288853,6.613284,3013.319232,214.0,9.464865,11.5,5.0
1671716525.575000,45.288777,6.613206,3012.210677,214.0,10.460063,4.9,5.3
1671716526.578000,45.288694,6.613116,3010.886598,218.0,11.598958,5.5,6.0
1671716527.576000,45.288610,6.613017,3008.710593,225.3,12.746842,3.8,6.3
1671716528.568000,45.288528,6.612890,3005.056771,234.5,13.672861,5.2,6.0
1671716529.571000,45.288464,6.612734,2998.599854,238.0,13.789158,7.4,5.6
1671716530.574000,45.288413,6.612571,2998.599854,245.0,13.717863,7.9,5.3
1671716531.592000,45.288372,6.612402,2996.399902,249.5,13.599058,11.3,4.8
1671716532.578000,45.288345,6.612236,2996.399902,255.0,13.312876,10.3,4.0
1671716533.589000,45.288322,6.612068,2992.629997,260.9,12.898743,8.7,4.0
1671716534.580000,45.288308,6.611906,2990.527892,261.0,12.580667,7.2,4.0
1671716535.571000,45.288291,6.611748,2989.358014,259.0,12.255571,6.0,4.0
1671716536.575000,45.288268,6.611596,2987.908172,256.0,11.773689,5.7,4.0
1671716537.578000,45.288246,6.611450,2986.819631,260.0,11.304960,7.9,4.7
1671716538.581000,45.288238,6.611307,2984.729420,267.0,11.075796,6.6,5.3
1671716539.574000,45.288240,6.611165,2983.393274,269.0,11.100460,5.5,6.0
1671716540.574000,45.288243,6.611021,2982.131168,270.0,11.044017,7.5,7.2
1671716541.573000,45.288250,6.610878,2979.982685,274.0,10.913951,12.2,7.0
1671716542.594000,45.288264,6.610739,2979.156999,277.0,10.799332,15.1,7.2
1671716543.577000,45.288280,6.610605,2976.969690,278.0,10.621981,10.7,7.0
1671716544.590000,45.288296,6.610469,2976.008166,279.0,10.621439,9.2,6.4
1671716545.592000,45.288314,6.610335,2975.499930,280.0,10.650806,7.6,6.0
1671716546.574000,45.288333,6.610203,2973.548689,282.0,10.510957,12.5,6.4
1671716547.577000,45.288356,6.610074,2972.182510,283.0,10.175193,7.9,6.3
1671716549.581000,45.288391,6.609845,2970.915656,278.0,8.588241,8.6,6.3
1671716551.577000,45.288398,6.609660,2971.046375,269.0,6.827333,6.1,6.0
1671716553.583000,45.288378,6.609505,2971.160459,253.0,5.713274,2.9,6.8
1671716556.585000,45.288313,6.609355,2972.117859,241.0,4.235765,6.6,5.3
1671716559.574000,45.288263,6.609225,2971.614393,241.0,4.389881,7.8,4.4
1671716561.580000,45.288224,6.609108,2970.944543,247.9,4.416126,5.3,5.1
1671716564.582000,45.288185,6.608930,2970.314997,254.0,5.434454,7.0,4.6
1671716566.574000,45.288162,6.608775,2968.952323,258.0,5.659747,7.1,4.0
1671716568.584000,45.288134,6.608621,2967.189598,257.0,6.687326,13.2,4.7
1671716570.570000,45.288112,6.608445,2963.538835,258.2,7.778495,8.9,4.7
1671716572.570000,45.288028,6.608227,2958.679545,240.1,10.849655,11.7,4.7
1671716573.580000,45.287989,6.608087,2955.007638,254.1,11.986664,9.4,4.7
1671716574.575000,45.287965,6.607930,2949.969745,262.0,12.998555,8.2,4.3
1671716575.574000,45.287953,6.607764,2947.228854,259.2,13.022569,10.6,4.4
1671716576.572000,45.287934,6.607602,2942.943086,248.4,12.606282,7.6,4.3
1671716577.575000,45.287889,6.607447,2940.636020,246.0,12.769531,10.4,4.4
1671716578.571000,45.287852,6.607294,2940.636050,253.7,12.386333,3.9,4.3
1671716579.573000,45.287824,6.607142,2937.845551,253.8,12.143880,4.5,4.0
1671716580.576000,45.287782,6.607000,2935.738328,244.2,11.874206,3.5,4.0
1671716581.569000,45.287744,6.606864,2934.215171,248.4,11.389869,4.2,4.0
1671716582.569000,45.287734,6.606736,2931.327865,260.8,9.676088,6.4,4.0
1671716584.569000,45.287724,6.606510,2928.086379,257.3,8.896977,10.2,4.7
1671716586.569000,45.287637,6.606354,2925.175210,238.5,8.701252,7.6,5.3
1671716588.578000,45.287542,6.606196,2919.143151,230.5,8.469927,4.9,5.6
1671716590.573000,45.287467,6.606049,2913.693648,247.2,7.541729,6.7,4.4
1671716592.575000,45.287391,6.605908,2909.189797,223.9,7.935170,5.3,5.2
1671716594.583000,45.287286,6.605744,2902.985180,230.3,8.601123,8.5,6.0
1671716596.574000,45.287172,6.605602,2899.405850,226.3,8.357609,10.4,6.0
1671716598.575000,45.287124,6.605409,2894.505707,251.4,7.546952,7.2,6.0
1671716600.593000,45.287090,6.605211,2888.369042,256.1,7.174572,7.4,6.0
1671716602.581000,45.287038,6.605029,2883.940707,259.6,7.602143,8.1,6.0
1671716604.578000,45.287000,6.604803,2877.402617,259.7,9.710912,5.6,6.0
1671716605.576000,45.286994,6.604670,2875.474290,261.4,9.906926,3.4,6.0
1671716606.578000,45.287002,6.604527,2869.354611,273.3,11.129766,2.9,6.0
1671716607.566000,45.287013,6.604374,2868.423008,264.4,11.913106,4.2,6.0
1671716608.572000,45.287000,6.604208,2863.479680,264.9,12.771627,5.8,6.0
1671716609.571000,45.286997,6.604030,2862.102895,265.8,12.931851,6.7,6.0
1671716610.579000,45.287007,6.603856,2858.660881,271.8,12.287017,8.1,5.6
1671716611.569000,45.287000,6.603708,2856.445161,260.2,10.095211,9.1,5.3
1671716612.578000,45.286977,6.603585,2854.051360,255.6,9.756440,7.7,4.8
1671716614.581000,45.286933,6.603356,2851.554577,256.7,8.723289,4.9,4.0
1671716616.568000,45.286897,6.603152,2850.549577,258.7,8.385203,6.0,4.0
1671716618.573000,45.286878,6.602938,2849.034238,258.1,8.650035,5.9,4.0
1671716620.572000,45.286832,6.602716,2845.734525,254.6,9.437159,13.2,4.0
1671716622.586000,45.286829,6.602502,2843.391847,269.6,7.088347,9.1,4.0
1671716624.578000,45.286797,6.602329,2840.073120,249.6,7.259176,9.8,4.0
1671716626.569000,45.286800,6.602175,2837.015332,277.7,6.552335,7.9,4.0
1671716628.574000,45.286814,6.601993,2832.359515,276.9,7.118883,10.1,4.0
1671716630.580000,45.286851,6.601838,2828.377900,282.6,6.491175,3.7,4.0
1671716632.577000,45.286880,6.601664,2822.677361,281.0,7.219069,3.4,4.0
1671716634.582000,45.286918,6.601470,2817.678070,282.0,8.047941,5.6,4.3
1671716636.577000,45.286981,6.601273,2812.204837,307.1,7.864902,5.9,5.2
1671716638.585000,45.287081,6.601131,2807.391599,308.6,8.177726,7.3,5.2
1671716640.567000,45.287166,6.600898,2803.316358,293.5,11.288462,4.7,4.7
1671716641.574000,45.287209,6.600753,2800.074181,293.0,11.877490,4.2,4.3
1671716642.571000,45.287252,6.600612,2798.938704,293.2,11.625237,6.4,4.0
1671716643.570000,45.287293,6.600477,2796.479497,293.1,11.374312,6.4,4.3
1671716644.573000,45.287331,6.600349,2795.385194,292.1,10.779278,5.2,4.3
1671716645.574000,45.287367,6.600224,2794.893927,291.9,10.551591,6.6,4.4
1671716646.564000,45.287397,6.600103,2794.271609,287.9,10.157126,8.1,4.3
1671716648.574000,45.287447,6.599873,2791.236738,289.8,9.080987,8.6,4.0
1671716650.579000,45.287529,6.599710,2789.654896,306.0,7.545912,7.0,4.0
1671716652.578000,45.287621,6.599575,2788.442738,316.9,7.348310,6.2,4.4
1671716654.580000,45.287713,6.599446,2786.782960,304.0,8.037800,7.3,4.3
1671716656.579000,45.287815,6.599275,2783.608751,313.0,9.358061,5.1,4.3
1671716658.596000,45.287908,6.599066,2778.706041,288.5,8.969852,3.2,4.0
1671716660.578000,45.287968,6.598893,2774.741164,315.0,6.373116,6.9,4.0
1671716662.588000,45.288041,6.598775,2772.800149,297.9,6.655868,6.3,4.0
1671716664.581000,45.288033,6.598619,2768.261862,259.1,6.266041,11.1,4.0
1671716666.584000,45.288048,6.598455,2765.566657,282.0,6.516642,6.3,4.0
1671716668.576000,45.288068,6.598322,2761.920738,291.9,5.384171,4.0,4.0
1671716670.585000,45.288146,6.598206,2756.976863,303.5,6.632700,5.9,4.8
1671716672.593000,45.288176,6.598057,2752.778382,294.7,6.292679,6.6,5.6
1671716674.577000,45.288239,6.597947,2747.644642,297.8,5.831281,14.0,5.7
1671716676.573000,45.288250,6.597796,2742.798090,285.7,6.249577,7.6,5.6
1671716678.577000,45.288299,6.597661,2738.407688,287.4,5.773483,10.5,5.0
1671716681.562000,45.288316,6.597469,2732.198042,298.9,6.295806,9.3,4.7
1671716683.565000,45.288340,6.597312,2728.133175,268.1,5.922236,3.6,4.7
1671716685.582000,45.288355,6.597140,2722.949048,275.1,7.060704,2.5,4.7
1671716687.562000,45.288326,6.596964,2721.127061,258.0,7.092684,8.6,4.3
1671716689.568000,45.288311,6.596758,2717.440047,261.4,8.556605,9.8,4.0
1671716691.571000,45.288257,6.596562,2711.538742,246.1,8.544221,9.3,4.0
1671716693.566000,45.288235,6.596312,2709.589411,269.0,10.603080,4.2,4.3
1671716694.562000,45.288234,6.596166,2706.406152,266.1,11.307652,3.9,4.7
1671716695.603000,45.288241,6.596015,2704.555986,274.4,11.175854,5.9,4.8
1671716696.580000,45.288267,6.595880,2701.251118,285.7,10.842560,5.8,4.8
1671716697.585000,45.288297,6.595744,2699.962973,284.0,11.207125,5.1,4.8
1671716698.580000,45.288339,6.595624,2698.197117,298.0,10.021049,6.4,4.4
1671716700.594000,45.288438,6.595432,2693.609155,292.5,9.125600,14.5,4.7
1671716702.595000,45.288490,6.595210,2690.989200,288.0,9.050817,7.5,5.6
1671716704.592000,45.288500,6.594990,2687.554222,268.0,8.839301,5.8,6.0
1671716706.598000,45.288488,6.594752,2685.672077,259.5,9.387828,7.1,5.6
1671716708.598000,45.288461,6.594508,2673.918915,269.9,9.398822,2.5,5.0
1671716710.589000,45.288448,6.594283,2674.042586,268.9,8.409398,2.5,4.3
1671716712.567000,45.288446,6.594096,2661.567653,256.7,7.291729,2.5,4.0
1671716714.575000,45.288438,6.593929,2673.431492,274.0,7.154493,7.1,4.0
1671716716.572000,45.288439,6.593746,2665.563618,280.8,7.553341,2.7,4.3
1671716718.577000,45.288453,6.593544,2661.253948,262.1,7.517779,2.6,4.4
1671716720.585000,45.288410,6.593358,2661.569538,253.0,8.364940,4.0,4.4
1671716722.581000,45.288334,6.593152,2656.061582,233.9,9.604064,9.9,4.8
1671716724.584000,45.288201,6.593001,2650.968605,215.0,9.464376,5.3,4.8
1671716726.570000,45.288064,6.592840,2645.372066,216.5,9.546956,13.5,4.3
1671716728.580000,45.287943,6.592697,2639.894546,231.3,8.810493,3.0,4.0
1671716730.571000,45.287868,6.592506,2634.114067,227.7,8.486269,2.8,4.0
1671716732.581000,45.287762,6.592342,2632.819909,239.7,9.294594,7.7,4.0
1671716733.577000,45.287729,6.592219,2619.718794,249.0,10.346313,2.5,4.0
1671716734.570000,45.287696,6.592087,2619.590533,246.0,10.973534,2.5,4.0
1671716735.576000,45.287651,6.591955,2615.172149,242.0,11.349943,2.5,4.0
1671716736.577000,45.287597,6.591832,2614.221433,236.0,11.067440,2.5,4.0
1671716737.573000,45.287535,6.591729,2610.507197,227.1,10.549141,2.5,4.0
1671716738.582000,45.287463,6.591647,2609.586953,217.5,10.231389,2.5,4.0
1671716740.574000,45.287313,6.591525,2619.688490,211.0,9.505548,4.1,4.0
1671716742.573000,45.287224,6.591352,2616.889820,242.9,8.364996,2.7,4.0
1671716744.567000,45.287271,6.591168,2608.622508,303.0,7.813740,2.5,4.0
1671716746.583000,45.287404,6.591047,2611.161904,340.2,6.962240,2.5,4.3
1671716748.573000,45.287563,6.591063,2609.268563,2.0,9.536384,5.8,5.6
1671716749.587000,45.287656,6.591075,2608.264562,359.1,9.948603,8.6,6.4
1671716750.585000,45.287752,6.591071,2605.471739,353.0,10.319120,9.2,6.8
1671716751.582000,45.287845,6.591069,2603.337383,0.8,10.019025,9.0,6.7
1671716753.580000,45.288007,6.591098,2592.883151,356.0,8.759738,2.5,6.4
1671716755.580000,45.288167,6.591083,2589.655374,356.0,9.178050,2.5,5.3
1671716757.581000,45.288340,6.591072,2594.500703,3.0,9.906712,8.2,5.2
1671716758.580000,45.288435,6.591082,2588.621671,2.0,10.534501,2.6,4.8
1671716759.574000,45.288532,6.591089,2587.119720,8.5,10.407331,2.5,4.8
1671716760.578000,45.288628,6.591107,2581.030027,5.0,10.306844,2.4,5.0
1671716761.571000,45.288718,6.591106,2580.147436,354.6,9.566253,2.4,5.3
1671716763.579000,45.288886,6.591100,2574.667414,355.0,8.958549,2.4,5.0
1671716765.570000,45.289032,6.591043,2572.586280,346.8,8.351255,2.4,5.0
1671716767.569000,45.289182,6.591004,2575.788225,341.2,8.374300,2.6,4.3
1671716769.583000,45.289298,6.590875,2569.028985,311.5,7.936149,2.4,4.0
1671716771.571000,45.289333,6.590674,2567.736484,272.1,8.103372,2.5,4.0
1671716773.580000,45.289295,6.590466,2565.513510,242.1,8.353988,2.5,4.0
1671716775.569000,45.289197,6.590287,2563.218426,229.0,8.982630,7.9,4.0
1671716777.574000,45.289104,6.590082,2559.980273,240.0,9.530315,8.9,4.0
1671716779.579000,45.289006,6.589911,2552.707238,233.0,8.604145,2.6,4.0
1671716781.574000,45.288918,6.589727,2547.318027,234.0,8.322287,2.4,4.0
1671716783.581000,45.288857,6.589549,2544.563411,244.0,8.046535,2.4,4.0
1671716785.588000,45.288820,6.589392,2539.252054,254.7,6.244639,2.4,4.0
1671716787.579000,45.288848,6.589219,2537.174652,274.3,7.158010,2.4,4.0
1671716789.584000,45.288871,6.589022,2535.385084,289.0,7.858203,2.4,4.0
1671716791.598000,45.288888,6.588799,2532.005811,266.1,9.340670,2.4,4.0
1671716792.597000,45.288873,6.588670,2532.485495,261.0,10.098226,2.5,4.0
1671716793.573000,45.288858,6.588540,2530.294405,262.0,10.327305,2.4,4.8
1671716794.582000,45.288858,6.588402,2528.835602,269.4,10.389281,2.4,4.7
1671716795.580000,45.288882,6.588271,2527.346842,285.3,10.516753,2.4,4.7
1671716796.581000,45.288913,6.588140,2525.796119,285.0,10.756775,2.4,4.7
1671716797.573000,45.288942,6.588008,2524.442540,287.0,10.609706,2.4,4.7
1671716798.573000,45.288977,6.587884,2524.024318,287.0,10.306451,2.4,4.4
1671716799.576000,45.289002,6.587759,2521.537285,282.0,10.271409,2.4,4.3
1671716800.589000,45.289029,6.587637,2522.047633,288.7,9.775316,2.5,4.4
1671716802.576000,45.289083,6.587403,2521.363393,278.1,9.638659,6.4,4.4
1671716804.592000,45.289123,6.587178,2517.597486,284.0,8.839872,2.7,4.0
1671716806.589000,45.289174,6.586985,2516.050847,298.4,7.798597,2.5,4.0
1671716808.585000,45.289277,6.586845,2511.768407,323.7,7.786674,2.4,4.0
1671716810.605000,45.289399,6.586802,2509.173328,343.0,7.178048,2.4,4.0
1671716812.578000,45.289532,6.586702,2507.259458,317.1,8.559413,2.4,4.0
1671716814.573000,45.289656,6.586596,2501.923153,342.5,8.443385,2.4,4.0
1671716816.567000,45.289805,6.586514,2491.883094,330.0,8.776618,2.4,4.7
1671716818.570000,45.289952,6.586416,2485.635993,337.8,8.982723,2.4,5.6
1671716820.574000,45.290094,6.586301,2486.789834,329.1,8.769228,2.5,6.0
1671716822.577000,45.290229,6.586201,2480.890179,323.6,7.725523,2.5,6.0
1671716824.580000,45.290346,6.586096,2481.021117,329.9,7.858630,2.5,6.0
1671716826.588000,45.290467,6.585996,2479.161976,334.3,7.514740,2.4,5.2
1671716828.572000,45.290585,6.585911,2478.086202,314.3,6.854168,2.5,4.7
1671716830.573000,45.290676,6.585801,2474.577709,323.3,6.758893,2.5,4.0
1671716832.567000,45.290721,6.585688,2470.388209,278.6,5.220360,2.5,4.0
1671716834.571000,45.290769,6.585575,2465.668122,299.5,5.504614,2.4,4.4
1671716836.585000,45.290862,6.585477,2459.620293,307.0,6.031227,2.4,4.4
1671716838.585000,45.290886,6.585303,2449.286262,279.5,7.227640,2.4,4.0
1671716840.567000,45.290947,6.585163,2448.706512,302.7,6.519987,2.4,4.0
1671716842.583000,45.291026,6.585088,2441.050318,311.9,5.240804,2.4,4.0
1671716845.572000,45.291046,6.584902,2440.713866,265.5,5.541636,2.5,4.4
1671716847.585000,45.291090,6.584782,2435.601701,305.4,5.276411,2.5,4.4
1671716849.567000,45.291151,6.584675,2431.010015,297.1,6.281477,2.4,4.3
1671716851.591000,45.291140,6.584518,2426.936105,262.4,6.370632,2.4,4.4
1671716853.578000,45.291194,6.584391,2421.361398,309.8,5.096805,2.5,4.4
1671716855.578000,45.291252,6.584287,2418.867314,301.9,6.273518,2.5,4.0
1671716857.565000,45.291258,6.584125,2413.128984,274.5,6.142443,2.4,4.7
1671716859.583000,45.291327,6.584004,2404.113664,307.9,5.984115,2.4,5.2
1671716861.575000,45.291377,6.583838,2400.988048,288.3,7.294569,2.4,5.0
1671716863.574000,45.291444,6.583708,2391.668852,310.0,5.476196,2.4,4.3
1671716865.578000,45.291495,6.583557,2392.335893,292.0,7.751560,2.4,4.0
1671716867.568000,45.291583,6.583397,2383.693580,318.4,7.524157,2.4,4.0
1671716869.581000,45.291666,6.583220,2377.840849,299.3,8.784411,2.4,4.0
1671716871.576000,45.291780,6.583064,2379.740433,320.3,8.651070,2.4,4.0
1671716873.588000,45.291888,6.582937,2375.633170,305.2,7.846141,2.4,4.0
1671716875.566000,45.291986,6.582809,2373.721081,316.6,7.831026,2.4,4.0
1671716877.569000,45.292106,6.582714,2377.441930,324.2,7.891042,2.4,4.0
1671716879.574000,45.292230,6.582645,2374.983489,339.5,7.088244,2.4,4.0
1671716881.570000,45.292346,6.582608,2374.204773,336.3,6.764412,2.4,4.0
1671716883.573000,45.292457,6.582546,2372.708976,341.1,6.339293,2.5,4.0
1671716885.570000,45.292550,6.582540,2371.320792,352.1,5.092817,2.4,4.0
1671716887.569000,45.292641,6.582492,2370.927899,336.0,5.694798,2.4,4.0
1671716889.581000,45.292735,6.582451,2368.726825,351.0,5.027419,2.4,4.0
1671716891.568000,45.292825,6.582402,2368.289102,331.0,6.224222,2.4,4.0
1671716893.575000,45.292947,6.582344,2365.480358,348.8,7.169380,2.4,4.0
1671716895.568000,45.293089,6.582257,2362.354738,326.1,9.679555,2.4,4.3
1671716896.589000,45.293173,6.582187,2359.928723,328.5,10.111623,2.4,4.4
1671716897.568000,45.293263,6.582156,2357.124889,346.6,10.099296,2.4,4.3
1671716898.569000,45.293354,6.582134,2351.329049,347.9,10.017269,2.4,4.3
1671716900.567000,45.293510,6.582016,2348.865713,331.1,9.943448,2.5,4.3
1671716901.572000,45.293598,6.581962,2346.300070,339.8,10.811078,2.4,4.0
1671716902.572000,45.293692,6.581917,2345.094288,336.3,10.452392,2.4,4.4
1671716903.574000,45.293789,6.581862,2343.883173,337.1,11.600084,2.4,4.4
1671716904.588000,45.293889,6.581786,2342.687266,329.8,12.002507,2.4,4.4
1671716905.571000,45.293985,6.581715,2339.715862,332.0,11.805761,2.5,4.4
1671716906.568000,45.294082,6.581642,2337.235867,330.1,12.192080,2.4,4.3
1671716907.572000,45.294181,6.581568,2334.843372,333.0,12.288974,2.4,4.0
1671716908.579000,45.294280,6.581495,2335.119422,331.1,12.249843,2.5,4.0
1671716909.585000,45.294377,6.581417,2332.308437,330.0,12.356197,2.4,4.0
1671716910.605000,45.294474,6.581340,2331.348628,331.0,12.160196,2.5,4.0
1671716911.575000,45.294554,6.581251,2328.840162,317.8,11.142267,2.5,4.0
1671716912.571000,45.294610,6.581143,2327.613997,306.3,10.277881,2.5,4.0
1671716913.567000,45.294658,6.581035,2325.985155,301.0,9.492473,2.4,4.0
1671716915.574000,45.294741,6.580834,2326.774201,303.0,8.681060,2.5,4.0
1671716917.579000,45.294816,6.580662,2325.307198,302.5,7.662775,2.4,4.0
1671716919.565000,45.294887,6.580502,2324.534920,302.9,7.773678,2.4,4.0
1671716921.565000,45.294972,6.580320,2322.068023,303.0,9.036862,2.4,4.0
1671716923.578000,45.295036,6.580088,2318.469515,282.8,9.612654,2.4,4.0
1671716924.583000,45.295049,6.579960,2317.697645,282.1,9.781165,2.4,4.0
1671716926.572000,45.295091,6.579715,2315.482031,287.7,10.071804,2.4,4.0
1671716927.579000,45.295124,6.579589,2314.363836,291.2,10.360458,2.4,4.0
1671716928.573000,45.295166,6.579466,2312.764555,296.4,10.639055,2.4,4.0
1671716929.578000,45.295212,6.579342,2309.274525,296.2,10.671236,2.4,4.0
1671716930.567000,45.295258,6.579219,2307.231477,296.0,10.772558,2.4,4.0
1671716931.576000,45.295302,6.579096,2306.360109,296.0,10.565485,2.4,4.0
1671716932.576000,45.295338,6.578974,2305.342227,291.0,10.300610,2.4,4.0
1671716933.579000,45.295361,6.578849,2300.540019,283.0,10.030644,2.4,4.0
1671716935.571000,45.295394,6.578605,2298.069117,284.7,9.547509,2.4,4.0
1671716937.577000,45.295442,6.578372,2296.721846,286.8,9.664022,2.4,4.0
1671716939.585000,45.295472,6.578133,2297.958245,281.6,9.323698,2.4,4.0
1671716941.571000,45.295524,6.577916,2294.169493,289.9,8.752256,2.4,4.0
1671716943.578000,45.295574,6.577715,2293.668803,286.2,8.149621,2.4,4.0
1671716945.587000,45.295609,6.577516,2295.397367,283.1,8.078606,2.4,4.0
1671716947.576000,45.295641,6.577323,2295.601573,284.0,7.578400,2.4,4.0
1671716949.598000,45.295670,6.577135,2294.384684,278.1,7.711171,2.4,4.4
1671716951.575000,45.295680,6.576923,2289.305820,274.0,8.613842,2.4,4.3
1671716953.574000,45.295692,6.576698,2285.942393,274.0,8.487558,2.4,4.3
1671716955.571000,45.295711,6.576496,2286.487118,278.0,7.427387,2.4,4.0
1671716957.577000,45.295732,6.576333,2285.885975,281.0,5.975452,2.4,4.0
1671716960.586000,45.295760,6.576196,2285.364363,287.0,3.082676,2.4,4.7
1671716977.277000,45.295808,6.576088,2285.418070,338.1,1.289296,2.4,5.9
1671717003.476000,45.295816,6.575957,2286.998008,265.1,0.804866,2.5,11.0
1671717029.217000,45.295810,6.575828,2284.899902,226.8,0.240056,3.7,17.6
1671717055.191000,45.295649,6.580348,2284.899902,-1.0,-1.000000,3.7,1500.0
1671717066.539000,45.296966,6.574622,2284.899902,-1.0,-1.000000,14.9,128.9
1671717076.615000,45.296675,6.575138,2283.702321,120.0,10.338080,2.5,71.3
1671717081.626000,45.296164,6.575964,2280.656303,141.9,13.123014,2.5,60.1
1671717086.659000,45.295550,6.575744,2279.918654,183.8,9.738216,2.5,57.7
1671717096.734000,45.295650,6.575712,2280.397601,11.7,0.896197,2.6,53.0
1671717106.791000,45.295596,6.575850,2285.814531,125.7,1.146277,2.5,61.2
1671717111.805000,45.295546,6.576114,2285.781362,110.5,2.408481,2.4,81.8
1671717116.824000,45.295594,6.575920,2287.322076,113.1,0.589024,2.4,63.9
1671717121.846000,45.295596,6.575787,2285.989074,223.7,0.214136,2.5,54.8
1671717152.356000,45.295636,6.575671,2287.452157,-1.0,0.086627,2.5,19.9
1671717180.760000,45.295549,6.575717,2291.130565,124.9,0.104431,2.6,12.3
1671717200.001000,45.295665,6.575735,2294.399902,14.8,0.561593,3.4,42.3
1671717202.264000,45.295784,6.575777,2291.562501,14.2,2.128242,5.5,58.7
1671717202.828000,45.295894,6.575815,2291.421482,14.0,3.745140,3.2,58.9
1671717208.561000,45.295856,6.575695,2292.186167,-1.0,0.036176,3.6,37.2
1671717231.609000,45.295728,6.575675,2292.729784,-1.0,0.003339,4.3,16.8
1671717233.590000,45.295614,6.575720,2292.168949,-1.0,0.002442,3.2,19.2
1671717237.599000,45.295525,6.575753,2286.780125,-1.0,0.000324,2.6,20.3
1671717242.257000,45.295628,6.575710,2295.699951,-1.0,0.071824,8.2,14.6
1671717246.258000,45.295722,6.575676,2294.399902,-1.0,0.046782,4.8,16.8
1671717256.599000,45.295586,6.576030,2294.064707,96.2,5.172750,3.9,19.0
1671717257.593000,45.295497,6.576223,2293.587289,98.9,5.584880,3.2,17.5
1671717258.597000,45.295445,6.576374,2295.623249,99.4,5.432972,6.5,15.3
1671717259.593000,45.295394,6.576536,2296.139653,98.9,5.466141,4.3,11.9
1671717261.586000,45.295359,6.576733,2291.051437,97.9,5.390531,2.6,6.3
1671717263.576000,45.295339,6.576894,2295.899902,98.1,5.388741,3.9,5.7
1671717265.581000,45.295324,6.577046,2301.168896,97.4,5.406280,4.1,5.0
1671717267.582000,45.295311,6.577188,2305.767231,97.7,5.354816,7.8,4.7
1671717269.583000,45.295298,6.577327,2308.377473,97.1,5.320303,6.6,4.0
1671717271.584000,45.295284,6.577463,2310.970297,97.4,5.155654,6.3,4.0
1671717273.582000,45.295272,6.577598,2311.620762,97.4,4.553150,5.6,4.0
1671717275.584000,45.295260,6.577725,2310.146578,97.1,5.670298,2.7,4.0
1671717277.592000,45.295245,6.577874,2314.349272,97.9,5.359172,3.5,4.0
1671717279.586000,45.295232,6.578019,2315.966215,98.0,5.416880,6.5,4.0
1671717281.588000,45.295221,6.578163,2316.445628,98.0,5.542603,4.1,4.0
1671717283.591000,45.295207,6.578304,2317.055490,98.0,5.510962,4.7,4.4
1671717285.596000,45.295194,6.578443,2318.842548,98.0,5.522608,8.0,4.4
1671717287.604000,45.295181,6.578583,2318.746548,98.0,5.438055,4.8,4.3
1671717289.601000,45.295168,6.578725,2312.355373,97.0,5.494717,2.6,4.8
1671717291.585000,45.295156,6.578864,2320.142666,98.0,5.491200,3.8,4.7
1671717293.582000,45.295143,6.579001,2322.147458,98.0,5.442641,4.5,4.7
1671717295.593000,45.295129,6.579137,2324.670945,97.0,5.403828,6.6,4.0
1671717297.592000,45.295116,6.579275,2326.248198,98.0,5.453529,6.5,4.0
1671717299.599000,45.295102,6.579415,2326.612389,97.0,5.387214,4.6,4.0
1671717301.591000,45.295088,6.579555,2325.859310,97.0,5.481672,7.4,4.0
1671717303.604000,45.295074,6.579692,2327.818464,98.0,5.447535,3.7,4.4
1671717305.592000,45.295061,6.579828,2330.169038,97.0,5.433488,3.4,4.4
1671717307.589000,45.295048,6.579962,2332.885287,98.0,5.375678,3.8,4.3
1671717309.588000,45.295034,6.580099,2336.411494,98.0,5.392716,8.0,4.0
1671717311.595000,45.295021,6.580236,2336.233904,97.0,5.432148,3.3,4.0
1671717313.594000,45.295008,6.580372,2339.494421,97.0,5.382168,3.6,4.0
1671717316.593000,45.294988,6.580557,2336.544263,95.0,4.831042,2.7,4.0
1671717318.583000,45.294977,6.580690,2341.607436,98.0,5.601940,4.0,4.0
1671717320.594000,45.294961,6.580833,2344.965806,97.0,5.450364,4.1,4.4
1671717322.597000,45.294949,6.580973,2347.583114,97.0,5.460661,7.7,4.3
1671717324.592000,45.294938,6.581108,2348.296570,98.0,5.424895,6.5,4.7
1671717326.597000,45.294925,6.581248,2348.769436,97.0,5.495740,6.2,4.7
1671717328.611000,45.294913,6.581387,2346.656406,97.0,5.511813,5.7,4.8
1671717330.592000,45.294900,6.581526,2344.506976,97.0,5.474901,2.7,4.3
1671717332.593000,45.294889,6.581664,2349.543115,98.0,5.384440,3.5,4.0
1671717334.591000,45.294874,6.581804,2351.277295,97.0,5.441226,6.5,4.3
1671717336.594000,45.294860,6.581944,2352.110685,98.0,5.500394,4.1,4.3
1671717338.594000,45.294844,6.582083,2354.199202,98.0,5.454159,4.6,5.2
1671717340.589000,45.294830,6.582222,2356.917647,98.0,5.436153,7.7,5.3
1671717342.593000,45.294815,6.582360,2357.662203,98.0,5.395247,4.7,5.3
1671717344.592000,45.294800,6.582498,2352.185984,98.0,5.471548,2.6,4.4
1671717346.608000,45.294786,6.582635,2360.410724,97.0,5.414296,3.8,4.0
1671717348.611000,45.294772,6.582774,2362.874221,98.0,5.507947,4.5,4.0
1671717350.608000,45.294756,6.582914,2366.656237,98.0,5.399685,6.3,4.4
1671717352.614000,45.294743,6.583051,2368.420758,97.0,5.403381,6.4,5.2
1671717354.610000,45.294729,6.583188,2369.369357,98.0,5.348032,4.6,5.6
1671717356.598000,45.294715,6.583323,2368.774625,97.0,5.387670,7.5,5.0
1671717358.592000,45.294702,6.583461,2371.893762,98.0,5.345112,3.7,5.0
1671717360.597000,45.294686,6.583595,2374.058534,97.0,5.309837,3.4,5.3
1671717362.593000,45.294672,6.583731,2378.047918,98.0,5.254073,3.8,5.2
1671717364.575000,45.294659,6.583864,2382.460982,97.0,5.160820,7.6,5.3
1671717366.584000,45.294646,6.584003,2382.853698,97.0,5.639442,3.3,5.6
1671717368.589000,45.294632,6.584139,2384.546648,97.0,5.228116,3.5,5.2
1671717370.584000,45.294618,6.584269,2382.111788,97.0,5.427269,3.2,4.7
1671717372.588000,45.294604,6.584404,2379.058222,97.0,5.554734,2.7,4.0
1671717374.592000,45.294590,6.584543,2386.243696,98.0,5.484053,3.9,4.0
1671717376.584000,45.294576,6.584681,2388.355711,97.0,5.460320,4.8,4.0
1671717378.593000,45.294564,6.584818,2391.422641,98.0,5.366172,5.9,4.0
1671717380.591000,45.294551,6.584954,2391.919408,98.0,5.457560,5.9,4.8
1671717382.586000,45.294538,6.585094,2391.614239,97.0,5.553181,3.8,5.3
1671717384.596000,45.294523,6.585231,2390.269284,98.0,5.353191,3.6,5.2
1671717386.592000,45.294509,6.585365,2394.826581,98.0,5.400977,3.4,4.4
1671717388.590000,45.294495,6.585500,2397.146930,97.0,5.438802,6.4,4.0
1671717390.596000,45.294481,6.585638,2398.970161,98.0,5.398762,3.6,4.0
1671717392.591000,45.294466,6.585777,2401.415314,98.0,5.502016,3.7,4.0
1671717394.583000,45.294454,6.585912,2403.722173,97.0,5.281373,3.3,4.0
1671717396.588000,45.294440,6.586048,2406.125134,98.0,5.415797,3.6,4.0
1671717398.582000,45.294426,6.586185,2401.290092,98.0,5.371651,2.7,4.0
1671717400.584000,45.294413,6.586318,2406.836086,97.0,5.326811,3.9,4.0
1671717402.602000,45.294400,6.586455,2412.806603,97.0,5.407804,4.0,4.0
1671717404.588000,45.294386,6.586590,2418.218927,98.0,5.344488,5.4,4.0
1671717406.597000,45.294373,6.586723,2418.718237,97.0,5.292454,5.6,4.0
1671717408.581000,45.294360,6.586857,2420.846633,97.0,5.326518,5.3,4.0
1671717410.587000,45.294346,6.586994,2421.143998,98.0,5.372786,5.3,4.0
1671717412.599000,45.294332,6.587128,2420.555192,97.0,5.287235,2.8,4.0
1671717414.587000,45.294319,6.587260,2427.251850,97.0,5.178695,3.5,4.0
1671717416.589000,45.294305,6.587394,2431.157033,97.0,5.397682,10.7,4.0
1671717418.593000,45.294291,6.587531,2434.981558,98.0,5.346525,5.8,4.0
1671717420.598000,45.294277,6.587666,2438.620382,97.0,5.297505,4.6,4.0
1671717422.603000,45.294263,6.587797,2441.799042,98.0,5.097555,4.2,4.0
1671717424.592000,45.294250,6.587928,2444.611410,97.0,5.263175,4.8,4.0
1671717426.584000,45.294237,6.588063,2439.331789,97.0,5.284367,2.6,4.0
1671717428.592000,45.294223,6.588204,2449.894413,98.0,5.327444,3.0,4.0
1671717430.592000,45.294209,6.588342,2454.511331,98.0,5.027299,3.6,4.0
1671717432.599000,45.294198,6.588471,2458.924878,98.0,5.267511,4.7,4.0
1671717434.596000,45.294183,6.588622,2461.588667,98.0,5.464521,4.4,4.0
1671717436.591000,45.294170,6.588760,2462.468660,97.0,5.593213,4.1,4.3
1671717438.594000,45.294157,6.588896,2461.769587,98.0,5.345888,4.1,4.4
1671717440.588000,45.294144,6.589026,2462.906621,97.0,5.393468,3.1,4.3
1671717442.600000,45.294131,6.589157,2465.268817,98.0,5.322896,2.8,4.0
1671717444.588000,45.294117,6.589293,2468.397154,98.0,5.439473,3.2,4.0
1671717446.595000,45.294104,6.589429,2471.539897,98.0,5.347336,4.6,4.3
1671717448.593000,45.294090,6.589567,2471.683654,97.0,5.416817,2.7,4.3
1671717450.593000,45.294076,6.589701,2475.685308,98.0,5.207289,4.3,4.4
1671717452.592000,45.294062,6.589832,2476.136675,97.0,5.425123,2.7,4.0
1671717454.598000,45.294048,6.589974,2477.664017,98.0,5.560181,2.8,4.0
1671717456.598000,45.294033,6.590110,2482.015287,97.0,5.228720,3.5,4.0
1671717458.598000,45.294020,6.590242,2485.935131,98.0,5.350475,5.6,4.0
1671717460.582000,45.294005,6.590378,2487.805674,98.0,5.347221,4.4,4.0
1671717462.602000,45.293991,6.590512,2490.182455,97.0,5.228263,4.2,4.0
1671717464.592000,45.293977,6.590649,2492.817044,97.0,5.559160,3.4,4.0
1671717466.591000,45.293962,6.590788,2494.031113,98.0,5.332573,2.9,4.0
1671717468.590000,45.293947,6.590914,2497.003727,98.0,5.094330,2.8,4.8
1671717470.590000,45.293932,6.591044,2502.203051,97.0,5.400015,7.5,4.7
1671717472.596000,45.293918,6.591179,2504.985245,98.0,5.375464,5.0,4.4
1671717474.590000,45.293904,6.591311,2506.963307,98.0,5.190755,3.1,4.0
1671717476.587000,45.293891,6.591442,2509.086764,98.0,5.276080,2.6,4.0
1671717478.589000,45.293878,6.591573,2512.714995,98.0,5.176454,3.0,4.0
1671717480.586000,45.293864,6.591707,2513.341453,98.0,5.222151,2.8,4.0
1671717482.609000,45.293851,6.591842,2516.635907,97.0,5.373706,2.5,4.8
1671717484.607000,45.293838,6.591976,2522.605773,97.0,5.105206,3.4,5.6
1671717487.593000,45.293818,6.592165,2529.238214,98.0,5.088531,4.7,5.0
1671717489.587000,45.293806,6.592298,2532.434809,98.0,5.467526,4.3,4.3
1671717491.602000,45.293791,6.592439,2535.684885,97.1,5.304896,3.8,4.0
1671717493.592000,45.293778,6.592568,2537.705283,98.0,5.073197,3.0,4.0
1671717496.595000,45.293759,6.592758,2543.618781,98.0,5.114112,3.0,4.0
1671717498.600000,45.293745,6.592888,2550.305759,98.0,5.220913,6.1,4.0
1671717500.593000,45.293732,6.593030,2553.666278,97.0,5.846050,3.7,4.0
1671717502.584000,45.293719,6.593170,2557.094764,97.0,5.144651,4.9,4.0
1671717504.586000,45.293705,6.593301,2559.057980,98.0,5.234421,4.9,4.0
1671717506.584000,45.293692,6.593432,2561.821964,98.0,5.322433,4.6,4.0
1671717508.585000,45.293679,6.593571,2560.824301,97.0,5.463306,2.6,4.0
1671717510.592000,45.293666,6.593710,2563.060338,97.0,5.458816,2.5,4.0
1671717512.589000,45.293653,6.593843,2567.964484,98.0,5.102217,3.6,4.0
1671717514.615000,45.293640,6.593972,2573.035695,98.0,5.055781,5.1,4.0
1671717516.583000,45.293627,6.594102,2575.533319,98.0,5.406527,4.3,4.0
1671717518.595000,45.293613,6.594244,2578.868267,98.0,5.479228,4.1,4.0
1671717520.599000,45.293600,6.594378,2579.681005,97.1,5.063129,4.4,4.0
1671717523.575000,45.293582,6.594567,2584.012642,97.0,5.054284,3.0,4.0
1671717525.585000,45.293569,6.594699,2589.978046,98.0,5.458999,7.4,4.0
1671717527.598000,45.293556,6.594842,2594.125706,98.0,5.428150,5.0,4.0
1671717529.600000,45.293543,6.594974,2597.239544,98.0,5.083473,3.1,4.0
1671717532.592000,45.293524,6.595160,2603.552997,98.0,5.157114,4.5,4.0
1671717534.597000,45.293510,6.595295,2605.627055,98.0,5.330299,3.4,4.0
1671717536.587000,45.293497,6.595428,2608.136438,99.0,5.731229,2.6,4.0
1671717538.585000,45.293481,6.595570,2609.895866,97.0,5.343108,2.6,4.3
1671717540.582000,45.293468,6.595700,2614.555806,98.0,5.243511,4.3,4.3
1671717542.599000,45.293456,6.595831,2617.126125,98.0,5.210751,4.7,4.4
1671717544.582000,45.293443,6.595966,2619.271972,97.0,5.629985,4.3,4.0
1671717546.584000,45.293431,6.596110,2620.571642,98.0,5.509101,3.9,4.0
1671717548.591000,45.293417,6.596248,2620.537713,98.0,5.119186,3.1,4.0
1671717551.611000,45.293398,6.596437,2624.616005,97.0,5.294815,3.3,4.0
1671717553.593000,45.293384,6.596578,2629.546514,98.0,5.597848,6.2,4.0
1671717555.601000,45.293370,6.596720,2632.139922,97.0,5.357169,3.6,4.0
1671717557.587000,45.293357,6.596849,2635.185969,98.0,5.039363,3.2,4.0
1671717560.587000,45.293339,6.597039,2638.549965,97.0,5.290832,3.0,4.0
1671717562.593000,45.293328,6.597177,2638.891788,98.0,5.858690,2.5,4.0
1671717564.585000,45.293313,6.597320,2640.440231,98.0,5.601346,2.6,4.0
1671717566.574000,45.293300,6.597453,2643.956052,98.0,5.036337,3.5,4.0
1671717568.577000,45.293287,6.597589,2647.564621,97.0,5.323750,5.7,4.0
1671717570.583000,45.293275,6.597731,2649.191224,98.0,5.584820,4.5,4.0
1671717572.579000,45.293260,6.597878,2651.400607,98.0,5.702737,4.4,4.0
1671717574.576000,45.293247,6.598022,2653.107173,97.0,5.477073,4.1,4.0
1671717576.574000,45.293234,6.598156,2650.832009,98.0,5.108725,2.7,4.0
1671717578.589000,45.293223,6.598284,2655.404860,97.0,5.341695,3.0,4.0
1671717580.580000,45.293210,6.598427,2659.846226,98.0,5.547606,7.3,4.0
1671717582.591000,45.293194,6.598567,2663.122062,98.0,5.496541,5.0,4.0
1671717584.573000,45.293182,6.598700,2665.494250,97.0,5.064427,3.1,4.3
1671717586.590000,45.293170,6.598826,2666.483725,98.0,5.046629,2.7,4.3
1671717588.581000,45.293155,6.598958,2668.515026,98.0,5.425253,2.6,4.4
1671717590.570000,45.293142,6.599102,2670.505124,97.0,5.700493,2.6,4.7
1671717592.593000,45.293128,6.599240,2672.679013,98.0,5.204433,2.5,4.8
1671717595.592000,45.293110,6.599423,2679.679617,97.0,5.007407,4.4,4.0
1671717597.582000,45.293098,6.599560,2683.624025,98.0,5.480236,4.4,4.0
1671717599.581000,45.293084,6.599704,2686.593146,98.0,5.685530,4.5,4.0
1671717601.566000,45.293070,6.599841,2689.125216,98.0,5.215434,4.0,4.0
1671717604.583000,45.293052,6.600026,2688.946434,98.0,5.041884,2.5,4.0
1671717606.580000,45.293040,6.600156,2693.680106,97.0,5.416705,3.1,4.0
1671717608.576000,45.293027,6.600295,2699.857729,98.0,5.572481,4.9,4.0
1671717610.592000,45.293014,6.600435,2703.859898,97.0,5.314808,3.5,4.4
1671717612.602000,45.293002,6.600566,2705.817801,97.0,5.050141,2.7,4.4
1671717614.601000,45.292990,6.600696,2711.079994,97.0,5.042664,4.4,4.4
1671717616.587000,45.292976,6.600829,2714.959805,98.0,5.421258,5.0,4.3
1671717618.585000,45.292963,6.600966,2714.043777,97.0,5.431717,2.6,5.2
1671717620.589000,45.292950,6.601097,2718.880306,97.1,4.964163,2.6,4.8
1671717623.577000,45.292935,6.601258,2728.206300,97.5,5.150216,5.1,4.3
1671717625.575000,45.292921,6.601414,2730.464532,97.0,5.765193,4.4,4.0
1671717627.582000,45.292906,6.601569,2731.624550,97.0,5.974668,4.4,4.0
1671717629.570000,45.292893,6.601710,2731.876060,97.0,5.052707,3.5,4.0
1671717632.587000,45.292873,6.601896,2730.795238,98.0,5.178111,2.6,4.0
1671717634.589000,45.292858,6.602032,2733.387046,97.0,5.840331,3.1,4.0
1671717636.587000,45.292843,6.602182,2737.333861,97.0,5.788299,3.2,4.0
1671717638.590000,45.292828,6.602318,2738.987322,98.0,5.170814,4.6,4.0
1671717641.579000,45.292809,6.602505,2739.092117,97.0,5.252643,2.7,4.0
1671717643.584000,45.292795,6.602645,2741.750748,97.0,5.718324,2.6,4.0
1671717645.597000,45.292780,6.602794,2741.700752,98.0,5.802842,2.6,4.0
1671717647.597000,45.292766,6.602935,2743.086301,97.9,5.313352,2.5,4.4
1671717650.592000,45.292745,6.603120,2750.651516,98.0,5.122721,5.6,4.3
1671717652.586000,45.292733,6.603253,2753.557860,97.0,5.608469,4.4,4.3
1671717654.590000,45.292720,6.603399,2755.948883,98.0,5.778379,4.4,4.0
1671717656.581000,45.292705,6.603540,2756.290381,98.0,5.261654,4.1,4.0
1671717659.579000,45.292685,6.603726,2756.108295,98.0,4.955599,2.5,4.0
1671717661.601000,45.292673,6.603860,2761.933131,97.0,5.684967,3.2,4.0
1671717663.586000,45.292658,6.604011,2765.972839,97.0,5.918932,4.8,4.0
1671717665.588000,45.292645,6.604154,2767.274684,97.0,5.174974,3.5,4.0
1671717668.596000,45.292626,6.604333,2769.026496,98.0,4.817382,2.7,4.0
1671717670.587000,45.292611,6.604466,2774.631240,97.0,5.652633,3.0,4.0
1671717672.581000,45.292597,6.604618,2774.750157,97.0,5.946395,2.6,4.0
1671717674.590000,45.292583,6.604761,2775.763952,97.0,5.174908,2.5,4.0
1671717677.582000,45.292566,6.604941,2783.056877,98.0,4.835543,4.5,4.0
1671717679.586000,45.292552,6.605070,2788.270140,97.0,5.712735,4.6,4.0
1671717681.598000,45.292535,6.605215,2791.946299,97.0,5.802029,4.3,4.0
1671717683.590000,45.292518,6.605362,2791.946388,97.0,5.271232,3.9,4.0
1671717686.591000,45.292500,6.605545,2792.437000,97.0,4.874421,2.5,4.0
1671717688.590000,45.292488,6.605674,2800.355321,98.0,5.413281,3.2,4.0
1671717690.589000,45.292474,6.605819,2806.146578,98.0,5.746642,5.9,4.0
1671717692.596000,45.292462,6.605960,2807.922427,98.0,5.264996,3.6,4.0
1671717695.583000,45.292445,6.606145,2810.628142,97.0,4.861196,2.7,4.0
1671717697.592000,45.292434,6.606272,2815.305295,97.0,5.394799,2.6,4.7
1671717699.597000,45.292420,6.606415,2817.205381,98.0,5.678411,2.5,4.8
1671717701.590000,45.292406,6.606554,2819.994612,98.0,5.251303,2.6,4.7
1671717704.609000,45.292388,6.606734,2826.952252,99.0,4.689088,3.8,4.0
1671717707.609000,45.292369,6.606930,2835.384445,97.0,5.573678,4.4,4.4
1671717709.594000,45.292355,6.607076,2838.446994,98.0,5.560811,4.4,4.3
1671717711.580000,45.292342,6.607206,2841.388077,98.0,4.841835,4.1,4.7
1671717714.586000,45.292323,6.607383,2844.014540,98.0,4.992558,2.5,5.0
1671717716.593000,45.292310,6.607520,2850.967318,97.0,5.566764,3.2,4.8
1671717718.589000,45.292298,6.607661,2856.487445,97.0,5.446554,4.7,4.0
1671717720.581000,45.292285,6.607790,2859.286754,98.0,4.903589,3.5,4.0
1671717723.592000,45.292267,6.607969,2865.328386,98.0,4.913889,2.6,4.0
1671717725.588000,45.292254,6.608102,2870.921425,97.0,5.422641,2.6,4.0
1671717727.589000,45.292242,6.608240,2873.186972,97.0,5.338885,2.6,4.0
1671717729.595000,45.292230,6.608368,2875.659745,98.0,4.903783,2.5,4.0
1671717732.610000,45.292211,6.608551,2886.301612,98.0,5.001709,4.5,4.0
1671717734.602000,45.292198,6.608680,2892.954233,98.0,5.145659,4.6,4.0
1671717736.586000,45.292186,6.608813,2896.969820,97.0,5.336612,4.2,4.0
1671717738.585000,45.292173,6.608943,2900.031106,98.0,4.884720,3.9,4.0
1671717741.585000,45.292156,6.609120,2901.969578,97.0,4.793313,2.5,4.0
1671717744.585000,45.292136,6.609311,2913.281660,98.0,5.322707,3.1,4.0
1671717746.590000,45.292123,6.609445,2920.159381,98.0,5.043834,5.2,4.0
1671717749.595000,45.292104,6.609628,2926.628886,97.0,4.772993,3.1,4.0
1671717752.596000,45.292085,6.609812,2932.476272,97.0,5.030049,2.6,4.0
1671717754.593000,45.292073,6.609940,2936.760420,97.9,5.087768,2.5,4.0
1671717756.597000,45.292059,6.610068,2941.381074,98.0,4.924995,2.5,4.0
1671717759.599000,45.292037,6.610273,2952.407728,98.0,4.799880,4.6,4.0
1671717762.577000,45.292018,6.610454,2960.078347,100.0,5.564932,4.4,4.2
1671717764.593000,45.292001,6.610584,2962.436583,97.0,5.356490,4.2,4.3
1671717766.591000,45.291987,6.610716,2964.486425,97.0,5.168678,14.1,4.4
1671717768.590000,45.291975,6.610843,2964.306284,97.0,5.310183,2.6,4.3
1671717770.583000,45.291961,6.610978,2970.629114,97.0,5.245550,6.9,4.3
1671717772.592000,45.291948,6.611114,2973.252970,97.0,5.512648,4.6,4.0
1671717774.586000,45.291933,6.611250,2976.958558,98.0,5.065301,3.4,4.0
1671717776.587000,45.291920,6.611379,2978.296417,98.0,5.133878,2.7,4.0
1671717778.597000,45.291907,6.611511,2983.560991,97.0,5.169761,4.3,4.0
1671717780.602000,45.291895,6.611643,2982.117208,98.0,5.360033,2.5,4.4
1671717782.574000,45.291881,6.611776,2987.648858,98.0,5.331993,2.6,4.3
1671717784.608000,45.291868,6.611911,2993.849012,98.0,5.258996,4.3,4.0
1671717786.581000,45.291857,6.612039,2996.815043,97.0,5.121340,5.5,4.0
1671717788.578000,45.291844,6.612168,3001.363383,97.0,5.162242,4.5,4.0
1671717790.581000,45.291831,6.612305,3003.721618,98.0,5.414333,4.2,4.0
1671717792.592000,45.291817,6.612442,3005.659849,98.0,5.301560,3.9,4.0
1671717794.595000,45.291805,6.612575,3009.473450,98.0,5.141024,2.9,4.0
1671717796.585000,45.291791,6.612708,3017.348918,98.0,5.391276,7.7,4.0
1671717798.578000,45.291777,6.612845,3020.446352,98.0,5.198072,6.9,4.0
1671717800.595000,45.291762,6.612979,3024.038259,98.0,5.170934,4.7,4.8
1671717802.588000,45.291748,6.613109,3028.106904,98.0,5.066797,4.8,4.8
1671717805.579000,45.291732,6.613294,3034.113580,98.0,4.870328,4.2,4.3
1671717807.585000,45.291721,6.613424,3037.262275,97.0,5.669511,4.0,4.0
1671717809.583000,45.291708,6.613563,3041.054196,97.0,5.304029,5.9,4.3
1671717811.589000,45.291696,6.613695,3043.704842,98.0,5.172288,5.4,4.4
1671717813.582000,45.291682,6.613827,3046.177599,99.0,4.275441,4.0,4.7
1671717816.581000,45.291667,6.613966,3047.121291,103.1,2.286133,4.0,7.8
1671717836.588000,45.291654,6.614070,3046.884394,-1.0,0.000000,5.5,11.1
1671717836.588000,45.291654,6.614070,3046.884394,-1.0,0.000000,5.5,11.1
1671717844.584000,45.291651,6.614128,3046.775994,-1.0,0.000011,4.2,15.7
1671717852.688000,45.291628,6.614274,3046.932842,130.8,0.198225,4.6,12.7
1671717858.388000,45.291590,6.614398,3046.160061,163.4,0.277885,4.8,6.7
1671717864.146000,45.291528,6.614507,3046.199688,151.8,0.606130,4.9,4.4
1671717879.905000,45.291522,6.614643,3045.458953,100.0,0.895381,4.6,4.9
1671717883.505000,45.291477,6.614754,3045.324517,133.1,1.744358,4.4,5.6
1671717890.506000,45.291386,6.614806,3044.575039,160.2,2.068912,5.5,6.1
1671717894.465000,45.291282,6.614814,3043.784973,180.3,2.347026,4.5,6.9
1671717902.205000,45.291279,6.614967,3043.056397,62.5,2.386622,7.1,9.6
1671717905.567000,45.291340,6.615068,3042.478109,51.5,2.926017,3.7,7.6
1671717907.947000,45.291418,6.615165,3042.148460,42.0,3.854937,4.7,8.2
1671717909.573000,45.291498,6.615244,3040.547831,35.7,6.471731,4.6,7.2
1671717911.594000,45.291613,6.615363,3037.985137,32.5,7.846483,5.1,5.4
1671717913.588000,45.291760,6.615481,3032.454045,26.0,9.184766,3.2,4.4
1671717915.583000,45.291932,6.615527,3028.838332,7.0,9.705491,6.3,4.0
1671717916.584000,45.292023,6.615545,3027.596293,7.0,9.931031,5.8,4.0
1671717917.579000,45.292115,6.615549,3027.243112,358.0,10.058670,5.9,4.0
1671717918.589000,45.292210,6.615540,3024.771261,357.0,10.455683,5.3,4.0
1671717919.583000,45.292304,6.615550,3022.923704,7.5,10.332840,4.9,4.0
1671717921.574000,45.292474,6.615512,3018.006313,340.7,9.430609,4.6,4.0
1671717923.570000,45.292622,6.615473,3013.226163,354.7,7.710086,4.3,4.0
1671717925.583000,45.292751,6.615422,3008.170655,348.0,7.791256,3.5,4.0
1671717927.587000,45.292872,6.615444,3004.544939,10.3,6.309852,3.6,4.0
1671717929.581000,45.292977,6.615455,3001.045529,357.4,5.938435,3.7,4.0
1671717931.583000,45.293080,6.615462,2998.599854,1.0,6.269808,5.6,4.4
1671717933.587000,45.293210,6.615468,2993.778166,4.0,6.012812,4.9,4.8
1671717935.572000,45.293331,6.615456,2987.701911,349.2,7.562171,5.4,5.0
1671717937.590000,45.293477,6.615436,2982.142743,4.8,7.801113,4.8,4.8
1671717939.589000,45.293622,6.615428,2976.007597,350.0,8.403257,3.3,4.4
1671717941.590000,45.293750,6.615451,2971.731959,10.1,6.954754,3.5,5.2
1671717943.572000,45.293869,6.615428,2972.454850,335.1,7.453433,5.9,5.7
1671717945.578000,45.294002,6.615376,2967.727764,342.2,7.843702,6.2,6.0
1671717947.583000,45.294134,6.615290,2963.667665,340.0,8.106874,5.0,6.3
1671717949.584000,45.294241,6.615228,2959.005726,326.6,5.412061,5.0,7.0
1671717951.586000,45.294304,6.615114,2954.680842,318.6,6.341143,4.8,6.3
1671717954.581000,45.294411,6.615054,2947.245635,355.2,4.623028,3.9,4.6
1671717957.586000,45.294498,6.614965,2945.620855,311.0,4.489299,7.5,4.0
1671717959.587000,45.294580,6.614828,2942.907244,303.1,6.752116,4.6,4.0
1671717961.587000,45.294622,6.614640,2936.670000,290.9,7.360376,4.4,4.0
1671717963.579000,45.294687,6.614512,2930.505210,314.8,6.730916,4.4,4.8
1671717965.593000,45.294768,6.614371,2924.468724,299.0,8.138939,4.2,4.8
1671717967.597000,45.294802,6.614128,2916.950912,293.3,9.494304,2.8,5.2
1671717969.580000,45.294887,6.613977,2909.911081,322.8,8.237514,4.3,5.3
1671717971.588000,45.294993,6.613771,2907.214206,301.0,11.169418,5.8,7.7
1671717972.592000,45.295058,6.613633,2906.024151,306.0,12.012064,5.3,7.7
1671717973.585000,45.295141,6.613493,2902.098445,309.0,13.342127,4.7,8.4
1671717974.593000,45.295226,6.613348,2897.624066,307.1,13.999673,4.2,8.4
1671717975.590000,45.295305,6.613194,2893.562576,304.0,14.854307,4.0,8.8
1671717976.588000,45.295384,6.613026,2890.667997,303.0,15.169791,4.2,6.4
1671717977.591000,45.295463,6.612859,2887.394478,303.0,15.280861,3.5,6.0
1671717978.585000,45.295543,6.612694,2885.024696,304.0,15.322046,4.0,5.3
1671717979.595000,45.295626,6.612533,2881.361180,305.0,15.276360,7.1,4.8
1671717980.597000,45.295705,6.612376,2877.447101,303.0,14.845933,3.7,4.0
1671717981.576000,45.295773,6.612225,2874.552643,300.2,14.016362,3.1,4.0
1671717982.577000,45.295835,6.612077,2876.232200,298.4,13.404189,7.2,4.0
1671717983.586000,45.295890,6.611928,2874.171242,295.1,13.190192,5.4,4.0
1671717984.582000,45.295938,6.611782,2872.818917,294.1,12.486240,5.4,4.0
1671717985.579000,45.295981,6.611641,2871.873938,292.4,11.854195,7.8,4.0
1671717986.586000,45.296019,6.611507,2870.868446,291.4,11.350513,4.5,4.0
1671717987.584000,45.296053,6.611380,2868.210024,290.1,10.753507,3.3,4.0
1671717988.584000,45.296084,6.611256,2868.172008,288.1,10.455213,4.4,4.0
1671717990.579000,45.296126,6.611010,2866.077786,278.2,9.835123,4.7,4.0
1671717992.566000,45.296113,6.610774,2864.160878,258.9,9.192283,4.0,4.0
1671717994.571000,45.296025,6.610570,2859.768508,232.2,9.132121,2.8,4.0
1671717996.579000,45.295876,6.610427,2858.475956,211.5,10.044585,4.3,4.0
1671717997.584000,45.295794,6.610362,2858.521946,211.0,10.706461,5.8,4.8
1671717998.584000,45.295704,6.610291,2855.327349,214.9,11.169832,5.1,4.8
1671717999.591000,45.295621,6.610204,2852.304091,218.5,10.996870,5.3,4.8
1671718000.578000,45.295552,6.610107,2850.787198,226.8,10.769020,4.8,4.8
1671718001.578000,45.295493,6.609999,2849.898925,233.3,10.724213,4.4,4.7
1671718002.592000,45.295445,6.609879,2848.053669,240.2,10.706902,4.2,4.0
1671718003.597000,45.295407,6.609756,2846.741544,244.9,10.403259,4.0,4.0
1671718004.586000,45.295376,6.609635,2844.616503,248.7,10.094541,4.2,4.0
1671718006.577000,45.295318,6.609402,2841.378164,244.4,9.700860,3.4,4.0
1671718008.587000,45.295262,6.609174,2834.378616,258.1,9.578865,2.7,4.0
1671718010.583000,45.295221,6.608934,2834.357454,246.2,10.012826,7.1,5.6
1671718011.592000,45.295188,6.608815,2833.471822,249.3,10.238135,6.4,6.4
1671718013.593000,45.295178,6.608569,2830.497769,261.8,9.395014,4.9,7.2
1671718015.590000,45.295149,6.608357,2825.089038,256.0,8.338443,4.2,5.6
1671718017.587000,45.295134,6.608176,2821.120948,258.8,6.565519,4.2,4.7
1671718019.585000,45.295147,6.608024,2819.589871,288.6,6.919889,3.8,4.0
1671718021.583000,45.295170,6.607825,2815.241091,279.8,8.482929,4.4,4.0
1671718023.586000,45.295149,6.607606,2805.554278,265.6,8.224836,2.7,4.0
1671718025.580000,45.295109,6.607408,2803.429998,268.3,8.253704,5.0,4.3
1671718027.583000,45.295086,6.607206,2796.621499,264.5,8.220746,5.2,5.2
1671718029.580000,45.295038,6.607006,2791.519771,261.9,8.747523,4.1,5.2
1671718031.590000,45.295047,6.606780,2783.702503,271.2,8.684775,4.1,4.4
1671718033.586000,45.295018,6.606576,2778.592192,264.8,7.440237,4.0,4.0
1671718035.593000,45.295046,6.606401,2773.022151,279.3,7.237092,3.6,4.4
1671718037.579000,45.295025,6.606235,2772.715420,250.4,6.741477,6.9,4.3
1671718039.591000,45.295014,6.606065,2771.041371,269.8,6.510342,6.4,4.4
1671718041.593000,45.294992,6.605940,2768.414073,248.1,5.067497,4.4,4.0
1671718043.586000,45.294956,6.605818,2766.148672,231.7,5.263551,4.3,4.0
1671718045.586000,45.294872,6.605742,2763.655983,210.3,6.011807,4.5,4.0
1671718047.587000,45.294749,6.605656,2760.617651,207.9,7.875089,3.9,4.0
1671718049.588000,45.294663,6.605520,2754.596877,252.3,7.876300,2.7,4.0
1671718051.590000,45.294628,6.605316,2748.275565,254.9,8.751590,4.3,4.0
1671718053.573000,45.294572,6.605112,2742.722292,226.0,8.101722,5.0,4.0
1671718055.590000,45.294468,6.604955,2737.850552,243.6,8.873815,4.7,4.0
1671718057.593000,45.294350,6.604793,2731.536495,218.1,9.438145,4.1,4.0
1671718059.600000,45.294211,6.604652,2724.785536,204.8,10.169793,4.1,4.8
1671718060.588000,45.294111,6.604606,2722.262687,200.1,11.893346,3.7,4.7
1671718061.584000,45.294009,6.604553,2719.347391,210.9,11.417473,6.6,5.2
1671718062.585000,45.293921,6.604477,2712.856158,205.1,11.279172,3.5,5.3
1671718063.582000,45.293827,6.604421,2712.120546,200.0,11.492697,3.0,5.7
1671718064.588000,45.293728,6.604369,2713.732894,203.0,11.289844,3.8,5.7
1671718065.590000,45.293639,6.604303,2713.078044,207.6,10.800627,4.6,6.0
1671718066.598000,45.293560,6.604234,2710.632832,210.0,10.172757,6.2,5.6
1671718068.593000,45.293414,6.604102,2708.781653,212.0,9.535007,4.7,4.8
1671718070.586000,45.293276,6.603949,2706.233961,220.9,10.016062,4.0,4.3
1671718071.585000,45.293213,6.603852,2704.174627,226.9,10.214689,4.2,4.0
1671718072.598000,45.293155,6.603750,2701.889637,230.0,10.136907,4.1,4.0
1671718073.586000,45.293102,6.603646,2701.576862,233.0,9.987554,3.5,4.0
1671718074.580000,45.293051,6.603540,2699.639209,235.0,10.053224,3.7,4.0
1671718075.588000,45.293003,6.603426,2698.489160,239.0,10.568875,3.9,4.0
1671718076.588000,45.292961,6.603300,2694.723942,245.0,10.810015,2.5,4.0
1671718077.587000,45.292926,6.603172,2692.298312,247.0,10.451707,2.7,4.0
1671718078.579000,45.292894,6.603051,2690.388344,248.0,10.006554,2.7,4.0
1671718080.570000,45.292840,6.602820,2690.722286,253.0,9.244576,4.8,4.0
1671718082.589000,45.292802,6.602612,2689.356492,254.0,8.075417,5.0,4.0
1671718084.597000,45.292766,6.602423,2688.101737,255.0,7.694177,4.0,4.0
1671718086.590000,45.292735,6.602226,2686.144097,257.0,8.031022,4.0,4.0
1671718088.584000,45.292703,6.602022,2683.284347,256.0,8.235968,3.9,4.0
1671718090.595000,45.292674,6.601816,2679.029958,259.0,8.024631,2.8,4.0
1671718092.587000,45.292650,6.601618,2680.528548,259.0,7.876560,6.6,4.7
1671718094.588000,45.292628,6.601409,2678.786534,261.0,8.561486,6.1,4.8
1671718096.586000,45.292605,6.601182,2677.573826,261.0,9.122481,4.2,4.7
1671718098.590000,45.292576,6.600935,2672.975443,265.6,9.925102,4.1,4.0
1671718100.578000,45.292562,6.600695,2667.460761,254.0,9.311113,4.4,4.0
1671718102.589000,45.292557,6.600477,2665.280496,275.0,8.496827,3.8,4.0
1671718104.582000,45.292548,6.600248,2660.494058,268.9,9.453677,2.7,4.0
1671718105.592000,45.292557,6.600118,2658.158393,271.0,10.381459,2.7,4.0
1671718106.583000,45.292559,6.599979,2657.079387,267.1,11.302610,4.4,4.7
1671718107.577000,45.292571,6.599829,2654.892559,279.1,11.319687,5.4,4.7
1671718108.588000,45.292598,6.599682,2653.839980,282.9,11.635880,4.9,4.7
1671718109.582000,45.292613,6.599532,2649.041327,275.5,12.263140,5.0,5.3
1671718110.581000,45.292608,6.599368,2646.102009,270.0,12.541641,4.4,5.3
1671718111.574000,45.292620,6.599204,2644.609564,280.0,12.985673,4.1,5.3
1671718112.590000,45.292652,6.599037,2642.382593,285.0,13.372363,4.0,4.8
1671718113.576000,45.292689,6.598874,2640.676106,286.0,13.265729,3.8,4.7
1671718114.598000,45.292725,6.598714,2637.662246,286.0,12.821818,3.8,4.0
1671718115.594000,45.292757,6.598563,2634.399629,286.0,12.148071,3.6,4.0
1671718116.584000,45.292786,6.598422,2632.263736,286.0,11.295294,5.5,4.0
1671718117.577000,45.292813,6.598293,2629.687091,286.1,10.366551,3.2,4.0
1671718119.578000,45.292862,6.598057,2631.131822,286.0,9.538929,3.6,4.0
1671718121.582000,45.292913,6.597839,2629.514555,288.0,8.839568,5.8,4.0
1671718123.596000,45.292960,6.597637,2628.553490,288.0,7.964993,4.5,4.8
1671718125.600000,45.293002,6.597465,2627.319192,288.0,6.936592,3.8,4.8
1671718127.586000,45.293040,6.597315,2626.592630,290.0,6.176128,4.2,4.7
1671718129.581000,45.293074,6.597180,2626.095691,289.4,5.379701,3.7,4.0
1671718132.582000,45.293128,6.597030,2623.440780,299.0,4.604299,2.7,4.3
1671718135.594000,45.293196,6.596875,2624.834888,297.0,4.601033,4.7,4.0
1671718138.591000,45.293255,6.596712,2623.511483,297.0,5.087753,4.0,4.0
1671718140.606000,45.293299,6.596587,2622.827057,295.0,5.265869,3.7,4.0
1671718142.594000,45.293336,6.596464,2621.784393,293.0,5.052249,3.3,4.0
1671718144.589000,45.293377,6.596349,2618.248332,300.0,5.281316,3.5,4.0
1671718146.570000,45.293444,6.596230,2617.348802,306.0,6.396997,2.9,4.0
1671718148.592000,45.293511,6.596063,2618.362522,298.0,7.997913,4.7,4.0
1671718150.588000,45.293596,6.595892,2614.680080,299.0,8.255705,4.3,4.0
1671718152.603000,45.293680,6.595710,2611.783003,301.0,8.100149,3.8,4.4
1671718154.590000,45.293756,6.595515,2606.085070,301.0,8.982342,3.8,4.3
1671718156.584000,45.293849,6.595398,2600.548264,321.9,5.801122,3.5,4.3
1671718158.591000,45.293946,6.595293,2597.424913,319.0,7.582370,3.9,4.0
1671718160.584000,45.294013,6.595198,2590.791811,310.2,4.270548,3.3,4.0
1671718163.585000,45.294110,6.595071,2586.987904,319.0,4.465146,5.1,4.8
1671718165.562000,45.294179,6.594983,2582.196830,308.0,5.332146,4.1,5.3
1671718167.578000,45.294244,6.594858,2578.729628,322.0,5.904153,3.6,5.7
1671718169.576000,45.294342,6.594748,2571.942881,323.8,6.504378,3.2,6.3
1671718171.577000,45.294392,6.594639,2566.657458,291.7,5.845867,5.1,6.3
1671718173.579000,45.294378,6.594498,2557.846030,282.4,5.694515,2.5,5.6
1671718176.577000,45.294423,6.594373,2557.196911,263.5,4.885840,4.5,5.4
1671718179.594000,45.294420,6.594184,2551.823541,277.0,5.972087,2.9,5.5
1671718181.578000,45.294423,6.594034,2546.792578,274.0,3.972157,3.6,5.6
1671718184.595000,45.294450,6.593874,2541.559577,306.8,5.281341,3.4,5.2
1671718186.595000,45.294480,6.593695,2533.638467,260.0,6.596272,2.4,5.4
1671718188.587000,45.294493,6.593555,2527.260673,305.9,4.543871,2.5,5.7
1671718191.589000,45.294528,6.593394,2525.416688,257.0,4.994609,2.9,6.0
1671718193.584000,45.294532,6.593238,2522.138235,267.3,6.805081,3.5,6.0
1671718195.579000,45.294560,6.593057,2517.847038,284.6,6.368338,2.8,5.8
1671718197.577000,45.294586,6.592875,2512.189358,269.3,7.374177,2.9,5.7
1671718199.598000,45.294574,6.592670,2504.207759,264.0,7.940528,2.5,5.6
1671718201.596000,45.294613,6.592476,2499.492230,273.1,7.650866,2.5,5.2
1671718203.586000,45.294622,6.592291,2495.560596,280.0,7.781991,2.4,4.7
1671718205.587000,45.294644,6.592073,2494.437421,269.2,9.498143,2.7,4.7
1671718206.590000,45.294644,6.591942,2489.339076,272.0,9.947697,2.4,5.0
1671718207.582000,45.294639,6.591808,2488.925733,262.2,10.340899,2.6,5.3
1671718208.575000,45.294618,6.591669,2486.618010,263.0,11.114321,2.6,5.7
1671718209.591000,45.294595,6.591525,2484.398545,255.2,11.195884,2.5,6.0
1671718210.586000,45.294565,6.591393,2480.768275,234.2,9.992169,2.5,6.0
1671718211.584000,45.294504,6.591290,2479.679676,232.0,11.137135,2.6,6.0
1671718212.579000,45.294441,6.591185,2478.089840,249.9,9.369905,2.6,6.0
1671718214.585000,45.294408,6.590972,2469.665810,245.4,7.726250,2.6,6.0
1671718216.586000,45.294298,6.590788,2465.497007,235.8,9.279477,2.5,5.6
1671718218.587000,45.294236,6.590550,2466.181342,245.1,9.905661,2.7,5.0
1671718219.584000,45.294199,6.590425,2464.331323,247.0,10.482435,3.1,4.7
1671718220.586000,45.294183,6.590294,2463.272417,255.9,10.483229,3.2,4.0
1671718221.582000,45.294181,6.590163,2458.912698,266.0,10.128858,2.7,4.0
1671718222.580000,45.294162,6.590035,2457.529702,258.7,10.157968,2.6,4.0
1671718223.578000,45.294135,6.589910,2455.254069,254.0,10.149455,2.6,4.3
1671718225.588000,45.294125,6.589663,2451.262091,258.1,9.109628,2.7,5.2
1671718227.599000,45.294054,6.589433,2445.735372,247.3,9.992346,2.5,5.6
1671718229.584000,45.294022,6.589177,2444.308009,255.5,10.535410,2.7,5.0
1671718230.578000,45.293982,6.589054,2441.928248,246.1,10.333316,2.8,5.0
1671718231.582000,45.293933,6.588939,2439.277556,245.9,10.528775,2.7,4.8
1671718232.582000,45.293909,6.588813,2438.683325,260.6,9.898873,4.2,4.7
1671718234.580000,45.293851,6.588606,2435.930302,239.2,8.372212,2.8,5.7
1671718236.585000,45.293800,6.588401,2434.237845,255.0,8.887965,2.7,5.6
1671718238.593000,45.293729,6.588205,2431.250869,232.0,8.729266,2.8,5.2
1671718240.580000,45.293667,6.588057,2429.135320,271.0,5.751562,2.5,4.3
1671718242.588000,45.293643,6.587883,2427.421111,251.8,7.672821,2.9,4.0
1671718244.585000,45.293605,6.587677,2423.064577,267.4,9.029413,3.2,4.0
1671718245.582000,45.293622,6.587549,2419.278696,278.4,10.470210,3.2,4.0
1671718246.585000,45.293624,6.587407,2418.293490,264.8,11.070607,3.0,4.0
1671718247.584000,45.293610,6.587264,2415.497204,262.0,11.083420,3.0,4.0
1671718248.591000,45.293619,6.587132,2413.228641,282.5,10.071417,2.8,4.0
1671718250.573000,45.293662,6.586907,2408.330467,269.8,9.052257,2.6,4.0
1671718252.588000,45.293672,6.586683,2405.682117,288.9,8.917698,2.5,4.0
1671718254.597000,45.293731,6.586441,2399.265380,287.0,10.734817,2.5,4.0
1671718255.585000,45.293759,6.586307,2395.505696,296.5,10.496774,2.4,4.4
1671718256.591000,45.293815,6.586192,2395.056551,305.0,11.113350,2.8,4.8
1671718257.584000,45.293868,6.586067,2391.783024,294.1,11.445385,2.6,5.0
1671718258.589000,45.293906,6.585927,2389.610690,291.2,11.524344,2.7,5.2
1671718259.587000,45.293956,6.585802,2388.430155,302.3,11.142967,3.8,5.0
1671718260.584000,45.294009,6.585684,2387.949330,298.0,11.104824,3.0,4.8
1671718261.585000,45.294054,6.585560,2385.319415,295.0,10.970609,2.9,4.7
1671718262.585000,45.294098,6.585438,2384.004379,298.0,10.759723,2.5,4.0
1671718263.583000,45.294144,6.585318,2383.342151,297.0,10.709160,2.7,4.0
1671718264.586000,45.294183,6.585197,2381.893592,292.2,10.197293,2.7,4.0
1671718265.577000,45.294216,6.585078,2380.808621,292.0,10.101658,2.8,4.0
1671718266.589000,45.294254,6.584961,2379.834006,295.0,10.017549,2.7,4.0
1671718268.582000,45.294319,6.584728,2377.745434,284.0,9.870622,2.6,4.0
1671718270.600000,45.294359,6.584496,2373.842361,284.0,8.980478,2.5,4.0
1671718272.617000,45.294364,6.584272,2375.711076,262.1,8.974612,3.3,4.0
1671718274.582000,45.294341,6.584043,2373.738405,271.7,9.088465,3.3,4.0
1671718276.584000,45.294338,6.583816,2368.799682,272.7,8.649373,2.7,4.0
1671718278.590000,45.294364,6.583604,2364.615047,272.4,8.773121,2.6,4.0
1671718280.581000,45.294354,6.583372,2360.809474,294.0,9.003015,2.6,4.0
1671718282.585000,45.294414,6.583141,2351.873780,281.1,9.730937,2.5,4.4
1671718283.584000,45.294445,6.583006,2350.713105,288.9,11.234806,2.4,4.7
1671718284.585000,45.294476,6.582859,2350.265962,281.1,11.300143,3.3,5.0
1671718285.580000,45.294507,6.582717,2347.644996,282.7,11.057221,2.7,5.3
1671718286.574000,45.294567,6.582594,2344.447068,304.0,11.343276,2.6,5.3
1671718287.581000,45.294625,6.582464,2341.500504,298.2,11.859872,3.9,5.7
1671718288.572000,45.294674,6.582334,2339.836168,291.8,10.548246,2.8,5.7
1671718290.588000,45.294760,6.582155,2338.452672,303.4,7.684604,2.5,5.6
1671718292.580000,45.294833,6.581991,2338.635250,299.0,7.666371,2.7,6.0
1671718294.582000,45.294902,6.581840,2335.108376,305.0,7.015683,2.6,6.0
1671718302.591000,45.294987,6.581937,2335.065693,43.3,1.320450,2.9,4.0
1671718314.306000,45.295061,6.582012,2332.299805,-1.0,0.002032,1.5,4.5
1671718334.649000,45.295150,6.582074,2332.299805,23.6,3.322449,1.7,9.3
1671718336.449000,45.295284,6.582140,2332.299805,16.0,3.930662,2.3,10.6
1671718338.249000,45.295414,6.582194,2332.299805,20.1,3.932710,1.8,10.1
1671718340.529000,45.295511,6.582235,2332.299805,16.8,3.804259,1.5,7.4
1671718343.528000,45.295619,6.582282,2336.992933,17.6,3.757739,1.3,7.0
1671718346.526000,45.295721,6.582333,2344.372231,19.8,3.860172,6.2,7.0
1671718349.526000,45.295817,6.582370,2344.431908,19.1,3.851833,10.6,6.9
1671718352.526000,45.295916,6.582425,2349.955598,19.0,3.783426,4.1,7.1
1671718355.525000,45.296015,6.582471,2353.436011,18.9,3.809659,3.9,7.2
1671718358.467000,45.296111,6.582517,2355.969743,20.3,3.769380,2.1,6.8
1671718361.598000,45.296209,6.582567,2360.512275,20.0,3.715798,1.7,5.2
1671718364.586000,45.296305,6.582614,2364.795422,20.0,3.664649,1.8,4.0
1671718367.579000,45.296400,6.582661,2369.125366,17.0,3.684792,1.5,4.0
1671718370.592000,45.296502,6.582712,2373.570557,17.0,3.806752,1.3,4.0
1671718373.588000,45.296601,6.582762,2366.899902,19.0,3.891325,1.9,4.4
1671718376.613000,45.296698,6.582809,2375.676135,20.0,3.930814,2.4,4.5
1671718379.596000,45.296801,6.582858,2375.930350,19.0,3.885426,2.5,4.5
1671718382.578000,45.296899,6.582907,2386.026064,19.0,3.840417,4.2,5.5
1671718385.601000,45.296999,6.582960,2386.570608,16.0,3.761906,1.8,5.5
1671718388.608000,45.297100,6.583013,2389.143915,20.0,3.900013,2.2,4.5
1671718391.607000,45.297200,6.583063,2390.681229,20.0,3.848846,1.9,4.0
1671718394.585000,45.297300,6.583111,2390.647354,18.0,3.973018,2.5,4.7
1671718397.591000,45.297404,6.583158,2389.227444,17.0,3.932960,1.9,5.3
1671718400.601000,45.297508,6.583207,2389.722027,18.0,3.842359,2.0,4.4
1671718403.591000,45.297611,6.583255,2390.243084,19.0,3.955495,2.6,4.4
1671718406.593000,45.297711,6.583305,2391.199861,19.0,3.984793,2.7,4.3
1671718409.604000,45.297813,6.583360,2391.940104,18.0,3.908721,2.7,4.0
1671718412.595000,45.297911,6.583411,2390.648178,18.0,4.016539,2.4,5.0
1671718415.577000,45.298011,6.583461,2390.492244,19.0,4.022322,2.5,4.9
1671718418.592000,45.298104,6.583506,2391.664630,18.0,3.917111,2.4,4.8
1671718421.581000,45.298212,6.583560,2391.749799,19.0,3.999727,2.5,4.7
1671718424.581000,45.298312,6.583612,2391.093033,18.0,3.979109,1.9,5.0
1671718427.588000,45.298414,6.583662,2390.660612,19.0,3.933548,2.7,4.0
1671718430.587000,45.298515,6.583713,2391.205750,19.0,3.986138,2.8,4.0
1671718433.582000,45.298615,6.583763,2393.533265,19.0,3.995190,2.6,4.0
1671718436.587000,45.298716,6.583813,2395.365118,18.0,3.899105,2.6,4.0
1671718439.584000,45.298816,6.583863,2394.600548,19.0,3.958805,2.6,4.0
1671718442.592000,45.298903,6.583905,2399.362871,19.0,3.934887,2.6,4.0
1671718445.594000,45.299017,6.583961,2401.980999,19.0,3.921691,2.7,4.0
1671718448.587000,45.299119,6.584012,2400.691598,18.0,3.951012,2.7,4.0
1671718451.593000,45.299219,6.584061,2400.227998,19.0,3.978458,2.2,4.0
1671718454.584000,45.299318,6.584110,2401.054290,19.0,3.916136,2.1,4.0
1671718457.590000,45.299421,6.584161,2400.760562,19.0,3.932859,3.1,4.0
1671718460.578000,45.299512,6.584205,2402.612824,19.0,3.910794,3.1,4.0
1671718463.609000,45.299615,6.584256,2405.607455,19.0,3.746953,3.2,4.0
1671718466.586000,45.299710,6.584304,2411.286161,19.0,3.748680,2.9,4.0
1671718469.578000,45.299805,6.584350,2410.853844,19.0,3.737839,3.4,4.0
1671718472.576000,45.299899,6.584397,2420.305291,19.0,3.661596,3.0,4.0
1671718475.579000,45.299994,6.584444,2426.000031,19.0,3.663464,3.0,4.0
1671718478.584000,45.300087,6.584490,2430.114279,19.0,3.685776,3.0,4.0
1671718481.583000,45.300180,6.584535,2436.710933,18.0,3.596545,3.0,4.0
1671718484.579000,45.300273,6.584582,2439.075585,18.1,3.585664,2.5,4.0
1671718487.584000,45.300365,6.584626,2444.706709,19.0,3.713464,2.5,4.0
1671718490.578000,45.300456,6.584669,2450.895745,19.1,4.027379,3.2,4.0
1671718493.583000,45.300556,6.584716,2454.752479,18.0,3.884687,3.3,4.0
1671718496.612000,45.300650,6.584762,2458.014872,18.0,3.856064,3.2,4.0
1671718499.591000,45.300750,6.584811,2459.069603,19.0,3.861682,3.3,4.0
1671718502.587000,45.300848,6.584859,2464.088924,20.0,3.760864,3.3,4.0
1671718505.582000,45.300935,6.584902,2468.827290,20.0,3.420768,3.3,4.0
1671718508.612000,45.301027,6.584946,2471.721599,18.0,3.458517,3.3,4.0
1671718511.583000,45.301115,6.584990,2480.828949,18.0,3.405408,2.5,4.0
1671718514.579000,45.301204,6.585034,2485.809409,19.0,3.395092,1.9,4.0
1671718517.587000,45.301293,6.585078,2492.051264,18.0,3.398716,1.9,4.0
1671718520.593000,45.301380,6.585119,2497.579595,18.0,3.321585,2.8,4.0
1671718523.588000,45.301468,6.585163,2504.239844,18.0,3.315534,2.8,4.0
1671718526.590000,45.301553,6.585206,2507.519055,19.0,3.341595,2.7,4.0
1671718529.598000,45.301639,6.585247,2515.017670,19.0,3.305907,2.9,4.0
1671718533.596000,45.301751,6.585300,2528.369053,19.0,3.259193,2.5,4.0
1671718537.580000,45.301863,6.585356,2535.900727,18.9,3.739328,2.6,4.9
1671718540.569000,45.301959,6.585401,2544.073422,19.0,3.550736,2.5,4.9
1671718543.591000,45.302051,6.585445,2549.274506,17.1,3.545468,1.9,5.1
1671718546.587000,45.302143,6.585489,2552.949398,19.0,3.549729,2.8,5.0
1671718549.587000,45.302236,6.585534,2558.811366,19.0,3.606204,2.8,5.0
1671718552.581000,45.302326,6.585578,2560.122086,19.0,3.572358,2.7,5.0
1671718555.589000,45.302418,6.585623,2565.648980,19.0,3.483766,2.9,5.2
1671718558.586000,45.302510,6.585669,2570.970412,19.0,3.999746,2.5,5.1
1671718561.602000,45.302607,6.585716,2576.295858,18.8,3.665825,2.6,5.3
1671718564.588000,45.302710,6.585766,2581.107831,20.0,3.780998,2.5,5.3
1671718567.597000,45.302810,6.585817,2583.458115,18.0,3.901047,2.0,5.4
1671718570.588000,45.302910,6.585866,2584.321768,18.0,3.994283,1.9,5.2
1671718573.590000,45.303010,6.585917,2583.928357,19.0,3.924998,2.6,5.3
1671718576.295000,45.303099,6.585959,2580.699650,18.0,4.128707,2.9,5.5
1671718579.583000,45.303212,6.586016,2582.082648,19.0,3.984297,3.4,5.3
1671718582.589000,45.303313,6.586066,2587.537903,18.0,3.945950,2.5,5.6
1671718585.589000,45.303414,6.586117,2587.955423,18.0,3.978912,2.5,5.6
1671718588.588000,45.303514,6.586167,2589.944273,20.0,3.997799,2.5,5.6
1671718591.386000,45.303603,6.586210,2593.869085,18.0,3.940391,2.0,5.7
1671718594.594000,45.303715,6.586266,2595.287378,19.0,3.939922,2.0,5.5
1671718597.595000,45.303814,6.586316,2596.644380,18.0,3.928191,2.7,5.5
1671718600.584000,45.303914,6.586365,2598.622740,19.0,3.926312,2.7,5.2
1671718603.591000,45.304013,6.586414,2596.164083,19.0,3.922138,3.3,4.1
1671718606.587000,45.304114,6.586464,2602.214634,19.0,3.917455,2.5,3.4
1671718609.589000,45.304214,6.586512,2605.611413,19.0,3.907195,2.5,3.5
1671718612.593000,45.304313,6.586562,2601.421844,18.0,3.922600,3.2,4.2
1671718615.577000,45.304415,6.586613,2608.877001,19.0,3.931574,2.5,4.7
1671718618.569000,45.304515,6.586664,2612.195774,19.0,3.937334,1.9,5.6
1671718621.529000,45.304612,6.586712,2612.426275,19.0,3.940722,2.7,5.9
1671718624.598000,45.304717,6.586765,2613.707105,19.0,3.944904,2.7,5.4
1671718627.592000,45.304816,6.586813,2612.074107,18.0,3.940581,2.6,5.5
1671718630.584000,45.304916,6.586863,2612.022562,18.0,3.943829,3.0,5.5
1671718633.581000,45.305005,6.586906,2609.099854,19.0,3.733464,2.4,4.4
1671718642.587000,45.305091,6.586944,2615.679989,11.0,2.002594,2.5,4.0
1671718646.591000,45.305186,6.586893,2614.346684,322.9,2.502101,2.6,4.0
1671718652.587000,45.305204,6.586758,2611.186865,258.6,1.771765,2.8,3.7
1671718656.578000,45.305219,6.586613,2606.393638,274.5,2.049433,4.3,3.5
1671718658.577000,45.305156,6.586522,2602.022926,193.8,2.968175,4.2,3.5
1671718660.574000,45.305042,6.586498,2598.385297,177.0,4.842213,2.7,4.2
1671718662.584000,45.304944,6.586500,2598.388055,184.8,3.670353,2.7,5.3
1671718665.592000,45.304850,6.586449,2598.363232,232.0,3.040570,2.7,6.0
1671718669.587000,45.304831,6.586321,2598.222569,260.0,2.212590,2.8,4.6
1671718686.592000,45.304925,6.586228,2600.889227,-1.0,0.000000,4.0,5.3
1671718758.585000,45.305016,6.586200,2605.583055,2.0,1.297626,3.1,18.6
1671718761.582000,45.305136,6.586218,2606.005034,2.5,3.088804,3.1,13.1
1671718763.580000,45.305244,6.586243,2606.758031,1.7,2.973496,3.0,10.4
1671718765.599000,45.305334,6.586260,2606.151931,5.5,3.050757,2.8,8.8
1671718768.583000,45.305438,6.586273,2609.299805,4.9,2.961400,4.0,5.2
1671718772.589000,45.305556,6.586287,2613.051453,5.6,3.378952,3.8,4.0
1671718776.584000,45.305674,6.586298,2609.299805,5.0,3.211467,2.6,4.0
1671718780.583000,45.305790,6.586310,2612.139577,4.0,3.136422,2.7,4.3
1671718784.593000,45.305905,6.586322,2621.005999,2.2,3.162464,3.2,4.0
1671718788.581000,45.306019,6.586336,2623.851960,4.0,3.157054,3.3,4.3
1671718792.581000,45.306129,6.586352,2627.514575,1.0,3.261742,3.3,4.3
1671718796.594000,45.306244,6.586362,2627.481476,3.0,3.164113,3.3,4.4
1671718800.605000,45.306359,6.586375,2633.429439,4.0,3.100541,3.5,4.0
1671718804.595000,45.306472,6.586385,2630.445206,3.0,3.012810,2.9,4.0
1671718808.567000,45.306582,6.586394,2638.225546,4.8,3.022355,3.9,4.3
1671718812.588000,45.306693,6.586405,2646.246916,4.2,2.928375,3.5,4.4
1671718816.586000,45.306801,6.586421,2653.292421,2.1,2.945172,4.2,4.0
1671718820.591000,45.306915,6.586429,2656.814873,2.0,2.868918,3.7,4.0
1671718824.584000,45.307021,6.586440,2656.141796,3.0,2.844809,4.7,4.0
1671718828.583000,45.307129,6.586451,2663.518065,3.0,2.805728,4.1,4.0
1671718832.583000,45.307232,6.586460,2669.390854,4.0,2.817709,4.3,4.0
1671718836.595000,45.307333,6.586469,2671.495303,4.0,2.786130,3.3,4.0
1671718840.577000,45.307435,6.586480,2677.033481,4.0,2.803969,3.3,4.0
1671718844.583000,45.307535,6.586490,2690.219028,4.0,2.966582,3.8,4.0
1671718848.582000,45.307643,6.586500,2696.376626,2.0,3.022196,2.9,4.0
1671718852.604000,45.307750,6.586509,2699.954336,3.0,2.921965,2.7,4.0
1671718856.585000,45.307856,6.586519,2701.823964,3.0,2.885109,4.0,4.0
1671718860.594000,45.307962,6.586527,2710.240198,3.0,2.874155,2.7,4.0
1671718864.601000,45.308058,6.586538,2711.834367,4.0,2.832237,2.5,4.0
1671718868.582000,45.308160,6.586548,2717.701152,5.0,2.806641,2.5,4.0
1671718872.581000,45.308267,6.586558,2726.589483,4.0,2.890938,2.8,4.0
1671718876.585000,45.308377,6.586569,2736.323567,3.0,2.953587,3.7,4.0
1671718880.601000,45.308492,6.586579,2739.328984,3.0,2.971463,3.0,4.0
1671718884.587000,45.308590,6.586588,2738.141785,3.0,2.918372,3.2,4.0
1671718888.586000,45.308695,6.586600,2742.875172,3.1,2.878881,3.4,4.0
1671718892.603000,45.308802,6.586612,2746.789997,4.0,2.888497,2.5,4.0
1671718896.588000,45.308908,6.586623,2750.945700,5.0,2.879826,2.5,4.0
1671718900.599000,45.309015,6.586635,2756.842512,4.9,2.891951,2.5,4.0
1671718904.581000,45.309110,6.586645,2762.265366,4.0,2.875740,2.5,4.0
1671718908.587000,45.309214,6.586656,2768.888981,4.1,2.855817,2.5,4.7
1671718912.587000,45.309317,6.586666,2779.980552,2.1,2.855105,2.6,4.0
1671718916.585000,45.309422,6.586677,2782.255333,3.0,2.965110,3.3,4.0
1671718920.601000,45.309535,6.586687,2784.964370,3.0,2.985177,2.5,4.0
1671718924.586000,45.309636,6.586700,2788.941066,3.0,2.965365,2.5,4.0
1671718928.588000,45.309746,6.586714,2793.326061,4.0,3.286719,2.5,4.0
1671718932.597000,45.309859,6.586722,2796.307124,4.0,3.081917,2.5,4.0
1671718936.581000,45.309970,6.586732,2806.850919,4.0,3.090463,3.6,4.6
1671718940.582000,45.310084,6.586743,2806.156609,3.0,3.079991,3.0,4.9
1671718944.580000,45.310187,6.586754,2807.197865,2.0,3.062313,2.8,4.8
1671718948.585000,45.310295,6.586766,2811.789009,3.0,3.038875,3.5,4.0
1671718952.606000,45.310405,6.586778,2813.307406,4.0,3.034119,2.5,4.0
1671718956.610000,45.310513,6.586789,2817.274817,4.0,3.227642,2.5,4.0
1671718960.589000,45.310626,6.586802,2819.632941,4.0,3.109181,2.5,4.0
1671718964.587000,45.310735,6.586813,2823.294574,4.0,3.104989,2.5,3.9
1671718968.583000,45.310846,6.586823,2826.025548,4.0,3.099931,2.5,3.9
1671718971.602000,45.310944,6.586831,2830.954621,3.0,3.092010,2.5,3.6
1671718975.574000,45.311040,6.586841,2832.655512,3.0,3.085886,2.5,3.9
1671718979.580000,45.311152,6.586853,2836.390877,3.0,3.070989,2.4,2.5
1671718983.572000,45.311264,6.586862,2840.743793,4.0,3.062530,2.5,3.2
1671718987.585000,45.311363,6.586871,2844.988200,3.0,3.042193,2.5,3.3
1671718991.602000,45.311482,6.586881,2850.737873,4.0,2.970039,2.5,3.4
1671718996.594000,45.311592,6.586893,2867.321025,3.0,2.886651,3.7,3.1
1671719000.578000,45.311690,6.586902,2873.554545,3.1,2.839966,3.0,3.5
1671719004.589000,45.311787,6.586913,2872.678774,3.0,2.798013,2.5,3.4
1671719008.598000,45.311882,6.586923,2881.093500,3.0,2.745225,2.4,3.4
1671719012.607000,45.311978,6.586934,2886.922015,4.0,2.710828,2.5,3.3
1671719016.610000,45.312075,6.586944,2894.816743,3.0,2.693082,2.5,2.7
1671719020.598000,45.312173,6.586959,2901.841110,5.9,2.670081,2.5,3.4
1671719024.603000,45.312268,6.586971,2905.647222,5.1,2.725017,2.5,3.9
1671719030.591000,45.312365,6.587005,2914.256240,43.7,2.199350,3.0,4.0
1671719034.577000,45.312406,6.587143,2904.932194,94.7,2.327410,2.5,4.0
1671719038.584000,45.312357,6.587304,2903.785415,130.9,2.863587,2.4,3.9
1671719041.579000,45.312246,6.587416,2901.292210,157.3,3.382482,2.5,3.5
1671719045.589000,45.312140,6.587466,2898.891194,168.0,3.202445,2.5,3.9
1671719050.586000,45.312036,6.587429,2893.145815,188.5,3.006101,2.5,3.5
1671719054.597000,45.311954,6.587306,2886.864937,239.4,3.022727,2.5,3.9
1671719058.586000,45.311918,6.587141,2890.138913,253.6,3.038962,3.1,4.0
1671719062.585000,45.311881,6.586998,2879.679058,237.4,2.936818,2.4,3.8
1671719067.567000,45.311806,6.586886,2873.040617,236.3,2.865319,2.4,3.7
1671719087.478000,45.311751,6.586952,2873.736521,91.0,0.000000,3.1,4.1
1671719087.478000,45.311751,6.586952,2873.736521,91.0,0.000000,3.1,4.1
1671719088.079000,45.311734,6.586987,2873.736521,101.5,2.170962,3.1,4.3
1671719090.951000,45.311683,6.587114,2872.472831,123.9,2.722903,3.1,5.7
1671719093.158000,45.311622,6.587217,2863.464115,132.5,3.102331,2.4,6.3
1671719094.579000,45.311558,6.587314,2859.344118,130.8,6.122272,2.5,6.4
1671719096.575000,45.311465,6.587473,2855.703804,125.6,6.370914,2.5,6.2
1671719098.584000,45.311379,6.587616,2854.577899,135.6,5.889180,2.5,6.4
1671719100.573000,45.311281,6.587682,2853.022919,165.9,5.136322,2.5,6.0
1671719102.597000,45.311194,6.587638,2851.928634,223.6,5.454928,2.5,6.0
1671719104.573000,45.311166,6.587455,2848.004586,244.5,7.077456,2.5,6.0
1671719106.574000,45.311090,6.587269,2842.918253,245.9,7.946045,2.5,6.0
1671719108.590000,45.311019,6.587078,2836.220665,223.6,8.501200,2.5,6.0
1671719110.576000,45.310946,6.586919,2829.990429,256.8,6.877975,2.5,5.7
1671719112.604000,45.310876,6.586782,2826.150219,211.7,7.655603,2.5,4.8
1671719114.592000,45.310735,6.586668,2822.830056,222.2,9.390480,2.5,4.0
1671719116.578000,45.310598,6.586518,2824.399761,201.1,9.311577,3.9,4.3
1671719118.583000,45.310416,6.586513,2809.316406,184.9,10.770296,2.5,6.0
1671719119.582000,45.310316,6.586512,2809.866350,177.0,11.127419,2.8,6.3
1671719120.581000,45.310209,6.586528,2810.587901,177.0,11.766228,3.1,7.6
1671719121.589000,45.310096,6.586548,2806.622290,171.0,12.163939,2.6,8.0
1671719122.582000,45.309988,6.586580,2801.478554,183.3,9.966328,2.7,7.6
1671719123.589000,45.309894,6.586569,2800.361251,191.9,9.374781,2.8,7.2
1671719125.585000,45.309732,6.586554,2792.218449,174.1,8.837538,2.5,6.4
1671719127.576000,45.309563,6.586520,2786.244606,186.0,8.347034,2.5,6.0
1671719129.580000,45.309414,6.586509,2784.608709,194.9,7.363854,3.3,6.0
1671719131.569000,45.309280,6.586442,2775.813797,183.2,7.914651,2.5,6.0
1671719133.567000,45.309139,6.586469,2765.812202,160.1,7.613954,2.5,6.0
1671719135.575000,45.309013,6.586512,2759.450895,187.1,7.792138,2.5,6.0
1671719137.581000,45.308886,6.586456,2750.400895,199.3,7.710222,2.5,6.0
1671719139.584000,45.308755,6.586475,2742.909176,152.1,7.931823,2.5,6.0
1671719141.577000,45.308649,6.586612,2737.807156,144.3,7.950289,2.5,6.0
1671719143.574000,45.308547,6.586673,2729.903565,172.0,6.030099,2.5,6.0
1671719146.598000,45.308459,6.586756,2731.370776,112.4,4.553185,4.0,6.3
1671719148.585000,45.308383,6.586830,2718.408909,190.4,4.592762,2.5,7.2
1671719151.583000,45.308268,6.586872,2720.979322,149.9,5.527107,3.1,8.0
1671719153.588000,45.308185,6.586922,2711.080896,195.6,4.969556,2.7,9.1
1671719156.587000,45.308069,6.586900,2703.526851,166.4,5.759112,3.1,11.5
1671719158.586000,45.307954,6.586937,2697.414803,195.0,4.732360,3.3,12.0
1671719161.429000,45.307857,6.586885,2689.121530,182.8,4.149130,2.5,12.6
1671719164.353000,45.307753,6.586894,2687.808532,154.8,3.584986,2.5,14.2
1671719165.990000,45.307670,6.586962,2685.085615,132.0,4.364367,2.5,12.3
1671719169.318000,45.307596,6.587079,2680.639421,158.7,3.887360,2.5,10.2
1671719171.639000,45.307487,6.587012,2677.974497,217.6,5.012121,2.5,10.1
1671719173.583000,45.307386,6.586996,2670.023704,154.4,5.297049,2.5,9.9
1671719176.353000,45.307282,6.587049,2672.746220,169.1,4.344215,3.1,9.4
1671719179.589000,45.307149,6.587070,2662.124606,152.0,4.901022,3.0,9.3
1671719181.583000,45.307056,6.587130,2658.754078,181.7,6.524901,3.0,8.5
1671719183.578000,45.306945,6.587118,2646.283380,193.1,4.580590,3.1,6.6
1671719186.576000,45.306816,6.587205,2638.727406,185.5,6.173391,3.2,6.7
1671719188.581000,45.306711,6.587222,2633.564624,145.8,5.796767,3.4,7.1
1671719190.577000,45.306586,6.587292,2626.387390,190.7,8.365404,2.5,7.0
1671719191.562000,45.306494,6.587283,2621.886214,183.1,9.827761,2.5,7.3
1671719192.566000,45.306382,6.587293,2620.995669,173.7,10.992952,2.5,7.3
1671719193.569000,45.306273,6.587320,2617.052954,169.0,10.799879,2.5,7.3
1671719194.574000,45.306170,6.587342,2615.811905,172.0,10.521629,2.5,7.0
1671719195.585000,45.306072,6.587349,2614.209037,176.8,9.825258,2.5,6.4
1671719197.563000,45.305902,6.587311,2612.915911,202.9,8.288375,2.5,6.0
1671719199.578000,45.305777,6.587206,2611.794256,208.0,7.343131,2.5,6.0
1671719201.590000,45.305680,6.587109,2618.564090,215.0,6.111806,3.2,6.0
1671719203.597000,45.305600,6.586983,2618.039557,227.0,6.572484,4.2,6.0
1671719205.577000,45.305519,6.586827,2617.779136,230.0,7.948235,2.9,6.0
1671719207.583000,45.305406,6.586664,2612.265546,217.9,8.786477,2.9,5.6
1671719209.575000,45.305248,6.586573,2610.664069,196.1,9.682167,2.9,5.3
1671719210.583000,45.305157,6.586551,2609.469236,189.5,10.056966,3.0,4.8
1671719211.596000,45.305066,6.586542,2606.189140,183.2,9.596267,2.9,4.4
1671719213.577000,45.304914,6.586530,2600.516188,190.1,7.628245,3.0,4.3
1671719215.596000,45.304833,6.586417,2600.709256,237.4,5.881863,3.0,4.0
1671719218.574000,45.304864,6.586264,2605.778891,316.5,2.959515,2.8,4.6
1671719222.586000,45.304953,6.586239,2599.115545,7.0,1.143988,2.5,4.4
1671719260.295000,45.305088,6.586283,2609.299805,8.5,3.101788,3.3,10.0
1671719262.096000,45.305224,6.586286,2609.299805,3.1,2.905427,3.1,10.6
1671719264.494000,45.305346,6.586292,2613.269453,4.4,2.979110,3.4,11.4
1671719266.214000,45.305436,6.586298,2614.328268,4.9,3.059313,3.5,9.4
1671719269.094000,45.305534,6.586308,2616.541580,3.8,2.936972,2.9,7.7
1671719272.094000,45.305624,6.586312,2619.054593,6.0,3.208279,2.8,7.1
1671719275.515000,45.305719,6.586317,2622.587268,1.6,3.209326,4.3,7.1
1671719279.114000,45.305830,6.586332,2622.365647,2.8,3.180916,3.3,7.7
1671719282.596000,45.305924,6.586341,2624.073490,2.0,3.171214,3.3,5.8
1671719286.577000,45.306036,6.586353,2628.734341,3.0,3.104370,8.6,4.0
1671719290.583000,45.306148,6.586364,2631.961849,4.0,3.184517,3.1,4.0
1671719294.591000,45.306262,6.586375,2635.273183,3.0,3.043119,2.9,4.0
1671719298.590000,45.306374,6.586384,2637.459912,3.0,3.073974,2.8,4.0
1671719301.599000,45.306471,6.586392,2639.639499,3.0,3.035168,2.6,4.0
1671719305.577000,45.306568,6.586401,2645.983502,3.0,3.206031,4.2,4.0
1671719309.577000,45.306681,6.586411,2647.364129,2.0,3.172703,3.3,4.0
1671719313.580000,45.306779,6.586418,2653.028375,1.0,2.876110,5.5,4.3
1671719316.598000,45.306876,6.586430,2656.616709,3.0,2.921349,9.6,4.0
1671719321.581000,45.306991,6.586448,2664.354866,4.0,2.895777,2.9,5.4
1671719325.250000,45.307093,6.586461,2667.975280,2.8,2.884317,2.9,7.5
1671719329.450000,45.307194,6.586475,2671.868152,2.3,2.872621,2.6,9.1
1671719333.630000,45.307293,6.586490,2682.396665,5.0,2.827450,4.3,7.0
1671719337.586000,45.307398,6.586500,2684.069155,3.0,2.779807,2.7,4.6
1671719341.599000,45.307498,6.586512,2690.179087,3.0,2.684126,3.2,4.8
1671719345.591000,45.307604,6.586524,2699.858884,4.0,2.942957,7.0,5.7
1671719349.581000,45.307708,6.586535,2704.137036,4.0,2.874185,3.5,6.0
1671719353.591000,45.307811,6.586546,2708.719925,4.0,2.871127,2.7,4.8
1671719357.593000,45.307914,6.586556,2714.167121,4.0,2.887252,2.9,6.0
1671719361.591000,45.308017,6.586566,2718.361130,4.0,2.823169,2.6,5.6
1671719365.579000,45.308118,6.586576,2727.494398,3.0,2.836980,4.1,4.7
1671719369.592000,45.308222,6.586586,2730.294098,3.0,3.198562,2.9,5.7
1671719373.595000,45.308333,6.586597,2735.983245,4.0,2.990446,5.5,4.7
1671719377.598000,45.308441,6.586608,2741.646535,3.0,3.045967,10.0,6.0
1671719381.580000,45.308550,6.586620,2745.419271,4.0,3.017943,2.9,6.0
1671719385.581000,45.308659,6.586632,2749.347691,4.0,3.029212,2.9,5.0
1671719389.591000,45.308767,6.586641,2752.009915,4.0,2.884392,2.6,5.2
1671719393.599000,45.308876,6.586651,2760.986374,4.0,2.898969,4.0,6.0
1671719397.583000,45.308985,6.586662,2763.105113,3.0,2.816494,2.7,5.3
1671719401.582000,45.309090,6.586671,2769.198206,3.0,2.816989,3.4,4.3
1671719405.585000,45.309196,6.586681,2778.338061,3.0,2.908272,12.3,4.0
1671719409.606000,45.309303,6.586690,2784.281562,3.0,2.795903,3.5,4.0
1671719413.605000,45.309402,6.586697,2789.785370,4.0,3.169245,3.2,6.1
1671719417.597000,45.309516,6.586709,2792.902175,4.0,2.955078,3.2,6.7
1671719421.594000,45.309628,6.586720,2796.486290,4.0,2.951977,2.8,5.3
1671719425.583000,45.309732,6.586728,2803.518746,3.0,3.200541,4.1,4.3
1671719429.593000,45.309844,6.586737,2803.828099,4.0,3.214846,3.9,5.0
1671719433.608000,45.309957,6.586748,2807.082602,3.0,3.074435,5.5,4.0
1671719437.598000,45.310070,6.586760,2811.925286,4.0,3.108909,18.5,4.7
1671719441.589000,45.310180,6.586773,2815.333760,4.0,3.005364,2.8,4.7
1671719445.585000,45.310293,6.586786,2818.111771,3.0,3.069716,2.9,4.3
1671719449.568000,45.310400,6.586797,2818.606441,4.0,2.988905,2.5,4.0
1671719453.577000,45.310500,6.586807,2827.245798,3.0,3.084642,4.3,5.3
1671719457.585000,45.310616,6.586818,2821.237599,3.0,3.156138,2.5,4.3
1671719461.595000,45.310726,6.586826,2829.069758,3.0,3.091116,2.8,4.4
1671719465.586000,45.310835,6.586834,2836.965530,3.0,3.090981,7.0,5.2
1671719469.599000,45.310942,6.586844,2838.959495,4.0,3.073824,3.5,5.2
1671719473.594000,45.311045,6.586852,2842.255358,4.0,3.050066,2.7,4.0
1671719477.580000,45.311141,6.586862,2844.954241,3.9,3.032473,2.9,4.0
1671719481.590000,45.311254,6.586874,2845.935447,4.0,3.012455,2.5,4.0
1671719485.589000,45.311352,6.586883,2852.311147,3.0,2.729332,3.0,4.0
1671719489.581000,45.311458,6.586891,2851.500907,3.0,2.785389,2.5,4.0
1671719493.585000,45.311550,6.586901,2858.818883,4.0,2.785340,2.5,4.0
1671719497.626000,45.311659,6.586912,2873.244299,4.0,2.723612,10.5,4.0
1671719501.593000,45.311758,6.586920,2880.493999,4.0,2.736943,2.9,4.0
1671719505.593000,45.311857,6.586931,2885.937213,4.0,2.662924,2.9,4.0
1671719509.580000,45.311956,6.586944,2888.153503,4.0,2.684651,2.5,4.0
1671719513.606000,45.312056,6.586956,2895.210414,4.0,2.646668,2.5,4.0
1671719517.576000,45.312147,6.586966,2900.864836,4.0,2.974938,2.5,4.0
1671719521.594000,45.312249,6.586978,2905.419836,4.8,2.979537,2.5,3.9
1671719525.581000,45.312340,6.586999,2911.984915,5.1,2.697390,2.7,3.9
1671719529.584000,45.312444,6.586924,2913.758198,317.0,2.741218,3.5,4.0
1671719532.597000,45.312533,6.586805,2911.786527,308.0,3.200002,2.9,4.0
1671719534.592000,45.312591,6.586674,2909.962234,296.0,3.669465,2.6,3.9
1671719536.601000,45.312658,6.586482,2907.903944,294.0,8.075405,2.9,3.9
1671719538.587000,45.312727,6.586260,2900.132614,293.0,9.239260,2.5,3.9
1671719540.582000,45.312800,6.586021,2896.198624,292.0,10.357053,2.5,4.0
1671719541.574000,45.312835,6.585892,2894.959096,291.0,10.679228,2.5,4.0
1671719542.604000,45.312868,6.585758,2891.738317,288.0,10.802976,2.6,4.0
1671719543.590000,45.312895,6.585623,2891.418590,285.0,10.940759,2.6,4.0
1671719544.588000,45.312920,6.585484,2893.063363,284.0,11.091446,2.5,4.0
1671719545.598000,45.312947,6.585346,2889.041199,286.0,11.065871,2.5,4.0
1671719546.600000,45.312981,6.585214,2886.757592,290.0,10.734773,2.5,4.0
1671719547.595000,45.313016,6.585089,2882.170175,291.0,10.339444,2.5,4.0
1671719549.613000,45.313088,6.584857,2877.727460,291.0,9.980448,2.5,4.0
1671719551.597000,45.313132,6.584612,2876.105510,278.2,9.799066,2.5,4.0
1671719553.589000,45.313169,6.584371,2876.007884,287.0,9.536473,2.6,4.0
1671719555.605000,45.313228,6.584155,2871.869928,289.0,8.813482,2.5,4.0
1671719557.586000,45.313259,6.583955,2879.189391,280.0,7.737397,10.5,4.0
1671719559.581000,45.313278,6.583762,2878.258059,276.0,7.710247,3.5,4.0
1671719561.602000,45.313293,6.583569,2877.440736,279.0,7.585650,2.9,4.0
1671719563.599000,45.313342,6.583381,2874.746013,295.0,7.923774,2.8,4.0
1671719565.587000,45.313421,6.583206,2871.680413,302.0,8.133445,2.8,4.0
1671719567.580000,45.313506,6.583032,2869.062436,303.0,8.401542,2.7,4.3
1671719569.582000,45.313592,6.582853,2864.004225,304.0,8.364572,2.5,4.3
1671719571.594000,45.313679,6.582680,2861.742429,305.0,8.171398,2.5,4.4
1671719573.587000,45.313755,6.582510,2860.385643,301.0,7.769135,2.6,4.0
1671719575.582000,45.313820,6.582337,2856.558284,297.0,7.573277,2.5,4.0
1671719577.576000,45.313876,6.582169,2855.895735,294.0,7.281115,2.5,4.0
1671719579.573000,45.313926,6.582000,2855.400989,292.0,7.091470,2.5,4.0
1671719581.576000,45.313963,6.581833,2854.596379,285.0,6.540201,2.5,4.0
1671719583.581000,45.313992,6.581683,2853.749204,286.0,5.841794,2.5,4.0
1671719585.612000,45.314019,6.581553,2853.852467,286.0,4.966122,2.5,4.0
1671719589.600000,45.314053,6.581384,2858.857849,288.5,4.346538,2.5,4.0
1671719592.606000,45.314088,6.581228,2861.309798,287.4,3.772426,2.8,4.0
1671719595.594000,45.314123,6.581102,2859.604379,295.6,2.309827,2.8,4.0
1671719600.584000,45.314157,6.580963,2855.362207,287.0,1.924159,2.5,4.0
1671719605.588000,45.314174,6.580810,2853.433667,286.0,2.582534,2.5,4.0
1671719609.577000,45.314201,6.580674,2853.217631,288.0,2.858530,2.5,4.0
1671719613.588000,45.314234,6.580523,2852.117637,290.0,3.319726,2.5,4.0
1671719616.510000,45.314274,6.580406,2851.299130,297.1,3.390091,2.5,5.9
1671719619.509000,45.314345,6.580289,2852.488438,306.5,3.931639,2.5,6.9
1671719622.508000,45.314432,6.580200,2858.607250,319.0,3.766491,2.7,6.9
1671719626.108000,45.314512,6.580111,2856.269518,318.5,3.414058,2.8,7.8
1671719629.107000,45.314594,6.580038,2850.078562,324.9,3.720455,2.5,7.7
1671719632.053000,45.314684,6.579952,2850.067539,324.8,4.266129,2.5,7.1
1671719634.388000,45.314763,6.579860,2849.880054,322.3,4.358507,2.5,6.9
1671719637.308000,45.314848,6.579768,2847.116884,323.1,3.958859,2.5,6.7
1671719640.307000,45.314925,6.579676,2846.591409,319.7,3.788069,2.5,6.8
1671719643.308000,45.315004,6.579566,2846.046085,316.8,4.090093,2.5,6.9
1671719646.306000,45.315092,6.579445,2844.282544,311.2,4.395739,2.5,7.1
1671719649.583000,45.315167,6.579274,2842.834501,302.0,5.730027,2.5,6.7
1671719651.598000,45.315217,6.579140,2846.814902,296.0,5.262138,2.5,5.4
1671719654.617000,45.315268,6.579005,2848.521330,298.9,4.070648,2.6,4.0
1671719657.591000,45.315316,6.578885,2840.195668,297.6,3.861384,2.5,4.0
1671719660.591000,45.315369,6.578756,2839.743332,299.0,3.833701,2.5,4.0
1671719663.580000,45.315426,6.578606,2839.360208,297.0,4.900000,2.5,4.0
1671719665.589000,45.315471,6.578494,2838.216615,301.9,4.774259,2.5,4.0
1671719668.583000,45.315539,6.578344,2836.649891,300.8,5.126866,2.5,4.0
1671719670.595000,45.315599,6.578201,2834.701675,299.0,5.985849,2.5,4.0
1671719672.583000,45.315664,6.578035,2832.367699,298.0,7.392378,2.5,4.0
1671719674.577000,45.315722,6.577879,2829.512788,293.0,5.830617,2.5,4.6
1671719676.585000,45.315758,6.577750,2829.200989,293.0,5.337665,2.5,4.8
1671719678.588000,45.315794,6.577632,2831.445966,293.0,4.652498,2.6,4.7
1671719681.598000,45.315844,6.577487,2830.622997,296.0,4.043649,2.5,4.4
1671719684.585000,45.315889,6.577354,2827.713017,297.0,3.722082,2.5,4.4
1671719687.584000,45.315941,6.577242,2827.423955,304.0,3.214546,2.5,4.7
1671719690.588000,45.315991,6.577131,2826.364148,305.0,3.627142,2.5,4.2
1671719693.574000,45.316058,6.577009,2825.749294,310.0,4.260317,2.5,4.0
1671719696.593000,45.316144,6.576890,2824.450624,318.0,4.489413,2.5,4.0
1671719699.602000,45.316239,6.576778,2824.749189,320.0,4.672047,2.5,4.0
1671719701.577000,45.316313,6.576700,2823.497100,324.0,5.163653,2.5,4.0
1671719703.585000,45.316397,6.576625,2822.310336,326.0,5.613301,2.5,4.0
1671719705.596000,45.316482,6.576547,2821.333293,327.0,5.502067,2.5,4.0
1671719707.586000,45.316558,6.576470,2820.721637,321.0,5.229689,2.6,4.0
1671719709.579000,45.316631,6.576386,2820.013756,322.0,5.241210,2.4,4.0
1671719711.590000,45.316708,6.576306,2819.167209,323.0,5.524710,2.4,4.8
1671719713.594000,45.316785,6.576224,2818.332070,322.0,4.963864,2.4,4.7
1671719716.582000,45.316866,6.576131,2817.457385,319.8,4.588038,2.5,4.3
1671719718.580000,45.316943,6.576048,2816.979036,326.0,4.569367,2.5,4.8
1671719721.586000,45.317042,6.575954,2815.940348,323.0,5.097857,2.5,4.5
1671719723.573000,45.317129,6.575864,2814.410002,324.0,5.218042,2.5,4.5
1671719725.591000,45.317217,6.575776,2814.265130,326.0,5.841623,2.5,5.0
1671719727.585000,45.317313,6.575702,2811.270595,334.0,6.090334,2.5,5.6
1671719729.581000,45.317415,6.575646,2811.450267,339.0,5.827970,2.5,4.8
1671719731.576000,45.317501,6.575597,2810.350038,337.0,4.599421,2.5,4.3
1671719734.600000,45.317594,6.575536,2810.457509,330.0,4.292855,2.5,4.0
1671719737.582000,45.317716,6.575430,2808.509101,328.0,5.539714,2.5,4.0
1671719739.594000,45.317801,6.575349,2807.626950,325.0,5.692499,2.4,4.2
1671719741.585000,45.317898,6.575242,2805.950553,322.0,7.433463,2.5,5.0
1671719743.606000,45.318025,6.575104,2803.144108,322.0,9.374836,2.5,5.7
1671719744.591000,45.318098,6.575025,2801.479900,322.0,10.173760,2.5,6.0
1671719745.596000,45.318174,6.574939,2799.821669,321.0,10.532619,2.5,6.0
1671719746.586000,45.318249,6.574850,2796.952313,319.0,10.869615,2.5,6.0
1671719747.610000,45.318324,6.574754,2795.986666,317.0,10.912113,2.5,5.6
1671719748.583000,45.318394,6.574657,2794.490414,316.0,11.001769,2.5,5.3
1671719749.591000,45.318466,6.574557,2793.132723,315.0,11.104989,2.5,5.0
1671719750.583000,45.318538,6.574459,2791.354789,315.0,10.994809,2.5,4.7
1671719751.571000,45.318606,6.574360,2789.278184,313.0,10.803067,2.5,4.7
1671719752.590000,45.318667,6.574253,2787.348753,307.7,10.852838,2.5,4.7
1671719753.610000,45.318715,6.574136,2786.011950,300.0,10.506351,2.5,4.8
1671719754.598000,45.318750,6.574017,2782.879018,291.2,10.029932,2.5,4.8
1671719756.570000,45.318785,6.573783,2783.037022,280.0,9.100662,2.5,4.7
1671719758.589000,45.318801,6.573556,2781.205152,276.0,8.914776,2.5,4.0
1671719760.589000,45.318818,6.573327,2778.854904,277.0,9.002385,2.5,4.0
1671719762.596000,45.318841,6.573087,2775.891255,278.0,9.686458,2.5,4.8
1671719764.584000,45.318859,6.572842,2772.672421,275.0,9.562479,2.5,5.3
1671719766.576000,45.318894,6.572611,2769.877001,278.0,9.410941,2.4,5.3
1671719768.578000,45.318934,6.572375,2766.353781,285.0,9.922030,2.4,4.4
1671719770.568000,45.318967,6.572136,2761.229160,287.5,9.071520,2.4,4.3
1671719772.585000,45.319040,6.571962,2756.672489,302.3,8.171646,2.5,4.3
1671719774.609000,45.319104,6.571787,2754.823536,299.0,7.859547,2.5,4.0
1671719776.596000,45.319154,6.571635,2749.700282,302.2,6.526239,2.5,4.0
1671719778.607000,45.319246,6.571520,2746.511053,334.7,7.390519,2.5,4.0
1671719780.597000,45.319360,6.571414,2738.055314,319.2,7.672999,2.5,4.0
1671719782.578000,45.319454,6.571299,2733.483088,323.2,6.937614,2.5,4.7
1671719784.579000,45.319561,6.571324,2727.739774,345.3,6.632020,2.5,5.7
1671719786.579000,45.319680,6.571283,2722.638502,344.0,7.145605,2.5,6.3
1671719788.584000,45.319786,6.571278,2716.891361,2.4,5.990070,2.5,6.3
1671719790.603000,45.319885,6.571242,2712.120900,353.1,5.933997,2.5,6.0
1671719793.583000,45.319982,6.571181,2704.998185,308.7,3.540180,2.5,6.0
1671719796.584000,45.320079,6.571144,2700.734674,336.7,5.322666,2.4,6.2
1671719798.582000,45.320172,6.571062,2695.871687,310.6,4.775974,2.4,6.8
1671719800.597000,45.320234,6.570970,2691.987247,310.6,4.051622,2.4,6.8
1671719803.583000,45.320357,6.570903,2683.682576,14.4,4.873834,2.4,6.0
1671719805.584000,45.320449,6.570926,2679.623897,344.6,5.386569,2.4,6.0
1671719807.586000,45.320506,6.570820,2675.180988,288.0,4.680009,2.4,6.0
1671719809.570000,45.320556,6.570684,2671.424360,331.5,5.302722,2.4,6.0
1671719811.573000,45.320666,6.570636,2664.458148,349.9,5.816925,2.4,6.0
1671719813.589000,45.320754,6.570578,2658.972647,317.6,4.783762,2.5,6.0
1671719815.584000,45.320811,6.570450,2654.501292,312.8,6.463335,2.5,6.0
1671719817.579000,45.320920,6.570356,2647.546232,331.7,6.466991,2.5,6.0
1671719819.584000,45.321013,6.570220,2641.888713,292.8,9.046036,2.5,6.3
1671719821.590000,45.321086,6.569967,2634.835985,297.9,13.391180,2.5,7.2
1671719822.596000,45.321146,6.569796,2629.463789,295.0,14.628984,2.5,7.6
1671719823.583000,45.321204,6.569609,2625.561396,294.0,15.736533,2.5,7.7
1671719824.583000,45.321267,6.569413,2623.175763,295.0,15.483046,2.6,8.0
1671719825.580000,45.321329,6.569228,2617.798167,295.0,14.986004,2.4,8.0
1671719826.590000,45.321388,6.569052,2615.429210,296.0,13.976635,2.4,8.0
1671719827.585000,45.321446,6.568895,2614.105690,298.0,13.427588,2.4,8.0
1671719828.603000,45.321504,6.568754,2612.750760,300.0,11.991863,2.4,7.6
1671719829.592000,45.321555,6.568632,2610.906154,300.0,10.754831,2.4,7.2
1671719830.590000,45.321601,6.568523,2611.313178,302.0,9.751690,2.4,6.8
1671719832.596000,45.321700,6.568346,2608.893516,311.0,8.420759,2.4,6.0
1671719834.597000,45.321805,6.568195,2607.098724,313.0,8.668495,2.4,5.2
1671719836.580000,45.321920,6.568029,2605.925231,313.0,9.483605,2.4,4.7
1671719838.594000,45.322049,6.567849,2602.496607,315.0,10.265621,2.4,4.8
1671719839.577000,45.322118,6.567755,2600.587265,315.0,10.595140,2.4,5.0
1671719840.588000,45.322188,6.567657,2598.945907,315.0,10.714535,2.4,5.6
1671719841.581000,45.322257,6.567559,2597.853683,314.0,10.747887,2.4,6.0
1671719842.588000,45.322324,6.567462,2595.813038,314.0,10.432411,2.4,6.0
1671719843.583000,45.322386,6.567367,2594.492397,311.0,9.980493,2.5,6.0
1671719845.586000,45.322488,6.567183,2593.144397,307.0,8.790717,2.5,5.7
1671719847.590000,45.322572,6.567018,2592.289949,305.0,7.767839,2.5,4.8
1671719849.587000,45.322644,6.566867,2591.622987,304.0,6.985361,2.5,4.3
1671719851.580000,45.322713,6.566726,2590.782471,306.0,6.751590,2.5,4.0
1671719853.589000,45.322792,6.566598,2590.734070,314.0,6.540120,2.5,4.0
1671719855.598000,45.322881,6.566493,2589.684153,322.0,6.310467,2.4,4.0
1671719857.582000,45.322972,6.566403,2589.246127,323.0,6.213848,2.4,4.0
1671719859.586000,45.323060,6.566307,2586.867591,321.0,6.078148,2.4,4.0
1671719861.600000,45.323149,6.566216,2586.534682,324.0,6.031671,2.4,4.0
1671719863.590000,45.323239,6.566134,2586.383210,327.0,6.069921,2.4,4.0
1671719865.590000,45.323335,6.566048,2584.879225,327.0,6.411787,2.4,4.0
1671719867.581000,45.323438,6.565950,2582.604887,325.0,7.196431,2.4,4.0
1671719869.592000,45.323553,6.565839,2580.267921,326.0,7.832465,2.4,4.3
1671719871.593000,45.323685,6.565735,2578.897421,333.0,8.650601,2.4,4.3
1671719873.594000,45.323836,6.565640,2576.360658,337.0,9.197765,2.5,4.4
1671719875.598000,45.323988,6.565538,2573.475395,326.3,9.678222,2.5,4.0
1671719877.593000,45.324144,6.565393,2570.426174,331.7,10.885502,2.5,4.0
1671719878.590000,45.324231,6.565348,2567.229659,340.2,9.852780,2.5,4.0
1671719880.597000,45.324385,6.565317,2566.413546,351.9,8.020065,2.5,4.0
1671719882.591000,45.324507,6.565332,2566.520708,5.6,6.319373,2.5,4.0
1671719884.601000,45.324603,6.565393,2569.033423,21.0,5.849891,2.6,4.0
1671719886.621000,45.324694,6.565399,2566.441379,348.3,4.537485,2.4,4.0
1671719889.585000,45.324790,6.565404,2564.070064,23.8,3.666609,2.4,4.0
1671719904.583000,45.324906,6.565471,2559.478392,11.0,3.940577,2.5,4.6
1671719906.593000,45.325000,6.565496,2557.685790,6.6,6.693845,2.5,4.0
1671719908.573000,45.325139,6.565509,2554.181296,1.1,7.798628,2.5,4.0
1671719910.592000,45.325287,6.565456,2552.029095,334.5,8.393551,2.5,4.0
1671719912.588000,45.325420,6.565376,2550.606517,339.4,6.415264,2.5,4.0
1671719914.593000,45.325514,6.565330,2549.885240,332.2,6.677693,2.4,4.0
1671719916.592000,45.325666,6.565240,2545.263327,337.9,9.520026,2.4,4.0
1671719917.601000,45.325755,6.565186,2547.297606,336.1,10.492792,2.4,4.4
1671719918.590000,45.325846,6.565127,2541.782350,335.0,9.869892,2.4,4.4
1671719920.586000,45.325991,6.565028,2541.649112,332.8,8.356157,2.4,4.4
1671719921.585000,45.326067,6.564958,2539.775174,318.2,10.136468,2.4,4.3
1671719922.589000,45.326140,6.564854,2537.074874,311.1,11.586046,2.4,4.7
1671719923.575000,45.326215,6.564741,2536.198695,315.7,11.682137,2.4,4.7
1671719924.596000,45.326303,6.564644,2534.829846,325.3,11.783051,2.4,5.2
1671719925.587000,45.326396,6.564573,2532.111970,327.8,11.305132,2.4,5.6
1671719926.586000,45.326486,6.564519,2531.129589,337.4,10.337208,2.4,6.0
1671719927.591000,45.326579,6.564467,2530.582351,336.5,11.379792,2.4,6.0
1671719928.589000,45.326681,6.564413,2528.957263,340.8,12.021797,2.4,6.0
1671719929.598000,45.326788,6.564363,2524.332672,341.8,11.684131,2.5,6.0
1671719930.589000,45.326884,6.564309,2522.818128,334.2,10.537318,2.5,5.6
1671719931.594000,45.326965,6.564248,2522.670515,332.2,10.230186,2.5,5.2
1671719932.589000,45.327048,6.564184,2522.181226,332.5,11.031714,2.5,5.0
1671719933.585000,45.327139,6.564114,2521.071545,332.1,11.784407,2.5,4.7
1671719934.586000,45.327234,6.564041,2518.519286,331.0,11.736464,2.5,4.3
1671719935.583000,45.327322,6.563960,2517.421013,324.3,11.367141,2.5,4.0
1671719936.596000,45.327397,6.563861,2516.949458,315.2,11.315490,2.5,4.0
1671719937.570000,45.327466,6.563756,2514.707365,317.0,11.461670,2.5,4.0
1671719938.576000,45.327546,6.563665,2516.055078,326.2,11.380180,2.5,4.0
1671719939.596000,45.327634,6.563596,2512.259860,328.9,10.668405,2.6,4.0
1671719940.591000,45.327714,6.563531,2509.186108,325.1,9.999254,2.4,4.0
1671719942.583000,45.327847,6.563390,2506.756852,322.8,8.933752,2.5,4.0
1671719944.594000,45.327950,6.563302,2505.046245,336.2,5.274786,2.5,4.0
1671719947.584000,45.328070,6.563224,2502.564649,333.0,6.194800,2.4,4.0
1671719949.592000,45.328179,6.563155,2500.647752,335.0,6.545412,2.4,4.0
1671719951.591000,45.328292,6.563079,2498.965713,331.1,7.102463,2.4,4.0
1671719953.588000,45.328412,6.562979,2497.551096,329.0,7.881721,2.4,4.0
1671719955.596000,45.328524,6.562850,2495.379207,320.1,7.882941,2.4,4.0
1671719957.600000,45.328628,6.562716,2494.076887,320.9,7.777140,2.5,4.0
1671719959.580000,45.328742,6.562601,2491.865036,318.0,7.955114,2.5,4.3
1671719961.595000,45.328837,6.562472,2488.752537,324.8,8.043573,2.5,4.4
1671719963.588000,45.328923,6.562333,2485.286539,308.9,7.720300,2.5,4.3
1671719965.576000,45.328992,6.562143,2481.762795,298.5,9.300542,2.5,4.0
1671719967.585000,45.329022,6.561938,2472.329472,273.2,7.209193,2.4,4.7
1671719969.571000,45.328997,6.561739,2468.648318,269.8,7.957839,2.4,4.7
1671719971.586000,45.328893,6.561575,2463.060375,229.4,8.258651,2.4,4.7
1671719973.577000,45.328811,6.561395,2460.080563,248.9,8.086371,2.4,4.7
1671719975.585000,45.328770,6.561200,2457.372198,249.8,7.610660,2.4,5.2
1671719977.590000,45.328675,6.561040,2455.642645,230.0,8.495854,2.4,5.6
1671719979.586000,45.328622,6.560864,2451.624487,256.7,7.337150,2.4,5.0
1671719981.591000,45.328610,6.560668,2449.421005,260.3,7.689066,2.4,4.0
1671719983.570000,45.328492,6.560511,2446.283458,219.4,9.496908,2.5,4.0
1671719985.579000,45.328367,6.560334,2439.513791,228.7,9.503860,2.5,4.0
1671719987.591000,45.328258,6.560135,2437.724797,238.7,9.742044,2.5,4.0
1671719989.587000,45.328147,6.559952,2433.364433,212.1,9.559582,2.5,4.0
1671719991.582000,45.328013,6.559807,2427.987811,221.9,9.039919,2.5,4.4
1671719993.582000,45.327876,6.559677,2433.592502,212.6,9.207874,3.8,5.0
1671719995.581000,45.327729,6.559559,2429.327588,209.7,9.167559,2.9,6.0
1671719997.566000,45.327580,6.559525,2424.901354,211.7,7.048404,2.7,6.0
1671719999.569000,45.327494,6.559431,2419.562890,217.5,6.412241,2.5,5.7
1671720001.577000,45.327355,6.559386,2415.874451,204.4,8.305286,2.5,5.0
1671720003.578000,45.327258,6.559257,2412.298686,227.0,7.367768,2.6,4.3
1671720005.568000,45.327211,6.559096,2411.701885,253.2,7.037192,2.5,4.0
1671720007.587000,45.327173,6.558918,2407.646147,248.0,7.443217,2.5,4.0
1671720009.590000,45.327168,6.558752,2398.942391,260.1,5.985291,2.4,4.0
1671720011.582000,45.327139,6.558585,2395.353448,262.5,6.127247,2.4,4.3
1671720013.585000,45.327135,6.558430,2394.750221,249.8,6.162417,2.5,4.3
1671720015.586000,45.327103,6.558274,2389.870965,267.9,6.009269,2.5,4.4
1671720017.576000,45.327094,6.558089,2391.580431,258.9,7.595443,6.1,4.0
1671720019.586000,45.327069,6.557865,2385.493388,273.9,8.662256,5.6,4.0
1671720021.583000,45.327078,6.557642,2379.255242,266.0,9.587161,3.7,4.0
1671720022.581000,45.327064,6.557506,2376.547124,260.4,10.838899,3.8,4.0
1671720023.586000,45.327042,6.557364,2371.989030,258.0,11.245405,2.8,4.3
1671720024.587000,45.327039,6.557227,2369.701520,274.8,10.345444,2.9,4.8
1671720025.606000,45.327055,6.557101,2365.037239,271.2,10.326805,2.8,5.2
1671720026.597000,45.327059,6.556972,2362.601578,261.8,10.171252,2.8,5.6
1671720027.589000,45.327046,6.556833,2361.310345,261.0,11.202623,2.9,6.0
1671720028.611000,45.327039,6.556685,2358.410817,268.9,10.655183,2.8,6.0
1671720029.600000,45.327043,6.556548,2353.696233,272.0,10.402810,2.7,6.0
1671720030.594000,45.327055,6.556415,2350.707355,273.0,10.065636,2.5,6.0
1671720032.596000,45.327030,6.556172,2348.847010,257.0,9.248305,2.6,5.2
1671720034.604000,45.327016,6.555959,2344.725627,264.6,8.336762,2.5,5.2
1671720036.579000,45.326978,6.555733,2343.503220,263.9,9.219450,2.5,5.3
1671720038.592000,45.326927,6.555513,2330.197703,241.1,8.214987,2.4,5.6
1671720040.588000,45.326840,6.555322,2327.421346,256.3,9.782687,2.4,5.0
1671720041.577000,45.326819,6.555195,2321.047081,259.0,10.345748,2.4,5.0
1671720042.575000,45.326783,6.555074,2316.668769,247.4,9.708157,2.5,5.0
1671720044.572000,45.326729,6.554849,2317.253657,263.9,9.240522,2.5,5.3
1671720046.574000,45.326662,6.554656,2316.156730,231.0,8.402261,2.6,5.7
1671720048.576000,45.326602,6.554456,2311.930516,256.7,8.689320,2.6,5.0
1671720050.573000,45.326560,6.554241,2309.654226,235.6,9.388123,11.7,4.7
1671720052.588000,45.326456,6.554035,2306.344599,234.0,9.771752,2.6,4.3
1671720054.586000,45.326337,6.553919,2300.918992,208.2,7.958494,2.5,4.4
1671720056.588000,45.326197,6.553918,2293.777874,184.0,7.706354,2.5,5.2
1671720058.589000,45.326095,6.553842,2290.154493,230.8,5.939990,2.4,6.0
1671720060.588000,45.326016,6.553760,2286.669921,200.2,5.434750,2.4,6.0
1671720062.589000,45.325926,6.553669,2284.183548,218.0,7.019053,2.4,5.0
1671720064.594000,45.325815,6.553573,2281.383423,217.0,7.011944,2.4,4.0
1671720066.587000,45.325743,6.553452,2278.442986,218.6,6.145713,2.4,4.0
1671720068.597000,45.325648,6.553404,2274.524172,212.0,5.528692,2.5,4.4
1671720070.584000,45.325568,6.553334,2269.907264,222.7,5.484813,2.4,5.0
1671720072.601000,45.325488,6.553244,2268.624203,225.4,5.715950,2.5,6.0
1671720075.595000,45.325377,6.553118,2265.415226,212.3,6.497792,2.5,5.2
1671720077.583000,45.325272,6.552992,2263.661952,210.7,7.884964,4.1,4.7
1671720079.582000,45.325151,6.552912,2253.657466,199.1,7.330274,2.4,4.7
1671720081.582000,45.325046,6.552840,2249.962985,200.7,6.379557,2.4,5.3
1671720083.597000,45.324945,6.552823,2243.259646,183.2,6.216143,2.4,6.0
1671720085.584000,45.324836,6.552786,2238.973151,213.7,6.957780,2.4,6.0
1671720087.587000,45.324714,6.552696,2234.723038,193.8,7.467985,2.4,6.0
1671720089.598000,45.324580,6.552613,2231.651097,210.2,7.588380,2.4,6.0
1671720091.584000,45.324448,6.552507,2227.978539,208.3,8.206410,2.4,6.0
1671720093.594000,45.324309,6.552396,2224.422806,200.4,8.686950,2.4,6.0
1671720095.587000,45.324193,6.552298,2222.013880,212.1,7.700617,2.4,5.3
1671720097.576000,45.324092,6.552215,2219.042066,198.8,6.916338,2.4,5.3
1671720099.585000,45.323981,6.552142,2218.049086,213.3,6.863051,2.5,5.2
1671720101.586000,45.323892,6.552021,2213.667577,198.5,6.245480,2.4,5.7
1671720104.613000,45.323750,6.552001,2207.575715,223.7,6.221767,2.4,6.0
1671720106.585000,45.323676,6.551913,2203.402970,195.4,3.853583,2.4,6.0
1671720109.585000,45.323556,6.551876,2198.976749,213.9,5.153135,2.4,6.0
1671720111.585000,45.323467,6.551763,2195.052745,220.1,6.126493,2.4,6.0
1671720113.583000,45.323366,6.551707,2192.021813,155.6,5.858188,2.4,6.0
1671720118.540000,45.323246,6.551691,2185.319750,149.6,2.582400,2.4,9.8
1671720120.580000,45.323130,6.551746,2184.341984,176.5,7.033162,2.4,10.6
1671720122.576000,45.322993,6.551763,2178.980454,178.0,5.550839,2.4,10.1
1671720124.585000,45.322884,6.551780,2174.822282,201.5,5.701665,2.4,9.2
1671720126.570000,45.322791,6.551701,2172.242716,188.2,5.241793,2.4,6.7
1671720128.589000,45.322695,6.551703,2172.034357,176.8,5.478364,2.5,6.8
1671720130.587000,45.322599,6.551658,2169.115766,195.3,5.701771,2.5,7.9
1671720132.576000,45.322479,6.551646,2165.156353,177.1,5.739545,2.4,8.1
1671720134.590000,45.322367,6.551604,2163.395695,217.5,6.131930,2.4,6.6
1671720136.596000,45.322256,6.551559,2159.667385,175.3,5.273597,2.4,6.0
1671720138.583000,45.322152,6.551546,2154.732351,198.7,6.293094,2.4,6.0
1671720140.572000,45.322041,6.551526,2150.039547,178.0,4.702017,2.4,6.0
1671720142.588000,45.321941,6.551486,2148.153201,200.5,6.546117,2.4,6.0
1671720144.581000,45.321820,6.551465,2144.114169,174.1,5.551129,2.4,5.2
1671720146.569000,45.321716,6.551470,2141.053000,205.4,6.003308,2.4,4.7
1671720148.580000,45.321601,6.551402,2135.563939,180.1,6.592690,2.4,4.7
1671720150.580000,45.321482,6.551417,2136.714835,167.0,5.613407,2.4,5.3
1671720152.583000,45.321378,6.551426,2135.405298,177.0,5.193707,2.4,5.6
1671720154.585000,45.321280,6.551420,2135.552429,172.0,4.282678,2.5,4.8
1671720158.585000,45.321184,6.551486,2136.149201,142.0,2.212306,2.4,4.0
1671720163.596000,45.321077,6.551526,2136.124765,177.7,3.352830,2.4,4.0
1671720166.578000,45.321038,6.551397,2129.880750,201.6,2.488209,2.4,5.0
1671720171.085000,45.320945,6.551426,2126.935198,160.8,2.485996,2.4,7.7
1671720174.664000,45.320858,6.551466,2124.075655,173.5,2.620591,2.4,7.1
1671720179.305000,45.320804,6.551330,2121.415689,212.0,2.986504,2.4,6.9
1671720182.305000,45.320673,6.551369,2116.640049,175.9,4.183869,2.4,7.1
1671720185.225000,45.320570,6.551275,2115.221889,214.4,4.398820,2.4,7.2
1671720187.752000,45.320492,6.551175,2112.883516,218.6,4.978003,2.5,7.9
1671720190.073000,45.320433,6.551050,2109.632245,224.7,4.263720,2.4,9.1
1671720193.579000,45.320314,6.551066,2108.211978,167.1,5.405142,2.4,9.7
1671720195.587000,45.320186,6.551110,2101.794110,180.7,6.976946,2.4,8.0
1671720197.568000,45.320053,6.551102,2100.542161,181.0,6.952586,2.4,6.7
1671720199.581000,45.319933,6.551083,2097.622132,191.0,6.675776,2.4,5.6
1671720201.597000,45.319816,6.551018,2095.796159,222.6,7.523160,2.4,5.6
1671720203.585000,45.319767,6.550814,2091.754980,252.0,8.975011,2.4,5.3
1671720205.576000,45.319711,6.550605,2090.524294,244.9,8.550606,2.4,5.0
1671720207.585000,45.319670,6.550411,2088.594292,245.0,7.349039,2.4,4.3
1671720209.577000,45.319640,6.550237,2088.814911,259.8,6.893293,2.4,4.0
1671720211.589000,45.319629,6.550054,2087.684233,251.0,7.059556,2.4,4.0
1671720213.586000,45.319620,6.549883,2086.476160,276.0,6.332812,2.4,4.0
1671720215.571000,45.319626,6.549709,2087.763474,265.6,7.490590,2.4,4.0
1671720217.592000,45.319645,6.549512,2084.443785,288.0,7.166803,2.4,4.0
1671720219.589000,45.319650,6.549344,2083.141985,249.1,6.364083,2.4,4.0
1671720221.605000,45.319640,6.549183,2081.539048,278.8,6.184030,2.4,4.0
1671720223.572000,45.319704,6.549051,2077.169982,292.2,6.500781,2.4,4.0
1671720225.589000,45.319699,6.548876,2069.275066,270.9,7.190121,2.4,4.0
1671720227.569000,45.319730,6.548686,2062.652337,284.2,8.163828,2.4,4.7
1671720229.590000,45.319735,6.548486,2055.019615,262.9,8.814111,2.4,5.6
1671720231.574000,45.319773,6.548256,2052.603427,288.0,8.666327,2.4,6.0
1671720233.588000,45.319793,6.548035,2049.701844,275.9,8.155061,2.4,6.0
1671720235.588000,45.319813,6.547843,2047.524848,266.0,7.164092,2.4,5.7
1671720237.584000,45.319837,6.547658,2048.101752,295.8,6.825476,2.4,5.3
1671720239.587000,45.319877,6.547497,2042.884995,270.3,6.549363,2.4,4.7
1671720241.576000,45.319914,6.547351,2042.770621,311.9,5.737306,2.4,4.3
1671720243.593000,45.319967,6.547214,2043.095585,293.0,6.774642,2.5,4.0
1671720245.589000,45.320032,6.547058,2041.286279,295.5,7.218645,2.4,4.0
1671720247.576000,45.320086,6.546888,2035.835116,303.7,6.496526,2.4,4.0
1671720249.586000,45.320136,6.546733,2036.925459,287.1,6.961220,2.5,4.0
1671720251.597000,45.320191,6.546565,2035.995744,299.9,7.395783,2.4,4.0
1671720253.595000,45.320242,6.546358,2031.847249,278.4,9.303351,2.5,4.0
1671720255.601000,45.320229,6.546114,2023.372337,264.3,9.312880,2.4,4.0
1671720257.589000,45.320260,6.545905,2018.289370,268.4,7.797375,2.4,4.0
1671720259.590000,45.320216,6.545721,2012.268872,261.5,8.058638,2.4,4.0
1671720261.577000,45.320190,6.545515,2009.535228,251.8,8.205939,2.4,4.0
1671720263.585000,45.320090,6.545392,2005.546085,217.0,7.213578,2.4,4.8
1671720265.595000,45.320017,6.545253,2004.894281,241.9,6.231925,2.4,5.6
1671720267.595000,45.319954,6.545152,1999.910116,217.0,5.979923,2.4,6.0
1671720269.595000,45.319859,6.545055,1997.358728,213.3,5.815462,2.4,6.0
1671720271.585000,45.319775,6.544981,1995.242832,223.8,4.700952,2.4,6.0
1671720273.592000,45.319719,6.544881,1996.931555,236.9,5.565553,2.5,5.7
1671720275.590000,45.319673,6.544714,1997.769220,254.0,7.336146,6.8,5.1
1671720277.583000,45.319619,6.544591,1993.470827,218.9,4.257675,6.3,4.9
1671720280.587000,45.319504,6.544492,1989.865180,222.3,5.302125,2.4,6.2
1671720282.584000,45.319408,6.544396,1988.478036,234.4,5.761929,2.6,6.5
1671720284.581000,45.319354,6.544258,1982.347682,235.0,5.994959,2.5,6.4
1671720286.584000,45.319346,6.544119,1978.226441,79.7,3.282935,2.4,5.8
1671720289.588000,45.319446,6.543940,1974.519480,293.0,6.783081,2.5,6.2
1671720291.582000,45.319541,6.543808,1972.279172,328.0,6.126685,2.5,6.5
1671720293.584000,45.319628,6.543711,1969.651008,320.6,5.744549,2.4,6.4
1671720295.586000,45.319733,6.543650,1966.536051,335.3,6.140749,2.5,6.0
1671720297.581000,45.319835,6.543575,1963.943915,350.9,6.205391,2.5,4.8
1671720299.584000,45.319960,6.543529,1960.515225,344.1,7.468600,2.5,4.3
1671720301.585000,45.320095,6.543483,1963.164115,345.0,7.184331,4.7,4.0
1671720303.572000,45.320222,6.543459,1960.368904,359.0,8.356087,4.1,4.3
1671720305.583000,45.320345,6.543424,1955.677378,340.0,6.650012,4.6,5.0
1671720307.600000,45.320474,6.543377,1953.721854,345.1,7.999913,2.5,5.2
1671720309.583000,45.320571,6.543266,1949.013605,325.9,7.126147,2.5,4.7
1671720311.593000,45.320692,6.543149,1945.570205,300.6,6.572878,2.6,4.0
1671720313.585000,45.320747,6.542982,1940.828014,304.8,7.528963,2.7,4.3
1671720315.586000,45.320810,6.542820,1937.478032,282.7,6.675476,2.6,5.2
1671720317.583000,45.320836,6.542658,1937.807659,297.7,6.291760,4.2,5.7
1671720319.589000,45.320868,6.542509,1935.459584,285.9,6.350923,3.2,5.2
1671720321.586000,45.320949,6.542394,1932.661902,317.0,6.689511,2.9,4.7
1671720323.575000,45.321050,6.542306,1929.297141,335.9,5.684119,2.5,4.7
1671720325.593000,45.321140,6.542257,1925.243605,330.0,6.099792,2.6,5.6
1671720327.592000,45.321234,6.542203,1922.347257,342.0,5.245355,2.6,5.3
1671720329.585000,45.321317,6.542101,1923.221817,300.2,7.035700,6.4,4.4
1671720331.576000,45.321392,6.541944,1920.122378,319.6,7.254909,4.3,4.7
1671720333.598000,45.321501,6.541878,1916.596692,326.4,6.436822,4.2,4.8
1671720335.606000,45.321541,6.541718,1913.486564,284.0,7.259415,3.3,4.8
1671720337.587000,45.321612,6.541592,1910.758522,334.3,6.128263,2.5,5.2
1671720339.585000,45.321694,6.541491,1907.792711,297.3,7.311983,2.5,5.3
1671720341.585000,45.321786,6.541386,1904.026657,332.9,6.249161,3.3,5.0
1671720343.597000,45.321849,6.541292,1900.626797,278.0,5.407635,3.7,4.4
1671720345.579000,45.321847,6.541141,1898.586099,297.3,4.055315,3.8,5.0
1671720347.583000,45.321925,6.541048,1895.707002,307.6,6.261732,3.0,5.7
1671720349.594000,45.321940,6.540875,1891.747834,275.9,6.262380,3.2,6.0
1671720351.583000,45.321969,6.540725,1889.753745,337.0,5.514764,3.2,6.0
1671720353.594000,45.322060,6.540614,1886.167051,287.9,6.247525,3.3,6.0
1671720355.581000,45.322071,6.540470,1883.164683,280.1,5.408689,4.7,6.0
1671720357.583000,45.322142,6.540382,1880.512422,318.8,5.256834,6.4,6.0
1671720359.578000,45.322187,6.540267,1878.138568,296.5,5.530808,4.2,5.7
1671720361.586000,45.322271,6.540180,1876.552478,319.1,5.935543,3.8,4.8
1671720363.578000,45.322314,6.540048,1873.348322,289.1,6.020615,4.2,4.7
1671720366.585000,45.322271,6.539919,1870.425936,207.0,3.756435,2.5,5.7
1671720369.580000,45.322153,6.539901,1870.099885,186.0,3.251650,2.6,6.0
1671720381.651000,45.322150,6.539772,1870.599976,322.9,2.981989,2.6,6.5
1671720384.331000,45.322245,6.539749,1866.073510,8.1,0.737737,2.6,8.8
1671720394.530000,45.322247,6.539612,1861.051293,249.1,3.018688,2.6,8.8
1671720399.329000,45.322171,6.539541,1862.057195,180.0,0.378338,2.6,10.5
1671720408.129000,45.322203,6.539399,1860.814420,278.3,1.883526,2.6,7.9
1671720525.997000,45.321808,6.545532,1861.861880,-1.0,-1.000000,3.4,2000.0
1671720566.206000,45.323534,6.541124,1863.996794,-1.0,-1.000000,3.8,500.0
1671720572.525000,45.322070,6.539123,1870.000000,223.9,0.141993,3.9,128.9
1671720577.550000,45.322649,6.539200,1876.880060,1.4,1.168120,2.6,87.6
1671720582.600000,45.322868,6.539237,1883.697506,4.7,2.197161,2.6,34.4
1671720597.682000,45.322660,6.538950,1896.182541,219.0,5.334855,2.6,116.4
1671720602.732000,45.323542,6.541462,1898.945060,-1.0,-1.000000,3.8,99.2
1671720607.763000,45.322459,6.538418,1895.931589,-1.0,-1.000000,2.8,108.1
1671720612.809000,45.322286,6.538442,1899.134224,174.4,0.171771,3.7,110.0
1671720627.893000,45.323528,6.541453,1897.964502,-1.0,-1.000000,3.6,135.6
1671720637.929000,45.322224,6.538453,1895.820809,-1.0,-1.000000,2.5,82.5
1671720653.054000,45.324622,6.539292,1899.696521,-1.0,-1.000000,2.6,135.7
1671720663.107000,45.323965,6.540605,1896.025866,125.4,2.889728,2.7,116.1
1671720668.154000,45.323843,6.539656,1896.053745,218.1,2.421010,2.6,128.9
1671720671.863000,45.323757,6.538633,1896.137380,247.9,5.302133,2.6,134.5
1671720678.214000,45.326684,6.538577,1895.990385,-1.0,-1.000000,2.5,141.6
1671720683.225000,45.323540,6.541459,1896.244930,-1.0,-1.000000,2.6,68.4
1671720703.331000,45.323836,6.537834,1896.281842,-1.0,-1.000000,2.6,166.9
1671720708.401000,45.323534,6.541463,1898.367862,-1.0,-1.000000,3.2,87.6
