1742890605.849000,45.373650,6.583355,1817.222682,57.0,3.019701,1.6,3.8
1742890606.848000,45.373666,6.583388,1818.344333,57.0,3.099754,1.7,3.8
1742890609.848000,45.373722,6.583506,1822.130570,56.0,4.369968,2.1,3.8
1742890612.849000,45.373782,6.583634,1823.815263,56.0,4.239993,1.5,3.8
1742890615.849000,45.373842,6.583759,1826.298473,57.0,3.939996,1.3,3.8
1742890618.848000,45.373902,6.583890,1828.449771,56.0,4.168827,1.6,3.8
1742890621.848000,45.373960,6.584010,1832.353658,57.0,3.790002,1.4,3.8
1742890624.849000,45.374016,6.584132,1836.468752,58.0,3.391311,2.0,3.8
1742890627.849000,45.374078,6.584263,1837.443869,57.0,3.770410,1.4,3.8
1742890630.848000,45.374140,6.584394,1840.291972,57.0,3.920866,2.2,3.8
1742890633.848000,45.374199,6.584526,1841.609524,57.0,4.059958,1.5,3.8
1742890636.849000,45.374256,6.584653,1844.016625,56.0,3.850444,2.0,3.8
1742890639.849000,45.374312,6.584776,1845.893486,58.0,4.129325,1.2,3.8
1742890642.848000,45.374368,6.584915,1848.677467,59.0,4.000176,1.7,3.8
1742890645.848000,45.374424,6.585051,1851.702279,59.0,4.070535,1.4,3.8
1742890648.849000,45.374477,6.585170,1855.821269,59.0,3.767648,1.5,3.8
1742890651.848000,45.374530,6.585300,1860.511147,61.9,4.143402,1.6,3.8
1742890655.849000,45.374598,6.585441,1868.093980,56.0,3.649878,1.1,3.8
1742890658.848000,45.374656,6.585564,1873.336439,57.0,4.429777,1.7,3.8
1742890661.849000,45.374708,6.585680,1876.326959,58.0,3.958655,1.3,3.8
1742890664.848000,45.374766,6.585806,1879.801556,56.0,3.809995,1.4,3.8
1742890667.847000,45.374823,6.585926,1885.497438,57.0,3.689999,2.2,3.8
1742890670.848000,45.374883,6.586054,1889.151164,58.0,4.129950,1.2,3.8
1742890673.849000,45.374938,6.586172,1893.751087,56.0,3.649950,1.2,3.8
1742890676.849000,45.374995,6.586291,1898.119440,57.0,3.650058,1.2,3.8
1742890679.849000,45.375048,6.586408,1903.211416,57.0,3.640024,1.7,3.8
1742890682.848000,45.375104,6.586531,1909.177014,57.0,3.819965,1.4,3.8
1742890685.849000,45.375159,6.586654,1914.327949,58.0,3.928790,1.2,3.8
1742890688.848000,45.375213,6.586772,1919.618212,57.0,3.520625,1.2,3.8
1742890691.848000,45.375267,6.586884,1924.928682,56.0,3.570610,1.7,3.8
1742890694.848000,45.375319,6.586999,1930.861029,57.0,3.560032,1.3,3.8
1742890697.849000,45.375366,6.587109,1937.804702,58.0,3.440061,1.2,3.8
1742890700.847000,45.375421,6.587235,1943.119478,57.0,4.140554,1.5,3.8
1742890703.849000,45.375476,6.587358,1947.470062,56.0,3.800506,1.5,3.8
1742890706.849000,45.375533,6.587487,1951.539918,56.0,4.109820,1.4,3.8
1742890709.849000,45.375588,6.587610,1955.336168,60.0,3.579767,1.5,3.8
1742890712.849000,45.375645,6.587738,1961.658649,57.0,3.730579,1.2,3.8
1742890715.849000,45.375699,6.587848,1966.172875,57.0,3.470326,1.5,3.8
1742890718.849000,45.375756,6.587962,1971.402795,58.0,3.919511,1.4,3.8
1742890721.849000,45.375811,6.588080,1977.489571,56.0,3.320063,1.3,3.8
1742890724.849000,45.375865,6.588198,1982.704111,57.0,3.530424,1.3,3.8
1742890727.849000,45.375918,6.588306,1987.972087,59.0,3.849160,1.5,3.8
1742890730.849000,45.375972,6.588426,1993.771611,58.0,3.769768,1.1,5.0
1742890733.848000,45.376023,6.588541,2000.320229,56.0,3.145275,2.0,7.9
1742890736.849000,45.376084,6.588673,2005.445410,57.0,3.440680,1.4,9.9
1742890739.849000,45.376141,6.588792,2009.198126,57.0,3.620430,1.4,9.9
1742890742.848000,45.376199,6.588919,2014.186077,56.0,3.930003,1.3,9.9
1742890745.849000,45.376252,6.589034,2018.105235,56.0,3.869977,1.5,7.5
1742890748.848000,45.376303,6.589153,2021.994758,58.0,3.759995,1.1,4.8
1742890751.848000,45.376355,6.589274,2028.053545,57.0,3.750021,1.5,3.8
1742890754.849000,45.376410,6.589395,2029.687983,55.0,3.700050,2.1,3.8
1742890757.849000,45.376461,6.589508,2038.329951,58.0,3.230054,1.3,3.8
1742890760.849000,45.376513,6.589625,2039.897662,57.0,3.600810,4.0,3.8
1742890763.848000,45.376567,6.589740,2049.533536,56.0,3.639880,1.4,3.8
1742890766.849000,45.376623,6.589857,2054.121532,55.0,3.945529,1.5,3.8
1742890769.848000,45.376679,6.589977,2059.282159,57.0,3.947041,1.2,3.8
1742890772.849000,45.376738,6.590105,2062.709427,58.0,3.332386,1.1,3.8
1742890775.849000,45.376797,6.590233,2066.909769,57.0,3.760009,1.5,3.8
1742890778.849000,45.376856,6.590358,2068.771005,56.0,3.860019,1.8,3.8
1742890781.848000,45.376910,6.590478,2074.815449,56.0,3.869410,1.0,3.8
1742890784.848000,45.376969,6.590607,2079.519339,57.0,3.721065,1.4,3.8
1742890787.849000,45.377023,6.590727,2083.841478,57.0,3.849705,1.4,3.8
1742890790.848000,45.377077,6.590849,2088.526737,56.0,3.740000,1.4,3.8
1742890793.849000,45.377130,6.590970,2091.060029,56.0,3.719969,4.1,3.8
1742890796.849000,45.377186,6.591093,2100.778930,57.0,3.790190,0.9,3.8
1742890799.849000,45.377241,6.591212,2103.672521,57.0,3.719722,1.2,3.8
1742890802.848000,45.377295,6.591331,2107.876188,57.0,3.520308,1.3,3.8
1742890805.847000,45.377350,6.591451,2111.297972,56.0,3.710328,1.8,3.8
1742890808.847000,45.377404,6.591567,2117.300751,57.0,3.550080,1.7,3.8
1742890811.848000,45.377460,6.591687,2117.294803,57.0,4.289955,1.5,3.8
1742890814.848000,45.377517,6.591810,2125.792761,57.0,3.709991,2.0,3.8
1742890817.848000,45.377575,6.591936,2130.323932,56.0,3.760003,1.8,3.8
1742890820.848000,45.377632,6.592058,2133.597810,56.0,3.780000,1.3,3.8
1742890823.847000,45.377689,6.592180,2135.342987,57.0,3.869998,1.9,3.8
1742890826.847000,45.377744,6.592301,2140.097440,57.0,3.730005,2.7,3.8
1742890829.848000,45.377797,6.592423,2145.372450,57.0,3.770154,2.3,3.8
1742890832.848000,45.377850,6.592542,2149.013468,57.0,3.659801,2.3,3.8
1742890835.848000,45.377905,6.592662,2154.416575,57.0,3.680041,2.4,3.8
1742890838.848000,45.377958,6.592780,2165.360139,57.0,3.749822,1.1,3.8
1742890841.848000,45.378012,6.592902,2164.754561,57.0,3.620224,2.4,3.8
1742890844.848000,45.378067,6.593018,2171.015538,57.0,3.680036,2.4,3.8
1742890847.848000,45.378122,6.593136,2176.801983,56.0,3.630002,2.4,3.8
1742890850.847000,45.378175,6.593254,2182.264035,57.0,3.630000,1.3,3.8
1742890853.847000,45.378228,6.593370,2188.016575,57.0,3.589998,1.3,3.8
1742890856.848000,45.378287,6.593497,2193.266173,57.0,3.550030,1.3,3.8
1742890859.848000,45.378342,6.593619,2197.394350,57.0,3.860005,1.3,3.8
1742890862.848000,45.378401,6.593743,2200.357279,56.4,3.901299,1.3,3.8
1742890865.848000,45.378453,6.593863,2206.685810,56.0,3.868296,2.8,3.8
1742890868.848000,45.378509,6.593984,2212.193719,57.0,3.730005,2.3,3.8
1742890871.848000,45.378564,6.594104,2214.997319,56.0,3.788743,2.4,3.8
1742890874.848000,45.378617,6.594225,2221.762469,56.0,3.661041,2.4,3.8
1742890877.847000,45.378669,6.594346,2226.964160,57.0,3.699375,2.4,3.8
1742890880.848000,45.378722,6.594466,2232.223472,57.0,3.650553,2.4,3.8
1742890883.848000,45.378772,6.594583,2238.092311,57.0,3.532062,2.4,3.8
1742890886.847000,45.378821,6.594703,2244.062129,56.0,3.581179,2.4,3.8
1742890889.848000,45.378876,6.594830,2246.859025,57.0,4.120038,1.3,3.8
1742890892.847000,45.378931,6.594951,2251.510263,57.0,4.009965,1.3,3.8
1742890895.848000,45.378987,6.595072,2255.667570,56.0,3.889972,1.3,3.8
1742890898.847000,45.379045,6.595196,2259.951057,57.0,3.700019,1.3,3.8
1742890901.848000,45.379102,6.595320,2262.577003,57.0,3.839037,1.3,3.8
1742890904.848000,45.379158,6.595436,2268.123270,57.0,3.510148,1.3,3.8
1742890907.848000,45.379218,6.595562,2271.472889,56.0,3.590219,1.3,3.8
1742890910.848000,45.379276,6.595686,2275.762217,57.0,3.780834,1.5,3.8
1742890913.848000,45.379332,6.595811,2279.016810,56.0,4.000010,1.5,3.8
1742890916.848000,45.379389,6.595936,2282.147467,57.0,3.979986,1.6,3.8
1742890919.848000,45.379447,6.596065,2285.917538,57.0,3.959977,1.6,3.8
1742890922.848000,45.379500,6.596190,2288.884814,56.0,3.820029,1.5,3.8
1742890925.846000,45.379553,6.596316,2292.282563,57.0,3.850031,1.5,3.8
1742890928.847000,45.379608,6.596440,2296.417613,58.0,3.829991,1.5,3.8
1742890931.847000,45.379663,6.596564,2300.506382,57.0,3.799999,1.3,4.8
1742890934.848000,45.379726,6.596689,2302.381678,56.0,3.702168,1.4,8.7
1742890937.848000,45.379789,6.596804,2305.083069,43.1,3.226223,1.4,9.9
1742890945.848000,45.379841,6.596913,2306.555388,56.0,0.319488,1.5,10.0
1742890992.847000,45.379906,6.597022,2301.418405,54.9,0.610784,1.4,11.2
1742891061.848000,45.379870,6.597152,2307.347756,104.0,2.613147,3.1,11.4
1742891063.848000,45.379867,6.597288,2307.695118,87.3,3.576257,3.3,11.2
1742891065.847000,45.379894,6.597447,2308.042494,82.5,4.015273,3.4,10.9
1742891067.848000,45.379929,6.597622,2302.130296,82.9,3.889100,1.5,10.4
1742891069.848000,45.379959,6.597763,2304.165901,78.9,3.272268,1.4,10.1
1742891072.848000,45.379991,6.597936,2303.823155,81.1,3.428890,1.5,9.9
1742891075.847000,45.380012,6.598084,2311.026789,82.9,3.348477,1.5,9.9
1742891078.848000,45.380024,6.598216,2316.242323,81.9,3.385724,1.5,9.9
1742891081.848000,45.380035,6.598344,2324.216870,81.0,3.640945,1.5,9.9
1742891084.846000,45.380050,6.598483,2328.569191,80.0,3.571267,1.5,9.9
1742891087.848000,45.380069,6.598624,2331.893096,82.0,3.280294,1.6,9.9
1742891090.848000,45.380087,6.598759,2344.395847,82.0,3.410237,1.6,9.9
1742891093.847000,45.380101,6.598895,2356.380922,81.0,3.520165,2.3,9.9
1742891096.848000,45.380114,6.599031,2362.503399,81.0,3.590004,2.5,9.9
1742891099.847000,45.380128,6.599161,2367.748851,82.0,3.479958,2.6,9.9
1742891102.848000,45.380141,6.599300,2373.641506,82.0,3.800704,2.4,9.9
1742891105.848000,45.380157,6.599437,2376.680309,81.0,3.779981,2.4,9.9
1742891108.848000,45.380177,6.599575,2382.635208,81.7,3.614908,2.2,9.9
1742891111.848000,45.380192,6.599715,2388.355904,81.0,3.550383,2.3,9.9
1742891114.848000,45.380207,6.599852,2392.200135,83.0,3.570484,2.5,9.9
1742891117.847000,45.380222,6.599988,2392.897290,80.0,3.530240,1.5,6.9
1742891120.847000,45.380234,6.600124,2396.839186,80.0,3.579991,1.5,3.8
1742891123.847000,45.380249,6.600258,2395.669736,83.0,3.519897,1.5,3.8
1742891126.848000,45.380264,6.600390,2409.021960,81.0,3.509718,1.6,3.8
1742891129.847000,45.380277,6.600522,2414.993474,80.0,3.489875,1.6,3.8
1742891132.847000,45.380289,6.600652,2412.701107,81.0,3.450086,1.5,3.8
1742891135.848000,45.380303,6.600784,2416.614881,81.0,3.814882,1.6,3.8
1742891138.848000,45.380317,6.600923,2421.627513,81.0,3.430022,1.6,3.8
1742891141.847000,45.380331,6.601061,2426.562399,81.0,3.420018,1.7,3.8
1742891144.848000,45.380346,6.601198,2432.572024,81.0,3.540007,1.7,3.8
1742891147.847000,45.380359,6.601335,2438.810686,81.0,3.620000,1.7,3.8
1742891150.848000,45.380374,6.601472,2439.292072,81.0,3.560000,1.7,3.8
1742891153.847000,45.380388,6.601607,2448.218205,81.0,3.499998,1.7,3.8
1742891156.848000,45.380402,6.601746,2450.632584,82.0,4.039955,1.7,3.8
1742891159.848000,45.380417,6.601882,2458.878586,81.0,3.729987,1.8,3.8
1742891162.848000,45.380431,6.602022,2463.141641,81.0,3.560159,1.8,3.8
1742891165.848000,45.380445,6.602159,2463.836374,81.0,3.570808,1.8,3.8
1742891168.848000,45.380458,6.602296,2468.400812,81.0,3.610227,1.4,3.8
1742891171.847000,45.380472,6.602433,2473.957024,81.0,3.560005,1.4,3.8
1742891174.847000,45.380484,6.602567,2474.620874,80.0,3.590001,1.4,3.8
1742891177.848000,45.380497,6.602703,2481.074857,82.0,3.570302,1.4,3.8
1742891180.848000,45.380512,6.602839,2490.651046,82.0,3.570227,1.5,3.8
1742891183.848000,45.380526,6.602974,2494.971408,81.0,3.559981,1.5,3.8
1742891186.848000,45.380541,6.603110,2497.807685,81.0,3.470226,1.4,3.8
1742891189.847000,45.380556,6.603244,2505.300362,81.0,3.480013,1.4,3.8
1742891192.847000,45.380570,6.603383,2512.571282,82.0,4.179899,1.4,3.8
1742891195.847000,45.380585,6.603521,2520.796298,81.0,3.809973,1.4,3.8
1742891198.848000,45.380599,6.603661,2524.152337,80.0,3.520288,1.5,3.8
1742891201.846000,45.380611,6.603799,2526.656840,81.0,3.660206,1.4,3.8
1742891204.846000,45.380625,6.603937,2532.988693,82.0,3.679906,1.4,3.8
1742891207.847000,45.380638,6.604075,2531.924074,80.0,3.590002,1.4,3.8
1742891210.847000,45.380652,6.604214,2538.713625,81.0,3.600003,1.4,3.8
1742891213.846000,45.380667,6.604350,2541.569681,82.0,3.639999,1.4,3.8
1742891216.847000,45.380681,6.604485,2545.758420,81.0,3.637762,1.4,3.8
1742891219.847000,45.380695,6.604621,2550.123773,80.0,3.520230,1.5,3.8
1742891222.847000,45.380711,6.604767,2549.479535,81.0,3.901387,1.5,3.8
1742891225.847000,45.380728,6.604909,2555.295354,82.0,3.929406,1.5,3.8
1742891228.846000,45.380745,6.605053,2561.877717,81.0,3.799995,1.4,3.8
1742891231.847000,45.380760,6.605196,2556.578772,81.0,3.729996,1.6,3.8
1742891234.846000,45.380774,6.605335,2563.333106,81.0,3.640000,1.5,3.8
1742891237.847000,45.380788,6.605477,2572.237788,82.0,3.640004,1.5,3.8
1742891240.847000,45.380802,6.605615,2574.689594,83.0,3.530018,1.5,3.8
1742891243.847000,45.380821,6.605749,2579.506770,77.3,3.308592,1.5,3.8
1742891246.847000,45.380834,6.605876,2585.749560,79.0,3.233046,1.5,3.8
1742891250.847000,45.380850,6.606033,2597.549527,80.0,3.081139,1.5,3.8
1742891254.847000,45.380866,6.606189,2605.270825,79.3,3.080649,1.5,3.8
1742891258.847000,45.380882,6.606344,2616.680992,77.2,2.932027,1.5,3.8
1742891262.847000,45.380899,6.606499,2632.494562,80.0,2.990445,1.5,3.8
1742891266.847000,45.380917,6.606657,2638.993328,80.0,2.912933,1.5,3.8
1742891269.847000,45.380932,6.606785,2644.042430,82.0,3.014944,1.6,3.8
1742891273.846000,45.380952,6.606947,2657.666007,81.0,3.072072,1.4,3.8
1742891277.846000,45.380968,6.607111,2667.691307,82.0,3.034876,1.4,3.8
1742891281.847000,45.380986,6.607274,2675.521002,81.0,3.139957,1.5,3.8
1742891285.846000,45.381007,6.607436,2686.625066,82.0,3.109910,1.6,3.8
1742891289.847000,45.381022,6.607593,2684.308727,81.1,3.207841,5.8,3.8
1742891293.847000,45.381038,6.607745,2699.257595,81.0,3.189693,3.1,3.8
1742891297.846000,45.381052,6.607899,2709.631195,81.0,3.020645,3.3,3.8
1742891301.846000,45.381066,6.608053,2716.559948,81.0,3.049875,5.2,3.8
1742891305.847000,45.381081,6.608207,2727.389039,81.0,2.990154,6.7,3.8
1742891309.847000,45.381098,6.608366,2738.204467,81.0,3.580879,7.0,3.8
1742891312.847000,45.381110,6.608493,2745.492813,80.9,3.926176,6.0,3.8
1742891315.847000,45.381120,6.608622,2751.026498,81.0,3.447463,5.5,3.8
1742891318.846000,45.381132,6.608752,2760.157440,83.0,2.933750,3.0,3.8
1742891321.847000,45.381148,6.608894,2766.964219,81.9,3.655581,2.9,3.8
1742891324.846000,45.381163,6.609030,2768.943282,81.0,3.619717,5.4,3.8
1742891327.846000,45.381176,6.609170,2773.914412,81.0,3.889075,6.2,3.8
1742891330.847000,45.381193,6.609318,2776.905834,82.9,4.032070,6.8,3.8
1742891333.846000,45.381206,6.609463,2777.731411,82.9,3.754997,6.6,3.8
1742891347.847000,45.381240,6.609585,2777.818227,56.4,0.347836,5.4,5.5
1742891357.847000,45.381247,6.609715,2778.498038,73.5,0.659377,6.7,3.8
1742891365.847000,45.381273,6.609843,2778.706496,90.3,0.570452,6.1,3.8
1742891383.846000,45.381240,6.609963,2777.998873,118.0,0.452528,6.8,3.8
1742891406.847000,45.381208,6.610086,2776.981812,127.5,3.083186,5.5,9.9
1742891409.847000,45.381119,6.610148,2775.431458,172.6,4.422997,5.3,9.9
1742891411.846000,45.381024,6.610132,2773.739249,181.8,5.365160,6.6,9.9
1742891413.847000,45.380909,6.610101,2771.367468,197.9,6.711180,6.6,9.9
1742891416.847000,45.380831,6.610030,2768.095742,254.7,1.134869,6.6,9.9
1742891421.846000,45.380723,6.609967,2766.107940,200.1,4.532712,5.3,9.9
1742891423.847000,45.380612,6.609906,2762.679072,202.6,5.981783,5.1,9.9
1742891425.847000,45.380478,6.609885,2757.750538,181.0,7.330928,5.1,9.9
1742891427.846000,45.380296,6.609888,2748.430612,182.5,8.858572,5.2,9.9
1742891428.847000,45.380179,6.609892,2744.700448,178.4,10.692229,5.2,9.9
1742891429.847000,45.380051,6.609913,2736.788621,173.7,11.948099,5.3,9.9
1742891430.847000,45.379919,6.609896,2732.023290,188.9,13.387041,6.1,9.9
1742891431.847000,45.379795,6.609867,2726.760920,190.9,12.991249,6.1,9.9
1742891432.845000,45.379669,6.609866,2721.794256,169.2,14.889708,6.1,9.9
1742891433.847000,45.379532,6.609901,2714.094195,174.7,14.583330,6.4,9.9
1742891434.847000,45.379409,6.609891,2711.811665,196.3,12.429752,5.8,9.9
1742891435.847000,45.379320,6.609832,2709.631860,205.8,9.707707,5.9,9.9
1742891437.847000,45.379211,6.609715,2706.575921,203.4,8.344016,5.9,9.9
1742891439.847000,45.379037,6.609642,2703.023686,189.1,11.289533,5.8,9.9
1742891440.847000,45.378932,6.609621,2699.561366,187.0,12.392825,5.9,9.9
1742891441.846000,45.378815,6.609592,2696.420587,192.0,13.459801,5.9,9.9
1742891442.847000,45.378695,6.609531,2692.508340,204.0,15.019711,5.8,9.9
1742891443.847000,45.378570,6.609434,2687.750887,211.0,16.459425,5.6,9.9
1742891444.847000,45.378435,6.609333,2678.929810,203.0,17.339151,6.2,9.9
1742891445.847000,45.378292,6.609258,2676.234032,198.0,17.090012,6.0,9.9
1742891446.846000,45.378150,6.609184,2674.383975,202.0,16.630239,6.0,9.9
1742891447.846000,45.378033,6.609072,2671.500762,226.0,15.829398,6.7,9.9
1742891448.847000,45.377949,6.608908,2668.690731,238.0,15.819394,6.8,9.9
1742891449.846000,45.377874,6.608738,2666.129589,234.0,15.660135,6.9,9.9
1742891450.847000,45.377782,6.608595,2662.274392,222.0,14.970106,6.6,9.9
1742891451.845000,45.377683,6.608485,2661.634513,216.0,13.580365,6.6,9.9
1742891452.846000,45.377590,6.608381,2660.310687,219.9,13.520688,6.6,9.9
1742891453.846000,45.377510,6.608258,2659.597829,236.8,13.113241,6.7,9.9
1742891454.847000,45.377449,6.608118,2658.333432,238.0,12.754298,6.7,9.9
1742891455.847000,45.377385,6.607985,2656.908813,232.1,12.356643,6.7,9.9
1742891456.846000,45.377310,6.607876,2656.370827,225.1,11.875547,6.5,9.9
1742891457.847000,45.377231,6.607786,2655.715258,228.9,11.405835,6.2,9.9
1742891458.846000,45.377155,6.607697,2655.410107,227.0,11.084445,6.2,9.9
1742891459.847000,45.377078,6.607612,2654.508913,235.9,10.454123,5.2,9.9
1742891461.846000,45.376966,6.607448,2653.215473,246.9,8.545568,5.1,9.9
1742891463.847000,45.376887,6.607317,2651.908040,289.6,5.946069,5.0,9.9
1742891478.275000,45.376863,6.607292,2618.393311,-1.0,0.000000,2.6,4.0
1742891478.275000,45.376863,6.607292,2618.393311,-1.0,0.000000,2.6,4.0
1742891488.846000,45.376750,6.607289,2618.957275,178.0,2.215120,6.5,14.6
1742891489.846000,45.376585,6.607234,2610.086426,185.1,7.010495,1.8,9.2
1742891490.846000,45.376488,6.607216,2608.823575,188.0,10.369269,1.7,7.4
1742891491.846000,45.376400,6.607168,2607.653892,208.5,10.978978,1.6,6.5
1742891492.846000,45.376322,6.607082,2606.159363,222.6,11.028038,1.6,6.0
1742891493.845000,45.376238,6.607005,2602.234327,207.3,11.420177,1.6,5.6
1742891494.846000,45.376140,6.606968,2598.925753,185.3,11.165872,1.6,3.8
1742891495.845000,45.376047,6.606930,2596.907161,204.2,11.017823,1.6,3.8
1742891496.846000,45.375983,6.606832,2595.205641,237.2,10.497849,1.6,3.8
1742891497.845000,45.375958,6.606707,2591.649871,262.3,10.069156,1.6,3.8
1742891499.846000,45.375962,6.606511,2582.712583,278.9,6.257567,1.5,3.8
1742891501.845000,45.375921,6.606318,2575.491088,228.7,9.950490,1.5,3.8
1742891502.846000,45.375851,6.606214,2571.099476,226.0,12.063419,1.5,3.8
1742891503.845000,45.375791,6.606074,2564.776280,241.9,13.294847,1.5,3.8
1742891504.845000,45.375778,6.605874,2560.294063,267.3,15.653520,1.5,3.8
1742891505.846000,45.375780,6.605654,2551.148586,268.7,17.241970,1.5,3.8
1742891506.846000,45.375744,6.605427,2542.256533,253.7,18.570375,1.5,3.8
1742891507.846000,45.375732,6.605202,2534.229583,266.5,17.677063,1.5,3.8
1742891508.846000,45.375794,6.604966,2525.868606,291.2,18.961838,1.5,3.8
1742891509.845000,45.375909,6.604769,2519.163484,314.5,19.890875,1.5,3.8
1742891510.846000,45.376047,6.604621,2508.515980,327.4,18.851311,1.5,3.8
1742891511.846000,45.376189,6.604497,2505.427097,329.7,18.703943,1.5,3.8
1742891512.845000,45.376318,6.604342,2498.695047,314.1,18.601128,1.5,3.8
1742891513.846000,45.376441,6.604176,2497.146225,317.8,18.530375,1.4,3.8
1742891514.846000,45.376583,6.604059,2490.779336,338.0,18.268478,1.4,3.8
1742891515.846000,45.376709,6.603955,2486.627808,319.7,14.869096,1.4,3.8
1742891516.846000,45.376785,6.603812,2485.513200,299.4,13.761222,1.4,3.8
1742891517.846000,45.376864,6.603668,2484.935935,312.8,14.968780,1.4,3.8
1742891518.845000,45.376939,6.603511,2482.560059,294.2,14.724462,1.4,3.8
1742891519.846000,45.376962,6.603332,2478.010010,271.4,14.505129,1.4,3.8
1742891520.846000,45.376976,6.603142,2475.167592,276.8,15.674533,1.4,3.8
1742891521.845000,45.377018,6.602947,2470.374705,290.2,16.031485,1.4,3.8
1742891522.846000,45.377043,6.602754,2465.314899,269.7,15.499803,1.4,3.8
1742891523.845000,45.377020,6.602572,2462.200609,252.4,14.275688,1.4,3.8
1742891524.845000,45.376979,6.602395,2456.604394,251.0,14.969022,1.4,3.8
1742891525.846000,45.376966,6.602199,2450.252569,271.7,16.082432,1.4,3.8
1742891526.846000,45.376992,6.601982,2443.165134,281.4,17.331541,1.4,3.8
1742891527.846000,45.376986,6.601764,2437.483048,258.8,17.621647,1.4,3.8
1742891528.846000,45.376933,6.601546,2429.335475,247.8,18.265902,1.3,3.8
1742891529.846000,45.376907,6.601310,2422.755688,268.5,19.497473,1.3,3.8
1742891530.845000,45.376919,6.601060,2415.556604,274.0,19.677519,1.3,3.8
1742891531.845000,45.376886,6.600829,2403.419922,252.9,18.632042,1.3,3.8
1742891532.845000,45.376841,6.600608,2397.545015,255.7,18.091219,1.3,3.8
1742891533.846000,45.376865,6.600399,2391.224724,283.2,16.739832,1.3,3.8
1742891534.846000,45.376939,6.600233,2388.309431,311.0,15.424047,1.3,3.8
1742891535.846000,45.377048,6.600110,2383.873987,324.8,15.318871,1.3,3.8
1742891536.845000,45.377163,6.600009,2378.194141,326.2,15.059746,1.3,3.8
1742891537.846000,45.377313,6.599992,2371.466647,348.4,15.714921,1.3,3.8
1742891538.846000,45.377452,6.599916,2364.135168,331.3,16.727514,1.3,3.8
1742891539.845000,45.377568,6.599794,2359.894919,315.6,16.262640,1.3,3.8
1742891540.846000,45.377671,6.599653,2354.114202,314.1,16.393768,1.3,3.8
1742891541.846000,45.377788,6.599515,2350.600151,319.1,16.553036,1.3,3.8
1742891542.846000,45.377918,6.599455,2344.713902,336.9,14.621884,1.3,3.8
1742891543.846000,45.378035,6.599457,2341.961828,5.0,12.463697,1.3,3.8
1742891544.846000,45.378153,6.599473,2336.715529,4.3,12.732862,1.3,3.8
1742891545.846000,45.378268,6.599438,2331.689469,346.6,13.071772,1.3,3.8
1742891546.846000,45.378383,6.599369,2327.780480,336.2,14.293472,1.3,3.8
1742891547.846000,45.378508,6.599337,2317.946365,351.6,14.205639,1.3,3.8
1742891548.845000,45.378652,6.599364,2313.947067,4.8,15.506114,1.3,3.8
1742891549.846000,45.378803,6.599347,2305.791901,350.2,17.056372,1.3,4.8
1742891550.846000,45.378955,6.599272,2295.971279,342.8,17.689686,1.3,5.9
1742891551.844000,45.379076,6.599131,2288.155056,333.5,17.158821,1.3,6.9
1742891552.846000,45.379081,6.598881,2279.315476,289.4,15.787668,1.3,8.8
1742891553.845000,45.379068,6.598609,2271.389777,268.5,18.827707,1.3,9.0
1742891554.845000,45.379082,6.598349,2263.010715,283.0,18.390533,1.3,10.0
1742891555.846000,45.379158,6.598142,2260.860614,301.2,16.985125,1.3,10.0
1742891556.846000,45.379252,6.597981,2256.926790,306.6,15.225041,1.3,9.9
1742891557.845000,45.379313,6.597827,2255.377848,280.5,12.625573,1.3,9.9
1742891558.846000,45.379316,6.597679,2254.241898,260.5,10.566704,1.3,9.9
1742891559.846000,45.379304,6.597546,2253.341417,266.9,10.312967,1.3,9.9
1742891560.846000,45.379319,6.597415,2252.201793,292.5,10.381320,1.3,9.9
1742891561.845000,45.379365,6.597296,2251.404985,298.8,10.283267,1.3,9.9
1742891563.846000,45.379365,6.597108,2250.885783,234.5,6.560496,1.3,9.9
1742891565.846000,45.379347,6.596933,2249.071775,290.7,7.431882,1.3,9.9
1742891567.846000,45.379384,6.596727,2248.969457,259.4,9.100739,1.3,9.9
1742891569.846000,45.379295,6.596517,2242.229715,241.9,10.558126,1.3,9.9
1742891570.845000,45.379270,6.596387,2242.176313,275.1,10.826436,1.3,9.9
1742891571.846000,45.379296,6.596256,2239.638390,279.2,10.417111,1.3,9.9
1742891573.845000,45.379403,6.596069,2230.638682,302.2,9.290342,1.3,9.9
1742891574.846000,45.379469,6.595980,2229.952012,306.2,9.913123,1.3,9.9
1742891575.846000,45.379505,6.595857,2229.300362,277.3,11.104313,1.3,9.9
1742891576.846000,45.379513,6.595728,2224.732721,256.4,10.695262,1.3,9.9
1742891577.845000,45.379506,6.595592,2221.701676,276.3,11.906149,1.3,9.9
1742891578.846000,45.379544,6.595454,2218.668666,301.8,11.323702,1.3,9.9
1742891579.846000,45.379612,6.595357,2213.917392,323.5,9.164886,1.3,9.9
1742891581.845000,45.379734,6.595248,2208.534916,309.9,7.774282,1.3,9.9
1742891583.846000,45.379749,6.595092,2204.907261,246.8,4.534930,1.3,9.9
1742891587.845000,45.379669,6.595004,2201.042389,201.0,2.030820,1.3,9.9
1742891596.845000,45.379602,6.594902,2198.463082,224.0,2.829939,1.3,9.9
1742891598.846000,45.379562,6.594769,2196.531634,265.6,6.824441,1.3,9.9
1742891600.846000,45.379582,6.594510,2189.502185,272.9,11.044923,1.3,9.9
1742891601.846000,45.379571,6.594350,2186.985523,255.3,12.349174,1.3,9.9
1742891602.846000,45.379517,6.594190,2181.326919,238.3,13.335375,1.3,9.9
1742891603.846000,45.379433,6.594046,2173.463246,238.0,14.142413,1.3,9.9
1742891604.845000,45.379329,6.593915,2169.957716,220.4,15.218230,1.3,9.9
1742891605.846000,45.379193,6.593830,2164.790200,204.3,15.642925,1.3,9.9
1742891606.846000,45.379046,6.593793,2160.693610,192.2,15.676199,1.3,9.9
1742891607.846000,45.378899,6.593798,2157.314780,175.0,15.879830,1.3,9.9
1742891608.846000,45.378753,6.593829,2152.350230,173.0,15.650041,1.3,9.9
1742891609.846000,45.378615,6.593848,2148.879397,176.0,15.350040,1.3,9.9
1742891610.846000,45.378477,6.593855,2147.096320,178.0,15.359997,1.3,9.9
1742891611.846000,45.378338,6.593863,2146.146091,175.0,15.379993,1.3,9.9
1742891612.846000,45.378201,6.593893,2144.995555,165.0,15.020140,1.3,9.9
1742891613.845000,45.378073,6.593941,2142.314107,164.0,14.400176,1.3,9.9
1742891614.846000,45.377946,6.593972,2138.399738,175.0,13.990109,1.3,9.9
1742891615.845000,45.377822,6.593960,2135.769833,191.0,14.039959,1.3,9.9
1742891616.846000,45.377698,6.593925,2135.085240,189.0,13.710049,1.3,9.9
1742891617.846000,45.377575,6.593915,2134.856719,177.0,13.879931,1.3,9.9
1742891618.846000,45.377453,6.593938,2133.052631,169.0,13.490075,1.3,9.9
1742891619.845000,45.377333,6.593961,2131.887019,174.0,13.350004,1.3,9.9
1742891620.846000,45.377215,6.593941,2128.907192,195.9,13.514522,1.3,9.9
1742891621.846000,45.377096,6.593870,2125.135490,203.0,14.632569,1.3,9.9
1742891622.845000,45.376976,6.593828,2121.143669,184.0,13.480106,1.3,9.9
1742891623.846000,45.376858,6.593830,2121.108868,174.0,12.390266,1.3,9.9
1742891624.845000,45.376754,6.593856,2119.155915,172.0,11.930722,1.3,9.9
1742891625.846000,45.376656,6.593882,2118.677599,186.0,10.782290,1.3,9.9
1742891627.845000,45.376478,6.593885,2117.630502,204.0,10.358726,1.3,9.9
1742891628.846000,45.376381,6.593880,2117.548466,204.0,10.939792,1.3,9.9
1742891629.846000,45.376281,6.593876,2116.729283,205.0,10.714671,1.3,9.9
1742891630.846000,45.376180,6.593873,2114.285144,205.0,11.004616,1.3,9.9
1742891631.846000,45.376079,6.593860,2111.221436,227.6,11.079921,1.3,9.9
1742891632.846000,45.375989,6.593804,2110.020466,204.5,11.292180,1.3,9.9
1742891633.846000,45.375890,6.593739,2107.527597,216.8,12.087636,1.3,9.9
1742891634.846000,45.375792,6.593651,2103.163497,211.1,12.928501,1.3,9.9
1742891635.845000,45.375683,6.593583,2101.895155,202.2,13.077828,1.3,9.9
1742891636.846000,45.375567,6.593522,2100.957908,205.0,13.879401,1.3,9.9
1742891637.845000,45.375464,6.593418,2096.257779,227.0,14.379244,1.3,9.9
1742891638.846000,45.375372,6.593294,2094.511196,217.0,13.910034,1.3,9.9
1742891639.846000,45.375272,6.593209,2090.381292,204.0,12.710103,1.3,9.9
1742891640.845000,45.375172,6.593159,2089.142700,195.0,11.320196,1.3,9.9
1742891641.845000,45.375077,6.593134,2083.312278,186.0,10.600065,1.3,9.9
1742891642.846000,45.374982,6.593117,2086.747740,189.0,10.979946,1.3,9.9
1742891643.846000,45.374885,6.593072,2085.529133,205.0,11.579888,1.3,9.9
1742891644.846000,45.374799,6.592976,2082.455975,228.0,12.789693,1.3,9.9
1742891645.846000,45.374714,6.592866,2079.590579,213.0,12.988338,1.3,9.9
1742891646.846000,45.374608,6.592806,2076.831995,193.0,13.146822,1.3,9.9
1742891647.845000,45.374487,6.592770,2072.429848,195.0,13.859644,1.3,9.9
1742891648.846000,45.374374,6.592682,2069.537077,221.0,15.229046,1.3,9.9
1742891649.846000,45.374271,6.592553,2065.073868,216.0,14.751678,1.3,9.9
1742891650.846000,45.374150,6.592473,2060.434619,195.2,15.000808,1.3,9.9
1742891651.846000,45.374016,6.592420,2057.573814,198.0,15.638875,1.3,9.9
1742891652.845000,45.373888,6.592324,2052.404550,216.0,16.389822,1.3,9.9
1742891653.846000,45.373772,6.592192,2047.211738,217.0,15.850231,1.3,9.9
1742891654.846000,45.373652,6.592096,2043.082206,200.0,14.780036,1.3,9.9
1742891655.845000,45.373529,6.592045,2040.640954,194.0,13.400784,1.3,9.9
1742891656.846000,45.373422,6.591994,2040.898509,204.0,12.390367,1.3,9.9
1742891657.845000,45.373330,6.591901,2040.002229,225.0,13.329535,1.3,9.9
1742891658.845000,45.373249,6.591772,2038.490425,230.0,13.329980,1.3,9.9
1742891659.846000,45.373166,6.591659,2034.136200,217.0,12.350071,1.3,9.9
1742891660.846000,45.373077,6.591570,2032.438413,217.0,12.173923,1.3,9.9
1742891661.846000,45.372987,6.591485,2028.075564,214.0,12.266481,1.3,9.9
1742891662.845000,45.372890,6.591406,2026.656617,213.0,12.269509,1.3,9.9
1742891663.846000,45.372790,6.591336,2023.406343,213.0,12.289656,1.3,9.9
1742891664.846000,45.372688,6.591267,2021.843321,205.2,12.648432,1.3,9.9
1742891665.845000,45.372577,6.591201,2017.956074,204.0,12.943503,1.3,9.9
1742891666.846000,45.372470,6.591136,2015.194817,205.0,12.901039,1.3,9.9
1742891667.846000,45.372364,6.591069,2014.450621,204.0,12.880330,1.3,9.9
1742891668.845000,45.372258,6.591006,2011.966065,203.0,12.870070,1.3,9.9
1742891669.846000,45.372153,6.590948,2009.539062,200.1,12.546160,1.3,9.9
1742891670.846000,45.372054,6.590897,2006.676161,201.0,11.559951,1.3,9.9
1742891671.844000,45.371969,6.590853,2006.303107,194.1,10.342482,1.4,9.9
1742891673.846000,45.371821,6.590787,2004.525574,201.9,8.532288,1.4,9.9
1742891675.846000,45.371680,6.590720,2005.954701,201.0,8.557063,1.3,9.9
1742891677.845000,45.371531,6.590667,2003.880206,186.0,8.189542,1.4,9.9
1742891679.845000,45.371392,6.590640,2001.688464,199.9,7.927834,1.4,9.9
1742891681.846000,45.371292,6.590524,2000.786341,258.8,6.751902,1.3,9.9
1742891683.846000,45.371223,6.590356,1996.924390,208.5,8.064252,1.3,9.9
1742891685.846000,45.371088,6.590225,1992.910278,221.9,9.769521,1.4,9.9
1742891686.845000,45.371013,6.590145,1990.395036,213.2,10.158011,1.4,9.9
1742891687.845000,45.370939,6.590061,1986.751318,226.0,10.569803,1.3,9.9
1742891688.846000,45.370896,6.589948,1985.582137,259.0,9.859225,1.4,9.9
1742891690.846000,45.370927,6.589732,1979.576915,296.0,9.229756,1.3,9.9
1742891692.844000,45.370925,6.589488,1970.376500,246.0,9.829487,1.3,9.9
1742891694.846000,45.370866,6.589259,1960.913407,268.0,9.578501,1.3,9.9
1742891696.845000,45.370943,6.589054,1955.164110,319.8,8.395122,1.3,9.9
1742891698.844000,45.371068,6.588900,1946.064626,294.1,9.046382,1.3,9.9
1742891700.845000,45.371085,6.588739,1940.592234,267.0,4.520555,1.3,9.9
1742891702.845000,45.371110,6.588578,1937.376189,307.0,8.809397,1.4,9.9
1742891704.845000,45.371210,6.588362,1929.942110,280.0,11.127365,1.3,9.9
1742891705.846000,45.371236,6.588221,1925.448483,295.0,11.679156,1.4,9.9
1742891706.845000,45.371300,6.588117,1918.985159,327.0,11.019044,1.3,9.9
1742891707.846000,45.371382,6.588032,1915.553729,312.0,11.649660,1.3,9.9
1742891708.846000,45.371432,6.587914,1911.098218,288.0,10.359982,1.3,9.9
1742891709.846000,45.371472,6.587787,1906.634586,300.0,11.389476,1.3,9.9
1742891710.846000,45.371540,6.587676,1902.013761,317.0,11.069851,1.3,9.9
1742891711.845000,45.371603,6.587565,1896.186164,297.0,11.458489,1.3,9.9
1742891712.846000,45.371635,6.587432,1892.889041,280.0,10.330382,1.4,9.9
1742891713.846000,45.371665,6.587302,1887.408312,297.0,11.398641,1.3,9.9
1742891714.846000,45.371729,6.587193,1883.170509,320.0,11.178370,1.3,9.9
1742891715.845000,45.371814,6.587119,1879.397265,333.0,10.440518,1.3,9.9
1742891716.846000,45.371895,6.587041,1873.713881,315.0,11.198366,1.3,9.9
1742891717.845000,45.371946,6.586917,1868.492591,288.0,11.408257,1.3,9.9
1742891718.846000,45.371968,6.586777,1865.277881,276.0,10.790135,1.3,9.9
1742891719.846000,45.371984,6.586637,1859.581543,281.0,11.547810,1.3,9.9
1742891720.845000,45.372033,6.586499,1854.719408,308.9,12.145439,1.4,9.9
1742891721.846000,45.372109,6.586391,1851.054036,317.0,10.932616,1.4,9.9
1742891722.846000,45.372161,6.586267,1844.082235,288.1,12.429768,1.4,9.9
1742891723.845000,45.372181,6.586111,1838.861469,273.0,11.900090,1.4,9.9
1742891724.844000,45.372194,6.585950,1834.278327,279.0,13.368654,1.4,9.9
1742891725.846000,45.372239,6.585793,1828.454755,302.0,13.079437,1.3,9.9
1742891726.846000,45.372312,6.585673,1824.655598,314.0,11.650637,1.3,9.9
1742891727.846000,45.372373,6.585548,1821.180121,296.0,12.749155,1.3,9.9
1742891728.846000,45.372394,6.585401,1816.690719,268.0,11.020237,1.3,9.9
1742891729.845000,45.372377,6.585256,1813.265797,259.0,11.947681,1.3,9.9
1742891730.846000,45.372353,6.585114,1808.354020,254.0,10.751710,1.3,9.9
1742891731.846000,45.372359,6.584977,1805.493030,290.0,11.208515,1.3,9.9
1742891732.845000,45.372397,6.584835,1803.141321,286.0,11.160013,1.3,9.9
1742891733.846000,45.372402,6.584704,1800.044167,260.0,9.720257,1.3,9.9
1742891735.846000,45.372361,6.584515,1795.944949,244.0,5.681340,1.3,9.9
1742891737.845000,45.372367,6.584356,1793.756359,301.0,8.077569,1.3,9.9
1742891739.846000,45.372384,6.584145,1788.702018,253.0,8.359985,1.4,9.9
1742891741.846000,45.372391,6.583900,1782.977840,287.0,10.769037,1.4,9.9
1742891742.846000,45.372404,6.583764,1779.680072,266.0,10.909266,1.3,9.9
1742891744.845000,45.372353,6.583549,1773.013411,238.0,7.280615,1.3,9.9
1742891746.846000,45.372356,6.583351,1768.441749,299.0,7.770599,1.3,9.9
1742891748.846000,45.372403,6.583149,1765.149681,264.0,9.108592,1.3,9.9
1742891750.846000,45.372356,6.582954,1758.590818,250.0,9.149184,1.3,9.9
1742891752.846000,45.372369,6.582733,1752.095577,299.9,6.903368,1.3,9.9
1742891754.845000,45.372400,6.582562,1746.469423,260.0,6.260511,1.3,9.9
1742891757.845000,45.372379,6.582403,1743.084428,249.0,3.740008,1.3,9.9
1742891760.844000,45.372366,6.582254,1742.028332,253.0,4.024594,3.1,9.9
1742891763.844000,45.372350,6.582108,1736.419136,275.0,3.613959,1.9,9.9
1742891767.845000,45.372328,6.581959,1733.860860,325.5,2.824702,2.1,9.9
1742891769.845000,45.372288,6.581844,1731.227191,255.5,5.029736,2.1,9.9
1742891771.844000,45.372235,6.581741,1728.245176,238.4,4.002312,2.3,9.9
1742891791.845000,45.372222,6.581655,1724.776611,-1.0,0.000000,2.1,9.9
1742891791.845000,45.372222,6.581655,1724.776611,-1.0,0.000000,2.1,9.9
1742891836.845000,45.372237,6.581607,1736.430261,292.0,3.259760,2.4,3.8
1742891838.844000,45.372206,6.581483,1736.839067,233.0,6.299039,4.7,3.8
1742891840.845000,45.372125,6.581384,1734.084094,220.0,6.172640,4.9,3.8
1742891842.845000,45.372035,6.581223,1730.172024,233.0,9.059364,3.3,3.8
1742891844.844000,45.371927,6.581061,1724.695076,226.0,8.600123,2.4,3.8
1742891846.845000,45.371885,6.580908,1725.404122,281.6,4.340826,4.5,3.8
1742891849.844000,45.371974,6.580864,1725.612983,331.4,2.609597,4.8,3.8
1742891853.844000,45.372078,6.580771,1724.936645,320.0,3.548526,5.5,3.8
1742891856.845000,45.372141,6.580667,1724.721231,305.6,3.310218,3.7,3.8
1742891860.845000,45.372204,6.580530,1724.360081,285.2,3.004718,4.5,3.8
1742891880.845000,45.372220,6.580423,1724.493385,335.1,0.000000,4.1,3.8
1742891880.845000,45.372220,6.580423,1724.493385,335.1,0.000000,4.1,3.8
1742891883.845000,45.372232,6.580401,1724.870814,336.9,0.747981,3.0,3.8
1742891993.845000,45.372190,6.580282,1739.400024,159.0,0.640741,0.9,3.8
1742891999.845000,45.372136,6.580172,1739.400024,159.1,0.303208,1.2,9.9
1742892027.845000,45.372064,6.580081,1740.599976,246.0,0.888313,1.4,9.9
1742892035.845000,45.372007,6.579962,1740.599976,208.3,1.169689,1.3,10.1
1742892065.844000,45.372086,6.579889,1739.400024,4.1,0.422943,1.6,9.9
1742892136.844000,45.372123,6.580049,1740.500000,72.4,1.487678,2.8,9.9
1742892138.845000,45.372188,6.580191,1739.400024,57.6,3.892998,2.3,9.9
1742892140.845000,45.372276,6.580399,1741.361607,57.2,3.985051,3.5,10.0
1742892142.844000,45.372367,6.580562,1742.854087,55.3,3.951911,4.5,10.0
1742892144.845000,45.372428,6.580676,1743.128992,56.4,3.914990,4.3,10.0
1742892147.844000,45.372501,6.580818,1746.171727,57.0,4.030416,3.2,9.9
1742892150.845000,45.372560,6.580943,1748.782264,55.8,3.408624,2.8,9.9
1742892153.845000,45.372624,6.581077,1751.555816,56.0,4.030569,2.9,8.7
1742892156.844000,45.372682,6.581202,1754.285629,57.0,3.799077,3.5,5.8
1742892159.845000,45.372740,6.581329,1758.156456,56.2,3.893390,4.1,3.8
1742892162.845000,45.372801,6.581457,1762.200606,54.1,3.960410,5.2,3.8
1742892165.844000,45.372862,6.581591,1763.855026,55.7,3.910553,3.1,3.8
1742892168.845000,45.372922,6.581726,1765.581602,56.0,3.961642,3.0,3.8
1742892171.845000,45.372977,6.581852,1767.886700,55.0,3.909495,3.1,3.8
1742892174.845000,45.373034,6.581980,1770.857012,56.0,3.990496,3.7,3.8
1742892177.844000,45.373096,6.582106,1774.659995,57.0,3.951051,4.3,3.8
1742892180.845000,45.373150,6.582235,1777.316167,56.0,4.349945,4.4,3.8
1742892183.844000,45.373207,6.582362,1780.516839,57.0,3.710260,3.1,3.8
1742892186.844000,45.373264,6.582484,1783.719531,56.4,3.848609,3.2,3.8
1742892189.845000,45.373313,6.582616,1788.624788,65.5,3.845520,3.5,3.8
1742892192.845000,45.373378,6.582736,1792.405408,57.0,4.160601,3.0,3.8
1742892195.845000,45.373437,6.582862,1795.003487,57.4,4.013380,4.8,3.8
1742892198.844000,45.373494,6.582983,1797.847234,46.4,3.839226,5.5,3.8
1742892201.845000,45.373550,6.583105,1800.330420,57.9,3.889294,3.2,3.8
1742892204.845000,45.373600,6.583231,1804.972190,57.1,4.006362,3.2,3.8
1742892207.845000,45.373658,6.583356,1807.885658,57.0,3.830284,3.2,3.8
1742892210.845000,45.373714,6.583484,1811.414806,58.0,3.937680,3.2,3.8
1742892213.845000,45.373775,6.583615,1813.723076,55.6,3.920371,3.2,3.8
1742892216.845000,45.373830,6.583745,1815.975663,57.7,3.950154,5.8,3.8
1742892219.845000,45.373888,6.583876,1818.808814,57.1,3.916168,3.4,3.8
1742892222.845000,45.373949,6.584003,1822.066969,55.9,3.892577,3.6,3.8
1742892225.844000,45.374006,6.584130,1825.453757,55.0,3.781416,3.4,3.8
1742892228.843000,45.374068,6.584256,1827.782401,53.0,3.931657,3.3,3.8
1742892231.843000,45.374129,6.584391,1829.228049,55.7,4.077335,2.4,3.8
1742892234.844000,45.374189,6.584519,1831.436451,50.0,3.940512,2.7,3.8
1742892237.844000,45.374243,6.584648,1833.684586,59.0,3.931007,4.9,3.8
1742892240.843000,45.374302,6.584769,1836.024218,51.5,3.938288,4.3,3.8
1742892243.844000,45.374363,6.584891,1837.913226,54.2,3.953965,3.5,3.8
1742892246.843000,45.374420,6.585015,1840.794933,55.0,3.919758,3.6,3.8
1742892249.843000,45.374473,6.585142,1844.842261,58.7,3.708131,3.6,3.8
1742892252.844000,45.374530,6.585260,1849.954437,57.1,3.725646,2.5,3.8
1742892255.843000,45.374581,6.585376,1855.707901,56.3,3.550804,2.4,3.8
1742892258.844000,45.374628,6.585498,1861.711001,62.3,3.791057,3.9,3.8
1742892261.843000,45.374684,6.585628,1865.498071,61.5,3.717443,4.9,3.8
1742892264.844000,45.374740,6.585758,1869.484737,62.7,3.788145,4.9,3.8
1742892267.844000,45.374796,6.585881,1873.391200,58.3,3.922369,3.2,3.8
1742892270.843000,45.374851,6.586002,1876.601457,58.8,3.661824,3.6,3.8
1742892273.844000,45.374909,6.586124,1881.426503,55.9,3.980307,3.7,3.8
1742892276.843000,45.374957,6.586252,1886.775786,63.2,3.624109,2.5,3.8
1742892279.844000,45.375015,6.586368,1891.467603,54.4,3.799598,2.5,4.0
1742892282.844000,45.375072,6.586478,1896.100519,53.7,3.503063,3.9,4.4
1742892285.844000,45.375129,6.586592,1901.797556,54.9,3.825540,3.8,4.6
1742892288.843000,45.375183,6.586706,1905.999425,56.1,3.566900,4.2,4.5
1742892291.843000,45.375238,6.586822,1912.188424,56.0,3.690120,4.0,4.4
1742892294.842000,45.375292,6.586937,1918.030104,56.0,3.579936,3.8,4.1
1742892297.844000,45.375345,6.587048,1924.305687,55.7,3.568379,2.5,3.8
1742892300.844000,45.375398,6.587167,1931.159612,55.1,3.880061,2.5,4.0
1742892303.844000,45.375453,6.587297,1935.256798,62.9,3.646246,2.5,3.9
1742892306.844000,45.375508,6.587418,1939.871640,52.0,3.621097,3.0,3.8
1742892309.844000,45.375570,6.587540,1944.795308,48.0,3.820573,4.4,3.8
1742892312.843000,45.375626,6.587654,1949.404366,48.7,3.666600,4.2,3.8
1742892315.844000,45.375675,6.587785,1954.363908,56.0,3.822251,4.2,3.8
1742892318.843000,45.375726,6.587906,1959.175617,56.8,3.620597,3.8,3.8
1742892321.844000,45.375779,6.588027,1964.501606,56.0,3.758686,4.0,3.8
1742892324.844000,45.375828,6.588143,1970.287133,57.0,3.532334,2.8,3.8
1742892327.844000,45.375882,6.588263,1974.879555,56.9,3.763098,2.4,3.8
1742892330.844000,45.375936,6.588379,1981.845053,57.0,3.554830,2.3,3.8
1742892333.844000,45.375990,6.588493,1987.347506,56.0,3.596235,2.4,3.8
1742892336.844000,45.376047,6.588612,1993.165694,56.0,4.068202,4.5,3.8
1742892339.843000,45.376102,6.588736,1996.305781,56.0,3.899088,4.2,3.8
1742892342.844000,45.376156,6.588858,2001.942193,59.0,3.758854,4.2,3.8
1742892345.844000,45.376205,6.588990,2006.703234,72.0,3.671387,3.0,3.8
1742892348.843000,45.376256,6.589107,2011.587090,66.0,3.739073,3.6,3.8
1742892351.844000,45.376317,6.589227,2015.764197,63.0,3.710558,2.6,3.8
1742892354.844000,45.376379,6.589345,2020.221191,61.0,3.620569,2.8,3.8
1742892357.844000,45.376441,6.589464,2025.571213,59.2,3.784774,2.3,3.8
1742892360.844000,45.376501,6.589577,2031.418362,59.8,3.587556,3.3,3.9
1742892363.844000,45.376557,6.589686,2035.662808,58.0,3.670861,2.9,3.9
1742892366.844000,45.376611,6.589795,2041.602288,56.2,3.537206,2.9,3.8
1742892369.843000,45.376666,6.589916,2046.777029,56.0,3.771534,4.0,3.8
1742892372.843000,45.376725,6.590044,2051.354675,58.0,3.960908,2.6,3.8
1742892375.843000,45.376782,6.590167,2055.145277,54.0,4.028446,3.0,3.8
1742892378.844000,45.376842,6.590292,2058.647922,54.0,3.909537,2.5,3.8
1742892381.843000,45.376900,6.590411,2063.143990,52.0,3.849153,2.7,3.8
1742892384.844000,45.376958,6.590535,2066.901822,53.9,3.826118,2.9,3.8
1742892387.843000,45.377013,6.590656,2071.389274,54.1,3.741888,2.5,3.8
1742892390.843000,45.377067,6.590780,2076.624333,54.1,3.744553,3.4,3.8
1742892393.843000,45.377118,6.590906,2081.413890,57.7,3.804970,3.3,3.8
1742892396.843000,45.377172,6.591028,2085.810000,58.1,3.737912,3.4,3.8
1742892399.843000,45.377230,6.591146,2090.876590,54.0,3.771301,2.9,3.8
1742892402.843000,45.377287,6.591270,2095.105324,50.6,3.689710,4.1,3.8
1742892405.844000,45.377345,6.591388,2101.372645,51.8,3.688625,2.9,3.8
1742892408.844000,45.377395,6.591511,2106.712643,57.0,3.600186,2.9,3.8
1742892411.844000,45.377445,6.591628,2112.307102,57.0,3.570462,2.9,3.8
1742892414.844000,45.377504,6.591759,2116.932262,57.0,3.612014,2.3,3.8
1742892417.844000,45.377562,6.591874,2120.922151,49.4,3.869330,2.8,3.8
1742892420.844000,45.377609,6.592008,2124.893645,62.0,3.770347,2.6,3.8
1742892423.844000,45.377666,6.592123,2129.702979,58.0,3.838706,2.7,3.8
1742892426.843000,45.377722,6.592246,2132.548398,56.0,3.860430,3.2,3.8
1742892429.844000,45.377775,6.592366,2137.778169,59.6,3.754248,3.1,3.8
1742892432.844000,45.377829,6.592485,2142.302252,58.3,3.746507,2.8,3.8
1742892435.844000,45.377885,6.592601,2147.129055,58.0,3.707030,3.0,3.8
1742892438.843000,45.377941,6.592717,2152.845496,57.8,3.734824,3.6,3.8
1742892441.844000,45.377999,6.592831,2158.525062,53.8,3.796629,3.4,3.8
1742892444.844000,45.378051,6.592950,2164.589524,57.9,3.653009,2.1,4.0
1742892447.844000,45.378102,6.593066,2169.756439,56.0,3.630290,2.3,4.5
1742892450.843000,45.378155,6.593183,2175.298752,57.0,3.560468,2.4,5.1
1742892453.843000,45.378206,6.593301,2181.204352,59.0,3.590003,2.7,5.5
1742892456.844000,45.378260,6.593425,2186.588560,58.0,4.077741,2.9,5.9
1742892459.844000,45.378317,6.593548,2190.752175,56.0,3.838606,2.9,6.2
1742892462.844000,45.378375,6.593671,2194.282433,56.0,3.700529,3.6,6.3
1742892465.844000,45.378429,6.593791,2199.398968,56.0,3.750002,3.0,6.6
1742892468.844000,45.378486,6.593910,2204.338598,27.1,3.750312,3.1,6.8
1742892471.844000,45.378539,6.594028,2208.348385,56.0,3.730000,3.0,5.3
1742892474.844000,45.378594,6.594148,2213.656681,57.0,3.888500,2.5,3.8
1742892477.843000,45.378648,6.594269,2218.853426,49.7,3.700905,3.3,3.8
1742892480.844000,45.378716,6.594363,2224.700412,36.1,3.477501,4.2,3.8
1742892483.842000,45.378764,6.594496,2230.358386,52.6,3.648058,4.7,3.8
1742892486.844000,45.378810,6.594629,2235.083499,57.0,3.569733,4.4,3.8
1742892489.844000,45.378862,6.594751,2242.030932,55.7,3.694881,3.7,3.8
1742892492.844000,45.378923,6.594875,2245.824033,54.4,3.782739,3.8,3.8
1742892495.844000,45.378979,6.595006,2251.535861,56.0,3.670854,3.1,3.8
1742892498.844000,45.379035,6.595132,2255.284926,58.0,3.816334,4.4,3.8
1742892501.843000,45.379087,6.595254,2259.760791,58.1,3.785383,4.3,3.8
1742892504.843000,45.379141,6.595371,2264.339159,59.1,3.753577,4.1,3.8
1742892507.844000,45.379198,6.595495,2267.949513,58.0,4.072980,2.9,3.8
1742892510.843000,45.379255,6.595620,2270.743900,57.2,3.988367,2.5,3.8
1742892513.844000,45.379310,6.595748,2274.160106,61.9,3.814138,2.7,3.8
1742892516.843000,45.379366,6.595876,2277.395028,67.8,3.850642,2.8,3.8
1742892519.844000,45.379434,6.595994,2281.336597,51.8,3.868955,4.6,3.8
1742892522.843000,45.379495,6.596123,2284.121275,50.6,3.892540,4.6,3.8
1742892525.844000,45.379535,6.596260,2287.880968,71.3,3.812452,3.9,3.8
1742892528.844000,45.379594,6.596382,2291.555517,63.1,3.800294,3.9,3.8
1742892531.844000,45.379658,6.596501,2296.563745,57.0,3.563041,4.2,3.8
1742892534.843000,45.379711,6.596630,2299.950507,57.5,4.226171,4.2,3.8
1742892537.843000,45.379776,6.596761,2302.623939,56.0,4.025229,2.9,3.8
1742892540.843000,45.379830,6.596880,2302.363930,56.0,2.850125,3.6,3.8
1742892560.843000,45.379866,6.596974,2301.533532,-1.0,0.000000,3.1,3.8
1742892560.843000,45.379866,6.596974,2301.533532,-1.0,0.000000,3.1,3.8
1742892604.843000,45.379869,6.596994,2301.589129,54.7,0.279173,4.5,9.9
1742892623.842000,45.379868,6.597122,2301.366741,78.6,0.190424,3.6,9.9
1742892662.842000,45.379885,6.597256,2301.547092,62.8,1.236715,4.5,9.9
1742892667.843000,45.379917,6.597406,2301.589129,72.2,3.183825,4.8,9.9
1742892670.843000,45.379943,6.597576,2301.600219,75.3,3.881763,4.2,9.9
1742892673.842000,45.379967,6.597735,2302.841163,84.5,3.514656,3.2,9.9
1742892676.843000,45.379981,6.597878,2307.800442,82.1,3.410189,3.4,9.9
1742892679.843000,45.380000,6.598015,2313.444244,81.0,3.340592,3.4,9.9
1742892682.843000,45.380019,6.598146,2319.954657,81.0,3.359515,3.3,9.9
1742892685.842000,45.380035,6.598276,2326.968281,81.0,3.250340,2.8,9.9
1742892688.842000,45.380052,6.598418,2332.889262,80.0,3.643351,2.7,9.9
1742892691.843000,45.380067,6.598550,2338.018994,80.0,3.818643,4.1,9.9
1742892694.842000,45.380083,6.598683,2342.217767,80.0,3.648358,3.9,9.9
1742892697.842000,45.380100,6.598816,2347.436646,80.0,3.559697,5.7,9.9
1742892700.843000,45.380113,6.598950,2352.819698,81.9,3.540811,5.4,9.9
1742892703.843000,45.380127,6.599084,2358.325513,81.0,3.506150,3.8,9.9
1742892706.843000,45.380142,6.599214,2362.814662,81.0,3.531601,3.3,9.9
1742892709.843000,45.380158,6.599357,2365.389147,82.0,3.492423,2.0,9.9
1742892712.843000,45.380174,6.599499,2373.758985,81.0,3.621305,5.1,9.9
1742892715.843000,45.380188,6.599635,2375.735508,81.0,3.620370,2.2,9.9
1742892718.842000,45.380203,6.599771,2383.819565,81.0,3.570097,5.2,9.9
1742892721.843000,45.380218,6.599904,2387.833858,80.0,3.589608,4.7,9.9
1742892724.843000,45.380232,6.600041,2393.923129,81.0,3.550008,4.5,9.9
1742892727.843000,45.380246,6.600179,2400.045519,81.0,3.599714,4.4,9.9
1742892730.843000,45.380260,6.600313,2404.783081,81.0,3.569606,4.7,9.9
1742892733.842000,45.380274,6.600446,2410.294878,81.0,3.499999,3.7,9.9
1742892736.842000,45.380288,6.600578,2414.588624,81.0,3.450284,4.1,9.9
1742892739.843000,45.380302,6.600712,2418.331856,80.1,3.429368,2.3,9.9
1742892742.842000,45.380316,6.600852,2425.600552,80.0,3.754768,4.1,9.9
1742892745.842000,45.380331,6.600990,2429.277350,79.0,3.689307,1.6,7.9
1742892748.842000,45.380347,6.601127,2435.709689,81.0,3.580101,3.4,4.8
1742892751.841000,45.380361,6.601262,2439.218791,81.0,3.599715,1.7,3.8
1742892754.843000,45.380373,6.601394,2448.418403,80.1,3.555203,5.9,3.8
1742892757.842000,45.380384,6.601529,2453.351952,81.0,3.542334,6.2,3.8
1742892760.843000,45.380396,6.601661,2460.047498,81.0,3.469171,3.0,3.8
1742892763.842000,45.380413,6.601804,2465.042206,81.1,3.690107,3.0,3.8
1742892766.843000,45.380427,6.601944,2469.033839,80.0,3.720550,2.8,3.8
1742892769.843000,45.380441,6.602082,2473.778517,81.0,3.679518,2.6,3.8
1742892772.843000,45.380456,6.602221,2478.681541,81.0,3.630186,2.8,3.8
1742892775.843000,45.380472,6.602357,2483.418096,81.0,3.560287,5.0,3.8
1742892778.843000,45.380487,6.602496,2488.156261,81.0,3.550669,4.4,3.8
1742892781.843000,45.380501,6.602629,2493.380273,81.0,3.550188,4.4,3.8
1742892784.842000,45.380515,6.602767,2498.877331,81.0,3.550391,4.4,3.8
1742892787.842000,45.380530,6.602904,2504.247971,81.0,3.537325,3.5,3.8
1742892790.843000,45.380543,6.603038,2510.192978,81.0,3.515044,3.6,3.8
1742892793.842000,45.380557,6.603168,2515.672189,81.0,3.488697,3.6,3.8
1742892796.843000,45.380571,6.603299,2521.581975,80.1,3.462305,3.7,3.8
1742892799.842000,45.380586,6.603446,2526.540872,81.2,3.716928,2.2,3.8
1742892802.843000,45.380600,6.603588,2530.761004,81.0,3.829427,2.5,3.8
1742892805.842000,45.380615,6.603729,2534.969275,81.0,3.798474,2.5,3.8
1742892808.843000,45.380630,6.603868,2538.132891,81.0,3.649621,6.3,6.9
1742892811.842000,45.380646,6.604005,2538.566435,81.0,3.650482,1.5,9.9
1742892814.843000,45.380661,6.604142,2536.112516,81.0,3.647291,1.6,9.9
1742892817.842000,45.380677,6.604278,2541.158820,81.0,3.631044,1.9,9.9
1742892820.843000,45.380691,6.604413,2545.635269,81.0,3.600383,1.6,9.9
1742892823.842000,45.380704,6.604547,2557.787050,81.0,3.563661,1.5,9.9
1742892826.843000,45.380726,6.604678,2564.566455,72.2,3.532937,1.6,9.9
1742892829.843000,45.380740,6.604832,2566.244628,79.1,3.739923,1.5,9.9
1742892832.843000,45.380754,6.604977,2573.882752,82.0,3.848271,1.6,9.9
1742892835.843000,45.380768,6.605119,2572.871175,83.0,3.712252,1.5,9.9
1742892838.842000,45.380784,6.605259,2576.335064,81.0,3.751163,3.1,9.9
1742892841.843000,45.380798,6.605404,2584.578586,81.0,3.651454,1.7,9.9
1742892844.843000,45.380808,6.605546,2587.117673,82.1,3.541663,3.5,9.9
1742892847.842000,45.380820,6.605678,2590.825060,82.1,3.322889,3.6,9.9
1742892851.842000,45.380844,6.605842,2604.906136,73.0,3.259310,3.0,9.9
1742892854.842000,45.380855,6.605970,2613.385154,83.5,3.367060,3.4,9.9
1742892858.843000,45.380873,6.606133,2623.500605,71.3,3.128953,3.4,9.9
1742892862.843000,45.380884,6.606286,2631.860860,83.7,3.121797,2.1,9.9
1742892866.842000,45.380897,6.606441,2644.063958,85.1,3.105479,4.2,9.9
1742892870.841000,45.380916,6.606590,2653.834158,82.0,3.046494,3.0,9.9
1742892874.842000,45.380938,6.606752,2654.691860,80.8,3.339978,1.9,9.9
1742892878.842000,45.380963,6.606914,2668.381760,71.1,3.228599,3.4,9.9
1742892882.842000,45.380982,6.607074,2683.781595,89.8,3.129720,3.1,9.9
1742892886.842000,45.380983,6.607234,2697.231804,87.0,3.123437,3.1,9.9
1742892890.841000,45.381006,6.607399,2705.531731,81.0,3.178533,3.5,9.9
1742892894.841000,45.381026,6.607559,2714.649802,78.2,3.148145,3.4,9.9
1742892898.841000,45.381046,6.607710,2725.381835,82.8,3.056561,3.5,9.9
1742892902.841000,45.381043,6.607870,2730.475216,87.8,3.049994,1.5,9.9
1742892906.842000,45.381053,6.608020,2736.066664,92.1,3.002069,1.9,9.9
1742892910.841000,45.381072,6.608171,2752.149207,87.2,3.004168,3.0,9.9
1742892914.841000,45.381088,6.608327,2769.901729,91.7,3.251410,3.9,9.9
1742892918.840000,45.381099,6.608501,2779.041610,90.4,3.652083,3.1,9.9
1742892921.842000,45.381107,6.608632,2782.563810,90.3,3.452037,3.5,9.9
1742892924.841000,45.381141,6.608765,2789.719433,81.0,3.258512,3.7,9.9
1742892927.842000,45.381162,6.608906,2795.834412,82.9,3.803211,4.2,9.9
1742892930.842000,45.381180,6.609039,2800.160193,79.0,3.641767,3.7,9.9
1742892933.842000,45.381195,6.609170,2803.614298,81.7,3.396521,1.6,9.9
1742892936.842000,45.381207,6.609306,2797.688189,77.1,3.768627,1.9,9.9
1742892939.842000,45.381231,6.609449,2805.790479,70.8,3.794557,1.8,9.9
1742892943.842000,45.381246,6.609597,2808.232695,76.5,2.771458,3.0,10.3
1742892963.841000,45.381189,6.609700,2803.997976,97.4,0.000000,1.4,10.3
1742892963.841000,45.381189,6.609700,2803.997976,97.4,0.000000,1.4,10.3
1742892963.841000,45.381189,6.609700,2803.997976,97.4,0.546026,1.4,10.3
1742892969.841000,45.381211,6.609825,2806.039853,78.1,1.061425,2.1,10.9
1742892971.842000,45.381285,6.609733,2804.619529,11.3,1.116891,3.1,8.4
1742892986.842000,45.381317,6.609859,2809.361770,66.6,0.932050,4.9,3.7
1742893006.841000,45.381291,6.609983,2808.836966,104.3,0.141400,3.1,3.7
1742893021.842000,45.381149,6.610050,2804.034903,186.7,2.603397,3.4,4.5
1742893022.842000,45.381035,6.610047,2802.883513,187.6,5.116662,4.2,5.0
1742893023.841000,45.380921,6.610034,2801.499824,188.4,7.107844,3.7,5.7
1742893024.842000,45.380814,6.610006,2798.470971,192.8,8.336303,3.1,6.9
1742893025.841000,45.380717,6.609960,2791.483720,198.9,8.965401,1.4,8.9
1742893026.842000,45.380621,6.609933,2787.475783,192.0,9.356775,1.5,9.9
1742893027.842000,45.380516,6.609942,2788.881803,179.1,10.179251,2.9,9.9
1742893028.841000,45.380397,6.609931,2785.105229,190.5,12.807682,2.8,9.9
1742893029.842000,45.380274,6.609895,2768.671967,193.0,13.067701,1.8,9.9
1742893030.842000,45.380139,6.609880,2770.388479,177.7,15.137530,1.6,9.9
1742893031.842000,45.380000,6.609907,2760.588344,164.1,15.668492,2.1,9.9
1742893032.842000,45.379856,6.609943,2754.185238,177.1,16.504553,2.7,9.9
1742893033.842000,45.379714,6.609921,2746.747157,195.8,14.663952,2.8,9.9
1742893034.842000,45.379593,6.609856,2743.922744,199.9,13.424915,2.5,9.9
1742893035.842000,45.379473,6.609812,2741.805517,183.4,14.067400,1.6,9.9
1742893036.841000,45.379349,6.609794,2740.730257,193.6,13.073788,3.0,9.9
1742893037.841000,45.379249,6.609736,2741.254246,211.4,11.158895,4.1,9.9
1742893038.842000,45.379161,6.609657,2739.208638,206.7,12.126877,3.8,9.9
1742893039.841000,45.379057,6.609592,2735.717173,198.4,12.873158,3.6,9.9
1742893040.841000,45.378941,6.609543,2732.125190,195.1,14.223169,3.5,9.9
1742893041.842000,45.378812,6.609501,2730.008348,191.0,15.421165,3.2,9.9
1742893042.841000,45.378670,6.609463,2722.464142,192.0,16.449593,3.3,9.9
1742893043.842000,45.378520,6.609413,2719.025531,194.0,17.814177,2.3,9.9
1742893044.841000,45.378366,6.609338,2709.434229,204.6,18.089876,3.4,9.9
1742893045.842000,45.378231,6.609214,2701.795187,220.5,17.848940,1.6,9.9
1742893046.841000,45.378117,6.609050,2699.104764,226.9,17.367743,3.4,9.9
1742893047.842000,45.378008,6.608892,2696.147758,220.1,17.190184,1.9,9.9
1742893048.841000,45.377890,6.608756,2695.234032,218.0,16.490808,4.2,9.9
1742893049.842000,45.377777,6.608627,2694.536214,221.0,15.697339,4.2,9.9
1742893050.842000,45.377675,6.608496,2690.278123,223.0,14.821327,4.2,9.9
1742893051.842000,45.377584,6.608367,2689.987230,226.0,14.088954,4.2,9.9
1742893052.842000,45.377501,6.608237,2689.929053,229.0,13.546348,4.3,9.9
1742893053.841000,45.377425,6.608108,2689.333112,230.0,12.879991,4.2,9.9
1742893054.841000,45.377352,6.607984,2689.765111,229.0,12.366559,3.8,9.9
1742893055.841000,45.377281,6.607865,2688.020477,228.0,12.171587,3.6,9.9
1742893056.841000,45.377208,6.607751,2680.872909,227.0,11.772182,1.4,9.9
1742893057.841000,45.377135,6.607645,2684.050779,226.0,11.692413,1.6,9.9
1742893058.842000,45.377055,6.607562,2684.492762,210.9,10.697554,2.9,9.9
1742893059.841000,45.376973,6.607507,2684.289971,202.2,9.540935,2.8,9.9
1742893061.842000,45.376817,6.607390,2673.152003,213.9,10.376758,1.4,9.9
1742893062.842000,45.376735,6.607315,2676.900260,206.1,11.193005,2.0,9.9
1742893063.841000,45.376638,6.607268,2673.909104,187.3,11.472409,2.6,9.9
1742893064.842000,45.376532,6.607251,2671.123383,190.0,11.880673,2.7,9.9
1742893065.842000,45.376430,6.607193,2667.830849,215.0,12.759446,2.4,9.9
1742893066.841000,45.376340,6.607088,2669.327373,220.0,12.819975,1.6,9.9
1742893067.842000,45.376240,6.607008,2666.664700,198.0,13.217155,3.0,9.9
1742893068.842000,45.376130,6.606951,2663.783376,206.0,12.680954,4.1,9.9
1742893069.842000,45.376049,6.606854,2661.278178,233.0,11.689112,3.9,9.9
1742893070.842000,45.375995,6.606712,2660.163341,245.0,13.399213,3.6,9.9
1742893071.842000,45.375961,6.606548,2653.318429,261.0,13.568665,3.6,9.9
1742893072.841000,45.375947,6.606361,2647.157934,264.0,15.914285,3.2,9.9
1742893073.841000,45.375907,6.606166,2635.269540,243.0,16.357517,2.4,9.9
1742893074.842000,45.375846,6.605975,2626.598667,249.9,16.447552,2.4,9.9
1742893075.840000,45.375825,6.605771,2617.663131,265.9,16.038656,3.4,9.9
1742893076.842000,45.375806,6.605569,2610.776759,255.0,16.269217,1.6,9.9
1742893077.842000,45.375758,6.605363,2597.918913,251.0,17.462599,3.4,9.9
1742893078.842000,45.375753,6.605147,2591.550040,283.7,17.164371,3.7,9.9
1742893079.842000,45.375814,6.604950,2588.648643,297.0,15.694670,3.4,9.9
1742893080.841000,45.375903,6.604780,2583.604104,312.0,17.136358,4.2,9.9
1742893081.842000,45.376016,6.604652,2575.384616,330.0,15.340863,4.2,9.9
1742893082.842000,45.376138,6.604560,2568.906319,331.0,15.919117,4.2,9.9
1742893083.842000,45.376253,6.604440,2563.592680,316.0,16.209673,4.3,9.9
1742893084.842000,45.376350,6.604277,2558.754655,306.0,17.259245,3.7,9.9
1742893085.840000,45.376444,6.604109,2556.004597,309.0,16.700607,3.8,9.9
1742893086.840000,45.376553,6.603985,2550.762922,333.0,15.009848,3.6,9.9
1742893087.841000,45.376676,6.603904,2544.236957,331.0,14.730129,1.6,9.9
1742893088.841000,45.376770,6.603788,2541.900752,305.0,13.409928,1.6,9.9
1742893089.842000,45.376838,6.603648,2541.688010,310.0,13.340020,2.9,9.9
1742893090.842000,45.376924,6.603524,2529.726436,318.0,13.339849,1.4,9.9
1742893091.842000,45.376996,6.603388,2524.288687,292.0,13.887945,1.8,9.9
1742893092.841000,45.377017,6.603220,2522.420254,271.0,13.229844,1.4,9.9
1742893093.842000,45.377006,6.603054,2524.917906,261.0,13.059999,1.6,9.9
1742893094.841000,45.376979,6.602894,2518.064069,255.0,13.229970,2.5,9.9
1742893095.842000,45.376958,6.602718,2512.565022,265.0,15.209608,2.3,9.9
1742893096.842000,45.376965,6.602516,2510.731305,278.0,16.489651,2.1,9.9
1742893097.841000,45.376967,6.602308,2503.623645,261.0,16.449905,3.0,9.9
1742893098.842000,45.376924,6.602116,2499.472662,245.0,15.460307,3.0,9.9
1742893099.842000,45.376881,6.601927,2492.881891,260.0,16.149258,4.2,9.9
1742893100.842000,45.376885,6.601725,2489.503546,279.0,16.099787,3.9,9.9
1742893101.841000,45.376921,6.601526,2482.453084,288.0,15.380163,3.6,9.9
1742893102.842000,45.376941,6.601330,2475.265874,267.0,16.036110,3.3,9.9
1742893103.842000,45.376900,6.601134,2465.749851,244.1,16.126480,3.2,9.9
1742893104.841000,45.376850,6.600946,2459.283695,257.0,15.190892,2.4,9.9
1742893105.842000,45.376855,6.600756,2452.271754,283.0,15.087881,2.4,9.9
1742893106.841000,45.376907,6.600577,2445.096266,296.0,14.510197,3.4,9.9
1742893107.842000,45.376972,6.600402,2440.421786,295.0,16.377295,3.4,9.9
1742893108.842000,45.377049,6.600231,2432.417110,310.0,15.650767,1.7,9.9
1742893109.841000,45.377156,6.600101,2428.644985,325.0,15.409629,3.6,9.9
1742893110.842000,45.377286,6.600014,2423.895754,340.0,16.148777,3.4,9.9
1742893111.842000,45.377428,6.599954,2418.153820,346.0,16.609213,4.2,9.9
1742893112.841000,45.377571,6.599874,2408.149617,331.0,17.857618,4.2,9.9
1742893113.842000,45.377700,6.599756,2400.377295,325.0,16.981470,4.2,9.9
1742893114.841000,45.377825,6.599672,2395.573978,345.9,14.813862,4.2,9.9
1742893115.842000,45.377956,6.599650,2392.246696,357.0,14.220937,3.7,9.9
1742893116.841000,45.378086,6.599648,2389.835539,360.0,14.289854,3.8,9.9
1742893117.842000,45.378217,6.599623,2381.650195,344.1,14.836422,2.9,9.9
1742893118.842000,45.378346,6.599553,2377.641813,336.0,15.617479,2.9,9.9
1742893119.842000,45.378479,6.599506,2371.938339,356.0,15.139368,3.5,9.9
1742893120.842000,45.378614,6.599496,2365.290446,354.0,14.902892,3.3,9.9
1742893121.842000,45.378746,6.599430,2344.782490,329.2,16.468550,1.7,9.9
1742893122.841000,45.378861,6.599299,2350.279279,321.1,16.053631,3.8,9.9
1742893123.842000,45.378930,6.599126,2341.397424,292.5,15.746006,3.2,9.9
1742893124.841000,45.378975,6.598912,2333.488690,284.0,17.699356,3.2,9.9
1742893125.842000,45.379024,6.598677,2326.479540,288.0,19.392139,3.2,9.9
1742893126.842000,45.379104,6.598451,2321.291501,300.9,19.704685,4.8,9.9
1742893127.842000,45.379174,6.598236,2311.057951,285.1,18.065460,4.0,9.9
1742893128.841000,45.379214,6.598024,2305.241730,287.0,15.776502,4.2,9.9
1742893129.842000,45.379274,6.597870,2303.700070,313.0,13.380821,4.0,9.9
1742893130.842000,45.379333,6.597739,2302.172248,287.0,12.229881,3.7,9.9
1742893131.842000,45.379344,6.597592,2301.524412,268.0,10.920155,3.6,9.9
1742893132.842000,45.379344,6.597454,2300.436570,275.0,10.600183,3.3,9.9
1742893134.842000,45.379375,6.597223,2298.562295,280.0,7.846953,2.4,9.9
1742893136.842000,45.379388,6.597052,2295.541876,279.0,6.690014,3.5,9.9
1742893138.842000,45.379396,6.596898,2294.847924,244.1,5.328718,3.6,9.9
1742893158.841000,45.379358,6.596851,2293.191863,-1.0,0.000000,3.7,9.9
1742893158.841000,45.379358,6.596851,2293.191863,-1.0,0.000000,3.7,9.9
1742893178.842000,45.379330,6.596748,2290.740933,260.8,5.175791,3.1,9.9
1742893180.841000,45.379348,6.596583,2290.420809,290.0,8.019004,4.9,9.9
1742893182.841000,45.379377,6.596357,2286.785746,282.4,8.834442,4.4,9.9
1742893183.841000,45.379389,6.596218,2282.711363,288.9,10.113494,4.1,9.9
1742893184.842000,45.379424,6.596079,2278.610509,291.9,10.795380,4.2,9.9
1742893185.841000,45.379469,6.595944,2276.007485,266.8,10.598789,3.4,9.9
1742893186.842000,45.379493,6.595809,2270.624091,242.3,10.081007,2.6,9.9
1742893187.841000,45.379498,6.595659,2266.404748,237.0,11.327853,2.5,9.9
1742893188.842000,45.379528,6.595493,2262.132805,266.3,11.207645,2.8,9.9
1742893189.841000,45.379598,6.595339,2256.992140,300.7,12.317425,2.8,9.9
1742893190.842000,45.379656,6.595183,2250.675154,281.5,12.506824,3.6,9.9
1742893191.840000,45.379670,6.595018,2247.385783,265.6,12.116052,6.5,9.9
1742893192.842000,45.379667,6.594846,2240.684687,268.9,14.505638,4.0,9.9
1742893193.842000,45.379655,6.594656,2236.561974,255.6,14.732893,4.2,9.9
1742893194.841000,45.379607,6.594480,2228.860410,240.6,14.661937,4.2,9.9
1742893195.842000,45.379532,6.594321,2222.060003,231.2,15.377813,4.2,9.9
1742893196.841000,45.379450,6.594152,2220.506352,241.8,16.854214,4.1,9.9
1742893197.842000,45.379370,6.593962,2215.225941,230.3,16.961599,4.1,9.9
1742893198.842000,45.379258,6.593828,2203.871205,205.2,15.916062,3.9,9.9
1742893199.841000,45.379122,6.593778,2199.328112,185.9,14.868040,3.8,9.9
1742893200.841000,45.378985,6.593779,2196.634096,178.3,15.180250,3.6,9.9
1742893201.842000,45.378847,6.593791,2194.073370,178.0,15.247016,3.7,9.9
1742893202.842000,45.378708,6.593799,2191.851766,177.0,15.338300,3.9,9.9
1742893203.842000,45.378570,6.593812,2189.460132,173.0,15.103732,4.0,9.9
1742893204.842000,45.378435,6.593835,2185.719095,173.0,14.893200,4.0,9.9
1742893205.842000,45.378303,6.593859,2184.020742,172.0,14.801447,4.6,9.9
1742893206.842000,45.378173,6.593887,2181.746986,170.0,14.594194,4.6,9.9
1742893207.842000,45.378047,6.593917,2179.372116,169.0,14.019947,4.6,9.9
1742893208.842000,45.377924,6.593944,2179.075260,172.0,13.813053,4.2,9.9
1742893209.842000,45.377801,6.593962,2177.254698,175.0,13.563594,4.2,9.9
1742893210.842000,45.377681,6.593970,2176.136166,180.0,13.411534,4.3,9.9
1742893211.841000,45.377558,6.593967,2173.468455,180.0,13.904385,4.3,9.9
1742893212.842000,45.377432,6.593963,2172.292199,181.0,13.900048,3.9,9.9
1742893213.842000,45.377306,6.593954,2170.582540,184.0,14.096625,3.5,9.9
1742893214.842000,45.377177,6.593935,2167.382519,187.0,14.617381,2.8,9.9
1742893215.842000,45.377048,6.593916,2162.748328,181.1,13.962737,5.4,9.9
1742893216.842000,45.376927,6.593921,2159.660059,176.1,13.227913,5.4,9.9
1742893217.841000,45.376809,6.593931,2158.058863,178.0,13.278393,3.4,9.9
1742893218.841000,45.376689,6.593921,2156.051529,190.9,13.583929,3.6,9.9
1742893219.842000,45.376570,6.593876,2151.862471,194.9,13.180281,1.7,9.9
1742893220.842000,45.376456,6.593837,2153.716676,192.5,13.065869,3.6,9.9
1742893221.841000,45.376344,6.593819,2152.242217,183.9,12.575102,3.4,9.9
1742893222.840000,45.376237,6.593817,2148.434592,181.0,12.172318,3.6,9.9
1742893223.841000,45.376130,6.593820,2144.836175,181.7,12.022558,1.9,9.9
1742893224.841000,45.376024,6.593817,2145.965269,185.5,11.927622,3.6,9.9
1742893225.840000,45.375918,6.593799,2144.614668,192.4,12.036068,3.5,9.9
1742893226.841000,45.375809,6.593756,2140.756502,198.1,12.411212,3.3,9.9
1742893227.841000,45.375699,6.593690,2139.011409,205.9,13.808603,3.3,9.9
1742893228.840000,45.375580,6.593600,2135.748055,199.1,14.851043,4.1,9.9
1742893229.841000,45.375454,6.593518,2126.318503,201.9,15.095074,1.8,9.9
1742893230.841000,45.375331,6.593432,2126.222561,204.0,14.786977,2.0,9.9
1742893231.841000,45.375212,6.593349,2119.226904,205.0,14.790025,9.2,9.9
1742893232.841000,45.375095,6.593255,2114.954987,210.9,15.092148,1.8,9.9
1742893233.840000,45.374986,6.593135,2107.187315,216.9,15.225944,1.8,9.9
1742893234.841000,45.374876,6.593015,2116.185453,214.1,15.209643,3.5,9.9
1742893235.840000,45.374758,6.592914,2113.616551,207.2,14.951835,3.4,9.9
1742893236.841000,45.374631,6.592841,2111.993193,201.1,15.335525,5.3,9.9
1742893237.840000,45.374496,6.592772,2105.562435,200.0,16.359426,3.4,9.9
1742893238.841000,45.374364,6.592670,2103.915279,217.0,17.339453,5.1,9.9
1742893239.839000,45.374235,6.592546,2097.481574,209.0,17.489500,4.5,9.9
1742893240.841000,45.374094,6.592461,2091.152327,197.0,16.839653,4.6,9.9
1742893241.839000,45.373947,6.592400,2083.878020,197.0,16.810013,1.9,9.9
1742893242.841000,45.373803,6.592333,2076.615013,198.0,16.310167,2.4,9.9
1742893243.841000,45.373665,6.592263,2075.879684,200.0,16.270027,1.9,9.9
1742893244.841000,45.373530,6.592182,2070.077347,206.0,16.090078,2.8,9.9
1742893245.840000,45.373417,6.592061,2063.452990,226.0,15.659905,2.1,9.9
1742893246.841000,45.373325,6.591916,2062.656303,226.0,15.240073,2.4,9.9
1742893247.841000,45.373227,6.591790,2060.423503,219.0,14.460138,2.1,9.9
1742893248.840000,45.373125,6.591681,2063.698623,215.0,13.710120,2.3,9.9
1742893249.841000,45.373022,6.591586,2055.485532,210.0,13.240054,2.4,9.9
1742893250.841000,45.372919,6.591503,2058.268385,208.0,13.100021,2.1,9.9
1742893251.840000,45.372811,6.591426,2056.947252,205.0,13.589829,3.6,9.9
1742893252.841000,45.372698,6.591355,2054.855299,202.0,13.599970,3.5,9.9
1742893253.841000,45.372586,6.591289,2050.003649,202.0,13.679973,2.0,9.9
1742893254.841000,45.372472,6.591218,2049.282538,204.0,14.019925,3.5,9.9
1742893255.841000,45.372359,6.591138,2038.509731,206.0,14.000018,2.0,9.9
1742893256.841000,45.372248,6.591061,2041.159867,205.0,13.840021,2.1,9.9
1742893257.841000,45.372135,6.590988,2032.258183,204.0,13.730015,2.4,9.9
1742893258.840000,45.372028,6.590920,2028.686343,205.0,12.600332,2.0,9.9
1742893259.841000,45.371934,6.590855,2027.865495,207.0,11.290371,3.0,9.9
1742893260.840000,45.371845,6.590795,2022.661474,203.0,10.980039,1.9,9.9
1742893261.841000,45.371757,6.590753,2022.415941,196.0,9.850154,2.0,9.9
1742893263.841000,45.371586,6.590673,2020.752675,198.0,10.559935,2.0,9.9
1742893265.841000,45.371421,6.590634,2019.263502,186.0,8.770063,1.4,9.9
1742893267.840000,45.371292,6.590509,2020.614308,240.0,9.908978,1.4,9.9
1742893268.840000,45.371236,6.590403,2016.357436,223.0,10.696765,1.4,9.9
1742893269.841000,45.371157,6.590318,2012.276592,214.0,11.148509,1.3,9.9
1742893270.841000,45.371092,6.590221,2009.374164,240.0,10.839713,1.3,9.9
1742893271.841000,45.371066,6.590091,2005.393555,261.0,10.359946,1.3,9.9
1742893272.841000,45.371039,6.589963,2003.270539,244.0,11.067971,1.4,9.9
1742893273.841000,45.370982,6.589849,1998.248291,229.0,10.769974,1.3,9.9
1742893274.841000,45.370934,6.589725,1994.692964,253.0,11.519543,1.4,9.9
1742893275.841000,45.370931,6.589580,1991.726928,280.0,10.809913,1.5,9.9
1742893276.841000,45.370954,6.589437,1987.748497,282.0,11.899699,1.6,9.9
1742893277.841000,45.370956,6.589295,1982.710355,259.0,10.940049,1.4,9.9
1742893278.841000,45.370940,6.589160,1975.998670,264.0,10.470265,1.4,9.9
1742893280.841000,45.371016,6.588955,1967.814674,327.0,7.950831,1.4,9.9
1742893282.840000,45.371115,6.588816,1960.611328,289.0,8.798394,1.3,9.9
1742893284.840000,45.371117,6.588657,1954.135013,259.0,5.110160,1.5,9.9
1742893286.840000,45.371118,6.588454,1955.047557,274.9,8.962316,2.1,9.9
1742893287.840000,45.371183,6.588347,1946.069500,318.5,12.384910,1.4,9.9
1742893288.841000,45.371287,6.588254,1941.409466,327.0,12.389859,1.4,9.9
1742893289.841000,45.371366,6.588141,1936.302094,302.0,12.367925,1.4,9.9
1742893290.841000,45.371407,6.587980,1930.856878,284.0,13.696771,1.4,9.9
1742893291.840000,45.371462,6.587828,1924.273805,312.0,13.368857,1.4,9.9
1742893292.841000,45.371559,6.587715,1919.131570,325.0,14.298647,1.4,9.9
1742893293.841000,45.371647,6.587594,1912.869976,305.0,13.439678,1.4,9.9
1742893294.840000,45.371692,6.587459,1906.108040,288.0,10.320889,1.4,9.9
1742893295.840000,45.371714,6.587325,1902.557546,282.0,10.839903,1.4,9.9
1742893296.840000,45.371756,6.587194,1899.154152,303.0,11.689022,1.4,9.9
1742893297.841000,45.371824,6.587091,1896.920979,318.0,9.831283,1.4,9.9
1742893299.839000,45.371973,6.586924,1885.242258,310.0,12.317743,1.4,9.9
1742893300.840000,45.372020,6.586793,1878.719326,284.0,10.800076,1.4,9.9
1742893301.840000,45.372042,6.586645,1873.671015,283.0,12.379054,1.4,9.9
1742893302.839000,45.372086,6.586500,1868.673687,301.0,12.269788,1.4,9.9
1742893303.840000,45.372156,6.586376,1867.424208,309.0,12.439627,1.6,9.9
1742893304.839000,45.372209,6.586239,1861.066963,286.0,12.908688,1.5,9.9
1742893305.840000,45.372228,6.586072,1856.130353,276.0,13.729658,1.4,9.9
1742893306.841000,45.372253,6.585890,1849.693617,286.0,15.399394,1.4,9.9
1742893307.840000,45.372309,6.585726,1844.640314,303.0,13.550761,1.4,9.9
1742893308.840000,45.372383,6.585585,1840.785364,302.0,13.919810,1.4,9.9
1742893309.840000,45.372426,6.585428,1834.897953,278.0,13.199758,1.4,9.9
1742893310.841000,45.372422,6.585271,1828.576850,262.0,11.590209,1.4,9.9
1742893311.840000,45.372403,6.585122,1825.765104,259.0,12.319869,1.5,9.9
1742893312.841000,45.372406,6.584954,1821.706439,280.0,13.929173,1.4,9.9
1742893313.840000,45.372422,6.584785,1817.053999,273.0,12.470410,1.4,9.9
1742893314.841000,45.372415,6.584646,1810.921808,259.0,9.730563,1.5,9.9
1742893316.840000,45.372386,6.584403,1806.064656,271.0,10.359786,1.4,9.9
1742893318.841000,45.372425,6.584158,1806.214579,274.0,10.379480,1.4,9.9
1742893320.841000,45.372375,6.583918,1780.783622,246.0,10.129849,1.9,9.9
1742893321.841000,45.372356,6.583791,1787.595503,270.0,10.459758,1.7,9.9
1742893323.839000,45.372393,6.583558,1780.911294,276.0,9.747724,1.5,9.9
1742893325.841000,45.372367,6.583360,1774.514751,246.0,6.160518,2.2,9.9
1742893327.841000,45.372333,6.583187,1774.701495,273.0,8.279438,1.4,9.9
1742893329.841000,45.372369,6.582966,1773.262278,269.0,9.639412,1.4,9.9
1742893331.841000,45.372353,6.582771,1766.147801,263.0,6.460288,1.4,9.9
1742893333.840000,45.372335,6.582599,1763.625739,270.0,7.419601,1.4,9.9
1742893335.841000,45.372360,6.582398,1754.866973,263.0,8.149943,1.4,9.9
1742893337.841000,45.372327,6.582233,1748.906931,252.0,6.360016,1.5,9.9
1742893339.841000,45.372305,6.582090,1743.880318,257.0,5.069353,1.4,9.9
1742893342.841000,45.372289,6.581950,1739.572116,232.4,3.825945,3.1,9.9
1742893348.841000,45.372232,6.581850,1728.608993,114.2,2.283484,1.8,9.9
1742893353.841000,45.372192,6.581728,1729.237644,130.5,1.018511,2.0,9.9
1742893397.841000,45.372148,6.581527,1713.553512,231.8,4.027111,1.9,10.0
1742893398.841000,45.372082,6.581426,1711.331750,223.3,6.279079,2.2,10.0
1742893399.840000,45.372012,6.581331,1716.879469,216.2,7.911467,1.8,10.0
1742893400.841000,45.371938,6.581240,1706.599397,206.2,8.743546,1.9,10.0
1742893401.840000,45.371856,6.581154,1705.018065,209.4,9.595156,2.0,9.9
1742893402.840000,45.371772,6.581078,1702.275887,207.2,9.944189,3.0,9.9
1742893403.840000,45.371687,6.581026,1701.543735,201.6,9.702114,2.9,9.9
1742893405.840000,45.371530,6.580987,1713.705027,188.9,8.486074,2.2,9.9
1742893407.840000,45.371409,6.580958,1704.462327,191.9,6.742384,2.1,9.9
1742893410.840000,45.371308,6.580937,1712.778838,173.2,3.439389,1.9,9.9
1742893430.841000,45.371261,6.580884,1720.725838,-1.0,0.000000,5.8,10.0
1742893430.841000,45.371261,6.580884,1720.725838,-1.0,0.000000,5.8,10.0
1742893446.840000,45.371249,6.580839,1717.840806,289.9,0.206410,4.1,9.9
1742893460.840000,45.371250,6.580707,1722.224300,269.3,1.513658,2.9,9.9
1742893464.840000,45.371252,6.580576,1726.019527,288.8,1.407674,1.4,9.9
1742893481.841000,45.371248,6.580704,1725.560687,120.0,0.534971,4.0,9.9
1742893540.841000,45.371158,6.580688,1729.849422,258.0,0.846173,1.3,9.9
1742893545.840000,45.371065,6.580710,1742.400024,186.2,2.997165,1.6,9.9
1742893547.841000,45.370972,6.580710,1734.980204,187.0,4.734319,2.3,9.9
1742893549.841000,45.370866,6.580700,1735.429430,185.0,5.083909,2.4,9.9
1742893552.841000,45.370741,6.580663,1745.087729,182.1,4.750060,1.2,10.7
1742893554.841000,45.370647,6.580655,1742.400024,182.5,4.748298,2.1,10.8
1742893557.841000,45.370528,6.580647,1747.046240,178.0,4.676456,1.7,10.1
1742893560.841000,45.370404,6.580644,1752.884435,173.0,4.475021,1.7,9.9
1742893563.841000,45.370280,6.580645,1759.768195,171.4,4.728197,2.3,10.0
1742893565.840000,45.370188,6.580631,1766.714508,172.0,4.969516,1.8,10.0
1742893568.840000,45.370061,6.580610,1765.841243,174.0,4.668731,1.3,10.0
1742893571.841000,45.369935,6.580590,1774.582008,175.0,4.739488,1.2,7.5
1742893573.840000,45.369844,6.580575,1782.916596,177.0,4.958523,1.8,6.0
1742893576.841000,45.369716,6.580563,1787.438554,178.0,4.809144,1.8,4.1
1742893579.841000,45.369587,6.580550,1784.005610,179.0,4.849146,1.5,3.9
1742893582.840000,45.369460,6.580538,1789.902279,180.0,4.691455,1.7,3.9
1742893585.841000,45.369335,6.580525,1794.132821,181.0,4.649980,1.6,4.3
1742893588.841000,45.369208,6.580509,1797.153394,182.0,4.711887,1.8,5.1
1742893591.841000,45.369082,6.580494,1802.842578,183.0,4.622380,2.3,6.0
1742893594.840000,45.368950,6.580475,1812.249423,182.8,5.193849,1.6,7.8
1742893597.841000,45.368820,6.580460,1808.797444,183.0,4.899076,1.3,8.5
1742893600.840000,45.368691,6.580444,1812.800049,183.0,4.946758,4.0,9.2
1742893603.841000,45.368560,6.580428,1819.463709,183.0,4.883121,10.7,7.7
1742893606.840000,45.368429,6.580415,1824.822178,183.1,4.845338,8.4,5.8
1742893609.841000,45.368297,6.580398,1828.532346,183.0,5.065860,9.9,4.8
1742893611.841000,45.368207,6.580385,1829.912957,183.0,4.806463,9.6,5.0
1742893614.841000,45.368079,6.580371,1832.254724,183.0,4.811371,7.7,4.9
1742893617.840000,45.367947,6.580356,1833.312447,184.0,4.998281,2.8,4.6
1742893620.840000,45.367813,6.580340,1836.273973,184.0,4.872087,3.3,4.3
1742893623.841000,45.367685,6.580326,1841.192182,184.0,4.978111,10.4,3.8
1742893626.841000,45.367554,6.580308,1841.560958,184.0,4.989737,1.7,4.2
1742893629.841000,45.367429,6.580293,1846.270930,184.7,4.766218,2.1,4.7
1742893632.840000,45.367300,6.580278,1860.116410,185.0,4.995038,1.7,5.0
1742893634.841000,45.367210,6.580270,1851.829378,185.0,4.972404,5.0,4.7
1742893637.839000,45.367078,6.580254,1855.305269,185.0,4.892790,2.7,3.9
1742893639.839000,45.366988,6.580244,1865.671304,185.0,5.008574,1.1,3.8
1742893642.840000,45.366858,6.580228,1868.508830,185.0,4.908999,1.1,3.8
1742893645.840000,45.366729,6.580211,1862.947907,185.0,4.799818,2.8,3.8
1742893648.840000,45.366598,6.580196,1866.249916,185.0,4.865854,2.8,4.0
1742893651.839000,45.366464,6.580181,1869.988778,185.0,4.917494,3.4,4.2
1742893654.839000,45.366331,6.580166,1883.200630,185.0,4.910991,1.2,4.3
1742893657.840000,45.366198,6.580150,1875.726604,185.0,4.865638,1.7,4.3
1742893660.840000,45.366071,6.580136,1879.590556,185.7,4.755456,1.8,4.1
1742893663.840000,45.365944,6.580122,1894.339442,185.0,4.750170,2.1,4.1
1742893666.840000,45.365810,6.580110,1898.233482,185.0,5.111076,2.0,4.6
1742893669.840000,45.365679,6.580096,1900.381328,185.0,5.019298,1.3,5.4
1742893672.839000,45.365551,6.580082,1902.713261,185.0,4.987917,1.4,5.9
1742893675.839000,45.365422,6.580065,1896.952792,185.0,4.857946,3.1,6.5
1742893678.839000,45.365292,6.580047,1901.010719,185.0,4.834167,3.1,7.0
1742893681.840000,45.365159,6.580030,1904.261291,185.0,4.922960,3.6,6.5
1742893684.840000,45.365026,6.580015,1915.976122,185.0,4.921300,1.4,6.5
1742893687.840000,45.364893,6.580002,1908.687583,185.0,4.860456,2.0,6.9
1742893690.840000,45.364764,6.579988,1912.765519,185.0,4.710887,2.0,6.8
1742893693.840000,45.364635,6.579973,1927.371163,185.0,4.768406,2.3,5.8
1742893696.839000,45.364502,6.579957,1931.984032,185.0,4.901414,2.3,6.0
1742893699.839000,45.364371,6.579941,1936.655358,185.0,4.867922,1.5,6.9
1742893702.839000,45.364240,6.579922,1940.408119,185.0,4.723121,1.6,7.8
1742893705.839000,45.364114,6.579907,1938.442787,185.0,4.602295,9.5,8.1
1742893708.838000,45.363988,6.579891,1941.881761,185.0,4.835756,3.3,8.4
1742893711.840000,45.363860,6.579878,1948.438001,185.0,4.839520,10.5,8.6
1742893714.839000,45.363732,6.579865,1960.050488,185.0,4.800357,1.6,8.6
1742893717.840000,45.363607,6.579851,1954.180834,185.0,4.561354,1.6,8.5
1742893720.839000,45.363478,6.579837,1962.811504,185.0,4.711247,7.3,9.3
1742893723.840000,45.363350,6.579824,1976.004862,185.0,4.690060,1.7,11.8
1742893726.840000,45.363226,6.579809,1981.435704,185.0,4.665309,1.8,12.3
1742893729.839000,45.363101,6.579795,1986.870455,185.0,4.711101,1.2,11.9
1742893732.838000,45.362977,6.579782,1992.948767,185.0,4.622569,1.1,11.1
1742893735.840000,45.362853,6.579766,1997.127970,185.0,4.605422,1.7,10.8
1742893738.840000,45.362726,6.579750,1998.669626,185.0,4.764153,9.2,11.5
1742893741.838000,45.362601,6.579736,2003.432933,185.0,4.579979,3.4,12.1
1742893744.839000,45.362476,6.579721,2017.584635,185.0,4.590944,1.1,12.6
1742893747.839000,45.362354,6.579706,2014.301775,185.0,4.573474,3.0,12.9
1742893750.839000,45.362234,6.579691,2032.388835,185.0,4.492946,0.8,13.0
1742893753.839000,45.362116,6.579678,2038.719876,185.0,4.435505,1.7,12.7
1742893756.840000,45.361998,6.579666,2046.172662,185.0,4.457879,1.8,12.2
1742893759.839000,45.361873,6.579654,2053.807333,185.2,4.760962,1.2,12.1
1742893762.839000,45.361745,6.579638,2058.596672,184.9,4.606341,1.1,11.3
1742893765.839000,45.361623,6.579626,2063.933770,184.7,4.666612,1.6,10.0
1742893768.840000,45.361500,6.579610,2060.823600,184.2,4.636381,5.1,9.9
1742893771.839000,45.361376,6.579593,2066.050679,185.0,4.706158,8.3,9.9
1742893774.839000,45.361251,6.579579,2078.724938,185.0,4.678652,1.1,9.9
1742893777.839000,45.361116,6.579563,2072.787796,185.5,4.981980,2.4,9.9
1742893780.840000,45.360982,6.579552,2086.316179,183.1,5.328908,0.8,7.9
1742893783.840000,45.360853,6.579534,2088.018345,184.2,4.910905,1.6,3.9
1742893786.839000,45.360720,6.579519,2090.785728,184.0,4.908979,1.8,3.9
1742893789.840000,45.360587,6.579501,2093.458596,185.0,4.911118,1.2,3.8
1742893792.840000,45.360453,6.579484,2096.562254,185.0,4.964614,1.0,3.8
1742893795.839000,45.360324,6.579471,2099.779461,186.0,4.904378,1.5,3.8
1742893798.840000,45.360197,6.579457,2095.747801,185.0,4.809963,7.4,3.9
1742893801.839000,45.360063,6.579440,2097.341048,185.0,4.851867,3.2,4.1
1742893804.840000,45.359932,6.579427,2110.355433,184.4,4.866769,1.2,4.8
1742893807.840000,45.359803,6.579412,2103.837621,185.0,4.837355,2.5,5.5
1742893810.840000,45.359676,6.579396,2119.371266,185.0,4.857883,0.8,5.9
1742893813.840000,45.359547,6.579378,2123.189400,185.0,4.710264,1.6,6.1
1742893816.840000,45.359416,6.579366,2127.051576,185.0,4.838422,1.8,6.3
1742893819.839000,45.359291,6.579350,2131.306925,184.7,4.703867,1.2,6.9
1742893822.839000,45.359157,6.579333,2134.206223,185.0,4.980515,1.0,6.3
1742893825.840000,45.359026,6.579320,2136.060426,182.0,4.979891,1.6,4.0
1742893827.840000,45.358936,6.579310,2137.436221,184.0,5.001375,1.6,3.8
1742893830.840000,45.358804,6.579292,2139.023191,184.0,4.957082,1.2,3.9
1742893833.839000,45.358672,6.579276,2141.134617,184.0,4.959525,1.2,4.1
1742893835.840000,45.358582,6.579267,2143.110806,184.0,4.933715,1.2,4.3
1742893837.840000,45.358487,6.579258,2133.922983,184.0,4.973103,2.5,4.7
1742893840.840000,45.358356,6.579249,2147.725782,184.0,4.934133,0.9,5.2
1742893843.840000,45.358225,6.579234,2149.771626,184.0,4.871488,1.8,7.9
1742893846.840000,45.358097,6.579217,2152.409537,184.0,4.879953,2.0,10.3
1742893849.840000,45.357964,6.579200,2155.649607,184.0,4.944368,1.4,10.2
1742893852.840000,45.357831,6.579184,2158.570458,184.0,4.922015,1.3,10.2
1742893855.839000,45.357700,6.579168,2161.917470,184.2,4.856153,1.7,10.1
1742893858.839000,45.357565,6.579153,2157.874907,184.0,4.957138,5.2,8.9
1742893861.840000,45.357429,6.579140,2159.754516,185.0,5.128262,8.5,5.1
1742893863.840000,45.357338,6.579129,2159.445749,184.5,4.920555,3.3,3.8
1742893865.839000,45.357247,6.579119,2169.686383,183.0,4.949028,1.1,3.8
1742893867.840000,45.357155,6.579114,2160.435851,192.0,4.986690,2.4,3.8
1742893870.840000,45.357025,6.579091,2174.505009,208.2,4.859870,0.8,3.8
1742893873.840000,45.356898,6.579064,2176.928626,199.4,4.779234,1.6,3.8
1742893876.838000,45.356770,6.579042,2179.849386,195.5,4.857751,1.8,3.8
1742893879.840000,45.356640,6.579032,2182.716435,191.4,4.849264,1.2,3.8
1742893882.840000,45.356510,6.579025,2186.482501,187.5,4.910438,1.5,4.0
1742893885.839000,45.356381,6.579018,2190.181988,184.0,4.869833,2.0,4.8
1742893888.839000,45.356252,6.579012,2186.507146,181.0,4.781160,5.2,4.4
1742893891.839000,45.356126,6.579005,2190.106348,177.8,4.757258,8.6,3.8
1742893894.840000,45.355996,6.578980,2201.392534,176.0,4.920671,1.1,3.8
1742893897.839000,45.355861,6.578964,2192.119934,176.0,4.990306,2.5,3.8
1742893900.839000,45.355733,6.578948,2206.253697,176.9,4.869020,0.8,3.8
1742893903.840000,45.355601,6.578937,2208.675188,178.0,4.890669,1.6,3.9
1742893906.840000,45.355473,6.578934,2210.872840,172.0,4.879524,1.8,4.1
1742893909.839000,45.355341,6.578925,2214.430406,172.0,4.731759,1.2,4.0
1742893911.840000,45.355251,6.578899,2215.584628,172.0,5.046844,1.1,3.8
1742893913.839000,45.355156,6.578884,2215.130974,183.7,5.029285,1.1,3.8
1742893915.839000,45.355066,6.578875,2215.075765,182.1,5.164035,1.5,3.8
1742893917.839000,45.354974,6.578867,2209.285765,184.9,4.935266,2.8,3.8
1742893919.839000,45.354883,6.578858,2207.569501,184.0,4.935982,9.4,3.8
1742893921.839000,45.354793,6.578847,2207.335988,184.0,4.938237,10.0,3.8
1742893923.839000,45.354702,6.578839,2214.685259,178.0,5.049390,1.2,3.8
1742893925.839000,45.354611,6.578835,2215.069763,173.4,4.966419,1.1,3.8
1742893927.839000,45.354521,6.578830,2216.264179,169.1,4.959636,0.8,3.8
1742893929.838000,45.354430,6.578824,2216.088687,169.0,5.000946,0.8,3.8
1742893932.838000,45.354299,6.578801,2215.860382,184.0,4.999007,1.6,3.8
1742893934.839000,45.354209,6.578792,2215.894719,184.0,4.959641,1.8,3.8
1742893936.839000,45.354113,6.578786,2215.825594,184.0,4.922163,1.8,3.8
1742893939.839000,45.353983,6.578758,2216.079246,184.0,5.058928,1.1,3.8
1742893941.839000,45.353892,6.578745,2216.203408,184.0,4.960525,1.0,3.8
1742893943.839000,45.353803,6.578724,2216.766283,184.0,5.107240,1.5,3.8
1742893945.838000,45.353712,6.578716,2217.027373,184.0,4.921761,1.6,3.8
1742893948.838000,45.353579,6.578701,2217.920778,184.0,5.028760,1.6,3.8
1742893951.839000,45.353443,6.578688,2218.327664,184.0,4.940040,1.1,3.8
1742893954.838000,45.353308,6.578670,2219.483059,184.0,5.029593,1.1,3.8
1742893957.839000,45.353175,6.578651,2221.450219,184.0,4.960004,0.8,3.8
1742893959.839000,45.353084,6.578635,2222.234556,184.0,5.058987,0.9,3.8
1742893962.838000,45.352953,6.578620,2222.886357,183.0,4.978777,1.8,3.8
1742893964.839000,45.352862,6.578609,2224.069890,184.0,4.990274,1.8,3.8
1742893966.838000,45.352772,6.578596,2224.578098,183.0,4.910246,1.2,3.8
1742893968.838000,45.352681,6.578582,2225.568398,183.0,5.047344,1.1,3.8
1742893970.839000,45.352591,6.578567,2226.848432,183.0,5.000392,1.1,3.8
1742893972.839000,45.352499,6.578557,2228.677779,183.0,4.910442,1.5,3.8
1742893975.839000,45.352366,6.578542,2230.825416,183.0,5.127423,1.6,4.8
1742893978.839000,45.352236,6.578527,2232.348569,183.0,4.948925,1.2,8.7
1742893981.839000,45.352104,6.578515,2235.255179,183.0,4.860724,1.2,9.9
1742893984.839000,45.351972,6.578505,2238.557412,182.0,4.968926,0.9,9.9
1742893987.838000,45.351840,6.578493,2241.741018,183.0,4.870244,0.8,9.9
1742893990.838000,45.351708,6.578476,2243.833828,185.0,4.891976,1.7,9.9
1742893993.839000,45.351578,6.578455,2246.047887,187.0,4.949113,1.8,9.9
1742893996.839000,45.351449,6.578444,2248.427344,189.0,4.831034,1.1,9.9
1742893999.837000,45.351316,6.578434,2250.897380,187.0,4.930183,1.1,9.9
1742894001.837000,45.351226,6.578426,2252.882653,185.0,4.901476,1.5,9.9
1742894004.839000,45.351092,6.578421,2257.618789,184.0,4.890018,1.7,9.9
1742894007.838000,45.350960,6.578405,2260.086771,184.0,4.889697,1.3,9.9
1742894010.839000,45.350828,6.578387,2262.946763,176.0,4.877037,1.2,9.9
1742894013.838000,45.350699,6.578378,2267.090856,173.0,4.829126,0.8,9.9
1742894016.838000,45.350570,6.578367,2271.225946,177.0,4.880063,1.4,9.9
1742894019.839000,45.350443,6.578348,2274.638791,178.0,4.839783,1.8,9.9
1742894022.838000,45.350316,6.578327,2278.308042,178.0,4.810366,1.3,9.9
1742894025.838000,45.350188,6.578309,2282.185196,177.0,4.820021,1.0,9.9
1742894028.838000,45.350060,6.578290,2286.560085,181.0,4.709772,1.2,9.9
1742894031.838000,45.349929,6.578274,2290.773890,182.0,4.801703,1.6,9.9
1742894034.839000,45.349799,6.578259,2295.054800,181.0,4.819584,1.3,9.9
1742894037.838000,45.349666,6.578244,2300.355122,182.0,4.740901,1.4,9.9
1742894040.839000,45.349540,6.578228,2306.340648,182.0,4.770360,0.9,9.9
1742894043.839000,45.349415,6.578216,2310.779087,181.0,4.808431,0.8,9.9
1742894046.838000,45.349285,6.578197,2314.864291,181.0,5.000903,1.6,9.9
1742894049.839000,45.349156,6.578180,2317.867478,182.0,4.958691,1.8,9.9
1742894052.839000,45.349025,6.578168,2319.803876,182.0,4.883232,1.2,9.9
1742894055.839000,45.348893,6.578151,2323.755513,182.0,4.920340,1.0,9.9
1742894058.839000,45.348766,6.578134,2327.398182,183.0,4.855694,1.5,9.9
1742894061.839000,45.348635,6.578120,2331.074986,183.0,4.840615,1.6,9.9
1742894064.838000,45.348504,6.578105,2333.857927,183.0,4.860676,1.3,9.9
1742894067.839000,45.348376,6.578089,2338.108662,184.0,4.820690,1.4,9.9
1742894070.838000,45.348247,6.578075,2342.859763,184.0,4.830466,0.9,9.9
1742894073.839000,45.348117,6.578062,2346.844427,184.0,4.740377,0.8,9.9
1742894076.839000,45.347986,6.578045,2351.186683,184.0,4.840407,1.6,9.9
1742894079.839000,45.347854,6.578026,2355.083074,184.0,4.800213,1.8,9.9
1742894082.839000,45.347722,6.578013,2359.656065,184.0,4.774327,1.2,9.9
1742894085.839000,45.347595,6.578000,2364.478866,184.0,4.818663,1.0,9.9
1742894088.839000,45.347468,6.577984,2369.900634,185.0,4.730355,1.5,9.9
1742894091.839000,45.347343,6.577973,2374.841130,185.0,4.749861,1.6,9.9
1742894094.838000,45.347214,6.577956,2379.151828,184.1,4.769831,1.3,9.9
1742894097.838000,45.347080,6.577936,2384.742427,183.0,4.761975,1.4,9.9
1742894100.839000,45.346956,6.577926,2390.453483,185.0,4.739218,0.9,9.9
1742894103.838000,45.346829,6.577907,2396.145855,190.0,4.612208,0.8,9.9
1742894106.839000,45.346701,6.577883,2400.993929,192.0,4.846640,1.6,9.9
1742894109.839000,45.346573,6.577863,2406.908821,193.0,4.710185,1.8,9.9
1742894112.837000,45.346449,6.577846,2412.438732,191.0,4.719393,1.2,9.9
1742894115.839000,45.346322,6.577833,2418.065552,190.0,4.741766,1.0,9.9
1742894118.839000,45.346197,6.577819,2424.547211,189.0,4.883877,1.5,9.9
1742894121.838000,45.346070,6.577809,2430.589779,188.0,4.650095,1.6,9.9
1742894124.839000,45.345948,6.577801,2436.889627,188.0,4.688004,1.3,9.9
1742894127.839000,45.345829,6.577790,2442.687402,184.0,4.490040,1.4,9.9
1742894130.838000,45.345709,6.577784,2451.493891,186.0,4.649948,0.9,9.9
1742894133.839000,45.345582,6.577760,2457.964495,184.0,5.111927,0.8,9.9
1742894136.839000,45.345453,6.577740,2462.441838,188.0,5.104802,1.6,9.9
1742894139.839000,45.345328,6.577728,2466.417302,184.0,4.993008,1.8,9.9
1742894142.839000,45.345199,6.577719,2471.081835,183.0,4.789226,1.2,9.9
1742894145.838000,45.345073,6.577707,2475.131974,183.0,4.750063,1.1,9.9
1742894148.839000,45.344947,6.577698,2480.080948,184.0,4.749936,1.5,9.9
1742894151.839000,45.344820,6.577685,2484.702945,183.0,4.760240,1.5,9.9
1742894154.838000,45.344688,6.577671,2489.127031,183.0,4.771326,1.3,9.9
1742894157.838000,45.344559,6.577658,2494.449231,183.0,4.730500,1.1,9.9
1742894160.839000,45.344429,6.577647,2500.787414,182.0,4.690847,0.9,9.9
1742894163.839000,45.344301,6.577633,2505.335799,182.0,4.710479,0.8,9.9
1742894166.838000,45.344174,6.577617,2509.656624,182.0,4.719511,1.6,9.9
1742894169.838000,45.344046,6.577600,2515.418824,182.0,4.660272,1.8,9.9
1742894172.838000,45.343919,6.577584,2520.708873,182.0,4.670442,1.2,9.9
1742894175.839000,45.343795,6.577570,2526.920521,182.0,4.796931,1.1,10.6
1742894177.838000,45.343704,6.577553,2529.858577,182.0,4.992875,1.2,10.7
1742894179.839000,45.343614,6.577538,2530.742616,184.0,4.883463,1.6,9.9
1742894184.839000,45.343516,6.577530,2529.915452,182.0,1.140317,1.4,9.9
1742894208.839000,45.343430,6.577592,2530.172504,125.5,0.989820,1.6,9.9
1742894225.837000,45.343362,6.577677,2530.358518,124.6,0.235587,1.9,9.9
1742894236.838000,45.343296,6.577780,2530.072965,133.0,2.261796,1.6,9.9
1742894239.837000,45.343232,6.577878,2528.875103,136.2,3.702490,1.7,9.9
1742894242.836000,45.343138,6.578000,2527.606188,139.7,4.706956,1.2,9.9
1742894244.837000,45.343072,6.578110,2525.824901,136.0,5.337499,1.2,9.9
1742894246.837000,45.343006,6.578241,2525.184380,130.5,5.910880,1.0,9.9
1742894248.837000,45.342932,6.578381,2523.292365,129.8,6.389407,0.9,9.9
1742894250.837000,45.342846,6.578505,2522.024602,133.8,6.507488,1.0,9.9
1742894252.837000,45.342763,6.578621,2519.560684,134.7,6.405682,1.8,9.9
1742894254.838000,45.342691,6.578756,2516.939576,125.4,6.625766,2.0,9.9
1742894256.837000,45.342632,6.578910,2515.046528,120.0,6.897946,1.9,9.9
1742894258.836000,45.342572,6.579088,2511.941603,113.3,7.715538,1.4,9.9
1742894260.838000,45.342563,6.579305,2509.366981,92.7,8.145501,1.3,9.9
1742894262.838000,45.342602,6.579534,2506.977795,78.8,8.637103,1.3,9.9
1742894264.838000,45.342644,6.579751,2506.341036,79.0,7.903999,1.8,9.9
1742894266.837000,45.342673,6.579939,2506.483339,79.0,7.219979,1.8,9.9
1742894268.838000,45.342713,6.580082,2506.440995,86.0,5.664996,1.9,9.9
1742894271.838000,45.342739,6.580258,2500.058960,75.0,4.564394,2.8,9.9
1742894275.838000,45.342786,6.580377,2494.788069,57.0,1.823005,2.2,9.9
1742894292.838000,45.342865,6.580443,2505.456865,338.0,1.030278,1.2,9.9
1742894326.838000,45.342932,6.580352,2496.431249,250.8,0.227009,1.9,9.9
1742894367.838000,45.342938,6.580219,2504.635962,230.8,4.084930,1.8,11.9
1742894369.837000,45.342878,6.580052,2487.176460,239.4,4.561596,1.7,11.3
1742894370.838000,45.342825,6.579922,2486.714977,240.3,4.808854,3.4,10.8
1742894372.838000,45.342743,6.579759,2491.563264,235.1,4.536446,1.7,10.2
1742894374.838000,45.342675,6.579635,2502.133695,236.2,4.888831,3.4,9.9
1742894376.838000,45.342609,6.579524,2503.143630,233.3,4.705292,3.2,9.9
1742894378.837000,45.342550,6.579421,2510.016974,233.5,4.828188,3.5,9.9
1742894381.837000,45.342464,6.579282,2503.670716,231.8,4.813108,2.7,9.9
1742894384.838000,45.342382,6.579142,2508.670380,230.7,4.852312,2.3,9.9
1742894387.838000,45.342299,6.579004,2511.612551,231.9,4.635128,2.9,9.9
1742894390.838000,45.342216,6.578870,2512.352936,232.0,4.680459,1.6,9.9
1742894393.838000,45.342140,6.578728,2529.983393,229.0,4.759170,4.2,9.9
1742894396.838000,45.342061,6.578582,2534.482849,230.0,4.590723,3.6,9.9
1742894399.837000,45.341981,6.578446,2534.344572,232.0,4.748418,3.5,9.9
1742894402.837000,45.341901,6.578313,2538.934619,230.0,4.568778,3.4,9.9
1742894405.838000,45.341827,6.578174,2556.470843,230.0,4.450611,3.0,9.9
1742894408.838000,45.341752,6.578044,2563.602411,232.0,4.420432,3.8,9.9
1742894411.838000,45.341679,6.577909,2570.754599,231.0,5.000939,3.8,9.9
1742894414.838000,45.341613,6.577777,2570.775235,229.0,4.079444,4.4,9.9
1742894416.838000,45.341556,6.577673,2569.660629,231.0,4.811041,1.9,9.9
1742894419.837000,45.341482,6.577545,2579.281660,230.0,4.716742,4.3,9.9
1742894421.838000,45.341425,6.577443,2585.316213,233.0,4.731217,5.2,9.9
1742894424.838000,45.341336,6.577307,2591.351135,231.0,4.649765,4.4,9.9
1742894427.838000,45.341251,6.577170,2607.991982,231.0,4.600051,2.1,9.9
1742894430.838000,45.341172,6.577040,2608.519425,230.0,4.579250,10.9,9.9
1742894433.838000,45.341093,6.576901,2611.263566,230.0,4.470076,3.8,9.9
1742894436.838000,45.341014,6.576770,2618.659570,232.0,4.470273,3.3,9.9
1742894439.837000,45.340939,6.576644,2626.092125,230.0,4.219162,4.1,9.9
1742894442.837000,45.340865,6.576510,2632.458024,230.0,4.202495,4.1,9.9
1742894445.838000,45.340788,6.576372,2632.166496,231.0,4.530221,2.6,9.9
1742894448.837000,45.340707,6.576236,2642.740706,231.0,4.429873,4.8,9.9
1742894451.838000,45.340629,6.576101,2644.660059,229.0,4.391407,2.2,9.9
1742894454.838000,45.340555,6.575974,2658.823645,230.0,4.359506,4.2,9.9
1742894457.838000,45.340476,6.575847,2667.389271,231.0,4.260849,3.7,9.9
1742894460.837000,45.340402,6.575723,2667.145634,230.0,4.458257,1.8,9.9
1742894463.838000,45.340330,6.575596,2675.129367,229.0,4.090168,3.2,9.9
1742894466.838000,45.340258,6.575463,2693.632927,230.0,4.260983,2.9,9.9
1742894469.838000,45.340185,6.575338,2704.806403,232.0,4.238963,8.1,9.9
1742894472.838000,45.340113,6.575212,2711.658647,229.0,4.099883,3.7,9.9
1742894475.836000,45.340043,6.575090,2720.232960,230.0,4.149999,3.9,9.9
1742894478.838000,45.339972,6.574973,2727.164262,232.0,3.919633,4.3,9.9
1742894481.838000,45.339899,6.574855,2736.788720,230.0,4.047289,6.0,9.9
1742894484.838000,45.339830,6.574722,2745.646338,230.0,3.654295,3.6,9.9
1742894487.838000,45.339764,6.574597,2754.545096,232.0,3.949293,4.1,9.9
1742894490.837000,45.339679,6.574461,2753.053986,231.0,4.309371,1.8,9.9
1742894493.838000,45.339603,6.574334,2752.263058,230.0,3.971824,1.4,9.9
1742894496.838000,45.339533,6.574210,2779.569039,231.0,4.110074,2.9,9.9
1742894499.838000,45.339460,6.574093,2793.043460,231.0,4.257161,8.2,9.9
1742894502.838000,45.339385,6.573969,2798.908947,230.0,4.149371,3.9,9.9
1742894505.838000,45.339314,6.573842,2806.878451,229.0,3.891519,2.0,9.9
1742894508.837000,45.339235,6.573710,2812.035657,230.0,5.151957,4.5,9.9
1742894510.838000,45.339180,6.573608,2818.881442,230.0,3.860689,8.1,9.9
1742894513.838000,45.339096,6.573464,2822.943970,228.0,5.719827,3.6,9.9
1742894516.838000,45.339014,6.573317,2823.290747,231.0,5.133936,4.1,9.9
1742894518.837000,45.338955,6.573218,2823.771109,228.0,4.892319,3.9,9.9
1742894521.838000,45.338873,6.573071,2833.971595,231.0,4.540387,1.7,9.9
1742894528.838000,45.338796,6.572973,2827.887401,204.0,2.439499,3.4,9.9
1742894532.837000,45.338690,6.572914,2826.767503,191.0,3.419985,4.1,9.9
1742894537.838000,45.338586,6.572918,2816.915842,171.0,1.789925,1.6,9.9
1742894542.838000,45.338493,6.572923,2823.349881,177.2,2.071868,3.4,9.9
1742894547.838000,45.338401,6.572908,2824.309792,183.0,1.555660,4.5,9.9
1742894553.838000,45.338312,6.572855,2821.109158,205.0,2.099966,3.2,9.9
1742894558.837000,45.338236,6.572781,2826.558133,220.4,1.842923,3.6,9.9
1742894567.838000,45.338154,6.572694,2816.222081,232.0,1.807182,1.6,9.9
1742894572.838000,45.338087,6.572586,2822.803263,232.6,2.110808,3.6,9.9
1742894577.838000,45.338007,6.572473,2822.382974,231.0,2.718501,4.0,9.9
1742894580.838000,45.337933,6.572397,2814.130629,224.0,3.429043,1.9,9.9
1742894584.837000,45.337860,6.572317,2822.366726,262.1,1.037567,4.5,9.9
1742894595.837000,45.337844,6.572187,2813.305824,291.0,0.550671,1.7,9.9
1742894609.837000,45.337870,6.572061,2799.308906,299.9,2.141509,1.5,9.9
1742894613.836000,45.337943,6.571936,2809.811018,318.9,5.653825,1.9,9.9
1742894615.837000,45.338048,6.571865,2808.799528,338.2,6.120291,1.7,9.9
1742894617.837000,45.338203,6.571756,2801.223555,329.2,8.979272,1.7,9.9
1742894618.836000,45.338288,6.571667,2796.322052,326.9,10.089357,1.7,9.9
1742894619.837000,45.338384,6.571554,2790.910193,323.4,11.455354,2.0,9.9
1742894620.837000,45.338497,6.571442,2775.576895,326.2,13.327741,1.5,9.9
1742894621.837000,45.338597,6.571322,2786.920824,317.2,13.649733,2.4,9.9
1742894622.837000,45.338701,6.571218,2784.051780,337.2,14.035399,2.3,9.9
1742894623.837000,45.338824,6.571159,2775.679312,341.8,14.071265,2.1,9.9
1742894624.837000,45.338938,6.571080,2763.156750,319.4,14.176406,1.5,9.9
1742894625.837000,45.339025,6.570945,2757.000244,306.2,14.164176,1.6,9.9
1742894626.837000,45.339109,6.570814,2752.847768,325.8,13.724678,1.5,9.9
1742894627.837000,45.339227,6.570740,2749.789531,343.0,14.468679,1.5,9.9
1742894628.837000,45.339341,6.570657,2746.284718,319.0,14.759569,1.5,9.9
1742894629.836000,45.339433,6.570508,2743.388489,306.0,15.719661,1.5,9.9
1742894630.837000,45.339506,6.570333,2740.360755,297.0,16.109861,1.6,9.9
1742894631.836000,45.339554,6.570144,2736.150073,283.0,15.519987,1.6,9.9
1742894632.837000,45.339561,6.569962,2731.510515,264.0,13.700265,1.7,9.9
1742894633.837000,45.339553,6.569790,2748.515495,269.0,13.769963,4.7,9.9
1742894634.836000,45.339537,6.569618,2747.198023,255.0,13.869789,4.6,9.9
1742894635.837000,45.339488,6.569468,2744.534386,235.0,12.370855,4.6,9.9
1742894636.836000,45.339410,6.569352,2740.890820,224.0,12.789667,4.6,9.9
1742894637.837000,45.339324,6.569244,2738.097037,218.0,12.889941,4.7,9.9
1742894638.837000,45.339227,6.569145,2736.679068,213.0,13.349885,4.7,9.9
1742894639.837000,45.339124,6.569052,2716.131087,210.0,13.539959,1.6,9.9
1742894640.836000,45.339024,6.568956,2712.932707,216.0,13.240041,1.6,9.9
1742894641.837000,45.338940,6.568841,2709.886468,230.0,12.949972,1.7,9.9
1742894642.836000,45.338868,6.568726,2708.507097,223.0,11.340513,1.7,9.9
1742894643.836000,45.338791,6.568656,2718.265718,202.0,8.990523,2.5,9.9
1742894645.836000,45.338653,6.568607,2719.749438,182.0,5.691797,1.9,9.9
1742894647.837000,45.338566,6.568563,2719.718304,211.0,5.969379,1.9,9.9
1742894649.836000,45.338457,6.568451,2717.936590,215.0,8.161410,2.0,9.9
1742894651.837000,45.338303,6.568318,2700.362155,220.8,10.632638,1.7,9.9
1742894652.837000,45.338230,6.568211,2697.174628,219.0,11.444617,1.7,9.9
1742894653.837000,45.338150,6.568113,2692.603674,214.1,11.526646,1.7,9.9
1742894654.837000,45.338065,6.568041,2697.613917,208.1,10.557495,2.2,9.9
1742894656.837000,45.337917,6.567944,2693.317199,195.4,8.026233,1.7,9.9
1742894661.836000,45.337847,6.567801,2683.144108,230.5,6.883341,1.8,9.9
1742894663.837000,45.337692,6.567719,2699.533999,192.0,9.749847,4.6,9.9
1742894664.837000,45.337600,6.567694,2696.768539,189.0,10.949644,5.0,9.9
1742894665.836000,45.337498,6.567670,2692.069084,187.0,11.739813,4.9,9.9
1742894666.837000,45.337394,6.567636,2691.559865,197.0,12.049973,4.9,9.9
1742894667.837000,45.337294,6.567568,2687.662527,211.0,12.469954,5.0,9.9
1742894668.837000,45.337201,6.567478,2685.729069,215.0,12.539998,5.0,9.9
1742894669.836000,45.337106,6.567396,2666.065073,206.0,12.419965,1.8,9.9
1742894670.836000,45.337009,6.567320,2663.259545,212.0,12.440000,1.9,9.9
1742894671.837000,45.336937,6.567206,2663.590098,243.0,12.199399,1.9,9.9
1742894672.836000,45.336888,6.567071,2659.676023,239.0,11.530292,1.9,9.9
1742894673.837000,45.336830,6.566968,2642.203879,225.0,9.170955,2.6,9.9
1742894675.836000,45.336839,6.566791,2665.980566,309.0,8.816383,2.0,9.9
1742894677.836000,45.336963,6.566675,2660.719893,322.0,8.169652,2.1,9.9
1742894679.836000,45.336973,6.566474,2654.949538,247.0,8.699564,2.1,9.9
1742894681.836000,45.336950,6.566253,2637.223520,291.8,10.222387,1.9,9.9
1742894682.837000,45.336995,6.566118,2632.287932,291.0,12.176517,1.9,9.9
1742894683.837000,45.337001,6.565969,2626.614493,254.0,11.977520,1.9,9.9
1742894684.837000,45.336948,6.565836,2623.407322,231.0,11.619725,1.9,9.9
1742894685.837000,45.336869,6.565736,2618.064682,213.0,11.879753,2.0,9.9
1742894686.836000,45.336787,6.565636,2613.872391,229.0,12.159730,2.0,9.9
1742894687.836000,45.336743,6.565496,2610.233778,259.0,12.239043,1.9,9.9
1742894688.836000,45.336702,6.565360,2605.584831,229.0,11.619453,1.9,9.9
1742894689.837000,45.336652,6.565245,2601.557702,253.0,10.150235,1.9,9.9
1742894691.837000,45.336700,6.565007,2595.180768,301.0,10.538169,2.0,9.9
1742894692.837000,45.336732,6.564880,2592.699484,278.0,10.849179,2.0,9.9
1742894693.837000,45.336749,6.564735,2588.223744,283.0,12.089244,2.4,9.9
1742894694.837000,45.336768,6.564579,2597.640779,276.0,12.728332,1.6,9.9
1742894695.837000,45.336789,6.564427,2591.705779,287.0,12.041437,1.6,9.9
1742894696.837000,45.336841,6.564300,2595.104635,311.0,11.699384,4.7,9.9
1742894697.837000,45.336904,6.564172,2591.193195,295.0,12.418979,4.7,9.9
1742894698.836000,45.336925,6.564010,2586.163105,270.0,13.167928,4.6,9.9
1742894699.836000,45.336946,6.563857,2574.039668,298.8,11.610166,1.7,9.9
1742894700.836000,45.337023,6.563748,2558.063187,321.9,12.439034,1.4,9.9
1742894701.835000,45.337087,6.563626,2554.205768,286.0,12.018620,1.4,9.9
1742894702.835000,45.337109,6.563470,2550.969364,281.0,12.169924,1.6,9.9
1742894703.836000,45.337158,6.563349,2532.768433,320.0,11.439487,2.1,9.9
1742894704.836000,45.337245,6.563266,2542.509132,321.0,10.750336,1.4,9.9
1742894705.836000,45.337293,6.563152,2551.706412,281.0,11.347650,1.5,9.9
1742894706.837000,45.337316,6.563001,2557.315918,288.0,12.349666,4.2,9.9
1742894707.837000,45.337335,6.562851,2543.483586,270.0,11.650017,1.8,9.9
1742894708.836000,45.337312,6.562714,2548.272551,245.0,11.389400,5.0,9.9
1742894709.836000,45.337247,6.562596,2524.817706,222.0,11.987561,1.4,9.9
1742894710.836000,45.337156,6.562513,2518.776219,205.0,12.018578,1.4,9.9
1742894711.836000,45.337053,6.562437,2514.567971,212.0,13.779205,1.4,9.9
1742894712.836000,45.336949,6.562322,2511.602764,221.0,15.399682,1.4,9.9
1742894713.836000,45.336833,6.562201,2506.218995,210.0,16.279322,1.4,9.9
1742894714.837000,45.336697,6.562113,2499.924053,200.0,17.048964,1.4,9.9
1742894715.837000,45.336550,6.562045,2493.732541,196.0,16.890028,1.4,9.9
1742894716.837000,45.336407,6.561977,2478.226685,200.0,16.820450,2.6,9.9
1742894717.837000,45.336268,6.561885,2487.338376,207.0,17.209553,1.4,9.9
1742894718.837000,45.336140,6.561761,2481.928678,219.0,17.309975,1.4,9.9
1742894719.837000,45.336027,6.561607,2465.188865,227.0,17.559845,2.4,9.9
1742894720.837000,45.335927,6.561434,2461.392432,234.0,17.619951,2.1,9.9
1742894721.837000,45.335834,6.561258,2471.063684,234.0,16.920095,1.5,9.9
1742894722.837000,45.335741,6.561095,2468.125594,229.0,16.350061,1.4,9.9
1742894723.837000,45.335644,6.560951,2468.433950,225.0,15.350164,1.6,9.9
1742894724.836000,45.335552,6.560814,2467.960782,228.0,14.490154,1.6,9.9
1742894725.836000,45.335467,6.560676,2467.077492,227.0,13.760086,1.4,9.9
1742894726.836000,45.335382,6.560553,2464.076046,222.0,13.360031,1.6,9.9
1742894727.837000,45.335291,6.560450,2461.965824,217.0,12.680050,1.5,9.9
1742894728.837000,45.335198,6.560360,2464.406570,211.0,12.509997,1.4,9.9
1742894729.837000,45.335102,6.560277,2461.498945,209.0,12.479977,1.5,9.9
1742894730.837000,45.335010,6.560182,2446.180480,220.0,12.759789,2.3,9.9
1742894731.837000,45.334941,6.560056,2471.041656,240.0,12.939249,1.5,9.9
1742894732.837000,45.334901,6.559894,2468.326414,257.0,14.018950,1.5,9.9
1742894733.837000,45.334892,6.559715,2464.762364,270.0,14.338408,1.6,9.9
1742894734.837000,45.334906,6.559517,2456.806158,278.0,16.484545,1.6,9.9
1742894735.836000,45.334906,6.559311,2452.542753,260.0,15.829995,1.8,9.9
1742894736.836000,45.334887,6.559111,2436.875705,268.0,15.719960,1.4,9.9
1742894737.835000,45.334921,6.558920,2435.023625,296.0,16.757679,1.4,9.9
1742894738.837000,45.334985,6.558732,2429.355053,290.0,15.950336,1.4,9.9
1742894739.837000,45.334994,6.558546,2426.036776,257.0,14.919207,1.4,9.9
1742894740.836000,45.334954,6.558372,2423.100972,251.0,13.530817,1.4,9.9
1742894741.837000,45.334944,6.558236,2410.295677,283.0,9.731077,2.5,9.9
1742894743.836000,45.334937,6.558031,2410.448975,239.0,7.360049,1.5,9.9
1742894745.836000,45.334917,6.557837,2407.498041,288.0,8.399671,1.8,9.9
1742894747.836000,45.334931,6.557612,2406.816172,243.0,8.689903,1.5,9.9
1742894749.837000,45.334833,6.557437,2411.349692,239.0,9.739738,1.4,9.9
1742894751.837000,45.334813,6.557167,2397.434541,261.0,12.179440,1.4,9.9
1742894752.836000,45.334769,6.557025,2391.134398,233.0,12.797216,1.5,9.9
1742894753.837000,45.334685,6.556918,2396.471559,213.0,12.228977,1.9,9.9
1742894754.836000,45.334588,6.556844,2392.422415,206.0,12.179957,1.8,9.9
1742894755.836000,45.334499,6.556743,2390.351487,228.0,14.109018,1.4,9.9
1742894756.837000,45.334425,6.556578,2387.903374,242.0,16.167582,1.4,9.9
1742894757.836000,45.334344,6.556421,2392.507093,223.1,14.552805,1.7,9.9
1742894758.836000,45.334241,6.556326,2376.562057,203.1,13.398782,1.4,9.9
1742894759.837000,45.334130,6.556257,2376.305648,206.0,13.499990,1.4,9.9
1742894760.837000,45.334044,6.556155,2371.787647,233.0,12.119901,1.4,9.9
1742894761.837000,45.334010,6.556016,2367.910568,262.0,11.278971,1.4,9.9
1742894762.836000,45.333994,6.555865,2367.083115,256.0,12.178633,1.4,9.9
1742894763.835000,45.333948,6.555738,2364.533593,230.0,10.370389,1.4,9.9
1742894765.837000,45.333842,6.555550,2361.726002,253.0,9.219783,1.4,9.9
1742894767.837000,45.333874,6.555360,2354.506499,289.0,6.920125,1.4,9.9
1742894771.836000,45.333879,6.555208,2346.977835,264.0,2.010057,2.5,9.9
1742894791.837000,45.333871,6.555191,2346.809334,-1.0,0.000000,2.1,9.9
1742894791.837000,45.333871,6.555191,2346.809334,-1.0,0.000000,2.1,9.9
1742894805.836000,45.333896,6.555076,2346.501108,291.0,1.994023,2.1,9.9
1742894811.836000,45.333959,6.554945,2348.698930,304.0,2.905685,1.5,9.9
1742894814.837000,45.334056,6.554808,2345.966252,323.2,5.414500,1.4,9.9
1742894816.837000,45.334172,6.554733,2341.677094,341.2,6.450369,2.1,9.9
1742894818.836000,45.334305,6.554687,2339.714026,353.5,7.280097,2.2,9.9
1742894820.837000,45.334452,6.554650,2337.878676,352.6,8.173062,2.2,9.9
1742894822.836000,45.334618,6.554608,2336.168908,354.6,9.071903,2.5,9.9
1742894823.837000,45.334709,6.554587,2334.417759,355.4,9.562779,2.6,9.9
1742894824.836000,45.334804,6.554559,2331.966748,349.2,10.133215,2.7,9.9
1742894825.837000,45.334900,6.554509,2329.502763,342.0,10.714797,2.8,9.9
1742894826.837000,45.334995,6.554434,2327.053153,332.3,11.336865,2.4,9.9
1742894827.837000,45.335079,6.554329,2324.757959,318.9,11.502810,2.5,9.9
1742894828.836000,45.335148,6.554190,2323.442889,295.4,12.795093,2.5,9.9
1742894829.837000,45.335184,6.554017,2318.170283,284.2,13.171848,2.4,9.9
1742894830.837000,45.335185,6.553831,2314.941120,269.3,13.987959,2.4,9.9
1742894831.836000,45.335145,6.553646,2311.238391,250.4,14.436143,2.4,9.9
1742894832.837000,45.335065,6.553483,2307.760220,236.3,14.618613,2.4,9.9
1742894833.837000,45.334966,6.553342,2301.520770,235.0,14.825807,2.3,9.9
1742894834.837000,45.334867,6.553206,2295.981451,224.0,15.019904,3.5,9.9
1742894835.837000,45.334766,6.553074,2292.927057,228.0,14.781060,3.5,9.9
1742894836.837000,45.334675,6.552927,2291.017335,229.0,15.303143,3.6,9.9
1742894837.837000,45.334582,6.552772,2287.295107,220.1,15.816649,3.7,9.9
1742894838.837000,45.334472,6.552644,2285.557658,205.1,14.954901,2.4,9.9
1742894839.835000,45.334359,6.552561,2282.786023,205.0,13.806006,2.3,9.9
1742894840.836000,45.334256,6.552484,2282.619455,205.0,12.912599,2.3,9.9
1742894841.837000,45.334160,6.552410,2281.992641,211.9,12.361252,2.3,9.9
1742894842.837000,45.334070,6.552323,2280.405416,212.0,12.261261,2.3,9.9
1742894843.836000,45.333979,6.552236,2275.346846,210.0,12.425947,3.1,9.9
1742894844.836000,45.333887,6.552156,2274.386597,215.9,12.008202,3.0,9.9
1742894845.837000,45.333798,6.552074,2276.912513,220.9,11.497161,2.2,9.9
1742894846.837000,45.333721,6.551982,2275.952554,224.0,11.154388,2.2,9.9
1742894847.837000,45.333655,6.551880,2271.214393,223.0,10.833735,3.1,9.9
1742894848.837000,45.333591,6.551777,2273.239701,230.9,11.043337,2.2,9.9
1742894849.836000,45.333523,6.551670,2271.932485,224.1,11.117504,2.5,9.9
1742894850.835000,45.333446,6.551576,2271.209357,222.0,11.267438,2.5,9.9
1742894851.837000,45.333363,6.551483,2268.804122,227.9,11.445700,2.5,9.9
1742894852.836000,45.333286,6.551382,2266.483025,229.0,11.410250,2.7,9.9
1742894853.837000,45.333219,6.551269,2264.231753,242.8,11.806516,2.7,9.9
1742894854.837000,45.333176,6.551124,2258.983098,263.8,12.739952,4.4,9.9
1742894855.837000,45.333169,6.550948,2256.532531,263.0,13.804674,6.3,9.9
1742894856.837000,45.333166,6.550761,2251.410031,266.0,14.795490,6.1,9.9
1742894857.837000,45.333154,6.550563,2245.990248,269.9,15.502256,3.4,9.9
1742894858.837000,45.333167,6.550356,2243.974043,282.0,16.727808,4.3,9.9
1742894859.836000,45.333226,6.550163,2238.914502,306.9,17.005629,4.4,9.9
1742894860.835000,45.333326,6.550016,2234.730254,318.0,15.440997,4.0,9.9
1742894861.836000,45.333416,6.549890,2231.170995,309.0,13.631381,4.2,9.9
1742894862.836000,45.333477,6.549743,2226.784798,291.7,13.303253,3.2,9.9
1742894863.836000,45.333532,6.549583,2223.129369,305.9,14.717892,3.9,9.9
1742894864.837000,45.333624,6.549439,2220.298813,319.9,15.846407,3.7,9.9
1742894865.836000,45.333747,6.549320,2215.658363,329.9,17.208868,3.7,9.9
1742894866.836000,45.333882,6.549208,2209.784554,327.1,16.797373,5.3,9.9
1742894867.836000,45.333999,6.549071,2206.193736,310.7,17.235531,5.3,9.9
1742894868.837000,45.334100,6.548894,2201.017507,309.0,17.962963,5.3,9.9
1742894869.837000,45.334214,6.548743,2198.492529,329.4,17.150732,5.2,9.9
1742894870.837000,45.334348,6.548634,2191.377673,325.2,16.823809,5.2,9.9
1742894871.836000,45.334447,6.548488,2185.692803,295.4,15.444869,3.0,9.9
1742894872.837000,45.334505,6.548307,2183.489069,299.9,15.469307,3.1,9.9
1742894873.836000,45.334589,6.548151,2182.071096,313.0,15.274435,3.1,9.9
1742894874.836000,45.334712,6.548071,2178.753322,339.6,14.855991,3.0,9.9
1742894875.836000,45.334854,6.548052,2175.217161,359.7,15.550107,3.1,9.9
1742894876.836000,45.334998,6.548082,2173.900290,15.8,15.719622,3.8,9.9
1742894877.836000,45.335130,6.548156,2171.123222,26.7,14.574443,3.8,9.9
1742894878.836000,45.335246,6.548245,2169.927956,27.0,14.643542,3.8,9.9
1742894879.836000,45.335363,6.548333,2169.130757,27.0,14.786618,3.7,9.9
1742894880.837000,45.335482,6.548420,2167.014645,26.3,14.784691,3.7,9.9
1742894881.836000,45.335602,6.548496,2165.269950,19.3,14.480565,3.8,9.9
1742894882.836000,45.335724,6.548564,2160.224925,22.1,14.512313,4.4,9.9
1742894883.837000,45.335844,6.548632,2157.807851,19.0,14.252144,4.8,9.9
1742894884.836000,45.335961,6.548676,2156.654867,11.8,13.708340,4.8,9.9
1742894885.837000,45.336076,6.548678,2155.584474,356.2,12.840630,4.6,9.9
1742894886.835000,45.336177,6.548622,2154.629001,335.8,11.479485,4.1,9.9
1742894887.837000,45.336243,6.548515,2153.284106,315.9,10.381245,2.9,9.9
1742894888.836000,45.336280,6.548382,2151.846107,300.6,10.177461,4.0,9.9
1742894889.837000,45.336300,6.548236,2151.091797,301.7,10.733771,3.9,9.9
1742894890.836000,45.336318,6.548085,2149.939693,292.3,10.998331,3.7,9.9
1742894891.837000,45.336339,6.547937,2148.065363,290.0,11.061476,3.7,9.9
1742894892.836000,45.336344,6.547800,2145.880425,283.8,10.560470,3.9,9.9
1742894893.837000,45.336341,6.547661,2143.392794,277.2,10.500206,5.2,9.9
1742894894.837000,45.336360,6.547523,2142.383612,284.9,10.687705,5.6,9.9
1742894895.837000,45.336408,6.547392,2137.848125,306.6,11.809824,5.6,9.9
1742894896.837000,45.336493,6.547279,2135.437843,315.8,12.433226,5.5,9.9
1742894897.837000,45.336581,6.547168,2132.735669,314.0,12.821530,4.9,9.9
1742894898.836000,45.336647,6.547040,2128.696218,299.3,12.280714,4.4,9.9
1742894899.837000,45.336673,6.546886,2126.858216,281.3,12.548567,3.1,9.9
1742894900.837000,45.336689,6.546719,2123.930932,283.0,12.980511,3.1,9.9
1742894901.837000,45.336733,6.546568,2121.086751,304.5,12.677203,3.1,9.9
1742894902.837000,45.336810,6.546444,2120.143572,317.7,12.917384,3.1,9.9
1742894903.837000,45.336908,6.546336,2117.806429,321.9,13.369332,3.0,9.9
1742894904.835000,45.337013,6.546232,2114.574293,317.1,14.094350,2.7,9.9
1742894905.836000,45.337107,6.546114,2111.337052,333.7,13.496839,2.8,9.9
1742894906.837000,45.337202,6.546026,2109.821557,336.0,12.497610,2.9,9.9
1742894907.837000,45.337292,6.545946,2109.698222,314.4,11.844923,2.9,9.9
1742894908.836000,45.337364,6.545843,2109.561556,319.9,11.071062,5.0,9.9
1742894909.837000,45.337439,6.545750,2107.568476,323.0,11.314975,4.9,9.9
1742894910.836000,45.337520,6.545653,2106.357481,323.0,11.812487,4.6,9.9
1742894911.837000,45.337604,6.545550,2104.811354,319.0,12.234464,4.8,9.9
1742894912.836000,45.337684,6.545440,2103.556201,316.0,12.427192,4.7,9.9
1742894913.836000,45.337760,6.545320,2101.200401,307.1,12.758234,4.9,9.9
1742894914.837000,45.337824,6.545177,2097.695272,293.2,13.232008,4.7,9.9
1742894915.836000,45.337870,6.545009,2094.206212,287.1,14.223011,3.5,9.9
1742894916.836000,45.337907,6.544819,2091.538430,276.1,15.294564,3.0,9.9
1742894917.837000,45.337924,6.544612,2087.751993,269.1,16.108257,3.9,9.9
1742894918.837000,45.337918,6.544400,2080.156215,257.2,16.315304,3.5,9.9
1742894919.836000,45.337874,6.544205,2074.122212,240.3,15.754571,3.6,9.9
1742894920.837000,45.337788,6.544069,2070.351712,228.3,13.567388,3.7,9.9
1742894921.837000,45.337683,6.544004,2067.579582,191.1,12.980937,4.6,9.9
1742894922.836000,45.337569,6.544000,2065.846627,179.0,11.713243,5.2,9.9
1742894923.837000,45.337464,6.544002,2065.659471,178.0,11.590055,5.6,9.9
1742894924.837000,45.337357,6.544001,2065.387530,177.0,11.869917,5.4,9.9
1742894925.837000,45.337249,6.544005,2064.912648,176.0,11.989976,5.5,9.9
1742894926.837000,45.337140,6.544013,2063.239014,175.0,12.349908,5.0,9.9
1742894927.836000,45.337028,6.544025,2061.431745,176.0,12.399989,4.4,9.9
1742894928.837000,45.336917,6.544029,2057.573344,180.0,12.360002,3.0,9.9
1742894929.837000,45.336805,6.544021,2056.121653,184.0,12.519976,3.1,9.9
1742894930.837000,45.336693,6.543998,2054.289996,189.0,12.460011,3.1,9.9
1742894931.837000,45.336582,6.543965,2051.916379,192.0,12.689977,3.1,9.9
1742894932.837000,45.336473,6.543921,2050.817876,196.0,12.490042,3.0,9.9
1742894933.836000,45.336367,6.543864,2050.388265,201.0,12.380045,2.7,9.9
1742894934.837000,45.336267,6.543799,2053.405083,207.0,12.180044,3.8,9.9
1742894935.836000,45.336174,6.543720,2047.839605,213.0,11.770042,2.9,9.9
1742894936.836000,45.336090,6.543636,2047.324006,216.0,10.830060,5.0,9.9
1742894937.836000,45.336013,6.543556,2047.120820,216.0,10.110054,5.1,9.9
1742894938.836000,45.335938,6.543482,2047.382887,214.0,10.168535,4.6,9.9
1742894939.836000,45.335860,6.543415,2046.881221,211.0,9.744467,4.5,9.9
1742894941.837000,45.335704,6.543330,2045.523324,195.1,9.111112,4.7,9.9
1742894943.836000,45.335538,6.543325,2044.089496,177.1,9.315397,4.6,9.9
1742894945.836000,45.335364,6.543364,2042.427119,174.0,9.793895,2.9,9.9
1742894947.837000,45.335185,6.543401,2039.981142,177.0,10.391687,3.4,9.9
1742894948.837000,45.335089,6.543415,2038.404386,179.0,10.713171,3.7,9.9
1742894949.836000,45.334990,6.543424,2037.064333,181.0,10.925513,4.0,9.9
1742894950.837000,45.334890,6.543422,2035.282764,182.0,11.125834,5.2,9.9
1742894951.837000,45.334789,6.543410,2033.455501,189.9,11.247426,5.2,9.9
1742894952.836000,45.334687,6.543380,2031.657949,190.0,11.700438,5.4,9.9
1742894953.837000,45.334582,6.543345,2030.711268,193.9,12.131845,5.5,9.9
1742894954.837000,45.334474,6.543304,2030.072950,196.0,12.346437,4.9,9.9
1742894955.837000,45.334364,6.543264,2026.720896,187.1,12.443016,5.4,9.9
1742894956.837000,45.334251,6.543235,2025.497864,191.9,12.627057,3.1,9.9
1742894957.837000,45.334138,6.543198,2023.754561,191.0,12.991790,3.0,9.9
1742894958.836000,45.334022,6.543157,2020.443191,194.9,13.245426,3.1,9.9
1742894959.837000,45.333903,6.543115,2019.335507,190.1,13.551058,3.1,9.9
1742894960.837000,45.333783,6.543083,2017.336230,191.0,13.628521,3.0,9.9
1742894961.836000,45.333664,6.543055,2015.566885,187.1,13.520786,3.0,9.9
1742894962.837000,45.333544,6.543042,2014.057562,185.0,13.372505,2.6,9.9
1742894963.836000,45.333425,6.543040,2016.969381,183.0,13.291248,3.7,9.9
1742894964.837000,45.333305,6.543041,2013.580875,184.0,13.524863,3.8,9.9
1742894965.837000,45.333180,6.543035,2006.486235,183.0,13.813539,5.0,9.9
1742894966.837000,45.333055,6.543028,2005.609528,183.0,14.074239,5.0,9.9
1742894967.837000,45.332927,6.543011,2004.111889,181.0,14.275221,5.0,9.9
1742894968.837000,45.332801,6.542988,2001.635999,185.0,14.211322,4.5,9.9
1742894969.837000,45.332678,6.542951,1999.113559,184.0,14.131437,4.7,9.9
1742894970.837000,45.332556,6.542906,1996.311696,191.9,13.934819,4.8,9.9
1742894971.836000,45.332438,6.542842,1995.139345,196.0,13.814078,4.8,9.9
1742894972.837000,45.332324,6.542774,1994.236835,194.0,13.573464,4.8,9.9
1742894973.837000,45.332214,6.542711,1992.701076,196.0,13.041140,3.9,9.9
1742894974.837000,45.332109,6.542647,1991.769247,198.0,12.481933,3.8,9.9
1742894975.837000,45.332010,6.542583,1991.722356,202.9,12.217334,2.9,9.9
1742894976.836000,45.331916,6.542513,1991.075986,202.0,11.825811,3.5,9.9
1742894977.837000,45.331824,6.542449,1990.866109,204.0,11.418514,3.4,9.9
1742894978.836000,45.331735,6.542386,1990.510533,204.0,11.242689,3.7,9.9
1742894979.837000,45.331646,6.542325,1989.527655,201.0,11.001431,4.3,9.9
1742894980.837000,45.331554,6.542276,1988.629929,196.0,10.828817,5.2,9.9
1742894981.837000,45.331462,6.542239,1987.230869,193.0,10.543097,5.5,9.9
1742894982.837000,45.331372,6.542214,1986.746482,186.0,10.183372,5.4,9.9
1742894983.837000,45.331282,6.542204,1986.019623,184.0,9.796795,5.5,9.9
1742894985.836000,45.331113,6.542195,1985.720710,180.0,9.099691,4.4,9.9
1742894987.837000,45.330953,6.542178,1985.678949,182.0,8.763677,3.1,9.9
1742894989.837000,45.330801,6.542165,1984.777442,184.0,8.559345,3.0,9.9
1742894991.837000,45.330650,6.542152,1987.519352,184.0,8.224424,3.8,9.9
1742894993.837000,45.330505,6.542131,1986.671877,183.0,8.304154,3.7,9.9
1742894995.836000,45.330357,6.542114,1981.564924,182.0,8.574661,4.9,9.9
1742894997.837000,45.330201,6.542097,1980.251494,183.2,8.807014,4.5,9.9
1742894999.837000,45.330040,6.542087,1978.247306,185.7,8.947572,4.7,9.9
1742895001.836000,45.329882,6.542085,1976.069208,175.8,8.846755,4.7,9.9
1742895003.837000,45.329714,6.542114,1974.017667,185.5,9.276375,3.8,9.9
1742895005.836000,45.329543,6.542132,1970.376409,173.4,9.421014,3.5,9.9
1742895007.837000,45.329375,6.542165,1967.408121,171.2,9.289664,3.6,9.9
1742895009.837000,45.329222,6.542229,1966.839836,183.4,8.619198,3.6,9.9
1742895011.837000,45.329099,6.542209,1964.042122,199.4,6.602095,5.1,9.9
1742895013.837000,45.329008,6.542205,1962.136219,182.7,5.272950,4.9,9.9
1742895016.837000,45.328895,6.542222,1960.241781,196.3,4.408590,3.0,9.9
1742895036.835000,45.328943,6.542127,1960.199565,315.0,0.000000,3.4,9.9
1742895036.835000,45.328943,6.542127,1960.199565,315.0,0.000000,3.4,9.9
1742895037.836000,45.328957,6.542106,1960.118980,321.9,1.780676,3.9,9.9
1742895041.836000,45.329037,6.541981,1958.822212,308.0,3.897001,5.1,9.9
1742895044.836000,45.329160,6.541888,1957.759982,313.2,5.410854,4.5,9.9
1742895046.835000,45.329256,6.541798,1956.163667,312.1,6.529741,3.0,9.9
1742895048.836000,45.329350,6.541646,1954.835717,304.0,8.561619,3.0,9.9
1742895050.836000,45.329459,6.541429,1950.921160,313.9,10.814444,2.3,9.9
1742895051.836000,45.329530,6.541315,1952.084098,319.9,11.566880,3.7,9.9
1742895052.836000,45.329616,6.541211,1948.868869,328.9,12.231265,3.7,9.9
1742895053.836000,45.329717,6.541131,1946.672215,332.0,12.679572,3.8,9.9
1742895054.836000,45.329828,6.541068,1940.742668,342.9,13.021335,4.9,9.9
1742895055.835000,45.329947,6.541019,1935.937353,332.2,13.336312,5.0,9.9
1742895056.836000,45.330056,6.540932,1933.882831,328.1,13.400379,4.7,9.9
1742895057.835000,45.330157,6.540840,1931.863462,331.0,13.329261,4.4,9.9
1742895058.835000,45.330261,6.540749,1928.092964,325.1,13.646056,4.7,9.9
1742895059.835000,45.330357,6.540638,1926.582168,328.9,13.342324,4.8,9.9
1742895060.835000,45.330458,6.540540,1925.727199,321.1,13.566331,4.7,9.9
1742895061.835000,45.330560,6.540436,1923.776341,327.9,13.957348,4.5,9.9
1742895062.836000,45.330666,6.540339,1919.929423,332.9,13.955376,4.3,9.9
1742895063.835000,45.330782,6.540266,1917.249367,327.1,14.098952,3.8,9.9
1742895064.836000,45.330893,6.540176,1914.793344,327.0,14.158981,2.8,9.9
1742895065.836000,45.330997,6.540068,1912.757011,336.9,14.149767,3.4,9.9
1742895066.835000,45.331110,6.539985,1909.949187,339.0,13.922727,3.4,9.9
1742895067.836000,45.331225,6.539914,1908.015544,333.1,13.854250,3.8,9.9
1742895068.836000,45.331331,6.539817,1906.726944,330.0,14.009012,2.3,9.9
1742895069.836000,45.331434,6.539706,1903.620921,328.0,14.424028,3.6,9.9
1742895070.836000,45.331545,6.539611,1900.766736,342.8,14.428095,5.1,9.9
1742895071.835000,45.331669,6.539572,1895.877058,355.9,13.900146,5.1,9.9
1742895072.836000,45.331800,6.539576,1893.133890,356.0,14.457838,4.9,9.9
1742895073.835000,45.331932,6.539573,1889.806071,357.0,14.440363,5.1,9.9
1742895074.836000,45.332057,6.539530,1887.715956,334.0,14.429622,3.1,9.9
1742895075.836000,45.332175,6.539438,1885.920464,329.0,14.958319,3.1,9.9
1742895076.836000,45.332295,6.539340,1883.964948,329.0,15.538321,3.0,9.9
1742895077.836000,45.332428,6.539268,1880.401219,347.0,16.279446,3.0,9.9
1742895078.836000,45.332574,6.539247,1873.996196,359.0,16.269882,3.0,9.9
1742895079.836000,45.332720,6.539254,1870.290715,3.0,16.289980,3.0,9.9
1742895080.836000,45.332866,6.539258,1870.386301,359.0,16.250004,3.8,9.9
1742895081.836000,45.333009,6.539227,1866.391675,342.0,15.949988,3.7,9.9
1742895082.835000,45.333150,6.539176,1863.539877,351.0,16.069639,3.7,9.9
1742895083.836000,45.333291,6.539174,1860.039087,7.0,15.270250,3.8,9.9
1742895084.836000,45.333411,6.539166,1855.086837,340.0,12.741489,4.9,9.9
1742895085.836000,45.333523,6.539112,1851.932857,344.9,13.743139,5.0,9.9
1742895087.836000,45.333481,6.538943,1851.183956,222.7,11.098762,4.5,10.0
1742895088.836000,45.333379,6.538841,1850.537666,215.0,9.146358,4.7,10.0
1742895089.836000,45.333299,6.538765,1849.358530,212.0,9.889732,4.7,10.0
1742895090.835000,45.333212,6.538694,1847.159807,203.0,11.329723,4.7,10.0
1742895091.835000,45.333113,6.538628,1845.412222,205.0,11.659941,4.4,10.0
1742895092.836000,45.333037,6.538545,1841.562924,235.9,9.449074,3.7,9.9
1742895094.836000,45.333045,6.538332,1837.659519,308.2,7.406595,3.8,9.9
1742895096.836000,45.333174,6.538228,1833.176860,339.8,8.621781,3.6,9.9
1742895097.836000,45.333272,6.538222,1831.448650,1.5,10.557780,2.3,9.9
1742895098.835000,45.333374,6.538233,1829.215456,6.0,10.658400,3.5,9.9
1742895099.835000,45.333474,6.538249,1827.207304,6.0,10.973052,3.6,9.9
1742895100.835000,45.333575,6.538264,1823.004127,6.0,10.873343,5.0,9.9
1742895101.835000,45.333675,6.538277,1822.568246,3.1,11.501134,5.1,9.9
1742895102.836000,45.333782,6.538274,1820.838481,353.3,11.929482,4.9,9.9
1742895103.836000,45.333885,6.538240,1818.171985,348.8,11.610651,5.1,9.9
1742895105.834000,45.333992,6.538065,1816.734091,313.0,8.554865,3.0,9.9
1742895107.835000,45.333936,6.537797,1813.013909,261.9,9.443234,3.0,9.9
1742895108.836000,45.333880,6.537632,1808.069041,252.9,11.503882,3.0,9.9
1742895109.835000,45.333800,6.537471,1800.255124,242.3,12.846052,3.0,9.9
1742895110.836000,45.333692,6.537339,1800.034881,217.5,14.220762,3.7,9.9
1742895111.836000,45.333600,6.537202,1797.810360,241.3,13.156068,3.7,9.9
1742895112.836000,45.333548,6.537046,1795.730975,244.0,12.286140,3.8,9.9
1742895113.836000,45.333489,6.536914,1789.539419,224.4,11.852469,4.9,9.9
1742895114.836000,45.333417,6.536790,1790.811468,240.7,13.502747,3.8,9.9
1742895115.836000,45.333354,6.536637,1784.528954,232.2,13.616250,5.0,9.9
1742895116.836000,45.333266,6.536514,1778.963729,213.3,13.782193,4.4,9.9
1742895117.836000,45.333152,6.536424,1774.528224,206.1,14.567994,4.7,9.9
1742895118.836000,45.333032,6.536335,1770.143788,210.9,15.069946,4.7,9.9
1742895119.836000,45.332932,6.536217,1766.797993,230.8,13.572484,4.7,9.9
1742895120.835000,45.332858,6.536082,1763.649445,225.4,12.856683,4.5,9.9
1742895121.835000,45.332776,6.535963,1759.174101,224.1,13.009474,3.9,9.9
1742895122.836000,45.332703,6.535845,1758.092323,226.5,12.492490,3.7,9.9
1742895123.836000,45.332633,6.535756,1757.017274,224.8,11.075071,2.8,9.9
1742895125.835000,45.332492,6.535701,1756.886741,186.3,8.454502,3.4,9.9
1742895127.836000,45.332349,6.535675,1758.107656,189.0,8.000649,2.3,9.9
1742895129.836000,45.332213,6.535628,1756.100919,199.0,7.729976,5.1,9.9
1742895131.835000,45.332090,6.535546,1755.170041,210.9,7.475894,4.9,9.9
1742895133.836000,45.331978,6.535442,1754.577539,216.0,7.183602,4.5,9.9
1742895135.836000,45.331874,6.535344,1753.743994,223.9,6.584671,3.0,9.9
1742895137.835000,45.331777,6.535252,1753.521408,218.0,6.381460,3.0,9.9
1742895139.836000,45.331683,6.535156,1753.076252,233.9,6.417971,2.3,9.9
1742895141.836000,45.331612,6.535028,1755.796028,243.0,6.529557,3.7,9.9
1742895143.835000,45.331561,6.534874,1751.096019,253.0,6.468204,4.9,9.9
1742895145.835000,45.331505,6.534726,1750.094863,238.0,6.561542,4.7,9.9
1742895147.836000,45.331412,6.534588,1748.725543,226.0,8.388882,4.7,9.9
1742895149.836000,45.331273,6.534444,1745.636001,213.1,9.207052,4.7,9.9
1742895151.836000,45.331129,6.534346,1744.602780,203.0,8.339374,4.3,9.9
1742895153.835000,45.330999,6.534288,1744.145682,205.9,7.129955,2.7,9.9
1742895155.836000,45.330889,6.534246,1743.595595,189.0,5.902130,3.4,9.9
1742895157.836000,45.330794,6.534219,1744.581655,184.0,5.412746,2.3,9.9
1742895160.835000,45.330664,6.534211,1742.353357,193.9,4.517949,5.0,9.9
1742895163.836000,45.330558,6.534174,1741.910128,193.0,4.047191,3.1,9.9
1742895166.836000,45.330443,6.534109,1740.680631,206.0,5.204459,3.0,9.9
1742895168.835000,45.330356,6.534031,1743.035477,221.0,5.657019,3.7,9.9
1742895170.836000,45.330275,6.533925,1741.374701,228.9,6.324398,3.7,9.9
1742895172.836000,45.330209,6.533792,1736.755054,232.0,5.895504,4.9,9.9
1742895174.836000,45.330150,6.533680,1737.089234,226.0,5.293275,4.4,9.9
1742895177.836000,45.330054,6.533572,1736.762382,205.0,4.512444,4.7,9.9
1742895180.836000,45.329946,6.533487,1735.866795,202.0,4.716593,2.8,9.9
1742895183.836000,45.329840,6.533412,1735.232141,203.0,3.251487,3.6,9.9
1742895186.835000,45.329752,6.533368,1736.630455,201.0,3.899993,3.6,9.9
1742895189.835000,45.329634,6.533324,1734.415561,190.0,4.544161,5.0,9.9
1742895192.836000,45.329551,6.533251,1733.136968,243.1,2.473760,3.1,9.9
1742895199.836000,45.329464,6.533204,1735.884482,209.2,1.674352,3.9,9.9
1742895220.836000,45.329562,6.533061,1730.132071,327.9,6.712631,3.1,9.9
1742895222.835000,45.329692,6.532964,1726.605368,333.1,8.150644,3.0,9.9
1742895224.836000,45.329858,6.532884,1727.116787,341.4,9.624334,2.3,9.9
1742895226.835000,45.330025,6.532846,1723.815366,353.4,9.143139,2.5,9.9
1742895228.836000,45.330188,6.532843,1722.927938,354.0,8.833307,2.6,9.9
1742895230.836000,45.330341,6.532833,1722.315138,355.0,8.160023,2.6,9.9
1742895232.836000,45.330483,6.532834,1721.949517,1.0,7.996674,2.3,9.9
1742895234.836000,45.330621,6.532834,1721.780088,358.0,7.561320,2.6,9.9
1742895236.834000,45.330748,6.532835,1721.284560,359.0,6.854733,2.6,9.9
1742895238.836000,45.330861,6.532851,1717.524981,3.0,6.244787,3.4,9.9
1742895240.836000,45.330973,6.532857,1718.063310,5.9,6.277999,3.1,9.9
1742895242.835000,45.331090,6.532890,1717.306734,8.0,6.795082,2.4,9.9
1742895244.836000,45.331201,6.532924,1719.328203,10.0,6.022967,2.3,9.9
1742895246.836000,45.331302,6.532949,1718.949975,12.0,5.557412,2.2,9.9
1742895248.836000,45.331396,6.532974,1718.115256,6.0,5.381250,2.5,9.9
1742895250.835000,45.331494,6.533003,1713.453258,10.0,5.509597,3.3,9.9
1742895253.836000,45.331624,6.533034,1712.983434,9.0,4.822135,3.3,9.9
1742895256.835000,45.331752,6.533058,1717.072450,4.1,5.026245,2.7,9.9
1742895259.835000,45.331866,6.533098,1716.772618,9.8,3.911487,2.9,9.9
1742895262.836000,45.331989,6.533131,1715.873187,12.9,4.553679,2.5,9.9
1742895265.836000,45.332111,6.533172,1713.065726,16.0,4.534844,5.1,9.9
1742895268.835000,45.332242,6.533226,1710.879194,9.1,5.250806,3.0,9.9
1742895270.836000,45.332361,6.533227,1709.511128,339.7,6.694075,3.9,9.9
1742895272.835000,45.332473,6.533136,1707.478570,320.0,6.572172,3.7,10.0
1742895274.835000,45.332567,6.533009,1708.588908,315.8,6.858209,2.5,10.3
1742895276.836000,45.332672,6.532822,1707.547255,310.1,8.114035,2.4,10.6
1742895278.836000,45.332775,6.532619,1704.669695,311.3,9.142609,2.7,10.6
1742895279.835000,45.332836,6.532523,1698.966739,317.5,9.486253,3.4,10.5
1742895280.836000,45.332906,6.532438,1697.547642,318.3,9.819086,3.5,10.3
1742895281.836000,45.332977,6.532352,1695.257754,318.1,10.126115,3.4,9.9
1742895282.836000,45.333044,6.532258,1693.787819,316.3,10.393405,3.4,9.9
1742895283.835000,45.333119,6.532167,1691.901539,320.7,10.612044,3.5,9.9
1742895284.836000,45.333204,6.532089,1694.170255,326.8,10.810966,2.7,9.9
1742895285.836000,45.333297,6.532022,1691.869042,330.5,11.277955,2.9,9.9
1742895286.835000,45.333394,6.531948,1690.309010,328.9,11.833925,3.0,9.9
1742895287.836000,45.333489,6.531859,1688.762587,327.6,12.268925,3.0,9.9
1742895288.836000,45.333586,6.531772,1686.709579,332.7,12.259703,3.0,9.9
1742895289.835000,45.333688,6.531704,1683.449300,337.3,12.233603,4.1,9.9
1742895290.836000,45.333795,6.531651,1681.657181,340.9,12.307165,2.9,9.9
1742895291.836000,45.333902,6.531602,1675.605616,346.8,12.279406,4.8,9.9
1742895292.835000,45.334011,6.531556,1675.333073,343.7,12.351335,4.8,9.9
1742895293.836000,45.334118,6.531497,1677.958074,339.1,12.427821,3.0,9.9
1742895294.835000,45.334222,6.531426,1674.117341,334.8,12.721092,6.9,9.9
1742895295.835000,45.334326,6.531346,1672.015144,333.7,12.967464,6.9,9.9
1742895296.835000,45.334434,6.531265,1670.043295,332.6,13.369407,6.4,9.9
1742895297.835000,45.334542,6.531179,1666.489663,331.0,13.558535,5.9,9.9
1742895298.836000,45.334649,6.531092,1664.043020,331.0,13.564898,3.4,9.9
1742895299.836000,45.334757,6.531004,1663.368653,329.8,13.770657,3.0,9.9
1742895300.836000,45.334864,6.530917,1661.912745,331.2,13.666504,4.1,9.9
1742895301.836000,45.334974,6.530836,1659.671268,331.6,13.758968,2.7,9.9
1742895302.836000,45.335085,6.530761,1657.702313,334.4,13.650408,3.9,9.9
1742895303.836000,45.335196,6.530691,1658.913476,334.8,13.641981,2.6,9.9
1742895304.836000,45.335309,6.530621,1653.779029,331.3,13.863716,3.5,9.9
1742895305.835000,45.335418,6.530538,1655.288603,324.7,13.822477,1.9,9.9
1742895306.835000,45.335514,6.530429,1653.942467,315.7,13.594454,1.9,9.9
1742895307.836000,45.335597,6.530297,1651.224924,310.0,13.710741,2.2,9.9
1742895308.836000,45.335666,6.530143,1649.621086,308.3,14.073722,2.3,9.9
1742895309.835000,45.335736,6.529985,1641.832920,309.2,14.418579,3.0,9.9
1742895310.836000,45.335824,6.529834,1637.476410,309.1,14.952911,3.0,9.9
1742895311.836000,45.335911,6.529673,1633.031914,305.2,15.746526,3.0,9.9
1742895312.835000,45.335989,6.529502,1628.253725,299.7,15.876002,3.0,9.9
1742895313.836000,45.336073,6.529352,1628.290523,318.2,14.747832,2.3,9.9
1742895314.835000,45.336170,6.529225,1620.653693,312.3,15.033173,3.0,9.9
1742895315.835000,45.336245,6.529070,1622.550726,297.8,14.987027,2.4,9.9
1742895316.836000,45.336305,6.528899,1620.642508,298.0,14.860667,2.6,9.9
1742895317.836000,45.336381,6.528744,1618.806159,308.0,14.760172,3.6,9.9
1742895318.835000,45.336475,6.528647,1616.009480,325.3,12.876204,3.7,9.9
1742895319.835000,45.336578,6.528575,1613.265289,328.7,12.735970,3.6,9.9
1742895320.836000,45.336668,6.528487,1610.908073,315.8,11.975380,3.6,9.9
1742895321.836000,45.336749,6.528394,1606.218223,321.1,11.773178,4.3,9.9
1742895322.835000,45.336828,6.528308,1609.742747,318.6,11.257686,2.4,9.9
1742895323.835000,45.336907,6.528212,1605.521354,317.1,12.015282,6.5,9.9
1742895324.835000,45.336989,6.528114,1603.693529,321.6,11.911318,6.4,9.9
1742895325.836000,45.337081,6.528031,1601.158600,331.6,12.694835,6.4,9.9
1742895326.836000,45.337186,6.527967,1598.752554,338.0,12.759763,5.8,9.9
1742895327.836000,45.337297,6.527914,1596.045136,342.0,13.069460,2.9,9.9
1742895328.835000,45.337405,6.527869,1594.249805,344.0,11.851723,2.9,9.9
1742895329.835000,45.337505,6.527826,1594.007854,342.0,11.919960,2.8,9.9
1742895330.836000,45.337609,6.527780,1592.876713,342.0,12.135126,3.5,9.9
1742895331.836000,45.337713,6.527729,1591.411221,341.0,12.365973,2.1,9.9
1742895332.836000,45.337818,6.527668,1588.995432,343.9,12.731451,3.3,9.9
1742895333.835000,45.337925,6.527605,1590.270706,336.2,12.718399,2.0,9.9
1742895334.835000,45.338032,6.527534,1588.626140,341.9,13.206993,2.0,9.9
1742895335.836000,45.338139,6.527482,1586.160507,339.1,12.827929,1.9,9.9
1742895336.836000,45.338244,6.527418,1584.825147,336.1,12.820156,1.9,9.9
1742895337.835000,45.338349,6.527345,1582.322375,333.0,13.144176,2.3,9.9
1742895338.835000,45.338452,6.527261,1580.576570,332.0,12.963795,2.3,9.9
1742895339.835000,45.338553,6.527177,1575.216556,330.0,12.715104,3.0,9.9
1742895340.835000,45.338651,6.527096,1573.895403,332.0,12.315713,3.0,9.9
1742895341.835000,45.338749,6.527023,1571.753425,333.0,12.515903,3.0,9.9
1742895342.836000,45.338846,6.526946,1570.253106,334.0,12.558432,3.0,9.9
1742895343.835000,45.338945,6.526870,1569.188764,332.0,12.737893,3.0,9.9
1742895344.836000,45.339044,6.526787,1567.842247,326.1,12.790724,3.0,9.9
1742895345.836000,45.339137,6.526691,1568.664302,323.0,12.859534,2.4,9.9
1742895346.836000,45.339224,6.526589,1566.191249,314.1,12.512506,2.5,9.9
1742895347.836000,45.339291,6.526470,1564.964063,303.2,11.536018,3.6,9.9
1742895348.836000,45.339333,6.526346,1564.477446,300.0,10.572851,3.6,9.9
1742895350.836000,45.339409,6.526134,1564.311076,299.1,9.131256,3.5,9.9
1742895352.836000,45.339495,6.525978,1564.205438,342.9,6.744936,2.4,9.9
1742895355.835000,45.339577,6.525860,1561.732913,318.1,2.923708,6.3,9.9
1742895370.836000,45.339523,6.525745,1561.191633,198.0,0.741067,3.0,10.0
1742895383.835000,45.339438,6.525793,1562.027493,169.9,0.477300,5.8,9.9
1742895435.835000,45.339355,6.525890,1564.653847,138.3,3.258798,2.6,10.9
1742895437.835000,45.339278,6.526016,1566.357640,123.1,3.739097,2.4,10.5
1742895439.836000,45.339218,6.526126,1568.164378,133.0,3.241082,2.4,10.0
1742895442.836000,45.339126,6.526254,1569.920181,142.3,3.556748,2.4,9.9
1742895445.836000,45.339048,6.526362,1570.330087,140.0,3.546305,2.1,9.9
1742895448.836000,45.338982,6.526472,1572.073188,138.4,3.726701,2.0,9.9
1742895451.836000,45.338921,6.526590,1574.227359,130.0,3.988402,2.4,9.9
1742895454.835000,45.338857,6.526704,1576.330716,129.0,3.758069,2.4,9.9
1742895457.836000,45.338791,6.526803,1578.870585,132.0,3.727197,2.3,9.9
1742895460.835000,45.338722,6.526909,1580.820936,133.0,3.571072,2.4,9.9
1742895463.835000,45.338653,6.527012,1581.449428,133.0,3.561243,2.5,9.9
1742895466.836000,45.338582,6.527122,1582.848191,132.0,3.810184,2.9,9.9
1742895469.834000,45.338516,6.527227,1584.042208,132.0,3.499664,2.6,9.9
1742895472.836000,45.338448,6.527326,1586.160507,132.0,3.471069,2.6,9.9
1742895475.835000,45.338377,6.527427,1586.747161,133.0,3.650771,3.6,9.9
1742895478.836000,45.338316,6.527526,1593.457242,133.0,3.529429,2.2,9.9
1742895481.836000,45.338253,6.527628,1597.801967,132.0,3.578783,2.6,9.9
1742895484.836000,45.338189,6.527730,1601.608701,132.0,3.380553,2.6,9.9
1742895487.836000,45.338121,6.527834,1605.456081,133.0,3.760689,2.5,9.9
1742895490.835000,45.338052,6.527940,1607.760055,133.0,3.959291,2.5,9.9
1742895493.835000,45.337984,6.528041,1609.793671,133.0,3.798213,2.6,9.9
1742895496.836000,45.337919,6.528141,1612.704434,133.0,3.608475,3.0,9.9
1742895499.836000,45.337854,6.528241,1615.602970,132.0,3.628765,2.9,9.9
1742895502.836000,45.337784,6.528346,1616.891521,132.0,3.501920,2.7,9.9
1742895505.835000,45.337715,6.528450,1618.064473,133.0,3.790518,2.4,9.9
1742895508.836000,45.337644,6.528556,1620.000000,131.0,3.691105,2.4,9.9
1742895511.836000,45.337578,6.528660,1620.000000,131.0,3.679645,2.7,9.9
1742895514.835000,45.337511,6.528767,1623.484528,131.0,3.889179,2.8,9.9
1742895517.835000,45.337444,6.528869,1625.251663,131.0,3.520289,2.6,9.9
1742895520.836000,45.337378,6.528971,1654.600334,132.0,3.673983,2.3,9.9
1742895523.836000,45.337309,6.529076,1630.799778,132.0,3.665730,2.2,9.9
1742895526.836000,45.337244,6.529177,1633.859513,132.0,3.601938,2.6,9.9
1742895529.836000,45.337177,6.529277,1637.269116,132.7,3.553141,2.4,9.9
1742895532.836000,45.337104,6.529383,1639.232758,132.0,3.702386,2.2,9.9
1742895535.836000,45.337034,6.529486,1639.775314,132.0,3.634136,1.9,9.9
1742895538.836000,45.336962,6.529594,1641.416440,132.0,3.845083,2.2,9.9
1742895541.836000,45.336893,6.529701,1648.075377,132.0,3.713235,1.4,9.9
1742895544.836000,45.336827,6.529806,1644.544343,132.1,3.783818,2.1,9.9
1742895547.835000,45.336758,6.529911,1653.542004,132.7,3.639273,1.4,9.9
1742895550.835000,45.336692,6.530010,1656.233675,132.2,3.620518,1.4,9.9
1742895553.836000,45.336624,6.530113,1657.369246,132.1,3.858651,1.4,9.9
1742895556.836000,45.336557,6.530213,1653.055269,132.0,3.537316,2.6,9.9
1742895559.836000,45.336492,6.530307,1656.005997,132.9,3.582289,2.3,9.9
1742895562.836000,45.336425,6.530407,1659.890442,132.7,3.606583,1.9,9.9
1742895565.836000,45.336360,6.530504,1662.804928,133.0,3.479564,1.8,9.9
1742895568.836000,45.336296,6.530601,1674.278099,132.3,3.547498,1.4,9.9
1742895571.836000,45.336226,6.530708,1676.702461,131.9,3.474493,1.4,9.9
1742895574.836000,45.336158,6.530811,1697.983314,132.9,3.473849,2.3,9.9
1742895577.836000,45.336088,6.530920,1699.876707,132.0,3.816896,2.3,9.9
1742895580.836000,45.336021,6.531028,1701.978123,132.0,3.861962,5.9,9.9
1742895583.836000,45.335956,6.531130,1683.812245,132.1,3.724385,1.4,9.9
1742895586.835000,45.335886,6.531236,1686.344586,132.0,3.537931,1.4,9.9
1742895589.835000,45.335819,6.531337,1682.390093,132.0,3.595005,1.8,9.9
1742895592.835000,45.335751,6.531436,1713.638665,132.1,3.775159,1.8,9.9
1742895595.835000,45.335685,6.531534,1716.497238,132.0,3.542871,1.8,9.9
1742895598.834000,45.335614,6.531640,1717.588644,131.9,3.508519,1.7,9.9
1742895601.835000,45.335541,6.531750,1717.469081,132.0,3.859416,2.3,9.9
1742895604.834000,45.335472,6.531855,1718.080230,132.0,3.877428,2.4,9.9
1742895607.834000,45.335404,6.531960,1719.356762,132.0,3.773577,3.4,9.9
1742895610.835000,45.335335,6.532070,1719.941348,131.9,3.567836,3.4,9.9
1742895613.835000,45.335267,6.532178,1721.800049,132.0,3.738036,1.9,9.9
1742895616.835000,45.335200,6.532283,1722.300049,132.1,4.000453,1.9,9.9
1742895619.835000,45.335131,6.532386,1724.450540,132.1,3.771284,1.9,9.9
1742895622.835000,45.335065,6.532489,1726.417624,132.0,3.498492,1.8,9.9
1742895625.835000,45.334996,6.532596,1727.500000,131.9,3.589459,1.8,9.9
1742895628.835000,45.334927,6.532697,1731.076395,132.0,3.579243,1.8,9.9
1742895631.835000,45.334862,6.532795,1733.884186,132.1,3.741680,2.0,9.9
1742895634.835000,45.334791,6.532907,1734.939013,132.0,3.767635,2.1,9.9
1742895637.835000,45.334724,6.533012,1736.462669,131.8,3.756753,3.5,9.9
1742895640.835000,45.334655,6.533117,1737.934436,132.1,3.890600,3.5,9.9
1742895643.835000,45.334585,6.533225,1739.900024,131.9,3.504681,2.0,9.9
1742895646.835000,45.334519,6.533327,1741.851682,131.9,3.529345,2.0,9.9
1742895649.834000,45.334451,6.533432,1743.764191,132.0,3.869111,2.0,9.9
1742895652.835000,45.334385,6.533533,1747.037127,132.0,3.722797,2.0,9.9
1742895655.835000,45.334319,6.533633,1749.423380,132.0,3.635267,2.0,9.9
1742895658.835000,45.334251,6.533736,1751.706447,132.0,3.619868,2.0,9.9
1742895661.835000,45.334187,6.533833,1755.165327,132.0,3.538307,2.0,9.9
1742895664.834000,45.334120,6.533931,1758.468109,132.0,3.657617,3.4,9.9
1742895667.834000,45.334055,6.534029,1762.634574,132.0,3.520447,3.4,9.9
1742895670.834000,45.333991,6.534129,1765.522244,132.0,3.917445,1.8,9.9
1742895673.834000,45.333923,6.534232,1767.234505,132.0,3.858024,1.9,9.9
1742895676.835000,45.333857,6.534333,1769.404837,132.0,3.480067,1.9,9.9
1742895679.835000,45.333788,6.534440,1771.352857,132.0,3.541572,1.8,9.9
1742895682.835000,45.333718,6.534546,1773.393293,132.0,3.720783,1.8,9.9
1742895685.834000,45.333651,6.534644,1775.957456,132.0,3.619712,2.0,9.9
1742895688.834000,45.333585,6.534745,1779.255452,132.0,3.649324,2.0,9.9
1742895691.835000,45.333516,6.534849,1782.240778,132.0,3.520789,3.4,9.9
1742895694.834000,45.333450,6.534953,1791.174835,132.1,3.555736,1.9,9.9
1742895697.835000,45.333383,6.535057,1789.104565,131.3,3.684533,1.9,9.9
1742895700.835000,45.333313,6.535165,1798.440622,131.0,3.632062,2.1,9.9
1742895703.835000,45.333243,6.535270,1799.609514,132.0,3.641049,1.7,9.9
1742895706.834000,45.333174,6.535374,1806.400024,132.0,3.698944,8.5,9.9
1742895709.835000,45.333106,6.535473,1797.485925,132.1,3.655261,2.0,9.9
1742895712.835000,45.333036,6.535578,1806.400024,132.3,3.723490,2.6,9.9
1742895715.835000,45.332970,6.535679,1811.083755,133.0,3.563468,4.3,9.9
1742895718.835000,45.332900,6.535778,1810.438119,134.4,3.739005,2.0,9.9
1742895721.835000,45.332820,6.535857,1815.172437,152.0,3.625485,8.3,9.9
1742895724.835000,45.332747,6.535965,1814.889968,143.9,3.612869,2.7,9.9
1742895727.835000,45.332680,6.536075,1815.894341,139.0,3.729692,2.2,9.9
1742895730.835000,45.332614,6.536185,1818.812181,137.0,3.670506,2.1,9.9
1742895733.835000,45.332551,6.536292,1825.157504,135.0,3.639717,4.3,9.9
1742895736.835000,45.332484,6.536399,1824.906753,134.0,3.740055,8.3,9.9
1742895739.835000,45.332418,6.536502,1823.789861,133.0,3.570256,2.7,9.9
1742895742.835000,45.332354,6.536602,1827.599976,134.0,3.659664,6.6,10.5
1742895745.835000,45.332286,6.536708,1830.362435,132.0,3.640528,5.9,10.5
1742895748.835000,45.332221,6.536809,1833.612404,131.0,3.629557,6.5,9.9
1742895751.834000,45.332155,6.536911,1839.074409,131.0,3.728862,8.1,9.9
1742895754.835000,45.332089,6.537014,1840.405209,131.0,3.480510,6.2,9.9
1742895757.835000,45.332029,6.537111,1844.357236,131.0,3.261462,6.0,9.9
1742895760.834000,45.331960,6.537216,1848.491847,129.0,3.820642,4.0,9.9
1742895763.835000,45.331891,6.537321,1850.615514,129.0,3.789990,8.4,9.9
1742895766.834000,45.331824,6.537423,1852.408441,130.0,3.779125,8.2,9.9
1742895769.835000,45.331754,6.537528,1852.899793,130.0,3.769592,6.7,9.9
1742895772.834000,45.331686,6.537631,1856.368035,130.0,3.609662,6.3,9.9
1742895775.834000,45.331616,6.537736,1858.198676,130.0,3.719941,6.2,9.9
1742895778.834000,45.331548,6.537842,1861.423921,130.0,3.580815,6.6,9.9
1742895781.834000,45.331482,6.537944,1864.098988,130.0,3.550176,8.3,9.9
1742895784.834000,45.331421,6.538040,1865.716336,129.0,3.338423,6.4,9.9
1742895787.835000,45.331360,6.538137,1869.905220,129.0,3.429811,6.3,9.9
1742895790.835000,45.331294,6.538235,1876.006246,130.0,3.469880,4.3,9.9
1742895793.835000,45.331232,6.538328,1881.678550,130.1,3.390053,8.7,9.9
1742895796.835000,45.331166,6.538424,1886.879470,130.2,3.325530,8.5,9.9
1742895799.835000,45.331102,6.538521,1889.857009,130.1,3.346601,7.0,9.9
1742895802.834000,45.331037,6.538620,1897.272222,130.2,3.310531,7.4,9.9
1742895805.835000,45.330976,6.538714,1902.542573,130.9,3.270182,8.5,9.9
1742895808.835000,45.330912,6.538814,1907.444567,131.1,3.823185,6.9,9.9
1742895811.835000,45.330844,6.538918,1910.716074,131.0,3.574497,8.6,9.9
1742895814.835000,45.330778,6.539018,1912.406015,131.0,3.548349,6.2,9.9
1742895817.834000,45.330713,6.539121,1916.576802,131.0,3.614279,6.6,10.1
1742895820.835000,45.330648,6.539222,1920.892908,131.0,3.520839,4.2,10.1
1742895823.835000,45.330582,6.539322,1927.283400,132.0,3.579496,4.9,9.9
1742895826.834000,45.330519,6.539420,1929.535237,132.0,3.420503,8.7,9.9
1742895829.835000,45.330456,6.539514,1931.991341,132.0,3.499942,7.2,9.9
1742895832.835000,45.330389,6.539614,1937.928379,132.0,3.599885,5.6,9.9
1742895835.835000,45.330325,6.539706,1942.083296,132.0,3.429886,5.0,9.9
1742895838.835000,45.330261,6.539803,1947.271757,132.0,3.469774,5.7,9.9
1742895841.834000,45.330196,6.539899,1953.037125,132.0,3.360455,7.7,9.9
1742895844.835000,45.330133,6.539995,1956.064832,129.0,3.409483,4.9,9.9
1742895847.835000,45.330086,6.540112,1959.402660,110.0,3.748034,5.5,9.9
1742895850.835000,45.330027,6.540221,1964.844034,113.0,3.648623,3.7,9.9
1742895853.834000,45.329954,6.540320,1969.850267,123.8,3.615772,4.3,9.9
1742895856.835000,45.329877,6.540421,1969.983695,126.6,3.647225,8.0,9.9
1742895859.835000,45.329805,6.540520,1970.894821,128.6,3.528306,6.2,9.9
1742895862.835000,45.329734,6.540618,1975.701952,129.9,3.642153,6.0,9.9
1742895865.834000,45.329663,6.540719,1979.501599,131.7,3.656372,6.0,9.9
1742895868.835000,45.329596,6.540816,1982.542959,132.7,3.590078,6.2,9.9
1742895871.835000,45.329529,6.540915,1986.709322,133.0,3.826774,8.0,9.9
1742895874.835000,45.329461,6.541016,1985.750428,134.0,3.710586,6.0,9.9
1742895877.835000,45.329392,6.541119,1987.090020,134.7,3.721334,6.0,9.9
1742895880.835000,45.329321,6.541221,1989.448726,135.0,3.722093,3.8,9.9
1742895883.834000,45.329251,6.541326,1991.719618,135.0,3.666372,8.1,9.9
1742895886.835000,45.329179,6.541431,1988.714067,143.2,3.726614,1.7,9.9
1742895889.835000,45.329106,6.541529,1994.829707,139.1,3.691683,7.7,9.9
1742895892.834000,45.329039,6.541629,1997.038038,139.0,3.672673,7.4,9.9
1742895895.835000,45.328973,6.541728,1998.521512,137.5,3.665294,5.9,9.9
1742895898.834000,45.328903,6.541834,2003.102012,137.0,3.728145,4.4,9.9
1742895901.835000,45.328837,6.541931,2001.307433,138.0,3.424262,8.2,9.9
1742895908.835000,45.328773,6.542023,1999.620676,124.7,1.616034,5.2,10.0
1742895912.834000,45.328657,6.542060,2000.140139,193.9,4.167800,8.2,9.9
1742895915.835000,45.328537,6.541983,1997.224172,207.9,5.082672,6.6,9.9
1742895917.835000,45.328436,6.541921,1998.082815,199.2,5.833601,6.6,9.9
1742895919.835000,45.328322,6.541883,1996.336047,194.2,6.156139,5.9,9.9
1742895921.834000,45.328200,6.541858,1996.138422,189.8,6.701071,7.2,9.9
1742895923.835000,45.328060,6.541844,1994.708607,186.7,7.584912,8.1,9.9
1742895925.834000,45.327911,6.541844,1990.868558,182.1,7.937229,6.3,9.9
1742895927.835000,45.327776,6.541845,1993.407900,184.9,7.343425,4.5,9.9
1742895929.834000,45.327647,6.541849,1990.205559,168.3,7.325864,8.2,9.9
1742895931.835000,45.327519,6.541896,1986.753227,168.5,7.244348,6.0,9.9
1742895933.835000,45.327415,6.541944,1984.853122,161.3,6.128217,6.1,9.9
1742895935.835000,45.327310,6.542008,1983.353027,157.7,6.502490,6.3,9.9
1742895937.835000,45.327176,6.542066,1984.768555,162.6,7.587509,4.5,9.9
1742895939.835000,45.327025,6.542102,1978.912868,173.6,8.157013,5.4,9.9
1742895941.834000,45.326871,6.542129,1981.030059,175.0,8.410383,4.6,9.9
1742895943.835000,45.326721,6.542137,1977.178261,170.3,8.264112,8.4,9.9
1742895945.835000,45.326572,6.542179,1975.885880,171.0,8.749314,7.8,9.9
1742895947.835000,45.326392,6.542198,1975.630500,174.0,10.384010,4.6,9.9
1742895948.834000,45.326292,6.542199,1968.542027,174.0,11.036602,6.5,9.9
1742895949.833000,45.326187,6.542196,1970.683657,176.0,11.440838,4.5,9.9
1742895950.835000,45.326081,6.542189,1968.919853,176.0,11.567365,4.6,9.9
1742895951.834000,45.325977,6.542204,1965.787141,166.0,11.679990,8.1,9.9
1742895952.835000,45.325878,6.542242,1963.903241,160.0,11.080085,8.3,9.9
1742895953.834000,45.325784,6.542263,1962.995359,179.0,10.789891,8.4,9.9
1742895954.835000,45.325695,6.542283,1962.988351,157.0,9.650214,4.7,9.9
1742895956.835000,45.325538,6.542379,1961.800455,167.0,9.679854,4.7,9.9
1742895958.835000,45.325360,6.542374,1959.931578,178.0,9.980000,4.7,9.9
1742895959.835000,45.325269,6.542385,1957.595891,174.0,10.279955,4.7,9.9
1742895960.835000,45.325179,6.542372,1955.914250,197.0,10.029998,4.7,9.9
1742895962.835000,45.325038,6.542239,1951.569590,217.0,9.250001,8.5,9.9
1742895964.835000,45.324951,6.542061,1947.661943,263.9,8.028343,8.5,9.9
1742895966.834000,45.325018,6.541876,1948.684632,315.0,8.279914,9.3,9.9
1742895968.834000,45.325124,6.541696,1941.903159,305.1,9.402505,4.5,9.9
1742895970.834000,45.325232,6.541520,1939.052832,310.0,9.133702,4.8,9.9
1742895972.835000,45.325324,6.541329,1934.065068,322.1,9.607080,7.9,9.9
1742895974.835000,45.325365,6.541111,1931.089888,350.5,8.592998,7.0,9.9
1742895976.835000,45.325361,6.540888,1928.858437,271.2,8.059402,4.7,9.9
1742895978.835000,45.325274,6.540698,1925.700159,205.1,8.771147,4.7,9.9
1742895980.835000,45.325116,6.540651,1921.366557,184.0,8.540473,4.7,9.9
1742895982.835000,45.324973,6.540683,1918.616434,167.0,7.960054,4.8,9.9
1742895984.835000,45.324825,6.540730,1918.656485,163.0,8.789963,13.0,9.9
1742895986.835000,45.324664,6.540794,1918.022873,164.0,9.539845,11.6,9.9
1742895988.835000,45.324507,6.540873,1914.765525,157.0,9.270021,12.9,9.9
1742895990.834000,45.324340,6.540940,1911.180132,163.0,9.799569,4.9,9.9
1742895992.835000,45.324172,6.541014,1908.857646,158.0,9.724278,5.0,9.9
1742895994.834000,45.324008,6.541087,1906.482671,141.2,9.302255,5.0,9.9
1742895996.834000,45.323850,6.541141,1907.525663,167.8,8.837303,7.5,9.9
1742895998.835000,45.323692,6.541085,1905.100586,176.0,8.758441,4.3,9.9
1742896000.834000,45.323532,6.540972,1903.179443,189.2,9.458543,3.1,9.9
1742896001.835000,45.323448,6.540920,1898.292055,204.7,9.991327,7.6,9.9
1742896002.835000,45.323368,6.540847,1896.971882,209.9,10.155923,7.4,9.9
1742896004.835000,45.323284,6.540657,1897.360732,270.5,7.584419,3.9,9.9
1742896006.835000,45.323294,6.540484,1896.830804,210.9,7.138503,3.7,9.9
1742896015.835000,45.323296,6.540339,1895.377834,291.8,2.404875,12.5,9.9
1742896018.835000,45.323370,6.540158,1891.651012,294.0,7.349559,4.4,9.9
1742896020.835000,45.323442,6.539957,1889.174765,295.0,9.649467,4.5,9.9
1742896021.834000,45.323488,6.539842,1887.162613,303.0,10.969397,4.5,9.9
1742896022.835000,45.323543,6.539724,1883.285071,303.0,11.371164,4.5,9.9
1742896023.833000,45.323605,6.539599,1881.459658,303.0,12.248298,4.5,9.9
1742896024.835000,45.323674,6.539465,1880.125438,300.0,13.053865,7.9,9.9
1742896025.835000,45.323749,6.539328,1876.820527,303.9,13.414365,8.3,9.9
1742896026.835000,45.323832,6.539201,1874.395426,303.0,13.154426,10.5,9.9
1742896027.835000,45.323915,6.539085,1874.105089,304.0,12.631370,10.4,9.9
1742896028.835000,45.323994,6.538972,1871.399711,300.1,12.237056,4.2,9.9
1742896029.835000,45.324066,6.538858,1870.871381,299.0,12.151380,4.4,9.9
1742896030.835000,45.324137,6.538743,1869.099976,305.9,12.021067,8.1,9.9
1742896031.834000,45.324211,6.538634,1867.116176,310.9,11.588181,7.9,9.9
1742896032.835000,45.324286,6.538534,1866.636752,308.1,11.099481,7.6,9.9
1742896033.835000,45.324352,6.538434,1866.345057,291.4,10.587895,7.6,9.9
1742896035.835000,45.324449,6.538224,1869.099976,297.1,9.556211,4.1,9.9
1742896037.834000,45.324532,6.538030,1869.099976,305.9,8.371150,4.4,10.0
1742896039.835000,45.324628,6.537900,1866.005645,319.9,7.115804,8.1,10.0
1742896041.835000,45.324720,6.537781,1865.476227,305.1,7.491700,8.2,10.0
1742896043.835000,45.324787,6.537592,1867.194752,290.0,8.796738,12.8,9.9
1742896045.834000,45.324816,6.537347,1863.927086,262.2,10.003772,11.4,9.9
1742896046.835000,45.324797,6.537211,1862.126617,258.0,10.451969,12.8,9.9
1742896047.835000,45.324767,6.537076,1860.846522,249.1,10.894193,12.7,9.9
1742896048.835000,45.324724,6.536942,1856.916256,239.1,11.196896,4.6,9.9
1742896049.834000,45.324667,6.536816,1854.213059,234.1,11.506302,4.6,9.9
1742896050.835000,45.324601,6.536696,1852.472336,227.1,11.824560,4.7,9.9
1742896051.834000,45.324525,6.536584,1850.877412,221.1,12.133062,4.7,9.9
1742896052.835000,45.324438,6.536483,1848.795059,212.1,12.545753,4.7,9.9
1742896053.835000,45.324340,6.536398,1846.871453,208.1,12.772682,4.7,9.9
1742896054.835000,45.324232,6.536313,1845.853584,204.1,13.355278,8.1,9.9
1742896055.835000,45.324119,6.536240,1843.009858,196.1,13.606625,8.5,9.9
1742896056.835000,45.324000,6.536184,1841.343342,197.0,13.639938,10.8,9.9
1742896057.835000,45.323885,6.536131,1839.250875,193.0,13.225523,10.6,9.9
1742896058.835000,45.323773,6.536092,1835.523223,194.0,12.799207,4.5,9.9
1742896059.835000,45.323668,6.536058,1835.259832,192.0,11.965390,4.6,9.9
1742896060.834000,45.323563,6.536026,1832.393298,190.0,12.152995,8.2,9.9
1742896061.835000,45.323458,6.535994,1830.359864,192.0,11.699415,7.9,9.9
1742896062.835000,45.323357,6.535958,1830.840570,192.0,11.601867,4.5,9.9
1742896063.834000,45.323256,6.535927,1830.051494,188.0,11.607636,4.4,9.9
1742896064.834000,45.323153,6.535898,1827.882391,186.0,11.530870,4.1,9.9
1742896065.834000,45.323052,6.535875,1825.489886,183.0,11.441231,4.3,9.9
1742896066.834000,45.322954,6.535855,1824.640366,187.0,10.979442,3.7,9.9
1742896067.834000,45.322859,6.535831,1823.033256,184.0,10.949553,4.6,9.9
1742896068.835000,45.322764,6.535814,1821.916488,183.0,10.812449,4.6,9.9
1742896069.835000,45.322667,6.535797,1820.944165,183.0,10.986399,4.7,9.9
1742896070.835000,45.322570,6.535784,1819.433947,182.0,10.832851,4.7,9.9
1742896071.835000,45.322474,6.535775,1819.197338,180.0,10.741782,4.7,9.9
1742896072.834000,45.322377,6.535767,1817.910531,178.0,10.818476,4.8,9.9
1742896073.834000,45.322280,6.535766,1818.976580,176.0,10.927971,11.7,9.9
1742896074.835000,45.322182,6.535770,1817.978549,173.0,10.979746,11.7,9.9
1742896075.835000,45.322081,6.535781,1817.125475,170.0,11.098940,11.7,9.9
1742896076.835000,45.321983,6.535799,1815.293867,168.0,10.845939,13.0,9.9
1742896077.835000,45.321885,6.535815,1813.312150,167.0,11.026777,13.0,9.9
1742896078.835000,45.321788,6.535840,1810.626740,167.0,11.157319,4.8,9.9
1742896079.835000,45.321689,6.535868,1808.632881,159.1,11.371982,4.8,9.9
1742896080.835000,45.321589,6.535903,1806.220115,164.0,11.395234,4.9,9.9
1742896081.835000,45.321488,6.535931,1804.030770,167.0,11.535686,4.9,9.9
1742896082.835000,45.321392,6.535964,1802.811508,161.0,10.941052,4.9,9.9
1742896083.835000,45.321298,6.536004,1802.389833,163.0,11.089573,11.2,9.9
1742896084.835000,45.321204,6.536038,1801.402946,166.0,10.481882,8.3,9.9
1742896085.835000,45.321112,6.536074,1800.564298,164.0,10.959261,8.7,9.9
1742896086.834000,45.321012,6.536101,1798.926650,176.0,11.447171,8.1,9.9
1742896087.834000,45.320908,6.536097,1796.896988,186.9,11.260663,7.9,9.9
1742896088.835000,45.320804,6.536083,1793.156965,183.1,11.647305,4.7,10.0
1742896089.834000,45.320706,6.536068,1792.594426,186.7,10.613453,4.8,10.3
1742896090.835000,45.320620,6.536019,1790.411708,200.0,10.315776,8.5,10.7
1742896092.835000,45.320504,6.535898,1792.581003,187.0,7.679502,4.7,11.3
1742896094.835000,45.320376,6.535874,1793.512555,171.0,7.219626,3.5,10.9
1742896096.835000,45.320274,6.535946,1793.150210,156.4,6.450389,3.9,10.3
1742896098.835000,45.320170,6.536030,1791.847841,150.9,6.598463,4.8,10.2
1742896101.835000,45.320049,6.536111,1791.285389,167.2,5.843618,4.9,10.6
1742896103.835000,45.319954,6.536159,1792.759853,151.2,5.255619,11.3,10.8
1742896106.835000,45.319838,6.536226,1792.079257,153.9,5.235854,11.1,10.8
1742896108.834000,45.319746,6.536284,1791.232798,150.1,4.866158,12.6,10.6
1742896110.835000,45.319663,6.536341,1790.460928,157.9,5.718771,10.5,10.2
1742896112.834000,45.319562,6.536378,1789.675711,171.9,5.284468,10.6,9.9
1742896114.835000,45.319467,6.536404,1789.305816,171.0,5.267237,7.7,9.9
1742896116.835000,45.319373,6.536419,1789.122327,190.9,4.830492,7.4,9.9
1742896119.834000,45.319241,6.536427,1786.548184,178.0,5.058187,4.2,9.9
1742896121.834000,45.319148,6.536441,1783.888045,196.8,5.110081,7.6,9.9
1742896124.835000,45.319015,6.536432,1785.488517,190.0,4.939441,4.0,9.9
1742896126.835000,45.318925,6.536415,1782.400024,191.0,4.849720,2.5,9.9
1742896128.834000,45.318828,6.536394,1782.400024,201.9,5.445657,2.6,9.9
1742896130.834000,45.318733,6.536324,1780.586371,230.8,5.931346,2.6,9.9
1742896132.835000,45.318680,6.536161,1782.400024,272.8,7.707169,4.3,9.9
1742896134.834000,45.318696,6.535944,1778.595883,281.0,8.763734,4.3,9.9
1742896136.835000,45.318743,6.535751,1776.400798,288.0,7.534159,4.3,9.9
1742896138.835000,45.318780,6.535615,1773.774153,291.9,5.722022,5.9,9.9
1742896141.835000,45.318809,6.535460,1774.897721,274.0,3.418397,6.0,9.9
1742896161.834000,45.318791,6.535402,1779.272766,-1.0,0.000000,12.0,10.0
1742896161.834000,45.318791,6.535402,1779.272766,-1.0,0.000000,12.0,10.0
1742896232.833000,45.318741,6.535371,1780.199951,219.4,0.574014,9.8,9.9
1742896244.834000,45.318652,6.535403,1782.199951,156.7,0.822476,6.8,9.9
1742896277.834000,45.318562,6.535417,1782.400024,180.0,0.141617,5.7,6.2
1742896347.832000,45.318427,6.535399,1782.400024,201.7,0.850527,3.0,11.2
1742896348.834000,45.318345,6.535345,1782.400024,219.0,3.412718,3.1,11.2
1742896349.834000,45.318266,6.535263,1782.400024,223.7,5.352815,3.1,11.4
1742896351.834000,45.318150,6.535105,1782.400024,225.7,5.296984,4.0,10.7
1742896353.833000,45.318057,6.534986,1784.958221,220.5,5.940574,4.4,9.9
1742896355.834000,45.317973,6.534888,1792.901266,220.0,5.650355,4.4,9.9
1742896357.833000,45.317891,6.534793,1802.511441,219.0,5.909111,3.9,9.9
1742896359.833000,45.317796,6.534682,1807.409274,220.0,6.795778,5.7,9.9
1742896361.834000,45.317712,6.534581,1817.533052,219.1,6.141096,5.9,9.9
1742896363.833000,45.317620,6.534472,1822.171244,217.5,6.550514,8.0,9.9
1742896365.834000,45.317540,6.534369,1827.197461,219.3,5.994070,5.5,9.9
1742896367.834000,45.317454,6.534254,1832.533305,219.3,6.894382,5.3,9.9
1742896369.833000,45.317367,6.534146,1838.043317,218.4,6.521282,4.1,9.9
1742896371.834000,45.317282,6.534043,1842.990631,221.0,6.310864,3.6,9.9
1742896373.833000,45.317196,6.533939,1847.362054,220.0,6.330569,3.7,9.9
1742896375.833000,45.317110,6.533834,1855.952588,222.1,6.290699,3.7,9.9
1742896377.833000,45.317022,6.533730,1860.765312,221.4,6.181462,3.2,9.9
1742896379.834000,45.316938,6.533628,1867.890511,222.4,6.191300,3.3,9.9
1742896381.834000,45.316843,6.533526,1873.621239,217.8,6.312960,3.7,9.9
1742896383.834000,45.316764,6.533417,1879.863244,234.4,5.765351,4.7,9.9
1742896385.834000,45.316680,6.533307,1885.614847,226.6,6.131771,4.5,9.9
1742896387.834000,45.316590,6.533206,1891.463369,222.2,6.216856,4.8,9.9
1742896389.834000,45.316501,6.533103,1898.043383,221.4,6.210775,5.8,9.9
1742896391.833000,45.316418,6.532995,1905.027425,230.2,6.042587,6.1,9.9
1742896393.833000,45.316338,6.532885,1910.604818,235.6,6.020411,6.1,9.9
1742896395.833000,45.316257,6.532784,1917.469350,220.2,6.138682,5.4,9.9
1742896397.833000,45.316167,6.532695,1926.781143,220.6,5.963929,5.5,9.9
1742896399.833000,45.316078,6.532595,1931.434330,220.0,5.864529,4.9,7.9
1742896401.834000,45.315995,6.532492,1939.097969,223.0,5.973154,3.6,5.9
1742896403.834000,45.315914,6.532395,1947.604949,221.1,5.958919,4.0,3.9
1742896405.833000,45.315830,6.532300,1953.204904,221.0,6.030509,3.9,3.9
1742896407.832000,45.315747,6.532202,1961.941621,218.2,5.940801,3.1,4.2
1742896409.833000,45.315656,6.532089,1969.271832,220.6,6.826200,3.4,4.2
1742896411.833000,45.315571,6.531983,1973.627022,222.0,6.301151,3.5,4.2
1742896413.833000,45.315478,6.531875,1978.336608,221.1,6.674293,4.2,4.0
1742896415.833000,45.315388,6.531772,1982.776715,221.0,6.429059,4.8,3.9
1742896417.834000,45.315296,6.531667,1987.581196,221.2,6.484403,4.8,3.8
1742896419.833000,45.315202,6.531558,1993.177773,221.0,6.678500,5.9,3.8
1742896421.834000,45.315114,6.531453,1998.322543,221.0,6.370933,6.2,3.8
1742896423.834000,45.315024,6.531343,2003.925132,221.0,6.579216,6.6,3.8
1742896425.834000,45.314938,6.531239,2009.104928,222.0,6.122667,7.4,3.8
1742896427.832000,45.314849,6.531136,2015.141858,220.0,6.378262,5.3,3.8
1742896429.833000,45.314761,6.531034,2020.797058,218.0,6.161782,4.8,3.8
1742896431.834000,45.314670,6.530928,2027.827624,219.0,6.706719,3.2,3.8
1742896433.834000,45.314582,6.530822,2033.837521,222.0,6.401666,3.6,3.8
1742896435.833000,45.314499,6.530722,2040.357203,212.0,6.257991,3.5,3.8
1742896437.834000,45.314419,6.530619,2046.298818,212.0,5.982507,2.6,3.8
1742896439.833000,45.314335,6.530520,2053.484628,217.0,6.207837,2.9,3.8
1742896441.834000,45.314250,6.530422,2060.380486,220.0,6.080786,3.0,3.8
1742896443.834000,45.314154,6.530303,2065.673739,221.0,7.394788,3.9,3.8
1742896445.834000,45.314064,6.530198,2068.095127,220.0,6.383148,4.4,3.8
1742896447.833000,45.313969,6.530085,2072.852468,220.0,6.969551,4.3,3.8
1742896449.834000,45.313879,6.529976,2076.409158,220.0,6.618608,3.7,3.8
1742896451.833000,45.313786,6.529862,2080.630738,220.0,6.561498,5.7,3.8
1742896453.834000,45.313697,6.529756,2084.825043,221.4,6.530728,5.7,3.8
1742896455.834000,45.313606,6.529645,2088.711270,220.8,6.674397,7.8,3.8
1742896457.833000,45.313514,6.529534,2093.327657,220.8,6.771485,5.1,3.8
1742896459.833000,45.313420,6.529425,2097.597190,220.0,6.614559,5.1,3.8
1742896461.834000,45.313328,6.529317,2103.130681,220.0,6.621615,3.9,3.8
1742896463.834000,45.313241,6.529210,2107.798773,220.0,6.439558,3.2,3.8
1742896465.834000,45.313153,6.529103,2112.795677,220.0,6.455297,3.4,3.8
1742896467.834000,45.313069,6.529001,2117.672728,220.0,6.494303,3.5,3.9
1742896469.834000,45.312975,6.528887,2122.444326,220.2,7.177742,2.6,3.8
1742896471.834000,45.312880,6.528774,2123.817423,219.2,6.806622,3.0,3.8
1742896473.834000,45.312783,6.528659,2125.490267,219.0,6.945609,3.4,3.8
1742896475.834000,45.312688,6.528550,2127.629303,210.8,6.690636,3.7,3.8
1742896477.834000,45.312594,6.528444,2130.364067,213.2,6.748353,4.2,3.8
1742896479.834000,45.312498,6.528329,2132.256188,214.4,6.796957,4.4,4.0
1742896481.834000,45.312402,6.528215,2135.403630,216.6,6.935703,5.3,4.0
1742896483.834000,45.312307,6.528101,2138.005223,218.8,6.920644,5.8,4.1
1742896485.833000,45.312214,6.527988,2140.304877,219.8,6.799929,5.7,4.3
1742896487.833000,45.312118,6.527876,2143.330723,220.7,6.859844,6.8,4.5
1742896489.834000,45.312026,6.527763,2146.149040,221.8,6.685259,5.1,4.4
1742896491.833000,45.311931,6.527653,2149.831441,221.1,6.773356,4.5,4.5
1742896493.834000,45.311837,6.527541,2153.528746,220.3,6.804901,3.2,4.6
1742896495.834000,45.311741,6.527426,2156.627045,220.7,6.785157,3.4,4.9
1742896497.834000,45.311646,6.527312,2159.931173,220.1,6.825356,3.4,5.2
1742896499.833000,45.311553,6.527203,2163.236570,220.0,6.770723,2.6,5.4
1742896501.833000,45.311463,6.527092,2166.242944,220.4,6.682271,2.9,5.1
1742896503.834000,45.311370,6.526985,2170.398621,219.8,6.643975,3.0,4.8
1742896505.834000,45.311275,6.526874,2174.446762,218.7,6.715105,3.9,4.9
1742896507.834000,45.311182,6.526761,2178.554210,218.8,6.739178,4.4,5.0
1742896509.834000,45.311089,6.526645,2182.935119,220.6,6.760764,4.2,5.0
1742896511.833000,45.311000,6.526532,2186.249354,220.9,6.616962,3.7,5.0
1742896513.834000,45.310910,6.526422,2191.473242,220.1,6.551467,5.6,4.5
1742896515.834000,45.310816,6.526314,2196.340268,219.3,6.600107,5.8,4.2
1742896517.833000,45.310724,6.526205,2200.617778,219.0,6.607973,7.8,3.8
1742896519.834000,45.310633,6.526096,2205.967430,217.6,6.570513,5.2,3.8
1742896521.833000,45.310544,6.525990,2210.197350,224.9,6.458439,4.7,3.8
1742896523.834000,45.310454,6.525886,2215.556135,221.0,6.590236,3.9,4.0
1742896525.832000,45.310364,6.525783,2220.505930,220.0,6.529906,3.4,4.0
1742896527.833000,45.310278,6.525676,2225.568099,220.0,6.450164,3.4,3.9
1742896529.834000,45.310189,6.525572,2231.308290,220.0,6.469237,2.6,3.8
1742896532.834000,45.310059,6.525423,2239.354365,219.0,6.428404,3.0,5.1
1742896534.833000,45.309970,6.525314,2244.552225,218.0,6.449916,3.0,4.9
1742896536.833000,45.309880,6.525210,2251.025053,219.0,6.330390,3.7,4.9
1742896538.834000,45.309790,6.525106,2257.169334,219.0,6.230750,4.2,3.8
1742896540.833000,45.309706,6.525008,2263.773565,219.0,6.220336,4.1,3.8
1742896542.833000,45.309617,6.524905,2270.691951,219.0,6.279617,5.5,3.8
1742896544.834000,45.309530,6.524804,2277.404025,218.0,6.170286,5.8,3.8
1742896546.833000,45.309448,6.524697,2284.204555,217.0,6.229785,6.0,3.8
1742896548.834000,45.309365,6.524591,2291.172385,218.0,6.200552,6.8,3.8
1742896550.833000,45.309278,6.524490,2297.841960,218.0,6.179725,5.1,3.8
1742896552.834000,45.309193,6.524391,2304.672169,219.0,6.109717,4.7,3.8
1742896554.834000,45.309112,6.524297,2311.743989,220.0,6.149501,3.1,3.8
1742896556.834000,45.309030,6.524194,2318.613101,220.0,6.169702,3.4,3.8
1742896558.834000,45.308947,6.524092,2326.685563,220.0,6.110090,3.4,3.8
1742896560.834000,45.308863,6.523993,2334.221213,220.0,5.980483,2.6,3.8
1742896562.833000,45.308782,6.523898,2341.945320,220.0,5.899836,2.9,3.8
1742896564.834000,45.308699,6.523802,2350.178796,221.0,6.009807,2.9,3.8
1742896566.833000,45.308615,6.523705,2357.526278,221.0,5.999726,3.9,3.8
1742896568.834000,45.308535,6.523608,2364.937734,219.0,5.930086,4.3,3.8
1742896570.834000,45.308457,6.523509,2373.318996,219.0,5.958881,4.1,3.8
1742896572.833000,45.308375,6.523416,2381.827587,220.0,5.850046,5.5,3.8
1742896574.832000,45.308294,6.523324,2389.552209,220.0,5.750848,5.7,3.8
1742896576.834000,45.308211,6.523228,2397.334472,220.0,6.691271,6.7,5.0
1742896578.834000,45.308126,6.523117,2403.513571,219.0,5.846231,6.7,7.5
1742896580.834000,45.308045,6.523015,2410.144961,219.0,6.536170,5.1,9.9
1742896582.834000,45.307959,6.522913,2417.093152,219.0,6.121001,4.7,9.9
1742896584.833000,45.307869,6.522811,2424.328044,219.0,6.111449,3.2,9.9
1742896586.833000,45.307782,6.522712,2431.711118,212.1,6.046957,3.4,9.9
1742896588.833000,45.307700,6.522622,2438.741406,213.0,6.108873,3.8,9.9
1742896590.833000,45.307621,6.522518,2446.382238,217.0,6.336569,2.6,9.9
1742896592.834000,45.307534,6.522412,2453.309421,218.0,6.756464,3.3,9.9
1742896594.834000,45.307449,6.522306,2462.173607,219.0,6.269886,3.4,8.9
1742896596.834000,45.307363,6.522206,2466.511590,220.0,5.830029,3.8,6.2
1742896598.834000,45.307279,6.522115,2474.994362,219.0,6.089960,4.3,3.8
1742896600.834000,45.307192,6.522022,2482.817578,219.0,5.720034,4.0,3.8
1742896602.833000,45.307109,6.521929,2492.137908,219.0,6.119904,3.8,3.8
1742896604.833000,45.307025,6.521830,2499.736499,221.0,5.876290,6.3,3.8
1742896606.834000,45.306941,6.521737,2506.821516,219.0,6.039953,6.0,3.8
1742896608.833000,45.306860,6.521644,2516.217781,220.0,5.800011,7.8,3.8
1742896610.832000,45.306779,6.521546,2522.893962,219.0,5.730008,5.2,3.8
1742896612.834000,45.306701,6.521449,2532.044130,220.0,5.740000,4.7,3.8
1742896614.833000,45.306618,6.521348,2540.590663,219.0,6.809914,3.8,3.8
1742896616.833000,45.306532,6.521243,2546.016418,219.0,5.700047,3.4,3.8
1742896618.834000,45.306450,6.521141,2553.507890,221.0,6.592853,3.8,3.8
1742896620.833000,45.306363,6.521036,2558.494973,210.1,5.991331,3.4,3.8
1742896622.834000,45.306273,6.520927,2564.948990,210.0,6.473314,2.8,3.8
1742896624.834000,45.306189,6.520819,2571.049017,224.8,5.863632,2.9,3.8
1742896626.833000,45.306107,6.520710,2581.226054,221.0,6.489502,3.4,3.8
1742896628.834000,45.306021,6.520609,2586.937382,219.0,6.169965,4.3,3.8
1742896630.834000,45.305932,6.520507,2592.578961,219.1,6.267128,4.2,3.8
1742896632.834000,45.305849,6.520407,2599.561051,219.7,6.187101,4.3,3.8
1742896634.834000,45.305760,6.520300,2606.329109,220.5,6.663290,5.6,3.8
1742896636.834000,45.305665,6.520181,2609.681397,219.8,6.528027,5.7,3.8
1742896638.833000,45.305576,6.520077,2615.948694,226.7,6.480148,6.9,3.8
1742896640.834000,45.305489,6.519971,2620.742890,226.9,6.427984,4.9,3.8
1742896642.833000,45.305393,6.519859,2625.643636,226.7,6.790985,5.0,3.8
1742896644.833000,45.305290,6.519743,2627.301542,218.6,6.875140,4.3,3.8
1742896646.834000,45.305197,6.519637,2629.565399,218.7,6.875290,3.1,3.8
1742896648.834000,45.305100,6.519526,2631.599506,218.3,6.863856,3.3,3.8
1742896650.834000,45.305005,6.519410,2634.182275,223.8,6.812591,3.4,3.8
1742896652.833000,45.304914,6.519292,2635.784038,227.1,6.813113,2.6,3.8
1742896654.833000,45.304818,6.519176,2636.924410,221.0,6.949759,2.9,3.8
1742896656.832000,45.304718,6.519062,2636.635426,219.0,6.970761,2.9,3.8
1742896658.833000,45.304626,6.518950,2636.535677,220.3,7.037938,3.6,3.8
1742896660.833000,45.304533,6.518834,2636.520876,221.6,6.987959,4.2,3.8
1742896662.833000,45.304442,6.518718,2637.112940,223.1,6.936884,4.0,3.8
1742896664.833000,45.304347,6.518607,2637.657025,220.7,6.903359,5.4,3.8
1742896666.831000,45.304252,6.518499,2638.235077,221.0,6.910085,5.7,3.8
1742896668.833000,45.304157,6.518383,2638.624932,219.6,7.000337,5.9,3.8
1742896670.833000,45.304060,6.518269,2639.351867,219.7,6.999742,6.7,3.8
1742896672.833000,45.303964,6.518151,2640.360536,220.0,6.982001,5.0,3.8
1742896674.833000,45.303868,6.518038,2641.097430,219.3,6.947068,4.6,3.8
1742896676.833000,45.303772,6.517928,2641.920429,215.1,6.925038,3.1,3.8
1742896678.832000,45.303675,6.517809,2643.509526,218.0,6.900194,3.3,3.8
1742896680.833000,45.303580,6.517688,2644.896435,219.8,6.903368,3.3,3.8
1742896682.832000,45.303486,6.517573,2646.240525,222.0,6.980200,2.5,5.8
1742896684.833000,45.303389,6.517460,2647.483201,221.3,6.950427,2.8,8.7
1742896686.833000,45.303292,6.517347,2648.986508,220.3,6.875409,2.9,9.9
1742896688.832000,45.303197,6.517237,2650.735756,220.4,6.869684,3.7,9.9
1742896690.833000,45.303098,6.517124,2652.572468,217.6,6.908664,4.2,9.9
1742896692.833000,45.302999,6.517014,2655.219451,216.2,6.803393,4.0,9.9
1742896694.832000,45.302900,6.516909,2656.503190,216.6,6.987892,3.7,9.9
1742896696.833000,45.302805,6.516791,2657.284574,219.0,6.910619,5.6,9.9
1742896698.833000,45.302709,6.516673,2659.281455,220.0,6.950716,5.9,9.9
1742896700.833000,45.302616,6.516559,2661.110317,220.0,6.950053,7.7,9.9
1742896702.832000,45.302522,6.516446,2663.685464,219.0,6.958184,5.1,9.9
1742896704.832000,45.302425,6.516332,2665.133618,219.0,6.840774,4.6,9.9
1742896706.833000,45.302334,6.516218,2667.857346,218.0,6.947943,3.8,9.9
1742896708.832000,45.302237,6.516105,2670.015863,220.0,6.900015,3.3,9.9
1742896710.833000,45.302136,6.515995,2672.073716,220.0,6.910416,3.3,9.9
1742896712.832000,45.302042,6.515884,2674.321074,220.0,6.859689,3.4,9.9
1742896714.832000,45.301947,6.515776,2677.017971,220.0,6.869508,2.8,9.9
1742896716.833000,45.301858,6.515664,2680.702525,220.0,6.800383,2.9,9.9
1742896718.833000,45.301764,6.515555,2682.980485,228.9,6.897055,3.7,9.9
1742896720.833000,45.301680,6.515424,2684.636107,234.0,6.976429,4.2,9.9
1742896722.831000,45.301583,6.515307,2687.786144,231.0,6.859746,3.9,9.9
1742896724.831000,45.301489,6.515196,2689.279092,226.0,6.909340,3.7,9.9
1742896726.832000,45.301394,6.515087,2691.123820,224.0,6.949234,5.7,9.9
1742896728.833000,45.301300,6.514980,2692.518444,222.0,6.929736,5.9,9.9
1742896730.832000,45.301205,6.514863,2694.789608,221.8,6.899283,6.6,9.9
1742896732.832000,45.301107,6.514747,2696.997365,219.5,6.864789,5.0,9.9
1742896734.833000,45.301012,6.514632,2699.308755,219.1,6.890457,4.6,9.9
1742896736.833000,45.300916,6.514521,2701.649883,218.1,6.937910,3.1,9.9
1742896738.833000,45.300819,6.514410,2704.006567,217.8,6.880246,3.3,9.9
1742896740.833000,45.300726,6.514300,2706.334763,217.3,6.847570,3.3,9.9
1742896742.833000,45.300635,6.514190,2708.983436,217.8,6.878612,2.5,9.9
1742896744.833000,45.300540,6.514076,2711.996964,217.3,6.865697,2.9,9.9
1742896746.833000,45.300442,6.513959,2714.633156,215.5,6.957063,2.8,9.9
1742896748.832000,45.300348,6.513859,2717.724861,209.8,6.459412,4.3,9.9
1742896750.833000,45.300258,6.513761,2723.319936,217.3,6.349305,3.9,9.9
1742896752.831000,45.300181,6.513641,2727.517583,229.9,6.231962,4.4,9.9
1742896754.833000,45.300094,6.513531,2735.646879,228.6,6.332636,5.6,9.9
1742896756.833000,45.300007,6.513428,2740.809567,226.1,6.342134,5.4,9.9
1742896758.832000,45.299917,6.513326,2746.363304,223.8,6.335625,5.6,9.9
1742896760.833000,45.299823,6.513228,2753.569531,210.0,6.073883,4.9,9.9
1742896762.833000,45.299730,6.513130,2760.845254,211.0,6.246795,4.6,9.9
1742896764.833000,45.299644,6.513031,2767.540295,207.0,6.159935,3.8,9.9
1742896766.833000,45.299558,6.512933,2773.449193,208.7,6.179116,3.3,9.9
1742896768.832000,45.299478,6.512825,2778.290155,220.5,6.148488,3.3,9.9
1742896770.832000,45.299395,6.512715,2785.571770,222.7,6.241998,2.5,9.9
1742896772.832000,45.299313,6.512612,2793.800574,221.6,6.141056,2.8,9.9
1742896774.832000,45.299230,6.512508,2800.062331,222.8,6.202719,2.5,9.9
1742896776.832000,45.299141,6.512412,2807.150141,208.5,5.882245,4.3,9.9
1742896778.832000,45.299046,6.512318,2812.953357,210.0,6.083086,4.0,9.9
1742896780.833000,45.298959,6.512214,2821.674466,211.4,6.048252,4.2,9.9
1742896782.833000,45.298875,6.512107,2828.763334,213.6,6.147700,5.0,9.9
1742896784.833000,45.298794,6.512003,2835.039187,214.6,6.069847,5.4,9.9
1742896786.832000,45.298714,6.511905,2842.369215,217.4,6.090280,5.4,9.9
1742896788.833000,45.298628,6.511800,2847.034253,218.8,6.535816,4.3,9.9
1742896790.832000,45.298535,6.511684,2855.560278,219.1,6.524996,4.6,9.9
1742896792.832000,45.298447,6.511577,2860.300121,220.6,6.587414,4.3,9.9
1742896794.833000,45.298357,6.511469,2865.768576,220.9,6.490649,3.3,9.9
1742896796.833000,45.298267,6.511361,2871.656279,220.8,6.508379,3.3,9.9
1742896798.832000,45.298174,6.511255,2878.037304,221.0,6.539320,3.3,9.9
1742896800.832000,45.298086,6.511150,2882.893272,220.0,6.301003,2.9,9.9
1742896802.833000,45.297998,6.511036,2887.262957,233.0,6.965683,2.5,9.9
1742896804.833000,45.297908,6.510923,2889.255267,220.0,6.380001,2.6,9.9
1742896806.833000,45.297808,6.510815,2895.312452,218.0,7.119975,4.0,9.9
1742896808.833000,45.297711,6.510708,2899.404310,220.0,7.029918,4.2,9.9
1742896810.833000,45.297616,6.510597,2901.384097,220.0,6.788265,4.2,9.9
1742896812.832000,45.297525,6.510484,2904.139770,224.0,6.690439,5.1,9.9
1742896814.833000,45.297436,6.510374,2907.698997,227.0,6.640486,5.3,9.9
1742896816.832000,45.297338,6.510259,2910.991903,225.0,7.106683,5.3,9.9
1742896818.833000,45.297239,6.510141,2909.386114,219.0,6.861026,4.3,9.9
1742896820.833000,45.297143,6.510029,2914.322789,219.0,6.950381,4.5,9.9
1742896822.832000,45.297045,6.509925,2915.694368,206.0,6.887396,4.5,9.9
1742896824.832000,45.296955,6.509808,2918.811082,219.0,6.890248,3.3,9.9
1742896826.832000,45.296859,6.509699,2919.094410,222.9,6.420961,3.3,9.9
1742896829.833000,45.296781,6.509598,2920.153511,224.9,2.740725,2.5,10.1
1742896849.833000,45.296768,6.509553,2914.042269,127.4,0.000000,1.9,11.1
1742896849.833000,45.296768,6.509553,2914.042269,127.4,0.000000,1.9,11.1
1742896936.128000,45.296806,6.509305,2922.569800,283.5,0.742804,4.1,115.9
1742896942.833000,45.296779,6.509493,2915.814573,-1.0,0.085851,1.4,40.2
1742897061.477000,45.296859,6.509124,2870.014903,280.0,2.281505,1.4,47.9
1742897065.832000,45.296890,6.509287,2870.432518,350.8,0.266370,1.4,34.1
1742897066.833000,45.296948,6.509434,2870.272790,354.2,0.160337,1.4,21.8
1742897128.832000,45.296861,6.509398,2868.687432,170.3,1.382058,1.4,3.0
1742897144.249000,45.296860,6.509129,2841.647217,265.9,0.356758,4.1,4.1
1742897178.238000,45.296911,6.508807,2841.590576,298.0,2.639670,4.7,4.1
1742897181.831000,45.296979,6.508651,2841.515469,297.0,4.677572,1.8,3.9
1742897184.832000,45.297034,6.508496,2840.700195,297.0,3.843995,2.7,3.8
1742897187.831000,45.297080,6.508344,2840.700195,291.1,3.828370,2.7,3.8
1742897191.832000,45.297097,6.508218,2840.700195,274.0,1.669062,3.1,3.8
1742897196.008000,45.297102,6.508088,2837.938118,242.7,2.800542,3.2,4.3
1742897199.831000,45.297085,6.507938,2839.057766,236.9,2.744925,3.2,3.1
1742897203.831000,45.297070,6.507790,2838.729729,258.1,3.003038,3.2,3.0
1742897205.832000,45.297126,6.507672,2838.132005,269.0,4.010021,3.2,3.3
1742897208.832000,45.297120,6.507537,2837.640007,262.0,3.050236,3.3,3.8
1742897211.831000,45.297104,6.507370,2836.609453,262.0,5.919259,3.3,3.8
1742897213.831000,45.297088,6.507219,2834.595348,265.0,6.168124,3.3,3.8
1742897215.832000,45.297076,6.507049,2833.863857,263.0,6.922778,3.3,3.8
1742897217.832000,45.297068,6.506872,2832.267763,290.8,6.764465,3.3,3.8
1742897219.832000,45.297084,6.506720,2831.119138,289.0,6.089384,3.3,3.8
1742897221.832000,45.297120,6.506575,2830.205782,310.7,5.888900,3.4,3.8
1742897223.832000,45.297188,6.506464,2829.582535,334.9,5.450013,3.3,3.8
1742897225.832000,45.297280,6.506408,2828.509261,320.2,5.598769,3.4,3.8
1742897227.832000,45.297369,6.506338,2826.466479,0.8,5.588331,3.4,3.8
1742897229.832000,45.297458,6.506364,2824.499140,41.9,4.468454,3.4,3.8
1742897232.831000,45.297559,6.506378,2822.531523,300.9,2.497430,3.4,3.8
1742897244.831000,45.297672,6.506322,2819.742272,11.0,5.488332,3.6,3.8
1742897246.831000,45.297762,6.506402,2817.270356,27.0,7.128578,3.6,3.8
1742897248.832000,45.297908,6.506349,2810.645723,332.0,9.659656,3.6,3.8
1742897250.832000,45.298051,6.506422,2803.149196,46.9,9.514900,3.6,3.8
1742897252.832000,45.298225,6.506468,2794.352273,351.0,11.009306,3.6,5.0
1742897254.832000,45.298384,6.506591,2786.054093,47.0,10.729671,3.6,7.5
1742897255.831000,45.298465,6.506649,2779.097999,5.0,10.819218,3.6,7.9
1742897256.830000,45.298559,6.506627,2775.125303,342.0,10.370085,3.6,8.9
1742897257.831000,45.298653,6.506581,2771.199283,342.0,11.757100,3.6,9.9
1742897258.832000,45.298757,6.506572,2767.630020,7.9,12.039997,3.7,9.9
1742897259.832000,45.298854,6.506653,2758.647617,42.8,12.917475,3.7,9.9
1742897260.831000,45.298948,6.506722,2754.241137,6.1,12.134385,3.7,9.9
1742897261.831000,45.299057,6.506729,2747.340289,7.0,11.861217,3.7,8.7
1742897262.831000,45.299163,6.506766,2743.530023,11.8,11.941085,3.7,7.5
1742897263.831000,45.299249,6.506845,2740.607128,22.8,10.924296,3.7,6.9
1742897264.832000,45.299340,6.506931,2734.587147,34.0,12.324610,3.7,5.8
1742897265.832000,45.299444,6.507000,2729.278855,17.0,12.865404,3.7,3.8
1742897266.832000,45.299545,6.507087,2723.635054,35.9,13.157290,3.7,3.8
1742897267.832000,45.299644,6.507167,2716.714871,25.1,12.899237,3.7,3.8
1742897268.831000,45.299742,6.507261,2710.840099,35.9,13.097525,3.5,3.8
1742897269.832000,45.299852,6.507319,2704.326585,14.2,13.171399,3.5,3.8
1742897270.831000,45.299950,6.507403,2700.211513,39.8,12.740202,3.5,3.8
1742897271.832000,45.300042,6.507506,2693.926108,37.4,12.811532,3.5,3.8
1742897272.831000,45.300148,6.507547,2686.310181,27.0,12.356392,3.5,3.8
1742897273.832000,45.300258,6.507616,2683.728645,27.1,13.338209,3.5,3.8
1742897274.832000,45.300354,6.507695,2678.407613,29.9,12.814395,3.5,3.8
1742897275.832000,45.300389,6.507862,2671.288707,64.6,12.025475,3.5,3.8
1742897276.831000,45.300430,6.508008,2667.346233,64.9,12.014257,3.3,3.8
1742897277.832000,45.300491,6.508157,2663.819817,56.8,13.114742,3.3,3.8
1742897278.832000,45.300565,6.508298,2658.964789,51.8,13.184800,3.3,3.8
1742897279.831000,45.300671,6.508349,2654.977163,28.6,11.527633,3.4,3.8
1742897280.832000,45.300780,6.508399,2650.711391,19.5,11.930101,3.4,3.8
1742897281.831000,45.300876,6.508484,2649.089812,38.2,12.753412,3.3,3.8
1742897282.830000,45.300988,6.508537,2644.214080,7.9,13.697036,3.3,3.8
1742897283.832000,45.301111,6.508587,2639.034861,15.8,14.108478,3.3,3.8
1742897284.832000,45.301248,6.508612,2631.846830,7.2,14.853521,3.3,3.8
1742897285.831000,45.301377,6.508652,2628.320862,11.6,14.662746,3.3,3.8
1742897286.832000,45.301464,6.508763,2621.637160,34.2,12.895577,3.3,3.8
1742897287.831000,45.301565,6.508845,2619.235140,23.5,13.029690,3.3,3.8
1742897288.832000,45.301683,6.508869,2613.532676,1.3,13.473013,3.3,3.8
1742897289.831000,45.301782,6.508918,2611.220946,28.1,11.555226,3.3,3.8
1742897291.831000,45.301869,6.509091,2605.784864,66.7,6.487110,3.2,3.8
1742897293.831000,45.301966,6.509273,2600.498271,55.9,10.550697,3.2,3.8
1742897294.832000,45.302011,6.509400,2610.637695,65.9,11.475350,1.6,3.8
1742897295.832000,45.302047,6.509538,2608.159382,70.9,11.468585,1.6,3.8
1742897296.831000,45.302084,6.509678,2605.563965,66.1,11.973289,1.6,3.8
1742897297.832000,45.302133,6.509825,2600.917290,65.0,13.396561,1.5,3.8
1742897298.832000,45.302185,6.509992,2597.457392,70.0,14.865685,1.5,3.8
1742897299.832000,45.302229,6.510177,2593.873897,74.0,15.708067,1.5,3.8
1742897300.832000,45.302269,6.510370,2584.939668,74.0,15.955171,1.5,3.8
1742897301.832000,45.302305,6.510560,2581.457589,76.0,15.179677,1.5,3.8
1742897302.832000,45.302339,6.510734,2579.718697,75.0,13.919621,1.5,3.8
1742897303.832000,45.302375,6.510896,2578.270953,73.0,13.090075,1.5,3.8
1742897304.831000,45.302415,6.511049,2577.827825,70.0,12.810037,1.5,3.8
1742897305.832000,45.302452,6.511203,2578.185850,71.0,12.995594,1.5,3.8
1742897306.830000,45.302493,6.511361,2575.990751,69.0,13.267365,1.5,3.8
1742897307.831000,45.302535,6.511530,2573.456814,66.0,13.705395,1.5,3.8
1742897308.832000,45.302577,6.511700,2571.910723,70.9,13.734601,1.5,3.8
1742897309.832000,45.302612,6.511865,2570.448149,65.1,13.045387,1.5,3.8
1742897310.832000,45.302648,6.512016,2568.982854,60.1,12.422402,1.5,3.8
1742897311.832000,45.302682,6.512160,2568.371374,62.0,12.026703,1.5,3.8
1742897312.832000,45.302714,6.512296,2569.172694,51.2,11.211987,1.5,3.8
1742897313.832000,45.302751,6.512422,2568.195013,55.9,10.932938,1.5,3.8
1742897314.832000,45.302782,6.512549,2566.032592,61.9,10.613047,1.5,3.8
1742897316.832000,45.302821,6.512779,2566.284768,68.9,8.846481,1.5,3.8
1742897318.831000,45.302845,6.512977,2564.386590,61.0,7.934540,1.5,3.8
1742897320.832000,45.302883,6.513152,2566.382625,72.0,6.969396,1.5,3.8
1742897324.831000,45.302955,6.513303,2562.659089,19.1,5.524538,1.5,3.8
1742897326.832000,45.303036,6.513432,2558.282774,95.5,5.703701,1.5,3.8
1742897330.831000,45.303122,6.513582,2550.806518,28.1,5.242510,1.5,3.8
1742897332.832000,45.303226,6.513733,2547.297433,49.0,9.465686,1.5,5.8
1742897334.831000,45.303295,6.513899,2541.460603,72.8,5.027257,1.5,7.9
1742897338.832000,45.303325,6.514031,2537.504826,70.8,3.999708,1.5,9.9
1742897341.832000,45.303352,6.514194,2534.013441,66.0,3.260178,1.5,9.9
1742897347.830000,45.303405,6.514307,2536.254620,57.1,0.774170,1.5,9.9
1742897367.830000,45.303489,6.514248,2529.779722,327.0,3.139564,1.5,9.9
1742897370.830000,45.303612,6.514296,2526.989511,34.2,4.686071,1.5,9.9
1742897372.830000,45.303671,6.514411,2521.848332,47.2,4.961168,1.5,9.9
1742897374.830000,45.303735,6.514508,2518.261833,33.7,5.056513,1.4,9.9
1742897376.830000,45.303801,6.514636,2513.180701,46.0,6.007797,1.4,9.9
1742897378.830000,45.303831,6.514810,2509.672211,71.1,6.373412,1.4,9.9
1742897380.831000,45.303831,6.514985,2506.615593,92.4,6.288530,1.4,9.9
1742897383.830000,45.303840,6.515150,2505.613687,44.8,3.169289,1.4,9.9
1742897388.830000,45.303916,6.515291,2503.995524,59.9,5.545736,1.4,9.9
1742897390.831000,45.303983,6.515440,2500.705905,48.1,7.692096,1.4,9.9
1742897392.831000,45.304084,6.515593,2498.027699,45.9,7.923716,1.4,9.9
1742897393.831000,45.304142,6.515691,2494.923111,47.4,10.431296,1.4,9.9
1742897394.831000,45.304204,6.515807,2492.402199,56.3,11.079316,1.4,9.9
1742897395.831000,45.304267,6.515920,2490.456310,47.9,10.636845,1.4,9.9
1742897396.831000,45.304346,6.516012,2488.111591,40.7,11.193526,1.4,9.9
1742897397.831000,45.304439,6.516078,2485.208482,32.7,11.162824,1.4,9.9
1742897398.831000,45.304541,6.516102,2485.044910,11.5,10.808166,1.4,9.9
1742897399.831000,45.304639,6.516097,2484.283835,359.9,10.336625,1.4,9.9
1742897400.830000,45.304740,6.516088,2482.356404,359.2,10.647887,1.4,9.9
1742897401.830000,45.304845,6.516100,2479.256826,2.6,11.354750,1.4,9.9
1742897402.831000,45.304954,6.516105,2477.585923,0.6,12.044660,1.4,9.9
1742897403.831000,45.305066,6.516103,2474.357715,356.7,12.577138,1.4,9.9
1742897404.830000,45.305185,6.516099,2472.565534,0.2,13.404881,1.4,9.9
1742897405.831000,45.305292,6.516126,2471.393861,18.8,11.773986,1.4,9.9
1742897406.830000,45.305395,6.516178,2469.185574,18.0,12.543799,1.4,9.9
1742897407.831000,45.305489,6.516248,2465.920174,39.5,11.328614,1.4,9.9
1742897408.830000,45.305552,6.516353,2463.536967,53.3,10.512934,1.4,9.9
1742897410.831000,45.305665,6.516474,2459.976116,45.8,5.533563,1.4,9.9
1742897416.830000,45.305776,6.516589,2456.886561,20.5,5.251689,1.4,9.9
1742897418.831000,45.305854,6.516655,2454.230352,24.8,4.568965,1.4,9.9
1742897421.831000,45.305963,6.516715,2450.923599,10.9,4.563755,1.4,9.9
1742897423.830000,45.306050,6.516796,2448.268332,20.2,5.625170,1.4,9.9
1742897425.830000,45.306137,6.516916,2445.514815,32.1,6.191009,1.4,9.9
1742897427.830000,45.306253,6.517034,2442.015324,29.0,7.370160,1.4,9.9
1742897429.830000,45.306396,6.517131,2438.635329,23.2,8.526353,1.4,9.9
1742897431.831000,45.306550,6.517160,2434.047210,5.2,7.823100,1.4,9.9
1742897433.831000,45.306678,6.517137,2432.634323,355.3,7.132226,1.4,9.9
1742897435.831000,45.306821,6.517071,2429.089043,346.0,9.339187,1.4,9.9
1742897437.829000,45.306985,6.517095,2425.880740,15.0,9.380012,1.4,9.9
1742897439.830000,45.307134,6.517182,2420.543250,33.9,9.167328,1.4,9.9
1742897441.830000,45.307266,6.517318,2417.755443,43.3,8.782515,1.4,9.9
1742897443.830000,45.307375,6.517446,2413.910141,29.7,7.354331,1.4,9.9
1742897445.831000,45.307485,6.517570,2411.047267,38.8,8.361995,1.4,9.9
1742897447.831000,45.307600,6.517726,2405.004983,50.2,7.608654,1.4,9.9
1742897449.831000,45.307732,6.517844,2400.083756,21.6,8.902658,1.4,9.9
1742897451.829000,45.307892,6.517881,2397.204418,9.7,8.240535,1.4,9.9
1742897453.830000,45.307973,6.517954,2395.837895,35.5,4.053292,1.4,9.9
1742897456.829000,45.308117,6.517908,2393.315404,350.5,5.939955,1.4,9.9
1742897458.830000,45.308236,6.517842,2386.843839,322.9,4.734097,1.4,9.9
1742897463.831000,45.308319,6.517791,2381.772089,334.1,0.774375,1.4,9.9
1742897466.830000,45.308396,6.517716,2378.998890,320.8,4.803664,1.4,9.9
1742897468.831000,45.308456,6.517584,2372.352668,293.8,4.904352,1.4,9.9
1742897470.831000,45.308481,6.517456,2366.964378,287.5,4.745807,1.4,10.0
1742897472.830000,45.308587,6.517408,2361.444043,354.2,5.273681,1.4,10.0
1742897474.830000,45.308756,6.517402,2356.296206,8.3,9.642253,1.4,10.0
1742897475.831000,45.308842,6.517467,2350.517129,45.9,11.229902,1.4,9.9
1742897476.831000,45.308904,6.517576,2349.128184,45.0,9.986830,1.4,9.9
1742897478.831000,45.309025,6.517754,2346.362753,49.9,9.642213,1.4,9.9
1742897480.830000,45.309151,6.517917,2344.126348,49.0,9.382071,1.4,9.9
1742897482.831000,45.309287,6.518056,2343.139864,43.6,9.292093,1.4,9.9
1742897484.830000,45.309404,6.518218,2341.526242,55.9,9.193611,1.4,9.9
1742897486.831000,45.309505,6.518399,2339.486852,51.0,8.542787,1.4,9.9
1742897488.830000,45.309603,6.518558,2339.267992,56.9,8.349088,1.4,9.9
1742897490.831000,45.309687,6.518729,2339.003826,69.9,8.164864,1.4,9.9
1742897492.830000,45.309748,6.518906,2337.861584,71.1,7.704515,1.4,9.9
1742897494.831000,45.309811,6.519072,2335.862895,68.1,7.392670,1.4,9.9
1742897496.830000,45.309877,6.519226,2335.455544,58.0,6.883410,1.4,9.9
1742897498.831000,45.309943,6.519374,2335.188846,52.1,6.763105,1.4,9.9
1742897500.831000,45.310023,6.519493,2334.222624,12.2,6.060187,1.4,9.9
1742897502.831000,45.310118,6.519569,2333.279859,22.0,6.009983,1.4,9.9
1742897504.830000,45.310215,6.519642,2333.395127,25.0,5.932609,1.4,9.9
1742897506.831000,45.310320,6.519694,2332.030195,15.0,6.404051,1.4,9.9
1742897508.830000,45.310441,6.519722,2330.238266,8.0,6.990460,1.4,9.9
1742897510.831000,45.310576,6.519754,2329.285160,359.1,7.539040,1.4,9.9
1742897512.830000,45.310676,6.519732,2328.187306,311.3,3.687242,1.4,9.9
1742897515.830000,45.310642,6.519588,2325.207775,227.4,5.958973,1.4,9.9
1742897517.831000,45.310546,6.519523,2322.903574,206.0,5.005632,1.4,9.9
1742897520.830000,45.310423,6.519443,2321.706175,211.2,5.060211,1.4,9.9
1742897522.829000,45.310320,6.519350,2320.002356,229.8,6.480554,1.4,9.9
1742897524.830000,45.310234,6.519200,2319.057216,249.9,7.405538,1.4,9.9
1742897526.831000,45.310193,6.519014,2318.690240,276.9,7.521185,1.4,9.9
1742897528.831000,45.310203,6.518850,2317.185133,287.0,6.433639,1.4,9.9
1742897530.831000,45.310231,6.518686,2315.714406,289.0,6.796569,1.4,9.9
1742897532.830000,45.310262,6.518521,2314.632246,278.0,6.411465,1.4,9.9
1742897534.831000,45.310272,6.518392,2313.355219,263.0,4.165756,1.4,9.9
1742897552.831000,45.310195,6.518325,2314.089374,187.1,0.708849,1.4,9.9
1742897565.831000,45.310081,6.518321,2314.379752,177.9,5.498385,1.4,9.9
1742897568.831000,45.309973,6.518299,2318.526290,189.9,3.667028,1.4,9.9
1742897572.830000,45.309865,6.518278,2320.961838,197.8,3.164500,1.4,9.9
1742897576.830000,45.309747,6.518262,2327.302079,184.3,3.753084,1.4,8.9
1742897579.831000,45.309653,6.518266,2334.774632,187.0,3.379303,1.4,5.0
1742897582.831000,45.309554,6.518256,2338.544031,187.0,3.043137,1.4,3.8
1742897586.831000,45.309452,6.518239,2346.514401,186.2,2.571806,1.4,3.8
1742897589.831000,45.309354,6.518223,2349.781403,184.0,3.969671,1.4,3.8
1742897592.830000,45.309255,6.518208,2352.625180,189.0,3.999495,1.4,3.8
1742897595.831000,45.309162,6.518201,2353.953567,181.0,2.822686,1.4,3.8
1742897599.830000,45.309041,6.518178,2359.141131,181.0,3.184027,1.4,3.8
1742897602.831000,45.308950,6.518176,2364.494671,185.0,3.608207,1.4,3.8
1742897606.830000,45.308830,6.518158,2372.780611,187.0,3.389151,1.4,3.8
1742897609.831000,45.308740,6.518143,2379.953313,185.0,3.339967,1.4,3.8
1742897613.830000,45.308621,6.518123,2381.953447,186.0,3.359796,1.4,3.8
1742897617.831000,45.308503,6.518142,2391.673264,161.8,3.383261,1.4,3.8
1742897620.830000,45.308415,6.518189,2395.306353,162.0,3.450343,1.4,3.8
1742897623.830000,45.308327,6.518230,2399.506623,160.0,3.905429,1.4,3.8
1742897640.830000,45.307814,6.518514,2415.396240,157.0,3.508914,9.8,11.1
1742897644.831000,45.307722,6.518556,2430.127374,160.0,3.388893,2.8,6.6
1742897648.831000,45.307607,6.518570,2439.205770,162.0,3.051858,1.6,3.8
1742897652.831000,45.307499,6.518613,2443.357410,162.0,3.329665,1.6,3.8
1742897656.831000,45.307386,6.518660,2450.136318,162.0,3.440047,1.5,3.8
1742897660.234000,45.307288,6.518708,2454.736476,159.8,3.142411,1.5,3.7
1742897663.830000,45.307192,6.518748,2460.654589,161.0,3.409630,1.5,3.6
1742897666.830000,45.307103,6.518789,2464.479980,158.0,3.598530,1.4,3.8
1742897669.831000,45.307017,6.518834,2468.090223,160.0,3.281134,1.4,3.8
1742897672.830000,45.306930,6.518873,2472.145748,165.0,3.429372,1.4,3.8
1742897675.831000,45.306838,6.518909,2475.794550,161.0,3.360409,1.4,3.8
1742897678.831000,45.306750,6.518950,2479.770348,162.0,3.409607,1.4,3.8
1742897681.831000,45.306656,6.519000,2484.087017,154.9,3.309645,1.3,3.4
1742897685.830000,45.306549,6.519041,2489.253756,162.0,3.160673,1.3,3.5
1742897689.831000,45.306441,6.519091,2495.020988,163.0,3.090329,1.3,3.8
1742897693.831000,45.306329,6.519143,2501.565424,162.0,3.440001,1.3,3.8
1742897697.830000,45.306218,6.519190,2505.978793,161.0,3.349941,1.3,3.8
1742897701.831000,45.306104,6.519242,2510.373703,160.0,3.329992,1.3,3.8
1742897704.831000,45.306015,6.519284,2514.555077,162.0,3.459986,1.3,7.5
1742897707.831000,45.305925,6.519328,2517.848983,161.0,3.520013,1.3,9.9
1742897710.831000,45.305835,6.519364,2521.647107,160.0,3.400034,1.3,9.9
1742897713.830000,45.305746,6.519406,2524.944794,162.0,3.659985,1.3,9.9
1742897716.831000,45.305656,6.519447,2528.818215,160.0,3.260018,1.3,9.9
1742897720.831000,45.305548,6.519502,2534.840022,159.0,3.199998,1.3,9.9
1742897724.830000,45.305443,6.519555,2542.059995,165.0,2.999998,1.3,9.9
1742897728.831000,45.305330,6.519599,2549.463908,160.0,3.210036,1.3,9.9
1742897732.831000,45.305218,6.519655,2556.671289,162.0,3.320039,1.3,9.9
1742897735.829000,45.305127,6.519691,2562.049274,165.0,3.490033,1.3,9.9
1742897739.831000,45.305012,6.519735,2566.063837,165.0,3.869962,1.3,9.9
1742897742.830000,45.304914,6.519776,2567.954068,157.0,4.089970,1.3,9.9
1742897745.831000,45.304818,6.519824,2570.059196,165.0,4.289938,1.3,9.9
1742897749.830000,45.304704,6.519875,2574.284535,162.0,3.100000,1.3,9.9
1742897753.831000,45.304592,6.519926,2580.003905,162.0,3.120012,1.3,9.9
1742897756.831000,45.304506,6.519968,2584.626950,160.0,3.290008,1.3,9.9
1742897759.831000,45.304419,6.520007,2588.051213,163.0,3.609978,1.3,9.9
1742897762.831000,45.304328,6.520045,2591.787844,165.0,3.470451,1.3,9.9
1742897766.831000,45.304208,6.520074,2594.950362,182.9,3.905508,1.3,9.9
1742897770.831000,45.304120,6.520018,2595.766268,194.1,2.121127,1.3,9.9
1742897777.830000,45.304025,6.520075,2595.361606,147.8,1.468847,1.3,7.9
1742897784.831000,45.303940,6.520119,2595.598232,156.6,1.372102,1.3,3.8
1742897794.831000,45.303853,6.520158,2594.948362,163.0,0.779594,1.3,3.8
1742897801.830000,45.303755,6.520177,2594.586054,175.0,2.344616,1.3,3.8
1742897807.831000,45.303657,6.520194,2591.934152,127.3,3.166968,1.3,3.8
1742897810.831000,45.303606,6.520338,2589.360750,106.5,3.995508,1.3,3.8
1742897812.831000,45.303545,6.520509,2587.362053,93.1,5.650059,1.3,3.8
1742897821.260000,45.303438,6.521275,2566.144043,102.2,7.624526,4.8,7.7
1742897822.830000,45.303402,6.521451,2566.144043,102.7,8.895570,2.7,7.1
1742897824.831000,45.303323,6.521572,2562.991051,123.2,7.498340,2.3,5.8
1742897826.831000,45.303290,6.521754,2558.559864,93.4,7.423146,1.7,4.8
1742897846.966000,45.303272,6.521863,2554.959093,17.8,0.000000,1.4,3.0
1742897846.966000,45.303272,6.521863,2554.959093,17.8,0.000000,1.4,3.0
1742897852.615000,45.303312,6.521877,2552.794661,64.8,0.270086,1.4,3.1
1742897914.831000,45.303391,6.521940,2551.643862,21.1,4.891142,1.6,3.8
1742897916.830000,45.303528,6.521937,2548.473987,356.1,9.089177,1.6,3.8
1742897918.831000,45.303678,6.522062,2540.621494,36.9,10.836735,1.6,3.8
1742897919.829000,45.303767,6.522092,2532.576500,357.4,10.923242,1.6,3.8
1742897920.829000,45.303867,6.522113,2527.214680,16.5,11.963284,1.6,3.8
1742897921.830000,45.303969,6.522140,2522.035043,4.5,11.431539,1.6,3.8
1742897922.830000,45.304067,6.522125,2514.478916,348.1,11.137784,1.6,3.8
1742897923.830000,45.304172,6.522145,2508.885288,18.2,12.673248,1.6,3.8
1742897924.831000,45.304278,6.522192,2503.258244,13.5,11.786157,1.6,3.8
1742897925.830000,45.304385,6.522181,2494.332020,347.9,12.921106,1.6,3.8
1742897926.830000,45.304504,6.522202,2488.472986,18.0,14.630987,1.6,3.8
1742897927.831000,45.304641,6.522217,2480.774873,353.7,15.963391,1.7,3.8
1742897928.831000,45.304788,6.522223,2472.094798,8.4,17.046537,1.7,3.8
1742897929.831000,45.304935,6.522206,2462.018529,346.6,16.847397,1.7,3.8
1742897930.830000,45.305089,6.522194,2454.258380,2.9,17.230158,1.7,3.8
1742897931.830000,45.305243,6.522217,2449.791493,5.2,16.908913,1.7,3.8
1742897932.830000,45.305389,6.522232,2446.491342,4.2,15.981509,1.7,3.8
1742897933.830000,45.305495,6.522307,2444.430247,38.3,13.015355,1.7,3.8
1742897934.829000,45.305586,6.522422,2440.303825,43.5,13.340162,1.7,3.8
1742897935.831000,45.305700,6.522492,2434.679126,14.0,14.555669,1.7,3.8
1742897936.831000,45.305821,6.522562,2427.134372,30.3,14.091327,1.7,3.8
1742897937.830000,45.305900,6.522708,2421.923104,62.9,14.433859,1.7,3.8
1742897938.831000,45.305937,6.522855,2416.905417,78.0,12.431142,1.7,3.8
1742897939.831000,45.305995,6.522985,2410.474602,51.0,12.139312,1.7,3.8
1742897940.830000,45.306073,6.523095,2401.657860,44.1,12.020226,1.7,3.8
1742897942.831000,45.306185,6.523161,2393.919200,35.0,7.657484,1.8,3.8
1742897944.831000,45.306242,6.523282,2389.106323,80.9,2.926139,1.8,3.8
1742897960.830000,45.306252,6.523410,2379.398051,79.0,6.029489,1.9,3.8
1742897962.831000,45.306351,6.523568,2375.448846,36.1,9.895128,1.9,3.8
1742897963.831000,45.306385,6.523700,2370.694419,78.6,11.619816,1.9,3.8
1742897964.830000,45.306404,6.523832,2360.633672,75.1,10.681280,1.5,3.8
1742897965.831000,45.306452,6.523972,2354.571602,65.5,11.998919,1.5,3.8
1742897966.831000,45.306511,6.524141,2346.823471,66.0,14.628351,1.9,3.8
1742897967.831000,45.306556,6.524309,2335.808384,69.9,13.971067,1.9,3.8
1742897968.831000,45.306636,6.524444,2327.558844,56.9,13.774439,1.9,3.8
1742897969.831000,45.306726,6.524595,2323.071386,49.2,15.006733,1.9,3.8
1742897970.830000,45.306802,6.524729,2316.850574,53.9,12.801052,2.0,3.8
1742897971.830000,45.306863,6.524874,2313.153604,57.8,12.955105,2.0,3.8
1742897972.830000,45.306828,6.525052,2308.842595,110.4,14.627109,1.5,3.8
1742897973.831000,45.306826,6.525184,2302.604070,80.6,10.746040,2.0,3.8
1742897974.830000,45.306905,6.525286,2296.426013,37.7,12.112424,2.0,3.8
1742897975.831000,45.306991,6.525357,2291.641873,22.2,9.995678,2.0,3.8
1742897976.831000,45.307086,6.525403,2286.392896,8.1,10.833232,1.5,3.8
1742897977.830000,45.307173,6.525458,2281.788024,26.7,10.007666,2.0,3.8
1742897978.831000,45.307255,6.525523,2277.533657,28.9,10.000925,2.0,4.0
1742897979.831000,45.307334,6.525653,2270.607455,39.1,12.414029,2.0,4.5
1742897980.831000,45.307381,6.525942,2257.104548,69.7,18.699783,2.0,4.7
1742897981.831000,45.307444,6.526151,2249.430001,60.7,15.136517,2.0,4.7
1742897982.830000,45.307532,6.526201,2247.276521,41.6,10.742762,2.0,5.1
1742897984.830000,45.307666,6.526115,2246.963593,358.9,8.178052,2.0,4.7
1742897994.250000,45.307744,6.526153,2269.893799,-1.0,0.000000,4.9,5.1
1742897994.250000,45.307744,6.526153,2269.893799,-1.0,0.000000,4.9,5.1
1742898007.830000,45.307744,6.526144,2269.529053,-1.0,0.054118,8.2,10.5
1742898008.830000,45.307829,6.526247,2270.020020,50.6,7.387311,3.5,8.6
1742898010.830000,45.307880,6.526362,2265.307146,64.0,4.696565,1.6,6.2
1742898012.828000,45.307975,6.526448,2263.388216,9.5,5.778142,1.6,5.4
1742898014.829000,45.308078,6.526423,2259.614484,348.0,5.877459,1.6,3.8
1742898016.830000,45.308169,6.526534,2255.945680,60.6,6.293227,1.6,3.8
1742898018.830000,45.308206,6.526681,2250.679471,76.8,5.999759,1.5,3.8
1742898020.829000,45.308301,6.526797,2246.421547,26.8,7.993717,1.5,3.8
1742898021.829000,45.308381,6.526864,2242.244790,32.4,9.879530,1.5,3.8
1742898023.830000,45.308458,6.527062,2232.655737,61.2,8.192466,1.5,3.8
1742898025.830000,45.308505,6.527273,2225.814824,66.0,8.748078,1.5,3.8
1742898027.829000,45.308622,6.527428,2216.950513,46.3,8.635594,1.5,3.8
1742898028.830000,45.308656,6.527553,2212.177586,63.9,9.590206,1.5,3.8
1742898030.830000,45.308807,6.527674,2202.789917,12.0,10.081994,1.5,3.8
1742898031.829000,45.308909,6.527725,2198.837355,15.1,11.157486,1.5,3.8
1742898032.829000,45.309035,6.527762,2191.569168,13.1,13.162153,1.4,3.8
1742898033.830000,45.309172,6.527778,2181.325237,9.4,13.674461,1.4,3.8
1742898034.830000,45.309320,6.527762,2173.501154,5.3,13.999789,1.4,3.8
1742898035.830000,45.309468,6.527725,2168.985915,0.4,14.360803,1.5,3.9
1742898036.829000,45.309576,6.527673,2165.665173,355.0,14.048094,1.6,4.3
1742898037.829000,45.309651,6.527592,2165.867813,342.1,10.678085,1.5,4.3
1742898039.829000,45.309769,6.527461,2167.448983,318.1,7.296629,1.4,4.2
1742898041.830000,45.309884,6.527370,2167.105991,345.3,6.755211,1.4,4.1
1742898044.829000,45.309982,6.527374,2165.706699,347.6,0.670677,1.4,3.8
1742898078.830000,45.310063,6.527284,2166.739184,346.5,2.244790,1.4,9.9
1742898083.830000,45.310243,6.527267,2160.520537,343.0,6.353935,1.5,5.4
1742898085.830000,45.310403,6.527263,2157.063845,3.8,6.542318,1.5,8.1
1742898087.829000,45.310508,6.527163,2154.573977,318.7,6.795848,1.5,9.9
1742898089.829000,45.310612,6.527176,2152.190620,29.7,6.129196,1.5,9.9
1742898091.830000,45.310710,6.527133,2151.453764,326.5,6.427597,1.5,9.9
1742898093.829000,45.310837,6.527070,2149.181896,351.9,7.957920,1.6,9.9
1742898095.829000,45.310984,6.526981,2146.030656,326.5,10.196207,1.6,9.9
1742898096.830000,45.311060,6.526889,2144.115256,318.5,11.290378,1.6,9.9
1742898097.829000,45.311135,6.526791,2143.294310,319.0,11.347851,1.6,9.9
1742898098.830000,45.311208,6.526693,2139.711521,314.1,10.872263,1.6,9.9
1742898099.830000,45.311273,6.526591,2138.761359,309.1,10.751322,1.6,9.9
1742898100.829000,45.311331,6.526482,2136.659439,306.1,10.651645,1.6,9.9
1742898101.830000,45.311387,6.526370,2135.456840,306.8,10.758150,1.6,9.9
1742898102.829000,45.311446,6.526258,2134.850104,305.7,10.834394,1.6,9.9
1742898103.829000,45.311503,6.526147,2133.713964,307.0,10.795465,1.6,9.9
1742898104.830000,45.311563,6.526045,2132.387449,310.1,10.500623,1.7,9.9
1742898105.830000,45.311638,6.525965,2131.961378,319.6,10.194813,1.7,9.9
1742898107.830000,45.311794,6.525937,2130.288198,10.9,7.377201,1.7,9.9
1742898109.830000,45.311873,6.526142,2128.867748,64.1,7.146353,1.7,9.9
1742898111.829000,45.311885,6.526397,2127.105403,76.6,8.033765,1.4,8.7
1742898113.829000,45.311891,6.526601,2126.040819,81.4,7.912133,1.4,6.9
1742898115.829000,45.311876,6.526838,2123.230603,102.6,8.930417,1.4,4.8
1742898117.829000,45.311818,6.527064,2121.570571,96.2,9.278347,1.4,3.8
1742898119.829000,45.311853,6.527273,2119.324131,60.3,8.368234,1.4,3.8
1742898121.829000,45.312003,6.527417,2115.523664,34.8,9.481287,1.4,3.8
1742898122.830000,45.312087,6.527507,2112.772449,58.6,9.350872,1.4,3.8
1742898123.830000,45.312153,6.527609,2111.286688,83.1,8.853909,1.4,3.8
1742898125.830000,45.312124,6.527767,2106.016695,118.0,6.729718,1.4,3.8
1742898127.830000,45.312038,6.527931,2103.328418,101.4,7.465650,1.4,3.8
1742898129.829000,45.312062,6.528141,2100.782749,73.2,8.171039,1.4,3.8
1742898131.829000,45.312072,6.528356,2098.314657,96.1,8.353042,1.4,3.8
1742898133.830000,45.311962,6.528517,2095.068663,135.9,8.027918,1.4,3.8
1742898134.830000,45.311879,6.528568,2093.531388,152.5,8.529830,1.4,3.8
1742898135.829000,45.311788,6.528626,2091.668385,153.7,10.455942,1.4,3.8
1742898136.829000,45.311717,6.528713,2089.262217,144.1,10.186140,1.4,3.8
1742898138.830000,45.311710,6.528956,2085.043762,86.7,9.604128,1.4,3.8
1742898140.830000,45.311633,6.529144,2080.537367,137.3,8.426190,1.4,3.8
1742898142.830000,45.311541,6.529290,2077.892905,113.2,8.365294,1.4,3.8
1742898144.829000,45.311556,6.529507,2075.734586,62.8,9.911377,1.4,3.8
1742898145.830000,45.311609,6.529620,2073.794748,51.2,11.391342,1.4,3.8
1742898146.830000,45.311679,6.529739,2071.355138,48.0,12.868737,1.4,3.8
1742898147.830000,45.311739,6.529890,2068.629318,64.0,14.109726,1.4,3.8
1742898148.830000,45.311798,6.530036,2062.774740,57.0,12.980876,1.4,3.8
1742898149.829000,45.311873,6.530134,2058.697353,32.1,10.982265,1.4,3.8
1742898150.830000,45.311933,6.530233,2057.641450,56.0,9.730107,1.4,3.8
1742898152.830000,45.312071,6.530311,2056.577093,359.0,8.559758,1.4,3.8
1742898154.829000,45.312235,6.530365,2054.285500,14.0,9.919930,1.4,3.8
1742898155.830000,45.312323,6.530398,2052.796670,15.0,10.289964,1.4,3.8
1742898156.830000,45.312412,6.530438,2052.356144,19.0,10.649771,1.4,3.8
1742898157.830000,45.312497,6.530490,2050.394408,25.0,10.280291,1.4,3.8
1742898158.829000,45.312586,6.530523,2047.946067,11.0,10.069957,1.4,3.8
1742898160.830000,45.312751,6.530578,2046.511505,9.0,9.312499,1.4,3.8
1742898162.830000,45.312883,6.530690,2045.160232,42.9,8.371512,1.4,3.8
1742898164.830000,45.312953,6.530866,2043.876348,66.7,7.267043,1.4,3.8
1742898166.830000,45.313008,6.531049,2046.690263,60.2,7.899819,1.4,3.8
1742898168.830000,45.313084,6.531216,2044.703180,56.1,7.690235,1.4,3.8
1742898170.830000,45.313186,6.531370,2039.969043,29.2,8.156489,1.4,3.8
1742898172.830000,45.313321,6.531386,2038.360726,330.5,7.439760,1.4,3.8
1742898174.829000,45.313418,6.531282,2040.716901,327.1,7.036109,1.4,3.8
1742898176.830000,45.313520,6.531156,2040.189971,320.0,7.558754,1.4,3.8
1742898178.830000,45.313611,6.531015,2038.987847,307.1,7.645645,1.4,3.8
1742898180.830000,45.313699,6.530867,2037.972033,311.7,7.750214,1.4,3.8
1742898182.830000,45.313790,6.530719,2037.215506,312.6,7.748755,1.4,3.8
1742898184.829000,45.313902,6.530634,2035.117123,10.2,6.528868,1.4,3.8
1742898187.830000,45.313948,6.530807,2031.129700,97.5,5.144931,1.4,3.8
1742898189.830000,45.313989,6.530988,2026.703204,58.1,7.332475,1.4,3.8
1742898209.830000,45.314068,6.531058,2027.953660,319.4,0.000000,1.4,9.9
1742898209.830000,45.314068,6.531058,2027.953660,319.4,0.000000,1.4,9.9
1742898209.830000,45.314068,6.531058,2027.953660,319.4,1.980167,1.4,9.9
1742898213.830000,45.314133,6.530955,2026.328538,321.0,3.128332,1.5,9.9
1742898216.830000,45.314224,6.530845,2023.668998,316.5,4.856505,1.5,9.9
1742898218.829000,45.314310,6.530732,2022.972055,317.7,6.238116,1.5,9.9
1742898220.830000,45.314420,6.530596,2018.937487,317.3,7.770895,1.5,9.9
1742898222.829000,45.314543,6.530441,2016.632521,316.0,8.922635,1.5,9.9
1742898224.829000,45.314687,6.530278,2012.632864,321.1,9.988987,1.5,9.9
1742898225.830000,45.314772,6.530200,2011.289373,324.4,10.563337,1.5,9.9
1742898226.830000,45.314860,6.530125,2010.299714,325.9,10.951554,1.5,9.9
1742898227.828000,45.314947,6.530043,2008.550030,322.6,11.290199,1.6,9.9
1742898228.830000,45.315031,6.529950,2007.820421,320.1,11.443890,1.6,9.9
1742898229.829000,45.315115,6.529858,2005.516122,319.5,11.555505,1.6,9.9
1742898230.829000,45.315196,6.529766,2002.745591,318.1,11.589265,1.6,9.9
1742898231.829000,45.315266,6.529661,2002.012155,314.3,11.327321,1.6,9.9
1742898232.829000,45.315330,6.529552,2000.754474,309.2,11.097097,1.6,9.9
1742898233.830000,45.315394,6.529454,1999.708405,313.5,10.409786,1.6,9.9
1742898234.829000,45.315478,6.529397,1997.620743,321.7,10.196504,1.6,9.9
1742898235.830000,45.315567,6.529451,1995.742264,341.1,9.240180,1.6,9.9
1742898236.830000,45.315602,6.529624,1994.609303,71.1,9.250398,1.6,9.9
1742898237.829000,45.315658,6.529762,1993.185453,37.6,10.139958,1.6,9.9
1742898238.829000,45.315735,6.529860,1990.376207,33.7,10.275366,1.6,9.9
1742898240.830000,45.315888,6.529864,1986.665386,348.1,7.925696,1.6,9.9
1742898242.830000,45.316028,6.529865,1985.792218,12.4,7.969377,1.7,9.9
1742898245.830000,45.315957,6.530045,1982.631511,118.6,4.076821,1.7,8.8
1742898255.250000,45.315590,6.530407,1990.604004,38.9,4.666569,3.8,4.2
1742898257.830000,45.315690,6.530438,1888.900024,352.1,4.745400,9.7,4.2
1742898259.830000,45.315802,6.530428,1888.900024,350.0,6.037940,9.7,4.1
1742898261.829000,45.315923,6.530392,1887.052765,350.0,6.568890,9.7,3.8
1742898263.830000,45.316053,6.530369,1885.420542,353.0,7.129942,9.8,3.8
1742898265.830000,45.316186,6.530335,1883.544588,348.0,7.769688,9.8,3.8
1742898267.829000,45.316329,6.530289,1881.173240,344.0,8.409224,9.8,3.8
1742898269.830000,45.316482,6.530239,1879.338102,7.4,8.509656,9.8,3.8
1742898271.829000,45.316640,6.530158,1877.717804,330.0,9.817396,9.8,3.8
1742898273.829000,45.316776,6.530022,1873.273031,325.9,9.823503,9.8,3.8
1742898275.830000,45.316925,6.529893,1871.560446,327.7,9.689308,9.8,3.8
1742898277.830000,45.317076,6.529768,1869.821420,325.1,9.610638,9.8,3.8
1742898279.829000,45.317227,6.529640,1868.697316,330.0,9.606588,9.9,3.8
1742898281.830000,45.317384,6.529532,1867.654336,339.7,9.572145,9.9,3.8
1742898283.830000,45.317538,6.529505,1864.912627,333.8,6.771396,9.9,3.8
1742898285.830000,45.317637,6.529433,1863.857051,352.3,6.940667,9.9,3.8
1742898287.829000,45.317783,6.529451,1961.717773,10.0,8.639977,1.6,3.8
1742898289.830000,45.317945,6.529490,1960.231997,357.2,9.086799,1.6,3.8
1742898291.830000,45.318080,6.529480,1957.958515,21.9,6.795290,1.6,3.8
1742898293.830000,45.318197,6.529523,1957.237201,21.9,6.797575,1.6,3.8
1742898295.829000,45.318300,6.529618,1955.874974,13.3,8.072891,1.6,3.8
1742898297.829000,45.318454,6.529648,1951.367484,20.5,9.692395,1.5,3.8
1742898299.830000,45.318622,6.529745,1945.307608,10.7,11.145979,1.5,3.8
1742898300.830000,45.318702,6.529823,1940.427151,41.6,10.987824,1.5,3.8
1742898301.830000,45.318787,6.529886,1935.909501,16.9,11.107425,1.5,3.8
1742898302.830000,45.318870,6.529963,1932.597907,35.2,11.560505,1.5,3.8
1742898303.829000,45.318962,6.530014,1927.403918,15.6,11.480507,1.5,3.8
1742898304.829000,45.319049,6.530087,1921.869343,37.0,11.769265,1.5,3.8
1742898305.830000,45.319137,6.530140,1918.638504,26.3,10.878113,1.5,3.8
1742898306.830000,45.319231,6.530145,1913.624424,18.9,10.569612,1.5,3.8
1742898307.830000,45.319321,6.530186,1912.935740,24.2,10.318063,1.5,3.8
1742898309.829000,45.319427,6.530320,1905.576202,59.0,7.051246,1.5,3.8
1742898311.829000,45.319574,6.530413,1900.709614,26.0,10.470329,1.5,3.8
1742898313.830000,45.319706,6.530476,1895.541669,12.2,4.894087,1.5,3.8
1742898316.830000,45.319760,6.530593,1891.433734,110.0,3.351499,1.5,3.8
1742898320.830000,45.319816,6.530702,1887.685942,17.0,4.299621,1.5,3.8
1742898322.830000,45.319911,6.530771,1884.574574,18.0,6.598492,1.4,3.8
1742898325.829000,45.319892,6.530920,1879.735677,119.5,5.325274,1.4,3.8
1742898327.830000,45.319883,6.531075,1876.267816,102.0,6.959300,1.4,3.8
1742898330.829000,45.319799,6.531216,1872.040373,126.3,5.347755,1.4,3.8
1742898332.830000,45.319728,6.531368,1868.956367,135.0,7.260009,1.4,3.8
1742898334.830000,45.319672,6.531536,1865.363878,90.0,8.359319,1.6,5.8
1742898336.830000,45.319620,6.531699,1861.512860,142.0,6.729950,1.6,8.7
1742898338.829000,45.319564,6.531829,1859.599389,123.0,5.830046,1.6,9.9
1742898340.830000,45.319479,6.531965,1857.087139,131.0,8.099917,1.6,9.9
1742898342.830000,45.319395,6.532126,1855.205624,124.9,7.825483,1.6,9.9
1742898344.830000,45.319306,6.532294,1851.877584,126.0,7.949940,1.6,9.9
1742898346.829000,45.319211,6.532461,1850.070399,128.1,8.313511,1.7,9.9
1742898348.829000,45.319118,6.532615,1846.525904,132.1,7.483112,1.7,9.9
1742898350.830000,45.319036,6.532776,1843.776892,120.2,8.121516,1.7,9.9
1742898352.829000,45.318952,6.532971,1840.505022,139.4,8.934076,1.7,9.9
1742898354.830000,45.318849,6.533134,1837.047510,116.9,8.159359,1.7,9.9
1742898356.830000,45.318740,6.533263,1832.400024,149.0,7.640114,1.7,9.9
1742898358.830000,45.318663,6.533436,1829.670742,104.0,9.217354,1.7,9.9
1742898360.830000,45.318584,6.533557,1824.895960,163.0,5.849930,1.8,9.9
1742898362.830000,45.318502,6.533659,1822.303215,104.1,7.184302,1.8,9.9
1742898364.830000,45.318553,6.533770,1819.311203,64.0,5.857353,1.8,9.9
1742898367.829000,45.318506,6.533941,1815.439108,115.1,5.395561,1.8,9.9
1742898369.830000,45.318539,6.534099,1811.186863,65.1,6.903560,1.8,9.9
1742898371.830000,45.318524,6.534254,1806.592033,112.9,5.349707,1.9,9.9
1742898373.830000,45.318582,6.534395,1801.966227,74.0,6.301214,1.9,9.9
1742898375.830000,45.318573,6.534531,1796.911281,85.0,6.446517,1.9,9.9
1742898377.829000,45.318615,6.534723,1792.149807,78.9,6.214525,1.9,9.9
1742898383.830000,45.318604,6.534853,1786.364110,105.6,0.277568,1.5,9.9
1742898392.828000,45.318686,6.534941,1783.537871,21.1,4.158216,1.5,10.0
1742898394.829000,45.318784,6.535019,1781.915904,30.6,5.719599,1.5,10.0
1742898396.830000,45.318878,6.535098,1777.934380,25.1,5.459403,1.5,9.9
1742898398.830000,45.318967,6.535171,1776.696340,13.0,6.134767,1.5,9.9
1742898400.830000,45.319079,6.535238,1774.845999,11.0,4.937167,1.5,9.9
1742898403.830000,45.319167,6.535166,1774.004305,337.0,1.240122,1.5,9.9
1742898422.829000,45.319254,6.535129,1775.624650,327.3,0.375096,1.7,9.9
1742898440.829000,45.319348,6.535115,1776.402143,344.7,0.493294,1.5,9.9
1742898516.830000,45.319402,6.535315,1782.400024,84.2,4.214447,7.6,11.0
1742898517.830000,45.319401,6.535480,1782.400024,87.8,5.069268,3.3,10.7
1742898519.830000,45.319389,6.535686,1782.400024,89.1,3.707984,7.0,10.4
1742898521.830000,45.319398,6.535829,1786.417773,89.0,4.650488,7.0,10.1
1742898524.830000,45.319391,6.536002,1790.571862,95.0,4.653311,6.8,9.9
1742898527.830000,45.319384,6.536167,1794.481049,95.0,4.423175,6.1,9.9
1742898530.829000,45.319384,6.536338,1800.961233,92.0,4.198749,4.4,9.9
1742898533.830000,45.319381,6.536510,1804.823207,89.0,4.082205,6.8,9.9
1742898536.830000,45.319379,6.536677,1810.708530,87.0,4.053160,7.1,9.9
1742898539.829000,45.319380,6.536846,1814.911553,90.0,4.904436,7.3,9.9
1742898542.829000,45.319379,6.537017,1817.997911,89.0,4.773345,7.1,9.9
1742898545.830000,45.319380,6.537181,1821.266396,91.0,4.543121,7.8,9.9
1742898548.830000,45.319383,6.537348,1824.657517,96.0,4.359128,5.2,9.9
1742898551.830000,45.319386,6.537523,1825.921057,90.0,4.220315,3.7,7.5
1742898554.830000,45.319390,6.537695,1830.111792,91.0,4.280019,4.4,3.8
1742898557.830000,45.319394,6.537864,1833.354915,91.0,4.420213,7.2,3.8
1742898560.830000,45.319395,6.538027,1833.736784,89.0,4.439679,2.0,3.8
1742898563.829000,45.319393,6.538195,1837.974609,89.0,4.450039,1.9,3.8
1742898566.830000,45.319392,6.538358,1845.424814,88.0,4.369807,2.3,3.8
1742898569.830000,45.319393,6.538518,1848.930999,91.0,4.120018,1.7,3.8
1742898572.830000,45.319393,6.538681,1853.801622,89.0,4.141547,1.6,3.8
1742898575.829000,45.319398,6.538840,1858.862258,77.0,4.141736,2.1,3.8
1742898578.830000,45.319407,6.538993,1863.151376,72.0,4.101449,1.9,3.8
1742898581.830000,45.319410,6.539144,1872.201651,73.8,4.021170,1.8,3.8
1742898584.829000,45.319405,6.539300,1878.050049,80.5,3.934273,1.5,3.8
1742898587.829000,45.319397,6.539458,1884.436011,83.6,4.010993,1.5,3.8
1742898590.830000,45.319389,6.539617,1891.746369,84.0,4.019056,1.4,3.8
1742898593.830000,45.319384,6.539771,1899.283748,86.1,3.946372,1.7,3.8
1742898596.829000,45.319382,6.539921,1907.181401,87.0,3.837078,1.5,3.8
1742898599.830000,45.319379,6.540091,1911.587327,88.9,4.565309,1.4,3.8
1742898602.830000,45.319380,6.540261,1914.292368,88.1,4.566832,1.5,3.8
1742898605.830000,45.319387,6.540428,1919.524454,86.4,4.414478,1.4,3.8
1742898608.830000,45.319385,6.540595,1923.708777,88.1,4.289863,1.5,3.8
1742898611.829000,45.319383,6.540762,1928.418280,88.2,4.241861,1.6,3.8
1742898614.829000,45.319381,6.540928,1931.988780,89.2,4.235132,1.6,6.9
1742898617.830000,45.319381,6.541090,1937.419285,90.9,4.189915,1.6,9.9
1742898620.829000,45.319382,6.541251,1942.835724,91.0,4.197198,1.7,9.9
1742898623.829000,45.319382,6.541413,1948.776671,90.9,4.180832,1.5,9.9
1742898626.830000,45.319381,6.541580,1950.800049,91.9,4.579098,6.3,9.9
1742898629.829000,45.319381,6.541751,1955.555150,92.0,4.520792,2.7,9.9
1742898632.830000,45.319381,6.541926,1959.084764,92.0,4.492441,5.5,9.9
1742898635.830000,45.319380,6.542097,1964.274151,92.1,4.460066,2.0,9.9
1742898638.829000,45.319380,6.542268,1968.861988,92.0,4.360696,2.5,9.9
1742898641.829000,45.319382,6.542437,1970.243962,92.0,4.171777,6.3,9.9
1742898644.830000,45.319382,6.542605,1975.456319,92.0,4.203321,4.8,9.9
1742898647.830000,45.319383,6.542770,1981.924033,92.0,4.350584,2.4,9.9
1742898650.830000,45.319382,6.542932,1986.657517,91.0,4.279875,2.4,9.9
1742898653.830000,45.319381,6.543094,1990.372918,90.0,4.288769,4.4,9.9
1742898656.830000,45.319381,6.543258,1997.610756,91.0,4.151305,2.6,9.9
1742898659.830000,45.319382,6.543417,2001.538625,91.0,4.290099,5.4,9.9
1742898662.830000,45.319381,6.543585,2007.325972,91.0,4.273455,3.2,9.9
1742898665.829000,45.319380,6.543755,2011.791272,91.0,4.421365,2.5,9.9
1742898668.830000,45.319378,6.543923,2015.956286,91.0,4.301504,2.4,9.9
1742898671.830000,45.319377,6.544093,2019.382286,90.0,4.371177,2.8,9.9
1742898674.828000,45.319379,6.544261,2021.335355,89.0,4.201216,6.9,9.9
1742898677.830000,45.319380,6.544426,2030.392460,91.0,4.291072,6.5,9.9
1742898680.829000,45.319379,6.544587,2034.544049,90.0,4.140819,6.3,9.9
1742898683.830000,45.319374,6.544749,2039.372289,91.0,4.201640,4.9,9.9
1742898686.829000,45.319371,6.544909,2046.033128,90.0,4.120728,2.9,9.9
1742898689.829000,45.319369,6.545068,2053.113881,91.0,4.377389,2.8,9.9
1742898692.829000,45.319369,6.545244,2055.805160,91.0,4.203254,2.9,9.9
1742898695.829000,45.319369,6.545420,2057.160432,89.0,4.413743,4.7,9.9
1742898698.828000,45.319367,6.545589,2062.020364,90.0,4.341630,3.8,9.9
1742898701.829000,45.319365,6.545760,2065.320339,89.0,4.569628,2.7,9.9
1742898704.829000,45.319364,6.545930,2069.761697,90.0,4.349892,3.2,9.9
1742898707.828000,45.319362,6.546101,2073.683245,89.0,4.420712,2.7,9.9
1742898710.828000,45.319360,6.546269,2078.335103,90.0,4.319545,3.6,9.9
1742898713.827000,45.319360,6.546436,2079.473851,90.0,4.419186,6.1,9.9
1742898716.828000,45.319361,6.546599,2085.579235,90.0,4.259421,6.6,9.9
1742898719.829000,45.319360,6.546777,2087.436262,90.0,4.494251,6.9,9.9
1742898722.828000,45.319359,6.546950,2088.997471,90.0,4.491556,6.2,9.9
1742898725.829000,45.319356,6.547126,2091.953087,89.0,4.649981,2.9,9.9
1742898728.829000,45.319354,6.547298,2094.928760,90.0,4.518846,2.8,9.9
1742898731.829000,45.319353,6.547470,2095.075805,90.0,4.559409,6.8,9.9
1742898734.828000,45.319352,6.547640,2097.648878,90.0,4.509281,2.7,9.9
1742898737.829000,45.319351,6.547811,2102.095065,89.0,4.529198,3.1,9.9
1742898740.829000,45.319348,6.547982,2104.761084,89.0,4.420007,3.7,9.9
1742898743.829000,45.319345,6.548152,2108.084088,89.0,4.489637,7.5,9.9
1742898746.828000,45.319341,6.548327,2111.412270,90.0,4.609415,7.5,9.9
1742898749.828000,45.319340,6.548501,2113.925154,90.0,4.639031,2.4,9.9
1742898752.828000,45.319341,6.548673,2115.471677,89.0,4.499535,3.0,9.9
1742898755.829000,45.319344,6.548848,2117.076917,88.0,4.638917,2.5,9.9
1742898758.828000,45.319341,6.549017,2118.721685,89.0,4.488617,2.5,9.9
1742898761.827000,45.319338,6.549186,2123.338832,89.0,4.509759,3.2,9.9
1742898764.828000,45.319336,6.549354,2126.340941,90.0,4.449211,2.3,9.9
1742898767.828000,45.319337,6.549526,2128.351358,89.0,4.548799,7.5,9.9
1742898770.827000,45.319328,6.549694,2130.434076,95.0,4.392811,6.4,9.9
1742898773.829000,45.319332,6.549872,2132.707506,90.0,4.820934,3.2,9.9
1742898776.829000,45.319334,6.550044,2134.873721,91.5,4.451950,7.7,9.9
1742898779.829000,45.319345,6.550205,2136.269738,77.5,3.869759,6.9,9.9
1742898785.829000,45.319392,6.550354,2135.438822,31.9,3.590280,8.1,10.0
1742898789.829000,45.319500,6.550348,2133.926215,344.0,2.921108,7.7,9.9
1742898793.829000,45.319597,6.550270,2133.550307,324.3,3.763270,3.3,6.9
1742898796.829000,45.319695,6.550181,2132.875999,327.1,4.276330,3.0,3.8
1742898799.829000,45.319800,6.550078,2131.807309,322.0,4.949879,3.1,3.8
1742898802.829000,45.319856,6.549936,2133.770734,282.0,3.540042,2.1,3.8
1742898806.828000,45.319901,6.549808,2132.605397,329.8,1.892759,8.1,3.8
1742898815.829000,45.319985,6.549869,2131.228656,60.0,1.500038,2.5,3.8
1742898848.828000,45.319972,6.550000,2131.815844,34.5,0.295033,2.6,3.8
1742898895.828000,45.320001,6.550134,2127.134761,101.9,3.568927,1.9,10.0
1742898898.828000,45.319978,6.550296,2129.294167,98.5,3.726676,1.9,10.0
1742898901.829000,45.319963,6.550462,2129.143891,87.9,3.630640,2.1,10.0
1742898904.828000,45.319951,6.550620,2136.019555,97.8,3.577034,4.0,9.9
1742898907.829000,45.319934,6.550783,2139.753715,97.7,3.904534,3.5,9.9
1742898910.828000,45.319921,6.550935,2141.969979,104.6,3.898801,2.1,9.9
1742898913.829000,45.319908,6.551078,2144.379655,107.8,3.851751,1.9,9.9
1742898916.827000,45.319898,6.551222,2146.392470,108.0,3.738267,1.8,9.9
1742898919.829000,45.319894,6.551371,2150.380484,106.0,3.735383,1.8,9.9
1742898922.829000,45.319891,6.551513,2154.720502,119.4,3.569282,1.8,9.9
1742898925.828000,45.319870,6.551648,2157.244532,110.7,3.859432,2.2,9.9
1742898928.829000,45.319881,6.551809,2159.422172,103.2,3.886969,2.3,9.9
1742898931.828000,45.319887,6.551970,2161.061177,99.5,3.945848,1.7,9.9
1742898934.828000,45.319890,6.552123,2163.741112,96.3,3.864486,8.2,9.9
1742898937.828000,45.319890,6.552274,2166.564443,96.1,3.938945,2.3,9.9
1742898940.829000,45.319888,6.552418,2166.357150,92.4,3.830169,2.1,9.9
1742898943.828000,45.319899,6.552566,2167.304150,84.7,3.827255,1.7,9.9
1742898946.829000,45.319899,6.552713,2171.261269,84.8,3.831330,2.0,9.9
1742898949.828000,45.319894,6.552861,2174.042858,87.7,3.791908,1.7,9.9
1742898952.829000,45.319886,6.553005,2176.299523,89.6,3.754070,1.8,9.9
1742898955.829000,45.319876,6.553140,2182.381696,91.1,3.715807,2.3,9.9
1742898958.828000,45.319871,6.553275,2187.020305,92.0,3.468011,1.9,9.9
1742898961.828000,45.319861,6.553405,2196.481325,102.2,3.396236,1.8,9.9
1742898964.828000,45.319852,6.553543,2199.956451,94.5,3.837094,1.9,9.9
1742898967.829000,45.319855,6.553685,2204.168449,87.6,3.754347,2.8,9.9
1742898970.828000,45.319848,6.553822,2208.830559,94.8,3.616170,2.8,9.9
1742898973.829000,45.319846,6.553962,2213.927467,91.3,3.642990,2.5,9.9
1742898976.829000,45.319843,6.554102,2219.323287,88.4,3.662522,2.2,9.9
1742898979.828000,45.319841,6.554236,2224.471874,87.3,3.607112,1.9,9.9
1742898982.828000,45.319838,6.554367,2230.353502,87.0,3.438211,1.8,9.9
1742898985.829000,45.319835,6.554500,2234.654891,84.6,3.416608,1.7,9.9
1742898988.828000,45.319834,6.554634,2241.920955,84.8,3.367645,1.8,9.9
1742898991.828000,45.319833,6.554764,2248.933693,85.3,3.410394,1.7,9.9
1742898994.828000,45.319830,6.554896,2256.074598,86.0,3.913018,2.9,9.9
1742898997.827000,45.319826,6.555040,2261.426138,86.0,3.667853,2.6,9.9
1742899000.829000,45.319820,6.555181,2265.383180,86.0,3.520851,2.6,9.9
1742899003.828000,45.319817,6.555322,2270.392303,85.0,3.531498,2.5,9.9
1742899006.828000,45.319813,6.555460,2271.633358,85.0,3.570721,1.7,9.9
1742899009.829000,45.319809,6.555596,2266.246631,85.0,3.461340,1.5,9.9
1742899012.829000,45.319804,6.555732,2278.553682,84.0,3.540292,3.2,9.9
1742899015.828000,45.319800,6.555868,2284.394371,85.0,3.489833,3.2,9.9
1742899018.829000,45.319796,6.556000,2290.225468,85.0,3.587948,3.2,9.9
1742899021.828000,45.319792,6.556132,2303.203272,85.0,3.428849,1.6,9.9
1742899024.828000,45.319790,6.556263,2310.913328,84.1,3.422487,2.0,9.9
1742899027.829000,45.319786,6.556394,2316.882379,85.0,3.364793,1.6,9.9
1742899030.828000,45.319781,6.556523,2323.189507,84.9,3.350330,1.9,9.9
1742899034.828000,45.319774,6.556696,2333.350964,84.7,3.657154,2.3,9.9
1742899037.829000,45.319769,6.556836,2339.367110,85.0,3.557781,2.2,9.9
1742899040.829000,45.319765,6.556971,2337.946018,79.2,3.396750,1.9,9.9
1742899043.829000,45.319770,6.557102,2343.866775,78.1,3.502534,1.8,9.9
1742899046.828000,45.319769,6.557241,2351.245885,81.5,3.583640,1.9,9.9
1742899049.829000,45.319756,6.557375,2358.713646,89.8,3.470065,1.6,9.9
1742899052.829000,45.319745,6.557506,2365.527514,89.0,3.377589,1.9,9.9
1742899055.828000,45.319739,6.557636,2357.821263,85.0,3.337573,1.5,9.9
1742899058.829000,45.319739,6.557768,2363.995394,85.3,3.398049,1.6,9.9
1742899061.829000,45.319738,6.557896,2381.989913,84.8,3.375558,1.5,9.9
1742899065.829000,45.319735,6.558067,2393.269724,89.2,3.319392,1.6,9.9
1742899068.828000,45.319730,6.558205,2392.825704,86.3,3.555707,3.2,9.9
1742899071.829000,45.319727,6.558340,2399.293251,86.0,3.578875,3.2,9.9
1742899074.829000,45.319724,6.558471,2405.244724,87.0,3.537986,3.2,9.9
1742899077.829000,45.319722,6.558604,2411.594388,87.8,3.532598,3.2,9.9
1742899080.829000,45.319718,6.558749,2409.300413,87.9,3.591003,1.5,9.9
1742899083.829000,45.319717,6.558892,2422.381094,73.1,3.494859,1.8,9.9
1742899086.829000,45.319722,6.559032,2415.866164,78.0,3.671831,1.8,9.9
1742899089.829000,45.319707,6.559168,2419.772775,96.0,3.231790,1.6,9.9
1742899092.828000,45.319693,6.559317,2424.529401,93.0,4.159988,1.6,9.9
1742899095.829000,45.319682,6.559467,2425.626317,96.0,3.969032,1.5,9.9
1742899098.829000,45.319676,6.559621,2437.618011,92.0,4.229853,1.7,9.9
1742899101.829000,45.319668,6.559771,2439.743328,92.0,3.946420,1.5,9.9
1742899104.828000,45.319663,6.559921,2441.657848,87.0,3.849325,1.7,9.9
1742899107.829000,45.319656,6.560073,2443.552168,92.0,3.760158,1.7,9.9
1742899110.829000,45.319648,6.560223,2443.735419,91.0,3.900069,2.2,9.9
1742899113.829000,45.319644,6.560369,2449.122130,91.0,3.821380,1.5,9.9
1742899116.829000,45.319638,6.560518,2451.568509,93.0,3.832293,1.5,9.9
1742899119.829000,45.319631,6.560667,2449.318452,93.0,3.844389,2.2,9.9
1742899122.829000,45.319625,6.560814,2451.581721,92.2,3.881064,2.2,9.9
1742899125.829000,45.319619,6.560948,2447.274188,93.2,3.459454,1.5,9.9
1742899128.828000,45.319616,6.561083,2453.202853,94.9,3.445088,1.5,9.9
1742899131.829000,45.319616,6.561216,2458.420889,93.1,3.452355,1.7,9.9
1742899134.829000,45.319615,6.561348,2463.145235,93.0,3.444459,6.1,9.9
1742899137.829000,45.319613,6.561478,2470.642885,92.3,3.428731,1.5,9.9
1742899140.829000,45.319610,6.561606,2485.761216,92.9,3.369800,3.2,9.9
1742899144.829000,45.319603,6.561775,2495.384766,92.9,3.331334,3.2,9.9
1742899148.829000,45.319598,6.561938,2498.296554,90.5,3.210779,1.5,9.9
1742899151.829000,45.319597,6.562074,2513.094953,90.1,3.453852,1.7,9.9
1742899154.829000,45.319593,6.562211,2518.552887,90.0,3.557787,1.9,9.9
1742899157.829000,45.319590,6.562348,2524.542994,89.0,3.486008,1.7,9.9
1742899160.828000,45.319587,6.562482,2521.384242,90.0,3.464053,1.5,9.9
1742899163.829000,45.319584,6.562614,2527.624638,90.0,3.404434,1.5,9.9
1742899166.829000,45.319581,6.562746,2534.305768,90.0,3.455114,1.5,9.9
1742899169.828000,45.319577,6.562876,2540.359121,89.0,3.354625,1.5,9.9
1742899172.829000,45.319572,6.563005,2556.943442,89.0,3.359947,2.1,9.9
1742899175.829000,45.319566,6.563134,2553.937998,90.0,3.309883,1.5,9.9
1742899179.828000,45.319558,6.563302,2563.019390,90.0,3.399100,1.5,9.9
1742899182.828000,45.319552,6.563453,2570.670119,90.0,4.285943,1.5,9.9
1742899185.828000,45.319549,6.563618,2579.143053,90.0,3.943490,1.4,9.9
1742899188.829000,45.319545,6.563767,2586.187455,89.0,4.048207,5.7,9.9
1742899191.828000,45.319537,6.563945,2597.130987,89.0,5.257879,1.5,9.9
1742899194.828000,45.319531,6.564114,2603.091461,89.0,4.611840,1.5,9.9
1742899196.829000,45.319528,6.564249,2605.229757,90.0,4.825015,1.5,9.9
1742899199.829000,45.319520,6.564437,2607.948923,90.0,5.013975,1.5,9.9
1742899202.829000,45.319517,6.564620,2611.292121,90.0,4.946283,1.5,9.9
1742899205.829000,45.319512,6.564803,2612.990791,91.0,5.112568,1.6,9.9
1742899208.829000,45.319506,6.564987,2616.947780,91.0,4.788929,1.7,9.9
1742899211.828000,45.319500,6.565172,2619.527963,92.0,4.720294,1.8,9.9
1742899214.828000,45.319491,6.565351,2625.031866,92.0,4.820004,1.5,9.9
1742899217.828000,45.319484,6.565531,2628.502080,93.0,4.671598,1.4,9.9
1742899220.827000,45.319480,6.565709,2633.057136,91.0,4.650349,1.5,9.9
1742899223.828000,45.319476,6.565887,2638.285281,89.0,4.660874,1.5,9.9
1742899226.828000,45.319472,6.566070,2642.395573,87.0,4.622475,1.5,9.9
1742899229.827000,45.319469,6.566248,2642.655051,89.0,4.670120,1.7,9.9
1742899232.828000,45.319465,6.566433,2645.589513,92.0,4.769955,1.9,9.9
1742899235.828000,45.319455,6.566612,2655.001313,93.0,4.540171,3.9,9.9
1742899238.827000,45.319442,6.566786,2661.197456,83.0,4.519831,5.3,9.9
1742899241.828000,45.319472,6.566921,2663.650930,38.1,2.893827,5.6,9.9
1742899246.828000,45.319482,6.567108,2674.400003,77.7,3.530599,1.8,9.9
1742899249.828000,45.319474,6.567267,2680.409461,57.1,3.197548,1.6,9.9
1742899252.828000,45.319482,6.567396,2682.736915,50.1,3.707664,7.2,9.9
1742899255.828000,45.319490,6.567540,2686.899720,45.8,3.433901,6.6,9.9
1742899258.828000,45.319488,6.567668,2692.361260,42.4,3.182872,5.3,9.9
1742899261.826000,45.319490,6.567806,2706.462006,42.5,3.322989,3.2,9.9
1742899264.828000,45.319490,6.567950,2703.517102,45.6,3.491132,2.1,9.9
1742899267.827000,45.319484,6.568097,2709.224727,48.5,3.484637,1.5,9.9
1742899270.828000,45.319475,6.568250,2713.711813,55.1,3.545455,1.5,9.9
1742899273.828000,45.319464,6.568400,2718.670044,59.2,3.494034,1.5,9.9
1742899276.827000,45.319454,6.568550,2721.424665,63.8,3.607639,2.2,9.9
1742899279.828000,45.319445,6.568697,2726.259378,68.4,3.539150,1.7,9.9
1742899282.828000,45.319434,6.568841,2731.072696,71.0,3.519103,1.6,9.9
1742899285.827000,45.319426,6.568986,2735.711944,72.9,3.639927,1.8,9.9
1742899288.827000,45.319418,6.569130,2738.522258,75.0,3.603101,7.5,9.9
1742899291.828000,45.319410,6.569271,2744.339455,76.8,3.569997,6.8,9.9
1742899294.828000,45.319402,6.569407,2747.112734,78.0,3.546401,1.5,9.9
1742899297.827000,45.319393,6.569552,2751.385817,78.9,3.878692,1.6,9.9
1742899300.828000,45.319387,6.569701,2754.276132,80.0,3.875102,1.5,9.9
1742899303.828000,45.319379,6.569849,2756.113485,80.9,3.877979,1.7,9.9
1742899306.828000,45.319370,6.569996,2760.676845,81.0,3.819164,3.6,9.9
1742899309.827000,45.319362,6.570145,2764.615776,82.0,3.839898,3.2,9.9
1742899312.826000,45.319355,6.570293,2770.406477,83.0,3.780134,1.5,9.9
1742899315.828000,45.319347,6.570438,2773.542142,83.0,3.770247,1.5,9.9
1742899318.828000,45.319340,6.570584,2776.269120,84.0,3.799928,1.5,9.9
1742899321.828000,45.319334,6.570731,2779.977824,84.0,3.780242,1.4,9.9
1742899324.827000,45.319328,6.570876,2780.588889,85.0,3.770411,7.2,9.9
1742899327.827000,45.319323,6.571020,2784.343475,85.0,3.789700,7.2,9.9
1742899330.828000,45.319317,6.571164,2788.732732,85.0,3.769773,6.1,9.9
1742899333.828000,45.319312,6.571308,2790.384885,86.0,3.759948,1.6,9.9
1742899336.828000,45.319306,6.571451,2794.431926,86.0,3.749993,1.7,9.9
1742899339.828000,45.319302,6.571593,2798.792332,87.0,3.739597,1.6,9.9
1742899342.828000,45.319297,6.571735,2803.198969,87.0,3.808914,1.5,9.9
1742899345.827000,45.319292,6.571888,2807.826469,87.0,4.009410,1.6,9.9
1742899348.828000,45.319287,6.572036,2811.490861,88.0,3.820096,1.7,9.9
1742899351.828000,45.319281,6.572184,2817.446859,87.0,3.869429,1.8,9.9
1742899354.828000,45.319276,6.572337,2821.151250,88.0,4.027843,1.5,9.9
1742899357.827000,45.319272,6.572502,2824.819062,88.0,3.992803,1.5,9.9
1742899360.826000,45.319269,6.572662,2829.533994,88.0,4.102878,2.8,9.9
1742899363.827000,45.319264,6.572817,2830.787374,87.0,4.190012,1.5,9.9
1742899366.828000,45.319260,6.572974,2835.127465,89.0,4.229023,1.8,9.9
1742899369.828000,45.319253,6.573131,2837.604649,94.0,4.070082,1.9,9.9
1742899372.827000,45.319245,6.573291,2840.471555,91.0,4.358148,2.0,9.9
1742899375.828000,45.319239,6.573457,2842.513794,93.0,4.387719,5.0,9.9
1742899378.828000,45.319230,6.573622,2844.411327,93.0,4.120015,5.9,9.9
1742899381.828000,45.319224,6.573785,2843.498997,94.0,4.170823,1.7,9.9
1742899384.827000,45.319217,6.573946,2845.167923,95.0,4.210629,2.5,9.9
1742899387.828000,45.319212,6.574107,2845.167271,94.0,4.259632,5.3,9.9
1742899390.827000,45.319206,6.574270,2842.530605,93.0,4.210353,1.5,9.9
1742899393.827000,45.319199,6.574433,2843.524340,93.0,4.121345,1.6,9.9
1742899396.828000,45.319197,6.574592,2844.821164,92.0,4.121082,1.7,9.9
1742899399.828000,45.319193,6.574750,2849.451045,91.0,4.090697,1.9,9.9
1742899402.828000,45.319188,6.574906,2854.024025,92.0,4.060366,3.1,9.9
1742899405.827000,45.319184,6.575062,2857.905013,92.0,4.070008,4.1,9.9
1742899408.827000,45.319181,6.575218,2862.476579,91.0,4.060122,7.2,9.9
1742899411.828000,45.319178,6.575374,2863.604200,91.0,4.089396,1.7,9.9
1742899414.828000,45.319174,6.575528,2868.358417,91.0,4.019514,1.7,9.9
1742899417.828000,45.319171,6.575682,2873.833486,90.0,4.020231,3.1,9.9
1742899420.828000,45.319168,6.575835,2878.565842,91.0,4.000125,3.5,9.9
1742899423.827000,45.319162,6.575990,2881.755300,92.0,3.930049,3.0,9.9
1742899426.828000,45.319151,6.576140,2888.863384,92.0,3.989737,6.5,9.9
1742899429.828000,45.319141,6.576290,2892.535595,94.0,3.950510,2.5,9.9
1742899432.828000,45.319133,6.576440,2897.637566,94.0,3.920758,1.7,9.9
1742899435.828000,45.319129,6.576590,2900.717517,92.0,4.008391,1.7,9.9
1742899438.826000,45.319124,6.576736,2906.977814,92.0,4.014891,1.5,9.9
1742899441.828000,45.319120,6.576893,2909.597298,92.0,3.970868,1.4,9.9
1742899444.828000,45.319120,6.577049,2914.708731,92.0,4.009652,1.5,9.9
1742899447.828000,45.319118,6.577205,2918.747410,94.0,4.020627,1.4,9.9
1742899450.828000,45.319115,6.577358,2921.736862,93.0,3.980246,1.4,9.9
1742899453.828000,45.319112,6.577511,2928.415171,92.0,3.910862,1.4,9.9
1742899456.828000,45.319110,6.577658,2933.979281,91.0,3.868666,1.5,9.9
1742899459.828000,45.319099,6.577805,2938.274349,87.0,3.838200,1.4,9.9
1742899462.828000,45.319087,6.577953,2943.158121,98.1,3.956446,1.4,9.9
1742899465.828000,45.319083,6.578107,2948.996922,93.5,4.055789,1.7,9.9
1742899468.828000,45.319089,6.578286,2953.300595,86.7,4.677971,1.7,9.9
1742899471.828000,45.319094,6.578456,2952.055441,83.6,3.955003,1.4,9.9
1742899476.828000,45.319085,6.578590,2954.659135,100.7,3.000987,1.4,9.9
1742899479.828000,45.319043,6.578712,2953.452868,110.0,3.370838,1.4,9.9
1742899483.828000,45.318988,6.578842,2951.867538,120.1,2.292693,1.4,9.9
1742899487.827000,45.318924,6.578932,2953.170097,136.6,2.844847,1.7,9.9
1742899491.828000,45.318836,6.579022,2955.344847,147.1,2.240705,4.8,9.9
1742899497.828000,45.318735,6.579084,2954.799641,162.0,2.010013,2.5,9.9
1742899503.828000,45.318657,6.579150,2953.218300,139.0,1.828783,1.7,9.9
1742899522.255000,45.318658,6.579149,2885.737793,-1.0,0.093030,3.6,3.9
1742899548.827000,45.318571,6.579187,2893.500244,155.5,1.527054,4.2,3.0
1742899551.827000,45.318450,6.579214,2891.600128,171.9,5.978463,4.2,3.2
1742899553.825000,45.318305,6.579226,2888.948293,175.5,6.943121,4.3,3.4
1742899555.827000,45.318144,6.579246,2885.871518,169.8,8.657310,4.3,3.7
1742899557.825000,45.317967,6.579282,2881.745473,167.2,9.661096,4.3,3.8
1742899559.825000,45.317796,6.579329,2879.645847,161.1,9.586327,4.3,3.8
1742899561.826000,45.317646,6.579413,2878.281036,156.1,9.104760,4.3,3.8
1742899563.827000,45.317500,6.579496,2876.436981,154.0,8.919530,4.3,3.8
1742899565.827000,45.317344,6.579605,2871.071778,151.0,10.237025,4.3,3.8
1742899566.826000,45.317259,6.579684,2868.360449,143.0,11.422646,4.3,3.8
1742899567.827000,45.317171,6.579768,2866.264088,147.0,11.877633,4.3,3.8
1742899568.826000,45.317079,6.579845,2865.395568,152.0,12.675654,4.4,3.8
1742899569.826000,45.316971,6.579906,2861.923094,159.7,12.699178,4.4,3.8
1742899570.826000,45.316852,6.579954,2858.676274,164.3,13.907267,4.4,3.8
1742899571.826000,45.316727,6.580017,2855.355469,157.0,15.280691,4.4,3.8
1742899572.827000,45.316594,6.580081,2851.841794,163.0,16.021299,4.4,3.8
1742899573.827000,45.316456,6.580130,2848.538948,167.0,15.790449,4.4,3.8
1742899574.826000,45.316321,6.580174,2846.103858,167.0,15.449826,4.4,3.8
1742899575.827000,45.316188,6.580216,2844.729773,168.0,15.039199,4.4,3.8
1742899576.827000,45.316062,6.580253,2844.102610,168.0,14.842060,4.4,3.8
1742899577.827000,45.315938,6.580288,2843.400387,166.7,14.381294,4.4,3.8
1742899578.826000,45.315822,6.580320,2843.146638,166.4,13.716367,4.4,3.8
1742899579.827000,45.315713,6.580348,2843.400387,166.4,13.043277,4.4,3.8
1742899580.827000,45.315607,6.580367,2843.400387,169.2,12.343611,4.6,3.8
1742899581.827000,45.315506,6.580376,2843.579766,172.1,11.764853,4.6,3.8
1742899582.827000,45.315407,6.580377,2843.505389,174.3,11.280848,4.6,3.8
1742899583.826000,45.315313,6.580376,2843.206429,175.7,10.772678,4.6,3.8
1742899585.826000,45.315142,6.580376,2841.966952,180.5,9.151776,4.6,3.8
1742899587.826000,45.314986,6.580374,2842.026734,176.0,8.210232,4.6,3.8
1742899589.827000,45.314848,6.580405,2841.474127,163.0,7.220941,4.7,3.8
1742899591.826000,45.314727,6.580459,2841.056414,158.7,6.982750,4.7,3.8
1742899593.827000,45.314622,6.580526,2840.414211,152.4,6.549520,4.7,3.8
1742899595.826000,45.314531,6.580608,2839.787363,136.2,5.940264,4.7,3.8
1742899597.827000,45.314464,6.580713,2839.563604,122.5,5.575190,4.7,3.8
1742899599.827000,45.314402,6.580819,2839.085492,122.0,5.531762,4.7,3.8
1742899601.827000,45.314342,6.580932,2837.847337,117.3,5.478865,4.7,3.8
1742899603.826000,45.314276,6.581028,2837.548574,114.3,5.025262,4.7,3.8
1742899606.827000,45.314218,6.581159,2837.757707,111.9,3.720356,4.8,3.8
1742899609.826000,45.314174,6.581274,2837.668078,116.9,3.410034,4.8,3.8
1742899612.827000,45.314123,6.581380,2837.728997,124.9,3.024549,5.8,3.8
1742899617.827000,45.314051,6.581463,2837.593024,122.0,1.789222,4.3,3.8
1742899623.827000,45.314002,6.581576,2836.906634,121.0,1.639995,3.0,3.8
1742899638.827000,45.313938,6.581667,2835.961850,157.1,0.770378,1.5,3.8
1742899646.827000,45.313856,6.581754,2835.660153,134.0,2.288627,1.5,3.8
1742899650.826000,45.313767,6.581853,2834.293194,147.0,3.482467,1.5,3.8
1742899653.825000,45.313697,6.581938,2833.631047,143.2,3.199898,1.5,3.8
1742899657.827000,45.313624,6.582028,2832.462646,144.2,3.159680,1.5,3.8
1742899660.827000,45.313526,6.582177,2830.050057,133.0,5.340180,1.5,3.8
1742899662.827000,45.313438,6.582290,2828.084063,140.2,6.451181,1.5,3.8
1742899664.827000,45.313337,6.582417,2825.883970,142.8,7.218434,1.5,3.8
1742899666.827000,45.313239,6.582552,2824.689189,143.8,7.343028,1.5,3.8
1742899668.826000,45.313137,6.582684,2822.734329,146.3,7.629635,1.5,3.8
1742899670.827000,45.313036,6.582814,2822.313721,148.0,7.455269,1.5,3.8
1742899672.827000,45.312945,6.582942,2821.830811,146.1,6.754565,1.5,3.8
1742899674.826000,45.312869,6.583054,2821.848985,147.0,5.645687,1.5,3.8
1742899676.827000,45.312797,6.583160,2821.401678,144.0,5.549949,1.5,3.8
1742899678.827000,45.312730,6.583260,2821.327492,143.0,5.023190,1.5,3.8
1742899681.827000,45.312640,6.583383,2820.706326,153.0,4.631669,1.5,3.8
1742899684.827000,45.312549,6.583508,2820.939848,138.0,4.539871,1.5,3.8
1742899687.826000,45.312456,6.583620,2818.482749,147.0,4.549539,1.5,3.8
1742899690.827000,45.312361,6.583741,2818.140308,132.2,4.756106,1.5,5.0
1742899692.826000,45.312314,6.583853,2817.961460,129.0,4.967037,1.5,6.9
1742899694.827000,45.312255,6.583968,2816.458115,130.0,5.340051,1.5,9.9
1742899696.826000,45.312185,6.584073,2815.490675,132.0,5.415555,1.5,9.9
1742899698.826000,45.312112,6.584176,2814.760988,135.0,5.717441,1.5,9.9
1742899700.826000,45.312036,6.584275,2814.150540,138.0,5.888888,1.5,9.9
1742899702.827000,45.311960,6.584380,2812.811341,133.0,6.019177,1.5,9.9
1742899704.827000,45.311883,6.584490,2812.007776,134.0,5.971166,1.5,9.9
1742899706.827000,45.311811,6.584598,2811.653110,130.0,5.948004,1.5,9.9
1742899708.827000,45.311746,6.584727,2810.788041,122.0,6.336970,1.5,9.9
1742899710.826000,45.311688,6.584867,2810.061221,119.0,6.477123,1.5,9.9
1742899712.827000,45.311629,6.585015,2808.902593,116.0,6.838303,1.4,9.9
1742899714.827000,45.311574,6.585168,2807.753621,116.9,6.752759,1.4,9.9
1742899716.825000,45.311507,6.585320,2806.685144,119.0,6.969436,1.5,9.9
1742899718.827000,45.311437,6.585473,2804.915938,122.0,7.049076,1.5,9.9
1742899720.826000,45.311356,6.585624,2803.516086,129.9,7.666863,1.4,9.9
1742899722.827000,45.311239,6.585758,2801.526642,147.9,8.381264,1.4,9.9
1742899724.827000,45.311090,6.585866,2798.481043,158.9,9.317720,1.4,9.9
1742899726.827000,45.310926,6.585946,2795.701325,157.0,9.767567,1.4,9.9
1742899728.827000,45.310770,6.586035,2793.654405,131.3,8.704435,1.4,9.9
1742899731.827000,45.310694,6.586139,2794.052514,154.1,2.249917,1.4,9.9
1742899736.826000,45.310598,6.586179,2792.793205,163.0,3.547554,1.4,9.9
1742899739.827000,45.310474,6.586255,2790.997140,157.0,5.700377,1.4,9.9
1742899741.826000,45.310372,6.586335,2790.373896,159.0,6.652241,1.4,9.9
1742899743.827000,45.310241,6.586390,2787.969757,152.1,8.021008,1.4,9.9
1742899745.827000,45.310099,6.586509,2782.970894,138.2,9.668730,1.4,9.9
1742899746.827000,45.310025,6.586586,2780.421159,153.0,10.359722,1.4,9.9
1742899748.826000,45.309856,6.586570,2777.841788,196.0,9.390056,1.4,9.9
1742899750.826000,45.309702,6.586613,2772.389587,176.0,9.516382,1.4,9.9
1742899752.826000,45.309549,6.586572,2768.259154,164.0,8.389299,1.4,9.9
1742899754.827000,45.309402,6.586554,2764.039798,219.0,9.038338,1.4,9.9
1742899756.827000,45.309260,6.586520,2755.655996,153.0,8.838553,1.4,9.9
1742899758.827000,45.309093,6.586610,2747.470844,163.0,11.550395,1.4,9.9
1742899760.827000,45.308954,6.586751,2736.239587,146.8,9.412145,1.4,9.9
1742899762.827000,45.308795,6.586764,2729.885522,184.6,9.766797,1.4,9.9
1742899764.827000,45.308662,6.586860,2716.455939,118.0,8.290789,1.4,9.9
1742899766.826000,45.308607,6.587004,2709.601555,115.0,5.481785,1.4,9.9
1742899768.826000,45.308483,6.587072,2704.971618,166.0,9.088479,1.4,9.9
1742899770.827000,45.308383,6.587220,2698.783890,140.0,8.259921,1.4,9.9
1742899772.827000,45.308277,6.587237,2695.568858,217.8,5.007374,1.4,9.9
1742899774.827000,45.308170,6.587211,2691.199184,170.0,7.989354,1.4,9.9
1742899776.826000,45.308052,6.587152,2687.252907,232.9,7.656068,1.4,9.9
1742899778.827000,45.307934,6.587088,2680.863027,170.0,5.192933,1.4,9.9
1742899782.827000,45.307827,6.587106,2675.793190,183.0,7.742095,1.4,9.9
1742899784.826000,45.307651,6.587106,2670.054403,164.0,10.766588,1.4,9.9
1742899785.827000,45.307559,6.587129,2663.339711,175.8,10.617908,1.4,9.9
1742899786.827000,45.307460,6.587128,2656.730185,174.0,11.290700,1.4,9.9
1742899787.826000,45.307355,6.587137,2650.639245,173.0,11.636574,1.4,9.9
1742899788.826000,45.307246,6.587148,2644.960869,172.0,12.038226,1.4,9.9
1742899789.826000,45.307130,6.587185,2636.472750,161.0,13.665473,1.4,9.9
1742899790.826000,45.306999,6.587204,2631.808885,185.0,15.251598,1.4,9.9
1742899791.827000,45.306860,6.587221,2622.765891,161.1,16.100676,1.4,9.9
1742899792.827000,45.306708,6.587269,2613.558394,173.9,17.724417,1.4,9.9
1742899793.827000,45.306551,6.587276,2605.550577,177.9,16.730152,1.4,9.9
1742899794.827000,45.306394,6.587254,2597.333377,185.7,17.795908,1.4,10.1
1742899795.826000,45.306203,6.587233,2587.688491,178.1,21.088245,1.4,10.1
1742899796.827000,45.306021,6.587242,2584.611305,168.0,17.993252,1.4,10.1
1742899797.827000,45.305871,6.587240,2584.495978,189.9,15.674045,1.4,10.1
1742899798.825000,45.305752,6.587158,2585.456703,213.9,13.392876,1.4,10.1
1742899799.826000,45.305651,6.587097,2586.007225,183.0,11.709861,1.4,10.1
1742899800.827000,45.305549,6.587120,2586.369541,159.0,10.950018,1.4,9.9
1742899802.826000,45.305417,6.587227,2586.934983,147.0,6.680175,1.4,9.9
1742899804.826000,45.305320,6.587276,2588.659642,168.0,4.940114,1.4,9.9
1742899807.827000,45.305205,6.587282,2589.960520,179.0,3.625282,1.4,9.9
1742899811.827000,45.305091,6.587265,2590.066465,206.8,2.953554,1.5,9.9
1742899815.826000,45.304978,6.587285,2588.601803,169.9,3.820630,1.5,9.9
1742899817.826000,45.304886,6.587315,2586.712942,175.9,5.345561,1.5,9.9
1742899819.826000,45.304770,6.587345,2585.644923,176.9,6.707718,1.5,9.9
1742899821.827000,45.304628,6.587356,2582.645911,183.0,8.404153,1.5,9.9
1742899823.827000,45.304453,6.587340,2580.099991,188.0,9.752140,1.5,9.9
1742899824.827000,45.304360,6.587321,2578.083957,184.0,10.228705,1.5,9.9
1742899825.826000,45.304264,6.587300,2575.839580,188.0,10.691864,1.5,9.9
1742899826.826000,45.304164,6.587272,2575.072738,188.0,11.053182,1.5,9.9
1742899827.826000,45.304062,6.587247,2571.426052,187.0,11.530217,1.5,9.9
1742899828.827000,45.303958,6.587224,2570.861629,190.0,11.609579,1.6,9.9
1742899829.827000,45.303856,6.587193,2569.126206,198.9,11.319868,1.6,9.9
1742899830.827000,45.303765,6.587144,2567.602009,200.0,10.662946,1.5,9.9
1742899832.827000,45.303616,6.587006,2566.870044,212.0,10.000766,1.6,9.9
1742899833.827000,45.303543,6.586930,2565.915502,216.0,9.852955,1.6,9.9
1742899835.827000,45.303406,6.586776,2564.759180,216.1,9.894143,1.6,9.9
1742899837.827000,45.303257,6.586636,2562.605079,212.5,9.907047,1.6,9.9
1742899839.827000,45.303111,6.586482,2559.238084,213.5,10.135861,1.6,9.9
1742899840.826000,45.303036,6.586405,2558.602511,217.4,10.334973,1.7,9.9
1742899841.827000,45.302960,6.586319,2557.129092,219.2,10.682284,1.7,9.9
1742899842.826000,45.302886,6.586226,2554.732241,219.7,10.752966,1.7,9.9
1742899843.826000,45.302808,6.586141,2553.547812,216.1,10.685845,1.7,9.9
1742899844.827000,45.302722,6.586093,2552.034203,193.6,9.613647,1.7,9.9
1742899846.827000,45.302576,6.586166,2550.793048,142.3,7.627066,1.7,9.9
1742899848.827000,45.302485,6.586334,2550.011713,116.7,6.551699,1.7,9.9
1742899865.826000,45.302389,6.586393,2546.750374,138.7,2.773423,1.8,9.9
1742899867.826000,45.302312,6.586486,2545.033895,148.5,5.229665,1.9,9.9
1742899869.825000,45.302192,6.586580,2542.063090,157.9,6.905151,1.9,9.9
1742899871.826000,45.302049,6.586651,2540.016021,162.1,7.776402,1.9,9.9
1742899873.826000,45.301902,6.586723,2537.580306,157.5,8.257291,1.9,9.9
1742899875.826000,45.301766,6.586803,2536.398238,154.8,7.981774,1.9,9.9
1742899877.825000,45.301667,6.586923,2535.952190,134.7,7.109081,1.9,9.9
1742899879.825000,45.301602,6.587067,2535.846389,125.9,6.657887,1.9,9.9
1742899881.826000,45.301542,6.587218,2534.797169,121.1,6.839712,1.9,9.9
1742899883.826000,45.301479,6.587383,2534.064832,114.6,7.152472,2.0,9.9
1742899885.825000,45.301413,6.587552,2532.134290,114.3,7.342411,2.0,9.9
1742899887.826000,45.301343,6.587712,2530.377838,119.7,7.467773,2.0,9.9
1742899889.826000,45.301268,6.587864,2529.340869,123.4,7.438212,2.0,9.9
1742899891.825000,45.301184,6.588010,2528.420006,125.2,7.379709,2.0,9.9
1742899893.826000,45.301096,6.588132,2527.685495,133.6,6.822591,2.1,9.9
1742899895.826000,45.301013,6.588240,2527.239196,106.7,5.621796,2.1,9.9
1742899897.824000,45.300939,6.588334,2526.648851,122.3,5.499758,2.1,9.9
1742899899.826000,45.300835,6.588406,2525.797633,138.9,5.668730,2.1,9.9
1742899901.825000,45.300739,6.588467,2525.339696,148.0,5.182762,1.5,9.9
1742899903.826000,45.300654,6.588526,2524.547835,150.9,5.435032,1.5,9.9
1742899905.826000,45.300559,6.588595,2523.972429,150.0,6.261627,1.5,9.9
1742899907.826000,45.300457,6.588676,2522.979785,135.1,6.419431,1.5,9.9
1742899909.826000,45.300359,6.588776,2521.656439,138.1,6.956067,1.5,9.9
1742899911.825000,45.300252,6.588904,2519.872632,139.0,7.944431,1.5,9.9
1742899913.825000,45.300152,6.589053,2518.449364,131.0,7.761751,1.5,9.9
1742899915.826000,45.300062,6.589212,2516.796084,131.0,8.335486,1.5,9.9
1742899917.826000,45.299950,6.589356,2514.826604,141.9,8.446930,1.5,9.9
1742899919.825000,45.299816,6.589467,2513.562050,154.0,8.834955,1.5,9.9
1742899921.825000,45.299660,6.589538,2511.349179,167.0,8.793465,1.5,9.9
1742899923.825000,45.299504,6.589564,2510.041649,180.0,8.265158,1.5,9.9
1742899925.826000,45.299364,6.589581,2509.280652,183.0,7.666328,1.5,9.9
1742899927.825000,45.299242,6.589563,2509.316176,188.0,6.580174,1.5,9.9
1742899929.825000,45.299142,6.589533,2509.820769,212.8,5.403450,1.5,9.9
1742899932.826000,45.299036,6.589469,2509.917023,232.9,3.918974,1.5,9.9
1742899935.825000,45.298947,6.589414,2509.438457,219.0,3.529025,1.5,9.9
1742899938.826000,45.298858,6.589351,2509.050613,213.0,3.697453,1.5,9.9
1742899941.825000,45.298760,6.589290,2508.447490,205.0,4.099994,1.6,9.9
1742899944.826000,45.298662,6.589229,2507.987462,203.0,3.460058,1.6,9.9
1742899947.826000,45.298577,6.589174,2507.341641,202.0,3.666630,1.6,9.9
1742899950.826000,45.298471,6.589122,2506.508666,188.0,4.473991,1.6,9.9
1742899952.826000,45.298386,6.589077,2505.675772,188.0,5.317860,1.7,9.9
1742899954.826000,45.298271,6.589026,2503.378722,172.1,6.923566,1.7,9.9
1742899956.826000,45.298123,6.588976,2500.652077,191.0,8.693719,1.7,9.9
1742899958.826000,45.297950,6.588952,2497.366677,174.1,9.515265,1.7,9.9
1742899960.825000,45.297780,6.589006,2494.699350,158.1,9.650739,1.7,9.9
1742899962.826000,45.297632,6.589115,2491.754866,151.0,9.094223,1.7,9.9
1742899964.826000,45.297509,6.589256,2490.957804,130.2,8.441232,1.7,9.9
1742899966.826000,45.297418,6.589425,2489.190806,134.1,8.401830,1.7,9.9
1742899968.826000,45.297319,6.589584,2488.678674,134.2,8.251049,1.8,9.9
1742899970.826000,45.297239,6.589732,2488.291765,129.0,7.082597,1.8,9.9
1742899972.826000,45.297168,6.589855,2488.122215,132.3,6.464305,1.8,9.9
1742899974.826000,45.297101,6.589975,2487.692664,121.3,6.070057,1.8,9.9
1742899976.826000,45.297050,6.590113,2486.701632,117.5,6.193964,1.9,9.9
1742899978.826000,45.297007,6.590256,2485.741958,115.0,6.162031,1.9,9.9
1742899980.825000,45.296941,6.590388,2484.409643,133.6,6.372424,1.9,9.9
1742899982.826000,45.296824,6.590467,2482.619561,162.2,7.006311,1.9,9.9
1742899984.826000,45.296657,6.590479,2478.831013,192.4,8.763069,1.8,9.9
1742899985.825000,45.296562,6.590456,2476.355323,187.1,9.618583,1.8,9.9
1742899986.826000,45.296464,6.590442,2473.551381,195.2,10.235307,1.8,9.9
1742899987.825000,45.296369,6.590403,2472.107155,197.1,10.512333,1.8,9.9
1742899988.825000,45.296278,6.590377,2469.470387,177.7,9.907608,1.8,9.9
1742899990.826000,45.296143,6.590356,2466.039861,221.5,6.342256,1.9,9.9
1742899992.826000,45.296048,6.590361,2463.839182,176.6,4.652788,1.9,9.9
1742900006.346000,45.296017,6.590338,2490.664307,-1.0,0.000000,4.2,66.7
1742900026.825000,45.295922,6.590304,2483.955540,212.8,0.716049,1.7,4.0
1742900031.825000,45.295809,6.590177,2481.673255,206.0,7.715545,1.6,3.2
1742900032.825000,45.295747,6.590066,2479.191018,238.7,8.962817,1.6,3.3
1742900033.826000,45.295710,6.589950,2476.381605,246.0,10.125226,1.5,3.4
1742900034.826000,45.295645,6.589858,2471.948986,217.1,10.895063,1.5,3.5
1742900035.826000,45.295588,6.589739,2467.575676,245.9,11.539458,1.5,3.7
1742900036.825000,45.295569,6.589585,2462.449764,266.8,12.491982,1.5,3.8
1742900037.825000,45.295544,6.589434,2459.381443,256.3,12.123464,1.5,3.8
1742900038.825000,45.295504,6.589296,2454.123047,251.2,12.263062,1.4,3.8
1742900039.826000,45.295478,6.589136,2449.717498,253.8,12.448996,1.4,3.9
1742900040.825000,45.295419,6.588991,2446.662264,247.0,12.691387,1.4,4.0
1742900041.826000,45.295389,6.588852,2441.172235,252.7,11.659781,1.4,4.1
1742900043.826000,45.295366,6.588616,2437.155667,266.1,7.948074,1.4,4.1
1742900044.825000,45.295331,6.588490,2434.289916,247.2,10.494738,1.4,4.1
1742900045.826000,45.295270,6.588364,2431.496434,242.4,11.220157,1.4,3.9
1742900046.825000,45.295224,6.588221,2425.911498,245.6,11.506978,1.4,4.0
1742900047.826000,45.295214,6.588072,2421.349479,252.0,11.497440,1.4,4.1
1742900048.826000,45.295153,6.587913,2413.747459,239.0,13.218895,1.6,4.0
1742900049.826000,45.295096,6.587749,2409.560538,242.5,14.921542,1.4,4.1
1742900050.826000,45.295076,6.587570,2404.172497,264.7,14.382205,1.4,4.2
1742900051.826000,45.295100,6.587375,2398.536597,281.1,15.229825,1.3,4.1
1742900052.826000,45.295124,6.587175,2393.439778,279.3,15.133060,1.3,3.9
1742900053.826000,45.295126,6.586984,2388.414147,276.5,14.980578,1.4,4.1
1742900054.825000,45.295105,6.586763,2382.972957,272.8,15.316477,1.3,4.3
1742900055.826000,45.295026,6.586546,2377.701510,259.8,16.140083,1.3,4.3
1742900056.825000,45.294974,6.586345,2371.147838,255.8,16.574598,1.3,4.3
1742900057.825000,45.294907,6.586140,2373.428376,247.5,16.957928,1.3,4.4
1742900058.826000,45.294850,6.585937,2373.287459,248.0,16.950205,1.3,4.2
1742900059.825000,45.294805,6.585731,2371.060759,254.7,16.363295,1.3,4.1
1742900060.826000,45.294768,6.585539,2369.684212,254.0,15.263618,1.3,3.9
1742900061.826000,45.294733,6.585366,2369.535124,254.0,13.812160,1.3,3.8
1742900062.826000,45.294718,6.585202,2368.541912,267.5,12.713896,1.3,3.8
1742900063.826000,45.294736,6.585047,2369.676996,285.5,12.381200,1.3,3.8
1742900064.826000,45.294764,6.584902,2368.987436,282.2,11.107212,1.3,3.8
1742900066.826000,45.294737,6.584722,2368.978979,245.2,4.587831,1.4,3.8
1742900068.826000,45.294722,6.584583,2369.330596,272.7,5.367138,1.4,3.8
1742900070.826000,45.294735,6.584441,2369.632119,280.8,5.294192,1.3,3.8
1742900072.825000,45.294751,6.584290,2369.551066,283.4,5.827081,1.3,3.8
1742900076.826000,45.294814,6.584180,2369.339649,349.6,1.603083,1.4,3.8
1742900097.826000,45.294822,6.583916,2368.173392,249.9,7.613175,1.5,6.8
1742900099.826000,45.294781,6.583700,2363.269011,244.9,6.354841,1.5,8.3
1742900101.825000,45.294730,6.583506,2358.021027,246.1,6.764870,1.5,10.2
1742900102.826000,45.294726,6.583337,2354.422098,257.5,8.792545,1.5,10.3
1742900103.826000,45.294699,6.583151,2349.244829,255.9,11.316401,1.5,10.4
1742900104.826000,45.294675,6.582963,2346.033866,257.5,13.352821,1.6,10.4
1742900105.824000,45.294649,6.582770,2342.224723,256.1,14.642385,1.5,10.3
1742900106.825000,45.294626,6.582575,2339.936740,261.9,15.110965,1.5,10.2
1742900107.825000,45.294617,6.582376,2336.378535,264.6,15.036586,1.5,10.1
1742900108.824000,45.294641,6.582204,2333.885522,272.7,13.862532,1.5,10.0
1742900109.825000,45.294673,6.582048,2334.508959,279.2,13.134045,1.6,9.9
1742900110.825000,45.294708,6.581896,2333.717890,280.9,13.108544,1.6,9.9
1742900111.824000,45.294752,6.581749,2331.883839,293.3,13.048662,1.6,9.9
1742900112.825000,45.294809,6.581609,2330.456246,298.6,12.832991,1.6,9.9
1742900113.825000,45.294865,6.581473,2329.532346,298.1,12.523696,1.6,9.9
1742900114.825000,45.294920,6.581341,2328.678919,301.7,12.220213,1.6,9.9
1742900115.824000,45.294970,6.581211,2327.630779,302.3,11.927895,1.6,9.9
1742900116.825000,45.295016,6.581084,2326.985838,303.1,11.517844,1.7,9.9
1742900117.825000,45.295058,6.580957,2326.314357,303.0,11.105486,1.7,9.9
1742900118.824000,45.295096,6.580837,2326.118319,301.9,10.607970,1.7,9.9
1742900119.825000,45.295121,6.580714,2325.460713,294.4,10.256722,1.6,9.9
1742900120.824000,45.295129,6.580584,2325.182665,284.6,10.022869,1.7,9.9
1742900121.824000,45.295131,6.580453,2324.744516,279.6,10.041023,1.7,9.9
1742900122.824000,45.295134,6.580321,2322.689292,277.7,10.182693,1.7,9.9
1742900123.825000,45.295140,6.580189,2321.167621,276.8,10.358118,1.7,9.9
1742900124.824000,45.295153,6.580054,2320.063151,279.0,10.561997,1.7,9.9
1742900125.824000,45.295167,6.579917,2319.086584,278.5,10.869283,1.8,9.9
1742900126.824000,45.295177,6.579774,2316.598599,276.7,11.065754,1.7,9.9
1742900127.825000,45.295191,6.579627,2314.473515,277.9,11.271183,1.7,9.9
1742900128.825000,45.295216,6.579486,2312.586236,282.0,11.154652,1.7,9.9
1742900129.824000,45.295244,6.579350,2311.536459,284.6,11.098235,1.8,9.9
1742900130.824000,45.295282,6.579219,2310.197628,289.3,11.018502,1.7,9.9
1742900131.825000,45.295323,6.579088,2309.112373,293.0,11.358014,1.8,9.9
1742900132.824000,45.295362,6.578954,2308.386398,291.5,11.257901,1.8,9.9
1742900133.825000,45.295392,6.578818,2306.346917,291.8,11.213815,1.8,9.9
1742900134.825000,45.295418,6.578682,2306.053382,293.3,11.183972,1.8,9.9
1742900135.825000,45.295446,6.578545,2304.086236,293.8,11.166254,1.8,9.9
1742900136.824000,45.295474,6.578410,2304.056716,292.4,11.031162,1.8,9.9
1742900137.825000,45.295502,6.578276,2303.542376,295.4,11.015073,1.9,9.9
1742900138.824000,45.295534,6.578145,2303.054006,297.0,10.970167,1.9,9.9
1742900139.825000,45.295565,6.578017,2302.147494,298.7,10.808945,1.9,9.9
1742900140.825000,45.295593,6.577894,2301.002158,298.0,10.358245,1.8,9.9
1742900142.825000,45.295650,6.577672,2300.231441,301.0,9.332000,1.9,9.9
1742900144.825000,45.295701,6.577450,2299.080264,288.1,9.118222,1.8,9.9
1742900146.825000,45.295714,6.577212,2297.307903,283.0,9.700246,1.9,9.9
1742900147.824000,45.295722,6.577082,2298.704935,280.0,10.061261,2.0,9.9
1742900148.824000,45.295725,6.576948,2297.248867,268.1,10.467200,2.0,9.9
1742900149.825000,45.295718,6.576811,2294.702187,264.0,10.705165,1.9,9.9
1742900150.824000,45.295703,6.576672,2293.751746,276.8,10.608969,1.9,9.9
1742900151.824000,45.295705,6.576539,2291.581372,293.7,10.127946,1.9,9.9
1742900153.824000,45.295733,6.576321,2289.252335,259.3,8.137252,1.9,9.9
1742900156.825000,45.295750,6.576172,2289.968609,296.2,3.948928,2.0,9.9
1742900176.824000,45.295760,6.576057,2292.794421,162.8,0.000000,2.2,10.4
1742900176.824000,45.295760,6.576057,2292.794421,162.8,0.000000,2.2,10.4
1742900203.824000,45.295785,6.576047,2297.800049,292.0,0.555187,3.8,10.4
1742900212.825000,45.295773,6.575917,2296.355133,290.6,1.179158,4.0,27.4
1742900215.825000,45.295768,6.575738,2297.574239,276.6,2.462326,3.5,26.9
1742900219.951000,45.295788,6.575609,2297.367483,278.2,2.355163,4.1,34.4
1742900235.055000,45.295718,6.575689,2297.381765,236.0,0.273736,3.6,38.2
1742900260.172000,45.296697,6.574754,2295.200195,324.7,7.512053,2.7,28.1
1742900264.978000,45.296922,6.574529,2295.200195,324.8,6.459317,2.7,42.5
1742900295.220000,45.296330,6.575336,2292.200195,136.3,0.000000,4.3,101.8
1742900295.220000,45.296330,6.575336,2292.200195,136.3,0.000000,4.3,101.8
1742900300.244000,45.295765,6.575729,2295.200195,146.0,10.618872,4.1,77.6
1742900300.244000,45.295765,6.575729,2295.200195,146.0,10.618872,4.1,77.6
1742900310.248000,45.295601,6.575736,2295.200195,153.8,5.309859,2.9,23.6
1742900325.236000,45.295566,6.575843,2295.454025,128.1,0.000000,4.3,92.4
1742900325.236000,45.295566,6.575843,2295.454025,128.1,0.000000,4.3,92.4
1742900330.243000,45.295919,6.576021,2296.659517,37.0,2.799966,4.1,63.7
1742900333.824000,45.295705,6.575990,2295.635599,143.2,0.888826,3.7,10.0
1742900350.639000,45.295652,6.575867,2292.200195,241.1,0.782418,2.3,7.3
1742900364.713000,45.295622,6.575744,2292.200195,243.1,0.912323,1.5,11.2
1742900384.311000,45.295643,6.575742,2292.200195,242.4,0.000000,3.1,9.3
1742900384.311000,45.295643,6.575742,2292.200195,242.4,0.000000,3.1,9.3
1742900439.492000,45.295533,6.575733,2295.200195,134.6,0.250363,2.6,5.5
1742900445.825000,45.295443,6.575763,2295.200195,124.7,0.402044,2.6,5.5
1742900514.824000,45.295533,6.575791,2295.200195,10.7,0.156883,4.6,11.5
1742900567.823000,45.295475,6.575901,2295.200195,111.8,0.125009,7.0,3.9
1742900570.824000,45.295729,6.576147,2295.149215,101.5,0.127661,4.9,5.4
1742900571.823000,45.295986,6.576378,2295.135610,32.7,13.335051,5.1,7.7
1742900572.824000,45.296140,6.576501,2294.960662,30.8,16.326857,6.0,10.7
1742900573.823000,45.295553,6.576009,2295.200195,210.5,28.478971,6.7,10.8
1742900574.824000,45.295416,6.575890,2295.200195,210.9,22.830353,6.9,13.6
1742900594.824000,45.295418,6.575923,2295.200195,83.5,0.000000,7.0,5.7
1742900594.824000,45.295418,6.575923,2295.200195,83.5,0.000000,7.0,5.7
1742900598.823000,45.295399,6.576027,2296.900146,96.1,1.916309,4.4,4.7
1742900599.823000,45.295380,6.576168,2295.200195,97.5,3.604196,5.1,5.5
1742900600.824000,45.295349,6.576369,2295.200195,96.6,4.947278,6.4,6.7
1742900601.823000,45.295332,6.576518,2295.200195,97.8,5.547350,6.9,8.1
1742900603.824000,45.295318,6.576748,2299.600098,97.5,5.839087,6.4,10.2
1742900605.823000,45.295314,6.576955,2299.600098,97.0,5.694354,6.8,8.1
1742900607.824000,45.295307,6.577125,2302.300049,99.3,6.282568,6.3,5.9
1742900609.824000,45.295297,6.577274,2307.082019,97.0,5.924651,4.0,3.8
1742900611.823000,45.295288,6.577431,2308.738301,98.0,5.573204,5.4,3.8
1742900613.823000,45.295276,6.577573,2311.025185,97.0,5.826985,6.7,3.8
1742900615.823000,45.295260,6.577722,2315.695971,97.6,5.965242,6.8,3.8
1742900617.824000,45.295245,6.577868,2316.371511,98.0,6.041736,7.0,3.8
1742900619.823000,45.295231,6.578015,2316.722540,95.1,5.933675,6.4,3.8
1742900621.824000,45.295216,6.578163,2317.407240,100.8,5.887746,5.5,3.8
1742900623.824000,45.295203,6.578307,2317.868192,102.2,5.939685,6.3,3.8
1742900625.824000,45.295187,6.578459,2318.874276,96.6,5.835368,5.9,3.8
1742900627.824000,45.295176,6.578607,2319.831503,102.3,5.905657,6.5,3.8
1742900629.824000,45.295160,6.578752,2320.676655,95.7,5.797781,6.6,3.8
1742900631.823000,45.295143,6.578900,2321.850246,97.0,5.939682,6.8,4.0
1742900633.823000,45.295125,6.579054,2323.039275,99.0,5.821440,5.6,4.3
1742900635.824000,45.295112,6.579218,2324.657871,98.9,5.392172,6.1,4.3
1742900637.824000,45.295100,6.579364,2326.525103,104.5,5.737743,6.0,4.0
1742900639.823000,45.295084,6.579509,2327.972595,103.4,5.822043,7.2,3.8
1742900641.823000,45.295070,6.579651,2329.916695,108.6,5.851894,7.7,3.8
1742900643.824000,45.295056,6.579804,2333.392561,100.0,5.802932,4.9,3.8
1742900645.823000,45.295046,6.579950,2333.625040,91.5,5.787049,6.9,3.8
1742900647.824000,45.295035,6.580096,2336.850569,94.8,5.833918,5.1,3.8
1742900649.824000,45.295019,6.580244,2338.415490,90.4,5.817897,5.6,3.8
1742900651.823000,45.295003,6.580395,2341.272329,93.6,5.803329,5.8,3.8
1742900653.824000,45.294986,6.580541,2343.593030,94.8,5.780173,6.3,3.8
1742900655.823000,45.294969,6.580686,2346.728654,106.8,5.878828,7.8,3.8
1742900657.824000,45.294950,6.580837,2347.415755,108.8,5.877285,7.8,3.8
1742900659.824000,45.294936,6.580982,2347.741062,106.3,5.837327,7.2,3.8
1742900661.823000,45.294924,6.581130,2348.799303,105.7,5.845982,5.4,3.8
1742900663.823000,45.294906,6.581275,2349.660436,111.8,5.743640,5.8,3.8
1742900665.824000,45.294894,6.581424,2350.488116,109.0,5.799019,5.8,3.8
1742900667.824000,45.294876,6.581568,2351.680806,108.0,5.851217,5.5,3.9
1742900669.824000,45.294861,6.581719,2356.035827,110.0,5.751787,4.3,4.1
1742900671.823000,45.294844,6.581862,2357.115836,108.0,5.787527,4.2,4.5
1742900673.824000,45.294833,6.582010,2358.883042,103.0,5.877465,4.3,4.6
1742900675.823000,45.294815,6.582162,2360.454654,103.0,5.860353,4.2,4.5
1742900677.824000,45.294800,6.582307,2362.325634,108.0,5.881368,4.8,4.0
1742900679.823000,45.294780,6.582451,2360.819046,106.0,5.779656,5.9,3.9
1742900681.824000,45.294767,6.582597,2362.024124,105.0,5.877139,6.3,3.8
1742900683.824000,45.294756,6.582751,2363.980738,94.0,5.810557,6.4,3.8
1742900685.824000,45.294743,6.582894,2365.953001,97.0,5.989988,6.4,3.9
1742900687.824000,45.294729,6.583044,2368.764026,97.0,5.780044,6.8,3.9
1742900689.824000,45.294713,6.583194,2371.130658,99.0,5.810079,7.6,3.8
1742900691.824000,45.294700,6.583336,2373.049612,94.0,5.710670,7.3,3.8
1742900693.824000,45.294684,6.583481,2375.694270,93.0,5.808812,5.6,3.8
1742900695.824000,45.294669,6.583631,2378.437136,95.0,5.760475,6.0,3.8
1742900697.823000,45.294657,6.583779,2381.154056,98.0,5.740006,5.9,3.8
1742900699.824000,45.294646,6.583930,2383.870546,96.0,5.630914,5.3,3.9
1742900701.824000,45.294631,6.584085,2386.277828,98.0,6.150301,5.3,4.3
1742900703.823000,45.294616,6.584228,2387.185434,98.0,5.720005,4.6,4.2
1742900705.823000,45.294605,6.584384,2387.804948,99.0,5.780118,5.7,4.1
1742900707.824000,45.294593,6.584529,2389.143199,98.0,5.949377,5.4,3.8
1742900709.824000,45.294585,6.584671,2390.879220,98.0,5.800017,4.6,3.8
1742900711.824000,45.294573,6.584817,2391.927554,98.0,5.979990,4.4,3.8
1742900713.824000,45.294562,6.584965,2393.472293,97.0,5.810621,4.9,3.8
1742900715.824000,45.294551,6.585120,2395.122262,96.0,5.949411,4.7,3.8
1742900717.824000,45.294537,6.585269,2396.771347,95.0,5.830595,3.5,3.8
1742900719.823000,45.294523,6.585418,2398.976037,94.0,5.850139,4.0,3.8
1742900721.824000,45.294506,6.585560,2401.000446,94.0,5.819805,4.6,3.8
1742900723.823000,45.294491,6.585708,2403.738258,94.0,5.790329,5.3,3.8
1742900725.824000,45.294481,6.585859,2405.783786,94.0,5.770198,4.7,3.8
1742900727.823000,45.294468,6.586006,2408.440901,95.0,5.809987,4.0,3.8
1742900729.823000,45.294454,6.586152,2410.756486,96.0,5.819820,3.4,3.8
1742900731.824000,45.294438,6.586300,2413.367802,96.0,5.820619,3.2,3.8
1742900733.822000,45.294421,6.586448,2416.334775,92.0,5.769681,4.2,3.8
1742900735.823000,45.294407,6.586589,2419.039885,93.0,5.759893,4.1,3.8
1742900737.823000,45.294390,6.586734,2421.131868,93.0,5.729904,3.8,3.8
1742900739.823000,45.294378,6.586876,2426.720318,95.0,5.799630,3.7,3.8
1742900741.824000,45.294358,6.587024,2430.167063,97.0,5.790613,3.3,3.8
1742900743.824000,45.294340,6.587167,2432.798478,97.0,5.720640,2.8,3.8
1742900745.824000,45.294322,6.587310,2432.484415,98.0,5.739678,5.0,3.8
1742900747.823000,45.294307,6.587456,2435.672286,97.0,5.719568,4.7,3.8
1742900749.824000,45.294293,6.587601,2439.110078,97.0,5.869697,2.9,3.8
1742900751.823000,45.294278,6.587744,2442.811840,97.0,5.591950,2.2,3.8
1742900753.824000,45.294264,6.587886,2448.194327,97.0,5.749361,3.5,3.8
1742900755.823000,45.294251,6.588029,2449.854745,97.0,5.610024,3.9,3.8
1742900757.822000,45.294236,6.588174,2453.003807,97.0,5.680599,4.6,3.8
1742900759.824000,45.294220,6.588308,2457.134110,97.0,5.669425,4.4,3.8
1742900761.823000,45.294202,6.588454,2461.354888,96.0,5.733459,5.1,3.8
1742900763.824000,45.294187,6.588614,2463.869289,97.0,6.097986,5.5,3.8
1742900765.824000,45.294176,6.588758,2465.417831,96.0,5.809133,5.0,3.8
1742900767.824000,45.294164,6.588909,2466.911859,97.0,5.881742,5.0,3.8
1742900769.823000,45.294150,6.589060,2468.943035,97.0,5.799212,4.4,3.8
1742900771.823000,45.294137,6.589204,2470.853959,88.0,5.691887,3.2,3.8
1742900773.824000,45.294127,6.589348,2472.803721,91.0,5.768640,2.7,3.8
1742900775.823000,45.294115,6.589501,2476.584117,93.0,5.849699,2.8,3.8
1742900777.823000,45.294098,6.589647,2478.704332,97.9,5.820082,2.9,3.8
1742900779.822000,45.294073,6.589787,2482.454842,98.0,5.710008,2.2,3.8
1742900781.822000,45.294056,6.589934,2487.238112,98.0,5.839997,2.2,3.8
1742900783.823000,45.294045,6.590081,2485.811724,97.0,5.881753,5.4,3.8
1742900785.823000,45.294034,6.590226,2488.394932,98.0,5.730442,5.6,3.8
1742900787.822000,45.294022,6.590375,2492.066987,97.0,5.799809,6.0,3.8
1742900789.823000,45.294008,6.590521,2494.712162,97.0,5.720728,5.2,3.8
1742900791.823000,45.293993,6.590666,2497.859868,97.0,5.759285,5.1,3.8
1742900793.822000,45.293978,6.590814,2501.640390,97.0,5.839140,3.2,3.8
1742900795.823000,45.293968,6.590961,2504.708802,97.0,5.681921,3.2,3.8
1742900797.823000,45.293948,6.591101,2507.726093,97.0,5.718987,2.3,3.8
1742900799.822000,45.293930,6.591246,2510.653755,96.0,5.789787,2.5,3.8
1742900801.822000,45.293916,6.591390,2513.697544,96.0,5.650598,3.9,3.8
1742900803.823000,45.293905,6.591532,2516.898766,96.0,5.630724,5.1,3.8
1742900805.821000,45.293890,6.591679,2520.694080,96.0,5.698417,4.6,3.8
1742900807.823000,45.293876,6.591826,2523.303817,96.0,5.563035,4.1,3.8
1742900809.823000,45.293864,6.591970,2528.063244,96.0,5.687187,5.2,3.8
1742900811.822000,45.293849,6.592107,2532.009743,97.0,5.562519,4.9,3.8
1742900813.822000,45.293833,6.592245,2535.776727,97.0,5.747553,5.1,3.8
1742900815.823000,45.293819,6.592387,2539.859627,97.0,5.580882,4.7,3.8
1742900817.823000,45.293802,6.592530,2543.666716,97.0,5.630766,3.7,3.8
1742900819.823000,45.293788,6.592670,2551.281957,97.0,5.548946,4.7,3.8
1742900821.823000,45.293773,6.592802,2556.253024,97.0,5.571135,3.6,3.8
1742900823.822000,45.293760,6.592946,2559.146844,96.0,5.774685,3.3,3.8
1742900825.823000,45.293744,6.593099,2560.204701,98.0,5.891900,3.5,3.8
1742900827.822000,45.293733,6.593235,2563.466241,97.0,5.708078,4.5,3.8
1742900829.822000,45.293718,6.593379,2566.396991,97.0,5.663263,4.6,3.8
1742900831.821000,45.293706,6.593522,2568.898716,96.0,5.936186,4.9,4.8
1742900833.823000,45.293697,6.593670,2571.909757,94.0,5.734940,5.4,7.5
1742900835.822000,45.293683,6.593814,2575.637243,99.6,5.773326,5.2,8.9
1742900837.823000,45.293661,6.593962,2578.553761,98.0,5.595256,5.0,9.9
1742900839.822000,45.293647,6.594103,2581.669939,101.1,5.611139,5.0,9.9
1742900841.823000,45.293631,6.594248,2584.897277,100.2,5.711373,4.2,9.9
1742900843.823000,45.293618,6.594393,2589.062671,98.1,5.726222,4.3,9.9
1742900845.822000,45.293605,6.594539,2592.926559,93.1,5.643658,3.9,9.9
1742900847.823000,45.293597,6.594684,2595.949745,91.0,5.582909,3.3,9.9
1742900849.823000,45.293589,6.594832,2600.790651,93.1,5.810467,3.7,9.9
1742900851.822000,45.293578,6.594984,2603.736076,93.0,5.793472,4.3,9.9
1742900853.822000,45.293564,6.595123,2608.172167,93.9,5.630122,4.4,9.9
1742900855.823000,45.293544,6.595254,2613.154746,94.9,5.590875,5.0,9.9
1742900857.823000,45.293522,6.595393,2617.073301,97.0,5.690627,4.8,9.9
1742900859.823000,45.293501,6.595545,2619.908482,98.1,6.002815,4.6,9.9
1742900861.823000,45.293484,6.595693,2621.720360,97.0,5.704311,5.2,9.9
1742900863.823000,45.293474,6.595841,2623.384555,96.9,5.764986,4.3,9.9
1742900865.822000,45.293459,6.595991,2625.798673,98.0,5.799271,4.1,9.9
1742900867.822000,45.293442,6.596138,2629.349686,99.9,5.728999,4.1,9.9
1742900869.823000,45.293430,6.596286,2631.127207,98.1,5.785233,4.0,9.9
1742900871.823000,45.293413,6.596425,2633.459648,104.0,5.637500,4.3,9.9
1742900873.823000,45.293398,6.596569,2636.891613,103.0,5.827590,3.5,9.9
1742900875.822000,45.293384,6.596716,2639.660438,101.2,5.718371,4.2,9.9
1742900877.822000,45.293373,6.596859,2642.764469,99.9,5.690432,4.5,9.9
1742900879.822000,45.293360,6.597001,2645.912312,98.2,5.683234,4.3,9.9
1742900881.822000,45.293342,6.597152,2648.583268,97.9,6.066117,3.9,9.9
1742900883.823000,45.293326,6.597308,2652.198068,96.4,5.987206,4.5,9.9
1742900885.823000,45.293306,6.597464,2652.434801,96.4,5.675190,4.9,7.9
1742900887.823000,45.293297,6.597608,2655.267384,98.0,5.908061,3.9,5.0
1742900889.823000,45.293278,6.597761,2657.189212,98.0,5.901886,5.5,3.8
1742900891.822000,45.293257,6.597907,2658.772961,111.6,5.893227,4.4,3.8
1742900893.823000,45.293239,6.598056,2661.433069,108.8,5.766571,5.2,3.8
1742900895.822000,45.293227,6.598199,2664.399335,110.8,5.765550,5.3,3.8
1742900897.823000,45.293220,6.598346,2666.420503,98.0,5.832278,4.0,3.8
1742900899.822000,45.293208,6.598492,2672.655210,97.4,5.631152,3.1,3.8
1742900901.823000,45.293194,6.598637,2676.321678,98.0,5.905094,1.8,3.8
1742900903.822000,45.293186,6.598780,2675.609942,96.5,5.698515,4.7,3.8
1742900905.823000,45.293175,6.598922,2678.971189,96.8,5.656250,4.8,3.8
1742900907.823000,45.293158,6.599068,2682.191083,104.4,5.753157,4.9,3.8
1742900909.823000,45.293145,6.599212,2685.168962,99.7,5.693992,4.7,3.8
1742900911.823000,45.293132,6.599352,2688.231494,97.1,5.714611,4.8,3.8
1742900913.822000,45.293117,6.599502,2691.693239,97.0,5.789594,4.6,3.8
1742900915.823000,45.293100,6.599647,2694.859382,96.1,5.770990,4.6,3.8
1742900917.823000,45.293084,6.599793,2698.114372,95.0,5.808361,4.4,3.8
1742900919.822000,45.293071,6.599933,2700.959217,93.0,5.675584,4.5,3.8
1742900921.822000,45.293056,6.600077,2704.407089,95.0,5.808189,4.2,3.8
1742900923.823000,45.293039,6.600219,2707.329675,95.0,5.691008,4.6,3.8
1742900925.821000,45.293020,6.600360,2711.527201,97.0,5.709651,4.8,3.8
1742900927.823000,45.293005,6.600504,2714.870384,97.0,5.740404,4.9,3.8
1742900929.822000,45.292990,6.600647,2718.996245,97.0,5.491407,5.1,3.8
1742900931.822000,45.292975,6.600785,2722.801539,97.0,5.559476,3.2,3.8
1742900933.823000,45.292961,6.600922,2726.785267,97.0,5.589511,3.8,3.8
1742900935.823000,45.292947,6.601058,2731.400575,97.0,5.668999,3.2,3.8
1742900937.822000,45.292931,6.601200,2735.603391,95.0,5.669752,3.8,3.8
1742900939.823000,45.292921,6.601354,2738.844612,96.0,5.938776,4.6,3.8
1742900941.823000,45.292906,6.601500,2740.297328,88.0,5.652171,5.3,3.8
1742900943.822000,45.292892,6.601654,2741.500230,94.0,5.970162,5.0,3.8
1742900945.823000,45.292875,6.601808,2742.879584,100.0,5.839808,4.0,3.8
1742900947.823000,45.292855,6.601959,2744.200388,100.0,5.892313,4.2,3.8
1742900949.823000,45.292841,6.602104,2745.944530,99.0,5.798532,4.6,3.8
1742900951.822000,45.292828,6.602248,2748.414271,99.0,5.918143,4.7,3.8
1742900953.823000,45.292812,6.602401,2749.956818,98.0,5.989319,2.4,3.8
1742900955.823000,45.292798,6.602548,2750.713480,98.0,5.887337,4.6,3.8
1742900957.823000,45.292783,6.602693,2753.563634,98.0,5.826917,4.9,4.8
1742900959.823000,45.292767,6.602842,2756.223818,98.0,5.919346,4.5,6.9
1742900961.823000,45.292750,6.602989,2759.479718,96.0,5.838336,3.5,8.9
1742900963.823000,45.292736,6.603133,2761.906994,96.0,5.817378,5.0,9.9
1742900965.822000,45.292722,6.603279,2762.907478,96.0,5.818900,4.4,9.9
1742900967.821000,45.292707,6.603423,2764.737771,97.0,5.800792,4.2,9.9
1742900969.823000,45.292692,6.603571,2767.302977,96.0,5.811872,4.4,9.9
1742900971.822000,45.292679,6.603715,2771.116282,96.9,5.707307,4.1,9.9
1742900973.823000,45.292662,6.603859,2774.760511,97.0,5.710958,3.3,9.9
1742900975.823000,45.292646,6.604010,2777.012692,97.1,5.960059,2.6,9.9
1742900977.823000,45.292630,6.604160,2778.242790,96.9,5.790884,3.8,9.9
1742900979.823000,45.292615,6.604309,2781.117011,96.0,5.713995,4.1,9.9
1742900981.823000,45.292601,6.604452,2784.776826,97.0,5.737203,3.7,9.9
1742900983.822000,45.292584,6.604594,2788.375998,97.0,5.749397,4.6,9.9
1742900985.822000,45.292567,6.604742,2792.023731,98.0,5.908176,5.2,9.9
1742900987.822000,45.292552,6.604893,2792.596517,97.0,5.712693,4.6,9.9
1742900989.823000,45.292541,6.605041,2795.392354,97.0,5.649579,3.3,9.9
1742900991.823000,45.292530,6.605184,2799.882332,97.0,5.709228,4.2,9.9
1742900993.823000,45.292513,6.605330,2804.359499,97.0,5.799380,6.1,9.9
1742900995.823000,45.292496,6.605475,2808.573268,97.0,5.700749,5.7,9.9
1742900997.823000,45.292481,6.605613,2811.129690,97.0,5.659650,5.4,9.9
1742900999.823000,45.292467,6.605754,2813.289681,97.0,5.680449,5.3,9.9
1742901001.821000,45.292452,6.605898,2817.308803,97.0,5.719816,4.9,9.9
1742901003.823000,45.292439,6.606035,2822.106171,97.0,5.511532,4.4,9.9
1742901005.823000,45.292429,6.606172,2827.031690,97.0,5.608190,3.6,9.9
1742901007.822000,45.292415,6.606322,2831.027638,97.0,5.709869,4.0,9.9
1742901009.822000,45.292402,6.606467,2832.811254,97.0,5.749264,2.6,9.9
1742901011.823000,45.292388,6.606614,2836.500587,97.0,5.690954,3.1,9.9
1742901013.823000,45.292374,6.606752,2840.616297,97.0,5.442113,3.0,9.9
1742901015.822000,45.292362,6.606892,2846.451702,97.0,5.508472,3.1,9.9
1742901017.822000,45.292346,6.607035,2851.322962,98.0,5.848381,3.5,9.9
1742901019.823000,45.292330,6.607183,2853.911965,97.0,5.582639,2.9,9.9
1742901021.823000,45.292316,6.607324,2857.063910,97.0,5.628767,2.4,9.9
1742901023.823000,45.292304,6.607466,2861.021367,98.0,5.463789,3.0,9.9
1742901025.823000,45.292290,6.607603,2868.067823,95.0,5.359244,3.3,9.9
1742901027.822000,45.292275,6.607744,2873.714789,96.0,5.856122,3.3,9.9
1742901029.823000,45.292259,6.607889,2877.836566,96.0,5.554586,2.8,9.9
1742901031.822000,45.292246,6.608018,2881.356089,97.0,5.111174,3.4,9.9
1742901033.822000,45.292234,6.608155,2886.629638,97.0,5.705065,5.1,9.9
1742901035.823000,45.292221,6.608300,2891.302495,98.0,5.483696,5.0,9.9
1742901037.823000,45.292205,6.608435,2896.296974,99.0,5.488345,4.7,9.9
1742901039.822000,45.292192,6.608574,2901.678530,98.0,5.550398,5.3,9.9
1742901041.822000,45.292184,6.608709,2905.595719,98.0,5.322376,5.6,9.9
1742901043.823000,45.292174,6.608839,2910.727635,97.0,5.437119,5.4,9.9
1742901045.823000,45.292160,6.608978,2916.071734,99.0,5.641412,4.4,9.9
1742901047.823000,45.292143,6.609115,2921.158761,98.0,5.251643,3.9,9.9
1742901049.823000,45.292125,6.609255,2927.769197,97.0,5.627395,3.2,9.9
1742901051.821000,45.292112,6.609394,2932.974459,97.0,5.223954,3.3,9.9
1742901053.822000,45.292100,6.609524,2937.401905,97.0,5.308524,3.2,9.9
1742901055.823000,45.292084,6.609665,2942.515578,97.0,5.497923,3.4,9.9
1742901057.822000,45.292068,6.609805,2948.540554,97.0,5.442297,4.2,9.9
1742901059.822000,45.292057,6.609940,2954.883880,97.0,5.348921,3.9,9.9
1742901061.823000,45.292046,6.610077,2960.045103,96.0,5.241874,3.8,9.9
1742901063.823000,45.292034,6.610206,2965.178541,97.0,5.289169,3.2,9.9
1742901065.823000,45.292021,6.610341,2971.506968,96.0,5.347050,3.3,9.9
1742901067.823000,45.292007,6.610496,2975.622431,96.0,6.010947,2.9,9.9
1742901069.822000,45.291991,6.610640,2978.687521,97.0,5.757902,2.4,9.9
1742901071.823000,45.291978,6.610787,2981.689397,97.0,5.536062,2.2,9.9
1742901073.823000,45.291962,6.610924,2984.466788,97.0,5.674644,3.1,9.9
1742901075.823000,45.291948,6.611072,2987.949953,97.0,5.692462,3.3,9.9
1742901077.823000,45.291935,6.611222,2991.846825,97.0,5.907513,3.7,9.9
1742901079.822000,45.291922,6.611366,2995.444111,97.0,5.551658,5.0,9.9
1742901081.822000,45.291909,6.611502,2998.557399,100.0,5.718762,6.0,9.9
1742901083.823000,45.291893,6.611644,3002.157020,97.0,5.700536,6.1,9.9
1742901085.823000,45.291882,6.611786,3006.483728,96.0,5.608745,6.2,9.9
1742901087.822000,45.291872,6.611932,3009.974373,97.0,5.799374,6.1,9.9
1742901089.821000,45.291859,6.612079,3014.063272,97.0,5.719349,5.0,9.9
1742901091.821000,45.291841,6.612226,3018.214052,97.0,5.729116,4.5,9.9
1742901093.822000,45.291827,6.612369,3022.018904,97.0,5.558323,3.9,9.9
1742901095.821000,45.291815,6.612507,3025.809889,97.0,5.587438,3.8,9.9
1742901097.822000,45.291803,6.612646,3029.966343,97.1,5.669211,2.8,9.9
1742901099.822000,45.291788,6.612789,3034.686735,97.9,5.650148,2.7,9.9
1742901101.821000,45.291770,6.612933,3039.334061,101.0,5.700413,2.8,9.9
1742901103.821000,45.291754,6.613076,3043.868522,100.8,5.481731,3.6,9.9
1742901105.822000,45.291734,6.613209,3047.104549,112.7,5.366545,3.1,9.9
1742901107.822000,45.291713,6.613341,3052.575683,112.4,5.242300,3.5,9.9
1742901109.821000,45.291693,6.613490,3056.310603,109.5,5.756528,3.7,9.9
1742901111.821000,45.291683,6.613637,3058.746465,98.4,5.640697,3.6,9.9
1742901113.821000,45.291676,6.613782,3061.602012,96.0,5.725050,3.3,9.9
1742901115.821000,45.291668,6.613916,3063.500329,93.6,5.236608,3.8,9.9
1742901131.944000,45.291580,6.613956,3063.536503,205.9,0.660995,4.6,81.9
1742901141.822000,45.291563,6.614086,3064.642690,61.9,0.278315,4.6,18.9
1742901155.822000,45.291649,6.614149,3064.318660,359.5,0.700560,4.6,5.6
1742901161.720000,45.291667,6.614294,3064.090287,94.2,0.629526,4.1,4.2
1742901170.821000,45.291642,6.614418,3064.364782,124.8,0.613004,4.5,3.0
1742901178.822000,45.291578,6.614512,3063.482648,120.5,1.035473,3.9,3.0
1742901225.821000,45.291508,6.614596,3061.650141,141.0,0.292930,2.8,9.9
1742901234.822000,45.291477,6.614736,3062.472808,132.2,2.128499,2.1,10.6
1742901239.822000,45.291384,6.614779,3061.638077,172.0,2.067437,5.4,9.9
1742901246.822000,45.291292,6.614732,3061.302691,192.4,1.222349,4.6,9.9
1742901254.822000,45.291195,6.614652,3001.200195,209.8,1.079828,9.8,8.6
1742901261.822000,45.291130,6.614563,2999.700195,226.5,0.996604,23.5,9.9
1742901269.822000,45.291057,6.614469,3059.984427,241.6,1.368948,2.8,9.9
1742901274.822000,45.290963,6.614376,3058.837368,189.2,3.281347,3.3,9.9
1742901277.821000,45.290842,6.614287,3057.057687,186.6,4.766075,4.8,9.9
1742901279.822000,45.290756,6.614185,3056.452869,209.4,5.442310,4.8,9.9
1742901281.822000,45.290680,6.614077,3055.935579,214.4,5.399743,4.4,9.9
1742901283.821000,45.290606,6.613992,3054.915210,204.9,4.958806,4.1,9.9
1742901286.822000,45.290489,6.613924,3053.423556,189.7,4.764578,2.8,9.9
1742901288.821000,45.290392,6.613886,3052.571332,193.2,5.759937,2.8,9.9
1742901290.821000,45.290263,6.613814,3049.482636,200.7,7.491111,2.7,9.9
1742901292.821000,45.290118,6.613744,3046.426232,195.6,7.913687,2.5,9.9
1742901294.821000,45.289994,6.613700,3046.000085,193.9,6.281823,2.6,9.9
1742901296.821000,45.289888,6.613644,3045.133750,202.0,6.093768,2.4,9.9
1742901298.822000,45.289792,6.613594,3044.617109,194.0,5.500716,2.5,9.9
1742901300.821000,45.289692,6.613559,3044.297935,193.6,5.693624,2.5,9.9
1742901302.821000,45.289584,6.613545,3043.036200,171.6,5.929542,3.1,9.9
1742901304.822000,45.289472,6.613547,3042.109315,168.8,5.959388,3.2,9.9
1742901306.821000,45.289361,6.613542,3042.111108,170.4,6.101656,4.7,9.9
1742901308.822000,45.289248,6.613548,3040.774169,151.7,6.176486,4.1,9.9
1742901311.820000,45.289137,6.613612,3039.222618,148.2,3.720061,3.5,9.9
1742901313.821000,45.289025,6.613585,3038.614395,189.4,5.007360,4.0,9.9
1742901315.822000,45.288910,6.613507,3036.545968,200.2,5.905349,3.6,9.9
1742901317.822000,45.288818,6.613443,3034.830287,178.1,5.173135,3.7,9.9
1742901319.822000,45.288707,6.613375,3031.983084,170.8,6.471198,3.8,9.9
1742901321.822000,45.288564,6.613235,3027.419084,193.8,8.634130,4.1,9.9
1742901322.822000,45.288501,6.613111,3025.522928,215.8,9.280425,4.1,9.9
1742901323.822000,45.288449,6.612958,3018.239839,230.1,10.383293,3.8,9.9
1742901324.822000,45.288410,6.612788,3015.390310,240.6,11.371862,3.8,9.9
1742901325.821000,45.288388,6.612612,3013.381890,250.4,11.784355,4.4,9.9
1742901326.822000,45.288370,6.612439,3009.604624,253.5,12.257794,4.1,9.9
1742901327.822000,45.288349,6.612272,3008.714608,253.8,12.487909,4.3,9.9
1742901328.822000,45.288327,6.612108,3005.490878,252.1,12.708962,4.3,9.9
1742901329.821000,45.288302,6.611949,3004.673683,250.9,12.724936,4.6,9.9
1742901330.822000,45.288280,6.611792,3002.978951,252.2,12.514857,4.7,9.9
1742901331.822000,45.288264,6.611640,3001.200195,256.7,12.139318,5.0,9.9
1742901332.822000,45.288253,6.611492,3001.200195,257.7,11.838460,5.1,9.9
1742901333.821000,45.288242,6.611349,3001.200195,259.4,11.504150,5.1,9.9
1742901334.822000,45.288237,6.611214,2998.890809,261.4,11.122519,4.2,9.9
1742901335.822000,45.288234,6.611081,2997.783386,261.9,10.864779,4.2,9.9
1742901337.822000,45.288247,6.610833,2996.504397,269.9,10.117876,4.0,9.9
1742901339.821000,45.288271,6.610601,2995.919512,278.6,9.397470,3.9,9.9
1742901341.821000,45.288284,6.610382,2994.392571,273.2,8.885157,3.6,9.9
1742901343.822000,45.288303,6.610171,2992.941896,278.7,8.658428,3.9,9.9
1742901345.821000,45.288338,6.609971,2992.243173,281.0,8.202019,4.0,9.9
1742901347.822000,45.288365,6.609778,2992.095115,275.3,7.790242,5.1,9.9
1742901349.821000,45.288358,6.609589,2989.895626,257.0,7.406693,3.6,9.9
1742901351.822000,45.288306,6.609415,2988.853457,240.1,7.215769,3.3,9.9
1742901353.821000,45.288235,6.609264,2987.222232,232.0,6.953022,3.2,9.9
1742901355.821000,45.288164,6.609114,2986.059473,235.0,7.099835,3.2,9.9
1742901357.822000,45.288088,6.608973,2985.259568,208.2,6.669681,2.8,9.9
1742901359.821000,45.288014,6.608900,2984.036631,216.2,4.223595,2.9,9.9
1742901361.821000,45.287963,6.608793,2983.502993,231.0,5.840506,2.7,9.9
1742901363.822000,45.287910,6.608622,2981.546973,276.0,8.456158,3.6,9.9
1742901365.822000,45.287878,6.608410,2974.683747,257.0,9.245628,3.6,9.9
1742901367.822000,45.287818,6.608190,2971.759389,234.1,9.756010,3.5,9.9
1742901369.822000,45.287761,6.608029,2910.930420,196.3,3.606794,2.5,9.9
1742901373.820000,45.287673,6.607972,2959.969443,211.0,6.306474,3.8,9.9
1742901375.820000,45.287538,6.607852,2956.244241,215.0,11.199148,2.6,9.9
1742901376.822000,45.287454,6.607754,2952.468029,222.0,12.958006,2.7,9.9
1742901377.822000,45.287355,6.607654,2948.189961,207.0,13.997883,2.4,9.9
1742901378.821000,45.287238,6.607605,2940.580229,187.0,13.369783,2.5,9.9
1742901379.822000,45.287119,6.607588,2938.627531,185.0,13.290016,2.6,9.9
1742901380.822000,45.287011,6.607524,2936.330764,217.0,13.798629,2.4,9.9
1742901381.821000,45.286914,6.607400,2932.961342,219.0,14.279634,5.7,9.9
1742901382.821000,45.286797,6.607334,2927.704437,182.0,14.918127,3.8,9.9
1742901383.822000,45.286662,6.607337,2924.105903,179.0,14.410604,2.9,9.9
1742901384.822000,45.286545,6.607281,2925.672551,216.9,14.393694,4.5,9.9
1742901385.822000,45.286447,6.607154,2920.580108,219.9,14.380157,3.5,9.9
1742901386.821000,45.286342,6.607012,2913.202569,222.0,16.908041,4.9,9.9
1742901387.821000,45.286222,6.606864,2904.582476,217.0,17.236864,2.8,9.9
1742901388.822000,45.286104,6.606723,2902.882403,219.8,16.966349,2.6,10.0
1742901389.822000,45.286018,6.606555,2893.168733,228.5,15.820212,2.6,10.2
1742901390.822000,45.286048,6.606317,2889.046779,283.3,19.123119,2.9,10.4
1742901391.822000,45.286095,6.606045,2879.348606,264.3,18.515926,2.8,10.4
1742901392.822000,45.286066,6.605802,2873.078313,248.2,18.197489,2.4,10.6
1742901393.822000,45.286057,6.605598,2869.742520,282.6,15.724534,2.7,10.6
1742901394.821000,45.286126,6.605407,2867.687571,301.9,16.789801,3.4,10.5
1742901395.822000,45.286204,6.605206,2864.977443,296.0,16.868656,2.0,10.4
1742901396.822000,45.286260,6.604997,2857.528399,292.1,16.400091,2.5,10.2
1742901397.822000,45.286201,6.604788,2853.090954,236.7,18.789463,4.0,10.1
1742901398.822000,45.286090,6.604593,2850.935356,233.0,16.662506,3.8,10.1
1742901399.822000,45.286008,6.604408,2848.082379,240.9,16.942028,3.7,10.1
1742901400.822000,45.285958,6.604205,2845.660601,256.8,16.227703,3.8,10.1
1742901401.822000,45.285903,6.604039,2839.110219,229.1,14.828676,3.6,10.1
1742901402.820000,45.285797,6.603918,2836.410183,210.0,15.487561,2.6,10.0
1742901403.821000,45.285679,6.603816,2834.615001,213.0,15.280149,2.7,10.0
1742901404.821000,45.285579,6.603677,2830.120573,229.0,16.087589,2.3,10.0
1742901405.821000,45.285498,6.603495,2822.562647,243.0,17.176403,2.5,10.0
1742901406.821000,45.285445,6.603288,2815.765768,255.0,17.289436,2.6,9.9
1742901407.821000,45.285420,6.603070,2812.169211,264.0,16.950085,2.4,9.9
1742901408.821000,45.285411,6.602859,2807.869512,268.0,16.240868,5.7,9.9
1742901409.821000,45.285409,6.602653,2804.306142,269.0,15.960256,3.6,10.0
1742901410.821000,45.285404,6.602452,2801.116576,267.0,15.340266,2.8,10.0
1742901411.821000,45.285394,6.602259,2804.557375,266.0,14.940131,4.5,10.0
1742901412.820000,45.285390,6.602077,2802.292959,269.0,14.240174,3.5,10.0
1742901413.820000,45.285391,6.601901,2800.153516,271.0,14.000068,5.0,10.0
1742901414.820000,45.285397,6.601731,2797.656070,273.0,13.530070,2.8,9.9
1742901415.820000,45.285398,6.601563,2797.047688,266.0,13.320013,4.3,9.9
1742901416.821000,45.285384,6.601396,2794.108836,259.0,13.309997,4.2,9.9
1742901417.820000,45.285359,6.601230,2792.965672,257.0,13.389966,2.6,9.9
1742901418.821000,45.285333,6.601067,2790.973843,257.0,12.960136,2.7,9.9
1742901419.819000,45.285309,6.600906,2788.612519,257.0,12.370116,3.0,9.9
1742901420.821000,45.285277,6.600756,2787.449185,248.0,12.140117,3.6,9.9
1742901421.820000,45.285248,6.600612,2787.164934,256.8,11.637362,3.4,9.9
1742901422.820000,45.285239,6.600472,2785.851919,265.0,11.085840,1.9,9.9
1742901423.821000,45.285224,6.600334,2784.661387,263.0,10.914257,2.4,9.9
1742901424.820000,45.285191,6.600207,2783.473293,244.3,10.729073,4.0,9.9
1742901425.821000,45.285141,6.600083,2781.785742,246.0,11.162872,3.6,9.9
1742901426.821000,45.285078,6.599948,2777.532226,231.2,12.778172,3.7,9.9
1742901427.820000,45.284993,6.599857,2773.363388,201.0,11.309255,3.7,9.9
1742901428.821000,45.284899,6.599803,2770.811758,204.0,11.300075,3.6,9.9
1742901430.821000,45.284828,6.599607,2765.627221,268.0,7.281735,2.7,9.9
1742901432.821000,45.284786,6.599447,2761.522206,214.1,6.783464,2.5,9.9
1742901434.821000,45.284696,6.599386,2754.965489,232.0,6.738615,3.3,9.9
1742901436.820000,45.284668,6.599257,2748.854141,259.0,4.121359,1.8,9.9
1742901440.821000,45.284666,6.599122,2748.271549,213.0,1.260122,4.3,9.9
1742901452.820000,45.284571,6.599064,2742.832324,186.0,5.187764,3.2,10.0
1742901454.820000,45.284469,6.599092,2739.490638,167.9,5.620687,2.9,10.0
1742901456.820000,45.284370,6.599141,2737.488853,155.0,4.970118,3.2,9.9
1742901476.821000,45.284310,6.599185,2737.631195,-1.0,0.000000,3.7,9.9
1742901476.821000,45.284310,6.599185,2737.631195,-1.0,0.000000,3.7,9.9
1742901480.821000,45.284280,6.599159,2737.138731,197.0,1.280127,2.5,9.9
1742901491.821000,45.284196,6.599104,2734.636496,196.0,3.919853,3.2,9.9
1742901494.821000,45.284087,6.599106,2731.074199,168.9,3.604836,3.0,9.9
1742901498.820000,45.284012,6.599177,2731.553224,127.0,2.102315,3.3,9.9
1742901518.820000,45.283999,6.599188,2728.018780,-1.0,0.000000,3.4,9.9
1742901518.820000,45.283999,6.599188,2728.018780,-1.0,0.000000,3.4,9.9
1742901561.821000,45.284009,6.599043,2724.705296,288.0,4.632838,1.6,9.9
1742901565.821000,45.284069,6.598916,2721.777220,301.0,1.740085,3.1,9.9
1742901569.820000,45.284071,6.598766,2706.896282,234.1,8.132910,1.3,9.9
1742901571.821000,45.283985,6.598595,2700.498358,258.0,9.037746,1.3,9.9
1742901573.821000,45.283972,6.598338,2681.150694,250.0,11.703894,1.3,9.9
1742901574.820000,45.283904,6.598199,2693.002977,226.0,13.994706,1.3,9.9
1742901575.820000,45.283805,6.598074,2688.177677,220.0,14.896748,1.3,9.9
1742901576.821000,45.283707,6.597941,2683.773226,227.9,15.073998,1.4,9.9
1742901577.821000,45.283623,6.597760,2678.712949,241.8,17.830130,1.8,9.9
1742901578.821000,45.283550,6.597533,2669.715002,247.0,19.193165,1.9,9.9
1742901579.821000,45.283470,6.597316,2664.811900,240.4,18.591843,2.6,9.9
1742901580.821000,45.283361,6.597138,2658.339406,226.6,18.370575,2.2,10.0
1742901581.821000,45.283268,6.596962,2654.458808,238.8,16.607710,2.2,10.1
1742901582.820000,45.283232,6.596756,2651.669889,270.0,16.605747,2.6,10.1
1742901583.821000,45.283225,6.596545,2649.607862,262.1,16.125555,2.6,10.1
1742901584.821000,45.283193,6.596343,2648.054578,257.1,16.811314,2.6,10.1
1742901585.821000,45.283171,6.596120,2646.558983,265.8,18.036634,2.4,10.2
1742901586.821000,45.283204,6.595927,2641.117495,277.8,16.422779,2.4,10.2
1742901587.821000,45.283224,6.595733,2638.144553,268.2,16.336136,2.4,10.3
1742901588.819000,45.283164,6.595520,2635.549204,250.3,20.149418,2.4,10.4
1742901589.821000,45.283101,6.595291,2630.855431,254.9,18.158058,1.8,10.6
1742901590.821000,45.283117,6.595130,2625.649157,273.6,16.763893,2.4,10.8
1742901591.820000,45.283122,6.594974,2622.840621,254.1,16.118889,2.4,10.7
1742901592.821000,45.283071,6.594831,2618.658148,237.0,15.170932,2.4,10.7
1742901593.821000,45.283006,6.594675,2613.364961,243.0,15.416586,2.8,10.6
1742901594.820000,45.282978,6.594489,2609.505355,265.8,16.299246,2.8,10.5
1742901595.821000,45.282983,6.594281,2603.672858,267.0,16.463652,2.3,10.3
1742901596.820000,45.283010,6.594084,2596.191069,276.8,15.882498,2.9,10.3
1742901597.821000,45.283002,6.593898,2591.226868,246.2,15.665790,3.3,10.2
1742901598.820000,45.282932,6.593743,2589.925449,228.0,14.170897,2.3,10.2
1742901599.820000,45.282865,6.593597,2588.483339,244.0,14.179583,2.2,10.1
1742901600.821000,45.282841,6.593420,2576.570799,268.0,14.598439,1.4,10.1
1742901601.821000,45.282861,6.593231,2571.599163,284.0,15.197657,1.4,10.0
1742901602.820000,45.282884,6.593055,2563.123047,273.0,13.237840,1.5,10.0
1742901603.820000,45.282868,6.592895,2561.141818,252.1,13.715548,1.3,10.0
1742901604.820000,45.282847,6.592719,2561.384755,270.0,14.636119,1.3,10.0
1742901605.821000,45.282880,6.592538,2555.653074,292.9,15.195053,1.3,10.0
1742901606.820000,45.282956,6.592378,2549.417480,306.9,15.147915,1.3,10.0
1742901607.821000,45.283020,6.592221,2546.018037,288.1,14.220102,1.3,9.9
1742901608.820000,45.283031,6.592040,2541.579590,264.0,15.453871,1.6,9.9
1742901609.820000,45.283007,6.591846,2546.305232,258.7,15.651411,1.4,9.9
1742901610.821000,45.282986,6.591641,2549.085687,262.6,16.299179,1.8,9.9
1742901611.820000,45.282987,6.591428,2538.870605,269.7,16.391609,1.8,10.0
1742901612.821000,45.282992,6.591193,2532.506851,269.3,17.817919,1.9,10.0
1742901613.821000,45.282987,6.590958,2527.422313,266.0,18.097450,1.9,10.0
1742901614.820000,45.282991,6.590715,2522.032398,271.4,18.924124,3.3,10.0
1742901615.821000,45.283013,6.590470,2515.597277,277.9,18.982838,2.4,10.0
1742901616.821000,45.283047,6.590223,2509.881210,280.6,19.038780,2.3,10.0
1742901617.821000,45.283083,6.589984,2506.796586,280.0,18.313404,2.4,9.9
1742901618.820000,45.283114,6.589752,2504.412218,280.0,18.076159,2.6,9.9
1742901619.821000,45.283143,6.589527,2502.527502,279.0,17.544836,2.6,9.9
1742901620.821000,45.283170,6.589312,2495.935140,280.9,16.912880,1.7,9.9
1742901621.819000,45.283201,6.589109,2492.612944,281.9,15.672169,1.6,9.9
1742901622.821000,45.283228,6.588916,2489.592433,278.1,15.395236,1.4,9.9
1742901623.821000,45.283248,6.588725,2489.221339,277.0,14.766719,1.5,9.9
1742901624.820000,45.283267,6.588542,2487.539430,277.0,13.889503,1.4,9.9
1742901625.821000,45.283288,6.588371,2487.114032,280.0,13.074133,1.4,9.9
1742901626.821000,45.283309,6.588211,2486.828666,280.0,12.961522,1.4,9.9
1742901627.820000,45.283331,6.588057,2485.802818,277.1,12.577497,1.4,9.9
1742901628.821000,45.283352,6.587908,2479.007230,277.0,12.261681,1.4,9.9
1742901629.820000,45.283376,6.587763,2479.402100,276.9,11.933773,1.4,9.9
1742901630.821000,45.283406,6.587625,2482.793679,278.8,11.615082,1.4,9.9
1742901631.820000,45.283445,6.587493,2482.277598,282.4,11.338293,1.4,9.9
1742901632.821000,45.283488,6.587370,2481.679354,283.9,11.031366,1.4,9.9
1742901633.820000,45.283534,6.587251,2481.038028,286.2,10.758851,1.4,9.9
1742901634.821000,45.283583,6.587137,2480.949780,287.8,10.542100,1.7,9.9
1742901635.819000,45.283632,6.587025,2473.041960,290.2,10.442773,1.3,9.9
1742901636.821000,45.283683,6.586914,2472.215866,295.6,10.419826,1.3,9.9
1742901637.820000,45.283732,6.586798,2471.299081,293.3,10.459055,1.3,9.9
1742901638.821000,45.283780,6.586685,2470.174226,294.3,10.400811,1.3,9.9
1742901639.821000,45.283828,6.586570,2469.296560,296.4,10.475321,1.3,9.9
1742901640.820000,45.283880,6.586454,2468.742920,300.0,10.567194,1.3,9.9
1742901641.821000,45.283944,6.586359,2473.678946,308.7,10.237860,1.4,9.9
1742901643.821000,45.284094,6.586232,2465.788467,318.3,9.584771,1.5,9.9
1742901645.821000,45.284227,6.586099,2464.331295,312.2,9.224391,1.3,9.9
1742901647.820000,45.284314,6.585925,2461.500972,299.8,8.623353,1.4,9.9
1742901649.820000,45.284413,6.585743,2465.264830,309.8,9.030698,1.4,10.0
1742901650.820000,45.284496,6.585677,2462.193526,330.8,10.075088,1.4,10.0
1742901651.819000,45.284575,6.585607,2461.236826,318.2,9.692460,1.4,10.0
1742901652.821000,45.284642,6.585521,2457.704230,315.0,9.591325,1.7,10.0
1742901653.821000,45.284710,6.585434,2456.339600,317.6,9.924582,1.4,10.0
1742901654.820000,45.284785,6.585347,2457.978427,320.0,10.326162,1.3,9.9
1742901655.820000,45.284863,6.585269,2447.533506,326.2,9.841739,1.5,9.9
1742901656.820000,45.284934,6.585191,2449.024191,316.1,10.024999,1.4,9.9
1742901657.819000,45.284998,6.585099,2447.841074,313.1,10.441056,1.4,9.9
1742901659.820000,45.285111,6.584967,2444.873981,339.0,5.143309,1.5,9.9
1742901661.821000,45.285197,6.584900,2447.190288,326.9,5.970428,1.3,9.9
1742901663.821000,45.285209,6.584673,2442.058598,280.3,8.104198,1.3,9.9
1742901664.821000,45.285232,6.584538,2438.881261,289.1,9.919176,1.3,9.9
1742901665.821000,45.285285,6.584430,2444.222093,311.1,9.994221,2.2,9.9
1742901666.821000,45.285346,6.584331,2442.819238,309.1,10.066791,2.2,9.9
1742901667.821000,45.285412,6.584233,2441.415921,317.2,10.710919,2.2,9.9
1742901668.821000,45.285489,6.584138,2439.474627,317.0,11.224813,2.1,9.9
1742901669.821000,45.285546,6.584031,2437.633363,292.7,9.834435,2.5,9.9
1742901670.821000,45.285581,6.583914,2434.161789,296.8,10.122619,1.6,9.9
1742901672.820000,45.285716,6.583758,2430.764281,334.4,9.735261,1.5,9.9
1742901674.821000,45.285867,6.583627,2427.580206,325.9,10.032471,1.7,9.9
1742901676.819000,45.286025,6.583537,2423.268038,337.1,8.917336,1.5,9.9
1742901678.821000,45.286155,6.583429,2421.655428,332.0,8.030068,1.4,9.9
1742901680.821000,45.286280,6.583348,2417.153010,318.2,7.432502,1.3,9.9
1742901682.821000,45.286392,6.583277,2415.298071,328.0,6.496150,1.4,9.9
1742901684.821000,45.286495,6.583221,2405.199084,329.9,5.765478,1.5,9.9
1742901686.821000,45.286582,6.583187,2404.555003,351.0,4.445539,1.4,9.9
1742901690.820000,45.286674,6.583152,2409.400146,17.8,1.390216,5.2,10.0
1742901710.820000,45.286673,6.583201,2405.178973,-1.0,0.000000,1.6,9.9
1742901710.820000,45.286673,6.583201,2405.178973,-1.0,0.000000,1.6,9.9
1742901721.821000,45.286723,6.583287,2412.151367,35.3,2.323433,1.7,9.9
1742901727.821000,45.286771,6.583398,2413.684978,85.8,0.723253,1.4,9.9
1742901770.820000,45.286728,6.583516,2409.400146,129.2,0.639744,6.3,10.1
1742901785.820000,45.286640,6.583561,2409.400146,58.6,1.013390,2.5,9.9
1742901789.819000,45.286526,6.583606,2409.400146,157.6,3.589089,5.1,9.9
1742901791.819000,45.286420,6.583636,2409.400146,155.0,4.011037,6.3,7.9
1742901794.819000,45.286309,6.583682,2412.221937,158.0,4.099963,6.2,3.8
1742901797.820000,45.286201,6.583741,2417.990279,158.2,4.322127,7.4,3.8
1742901800.820000,45.286082,6.583798,2421.377374,160.0,3.954391,8.4,3.8
1742901803.820000,45.285969,6.583854,2423.809048,160.0,4.651026,6.9,3.8
1742901806.819000,45.285852,6.583914,2425.981689,155.6,4.729686,6.5,3.8
1742901809.819000,45.285744,6.583982,2428.887025,150.1,4.448949,6.9,3.8
1742901812.819000,45.285629,6.584037,2430.214129,160.0,4.568852,2.6,3.8
1742901815.820000,45.285513,6.584098,2435.217838,160.0,4.093544,2.1,3.8
1742901818.820000,45.285402,6.584153,2438.734131,159.0,4.337388,3.2,3.8
1742901821.819000,45.285284,6.584213,2439.686279,157.2,4.845912,2.5,3.8
1742901824.820000,45.285169,6.584268,2440.394287,162.0,4.524357,2.4,3.8
1742901827.819000,45.285053,6.584327,2442.555564,163.1,4.712667,6.8,3.8
1742901830.820000,45.284938,6.584391,2442.689209,158.3,4.508371,5.5,3.8
1742901833.820000,45.284826,6.584456,2428.569283,153.4,4.576133,1.6,3.8
1742901836.820000,45.284707,6.584519,2445.680935,157.1,4.601090,2.9,3.8
1742901839.820000,45.284594,6.584577,2448.687801,157.0,4.429951,8.2,3.8
1742901842.820000,45.284474,6.584637,2449.858597,157.9,4.716963,2.2,3.8
1742901845.819000,45.284357,6.584692,2454.103039,161.1,4.444481,2.5,3.8
1742901848.820000,45.284248,6.584753,2455.520020,158.9,4.528355,1.7,3.8
1742901851.819000,45.284133,6.584818,2459.011475,160.7,4.526847,2.9,3.8
1742901854.820000,45.284024,6.584879,2461.940918,159.0,4.369642,2.1,3.8
1742901857.820000,45.283911,6.584947,2450.917982,155.0,4.588762,1.7,3.8
1742901860.819000,45.283800,6.585006,2460.028556,159.0,4.221178,2.1,3.8
1742901863.820000,45.283689,6.585066,2467.761008,159.0,4.713814,1.6,3.8
1742901866.819000,45.283566,6.585132,2474.460980,157.5,4.605813,2.1,3.8
1742901869.819000,45.283453,6.585200,2478.078027,156.0,4.489728,5.9,3.8
1742901872.820000,45.283335,6.585263,2479.311624,157.3,4.691203,1.6,3.8
1742901875.819000,45.283223,6.585328,2479.102928,157.9,4.373405,1.4,3.8
1742901878.819000,45.283107,6.585380,2481.718396,159.1,4.579427,2.0,3.8
1742901881.820000,45.282992,6.585439,2483.434350,159.0,4.482113,1.6,3.8
1742901884.820000,45.282884,6.585496,2481.493105,158.0,4.598164,1.5,3.8
1742901887.820000,45.282769,6.585555,2488.009207,158.0,4.678740,1.6,3.8
1742901890.819000,45.282660,6.585614,2492.619471,156.0,4.270186,1.6,3.8
1742901893.820000,45.282549,6.585670,2496.603380,158.0,4.667407,1.9,3.8
1742901896.819000,45.282433,6.585731,2502.927382,158.0,4.331010,2.8,3.8
1742901899.819000,45.282319,6.585792,2507.201244,158.0,4.350015,4.5,3.8
1742901902.820000,45.282201,6.585852,2512.016824,159.0,4.521183,2.2,3.8
1742901905.820000,45.282093,6.585909,2515.133673,159.0,4.299655,1.6,3.8
1742901908.820000,45.281984,6.585966,2516.366956,159.0,4.458370,1.5,3.8
1742901911.820000,45.281872,6.586027,2510.930658,160.0,4.161415,1.5,3.8
1742901914.820000,45.281762,6.586080,2524.862307,165.0,4.183287,1.7,3.8
1742901917.820000,45.281652,6.586141,2521.333963,161.3,4.369610,1.6,3.8
1742901920.819000,45.281538,6.586215,2533.079346,155.3,4.538423,1.4,3.8
1742901923.819000,45.281423,6.586274,2537.566400,163.6,4.731806,1.5,3.8
1742901926.820000,45.281307,6.586336,2541.706722,161.8,4.539360,3.1,3.8
1742901929.820000,45.281193,6.586395,2539.237383,161.8,4.561817,1.4,3.8
1742901932.819000,45.281077,6.586458,2538.099018,160.3,4.634272,1.4,3.8
1742901935.819000,45.280966,6.586516,2537.963628,160.2,4.472736,1.4,3.8
1742901938.820000,45.280853,6.586579,2530.836529,158.1,4.617498,1.4,3.8
1742901941.820000,45.280738,6.586649,2532.237693,155.6,4.499924,1.5,3.8
1742901944.820000,45.280622,6.586705,2537.190698,153.7,4.550355,1.6,3.8
1742901947.819000,45.280506,6.586776,2548.192726,154.0,4.569928,1.4,3.8
1742901950.819000,45.280392,6.586837,2551.556547,155.8,4.408015,1.4,3.8
1742901953.820000,45.280274,6.586896,2558.741359,155.9,4.559224,1.5,3.8
1742901956.819000,45.280158,6.586956,2558.367920,157.2,4.392743,1.3,3.8
1742901959.819000,45.280047,6.587013,2561.921875,156.9,4.473016,1.3,3.8
1742901962.819000,45.279934,6.587069,2566.164307,158.0,4.491560,1.3,3.8
1742901965.819000,45.279825,6.587124,2563.181139,158.0,4.304083,1.5,3.8
1742901968.819000,45.279716,6.587186,2568.871067,158.0,4.397440,1.4,3.8
1742901971.820000,45.279607,6.587244,2572.261758,158.3,4.209852,1.5,3.8
1742901974.820000,45.279498,6.587304,2584.008301,158.1,4.351108,1.4,3.8
1742901977.820000,45.279388,6.587362,2588.574868,159.2,4.286382,1.4,3.8
1742901980.820000,45.279280,6.587414,2594.490223,161.0,4.290082,1.3,3.8
1742901983.820000,45.279170,6.587476,2600.433474,160.0,4.429355,1.3,3.8
1742901986.820000,45.279064,6.587536,2606.534622,160.0,4.209998,1.4,3.8
1742901989.820000,45.278962,6.587594,2612.704960,159.0,4.131267,1.3,3.8
1742901992.820000,45.278850,6.587659,2617.928307,159.0,4.977746,1.3,3.8
1742901995.820000,45.278738,6.587720,2610.356413,160.0,4.626413,1.3,3.8
1742901998.820000,45.278622,6.587783,2613.807823,159.0,4.758035,1.3,3.8
1742902001.819000,45.278507,6.587848,2611.555911,158.0,4.401392,1.4,3.8
1742902004.820000,45.278399,6.587907,2621.026367,158.0,4.397788,1.3,3.8
1742902007.820000,45.278288,6.587971,2626.193359,152.0,4.241380,1.4,3.8
1742902010.819000,45.278183,6.588041,2634.888892,151.0,4.069876,1.3,3.8
1742902013.819000,45.278068,6.588095,2638.269685,159.0,4.250157,1.4,3.8
1742902016.819000,45.277964,6.588147,2644.141227,159.0,3.450111,1.4,3.8
1742902019.820000,45.277857,6.588202,2652.876252,158.0,4.409976,1.3,3.8
1742902022.820000,45.277750,6.588259,2655.284694,158.0,4.208225,1.3,3.8
1742902025.820000,45.277651,6.588312,2658.581022,162.0,3.928318,1.3,3.8
1742902028.820000,45.277546,6.588366,2664.490996,161.0,4.080790,1.4,3.8
1742902031.819000,45.277446,6.588423,2674.087891,155.0,3.881515,1.3,3.8
1742902034.820000,45.277343,6.588486,2682.800204,159.0,4.615698,1.3,3.8
1742902037.819000,45.277228,6.588544,2687.816434,158.0,4.389287,1.4,3.8
1742902040.820000,45.277121,6.588609,2696.270739,150.0,4.160153,1.4,3.8
1742902043.819000,45.277008,6.588668,2699.891066,153.0,4.757694,1.4,3.8
1742902046.820000,45.276892,6.588724,2699.358961,155.2,4.508005,1.3,3.8
1742902049.820000,45.276773,6.588781,2697.840334,159.8,4.656302,1.3,3.8
1742902052.820000,45.276653,6.588845,2694.748997,157.0,4.657491,1.3,3.8
1742902055.819000,45.276540,6.588906,2693.311124,158.4,4.534968,1.3,3.8
1742902058.820000,45.276421,6.588969,2693.813232,158.0,4.701166,1.3,3.8
1742902061.820000,45.276307,6.589032,2695.772013,158.2,4.484377,1.4,3.8
1742902064.819000,45.276194,6.589094,2700.174735,157.9,4.671084,1.3,3.8
1742902067.820000,45.276077,6.589157,2701.561583,159.0,4.565817,1.3,3.8
1742902070.820000,45.275963,6.589217,2705.848300,159.0,4.533256,1.3,3.8
1742902073.820000,45.275847,6.589282,2706.793934,158.9,4.634181,1.3,3.8
1742902076.820000,45.275732,6.589343,2705.852712,160.0,4.456581,1.3,3.8
1742902079.819000,45.275618,6.589405,2708.880548,158.9,4.584627,1.3,3.8
1742902082.820000,45.275502,6.589468,2709.088472,161.0,4.470379,1.3,3.8
1742902085.820000,45.275387,6.589530,2709.377138,159.0,4.410267,1.3,3.8
1742902088.820000,45.275275,6.589593,2713.190116,159.0,4.499739,1.3,3.8
1742902091.819000,45.275165,6.589653,2717.649558,159.0,4.300498,1.3,3.8
1742902094.819000,45.275055,6.589711,2723.976958,159.0,4.478783,1.4,3.8
1742902097.819000,45.274942,6.589768,2732.469540,160.0,4.330504,1.4,3.8
1742902100.820000,45.274834,6.589824,2739.187704,159.0,4.239750,1.3,3.8
1742902103.820000,45.274724,6.589883,2742.944146,159.0,4.310886,1.3,3.8
1742902106.820000,45.274617,6.589939,2747.083444,159.0,4.130766,1.3,3.8
1742902109.820000,45.274509,6.589997,2752.020410,159.0,4.309819,1.3,3.8
1742902112.820000,45.274401,6.590057,2756.361905,159.0,4.121860,1.3,6.2
1742902115.820000,45.274299,6.590115,2763.003095,157.3,4.164780,1.3,9.9
1742902118.820000,45.274192,6.590172,2768.311292,159.0,4.195140,1.3,9.9
1742902121.819000,45.274090,6.590222,2773.983860,162.5,3.977818,1.3,9.9
1742902124.819000,45.273985,6.590274,2780.536790,162.2,4.056356,1.3,9.9
1742902127.819000,45.273883,6.590330,2790.625026,161.1,4.012114,1.4,9.9
1742902130.819000,45.273782,6.590385,2796.438412,160.9,3.930438,1.4,9.9
1742902133.819000,45.273682,6.590441,2808.490278,159.2,4.024340,1.3,9.9
1742902136.819000,45.273585,6.590497,2813.109440,159.0,3.932512,1.3,9.9
1742902139.818000,45.273484,6.590557,2821.138695,158.4,4.409128,1.3,9.9
1742902142.819000,45.273370,6.590620,2824.274438,158.7,4.437989,1.3,9.9
1742902145.818000,45.273256,6.590682,2827.007764,158.2,4.364005,1.3,9.9
1742902148.819000,45.273138,6.590747,2828.368165,158.2,4.481943,1.3,9.9
1742902151.818000,45.273024,6.590807,2832.367170,158.9,4.481100,1.3,9.9
1742902154.819000,45.272911,6.590867,2835.542039,157.9,4.576230,1.3,9.9
1742902157.818000,45.272800,6.590929,2839.947995,157.0,4.499430,1.4,9.9
1742902160.819000,45.272688,6.590980,2843.938428,173.4,4.279210,1.4,9.9
1742902163.818000,45.272572,6.591023,2848.719018,162.2,4.457598,1.3,9.9
1742902166.818000,45.272462,6.591088,2853.024421,159.6,4.398515,1.3,9.9
1742902169.819000,45.272361,6.591183,2855.585111,143.7,4.401170,1.3,9.9
1742902172.819000,45.272253,6.591258,2859.114352,146.9,4.335840,1.3,9.9
1742902175.818000,45.272142,6.591318,2863.200774,147.7,4.441626,1.3,9.9
1742902178.818000,45.272037,6.591380,2865.559144,147.4,3.877918,1.3,9.9
1742902182.818000,45.271948,6.591414,2867.695741,157.5,1.470622,1.3,9.9
1742902188.817000,45.271858,6.591463,2870.449931,177.5,2.855821,1.4,9.9
1742902191.819000,45.271777,6.591396,2867.031112,226.7,3.147529,1.3,8.7
1742902194.818000,45.271726,6.591289,2866.623534,232.0,3.175756,1.3,5.8
1742902197.818000,45.271674,6.591153,2865.591370,240.7,4.105046,1.3,3.8
1742902200.818000,45.271637,6.591016,2863.698816,246.9,3.574713,1.3,3.8
1742902203.819000,45.271573,6.590916,2862.552767,237.5,3.144536,1.3,3.8
1742902223.819000,45.271542,6.590819,2863.353370,266.3,0.000000,1.3,3.8
1742902223.819000,45.271542,6.590819,2863.353370,266.3,0.000000,1.3,3.8
1742902233.818000,45.271550,6.590793,2861.216758,279.0,1.976873,1.4,3.8
1742902237.817000,45.271574,6.590624,2861.321364,282.4,4.194224,1.3,3.8
1742902240.818000,45.271607,6.590453,2859.242439,284.7,4.489792,1.4,3.8
1742902242.819000,45.271644,6.590325,2860.005309,284.1,4.887640,1.4,3.8
1742902244.819000,45.271693,6.590211,2859.763544,293.7,4.875982,1.3,3.8
1742902247.819000,45.271754,6.590081,2858.848559,306.2,3.826214,1.4,3.8
1742902250.819000,45.271803,6.589956,2859.710727,295.4,3.531928,1.3,3.8
1742902253.819000,45.271860,6.589848,2858.873011,304.0,3.217254,1.5,3.8
1742902257.819000,45.271922,6.589698,2857.474702,298.7,3.732091,1.5,3.8
1742902260.819000,45.271968,6.589577,2856.023545,300.2,3.431125,1.5,3.8
1742902263.819000,45.272009,6.589458,2855.608954,293.5,3.571882,1.6,3.8
1742902266.818000,45.272045,6.589336,2855.737486,286.2,3.566718,1.4,3.8
1742902269.818000,45.272090,6.589213,2854.117631,289.6,3.784853,1.3,3.8
1742902272.819000,45.272126,6.589071,2855.104186,284.7,4.035247,1.3,3.8
1742902275.819000,45.272175,6.588924,2854.101252,281.0,4.271677,1.3,3.8
1742902278.818000,45.272202,6.588767,2852.511953,281.1,4.270467,1.3,3.8
1742902281.819000,45.272208,6.588595,2851.968748,266.6,4.635701,1.7,3.8
1742902283.819000,45.272209,6.588468,2851.286047,271.5,4.974935,1.4,3.8
1742902285.818000,45.272201,6.588331,2849.902228,268.4,5.137570,1.4,3.8
1742902287.819000,45.272203,6.588185,2849.141476,275.8,5.613815,1.3,3.8
1742902289.819000,45.272214,6.588039,2846.004581,283.2,5.653368,1.3,3.8
1742902291.819000,45.272241,6.587894,2846.091060,286.2,5.670996,1.3,3.8
1742902293.818000,45.272275,6.587749,2845.513629,292.0,5.947852,1.3,3.8
1742902295.819000,45.272313,6.587595,2842.703372,295.0,6.498556,1.3,3.8
1742902297.818000,45.272364,6.587429,2842.765389,297.8,6.970592,1.4,3.8
1742902299.818000,45.272432,6.587269,2840.564134,299.7,7.322546,1.3,3.8
1742902301.819000,45.272509,6.587119,2840.981684,305.2,7.375029,1.4,3.8
1742902303.818000,45.272580,6.586951,2840.175539,300.5,7.487867,1.4,3.8
1742902305.819000,45.272635,6.586757,2837.614165,298.0,8.056422,1.3,3.8
1742902307.819000,45.272712,6.586562,2834.219544,291.2,8.523922,1.3,3.8
1742902309.819000,45.272746,6.586352,2832.995726,291.2,8.347035,1.3,3.8
1742902311.819000,45.272796,6.586169,2831.801780,302.8,7.689727,1.3,3.8
1742902313.819000,45.272855,6.586005,2830.394785,287.5,6.947573,1.4,3.8
1742902315.819000,45.272897,6.585834,2828.585101,302.2,7.272672,1.3,3.8
1742902317.819000,45.272962,6.585659,2825.400742,262.0,7.133599,1.3,3.8
1742902319.818000,45.272984,6.585526,2812.476057,272.0,5.276454,1.3,3.8
1742902321.818000,45.273032,6.585390,2814.360894,304.9,6.435052,1.3,3.8
1742902323.818000,45.273126,6.585234,2815.805602,310.3,8.843303,1.3,3.8
1742902324.818000,45.273180,6.585131,2802.542480,324.8,9.959415,1.3,3.8
1742902325.819000,45.273242,6.585028,2810.235804,307.3,10.385562,1.3,3.8
1742902326.818000,45.273299,6.584916,2805.979504,310.0,10.832182,1.4,3.8
1742902327.818000,45.273348,6.584783,2802.991200,307.1,11.837610,1.3,3.8
1742902328.819000,45.273412,6.584668,2799.437693,308.0,11.426474,1.3,3.8
1742902329.818000,45.273510,6.584606,2795.641740,341.7,12.929839,1.3,3.8
1742902330.819000,45.273615,6.584548,2789.830666,336.1,12.613563,1.3,3.8
1742902331.819000,45.273732,6.584457,2788.615804,329.1,14.734492,1.4,3.8
1742902332.818000,45.273839,6.584360,2781.774596,326.0,13.767296,1.3,3.8
1742902333.818000,45.273932,6.584268,2777.435412,326.0,12.969337,1.3,3.8
1742902334.819000,45.274038,6.584145,2776.016948,322.1,14.482224,1.4,3.8
1742902335.818000,45.274150,6.584044,2771.034752,326.0,14.947200,1.4,3.8
1742902336.819000,45.274256,6.583934,2766.350583,322.0,14.621133,1.3,3.8
1742902337.818000,45.274370,6.583816,2763.918176,323.0,15.586412,1.3,3.8
1742902338.818000,45.274460,6.583653,2758.537856,312.2,16.395555,1.3,3.8
1742902339.818000,45.274539,6.583476,2753.889772,300.0,16.628353,1.3,3.8
1742902340.819000,45.274612,6.583296,2750.395488,298.0,16.639954,1.3,3.8
1742902341.819000,45.274667,6.583114,2748.661865,290.0,15.400599,1.3,3.8
1742902342.819000,45.274716,6.582944,2746.480212,291.0,14.430311,1.4,3.8
1742902343.819000,45.274764,6.582786,2744.471680,293.0,13.350334,1.3,3.8
1742902344.818000,45.274814,6.582638,2744.486908,295.0,12.540174,1.3,3.8
1742902345.819000,45.274865,6.582503,2744.476228,297.0,11.480089,1.3,3.8
1742902346.818000,45.274916,6.582382,2743.317600,302.0,10.770099,1.3,3.8
1742902347.819000,45.274972,6.582267,2739.953251,305.0,10.909978,1.4,3.8
1742902348.818000,45.275027,6.582151,2737.437454,306.0,11.099978,1.3,3.8
1742902349.819000,45.275091,6.582032,2732.613837,309.0,12.039866,1.3,3.8
1742902350.819000,45.275166,6.581912,2731.043006,315.0,13.249813,1.3,5.0
1742902351.818000,45.275251,6.581786,2729.468608,312.1,13.474101,1.3,5.8
1742902352.819000,45.275320,6.581632,2726.137695,284.1,14.005064,1.3,6.9
1742902353.817000,45.275353,6.581448,2727.236381,264.1,14.245152,1.4,8.7
1742902354.819000,45.275383,6.581273,2720.928702,258.0,14.232838,1.3,9.9
1742902355.818000,45.275442,6.581123,2722.170402,255.0,13.681947,1.3,9.9
1742902356.818000,45.275519,6.581001,2718.801584,247.2,13.256382,1.3,9.9
1742902357.819000,45.275592,6.580880,2719.142054,308.9,12.647732,1.3,9.9
1742902358.819000,45.275698,6.580758,2717.708585,298.2,12.700742,1.3,9.9
1742902359.819000,45.275781,6.580647,2716.577633,320.0,11.959952,1.3,9.9
1742902360.817000,45.275874,6.580553,2715.699288,312.1,12.341966,1.3,9.9
1742902361.818000,45.275938,6.580431,2715.911898,284.1,11.501958,1.3,9.9
1742902362.819000,45.275959,6.580295,2713.565732,258.1,10.367811,1.3,9.9
1742902364.819000,45.275998,6.580058,2711.887299,292.8,9.838641,1.3,9.9
1742902366.818000,45.276115,6.579892,2707.942079,294.0,7.700108,1.3,9.9
1742902368.819000,45.276130,6.579766,2706.209658,273.0,4.829747,1.3,9.9
1742902370.818000,45.276176,6.579638,2705.231008,291.0,5.472223,1.3,9.9
1742902373.818000,45.276243,6.579497,2701.667148,272.5,4.026357,1.3,8.9
1742902380.819000,45.276271,6.579347,2693.084206,244.0,4.276237,1.3,3.8
1742902382.819000,45.276210,6.579220,2697.323437,227.1,6.312242,1.3,3.8
1742902384.819000,45.276231,6.579081,2694.107451,319.9,6.887039,1.3,3.8
1742902386.819000,45.276302,6.578947,2690.840811,292.4,7.518352,1.3,3.8
1742902388.817000,45.276327,6.578711,2684.554119,277.0,9.784974,1.3,3.8
1742902389.819000,45.276334,6.578538,2678.465165,271.1,13.621868,1.3,3.8
1742902390.817000,45.276381,6.578366,2677.310743,294.9,14.640333,1.3,3.8
1742902391.819000,45.276436,6.578213,2671.830034,297.0,12.789351,1.3,3.8
1742902392.818000,45.276487,6.578050,2667.046432,293.1,14.249314,1.3,3.8
1742902393.819000,45.276530,6.577896,2659.933375,292.0,13.665812,1.3,3.9
1742902394.819000,45.276563,6.577673,2654.072266,276.4,17.720308,1.3,4.0
1742902395.819000,45.276601,6.577436,2642.255354,280.9,17.837856,1.3,4.0
1742902396.817000,45.276640,6.577210,2636.719096,282.0,17.888153,1.3,4.1
1742902397.817000,45.276694,6.576979,2632.589885,286.8,18.756840,1.3,4.3
1742902398.819000,45.276778,6.576770,2628.298472,296.7,18.406771,1.3,4.3
1742902399.819000,45.276823,6.576553,2627.321833,284.0,17.192221,1.3,4.2
1742902400.818000,45.276869,6.576359,2627.592919,293.0,15.360211,1.3,4.2
1742902401.819000,45.276945,6.576194,2626.401121,309.0,15.019988,1.4,4.0
1742902402.819000,45.277020,6.576035,2625.404745,301.0,14.640024,1.4,3.8
1742902403.818000,45.277059,6.575874,2623.576622,284.0,13.190090,1.3,3.8
1742902404.819000,45.277086,6.575712,2623.316841,281.0,12.620058,1.3,3.8
1742902405.819000,45.277108,6.575557,2622.563134,278.0,11.990458,1.3,3.8
1742902406.819000,45.277127,6.575410,2620.634834,276.0,11.640922,1.3,3.8
1742902407.819000,45.277155,6.575263,2616.665250,285.9,12.064018,1.3,3.8
1742902408.818000,45.277225,6.575115,2608.628802,306.9,14.292767,1.3,3.8
1742902409.818000,45.277305,6.574960,2606.402252,305.0,14.839224,1.3,3.8
1742902410.819000,45.277388,6.574804,2608.566421,309.0,15.758572,1.3,3.8
1742902411.818000,45.277484,6.574646,2603.493106,312.0,16.527893,1.3,3.8
1742902412.819000,45.277588,6.574482,2596.328499,313.0,17.467108,1.3,3.8
1742902413.819000,45.277686,6.574308,2591.808537,307.0,17.499701,1.3,3.8
1742902414.819000,45.277777,6.574120,2589.050901,302.0,17.718500,1.3,3.8
1742902415.819000,45.277863,6.573933,2585.635639,304.0,17.491816,1.4,3.8
1742902416.818000,45.277986,6.573777,2581.380935,322.9,18.085220,1.4,3.8
1742902417.819000,45.278126,6.573660,2573.182285,332.0,17.709982,1.3,3.8
1742902418.819000,45.278272,6.573561,2569.684475,334.0,17.650620,1.3,3.8
1742902419.819000,45.278412,6.573453,2566.491000,326.0,17.430021,1.3,3.8
1742902420.818000,45.278528,6.573304,2564.948283,312.0,17.849911,1.3,3.8
1742902421.818000,45.278649,6.573161,2561.639788,321.0,17.230047,1.3,3.8
1742902422.819000,45.278792,6.573064,2557.099518,338.0,17.839783,1.3,3.8
1742902423.819000,45.278936,6.572967,2550.051752,335.0,17.160728,1.3,3.8
1742902424.819000,45.279063,6.572838,2547.525343,320.0,18.018881,1.3,3.8
1742902425.819000,45.279191,6.572702,2544.170219,324.0,17.770016,1.3,3.8
1742902426.818000,45.279338,6.572600,2542.168025,337.0,18.319799,1.3,3.8
1742902427.818000,45.279492,6.572516,2535.064475,341.0,18.499950,1.3,3.8
1742902428.819000,45.279637,6.572409,2529.790419,328.0,18.609636,1.3,3.8
1742902429.819000,45.279768,6.572275,2528.472542,323.0,18.360321,1.3,3.8
1742902430.819000,45.279891,6.572134,2522.899776,320.0,17.860558,1.3,3.8
1742902431.819000,45.280001,6.571980,2520.612867,309.0,16.930639,1.3,3.8
1742902432.819000,45.280088,6.571811,2517.985424,302.0,15.920139,1.3,3.8
1742902433.818000,45.280158,6.571648,2517.630314,299.0,14.750119,1.3,3.8
1742902434.818000,45.280218,6.571488,2516.501245,297.0,13.980073,1.3,3.8
1742902435.819000,45.280274,6.571339,2515.275617,296.0,12.940103,1.3,3.8
1742902436.819000,45.280324,6.571195,2514.107126,294.0,12.030071,1.3,3.8
1742902437.818000,45.280367,6.571060,2512.772522,292.0,11.608312,1.3,3.8
1742902438.819000,45.280402,6.570932,2514.054782,291.0,10.813478,1.3,3.8
1742902439.818000,45.280436,6.570813,2513.620618,293.0,10.152864,1.3,3.8
1742902441.817000,45.280483,6.570590,2513.586142,292.0,9.019644,1.3,3.8
1742902443.818000,45.280528,6.570371,2511.861726,288.0,8.950457,1.3,3.8
1742902445.818000,45.280565,6.570159,2512.120058,286.0,8.535052,1.4,3.8
1742902447.819000,45.280599,6.569962,2509.466239,285.0,8.092478,1.3,3.8
1742902449.818000,45.280636,6.569767,2510.000992,291.0,7.794980,1.3,3.8
1742902451.817000,45.280672,6.569576,2509.040714,284.1,7.899252,1.3,3.8
1742902453.819000,45.280694,6.569375,2507.376097,284.0,7.683743,1.3,3.8
1742902455.818000,45.280720,6.569192,2505.501012,293.9,7.344482,1.3,3.8
1742902457.819000,45.280766,6.569024,2505.828000,302.9,6.835619,1.3,3.8
1742902459.819000,45.280827,6.568879,2505.086428,293.1,6.630561,1.3,3.8
1742902461.819000,45.280857,6.568723,2502.314430,282.0,6.204835,1.3,3.8
1742902463.819000,45.280877,6.568570,2501.661133,276.0,5.929591,1.3,3.8
1742902465.818000,45.280920,6.568455,2502.308333,330.8,4.418777,1.3,3.8
1742902468.819000,45.280994,6.568364,2499.669015,330.0,2.896661,1.3,3.8
1742902477.819000,45.281063,6.568276,2501.323677,327.1,0.487034,1.4,3.8
1742902658.817000,45.280883,6.568370,2518.714600,145.6,5.956193,1.5,9.9
1742902659.817000,45.280768,6.568451,2520.165475,141.1,6.248114,1.5,9.9
1742902660.817000,45.280666,6.568513,2521.620816,160.8,7.085364,1.5,9.9
1742902661.818000,45.280578,6.568560,2521.715154,152.1,6.512172,1.4,9.9
1742902663.817000,45.280436,6.568682,2523.489813,140.0,6.511972,1.4,9.9
1742902665.818000,45.280321,6.568787,2526.294351,140.0,6.658742,1.4,9.9
1742902667.817000,45.280218,6.568877,2526.243861,147.0,6.450148,1.3,9.9
1742902669.817000,45.280107,6.568962,2528.264409,110.3,6.347907,1.3,9.9
1742902671.818000,45.280009,6.569047,2533.736201,98.0,5.783816,1.3,7.5
1742902673.817000,45.279898,6.569128,2539.393725,150.0,6.559637,1.3,5.8
1742902675.817000,45.279790,6.569208,2542.870146,146.0,6.380968,1.3,3.8
1742902677.817000,45.279688,6.569288,2548.858154,132.2,6.345710,1.3,3.8
1742902679.818000,45.279590,6.569372,2553.696533,148.3,6.295511,1.3,3.8
1742902681.818000,45.279482,6.569450,2559.847820,149.0,6.300002,1.4,3.8
1742902683.818000,45.279379,6.569529,2564.620605,149.0,6.389996,1.4,3.8
1742902685.817000,45.279277,6.569611,2569.927398,147.0,6.280823,1.5,3.8
1742902687.818000,45.279182,6.569712,2571.254150,142.1,6.608463,1.4,3.8
1742902689.816000,45.279069,6.569795,2581.012029,147.0,7.226748,1.5,3.8
1742902691.817000,45.278972,6.569883,2580.031914,150.0,6.789725,1.7,3.8
1742902693.817000,45.278865,6.569979,2581.221949,148.0,6.663280,1.4,3.8
1742902695.818000,45.278771,6.570064,2580.127497,148.9,6.640266,1.3,3.8
1742902697.818000,45.278671,6.570149,2582.223964,147.4,6.624542,1.3,3.8
1742902699.817000,45.278573,6.570234,2584.394833,147.1,6.544306,1.3,3.8
1742902701.818000,45.278472,6.570316,2588.545902,144.3,6.502650,1.3,3.8
1742902703.817000,45.278375,6.570395,2591.177164,143.8,6.543924,1.3,3.8
1742902705.818000,45.278271,6.570479,2595.521042,147.3,6.516896,1.4,3.8
1742902707.818000,45.278169,6.570562,2598.247314,148.1,6.536101,1.3,3.8
1742902709.818000,45.278068,6.570645,2601.609375,157.7,6.317905,1.3,3.8
1742902711.818000,45.277966,6.570726,2610.345403,154.3,6.569848,1.4,3.8
1742902713.818000,45.277863,6.570825,2613.870193,149.3,6.759971,1.5,3.8
1742902715.817000,45.277758,6.570913,2615.319529,149.2,6.620522,1.5,3.8
1742902717.818000,45.277655,6.571001,2614.244841,148.2,6.733746,1.4,3.8
1742902719.818000,45.277553,6.571088,2618.445819,149.1,6.771232,1.5,3.8
1742902721.817000,45.277447,6.571177,2617.709461,150.0,6.687784,1.7,3.8
1742902723.818000,45.277346,6.571263,2616.995208,149.1,6.629620,1.5,3.8
1742902725.817000,45.277243,6.571353,2617.625418,149.0,6.637666,1.3,3.8
1742902727.816000,45.277137,6.571440,2618.656618,149.0,6.659917,1.3,3.8
1742902729.817000,45.277034,6.571530,2620.972066,148.0,6.700601,1.3,3.8
1742902731.817000,45.276930,6.571621,2623.005232,148.0,6.620988,1.3,3.8
1742902733.817000,45.276828,6.571703,2625.558662,147.0,6.500153,1.3,3.8
1742902735.817000,45.276726,6.571788,2628.715531,138.1,6.786648,1.3,3.8
1742902737.817000,45.276623,6.571876,2631.157052,145.0,6.627147,1.3,3.8
1742902739.817000,45.276515,6.571953,2633.701015,148.0,6.601099,1.3,3.8
1742902741.818000,45.276415,6.572042,2637.199087,141.0,6.448225,1.3,3.8
1742902743.818000,45.276312,6.572124,2644.448667,148.6,6.566130,1.4,3.8
1742902745.818000,45.276212,6.572206,2648.592215,149.9,6.680421,1.5,3.8
1742902747.817000,45.276114,6.572288,2651.347566,149.0,6.651281,1.5,3.8
1742902749.818000,45.276012,6.572371,2654.320406,149.9,6.601616,1.6,6.2
1742902751.818000,45.275904,6.572452,2656.802459,149.9,6.524164,1.5,7.9
1742902753.818000,45.275804,6.572537,2656.829803,146.1,6.433321,1.4,9.9
1742902755.818000,45.275708,6.572628,2659.577232,146.2,6.503378,1.3,9.9
1742902757.817000,45.275605,6.572710,2662.253403,146.2,6.640870,1.3,7.9
1742902759.818000,45.275500,6.572795,2664.737169,153.3,6.447054,1.3,5.0
1742902761.818000,45.275398,6.572884,2667.639118,160.0,6.339436,1.3,3.8
1742902763.818000,45.275301,6.572966,2672.393882,150.2,6.409027,1.3,3.8
1742902765.817000,45.275201,6.573054,2676.822723,149.2,6.557793,1.3,3.8
1742902767.818000,45.275099,6.573140,2679.483381,146.4,6.658676,1.3,3.8
1742902769.816000,45.275006,6.573232,2683.253063,142.5,6.520688,1.3,3.8
1742902771.817000,45.274913,6.573312,2688.444805,147.8,6.291952,1.3,3.8
1742902773.818000,45.274811,6.573392,2697.525484,149.2,6.414990,1.5,3.8
1742902775.817000,45.274711,6.573475,2701.258051,149.0,6.629703,1.5,3.8
1742902777.818000,45.274609,6.573558,2705.273526,149.0,6.400137,1.5,3.8
1742902779.818000,45.274508,6.573643,2708.912024,148.0,6.410120,1.5,3.8
1742902781.817000,45.274413,6.573723,2714.177517,147.5,6.328147,1.5,3.8
1742902783.818000,45.274308,6.573805,2714.576032,147.9,6.366908,1.3,3.8
1742902785.817000,45.274200,6.573886,2718.498741,150.3,6.475065,1.3,3.8
1742902787.818000,45.274099,6.573968,2722.580452,151.7,6.358416,1.3,3.8
1742902789.818000,45.273997,6.574054,2727.099633,150.9,6.320063,1.3,3.8
1742902791.818000,45.273898,6.574139,2732.693307,151.2,6.262208,1.3,3.8
1742902793.818000,45.273801,6.574218,2737.959614,151.0,6.279207,1.3,3.8
1742902795.818000,45.273707,6.574298,2743.047604,151.3,6.367647,1.3,3.8
1742902797.817000,45.273613,6.574381,2747.648293,148.8,6.221776,1.3,3.8
1742902799.818000,45.273517,6.574465,2752.925950,149.0,6.180782,1.3,3.8
1742902801.817000,45.273423,6.574540,2760.797631,150.9,5.992645,1.3,3.8
1742902803.818000,45.273328,6.574622,2769.591830,148.2,6.240751,1.5,3.8
1742902805.818000,45.273236,6.574711,2775.646622,145.7,6.208685,1.5,3.8
1742902807.818000,45.273143,6.574788,2781.161352,147.4,6.339901,1.5,3.8
1742902809.818000,45.273036,6.574869,2784.152324,149.3,6.520017,1.7,3.8
1742902811.818000,45.272935,6.574954,2786.700471,148.7,6.645198,1.4,3.8
1742902813.818000,45.272832,6.575039,2786.238643,149.3,6.484083,1.3,3.8
1742902815.818000,45.272730,6.575125,2788.763182,146.5,6.565579,1.3,3.8
1742902817.818000,45.272630,6.575209,2790.561719,145.2,6.609467,1.3,3.8
1742902819.817000,45.272530,6.575293,2794.939158,146.8,6.573470,1.3,3.8
1742902821.818000,45.272427,6.575383,2797.931189,152.7,6.448186,1.3,3.8
1742902823.818000,45.272326,6.575468,2802.310750,148.0,6.559252,1.3,3.8
1742902825.818000,45.272225,6.575551,2805.111236,149.0,6.497706,1.3,3.8
1742902827.817000,45.272118,6.575636,2808.709022,149.0,6.560037,1.3,3.8
1742902829.817000,45.272016,6.575714,2813.072059,150.4,6.547953,1.3,3.8
1742902831.818000,45.271916,6.575798,2817.659490,146.9,6.486153,1.3,3.8
1742902833.817000,45.271818,6.575885,2823.963128,147.0,6.384839,1.3,3.8
1742902835.817000,45.271718,6.575965,2826.698019,148.2,6.409046,1.4,3.8
1742902837.818000,45.271617,6.576045,2834.852230,147.3,6.480351,1.5,3.8
1742902839.817000,45.271510,6.576125,2837.753707,147.6,6.429091,1.8,3.8
1742902841.818000,45.271414,6.576206,2839.930814,148.7,6.321549,1.5,3.8
1742902843.817000,45.271314,6.576287,2843.430124,153.5,6.299055,1.3,3.8
1742902845.818000,45.271215,6.576372,2847.342540,154.8,6.398512,1.3,3.8
1742902847.818000,45.271120,6.576460,2852.513694,151.0,6.431012,1.3,3.8
1742902849.818000,45.271025,6.576546,2855.940889,151.0,6.339440,1.3,3.8
1742902851.818000,45.270927,6.576627,2861.856832,144.1,6.361823,1.3,3.8
1742902853.818000,45.270828,6.576707,2865.717843,149.0,6.369250,1.3,3.8
1742902855.818000,45.270728,6.576792,2871.140618,151.0,6.429418,1.3,3.8
1742902857.817000,45.270629,6.576881,2874.431084,149.0,6.301551,1.3,3.8
1742902859.817000,45.270536,6.576969,2881.148862,147.0,6.252780,1.3,3.8
1742902861.818000,45.270438,6.577049,2887.108438,149.0,6.318906,1.3,3.8
1742902863.818000,45.270336,6.577124,2893.754167,153.0,6.437342,1.3,3.8
1742902865.817000,45.270241,6.577197,2901.468669,149.1,6.291158,1.5,3.8
1742902867.817000,45.270139,6.577278,2905.349664,149.0,6.330000,1.5,3.8
1742902869.818000,45.270039,6.577358,2906.585197,149.0,6.230000,1.3,3.8
1742902871.817000,45.269940,6.577440,2912.263878,147.0,6.239701,1.4,3.8
1742902873.818000,45.269839,6.577533,2916.677857,149.0,6.280015,1.3,3.8
1742902875.818000,45.269741,6.577614,2922.273262,149.0,6.070007,1.3,3.8
1742902877.816000,45.269641,6.577693,2928.841081,149.0,6.190112,1.3,3.8
1742902879.817000,45.269547,6.577771,2933.875647,150.0,6.089759,1.3,3.8
1742902881.818000,45.269456,6.577850,2941.198723,143.9,6.190222,1.3,3.8
1742902883.818000,45.269361,6.577932,2946.955683,149.0,5.980322,1.3,3.8
1742902885.818000,45.269267,6.578013,2952.735971,149.0,6.228538,1.3,3.8
1742902887.817000,45.269177,6.578096,2958.637858,146.6,5.978151,1.3,3.8
1742902889.817000,45.269079,6.578173,2965.474706,155.9,5.969240,1.3,3.8
1742902891.817000,45.268987,6.578256,2971.627599,151.7,6.127236,1.3,3.8
1742902893.818000,45.268899,6.578329,2982.850417,153.5,5.666896,1.3,3.8
1742902895.818000,45.268804,6.578403,2984.914302,152.7,6.308867,1.4,3.8
1742902897.818000,45.268711,6.578479,2989.094255,150.7,6.201569,1.3,3.8
1742902899.818000,45.268607,6.578567,2994.520845,142.6,6.416471,1.5,3.8
1742902901.818000,45.268505,6.578647,2998.318731,149.3,6.330360,1.3,3.8
1742902903.818000,45.268406,6.578730,3001.650829,147.8,6.346927,1.3,3.8
1742902905.818000,45.268307,6.578811,3006.608306,147.1,6.364181,1.3,3.8
1742902907.818000,45.268210,6.578903,3011.827941,115.6,5.251844,1.3,3.8
1742902909.816000,45.268143,6.579001,3017.336479,96.9,5.168084,1.3,4.8
1742902911.818000,45.268061,6.579094,3022.581801,106.4,5.409112,1.3,7.5
1742902913.818000,45.267948,6.579164,3027.876212,142.9,5.324925,1.3,9.9
1742902915.817000,45.267824,6.579210,3033.915040,164.0,5.533291,1.3,9.9
1742902917.817000,45.267716,6.579273,3037.984731,174.1,5.615761,1.3,9.9
1742902919.818000,45.267619,6.579337,3046.096690,169.3,5.585413,1.3,9.9
1742902921.817000,45.267532,6.579413,3052.168783,170.4,5.485091,1.3,9.9
1742902923.817000,45.267440,6.579494,3058.856531,159.2,5.873332,1.4,9.9
1742902925.818000,45.267347,6.579589,3065.959289,148.6,5.866097,1.5,9.9
1742902927.818000,45.267254,6.579687,3067.147280,140.6,5.962726,1.3,9.9
1742902929.818000,45.267168,6.579799,3074.437676,133.6,6.281019,1.5,9.9
1742902931.817000,45.267069,6.579881,3077.030173,140.2,6.103059,1.3,9.9
1742902933.817000,45.266964,6.579950,3083.634904,152.0,5.977616,1.3,9.9
1742902935.817000,45.266859,6.580036,3090.342473,156.4,5.977207,1.3,9.9
1742902937.816000,45.266760,6.580098,3097.048977,168.7,5.813425,1.3,9.9
1742902939.817000,45.266658,6.580140,3104.141688,170.7,6.058964,1.3,9.9
1742902941.817000,45.266561,6.580197,3107.865465,171.9,5.951094,1.3,9.9
1742902943.817000,45.266472,6.580241,3109.761823,169.8,5.328488,1.3,10.0
1742902946.816000,45.266368,6.580287,3109.117019,167.7,4.313063,1.3,11.0
1742902965.817000,45.266300,6.580377,3109.038327,201.1,0.316369,1.3,10.7
1742903010.817000,45.266390,6.580284,3111.640833,317.9,3.401758,1.3,9.9
1742903014.817000,45.266467,6.580179,3108.127675,295.0,2.790615,1.4,9.9
1742903017.816000,45.266493,6.579992,3106.501647,279.0,4.959569,1.4,9.9
1742903019.817000,45.266476,6.579825,3102.582702,275.0,5.700178,1.3,9.9
1742903021.817000,45.266450,6.579644,3099.155734,270.0,7.024932,1.3,9.9
1742903023.817000,45.266422,6.579463,3096.744226,270.0,6.438318,1.3,9.9
1742903025.816000,45.266406,6.579305,3096.224709,271.0,6.085411,1.3,9.9
1742903027.816000,45.266403,6.579147,3095.513209,281.0,6.131221,1.3,9.9
1742903029.816000,45.266420,6.578998,3095.294162,283.0,5.663737,1.3,9.9
1742903031.817000,45.266440,6.578858,3093.582845,283.0,5.372602,1.3,9.9
1742903033.816000,45.266464,6.578731,3092.674641,289.0,5.150680,1.3,9.9
1742903035.816000,45.266491,6.578600,3091.824994,286.0,5.061777,1.3,9.9
1742903037.817000,45.266507,6.578467,3094.453531,278.0,5.277327,1.3,9.9
1742903039.816000,45.266511,6.578321,3094.824368,268.0,5.705786,1.3,9.9
1742903041.816000,45.266510,6.578171,3092.477315,268.0,5.699210,1.4,9.9
1742903043.817000,45.266503,6.578038,3090.878704,269.0,5.113116,1.3,9.9
1742903046.817000,45.266485,6.577876,3090.481574,258.0,4.113640,1.7,9.9
1742903049.817000,45.266463,6.577738,3088.296797,258.0,3.373401,1.3,9.9
1742903053.817000,45.266437,6.577596,3088.670281,255.0,2.562874,1.3,9.9
1742903057.816000,45.266417,6.577470,3087.309266,258.0,3.045982,1.3,9.9
1742903061.816000,45.266386,6.577315,3085.791788,256.0,2.460780,1.3,9.9
1742903065.817000,45.266368,6.577184,3088.855453,262.0,2.527785,1.3,9.9
1742903070.817000,45.266356,6.577031,3085.957998,263.0,2.000840,1.3,6.9
1742903074.815000,45.266358,6.576885,3086.336499,266.0,2.561096,1.3,3.8
1742903078.816000,45.266344,6.576753,3083.430536,262.9,1.998270,1.3,3.9
1742903083.816000,45.266323,6.576623,3080.239971,250.1,2.165390,1.3,3.8
1742903088.817000,45.266280,6.576463,3081.030874,247.7,3.404392,1.3,3.8
1742903092.817000,45.266231,6.576322,3081.519383,242.5,2.037761,1.3,3.8
1742903096.815000,45.266190,6.576208,3079.918604,240.3,2.511371,1.3,3.9
1742903100.816000,45.266140,6.576097,3077.120101,235.9,2.239145,1.3,4.0
1742903106.816000,45.266074,6.575977,3076.207542,229.3,1.819363,1.3,4.1
1742903111.817000,45.266000,6.575871,3078.495012,221.0,2.260870,1.3,3.8
1742903118.817000,45.265917,6.575808,3078.758226,202.0,0.870974,1.3,3.8
1742903124.817000,45.265822,6.575763,3076.366197,190.0,2.287631,1.3,3.8
1742903128.817000,45.265720,6.575726,3039.989258,175.0,2.711679,2.5,3.8
1742903132.817000,45.265629,6.575711,3038.381836,195.9,2.649190,2.5,7.5
1742903135.817000,45.265543,6.575652,3038.137939,195.0,4.093719,2.5,9.9
1742903138.816000,45.265439,6.575595,3036.278564,236.7,3.249662,2.5,9.9
1742903154.816000,45.265350,6.575554,3068.848999,194.3,5.725899,1.3,10.2
1742903156.816000,45.265221,6.575521,3064.808125,190.5,7.310595,1.3,10.1
1742903158.816000,45.265061,6.575398,3058.454240,209.5,10.562279,1.3,9.9
1742903159.817000,45.264970,6.575329,3051.080879,207.5,11.051080,1.3,10.0
1742903160.817000,45.264880,6.575308,3049.222376,188.4,9.682097,1.3,10.0
1742903162.817000,45.264723,6.575310,3044.833141,178.1,8.096807,1.3,10.1
1742903164.817000,45.264608,6.575196,3042.446471,225.2,10.718753,1.3,10.3
1742903165.817000,45.264534,6.575056,3038.485675,226.0,12.780446,1.3,10.5
1742903166.817000,45.264444,6.574949,3034.572128,219.2,12.815639,1.3,10.7
1742903167.815000,45.264343,6.574862,3028.850983,213.1,13.978553,1.3,10.7
1742903168.817000,45.264234,6.574766,3021.688660,208.1,15.109823,1.3,10.7
1742903169.816000,45.264110,6.574688,3016.248982,201.1,16.607199,1.3,10.7
1742903170.817000,45.263976,6.574634,3009.424319,198.0,16.193760,1.3,10.7
1742903171.817000,45.263847,6.574585,3003.621028,195.1,15.522924,1.3,10.6
1742903172.816000,45.263739,6.574506,3001.702526,209.7,14.039599,1.3,10.5
1742903173.816000,45.263671,6.574390,2999.033412,240.9,11.449942,1.3,10.4
1742903174.817000,45.263625,6.574277,2997.630000,225.0,9.612046,1.3,10.3
1742903176.816000,45.263532,6.574169,2993.464608,266.3,6.114523,1.3,10.2
1742903178.817000,45.263569,6.574002,2991.699642,282.9,6.714618,1.3,10.0
1742903180.816000,45.263648,6.573824,2987.992439,297.9,8.070194,1.3,10.1
1742903182.817000,45.263755,6.573652,2984.790755,313.0,8.700775,1.3,10.3
1742903184.817000,45.263874,6.573478,2982.826790,308.0,10.426001,1.3,10.2
1742903185.817000,45.263920,6.573362,2979.356718,297.2,10.147243,1.3,10.2
1742903187.817000,45.263934,6.573108,2975.166228,270.0,11.346702,1.3,10.1
1742903188.816000,45.263914,6.572980,2972.016792,243.0,9.471275,1.3,10.1
1742903190.816000,45.263823,6.572843,2964.734892,209.0,7.119425,1.3,10.0
1742903192.816000,45.263705,6.572756,2962.156408,221.0,6.770852,1.3,9.9
1742903195.817000,45.263644,6.572662,2955.942834,209.2,4.805241,1.4,10.1
1742903197.816000,45.263550,6.572633,2951.402934,193.7,5.036284,2.1,10.1
1742903217.816000,45.263528,6.572618,2948.119161,-1.0,0.000000,1.3,10.7
1742903217.816000,45.263528,6.572618,2948.119161,-1.0,0.000000,1.3,10.7
1742903253.816000,45.263435,6.572602,2944.584748,180.0,3.452537,1.3,9.9
1742903257.817000,45.263336,6.572605,2943.035473,181.0,3.289219,2.0,9.9
1742903261.815000,45.263219,6.572611,2939.403883,176.0,2.984346,1.3,9.9
1742903266.815000,45.263112,6.572647,2938.963199,151.8,2.557515,1.3,9.9
1742903270.817000,45.263006,6.572702,2937.508933,125.2,3.296567,1.3,9.9
1742903274.817000,45.262926,6.572762,2937.023126,113.1,2.603832,1.3,9.9
1742903279.815000,45.262853,6.572866,2934.159202,134.3,3.387139,1.3,9.9
1742903282.816000,45.262761,6.572926,2931.813211,139.0,3.980433,1.4,9.9
1742903285.817000,45.262662,6.573022,2929.543769,134.8,4.149664,1.4,9.9
1742903288.816000,45.262600,6.573122,2927.348857,125.1,3.535244,1.5,9.9
1742903291.816000,45.262549,6.573231,2927.944176,125.0,3.145802,1.3,9.9
1742903295.816000,45.262490,6.573407,2923.595057,120.6,6.126523,1.3,9.9
1742903297.815000,45.262385,6.573524,2925.245120,146.2,7.463316,1.3,9.9
1742903299.816000,45.262262,6.573667,2919.474285,151.5,9.314390,1.3,9.9
1742903301.815000,45.262112,6.573798,2907.153335,143.0,10.086837,1.3,9.9
1742903302.816000,45.262033,6.573868,2906.346325,150.7,10.119518,1.3,9.9
1742903303.816000,45.261963,6.573948,2909.718623,123.8,10.308162,1.4,9.9
1742903304.815000,45.261906,6.574056,2909.758345,135.6,10.628668,1.3,9.9
1742903305.815000,45.261832,6.574132,2907.520415,152.3,9.380057,1.3,9.9
1742903307.815000,45.261720,6.574090,2904.623732,235.9,7.712094,1.3,9.9
1742903309.816000,45.261675,6.573909,2897.827709,252.6,7.352912,1.3,9.9
1742903311.816000,45.261606,6.573707,2885.421004,236.6,8.153913,1.5,10.0
1742903312.816000,45.261517,6.573641,2878.401088,217.7,9.221972,1.6,10.0
1742903313.816000,45.261423,6.573532,2877.450049,227.8,12.976447,1.6,10.0
1742903314.815000,45.261327,6.573397,2869.237454,227.9,14.285175,1.4,10.0
1742903315.815000,45.261207,6.573294,2862.363461,201.8,15.189630,1.4,10.0
1742903316.816000,45.261063,6.573260,2856.458008,179.7,15.995074,1.7,10.0
1742903317.816000,45.260917,6.573268,2854.756697,176.1,15.379539,1.5,9.9
1742903318.816000,45.260781,6.573256,2851.540993,195.6,14.919701,1.4,9.9
1742903319.816000,45.260656,6.573183,2845.934293,204.6,14.444549,1.3,9.9
1742903320.815000,45.260538,6.573129,2844.385279,179.7,13.272170,1.3,9.9
1742903321.816000,45.260419,6.573141,2843.274859,173.1,12.761123,1.3,9.9
1742903322.815000,45.260305,6.573136,2840.281698,192.0,13.019904,1.3,9.9
1742903323.815000,45.260193,6.573067,2837.966089,211.0,14.029852,1.3,9.9
1742903324.816000,45.260088,6.572962,2835.769690,218.0,14.119963,1.3,9.9
1742903325.816000,45.259979,6.572862,2828.306172,207.0,14.728307,1.4,9.9
1742903326.816000,45.259852,6.572802,2826.279736,193.0,15.149547,1.3,9.9
1742903327.815000,45.259719,6.572758,2821.234103,196.0,15.131653,1.3,9.9
1742903328.816000,45.259594,6.572685,2817.011230,207.0,14.740171,1.3,9.9
1742903329.816000,45.259489,6.572581,2813.609910,220.0,13.840193,1.3,9.9
1742903330.815000,45.259402,6.572464,2811.644889,224.0,12.710136,1.3,9.9
1742903331.816000,45.259319,6.572359,2812.383699,218.0,12.210032,1.3,9.9
1742903332.816000,45.259231,6.572269,2812.314200,215.0,11.850027,1.3,9.9
1742903333.815000,45.259145,6.572184,2812.340820,215.0,11.590021,1.3,9.9
1742903334.816000,45.259070,6.572089,2814.945458,227.0,10.790090,1.3,9.9
1742903335.816000,45.259019,6.571976,2810.306152,245.0,10.489768,1.3,9.9
1742903336.815000,45.258992,6.571850,2809.133789,258.0,10.189924,1.3,9.9
1742903337.816000,45.258972,6.571720,2807.411096,254.0,10.549903,1.3,9.9
1742903338.816000,45.258933,6.571596,2811.780880,238.0,10.739942,1.3,9.9
1742903339.816000,45.258870,6.571489,2808.677617,225.0,11.219880,1.4,9.9
1742903340.815000,45.258809,6.571375,2801.604529,243.0,11.749381,1.4,9.9
1742903341.815000,45.258787,6.571229,2799.524714,260.6,11.657387,1.5,9.9
1742903342.816000,45.258786,6.571072,2800.975693,265.0,12.419369,1.7,9.9
1742903343.815000,45.258743,6.570936,2797.181726,222.1,12.594356,1.4,9.9
1742903344.816000,45.258667,6.570819,2794.971836,237.0,12.429572,1.4,9.9
1742903345.816000,45.258631,6.570670,2789.461009,260.0,12.942906,1.7,9.9
1742903346.815000,45.258580,6.570541,2786.399634,219.3,12.375409,1.5,9.9
1742903347.816000,45.258493,6.570439,2781.709032,225.9,12.319275,1.4,9.9
1742903348.815000,45.258456,6.570300,2777.582106,245.6,12.002467,1.5,9.9
1742903349.816000,45.258423,6.570150,2772.736328,246.0,12.367853,1.5,9.9
1742903350.816000,45.258354,6.570035,2769.472181,210.0,12.916215,1.3,9.9
1742903351.815000,45.258258,6.569944,2764.896986,220.0,13.119551,1.3,9.9
1742903352.816000,45.258193,6.569802,2760.581699,250.0,14.202786,1.3,9.9
1742903353.816000,45.258161,6.569622,2756.401277,258.0,14.888473,1.3,9.9
1742903354.815000,45.258115,6.569444,2749.819601,242.0,15.219675,1.3,9.9
1742903355.815000,45.258034,6.569288,2747.283349,228.0,15.139844,1.3,9.9
1742903356.815000,45.257952,6.569139,2743.984623,238.0,14.400136,1.3,9.9
1742903357.816000,45.257910,6.568974,2745.876517,261.0,13.179677,1.3,9.9
1742903358.816000,45.257900,6.568813,2737.358932,266.0,12.050875,1.3,9.9
1742903359.816000,45.257884,6.568672,2736.819473,256.0,11.140453,1.3,9.9
1742903360.816000,45.257855,6.568541,2736.923731,253.0,10.500148,1.3,9.9
1742903361.816000,45.257832,6.568415,2737.183160,259.0,10.459922,1.3,9.9
1742903362.816000,45.257825,6.568277,2739.102953,272.0,11.258659,1.3,9.9
1742903363.816000,45.257827,6.568124,2738.818101,270.0,12.368680,1.3,9.9
1742903364.815000,45.257800,6.567966,2733.537217,244.0,13.317640,1.3,9.9
1742903365.816000,45.257738,6.567812,2731.715582,239.0,13.979119,1.3,9.9
1742903366.816000,45.257688,6.567648,2728.681932,254.0,14.158652,1.3,9.9
1742903367.815000,45.257655,6.567474,2726.503576,251.0,14.170058,1.3,9.9
1742903368.816000,45.257590,6.567328,2722.211390,223.0,13.818472,1.3,9.9
1742903369.816000,45.257485,6.567235,2721.774102,205.0,14.228624,1.4,9.9
1742903370.816000,45.257365,6.567174,2718.236783,196.0,14.179840,1.4,9.9
1742903371.814000,45.257262,6.567145,2716.475878,186.0,9.693550,1.4,9.9
1742903373.816000,45.257121,6.567134,2710.062494,174.0,8.748423,1.3,9.9
1742903375.816000,45.256984,6.567191,2705.234843,151.0,7.829898,1.5,9.9
1742903377.816000,45.256830,6.567217,2700.437914,186.0,9.514870,1.3,9.9
1742903379.814000,45.256705,6.567272,2695.419340,152.0,7.399815,1.3,9.9
1742903381.815000,45.256556,6.567267,2689.421483,184.0,8.210790,1.3,9.9
1742903384.816000,45.256464,6.567339,2684.355862,178.2,4.137366,1.3,9.9
1742903387.816000,45.256344,6.567286,2678.765008,159.0,7.026748,1.3,9.9
1742903389.815000,45.256263,6.567392,2673.497682,138.9,6.375180,1.4,9.9
1742903391.815000,45.256136,6.567415,2670.766597,195.7,7.272798,1.3,9.9
1742903393.816000,45.256052,6.567510,2663.049056,122.0,5.721866,1.3,9.9
1742903395.816000,45.255957,6.567526,2659.668800,222.0,4.909790,1.3,9.9
1742903400.815000,45.255854,6.567587,2655.907783,124.0,4.439093,1.4,9.9
1742903403.816000,45.255763,6.567647,2650.872307,184.0,5.968056,1.6,9.9
1742903406.815000,45.255646,6.567589,2644.337097,182.0,5.726872,1.3,9.9
1742903408.816000,45.255576,6.567672,2639.395385,118.0,4.162003,1.3,9.9
1742903411.816000,45.255462,6.567687,2633.945650,189.1,4.978948,1.3,9.9
1742903413.816000,45.255380,6.567760,2626.005092,124.0,5.789419,1.3,9.9
1742903415.815000,45.255280,6.567808,2620.785823,168.0,6.763081,1.3,9.9
1742903417.816000,45.255218,6.567908,2613.636649,96.1,3.195317,1.3,9.9
1742903420.815000,45.255101,6.567927,2609.420519,198.4,4.669491,1.3,9.9
1742903422.816000,45.255011,6.567914,2603.657512,138.0,6.787733,1.3,9.9
1742903424.816000,45.254929,6.568048,2598.285383,129.7,6.759891,1.3,9.9
1742903426.815000,45.254826,6.568041,2596.916338,203.0,5.198023,1.3,9.9
1742903429.815000,45.254732,6.568084,2590.115693,91.2,4.220099,1.4,9.9
1742903432.815000,45.254634,6.568234,2583.368578,140.8,7.247256,1.6,9.9
1742903434.815000,45.254576,6.568365,2575.523302,117.0,5.770693,1.4,9.9
1742903436.815000,45.254476,6.568418,2570.964143,186.5,5.891309,1.3,9.9
1742903438.816000,45.254359,6.568452,2562.913961,160.1,6.524313,1.3,9.9
1742903440.816000,45.254258,6.568606,2556.654957,135.3,8.038479,1.3,9.9
1742903442.816000,45.254127,6.568575,2548.756220,193.6,7.255763,1.3,9.9
1742903444.816000,45.253944,6.568582,2539.356863,157.0,12.607291,1.3,9.9
1742903445.816000,45.253825,6.568642,2535.398619,164.3,14.351034,1.3,9.9
1742903446.815000,45.253696,6.568716,2524.290704,153.6,16.089630,1.3,9.9
1742903447.816000,45.253549,6.568816,2515.592478,155.9,18.218340,1.3,9.9
1742903448.816000,45.253399,6.568907,2509.348837,156.8,17.871244,1.3,9.9
1742903449.816000,45.253236,6.568988,2500.058036,159.1,18.958511,1.3,9.9
1742903450.816000,45.253075,6.569072,2496.069786,158.2,19.020775,1.3,9.9
1742903451.815000,45.252912,6.569136,2489.190126,167.3,18.411459,1.3,9.9
1742903452.816000,45.252751,6.569160,2486.413084,175.7,17.999268,1.3,9.9
1742903453.815000,45.252596,6.569174,2485.140494,170.9,17.191441,1.3,9.9
1742903454.815000,45.252452,6.569225,2483.635774,159.2,16.133564,1.3,9.9
1742903455.816000,45.252319,6.569284,2487.357040,167.4,15.135798,1.3,9.9
1742903456.816000,45.252188,6.569304,2486.114294,178.6,14.220557,1.3,9.9
1742903457.815000,45.252062,6.569304,2484.212182,179.0,13.501494,1.4,9.9
1742903458.816000,45.251941,6.569321,2483.784213,165.3,13.177568,1.4,9.9
1742903459.816000,45.251834,6.569368,2482.648340,162.1,12.170247,1.3,9.9
1742903460.816000,45.251730,6.569406,2482.437693,164.4,12.062909,1.3,9.9
1742903461.816000,45.251629,6.569427,2480.679789,173.9,11.477114,1.6,9.9
1742903462.815000,45.251530,6.569438,2480.633757,177.9,11.216771,1.5,9.9
1742903463.816000,45.251432,6.569448,2480.041765,176.1,11.134043,1.4,9.9
1742903464.816000,45.251336,6.569464,2477.672493,176.1,10.922383,1.4,9.9
1742903466.815000,45.251163,6.569502,2476.422718,175.3,9.914653,1.3,9.9
1742903468.814000,45.251009,6.569547,2475.192924,177.6,8.862383,1.3,9.9
1742903470.815000,45.250872,6.569588,2472.097200,174.5,7.999115,1.3,9.9
1742903472.816000,45.250746,6.569643,2471.497744,176.4,7.409985,1.3,9.9
1742903474.815000,45.250637,6.569701,2469.971397,179.6,6.726951,1.3,9.9
1742903477.816000,45.250516,6.569738,2468.230735,186.4,4.641868,1.4,9.9
1742903479.816000,45.250414,6.569780,2467.593198,186.4,5.777359,1.3,9.9
1742903481.816000,45.250284,6.569849,2462.634753,172.4,7.258381,1.4,9.9
1742903483.815000,45.250152,6.569917,2461.390539,180.8,7.438990,1.3,9.9
1742903485.816000,45.250021,6.569965,2460.016864,185.0,6.928616,1.9,9.9
1742903487.816000,45.249906,6.570026,2461.960223,178.5,6.864055,1.4,9.9
1742903489.816000,45.249787,6.570060,2458.618081,179.9,6.672059,1.3,9.9
1742903491.816000,45.249662,6.570071,2455.555870,206.8,6.234566,1.5,9.9
1742903493.815000,45.249548,6.570057,2453.526365,203.9,6.576226,1.3,9.9
1742903495.816000,45.249429,6.570011,2451.171656,207.0,7.062469,1.3,9.9
1742903497.815000,45.249308,6.569951,2447.432778,195.1,6.946906,1.3,9.9
1742903499.816000,45.249172,6.569906,2444.238098,229.7,7.307028,1.3,9.9
1742903501.816000,45.249081,6.569836,2440.739533,205.3,5.145872,1.3,9.9
1742903503.816000,45.248975,6.569786,2438.161999,217.9,6.737454,1.3,9.9
1742903505.816000,45.248846,6.569694,2432.337380,195.1,8.481428,1.3,9.9
1742903507.816000,45.248675,6.569612,2430.354729,196.1,10.339915,1.3,9.9
1742903508.816000,45.248580,6.569579,2428.628698,207.8,10.901766,1.3,9.9
1742903509.816000,45.248484,6.569533,2425.549746,186.2,11.327255,1.3,9.9
1742903510.816000,45.248382,6.569529,2423.322938,175.1,10.721538,1.3,9.9
1742903511.815000,45.248288,6.569553,2420.965818,209.5,10.192207,1.3,9.9
1742903513.815000,45.248136,6.569498,2425.877054,189.3,8.547121,1.3,9.9
1742903515.816000,45.247971,6.569519,2420.539052,206.8,8.931161,1.3,9.9
1742903517.816000,45.247792,6.569508,2417.703519,169.0,10.009637,1.3,9.9
1742903519.816000,45.247633,6.569478,2412.724534,196.0,8.110691,1.5,9.9
1742903521.816000,45.247489,6.569498,2408.887895,189.0,7.690221,1.4,9.9
1742903523.816000,45.247364,6.569457,2408.903173,169.0,7.978641,1.4,9.9
1742903525.816000,45.247234,6.569423,2404.599496,216.6,6.635794,1.3,9.9
1742903527.816000,45.247117,6.569403,2401.261173,162.8,7.403542,1.3,9.9
1742903529.816000,45.247018,6.569402,2400.199855,172.7,5.080677,1.3,9.9
1742903532.816000,45.246901,6.569431,2388.750259,164.3,4.966406,1.3,9.9
1742903535.816000,45.246788,6.569446,2385.723725,163.6,2.969635,1.3,9.9
1742903538.816000,45.246702,6.569549,2390.527662,138.0,4.289285,1.3,9.9
1742903541.816000,45.246621,6.569664,2388.495851,126.4,3.864775,1.3,9.9
1742903545.815000,45.246574,6.569801,2385.084166,94.0,2.920108,1.4,9.9
1742903550.815000,45.246496,6.569909,2382.943489,150.6,1.849549,1.4,9.9
1742903556.816000,45.246403,6.569954,2385.022684,93.3,1.163480,1.3,9.9
1742903853.814000,45.246451,6.570080,2414.500244,73.6,1.400387,3.2,9.9
1742903877.815000,45.246493,6.570193,2414.500244,59.4,0.270555,3.7,9.9
1742903916.815000,45.246593,6.570166,2414.500244,333.2,1.287427,4.9,9.9
1742903933.815000,45.246686,6.570169,2414.500244,252.6,0.233965,3.7,9.9
1742903956.815000,45.246779,6.570182,2414.500244,10.2,0.792499,4.3,10.1
1742903972.815000,45.246895,6.570210,2413.140921,12.0,2.188318,5.0,9.9
1742903974.815000,45.246996,6.570234,2413.932338,9.1,4.658990,5.1,9.9
1742903976.815000,45.247147,6.570234,2417.310653,9.2,4.360696,5.5,10.1
1742903978.815000,45.247252,6.570253,2418.921945,9.0,4.510368,5.4,10.1
1742903981.815000,45.247372,6.570306,2422.902462,12.5,4.355608,4.6,9.9
1742903984.815000,45.247486,6.570336,2426.886141,359.2,4.171457,3.7,9.9
1742903987.815000,45.247605,6.570367,2429.495356,1.0,4.387446,3.8,9.9
1742903990.814000,45.247724,6.570412,2431.336408,9.4,4.556046,4.4,9.9
1742903993.815000,45.247840,6.570461,2434.662292,9.3,4.423442,4.6,9.9
1742903996.815000,45.247957,6.570490,2430.573034,9.6,4.435682,3.1,9.9
1742903999.815000,45.248077,6.570513,2440.644449,356.6,4.330960,6.2,9.9
1742904002.815000,45.248196,6.570533,2443.915574,11.0,4.339970,5.8,9.9
1742904005.815000,45.248315,6.570573,2447.659669,8.9,4.351103,5.5,9.9
1742904008.814000,45.248427,6.570609,2451.888453,7.0,4.281817,5.7,9.9
1742904011.814000,45.248538,6.570651,2455.565991,8.1,4.332356,4.9,9.9
1742904014.814000,45.248653,6.570688,2460.586107,4.3,4.193845,4.6,9.9
1742904017.815000,45.248768,6.570712,2457.643323,3.9,4.186831,5.9,9.9
1742904020.815000,45.248887,6.570742,2469.498107,5.5,4.368526,4.6,9.9
1742904023.815000,45.249008,6.570781,2473.040063,6.0,4.483451,4.5,9.9
1742904026.815000,45.249121,6.570809,2468.599606,6.2,4.499196,5.4,9.9
1742904029.814000,45.249237,6.570839,2478.101571,8.0,4.463951,6.3,9.9
1742904032.815000,45.249353,6.570877,2479.740281,11.8,4.402242,6.0,9.9
1742904035.815000,45.249473,6.570919,2482.090092,12.7,4.498317,5.4,9.9
1742904038.814000,45.249591,6.570958,2484.519327,9.8,4.399437,5.7,9.9
1742904041.813000,45.249709,6.570993,2487.468886,11.0,4.378309,5.3,9.9
1742904044.814000,45.249824,6.571030,2490.005245,10.1,4.282627,4.9,9.9
1742904047.815000,45.249941,6.571069,2493.242266,11.8,4.275529,4.4,9.9
1742904050.814000,45.250055,6.571108,2496.578751,14.6,4.267685,4.8,9.9
1742904053.815000,45.250170,6.571141,2500.831668,14.3,4.365796,4.1,9.9
1742904056.814000,45.250283,6.571168,2502.848337,13.8,4.307843,3.4,9.9
1742904059.814000,45.250394,6.571195,2509.123940,13.2,4.272684,6.0,9.9
1742904062.815000,45.250503,6.571221,2513.269973,11.1,4.185009,5.6,9.9
1742904065.815000,45.250613,6.571251,2519.061444,11.0,4.140465,5.0,9.9
1742904068.814000,45.250717,6.571282,2524.663369,11.0,4.080312,5.2,9.9
1742904071.815000,45.250822,6.571308,2530.749187,11.0,4.147565,4.9,9.9
1742904074.815000,45.250935,6.571339,2535.713723,11.0,4.075231,4.4,9.9
1742904077.815000,45.251042,6.571376,2541.011515,29.9,4.074011,3.9,9.9
1742904080.815000,45.251155,6.571401,2548.270338,13.0,4.239161,3.7,9.9
1742904083.815000,45.251278,6.571416,2550.624231,11.0,4.442824,3.6,9.9
1742904086.815000,45.251398,6.571438,2552.400096,10.0,4.580700,4.9,9.9
1742904089.814000,45.251514,6.571464,2546.361101,12.0,4.499503,5.0,9.9
1742904092.814000,45.251635,6.571496,2556.997114,9.0,4.567439,5.7,9.9
1742904095.814000,45.251762,6.571519,2558.664266,10.9,4.320751,5.0,9.9
1742904098.815000,45.251886,6.571550,2560.710999,8.9,4.212029,5.2,9.9
1742904101.815000,45.252005,6.571582,2562.091018,11.5,4.593642,4.9,9.9
1742904104.814000,45.252123,6.571608,2562.163253,8.1,4.596845,4.7,9.9
1742904107.815000,45.252241,6.571632,2561.925605,7.0,4.505038,3.7,9.9
1742904110.815000,45.252359,6.571657,2562.708060,6.0,4.470341,3.7,9.9
1742904113.813000,45.252478,6.571690,2562.809158,8.8,4.502779,3.6,9.9
1742904116.815000,45.252597,6.571722,2563.598946,8.0,4.461679,5.1,9.9
1742904119.814000,45.252717,6.571754,2564.268602,10.7,4.456826,6.3,9.9
1742904122.814000,45.252836,6.571787,2565.824206,9.1,4.530681,5.7,9.9
1742904125.815000,45.252955,6.571814,2567.320270,8.1,4.393021,5.0,9.9
1742904128.815000,45.253073,6.571844,2569.578905,11.0,4.520293,5.6,9.9
1742904131.815000,45.253190,6.571870,2571.973821,11.0,4.509967,5.2,9.9
1742904134.815000,45.253306,6.571907,2573.975089,9.0,4.391310,4.6,9.9
1742904137.815000,45.253420,6.571939,2575.278113,10.0,4.539761,3.7,9.9
1742904140.815000,45.253534,6.571968,2574.103058,9.0,4.499301,3.7,9.9
1742904143.814000,45.253652,6.572000,2572.951632,9.0,4.480585,4.3,9.9
1742904146.815000,45.253772,6.572032,2572.139401,9.0,4.588635,4.2,9.9
1742904149.814000,45.253894,6.572063,2571.035254,9.0,4.490201,4.5,9.9
1742904152.814000,45.254016,6.572097,2570.964513,9.0,4.609892,6.1,9.9
1742904155.815000,45.254132,6.572130,2571.061567,10.0,4.499252,5.7,9.9
1742904158.815000,45.254252,6.572161,2571.233741,9.0,4.529432,5.3,9.9
1742904161.815000,45.254371,6.572190,2571.685675,9.0,4.499885,5.2,9.9
1742904164.814000,45.254491,6.572221,2572.016881,9.0,4.450296,4.5,9.9
1742904167.815000,45.254614,6.572252,2572.873891,10.0,4.450760,4.3,9.9
1742904170.815000,45.254734,6.572283,2574.003911,9.0,4.261720,4.2,9.9
1742904173.815000,45.254851,6.572310,2578.193342,9.0,4.281047,4.4,9.9
1742904176.814000,45.254967,6.572340,2582.327793,9.0,4.329431,4.2,9.9
1742904179.814000,45.255084,6.572373,2587.083341,10.0,4.150329,4.5,9.9
1742904182.814000,45.255198,6.572405,2592.921484,10.0,4.249714,6.0,9.9
1742904185.814000,45.255310,6.572432,2598.247975,9.0,4.199792,5.7,9.9
1742904188.815000,45.255423,6.572462,2603.172888,10.0,4.229811,5.0,9.9
1742904191.815000,45.255532,6.572490,2609.189100,9.0,4.208777,5.3,9.9
1742904194.815000,45.255639,6.572508,2616.029428,358.0,3.939698,4.9,9.9
1742904197.814000,45.255747,6.572535,2622.348326,8.0,3.970185,4.4,9.9
1742904200.815000,45.255849,6.572584,2628.583563,17.0,3.969615,3.9,9.9
1742904203.814000,45.255954,6.572607,2636.264391,5.0,3.780928,4.4,9.9
1742904206.814000,45.256057,6.572638,2643.721718,6.0,3.871074,3.6,9.9
1742904209.815000,45.256161,6.572669,2651.507893,8.0,3.780980,4.9,9.9
1742904212.814000,45.256262,6.572703,2659.347758,11.0,3.889975,6.1,9.9
1742904215.814000,45.256363,6.572726,2667.145600,9.0,3.819381,5.7,9.9
1742904218.815000,45.256465,6.572748,2675.227234,9.0,3.700505,5.0,9.9
1742904221.815000,45.256565,6.572775,2683.538122,8.0,3.868800,5.3,9.9
1742904224.814000,45.256662,6.572804,2691.707732,9.0,3.689516,5.0,9.9
1742904227.815000,45.256757,6.572832,2700.654465,4.0,3.539755,4.4,9.9
1742904230.814000,45.256847,6.572858,2708.760541,6.0,3.509472,3.9,9.9
1742904233.815000,45.256937,6.572887,2718.811526,7.0,3.351078,3.7,9.9
1742904236.815000,45.257028,6.572916,2728.803363,8.0,3.539437,3.6,9.9
1742904239.814000,45.257118,6.572947,2738.125748,16.0,3.448888,4.9,9.9
1742904243.814000,45.257238,6.572974,2751.004963,10.0,3.240115,6.1,9.9
1742904246.815000,45.257333,6.572997,2761.328823,13.0,3.409119,5.7,9.9
1742904249.814000,45.257424,6.573020,2770.956608,9.0,3.344505,5.0,9.9
1742904252.813000,45.257524,6.573042,2781.099932,10.0,3.040139,5.3,9.9
1742904256.814000,45.257643,6.573069,2794.676272,10.0,3.189036,4.6,9.9
1742904259.815000,45.257733,6.573090,2804.665811,10.0,3.849896,4.4,9.9
1742904262.814000,45.257840,6.573113,2812.514569,9.7,3.727814,4.1,9.9
1742904265.814000,45.257942,6.573136,2819.844253,10.5,3.710401,4.4,9.9
1742904268.815000,45.258052,6.573159,2826.076511,9.0,4.125430,4.2,9.9
1742904271.813000,45.258172,6.573183,2829.755538,10.0,5.080475,5.0,9.9
1742904274.814000,45.258293,6.573202,2834.295143,11.2,4.484459,6.1,9.9
1742904277.813000,45.258406,6.573234,2838.318229,10.0,4.179909,5.8,9.9
1742904280.814000,45.258521,6.573264,2842.550660,7.7,4.100275,5.3,9.9
1742904283.815000,45.258634,6.573299,2847.187445,9.5,4.121509,5.3,9.9
1742904286.814000,45.258746,6.573340,2851.779751,10.9,4.319805,5.0,9.9
1742904289.815000,45.258854,6.573372,2856.567313,9.5,4.416487,4.4,9.9
1742904292.814000,45.258971,6.573408,2859.298935,14.7,4.421333,4.2,9.9
1742904295.815000,45.259090,6.573446,2861.321644,10.2,4.400979,4.4,9.9
1742904298.813000,45.259209,6.573477,2864.492826,9.1,4.295999,4.3,9.9
1742904301.814000,45.259326,6.573507,2865.143952,7.7,4.462779,5.0,9.9
1742904304.814000,45.259441,6.573554,2869.447744,17.2,4.433458,6.1,9.9
1742904307.814000,45.259556,6.573601,2872.503250,18.6,4.380813,5.8,9.9
1742904310.815000,45.259673,6.573633,2875.291225,17.9,4.299493,5.1,9.9
1742904313.815000,45.259788,6.573666,2878.453433,19.5,4.285857,5.3,9.9
1742904316.815000,45.259907,6.573683,2882.108110,12.9,4.390190,5.0,9.9
1742904319.814000,45.260030,6.573708,2883.404052,12.9,4.525463,4.5,9.9
1742904322.815000,45.260151,6.573745,2884.822287,15.8,4.477752,3.9,9.9
1742904325.814000,45.260270,6.573789,2886.411893,19.0,4.459722,3.7,9.9
1742904328.813000,45.260383,6.573841,2888.098945,29.0,4.349455,3.7,9.9
1742904331.814000,45.260496,6.573880,2889.705598,28.7,4.257737,4.9,9.9
1742904334.813000,45.260608,6.573917,2892.200793,31.1,4.222312,6.3,9.9
1742904337.813000,45.260722,6.573952,2894.128261,30.8,4.243971,5.8,9.9
1742904340.814000,45.260840,6.573983,2896.878733,29.6,4.321640,5.1,9.9
1742904342.814000,45.260930,6.573991,2898.074358,28.0,4.698395,5.8,9.9
1742904345.814000,45.261055,6.574000,2900.631182,14.0,3.933292,5.3,9.9
1742904348.813000,45.261171,6.574003,2906.636662,10.6,4.465604,4.9,9.9
1742904351.813000,45.261286,6.574037,2912.317057,11.0,4.171604,3.6,9.9
1742904354.814000,45.261392,6.574063,2918.795549,9.1,4.042427,3.8,9.9
1742904357.814000,45.261495,6.574087,2924.417163,8.2,4.055839,4.4,9.9
1742904360.813000,45.261598,6.574121,2931.310907,12.0,4.030360,4.3,7.9
1742904363.814000,45.261708,6.574148,2937.081492,11.0,4.229364,5.0,3.8
1742904366.814000,45.261815,6.574174,2944.173034,9.1,4.018885,6.2,3.8
1742904369.814000,45.261920,6.574197,2950.183131,7.1,3.980396,5.8,3.8
1742904372.813000,45.262026,6.574224,2957.902375,11.0,3.905715,5.4,3.8
1742904375.813000,45.262134,6.574249,2965.010222,10.9,3.956691,5.4,3.8
1742904378.814000,45.262239,6.574286,2971.796474,14.0,3.910946,4.8,3.8
1742904381.813000,45.262350,6.574311,2978.836922,12.4,4.092075,4.4,3.8
1742904384.813000,45.262468,6.574339,2984.400580,9.1,4.267264,4.2,3.8
1742904387.814000,45.262583,6.574376,2988.522685,16.6,4.338583,4.5,3.8
1742904390.813000,45.262701,6.574408,2992.617889,10.3,4.322127,4.3,3.8
1742904393.813000,45.262819,6.574433,2996.141337,7.2,4.411821,5.0,3.8
1742904396.813000,45.262934,6.574458,3001.050661,5.0,4.235005,6.2,3.8
1742904399.813000,45.263048,6.574474,3005.213130,347.7,4.229918,5.9,3.8
1742904402.814000,45.263162,6.574498,3010.239951,357.9,4.159095,5.1,3.8
1742904405.814000,45.263274,6.574535,3014.979909,0.0,4.171768,5.4,3.8
1742904408.813000,45.263384,6.574573,3019.846510,6.9,4.269663,5.1,3.8
1742904411.814000,45.263495,6.574611,3025.609744,6.0,4.240792,4.5,3.8
1742904414.813000,45.263607,6.574639,3030.369130,5.0,4.109608,4.0,3.8
1742904417.814000,45.263714,6.574668,3035.911472,4.0,3.991860,3.7,3.8
1742904420.813000,45.263823,6.574690,3040.545847,4.0,4.249330,3.7,3.8
1742904423.813000,45.263938,6.574715,3043.991032,5.0,4.468224,5.0,7.6
1742904426.813000,45.264053,6.574744,3047.944859,5.0,4.368453,6.3,10.0
1742904429.814000,45.264170,6.574789,3051.140981,10.0,4.261226,5.9,8.7
1742904432.813000,45.264282,6.574831,3054.854998,10.0,4.290662,5.2,5.8
1742904435.814000,45.264399,6.574859,3059.908927,9.0,4.310666,5.4,3.8
1742904438.813000,45.264512,6.574888,3063.870756,8.0,4.132100,5.1,3.8
1742904458.813000,45.264586,6.574910,3068.801192,-1.0,0.000000,6.3,3.8
1742904458.813000,45.264586,6.574910,3068.801192,-1.0,0.000000,6.3,3.8
1742904489.812000,45.264603,6.574886,3069.071819,12.0,0.488032,6.0,3.8
1742904497.813000,45.264691,6.574916,3072.058363,11.0,1.520483,5.5,3.8
1742904504.814000,45.264780,6.574951,3075.553815,13.0,1.948290,3.6,3.8
1742904509.813000,45.264884,6.574985,3078.873916,8.0,2.599531,4.5,3.8
1742904513.813000,45.264992,6.575014,3083.141810,8.0,3.169327,4.4,5.0
1742904516.812000,45.265086,6.575046,3086.625182,10.0,3.728638,4.7,4.8
1742904519.814000,45.265189,6.575070,3090.636459,6.0,4.006802,6.3,3.8
1742904522.814000,45.265309,6.575109,3095.388150,14.0,4.170448,5.9,3.8
1742904525.814000,45.265426,6.575140,3096.979241,11.0,4.550709,5.5,3.8
1742904528.814000,45.265542,6.575172,3098.827219,11.0,4.607750,5.4,3.8
1742904531.813000,45.265660,6.575202,3101.478467,9.0,4.478174,5.1,3.8
1742904534.814000,45.265777,6.575237,3104.553683,8.0,4.429262,4.5,3.8
1742904537.812000,45.265897,6.575270,3107.074906,7.0,4.341683,4.3,3.8
1742904540.814000,45.266019,6.575297,3109.402173,5.0,4.592037,4.6,3.8
1742904545.852000,45.266211,6.575333,3109.608990,6.1,4.417283,4.5,66.5
1742904550.814000,45.266069,6.575299,3109.291711,39.0,0.897792,5.0,44.0
1742904557.814000,45.266132,6.575418,3110.239318,65.4,0.878169,5.2,13.4
1742904560.813000,45.266171,6.575566,3108.461748,50.2,3.121412,5.9,8.6
1742904563.814000,45.266235,6.575670,3110.082299,49.0,2.210108,5.4,5.2
1742904567.813000,45.266280,6.575787,3107.785177,30.2,2.355053,4.6,3.8
1742904587.814000,45.266344,6.575859,3107.190143,48.0,0.000000,6.0,3.8
1742904587.814000,45.266344,6.575859,3107.190143,48.0,0.000000,6.0,3.8
1742904597.814000,45.266342,6.575895,3107.295252,80.0,1.500969,4.8,3.8
1742904602.814000,45.266345,6.576054,3106.047415,84.5,2.544704,3.9,3.8
1742904606.814000,45.266356,6.576212,3106.016754,82.0,3.765584,3.8,3.8
1742904609.813000,45.266401,6.576378,3103.800687,68.4,4.776155,5.4,3.8
1742904611.814000,45.266453,6.576509,3102.196738,76.7,5.582530,4.7,3.8
1742904613.814000,45.266488,6.576662,3100.834993,74.5,6.337776,6.5,6.2
1742904615.813000,45.266530,6.576821,3098.126802,65.4,6.511854,6.1,7.9
1742904617.814000,45.266554,6.576968,3096.153032,63.2,5.331453,6.0,9.9
1742904619.814000,45.266615,6.577100,3093.904891,58.1,6.201077,5.3,9.9
1742904621.814000,45.266676,6.577243,3090.815962,53.6,6.326632,5.9,9.9
1742904623.814000,45.266753,6.577388,3087.908482,54.9,6.919225,5.5,9.9
1742904625.814000,45.266859,6.577524,3083.416426,42.2,7.745100,5.2,9.9
1742904627.813000,45.266980,6.577681,3079.370087,42.1,8.833374,4.8,9.9
1742904629.814000,45.267122,6.577851,3074.784275,42.0,10.086289,4.7,9.9
1742904630.814000,45.267195,6.577950,3071.961420,43.1,10.542712,3.9,9.9
1742904631.814000,45.267272,6.578030,3069.490972,37.7,10.154305,4.1,9.9
1742904634.814000,45.267368,6.578011,3067.979520,266.0,2.449827,3.9,9.9
1742904639.814000,45.267356,6.577880,3065.147320,259.0,4.034218,5.5,9.9
1742904641.813000,45.267332,6.577743,3062.822268,259.9,6.358778,4.8,9.9
1742904643.812000,45.267303,6.577527,3058.387717,249.1,9.130997,6.6,9.9
1742904644.814000,45.267283,6.577400,3056.325013,258.8,10.015774,6.1,9.9
1742904645.814000,45.267264,6.577268,3053.013025,248.4,10.037495,6.1,9.9
1742904646.814000,45.267245,6.577127,3050.288700,259.5,10.983910,6.1,10.0
1742904647.814000,45.267250,6.576944,3046.151100,266.6,12.963556,6.1,10.0
1742904648.813000,45.267249,6.576769,3044.295398,268.6,13.533038,6.1,10.0
1742904649.814000,45.267258,6.576592,3035.981959,275.7,13.969448,5.3,10.0
1742904650.814000,45.267260,6.576422,3034.690616,267.3,12.586214,5.4,9.0
1742904652.814000,45.267253,6.576251,3034.523743,273.9,4.234851,6.0,6.2
1742904667.234000,45.267223,6.575794,2966.211914,260.0,1.300877,6.5,6.9
1742904672.813000,45.267296,6.575715,2968.224365,280.0,4.028379,1.7,4.5
1742904675.813000,45.267310,6.575564,2964.840359,272.9,4.839052,1.6,3.8
1742904678.813000,45.267336,6.575361,2964.250402,286.9,7.027666,1.6,4.6
1742904680.814000,45.267349,6.575173,2961.414568,268.2,7.229789,1.5,4.8
1742904682.814000,45.267360,6.574969,2959.051084,276.9,8.281426,1.5,3.8
1742904684.814000,45.267422,6.574784,2956.564401,294.4,7.580703,1.5,3.8
1742904687.814000,45.267536,6.574805,2954.427407,357.1,4.258721,1.5,3.8
1742904689.814000,45.267591,6.574976,2950.724324,56.5,5.991233,1.4,3.8
1742904691.814000,45.267648,6.575207,2945.396521,69.5,8.491198,1.4,3.8
1742904693.813000,45.267709,6.575442,2941.253927,76.4,9.193255,1.4,3.8
1742904695.813000,45.267788,6.575630,2937.274172,93.9,8.166431,1.4,3.8
1742904697.813000,45.267855,6.575759,2934.810090,38.9,5.004306,1.4,3.8
1742904713.813000,45.267954,6.575661,2928.846525,334.4,5.586999,1.3,3.1
1742904715.812000,45.268112,6.575558,2924.393112,327.1,9.231448,1.3,3.3
1742904717.813000,45.268219,6.575344,2916.652863,302.3,11.226987,1.3,3.6
1742904718.813000,45.268304,6.575244,2913.197045,321.4,12.132088,1.3,3.8
1742904719.813000,45.268388,6.575153,2908.631164,320.0,11.835718,1.3,3.8
1742904720.813000,45.268454,6.575037,2906.732678,299.4,11.919514,1.3,3.8
1742904721.813000,45.268524,6.574928,2905.657451,318.0,11.339977,1.3,3.8
1742904722.812000,45.268621,6.574878,2902.414958,349.0,12.158870,1.3,3.8
1742904723.813000,45.268714,6.574804,2900.116671,326.0,12.198422,1.3,3.8
1742904724.813000,45.268765,6.574664,2898.882850,289.1,13.651817,1.3,3.8
1742904725.813000,45.268805,6.574512,2895.482125,292.0,13.280177,1.3,3.8
1742904726.813000,45.268896,6.574414,2890.542415,333.0,14.047645,1.3,3.8
1742904727.813000,45.268998,6.574332,2886.649023,329.1,12.518741,1.3,3.8
1742904728.812000,45.269078,6.574211,2885.041541,304.3,14.075764,1.3,3.8
1742904729.813000,45.269129,6.574053,2880.602789,282.0,14.707399,1.3,4.8
1742904730.813000,45.269184,6.573906,2877.374932,315.9,13.605714,1.3,6.2
1742904731.813000,45.269274,6.573783,2873.299517,305.1,13.894963,1.3,6.9
1742904732.812000,45.269354,6.573635,2870.180514,305.0,14.309082,1.3,7.9
1742904733.813000,45.269394,6.573470,2864.317934,272.0,14.068895,1.3,9.9
1742904734.813000,45.269379,6.573304,2862.744620,254.0,12.322096,1.3,9.9
1742904735.813000,45.269368,6.573160,2861.629696,272.9,11.372469,1.3,9.9
1742904737.813000,45.269388,6.572928,2857.769119,255.2,8.485273,1.3,9.9
1742904739.812000,45.269324,6.572803,2854.661902,228.0,5.709769,1.3,9.9
1742904741.813000,45.269245,6.572641,2850.734721,233.0,7.879988,1.3,9.9
1742904743.812000,45.269199,6.572488,2846.663701,252.9,6.964600,1.3,9.9
1742904745.813000,45.269232,6.572285,2840.601892,255.0,5.430899,1.3,9.9
1742904747.813000,45.269198,6.572160,2835.148342,255.0,7.047294,1.3,9.9
1742904749.812000,45.269252,6.572038,2831.608850,341.9,4.471392,1.3,9.9
1742904752.812000,45.269302,6.571880,2824.498511,248.0,5.290313,1.3,9.9
1742904755.813000,45.269340,6.571732,2820.814438,5.5,2.688894,1.3,10.0
1742904761.811000,45.269446,6.571600,2817.986470,322.8,6.716429,1.3,9.9
1742904763.813000,45.269581,6.571529,2812.426362,336.9,9.889412,1.3,10.0
1742904765.813000,45.269743,6.571426,2803.211150,341.0,10.905053,1.3,10.0
1742904766.813000,45.269832,6.571379,2799.342997,335.2,11.209487,1.3,10.1
1742904768.812000,45.270000,6.571305,2790.863236,354.7,10.310259,1.3,10.1
1742904769.812000,45.270090,6.571267,2787.452788,330.2,11.009351,1.3,10.1
1742904771.812000,45.270271,6.571228,2777.601622,340.2,11.579050,1.3,10.1
1742904772.813000,45.270365,6.571206,2775.638402,7.8,10.213117,1.3,9.9
1742904773.813000,45.270458,6.571238,2769.737290,14.0,11.673838,1.3,9.9
1742904775.813000,45.270637,6.571163,2760.457397,341.0,11.259960,1.3,9.9
1742904777.813000,45.270804,6.571258,2754.418584,41.9,9.853238,1.3,9.9
1742904779.813000,45.270958,6.571355,2748.715613,358.0,10.089239,1.3,9.9
1742904781.812000,45.271114,6.571462,2743.571388,54.0,10.848067,1.3,9.9
1742904782.813000,45.271168,6.571580,2740.956354,52.0,11.169586,1.3,9.9
1742904783.813000,45.271244,6.571654,2737.837727,17.0,11.077148,1.3,9.9
1742904784.811000,45.271345,6.571673,2735.401673,4.0,11.449613,1.3,9.9
1742904785.812000,45.271439,6.571713,2732.257235,29.0,11.429250,1.3,9.9
1742904786.813000,45.271500,6.571810,2730.570130,60.9,10.235984,1.3,9.9
1742904788.813000,45.271560,6.572025,2726.661061,37.0,8.699528,1.3,9.9
1742904790.813000,45.271696,6.572073,2722.488650,353.0,5.723178,1.3,9.9
1742904792.813000,45.271810,6.572131,2719.150925,43.8,8.011385,1.3,9.9
1742904793.813000,45.271865,6.572243,2714.914717,57.9,12.455280,1.3,9.9
1742904794.813000,45.271951,6.572353,2710.586326,27.0,13.277845,1.3,9.9
1742904795.812000,45.272074,6.572396,2705.857817,8.0,14.327710,1.3,9.9
1742904796.812000,45.272202,6.572422,2701.656942,14.0,14.091680,1.3,9.9
1742904797.812000,45.272307,6.572516,2700.669160,39.7,14.576365,1.3,9.9
1742904798.811000,45.272398,6.572640,2695.939457,37.1,13.203526,1.3,9.9
1742904799.813000,45.272504,6.572731,2691.651528,23.1,14.952091,1.3,9.9
1742904800.813000,45.272631,6.572766,2691.391067,355.0,14.659205,1.3,9.9
1742904801.812000,45.272758,6.572739,2688.045595,345.0,14.639849,1.3,9.9
1742904802.813000,45.272881,6.572752,2684.581855,16.0,14.029045,1.3,9.9
1742904803.812000,45.272986,6.572850,2681.194100,40.0,13.569922,1.3,9.9
1742904804.813000,45.273072,6.572968,2677.411932,41.0,12.780454,1.3,9.9
1742904805.813000,45.273173,6.573019,2673.569706,2.1,12.988199,1.3,9.9
1742904806.813000,45.273289,6.572995,2671.080185,351.2,12.290061,1.3,9.9
1742904807.812000,45.273396,6.572979,2668.261639,1.9,11.951929,1.3,9.9
1742904809.812000,45.273523,6.573080,2662.914617,41.9,6.854136,1.3,9.9
1742904811.812000,45.273633,6.573090,2659.725667,324.4,7.809134,1.3,9.9
1742904813.813000,45.273774,6.573048,2654.646287,12.5,7.771178,1.3,9.9
1742904815.812000,45.273925,6.573141,2647.214404,358.0,9.497447,1.3,9.9
1742904817.812000,45.274039,6.573084,2642.994074,341.0,8.006033,1.3,9.9
1742904819.813000,45.274163,6.573128,2636.611218,31.9,5.227048,1.3,9.9
1742904821.812000,45.274288,6.573195,2633.838543,14.0,10.156547,1.3,9.9
1742904822.812000,45.274394,6.573222,2629.656359,10.0,12.497283,1.3,9.9
1742904823.812000,45.274517,6.573249,2626.011265,9.0,14.568218,1.3,9.9
1742904824.812000,45.274658,6.573278,2618.134960,9.0,16.487032,1.3,9.9
1742904825.813000,45.274810,6.573308,2610.376107,6.0,17.019186,1.3,9.9
1742904826.813000,45.274965,6.573316,2605.107651,359.0,16.830040,1.3,9.9
1742904827.813000,45.275113,6.573304,2603.081619,354.0,15.580276,1.3,9.9
1742904828.812000,45.275248,6.573280,2600.227887,350.0,14.610581,1.3,9.9
1742904829.813000,45.275370,6.573247,2599.298429,348.0,13.392684,1.3,9.9
1742904830.811000,45.275482,6.573208,2598.921286,344.0,12.660988,1.3,9.9
1742904831.813000,45.275590,6.573166,2598.522106,343.0,12.290094,1.3,9.9
1742904832.813000,45.275694,6.573113,2598.204241,338.0,11.900095,1.3,9.9
1742904833.813000,45.275790,6.573052,2595.959160,332.0,11.720036,1.3,9.9
1742904834.813000,45.275885,6.572979,2594.667400,333.0,11.964708,1.3,9.9
1742904835.812000,45.275980,6.572903,2594.095650,335.0,12.213705,1.3,9.9
1742904836.812000,45.276080,6.572828,2590.381943,339.9,12.558842,1.3,9.9
1742904837.812000,45.276186,6.572758,2590.004687,335.1,12.689566,1.3,9.9
1742904838.813000,45.276289,6.572688,2586.666756,341.9,12.332425,1.3,9.9
1742904839.813000,45.276390,6.572627,2584.781984,343.0,11.976781,1.3,9.9
1742904840.812000,45.276490,6.572572,2583.883901,341.0,11.921500,1.3,9.9
1742904841.812000,45.276591,6.572522,2582.811991,344.0,11.860107,1.3,9.9
1742904842.812000,45.276692,6.572488,2581.754362,351.9,11.552640,1.3,9.9
1742904843.812000,45.276791,6.572470,2580.154644,357.9,11.323105,1.3,9.9
1742904844.813000,45.276888,6.572468,2578.822114,5.9,10.701824,1.3,9.9
1742904845.813000,45.276980,6.572480,2578.199064,12.9,10.161356,1.3,9.9
1742904847.813000,45.277147,6.572530,2578.165555,12.1,9.600825,1.3,9.9
1742904849.813000,45.277315,6.572544,2577.324366,17.9,9.273982,1.3,9.9
1742904851.813000,45.277468,6.572593,2575.455051,28.0,9.077669,1.3,9.9
1742904853.811000,45.277620,6.572697,2571.083478,18.2,9.448918,1.3,9.9
1742904855.812000,45.277784,6.572735,2568.506704,54.5,9.104539,1.3,9.9
1742904857.811000,45.277856,6.572813,2566.950247,27.6,4.019842,1.3,9.9
1742904863.813000,45.277946,6.572797,2565.093885,315.1,0.264418,1.4,9.9
1742904877.813000,45.278041,6.572808,2563.171934,15.0,5.729741,1.4,9.9
1742904879.813000,45.278164,6.572878,2559.536301,24.0,9.569766,1.4,9.9
1742904880.812000,45.278252,6.572921,2557.614329,12.0,11.019777,1.4,9.9
1742904881.812000,45.278356,6.572930,2553.815394,359.0,11.839809,1.4,9.9
1742904882.813000,45.278467,6.572911,2550.062586,348.0,13.009837,1.4,9.9
1742904883.813000,45.278579,6.572865,2547.507913,341.1,13.135772,1.4,9.9
1742904884.813000,45.278688,6.572792,2543.200195,336.1,13.570009,1.5,9.9
1742904885.812000,45.278793,6.572698,2543.200195,327.2,13.899978,1.5,9.9
1742904886.812000,45.278906,6.572611,2537.776429,336.8,14.236356,1.5,9.9
1742904887.812000,45.279021,6.572528,2531.338651,328.2,14.530708,1.5,9.9
1742904888.813000,45.279122,6.572410,2527.037443,320.2,14.957561,1.5,9.9
1742904889.812000,45.279237,6.572307,2525.050295,340.0,15.749798,1.5,9.9
1742904890.813000,45.279378,6.572254,2520.445841,348.0,16.468210,1.5,9.9
1742904891.812000,45.279521,6.572186,2517.338719,334.0,17.197350,1.5,9.9
1742904892.813000,45.279665,6.572098,2513.786363,340.0,17.139473,1.5,9.9
1742904893.813000,45.279808,6.572014,2509.608763,331.0,17.679926,1.5,9.9
1742904894.812000,45.279940,6.571888,2504.050468,321.0,17.340584,1.5,9.9
1742904895.813000,45.280048,6.571734,2499.482671,310.1,16.989313,1.6,9.9
1742904896.813000,45.280138,6.571571,2497.860615,306.0,15.604618,1.6,9.9
1742904897.813000,45.280205,6.571415,2497.860615,296.0,14.152861,1.6,9.9
1742904898.813000,45.280259,6.571259,2498.578065,296.0,13.778566,1.6,9.9
1742904899.814000,45.280303,6.571110,2497.381325,291.0,12.081017,1.6,9.9
1742904900.813000,45.280338,6.570974,2497.438780,292.0,11.150111,1.6,9.9
1742904901.813000,45.280374,6.570849,2497.496236,292.0,10.200095,1.6,9.9
1742904902.814000,45.280409,6.570731,2496.850229,292.0,9.840061,1.7,9.9
1742904904.814000,45.280465,6.570510,2499.249180,290.0,9.020017,1.6,9.9
1742904906.813000,45.280524,6.570286,2497.670649,288.0,9.360011,1.6,9.9
1742904908.813000,45.280577,6.570072,2495.306449,289.0,8.790407,1.7,9.9
1742904910.814000,45.280620,6.569862,2494.101128,282.0,8.630520,1.7,9.9
1742904912.813000,45.280666,6.569654,2494.174290,278.0,8.756295,1.7,9.9
1742904914.814000,45.280712,6.569438,2491.663497,277.9,8.709970,1.7,9.9
1742904916.814000,45.280775,6.569223,2489.311714,283.0,8.837975,1.7,9.9
1742904918.813000,45.280852,6.569016,2487.706179,293.9,8.860810,1.7,9.9
1742904920.813000,45.280930,6.568820,2485.716761,290.1,8.738091,1.8,9.9
1742904922.813000,45.281002,6.568632,2484.604902,286.1,8.241749,1.8,9.9
1742904924.814000,45.281062,6.568458,2484.604902,293.4,7.501698,1.8,9.9
1742904926.814000,45.281111,6.568302,2485.483748,286.2,6.653696,1.8,9.9
1742904929.814000,45.281106,6.568112,2485.096890,236.1,4.838317,1.8,9.9
1742904931.813000,45.281111,6.567979,2484.497518,257.3,4.824705,1.8,9.9
1742904933.814000,45.281108,6.567843,2483.265734,245.3,5.179904,1.8,9.9
1742904936.814000,45.281055,6.567711,2482.032518,175.4,3.018837,1.9,9.9
1742904946.813000,45.280988,6.567617,2479.012425,225.1,2.187868,2.0,9.9
1742904948.814000,45.280915,6.567495,2476.756483,217.1,5.626423,2.0,9.9
1742904950.814000,45.280764,6.567389,2473.006485,205.0,8.498301,2.0,9.9
1742904951.814000,45.280680,6.567328,2469.058384,208.1,9.427280,2.0,10.0
1742904952.814000,45.280592,6.567264,2467.921973,208.0,9.806482,2.0,10.1
1742904953.814000,45.280483,6.567214,2464.062061,198.8,11.481586,2.0,10.1
1742904954.814000,45.280371,6.567195,2458.833351,186.5,12.170321,2.0,10.1
1742904955.814000,45.280267,6.567133,2456.034385,204.9,12.561997,2.0,10.1
1742904956.814000,45.280184,6.567035,2453.621758,209.8,12.282654,2.0,10.2
1742904957.814000,45.280086,6.566956,2449.526463,208.8,12.373816,2.0,10.3
1742904958.814000,45.279995,6.566881,2446.955838,208.4,11.921594,2.0,10.5
1742904959.814000,45.279900,6.566755,2445.201506,217.1,12.969217,2.0,10.6
1742904960.814000,45.279843,6.566608,2440.225301,227.8,12.548784,2.0,10.5
1742904961.814000,45.279809,6.566435,2435.622718,237.7,12.787601,2.1,10.6
1742904962.813000,45.279828,6.566237,2433.375923,249.5,12.836630,1.5,10.6
1742904963.814000,45.279906,6.565999,2428.036970,275.1,14.867884,1.5,10.6
1742904964.814000,45.279992,6.565780,2423.754300,285.7,15.699821,1.5,10.5
1742904965.813000,45.280083,6.565592,2418.971290,294.3,15.510475,1.4,10.6
1742904966.814000,45.280157,6.565410,2413.392075,295.8,15.434288,1.5,10.6
1742904967.813000,45.280205,6.565209,2410.976748,291.9,15.840361,1.5,10.4
1742904968.814000,45.280200,6.565026,2403.366868,264.8,13.090195,1.5,10.3
1742904969.814000,45.280166,6.564859,2401.578550,248.4,13.296762,1.5,10.3
1742904970.813000,45.280133,6.564689,2398.486420,251.7,13.169216,1.5,10.0
1742904971.813000,45.280125,6.564512,2393.154164,256.7,13.348198,1.4,10.1
1742904972.814000,45.280099,6.564322,2385.546199,257.2,14.022390,1.4,10.1
1742904973.814000,45.280076,6.564124,2380.110330,257.5,14.655688,1.4,10.2
1742904974.813000,45.280041,6.563914,2374.756949,257.2,15.258454,1.5,10.4
1742904975.814000,45.280018,6.563684,2365.794643,259.0,16.116337,1.4,10.7
1742904976.814000,45.280015,6.563447,2357.519274,262.2,16.617689,1.4,11.0
1742904977.813000,45.280006,6.563188,2350.644364,262.2,17.766960,1.4,11.0
1742904978.814000,45.280027,6.562911,2347.091116,269.4,18.997557,1.4,11.0
1742904979.812000,45.280033,6.562646,2338.890721,269.7,19.429464,1.4,11.1
1742904980.814000,45.280062,6.562405,2330.050635,272.9,19.108780,1.6,11.2
1742904981.814000,45.280167,6.562225,2325.942318,285.2,17.870966,1.6,11.3
1742904982.814000,45.280342,6.562117,2323.649247,315.9,16.477499,1.6,11.4
1742904983.814000,45.280522,6.562011,2323.102467,325.8,17.200270,1.5,11.3
1742904984.814000,45.280697,6.561918,2321.921796,329.4,17.265810,1.4,11.5
1742904985.814000,45.280871,6.561876,2321.490096,337.2,16.822111,1.5,11.4
1742904986.814000,45.281027,6.561909,2321.965947,359.8,15.384305,1.4,11.1
1742904987.814000,45.281185,6.561955,2318.031828,8.5,16.148754,1.4,10.8
1742904988.813000,45.281339,6.561997,2314.282167,7.0,16.289127,1.5,10.6
1742904989.814000,45.281488,6.562026,2313.560152,7.0,15.941334,1.5,10.4
1742904990.814000,45.281631,6.562050,2313.293394,6.0,15.532053,1.5,10.1
1742904991.813000,45.281771,6.562069,2312.506884,5.0,15.172767,1.4,9.0
1742904992.813000,45.281907,6.562087,2311.397527,5.0,15.175201,1.4,7.9
1742904993.812000,45.282042,6.562105,2308.253297,5.8,15.082856,1.5,6.9
1742904994.814000,45.282173,6.562131,2306.161896,9.3,14.899467,1.4,5.0
1742904995.814000,45.282304,6.562157,2306.227734,8.4,14.842583,1.4,4.8
1742904996.814000,45.282434,6.562180,2305.428264,8.2,14.722002,1.4,4.0
1742904997.814000,45.282551,6.562205,2304.417900,9.3,13.894085,1.4,4.0
1742904998.814000,45.282669,6.562227,2303.787083,9.0,13.201016,1.4,4.0
1742904999.813000,45.282786,6.562254,2303.692636,10.0,13.366708,1.4,3.9
1742905000.814000,45.282907,6.562281,2302.021090,8.1,13.636779,1.4,4.0
1742905001.814000,45.283029,6.562310,2299.651427,7.0,13.735175,1.4,3.9
1742905002.814000,45.283148,6.562335,2298.022965,7.0,13.179282,1.4,3.8
1742905003.814000,45.283262,6.562361,2297.307779,8.0,12.584572,1.4,3.8
1742905004.814000,45.283370,6.562382,2296.607024,7.5,12.497211,1.4,3.8
1742905005.813000,45.283475,6.562402,2296.408100,5.9,12.219449,1.4,3.8
1742905006.813000,45.283577,6.562426,2294.082094,5.0,11.872292,1.4,3.8
1742905007.814000,45.283675,6.562450,2293.087889,4.9,11.490792,1.4,3.8
1742905008.813000,45.283770,6.562477,2292.340469,6.5,11.227352,1.4,3.8
1742905009.813000,45.283865,6.562503,2291.528666,6.8,10.840633,1.4,3.8
1742905010.813000,45.283954,6.562526,2292.170519,6.1,10.406779,1.4,3.8
1742905012.813000,45.284118,6.562568,2291.680889,1.3,9.449379,1.4,3.8
1742905014.814000,45.284269,6.562601,2290.150156,5.9,8.719673,1.4,3.8
1742905016.813000,45.284426,6.562634,2289.480564,2.2,8.852609,1.4,3.8
1742905018.814000,45.284581,6.562656,2287.258854,3.9,8.877136,1.4,3.8
1742905020.814000,45.284735,6.562682,2285.985622,359.6,8.664370,1.4,3.8
1742905022.814000,45.284876,6.562714,2286.620180,355.6,8.086416,1.5,3.8
1742905024.814000,45.285011,6.562736,2297.430388,358.9,7.503927,1.4,3.8
1742905026.814000,45.285137,6.562753,2297.894437,2.0,6.888044,1.4,3.8
1742905028.814000,45.285262,6.562768,2283.621417,0.0,7.087333,1.4,3.8
1742905030.813000,45.285400,6.562800,2282.054250,3.0,7.957463,1.4,3.8
1742905032.814000,45.285566,6.562809,2291.942605,350.1,9.563242,1.4,3.8
1742905033.813000,45.285659,6.562792,2290.254109,348.0,10.227303,1.4,3.8
1742905034.814000,45.285751,6.562760,2288.087466,336.2,10.398240,1.4,3.8
1742905035.813000,45.285838,6.562711,2286.046925,316.3,10.232708,1.4,3.8
1742905036.813000,45.285914,6.562641,2285.949080,304.2,9.749730,1.4,3.8
1742905038.813000,45.286045,6.562489,2284.771050,318.0,9.471708,1.4,3.8
1742905040.813000,45.286157,6.562340,2283.684605,313.0,8.353202,1.4,3.8
1742905042.813000,45.286266,6.562245,2282.606100,325.0,6.473909,1.4,3.8
1742905044.813000,45.286356,6.562226,2283.703068,1.9,4.602914,1.4,3.8
1742905047.814000,45.286483,6.562292,2283.729879,32.0,5.630509,1.4,3.8
1742905049.813000,45.286567,6.562407,2281.873249,55.9,6.097449,1.4,3.8
1742905051.813000,45.286652,6.562524,2276.999776,38.3,7.765621,1.4,4.6
1742905052.814000,45.286744,6.562677,2273.607206,39.0,11.564446,1.4,4.9
1742905053.814000,45.286838,6.562748,2270.707435,2.0,11.719026,1.4,6.1
1742905054.813000,45.286944,6.562743,2269.518914,343.0,11.399996,1.4,6.7
1742905055.814000,45.287042,6.562708,2268.365046,342.0,11.549953,1.4,8.2
1742905056.813000,45.287145,6.562701,2266.901522,5.0,11.767656,1.4,8.5
1742905057.814000,45.287253,6.562714,2264.391622,358.1,12.271401,1.5,9.0
1742905058.813000,45.287365,6.562718,2261.562935,4.9,12.847176,1.5,9.9
1742905059.813000,45.287478,6.562750,2254.490335,15.0,13.406087,1.4,9.9
1742905060.814000,45.287590,6.562803,2251.981046,21.0,13.063597,1.4,9.9
1742905061.813000,45.287706,6.562881,2248.515677,24.0,15.342945,1.4,10.0
1742905062.814000,45.287833,6.562958,2244.676863,22.1,15.513107,1.4,10.1
1742905063.812000,45.287958,6.562991,2242.388571,3.3,13.801125,1.4,10.1
1742905064.813000,45.288081,6.563012,2241.420580,12.0,14.719467,1.4,10.1
1742905065.814000,45.288206,6.563061,2237.501774,14.0,14.390765,1.4,10.1
1742905066.813000,45.288320,6.563084,2234.299594,354.0,12.252369,1.4,10.0
1742905067.814000,45.288424,6.563070,2232.077557,355.0,11.410218,1.4,9.9
1742905068.813000,45.288526,6.563072,2230.165690,3.0,11.559230,1.4,9.9
1742905069.813000,45.288628,6.563093,2228.619154,9.0,11.649093,1.4,9.9
1742905070.814000,45.288729,6.563151,2228.712800,30.0,12.866159,1.4,9.9
1742905071.813000,45.288832,6.563228,2227.657733,24.1,13.105144,1.4,9.9
1742905072.814000,45.288944,6.563311,2223.650130,30.9,14.480990,1.4,9.9
1742905073.814000,45.289055,6.563388,2217.813914,19.1,12.983850,1.4,9.9
1742905074.814000,45.289158,6.563407,2216.178562,9.3,11.444161,1.4,9.9
1742905076.814000,45.289337,6.563384,2213.919368,4.0,11.348069,1.4,9.9
1742905077.814000,45.289442,6.563410,2211.331548,17.0,12.646950,1.4,9.9
1742905078.813000,45.289544,6.563420,2207.270222,350.0,11.490018,1.4,9.9
1742905079.813000,45.289628,6.563369,2204.889353,328.0,9.630323,1.4,9.9
1742905081.813000,45.289787,6.563298,2200.901592,6.9,10.245811,1.4,9.9
1742905082.814000,45.289877,6.563319,2198.839969,2.1,9.827664,1.4,9.9
1742905083.814000,45.289975,6.563339,2198.236370,8.7,11.415514,1.4,10.0
1742905084.813000,45.290085,6.563392,2195.996335,15.8,12.893617,1.4,10.0
1742905085.813000,45.290180,6.563384,2193.867560,331.5,10.905036,1.4,10.0
1742905087.814000,45.290360,6.563331,2189.867751,354.7,10.980372,1.4,10.0
1742905088.813000,45.290454,6.563340,2187.368511,359.8,10.469456,1.4,10.1
1742905089.814000,45.290551,6.563409,2185.611176,15.6,12.796277,1.4,10.2
1742905090.813000,45.290655,6.563522,2182.297823,34.9,14.142782,1.4,10.2
1742905091.813000,45.290757,6.563638,2177.992034,26.0,13.610405,1.4,10.2
1742905092.813000,45.290875,6.563693,2178.279036,7.0,14.178018,1.4,10.3
1742905093.814000,45.291003,6.563701,2174.472917,358.0,14.349722,1.4,10.2
1742905094.814000,45.291125,6.563674,2172.032689,344.0,13.670088,1.4,10.1
1742905095.813000,45.291240,6.563630,2168.392966,347.0,13.210176,1.4,10.0
1742905096.814000,45.291358,6.563628,2166.780979,10.0,13.739662,1.4,9.9
1742905097.814000,45.291482,6.563656,2162.869142,6.0,14.219940,1.4,9.9
1742905098.814000,45.291611,6.563645,2161.009798,348.0,14.839892,1.4,9.9
1742905099.814000,45.291741,6.563600,2157.479594,348.0,15.019981,1.4,9.9
1742905100.813000,45.291871,6.563595,2154.237894,8.0,14.459936,1.4,9.9
1742905101.813000,45.291990,6.563641,2152.392904,19.0,13.230630,1.4,9.9
1742905102.814000,45.292101,6.563672,2151.443847,0.0,12.549981,1.4,9.9
1742905103.814000,45.292212,6.563650,2151.223557,346.0,12.389984,1.4,9.9
1742905104.813000,45.292322,6.563632,2151.518495,360.0,12.429948,1.4,9.9
1742905105.814000,45.292426,6.563667,2152.037284,22.0,11.680158,1.4,9.9
1742905106.814000,45.292524,6.563707,2150.634696,8.0,11.230000,1.4,9.9
1742905107.813000,45.292621,6.563690,2149.369945,340.0,10.699929,1.4,9.9
1742905108.814000,45.292705,6.563627,2146.551776,328.0,10.010104,1.4,9.9
1742905110.814000,45.292865,6.563512,2150.919327,351.0,11.714803,1.4,9.9
1742905111.813000,45.292972,6.563509,2149.403581,2.0,11.529984,1.4,9.9
1742905112.813000,45.293070,6.563482,2145.238722,335.0,10.889886,1.4,9.9
1742905114.813000,45.293177,6.563334,2140.651101,301.0,5.292682,1.4,9.9
1742905118.814000,45.293268,6.563266,2140.214325,149.5,0.512288,1.4,10.0
1742905138.814000,45.293266,6.563277,2139.667988,-1.0,0.000000,1.4,10.2
1742905138.814000,45.293266,6.563277,2139.667988,-1.0,0.000000,1.4,10.2
1742905171.813000,45.293360,6.563330,2138.865442,5.2,2.956020,1.4,9.9
1742905174.814000,45.293472,6.563290,2136.670677,343.8,4.828372,1.5,9.9
1742905176.813000,45.293621,6.563263,2133.384743,2.7,7.322250,1.5,9.9
1742905178.812000,45.293801,6.563283,2128.862927,5.5,8.950374,1.5,9.9
1742905179.813000,45.293893,6.563298,2148.168890,354.3,9.280989,1.6,9.9
1742905180.814000,45.293990,6.563311,2146.536064,354.1,10.043591,1.6,9.9
1742905181.813000,45.294089,6.563336,2144.093528,2.0,10.252256,1.6,9.9
1742905182.813000,45.294187,6.563382,2143.230328,10.3,10.688036,1.8,9.9
1742905183.814000,45.294292,6.563409,2140.542666,0.5,11.661273,1.7,9.9
1742905184.814000,45.294403,6.563396,2138.427324,344.8,12.885201,1.8,9.9
1742905185.813000,45.294518,6.563356,2137.058846,342.1,13.409443,1.6,9.9
1742905186.814000,45.294638,6.563318,2133.643097,349.8,14.304235,1.6,9.9
1742905187.813000,45.294765,6.563293,2129.968892,349.0,13.997572,1.9,9.9
1742905188.814000,45.294888,6.563253,2127.549298,340.1,14.039943,1.6,9.9
1742905189.813000,45.295007,6.563175,2126.498626,328.1,14.791738,1.6,9.9
1742905190.814000,45.295117,6.563060,2123.571065,320.1,14.984926,1.6,9.9
1742905191.813000,45.295217,6.562928,2121.949593,314.1,14.769028,1.6,9.9
1742905192.814000,45.295282,6.562785,2119.358542,294.8,12.512323,1.6,9.9
1742905193.813000,45.295306,6.562639,2119.305470,279.9,11.306152,1.6,9.9
1742905194.814000,45.295308,6.562501,2097.974973,271.9,10.553997,1.6,9.9
1742905196.814000,45.295289,6.562266,2098.573296,267.9,8.045362,1.6,9.9
1742905198.814000,45.295276,6.562074,2098.172447,262.1,7.301449,1.6,9.9
1742905200.814000,45.295238,6.561919,2098.131775,244.1,4.947995,1.6,9.9
1742905210.814000,45.295250,6.561785,2120.674901,253.0,0.721038,1.4,9.9
1742905236.813000,45.295211,6.561664,2131.800049,228.0,1.959230,1.1,9.9
1742905256.814000,45.295153,6.561578,2131.800049,204.0,0.000000,1.0,9.9
1742905256.814000,45.295153,6.561578,2131.800049,204.0,0.000000,1.0,9.9
1742905271.814000,45.295128,6.561569,2131.800049,195.9,1.065407,1.0,10.2
1742905274.813000,45.295006,6.561490,2129.757111,207.8,3.954929,1.0,10.0
1742905276.814000,45.294918,6.561415,2131.800049,209.4,3.327442,0.9,9.9
1742905278.814000,45.294824,6.561337,2134.256317,205.0,4.603693,0.9,9.9
1742905281.814000,45.294716,6.561254,2139.360292,207.5,4.472756,1.0,9.9
1742905284.813000,45.294616,6.561192,2145.047134,196.5,4.262265,1.1,9.9
1742905287.813000,45.294513,6.561128,2152.884273,193.1,4.062132,1.1,9.9
1742905290.814000,45.294411,6.561057,2158.880406,194.2,4.157085,1.1,9.9
1742905292.814000,45.294334,6.560979,2161.716461,199.8,4.687539,1.1,9.9
1742905295.814000,45.294224,6.560890,2164.800453,202.2,4.728019,1.1,9.9
1742905298.814000,45.294116,6.560804,2167.671901,207.7,5.154644,1.1,9.9
1742905301.814000,45.294014,6.560722,2171.605275,205.0,5.072126,1.2,7.9
1742905304.813000,45.293906,6.560645,2176.769576,206.0,4.672654,1.2,4.8
1742905307.814000,45.293794,6.560566,2180.993912,207.0,4.397823,1.2,3.8
1742905310.814000,45.293688,6.560490,2184.268098,206.6,4.240588,1.2,3.8
1742905313.814000,45.293582,6.560410,2189.146833,209.6,4.311985,1.3,3.8
1742905316.814000,45.293476,6.560332,2194.372063,209.4,4.339686,1.3,3.8
1742905319.813000,45.293373,6.560263,2198.927502,206.9,4.343026,1.3,3.8
1742905322.814000,45.293273,6.560184,2209.379931,209.0,4.215592,1.3,3.8
1742905325.814000,45.293174,6.560107,2211.317366,206.0,4.262414,1.4,3.8
1742905328.814000,45.293076,6.560034,2218.768488,202.8,4.139102,1.4,3.8
1742905331.814000,45.292972,6.559972,2224.258026,195.5,4.175818,1.3,3.8
1742905334.814000,45.292870,6.559914,2231.442706,195.5,4.072213,1.4,3.8
1742905337.814000,45.292770,6.559836,2238.601615,199.7,4.067646,1.4,3.8
1742905340.813000,45.292663,6.559751,2244.563145,202.5,4.487518,1.4,3.8
1742905343.813000,45.292558,6.559670,2251.105977,204.0,4.390693,1.5,3.8
1742905346.813000,45.292455,6.559592,2255.666987,205.2,4.422060,1.5,3.8
1742905349.814000,45.292351,6.559516,2261.447043,204.8,4.279188,1.4,3.8
1742905352.813000,45.292247,6.559435,2267.867378,205.9,4.163536,1.5,3.8
1742905355.814000,45.292147,6.559358,2272.845215,206.9,4.233810,1.5,3.8
1742905358.813000,45.292049,6.559282,2279.696191,206.7,4.158134,1.0,3.8
1742905361.813000,45.291949,6.559210,2285.238255,205.8,4.189132,1.0,3.8
1742905364.811000,45.291850,6.559138,2293.711710,206.0,4.179193,0.9,3.8
1742905367.812000,45.291748,6.559066,2299.784061,206.2,4.110309,0.9,3.8
1742905370.813000,45.291650,6.558995,2307.585676,207.0,3.931605,0.9,3.8
1742905373.812000,45.291540,6.558914,2313.690820,207.0,4.503623,1.0,3.8
1742905376.812000,45.291431,6.558833,2317.038887,207.0,4.731012,1.0,3.8
1742905379.812000,45.291327,6.558756,2320.050426,206.0,4.767674,1.0,4.8
1742905382.812000,45.291222,6.558678,2323.888016,206.0,4.577141,1.1,7.9
1742905385.812000,45.291113,6.558598,2326.772841,207.0,4.489905,0.9,9.9
1742905388.812000,45.291006,6.558520,2330.769647,207.0,4.370257,0.8,9.9
1742905391.813000,45.290899,6.558440,2335.966483,207.0,4.302631,0.9,9.9
1742905394.812000,45.290792,6.558358,2340.680670,207.0,4.501542,1.0,9.9
1742905397.812000,45.290686,6.558280,2344.039262,206.0,4.449898,1.0,9.9
1742905400.813000,45.290580,6.558205,2349.836347,207.0,4.479367,1.0,9.9
1742905403.812000,45.290470,6.558126,2353.702771,206.0,4.798194,1.0,9.9
1742905406.812000,45.290361,6.558044,2358.178445,206.0,4.588842,0.9,9.9
1742905409.812000,45.290253,6.557963,2361.698789,206.0,4.509194,0.9,9.9
1742905412.813000,45.290146,6.557888,2365.290464,206.0,4.419638,0.8,9.9
1742905415.812000,45.290038,6.557810,2368.794553,207.0,4.332242,1.0,9.9
1742905418.812000,45.289930,6.557726,2373.947855,208.0,4.511279,1.0,9.9
1742905421.812000,45.289824,6.557650,2377.319467,207.0,4.361125,1.0,9.9
1742905424.813000,45.289718,6.557571,2382.394036,206.0,4.500687,0.9,9.9
1742905427.813000,45.289614,6.557496,2385.877500,206.0,4.439175,1.0,9.9
1742905430.812000,45.289508,6.557418,2392.261168,207.9,4.317062,0.9,9.9
1742905433.813000,45.289402,6.557338,2396.907447,208.1,4.446253,0.9,9.9
1742905436.811000,45.289297,6.557260,2402.904159,208.9,4.344900,0.9,9.9
1742905439.813000,45.289197,6.557182,2406.747498,208.0,4.268797,1.0,9.9
1742905442.813000,45.289092,6.557107,2412.629196,208.0,4.630369,1.0,9.9
1742905445.813000,45.288981,6.557030,2416.811054,207.1,4.553684,0.9,9.9
1742905448.813000,45.288871,6.556953,2420.369864,207.0,4.500415,1.0,9.9
1742905451.812000,45.288764,6.556875,2425.183754,207.0,4.455988,1.0,9.9
1742905454.813000,45.288657,6.556795,2429.221617,206.9,4.418705,0.9,9.9
1742905457.812000,45.288554,6.556716,2434.149974,207.0,4.413738,0.9,9.9
1742905460.812000,45.288449,6.556638,2439.498105,207.0,4.300892,0.9,9.9
1742905463.813000,45.288342,6.556561,2444.126997,207.0,4.400092,1.0,9.9
1742905466.813000,45.288237,6.556486,2450.629959,207.0,4.310179,0.9,9.9
1742905469.812000,45.288134,6.556411,2455.024542,207.0,4.619940,0.9,9.9
1742905472.813000,45.288027,6.556330,2459.348813,210.0,4.399827,1.0,9.9
1742905475.813000,45.287923,6.556254,2464.812579,205.0,4.390924,1.0,9.9
1742905478.812000,45.287815,6.556184,2467.623811,196.0,4.469763,1.0,9.9
1742905481.813000,45.287715,6.556095,2472.198890,195.1,4.516010,1.0,9.9
1742905484.812000,45.287604,6.556034,2476.776000,194.0,4.330796,0.9,9.9
1742905487.813000,45.287498,6.555958,2481.183389,196.0,4.428900,0.9,9.9
1742905490.813000,45.287392,6.555872,2486.004610,200.0,4.350112,1.0,9.9
1742905493.813000,45.287287,6.555789,2491.229345,202.0,4.301443,1.0,9.9
1742905496.813000,45.287183,6.555709,2496.428037,203.0,4.360523,0.9,9.9
1742905499.813000,45.287079,6.555630,2501.459705,204.0,4.280928,1.0,9.9
1742905502.813000,45.286976,6.555552,2506.921822,204.0,4.300677,1.0,9.9
1742905505.813000,45.286876,6.555476,2513.643509,205.0,4.220340,1.0,9.9
1742905508.813000,45.286769,6.555394,2519.256636,205.0,4.550379,0.9,9.9
1742905511.812000,45.286661,6.555314,2523.357841,206.0,4.549124,0.9,9.9
1742905514.812000,45.286557,6.555235,2528.004236,206.0,4.438909,0.9,9.9
1742905517.813000,45.286449,6.555156,2533.107018,206.0,4.430097,0.9,9.9
1742905520.812000,45.286343,6.555083,2536.743554,209.0,4.410333,1.0,9.9
1742905523.813000,45.286251,6.554976,2542.227916,224.0,4.300247,1.0,9.9
1742905526.812000,45.286140,6.554905,2547.615001,209.0,4.370367,1.0,9.9
1742905529.813000,45.286031,6.554842,2552.176668,206.0,4.329640,1.0,9.9
1742905532.812000,45.285925,6.554769,2558.202240,206.0,4.280195,1.0,9.9
1742905535.813000,45.285820,6.554695,2562.810076,206.0,4.379612,1.0,9.9
1742905538.813000,45.285718,6.554622,2568.785875,205.0,4.220273,0.9,9.9
1742905541.813000,45.285614,6.554552,2574.160985,199.0,4.289460,0.9,9.9
1742905544.812000,45.285510,6.554482,2580.777771,202.0,4.220355,0.9,9.9
1742905547.812000,45.285409,6.554404,2586.903445,204.0,4.248866,0.9,9.9
1742905550.813000,45.285299,6.554326,2591.840766,199.9,4.350087,1.0,9.9
1742905553.813000,45.285193,6.554241,2597.638536,207.0,4.333353,1.0,9.9
1742905556.813000,45.285086,6.554157,2601.358166,207.0,4.565815,1.0,9.9
1742905559.813000,45.284978,6.554078,2605.959826,207.7,4.454174,0.9,9.9
1742905562.812000,45.284872,6.554000,2610.656693,208.0,4.405583,1.1,9.9
1742905565.813000,45.284766,6.553922,2614.151470,208.0,4.375132,1.1,9.9
1742905568.812000,45.284658,6.553842,2619.930877,208.1,4.662953,1.0,9.9
1742905571.813000,45.284548,6.553761,2623.661240,207.1,4.570118,0.8,9.9
1742905574.813000,45.284438,6.553682,2626.886473,207.2,4.566896,0.9,9.9
1742905577.813000,45.284329,6.553600,2629.070742,207.0,4.503163,0.8,9.9
1742905580.812000,45.284222,6.553521,2632.958508,207.0,4.530310,0.9,9.9
1742905583.813000,45.284114,6.553441,2636.578188,208.0,4.549916,0.9,9.9
1742905586.812000,45.284004,6.553361,2639.548133,207.0,4.519819,0.9,9.9
1742905589.813000,45.283897,6.553281,2643.648027,206.0,4.509272,1.0,9.9
1742905592.813000,45.283791,6.553203,2647.911403,207.0,4.578333,1.0,9.9
1742905595.812000,45.283684,6.553126,2651.934963,207.0,4.390893,1.1,9.9
1742905598.812000,45.283578,6.553048,2656.201355,208.0,4.430545,1.1,9.9
1742905601.813000,45.283471,6.552970,2660.701522,208.0,4.518555,1.0,9.9
1742905604.813000,45.283365,6.552894,2666.701429,207.0,4.429822,0.9,9.9
1742905607.813000,45.283259,6.552816,2671.789446,207.0,4.389915,0.9,9.9
1742905610.813000,45.283156,6.552738,2677.477278,207.0,4.291971,0.8,9.9
1742905613.813000,45.283055,6.552662,2682.854712,207.0,4.281917,0.8,9.9
1742905616.813000,45.282953,6.552587,2688.465641,207.0,4.258548,0.8,9.9
1742905619.812000,45.282850,6.552510,2694.178844,207.0,4.260056,0.8,9.9
1742905622.813000,45.282749,6.552435,2700.917442,207.0,4.222882,0.9,9.9
1742905625.813000,45.282647,6.552359,2706.478518,207.0,4.180699,0.9,9.9
1742905628.812000,45.282547,6.552283,2712.858443,207.0,4.210667,1.0,9.9
1742905631.812000,45.282448,6.552210,2720.006823,205.3,4.192338,1.1,9.9
1742905634.813000,45.282348,6.552139,2727.014646,203.2,4.143119,1.1,9.9
1742905637.813000,45.282249,6.552069,2734.634260,202.0,4.105465,1.0,9.9
1742905640.812000,45.282146,6.551993,2739.600900,196.0,4.745822,1.0,9.9
1742905643.812000,45.282049,6.551899,2746.961694,225.0,4.607507,0.9,9.9
1742905646.813000,45.281946,6.551821,2751.209125,204.0,4.140348,0.9,9.9
1742905649.813000,45.281834,6.551764,2754.877218,201.0,4.378787,0.8,9.9
1742905652.813000,45.281726,6.551691,2759.054539,200.0,4.319167,0.8,9.9
1742905655.813000,45.281619,6.551612,2764.315293,201.0,4.330660,0.9,9.9
1742905658.812000,45.281510,6.551531,2769.735754,202.0,4.817823,1.0,9.9
1742905661.813000,45.281402,6.551447,2770.706032,203.0,4.302840,1.0,9.9
1742905664.813000,45.281318,6.551378,2770.726107,202.7,2.212632,1.0,10.0
1742905672.813000,45.281240,6.551275,2770.843907,276.0,3.329680,1.0,10.0
1742905675.812000,45.281291,6.551164,2772.480012,310.0,2.998727,0.9,9.9
1742905679.813000,45.281363,6.551071,2770.391170,321.0,2.130003,1.0,9.9
1742905684.812000,45.281450,6.550981,2770.209036,314.0,2.329702,0.9,9.9
1742905689.812000,45.281520,6.550885,2769.623075,318.0,2.429966,0.8,9.9
1742905693.813000,45.281590,6.550799,2769.225937,316.0,2.889984,0.9,9.9
1742905697.813000,45.281664,6.550701,2769.220855,323.0,3.117455,1.0,9.9
1742905700.813000,45.281718,6.550597,2768.470464,302.1,3.319403,1.0,9.9
1742905703.813000,45.281772,6.550492,2767.603109,308.5,3.450804,1.0,9.9
1742905706.812000,45.281828,6.550379,2766.711098,306.8,3.578785,1.0,9.9
1742905709.813000,45.281894,6.550247,2765.652183,305.0,4.532734,1.0,9.9
1742905712.813000,45.281966,6.550101,2764.667330,294.7,4.465106,1.0,9.9
1742905715.813000,45.282028,6.549967,2764.468516,301.8,4.259748,1.0,9.9
1742905718.812000,45.282099,6.549838,2763.833437,295.9,4.139926,0.9,9.9
1742905721.813000,45.282158,6.549708,2763.563268,289.5,4.103238,0.9,9.9
1742905724.813000,45.282197,6.549555,2762.402203,287.0,4.448924,0.9,9.9
1742905727.812000,45.282306,6.549419,2760.531926,299.0,5.558750,0.8,9.9
1742905729.812000,45.282388,6.549293,2757.086530,322.9,6.343075,0.8,9.9
1742905731.813000,45.282520,6.549188,2752.681658,315.0,8.003457,0.8,9.9
1742905733.812000,45.282655,6.549067,2744.464176,324.4,8.296800,0.8,9.9
1742905734.812000,45.282747,6.549032,2741.883804,335.5,9.115307,0.8,9.9
1742905735.812000,45.282849,6.548995,2737.251961,338.8,10.129107,0.9,9.9
1742905736.813000,45.282953,6.548954,2731.774256,339.3,11.025061,0.8,9.9
1742905737.812000,45.283073,6.548926,2727.528831,351.2,13.264015,0.9,9.9
1742905738.813000,45.283198,6.548885,2721.457063,339.9,14.302517,1.0,9.9
1742905739.813000,45.283319,6.548848,2719.102807,359.0,12.769026,1.0,9.9
1742905740.813000,45.283431,6.548842,2716.043789,349.5,11.936945,1.0,9.9
1742905741.813000,45.283526,6.548792,2713.778861,332.5,10.832190,1.0,9.9
1742905743.813000,45.283688,6.548774,2711.309100,2.1,9.369369,1.0,9.9
1742905745.813000,45.283847,6.548762,2706.796592,21.0,6.659888,1.0,9.9
1742905747.812000,45.283942,6.548802,2704.095781,2.1,7.183262,1.0,9.9
1742905749.813000,45.284093,6.548796,2697.923493,343.1,9.379023,1.0,9.9
1742905750.813000,45.284174,6.548726,2693.928083,331.2,10.651414,1.0,9.9
1742905751.812000,45.284260,6.548651,2690.342268,330.0,11.359606,1.0,9.9
1742905752.812000,45.284366,6.548572,2685.694607,333.9,13.625260,1.0,9.9
1742905753.812000,45.284490,6.548496,2681.951556,334.0,15.023942,1.0,9.9
1742905754.813000,45.284626,6.548413,2678.996805,332.0,16.664812,1.0,9.9
1742905755.813000,45.284756,6.548323,2676.144660,332.0,15.819602,1.0,10.0
1742905756.813000,45.284879,6.548210,2666.300165,323.1,17.444212,1.0,10.0
1742905757.813000,45.285008,6.548083,2660.125862,326.9,17.457949,1.0,10.0
1742905758.812000,45.285128,6.547959,2655.044467,323.1,17.342226,1.0,10.0
1742905759.812000,45.285240,6.547828,2648.298254,320.0,16.883625,1.0,10.0
1742905760.812000,45.285357,6.547711,2645.379715,329.9,16.349571,1.0,10.0
1742905761.812000,45.285472,6.547585,2641.520121,314.1,16.940338,0.9,10.0
1742905762.813000,45.285585,6.547457,2640.042221,330.9,16.265703,0.9,9.9
1742905763.813000,45.285702,6.547354,2637.420263,320.0,15.361468,0.9,9.9
1742905764.813000,45.285804,6.547218,2633.264396,317.0,16.396616,0.9,9.9
1742905765.813000,45.285918,6.547099,2629.313306,329.8,15.623545,0.9,9.9
1742905766.812000,45.286044,6.546999,2622.601817,326.0,17.367552,0.9,9.9
1742905767.813000,45.286166,6.546856,2616.719537,317.1,17.406675,0.9,9.9
1742905768.812000,45.286288,6.546716,2614.509517,324.7,17.807419,0.9,10.0
1742905769.812000,45.286436,6.546623,2608.660959,337.7,17.932745,0.9,10.0
1742905770.813000,45.286560,6.546498,2601.835975,310.2,17.670544,0.9,10.1
1742905771.813000,45.286664,6.546342,2598.735628,323.7,16.361851,0.9,10.2
1742905772.813000,45.286789,6.546303,2596.503839,345.6,14.427786,0.9,10.2
1742905773.813000,45.286917,6.546280,2594.235721,348.0,14.271786,0.8,10.1
1742905774.813000,45.287036,6.546221,2591.007886,330.3,14.349698,0.8,10.1
1742905775.811000,45.287124,6.546168,2589.726375,349.8,8.737303,0.8,10.1
1742905781.813000,45.287221,6.546212,2583.736330,3.0,2.178416,0.8,9.9
1742905783.813000,45.287311,6.546196,2580.858093,357.0,6.664950,0.8,9.9
1742905785.813000,45.287420,6.546133,2577.593771,325.0,5.752237,1.0,9.9
1742905787.813000,45.287522,6.546141,2573.668195,13.6,5.972036,1.0,9.9
1742905789.813000,45.287664,6.546109,2567.129782,346.0,9.669686,1.1,9.9
1742905791.813000,45.287818,6.546137,2560.983942,16.0,9.294763,1.1,9.9
1742905792.813000,45.287909,6.546133,2557.854862,343.0,11.138232,1.1,9.9
1742905794.812000,45.288060,6.546152,2550.997995,24.8,5.156589,1.0,9.9
1742905797.813000,45.288220,6.546202,2542.258608,5.0,8.535050,1.0,9.9
1742905798.812000,45.288310,6.546228,2538.706799,13.8,9.297116,1.0,9.9
1742905800.812000,45.288415,6.546311,2532.909853,37.9,4.595009,1.0,9.9
1742905802.812000,45.288541,6.546366,2527.674014,11.0,9.568783,1.0,9.9
1742905804.813000,45.288680,6.546428,2520.583893,2.0,4.737051,1.0,9.9
1742905807.813000,45.288788,6.546491,2511.986294,30.9,5.931606,1.0,9.9
1742905810.813000,45.288867,6.546602,2506.648843,49.0,3.335600,0.9,9.9
1742905818.811000,45.288924,6.546713,2502.144020,11.1,2.164997,1.0,9.9
1742905822.813000,45.288998,6.546577,2498.965165,325.1,5.797837,1.0,9.9
1742905824.812000,45.289114,6.546590,2493.089819,28.5,7.677740,0.9,9.9
1742905826.813000,45.289202,6.546709,2487.607997,58.6,5.361017,0.9,9.9
1742905829.813000,45.289224,6.546842,2482.300530,82.9,2.797066,0.9,9.9
1742905835.813000,45.289276,6.546958,2478.328402,64.0,1.160107,1.0,9.9
1742905838.813000,45.289304,6.547110,2475.779103,75.0,7.391824,1.2,9.9
1742905840.813000,45.289370,6.547306,2470.934133,65.0,7.823924,1.2,9.9
1742905842.813000,45.289418,6.547447,2469.257797,68.0,5.284191,1.2,9.9
1742905845.813000,45.289448,6.547576,2469.726611,83.0,1.710176,1.2,9.9
1742905865.812000,45.289485,6.547593,2468.491677,54.3,0.000000,1.3,9.9
1742905865.812000,45.289485,6.547593,2468.491677,54.3,0.000000,1.3,9.9
1742905906.812000,45.289356,6.547562,2470.036028,196.1,0.631720,1.0,3.8
1742905968.230000,45.289410,6.547570,2445.646240,-1.0,0.077612,3.5,4.4
1742905997.812000,45.289493,6.547624,2444.862768,-1.0,0.097558,1.4,3.0
1742906098.890000,45.289462,6.547652,2445.963135,146.0,0.818509,2.5,97.1
1742906232.232000,45.289475,6.547634,2445.402588,-1.0,0.090593,6.8,7.0
1742906809.233000,45.289484,6.547600,2442.855469,-1.0,0.046421,5.3,6.2
1742907358.807000,45.289398,6.547559,2451.340476,172.6,1.202628,1.7,4.2
1742907399.241000,45.289400,6.547547,2451.714111,-1.0,0.021702,8.2,9.7
1742907512.806000,45.289483,6.547602,2447.551820,11.4,0.475424,1.3,3.0
1742907706.806000,45.289538,6.547487,2445.144300,296.3,1.267517,1.4,3.4
1742907710.521000,45.289554,6.547352,2444.295434,278.8,2.491999,1.4,3.0
1742907712.806000,45.289544,6.547178,2441.378061,282.1,4.087192,1.4,3.1
1742907715.469000,45.289565,6.547051,2440.507030,279.2,3.788199,1.4,3.4
1742907717.805000,45.289612,6.546905,2438.991457,296.8,4.081502,1.4,3.7
1742907720.806000,45.289631,6.546767,2437.808853,273.4,2.993196,1.4,3.4
1742907740.806000,45.289701,6.546837,2433.685717,-1.0,0.000000,1.3,3.8
1742907740.806000,45.289701,6.546837,2433.685717,-1.0,0.000000,1.3,3.8
1742907752.806000,45.289709,6.546832,2433.170235,352.1,0.443117,1.3,9.9
1742907878.804000,45.289793,6.546891,2429.624778,7.5,2.444762,1.4,9.9
1742907880.804000,45.289880,6.546848,2427.290840,323.2,7.297554,1.4,9.9
1742907882.804000,45.290005,6.546761,2421.756449,344.9,7.749078,1.4,9.9
1742907884.804000,45.290136,6.546869,2412.990878,30.5,8.790674,1.4,9.9
1742907886.804000,45.290297,6.546947,2405.409306,13.3,10.346515,1.4,9.9
1742907887.805000,45.290388,6.547010,2399.631174,33.6,11.179011,1.5,9.9
1742907888.805000,45.290476,6.547121,2396.399309,44.8,13.477870,1.5,9.9
1742907889.805000,45.290561,6.547266,2389.811558,53.0,14.978454,1.5,9.9
1742907890.805000,45.290632,6.547422,2385.032654,61.0,13.782540,1.5,9.9
1742907891.804000,45.290674,6.547576,2379.366098,75.0,12.740948,1.5,9.9
1742907892.804000,45.290718,6.547727,2375.247719,61.1,13.286372,1.5,9.9
1742907893.804000,45.290792,6.547861,2374.798853,47.1,13.457666,1.5,9.9
1742907894.805000,45.290865,6.547996,2373.391150,59.0,13.749488,1.5,9.9
1742907895.805000,45.290925,6.548149,2367.583506,60.0,13.898295,1.5,9.9
1742907896.805000,45.290996,6.548316,2363.538855,56.0,15.663387,1.5,9.9
1742907897.804000,45.291088,6.548478,2361.655307,44.0,16.369183,1.5,9.9
1742907898.804000,45.291190,6.548631,2355.037328,51.0,16.669510,1.5,9.9
1742907899.804000,45.291271,6.548802,2350.094662,61.0,15.840610,1.5,9.9
1742907900.805000,45.291352,6.548942,2346.141651,36.0,13.710356,1.5,9.9
1742907901.805000,45.291455,6.549012,2345.982397,19.0,12.191167,1.5,9.9
1742907902.805000,45.291544,6.549077,2346.049593,40.9,11.010803,1.6,9.9
1742907904.804000,45.291610,6.549266,2346.164834,76.0,7.070352,1.6,9.9
1742907906.805000,45.291688,6.549435,2343.426793,43.0,9.189879,1.6,9.9
1742907907.805000,45.291753,6.549524,2342.991903,44.0,9.906644,1.6,9.9
1742907908.805000,45.291825,6.549622,2338.981438,41.0,11.146001,1.6,9.9
1742907909.804000,45.291906,6.549729,2335.814021,41.0,12.207176,1.6,9.9
1742907910.804000,45.291999,6.549841,2333.331512,44.0,13.355867,1.6,9.9
1742907911.804000,45.292103,6.549956,2328.870631,44.0,14.496085,1.6,9.9
1742907912.804000,45.292218,6.550080,2323.724435,30.2,15.844939,1.6,9.9
1742907913.805000,45.292351,6.550196,2316.138420,33.0,17.003761,1.6,9.9
1742907914.805000,45.292494,6.550291,2309.517861,27.1,17.285547,1.6,9.9
1742907915.805000,45.292630,6.550374,2306.039320,27.0,15.657254,1.6,9.9
1742907916.803000,45.292723,6.550481,2301.200195,55.0,13.080713,1.6,9.9
1742907917.805000,45.292798,6.550592,2301.200195,36.0,12.469850,1.7,9.9
1742907918.805000,45.292900,6.550672,2301.200195,26.0,13.568841,1.7,9.9
1742907919.805000,45.292989,6.550758,2296.635763,45.8,10.829268,1.7,9.9
1742907920.804000,45.293058,6.550859,2293.808748,38.1,11.393082,1.7,9.9
1742907921.804000,45.293137,6.550953,2292.609658,42.0,11.270121,1.7,9.9
1742907922.805000,45.293191,6.551080,2291.833653,73.0,12.327228,1.7,9.9
1742907923.805000,45.293238,6.551226,2288.835010,51.0,12.609249,1.7,9.9
1742907924.805000,45.293332,6.551327,2285.648856,27.0,13.659552,1.7,9.9
1742907925.805000,45.293434,6.551421,2281.713406,42.0,13.269998,1.7,9.9
1742907926.805000,45.293498,6.551553,2279.179435,66.0,12.089840,1.7,9.9
1742907927.805000,45.293524,6.551682,2272.233820,76.0,8.745530,1.7,9.9
1742907929.805000,45.293560,6.551908,2267.018329,70.0,9.829868,1.7,9.9
1742907930.804000,45.293590,6.552035,2265.558972,71.0,10.159912,1.7,9.9
1742907932.804000,45.293659,6.552224,2262.529051,43.0,7.220079,1.8,9.9
1742907934.804000,45.293703,6.552337,2263.376507,60.0,4.000141,1.8,9.9
1742907937.805000,45.293756,6.552461,2263.143463,57.0,2.560103,1.4,9.9
1742907942.805000,45.293805,6.552569,2259.700195,31.0,1.719849,1.4,9.9
1742907945.805000,45.293926,6.552644,2259.500244,12.0,9.149733,1.4,9.9
1742907946.804000,45.294012,6.552682,2257.595608,20.0,10.729047,1.5,9.9
1742907947.805000,45.294086,6.552769,2250.890547,56.9,11.465215,1.5,9.9
1742907948.805000,45.294114,6.552908,2244.588672,87.0,11.477575,1.5,9.9
1742907949.804000,45.294123,6.553056,2242.342447,80.0,11.719763,1.5,9.9
1742907950.805000,45.294148,6.553204,2239.640281,76.0,12.329880,1.5,9.9
1742907951.805000,45.294173,6.553359,2236.674901,78.0,12.999912,1.5,9.9
1742907952.805000,45.294182,6.553527,2233.694399,91.0,13.779779,1.5,9.9
1742907953.805000,45.294168,6.553704,2228.876347,99.0,14.259869,1.5,9.9
1742907954.804000,45.294136,6.553879,2224.723839,108.0,14.669866,1.5,9.9
1742907955.805000,45.294076,6.554036,2221.542743,127.0,13.990122,1.5,9.9
1742907956.804000,45.294000,6.554165,2219.376582,130.0,12.870633,1.5,9.9
1742907957.804000,45.293928,6.554286,2218.975571,130.0,12.100983,1.5,9.9
1742907958.804000,45.293860,6.554400,2219.321222,130.0,11.143445,1.5,9.9
1742907959.803000,45.293800,6.554506,2218.975571,127.1,10.317119,1.5,9.9
1742907961.804000,45.293694,6.554690,2218.564654,134.6,8.432995,1.6,9.9
1742907963.804000,45.293587,6.554816,2218.470986,138.9,7.750440,1.6,9.9
1742907965.804000,45.293493,6.554926,2218.695960,141.8,6.896153,1.6,9.9
1742907967.805000,45.293409,6.555035,2218.170367,141.5,6.503427,1.6,9.9
1742907969.805000,45.293339,6.555171,2217.336945,131.2,6.681230,1.6,9.9
1742907971.805000,45.293276,6.555325,2216.111165,128.9,6.918127,1.6,9.9
1742907973.805000,45.293223,6.555485,2215.200017,123.3,6.949315,1.6,9.9
1742907975.805000,45.293180,6.555664,2212.778015,122.8,7.273867,1.6,9.9
1742907977.805000,45.293136,6.555844,2212.350196,83.8,6.703140,1.7,9.9
1742907979.804000,45.293134,6.556065,2210.320450,89.9,9.122725,1.7,9.9
1742907980.804000,45.293129,6.556193,2208.241064,94.5,10.054555,1.7,9.9
1742907981.804000,45.293117,6.556327,2207.025454,97.5,10.480537,1.7,9.9
1742907982.804000,45.293104,6.556463,2204.775376,98.0,10.433033,1.7,9.9
1742907983.804000,45.293090,6.556600,2203.461020,97.0,11.231622,1.7,9.9
1742907984.805000,45.293079,6.556746,2201.252702,94.0,11.130562,1.7,9.9
1742907985.804000,45.293075,6.556890,2199.748482,89.0,11.237812,1.7,9.9
1742907986.804000,45.293078,6.557032,2198.313891,86.0,10.516047,1.7,9.9
1742907987.804000,45.293084,6.557159,2197.624295,80.1,9.378191,1.7,9.9
1742907989.805000,45.293123,6.557408,2197.283447,74.0,10.747047,1.8,9.9
1742907990.805000,45.293151,6.557543,2195.808234,72.9,10.749330,1.8,9.9
1742907991.804000,45.293187,6.557675,2194.653886,62.1,10.607916,1.8,9.9
1742907992.805000,45.293231,6.557791,2193.928037,50.2,10.008503,1.8,9.9
1742907993.805000,45.293279,6.557902,2193.266392,44.1,10.373450,1.8,9.9
1742907994.804000,45.293328,6.558018,2192.472264,48.9,10.565632,1.8,9.9
1742907995.805000,45.293369,6.558140,2191.479666,44.1,9.939452,1.8,9.9
1742907997.805000,45.293440,6.558361,2190.211998,44.9,8.613305,1.8,9.9
1742907999.804000,45.293493,6.558550,2190.672541,40.0,7.309812,1.8,9.9
1742908001.805000,45.293533,6.558720,2191.149274,38.0,6.561747,1.8,9.9
1742908003.805000,45.293574,6.558898,2189.894128,53.8,7.546463,1.8,9.9
1742908005.805000,45.293608,6.559120,2187.800985,57.9,8.978853,1.9,9.9
1742908006.805000,45.293616,6.559248,2186.669715,72.7,9.678507,1.9,9.9
1742908007.805000,45.293609,6.559385,2183.979325,77.9,9.943354,1.9,9.9
1742908008.804000,45.293591,6.559520,2182.836426,98.6,10.524212,1.9,9.9
1742908009.805000,45.293561,6.559658,2180.263074,91.1,10.596634,1.9,9.9
1742908010.805000,45.293541,6.559798,2179.038019,91.0,10.952003,1.9,9.9
1742908011.805000,45.293522,6.559943,2178.314858,90.0,11.673949,1.9,9.9
1742908012.805000,45.293506,6.560098,2175.475546,94.0,12.375321,1.9,9.9
1742908013.804000,45.293484,6.560259,2172.395121,97.0,12.664725,1.9,9.9
1742908014.805000,45.293463,6.560416,2169.508158,102.9,12.338314,1.9,9.9
1742908015.804000,45.293436,6.560564,2167.473932,101.0,11.877707,1.9,9.9
1742908016.805000,45.293418,6.560706,2167.159036,100.0,11.467158,1.9,9.9
1742908017.804000,45.293400,6.560846,2165.977086,103.0,11.265234,1.9,9.9
1742908018.805000,45.293379,6.560978,2164.377032,101.0,10.329269,1.9,9.9
1742908020.805000,45.293350,6.561171,2164.477139,108.0,5.750311,2.0,9.9
1742908022.804000,45.293316,6.561324,2165.033320,100.0,6.749889,2.0,9.9
1742908024.805000,45.293322,6.561521,2163.460255,79.0,8.079907,1.4,9.9
1742908026.805000,45.293384,6.561730,2161.310276,61.0,9.119962,1.4,9.9
1742908028.805000,45.293435,6.561950,2159.076035,76.0,7.900445,1.4,9.9
1742908030.804000,45.293469,6.562093,2159.057302,69.0,4.580125,1.4,9.9
1742908034.804000,45.293496,6.562217,2160.372502,83.3,0.695358,1.4,9.9
1742908041.805000,45.293583,6.562264,2159.160845,27.8,5.965065,1.4,9.9
1742908043.805000,45.293645,6.562382,2155.191793,119.9,5.610762,1.4,9.9
1742908045.805000,45.293578,6.562510,2153.515402,126.0,6.370002,1.5,9.9
1742908047.804000,45.293511,6.562654,2151.745485,119.0,7.119989,1.5,9.9
1742908049.805000,45.293466,6.562828,2150.167471,93.0,7.599963,1.5,9.9
1742908051.805000,45.293487,6.563033,2148.063860,53.3,7.970043,1.5,9.9
1742908053.805000,45.293599,6.563190,2146.558581,38.0,9.121202,1.5,9.9
1742908055.805000,45.293728,6.563347,2143.285564,37.1,9.152548,1.5,9.9
1742908057.805000,45.293877,6.563417,2140.407767,359.7,7.740503,1.5,9.9
1742908059.805000,45.294037,6.563328,2138.886032,339.0,9.859357,1.5,9.9
1742908060.805000,45.294135,6.563312,2135.831688,3.8,11.097035,1.6,9.9
1742908061.805000,45.294233,6.563326,2134.031644,4.0,10.081971,1.6,9.9
1742908062.805000,45.294330,6.563323,2132.000244,354.0,11.664907,1.6,9.9
1742908063.804000,45.294436,6.563277,2128.995407,334.0,13.155562,1.6,9.9
1742908064.805000,45.294544,6.563200,2125.408619,336.9,13.079518,1.6,9.9
1742908065.805000,45.294661,6.563152,2121.032799,352.0,13.258125,1.6,9.9
1742908066.804000,45.294772,6.563117,2118.885473,341.0,11.675047,1.6,9.9
1742908067.805000,45.294866,6.563052,2117.303370,329.1,11.967810,1.6,9.9
1742908068.805000,45.294952,6.562965,2114.489709,324.0,12.059518,1.6,9.9
1742908070.804000,45.295018,6.562832,2113.942826,284.0,3.271308,1.6,9.9
1742908073.805000,45.295111,6.562716,2113.267736,323.0,2.810493,1.4,9.9
1742908086.805000,45.295195,6.562665,2113.224769,313.2,0.220340,1.4,7.5
1742908096.805000,45.295144,6.562539,2112.909502,234.6,1.308878,1.4,3.8
1742908105.805000,45.295074,6.562450,2112.556365,212.5,1.248224,1.4,3.8
1742908176.805000,45.294966,6.562395,2111.259195,140.1,2.333171,1.4,10.0
1742908179.805000,45.294855,6.562443,2112.266932,149.2,4.262148,1.4,9.9
1742908182.805000,45.294743,6.562516,2112.121717,150.0,3.850098,1.5,9.9
1742908186.805000,45.294647,6.562599,2114.825354,150.4,3.159691,1.5,9.9
1742908191.805000,45.294564,6.562667,2119.343150,153.3,1.656906,1.5,9.9
1742908198.805000,45.294489,6.562747,2123.335544,152.0,1.590846,1.6,3.8
1742908206.805000,45.294397,6.562811,2128.876409,144.5,1.441734,1.6,3.8
1742908212.804000,45.294324,6.562887,2131.324459,139.6,2.283395,1.7,3.8
1742908216.805000,45.294247,6.562960,2131.648292,149.0,2.977690,1.7,3.8
1742908219.803000,45.294165,6.563029,2133.700195,147.0,3.948963,1.7,3.8
1742908222.805000,45.294070,6.563112,2137.540426,148.8,4.082976,1.7,3.8
1742908225.804000,45.293967,6.563200,2140.740309,150.6,4.370799,1.8,3.8
1742908228.804000,45.293879,6.563286,2143.835845,140.1,4.016739,1.8,3.8
1742908231.804000,45.293767,6.563368,2152.006772,151.3,4.586154,1.8,3.8
1742908234.804000,45.293667,6.563448,2149.511757,147.0,4.409053,1.8,3.8
1742908237.804000,45.293562,6.563535,2151.251701,152.7,4.544621,1.8,3.8
1742908240.803000,45.293458,6.563600,2152.871609,162.2,4.034679,1.9,3.8
1742908243.804000,45.293356,6.563692,2154.778676,150.1,4.569766,1.9,3.8
1742908246.804000,45.293262,6.563788,2156.588685,147.3,4.021076,1.9,3.8
1742908249.804000,45.293166,6.563875,2160.884923,150.6,4.282265,1.9,3.8
1742908269.803000,45.293118,6.563922,2164.667884,-1.0,0.000000,1.4,3.8
1742908269.803000,45.293118,6.563922,2164.667884,-1.0,0.000000,1.4,3.8
1742908290.804000,45.293091,6.563947,2166.232505,144.6,1.672559,1.4,3.9
1742908298.803000,45.293002,6.564012,2169.227188,150.3,1.360838,1.4,9.9
1742908306.803000,45.292920,6.564078,2172.767818,151.0,1.129628,1.4,9.9
1742908312.804000,45.292837,6.564149,2175.428381,148.8,2.257568,1.4,9.9
1742908316.803000,45.292755,6.564222,2179.404066,147.7,2.981132,1.4,9.9
1742908319.804000,45.292671,6.564297,2181.725899,147.6,3.897732,1.4,9.9
1742908322.803000,45.292571,6.564380,2182.776867,147.6,4.522220,1.4,9.9
1742908325.802000,45.292465,6.564470,2183.928862,148.0,4.492857,1.4,9.9
1742908328.803000,45.292365,6.564552,2186.277009,148.0,4.264752,1.4,9.9
1742908331.804000,45.292259,6.564642,2185.891729,148.0,4.371001,1.4,9.9
1742908334.803000,45.292157,6.564728,2185.092496,148.0,4.270664,1.4,9.9
1742908337.803000,45.292055,6.564818,2184.266264,144.0,4.450886,1.4,10.0
1742908340.804000,45.291960,6.564913,2184.124744,142.0,4.409443,1.4,10.1
1742908343.804000,45.291849,6.564985,2185.179803,156.0,4.380636,1.4,10.1
1742908346.803000,45.291747,6.565067,2185.468908,148.0,4.559976,1.4,10.0
1742908349.803000,45.291642,6.565158,2185.512961,149.0,4.350429,1.4,9.9
1742908352.804000,45.291543,6.565245,2186.808310,148.0,4.409646,1.4,9.9
1742908355.803000,45.291439,6.565336,2187.536612,148.0,4.490283,1.4,9.9
1742908358.803000,45.291340,6.565421,2188.790322,148.0,4.280002,1.4,9.9
1742908361.803000,45.291235,6.565509,2190.429623,148.0,4.599725,1.4,10.0
1742908364.804000,45.291135,6.565593,2191.956051,149.0,4.060761,1.4,10.1
1742908367.804000,45.291032,6.565680,2193.623557,149.0,4.609738,1.4,10.2
1742908370.803000,45.290930,6.565764,2196.385131,149.3,4.147852,1.4,10.3
1742908373.804000,45.290830,6.565848,2198.762011,148.9,4.461328,1.4,10.1
1742908376.804000,45.290728,6.565936,2201.308586,149.1,4.307178,1.4,10.0
1742908379.803000,45.290633,6.566018,2205.500981,148.9,4.261493,1.4,10.0
1742908382.804000,45.290534,6.566106,2208.828084,149.0,4.210443,1.4,10.1
1742908385.804000,45.290436,6.566188,2213.579231,148.1,4.310751,1.4,10.3
1742908388.804000,45.290333,6.566273,2216.190816,148.2,4.355318,1.4,10.2
1742908391.804000,45.290234,6.566356,2220.781506,149.0,4.181789,1.4,10.2
1742908394.803000,45.290138,6.566438,2224.611601,149.0,4.124946,1.4,10.3
1742908397.804000,45.290058,6.566506,2228.790523,148.5,3.176327,1.4,10.3
1742908401.803000,45.289973,6.566579,2234.264029,148.3,2.697545,1.4,10.4
1742908407.804000,45.289891,6.566646,2237.753050,152.0,1.481986,1.4,10.5
1742908415.804000,45.289810,6.566729,2243.777270,157.0,1.270405,1.4,9.9
1742908423.804000,45.289721,6.566800,2249.236480,148.0,1.618325,1.4,9.9
1742908428.804000,45.289624,6.566884,2253.549744,150.0,2.898768,1.4,9.9
1742908432.804000,45.289520,6.566975,2256.147065,149.0,3.928687,1.4,9.9
1742908435.803000,45.289426,6.567056,2258.915255,149.0,4.169104,1.4,9.9
1742908438.803000,45.289322,6.567144,2262.557145,149.0,4.390000,1.4,9.9
1742908441.804000,45.289225,6.567224,2265.850726,149.0,3.950173,1.4,9.9
1742908444.803000,45.289124,6.567308,2270.007405,149.0,4.479884,1.4,9.9
1742908447.803000,45.289031,6.567388,2274.527933,149.0,3.671257,1.4,9.9
1742908450.804000,45.288932,6.567472,2279.304616,149.0,4.500417,1.4,9.9
1742908453.804000,45.288840,6.567549,2284.829534,149.0,3.740798,1.4,9.9
1742908456.803000,45.288743,6.567629,2290.653673,149.0,4.419563,1.4,9.9
1742908459.804000,45.288649,6.567710,2295.533206,149.0,4.049185,1.4,9.9
1742908462.804000,45.288558,6.567785,2301.727842,149.0,4.157567,1.4,9.9
1742908465.804000,45.288462,6.567864,2307.300239,149.0,3.810637,1.4,9.9
1742908468.804000,45.288364,6.567946,2311.753153,149.0,3.881667,1.4,9.9
1742908471.804000,45.288263,6.568031,2316.609254,149.0,4.072532,1.4,9.9
1742908474.804000,45.288170,6.568108,2321.149247,148.0,4.070433,1.4,9.9
1742908477.803000,45.288074,6.568189,2326.066229,147.0,4.250538,1.4,9.9
1742908480.803000,45.287977,6.568275,2330.169071,148.0,4.150367,1.4,9.9
1742908483.804000,45.287880,6.568356,2333.151391,148.0,4.299560,1.4,9.9
1742908486.803000,45.287781,6.568438,2338.601270,151.0,4.159963,1.4,9.9
1742908489.804000,45.287684,6.568524,2342.400609,145.0,4.221587,1.4,9.9
1742908492.804000,45.287595,6.568609,2347.015640,148.0,4.221765,1.4,9.9
1742908495.803000,45.287504,6.568688,2352.405508,148.1,3.984855,1.4,9.9
1742908498.803000,45.287415,6.568760,2359.287381,148.7,3.979362,1.4,9.9
1742908501.804000,45.287325,6.568832,2365.451560,147.9,3.785144,1.4,9.9
1742908504.804000,45.287236,6.568902,2372.710112,149.1,3.826076,1.4,9.9
1742908507.804000,45.287152,6.568982,2379.214219,135.8,3.713908,1.4,9.9
1742908510.804000,45.287074,6.569070,2388.800772,137.3,3.756042,1.4,9.9
1742908513.804000,45.286976,6.569151,2393.426133,145.8,3.856017,1.4,9.9
1742908516.804000,45.286875,6.569221,2399.984919,151.1,3.750496,1.4,9.9
1742908519.804000,45.286778,6.569293,2406.269276,152.9,3.983613,1.4,9.9
1742908522.804000,45.286684,6.569368,2412.756159,154.1,3.880295,1.4,9.9
1742908525.804000,45.286596,6.569443,2418.518744,155.0,3.909394,1.4,9.9
1742908528.804000,45.286497,6.569524,2425.193637,155.0,4.319981,1.4,9.9
1742908531.803000,45.286405,6.569602,2430.120450,155.0,4.208323,1.4,9.9
1742908534.803000,45.286311,6.569682,2435.038072,155.0,4.149499,1.4,9.9
1742908537.804000,45.286219,6.569760,2441.302401,155.0,3.969810,1.4,9.9
1742908540.803000,45.286128,6.569840,2446.073235,155.0,4.078663,1.4,9.9
1742908543.804000,45.286035,6.569921,2451.939176,154.0,3.910434,1.4,9.9
1742908546.804000,45.285943,6.570000,2457.904188,154.0,3.949765,1.4,9.9
1742908549.804000,45.285842,6.570087,2463.730948,152.0,4.340622,1.4,9.9
1742908552.802000,45.285745,6.570171,2467.431577,152.0,4.239513,1.4,9.9
1742908555.803000,45.285648,6.570257,2471.532535,151.0,4.319765,1.4,9.9
1742908558.804000,45.285551,6.570340,2475.420361,150.0,4.070637,1.4,9.9
1742908561.804000,45.285455,6.570422,2480.121194,150.0,4.249547,1.4,9.9
1742908564.804000,45.285359,6.570505,2484.593561,149.0,4.100482,1.4,9.9
1742908567.804000,45.285264,6.570584,2489.471832,150.0,4.129475,1.4,9.9
1742908570.804000,45.285166,6.570667,2494.463112,148.0,4.130522,1.4,9.9
1742908573.804000,45.285074,6.570748,2500.345787,148.0,3.969792,1.4,9.9
1742908576.803000,45.284980,6.570830,2505.516101,148.0,4.129489,1.4,9.9
1742908579.803000,45.284887,6.570909,2511.805611,148.0,3.950280,1.4,9.9
1742908582.804000,45.284796,6.570984,2517.728601,149.0,3.999708,1.4,9.9
1742908585.804000,45.284700,6.571065,2523.154311,148.2,4.309539,1.4,9.9
1742908588.804000,45.284603,6.571147,2526.777504,148.7,4.267999,1.4,9.9
1742908591.804000,45.284506,6.571230,2530.875130,149.7,4.214289,1.4,9.9
1742908594.804000,45.284413,6.571312,2535.535516,145.2,4.156446,1.4,9.9
1742908597.804000,45.284319,6.571396,2540.441606,145.9,4.231082,1.4,9.9
1742908600.804000,45.284217,6.571480,2543.516139,148.1,4.242199,1.4,9.9
1742908603.804000,45.284116,6.571561,2546.445096,147.5,4.279244,1.4,9.9
1742908606.804000,45.284015,6.571647,2549.586853,148.1,4.311441,1.4,9.9
1742908609.804000,45.283914,6.571727,2552.286332,152.9,4.232164,1.4,9.9
1742908612.804000,45.283809,6.571798,2555.275334,166.2,4.334943,1.4,9.9
1742908615.804000,45.283704,6.571855,2556.867521,161.3,4.277530,1.4,9.9
1742908618.804000,45.283604,6.571962,2558.276598,153.2,4.386027,1.4,9.9
1742908621.804000,45.283506,6.572062,2559.717234,151.1,4.342071,1.4,9.9
1742908624.804000,45.283406,6.572156,2561.932405,150.0,4.364375,1.4,9.9
1742908627.804000,45.283306,6.572246,2563.760702,148.2,4.353631,1.4,9.9
1742908630.804000,45.283209,6.572336,2566.279119,148.0,4.374482,1.4,9.9
1742908633.803000,45.283111,6.572424,2568.035306,148.0,4.347394,1.4,9.9
1742908636.804000,45.283012,6.572507,2570.684357,147.8,4.331706,1.4,9.9
1742908639.804000,45.282914,6.572592,2573.752034,148.0,4.302134,1.4,9.9
1742908642.804000,45.282816,6.572676,2576.806668,147.0,4.279574,1.4,9.9
1742908645.804000,45.282713,6.572764,2578.494078,147.7,4.306293,1.4,9.9
1742908648.804000,45.282608,6.572855,2580.929764,148.1,4.717836,1.4,9.9
1742908651.804000,45.282513,6.572937,2580.841608,148.9,3.891208,1.4,10.0
1742908661.803000,45.282464,6.573100,2580.236206,86.2,3.376730,1.4,10.2
1742908664.804000,45.282485,6.573256,2580.615601,65.4,3.840950,1.4,9.9
1742908667.804000,45.282561,6.573344,2579.347212,343.2,3.388659,1.4,9.9
1742908670.804000,45.282658,6.573327,2577.921558,328.9,4.329297,1.4,9.9
1742908672.804000,45.282760,6.573295,2574.645674,1.6,6.000487,1.4,9.9
1742908674.804000,45.282869,6.573295,2572.436579,324.8,5.161875,1.4,9.9
1742908676.804000,45.282946,6.573224,2570.736818,358.6,5.138950,1.4,9.9
1742908679.803000,45.283090,6.573239,2568.006741,351.2,7.643165,1.4,9.9
1742908681.804000,45.283232,6.573112,2562.725321,324.1,9.300052,1.4,9.9
1742908682.804000,45.283329,6.573059,2559.776729,343.2,11.109103,1.4,9.9
1742908683.804000,45.283449,6.573068,2557.274240,9.8,13.574972,1.4,9.9
1742908684.804000,45.283570,6.573133,2551.453363,26.8,14.381326,1.4,9.9
1742908685.804000,45.283686,6.573227,2548.106073,30.0,14.976007,1.4,9.9
1742908686.804000,45.283792,6.573335,2543.682960,42.9,14.102775,1.4,9.9
1742908687.803000,45.283875,6.573462,2540.768990,49.0,13.035024,1.4,9.9
1742908688.803000,45.283954,6.573581,2539.994060,40.1,12.996803,1.4,9.9
1742908689.802000,45.284052,6.573679,2538.731619,30.2,14.015914,1.4,9.9
1742908690.803000,45.284155,6.573779,2536.995892,43.8,13.620234,1.4,9.9
1742908691.802000,45.284240,6.573896,2534.815339,40.1,12.644896,1.3,9.9
1742908692.803000,45.284328,6.573986,2533.697163,29.0,11.500158,1.3,9.9
1742908693.802000,45.284417,6.574048,2532.975637,23.0,10.620560,1.4,9.9
1742908694.803000,45.284501,6.574100,2535.090462,24.0,10.180424,1.4,9.9
1742908696.802000,45.284667,6.574207,2535.438995,22.0,10.529954,1.3,9.9
1742908697.803000,45.284757,6.574253,2532.566917,17.0,10.669982,1.3,9.9
1742908698.803000,45.284852,6.574288,2530.542247,12.0,10.869978,1.3,9.9
1742908699.803000,45.284948,6.574314,2528.717029,9.0,10.849983,1.3,9.9
1742908700.803000,45.285042,6.574332,2527.871712,5.0,10.280685,1.4,9.9
1742908701.803000,45.285133,6.574340,2527.370018,1.0,10.100039,1.3,9.9
1742908703.803000,45.285302,6.574334,2528.221512,356.0,9.100044,1.3,9.9
1742908705.803000,45.285458,6.574316,2527.484115,351.1,8.683690,1.4,9.9
1742908707.803000,45.285606,6.574300,2526.522880,360.0,7.969619,1.4,9.9
1742908709.802000,45.285743,6.574305,2525.277366,359.0,7.594058,1.4,9.9
1742908711.803000,45.285875,6.574312,2524.863191,29.6,7.238966,1.4,9.9
1742908713.803000,45.285999,6.574330,2523.960971,6.0,7.060006,1.4,9.9
1742908715.802000,45.286108,6.574354,2524.138065,16.0,5.740043,1.4,9.9
1742908717.802000,45.286193,6.574400,2524.496144,21.0,4.520042,1.4,9.9
1742908720.802000,45.286298,6.574460,2523.712810,26.0,4.010883,1.4,9.9
1742908723.802000,45.286394,6.574556,2522.644627,40.0,4.923364,1.4,9.9
1742908725.802000,45.286462,6.574659,2521.491344,65.8,5.458872,1.4,9.9
1742908727.803000,45.286519,6.574788,2519.716194,63.9,6.112507,1.4,9.9
1742908729.802000,45.286563,6.574938,2517.483165,70.0,6.644140,1.4,9.9
1742908731.803000,45.286609,6.575097,2517.229043,69.0,6.838235,1.4,9.9
1742908733.802000,45.286636,6.575260,2515.579574,95.9,6.168958,1.4,9.9
1742908735.802000,45.286629,6.575399,2514.761308,113.9,5.406799,1.4,9.9
1742908737.802000,45.286610,6.575532,2513.614991,110.0,5.685738,1.3,9.9
1742908739.801000,45.286578,6.575680,2512.613968,104.1,6.570156,1.4,9.9
1742908741.803000,45.286526,6.575852,2511.248652,117.0,7.711169,1.4,9.9
1742908743.802000,45.286440,6.576034,2509.323291,130.0,8.598012,1.4,9.9
1742908745.803000,45.286353,6.576227,2507.450381,114.1,9.133439,1.4,9.9
1742908747.803000,45.286269,6.576438,2505.522308,118.1,9.445632,1.4,9.9
1742908749.803000,45.286198,6.576660,2502.979386,97.2,9.058858,1.3,9.9
1742908751.803000,45.286166,6.576875,2501.490706,100.0,8.250033,1.3,9.9
1742908753.803000,45.286148,6.577042,2501.336613,69.2,5.934348,1.3,9.9
1742908773.802000,45.286159,6.577103,2501.563762,51.5,0.000000,1.4,8.9
1742908773.802000,45.286159,6.577103,2501.563762,51.5,0.000000,1.4,8.9
1742908792.226000,45.286156,6.577106,2496.905762,-1.0,0.011612,5.7,7.3
1742908823.803000,45.286094,6.577199,2495.432218,114.4,2.571014,1.6,3.0
1742908826.803000,45.286032,6.577335,2494.118146,130.0,3.785556,1.6,3.0
1742908828.802000,45.285933,6.577427,2493.075539,139.8,5.780328,1.6,3.3
1742908830.802000,45.285843,6.577530,2491.690708,142.7,6.112655,1.6,3.5
1742908832.803000,45.285746,6.577641,2490.162492,144.6,6.475078,1.6,3.8
1742908834.802000,45.285657,6.577769,2488.835283,148.7,6.849137,1.7,3.8
1742908836.803000,45.285565,6.577908,2486.622563,138.7,7.117268,1.7,3.8
1742908838.803000,45.285507,6.578088,2485.538364,125.1,7.817078,1.7,3.8
1742908840.803000,45.285449,6.578245,2483.683140,82.9,6.014441,1.7,3.8
1742908842.803000,45.285487,6.578379,2482.713539,38.9,5.830514,1.7,3.8
1742908843.803000,45.285618,6.578367,2478.235427,8.5,10.266602,1.7,3.8
1742908844.803000,45.285737,6.578356,2474.041833,356.2,11.473116,1.7,3.8
1742908845.802000,45.285848,6.578337,2472.149742,347.1,12.486091,1.7,3.8
1742908846.802000,45.285963,6.578294,2469.101212,342.0,13.245654,1.7,3.8
1742908847.803000,45.286074,6.578252,2466.338785,345.0,13.040025,1.8,3.8
1742908848.802000,45.286185,6.578225,2463.731269,352.0,12.530087,1.8,3.8
1742908850.803000,45.286319,6.578114,2461.001394,326.0,7.370783,1.8,3.8
1742908852.803000,45.286421,6.578097,2460.802002,339.0,5.739272,1.8,3.8
1742908854.801000,45.286491,6.578006,2460.019759,302.0,4.510136,1.8,4.8
1742908857.803000,45.286622,6.577978,2458.704951,2.2,6.034761,1.6,8.7
1742908859.802000,45.286757,6.578053,2455.838120,36.0,9.889075,1.6,9.9
1742908860.802000,45.286838,6.578112,2452.753026,15.0,10.207010,1.6,9.9
1742908861.803000,45.286933,6.578135,2451.118597,7.0,10.506113,1.6,9.9
1742908862.803000,45.287027,6.578150,2448.077512,3.0,10.827202,1.6,9.9
1742908863.802000,45.287130,6.578180,2443.654075,15.9,12.320319,1.6,9.9
1742908864.803000,45.287242,6.578229,2441.847925,14.0,13.201026,1.6,9.9
1742908865.802000,45.287353,6.578260,2440.740918,5.0,11.930989,1.6,9.9
1742908866.802000,45.287455,6.578293,2439.713310,20.0,11.410098,1.6,9.9
1742908867.803000,45.287550,6.578327,2438.833195,1.0,10.600050,1.6,9.9
1742908868.803000,45.287644,6.578333,2438.251814,5.0,10.014523,1.6,9.9
1742908870.803000,45.287798,6.578379,2437.223433,13.0,10.042544,1.7,9.9
1742908871.803000,45.287886,6.578424,2436.823522,20.0,10.539422,1.7,9.9
1742908872.802000,45.287976,6.578456,2436.659495,5.0,10.289968,1.7,9.9
1742908873.802000,45.288068,6.578466,2435.320236,7.0,10.290001,1.7,9.9
1742908875.803000,45.288231,6.578522,2434.165240,22.0,8.860044,1.7,9.9
1742908877.803000,45.288382,6.578591,2432.024011,12.1,8.647030,1.7,9.9
1742908879.803000,45.288522,6.578625,2431.093741,10.9,7.757040,1.7,9.9
1742908881.803000,45.288663,6.578631,2430.256722,351.0,7.680125,1.7,9.9
1742908883.803000,45.288771,6.578624,2430.642516,16.0,4.160265,1.7,9.9
1742908886.803000,45.288857,6.578687,2429.536264,21.0,4.609830,1.6,9.9
1742908888.802000,45.288950,6.578724,2427.977872,12.0,5.390007,1.6,9.9
1742908891.803000,45.289071,6.578734,2427.733695,352.0,4.206643,1.6,9.9
1742908894.802000,45.289178,6.578730,2427.053400,36.9,1.800123,1.6,9.9
1742908899.803000,45.289259,6.578798,2424.879819,19.1,2.216558,1.7,9.9
1742908904.803000,45.289353,6.578855,2423.085512,24.0,4.079937,1.7,9.9
1742908907.803000,45.289471,6.578920,2422.335036,21.9,5.095420,1.7,9.9
1742908909.802000,45.289557,6.578986,2420.847420,68.8,5.249452,1.7,9.9
1742908911.802000,45.289634,6.579060,2420.043441,78.9,5.231110,1.7,9.9
1742908913.803000,45.289712,6.579134,2368.030922,69.2,5.156750,6.7,9.9
1742908915.803000,45.289801,6.579201,2367.181276,95.4,5.017838,6.7,9.9
1742908918.803000,45.289888,6.579314,2366.034490,43.5,4.901370,6.5,9.9
1742908920.803000,45.289972,6.579408,2365.015714,38.0,5.288180,6.5,9.9
1742908923.803000,45.289993,6.579554,2363.840885,53.0,3.964760,6.6,9.9
1742908926.803000,45.290002,6.579759,2362.241993,64.9,6.196440,6.6,9.9
1742908928.803000,45.290005,6.579952,2359.723339,48.2,7.608307,6.6,9.9
1742908930.803000,45.290035,6.580152,2356.427959,42.8,7.981511,6.6,9.9
1742908932.802000,45.290117,6.580338,2351.494847,346.4,8.644510,6.6,9.9
1742908934.803000,45.290272,6.580396,2347.581155,18.0,10.209322,6.6,9.9
1742908935.803000,45.290361,6.580458,2346.097687,19.0,10.789580,6.6,9.9
1742908936.803000,45.290458,6.580488,2343.146686,359.0,11.148908,6.6,9.9
1742908937.802000,45.290557,6.580513,2340.323498,21.0,11.779327,6.6,9.9
1742908938.803000,45.290658,6.580554,2338.178467,8.0,11.899787,6.6,9.9
1742908939.803000,45.290765,6.580562,2335.596596,358.0,12.079842,6.7,9.9
1742908940.803000,45.290874,6.580573,2334.101421,9.0,12.249897,6.7,9.9
1742908941.802000,45.290984,6.580608,2333.001728,13.0,12.789790,6.7,9.9
1742908942.803000,45.291095,6.580648,2330.928738,14.0,12.919940,6.7,9.9
1742908943.803000,45.291208,6.580684,2328.532789,12.0,12.929852,6.7,9.9
1742908944.803000,45.291324,6.580700,2326.756734,359.0,12.839893,6.7,9.9
1742908945.803000,45.291433,6.580679,2325.023697,346.0,11.750214,6.7,9.9
1742908946.803000,45.291531,6.580641,2322.629392,346.0,11.150100,6.7,9.9
1742908947.803000,45.291630,6.580636,2321.164662,9.0,10.999916,6.7,9.9
1742908948.802000,45.291729,6.580663,2321.009951,9.0,11.039982,6.7,9.9
1742908949.803000,45.291826,6.580668,2319.854868,356.0,10.700018,6.7,9.9
1742908950.802000,45.291915,6.580634,2318.925413,337.0,10.500010,6.8,9.9
1742908951.802000,45.291995,6.580569,2317.419388,331.1,10.156500,6.8,9.9
1742908953.803000,45.292138,6.580438,2316.335570,335.9,8.984913,6.7,9.9
1742908955.803000,45.292284,6.580397,2315.857277,339.1,8.460392,6.8,9.9
1742908957.802000,45.292452,6.580401,2313.718339,327.2,10.033143,6.8,9.9
1742908958.803000,45.292543,6.580403,2310.946688,1.3,10.119963,6.8,9.9
1742908959.803000,45.292638,6.580421,2309.667290,355.1,10.050392,6.8,9.9
1742908961.803000,45.292801,6.580498,2306.953235,26.7,9.367599,6.8,9.9
1742908963.803000,45.292955,6.580589,2303.959361,20.0,8.792150,6.8,9.9
1742908965.802000,45.293054,6.580756,2300.854027,37.3,8.951527,6.9,9.9
1742908967.803000,45.293182,6.580942,2295.853956,18.1,10.243997,6.9,9.9
1742908968.802000,45.293247,6.581041,2295.165654,10.1,10.429738,6.9,9.9
1742908969.803000,45.293321,6.581128,2292.526758,3.1,10.602814,6.9,9.9
1742908970.803000,45.293402,6.581202,2291.053442,353.1,10.861774,6.9,9.9
1742908971.803000,45.293489,6.581258,2288.513762,342.2,10.426696,6.9,9.9
1742908972.803000,45.293577,6.581302,2287.503443,353.8,10.493018,6.9,9.9
1742908973.802000,45.293663,6.581372,2286.563781,5.8,10.309298,6.9,9.9
1742908974.803000,45.293739,6.581451,2285.077106,20.6,9.706117,6.9,9.9
1742908976.803000,45.293896,6.581570,2283.436652,14.7,9.509312,6.9,9.9
1742908977.803000,45.293983,6.581608,2281.347512,3.5,9.578635,6.9,9.9
1742908978.802000,45.294075,6.581631,2280.604935,358.8,9.952501,6.9,9.9
1742908979.802000,45.294168,6.581648,2278.740906,356.1,10.283620,6.9,9.9
1742908980.803000,45.294264,6.581669,2277.914402,359.1,10.375401,7.0,9.9
1742908981.803000,45.294353,6.581702,2277.871984,4.6,10.010540,7.0,9.9
1742908983.802000,45.294508,6.581773,2277.423874,6.1,8.928169,7.0,9.9
1742908985.803000,45.294645,6.581813,2246.970984,5.2,8.025192,13.5,9.9
1742908987.802000,45.294770,6.581841,2246.508605,16.2,7.116505,13.5,9.9
1742908989.802000,45.294875,6.581884,2244.772171,12.3,6.245893,13.5,9.9
1742908992.802000,45.294968,6.581924,2244.603949,353.8,3.226951,13.5,9.9
1742909004.802000,45.295059,6.581964,2324.062674,36.2,0.693173,1.6,9.9
1742909024.803000,45.295109,6.582007,2332.800049,27.1,0.000000,4.9,10.1
1742909024.803000,45.295109,6.582007,2332.800049,27.1,0.000000,4.9,10.1
1742909031.802000,45.295133,6.582038,2332.800049,127.0,0.210950,3.2,10.9
1742909063.802000,45.295200,6.581942,2332.800049,278.0,0.659855,4.1,11.2
1742909070.803000,45.295283,6.582000,2332.800049,327.5,0.398661,4.1,11.8
1742909077.802000,45.295324,6.582121,2331.720282,53.7,0.846526,2.9,11.6
1742909096.803000,45.295419,6.582198,2332.075808,20.2,2.228236,3.6,10.0
1742909099.803000,45.295534,6.582230,2333.924779,11.0,2.754403,4.1,9.9
1742909103.802000,45.295639,6.582285,2339.556881,23.2,2.784972,4.4,9.9
1742909107.802000,45.295737,6.582333,2343.018831,25.5,2.883812,3.2,9.9
1742909111.802000,45.295831,6.582392,2346.552717,31.6,2.845601,4.7,9.9
1742909115.803000,45.295930,6.582445,2350.018170,31.6,2.769737,3.0,9.9
1742909119.803000,45.296035,6.582480,2353.919589,18.5,3.119710,3.9,9.9
1742909122.803000,45.296133,6.582521,2357.233724,17.3,3.807102,3.4,9.9
1742909125.803000,45.296228,6.582564,2362.318474,16.0,3.559330,3.5,9.9
1742909128.803000,45.296324,6.582610,2366.718355,16.0,3.532426,4.0,9.9
1742909131.803000,45.296413,6.582652,2371.770252,16.0,3.629040,3.4,9.9
1742909134.803000,45.296516,6.582700,2374.790997,16.0,3.555674,3.6,9.9
1742909137.803000,45.296616,6.582747,2377.028558,16.0,4.040781,4.1,9.9
1742909140.802000,45.296711,6.582792,2379.745887,16.0,3.926892,3.6,9.9
1742909143.802000,45.296811,6.582842,2382.731609,15.0,3.731117,3.6,9.9
1742909146.801000,45.296905,6.582888,2385.219941,15.0,3.789351,3.3,10.0
1742909149.802000,45.296996,6.582934,2387.747506,15.0,3.628346,3.6,10.0
1742909152.802000,45.297088,6.582978,2391.595858,15.0,3.799866,3.5,10.0
1742909155.802000,45.297180,6.583026,2393.147112,15.0,3.848025,3.9,9.9
1742909158.801000,45.297275,6.583074,2395.615374,14.0,3.699256,4.4,9.9
1742909161.800000,45.297372,6.583120,2398.041627,15.9,3.637174,3.3,9.9
1742909164.802000,45.297470,6.583168,2399.320886,16.1,3.885614,3.5,9.9
1742909167.801000,45.297566,6.583219,2398.873958,17.0,3.774695,4.1,9.9
1742909170.802000,45.297662,6.583267,2398.605922,16.9,3.778484,5.0,9.9
1742909173.801000,45.297757,6.583314,2398.464672,17.9,3.822017,3.4,9.9
1742909176.801000,45.297852,6.583360,2398.733393,16.9,3.716842,2.0,9.9
1742909179.802000,45.297949,6.583407,2398.705142,16.9,3.791891,3.6,9.9
1742909182.802000,45.298044,6.583455,2399.523066,18.1,3.831187,4.4,9.9
1742909185.802000,45.298142,6.583503,2400.285245,17.8,3.760132,3.2,9.9
1742909188.802000,45.298241,6.583554,2400.059892,19.0,3.825543,1.9,9.9
1742909191.801000,45.298338,6.583602,2400.243207,18.1,3.777306,3.2,9.9
1742909194.802000,45.298436,6.583650,2401.361111,18.0,3.766645,3.8,9.9
1742909197.800000,45.298532,6.583698,2402.205465,19.1,3.862562,3.3,9.9
1742909200.801000,45.298629,6.583746,2403.419436,18.3,3.765291,2.5,9.9
1742909203.802000,45.298727,6.583793,2404.450171,18.1,3.729218,3.7,9.9
1742909206.801000,45.298823,6.583839,2405.551366,18.9,3.821859,3.0,9.9
1742909209.802000,45.298918,6.583885,2407.218252,18.8,3.674155,2.8,9.9
1742909212.802000,45.299016,6.583934,2407.989839,17.9,3.767898,2.7,9.9
1742909215.802000,45.299114,6.583983,2408.503982,18.3,3.820699,2.2,9.9
1742909218.802000,45.299211,6.584031,2409.648472,17.9,3.734502,3.9,9.9
1742909221.802000,45.299307,6.584079,2410.985055,19.0,3.808848,3.5,9.9
1742909224.802000,45.299401,6.584129,2412.059473,18.1,3.789638,2.4,9.9
1742909227.801000,45.299496,6.584179,2413.563237,18.3,3.725506,2.3,9.9
1742909230.802000,45.299589,6.584225,2415.593911,19.5,3.615599,2.6,9.9
1742909233.801000,45.299678,6.584272,2419.751770,21.8,3.564949,3.1,9.9
1742909236.801000,45.299768,6.584318,2423.392852,18.8,3.489339,3.3,9.9
1742909239.802000,45.299860,6.584365,2427.993486,19.3,3.566216,3.4,9.9
1742909242.802000,45.299950,6.584410,2432.988041,19.8,3.536615,3.3,9.9
1742909245.801000,45.300042,6.584457,2435.912809,17.7,3.475950,2.2,9.9
1742909248.802000,45.300131,6.584501,2441.285277,18.0,3.498615,2.2,9.9
1742909251.801000,45.300218,6.584543,2446.803839,18.9,3.398020,2.5,9.9
1742909254.802000,45.300306,6.584586,2451.014854,18.0,3.375674,4.4,9.9
1742909257.801000,45.300393,6.584625,2456.652758,18.8,3.426809,3.1,9.9
1742909260.802000,45.300485,6.584670,2461.503794,18.0,3.878626,2.9,9.9
1742909263.802000,45.300580,6.584718,2464.674266,18.0,3.769284,2.7,9.9
1742909266.802000,45.300673,6.584762,2467.731994,18.0,3.807536,2.2,9.9
1742909269.802000,45.300765,6.584809,2470.392678,18.0,3.599806,2.5,9.9
1742909272.801000,45.300859,6.584856,2474.292102,18.0,3.679895,2.8,9.9
1742909276.802000,45.300971,6.584912,2480.188029,19.0,3.477244,5.1,9.9
1742909280.801000,45.301082,6.584969,2488.378452,19.0,3.359279,2.9,9.9
1742909283.802000,45.301168,6.585010,2494.063643,19.0,3.260150,2.4,9.9
1742909286.802000,45.301254,6.585052,2500.426506,18.0,3.240478,2.2,9.9
1742909290.802000,45.301365,6.585101,2509.713094,18.0,3.368117,3.5,9.9
1742909294.802000,45.301477,6.585153,2516.549104,18.1,3.229234,3.8,9.9
1742909298.802000,45.301584,6.585203,2526.726595,17.9,3.073590,3.3,9.9
1742909302.801000,45.301689,6.585258,2535.468256,17.8,3.078167,2.6,9.9
1742909306.801000,45.301794,6.585313,2545.986819,18.7,3.032621,3.0,9.9
1742909310.802000,45.301909,6.585372,2554.719305,19.1,3.586810,2.2,9.9
1742909313.801000,45.301997,6.585414,2559.661332,18.4,3.619411,2.4,9.9
1742909316.802000,45.302085,6.585458,2563.831834,19.0,3.383432,4.4,9.9
1742909319.802000,45.302173,6.585501,2568.479421,18.8,3.460155,5.3,9.9
1742909322.802000,45.302259,6.585542,2574.194864,18.9,3.452568,2.4,9.9
1742909325.802000,45.302345,6.585585,2579.381417,18.9,3.342982,1.8,9.9
1742909328.801000,45.302432,6.585628,2585.104816,19.0,3.371070,1.8,9.9
1742909331.801000,45.302520,6.585673,2590.892255,19.3,3.742875,2.9,9.9
1742909334.802000,45.302615,6.585721,2593.634312,18.1,3.530105,4.0,9.9
1742909337.802000,45.302716,6.585769,2595.944351,18.8,3.801204,4.5,10.0
1742909340.801000,45.302814,6.585815,2596.160794,18.1,3.792153,3.5,10.0
1742909343.801000,45.302911,6.585864,2595.800049,18.9,3.742060,4.0,9.9
1742909346.802000,45.303006,6.585912,2595.800049,19.0,3.816985,3.9,9.9
1742909349.802000,45.303101,6.585961,2598.477537,19.0,3.758625,4.5,9.9
1742909352.802000,45.303196,6.586009,2599.213827,19.9,3.721423,4.6,9.9
1742909355.802000,45.303289,6.586057,2600.644272,19.1,3.812179,3.3,9.9
1742909358.802000,45.303383,6.586105,2601.973360,19.9,3.713626,3.5,9.9
1742909361.802000,45.303478,6.586153,2603.750737,19.8,3.714879,4.0,9.9
1742909364.802000,45.303575,6.586201,2605.361597,19.1,3.779642,6.9,9.9
1742909367.802000,45.303674,6.586249,2607.124869,18.9,3.697286,7.1,9.9
1742909370.800000,45.303772,6.586297,2609.485982,19.9,3.721574,3.9,9.9
1742909373.802000,45.303868,6.586342,2612.002308,19.1,3.745449,1.9,9.9
1742909376.801000,45.303964,6.586386,2613.641323,18.8,3.640317,4.0,9.9
1742909379.802000,45.304057,6.586432,2615.500244,19.0,3.689332,3.7,9.9
1742909382.801000,45.304150,6.586477,2618.968368,19.0,3.640499,5.9,9.9
1742909385.802000,45.304245,6.586518,2622.530523,19.0,3.797948,3.5,9.9
1742909388.802000,45.304345,6.586556,2623.073552,11.0,3.641591,4.0,9.9
1742909391.801000,45.304438,6.586601,2623.884106,10.0,3.749696,3.9,9.9
1742909394.801000,45.304532,6.586644,2625.738906,14.0,3.750207,5.9,9.9
1742909397.802000,45.304626,6.586694,2627.057742,16.0,3.759840,4.9,9.9
1742909400.802000,45.304718,6.586738,2628.437612,15.0,3.710527,4.8,9.9
1742909403.802000,45.304811,6.586786,2630.220474,16.0,3.650918,4.2,9.9
1742909406.802000,45.304897,6.586832,2631.510962,16.9,2.614366,4.1,9.9
1742909410.802000,45.305006,6.586894,2631.920949,19.9,2.775679,3.1,9.9
1742909419.801000,45.305124,6.586934,2631.710657,10.0,3.159870,7.2,10.0
1742909423.802000,45.305229,6.586876,2629.519004,308.0,3.129169,7.6,9.9
1742909426.802000,45.305264,6.586699,2627.736051,249.4,5.691266,3.5,9.9
1742909428.801000,45.305184,6.586591,2624.464130,213.2,5.802632,2.1,9.9
1742909430.800000,45.305083,6.586569,2621.654206,196.9,5.160392,3.4,9.9
1742909433.802000,45.304966,6.586528,2618.204451,201.9,4.401189,7.9,9.9
1742909436.802000,45.304872,6.586439,2621.295715,224.9,3.624810,5.3,9.9
1742909442.802000,45.304830,6.586323,2620.730757,256.1,0.664092,6.3,9.9
1742909462.802000,45.304919,6.586291,2621.248317,3.9,0.271867,4.6,9.9
1742909529.802000,45.305012,6.586279,2604.198784,4.7,0.369609,1.3,9.9
1742909599.802000,45.305204,6.586292,2603.575878,0.0,4.945684,1.4,26.2
1742909601.802000,45.305319,6.586301,2602.359890,5.3,2.991955,1.4,13.7
1742909605.802000,45.305422,6.586320,2608.065915,6.1,3.079780,1.3,9.9
1742909609.802000,45.305526,6.586326,2619.151733,2.9,3.037170,10.5,9.9
1742909613.801000,45.305641,6.586338,2622.776444,15.1,3.316681,8.8,9.9
1742909617.802000,45.305753,6.586374,2624.451175,52.6,3.439335,8.6,9.9
1742909620.802000,45.305842,6.586358,2625.621819,3.9,3.268366,9.4,6.2
1742909624.801000,45.305960,6.586371,2622.086460,3.0,3.279502,1.5,3.8
1742909628.802000,45.306076,6.586379,2624.466785,4.0,3.227843,1.5,3.8
1742909632.802000,45.306187,6.586389,2635.374569,6.0,3.187162,4.8,3.8
1742909636.801000,45.306299,6.586399,2630.565518,4.0,2.990509,1.9,3.8
1742909640.800000,45.306415,6.586407,2637.438688,6.0,3.277507,1.9,3.8
1742909644.801000,45.306527,6.586425,2639.574683,1.0,3.060351,2.1,3.8
1742909648.800000,45.306641,6.586438,2644.184854,4.0,3.039464,2.2,3.8
1742909652.800000,45.306750,6.586450,2649.076064,2.0,3.031367,1.7,3.8
1742909656.800000,45.306858,6.586461,2659.597029,3.0,2.997983,7.8,3.8
1742909660.801000,45.306968,6.586475,2663.160114,6.0,3.011799,1.8,3.8
1742909664.800000,45.307067,6.586508,2663.571631,27.4,2.832179,1.4,3.8
1742909668.801000,45.307179,6.586507,2670.880249,5.1,2.992080,1.3,3.8
1742909672.800000,45.307288,6.586514,2677.113969,4.0,2.924266,1.2,3.8
1742909676.801000,45.307394,6.586523,2683.585564,4.0,2.909365,1.3,3.8
1742909680.801000,45.307498,6.586531,2690.157689,4.0,2.846223,2.2,3.8
1742909684.801000,45.307607,6.586541,2696.719916,3.0,2.953459,1.2,3.8
1742909688.800000,45.307717,6.586553,2702.372337,3.0,2.997172,1.0,3.8
1742909692.801000,45.307826,6.586564,2707.661351,3.0,2.962424,1.4,5.0
1742909696.801000,45.307933,6.586576,2713.760667,3.0,2.929706,1.3,9.9
1742909700.799000,45.308038,6.586587,2719.951742,2.0,2.898474,1.2,9.9
1742909704.801000,45.308142,6.586597,2726.338764,2.0,2.869400,1.1,9.9
1742909708.800000,45.308252,6.586606,2732.539623,2.0,3.188630,1.2,9.9
1742909712.801000,45.308363,6.586615,2736.714788,2.9,3.074147,1.1,9.9
1742909716.801000,45.308473,6.586623,2740.730343,4.0,3.108227,1.1,9.9
1742909720.801000,45.308584,6.586636,2745.012986,4.0,3.054826,1.2,9.9
1742909724.800000,45.308695,6.586648,2750.151379,4.0,3.016910,1.5,9.9
1742909728.801000,45.308805,6.586658,2756.118987,3.0,2.992470,1.5,9.9
1742909732.799000,45.308912,6.586670,2761.765228,3.0,2.965447,1.3,9.9
1742909736.801000,45.309019,6.586681,2777.684708,3.0,2.959776,4.9,9.9
1742909740.800000,45.309127,6.586692,2773.528190,3.0,2.928308,1.1,9.9
1742909744.799000,45.309231,6.586705,2780.014318,3.0,2.898687,1.1,9.9
1742909748.800000,45.309336,6.586717,2786.786289,3.0,2.877495,1.1,9.9
1742909752.800000,45.309448,6.586728,2791.740686,3.9,3.011802,1.8,9.9
1742909756.801000,45.309562,6.586737,2796.018683,4.0,3.115840,1.8,9.9
1742909760.800000,45.309671,6.586747,2801.323596,3.0,3.035887,1.4,9.9
1742909764.801000,45.309786,6.586758,2805.547498,3.0,3.178596,1.3,9.9
1742909768.801000,45.309898,6.586772,2807.993634,3.0,3.179744,1.1,9.9
1742909772.800000,45.310014,6.586781,2811.033633,3.0,3.120830,1.2,9.9
1742909776.800000,45.310130,6.586793,2814.267062,4.0,3.169891,2.3,9.9
1742909780.801000,45.310243,6.586806,2817.874126,4.0,3.080765,2.4,9.9
1742909784.800000,45.310354,6.586816,2821.719847,4.0,3.120002,1.8,9.9
1742909788.800000,45.310468,6.586830,2825.880006,3.0,3.050490,1.8,9.9
1742909792.800000,45.310586,6.586843,2829.877631,3.0,3.130442,1.0,9.9
1742909796.800000,45.310699,6.586855,2832.449776,3.0,3.176243,1.3,9.9
1742909800.800000,45.310813,6.586865,2835.871057,4.0,3.199136,1.3,9.9
1742909804.801000,45.310925,6.586874,2839.904468,4.0,3.168794,1.5,9.9
1742909808.801000,45.311038,6.586888,2842.895084,4.0,3.168122,1.1,9.9
1742909812.801000,45.311150,6.586897,2847.081260,4.0,3.117831,2.0,9.9
1742909816.800000,45.311263,6.586905,2851.461838,4.0,3.114130,1.9,9.9
1742909820.801000,45.311375,6.586917,2855.904353,3.9,2.982109,1.9,9.9
1742909824.800000,45.311478,6.586930,2863.913473,3.9,2.843703,1.0,9.9
1742909828.800000,45.311579,6.586939,2869.751279,4.0,2.859162,1.2,9.9
1742909832.801000,45.311683,6.586945,2877.745321,3.0,2.824744,1.4,9.9
1742909836.801000,45.311784,6.586958,2884.818988,4.0,2.830802,1.4,9.9
1742909840.801000,45.311883,6.586977,2892.886283,12.9,2.761796,1.5,9.9
1742909844.801000,45.311978,6.586977,2898.702745,1.0,2.720253,1.9,9.9
1742909848.800000,45.312074,6.586981,2906.768879,2.0,2.672772,1.8,9.9
1742909852.800000,45.312179,6.586993,2905.776761,2.0,3.117583,4.4,9.9
1742909856.801000,45.312278,6.587002,2916.464397,3.0,2.201030,1.7,9.9
1742909860.801000,45.312372,6.587010,2918.807471,355.1,2.479007,1.7,10.0
1742909865.801000,45.312453,6.586925,2917.630847,307.0,2.339945,1.0,9.9
1742909869.800000,45.312517,6.586793,2915.934123,287.1,4.228555,1.1,9.9
1742909871.801000,45.312568,6.586669,2914.733273,298.0,5.626883,1.0,9.9
1742909873.800000,45.312629,6.586529,2912.811382,298.0,6.344655,1.0,9.9
1742909875.801000,45.312699,6.586377,2910.140359,285.1,7.353759,1.4,9.9
1742909877.799000,45.312757,6.586184,2907.229926,277.0,8.456993,1.4,9.9
1742909879.801000,45.312802,6.585954,2903.510722,269.9,9.520417,1.4,9.9
1742909880.801000,45.312828,6.585826,2901.865191,284.8,10.162075,1.9,9.9
1742909881.800000,45.312861,6.585694,2898.478103,285.0,10.813977,1.9,9.9
1742909882.801000,45.312891,6.585558,2895.915985,285.0,11.322038,1.9,9.9
1742909883.801000,45.312918,6.585412,2893.803653,284.3,11.786992,1.8,9.9
1742909884.801000,45.312944,6.585260,2892.964862,282.0,12.351819,1.7,9.9
1742909885.800000,45.312974,6.585109,2883.610541,290.8,12.894250,4.8,9.9
1742909886.801000,45.313015,6.584958,2882.158673,290.0,12.741094,4.8,9.9
1742909887.801000,45.313058,6.584806,2883.017738,292.0,13.600515,1.9,9.9
1742909888.800000,45.313097,6.584644,2881.007146,275.1,14.001693,4.4,9.9
1742909889.800000,45.313117,6.584467,2875.129829,270.0,13.715010,4.4,9.9
1742909890.801000,45.313148,6.584296,2872.751960,265.1,13.309381,3.7,9.9
1742909891.801000,45.313181,6.584129,2871.047105,259.1,13.262892,3.6,9.9
1742909892.800000,45.313215,6.583983,2875.851283,259.0,11.617589,7.1,9.9
1742909893.800000,45.313253,6.583832,2874.954232,258.0,11.835289,7.1,9.9
1742909894.801000,45.313292,6.583677,2873.156134,283.5,12.208162,5.4,9.9
1742909895.801000,45.313350,6.583522,2871.870951,288.9,12.219305,5.2,9.9
1742909896.800000,45.313407,6.583375,2869.569632,289.0,12.190863,5.2,9.9
1742909897.801000,45.313465,6.583232,2868.499537,293.9,12.130864,7.8,9.9
1742909898.800000,45.313528,6.583096,2868.364806,287.1,12.274628,2.1,9.9
1742909899.800000,45.313582,6.582958,2867.618171,291.9,12.182917,2.1,9.9
1742909900.801000,45.313640,6.582825,2866.811821,296.9,11.926150,2.1,9.9
1742909901.801000,45.313701,6.582701,2865.632322,294.0,11.622375,2.0,9.9
1742909902.800000,45.313755,6.582577,2864.945693,295.0,11.305620,2.1,9.9
1742909903.801000,45.313803,6.582455,2864.542633,287.0,10.604718,2.1,9.9
1742909904.800000,45.313840,6.582333,2864.497445,284.0,10.185042,1.7,9.9
1742909905.801000,45.313876,6.582216,2864.094406,286.0,9.826532,1.7,9.9
1742909907.801000,45.313932,6.581988,2863.719628,275.0,9.206218,1.1,9.9
1742909909.801000,45.313990,6.581784,2862.676998,285.0,8.249293,1.8,9.9
1742909911.801000,45.314039,6.581607,2862.408117,279.0,7.119885,1.9,9.9
1742909913.801000,45.314059,6.581445,2862.617246,289.9,6.085133,1.9,9.9
1742909915.801000,45.314087,6.581321,2863.333568,279.0,5.077867,2.0,9.9
1742909918.801000,45.314079,6.581154,2864.064525,272.0,3.645199,2.1,9.9
1742909921.801000,45.314080,6.581022,2864.407798,269.0,3.169951,2.1,9.9
1742909925.800000,45.314073,6.580862,2864.377916,266.0,3.209973,1.9,9.9
1742909928.800000,45.314096,6.580732,2863.661507,297.0,3.230035,1.8,9.9
1742909932.800000,45.314137,6.580611,2862.945158,298.0,2.429483,1.6,9.9
1742909937.800000,45.314180,6.580475,2862.184421,301.0,2.031718,1.5,9.9
1742909951.861000,45.314225,6.580394,2840.358398,-1.0,0.000000,2.5,76.4
1742909966.800000,45.314281,6.580284,2838.533592,329.7,0.913460,1.5,3.7
1742909975.801000,45.314354,6.580201,2836.866119,322.9,0.903372,1.5,3.0
1742909981.800000,45.314444,6.580127,2834.968436,339.7,2.314052,1.4,3.0
1742909984.801000,45.314518,6.580028,2835.669859,325.4,3.111385,1.4,3.3
1742909987.800000,45.314631,6.579940,2835.535106,330.8,3.820642,1.4,3.3
1742909990.607000,45.314729,6.579885,2835.772581,339.1,3.054996,1.4,3.1
1742909993.758000,45.314822,6.579805,2835.058023,328.7,3.360036,1.3,3.3
1742909995.800000,45.314907,6.579728,2833.805352,328.7,4.418612,1.3,3.3
1742909997.800000,45.314990,6.579638,2832.915972,323.9,5.751951,1.3,3.4
1742909999.800000,45.315073,6.579539,2831.985662,323.8,6.224743,1.3,3.7
1742910001.799000,45.315154,6.579412,2830.137240,315.6,6.677223,1.3,3.8
1742910003.799000,45.315222,6.579264,2828.779136,305.5,6.703536,1.3,3.8
1742910005.800000,45.315268,6.579118,2828.333610,299.3,6.111922,1.3,3.8
1742910007.800000,45.315306,6.578994,2828.466184,308.7,5.456063,1.3,3.8
1742910010.799000,45.315361,6.578848,2829.143118,295.8,3.894702,1.3,3.8
1742910013.800000,45.315416,6.578699,2827.518732,298.2,4.998644,1.3,3.8
1742910015.800000,45.315478,6.578577,2826.469382,303.1,5.674857,1.3,3.8
1742910017.799000,45.315538,6.578456,2825.322013,300.3,5.819173,1.3,3.8
1742910019.800000,45.315601,6.578323,2823.936206,301.5,6.400553,1.3,3.8
1742910021.800000,45.315673,6.578147,2821.727595,299.3,7.788322,1.3,3.8
1742910023.799000,45.315738,6.577925,2819.021179,295.6,9.062083,1.3,3.8
1742910025.799000,45.315800,6.577694,2815.758198,298.4,9.363920,1.3,3.8
1742910027.799000,45.315870,6.577492,2814.675023,306.2,8.602664,1.3,3.8
1742910029.799000,45.315942,6.577328,2814.081330,317.0,7.670291,1.3,3.8
1742910031.800000,45.316018,6.577189,2813.605460,316.8,6.835105,1.3,3.8
1742910033.800000,45.316092,6.577072,2813.054791,319.0,6.264092,1.3,3.8
1742910035.799000,45.316171,6.576972,2812.221590,332.1,5.710348,1.3,3.8
1742910037.798000,45.316253,6.576882,2811.425632,340.2,5.569275,1.3,3.8
1742910039.799000,45.316340,6.576788,2810.592597,341.4,6.076058,1.3,3.8
1742910041.799000,45.316435,6.576681,2809.358081,337.8,6.655760,1.3,3.8
1742910043.800000,45.316535,6.576582,2807.425331,339.5,6.611535,1.3,3.8
1742910045.800000,45.316621,6.576492,2807.037098,342.8,5.837497,1.3,3.8
1742910047.799000,45.316697,6.576399,2807.208286,332.6,5.561448,1.3,3.8
1742910049.798000,45.316774,6.576324,2806.188211,335.4,5.227623,1.3,3.8
1742910052.799000,45.316884,6.576221,2804.854158,333.6,4.818901,1.3,3.8
1742910055.799000,45.316989,6.576105,2804.472710,322.9,5.214395,1.3,3.8
1742910057.800000,45.317069,6.576013,2803.100231,320.5,5.741293,1.3,6.2
1742910059.799000,45.317162,6.575921,2801.703585,331.3,5.984225,1.3,7.9
1742910061.799000,45.317264,6.575836,2800.730705,328.6,6.470142,1.3,9.9
1742910063.800000,45.317369,6.575738,2799.333769,331.6,7.156411,1.3,9.9
1742910065.800000,45.317497,6.575651,2796.956520,341.0,7.552896,1.3,9.9
1742910067.799000,45.317624,6.575565,2795.178130,346.0,7.576477,1.3,9.9
1742910069.799000,45.317734,6.575464,2794.521454,325.2,7.241785,1.3,9.9
1742910071.800000,45.317843,6.575346,2793.290970,328.0,8.000324,1.3,9.9
1742910073.800000,45.317971,6.575215,2790.396861,332.9,8.859690,1.3,9.9
1742910075.800000,45.318112,6.575066,2786.783498,323.9,10.197829,1.3,9.9
1742910076.799000,45.318184,6.574974,2784.915346,327.0,10.709977,1.3,9.9
1742910077.800000,45.318259,6.574886,2781.437779,320.1,10.897326,1.3,9.9
1742910078.800000,45.318331,6.574786,2780.088900,322.0,10.958431,1.3,9.9
1742910079.800000,45.318404,6.574683,2778.612655,323.0,11.245151,1.3,9.9
1742910080.800000,45.318481,6.574585,2777.089448,320.0,11.408020,1.3,9.9
1742910081.800000,45.318556,6.574483,2774.906753,316.1,11.104138,1.3,9.9
1742910082.800000,45.318620,6.574374,2774.018053,313.0,11.109381,1.3,9.9
1742910083.799000,45.318678,6.574253,2772.818561,307.1,11.402647,1.3,9.9
1742910084.799000,45.318722,6.574123,2769.301122,296.1,11.182269,1.3,9.9
1742910085.800000,45.318750,6.573986,2768.058139,292.0,10.891697,1.3,9.9
1742910086.799000,45.318766,6.573848,2767.230223,282.1,10.636563,1.3,9.9
1742910087.800000,45.318772,6.573710,2766.239068,284.0,10.435293,1.3,9.9
1742910089.799000,45.318848,6.573501,2764.569092,302.0,8.820109,1.3,9.9
1742910091.800000,45.318861,6.573269,2763.134871,263.0,9.459935,1.3,9.9
1742910093.800000,45.318848,6.573034,2759.473484,253.0,9.957576,1.3,9.9
1742910095.799000,45.318854,6.572778,2756.665226,271.0,10.159871,1.3,9.9
1742910096.800000,45.318870,6.572646,2755.069164,287.0,10.827520,1.3,9.9
1742910097.798000,45.318886,6.572517,2751.338072,271.0,10.639627,1.3,9.9
1742910098.800000,45.318907,6.572386,2750.354799,297.0,11.339444,1.3,9.9
1742910099.800000,45.318941,6.572253,2748.032114,276.0,10.968755,1.3,9.9
1742910100.800000,45.318966,6.572130,2746.274868,298.0,9.401321,1.3,9.9
1742910102.799000,45.319041,6.571948,2742.854813,268.0,7.459763,1.3,9.9
1742910104.800000,45.319120,6.571778,2740.931584,326.9,9.726609,1.3,9.9
1742910106.800000,45.319240,6.571600,2732.240714,332.0,10.486116,1.3,9.9
1742910107.800000,45.319306,6.571511,2728.851738,298.0,10.657335,1.3,9.9
1742910109.800000,45.319436,6.571393,2721.497643,359.4,9.434890,1.3,9.9
1742910110.799000,45.319532,6.571380,2718.952048,340.1,10.527208,1.3,9.9
1742910111.800000,45.319624,6.571339,2711.952134,342.0,10.666441,1.3,9.9
1742910112.800000,45.319722,6.571311,2708.747776,352.0,11.102470,1.3,9.9
1742910113.799000,45.319827,6.571286,2702.871798,346.0,12.366052,1.3,9.9
1742910114.800000,45.319927,6.571240,2698.071138,337.1,11.173780,1.3,9.9
1742910115.799000,45.320011,6.571188,2692.407984,338.0,10.505931,1.3,9.9
1742910116.800000,45.320109,6.571175,2688.262167,6.8,12.434436,1.3,9.9
1742910117.800000,45.320211,6.571159,2684.700462,336.3,11.793974,1.3,9.9
1742910118.800000,45.320293,6.571056,2677.110950,311.1,12.945771,1.3,9.9
1742910119.800000,45.320375,6.570945,2674.402888,324.9,12.290950,1.3,9.9
1742910120.799000,45.320490,6.570893,2668.448007,347.7,13.802930,1.3,9.9
1742910121.800000,45.320612,6.570814,2661.391056,320.4,15.490138,1.3,9.9
1742910122.800000,45.320728,6.570675,2652.547145,321.0,16.506729,1.3,10.0
1742910123.799000,45.320833,6.570511,2643.821163,310.7,17.036909,1.3,10.1
1742910124.800000,45.320898,6.570272,2633.384809,292.3,21.103405,1.3,10.1
1742910125.800000,45.320969,6.570017,2617.425587,297.0,20.744492,1.3,10.2
1742910126.798000,45.321050,6.569787,2604.037107,296.0,20.094156,1.3,10.2
1742910127.800000,45.321138,6.569520,2592.041501,296.4,22.886360,1.3,10.4
1742910128.800000,45.321228,6.569217,2582.158238,294.1,24.304169,1.3,10.5
1742910129.799000,45.321326,6.568950,2579.623158,298.9,21.052372,1.3,10.4
1742910130.799000,45.321413,6.568728,2581.625712,300.0,18.292059,1.3,10.4
1742910131.799000,45.321463,6.568531,2584.660680,278.0,14.990409,1.3,10.4
1742910132.799000,45.321467,6.568355,2586.480638,266.0,12.530444,1.3,10.3
1742910133.800000,45.321472,6.568205,2590.363901,284.0,11.120866,1.3,10.1
1742910134.799000,45.321518,6.568090,2590.957617,315.0,9.569980,1.3,9.9
1742910136.799000,45.321582,6.567925,2592.056364,262.4,4.242984,1.3,9.9
1742910139.799000,45.321552,6.567789,2591.867815,269.8,4.172480,1.3,9.9
1742910141.800000,45.321564,6.567654,2590.696016,277.7,5.569633,1.3,9.9
1742910143.800000,45.321581,6.567460,2588.665434,260.1,8.492723,1.3,9.9
1742910145.800000,45.321530,6.567315,2583.609906,243.3,5.695927,1.3,9.9
1742910148.800000,45.321502,6.567118,2579.468153,258.3,6.493219,1.3,9.9
1742910150.800000,45.321456,6.566933,2573.168999,252.8,7.272746,1.3,9.9
1742910152.800000,45.321481,6.566746,2567.755694,272.0,7.061098,1.3,9.9
1742910154.800000,45.321436,6.566524,2559.420818,255.1,9.820292,1.3,9.9
1742910156.800000,45.321455,6.566304,2550.123712,270.3,8.757487,1.3,9.9
1742910157.799000,45.321493,6.566186,2545.508880,275.2,9.489315,1.3,9.9
1742910158.800000,45.321484,6.566042,2540.046666,253.1,11.783504,1.3,9.9
1742910159.800000,45.321476,6.565893,2536.272440,258.6,11.722118,1.3,9.9
1742910160.800000,45.321532,6.565790,2528.456046,286.3,9.259954,1.3,9.9
1742910161.800000,45.321613,6.565691,2526.182957,306.0,10.329673,1.3,9.9
1742910162.800000,45.321686,6.565583,2519.324511,305.5,10.400569,1.3,9.9
1742910163.800000,45.321722,6.565455,2513.153988,297.9,10.258677,1.3,9.9
1742910164.799000,45.321686,6.565334,2509.687962,260.8,9.034134,1.3,9.9
1742910166.800000,45.321659,6.565135,2504.922222,269.7,7.261076,1.3,9.9
1742910171.800000,45.321728,6.564979,2496.686665,256.4,6.507736,1.3,9.9
1742910173.800000,45.321680,6.564756,2490.850084,274.0,11.277244,1.3,9.9
1742910174.798000,45.321677,6.564608,2485.817655,257.0,11.749750,1.3,9.9
1742910175.799000,45.321657,6.564460,2480.307483,262.0,12.273388,1.3,9.9
1742910176.800000,45.321624,6.564306,2472.768008,242.2,13.627968,1.3,9.9
1742910177.799000,45.321586,6.564148,2467.251261,262.9,12.828133,1.3,9.9
1742910178.800000,45.321614,6.563983,2462.640499,296.9,13.719428,1.3,9.9
1742910179.799000,45.321661,6.563824,2460.355605,280.0,12.820183,1.3,9.9
1742910180.800000,45.321658,6.563656,2457.800927,257.0,13.876894,1.3,9.9
1742910181.800000,45.321639,6.563480,2453.700813,267.9,13.954740,1.3,9.9
1742910182.800000,45.321611,6.563300,2448.710184,251.3,15.337012,1.3,9.9
1742910183.798000,45.321584,6.563122,2446.158898,262.9,14.333561,1.3,9.9
1742910184.799000,45.321619,6.562964,2440.274246,304.8,14.116830,1.3,9.9
1742910185.799000,45.321700,6.562825,2437.241627,308.0,13.810647,1.3,9.9
1742910186.800000,45.321751,6.562674,2435.941296,280.0,12.459665,1.3,9.9
1742910187.799000,45.321752,6.562517,2433.564730,260.0,11.530127,1.3,9.9
1742910188.799000,45.321756,6.562388,2432.881762,290.0,9.370905,1.3,9.9
1742910190.800000,45.321808,6.562195,2431.682270,259.0,6.170251,1.3,9.9
1742910193.799000,45.321840,6.562055,2431.713668,344.8,2.221491,1.3,9.9
1742910197.800000,45.321905,6.561952,2429.942597,201.3,2.023302,1.3,9.9
1742910217.800000,45.321874,6.561941,2429.892469,-1.0,0.000000,1.3,9.9
1742910217.800000,45.321874,6.561941,2429.892469,-1.0,0.000000,1.3,9.9
1742910254.799000,45.321884,6.561822,2429.823450,308.9,1.286181,1.3,3.8
1742910263.799000,45.321974,6.561850,2429.524011,41.2,1.200529,1.4,3.1
1742910277.212000,45.322087,6.561854,2460.591064,-1.0,0.000000,6.1,6.4
1742910622.799000,45.322058,6.561733,2459.161262,191.3,1.164902,1.4,3.3
1742910630.799000,45.322009,6.561612,2458.051331,257.0,1.438047,1.3,3.0
1742910641.043000,45.322036,6.561488,2457.687157,289.1,0.991868,1.3,3.0
1742910668.425000,45.321981,6.561385,2453.000244,225.8,0.970070,1.3,5.0
1742910689.041000,45.322006,6.561244,2453.000244,289.1,0.940705,1.2,61.8
1742911004.221000,45.322001,6.561312,2453.000244,-1.0,0.025977,0.7,4.5
1742911111.218000,45.322006,6.561297,2453.400146,-1.0,0.021122,1.5,4.2
1742911514.228000,45.322007,6.561305,2453.000244,-1.0,0.019095,1.5,4.7
1742912170.214000,45.322002,6.561317,2457.020996,-1.0,0.041764,2.5,3.8
1742913150.219000,45.322006,6.561340,2459.310547,309.4,0.446845,5.6,5.2
1742913173.800000,45.322018,6.561468,2453.000244,21.6,0.370288,1.5,5.5
1742913367.800000,45.321950,6.561555,2453.000244,162.1,0.426186,9.7,3.8
1742913379.801000,45.321901,6.561677,2453.000244,93.1,1.263319,9.9,3.8
1742913390.801000,45.321898,6.561812,2453.000244,119.6,0.959010,10.0,3.8
1742913404.801000,45.321863,6.561931,2453.000244,88.6,0.908782,10.1,3.8
1742913486.801000,45.321790,6.561820,2453.000244,228.5,1.696439,10.4,3.8
1742913492.800000,45.321720,6.561710,2453.400146,236.4,1.815610,8.3,3.8
1742913497.800000,45.321686,6.561548,2453.000244,260.3,3.827095,3.9,3.8
1742913499.799000,45.321704,6.561402,2453.000244,272.8,5.255068,3.9,3.8
1742913501.800000,45.321650,6.561247,2453.000244,244.6,5.929307,3.9,3.9
1742913505.800000,45.321678,6.561086,2453.000244,274.9,4.039029,4.0,4.5
1742913508.471000,45.321706,6.560934,2453.000244,258.7,3.845577,4.0,4.7
1742913512.487000,45.321676,6.560785,2453.000244,239.3,1.584319,4.0,4.6
1742913515.731000,45.321744,6.560698,2453.000244,312.6,2.854856,4.1,5.5
1742913517.801000,45.321753,6.560523,2453.000244,307.0,4.575634,4.1,5.0
1742913520.801000,45.321746,6.560378,2453.000244,306.8,4.175206,4.1,4.3
1742913523.800000,45.321771,6.560210,2453.000244,272.3,5.712490,4.1,3.8
1742913526.801000,45.321796,6.560076,2453.000244,241.2,3.190118,4.2,3.8
1742913529.801000,45.321733,6.559981,2453.000244,225.8,4.370675,4.2,3.8
1742913531.801000,45.321714,6.559844,2453.000244,240.9,5.110457,4.2,3.8
1742913533.801000,45.321626,6.559712,2453.000244,224.9,7.412140,4.2,3.8
1742913536.800000,45.321530,6.559550,2453.000244,223.3,6.189793,4.3,3.8
1742913538.801000,45.321440,6.559489,2453.000244,209.2,5.170689,4.3,3.8
1742913540.801000,45.321342,6.559390,2453.000244,199.6,6.817301,4.3,3.8
1742913542.800000,45.321236,6.559236,2453.000244,230.0,8.307138,4.3,3.8
1742913544.801000,45.321139,6.559099,2453.000244,243.4,4.225366,4.4,3.8
1742913564.800000,45.321159,6.559101,2453.000244,359.6,0.000000,4.6,4.2
1742913564.800000,45.321159,6.559101,2453.000244,359.6,0.000000,4.6,4.2
1742913576.801000,45.321091,6.558898,2453.000244,303.0,1.266111,4.7,4.3
1742913594.910000,45.321113,6.558774,2379.372314,355.2,0.500329,2.5,3.0
1742913604.800000,45.321103,6.558545,2372.551758,266.4,3.348456,2.5,3.1
1742913605.800000,45.321116,6.558414,2370.547363,283.1,4.462528,2.5,3.1
1742913607.801000,45.321156,6.558285,2364.758545,267.2,4.210600,2.5,3.4
1742913609.800000,45.321098,6.558144,2360.118652,236.0,6.409324,2.5,3.8
1742913611.801000,45.321140,6.558010,2353.846680,259.1,6.245126,2.5,3.8
1742913613.801000,45.321091,6.557897,2349.424072,228.2,5.450457,2.5,3.8
1742913615.801000,45.321024,6.557812,2346.537109,219.3,3.349863,2.5,3.8
1742913618.800000,45.321031,6.557683,1869.300049,298.3,3.080673,8.1,3.8
1742913621.801000,45.320987,6.557538,1869.300049,233.0,5.536775,8.2,3.8
1742913624.801000,45.321019,6.557398,2328.247070,326.0,4.431161,2.5,3.8
1742913627.801000,45.320996,6.557205,2325.009521,243.7,5.194688,2.5,3.8
1742913630.800000,45.320984,6.557027,2317.434326,224.1,5.716326,2.5,3.8
1742913632.801000,45.320938,6.556910,2314.120605,257.9,6.010448,2.5,3.8
1742913652.801000,45.320982,6.556824,2061.900146,338.6,0.000000,7.2,3.8
1742913652.801000,45.320982,6.556824,2061.900146,338.6,0.000000,7.2,3.8
1742913671.216000,45.320984,6.556819,2306.633545,-1.0,0.025670,1.9,15.1
1742913713.800000,45.321073,6.556684,2303.791673,291.0,4.952428,1.4,4.1
1742913717.864000,45.321022,6.556577,2297.627151,239.5,2.785985,1.4,6.5
1742913720.798000,45.320977,6.556460,2294.302003,266.2,2.902754,1.4,4.1
1742913723.405000,45.321005,6.556332,2291.477775,268.5,3.345678,1.4,4.1
1742913729.799000,45.321085,6.556265,2287.733800,299.5,1.300108,1.4,3.1
1742913734.800000,45.321030,6.556125,2279.874341,215.2,3.838365,1.4,3.2
1742913738.800000,45.320954,6.556023,2276.305436,223.9,2.017078,1.4,3.8
1742913744.100000,45.320973,6.555880,2268.648374,312.1,1.129933,1.4,4.9
1742913748.108000,45.321032,6.555775,2265.325863,276.5,1.906603,1.4,3.9
1742913750.955000,45.320977,6.555671,2261.034854,211.7,2.824203,1.4,3.1
1742913752.800000,45.320887,6.555580,2257.163570,185.8,5.039097,1.4,3.4
1742913754.800000,45.320798,6.555510,2252.670589,206.9,5.111232,1.4,3.8
1742913756.800000,45.320728,6.555361,2249.930143,230.1,6.079769,1.4,3.8
1742913758.800000,45.320609,6.555285,2244.165853,184.1,7.235425,1.3,3.8
1742913760.799000,45.320517,6.555202,2240.011737,200.4,6.264174,1.3,3.8
1742913762.800000,45.320416,6.555066,2233.194018,210.6,6.698730,1.3,4.0
1742913764.799000,45.320305,6.554895,2228.065536,218.2,7.734646,1.3,4.1
1742913766.799000,45.320204,6.554749,2221.935105,217.1,8.184297,1.3,4.1
1742913769.800000,45.320189,6.554596,2216.150999,249.1,5.137577,1.3,3.8
1742913771.800000,45.320096,6.554534,2213.397548,210.1,4.772647,1.3,3.8
1742913774.800000,45.320022,6.554449,2208.971031,220.9,3.690209,1.3,4.3
1742913777.800000,45.319972,6.554306,2205.873829,187.0,6.454593,1.3,4.6
1742913779.799000,45.319870,6.554282,2201.800176,190.8,5.900537,1.3,4.6
1742913781.800000,45.319851,6.554153,2197.906693,273.7,3.599911,1.3,3.8
1742913784.800000,45.319764,6.554022,2192.349007,177.8,6.136921,1.3,11.9
1742913787.800000,45.319672,6.554056,2189.990097,174.5,1.409687,1.3,11.9
1742913790.800000,45.319583,6.554004,2186.634112,206.9,5.282285,1.5,7.5
1742913792.799000,45.319541,6.553845,2183.050851,236.7,5.472300,1.5,8.9
1742913793.800000,45.319532,6.553713,2177.826392,248.3,7.127205,1.5,9.9
1742913795.800000,45.319480,6.553544,2172.375037,228.6,3.052576,1.5,9.9
1742913798.800000,45.319415,6.553415,2168.494632,258.5,5.157271,1.5,9.9
1742913800.800000,45.319452,6.553245,2165.382508,287.9,6.797973,1.6,9.9
1742913802.799000,45.319419,6.553037,2161.866803,263.9,8.090812,1.6,9.9
1742913804.799000,45.319444,6.552793,2156.653465,275.7,10.060062,1.6,9.9
1742913805.800000,45.319443,6.552650,2148.855432,260.3,10.754707,1.6,9.9
1742913806.799000,45.319443,6.552503,2144.599317,268.4,11.120310,1.6,9.9
1742913807.800000,45.319443,6.552368,2142.176023,264.2,10.377522,1.6,9.9
1742913808.800000,45.319443,6.552239,2139.850783,266.7,10.104128,1.6,10.0
1742913810.800000,45.319566,6.552066,2137.313964,309.9,8.796576,1.7,10.0
1742913812.799000,45.319613,6.551859,2133.373392,266.1,8.540548,1.7,10.0
1742913814.800000,45.319648,6.551677,2132.389302,305.3,5.742902,1.7,9.9
1742913818.800000,45.319601,6.551515,2130.507615,257.7,6.538030,1.7,9.9
1742913820.800000,45.319616,6.551314,2126.514051,286.2,8.732457,1.7,9.9
1742913822.800000,45.319630,6.551062,2123.000373,252.6,10.938873,1.7,9.9
1742913823.800000,45.319606,6.550924,2119.187370,258.9,10.655999,1.8,9.9
1742913824.800000,45.319621,6.550797,2116.290246,278.6,9.900143,1.8,9.9
1742913825.800000,45.319668,6.550683,2115.224238,301.9,10.312405,1.8,9.9
1742913827.800000,45.319699,6.550472,2111.376529,287.1,7.712325,1.8,9.9
1742913829.800000,45.319771,6.550325,2110.614414,300.6,6.034618,1.8,9.9
1742913832.800000,45.319801,6.550169,2111.314978,280.1,3.020271,1.8,9.9
1742913837.800000,45.319864,6.550042,2109.482708,294.0,2.211740,1.9,9.9
1742913849.800000,45.319871,6.549913,2108.505476,286.7,0.633699,1.9,9.9
1742913876.800000,45.319950,6.549850,2111.336604,11.3,0.230800,1.4,6.3
1742913908.800000,45.319985,6.549970,2112.135628,32.0,0.183280,1.4,9.9
1742913993.799000,45.319995,6.550112,2117.325004,83.3,3.328969,1.4,10.5
1742913996.798000,45.319993,6.550299,2116.753261,90.0,3.149961,1.4,10.3
1742913997.704000,45.319998,6.550156,2116.753261,71.6,0.941020,1.4,8.3
1742914006.799000,45.319948,6.550287,2129.670032,124.0,2.069783,1.4,24.5
1742914008.799000,45.319962,6.550798,2130.611347,112.0,2.807719,1.4,25.6
1742914010.799000,45.319967,6.550999,2131.672391,101.1,2.769073,1.4,19.5
1742914012.799000,45.319961,6.551127,2134.764240,100.4,3.024611,1.4,8.0
1742914015.799000,45.319946,6.551289,2137.903563,98.4,3.378698,1.4,6.9
1742914018.799000,45.319949,6.551448,2141.617570,90.4,3.622660,1.4,7.3
1742914021.798000,45.319949,6.551595,2145.093049,90.0,3.634411,1.4,8.8
1742914024.799000,45.319942,6.551750,2147.141430,90.0,3.881465,1.4,9.9
1742914027.799000,45.319937,6.551904,2148.462351,90.1,3.993198,1.4,9.9
1742914030.799000,45.319934,6.552051,2149.961684,90.9,3.911297,1.4,9.9
1742914033.799000,45.319932,6.552196,2151.005079,90.0,3.899190,1.4,9.9
1742914036.799000,45.319928,6.552345,2152.846842,90.0,3.845470,1.4,9.9
1742914039.798000,45.319923,6.552495,2154.918344,90.0,3.875348,1.4,9.9
1742914042.799000,45.319917,6.552643,2158.028843,91.0,3.833086,1.4,9.9
1742914045.799000,45.319911,6.552793,2160.740566,91.1,3.863884,1.4,9.9
1742914048.799000,45.319905,6.552941,2164.216309,90.1,3.831827,1.4,9.9
1742914051.799000,45.319900,6.553083,2168.550237,91.0,3.597330,1.4,9.9
1742914054.798000,45.319895,6.553217,2173.721472,91.0,3.519431,1.4,9.9
1742914057.799000,45.319892,6.553347,2178.334342,91.0,3.436386,1.4,9.9
1742914060.799000,45.319890,6.553478,2184.641606,91.0,3.466876,1.4,9.9
1742914063.798000,45.319887,6.553623,2190.147917,88.2,3.531082,1.4,9.9
1742914066.798000,45.319886,6.553766,2193.575504,88.0,3.625331,1.4,9.9
1742914069.799000,45.319882,6.553904,2198.712131,89.9,3.549547,1.4,9.9
1742914072.799000,45.319877,6.554043,2203.783063,89.0,3.552703,1.4,9.9
1742914075.798000,45.319873,6.554179,2209.450102,89.0,3.473828,1.4,9.9
1742914078.798000,45.319868,6.554312,2215.264883,90.9,3.518404,1.4,9.9
1742914081.799000,45.319862,6.554443,2220.060899,90.0,3.726483,1.4,9.9
1742914084.798000,45.319857,6.554575,2227.635710,91.0,3.635228,1.4,9.9
1742914087.799000,45.319853,6.554706,2233.319554,91.0,3.358376,1.4,9.9
1742914091.798000,45.319848,6.554874,2240.971667,92.0,3.417470,1.4,9.9
1742914094.798000,45.319842,6.555019,2244.822311,90.0,3.403353,1.4,9.9
1742914097.798000,45.319835,6.555160,2248.138796,90.0,3.453706,1.4,9.9
1742914100.799000,45.319829,6.555302,2253.742693,93.0,3.642189,1.4,9.9
1742914103.799000,45.319823,6.555443,2258.426741,91.0,3.788123,1.4,9.9
1742914106.799000,45.319818,6.555579,2265.213288,90.0,3.499584,1.4,9.9
1742914109.798000,45.319812,6.555714,2270.704972,91.0,3.560101,1.4,9.9
1742914112.799000,45.319808,6.555848,2277.528332,91.0,3.559564,1.4,9.9
1742914115.798000,45.319806,6.555980,2282.482990,90.0,3.479479,1.4,9.9
1742914118.799000,45.319802,6.556110,2289.794707,90.0,3.290869,1.4,9.9
1742914121.799000,45.319800,6.556242,2295.888779,91.0,3.352129,1.4,9.9
1742914125.799000,45.319797,6.556410,2304.058867,91.0,3.261552,1.4,9.9
1742914129.799000,45.319795,6.556575,2311.232614,90.0,3.141332,1.4,9.9
1742914132.798000,45.319790,6.556710,2318.242936,92.0,3.905529,1.4,9.9
1742914135.799000,45.319787,6.556856,2321.912226,89.0,3.697386,1.3,9.9
1742914138.799000,45.319779,6.556992,2327.166986,91.0,3.420444,1.3,9.9
1742914141.798000,45.319774,6.557127,2333.086684,90.0,3.382251,1.3,9.9
1742914144.799000,45.319768,6.557263,2338.915758,91.0,3.550533,1.4,9.9
1742914147.798000,45.319762,6.557396,2344.693867,90.0,3.539200,1.3,9.9
1742914150.798000,45.319761,6.557527,2350.901625,91.0,3.359279,1.3,9.9
1742914153.799000,45.319758,6.557660,2357.776091,90.0,3.231623,1.3,9.9
1742914156.798000,45.319754,6.557795,2362.411582,90.0,3.322573,1.3,9.9
1742914159.799000,45.319750,6.557923,2370.755462,91.0,3.400520,1.4,9.9
1742914163.799000,45.319746,6.558090,2380.782247,92.0,3.241205,1.3,9.9
1742914166.799000,45.319740,6.558228,2384.578221,92.0,3.473340,1.3,9.9
1742914169.799000,45.319736,6.558365,2388.449643,91.0,3.660820,1.3,9.9
1742914172.799000,45.319732,6.558496,2394.502048,92.0,3.512878,1.3,9.9
1742914175.798000,45.319728,6.558629,2401.927285,91.0,3.586384,1.3,9.9
1742914178.799000,45.319725,6.558775,2406.488709,91.0,3.646194,1.3,9.9
1742914181.799000,45.319721,6.558921,2410.153359,91.0,3.601395,1.3,9.9
1742914184.798000,45.319715,6.559060,2414.554937,91.0,3.674044,1.3,9.9
1742914187.799000,45.319711,6.559197,2417.891526,90.1,3.640554,1.3,9.9
1742914190.797000,45.319705,6.559349,2420.814062,91.9,4.060163,1.3,9.9
1742914193.798000,45.319699,6.559504,2422.504625,91.0,4.027375,1.3,9.9
1742914196.799000,45.319694,6.559653,2424.115011,91.0,3.987668,1.3,9.9
1742914199.799000,45.319691,6.559800,2422.930141,90.1,3.914570,1.3,9.9
1742914202.798000,45.319688,6.559951,2425.690536,91.0,3.919598,1.3,9.9
1742914205.799000,45.319684,6.560100,2426.087557,90.0,3.810827,1.3,9.9
1742914208.799000,45.319679,6.560248,2428.273119,90.0,3.861151,1.3,9.9
1742914211.798000,45.319672,6.560396,2430.351549,90.0,3.930083,1.3,9.9
1742914214.798000,45.319666,6.560543,2432.699666,91.0,3.889783,1.3,9.9
1742914217.799000,45.319661,6.560685,2434.934824,91.0,3.809683,1.3,9.9
1742914220.799000,45.319654,6.560825,2437.891981,90.0,3.473311,1.3,9.9
1742914223.798000,45.319648,6.560963,2443.351065,91.0,3.598485,1.3,9.9
1742914226.799000,45.319642,6.561101,2448.365193,91.0,3.430129,1.3,9.9
1742914229.799000,45.319638,6.561235,2454.416644,91.0,3.420223,1.3,9.9
1742914232.799000,45.319635,6.561367,2459.963313,91.0,3.409785,1.3,9.9
1742914235.799000,45.319631,6.561497,2467.455389,91.0,3.449572,1.3,9.9
1742914238.799000,45.319627,6.561626,2473.603174,91.0,3.300648,1.3,9.9
1742914242.798000,45.319620,6.561794,2481.886795,91.0,3.260970,1.3,9.9
1742914246.799000,45.319618,6.561959,2492.399925,90.0,3.180602,1.3,9.9
1742914249.799000,45.319616,6.562099,2497.172146,90.0,3.284085,1.3,9.9
1742914252.799000,45.319612,6.562234,2502.677632,90.0,3.501767,1.3,9.9
1742914255.798000,45.319608,6.562367,2509.011531,90.0,3.450418,1.3,9.9
1742914258.799000,45.319605,6.562502,2515.907291,90.0,3.569354,1.3,9.9
1742914261.799000,45.319600,6.562636,2523.045128,90.0,3.361176,1.3,9.9
1742914264.799000,45.319596,6.562767,2529.593390,90.0,3.410533,1.3,9.9
1742914268.799000,45.319591,6.562937,2537.558249,90.0,3.449653,1.3,9.9
1742914272.799000,45.319587,6.563104,2543.692986,91.0,3.251429,1.3,9.9
1742914276.799000,45.319582,6.563273,2555.542668,90.0,3.241546,1.3,9.9
1742914280.799000,45.319578,6.563443,2562.048390,90.0,3.270976,1.3,9.9
1742914283.799000,45.319572,6.563572,2568.975024,91.0,3.419123,1.3,9.9
1742914286.799000,45.319564,6.563706,2575.860496,90.0,3.431083,1.3,9.9
1742914290.798000,45.319557,6.563877,2586.067074,90.0,3.854678,1.3,9.9
1742914293.799000,45.319552,6.564034,2590.894110,90.0,3.652211,1.3,9.9
1742914296.799000,45.319550,6.564185,2595.511206,90.0,3.990410,1.3,9.9
1742914299.798000,45.319546,6.564343,2597.813430,90.0,4.090623,1.3,9.9
1742914302.798000,45.319540,6.564498,2600.453456,90.0,4.050425,1.3,9.9
1742914305.798000,45.319533,6.564652,2604.904118,90.0,4.019796,1.3,9.9
1742914308.798000,45.319528,6.564810,2607.834686,90.0,4.119995,1.3,9.9
1742914311.799000,45.319523,6.564970,2608.734707,90.0,4.020218,1.3,9.9
1742914314.799000,45.319519,6.565127,2613.839252,90.0,3.961246,1.3,9.9
1742914317.799000,45.319514,6.565280,2615.250445,90.0,4.030507,1.3,9.9
1742914320.799000,45.319508,6.565434,2618.184386,90.0,4.010211,1.3,9.9
1742914323.799000,45.319503,6.565586,2621.784913,91.0,4.019782,1.3,9.9
1742914326.799000,45.319495,6.565735,2625.285542,91.0,3.910205,1.3,9.9
1742914329.798000,45.319486,6.565885,2629.729071,91.0,3.910891,1.3,9.9
1742914332.799000,45.319477,6.566041,2633.392044,91.0,4.040115,1.3,9.9
1742914335.798000,45.319470,6.566193,2637.306675,92.0,3.970115,1.3,9.9
1742914338.799000,45.319463,6.566341,2640.987789,92.0,3.939600,1.3,9.9
1742914341.798000,45.319456,6.566493,2644.641448,91.0,3.930099,1.3,9.9
1742914344.799000,45.319453,6.566647,2649.036248,91.0,3.949803,1.3,9.9
1742914347.799000,45.319450,6.566797,2653.442954,91.0,3.879802,1.3,9.9
1742914350.798000,45.319446,6.566946,2658.016562,91.0,3.929684,1.3,9.9
1742914353.798000,45.319441,6.567093,2662.796245,91.0,3.899786,1.3,9.9
1742914356.799000,45.319434,6.567241,2668.353927,91.0,3.829884,1.3,9.9
1742914359.798000,45.319430,6.567385,2672.483048,91.0,3.809787,1.3,9.9
1742914362.799000,45.319423,6.567534,2678.275800,91.0,3.830101,1.3,9.9
1742914365.799000,45.319416,6.567679,2682.018183,99.0,3.759642,1.3,9.9
1742914368.799000,45.319411,6.567818,2690.659495,93.0,3.779987,1.3,7.5
1742914371.799000,45.319409,6.567965,2692.668572,93.0,4.029985,1.3,4.8
1742914374.799000,45.319407,6.568118,2697.603202,92.7,3.888913,1.3,3.8
1742914377.799000,45.319403,6.568265,2700.946969,94.0,3.856493,1.3,3.8
1742914380.799000,45.319397,6.568411,2705.203420,93.0,4.018682,1.3,3.8
1742914383.799000,45.319391,6.568560,2709.166523,94.0,3.922478,1.3,3.8
1742914386.799000,45.319387,6.568707,2717.718454,92.0,3.948656,1.3,3.8
1742914389.799000,45.319381,6.568855,2722.091949,95.7,3.836857,1.3,3.8
1742914392.798000,45.319363,6.568999,2724.822032,97.7,3.730595,1.3,3.8
1742914395.799000,45.319364,6.569149,2731.383285,92.1,3.784030,1.3,3.8
1742914398.797000,45.319362,6.569296,2736.366028,91.0,3.768203,1.3,3.8
1742914401.799000,45.319359,6.569444,2742.100149,91.0,3.762884,1.3,3.8
1742914404.799000,45.319354,6.569607,2746.291749,91.0,4.074010,1.3,3.8
1742914407.798000,45.319348,6.569763,2748.831235,91.0,4.144225,1.3,3.8
1742914410.798000,45.319342,6.569918,2751.253871,90.9,4.100184,1.3,3.8
1742914413.799000,45.319335,6.570071,2754.926050,91.0,4.073589,1.3,3.8
1742914416.798000,45.319329,6.570227,2757.677895,90.9,4.030131,1.3,3.8
1742914419.798000,45.319325,6.570380,2760.412357,90.0,4.000029,1.3,3.8
1742914422.798000,45.319319,6.570530,2764.617662,91.0,3.959786,1.3,3.8
1742914425.799000,45.319314,6.570680,2768.501694,91.0,4.020298,1.3,3.8
1742914428.798000,45.319309,6.570830,2772.083186,90.0,3.960216,1.3,3.8
1742914431.799000,45.319306,6.570982,2775.219298,89.0,3.920826,1.3,3.8
1742914434.799000,45.319301,6.571132,2779.152917,89.0,4.009171,1.3,3.8
1742914437.798000,45.319297,6.571285,2783.338093,89.0,3.960209,1.3,3.8
1742914440.798000,45.319292,6.571437,2788.017706,90.0,3.999167,1.3,3.8
1742914443.799000,45.319289,6.571587,2791.971490,90.0,3.899901,1.3,3.8
1742914446.798000,45.319287,6.571735,2795.852850,91.0,3.910000,1.3,6.9
1742914449.798000,45.319285,6.571887,2799.913362,91.0,3.890422,1.3,9.9
1742914452.799000,45.319283,6.572036,2806.127365,90.0,3.860099,1.3,9.9
1742914455.798000,45.319282,6.572184,2810.532744,91.0,3.830002,1.3,9.9
1742914458.799000,45.319281,6.572330,2815.118093,91.0,3.918945,1.3,9.9
1742914461.798000,45.319277,6.572492,2819.409547,91.0,3.873743,1.3,9.9
1742914464.799000,45.319272,6.572644,2822.329842,91.0,4.020084,1.3,9.9
1742914467.798000,45.319267,6.572794,2824.877328,91.0,4.058741,1.3,9.9
1742914470.799000,45.319264,6.572947,2828.447102,91.0,3.988739,1.3,9.9
1742914473.798000,45.319263,6.573095,2827.657418,91.0,3.938859,1.3,9.9
1742914476.799000,45.319260,6.573246,2829.710443,91.0,3.939719,1.3,9.9
1742914479.799000,45.319256,6.573401,2834.405593,91.0,3.951459,1.3,9.9
1742914482.797000,45.319251,6.573555,2835.167429,91.0,3.991442,1.3,9.9
1742914485.799000,45.319248,6.573708,2835.807029,91.0,4.060411,1.3,9.9
1742914488.798000,45.319247,6.573860,2836.403214,91.0,4.039268,1.3,9.9
1742914491.798000,45.319244,6.574017,2833.155985,91.0,4.079582,1.3,9.9
1742914494.798000,45.319239,6.574172,2833.154987,91.9,4.019960,1.3,9.9
1742914497.798000,45.319231,6.574326,2835.086901,91.1,4.039310,1.3,9.9
1742914500.799000,45.319227,6.574482,2835.491198,91.0,4.013389,1.3,9.9
1742914503.798000,45.319223,6.574633,2835.235737,90.0,3.912539,1.3,9.9
1742914506.799000,45.319219,6.574784,2838.225128,90.0,3.875386,1.3,9.9
1742914509.798000,45.319213,6.574934,2839.588792,90.0,3.907602,1.3,9.9
1742914512.798000,45.319206,6.575083,2841.176443,91.1,3.911613,1.3,9.9
1742914515.799000,45.319202,6.575234,2845.104094,90.1,3.902727,1.3,9.9
1742914518.799000,45.319198,6.575381,2851.356224,90.9,3.868446,1.3,9.9
1742914521.799000,45.319193,6.575523,2855.284102,90.1,3.813686,1.3,9.9
1742914524.798000,45.319190,6.575667,2858.133705,90.1,3.817450,1.3,9.9
1742914527.799000,45.319187,6.575817,2862.715253,90.9,3.833836,1.3,9.9
1742914530.799000,45.319182,6.575964,2866.680635,90.0,3.849805,1.3,9.9
1742914533.798000,45.319176,6.576109,2870.481785,90.0,3.789967,1.3,9.9
1742914536.799000,45.319171,6.576256,2873.715024,90.0,3.792797,1.3,9.9
1742914539.798000,45.319165,6.576397,2875.872632,90.0,3.740824,1.3,9.9
1742914542.798000,45.319161,6.576540,2884.905818,90.0,3.749370,1.3,9.9
1742914545.798000,45.319156,6.576681,2889.409917,90.0,3.660636,1.3,9.9
1742914548.799000,45.319151,6.576830,2893.895036,91.0,3.930603,1.3,9.9
1742914551.798000,45.319144,6.576979,2897.373692,90.0,3.928823,1.3,9.9
1742914554.798000,45.319140,6.577124,2904.381197,90.0,3.879126,1.3,9.9
1742914557.797000,45.319135,6.577267,2905.338055,81.0,3.839736,1.3,9.9
1742914560.799000,45.319134,6.577412,2910.413933,92.0,3.749495,1.3,9.9
1742914563.798000,45.319124,6.577554,2914.480318,92.0,3.769887,1.3,9.9
1742914566.798000,45.319118,6.577700,2918.905612,94.0,3.809977,1.3,9.9
1742914569.799000,45.319106,6.577844,2924.752110,95.0,3.780002,1.3,9.9
1742914572.799000,45.319102,6.577991,2927.313778,93.0,3.720379,1.3,9.9
1742914575.798000,45.319100,6.578124,2933.639274,91.9,3.271090,1.3,9.9
1742914578.798000,45.319094,6.578266,2937.689884,92.0,3.705146,1.3,9.9
1742914581.799000,45.319087,6.578416,2937.931387,91.8,3.591651,1.3,9.9
1742914586.799000,45.319068,6.578543,2939.963394,111.0,2.439944,1.3,10.0
1742914589.799000,45.319045,6.578673,2937.941532,102.0,3.509995,1.3,10.0
1742914593.799000,45.319000,6.578811,2935.662281,107.1,2.982095,1.3,9.9
1742914598.798000,45.319038,6.578955,2936.382374,48.0,2.529932,1.3,9.9
1742914604.798000,45.319110,6.579038,2935.847605,335.3,0.716653,1.3,9.9
1742914635.799000,45.319250,6.578986,2931.662703,337.0,7.309701,1.3,3.8
1742914637.799000,45.319388,6.578834,2926.388140,309.0,11.688910,1.3,3.8
1742914638.799000,45.319432,6.578707,2923.334523,290.0,11.349926,1.3,3.8
1742914639.798000,45.319459,6.578564,2922.269388,280.0,11.839851,1.3,3.8
1742914640.799000,45.319501,6.578448,2920.937689,304.9,10.181742,1.3,3.8
1742914642.798000,45.319622,6.578276,2917.392832,297.0,9.229365,1.3,3.8
1742914644.799000,45.319688,6.578064,2906.354720,306.0,9.170007,1.3,3.8
1742914646.798000,45.319788,6.577906,2903.081896,310.0,8.569970,1.3,3.8
1742914648.799000,45.319827,6.577699,2900.129166,282.0,8.639956,1.3,3.8
1742914650.799000,45.319911,6.577506,2896.569936,293.0,10.019614,1.3,3.8
1742914652.799000,45.319907,6.577285,2890.609785,267.0,8.353169,1.3,3.8
1742914654.799000,45.319991,6.577172,2886.195576,343.0,6.339130,1.3,3.8
1742914656.798000,45.320028,6.577014,2885.828544,256.0,6.859813,1.3,3.8
1742914658.799000,45.320033,6.576858,2878.669527,307.0,5.139754,1.3,3.8
1742914660.799000,45.320079,6.576712,2875.885962,289.3,7.463384,1.3,3.8
1742914662.798000,45.320069,6.576543,2873.309655,258.0,5.140658,1.3,3.8
1742914664.797000,45.320060,6.576400,2865.165884,267.0,7.092290,1.3,3.8
1742914666.799000,45.320087,6.576194,2859.881277,270.4,8.388319,1.3,3.8
1742914668.799000,45.320179,6.576061,2852.832797,327.1,9.580686,1.3,3.8
1742914670.799000,45.320274,6.575909,2846.256213,285.3,8.809102,1.3,3.8
1742914672.798000,45.320382,6.575848,2841.375054,7.9,6.211078,1.3,3.8
1742914675.799000,45.320493,6.575902,2834.974137,28.9,4.478697,1.3,3.8
1742914677.799000,45.320595,6.575872,2832.652727,330.8,5.865135,1.3,3.8
1742914679.799000,45.320660,6.575755,2826.357482,317.8,5.128709,1.3,3.8
1742914681.798000,45.320805,6.575828,2820.909363,1.2,7.434440,1.3,3.8
1742914683.799000,45.320967,6.575852,2813.686929,353.0,9.148770,1.3,3.8
1742914685.799000,45.321083,6.575905,2806.336239,27.0,4.493147,1.3,3.8
1742914687.799000,45.321191,6.575938,2800.953760,7.0,7.997100,1.3,3.8
1742914689.799000,45.321276,6.576028,2795.514831,63.0,4.501335,1.3,3.8
1742914691.798000,45.321345,6.576169,2790.960743,50.3,7.116651,1.3,3.8
1742914693.799000,45.321489,6.576239,2787.141934,355.0,9.607512,1.3,3.8
1742914695.798000,45.321590,6.576313,2777.906920,44.8,3.567067,1.3,3.8
1742914698.799000,45.321725,6.576422,2771.497800,19.1,7.262285,1.3,3.8
1742914700.799000,45.321806,6.576571,2764.626704,82.0,7.230182,1.3,6.2
1742914702.799000,45.321889,6.576712,2759.938910,25.4,8.553230,1.3,7.9
1742914704.799000,45.321970,6.576878,2753.301800,105.0,7.153899,1.3,9.9
1742914706.799000,45.322022,6.577033,2747.054412,36.0,9.425837,1.3,9.9
1742914708.799000,45.322105,6.577230,2738.900314,60.0,8.758494,1.3,9.9
1742914710.798000,45.322231,6.577377,2734.354385,54.6,10.056017,1.3,9.9
1742914711.799000,45.322266,6.577499,2731.591120,76.3,10.335349,1.3,9.9
1742914713.799000,45.322361,6.577636,2724.867171,357.4,6.066308,1.3,9.9
1742914716.798000,45.322458,6.577596,2722.007668,16.7,5.792018,1.3,9.9
1742914718.799000,45.322552,6.577680,2717.825827,43.6,6.527164,1.3,9.9
1742914723.799000,45.322636,6.577778,2717.220029,11.0,5.409618,1.3,9.9
1742914725.798000,45.322759,6.577841,2713.568051,33.0,8.229685,1.3,9.9
1742914727.799000,45.322881,6.577976,2708.181192,32.0,9.397322,1.3,9.9
1742914729.798000,45.323046,6.578071,2693.746752,12.5,10.532435,1.3,10.0
1742914731.799000,45.323188,6.578008,2689.443402,340.0,7.749746,1.3,10.0
1742914733.798000,45.323372,6.578030,2682.441692,357.1,10.082026,1.3,10.0
1742914735.799000,45.323522,6.577924,2674.099151,340.0,8.468699,1.3,9.9
1742914737.798000,45.323680,6.577894,2666.023254,343.3,10.038022,1.3,9.9
1742914739.798000,45.323788,6.577724,2661.031949,309.0,9.679803,1.3,9.9
1742914741.798000,45.323948,6.577661,2650.225493,7.0,9.939774,1.3,9.9
1742914743.799000,45.324080,6.577566,2649.843733,295.0,7.919042,1.3,9.9
1742914745.797000,45.324166,6.577423,2645.137695,344.0,7.618547,1.3,9.9
1742914747.799000,45.324259,6.577430,2642.687136,9.0,4.139995,1.3,9.9
1742914749.799000,45.324349,6.577450,2638.596375,358.0,6.620221,1.3,9.9
1742914751.798000,45.324442,6.577368,2633.860552,311.0,4.210556,1.3,9.9
1742914754.799000,45.324564,6.577353,2630.020483,37.0,3.130873,1.3,9.9
1742914757.799000,45.324682,6.577408,2618.280795,330.0,4.090215,1.3,9.9
1742914763.798000,45.324784,6.577474,2610.575840,47.0,4.969361,1.3,9.9
1742914765.797000,45.324910,6.577527,2606.592071,3.2,9.096296,1.3,9.9
1742914767.798000,45.325080,6.577595,2596.038509,13.7,10.262490,1.3,9.9
1742914768.798000,45.325174,6.577624,2592.353720,8.5,10.771591,1.3,9.9
1742914770.798000,45.325286,6.577807,2584.623047,68.7,9.642981,1.3,9.9
1742914771.797000,45.325340,6.577911,2582.496412,32.4,10.216812,1.3,9.9
1742914772.797000,45.325424,6.577961,2579.374010,8.5,9.413198,1.3,9.9
1742914773.798000,45.325517,6.577996,2577.976336,24.5,11.273540,1.3,9.9
1742914774.798000,45.325594,6.578083,2572.114450,45.0,9.968596,1.3,9.9
1742914776.798000,45.325691,6.578292,2568.997561,53.8,9.518282,1.3,10.0
1742914778.798000,45.325853,6.578388,2563.323138,20.2,11.290188,1.3,10.0
1742914779.798000,45.325928,6.578473,2561.495211,54.2,11.614096,1.3,10.0
1742914780.798000,45.325969,6.578622,2554.561586,72.0,12.971592,1.3,9.9
1742914781.798000,45.326015,6.578759,2549.736369,49.4,11.477219,1.3,9.9
1742914782.797000,45.326113,6.578844,2546.189999,24.2,14.275991,1.3,9.9
1742914783.798000,45.326234,6.578912,2539.966309,24.1,13.933093,1.4,9.9
1742914784.797000,45.326389,6.578936,2531.804863,9.6,16.014206,1.3,9.9
1742914785.797000,45.326550,6.578956,2525.086967,8.7,16.821192,1.4,10.0
1742914786.798000,45.326713,6.578988,2521.691059,8.8,17.130095,2.0,10.1
1742914787.797000,45.326892,6.579013,2516.240070,6.9,18.359318,1.8,10.2
1742914788.798000,45.327078,6.579022,2507.966121,2.2,19.114164,1.3,10.3
1742914789.798000,45.327256,6.579058,2503.927176,7.8,19.531687,1.4,10.4
1742914790.798000,45.327428,6.579131,2496.936025,19.2,19.418356,1.3,10.5
1742914791.798000,45.327587,6.579232,2493.059890,24.5,18.959568,1.3,10.5
1742914792.798000,45.327737,6.579306,2488.855675,12.2,17.229082,1.3,10.5
1742914793.798000,45.327877,6.579309,2486.951581,348.4,14.993503,1.3,10.5
1742914794.798000,45.328000,6.579274,2486.208428,347.1,13.907825,1.3,10.4
1742914795.797000,45.328124,6.579272,2483.796551,8.0,14.413538,1.3,10.4
1742914796.798000,45.328251,6.579353,2480.325672,33.2,15.560764,1.3,10.3
1742914797.798000,45.328374,6.579465,2476.359928,28.5,15.860969,1.3,10.2
1742914798.797000,45.328513,6.579550,2474.035384,18.2,16.705402,1.3,10.1
1742914799.798000,45.328666,6.579620,2466.431974,17.5,17.447491,1.3,10.1
1742914800.798000,45.328826,6.579704,2456.203427,21.5,18.487234,1.4,10.0
1742914801.798000,45.328975,6.579825,2452.116883,33.1,18.843203,1.3,10.0
1742914802.797000,45.329115,6.579963,2446.101970,33.7,18.877386,1.3,10.0
1742914803.798000,45.329260,6.580098,2442.476739,32.9,19.073662,1.3,10.1
1742914804.797000,45.329405,6.580240,2437.919882,34.5,19.008656,1.3,10.2
1742914805.798000,45.329550,6.580372,2436.473539,31.6,18.545395,1.3,10.2
1742914806.797000,45.329691,6.580495,2435.869029,32.0,17.575340,1.3,10.2
1742914807.797000,45.329817,6.580617,2440.022520,36.4,15.943895,1.3,10.2
1742914808.797000,45.329925,6.580742,2435.034289,40.6,15.079086,1.3,10.3
1742914809.796000,45.330023,6.580863,2438.149752,40.0,13.765560,1.3,10.2
1742914810.797000,45.330118,6.580969,2438.446923,36.2,13.090262,1.3,10.2
1742914811.797000,45.330215,6.581064,2439.104024,33.2,13.210173,1.4,10.2
1742914812.797000,45.330320,6.581163,2438.208884,32.0,13.625275,1.3,10.1
1742914813.797000,45.330425,6.581256,2435.855865,30.0,12.909764,1.3,10.1
1742914814.797000,45.330525,6.581338,2434.918757,29.6,12.862726,1.3,10.1
1742914815.798000,45.330625,6.581410,2434.156968,21.0,12.252597,1.3,10.0
1742914816.798000,45.330728,6.581463,2432.340764,6.9,11.889910,1.4,9.9
1742914817.797000,45.330835,6.581504,2429.980661,1.1,11.962234,1.4,9.9
1742914818.798000,45.330943,6.581544,2429.271315,354.6,12.230706,1.4,9.9
1742914819.797000,45.331054,6.581586,2426.640984,353.7,12.557910,1.4,9.9
1742914820.796000,45.331167,6.581628,2423.876897,350.7,12.698558,1.3,9.9
1742914821.798000,45.331281,6.581663,2421.339371,345.5,12.730227,1.3,9.9
1742914822.798000,45.331395,6.581703,2420.246740,356.9,12.489261,1.3,9.9
1742914823.797000,45.331510,6.581750,2417.753158,2.2,12.575794,1.3,9.9
1742914824.798000,45.331626,6.581792,2414.544311,4.8,12.602431,1.3,9.9
1742914825.797000,45.331741,6.581823,2413.241440,5.4,12.504529,1.3,9.9
1742914826.798000,45.331853,6.581848,2411.869982,4.8,12.352554,1.3,9.9
1742914827.797000,45.331962,6.581865,2410.057314,3.4,11.978601,1.3,9.9
1742914828.798000,45.332066,6.581872,2408.734680,0.7,11.593946,1.3,9.9
1742914829.797000,45.332166,6.581869,2408.452360,357.9,11.186781,1.3,9.9
1742914830.798000,45.332260,6.581859,2407.956806,349.3,10.571931,1.3,9.9
1742914831.797000,45.332350,6.581848,2407.678695,345.3,10.211392,1.3,9.9
1742914833.798000,45.332512,6.581820,2413.530401,337.8,9.179547,1.4,9.9
1742914835.797000,45.332658,6.581795,2414.218506,341.1,8.439384,1.4,9.9
1742914837.798000,45.332800,6.581781,2413.284637,343.4,7.955988,1.3,9.9
1742914839.798000,45.332934,6.581755,2406.392566,335.4,7.557888,1.3,9.9
1742914841.798000,45.333055,6.581705,2405.397010,340.1,6.831097,1.3,9.9
1742914843.797000,45.333178,6.581686,2404.744348,339.0,6.884910,1.3,9.9
1742914845.797000,45.333298,6.581637,2398.296836,325.5,6.945930,1.3,9.9
1742914847.797000,45.333428,6.581588,2397.303559,338.6,7.293423,1.3,9.9
1742914849.798000,45.333568,6.581547,2399.189561,331.0,7.819936,1.3,9.9
1742914851.797000,45.333708,6.581478,2397.951203,333.0,8.016318,1.3,9.9
1742914853.798000,45.333858,6.581418,2396.442322,334.7,8.299315,1.3,9.9
1742914855.797000,45.334010,6.581377,2394.280308,8.8,8.106450,1.3,9.9
1742914857.798000,45.334156,6.581431,2391.997413,24.3,8.254664,1.3,9.9
1742914859.798000,45.334240,6.581513,2394.346184,82.6,4.256889,1.3,9.9
1742914862.798000,45.334347,6.581514,2394.411819,351.0,7.584094,1.3,9.9
1742914864.797000,45.334514,6.581465,2391.724789,347.9,10.231960,1.4,9.9
1742914865.798000,45.334611,6.581471,2386.685677,12.6,10.404380,1.3,9.9
1742914866.798000,45.334696,6.581533,2382.670166,36.5,10.119816,1.3,9.9
1742914867.797000,45.334767,6.581616,2380.935177,39.6,9.396243,1.4,9.9
1742914868.797000,45.334842,6.581686,2379.529617,27.5,10.578275,1.5,9.9
1742914869.797000,45.334928,6.581739,2376.970627,26.7,10.329925,1.6,9.9
1742914870.797000,45.335013,6.581792,2373.518118,23.9,10.224062,1.7,9.9
1742914871.798000,45.335107,6.581819,2366.506865,16.2,10.353415,1.4,9.9
1742914872.798000,45.335204,6.581840,2364.592737,11.5,10.639894,1.4,9.9
1742914873.798000,45.335308,6.581882,2360.369083,18.4,12.591668,1.3,9.9
1742914874.798000,45.335432,6.581911,2354.461586,5.7,14.329112,1.3,9.9
1742914875.796000,45.335556,6.581955,2351.592312,22.2,14.307691,1.3,9.9
1742914876.797000,45.335682,6.582025,2345.269614,15.3,15.235279,1.3,9.9
1742914877.797000,45.335814,6.582084,2342.123007,19.5,15.319053,1.3,9.9
1742914878.797000,45.335933,6.582147,2341.918517,20.7,12.989049,1.3,9.9
1742914879.797000,45.336041,6.582178,2339.488979,1.4,12.488727,1.3,9.9
1742914880.797000,45.336144,6.582172,2339.429054,357.2,10.393360,1.3,9.9
1742914882.798000,45.336294,6.582084,2341.693357,328.9,9.010748,1.3,9.9
1742914884.798000,45.336407,6.581989,2345.962981,334.8,6.885734,1.3,9.9
1742914887.797000,45.336477,6.581899,2349.169717,341.3,2.678365,1.3,9.9
1742914894.797000,45.336564,6.581983,2347.708509,20.0,3.609319,1.3,9.9
1742914896.798000,45.336662,6.581956,2345.553658,336.0,7.278955,1.5,9.9
1742914898.798000,45.336808,6.581861,2339.565425,344.0,10.219526,1.6,9.9
1742914900.797000,45.336936,6.581869,2335.865816,25.9,4.383543,1.4,9.9
1742914902.798000,45.337022,6.581934,2333.093345,2.1,7.132436,1.4,9.9
1742914904.797000,45.337135,6.581958,2333.486629,56.6,6.249935,1.3,9.9
1742914906.798000,45.337210,6.582083,2327.771429,3.1,6.546001,1.3,9.9
1742914908.798000,45.337316,6.582087,2325.158293,32.0,7.368276,1.3,9.9
1742914910.797000,45.337426,6.582213,2320.414914,23.4,7.785956,1.3,9.9
1742914912.798000,45.337509,6.582365,2314.856056,79.8,8.826106,1.3,9.9
1742914914.798000,45.337614,6.582483,2308.733481,35.9,7.474678,1.3,9.9
1742914916.798000,45.337650,6.582614,2305.513083,128.1,4.449784,1.3,10.1
1742914918.796000,45.337589,6.582722,2301.802804,93.8,5.911637,1.3,10.1
1742914920.797000,45.337642,6.582840,2296.859645,62.0,3.658160,1.3,10.1
1742914922.798000,45.337660,6.583001,2293.235718,87.9,6.957555,1.3,9.9
1742914924.798000,45.337714,6.583125,2288.414117,33.0,5.339952,1.3,9.9
1742914926.798000,45.337749,6.583262,2285.290092,81.7,5.813178,1.3,10.0
1742914928.797000,45.337750,6.583427,2281.185325,64.1,6.221202,1.3,9.9
1742914930.798000,45.337805,6.583604,2276.772069,59.0,7.890322,1.3,9.9
1742914932.798000,45.337875,6.583776,2273.799971,58.0,7.619309,1.3,10.0
1742914934.797000,45.337886,6.583972,2270.878216,93.0,7.501867,1.3,10.0
1742914939.798000,45.337897,6.584156,2268.049097,89.0,5.319372,1.4,9.9
1742914941.797000,45.337918,6.584318,2264.418100,69.0,7.189621,1.3,9.9
1742914943.798000,45.337990,6.584470,2261.882854,55.0,8.499834,1.3,9.9
1742914945.798000,45.338100,6.584644,2257.841788,37.0,8.950111,1.3,9.9
1742914947.796000,45.338198,6.584744,2256.080170,51.0,8.129478,1.4,9.9
1742914949.798000,45.338307,6.584871,2252.357664,28.0,7.140303,1.3,9.9
1742914951.798000,45.338429,6.585006,2249.202203,34.3,8.667244,1.3,9.9
1742914953.797000,45.338547,6.585100,2248.849314,34.0,7.589530,1.8,9.9
1742914955.797000,45.338671,6.585206,2242.741150,26.8,7.348016,1.5,9.9
1742914958.798000,45.338789,6.585247,2239.599806,22.0,5.532237,1.3,9.9
1742914960.798000,45.338900,6.585289,2240.426986,2.0,7.009815,1.3,9.9
1742914967.798000,45.339012,6.585304,2238.730443,17.0,3.729353,1.3,9.9
1742914970.797000,45.339134,6.585380,2235.797766,26.1,6.108010,1.3,9.9
1742914972.798000,45.339263,6.585471,2233.366587,27.0,8.417895,1.4,9.9
1742914974.797000,45.339410,6.585580,2228.780315,12.1,9.186540,1.3,9.9
1742914976.798000,45.339546,6.585674,2229.700255,28.0,8.527831,1.3,9.9
1742914978.797000,45.339677,6.585806,2224.781872,16.0,9.228548,1.3,9.9
1742914980.798000,45.339826,6.585913,2220.582193,18.0,9.029994,1.3,9.9
1742914982.798000,45.339973,6.586027,2218.656822,21.0,8.960370,1.4,9.9
1742914984.797000,45.340117,6.586126,2214.939875,24.0,9.029575,2.0,9.9
1742914986.798000,45.340272,6.586185,2216.447621,32.0,9.588375,1.4,9.9
1742914988.798000,45.340431,6.586225,2208.399763,356.1,9.547305,1.4,9.9
1742914990.797000,45.340595,6.586282,2205.139098,6.0,9.489660,1.3,9.9
1742914992.797000,45.340747,6.586219,2203.733686,331.0,7.710303,1.3,9.9
1742914994.798000,45.340862,6.586202,2200.254182,24.9,6.239063,1.3,9.9
1742915007.798000,45.340850,6.586336,2200.758992,76.4,4.559079,1.3,9.9
1742915009.798000,45.340895,6.586464,2198.927411,62.4,5.794133,1.3,9.9
1742915011.797000,45.340982,6.586580,2195.889466,65.3,6.708400,1.3,9.9
1742915013.798000,45.340953,6.586729,2193.915088,119.8,4.265847,1.3,9.9
1742915016.797000,45.340968,6.586915,2194.139137,75.8,6.028634,1.3,9.9
1742915018.798000,45.341065,6.587101,2186.944170,53.9,10.015603,1.5,9.9
1742915019.797000,45.341123,6.587204,2182.838120,54.0,9.677866,1.8,9.9
1742915020.797000,45.341143,6.587368,2176.436699,81.5,11.593367,1.6,9.9
1742915021.797000,45.341137,6.587556,2173.340882,92.7,13.714293,1.6,9.9
1742915022.797000,45.341135,6.587751,2169.691199,86.7,14.643393,1.3,9.9
1742915023.798000,45.341148,6.587948,2169.540289,82.1,15.118914,1.3,9.9
1742915024.797000,45.341169,6.588143,2165.907090,78.1,15.044613,1.3,9.9
1742915025.798000,45.341196,6.588334,2162.466989,77.0,14.431062,1.3,9.9
1742915026.798000,45.341225,6.588511,2160.596348,74.2,13.591643,1.3,9.9
1742915027.798000,45.341260,6.588673,2159.722383,70.3,12.780357,1.3,9.9
1742915028.798000,45.341298,6.588818,2158.549067,69.1,11.395158,1.3,9.9
1742915029.797000,45.341338,6.588944,2158.549067,60.3,10.934551,1.3,9.9
1742915030.797000,45.341387,6.589057,2157.370139,56.1,9.947186,1.3,9.9
1742915032.798000,45.341460,6.589258,2160.793845,75.1,8.075521,1.3,9.9
1742915034.798000,45.341471,6.589454,2159.439396,94.9,7.771083,1.3,9.9
1742915036.798000,45.341447,6.589652,2156.081572,104.0,8.276883,1.3,9.9
1742915038.798000,45.341409,6.589834,2155.939563,108.9,7.071303,1.3,9.9
1742915042.797000,45.341331,6.589916,2156.695943,109.5,1.210976,1.3,9.9
1742915142.798000,45.341272,6.590029,2161.361915,130.1,0.523123,1.5,11.5
1742915147.798000,45.341222,6.590190,2158.088895,86.9,1.623865,1.5,12.4
1742915149.796000,45.341157,6.590346,2157.436011,120.0,2.766772,1.5,11.5
1742915151.797000,45.341071,6.590473,2157.177573,127.4,3.101675,1.4,11.0
1742915153.798000,45.340994,6.590581,2157.540845,137.6,3.810258,1.4,10.4
1742915155.798000,45.340922,6.590666,2158.773237,148.9,3.357728,1.4,9.1
1742915158.798000,45.340840,6.590801,2165.371078,130.1,3.619728,1.5,5.8
1742915161.798000,45.340759,6.590925,2163.502782,131.0,3.841250,1.5,3.8
1742915164.798000,45.340683,6.591037,2165.463283,132.2,3.928345,1.6,3.8
1742915167.798000,45.340611,6.591151,2171.600098,133.0,3.889854,1.5,3.8
1742915170.797000,45.340539,6.591267,2173.500244,133.9,4.197070,1.5,3.8
1742915173.797000,45.340467,6.591377,2171.600098,133.4,3.862821,1.6,3.8
1742915176.797000,45.340389,6.591476,2171.600098,147.0,3.866756,1.6,3.8
1742915179.797000,45.340316,6.591583,2175.994240,143.3,3.845672,1.6,3.9
1742915182.798000,45.340248,6.591697,2179.068721,136.7,3.833315,1.6,4.1
1742915185.796000,45.340180,6.591819,2184.566164,131.4,3.866311,1.8,4.1
1742915188.797000,45.340114,6.591938,2187.226940,131.0,3.899422,1.7,3.9
1742915191.798000,45.340045,6.592049,2189.855809,133.0,3.824855,1.7,3.8
1742915194.797000,45.339980,6.592158,2191.209062,134.5,3.675621,1.8,3.8
1742915197.798000,45.339909,6.592264,2196.854175,132.0,3.859962,1.9,3.8
1742915200.798000,45.339834,6.592369,2198.104143,132.5,3.820212,1.9,3.8
1742915203.798000,45.339761,6.592475,2200.662969,133.9,3.811211,1.8,3.8
1742915206.797000,45.339688,6.592581,2204.983176,135.6,3.793053,1.8,3.8
1742915209.798000,45.339615,6.592686,2207.920179,135.0,3.783108,1.8,3.8
1742915212.798000,45.339544,6.592788,2211.007985,135.1,3.749319,1.8,3.8
1742915215.798000,45.339473,6.592892,2216.940679,135.0,3.775642,1.9,3.8
1742915218.798000,45.339403,6.593000,2222.078651,134.7,3.745383,1.8,3.8
1742915221.798000,45.339332,6.593106,2224.911662,134.3,3.740852,1.9,3.8
1742915224.798000,45.339261,6.593210,2230.698907,135.2,3.731943,2.1,3.8
1742915227.797000,45.339190,6.593314,2235.428456,134.9,3.691294,2.2,3.8
1742915230.798000,45.339120,6.593414,2239.092032,134.8,3.693877,2.1,3.8
1742915233.798000,45.339050,6.593517,2242.452776,134.3,3.816291,1.5,3.8
1742915236.797000,45.338979,6.593626,2246.517308,133.3,3.603366,1.3,3.8
1742915239.798000,45.338912,6.593733,2251.120555,133.9,3.602711,1.4,3.8
1742915242.797000,45.338847,6.593834,2256.505219,133.8,3.572726,1.4,3.8
1742915245.798000,45.338782,6.593929,2267.855748,133.1,3.415565,1.4,3.8
1742915248.798000,45.338716,6.594028,2271.649560,132.4,3.731557,1.3,3.8
1742915251.798000,45.338646,6.594129,2276.991210,133.0,3.569870,1.4,3.8
1742915254.798000,45.338581,6.594229,2281.087838,132.9,3.545769,1.5,3.8
1742915257.798000,45.338518,6.594329,2289.521710,132.8,3.618336,1.4,3.8
1742915260.798000,45.338452,6.594428,2291.637618,132.3,3.592244,1.5,3.8
1742915263.798000,45.338386,6.594528,2297.736787,132.2,3.517297,1.5,3.8
1742915266.798000,45.338316,6.594636,2302.016393,132.9,3.855892,1.4,3.8
1742915269.798000,45.338247,6.594740,2306.388317,132.8,3.809244,1.3,3.8
1742915272.798000,45.338179,6.594844,2311.106194,132.0,3.719293,1.3,3.8
1742915275.798000,45.338112,6.594948,2317.696777,133.0,3.699889,1.3,3.8
1742915278.798000,45.338044,6.595056,2321.015698,133.0,3.719944,1.3,3.8
1742915281.798000,45.337978,6.595161,2326.203318,133.0,3.649907,1.3,3.8
1742915284.798000,45.337912,6.595264,2331.656737,132.0,3.650020,1.3,3.8
1742915287.798000,45.337845,6.595369,2334.994385,132.0,3.879171,1.3,3.8
1742915290.797000,45.337778,6.595472,2338.444769,132.0,3.749325,1.3,3.8
1742915293.798000,45.337709,6.595577,2342.367188,133.0,3.729794,1.3,3.8
1742915296.796000,45.337640,6.595684,2347.089012,132.0,3.740058,1.3,3.8
1742915299.797000,45.337575,6.595789,2352.337678,133.0,3.699944,1.3,3.8
1742915302.796000,45.337510,6.595896,2356.471537,133.0,3.695972,1.3,3.8
1742915305.798000,45.337444,6.596003,2361.383842,133.0,3.692112,1.3,3.8
1742915308.798000,45.337378,6.596104,2365.999751,133.0,3.615383,1.3,3.8
1742915311.797000,45.337312,6.596206,2370.692512,133.1,3.830453,1.3,3.8
1742915314.796000,45.337242,6.596312,2374.170768,133.2,3.720922,1.3,3.8
1742915317.797000,45.337174,6.596417,2376.943860,133.7,3.720807,1.3,3.8
1742915320.797000,45.337105,6.596523,2380.796143,133.0,3.769913,1.3,3.8
1742915323.798000,45.337036,6.596628,2386.895590,133.2,3.716904,1.3,3.8
1742915326.798000,45.336968,6.596731,2389.269043,134.0,3.677701,1.3,3.8
1742915329.798000,45.336901,6.596834,2393.828094,134.0,3.741837,1.3,3.8
1742915332.798000,45.336834,6.596938,2399.347570,134.0,3.672402,1.4,3.8
1742915335.798000,45.336767,6.597040,2402.589111,134.0,3.657764,1.3,3.8
1742915338.798000,45.336700,6.597149,2407.504446,134.0,3.927032,1.3,3.8
1742915341.797000,45.336631,6.597255,2410.848960,134.0,3.743559,1.3,3.8
1742915344.797000,45.336562,6.597360,2418.175341,133.1,3.734447,1.3,3.8
1742915347.798000,45.336493,6.597470,2419.141119,133.0,3.762217,1.3,3.8
1742915350.797000,45.336424,6.597574,2423.634852,133.7,3.726054,1.3,3.8
1742915353.798000,45.336354,6.597677,2429.738254,133.8,3.724888,1.3,3.8
1742915356.797000,45.336287,6.597781,2434.558174,133.3,3.721730,1.3,3.8
1742915359.798000,45.336221,6.597885,2439.504817,133.9,3.673939,1.3,3.8
1742915362.798000,45.336155,6.597987,2443.589765,133.9,3.641093,1.3,3.8
1742915365.798000,45.336087,6.598092,2448.356470,133.8,3.779766,1.3,3.8
1742915368.798000,45.336018,6.598201,2452.104100,133.2,3.668499,1.3,3.8
1742915371.798000,45.335951,6.598305,2455.732231,133.9,3.698728,1.3,3.8
1742915374.797000,45.335883,6.598408,2460.218683,133.9,3.719541,1.3,3.8
1742915377.798000,45.335813,6.598508,2465.030964,134.0,3.639209,1.3,3.8
1742915380.798000,45.335748,6.598611,2470.263360,132.3,3.569359,1.3,3.8
1742915383.798000,45.335685,6.598711,2475.690803,133.0,3.664075,1.3,3.8
1742915386.798000,45.335620,6.598812,2480.371950,133.0,3.534516,1.3,3.8
1742915389.797000,45.335554,6.598913,2484.647810,132.9,3.686603,1.4,3.8
1742915392.798000,45.335486,6.599016,2494.909620,131.0,3.583505,1.6,3.8
1742915395.798000,45.335424,6.599113,2496.553140,132.0,3.460024,1.3,3.8
1742915398.798000,45.335360,6.599212,2505.965362,132.6,3.501548,1.3,3.8
1742915401.798000,45.335298,6.599316,2511.143314,127.7,3.480705,1.3,3.8
1742915404.798000,45.335239,6.599424,2516.502740,101.0,3.302258,1.3,3.8
1742915407.798000,45.335177,6.599523,2520.263338,133.0,3.472645,1.3,3.8
1742915410.798000,45.335103,6.599616,2527.830383,132.0,3.450391,1.3,3.8
1742915413.798000,45.335039,6.599713,2534.876527,131.0,3.548059,1.3,3.8
1742915416.798000,45.334972,6.599806,2538.277033,132.0,3.520119,1.3,3.8
1742915419.797000,45.334906,6.599904,2544.373868,132.0,3.547354,1.3,3.8
1742915422.798000,45.334841,6.600002,2549.817347,132.9,3.481811,1.3,3.8
1742915425.797000,45.334776,6.600098,2557.002914,133.9,3.504533,1.3,3.8
1742915428.798000,45.334710,6.600194,2562.729708,134.0,3.477579,1.3,3.8
1742915431.798000,45.334644,6.600292,2570.344311,135.0,3.624332,1.3,3.8
1742915434.798000,45.334577,6.600390,2575.444907,135.0,3.589098,1.3,3.8
1742915437.797000,45.334510,6.600491,2581.010337,135.0,3.567735,1.3,3.8
1742915440.797000,45.334444,6.600589,2585.628767,135.0,3.514120,1.3,3.8
1742915443.797000,45.334379,6.600689,2591.270904,135.0,3.556973,1.4,3.8
1742915446.797000,45.334314,6.600789,2597.557942,135.0,3.520373,1.3,3.8
1742915449.798000,45.334250,6.600889,2603.692662,135.0,3.453811,1.4,3.8
1742915452.798000,45.334188,6.600989,2610.129856,135.0,3.613922,1.4,3.8
1742915455.797000,45.334121,6.601092,2615.456640,135.0,3.527298,1.3,3.8
1742915458.797000,45.334056,6.601193,2620.528929,135.0,3.546262,1.3,3.8
1742915461.798000,45.333990,6.601294,2625.516830,135.0,3.572481,1.3,3.8
1742915464.797000,45.333924,6.601394,2633.247227,135.0,3.542860,1.3,3.8
1742915467.797000,45.333863,6.601492,2638.129781,135.0,3.496061,1.3,3.8
1742915470.798000,45.333802,6.601593,2643.707703,135.0,3.576006,1.3,3.8
1742915473.797000,45.333741,6.601693,2648.656089,135.0,3.490301,1.3,3.8
1742915476.798000,45.333680,6.601791,2655.842227,135.0,3.480509,1.3,3.8
1742915479.798000,45.333619,6.601889,2663.122721,135.0,3.529594,1.4,3.8
1742915482.798000,45.333554,6.601994,2668.472893,135.0,3.481155,1.5,3.8
1742915485.797000,45.333490,6.602096,2671.398499,135.0,3.560285,1.3,3.8
1742915488.797000,45.333425,6.602197,2677.624772,135.0,3.589998,1.4,3.8
1742915491.797000,45.333358,6.602303,2681.560368,134.0,4.149589,1.3,3.8
1742915494.798000,45.333296,6.602410,2692.376622,134.0,3.530027,1.3,3.8
1742915497.798000,45.333232,6.602514,2696.797409,132.0,3.529964,1.3,3.8
1742915505.217000,45.333074,6.602756,2682.596680,132.0,3.459948,2.5,83.8
1742915508.798000,45.332978,6.602872,2689.680908,132.7,3.751875,2.9,5.2
1742915511.798000,45.332903,6.602984,2696.120064,132.0,3.590247,2.1,4.5
1742915514.798000,45.332843,6.603089,2704.198538,133.0,3.620102,1.6,3.8
1742915517.798000,45.332780,6.603192,2709.188798,132.0,3.580062,1.5,3.8
1742915520.797000,45.332720,6.603316,2715.466286,123.7,3.408443,1.5,3.3
1742915524.554000,45.332634,6.603411,2720.727494,143.8,3.819366,1.5,4.2
1742915527.552000,45.332571,6.603526,2726.057392,134.8,3.690521,1.5,5.4
1742915530.798000,45.332501,6.603645,2734.823324,124.9,3.374765,1.5,5.0
1742915533.798000,45.332439,6.603745,2739.267962,125.5,3.354020,1.4,3.7
1742915536.798000,45.332372,6.603843,2744.907259,128.1,3.316114,1.4,3.2
1742915539.798000,45.332305,6.603938,2749.936792,130.1,3.332793,1.4,3.1
1742915542.798000,45.332237,6.604034,2755.671672,130.3,3.339197,1.4,3.1
1742915545.798000,45.332171,6.604134,2760.560873,130.4,3.336875,1.4,3.1
1742915549.798000,45.332088,6.604254,2768.227337,132.0,3.499965,1.3,3.3
1742915552.798000,45.332024,6.604352,2773.938891,132.0,3.520053,1.3,3.7
1742915555.797000,45.331959,6.604448,2779.079838,134.5,3.430451,1.3,3.8
1742915558.798000,45.331896,6.604551,2787.052711,133.0,3.440212,1.3,3.8
1742915561.798000,45.331832,6.604653,2793.371449,133.0,3.470081,1.3,3.8
1742915564.798000,45.331770,6.604752,2799.405894,132.0,3.429989,1.3,3.8
1742915567.798000,45.331710,6.604849,2805.109406,132.0,3.440031,1.3,3.8
1742915570.797000,45.331649,6.604944,2811.664816,132.0,3.410054,1.3,3.8
1742915573.798000,45.331589,6.605042,2818.924972,132.0,3.399958,1.3,3.8
1742915576.798000,45.331532,6.605145,2823.858311,125.4,3.180928,1.3,3.8
1742915579.737000,45.331442,6.605173,2826.627552,167.5,3.150698,1.3,3.4
1742915582.798000,45.331386,6.605296,2837.316556,139.7,3.203619,1.3,3.2
1742915585.798000,45.331333,6.605429,2842.229522,127.4,3.312949,1.3,3.0
1742915588.798000,45.331272,6.605547,2847.999121,127.1,3.396082,1.3,3.0
1742915591.798000,45.331207,6.605650,2853.914571,128.9,3.358387,1.3,3.0
1742915594.798000,45.331140,6.605750,2859.594949,131.1,3.392417,1.3,3.0
1742915597.798000,45.331073,6.605849,2865.815647,132.0,3.359765,1.3,3.0
1742915601.798000,45.330994,6.605969,2872.033540,132.0,3.469989,1.3,3.5
1742915604.798000,45.330930,6.606069,2877.475743,133.0,3.510043,1.3,3.8
1742915607.797000,45.330866,6.606166,2883.976368,132.0,3.410055,1.3,3.8
1742915610.798000,45.330801,6.606264,2889.488423,132.0,3.430099,1.3,3.8
1742915613.798000,45.330738,6.606362,2897.243868,133.0,3.440037,1.3,3.8
1742915616.796000,45.330675,6.606455,2903.342661,130.0,3.101038,1.3,3.8
1742915619.798000,45.330610,6.606547,2909.020428,133.0,3.380184,1.3,3.8
1742915622.798000,45.330540,6.606646,2915.151800,133.0,3.510861,1.3,3.8
1742915625.798000,45.330476,6.606741,2921.379272,132.0,3.539948,1.3,3.8
1742915628.798000,45.330409,6.606837,2926.674896,132.0,3.520307,1.3,3.8
1742915631.797000,45.330343,6.606935,2932.555432,132.0,3.479944,1.3,3.8
1742915634.798000,45.330280,6.607032,2937.810010,133.0,3.592624,1.3,3.8
1742915637.797000,45.330216,6.607129,2944.871398,133.0,3.579233,1.3,3.8
1742915640.798000,45.330153,6.607224,2951.398127,132.0,3.439999,1.3,3.8
1742915643.798000,45.330085,6.607320,2955.646345,133.0,3.540664,1.3,3.8
1742915646.798000,45.330019,6.607423,2960.919872,133.0,3.440017,1.3,3.8
1742915649.798000,45.329949,6.607526,2965.211409,136.0,3.730001,1.3,3.8
1742915652.797000,45.329887,6.607631,2971.523171,133.0,3.590001,1.3,3.8
1742915655.798000,45.329825,6.607736,2975.220279,132.1,3.599652,1.3,3.8
1742915658.798000,45.329760,6.607845,2981.736325,132.0,3.692533,1.3,3.8
1742915661.797000,45.329691,6.607948,2986.395810,137.8,3.831756,1.3,3.8
1742915664.798000,45.329617,6.608061,2986.073590,132.9,3.964152,1.3,3.8
1742915667.798000,45.329543,6.608171,2985.075445,132.0,3.850418,1.3,3.8
1742915670.797000,45.329469,6.608280,2983.764445,132.0,3.940287,1.3,3.8
1742915673.797000,45.329397,6.608394,2981.868533,132.0,4.069246,1.3,3.8
1742915676.798000,45.329324,6.608510,2979.545232,133.0,3.970156,1.3,3.8
1742915679.798000,45.329252,6.608627,2978.878862,132.0,4.039649,1.3,3.8
1742915682.797000,45.329181,6.608746,2977.521023,132.0,3.989971,1.3,3.8
1742915685.798000,45.329110,6.608857,2976.827982,132.0,3.950058,1.3,3.8
1742915688.798000,45.329034,6.608967,2975.710142,133.0,3.960042,1.3,3.8
1742915691.797000,45.328958,6.609078,2974.191619,132.0,4.068723,1.3,3.8
1742915694.798000,45.328883,6.609190,2973.958780,131.1,3.721310,1.3,3.8
1742915697.798000,45.328812,6.609300,2973.113641,132.0,3.999882,1.3,3.8
1742915700.798000,45.328743,6.609409,2973.244738,131.0,3.814306,1.3,3.8
1742915703.798000,45.328670,6.609513,2972.178357,130.1,3.967047,1.3,3.8
1742915706.797000,45.328601,6.609620,2972.181243,131.9,3.557276,1.3,3.8
1742915711.798000,45.328530,6.609714,2971.684290,132.8,1.304420,1.3,3.8
1742915727.797000,45.328458,6.609793,2970.361539,134.5,1.229439,1.3,4.8
1742915779.798000,45.328414,6.609680,2965.947416,249.8,1.026836,1.3,3.1
1742915811.855000,45.328474,6.609583,2964.843222,338.3,0.220717,1.3,3.6
1742915827.797000,45.328650,6.609387,2959.520448,329.9,1.609262,1.3,5.9
1742915828.798000,45.328815,6.609193,2959.262809,19.5,0.312435,1.3,5.7
1742915841.224000,45.328875,6.609115,2960.554199,360.0,0.519800,3.5,4.3
1742915851.771000,45.328954,6.609020,2957.601650,303.0,2.248458,1.6,4.1
1742915853.796000,45.329040,6.608920,2955.654270,321.4,5.095205,1.5,4.0
1742915855.796000,45.329165,6.608829,2954.186885,336.4,6.929043,1.5,4.2
1742915857.797000,45.329267,6.608779,2951.656316,337.1,4.881988,1.5,3.8
1742915860.797000,45.329387,6.608700,2950.690029,328.9,4.999210,1.5,3.8
1742915862.797000,45.329475,6.608626,2949.206056,348.3,5.082410,1.5,3.8
1742915864.797000,45.329564,6.608568,2948.990967,358.9,5.293358,1.5,3.8
1742915866.797000,45.329662,6.608532,2947.670463,8.2,5.622441,1.4,3.8
1742915868.797000,45.329761,6.608473,2946.444393,7.8,5.762361,1.4,3.8
1742915870.797000,45.329829,6.608386,2945.218149,13.2,4.876062,1.4,3.8
1742915872.797000,45.329887,6.608285,2944.622803,11.8,4.906077,1.4,3.8
1742915874.797000,45.329947,6.608166,2942.959644,10.0,5.372225,1.4,3.8
1742915876.795000,45.329995,6.608025,2941.054162,42.9,4.980074,1.4,3.8
1742915878.796000,45.330071,6.607909,2938.347332,37.9,5.823805,1.4,3.8
1742915880.796000,45.330150,6.607788,2934.704195,32.1,5.971985,1.3,3.8
1742915882.797000,45.330198,6.607644,2932.211120,294.1,4.963045,1.3,3.8
1742915884.797000,45.330286,6.607531,2929.960669,326.2,6.983593,1.3,3.8
1742915886.796000,45.330338,6.607386,2926.220218,294.0,7.186909,1.3,3.8
1742915888.797000,45.330372,6.607213,2921.640816,280.1,7.168435,1.3,3.8
1742915890.796000,45.330362,6.607039,2916.896155,255.2,6.140769,1.3,3.8
1742915894.795000,45.330334,6.606898,2913.138210,267.4,1.838002,1.3,3.8
1742915898.797000,45.330273,6.606771,2910.908256,231.0,5.837057,1.3,3.8
1742915900.796000,45.330188,6.606647,2907.939355,217.1,7.181868,1.3,3.8
1742915902.796000,45.330104,6.606580,2905.063743,206.1,4.448477,1.3,3.8
1742915905.796000,45.329993,6.606493,2901.344770,209.3,4.634667,1.3,7.5
1742915907.796000,45.329913,6.606423,2899.428943,207.9,4.972121,1.3,8.9
1742915909.797000,45.329824,6.606335,2897.578235,211.3,5.916386,1.3,9.9
1742915911.797000,45.329741,6.606243,2894.619566,221.5,5.534305,1.3,9.9
1742915913.797000,45.329664,6.606140,2892.531575,221.6,5.646711,1.3,9.9
1742915915.797000,45.329582,6.606022,2890.526432,224.1,6.578028,1.3,9.9
1742915917.796000,45.329483,6.605909,2886.880315,217.7,6.479654,1.3,9.9
1742915919.797000,45.329421,6.605805,2884.997065,229.8,5.751272,1.3,9.9
1742915921.796000,45.329343,6.605672,2881.536417,228.9,6.646403,1.3,9.9
1742915923.797000,45.329262,6.605545,2877.998088,229.3,6.502602,1.3,9.9
1742915925.797000,45.329176,6.605426,2874.621643,225.6,6.690182,1.3,9.9
1742915927.797000,45.329083,6.605316,2872.211266,220.5,7.091252,1.3,9.9
1742915929.797000,45.328993,6.605220,2869.836953,233.5,5.829569,1.3,9.9
1742915931.797000,45.328920,6.605106,2865.991457,238.6,6.288924,1.3,9.9
1742915933.797000,45.328844,6.604961,2861.728236,268.9,6.528489,1.3,9.9
1742915935.796000,45.328806,6.604800,2859.091773,274.2,6.494756,1.3,9.9
1742915938.797000,45.328746,6.604690,2858.458039,262.4,1.737783,1.3,9.9
1742915958.796000,45.328717,6.604700,2858.640258,-1.0,0.000000,1.4,4.0
1742915958.796000,45.328717,6.604700,2858.640258,-1.0,0.000000,1.4,4.0
1742916019.797000,45.328836,6.604722,2853.339003,45.6,1.443039,1.3,5.7
1742916024.273000,45.328929,6.604731,2853.223393,23.7,1.371714,1.3,5.7
1742916031.796000,45.329052,6.604863,2852.439641,6.9,1.602506,1.3,5.1
1742916033.797000,45.329142,6.604889,2850.352913,31.3,3.357029,1.3,5.4
1742916035.796000,45.329303,6.604964,2846.280723,32.7,6.194246,1.3,7.5
1742916037.796000,45.329476,6.605002,2842.786137,25.4,7.151186,1.3,9.9
1742916038.796000,45.329565,6.605019,2841.372810,19.9,7.834071,1.3,9.9
1742916040.797000,45.329729,6.605014,2837.837938,4.6,7.845705,1.3,10.0
1742916042.796000,45.329877,6.604989,2836.165558,357.0,7.402133,1.3,10.0
1742916044.797000,45.329990,6.604954,2834.477121,2.8,6.132513,1.3,9.9
1742916047.797000,45.330111,6.604954,2831.941817,23.6,3.796564,1.3,9.9
1742916063.209000,45.330269,6.605009,2834.595947,3.0,3.422165,3.8,4.5
1742916065.796000,45.330394,6.605009,2831.789307,6.7,4.636000,1.8,4.1
1742916068.797000,45.330506,6.605025,2829.665647,351.1,3.264004,1.6,3.8
1742916072.031000,45.330604,6.605057,2826.174377,8.9,4.271185,1.6,4.5
1742916073.797000,45.330653,6.604947,2823.693630,313.3,3.500578,1.5,4.6
1742916076.469000,45.330705,6.604838,2821.555039,311.4,3.820597,1.5,5.2
1742916079.184000,45.330792,6.604775,2817.425567,281.1,4.051157,1.5,5.1
1742916081.796000,45.330776,6.604642,2814.452630,256.4,4.121027,1.5,3.7
1742916084.725000,45.330828,6.604536,2811.313881,276.4,3.405874,1.5,3.2
1742916089.796000,45.330796,6.604412,2809.614890,263.9,1.781797,1.4,3.4
1742916096.797000,45.330754,6.604289,2809.049995,238.0,1.970016,1.4,3.8
1742916101.796000,45.330706,6.604174,2808.502028,235.0,1.980650,1.4,3.8
1742916106.796000,45.330658,6.604060,2807.823385,240.0,2.379992,1.3,3.8
1742916111.796000,45.330598,6.603921,2806.812218,238.0,2.897646,1.3,3.8
1742916114.797000,45.330556,6.603794,2805.397336,253.0,3.877720,1.3,3.8
1742916117.797000,45.330498,6.603666,2804.327548,233.0,4.010336,1.3,3.8
1742916120.796000,45.330432,6.603542,2803.643940,232.0,4.000983,1.3,3.8
1742916123.796000,45.330380,6.603416,2802.945149,232.0,3.849770,1.3,3.8
1742916126.797000,45.330312,6.603308,2802.187646,207.0,3.699158,1.3,3.8
1742916129.797000,45.330233,6.603203,2801.268701,210.0,4.189340,1.3,3.8
1742916131.797000,45.330182,6.603094,2800.213958,217.9,5.048555,1.3,3.8
1742916133.796000,45.330102,6.603001,2799.219771,218.0,6.119991,1.3,3.8
1742916135.796000,45.330015,6.602902,2796.608199,220.0,6.590002,1.3,3.8
1742916137.796000,45.329933,6.602822,2794.912764,204.0,3.920064,1.3,3.8
1742916139.797000,45.329864,6.602714,2793.148961,223.0,5.630001,1.3,3.8
1742916142.797000,45.329770,6.602615,2790.489845,224.0,5.369565,1.3,3.8
1742916144.796000,45.329678,6.602571,2788.724365,188.0,5.899959,1.3,3.8
1742916146.796000,45.329593,6.602483,2787.561885,232.0,7.099925,1.3,3.8
1742916148.795000,45.329510,6.602396,2784.586290,218.0,5.320051,1.3,3.8
1742916150.796000,45.329430,6.602302,2782.714824,197.0,5.459985,1.3,3.8
1742916152.796000,45.329346,6.602218,2781.408538,228.0,6.509767,1.3,3.8
1742916155.795000,45.329235,6.602103,2778.034408,224.9,6.034183,1.3,3.8
1742916158.796000,45.329141,6.601992,2774.612453,235.5,5.256714,1.3,3.8
1742916160.796000,45.329076,6.601880,2771.147763,215.3,4.867928,1.3,3.8
1742916162.795000,45.329020,6.601758,2768.970535,244.8,5.991245,1.3,3.8
1742916165.796000,45.328956,6.601661,2765.242304,235.0,5.609842,1.3,3.8
1742916167.795000,45.328892,6.601568,2761.656253,218.0,4.160358,1.3,3.8
1742916170.796000,45.328883,6.601375,2756.418443,265.1,5.358747,1.3,3.8
1742916173.796000,45.328799,6.601222,2751.532213,251.5,6.323138,1.3,3.8
1742916175.794000,45.328715,6.601149,2746.294344,197.0,4.924549,1.3,3.8
1742916177.796000,45.328692,6.601015,2743.682038,262.2,5.990948,1.3,3.8
1742916181.795000,45.328606,6.600870,2738.622546,229.1,5.068761,1.3,3.8
1742916183.796000,45.328536,6.600733,2733.830876,202.2,4.614833,1.3,3.8
1742916186.796000,45.328445,6.600633,2729.763364,206.1,3.478298,1.3,3.8
1742916188.796000,45.328420,6.600503,2726.752650,259.3,5.568314,1.3,3.8
1742916190.796000,45.328355,6.600379,2721.902433,212.3,5.933466,1.3,3.8
1742916192.796000,45.328331,6.600226,2716.862528,282.9,5.630342,1.3,3.8
1742916195.796000,45.328258,6.600106,2712.396351,217.0,4.720935,1.3,3.8
1742916198.795000,45.328246,6.599910,2706.923429,254.4,6.136260,1.3,3.8
1742916201.795000,45.328211,6.599762,2701.465768,258.9,2.733670,1.3,3.8
1742916204.796000,45.328233,6.599603,2697.197424,310.6,4.801159,1.3,3.8
1742916207.796000,45.328310,6.599524,2690.167499,294.9,5.676932,1.3,3.8
1742916210.795000,45.328402,6.599434,2685.392366,1.9,3.511417,1.3,3.8
1742916213.795000,45.328441,6.599302,2682.124746,286.6,3.927970,1.3,3.8
1742916217.795000,45.328554,6.599258,2676.424313,350.0,5.948944,1.3,3.8
1742916220.796000,45.328668,6.599196,2670.679221,291.0,5.437064,1.3,3.8
1742916222.796000,45.328741,6.599118,2666.140802,346.9,5.268115,1.3,3.8
1742916225.796000,45.328858,6.599047,2661.722402,294.0,7.038564,1.3,3.8
1742916228.795000,45.328974,6.598988,2655.274706,300.1,6.162658,1.3,3.8
1742916230.796000,45.329038,6.598889,2652.325534,354.9,6.531904,1.3,3.8
1742916232.796000,45.329137,6.598858,2647.684615,314.0,6.228763,1.3,3.8
1742916234.796000,45.329203,6.598761,2644.567242,334.0,5.968716,1.3,3.8
1742916236.796000,45.329297,6.598699,2641.570419,317.6,5.563300,1.3,3.8
1742916238.795000,45.329380,6.598608,2639.537220,355.0,5.809790,1.3,3.8
1742916240.794000,45.329474,6.598516,2636.889824,308.0,7.309834,1.3,3.8
1742916242.794000,45.329566,6.598489,2635.052728,1.0,4.551883,1.3,3.8
1742916244.795000,45.329660,6.598385,2630.119932,320.0,7.949872,1.3,3.8
1742916246.795000,45.329791,6.598270,2625.166102,329.0,9.159644,1.3,3.8
1742916248.795000,45.329945,6.598168,2619.887275,326.1,9.576041,1.3,3.8
1742916250.796000,45.330083,6.598039,2613.245211,323.0,9.030770,1.3,3.8
1742916252.796000,45.330234,6.597921,2605.447134,322.3,10.106581,1.3,3.8
1742916254.796000,45.330393,6.597940,2598.137728,18.0,8.480808,1.3,3.8
1742916256.796000,45.330484,6.597858,2593.409443,293.0,6.309968,1.3,3.8
1742916258.796000,45.330595,6.597801,2590.887598,11.0,7.889092,1.3,3.8
1742916260.796000,45.330726,6.597846,2587.412294,10.1,7.306421,1.3,3.8
1742916262.796000,45.330820,6.597747,2584.956549,303.0,6.780013,1.3,3.8
1742916264.794000,45.330927,6.597710,2582.344477,346.0,6.229982,1.3,5.8
1742916267.796000,45.331044,6.597653,2580.922639,348.1,5.891170,1.3,9.9
1742916269.796000,45.331167,6.597591,2574.584754,331.1,8.008909,1.3,9.9
1742916271.796000,45.331281,6.597548,2567.403591,15.7,5.359603,1.3,9.9
1742916273.796000,45.331393,6.597483,2562.079236,344.8,7.441241,1.3,9.9
1742916275.795000,45.331519,6.597415,2555.553392,303.1,6.438769,1.3,9.9
1742916277.795000,45.331624,6.597368,2549.692541,27.8,7.099758,1.3,9.9
1742916279.794000,45.331739,6.597321,2542.772020,312.2,8.934727,1.3,9.9
1742916281.795000,45.331861,6.597213,2534.651123,322.3,8.012457,1.3,9.9
1742916283.795000,45.331976,6.597108,2528.614392,300.4,8.220249,1.3,9.9
1742916285.795000,45.332078,6.596942,2523.265273,312.9,8.942786,1.3,9.9
1742916287.796000,45.332071,6.596763,2517.824232,247.0,6.120955,1.3,9.9
1742916289.796000,45.332108,6.596582,2514.177865,303.8,10.688728,1.3,9.9
1742916290.795000,45.332139,6.596458,2511.793786,271.5,9.194461,1.3,9.9
1742916292.796000,45.332169,6.596210,2504.497040,283.0,10.049851,1.3,9.9
1742916294.796000,45.332131,6.596040,2501.913470,245.0,5.770080,1.3,9.9
1742916296.796000,45.332163,6.595900,2501.189308,303.0,6.339978,1.3,9.9
1742916298.796000,45.332177,6.595756,2500.028026,241.0,5.679697,1.3,9.9
1742916300.796000,45.332129,6.595633,2499.594833,258.0,5.749810,1.3,9.9
1742916302.796000,45.332157,6.595464,2498.402378,283.0,7.339798,1.3,9.9
1742916304.796000,45.332143,6.595270,2496.084464,245.0,8.079964,1.3,9.9
1742916306.795000,45.332076,6.595103,2491.696656,270.0,7.508008,1.3,9.9
1742916308.796000,45.332061,6.594901,2486.663931,245.0,9.037490,1.3,9.9
1742916310.796000,45.332033,6.594685,2483.514657,237.1,9.485775,1.3,9.9
1742916312.796000,45.332008,6.594490,2474.274417,238.1,9.344002,1.3,9.9
1742916314.796000,45.331973,6.594291,2468.048974,260.0,7.929307,1.3,9.9
1742916322.796000,45.331921,6.594178,2461.383309,226.0,1.399991,1.3,9.9
1742916337.795000,45.331896,6.594048,2464.611517,284.0,4.573577,1.3,3.8
1742916339.795000,45.331895,6.593903,2459.724094,243.0,5.748802,1.3,3.8
1742916341.796000,45.331834,6.593798,2454.284614,221.0,4.960171,1.3,3.8
1742916344.796000,45.331811,6.593600,2450.097209,275.9,7.573299,1.3,3.8
1742916346.796000,45.331774,6.593439,2445.136944,231.0,5.181837,1.3,3.8
1742916349.795000,45.331680,6.593308,2439.949952,228.6,5.205506,1.3,3.8
1742916352.796000,45.331683,6.593125,2433.886047,246.1,5.266794,1.3,3.8
1742916355.796000,45.331628,6.592993,2426.905525,281.2,4.965129,1.3,3.8
1742916357.796000,45.331663,6.592852,2423.282657,273.4,6.207293,1.3,3.8
1742916359.795000,45.331588,6.592760,2421.277328,202.0,5.360549,1.3,3.8
1742916361.796000,45.331567,6.592635,2416.727511,299.7,4.637808,1.3,3.8
1742916363.796000,45.331590,6.592501,2413.764947,269.6,6.100334,1.3,3.8
1742916365.796000,45.331513,6.592392,2407.230826,226.0,5.510973,1.3,3.8
1742916367.796000,45.331549,6.592257,2402.750248,295.0,5.597670,1.3,3.8
1742916369.795000,45.331498,6.592124,2398.027857,215.0,7.028676,1.3,3.8
1742916371.796000,45.331476,6.591957,2394.546177,296.0,7.538446,1.3,3.8
1742916373.796000,45.331434,6.591789,2390.234042,228.1,6.979940,1.3,3.8
1742916375.796000,45.331431,6.591616,2383.344736,286.5,6.912841,1.3,3.8
1742916377.796000,45.331426,6.591441,2377.724329,230.0,6.769277,1.3,3.8
1742916379.796000,45.331390,6.591281,2373.965956,260.8,6.010906,1.3,3.8
1742916381.795000,45.331438,6.591166,2370.319153,264.6,6.229843,1.3,3.8
1742916384.796000,45.331448,6.591008,2368.117859,305.0,4.000396,1.3,3.8
1742916387.796000,45.331442,6.590835,2365.534034,258.0,5.039877,1.3,3.8
1742916389.795000,45.331428,6.590700,2365.354010,277.0,5.977435,1.3,3.8
1742916391.795000,45.331390,6.590528,2363.435030,233.0,9.306396,1.3,3.8
1742916393.796000,45.331349,6.590297,2357.060431,253.2,10.009545,1.3,3.8
1742916394.795000,45.331325,6.590145,2353.863801,257.9,12.920893,1.3,3.8
1742916395.796000,45.331336,6.589999,2348.836583,284.9,11.451798,1.3,3.8
1742916396.795000,45.331361,6.589859,2345.881958,284.0,10.981138,1.3,5.0
1742916397.796000,45.331351,6.589732,2345.452876,246.1,10.427241,1.3,6.3
1742916398.796000,45.331304,6.589621,2343.526056,235.0,9.680947,1.3,7.5
1742916400.796000,45.331305,6.589406,2340.576200,277.0,8.849957,1.3,8.9
1742916402.796000,45.331274,6.589155,2337.276021,256.0,11.157572,1.3,9.9
1742916403.796000,45.331265,6.589011,2335.176701,272.9,11.887448,1.3,9.9
1742916404.796000,45.331278,6.588851,2330.837160,276.0,13.300098,1.3,9.9
1742916405.796000,45.331284,6.588679,2327.155059,270.1,13.356867,1.3,9.9
1742916406.795000,45.331222,6.588506,2325.610727,237.4,16.603962,1.3,9.9
1742916407.796000,45.331156,6.588322,2317.797330,254.0,14.762535,1.3,9.9
1742916408.796000,45.331145,6.588144,2315.789621,273.0,13.182423,1.3,9.9
1742916409.796000,45.331158,6.587982,2314.752108,277.0,12.492484,1.3,9.9
1742916410.796000,45.331159,6.587827,2313.943248,265.1,12.538520,1.3,9.9
1742916411.796000,45.331135,6.587668,2313.330519,255.0,13.076761,1.3,9.9
1742916412.796000,45.331128,6.587524,2311.802273,280.9,10.395965,1.3,9.9
1742916413.796000,45.331144,6.587393,2310.079373,275.0,10.709574,1.3,9.9
1742916414.796000,45.331134,6.587254,2307.546651,253.0,11.359283,1.3,9.9
1742916415.796000,45.331115,6.587108,2304.872656,267.0,11.798948,1.3,9.9
1742916416.796000,45.331131,6.586961,2304.134196,288.0,11.669489,1.3,9.9
1742916417.796000,45.331169,6.586821,2301.601779,290.0,12.099875,1.3,9.9
1742916418.796000,45.331210,6.586676,2297.403026,292.0,12.419940,1.3,9.9
1742916419.796000,45.331256,6.586529,2295.347474,295.0,12.849926,1.3,9.9
1742916420.795000,45.331308,6.586382,2293.680812,299.0,12.939958,1.3,9.9
1742916421.795000,45.331369,6.586240,2290.200738,301.0,12.959997,1.3,9.9
1742916422.796000,45.331435,6.586102,2286.948813,306.0,12.641269,1.3,9.9
1742916423.795000,45.331515,6.585987,2285.021125,317.9,12.459135,1.3,9.9
1742916424.795000,45.331602,6.585891,2284.574674,323.0,11.720781,1.3,9.9
1742916425.795000,45.331693,6.585810,2285.514329,331.0,11.699831,1.3,9.9
1742916426.795000,45.331786,6.585748,2282.189598,336.0,10.780596,1.3,9.9
1742916427.795000,45.331879,6.585696,2281.840543,336.0,10.907131,1.3,9.9
1742916428.796000,45.331964,6.585644,2281.987117,344.9,10.160351,1.3,9.9
1742916430.796000,45.332112,6.585535,2282.377791,333.0,9.079728,1.3,9.9
1742916432.796000,45.332246,6.585428,2280.355076,332.0,8.533548,1.3,9.9
1742916434.795000,45.332370,6.585331,2279.381868,331.0,7.459322,1.3,9.9
1742916436.796000,45.332474,6.585263,2279.053446,330.1,6.458593,1.3,9.9
1742916438.796000,45.332571,6.585206,2280.307359,334.0,5.500101,1.3,9.9
1742916440.796000,45.332662,6.585153,2279.958389,337.0,5.189958,1.3,9.9
1742916442.796000,45.332757,6.585114,2279.301887,345.0,5.899863,1.3,9.9
1742916444.796000,45.332853,6.585067,2277.508884,330.0,5.520016,1.3,9.9
1742916446.797000,45.332935,6.584972,2277.222569,320.9,5.877753,1.3,9.9
1742916448.797000,45.333009,6.584870,2277.258816,311.0,5.563098,1.3,9.9
1742916450.796000,45.333079,6.584776,2276.052081,316.9,5.526790,1.3,9.9
1742916452.797000,45.333157,6.584678,2275.843991,302.1,5.555520,1.3,9.9
1742916454.797000,45.333231,6.584577,2275.090171,315.0,5.738266,1.3,9.9
1742916456.797000,45.333306,6.584480,2274.551857,307.0,5.580063,1.3,9.9
1742916458.796000,45.333383,6.584400,2273.764810,319.2,5.339287,1.3,9.9
1742916460.796000,45.333460,6.584322,2273.183579,304.2,5.158272,1.3,9.9
1742916463.796000,45.333580,6.584242,2271.288399,310.0,5.007032,1.3,9.9
1742916466.797000,45.333700,6.584181,2271.156472,311.0,4.495299,1.3,9.9
1742916469.797000,45.333814,6.584136,2270.599593,313.0,4.651583,1.3,9.9
1742916471.796000,45.333910,6.584128,2270.308723,348.0,5.116573,1.3,9.9
1742916473.797000,45.334003,6.584109,2271.825717,346.0,4.770130,1.3,9.9
1742916476.797000,45.334134,6.584065,2268.807890,345.0,4.450610,1.3,9.9
1742916479.797000,45.334250,6.584013,2268.271689,344.0,4.729521,1.3,9.9
1742916482.796000,45.334372,6.583973,2267.086411,346.0,4.827211,1.3,9.9
1742916485.796000,45.334503,6.583927,2265.846363,345.0,5.384677,1.3,9.9
1742916487.796000,45.334607,6.583876,2264.844217,351.8,6.522534,1.3,7.5
1742916489.795000,45.334707,6.583854,2268.608000,350.0,5.735169,1.3,5.8
1742916491.797000,45.334806,6.583844,2269.046571,354.0,5.320064,1.3,3.8
1742916493.797000,45.334904,6.583822,2265.312820,352.9,5.446643,1.3,3.8
1742916495.796000,45.335005,6.583811,2265.068255,350.0,5.705157,1.3,3.8
1742916497.796000,45.335109,6.583794,2266.323937,353.0,5.750357,1.3,3.8
1742916499.796000,45.335215,6.583774,2266.165319,348.0,6.293655,1.3,3.8
1742916501.797000,45.335327,6.583754,2264.496575,354.0,6.397353,1.3,3.8
1742916503.796000,45.335444,6.583727,2262.855283,1.0,6.665584,1.3,3.8
1742916505.797000,45.335569,6.583712,2262.659128,3.0,6.788331,1.3,3.8
1742916507.797000,45.335696,6.583709,2260.936462,4.0,7.146003,1.3,3.8
1742916509.797000,45.335824,6.583710,2260.830729,7.1,7.305393,1.3,3.8
1742916511.797000,45.335951,6.583702,2260.763367,3.0,6.922025,1.3,3.8
1742916513.797000,45.336074,6.583678,2259.094286,13.9,6.725527,1.3,3.8
1742916515.796000,45.336193,6.583652,2258.226464,4.0,6.608790,1.3,3.8
1742916517.797000,45.336314,6.583623,2254.684108,14.1,6.714070,1.3,3.8
1742916519.797000,45.336440,6.583599,2253.446388,6.0,6.868787,1.3,3.8
1742916521.797000,45.336556,6.583582,2253.632323,11.0,6.389864,1.3,3.8
1742916523.797000,45.336676,6.583579,2259.697589,28.0,6.392861,1.3,3.8
1742916525.797000,45.336790,6.583623,2258.762203,42.9,6.677490,1.3,3.8
1742916527.797000,45.336887,6.583717,2257.318223,61.9,6.565668,1.3,3.8
1742916529.797000,45.336978,6.583836,2256.479426,64.0,6.827527,1.3,3.8
1742916531.796000,45.337066,6.583964,2255.456000,70.0,6.703408,1.3,3.8
1742916533.796000,45.337156,6.584078,2252.275323,56.0,6.698800,1.3,3.8
1742916535.795000,45.337248,6.584201,2252.485084,49.2,7.341206,1.3,3.8
1742916537.797000,45.337352,6.584317,2250.015376,45.0,7.418016,1.3,3.8
1742916539.797000,45.337462,6.584423,2249.009159,46.0,7.015966,1.3,3.8
1742916541.796000,45.337556,6.584501,2249.057300,45.1,6.041311,1.3,3.8
1742916543.797000,45.337662,6.584579,2244.963460,30.0,6.939867,1.3,3.8
1742916545.797000,45.337767,6.584666,2244.311085,31.0,6.200301,1.3,3.8
1742916547.797000,45.337875,6.584758,2241.380632,32.0,7.080019,1.3,3.8
1742916549.797000,45.337978,6.584850,2240.665098,29.0,6.300034,1.3,6.2
1742916551.797000,45.338066,6.584943,2240.112986,34.0,5.690036,1.3,8.7
1742916553.797000,45.338156,6.585008,2239.823800,24.0,5.689807,1.3,9.9
1742916555.797000,45.338254,6.585072,2240.128338,25.0,5.620646,1.3,9.9
1742916557.797000,45.338343,6.585129,2238.747820,19.0,5.389567,1.3,9.9
1742916559.797000,45.338432,6.585184,2238.838649,23.0,5.175323,1.3,9.9
1742916562.797000,45.338550,6.585228,2238.765937,353.0,4.432288,1.3,9.9
1742916565.797000,45.338660,6.585281,2237.550033,12.1,3.986193,1.3,9.9
1742916568.796000,45.338773,6.585305,2236.252504,10.0,4.100144,1.3,9.9
1742916571.797000,45.338883,6.585316,2236.009678,353.1,3.294676,1.3,10.0
1742916575.797000,45.338980,6.585296,2236.273636,7.0,3.239472,1.3,9.9
1742916578.796000,45.339097,6.585326,2234.342797,13.0,5.299532,1.3,9.9
1742916580.796000,45.339193,6.585376,2232.675918,29.8,6.108734,1.3,9.9
1742916582.797000,45.339318,6.585477,2229.099304,30.0,8.185679,1.3,9.9
1742916584.797000,45.339450,6.585562,2224.955884,29.9,6.861044,1.3,9.9
1742916586.797000,45.339573,6.585667,2222.833399,35.9,8.853127,1.3,9.9
1742916588.797000,45.339702,6.585804,2222.520136,31.0,9.439470,1.3,9.9
1742916590.797000,45.339856,6.585927,2219.029980,26.0,9.959015,1.3,9.9
1742916592.797000,45.340014,6.586037,2213.620905,31.0,10.299709,1.3,9.9
1742916594.797000,45.340180,6.586117,2209.815157,27.0,9.729735,1.3,9.9
1742916596.797000,45.340348,6.586148,2207.740328,8.8,9.432200,1.3,9.9
1742916598.797000,45.340512,6.586187,2205.190739,7.0,9.419470,1.3,9.9
1742916600.797000,45.340637,6.586305,2203.046338,22.0,9.339066,1.3,9.9
1742916601.797000,45.340722,6.586346,2200.464592,17.0,10.879598,1.3,9.9
1742916602.797000,45.340799,6.586414,2197.740073,50.0,10.199716,1.3,9.9
1742916604.797000,45.340858,6.586607,2191.603568,46.0,7.489811,1.3,9.9
1742916606.797000,45.340946,6.586774,2190.312192,61.8,9.236567,1.3,10.0
1742916608.797000,45.341061,6.586951,2186.608150,45.9,10.078049,1.3,10.1
1742916609.797000,45.341117,6.587082,2182.794877,59.5,12.100965,1.3,10.2
1742916610.797000,45.341140,6.587224,2179.788356,80.7,10.175220,1.3,10.6
1742916611.796000,45.341118,6.587350,2177.446130,95.2,9.117105,1.3,10.7
1742916613.796000,45.341110,6.587590,2172.054732,76.0,11.589218,1.3,10.8
1742916614.795000,45.341120,6.587729,2169.563141,95.0,12.169808,1.3,10.7
1742916615.797000,45.341110,6.587880,2164.515467,92.0,12.439874,1.3,10.3
1742916616.797000,45.341117,6.588036,2160.914674,80.0,12.749772,1.3,10.1
1742916617.797000,45.341141,6.588190,2159.316903,74.0,12.240215,1.3,10.1
1742916618.796000,45.341168,6.588339,2156.146501,75.0,11.850146,1.3,10.0
1742916619.797000,45.341193,6.588479,2154.347403,74.0,10.840288,1.3,9.9
1742916620.797000,45.341221,6.588605,2153.125198,71.0,9.950523,1.3,9.9
1742916622.797000,45.341278,6.588812,2155.695228,65.0,7.670114,1.3,9.9
1742916624.797000,45.341340,6.588965,2157.363822,61.0,6.350085,1.3,9.9
1742916626.797000,45.341382,6.589093,2153.910714,72.0,5.080023,1.3,9.9
1742916629.796000,45.341402,6.589281,2154.751063,82.0,4.919997,1.3,9.9
1742916632.797000,45.341322,6.589417,2154.115390,166.6,5.822973,1.3,9.9
1742916634.796000,45.341200,6.589420,2149.894483,173.0,6.834998,1.3,9.9
1742916636.796000,45.341097,6.589426,2148.621485,201.3,5.179523,1.3,9.9
1742916639.797000,45.341034,6.589320,2148.468424,252.9,2.766458,1.3,9.9
1742916650.797000,45.341065,6.589195,2149.269819,294.1,0.646669,1.3,9.9
1742916683.797000,45.341073,6.589065,2150.552439,259.3,3.280664,1.3,10.8
1742916686.797000,45.341089,6.588884,2151.516383,257.3,3.548440,1.3,10.5
1742916688.797000,45.341099,6.588753,2152.197273,275.1,3.678689,1.3,10.0
1742916691.796000,45.341119,6.588579,2157.999009,274.9,3.642081,1.3,9.9
1742916694.796000,45.341124,6.588433,2159.193781,256.9,3.530113,1.3,9.9
1742916697.797000,45.341134,6.588288,2164.515366,282.1,3.744847,1.3,10.0
1742916700.797000,45.341180,6.588140,2167.642673,283.4,3.711749,1.3,10.0
1742916703.797000,45.341198,6.587990,2167.380883,283.8,3.698530,1.3,9.9
1742916706.797000,45.341211,6.587845,2175.394359,281.5,3.737772,1.3,9.9
1742916709.797000,45.341231,6.587700,2178.769452,280.2,3.665166,1.3,9.9
1742916712.796000,45.341246,6.587561,2182.801565,280.4,3.659303,1.3,9.9
1742916715.797000,45.341258,6.587419,2187.035233,280.1,3.726694,1.3,9.9
1742916718.797000,45.341270,6.587276,2186.981557,279.2,3.784287,1.3,9.9
1742916721.796000,45.341280,6.587133,2189.000571,278.0,3.821181,1.3,9.9
1742916724.797000,45.341294,6.586991,2190.793589,277.1,3.767445,1.3,9.9
1742916727.797000,45.341305,6.586849,2195.132790,277.0,3.774468,1.3,9.9
1742916730.797000,45.341314,6.586710,2198.839364,277.0,3.801472,1.3,9.9
1742916733.797000,45.341326,6.586568,2200.849476,275.4,3.754198,1.3,9.9
1742916736.796000,45.341338,6.586423,2202.314962,274.8,3.717925,1.3,9.9
1742916739.797000,45.341358,6.586282,2204.561801,276.2,3.722271,1.3,9.9
1742916742.796000,45.341375,6.586142,2210.236331,275.1,3.819069,1.3,9.9
1742916745.797000,45.341391,6.585996,2212.111218,275.7,3.827534,1.3,9.9
1742916748.797000,45.341406,6.585851,2212.290061,268.2,3.812998,1.3,9.9
1742916751.797000,45.341427,6.585705,2213.725322,273.0,3.402862,1.3,9.9
1742916754.797000,45.341448,6.585563,2214.571073,278.0,3.670135,1.3,9.9
1742916757.797000,45.341468,6.585422,2215.861110,279.0,3.789995,1.3,9.9
1742916760.797000,45.341482,6.585280,2223.672309,270.1,3.750271,1.3,9.9
1742916763.797000,45.341498,6.585139,2227.111446,283.0,3.780070,1.3,9.9
1742916766.797000,45.341520,6.585006,2230.054292,285.0,3.322260,1.3,9.9
1742916769.796000,45.341533,6.584874,2237.193888,286.0,3.441378,1.3,9.9
1742916772.797000,45.341549,6.584744,2246.067917,288.0,3.341347,1.3,9.9
1742916776.796000,45.341570,6.584577,2252.124013,289.0,3.320685,1.3,9.9
1742916780.797000,45.341586,6.584412,2260.927098,289.0,3.390103,1.3,9.9
1742916784.796000,45.341602,6.584246,2264.321892,289.0,3.320231,1.3,9.9
1742916788.797000,45.341619,6.584081,2274.557940,313.8,3.336675,1.3,9.9
1742916792.797000,45.341648,6.583922,2284.977119,280.0,3.209723,1.3,9.9
1742916795.796000,45.341639,6.583786,2291.668407,280.0,3.209677,1.3,9.9
1742916798.797000,45.341652,6.583660,2298.588479,273.8,3.155676,1.3,9.9
1742916802.796000,45.341653,6.583497,2307.630615,255.9,3.120351,1.3,9.9
1742916806.797000,45.341658,6.583346,2315.319824,268.5,3.046433,1.3,9.9
1742916809.796000,45.341685,6.583211,2321.956729,267.7,3.327044,1.3,9.9
1742916812.796000,45.341695,6.583084,2327.734855,264.4,3.356456,1.3,9.9
1742916816.797000,45.341710,6.582919,2335.552453,261.1,3.365122,1.3,9.9
1742916820.796000,45.341726,6.582750,2343.673357,259.3,3.346770,1.3,9.9
1742916823.797000,45.341737,6.582623,2349.612312,258.8,3.314665,1.3,9.9
1742916827.796000,45.341758,6.582467,2355.869747,258.0,2.614000,1.3,9.9
1742916831.797000,45.341775,6.582315,2365.437020,259.0,3.319036,1.3,9.9
1742916835.797000,45.341790,6.582149,2375.903651,260.0,3.259788,1.3,9.9
1742916838.797000,45.341804,6.582020,2381.464762,262.0,3.668432,1.3,9.9
1742916841.797000,45.341818,6.581887,2385.551429,262.0,3.568388,1.3,9.9
1742916844.797000,45.341833,6.581754,2388.684755,262.0,3.469458,1.3,9.9
1742916847.797000,45.341849,6.581620,2396.541982,263.0,3.470315,1.3,9.9
1742916850.797000,45.341865,6.581485,2401.974146,264.0,3.460326,1.3,9.9
1742916853.796000,45.341879,6.581351,2406.047587,265.0,3.460075,1.3,9.9
1742916856.797000,45.341895,6.581221,2412.591014,266.0,3.380368,1.3,9.9
1742916859.797000,45.341909,6.581094,2420.093548,266.0,3.380377,1.3,9.9
1742916862.796000,45.341922,6.580966,2425.883827,267.0,3.439079,1.3,9.9
1742916866.797000,45.341940,6.580799,2432.284922,275.0,3.369882,1.3,9.9
1742916870.796000,45.341966,6.580633,2440.324326,271.0,3.388697,1.3,9.9
1742916873.796000,45.341983,6.580508,2445.398644,278.0,3.358283,1.3,9.9
1742916877.797000,45.342001,6.580349,2460.485341,271.0,2.733968,1.3,9.9
1742916881.797000,45.342018,6.580186,2461.692942,272.0,3.443369,1.3,9.9
1742916884.796000,45.342029,6.580031,2463.901870,271.0,3.780529,1.3,9.9
1742916887.796000,45.342045,6.579878,2464.570690,272.0,3.810750,1.4,9.9
1742916890.796000,45.342064,6.579727,2463.689844,272.0,3.830026,1.3,9.9
1742916893.797000,45.342080,6.579578,2463.877967,271.0,3.841070,1.4,9.9
1742916902.797000,45.342116,6.579430,2465.667802,274.1,3.952575,1.4,10.8
1742916906.797000,45.342176,6.579331,2466.545870,344.9,2.308515,1.4,10.3
1742916910.797000,45.342277,6.579282,2462.542402,360.0,3.362432,1.4,9.9
1742916914.796000,45.342381,6.579324,2460.108336,18.0,2.959593,1.5,9.9
1742916918.796000,45.342485,6.579352,2463.786067,11.8,2.945607,1.5,9.9
1742916922.797000,45.342567,6.579413,2462.389502,14.0,2.309968,1.5,9.9
1742916926.796000,45.342671,6.579442,2463.195489,8.0,3.574376,1.5,9.9
1742916929.797000,45.342788,6.579454,2457.201696,9.9,4.429688,1.6,9.9
1742916932.796000,45.342918,6.579463,2454.700195,354.8,5.270684,1.6,9.9
1742916934.796000,45.343020,6.579456,2454.700195,349.0,5.864422,1.6,9.9
1742916936.797000,45.343139,6.579448,2452.089600,337.1,6.846390,1.6,9.9
1742916938.796000,45.343271,6.579405,2449.793261,358.0,7.690599,1.7,9.9
1742916940.797000,45.343406,6.579373,2446.805774,352.0,7.504968,1.7,9.9
1742916942.797000,45.343538,6.579328,2445.746477,358.0,7.256284,1.7,9.9
1742916946.797000,45.343635,6.579342,2444.539302,283.0,1.719854,1.7,9.9
1742916952.797000,45.343761,6.579327,2440.628188,354.1,4.455273,1.7,9.9
1742916954.797000,45.343849,6.579276,2440.529250,340.7,5.042234,1.7,9.9
1742916956.797000,45.343945,6.579247,2438.045948,321.7,5.389018,1.8,9.9
1742916958.796000,45.344032,6.579185,2435.101340,325.8,5.379534,1.9,9.9
1742916960.797000,45.344130,6.579168,2433.155067,280.3,5.157709,1.8,9.9
1742916963.797000,45.344271,6.579104,2428.872140,340.7,6.636086,1.8,9.9
1742916965.796000,45.344398,6.579132,2426.195303,1.2,6.079842,1.8,9.9
1742916967.796000,45.344514,6.579069,2419.131195,0.9,7.515780,1.8,9.9
1742916969.797000,45.344620,6.579138,2413.549100,356.7,4.676847,1.8,9.9
1742916977.797000,45.344710,6.579128,2411.665195,352.0,1.210108,1.9,9.9
1742916991.797000,45.344838,6.579158,2404.287210,3.3,6.001780,1.4,3.8
1742916994.796000,45.344965,6.579131,2401.539883,348.9,4.628695,1.3,3.8
1742916996.797000,45.345083,6.579131,2397.725392,348.1,6.541356,1.4,3.8
1742916999.796000,45.345215,6.579098,2395.425485,356.8,5.828458,1.4,3.8
1742917001.796000,45.345308,6.579052,2393.370764,326.9,5.201071,1.4,3.8
1742917003.797000,45.345408,6.579032,2391.472892,44.8,5.634240,1.4,3.8
1742917005.796000,45.345486,6.579101,2388.265054,10.6,5.252829,1.4,3.8
1742917007.796000,45.345589,6.579086,2384.809173,16.0,5.879869,1.3,3.8
1742917009.797000,45.345661,6.579167,2382.919025,17.0,5.838981,1.4,3.8
1742917011.797000,45.345781,6.579156,2378.638321,7.0,6.769910,1.4,3.8
1742917013.796000,45.345814,6.579281,2376.144502,93.0,5.290233,1.3,3.8
1742917015.797000,45.345899,6.579325,2372.788086,348.0,6.968236,1.3,3.8
1742917017.797000,45.345990,6.579400,2370.261033,34.7,6.276255,1.4,3.8
1742917020.796000,45.346094,6.579430,2365.130569,16.0,3.708756,1.3,3.8
1742917022.797000,45.346206,6.579466,2361.494983,2.0,6.909996,1.3,3.8
1742917024.797000,45.346297,6.579456,2357.299904,354.0,3.541164,1.4,3.8
1742917027.797000,45.346405,6.579444,2354.769469,345.0,4.919409,1.4,3.8
1742917031.797000,45.346491,6.579402,2350.071671,338.0,1.390017,1.3,3.8
1742917035.797000,45.346585,6.579349,2346.147450,342.9,1.697172,1.3,3.8
1742917050.797000,45.346661,6.579184,2344.683888,307.0,8.970373,1.4,7.5
1742917052.797000,45.346707,6.579007,2338.659272,281.7,8.675209,1.4,8.9
1742917054.797000,45.346753,6.578805,2335.505865,299.1,8.980988,1.4,9.9
1742917056.797000,45.346862,6.578656,2332.426598,311.1,8.210607,1.3,10.0
1742917058.797000,45.347029,6.578780,2326.830489,22.1,8.506355,1.4,10.1
1742917059.797000,45.347118,6.578848,2321.389447,13.6,8.811960,1.3,10.1
1742917060.797000,45.347226,6.578859,2318.885061,354.4,10.529723,1.3,10.2
1742917061.797000,45.347343,6.578908,2316.050212,12.7,12.005700,1.3,10.1
1742917062.796000,45.347447,6.578986,2313.827124,26.3,11.366498,1.4,10.1
1742917063.797000,45.347539,6.579072,2312.184459,28.6,10.445592,1.3,10.1
1742917064.796000,45.347627,6.579143,2311.344391,24.0,10.299969,1.3,10.0
1742917065.797000,45.347714,6.579192,2309.456071,18.1,9.963168,1.3,10.0
1742917066.797000,45.347816,6.579189,2308.625329,3.6,10.314517,1.3,9.9
1742917067.797000,45.347884,6.579079,2305.075386,317.1,10.525195,1.3,9.9
1742917068.796000,45.347929,6.578935,2303.217530,310.2,10.585315,1.3,10.0
1742917069.797000,45.347914,6.578779,2302.333850,278.5,10.153310,1.3,10.1
1742917070.796000,45.347905,6.578634,2301.553714,278.0,10.072219,1.3,10.1
1742917073.797000,45.348019,6.578618,2293.557285,8.8,5.617496,1.3,10.2
1742917074.797000,45.348102,6.578706,2290.250765,21.4,7.310980,1.4,10.2
1742917075.797000,45.348211,6.578712,2285.463788,352.3,9.371989,1.4,10.1
1742917076.797000,45.348312,6.578662,2283.429449,342.2,10.355267,1.4,10.1
1742917077.796000,45.348360,6.578498,2279.603672,307.1,11.178819,1.4,10.1
1742917078.796000,45.348394,6.578331,2277.489198,302.7,11.180150,1.4,10.2
1742917080.797000,45.348431,6.578129,2280.315927,305.3,6.834686,1.4,10.2
1742917082.797000,45.348528,6.578012,2282.561214,353.8,9.159896,1.3,10.1
1742917084.797000,45.348694,6.578088,2275.377230,19.9,10.282369,1.3,9.9
1742917086.796000,45.348861,6.578197,2270.543185,9.1,10.829371,1.3,10.0
1742917087.796000,45.348959,6.578221,2269.203793,8.1,10.847364,1.3,10.0
1742917088.797000,45.349035,6.578122,2264.857721,335.9,10.246056,1.3,10.1
1742917090.797000,45.349205,6.578044,2261.613171,352.2,10.686438,1.3,10.2
1742917091.796000,45.349263,6.578164,2258.016460,46.3,10.943550,1.3,10.2
1742917092.797000,45.349314,6.578293,2255.071265,51.6,11.252854,1.3,10.1
1742917093.797000,45.349368,6.578426,2252.282098,58.3,11.782913,1.3,10.1
1742917094.797000,45.349394,6.578573,2249.398039,85.4,11.346225,1.3,10.1
1742917095.797000,45.349395,6.578721,2248.283449,82.8,10.952960,1.3,9.9
1742917096.797000,45.349414,6.578849,2248.614949,79.5,10.649606,1.3,10.0
1742917098.796000,45.349551,6.578939,2244.595586,67.2,9.167423,1.3,10.3
1742917099.797000,45.349599,6.578813,2241.844059,24.4,4.354934,1.3,10.6
1742917100.797000,45.349620,6.578640,2240.003537,312.9,4.236803,1.3,10.6
1742917101.797000,45.349629,6.578436,2239.540678,287.6,6.980671,1.3,10.6
1742917102.797000,45.349661,6.578278,2239.501793,301.9,8.212821,1.3,10.5
1742917103.796000,45.349698,6.578158,2239.641445,303.8,7.862425,1.3,10.3
1742917105.797000,45.349854,6.578026,2234.098827,318.1,8.062052,1.4,10.2
1742917107.797000,45.349957,6.578256,2230.056303,38.0,6.843124,1.3,10.6
1742917108.796000,45.350016,6.578371,2226.772125,38.5,7.752914,1.4,10.7
1742917110.796000,45.350168,6.578385,2219.685201,321.6,9.548557,1.3,10.6
1742917112.797000,45.350308,6.578250,2220.965776,319.5,9.539468,1.4,10.2
1742917114.796000,45.350411,6.578111,2219.082696,311.1,7.785534,1.4,10.0
1742917116.796000,45.350512,6.577997,2217.779362,344.5,8.178720,1.3,9.9
1742917118.797000,45.350658,6.578052,2214.640170,30.2,8.786359,1.3,9.9
1742917120.797000,45.350773,6.578254,2211.456116,45.9,10.417864,1.3,9.9
1742917121.797000,45.350856,6.578340,2204.943650,26.6,12.025335,1.3,9.9
1742917122.797000,45.350969,6.578378,2204.350900,4.5,13.536771,1.3,9.9
1742917123.797000,45.351093,6.578375,2199.954226,355.3,13.382273,1.3,9.9
1742917124.797000,45.351210,6.578355,2197.050868,354.0,12.228673,1.3,9.9
1742917125.797000,45.351315,6.578330,2194.209023,345.2,11.597442,1.3,9.9
1742917126.797000,45.351415,6.578299,2193.602485,352.5,11.196449,1.3,9.9
1742917128.796000,45.351550,6.578378,2192.228484,47.4,8.005113,1.3,9.9
1742917130.796000,45.351678,6.578514,2187.777186,31.9,9.612019,1.3,9.9
1742917132.796000,45.351746,6.578684,2185.496367,57.3,6.546021,1.3,9.9
1742917134.796000,45.351801,6.578812,2184.502202,75.1,4.709096,1.4,9.9
1742917138.796000,45.351806,6.578963,2185.123068,57.3,2.437806,1.4,9.9
1742917141.795000,45.351850,6.579086,2184.863079,67.9,4.613507,1.3,9.9
1742917144.797000,45.351891,6.579211,2181.305215,51.2,2.502716,1.3,9.9
1742917147.797000,45.351969,6.579332,2178.061454,66.8,5.598420,1.3,9.9
1742917167.797000,45.352047,6.579388,2178.645450,-1.0,0.000000,1.4,10.0
1742917167.797000,45.352047,6.579388,2178.645450,-1.0,0.000000,1.4,10.0
1742917176.796000,45.352053,6.579388,2178.090251,4.2,0.462357,1.3,9.9
1742917216.796000,45.352133,6.579484,2174.336714,47.7,6.487110,1.3,9.9
1742917218.797000,45.352217,6.579641,2169.463044,51.1,7.548978,1.3,9.9
1742917220.796000,45.352301,6.579871,2164.141520,60.7,9.495952,1.4,9.9
1742917221.797000,45.352341,6.579997,2160.748990,62.8,9.789082,1.3,9.9
1742917222.796000,45.352384,6.580113,2159.148689,61.8,9.812399,1.3,9.9
1742917224.797000,45.352563,6.580179,2154.364484,349.5,13.062745,1.3,9.9
1742917225.796000,45.352700,6.580139,2152.504722,358.9,14.635719,1.3,9.9
1742917226.796000,45.352815,6.580161,2149.988019,19.9,11.841061,1.3,9.9
1742917228.797000,45.352972,6.580198,2145.158779,6.9,8.500141,1.3,9.9
1742917230.797000,45.353064,6.580270,2144.225840,34.0,8.802673,1.4,9.9
1742917232.797000,45.353228,6.580367,2143.367743,26.9,9.793216,1.3,9.9
1742917234.797000,45.353325,6.580422,2140.703548,14.0,5.379055,1.3,9.9
1742917236.796000,45.353451,6.580497,2139.995212,25.9,8.266895,1.4,9.9
1742917240.797000,45.353534,6.580435,2138.456011,295.7,0.748636,1.3,9.9
1742917249.797000,45.353635,6.580420,2136.230874,16.8,5.964010,1.4,10.2
1742917251.796000,45.353735,6.580499,2133.553647,32.6,6.708277,1.3,10.1
1742917253.796000,45.353870,6.580601,2129.257053,24.0,10.094984,1.3,9.9
1742917254.797000,45.353957,6.580636,2130.158835,1.3,10.097656,1.4,9.9
1742917256.797000,45.354118,6.580534,2126.986118,324.9,9.293316,1.4,9.9
1742917258.797000,45.354241,6.580450,2126.332892,333.2,7.650643,1.3,9.9
1742917260.797000,45.354370,6.580465,2124.938857,13.3,8.632732,1.3,9.9
1742917262.797000,45.354520,6.580470,2122.452408,339.5,8.108634,1.3,9.9
1742917264.796000,45.354640,6.580493,2114.692153,17.9,6.748374,1.3,9.9
1742917266.796000,45.354734,6.580592,2113.022381,42.7,6.218282,1.3,9.9
1742917268.796000,45.354820,6.580714,2110.662773,42.0,6.651958,1.3,10.0
1742917270.797000,45.354915,6.580818,2110.550792,28.0,6.556333,1.3,10.1
1742917272.797000,45.355021,6.580810,2110.399934,355.0,6.475711,1.3,10.1
1742917274.796000,45.355140,6.580816,2108.855458,5.0,6.530899,1.3,10.1
1742917276.796000,45.355247,6.580763,2106.815901,326.2,5.938471,1.3,9.9
1742917278.796000,45.355359,6.580723,2106.174402,351.2,6.732334,1.4,9.9
1742917280.797000,45.355437,6.580636,2101.362100,323.7,4.722601,1.4,9.9
1742917283.797000,45.355561,6.580571,2100.359162,342.8,5.025971,1.4,9.9
1742917285.797000,45.355657,6.580527,2097.887969,344.0,4.997117,1.3,9.9
1742917287.797000,45.355746,6.580506,2097.919278,355.3,5.422867,1.3,9.9
1742917289.796000,45.355855,6.580501,2097.289216,352.1,6.280153,1.3,9.9
1742917291.797000,45.355973,6.580456,2097.952589,342.5,6.639818,1.3,9.9
1742917293.796000,45.356107,6.580383,2097.407061,344.9,8.188930,1.3,9.9
1742917295.796000,45.356250,6.580333,2090.287492,344.4,7.599082,1.4,9.9
1742917297.796000,45.356384,6.580321,2088.830841,14.1,7.176789,1.4,9.9
1742917299.797000,45.356508,6.580386,2087.634343,16.7,7.666409,1.3,9.9
1742917301.797000,45.356643,6.580392,2084.517307,355.0,7.293028,1.3,9.9
1742917303.797000,45.356775,6.580407,2085.268119,5.0,7.429762,1.3,9.9
1742917305.797000,45.356905,6.580419,2084.016361,359.0,7.465728,1.4,9.9
1742917307.797000,45.357036,6.580422,2080.558160,358.0,6.961991,1.4,9.9
1742917309.797000,45.357164,6.580425,2079.089204,1.6,7.222010,1.4,9.9
1742917311.797000,45.357296,6.580425,2077.848851,359.3,7.276824,1.4,9.9
1742917313.797000,45.357432,6.580420,2074.334893,0.3,7.390395,1.4,9.9
1742917315.796000,45.357565,6.580403,2073.305376,353.1,7.488676,1.4,9.9
1742917317.796000,45.357698,6.580381,2072.022953,0.8,7.160254,1.4,9.9
1742917319.797000,45.357830,6.580372,2071.479190,359.0,7.337553,1.4,9.9
1742917321.797000,45.357960,6.580350,2072.118120,338.3,7.268371,1.3,9.9
1742917323.797000,45.358069,6.580291,2070.633970,335.4,6.388417,1.3,9.9
1742917325.796000,45.358189,6.580280,2067.930082,349.9,6.064779,1.3,9.9
1742917327.797000,45.358295,6.580262,2066.451744,342.2,5.917971,1.3,9.9
1742917329.797000,45.358392,6.580239,2063.301217,342.3,5.624977,1.3,9.9
1742917331.797000,45.358493,6.580220,2064.692036,350.2,5.740156,1.3,9.9
1742917333.796000,45.358602,6.580206,2063.092239,355.0,6.257656,1.3,9.9
1742917335.797000,45.358723,6.580189,2064.453674,354.0,6.860011,1.3,9.9
1742917337.797000,45.358851,6.580169,2061.250159,354.0,7.158844,1.3,9.9
1742917339.796000,45.358981,6.580157,2059.676737,358.0,7.257859,1.3,9.9
1742917341.797000,45.359112,6.580156,2058.035327,8.0,7.378242,1.3,9.9
1742917343.797000,45.359247,6.580136,2055.863038,1.0,7.476956,1.3,9.9
1742917345.796000,45.359381,6.580112,2052.079306,359.0,7.296418,1.3,9.9
1742917347.796000,45.359514,6.580081,2051.482153,3.0,7.275078,1.4,9.9
1742917349.796000,45.359638,6.580042,2051.004313,349.0,6.687160,1.4,9.9
1742917351.796000,45.359741,6.579988,2053.634099,342.0,5.856098,1.4,9.9
1742917353.796000,45.359830,6.579936,2052.522758,346.0,5.490202,1.5,9.9
1742917355.796000,45.359930,6.579885,2052.052071,342.0,5.985422,1.4,9.9
1742917357.797000,45.360039,6.579829,2050.285914,339.0,7.029964,1.3,9.9
1742917359.796000,45.360159,6.579764,2050.704910,337.0,7.139986,1.3,9.9
1742917361.797000,45.360279,6.579684,2047.549397,345.0,7.259998,1.3,9.9
1742917363.797000,45.360409,6.579646,2046.154962,337.0,7.599973,1.3,9.9
1742917365.797000,45.360526,6.579542,2044.619155,334.0,7.489999,1.3,9.9
1742917367.797000,45.360660,6.579507,2039.174107,343.0,7.355476,1.3,9.9
1742917369.797000,45.360777,6.579424,2034.732663,334.9,7.293735,1.3,9.9
1742917371.797000,45.360905,6.579373,2033.867186,330.0,7.145383,1.3,9.9
1742917373.796000,45.361020,6.579315,2037.763767,340.7,7.037056,1.3,9.9
1742917375.797000,45.361145,6.579282,2036.551856,306.4,6.455294,1.3,9.9
1742917377.796000,45.361255,6.579218,2035.144964,303.3,6.628718,1.3,9.9
1742917379.797000,45.361360,6.579167,2027.347888,302.9,6.251717,1.3,9.9
1742917381.797000,45.361463,6.579133,2027.010750,328.3,5.445130,1.3,9.9
1742917383.796000,45.361560,6.579132,2033.304542,351.0,5.370457,1.3,8.9
1742917395.209000,45.362043,6.578906,2039.600830,325.0,6.283373,3.6,3.9
1742917396.797000,45.362124,6.578826,2038.936523,321.2,6.463265,2.2,3.8
1742917398.797000,45.362245,6.578756,2036.925505,318.3,7.192470,1.8,3.8
1742917400.797000,45.362334,6.578638,2031.846840,343.0,6.929687,1.6,3.8
1742917402.796000,45.362439,6.578638,2029.441564,339.0,6.133227,1.6,3.8
1742917404.797000,45.362517,6.578512,2028.684300,308.7,6.443429,1.6,3.8
1742917406.797000,45.362603,6.578395,2026.577550,327.5,7.124549,1.5,3.8
1742917408.797000,45.362664,6.578253,2023.430354,310.0,6.429767,1.5,3.8
1742917410.797000,45.362762,6.578215,2021.921461,337.4,6.579398,1.5,3.8
1742917412.797000,45.362848,6.578083,2018.498708,315.7,6.882761,1.5,3.8
1742917414.796000,45.362981,6.578042,2015.375650,1.3,7.895792,1.5,3.8
1742917416.796000,45.363106,6.577998,2011.345366,356.4,6.849634,1.5,3.8
1742917418.797000,45.363222,6.577945,2008.332579,329.7,7.090284,1.5,3.8
1742917420.797000,45.363339,6.577933,2005.105299,9.9,6.993333,1.4,3.8
1742917422.796000,45.363478,6.577903,2001.321140,358.9,7.214781,1.4,3.8
1742917424.797000,45.363586,6.577932,1999.200795,350.8,6.893306,1.4,3.8
1742917426.797000,45.363728,6.577880,1994.835667,353.3,8.551370,1.4,3.8
1742917428.797000,45.363899,6.577932,1991.149144,15.6,9.600418,1.4,3.8
1742917430.797000,45.364050,6.577911,1986.327563,340.4,8.410398,1.4,3.8
1742917432.797000,45.364173,6.578000,1983.269994,46.0,7.929317,1.4,3.8
1742917434.797000,45.364312,6.578047,1979.877752,350.8,8.386413,1.3,3.8
1742917436.797000,45.364458,6.578084,1975.944489,31.8,8.117872,1.3,3.8
1742917438.796000,45.364590,6.578135,1974.313443,349.0,7.838858,1.3,3.8
1742917440.797000,45.364732,6.578111,1970.559941,18.6,8.334794,1.3,3.8
1742917442.797000,45.364870,6.578168,1967.694124,359.2,8.718218,1.3,3.8
1742917444.797000,45.365034,6.578162,1962.940986,357.5,8.819820,1.3,4.1
1742917446.796000,45.365192,6.578135,1958.499515,5.0,8.736504,1.3,4.1
1742917448.797000,45.365312,6.578044,1955.131032,305.6,6.681237,1.3,4.0
1742917450.797000,45.365404,6.577988,1954.369536,14.4,4.361013,1.3,3.8
1742917453.797000,45.365534,6.577956,1951.723768,333.9,6.023564,1.3,3.8
1742917455.796000,45.365654,6.577900,1950.023458,355.9,7.471846,1.3,3.8
1742917457.795000,45.365784,6.577898,1946.965393,340.5,7.030787,1.3,3.8
1742917459.797000,45.365906,6.577872,1945.080028,355.7,6.875324,1.3,6.2
1742917461.796000,45.366007,6.577866,1942.885604,12.7,6.549761,1.3,7.9
1742917463.797000,45.366121,6.577879,1941.427547,359.1,6.623547,1.3,9.9
1742917465.797000,45.366238,6.577936,1937.688478,18.6,7.156762,1.3,9.9
1742917467.795000,45.366367,6.577936,1935.655470,1.7,7.711064,1.3,9.9
1742917469.797000,45.366504,6.577956,1932.775284,7.7,7.995285,1.3,9.9
1742917471.797000,45.366643,6.577953,1930.444243,343.7,8.023611,1.3,9.9
1742917473.796000,45.366789,6.577967,1928.874736,358.9,8.007013,1.3,9.9
1742917475.796000,45.366933,6.577916,1927.085893,346.0,8.141973,1.3,9.9
1742917477.797000,45.367073,6.577885,1925.414541,352.0,8.156286,1.3,9.9
1742917479.796000,45.367220,6.577841,1921.480208,352.9,8.201059,1.3,9.9
1742917481.797000,45.367351,6.577882,1919.298255,24.6,7.454540,1.3,9.9
1742917483.797000,45.367498,6.577960,1916.105400,16.5,9.290259,1.3,9.9
1742917485.795000,45.367645,6.577988,1910.855022,12.8,8.432376,1.3,10.0
1742917487.796000,45.367761,6.577994,1906.253631,5.0,6.361668,1.3,10.0
1742917493.797000,45.367853,6.578034,1903.037549,353.2,5.162310,1.3,9.9
1742917495.797000,45.367956,6.578059,1899.957615,6.6,6.197876,1.3,9.9
1742917497.797000,45.368082,6.578052,1896.207859,353.2,6.985461,1.3,10.0
1742917500.796000,45.368176,6.578161,1891.815920,41.9,4.053389,1.3,10.0
1742917503.796000,45.368299,6.578163,1887.737150,47.1,4.766731,1.3,10.0
1742917507.795000,45.368414,6.578242,1881.997543,353.2,6.293195,1.4,9.9
1742917509.797000,45.368529,6.578263,1878.721478,20.0,6.355814,1.4,9.9
1742917512.797000,45.368617,6.578356,1874.394490,66.4,4.925953,1.4,9.9
1742917514.797000,45.368675,6.578486,1872.343675,56.1,6.231961,1.4,9.9
1742917517.795000,45.368735,6.578633,1868.216595,20.7,5.217036,1.3,9.9
1742917520.796000,45.368853,6.578651,1865.599391,19.9,5.815117,1.3,9.9
1742917523.306000,45.368943,6.578621,1862.393820,3.1,4.154107,1.3,11.2
1742917525.797000,45.369051,6.578638,1857.970614,348.9,4.332174,1.3,12.4
1742917528.796000,45.369178,6.578647,1856.043253,349.0,4.994231,1.3,11.2
1742917531.797000,45.369271,6.578554,1853.368935,341.9,5.895260,1.3,9.9
1742917533.796000,45.369364,6.578491,1849.420738,349.2,5.578990,1.3,17.1
1742917535.796000,45.369481,6.578528,1846.975679,5.7,6.861610,1.3,18.1
1742917537.797000,45.369559,6.578456,1842.597136,279.6,4.607128,1.3,9.9
1742917540.796000,45.369674,6.578400,1839.159774,42.0,5.439283,1.3,9.9
1742917542.796000,45.369767,6.578424,1837.310943,328.8,6.738036,1.3,9.9
1742917544.797000,45.369860,6.578305,1833.480357,320.1,6.670934,1.3,9.9
1742917546.797000,45.369958,6.578258,1829.035886,358.2,5.674633,1.3,10.0
1742917548.797000,45.370077,6.578265,1827.009942,318.9,7.041304,1.3,10.0
1742917550.796000,45.370154,6.578147,1822.143632,317.7,6.328464,1.3,10.0
1742917553.797000,45.370274,6.578176,1820.379427,4.5,5.972569,1.3,9.9
1742917555.797000,45.370358,6.578107,1815.894035,324.5,5.362322,1.3,9.9
1742917557.797000,45.370464,6.578048,1813.726973,343.7,6.781956,1.3,9.9
1742917559.797000,45.370568,6.578077,1810.598298,39.1,4.715946,1.3,9.9
1742917561.797000,45.370652,6.578140,1808.919633,346.3,5.601128,1.3,9.9
1742917563.797000,45.370733,6.578068,1806.310326,8.1,4.918681,1.3,9.9
1742917565.797000,45.370827,6.578094,1803.378109,7.7,5.295641,1.3,9.9
1742917567.796000,45.370941,6.578186,1800.517663,31.8,7.346027,1.3,9.9
1742917569.797000,45.371060,6.578176,1797.991900,343.0,6.233034,1.3,9.9
1742917571.796000,45.371159,6.578161,1796.051074,39.6,5.873820,1.3,9.9
1742917574.797000,45.371243,6.578299,1793.703341,28.4,6.329736,1.3,9.9
1742917576.797000,45.371339,6.578279,1788.611931,294.5,4.198437,1.3,9.9
1742917579.796000,45.371427,6.578204,1787.174344,358.0,3.222319,1.3,10.6
1742917582.797000,45.371522,6.578250,1784.395734,15.5,4.763607,1.3,9.5
1742917584.797000,45.371605,6.578324,1782.448128,26.4,4.565300,1.3,8.8
1742917586.797000,45.371712,6.578313,1780.054507,319.9,5.602067,1.3,9.8
1742917588.797000,45.371804,6.578290,1777.463420,353.6,5.033971,1.3,9.9
1742917590.796000,45.371880,6.578223,1774.822957,326.0,5.009750,1.3,10.0
1742917601.796000,45.371965,6.578298,1771.312206,41.0,3.937495,1.4,10.1
1742917604.797000,45.372075,6.578315,1767.858195,344.0,3.750178,1.4,9.9
1742917608.796000,45.372153,6.578463,1765.415304,43.0,5.289834,1.4,9.9
1742917610.797000,45.372210,6.578565,1764.761731,82.0,4.180035,1.4,9.9
1742917613.796000,45.372166,6.578684,1762.616237,98.0,3.689901,1.4,9.9
1742917616.796000,45.372178,6.578894,1760.369535,42.7,6.367019,1.5,9.9
1742917619.797000,45.372077,6.579014,1756.609183,145.3,5.168464,1.5,10.0
1742917621.797000,45.372018,6.579120,1754.429614,151.8,3.772412,1.5,10.2
1742917624.796000,45.371936,6.579252,1750.954321,84.0,4.470129,1.3,10.1
1742917627.797000,45.371854,6.579372,1748.902296,98.0,5.359245,1.4,9.9
1742917630.797000,45.371771,6.579500,1745.869488,165.0,5.230165,1.3,9.9
1742917632.797000,45.371695,6.579593,1743.914002,125.0,6.169706,1.3,9.9
1742917634.797000,45.371604,6.579671,1741.856881,163.6,5.370086,1.3,9.9
1742917654.796000,45.371594,6.579769,1740.300049,55.8,0.000000,4.3,9.9
1742917654.796000,45.371594,6.579769,1740.300049,55.8,0.000000,4.3,9.9
1742917655.796000,45.371598,6.579803,1740.300049,81.3,3.828164,4.3,9.9
1742917658.797000,45.371566,6.579991,1738.337965,115.6,5.804774,5.6,9.9
1742917660.797000,45.371538,6.580144,1735.715418,81.0,6.879671,3.6,9.9
1742917662.796000,45.371545,6.580339,1733.912989,96.0,8.429231,5.7,9.9
1742917664.796000,45.371502,6.580564,1729.773670,105.0,9.050549,5.7,9.9
1742917666.796000,45.371504,6.580761,1726.886442,90.0,6.740655,4.1,9.9
1742917668.797000,45.371446,6.580864,1727.522763,148.0,4.692458,5.7,9.9
1742917672.796000,45.371346,6.580899,1728.955165,135.4,2.136441,5.7,9.9
1742917679.796000,45.371446,6.580909,1728.312081,340.0,2.140581,5.7,9.9
1742917683.797000,45.371531,6.580862,1728.187723,340.0,1.570823,5.9,9.9
1742917688.797000,45.371616,6.580808,1727.055744,334.0,2.361980,5.9,9.9
1742917692.796000,45.371704,6.580772,1726.756576,340.0,2.550723,5.9,9.9
1742917697.796000,45.371802,6.580721,1726.964913,337.0,2.002728,6.0,9.9
1742917702.796000,45.371896,6.580652,1726.495026,331.9,2.390326,5.9,9.9
1742917706.796000,45.372004,6.580619,1727.456975,349.0,2.920364,5.8,9.9
1742917709.797000,45.372100,6.580594,1727.380967,343.0,3.054703,6.2,9.9
1742917712.796000,45.372198,6.580571,1726.613665,351.0,3.286163,6.1,9.9
1742917716.796000,45.372301,6.580544,1726.301175,343.1,2.206014,6.2,9.9
1742917720.796000,45.372390,6.580513,1725.676863,347.0,2.459650,6.2,9.9
1742917724.796000,45.372499,6.580472,1725.676863,349.0,2.171530,6.2,9.9
1742917728.797000,45.372577,6.580408,1725.690199,317.1,1.843973,6.3,9.9
1742917745.796000,45.372540,6.580274,1726.721317,221.0,1.181364,3.7,6.2
1742917761.795000,45.372482,6.580169,1733.037247,211.1,0.973615,1.5,3.8
1742917778.797000,45.372385,6.580055,1739.300049,202.9,3.165559,2.5,3.8
1742917780.796000,45.372289,6.579876,1739.300049,211.7,3.978567,2.7,4.0
1742917783.796000,45.372231,6.579728,1745.422127,227.6,3.732312,1.1,4.1
1742917786.797000,45.372170,6.579619,1753.658303,227.5,3.591079,2.5,3.8
